"Date and Time","NO<sub>2</sub>","PM<sub>2.5</sub>"
"2024-01-03 01:00:00",4.67
"2024-01-03 02:00:00",4.2
"2024-01-03 03:00:00",4.12
"2024-01-03 04:00:00",3.91
"2024-01-03 05:00:00",4.13
"2024-01-03 06:00:00",4.02
"2024-01-03 07:00:00",4.33
"2024-01-03 08:00:00",10.11
"2024-01-03 09:00:00",12.46
"2024-01-03 10:00:00",13.18
"2024-01-03 11:00:00",13.76
"2024-01-03 12:00:00",12.06
"2024-01-03 13:00:00",10.32
"2024-01-03 14:00:00",6.58
"2024-01-03 15:00:00",7.38
"2024-01-03 16:00:00",6.59
"2024-01-03 17:00:00",5.91
"2024-01-03 18:00:00",10.29
"2024-01-03 19:00:00",8.74
"2024-01-03 20:00:00",7.91
"2024-01-03 21:00:00",12.33
"2024-01-03 22:00:00",12.09
"2024-01-03 23:00:00",13.78
"2024-01-04 00:00:00",10.32
"2024-01-04 01:00:00",6.38
"2024-01-04 02:00:00",5.19
"2024-01-04 03:00:00",4.33
"2024-01-04 04:00:00",4.3
"2024-01-04 05:00:00",4.6
"2024-01-04 06:00:00",5.82
"2024-01-04 07:00:00",8.86
"2024-01-04 08:00:00",11.3
"2024-01-04 09:00:00",12.6
"2024-01-04 10:00:00",12.58
"2024-01-04 11:00:00",11.55
"2024-01-04 12:00:00",10.15
"2024-01-04 13:00:00",10.4
"2024-01-04 14:00:00",11.14
"2024-01-04 15:00:00",10.75
"2024-01-04 16:00:00",10.32
"2024-01-04 17:00:00",9.78
"2024-01-04 18:00:00",10.78
"2024-01-04 19:00:00",10.41
"2024-01-04 20:00:00",10.33
"2024-01-04 21:00:00",11.91
"2024-01-04 22:00:00",10.37
"2024-01-04 23:00:00",8.74
"2024-01-05 00:00:00",7.53
"2024-01-05 01:00:00",5.09
"2024-01-05 02:00:00",4.05
"2024-01-05 03:00:00",4.05
"2024-01-05 04:00:00",4.27
"2024-01-05 05:00:00",3.81
"2024-01-05 06:00:00",5.31
"2024-01-05 07:00:00",5.29
"2024-01-05 08:00:00",7.66
"2024-01-05 09:00:00",10.83
"2024-01-05 10:00:00",11.32
"2024-01-05 11:00:00",10.72
"2024-01-05 12:00:00",9.61
"2024-01-05 13:00:00",7.38
"2024-01-05 14:00:00",5
"2024-01-05 15:00:00",4.62
"2024-01-05 16:00:00",5.18
"2024-01-05 17:00:00",6.15
"2024-01-05 18:00:00",6.38
"2024-01-05 19:00:00",10.3
"2024-01-05 20:00:00",11.71
"2024-01-05 21:00:00",10.32
"2024-01-05 22:00:00",9.82
"2024-01-05 23:00:00",8.09
"2024-01-06 00:00:00",7.88
"2024-01-06 01:00:00",5.98
"2024-01-06 02:00:00",4.73
"2024-01-06 03:00:00",4
"2024-01-06 04:00:00",3.4
"2024-01-06 05:00:00",3.57
"2024-01-06 06:00:00",3.62
"2024-01-06 07:00:00",5.09
"2024-01-06 08:00:00",6.07
"2024-01-06 09:00:00",7.57
"2024-01-06 10:00:00",4.48
"2024-01-06 11:00:00",5.17
"2024-01-06 12:00:00",4.18
"2024-01-06 13:00:00",8.78
"2024-01-06 14:00:00",5.8
"2024-01-06 15:00:00",4.57
"2024-01-06 16:00:00",4.33
"2024-01-06 17:00:00",6.58
"2024-01-06 18:00:00",9.45
"2024-01-06 19:00:00",5.19
"2024-01-06 20:00:00",5.74
"2024-01-06 21:00:00",5.42
"2024-01-06 22:00:00",5.18
"2024-01-06 23:00:00",4.48
"2024-01-07 00:00:00",4.03
"2024-01-07 01:00:00",3.83
"2024-01-07 02:00:00",3.35
"2024-01-07 03:00:00",3.13
"2024-01-07 04:00:00",3.04
"2024-01-07 05:00:00",2.85
"2024-01-07 06:00:00",2.44
"2024-01-07 07:00:00",2.55
"2024-01-07 08:00:00",2.8
"2024-01-07 09:00:00",3.24
"2024-01-07 10:00:00",3.54
"2024-01-07 11:00:00",3.55
"2024-01-07 12:00:00",3.16
"2024-01-07 13:00:00",2.97
"2024-01-07 14:00:00",3.3
"2024-01-07 15:00:00",3.5
"2024-01-07 16:00:00",4.02
"2024-01-07 17:00:00",4.15
"2024-01-07 18:00:00",4.78
"2024-01-07 19:00:00",4.77
"2024-01-07 20:00:00",4.25
"2024-01-07 21:00:00",4.03
"2024-01-07 22:00:00",3.53
"2024-01-07 23:00:00",3.96
"2024-01-08 00:00:00",3.56
"2024-01-08 01:00:00",3.2
"2024-01-08 02:00:00",2.62
"2024-01-08 03:00:00",2.77
"2024-01-08 04:00:00",2.59
"2024-01-08 05:00:00",3.98
"2024-01-08 06:00:00",3.55
"2024-01-08 07:00:00",3.43
"2024-01-08 08:00:00",4.82
"2024-01-08 09:00:00",7.17
"2024-01-08 10:00:00",8.17
"2024-01-08 11:00:00",6.47
"2024-01-08 12:00:00",5.11
"2024-01-08 13:00:00",5.18
"2024-01-08 14:00:00",5.32
"2024-01-08 15:00:00",4.53
"2024-01-08 16:00:00",3.84
"2024-01-08 17:00:00",4.66
"2024-01-08 18:00:00",5.82
"2024-01-08 19:00:00",4.58
"2024-01-08 20:00:00",4.07
"2024-01-08 21:00:00",3.77
"2024-01-08 22:00:00",3.14
"2024-01-08 23:00:00",2.66
"2024-01-09 00:00:00",2.18
"2024-01-09 01:00:00",1.75
"2024-01-09 02:00:00",1.68
"2024-01-09 03:00:00",1.59
"2024-01-09 04:00:00",1.47
"2024-01-09 05:00:00",1.36
"2024-01-09 06:00:00",1.6
"2024-01-09 07:00:00",2.15
"2024-01-09 08:00:00",3.21
"2024-01-09 09:00:00",4.15
"2024-01-09 10:00:00",3.54
"2024-01-09 11:00:00",2.98
"2024-01-09 12:00:00",3.08
"2024-01-09 13:00:00",3.29
"2024-01-09 14:00:00",3.8
"2024-01-09 15:00:00",3.75
"2024-01-09 16:00:00",3.77
"2024-01-09 17:00:00",4.27
"2024-01-09 18:00:00",4.71
"2024-01-09 19:00:00",4.46
"2024-01-09 20:00:00",4.1
"2024-01-09 21:00:00",3.22
"2024-01-09 22:00:00",3.3
"2024-01-09 23:00:00",4.16
"2024-01-10 00:00:00",3.19
"2024-01-10 01:00:00",1.93
"2024-01-10 02:00:00",1.72
"2024-01-10 03:00:00",1.64
"2024-01-10 04:00:00",1.55
"2024-01-10 05:00:00",1.48
"2024-01-10 06:00:00",1.65
"2024-01-10 07:00:00",2.01
"2024-01-10 08:00:00",5.07
"2024-01-10 09:00:00",7.02
"2024-01-10 10:00:00",7.43
"2024-01-10 11:00:00",5.09
"2024-01-10 12:00:00",3.52
"2024-01-10 13:00:00",2.82
"2024-01-10 14:00:00",2.69
"2024-01-10 15:00:00",3.07
"2024-01-10 16:00:00",10.15
"2024-01-10 17:00:00",8.82
"2024-01-10 18:00:00",6.35
"2024-01-10 19:00:00",7.12
"2024-01-10 20:00:00",10.75
"2024-01-10 21:00:00",9.95
"2024-01-10 22:00:00",6.45
"2024-01-10 23:00:00",5.61
"2024-01-11 00:00:00",5.32
"2024-01-11 01:00:00",5.31
"2024-01-11 02:00:00",4.6
"2024-01-11 03:00:00",4.2
"2024-01-11 04:00:00",4.28
"2024-01-11 05:00:00",4.37
"2024-01-11 06:00:00",4.63
"2024-01-11 07:00:00",5.2
"2024-01-11 08:00:00",6.67
"2024-01-11 09:00:00",10.89
"2024-01-11 10:00:00",11.92
"2024-01-11 11:00:00",9.99
"2024-01-11 12:00:00",7.92
"2024-01-11 13:00:00",7.16
"2024-01-11 14:00:00",7.79
"2024-01-11 15:00:00",9.1
"2024-01-11 16:00:00",10.68
"2024-01-11 17:00:00",11.53
"2024-01-11 18:00:00",15.98
"2024-01-11 19:00:00",19.04
"2024-01-11 20:00:00",16.35
"2024-01-11 21:00:00",14.69
"2024-01-11 22:00:00",11.67
"2024-01-11 23:00:00",10.87
"2024-01-12 00:00:00",8.48
"2024-01-12 01:00:00",6.57
"2024-01-12 02:00:00",6.36
"2024-01-12 03:00:00",6.65
"2024-01-12 04:00:00",5.82
"2024-01-12 05:00:00",5.98
"2024-01-12 06:00:00",5.65
"2024-01-12 07:00:00",7.55
"2024-01-12 08:00:00",11.7
"2024-01-12 09:00:00",14.1
"2024-01-12 10:00:00",16.28
"2024-01-12 11:00:00",14.31
"2024-01-12 12:00:00",17.85,10
"2024-01-12 13:00:00",10.77,6
"2024-01-12 14:00:00",9.52,5.5
"2024-01-12 15:00:00",12.87,3.75
"2024-01-12 16:00:00",10.48,4.5
"2024-01-12 17:00:00",9.77,11.25
"2024-01-12 18:00:00",9.41,17.25
"2024-01-12 19:00:00",9.45,17.75
"2024-01-12 20:00:00",11.36,26.25
"2024-01-12 21:00:00",10.8,26
"2024-01-12 22:00:00",8.93,21.25
"2024-01-12 23:00:00",7.62,14.75
"2024-01-13 00:00:00",6.44,10.5
"2024-01-13 01:00:00",5.69,10.25
"2024-01-13 02:00:00",5.47,13.25
"2024-01-13 03:00:00",5.19,12
"2024-01-13 04:00:00",4.91,14.75
"2024-01-13 05:00:00",4.6,13.5
"2024-01-13 06:00:00",4.33,10.75
"2024-01-13 07:00:00",4.4,6.75
"2024-01-13 08:00:00",5.72,6.25
"2024-01-13 09:00:00",6.71,6.5
"2024-01-13 10:00:00",7.02,4.5
"2024-01-13 11:00:00",7.65,3.25
"2024-01-13 12:00:00",6.86,4
"2024-01-13 13:00:00",7.6,3.75
"2024-01-13 14:00:00",6.87,2.75
"2024-01-13 15:00:00",7.06,1.5
"2024-01-13 16:00:00",7.61,2.75
"2024-01-13 17:00:00",8.62,10.25
"2024-01-13 18:00:00",9.67,9
"2024-01-13 19:00:00",12.14,16.25
"2024-01-13 20:00:00",11.6,25.75
"2024-01-13 21:00:00",10.69,16.5
"2024-01-13 22:00:00",10.84,18.5
"2024-01-13 23:00:00",9.79,19
"2024-01-14 00:00:00",7.27,15
"2024-01-14 01:00:00",6.58,10.75
"2024-01-14 02:00:00",5.84,7
"2024-01-14 03:00:00",5.5,6.25
"2024-01-14 04:00:00",5.48,4.25
"2024-01-14 05:00:00",5.03,4.75
"2024-01-14 06:00:00",4.69,4.5
"2024-01-14 07:00:00",5.17,5.75
"2024-01-14 08:00:00",5.57,4.5
"2024-01-14 09:00:00",5.34,3.25
"2024-01-14 10:00:00",6.23,4
"2024-01-14 11:00:00",6.3,4
"2024-01-14 12:00:00",6.08,3.5
"2024-01-14 13:00:00",5.78,1.5
"2024-01-14 14:00:00",5.87,1.5
"2024-01-14 15:00:00",5.99,5.75
"2024-01-14 16:00:00",6.68,5.5
"2024-01-14 17:00:00",7.51,7
"2024-01-14 18:00:00",7.94,7.75
"2024-01-14 19:00:00",10.98,13.75
"2024-01-14 20:00:00",16.13,29.5
"2024-01-14 21:00:00",15.47,42.5
"2024-01-14 22:00:00",14.04,37.5
"2024-01-14 23:00:00",9.51,26.25
"2024-01-15 00:00:00",7.84,22.75
"2024-01-15 01:00:00",6.62,18
"2024-01-15 02:00:00",6.09,14.75
"2024-01-15 03:00:00",4.8,13.5
"2024-01-15 04:00:00",4.67,11.5
"2024-01-15 05:00:00",4.21,9.75
"2024-01-15 06:00:00",4.34,8.5
"2024-01-15 07:00:00",5.87,6.25
"2024-01-15 08:00:00",10.44,3.75
"2024-01-15 09:00:00",13.87,2.75
"2024-01-15 10:00:00",16.4,2.25
"2024-01-15 11:00:00",12.1,3.5
"2024-01-15 12:00:00",7.78,4.75
"2024-01-15 13:00:00",7.41,3.75
"2024-01-15 14:00:00",6.61,3
"2024-01-15 15:00:00",6.15,2.25
"2024-01-15 16:00:00",7.46,2.25
"2024-01-15 17:00:00",15.53,13.25
"2024-01-15 18:00:00",20.52,30.5
"2024-01-15 19:00:00",16.04,44.25
"2024-01-15 20:00:00",17.21,47.5
"2024-01-15 21:00:00",16.79,54.75
"2024-01-15 22:00:00",14.26,52.75
"2024-01-15 23:00:00",14.4,52.25
"2024-01-16 00:00:00",12.23,53.75
"2024-01-16 01:00:00",10.96,31.75
"2024-01-16 02:00:00",9.56,38.5
"2024-01-16 03:00:00",8.96,33.25
"2024-01-16 04:00:00",8.17,28
"2024-01-16 05:00:00",7.41,19.5
"2024-01-16 06:00:00",7.17,19.75
"2024-01-16 07:00:00",7.32,14.75
"2024-01-16 08:00:00",8.69,12.25
"2024-01-16 09:00:00",9.49,15.5
"2024-01-16 10:00:00",9.73,13.25
"2024-01-16 11:00:00",11.01,11
"2024-01-16 12:00:00",11.56,11.5
"2024-01-16 13:00:00",11.98,13.5
"2024-01-16 14:00:00",13.41,15
"2024-01-16 15:00:00",14.02,15.25
"2024-01-16 16:00:00",15.24,15.75
"2024-01-16 17:00:00",15.14,17
"2024-01-16 18:00:00",15.04,25.25
"2024-01-16 19:00:00",16.04,42.75
"2024-01-16 20:00:00",17.58,72.75
"2024-01-16 21:00:00",17.66,67.25
"2024-01-16 22:00:00",15.4,71.5
"2024-01-16 23:00:00",13.17,71.25
"2024-01-17 00:00:00",11.75,67.5
"2024-01-17 01:00:00",10.08,68.5
"2024-01-17 02:00:00",10.16,52.75
"2024-01-17 03:00:00",8.13,36
"2024-01-17 04:00:00",8.33,33.5
"2024-01-17 05:00:00",8.85,32.5
"2024-01-17 06:00:00",8.82,23
"2024-01-17 07:00:00",8.3,15
"2024-01-17 08:00:00",12.29,8.5
"2024-01-17 09:00:00",11.19,6.75
"2024-01-17 10:00:00",12.31,6
"2024-01-17 11:00:00",12.49,5.5
"2024-01-17 12:00:00",7.16,3.75
"2024-01-17 13:00:00",6.03,2.5
"2024-01-17 14:00:00",6.12,1.5
"2024-01-17 15:00:00",6.15,3.75
"2024-01-17 16:00:00",7.07,6.25
"2024-01-17 17:00:00",9.8,9.75
"2024-01-17 18:00:00",13.11,21.5
"2024-01-17 19:00:00",14.53,34
"2024-01-17 20:00:00",14.15,41.5
"2024-01-17 21:00:00",14.75,43.5
"2024-01-17 22:00:00",14.62,39.75
"2024-01-17 23:00:00",14.21,44.75
"2024-01-18 00:00:00",14.13,25
"2024-01-18 01:00:00",7.63,19
"2024-01-18 02:00:00",5.6,9.25
"2024-01-18 03:00:00",4.82,7.25
"2024-01-18 04:00:00",4.75,8
"2024-01-18 05:00:00",4.14,8
"2024-01-18 06:00:00",4.86,7.5
"2024-01-18 07:00:00",5.52,5.5
"2024-01-18 08:00:00",8.87,5.5
"2024-01-18 09:00:00",14.67,9.75
"2024-01-18 10:00:00",17.54,9.25
"2024-01-18 11:00:00",18.71,10
"2024-01-18 12:00:00",16.08,9.25
"2024-01-18 13:00:00",14.68,6.5
"2024-01-18 14:00:00",9.5,5
"2024-01-18 15:00:00",7.64,4.75
"2024-01-18 16:00:00",8.94,4.5
"2024-01-18 17:00:00",17.69,8.5
"2024-01-18 18:00:00",16.92,19.25
"2024-01-18 19:00:00",15.71,33
"2024-01-18 20:00:00",15.4,40.25
"2024-01-18 21:00:00",16.33,29.5
"2024-01-18 22:00:00",15.5,48
"2024-01-18 23:00:00",14.37,72.75
"2024-01-19 00:00:00",13.33,71.5
"2024-01-19 01:00:00",11.85,59.25
"2024-01-19 02:00:00",10.91,52.5
"2024-01-19 03:00:00",9.69,44.75
"2024-01-19 04:00:00",8.94,35
"2024-01-19 05:00:00",8.02,34.5
"2024-01-19 06:00:00",7.09,31.5
"2024-01-19 07:00:00",6.7,26.75
"2024-01-19 08:00:00",8.75,25.25
"2024-01-19 09:00:00",9.47,23.5
"2024-01-19 10:00:00",11.54,26.25
"2024-01-19 11:00:00",17.26,32.25
"2024-01-19 12:00:00",18.16,38.25
"2024-01-19 13:00:00",17.34,38
"2024-01-19 14:00:00",16.97,33.5
"2024-01-19 15:00:00",16.72,1.75
"2024-01-19 16:00:00",10.87,1
"2024-01-19 17:00:00",7.89,1
"2024-01-19 18:00:00",8.7,2
"2024-01-19 19:00:00",7.49,5
"2024-01-19 20:00:00",6.57,4.5
"2024-01-19 21:00:00",6.09,3
"2024-01-19 22:00:00",5.92,3.5
"2024-01-19 23:00:00",5.26,5.25
"2024-01-20 00:00:00",5.19,5.75
"2024-01-20 01:00:00",5.12,4.75
"2024-01-20 02:00:00",4.69,4.5
"2024-01-20 03:00:00",4.88,5.5
"2024-01-20 04:00:00",4.86,3.5
"2024-01-20 05:00:00",4.79,1.75
"2024-01-20 06:00:00",4.84,1.5
"2024-01-20 07:00:00",5.08,3
"2024-01-20 08:00:00",5.16,2.75
"2024-01-20 09:00:00",5.47,2
"2024-01-20 10:00:00",5.51,2.25
"2024-01-20 11:00:00",5.51,3.5
"2024-01-20 12:00:00",5.72,4.75
"2024-01-20 13:00:00",6.13,3
"2024-01-20 14:00:00",6.05,-0.5
"2024-01-20 15:00:00",6.12,-2.25
"2024-01-20 16:00:00",5.83,-2.75
"2024-01-20 17:00:00",5.74,-0.25
"2024-01-20 18:00:00",5.71,5
"2024-01-20 19:00:00",5.74,5.5
"2024-01-20 20:00:00",5.85,8.5
"2024-01-20 21:00:00",6.67,11.75
"2024-01-20 22:00:00",7.84,6.5
"2024-01-20 23:00:00",6.85,1.25
"2024-01-21 00:00:00",6.88,-0.5
"2024-01-21 01:00:00",6.4,1
"2024-01-21 02:00:00",6.41,0.5
"2024-01-21 03:00:00",6.18,-1.25
"2024-01-21 04:00:00",5.5,-1.5
"2024-01-21 05:00:00",5.48,0.75
"2024-01-21 06:00:00",5.61,3.25
"2024-01-21 07:00:00",5.27,4.75
"2024-01-21 08:00:00",5.03,7.25
"2024-01-21 09:00:00",4.91,7.75
"2024-01-21 10:00:00",4.77,7.25
"2024-01-21 11:00:00",4.91,8.25
"2024-01-21 12:00:00",4.88,8.5
"2024-01-21 13:00:00",4.88,7
"2024-01-21 14:00:00",5.02,7
"2024-01-21 15:00:00",4.63,6.5
"2024-01-21 16:00:00",4.68,5.25
"2024-01-21 17:00:00",4.76,5.5
"2024-01-21 18:00:00",4.28,4.75
"2024-01-21 19:00:00",4.41,7.5
"2024-01-21 20:00:00",4.43,11
"2024-01-21 21:00:00",4.57,20.75
"2024-01-21 22:00:00",5.14,26.5
"2024-01-21 23:00:00",5.33,10.25
"2024-01-22 00:00:00",5.42,10
"2024-01-22 01:00:00",5.37,6.75
"2024-01-22 02:00:00",5.41,6
"2024-01-22 03:00:00",5.3,6
"2024-01-22 04:00:00",5.13,5.75
"2024-01-22 05:00:00",5.21,4.75
"2024-01-22 06:00:00",5.12,4
"2024-01-22 07:00:00",5.57,4.5
"2024-01-22 08:00:00",9.09,5.5
"2024-01-22 09:00:00",9.58,4
"2024-01-22 10:00:00",9.47,3.75
"2024-01-22 11:00:00",8.23,3.75
"2024-01-22 12:00:00",7.03,6.75
"2024-01-22 13:00:00",6.47,8.75
"2024-01-22 14:00:00",6.12,7.5
"2024-01-22 15:00:00",6.02,5.5
"2024-01-22 16:00:00",6.38,4.25
"2024-01-22 17:00:00",6.58,4.75
"2024-01-22 18:00:00",7.6,4.75
"2024-01-22 19:00:00",7.27,7.5
"2024-01-22 20:00:00",9.56,10
"2024-01-22 21:00:00",9.79,13
"2024-01-22 22:00:00",8.84,13.25
"2024-01-22 23:00:00",10.75,15.25
"2024-01-23 00:00:00",11.34,17.75
"2024-01-23 01:00:00",9.05,13.25
"2024-01-23 02:00:00",7.22,9.5
"2024-01-23 03:00:00",5.46,4
"2024-01-23 04:00:00",5.06,0.75
"2024-01-23 05:00:00",4.95,-0.25
"2024-01-23 06:00:00",5.08,-1.25
"2024-01-23 07:00:00",5.27,-2
"2024-01-23 08:00:00",6.56,-2.25
"2024-01-23 09:00:00",7.08,-3.25
"2024-01-23 10:00:00",6.99,-3.5
"2024-01-23 11:00:00",5.96,-2
"2024-01-23 12:00:00",6.35,-2
"2024-01-23 13:00:00",6.59,-0.75
"2024-01-23 14:00:00",5.94,2.5
"2024-01-23 15:00:00",6.47,0.25
"2024-01-23 16:00:00",5.66,-1.5
"2024-01-23 17:00:00",6.82,1.25
"2024-01-23 18:00:00",6.8,5.25
"2024-01-23 19:00:00",6.21,7.5
"2024-01-23 20:00:00",6.53,14.25
"2024-01-23 21:00:00",6.65,19
"2024-01-23 22:00:00",6.03,13
"2024-01-23 23:00:00",5.14,14.25
"2024-01-24 00:00:00",4.68,16
"2024-01-24 01:00:00",5.02,10.25
"2024-01-24 02:00:00",4.83,11
"2024-01-24 03:00:00",5.02,10.5
"2024-01-24 04:00:00",5.06,8.75
"2024-01-24 05:00:00",5.35,7.5
"2024-01-24 06:00:00",5.62,6.75
"2024-01-24 07:00:00",6.44,9
"2024-01-24 08:00:00",8.43,9.25
"2024-01-24 09:00:00",15.79,9.25
"2024-01-24 10:00:00",16.92,6.75
"2024-01-24 11:00:00",13.69,6.75
"2024-01-24 12:00:00",12.93,9.25
"2024-01-24 13:00:00",10.85,9.5
"2024-01-24 14:00:00",10.1,8.75
"2024-01-24 15:00:00",8.75,10.25
"2024-01-24 16:00:00",8.9,7.75
"2024-01-24 17:00:00",9.73,7.5
"2024-01-24 18:00:00",13,10.5
"2024-01-24 19:00:00",14.7,15.25
"2024-01-24 20:00:00",11.16,15
"2024-01-24 21:00:00",10.39,12.25
"2024-01-24 22:00:00",8.83,11.5
"2024-01-24 23:00:00",7.94,5.75
"2024-01-25 00:00:00",7.42,1.75
"2024-01-25 01:00:00",6.93,0.75
"2024-01-25 01:01:00",,
"2024-01-25 02:00:00",6.18
"2024-01-25 02:01:00",,
"2024-01-25 03:00:00",6.01,0.5
"2024-01-25 04:00:00",5.77,2
"2024-01-25 05:00:00",5.66,1.5
"2024-01-25 06:00:00",5.98,-0.25
"2024-01-25 07:00:00",6.67,-1
"2024-01-25 08:00:00",8.18,-1.5
"2024-01-25 09:00:00",8.16,-3
"2024-01-25 10:00:00",8.23,-2
"2024-01-25 11:00:00",8.38,0.75
"2024-01-25 12:00:00",8.09,-0.75
"2024-01-25 13:00:00",8.19,-3
"2024-01-25 14:00:00",7.84,-2.75
"2024-01-25 15:00:00",8.05,-2
"2024-01-25 16:00:00",7.77,-2
"2024-01-25 17:00:00",8.79,-1.75
"2024-01-25 18:00:00",8.13,-0.75
"2024-01-25 19:00:00",7.49,0.75
"2024-01-25 20:00:00",6.76,3
"2024-01-25 21:00:00",6.46,4.25
"2024-01-25 22:00:00",6.49,8
"2024-01-25 23:00:00",6.03,7.25
"2024-01-26 00:00:00",5.52,4.25
"2024-01-26 01:00:00",5.44,1.75
"2024-01-26 02:00:00",5.64,0.75
"2024-01-26 03:00:00",5.06,0.5
"2024-01-26 04:00:00",5.23,1.75
"2024-01-26 05:00:00",5.29,0.25
"2024-01-26 06:00:00",5.03,-1.5
"2024-01-26 07:00:00",5.8,0.25
"2024-01-26 08:00:00",10.02,1.25
"2024-01-26 09:00:00",14.96,2
"2024-01-26 10:00:00",22.64,2.5
"2024-01-26 11:00:00",21.26,3.5
"2024-01-26 12:00:00",11.28,2.5
"2024-01-26 13:00:00",7.5,4
"2024-01-26 14:00:00",7.27,3.75
"2024-01-26 15:00:00",7.12,2.5
"2024-01-26 16:00:00",7.51,1
"2024-01-26 17:00:00",7.24,1.25
"2024-01-26 18:00:00",8.13,2.75
"2024-01-26 19:00:00",8.5,5.25
"2024-01-26 20:00:00",7.44,5.25
"2024-01-26 21:00:00",6.3,2.75
"2024-01-26 22:00:00",4.99,2.5
"2024-01-26 23:00:00",5.52,3.5
"2024-01-27 00:00:00",5.65,1.75
"2024-01-27 01:00:00",5.46,1
"2024-01-27 02:00:00",5.24,1.25
"2024-01-27 03:00:00",5.53,2.25
"2024-01-27 04:00:00",5.32,3
"2024-01-27 05:00:00",5.33,2.5
"2024-01-27 06:00:00",5.31,1.25
"2024-01-27 07:00:00",5.48,1.75
"2024-01-27 08:00:00",6.51,1.75
"2024-01-27 09:00:00",6.13,4.25
"2024-01-27 10:00:00",6.03,4.5
"2024-01-27 11:00:00",6.13,3
"2024-01-27 12:00:00",5.99,3.75
"2024-01-27 13:00:00",6.09,6.25
"2024-01-27 14:00:00",6.24,7
"2024-01-27 15:00:00",6.54,7
"2024-01-27 16:00:00",6.76,6.75
"2024-01-27 17:00:00",6.55,6
"2024-01-27 18:00:00",6.88,5.25
"2024-01-27 19:00:00",6.85,2.25
"2024-01-27 20:00:00",6.99,0.25
"2024-01-27 21:00:00",6.52,2.75
"2024-01-27 22:00:00",6.3,8.25
"2024-01-27 23:00:00",6.24,9.25
"2024-01-28 00:00:00",5.95,10.25
"2024-01-28 01:00:00",5.67,11
"2024-01-28 02:00:00",5.79,11
"2024-01-28 03:00:00",5.92,11
"2024-01-28 04:00:00",6.21,10.25
"2024-01-28 05:00:00",6.29,10
"2024-01-28 06:00:00",6.47,16
"2024-01-28 07:00:00",6.54,16.25
"2024-01-28 08:00:00",6.06,16.75
"2024-01-28 09:00:00",6.54,16.25
"2024-01-28 10:00:00",6.23,15.75
"2024-01-28 11:00:00",6.55,13.25
"2024-01-28 12:00:00",6.67,16.5
"2024-01-28 13:00:00",6.88,15.5
"2024-01-28 14:00:00",6.49,17.75
"2024-01-28 15:00:00",6.86,19
"2024-01-28 16:00:00",7.41,13.75
"2024-01-28 17:00:00",7.48,6.75
"2024-01-28 18:00:00",7.67,7.75
"2024-01-28 19:00:00",8.84,13.25
"2024-01-28 20:00:00",8.08,12.75
"2024-01-28 21:00:00",8.11,8.25
"2024-01-28 22:00:00",8.09,5.75
"2024-01-28 23:00:00",7.25,6
"2024-01-29 00:00:00",6.63,8.25
"2024-01-29 01:00:00",6.02,4.75
"2024-01-29 02:00:00",5.67,1
"2024-01-29 03:00:00",5.6,1.5
"2024-01-29 04:00:00",5.41,3.25
"2024-01-29 05:00:00",5,4
"2024-01-29 06:00:00",5.07,3.5
"2024-01-29 07:00:00",5.74,1.5
"2024-01-29 08:00:00",6.51,-1
"2024-01-29 09:00:00",7.12,-3.75
"2024-01-29 10:00:00",7.39,-2.75
"2024-01-29 11:00:00",6.17,-1.75
"2024-01-29 12:00:00",6.31,-0.5
"2024-01-29 13:00:00",6.23,1.25
"2024-01-29 14:00:00",6.1,2.75
"2024-01-29 15:00:00",6.59,5.25
"2024-01-29 16:00:00",6.94,5.5
"2024-01-29 17:00:00",8.38,6
"2024-01-29 18:00:00",9.38,12
"2024-01-29 19:00:00",8.77,13.25
"2024-01-29 20:00:00",9.77,15.5
"2024-01-29 21:00:00",9.24,10.75
"2024-01-29 22:00:00",8.87,11
"2024-01-29 23:00:00",8.64,12.5
"2024-01-30 00:00:00",7.38,7.75
"2024-01-30 01:00:00",7.15,8
"2024-01-30 02:00:00",6.25,10.25
"2024-01-30 03:00:00",6.18,7.5
"2024-01-30 04:00:00",5.42,5.75
"2024-01-30 05:00:00",5.29,4.75
"2024-01-30 06:00:00",6.17,4
"2024-01-30 07:00:00",8.36,4
"2024-01-30 08:00:00",11.45,3.25
"2024-01-30 09:00:00",12.97,1.5
"2024-01-30 10:00:00",13.93,3.5
"2024-01-30 11:00:00",13.25,5
"2024-01-30 12:00:00",13.77,5.25
"2024-01-30 13:00:00",14.4,6
"2024-01-30 14:00:00",13.01,5.5
"2024-01-30 15:00:00",8.33,3.5
"2024-01-30 16:00:00",6.81,1.75
"2024-01-30 17:00:00",7.69,1.5
"2024-01-30 18:00:00",10.98,3.75
"2024-01-30 19:00:00",13.13,6.25
"2024-01-30 20:00:00",10.13,7.25
"2024-01-30 21:00:00",8.67,7.25
"2024-01-30 22:00:00",7.06,4.5
"2024-01-30 23:00:00",5.86,2.25
"2024-01-31 00:00:00",5.73,0.75
"2024-01-31 01:00:00",4.99,2.75
"2024-01-31 02:00:00",4.82,1
"2024-01-31 03:00:00",4.71,-1.75
"2024-01-31 04:00:00",4.83,-0.5
"2024-01-31 05:00:00",5.05,1.75
"2024-01-31 06:00:00",5.06,3.25
"2024-01-31 07:00:00",5.59,0.75
"2024-01-31 08:00:00",7.04,0.75
"2024-01-31 09:00:00",7.72,3.25
"2024-01-31 10:00:00",7.23,3.5
"2024-01-31 11:00:00",6.9,1.5
"2024-01-31 12:00:00",6.76,0.25
"2024-01-31 13:00:00",6.46,1.5
"2024-01-31 14:00:00",7.29,2.5
"2024-01-31 15:00:00",6.72,0.25
"2024-01-31 16:00:00",7.64,-1.75
"2024-01-31 17:00:00",7.48,-1.25
"2024-01-31 18:00:00",7.72,-1.5
"2024-01-31 19:00:00",8.08,1.75
"2024-01-31 20:00:00",7.75,7.5
"2024-01-31 21:00:00",7.64,9.25
"2024-01-31 22:00:00",7.89,10.75
"2024-01-31 23:00:00",8.82,12.75
"2024-02-01 00:00:00",10.97,17.5
"2024-02-01 01:00:00",9.59,28
"2024-02-01 02:00:00",10.95,10.5
"2024-02-01 03:00:00",8.73,11.25
"2024-02-01 04:00:00",7.52,8.25
"2024-02-01 05:00:00",6.95,5.5
"2024-02-01 06:00:00",6.74,3.5
"2024-02-01 07:00:00",8.15,2.5
"2024-02-01 08:00:00",8.53,4.75
"2024-02-01 09:00:00",10.66,7.75
"2024-02-01 10:00:00",12.3,10
"2024-02-01 11:00:00",13.72,10.75
"2024-02-01 12:00:00",14.07,12.5
"2024-02-01 13:00:00",16.42,11.75
"2024-02-01 14:00:00",16.07,13.25
"2024-02-01 15:00:00",15.29,10.25
"2024-02-01 16:00:00",9.97,7.75
"2024-02-01 17:00:00",8.94,6.5
"2024-02-01 18:00:00",9.71,4.25
"2024-02-01 19:00:00",10.61,2
"2024-02-01 20:00:00",10.1,2.25
"2024-02-01 21:00:00",9.37,3.5
"2024-02-01 22:00:00",9.75,4.5
"2024-02-01 23:00:00",8.44,2.75
"2024-02-02 00:00:00",6.65,1.25
"2024-02-02 01:00:00",6.37,-1.5
"2024-02-02 02:00:00",6.16,-3
"2024-02-02 03:00:00",6.55,-3.25
"2024-02-02 04:00:00",6.17,-4
"2024-02-02 05:00:00",6.13,-3.5
"2024-02-02 06:00:00",5.99,-2
"2024-02-02 07:00:00",6.5,-1.25
"2024-02-02 08:00:00",8.65,1
"2024-02-02 09:00:00",10.8,0.25
"2024-02-02 10:00:00",9.49,-2.25
"2024-02-02 11:00:00",8.72,-2.5
"2024-02-02 12:00:00",8.06,-0.75
"2024-02-02 13:00:00",7.56,0.5
"2024-02-02 14:00:00",7.73,1.75
"2024-02-02 15:00:00",7.59,0.25
"2024-02-02 16:00:00",7.99,-1.25
"2024-02-02 17:00:00",8.11,1.5
"2024-02-02 18:00:00",8.48,3
"2024-02-02 19:00:00",8.57,3
"2024-02-02 20:00:00",9.78,3
"2024-02-02 21:00:00",8.76,4.5
"2024-02-02 22:00:00",7.94,9
"2024-02-02 23:00:00",7.35,8.75
"2024-02-03 00:00:00",7.53,7.5
"2024-02-03 01:00:00",7.11,5
"2024-02-03 02:00:00",7.06,1.75
"2024-02-03 03:00:00",7.11,1
"2024-02-03 03:01:00",,
"2024-02-03 04:00:00",7.28
"2024-02-03 04:01:00",,
"2024-02-03 05:00:00",7.33,-2.75
"2024-02-03 06:00:00",7.73,-1.75
"2024-02-03 07:00:00",7.46,-1
"2024-02-03 08:00:00",9.54,-0.5
"2024-02-03 09:00:00",10.46,1
"2024-02-03 10:00:00",10.21,0.75
"2024-02-03 10:01:00",,
"2024-02-03 11:00:00",9.08
"2024-02-03 11:01:00",,
"2024-02-03 12:00:00",8.54,-0.25
"2024-02-03 13:00:00",8.79,-1.25
"2024-02-03 14:00:00",9.11,-1.25
"2024-02-03 15:00:00",9.21,0.75
"2024-02-03 16:00:00",9.19,-0.25
"2024-02-03 17:00:00",9.04,-0.75
"2024-02-03 18:00:00",9.86,0.25
"2024-02-03 19:00:00",8.9,1
"2024-02-03 20:00:00",8.92,1
"2024-02-03 21:00:00",10.16,1.25
"2024-02-03 22:00:00",9.63,1.5
"2024-02-03 22:01:00",,
"2024-02-03 23:00:00",8.29
"2024-02-03 23:01:00",,
"2024-02-04 00:00:00",7.25,0.25
"2024-02-04 01:00:00",7.06,0.5
"2024-02-04 02:00:00",6.89,-1.75
"2024-02-04 03:00:00",7.37,-4
"2024-02-04 04:00:00",7.57,-3.75
"2024-02-04 05:00:00",7.48,-3
"2024-02-04 06:00:00",7.32,-2.75
"2024-02-04 07:00:00",7.24,-2
"2024-02-04 08:00:00",7.34,-2
"2024-02-04 09:00:00",8.73,-1.75
"2024-02-04 10:00:00",8.25,0.25
"2024-02-04 11:00:00",8.53,5.25
"2024-02-04 12:00:00",8.68,9.75
"2024-02-04 13:00:00",7.78,12.75
"2024-02-04 14:00:00",6.65,15.5
"2024-02-04 15:00:00",7.41,17.25
"2024-02-04 16:00:00",7.45,17
"2024-02-04 17:00:00",7.93,13.25
"2024-02-04 18:00:00",8.58,10.5
"2024-02-04 19:00:00",8.8,10.75
"2024-02-04 20:00:00",8.14,14.5
"2024-02-04 21:00:00",8.13,9.25
"2024-02-04 22:00:00",7.97,6.5
"2024-02-04 23:00:00",7.32,5.5
"2024-02-05 00:00:00",5.91,7
"2024-02-05 01:00:00",5.69,7.5
"2024-02-05 02:00:00",5.76,8
"2024-02-05 03:00:00",5.67,3.75
"2024-02-05 04:00:00",5.87,0.5
"2024-02-05 05:00:00",5.72,2.5
"2024-02-05 06:00:00",5.76,4.25
"2024-02-05 07:00:00",6.3,5
"2024-02-05 08:00:00",7.5,6
"2024-02-05 09:00:00",6.86,10.25
"2024-02-05 10:00:00",6.52,13
"2024-02-05 11:00:00",7.23,9.75
"2024-02-05 12:00:00",7.72,8.75
"2024-02-05 13:00:00",7.18,8
"2024-02-05 14:00:00",7.08,7.25
"2024-02-05 15:00:00",6.75,5
"2024-02-05 16:00:00",6.31,4.5
"2024-02-05 17:00:00",6.98,2.5
"2024-02-05 18:00:00",8.02,0.75
"2024-02-05 18:01:00",,
"2024-02-05 19:00:00",7.44
"2024-02-05 19:01:00",,
"2024-02-05 20:00:00",6.74,-0.25
"2024-02-05 21:00:00",7.5,-1
"2024-02-05 22:00:00",7.55,-1.25
"2024-02-05 23:00:00",6.38,-1.75
"2024-02-06 00:00:00",5.91,-1.5
"2024-02-06 01:00:00",5.76,-3.25
"2024-02-06 02:00:00",5.45,-3.5
"2024-02-06 03:00:00",5.47,-1.75
"2024-02-06 04:00:00",5.29,0.5
"2024-02-06 05:00:00",5.28,6.75
"2024-02-06 06:00:00",5.07,13.25
"2024-02-06 07:00:00",6.02,16.75
"2024-02-06 08:00:00",7.47,14.25
"2024-02-06 09:00:00",7.11,9.5
"2024-02-06 10:00:00",7.12,10.5
"2024-02-06 11:00:00",7.16,8.25
"2024-02-06 12:00:00",7.49,5.25
"2024-02-06 13:00:00",7.5,2.5
"2024-02-06 14:00:00",8,0.5
"2024-02-06 15:00:00",8.7,-1.5
"2024-02-06 16:00:00",8.22,-1.75
"2024-02-06 17:00:00",9.63,2.5
"2024-02-06 18:00:00",10.33,4.5
"2024-02-06 19:00:00",9.6,6.5
"2024-02-06 20:00:00",8.79,7.5
"2024-02-06 21:00:00",9.44,6.75
"2024-02-06 22:00:00",9.16,8.25
"2024-02-06 23:00:00",8.33,6
"2024-02-07 00:00:00",7.53,6.25
"2024-02-07 01:00:00",6.39,6.75
"2024-02-07 02:00:00",5.75,5.5
"2024-02-07 03:00:00",5.25,4.5
"2024-02-07 04:00:00",4.93,5.75
"2024-02-07 05:00:00",4.94,4.75
"2024-02-07 06:00:00",5.34,3.75
"2024-02-07 07:00:00",6.35,3
"2024-02-07 08:00:00",8.16,3
"2024-02-07 09:00:00",10.66,2.75
"2024-02-07 10:00:00",10.87,2.25
"2024-02-07 11:00:00",10.86,3
"2024-02-07 12:00:00",10.45,3.25
"2024-02-07 13:00:00",8.16,4.75
"2024-02-07 14:00:00",8.48,6.75
"2024-02-07 15:00:00",9.47,5.5
"2024-02-07 16:00:00",10.46,4
"2024-02-07 17:00:00",12.77,4.5
"2024-02-07 18:00:00",15.84,7
"2024-02-07 19:00:00",13.44,9.75
"2024-02-07 20:00:00",12.01,9.25
"2024-02-07 21:00:00",12.91,9
"2024-02-07 22:00:00",10.06,5.5
"2024-02-07 23:00:00",7.31,4
"2024-02-08 00:00:00",6.19,4.25
"2024-02-08 01:00:00",6.38,4.5
"2024-02-08 02:00:00",6.61,2.75
"2024-02-08 03:00:00",6.06,2
"2024-02-08 04:00:00",6.24,1.75
"2024-02-08 05:00:00",6.58,0.75
"2024-02-08 06:00:00",7.85,0.5
"2024-02-08 07:00:00",9.1,1.75
"2024-02-08 08:00:00",13.06,1
"2024-02-08 09:00:00",16.74,1
"2024-02-08 10:00:00",17.44,1.25
"2024-02-08 11:00:00",17.08,2
"2024-02-08 12:00:00",14.92,2
"2024-02-08 13:00:00",14.5,2.5
"2024-02-08 14:00:00",9.78,4
"2024-02-08 15:00:00",8.15,4.25
"2024-02-08 16:00:00",8.63,5.25
"2024-02-08 17:00:00",11.6,5.25
"2024-02-08 18:00:00",15.81,2.75
"2024-02-08 19:00:00",15.77,3
"2024-02-08 20:00:00",13.6,6
"2024-02-08 21:00:00",11.17,6
"2024-02-08 22:00:00",11.65,5
"2024-02-08 23:00:00",10.54,2.25
"2024-02-09 00:00:00",9.74,3.25
"2024-02-09 01:00:00",8.86,4
"2024-02-09 02:00:00",7.75,3.75
"2024-02-09 03:00:00",7.19,2.5
"2024-02-09 04:00:00",7.04,0.5
"2024-02-09 05:00:00",7.34,-0.5
"2024-02-09 06:00:00",6.65,1.5
"2024-02-09 07:00:00",7.36,2.75
"2024-02-09 08:00:00",10.01,2
"2024-02-09 09:00:00",12.76,1.75
"2024-02-09 10:00:00",11.98,1
"2024-02-09 11:00:00",9.65,0.5
"2024-02-09 12:00:00",8.33,-1.25
"2024-02-09 13:00:00",8.15,-1.5
"2024-02-09 14:00:00",8.77,-0.25
"2024-02-09 15:00:00",7.72,-0.75
"2024-02-09 16:00:00",8.16,0.5
"2024-02-09 17:00:00",9.16,2.5
"2024-02-09 18:00:00",9.67,4.75
"2024-02-09 19:00:00",11.37,6.75
"2024-02-09 20:00:00",16.09,7.25
"2024-02-09 21:00:00",17.87,11
"2024-02-09 22:00:00",12.52,10.5
"2024-02-09 23:00:00",8.38,8
"2024-02-10 00:00:00",7.16,5.25
"2024-02-10 01:00:00",6.66,5.5
"2024-02-10 02:00:00",6.51,3.5
"2024-02-10 03:00:00",6.12,2.5
"2024-02-10 04:00:00",6.32,3.25
"2024-02-10 05:00:00",6.04,0.5
"2024-02-10 06:00:00",5.82,-0.75
"2024-02-10 07:00:00",9.43,0.5
"2024-02-10 08:00:00",10.52,2.25
"2024-02-10 09:00:00",8.85,3
"2024-02-10 10:00:00",8.81,3
"2024-02-10 11:00:00",8.99,3.25
"2024-02-10 12:00:00",9.84,4
"2024-02-10 13:00:00",7.95,3.25
"2024-02-10 14:00:00",7.23,1
"2024-02-10 15:00:00",7.47,2.25
"2024-02-10 16:00:00",7.97,5.75
"2024-02-10 17:00:00",8,5.5
"2024-02-10 18:00:00",8.43,8.75
"2024-02-10 19:00:00",8.92,13.5
"2024-02-10 20:00:00",8.5,11.75
"2024-02-10 21:00:00",7.8,10.25
"2024-02-10 22:00:00",7.36,7.5
"2024-02-10 23:00:00",6.68,6
"2024-02-11 00:00:00",6.24,6
"2024-02-11 01:00:00",5.84,4.75
"2024-02-11 02:00:00",5.69,0.5
"2024-02-11 03:00:00",5.76,-0.5
"2024-02-11 04:00:00",5.53,0.25
"2024-02-11 05:00:00",5.04,-2.25
"2024-02-11 06:00:00",4.97,-2.5
"2024-02-11 07:00:00",5.06,-0.75
"2024-02-11 07:01:00",,
"2024-02-11 08:00:00",5.91
"2024-02-11 08:01:00",,
"2024-02-11 09:00:00",6.32,-0.5
"2024-02-11 10:00:00",7.7,-1.75
"2024-02-11 11:00:00",7.37,-0.25
"2024-02-11 12:00:00",6.96,1.75
"2024-02-11 13:00:00",6.06,1.25
"2024-02-11 14:00:00",6.18,1.75
"2024-02-11 15:00:00",6.01,1
"2024-02-11 16:00:00",6.3,1.25
"2024-02-11 17:00:00",6.08,2
"2024-02-11 18:00:00",6.99,3.25
"2024-02-11 19:00:00",8.32,7.25
"2024-02-11 20:00:00",9.09,9
"2024-02-11 21:00:00",12.43,13.25
"2024-02-11 22:00:00",9.04,15.5
"2024-02-11 23:00:00",8.2,9.75
"2024-02-12 00:00:00",6.06,6
"2024-02-12 01:00:00",5.62,5.75
"2024-02-12 02:00:00",5.17,4.25
"2024-02-12 03:00:00",4.56,2
"2024-02-12 04:00:00",4.94,3.5
"2024-02-12 05:00:00",4.74,7.5
"2024-02-12 06:00:00",5.58,5
"2024-02-12 07:00:00",6.46,2.5
"2024-02-12 08:00:00",8.61,4.25
"2024-02-12 09:00:00",12.09,4.25
"2024-02-12 10:00:00",14.99,2.25
"2024-02-12 11:00:00",16.38,2.75
"2024-02-12 12:00:00",14.79,1.5
"2024-02-12 13:00:00",8.5,0.25
"2024-02-12 14:00:00",7.03,1
"2024-02-12 15:00:00",7.28,0.5
"2024-02-12 16:00:00",7.24,-1
"2024-02-12 17:00:00",8.01,-0.5
"2024-02-12 18:00:00",10.08,1.5
"2024-02-12 19:00:00",13.54,3.5
"2024-02-12 20:00:00",11.2,5.25
"2024-02-12 21:00:00",9.2,5.75
"2024-02-12 22:00:00",7.48,4.75
"2024-02-12 23:00:00",6.93,3.75
"2024-02-13 00:00:00",6.37,3.25
"2024-02-13 01:00:00",5.81,3.5
"2024-02-13 02:00:00",5.62,1
"2024-02-13 03:00:00",11.9,-1.75
"2024-02-13 03:01:00",,
"2024-02-13 04:00:00",12.42
"2024-02-13 04:01:00",,
"2024-02-13 05:00:00",9.86,3
"2024-02-13 06:00:00",14.29,2.25
"2024-02-13 06:01:00",,
"2024-02-13 07:00:00",17.38
"2024-02-13 07:01:00",,
"2024-02-13 08:00:00",20.44,-0.25
"2024-02-13 09:00:00",20.95,-0.25
"2024-02-13 10:00:00",20.81,2.25
"2024-02-13 11:00:00",16.45,2
"2024-02-13 12:00:00",16.51,-0.25
"2024-02-13 12:01:00",
"2024-02-13 13:00:00",,2
"2024-02-13 13:01:00",
"2024-02-13 14:00:00",,1
"2024-02-13 15:00:00",,-0.75
"2024-02-13 16:00:00",,3
"2024-02-13 17:00:00",,2
"2024-02-13 18:00:00",,0.25
"2024-02-13 19:00:00",,4.25
"2024-02-13 20:00:00",,4.75
"2024-02-13 21:00:00",,4
"2024-02-13 22:00:00",,3.25
"2024-02-13 23:00:00",,0.25
"2024-02-14 00:00:00",,-1.75
"2024-02-14 00:01:00",,
"2024-02-14 01:01:00",,
"2024-02-14 02:00:00",,3.25
"2024-02-14 03:00:00",,4.25
"2024-02-14 04:00:00",,4
"2024-02-14 05:00:00",,0.75
"2024-02-14 06:00:00",,0.5
"2024-02-14 07:00:00",,1.75
"2024-02-14 08:00:00",,2.25
"2024-02-14 09:00:00",,6.5
"2024-02-14 10:00:00",,7.5
"2024-02-14 11:00:00",,8
"2024-02-14 12:00:00",,14.5
"2024-02-14 13:00:00",,15
"2024-02-14 14:00:00",,10
"2024-02-14 15:00:00",,3.25
"2024-02-14 16:00:00",,1.5
"2024-02-14 17:00:00",,3.25
"2024-02-14 18:00:00",,3.75
"2024-02-14 19:00:00",,2.25
"2024-02-14 20:00:00",,-0.25
"2024-02-14 21:00:00",,-1
"2024-02-14 22:00:00",,-0.5
"2024-02-14 23:00:00",,0.75
"2024-02-15 00:00:00",,-0.5
"2024-02-15 01:00:00",,-2
"2024-02-15 02:00:00",,-2.25
"2024-02-15 03:00:00",,-3.25
"2024-02-15 04:00:00",,-4
"2024-02-15 05:00:00",,-4.75
"2024-02-15 06:00:00",,-6.5
"2024-02-15 07:00:00",,-4.25
"2024-02-15 08:00:00",,-2.25
"2024-02-15 09:00:00",,-2.25
"2024-02-15 09:01:00",,
"2024-02-15 10:01:00",,
"2024-02-15 11:00:00",,-0.25
"2024-02-15 12:00:00",,-0.25
"2024-02-15 13:00:00",,2.25
"2024-02-15 14:00:00",,3
"2024-02-15 15:00:00",9.11,3
"2024-02-15 16:00:00",9.75,3.5
"2024-02-15 17:00:00",10.42,4.75
"2024-02-15 18:00:00",13.75,3.5
"2024-02-15 19:00:00",12.87,2.25
"2024-02-15 20:00:00",11.37,4
"2024-02-15 21:00:00",14.27,7.5
"2024-02-15 22:00:00",12.48,8.25
"2024-02-15 23:00:00",11,6
"2024-02-16 00:00:00",11.02,5.75
"2024-02-16 01:00:00",7.26,4.25
"2024-02-16 02:00:00",6.37,1.75
"2024-02-16 03:00:00",5.94,1
"2024-02-16 04:00:00",5.6,0.75
"2024-02-16 04:01:00",,
"2024-02-16 05:00:00",5.79
"2024-02-16 05:01:00",,
"2024-02-16 06:00:00",5.69,0.5
"2024-02-16 07:00:00",6.37,1.75
"2024-02-16 08:00:00",12.01,1.25
"2024-02-16 09:00:00",13.09,2
"2024-02-16 10:00:00",12.04,1.5
"2024-02-16 11:00:00",8.94,1
"2024-02-16 12:00:00",7.43,4.25
"2024-02-16 13:00:00",7.75,4.5
"2024-02-16 14:00:00",9.32,2.5
"2024-02-16 15:00:00",8.42,1
"2024-02-16 16:00:00",8.33,0.75
"2024-02-16 17:00:00",8.44,0.5
"2024-02-16 18:00:00",8.52,1.75
"2024-02-16 19:00:00",10.67,1
"2024-02-16 20:00:00",11.35,1.75
"2024-02-16 21:00:00",9.57,3.25
"2024-02-16 22:00:00",7.87,0.75
"2024-02-16 23:00:00",7.03,0.25
"2024-02-17 00:00:00",6.45,0.75
"2024-02-17 01:00:00",6.6,0.5
"2024-02-17 02:00:00",6.48,1.75
"2024-02-17 03:00:00",6.34,0.75
"2024-02-17 04:00:00",6.47,-0.25
"2024-02-17 05:00:00",6.03,-1.5
"2024-02-17 06:00:00",6.05,-3
"2024-02-17 07:00:00",6.39,-2.5
"2024-02-17 08:00:00",6.26,-1.5
"2024-02-17 09:00:00",6.96,-3
"2024-02-17 10:00:00",6.88,-2.75
"2024-02-17 11:00:00",7.38,-2.25
"2024-02-17 12:00:00",7.39,-3
"2024-02-17 13:00:00",7.2,-3
"2024-02-17 14:00:00",8.26,-2.5
"2024-02-17 15:00:00",8.57,-1
"2024-02-17 16:00:00",8.62,-1
"2024-02-17 17:00:00",8.12,-1
"2024-02-17 18:00:00",8.71,-1
"2024-02-17 19:00:00",9.43,-0.5
"2024-02-17 20:00:00",8.79,1.25
"2024-02-17 21:00:00",11.18,2
"2024-02-17 22:00:00",12.32,2.5
"2024-02-17 23:00:00",11.86,3.5
"2024-02-18 00:00:00",10.36,2
"2024-02-18 01:00:00",7.63,1.75
"2024-02-18 02:00:00",7,0.75
"2024-02-18 02:01:00",,
"2024-02-18 03:00:00",7.61
"2024-02-18 03:01:00",,
"2024-02-18 04:00:00",7.38,-0.5
"2024-02-18 05:00:00",7.01,-1.75
"2024-02-18 06:00:00",6.44,-1.25
"2024-02-18 07:00:00",6.56,-2.25
"2024-02-18 08:00:00",7.59,-2.5
"2024-02-18 09:00:00",12.75,-0.5
"2024-02-18 10:00:00",15.52,1
"2024-02-18 11:00:00",7.65,0.75
"2024-02-18 12:00:00",6.79,0.5
"2024-02-18 13:00:00",7.02,2
"2024-02-18 14:00:00",7.09,2
"2024-02-18 15:00:00",6.95,2.5
"2024-02-18 16:00:00",7.33,3.75
"2024-02-18 17:00:00",7.53,3.5
"2024-02-18 18:00:00",8.85,5.5
"2024-02-18 19:00:00",9.39,7.25
"2024-02-18 20:00:00",9.59,7.75
"2024-02-18 21:00:00",10.75,6.75
"2024-02-18 22:00:00",13.22,6
"2024-02-18 23:00:00",9.03,5.75
"2024-02-19 00:00:00",6.86,5.25
"2024-02-19 01:00:00",6.21,5.25
"2024-02-19 02:00:00",5.98,2.5
"2024-02-19 03:00:00",6.03,1.25
"2024-02-19 04:00:00",5.99,2
"2024-02-19 05:00:00",5.91,2.75
"2024-02-19 06:00:00",5.9,4.75
"2024-02-19 07:00:00",8.46,3.75
"2024-02-19 08:00:00",10.64,3.25
"2024-02-19 09:00:00",16.28,3.5
"2024-02-19 10:00:00",19.83,2.75
"2024-02-19 11:00:00",14.91,5.5
"2024-02-19 12:00:00",9.34,7.25
"2024-02-19 13:00:00",8.63,7.75
"2024-02-19 14:00:00",8.27,6.5
"2024-02-19 15:00:00",9.04,5
"2024-02-19 16:00:00",9.21,6
"2024-02-19 17:00:00",9.28,8.75
"2024-02-19 18:00:00",9.77,9.25
"2024-02-19 19:00:00",10.2,12.5
"2024-02-19 20:00:00",10.07,10.5
"2024-02-19 21:00:00",8.84,8.75
"2024-02-19 22:00:00",7.56,7.75
"2024-02-19 23:00:00",7.09,6
"2024-02-20 00:00:00",6.13,2
"2024-02-20 01:00:00",5.67,-1.75
"2024-02-20 02:00:00",5.82,-3.75
"2024-02-20 03:00:00",5.81,-2
"2024-02-20 04:00:00",5.01,1.75
"2024-02-20 05:00:00",5.26,5
"2024-02-20 06:00:00",5.26,7.5
"2024-02-20 07:00:00",5.49,6
"2024-02-20 08:00:00",7.68,5.75
"2024-02-20 09:00:00",8.55,5.25
"2024-02-20 10:00:00",8.7,6
"2024-02-20 11:00:00",8.02,6.25
"2024-02-20 12:00:00",8.72,6.25
"2024-02-20 13:00:00",8.72,3
"2024-02-20 14:00:00",8.6,-0.25
"2024-02-20 15:00:00",8.54,-1
"2024-02-20 16:00:00",8.52,-0.75
"2024-02-20 17:00:00",8.57,0.5
"2024-02-20 18:00:00",15.19,6.75
"2024-02-20 19:00:00",21.24,25.25
"2024-02-20 20:00:00",21.08,40.5
"2024-02-20 21:00:00",22.23,42
"2024-02-20 22:00:00",23.06,22
"2024-02-20 23:00:00",18.06,14.75
"2024-02-21 00:00:00",9.94,9.75
"2024-02-21 01:00:00",7.65,4.5
"2024-02-21 02:00:00",6.71,-1.25
"2024-02-21 03:00:00",5.43,-5
"2024-02-21 04:00:00",4.89,-4.25
"2024-02-21 05:00:00",4.99,-1.75
"2024-02-21 06:00:00",4.99,-1.5
"2024-02-21 07:00:00",5.48,-3
"2024-02-21 08:00:00",7.44,-2.25
"2024-02-21 08:01:00",,
"2024-02-21 09:00:00",8.72
"2024-02-21 09:01:00",,
"2024-02-21 10:00:00",9.47,-0.5
"2024-02-21 11:00:00",8.29,-1.25
"2024-02-21 12:00:00",8.71,1.25
"2024-02-21 13:00:00",8.53,1.5
"2024-02-21 13:01:00",,
"2024-02-21 14:00:00",8.17
"2024-02-21 14:01:00",,
"2024-02-21 15:00:00",7.76,0.75
"2024-02-21 16:00:00",8.08,2.75
"2024-02-21 17:00:00",9.34,2.5
"2024-02-21 18:00:00",9.08,4.25
"2024-02-21 19:00:00",8.69,5.75
"2024-02-21 20:00:00",8.19,7.5
"2024-02-21 21:00:00",7.8,5.75
"2024-02-21 22:00:00",7.03,6
"2024-02-21 23:00:00",6.29,8.75
"2024-02-22 00:00:00",5.95,7.25
"2024-02-22 01:00:00",5.02,4.25
"2024-02-22 02:00:00",5.3,1.75
"2024-02-22 03:00:00",5.53,1.25
"2024-02-22 04:00:00",5.23,1.75
"2024-02-22 05:00:00",5.17,0.75
"2024-02-22 06:00:00",5.34,0.25
"2024-02-22 07:00:00",5.79,0.75
"2024-02-22 08:00:00",7.83,-1
"2024-02-22 09:00:00",9.01,-3.5
"2024-02-22 10:00:00",9.95,-1
"2024-02-22 11:00:00",9.47,1.75
"2024-02-22 12:00:00",6.67,1
"2024-02-22 13:00:00",5.65,1.5
"2024-02-22 14:00:00",5.38,2.75
"2024-02-22 15:00:00",6.78,2.75
"2024-02-22 16:00:00",7.36,5.75
"2024-02-22 17:00:00",8.09,7.5
"2024-02-22 18:00:00",8.14,5.25
"2024-02-22 19:00:00",8.98,2.5
"2024-02-22 20:00:00",7.45,1.75
"2024-02-22 21:00:00",6.8,4
"2024-02-22 22:00:00",7.37,3.5
"2024-02-22 23:00:00",7.08,1.5
"2024-02-23 00:00:00",4.81,-0.25
"2024-02-23 01:00:00",4.74,-0.25
"2024-02-23 02:00:00",4.29,2.25
"2024-02-23 03:00:00",3.81,2.25
"2024-02-23 04:00:00",3.88,-0.25
"2024-02-23 05:00:00",3.58,-0.25
"2024-02-23 06:00:00",3.82,1.75
"2024-02-23 07:00:00",4.56,0.5
"2024-02-23 08:00:00",10.52,-1
"2024-02-23 09:00:00",9.87,-1
"2024-02-23 10:00:00",9.79,-1.25
"2024-02-23 11:00:00",5.91,-1.75
"2024-02-23 12:00:00",5.32,-0.5
"2024-02-23 13:00:00",4.87,0.75
"2024-02-23 13:01:00",,
"2024-02-23 14:00:00",4.81
"2024-02-23 14:01:00",,
"2024-02-23 15:00:00",5.55,0.25
"2024-02-23 16:00:00",6.41,1
"2024-02-23 17:00:00",7.31,1.5
"2024-02-23 18:00:00",9.71,3.25
"2024-02-23 19:00:00",11.12,4
"2024-02-23 20:00:00",12.56,4.5
"2024-02-23 21:00:00",15.89,6
"2024-02-23 22:00:00",7.57,4.75
"2024-02-23 23:00:00",6.47,1.5
"2024-02-24 00:00:00",5.25,3
"2024-02-24 01:00:00",4.82,2.5
"2024-02-24 02:00:00",4.04,0.75
"2024-02-24 03:00:00",3.81,-0.25
"2024-02-24 04:00:00",3.94,-0.5
"2024-02-24 05:00:00",3.62,0.75
"2024-02-24 05:01:00",,
"2024-02-24 06:00:00",3.71
"2024-02-24 06:01:00",,
"2024-02-24 07:00:00",3.63,0.5
"2024-02-24 08:00:00",4.32,1.75
"2024-02-24 09:00:00",5.23,1
"2024-02-24 10:00:00",4.77,1
"2024-02-24 11:00:00",4.45,1
"2024-02-24 12:00:00",4.49,0.5
"2024-02-24 13:00:00",4.73,-1.25
"2024-02-24 14:00:00",4.83,-0.75
"2024-02-24 15:00:00",5.21,3.25
"2024-02-24 16:00:00",5.13,4
"2024-02-24 17:00:00",6.06,3.25
"2024-02-24 18:00:00",7.32,1
"2024-02-24 19:00:00",13.24,4.75
"2024-02-24 20:00:00",15.79,16.5
"2024-02-24 21:00:00",17.48,22.25
"2024-02-24 22:00:00",19.36,32
"2024-02-24 23:00:00",17.59,22
"2024-02-25 00:00:00",14.77,16.5
"2024-02-25 01:00:00",7.7,7.75
"2024-02-25 02:00:00",6.11,2.75
"2024-02-25 03:00:00",6.06,-0.5
"2024-02-25 04:00:00",5.64,1
"2024-02-25 05:00:00",5.5,0.5
"2024-02-25 06:00:00",5.45,-0.5
"2024-02-25 07:00:00",5.56,1
"2024-02-25 08:00:00",8.53,0.75
"2024-02-25 09:00:00",7.33,-0.25
"2024-02-25 10:00:00",6.17,-1.25
"2024-02-25 11:00:00",6.22,-1.75
"2024-02-25 12:00:00",6.62,-0.25
"2024-02-25 13:00:00",7.28,2
"2024-02-25 14:00:00",6.79,1.5
"2024-02-25 15:00:00",7.89,0.5
"2024-02-25 16:00:00",7.65,2.75
"2024-02-25 17:00:00",6.43,5.25
"2024-02-25 18:00:00",6.53,6.5
"2024-02-25 19:00:00",6.99,8.25
"2024-02-25 20:00:00",6.42,8.75
"2024-02-25 21:00:00",6.03,7.75
"2024-02-25 22:00:00",5.58,7
"2024-02-25 23:00:00",5.48,6.75
"2024-02-26 00:00:00",5.08,5.25
"2024-02-26 01:00:00",4.45,2.5
"2024-02-26 02:00:00",4.19,0.75
"2024-02-26 03:00:00",4.05,-0.25
"2024-02-26 04:00:00",3.96,-0.75
"2024-02-26 05:00:00",3.89,0.25
"2024-02-26 06:00:00",3.71,0.75
"2024-02-26 07:00:00",4.8,-0.25
"2024-02-26 08:00:00",13.26,-0.75
"2024-02-26 09:00:00",19.4,1
"2024-02-26 10:00:00",15.04,4
"2024-02-26 11:00:00",7.29,3.5
"2024-02-26 12:00:00",5.34,1.75
"2024-02-26 13:00:00",5.36,3.25
"2024-02-26 14:00:00",7.28,9
"2024-02-26 15:00:00",6.87,5
"2024-02-26 16:00:00",6.89,2
"2024-02-26 17:00:00",7.47,3
"2024-02-26 18:00:00",8.46,6.25
"2024-02-26 19:00:00",9.33,7.25
"2024-02-26 20:00:00",13.8,10
"2024-02-26 21:00:00",16.6,15.75
"2024-02-26 22:00:00",19.41,15.25
"2024-02-26 23:00:00",20.01,14.75
"2024-02-27 00:00:00",17.93,10.5
"2024-02-27 01:00:00",12.59,9.75
"2024-02-27 02:00:00",9.05,11
"2024-02-27 03:00:00",7.05,7.5
"2024-02-27 04:00:00",7.58,5.75
"2024-02-27 05:00:00",4.93,4.25
"2024-02-27 06:00:00",4.58,1.5
"2024-02-27 07:00:00",6.01,0.5
"2024-02-27 08:00:00",10.69,2.25
"2024-02-27 09:00:00",12.47,2.75
"2024-02-27 10:00:00",9.83,1.25
"2024-02-27 11:00:00",8.35,-0.75
"2024-02-27 12:00:00",7.52,0.25
"2024-02-27 13:00:00",6.69,0.75
"2024-02-27 13:01:00",,
"2024-02-27 14:00:00",6.89
"2024-02-27 14:01:00",,
"2024-02-27 15:00:00",6.56,1.25
"2024-02-27 16:00:00",5.46,6.75
"2024-02-27 17:00:00",8.43,12
"2024-02-27 18:00:00",8.19,15.75
"2024-02-27 19:00:00",10.36,25.25
"2024-02-27 20:00:00",17.89,22.5
"2024-02-27 21:00:00",22.61,28.75
"2024-02-27 22:00:00",23.84,30
"2024-02-27 23:00:00",21.71,42.5
"2024-02-28 00:00:00",19.2,31.75
"2024-02-28 01:00:00",13.38,20.25
"2024-02-28 02:00:00",10.35,15
"2024-02-28 03:00:00",17.06,14.75
"2024-02-28 04:00:00",14.23,13.75
"2024-02-28 05:00:00",11.84,11.5
"2024-02-28 06:00:00",10.31,5.5
"2024-02-28 07:00:00",8.22,0.75
"2024-02-28 07:01:00",,
"2024-02-28 08:00:00",10.28
"2024-02-28 08:01:00",,
"2024-02-28 09:00:00",11.49,-0.25
"2024-02-28 10:00:00",10.41,-1.75
"2024-02-28 11:00:00",9.36,-4.25
"2024-02-28 12:00:00",7.58,-4.75
"2024-02-28 13:00:00",7.99,-5
"2024-02-28 14:00:00",7.47,-7.5
"2024-02-28 15:00:00",7.43,-5.25
"2024-02-28 16:00:00",7.98,-2.5
"2024-02-28 17:00:00",8.89,-0.5
"2024-02-28 18:00:00",8.91,0.5
"2024-02-28 19:00:00",9.13,-1
"2024-02-28 20:00:00",9.28,-1.25
"2024-02-28 21:00:00",9.19,-1.5
"2024-02-28 22:00:00",7.86,0.5
"2024-02-28 23:00:00",8.31,2
"2024-02-29 00:00:00",7.19,2.5
"2024-02-29 01:00:00",6.51,3.5
"2024-02-29 02:00:00",5.75,2.5
"2024-02-29 03:00:00",6.03,3.75
"2024-02-29 04:00:00",5.87,2.25
"2024-02-29 05:00:00",5.69,0.25
"2024-02-29 06:00:00",5.43,1.25
"2024-02-29 07:00:00",7.29,1.75
"2024-02-29 08:00:00",13.64,1
"2024-02-29 09:00:00",18.71,1.25
"2024-02-29 10:00:00",17.88,1.5
"2024-02-29 11:00:00",9.49,0.25
"2024-02-29 12:00:00",7.24,1
"2024-02-29 13:00:00",5.95,0.5
"2024-02-29 14:00:00",6.2,-0.75
"2024-02-29 15:00:00",6.02,0.5
"2024-02-29 16:00:00",7.46,1.75
"2024-02-29 17:00:00",7.67,0.75
"2024-02-29 18:00:00",8.83,0.5
"2024-02-29 19:00:00",9.33,2
"2024-02-29 20:00:00",7.45,2.5
"2024-02-29 21:00:00",6.35,4
"2024-02-29 22:00:00",5.45,3.25
"2024-02-29 23:00:00",5.34,0.25
"2024-03-01 00:00:00",4.77,-1.75
"2024-03-01 01:00:00",4.11,-0.5
"2024-03-01 02:00:00",3.79,1
"2024-03-01 03:00:00",4.05,0.75
"2024-03-01 04:00:00",3.59,0.25
"2024-03-01 05:00:00",3.65,1
"2024-03-01 06:00:00",3.7,0.75
"2024-03-01 07:00:00",4.47,-0.25
"2024-03-01 08:00:00",8.8,-1.25
"2024-03-01 09:00:00",10.25,-1.25
"2024-03-01 10:00:00",7.37,1
"2024-03-01 11:00:00",5.41,0.75
"2024-03-01 12:00:00",4.72,0.5
"2024-03-01 13:00:00",4.5,1.5
"2024-03-01 14:00:00",5.01,-0.25
"2024-03-01 15:00:00",6.24,-0.25
"2024-03-01 16:00:00",6.78,2.75
"2024-03-01 17:00:00",7.32,5.25
"2024-03-01 18:00:00",7.17,6
"2024-03-01 19:00:00",6.83,6.25
"2024-03-01 20:00:00",6.42,6.75
"2024-03-01 21:00:00",6.09,6.5
"2024-03-01 22:00:00",5.84,7.75
"2024-03-01 23:00:00",5.12,6.5
"2024-03-02 00:00:00",5.09,5.25
"2024-03-02 01:00:00",4.31,5.75
"2024-03-02 02:00:00",4.14,5.25
"2024-03-02 03:00:00",4.1,6
"2024-03-02 04:00:00",3.67,5.75
"2024-03-02 05:00:00",3.64,4.5
"2024-03-02 06:00:00",3.64,3
"2024-03-02 07:00:00",3.64,2.5
"2024-03-02 08:00:00",3.75,0.75
"2024-03-02 09:00:00",4.26,0.5
"2024-03-02 10:00:00",4.46,2
"2024-03-02 11:00:00",4.81,2
"2024-03-02 12:00:00",4.86,1.75
"2024-03-02 13:00:00",4.77,1.25
"2024-03-02 14:00:00",4.43,2.5
"2024-03-02 15:00:00",4.81,4.25
"2024-03-02 16:00:00",4.74,5.25
"2024-03-02 17:00:00",4.86,6.75
"2024-03-02 18:00:00",5.3,9
"2024-03-02 19:00:00",5.62,8.75
"2024-03-02 20:00:00",5.66,7.25
"2024-03-02 21:00:00",5.48,5.5
"2024-03-02 22:00:00",5.44,7
"2024-03-02 23:00:00",5.2,6.5
"2024-03-03 00:00:00",4.76,4.75
"2024-03-03 01:00:00",4.08,4
"2024-03-03 02:00:00",3.96,3.75
"2024-03-03 03:00:00",3.79,2.5
"2024-03-03 04:00:00",3.51,0.25
"2024-03-03 05:00:00",3.51,-2
"2024-03-03 06:00:00",3.55,-0.75
"2024-03-03 07:00:00",3.79,2.75
"2024-03-03 08:00:00",3.85,1.5
"2024-03-03 08:01:00",,
"2024-03-03 09:00:00",4.68
"2024-03-03 09:01:00",,
"2024-03-03 10:00:00",4.37
"2024-03-03 11:00:00",4.24,0.25
"2024-03-03 12:00:00",4.06,1.5
"2024-03-03 13:00:00",4.39,2.75
"2024-03-03 14:00:00",4.39,2.25
"2024-03-03 15:00:00",5.04,3.25
"2024-03-03 16:00:00",5.08,4.75
"2024-03-03 17:00:00",6,6.75
"2024-03-03 18:00:00",8.15,8.25
"2024-03-03 19:00:00",14.57,17.5
"2024-03-03 20:00:00",21.05,30
"2024-03-03 21:00:00",20.83,43.5
"2024-03-03 22:00:00",17.67,33.25
"2024-03-03 23:00:00",20.06,15.75
"2024-03-04 00:00:00",16.65,13.75
"2024-03-04 01:00:00",14.9,9.75
"2024-03-04 02:00:00",7.18,8
"2024-03-04 03:00:00",5.54,4.25
"2024-03-04 04:00:00",5.43,2.25
"2024-03-04 05:00:00",4.86,2.5
"2024-03-04 06:00:00",5,0.5
"2024-03-04 06:01:00",,
"2024-03-04 07:00:00",5.81
"2024-03-04 07:01:00",,
"2024-03-04 08:00:00",6.77,2.75
"2024-03-04 09:00:00",8.27,2.25
"2024-03-04 10:00:00",8.19,2.75
"2024-03-04 11:00:00",7.09,1.5
"2024-03-04 12:00:00",6.97,-0.5
"2024-03-04 13:00:00",7.2,-1.5
"2024-03-04 14:00:00",7.05,1.75
"2024-03-04 15:00:00",7.77,7
"2024-03-04 16:00:00",6.75,6
"2024-03-04 17:00:00",5.51,2.5
"2024-03-04 18:00:00",6.3,1.75
"2024-03-04 19:00:00",6.14,4
"2024-03-04 20:00:00",5.65,4.25
"2024-03-04 21:00:00",5.26,5.75
"2024-03-04 22:00:00",5.54,7.25
"2024-03-04 23:00:00",5.29,4.25
"2024-03-05 00:00:00",4.16,2.75
"2024-03-05 01:00:00",3.73,4.5
"2024-03-05 02:00:00",3.06,3
"2024-03-05 03:00:00",2.9,3
"2024-03-05 04:00:00",3.25,3.25
"2024-03-05 05:00:00",3.75,3.5
"2024-03-05 06:00:00",3.76,2.25
"2024-03-05 07:00:00",5.45,4
"2024-03-05 08:00:00",9.5,7
"2024-03-05 09:00:00",13.87,7
"2024-03-05 10:00:00",11.9,7
"2024-03-05 11:00:00",7.14,8.25
"2024-03-05 12:00:00",5.8,11
"2024-03-05 13:00:00",5.66,7.75
"2024-03-05 14:00:00",4.54,6.75
"2024-03-05 15:00:00",5.32,5.75
"2024-03-05 16:00:00",5.62,4.75
"2024-03-05 17:00:00",5.98,4
"2024-03-05 18:00:00",7.09,4.5
"2024-03-05 19:00:00",9.16,7.25
"2024-03-05 20:00:00",9.55,10.5
"2024-03-05 21:00:00",10.04,9.25
"2024-03-05 22:00:00",9.35,9.75
"2024-03-05 23:00:00",7.06,8.25
"2024-03-06 00:00:00",6.12,5
"2024-03-06 01:00:00",5.58,2.5
"2024-03-06 02:00:00",5.6,4
"2024-03-06 03:00:00",5.54,3.5
"2024-03-06 04:00:00",5.58,2
"2024-03-06 05:00:00",5.54,2
"2024-03-06 06:00:00",5.85,3
"2024-03-06 07:00:00",6.32,6
"2024-03-06 08:00:00",7.43,5.5
"2024-03-06 09:00:00",8.49,3.75
"2024-03-06 10:00:00",8.26,3.25
"2024-03-06 11:00:00",7.34,4.5
"2024-03-06 12:00:00",7.17,6.75
"2024-03-06 13:00:00",7.19,8.25
"2024-03-06 14:00:00",7.3,6
"2024-03-06 15:00:00",7.36,6.25
"2024-03-06 16:00:00",6.97,7.25
"2024-03-06 17:00:00",6.87,7.25
"2024-03-06 18:00:00",8.05,5
"2024-03-06 19:00:00",7.98,5
"2024-03-06 20:00:00",7.48,5.5
"2024-03-06 21:00:00",7.23,7
"2024-03-06 22:00:00",6.71,7
"2024-03-06 23:00:00",6.66,7.5
"2024-03-07 00:00:00",6.59,8.5
"2024-03-07 01:00:00",6.14,7.25
"2024-03-07 02:00:00",5.86,7.75
"2024-03-07 03:00:00",5.97,6.5
"2024-03-07 04:00:00",6.16,4.5
"2024-03-07 05:00:00",5.63,3.5
"2024-03-07 06:00:00",6.24,5.25
"2024-03-07 07:00:00",7.44,5.5
"2024-03-07 08:00:00",9.12,4
"2024-03-07 09:00:00",9.61,5
"2024-03-07 10:00:00",9.41,8.5
"2024-03-07 11:00:00",8.35,10.5
"2024-03-07 12:00:00",7.58,11.25
"2024-03-07 13:00:00",7.7,8.5
"2024-03-07 14:00:00",8.32,8.25
"2024-03-07 15:00:00",13.46,12
"2024-03-07 16:00:00",15.18,12
"2024-03-07 17:00:00",13.36,11
"2024-03-07 18:00:00",11.59,8.5
"2024-03-07 19:00:00",11.74,10.25
"2024-03-07 20:00:00",12.41,11
"2024-03-07 21:00:00",11.97,11
"2024-03-07 22:00:00",12.04,12.25
"2024-03-07 23:00:00",11.39,19.5
"2024-03-08 00:00:00",8.78,30.5
"2024-03-08 01:00:00",8.81,31.25
"2024-03-08 02:00:00",7.72,29.75
"2024-03-08 03:00:00",7.08,30
"2024-03-08 04:00:00",7.35,24.75
"2024-03-08 05:00:00",7.86,27.75
"2024-03-08 06:00:00",9.53,30
"2024-03-08 07:00:00",9.2,29.5
"2024-03-08 08:00:00",13.12,28.5
"2024-03-08 09:00:00",16.5,31.25
"2024-03-08 10:00:00",14.07,34.5
"2024-03-08 11:00:00",14.39,31.5
"2024-03-08 12:00:00",14.2,26.75
"2024-03-08 13:00:00",13.08,26.5
"2024-03-08 14:00:00",13.3,27
"2024-03-08 15:00:00",14.1,24
"2024-03-08 16:00:00",17.21,23.5
"2024-03-08 17:00:00",16.83,21.5
"2024-03-08 18:00:00",13.24,19
"2024-03-08 19:00:00",11.58,17.75
"2024-03-08 20:00:00",10.03,23.75
"2024-03-08 21:00:00",9.28,25.75
"2024-03-08 22:00:00",8.84,24.5
"2024-03-08 23:00:00",8.17,24
"2024-03-09 00:00:00",7.85,25.5
"2024-03-09 01:00:00",7.1,21
"2024-03-09 02:00:00",7.06,19.75
"2024-03-09 03:00:00",6.47,17.75
"2024-03-09 04:00:00",5.97,23.25
"2024-03-09 05:00:00",5.93,24.75
"2024-03-09 06:00:00",5.99,26.75
"2024-03-09 07:00:00",6.33,25.5
"2024-03-09 08:00:00",6.78,23.75
"2024-03-09 09:00:00",7.46,24
"2024-03-09 10:00:00",7.47,27.25
"2024-03-09 11:00:00",7.86,28
"2024-03-09 12:00:00",9.44,27.25
"2024-03-09 13:00:00",10.28,26.75
"2024-03-09 14:00:00",9.94,31.5
"2024-03-09 15:00:00",9.23,28.75
"2024-03-09 16:00:00",9.75,25
"2024-03-09 17:00:00",9.97,25
"2024-03-09 18:00:00",10.23,23.5
"2024-03-09 19:00:00",9.01,21.5
"2024-03-09 20:00:00",9.57,29
"2024-03-09 21:00:00",9.32,27.25
"2024-03-09 22:00:00",7.88,21.25
"2024-03-09 23:00:00",7.99,19.25
"2024-03-10 00:00:00",7.73,19.75
"2024-03-10 01:00:00",7.57,20.5
"2024-03-10 02:00:00",7.36,26
"2024-03-10 03:00:00",6.84,29
"2024-03-10 04:00:00",6.47,28.5
"2024-03-10 05:00:00",6.06,25.5
"2024-03-10 06:00:00",6.11,22
"2024-03-10 07:00:00",5.81,24
"2024-03-10 08:00:00",5.92,21.25
"2024-03-10 09:00:00",7.18,22
"2024-03-10 10:00:00",7.16,21
"2024-03-10 11:00:00",6.77,19.5
"2024-03-10 12:00:00",7.02,22.75
"2024-03-10 13:00:00",7.63,18.25
"2024-03-10 14:00:00",7.88,16.75
"2024-03-10 15:00:00",8.4,17.75
"2024-03-10 16:00:00",8.01,14.75
"2024-03-10 17:00:00",7.78,18
"2024-03-10 18:00:00",8.3,21
"2024-03-10 19:00:00",8.74,21.75
"2024-03-10 20:00:00",9.27,24
"2024-03-10 21:00:00",8.95,25.75
"2024-03-10 22:00:00",7.64,29.25
"2024-03-10 23:00:00",7.18,22.75
"2024-03-11 00:00:00",6.56,19.25
"2024-03-11 01:00:00",6.3,19.25
"2024-03-11 02:00:00",5.86,17.75
"2024-03-11 03:00:00",5.65,19
"2024-03-11 04:00:00",5.29,16.75
"2024-03-11 05:00:00",5.38,17.75
"2024-03-11 06:00:00",5.09,14.75
"2024-03-11 07:00:00",6.35,17.25
"2024-03-11 08:00:00",8.7,17.75
"2024-03-11 09:00:00",13.62,17
"2024-03-11 10:00:00",15.34,14.75
"2024-03-11 11:00:00",10.07,8.5
"2024-03-11 12:00:00",7.19,9.25
"2024-03-11 13:00:00",7.34,7.75
"2024-03-11 14:00:00",6.97,9.5
"2024-03-11 15:00:00",7.05,7.75
"2024-03-11 16:00:00",7.62,7.25
"2024-03-11 17:00:00",7.97,8
"2024-03-11 18:00:00",8.73,7.5
"2024-03-11 19:00:00",8.7,5.25
"2024-03-11 20:00:00",7.16,2.75
"2024-03-11 21:00:00",6.16,1.75
"2024-03-11 22:00:00",5.46,0.25
"2024-03-11 23:00:00",5.36,-2.25
"2024-03-12 00:00:00",5.55,-2.25
"2024-03-12 01:00:00",5.28,0.5
"2024-03-12 02:00:00",4.95,1.5
"2024-03-12 03:00:00",4.75,-0.75
"2024-03-12 04:00:00",5.21,-2
"2024-03-12 05:00:00",4.94,1.25
"2024-03-12 06:00:00",5.31,2.25
"2024-03-12 07:00:00",6.12,3.25
"2024-03-12 08:00:00",9.46,3.5
"2024-03-12 09:00:00",10.49,1.5
"2024-03-12 10:00:00",8.58,0.25
"2024-03-12 11:00:00",6.57,1
"2024-03-12 12:00:00",6.34,1.25
"2024-03-12 13:00:00",6,1.75
"2024-03-12 14:00:00",5.72,2
"2024-03-12 15:00:00",6.09,5.25
"2024-03-12 16:00:00",6.18,5.25
"2024-03-12 17:00:00",6.84,2.5
"2024-03-12 18:00:00",7.2,2
"2024-03-12 19:00:00",6.73,5.25
"2024-03-12 20:00:00",6.49,6.25
"2024-03-12 21:00:00",6,7
"2024-03-12 22:00:00",5.65,6.5
"2024-03-12 23:00:00",5.17,5.5
"2024-03-13 00:00:00",4.89,7.5
"2024-03-13 01:00:00",5.01,8.25
"2024-03-13 02:00:00",4.52,6
"2024-03-13 02:01:00",,
"2024-03-13 03:00:00",4.31
"2024-03-13 03:01:00",,
"2024-03-13 04:00:00",4.29
"2024-03-13 05:00:00",4.57
"2024-03-13 06:00:00",4.82
"2024-03-13 07:00:00",5.09
"2024-03-13 08:00:00",7.58
"2024-03-13 09:00:00",7.67
"2024-03-13 10:00:00",7.67
"2024-03-13 11:00:00",7.43
"2024-03-13 12:00:00",6.46
"2024-03-13 13:00:00",6.68
"2024-03-13 14:00:00",7.04,-0.25
"2024-03-13 15:00:00",7.15,-1
"2024-03-13 16:00:00",7.7,-0.75
"2024-03-13 16:01:00",,
"2024-03-13 17:00:00",7.9
"2024-03-13 17:01:00",,
"2024-03-13 18:00:00",7.75,-0.25
"2024-03-13 19:00:00",7.09,-0.25
"2024-03-13 20:00:00",6.67,2.5
"2024-03-13 21:00:00",6.08,3.5
"2024-03-13 22:00:00",5.83,1.25
"2024-03-13 23:00:00",5.7,-1.25
"2024-03-14 00:00:00",5.25,-2
"2024-03-14 01:00:00",4.99,-2
"2024-03-14 02:00:00",4.94,-2
"2024-03-14 03:00:00",4.36,-1.25
"2024-03-14 04:00:00",4.44,1.5
"2024-03-14 05:00:00",4.44,3
"2024-03-14 06:00:00",4.76,3.25
"2024-03-14 07:00:00",5.68,3.25
"2024-03-14 08:00:00",6.63,0.5
"2024-03-14 09:00:00",7.33,-0.25
"2024-03-14 10:00:00",7.31,1.75
"2024-03-14 11:00:00",6.63,1.67
"2024-03-14 12:00:00",6.94,2.5
"2024-03-14 13:00:00",6.21,0.5
"2024-03-14 14:00:00",5.83,-1
"2024-03-14 15:00:00",7.02,-5
"2024-03-14 16:00:00",7.24,-4.75
"2024-03-14 17:00:00",7.4,-4
"2024-03-14 18:00:00",7.5,-3.5
"2024-03-14 19:00:00",6.87,-2.25
"2024-03-14 20:00:00",6.81,-3.25
"2024-03-14 21:00:00",6.77,-3.5
"2024-03-14 22:00:00",6.96,-1.75
"2024-03-14 23:00:00",6.8,-1.25
"2024-03-15 00:00:00",5.28,-2.25
"2024-03-15 01:00:00",5.14,-3
"2024-03-15 02:00:00",5.04,-3.25
"2024-03-15 03:00:00",5.38,-3.5
"2024-03-15 04:00:00",5.77,-2
"2024-03-15 05:00:00",5.55,-2.5
"2024-03-15 06:00:00",5.88,-3.25
"2024-03-15 07:00:00",6.25,-1.25
"2024-03-15 07:01:00",,
"2024-03-15 08:01:00",,
"2024-03-15 11:00:00",7.67,-2
"2024-03-15 11:01:00",,
"2024-03-15 12:01:00",,
"2024-03-15 14:00:00",8.26,-4
"2024-03-15 15:00:00",7.58,-3.75
"2024-03-15 16:00:00",7.85,-2.5
"2024-03-15 16:01:00",,
"2024-03-15 17:01:00",,
"2024-03-17 11:00:00",7.12,-1.75
"2024-03-17 12:00:00",6.85,-1
"2024-03-17 13:00:00",6.67,-1.25
"2024-03-17 14:00:00",6.28,-1.75
"2024-03-17 15:00:00",6.36,-1.5
"2024-03-17 16:00:00",6.54,-3
"2024-03-17 17:00:00",5.9,-2.75
"2024-03-17 18:00:00",5.68,-2
"2024-03-17 19:00:00",6.08,-1.5
"2024-03-17 19:01:00",,
"2024-03-17 20:00:00",7.19
"2024-03-17 20:01:00",,
"2024-03-17 21:00:00",6.69
"2024-03-17 22:00:00",6.31
"2024-03-17 23:00:00",5.9,-0.75
"2024-03-18 00:00:00",6.04,-3.5
"2024-03-18 01:00:00",5.93,-5.25
"2024-03-18 02:00:00",5.61,-5.25
"2024-03-18 03:00:00",5.8,-2.75
"2024-03-18 04:00:00",5.57,-2.75
"2024-03-18 05:00:00",4.99,-4.75
"2024-03-18 06:00:00",4.81,-3.25
"2024-03-18 07:00:00",5.85,-1
"2024-03-18 08:00:00",6.52,-1.25
"2024-03-18 09:00:00",6.11,-1.25
"2024-03-18 10:00:00",5.13,1
"2024-03-18 10:01:00",,
"2024-03-18 11:01:00",,
"2024-03-18 17:00:00",5.15,-1
"2024-03-18 18:00:00",4.85,-2.5
"2024-03-18 19:00:00",5.16,-3.25
"2024-03-18 20:00:00",5.26,-1.5
"2024-03-18 21:00:00",5.08,-3.5
"2024-03-18 22:00:00",5.17,-4
"2024-03-18 23:00:00",5.76,-1.5
"2024-03-19 00:00:00",7.01,-3
"2024-03-19 01:00:00",5.36,-1.5
"2024-03-19 02:00:00",5.23,-0.75
"2024-03-19 03:00:00",5,-3.25
"2024-03-19 04:00:00",4.84,-3.5
"2024-03-19 05:00:00",4.85,-2
"2024-03-19 06:00:00",4.74,-4
"2024-03-19 07:00:00",5.95,-4.5
"2024-03-19 08:00:00",8.04,-2.5
"2024-03-19 09:00:00",9.89,-1
"2024-03-19 10:00:00",10.53,-0.5
"2024-03-19 11:00:00",8.22,0.75
"2024-03-19 12:00:00",6.93,-0.75
"2024-03-19 13:00:00",6.48,-3
"2024-03-19 14:00:00",5.57,-3.25
"2024-03-19 15:00:00",5.4,-4
"2024-03-19 16:00:00",6.39,-4.5
"2024-03-19 17:00:00",6.69,-4.75
"2024-03-19 18:00:00",7.16,-3.25
"2024-03-19 19:00:00",8.1,-0.75
"2024-03-19 20:00:00",8.11,-0.75
"2024-03-19 21:00:00",8.18,-2.75
"2024-03-19 22:00:00",9.64,-2
"2024-03-19 23:00:00",9.95,-2.75
"2024-03-20 00:00:00",8.64,-4.75
"2024-03-20 01:00:00",7.14,-3.5
"2024-03-20 02:00:00",6.06,-1.5
"2024-03-20 03:00:00",5.63,-0.25
"2024-03-20 04:00:00",5.54,-1
"2024-03-20 05:00:00",5.49,-0.75
"2024-03-20 06:00:00",5.41,-0.5
"2024-03-20 07:00:00",6.32,-2
"2024-03-20 07:01:00",,
"2024-03-20 08:01:00",,
"2024-03-20 09:00:00",7.33,-0.75
"2024-03-20 10:00:00",7.66,-3
"2024-03-20 11:00:00",6.96,-2
"2024-03-20 12:00:00",6.83,-2.5
"2024-03-20 13:00:00",7.08,-4
"2024-03-20 14:00:00",7.02,-4
"2024-03-20 15:00:00",7.11,3
"2024-03-20 16:00:00",7.1,3.75
"2024-03-20 17:00:00",7.45,5.5
"2024-03-20 18:00:00",8.67,4.75
"2024-03-20 19:00:00",13.81,9
"2024-03-20 20:00:00",17.17,17.5
"2024-03-20 21:00:00",19.18,28.5
"2024-03-20 22:00:00",18.99,32.25
"2024-03-20 23:00:00",16.95,12.75
"2024-03-20 23:01:00",,
"2024-03-21 00:01:00",,
"2024-03-21 01:00:00",8.45,10.5
"2024-03-21 02:00:00",6.11,8.25
"2024-03-21 03:00:00",5.73,6.25
"2024-03-21 04:00:00",4.91,6.5
"2024-03-21 05:00:00",5.24,4.25
"2024-03-21 06:00:00",4.86,1
"2024-03-21 07:00:00",6.49,-2
"2024-03-21 08:00:00",9.67,-1.5
"2024-03-21 09:00:00",8.79,1
"2024-03-21 10:00:00",8.57,3.5
"2024-03-21 10:01:00",,
"2024-03-21 11:01:00",,
"2024-03-21 12:00:00",7.24,4.75
"2024-03-21 13:00:00",8.13,11.5
"2024-03-21 13:01:00",,
"2024-03-21 14:01:00",,
"2024-03-21 15:00:00",8.15,5.25
"2024-03-21 16:00:00",8.39,5.25
"2024-03-21 17:00:00",8.11,2.75
"2024-03-21 18:00:00",9.08,1.75
"2024-03-21 19:00:00",9.19,0.25
"2024-03-21 20:00:00",11.11,-2.25
"2024-03-21 21:00:00",10.74,-2.75
"2024-03-21 22:00:00",8.78,-1.25
"2024-03-21 23:00:00",7.5,1
"2024-03-22 00:00:00",6.84,0.75
"2024-03-22 00:01:00",,
"2024-03-22 01:00:00",6.33
"2024-03-22 01:01:00",,
"2024-03-22 02:00:00",6.38,2
"2024-03-22 03:00:00",5.81,8.25
"2024-03-22 03:01:00",,
"2024-03-22 04:01:00",,
"2024-03-22 05:00:00",5.91,4.25
"2024-03-22 06:00:00",5.21,2.5
"2024-03-22 06:01:00",,
"2024-03-22 07:01:00",,
"2024-03-22 08:00:00",9.66,4.25
"2024-03-22 09:00:00",7.68,1.75
"2024-03-22 10:00:00",5.8,1.5
"2024-03-22 11:00:00",5.63,3
"2024-03-22 12:00:00",5.36,2.5
"2024-03-22 13:00:00",5.39,1.25
"2024-03-22 14:00:00",5.3,2
"2024-03-22 15:00:00",5.41,1.5
"2024-03-22 16:00:00",5.5,-0.25
"2024-03-22 16:01:00",,
"2024-03-22 17:00:00",6.04
"2024-03-22 17:01:00",,
"2024-03-22 18:00:00",5.67,3.25
"2024-03-22 19:00:00",6.45,4.25
"2024-03-22 20:00:00",6.16,4.25
"2024-03-22 20:01:00",,
"2024-03-22 21:01:00",,
"2024-03-22 22:00:00",6.05,2
"2024-03-22 23:00:00",5.91,2.5
"2024-03-23 00:00:00",4.73,3.75
"2024-03-23 01:00:00",4.39,2.25
"2024-03-23 01:01:00",,
"2024-03-23 02:00:00",4.29
"2024-03-23 02:01:00",,
"2024-03-23 03:00:00",3.97,-0.5
"2024-03-23 04:00:00",4.02,-2
"2024-03-23 05:00:00",3.84,-1.5
"2024-03-23 06:00:00",3.61,-0.25
"2024-03-23 07:00:00",3.69,-1.25
"2024-03-23 08:00:00",4.26,-0.75
"2024-03-23 09:00:00",4.27,2.5
"2024-03-23 10:00:00",4.15,0.5
"2024-03-23 11:00:00",4.06,0.5
"2024-03-23 12:00:00",4.35,4.5
"2024-03-23 13:00:00",4.27,2.5
"2024-03-23 13:01:00",,
"2024-03-23 14:01:00",,
"2024-03-23 15:00:00",4.39,0.5
"2024-03-23 16:00:00",4.67,2.25
"2024-03-23 17:00:00",4.65,3
"2024-03-23 18:00:00",4.53,3.75
"2024-03-23 19:00:00",4.98,5.75
"2024-03-23 20:00:00",6.33,6.25
"2024-03-23 21:00:00",6.02,9.5
"2024-03-23 22:00:00",5.4,7.5
"2024-03-23 23:00:00",4.77,5.25
"2024-03-23 23:01:00",,
"2024-03-24 00:01:00",,
"2024-03-24 01:00:00",5.62,5.25
"2024-03-24 02:00:00",6.06,2.75
"2024-03-24 03:00:00",4.63,2
"2024-03-24 04:00:00",3.94,2.75
"2024-03-24 04:01:00",,
"2024-03-24 05:01:00",,
"2024-03-24 06:00:00",3.54,1.5
"2024-03-24 07:00:00",4.41,0.5
"2024-03-24 08:00:00",4.43,1.75
"2024-03-24 09:00:00",5.58,2.25
"2024-03-24 10:00:00",7.59,5.75
"2024-03-24 11:00:00",6.34,5
"2024-03-24 12:00:00",5.01,4.5
"2024-03-24 13:00:00",5.57,2
"2024-03-24 14:00:00",6.04,-1
"2024-03-24 15:00:00",10.24,-1.25
"2024-03-24 16:00:00",13.66,-1.25
"2024-03-24 17:00:00",7.48,1.25
"2024-03-24 18:00:00",6.37,1.25
"2024-03-24 18:01:00",,
"2024-03-24 19:01:00",,
"2024-03-24 20:00:00",6.01,-1
"2024-03-24 21:00:00",5.33,-1.5
"2024-03-24 21:01:00",,
"2024-03-24 22:01:00",,
"2024-03-24 23:00:00",5.29,-0.75
"2024-03-25 00:00:00",4.97,-0.25
"2024-03-25 01:00:00",4.4,-1
"2024-03-25 02:00:00",4.43,-1
"2024-03-25 03:00:00",4.52,-0.75
"2024-03-25 03:01:00",,
"2024-03-25 04:01:00",,
"2024-03-25 05:00:00",4.84,-1
"2024-03-25 06:00:00",4.97,-0.75
"2024-03-25 07:00:00",5.57,-0.5
"2024-03-25 07:01:00",,
"2024-03-25 08:01:00",,
"2024-03-25 09:00:00",9.59,-1
"2024-03-25 10:00:00",12.13,-1.25
"2024-03-25 11:00:00",10.1,-1.75
"2024-03-25 12:00:00",10.37,-1
"2024-03-25 13:00:00",10.43,-1
"2024-03-25 14:00:00",7.58,-1.5
"2024-03-25 15:00:00",6.65,-2.75
"2024-03-25 15:01:00",,
"2024-03-25 16:00:00",6.37
"2024-03-25 16:01:00",,
"2024-03-25 17:00:00",6.71,5.5
"2024-03-25 18:00:00",10.73,4
"2024-03-25 19:00:00",8.68,3.5
"2024-03-25 20:00:00",13.48,2.75
"2024-03-25 21:00:00",19.73,10.25
"2024-03-25 22:00:00",19.05,26.75
"2024-03-25 23:00:00",17.15,27.5
"2024-03-26 00:00:00",10.6,17.75
"2024-03-26 01:00:00",6.54,2.75
"2024-03-26 02:00:00",5.7,4.75
"2024-03-26 03:00:00",5.5,5.5
"2024-03-26 04:00:00",4.96,8.75
"2024-03-26 05:00:00",4.72,3.5
"2024-03-26 06:00:00",4.55,-0.75
"2024-03-26 06:01:00",,
"2024-03-26 07:00:00",5.23
"2024-03-26 07:01:00",,
"2024-03-26 08:00:00",6.42,-1
"2024-03-26 09:00:00",6.42,-0.5
"2024-03-26 10:00:00",6.23,1
"2024-03-26 10:01:00",,
"2024-03-26 11:01:00",,
"2024-03-26 12:00:00",7
"2024-03-26 13:00:00",7.34,2.75
"2024-03-26 14:00:00",7.07,9.25
"2024-03-26 15:00:00",7.3,3.25
"2024-03-26 15:01:00",,
"2024-03-26 16:01:00",,
"2024-03-26 17:00:00",8.17,0.5
"2024-03-26 17:01:00",,
"2024-03-26 18:00:00",7.89
"2024-03-26 18:01:00",,
"2024-03-26 19:00:00",8.55,3.5
"2024-03-26 20:00:00",13.37,8.5
"2024-03-26 21:00:00",17.87,16
"2024-03-26 22:00:00",15.46,8.25
"2024-03-26 23:00:00",9.54,11.25
"2024-03-27 00:00:00",8.78,8
"2024-03-27 01:00:00",7,4
"2024-03-27 01:01:00",,
"2024-03-27 02:00:00",5.93
"2024-03-27 02:01:00",,
"2024-03-27 03:00:00",5.09,-3.25
"2024-03-27 04:00:00",3.99,-4
"2024-03-27 05:00:00",4.42,-3.5
"2024-03-27 06:00:00",4.42,-2.25
"2024-03-27 07:00:00",5.38,-3.25
"2024-03-27 08:00:00",7.88,-3
"2024-03-27 09:00:00",6.62,-0.25
"2024-03-27 10:00:00",6.11,-0.75
"2024-03-27 10:01:00",,
"2024-03-27 11:00:00",6.52
"2024-03-27 11:01:00",,
"2024-03-27 12:00:00",7.08,1
"2024-03-27 13:00:00",8.49,4
"2024-03-27 14:00:00",6.77,4
"2024-03-27 15:00:00",5.1,3
"2024-03-27 16:00:00",6.05,2.25
"2024-03-27 16:01:00",,
"2024-03-27 17:01:00",,
"2024-03-27 18:00:00",6.01,1.75
"2024-03-27 19:00:00",6.83,3.75
"2024-03-27 20:00:00",9.21,3.5
"2024-03-27 21:00:00",7.4,4.75
"2024-03-27 22:00:00",8.73,3.75
"2024-03-27 23:00:00",10.58,3
"2024-03-27 23:01:00",,
"2024-03-28 00:01:00",,
"2024-03-28 01:00:00",6.47,2.5
"2024-03-28 02:00:00",6.15,1
"2024-03-28 03:00:00",6.89,1
"2024-03-28 04:00:00",5.63,1.25
"2024-03-28 05:00:00",5.11,2
"2024-03-28 06:00:00",4.97,1.25
"2024-03-28 07:00:00",6.31,-0.75
"2024-03-28 08:00:00",8.99,0.75
"2024-03-28 09:00:00",8.97,2.75
"2024-03-28 10:00:00",8.08,1.75
"2024-03-28 11:00:00",7.65,1.25
"2024-03-28 12:00:00",5.95,1.75
"2024-03-28 13:00:00",5.86,1
"2024-03-28 14:00:00",6.13,1.75
"2024-03-28 15:00:00",5.98,3.5
"2024-03-28 16:00:00",5.35,1.25
"2024-03-28 17:00:00",5.54,-1.5
"2024-03-28 18:00:00",5.74,-2.25
"2024-03-28 19:00:00",7.51,0.25
"2024-03-28 20:00:00",8.84,0.75
"2024-03-28 21:00:00",8.14,1
"2024-03-28 22:00:00",10.51,4.25
"2024-03-28 23:00:00",12.22,4.25
"2024-03-29 00:00:00",7.86,1.5
"2024-03-29 01:00:00",6.71,0.25
"2024-03-29 02:00:00",6.05,1.5
"2024-03-29 03:00:00",5.22,3
"2024-03-29 04:00:00",4.71,2.75
"2024-03-29 05:00:00",4.73,1.25
"2024-03-29 06:00:00",4.96,-1.5
"2024-03-29 07:00:00",10.31,-2.75
"2024-03-29 08:00:00",14.89,-1.75
"2024-03-29 09:00:00",12.81,-0.25
"2024-03-29 10:00:00",7.44,2
"2024-03-29 11:00:00",6.06,1.5
"2024-03-29 11:01:00",,
"2024-03-29 12:00:00",6.7
"2024-03-29 12:01:00",,
"2024-03-29 13:00:00",6.97,0.25
"2024-03-29 14:00:00",5.97,1
"2024-03-29 15:00:00",5.63,0.25
"2024-03-29 16:00:00",5.66,-2
"2024-03-29 17:00:00",5.72,-2
"2024-03-29 18:00:00",5.81,-1.25
"2024-03-29 19:00:00",6.16,1.5
"2024-03-29 20:00:00",7.43,2.5
"2024-03-29 21:00:00",8.35,1.5
"2024-03-29 22:00:00",8.41,2.5
"2024-03-29 23:00:00",6.87,1
"2024-03-30 00:00:00",6.64,1.25
"2024-03-30 01:00:00",6.42,2.25
"2024-03-30 02:00:00",6.15,2.75
"2024-03-30 03:00:00",8.69,1.75
"2024-03-30 03:01:00",,
"2024-03-30 04:01:00",,
"2024-03-30 05:00:00",5.91,1.25
"2024-03-30 06:00:00",5.11,-1
"2024-03-30 07:00:00",5.01,-0.5
"2024-03-30 08:00:00",5.91,1
"2024-03-30 09:00:00",4.93,1.5
"2024-03-30 10:00:00",4.69,3
"2024-03-30 11:00:00",4.43,2.5
"2024-03-30 12:00:00",4.83,1
"2024-03-30 13:00:00",4.89,0.75
"2024-03-30 14:00:00",4.91,0.25
"2024-03-30 15:00:00",4.75,1.5
"2024-03-30 16:00:00",5.23,2.5
"2024-03-30 17:00:00",5.73,0.25
"2024-03-30 18:00:00",5.98,-0.75
"2024-03-30 19:00:00",6.45,3.25
"2024-03-30 20:00:00",9.01,4.25
"2024-03-30 21:00:00",9.65,4.5
"2024-03-30 22:00:00",7.63,2.75
"2024-03-30 23:00:00",8.82,1.5
"2024-03-31 00:00:00",6.93,-0.5
"2024-03-31 02:00:00",5.8,-1.43
"2024-03-31 02:01:00",,
"2024-03-31 03:00:00",5.27
"2024-03-31 03:01:00",,
"2024-03-31 04:00:00",5.05
"2024-03-31 05:00:00",7.4,1
"2024-03-31 06:00:00",8.31,0.5
"2024-03-31 07:00:00",10.04,-1.25
"2024-03-31 08:00:00",10.88,-1.75
"2024-03-31 09:00:00",8.64,-0.5
"2024-03-31 10:00:00",9.69,1
"2024-03-31 11:00:00",7.15,0.5
"2024-03-31 12:00:00",6.93,-1
"2024-03-31 13:00:00",6.8,-0.75
"2024-03-31 14:00:00",7.23,0.75
"2024-03-31 15:00:00",8.55,3
"2024-03-31 16:00:00",9.3,9
"2024-03-31 17:00:00",8.44,8.25
"2024-03-31 18:00:00",8.35,4.75
"2024-03-31 19:00:00",8.59,2
"2024-03-31 20:00:00",8.74,5.75
"2024-03-31 21:00:00",9.21,7.75
"2024-03-31 22:00:00",8.1,6.75
"2024-03-31 23:00:00",7.24,5.75
"2024-04-01 00:00:00",6.73,4.5
"2024-04-01 01:00:00",6.64,6.25
"2024-04-01 02:00:00",5.97,13
"2024-04-01 03:00:00",5.85,5
"2024-04-01 04:00:00",5.96,6.75
"2024-04-01 05:00:00",6.14,1.75
"2024-04-01 06:00:00",6.45,-1.75
"2024-04-01 07:00:00",9.67,-1
"2024-04-01 08:00:00",11.45,-1.5
"2024-04-01 09:00:00",10.11,-3.25
"2024-04-01 10:00:00",9.81,-3.75
"2024-04-01 11:00:00",7.82,-2
"2024-04-01 12:00:00",6.85,2
"2024-04-01 13:00:00",6.67,4
"2024-04-01 14:00:00",6.39,1
"2024-04-01 15:00:00",6.97,-2
"2024-04-01 16:00:00",7.09,-2.75
"2024-04-01 17:00:00",7.36,-4.75
"2024-04-01 18:00:00",7.12,-4
"2024-04-01 19:00:00",7.96,7
"2024-04-01 20:00:00",8.72,7
"2024-04-01 21:00:00",12.43,8.5
"2024-04-01 22:00:00",17.12,15.25
"2024-04-01 23:00:00",16.27,21.25
"2024-04-02 00:00:00",11.7,17
"2024-04-02 01:00:00",9.48,12.5
"2024-04-02 02:00:00",8.79,15.75
"2024-04-02 03:00:00",7.16,13
"2024-04-02 04:00:00",6.64,12.5
"2024-04-02 05:00:00",6.18,2.5
"2024-04-02 06:00:00",7.21,4
"2024-04-02 07:00:00",8.91,5.25
"2024-04-02 08:00:00",11.44,9.25
"2024-04-02 09:00:00",16.2,10.25
"2024-04-02 10:00:00",18.98,10.5
"2024-04-02 11:00:00",19.07,7.75
"2024-04-02 12:00:00",10.68,3.25
"2024-04-02 13:00:00",8.95,1.25
"2024-04-02 14:00:00",11.27,1.75
"2024-04-02 15:00:00",10.23,0.75
"2024-04-02 16:00:00",9.73,0.75
"2024-04-02 17:00:00",12.35,2.75
"2024-04-02 18:00:00",12.12,1.5
"2024-04-02 18:01:00",,
"2024-04-02 19:00:00",9.98
"2024-04-02 19:01:00",,
"2024-04-02 20:00:00",9.61,0.25
"2024-04-02 21:00:00",8.48,1.5
"2024-04-02 22:00:00",8.83,3
"2024-04-02 23:00:00",7.81,2.75
"2024-04-03 00:00:00",6.18,2.25
"2024-04-03 01:00:00",5.96,2.75
"2024-04-03 02:00:00",5.67,2
"2024-04-03 03:00:00",5.51,1.25
"2024-04-03 04:00:00",5.5,-1.75
"2024-04-03 05:00:00",5.7,-3.25
"2024-04-03 06:00:00",6.12,-1.25
"2024-04-03 07:00:00",9.22,-2
"2024-04-03 08:00:00",11.97,-2
"2024-04-03 09:00:00",9.67,-2.25
"2024-04-03 10:00:00",7.14,-2.25
"2024-04-03 11:00:00",6.77,0.25
"2024-04-03 12:00:00",6.58,0.5
"2024-04-03 13:00:00",7.05,-0.5
"2024-04-03 14:00:00",6.86,1.25
"2024-04-03 15:00:00",6.59,1.75
"2024-04-03 16:00:00",7.12,1
"2024-04-03 17:00:00",7.13,1
"2024-04-03 17:01:00",,
"2024-04-03 18:00:00",9.9
"2024-04-03 18:01:00",,
"2024-04-03 19:00:00",12.95,-2.5
"2024-04-03 19:01:00",,
"2024-04-03 20:00:00",12.67
"2024-04-03 20:01:00",,
"2024-04-03 21:00:00",12.75,3.5
"2024-04-03 22:00:00",9.8,5
"2024-04-03 23:00:00",8.2,-1
"2024-04-04 00:00:00",6.94,-1.5
"2024-04-04 01:00:00",6.29,-2.25
"2024-04-04 02:00:00",5.81,0.75
"2024-04-04 03:00:00",5.78,3.5
"2024-04-04 04:00:00",6.54,4.5
"2024-04-04 05:00:00",6.17,2.25
"2024-04-04 06:00:00",6.38,-0.25
"2024-04-04 07:00:00",7.26,-1
"2024-04-04 08:00:00",11.02,-0.5
"2024-04-04 09:00:00",10.87,0.5
"2024-04-04 10:00:00",10.72,2.5
"2024-04-04 11:00:00",9.21,3.5
"2024-04-04 12:00:00",8.51,2
"2024-04-04 13:00:00",9.1,1.75
"2024-04-04 14:00:00",7.47,0.5
"2024-04-04 15:00:00",7.13,-0.25
"2024-04-04 16:00:00",7.84,2.5
"2024-04-04 17:00:00",10.23,4.5
"2024-04-04 18:00:00",10.7,5.5
"2024-04-04 19:00:00",6.8,4
"2024-04-04 20:00:00",7.12,4
"2024-04-04 21:00:00",5.97,3.75
"2024-04-04 22:00:00",5.5,3.75
"2024-04-04 23:00:00",5.58,6.5
"2024-04-05 00:00:00",5.75,7.75
"2024-04-05 01:00:00",5.46,6.75
"2024-04-05 02:00:00",5.07,7.5
"2024-04-05 03:00:00",4.95,12
"2024-04-05 04:00:00",4.62,12
"2024-04-05 05:00:00",4.43,11.5
"2024-04-05 06:00:00",5.02,10.5
"2024-04-05 07:00:00",5.24,12.25
"2024-04-05 08:00:00",5.22,13
"2024-04-05 09:00:00",5.1,12
"2024-04-05 10:00:00",5,12
"2024-04-05 11:00:00",5.12,12.75
"2024-04-05 12:00:00",5.46,16
"2024-04-05 13:00:00",4.99,18.75
"2024-04-05 14:00:00",5.14,15.5
"2024-04-05 15:00:00",5.45,10.5
"2024-04-05 16:00:00",5.71,17.25
"2024-04-05 17:00:00",5.7,13.5
"2024-04-05 18:00:00",5.68,8.5
"2024-04-05 19:00:00",6.01,7
"2024-04-05 20:00:00",6.65,4
"2024-04-05 21:00:00",6.62,3.5
"2024-04-05 22:00:00",5.59,1
"2024-04-05 23:00:00",5.52,-2
"2024-04-06 00:00:00",4.98,2
"2024-04-06 01:00:00",4.67,3.5
"2024-04-06 02:00:00",4.71,8
"2024-04-06 03:00:00",5.18,9
"2024-04-06 04:00:00",4.99,8.75
"2024-04-06 05:00:00",4.6,9.75
"2024-04-06 06:00:00",4.25,15.25
"2024-04-06 07:00:00",3.9,16.25
"2024-04-06 08:00:00",3.95,17
"2024-04-06 09:00:00",3.9,15
"2024-04-06 10:00:00",3.68,14.5
"2024-04-06 11:00:00",3.85,13.25
"2024-04-06 12:00:00",3.84,13.5
"2024-04-06 13:00:00",3.8,13.25
"2024-04-06 14:00:00",3.58,16
"2024-04-06 15:00:00",3.79,14
"2024-04-06 16:00:00",4.01,17
"2024-04-06 17:00:00",3.47,8
"2024-04-06 18:00:00",4.13,8
"2024-04-06 19:00:00",4.36,7.75
"2024-04-06 20:00:00",3.93,7
"2024-04-06 21:00:00",3.87,4
"2024-04-06 22:00:00",3.89,4.5
"2024-04-06 23:00:00",4.19,6
"2024-04-07 00:00:00",3.59,6
"2024-04-07 01:00:00",3.71,3
"2024-04-07 02:00:00",3.39,2.5
"2024-04-07 03:00:00",3.42,1
"2024-04-07 04:00:00",3.83,4
"2024-04-07 05:00:00",3.51,4
"2024-04-07 06:00:00",3.85,4.5
"2024-04-07 07:00:00",3.9,5.5
"2024-04-07 08:00:00",4.08,3.5
"2024-04-07 09:00:00",3.8,1.75
"2024-04-07 10:00:00",3.57,1.5
"2024-04-07 11:00:00",3.43,3.25
"2024-04-07 12:00:00",3.84,4
"2024-04-07 13:00:00",4.44,3
"2024-04-07 14:00:00",4.45,2.75
"2024-04-07 15:00:00",4.28,1.5
"2024-04-07 16:00:00",4.35,0.5
"2024-04-07 17:00:00",4.38,1.75
"2024-04-07 18:00:00",4.64,1.25
"2024-04-07 19:00:00",5.05,2
"2024-04-07 20:00:00",5.88,1.5
"2024-04-07 21:00:00",5.94,0.5
"2024-04-07 22:00:00",6.02,2.25
"2024-04-07 23:00:00",7.28,3.75
"2024-04-08 00:00:00",7.35,5.5
"2024-04-08 01:00:00",7.31,3.75
"2024-04-08 02:00:00",5.32,2.75
"2024-04-08 03:00:00",4.8,1
"2024-04-08 04:00:00",5.28,-1.25
"2024-04-08 05:00:00",4.88,1.25
"2024-04-08 06:00:00",5.77,1.5
"2024-04-08 07:00:00",6.79,-0.25
"2024-04-08 08:00:00",7.87,-1.75
"2024-04-08 09:00:00",7.4,-3
"2024-04-08 10:00:00",6.18,0.75
"2024-04-08 11:00:00",5.86,2.5
"2024-04-08 12:00:00",5.64,0.75
"2024-04-08 13:00:00",6.45,-0.25
"2024-04-08 14:00:00",6.64,-1
"2024-04-08 15:00:00",6.54,2
"2024-04-08 16:00:00",6.68,2
"2024-04-08 17:00:00",6.58,3
"2024-04-08 18:00:00",6.16,3.75
"2024-04-08 19:00:00",5.3,6
"2024-04-08 20:00:00",5.31,6
"2024-04-08 21:00:00",4.55,4.75
"2024-04-08 22:00:00",4.49,1.5
"2024-04-08 23:00:00",4.14,3
"2024-04-09 00:00:00",4.03,2.75
"2024-04-09 01:00:00",3.79,2.25
"2024-04-09 02:00:00",3.84,3
"2024-04-09 03:00:00",3.72,4
"2024-04-09 04:00:00",3.52,7
"2024-04-09 05:00:00",3.55,2
"2024-04-09 06:00:00",4.7,2
"2024-04-09 07:00:00",6.04,2.75
"2024-04-09 08:00:00",7.13,4.5
"2024-04-09 09:00:00",5.76,3.25
"2024-04-09 10:00:00",4.55,4
"2024-04-09 11:00:00",4.75,3.25
"2024-04-09 12:00:00",4.58,1.5
"2024-04-09 13:00:00",4.26,3.25
"2024-04-09 14:00:00",4.91,3.75
"2024-04-09 15:00:00",4.98,2.75
"2024-04-09 16:00:00",4.6,2
"2024-04-09 17:00:00",4.91,2
"2024-04-09 18:00:00",5.21,2
"2024-04-09 19:00:00",5.4,1.75
"2024-04-09 20:00:00",7.87,1.25
"2024-04-09 21:00:00",7.89,2.5
"2024-04-09 22:00:00",6.68,4.25
"2024-04-09 23:00:00",5.46,4
"2024-04-10 00:00:00",5.11,1.5
"2024-04-10 01:00:00",5,3.25
"2024-04-10 02:00:00",4.43,4.5
"2024-04-10 03:00:00",4.47,6
"2024-04-10 04:00:00",4.31,5.25
"2024-04-10 05:00:00",4.58,1.25
"2024-04-10 06:00:00",5.81,-3.75
"2024-04-10 07:00:00",8.35,-2.5
"2024-04-10 08:00:00",8.51,-1
"2024-04-10 09:00:00",6.98,0.25
"2024-04-10 10:00:00",6.07,3.75
"2024-04-10 11:00:00",5.57,2.25
"2024-04-10 12:00:00",5.97,-0.5
"2024-04-10 13:00:00",5.73,-1.75
"2024-04-10 14:00:00",5.23,-1
"2024-04-10 14:01:00",,
"2024-04-10 15:00:00",5.76
"2024-04-10 15:01:00",,
"2024-04-10 16:00:00",6.3
"2024-04-10 17:00:00",6.61,0.25
"2024-04-10 18:00:00",6.53,0.75
"2024-04-10 19:00:00",7.35,0.5
"2024-04-10 20:00:00",7.21,2.5
"2024-04-10 21:00:00",7.23,3.75
"2024-04-10 22:00:00",6.4,4
"2024-04-10 23:00:00",6.45,6.5
"2024-04-11 00:00:00",6.02,5
"2024-04-11 01:00:00",6.15,4
"2024-04-11 02:00:00",6.04,4.25
"2024-04-11 03:00:00",5.78,5.25
"2024-04-11 04:00:00",5.97,6.5
"2024-04-11 05:00:00",6.25,8.5
"2024-04-11 06:00:00",7.37,10
"2024-04-11 07:00:00",9.17,10
"2024-04-11 08:00:00",9.34,9.25
"2024-04-11 09:00:00",8.72,6
"2024-04-11 10:00:00",8.2,2.75
"2024-04-11 11:00:00",7.91,1.75
"2024-04-11 12:00:00",7.56,1
"2024-04-11 13:00:00",6.72,-1
"2024-04-11 14:00:00",7.67,0.25
"2024-04-11 15:00:00",7.71,4.25
"2024-04-11 16:00:00",7.38,4.5
"2024-04-11 17:00:00",6.77,2.75
"2024-04-11 18:00:00",6.92,2
"2024-04-11 19:00:00",6.16,1
"2024-04-11 20:00:00",6.67,1.25
"2024-04-11 21:00:00",6.7,1.75
"2024-04-11 22:00:00",6.64,1.25
"2024-04-11 23:00:00",5.92,2.75
"2024-04-12 00:00:00",5.51,5.5
"2024-04-12 01:00:00",5.8,6.25
"2024-04-12 02:00:00",5.86,3
"2024-04-12 03:00:00",5.72,0.5
"2024-04-12 04:00:00",5.45,2
"2024-04-12 05:00:00",6.05,1.25
"2024-04-12 06:00:00",6.22,-1
"2024-04-12 07:00:00",7.47,-0.25
"2024-04-12 08:00:00",8.21,2.5
"2024-04-12 09:00:00",7.55,3.25
"2024-04-12 10:00:00",7.29,1.5
"2024-04-12 11:00:00",7.39,3
"2024-04-12 12:00:00",7.21,2.5
"2024-04-12 13:00:00",7.39,1.25
"2024-04-12 14:00:00",7.25,2
"2024-04-12 15:00:00",7.37,5.5
"2024-04-12 16:00:00",7.3,5
"2024-04-12 17:00:00",7.06,4.75
"2024-04-12 18:00:00",7.55,3.25
"2024-04-12 19:00:00",7.94,0.75
"2024-04-12 20:00:00",7.66,1
"2024-04-12 21:00:00",7.14,4.5
"2024-04-12 22:00:00",6.97,5.5
"2024-04-12 23:00:00",6.85,3.75
"2024-04-13 00:00:00",6.23,3.25
"2024-04-13 01:00:00",6.16,3.25
"2024-04-13 02:00:00",6.17,0.5
"2024-04-13 03:00:00",6.29,-1
"2024-04-13 04:00:00",6.33,2
"2024-04-13 05:00:00",6.24,1.75
"2024-04-13 06:00:00",6.15,1
"2024-04-13 07:00:00",6.83,1
"2024-04-13 08:00:00",6.79,0.25
"2024-04-13 09:00:00",6.26,-1
"2024-04-13 10:00:00",5.63,2.25
"2024-04-13 11:00:00",6.01,3.5
"2024-04-13 12:00:00",6.54,4.5
"2024-04-13 13:00:00",5.84,2.5
"2024-04-13 14:00:00",5.7,3.25
"2024-04-13 15:00:00",5.85,10
"2024-04-13 16:00:00",5.61,9
"2024-04-13 17:00:00",5.82,5
"2024-04-13 18:00:00",5.58,2.25
"2024-04-13 19:00:00",6.19,3.25
"2024-04-13 20:00:00",6.39,4
"2024-04-13 21:00:00",6.58,4
"2024-04-13 22:00:00",6.96,3.75
"2024-04-13 23:00:00",6.07,3
"2024-04-14 00:00:00",6.39,3.5
"2024-04-14 01:00:00",5.23,4.5
"2024-04-14 02:00:00",6.2,3.25
"2024-04-14 03:00:00",6.18,4.75
"2024-04-14 04:00:00",5.34,6.5
"2024-04-14 05:00:00",5.23,4.5
"2024-04-14 06:00:00",5.36,2.75
"2024-04-14 07:00:00",7.17,2.5
"2024-04-14 08:00:00",8,4.75
"2024-04-14 09:00:00",7,6.25
"2024-04-14 10:00:00",5.14,3.5
"2024-04-14 11:00:00",5.24,2
"2024-04-14 12:00:00",5.03,1.75
"2024-04-14 13:00:00",5.14,1.5
"2024-04-14 14:00:00",5.16,3
"2024-04-14 15:00:00",3.95,3
"2024-04-14 16:00:00",4.32,3.25
"2024-04-14 17:00:00",4.47,4.25
"2024-04-14 18:00:00",5.37,4.75
"2024-04-14 19:00:00",5.46,3.25
"2024-04-14 20:00:00",5.72,1.5
"2024-04-14 21:00:00",5.76,3
"2024-04-14 22:00:00",5.08,2.75
"2024-04-14 23:00:00",5.06,2.5
"2024-04-15 00:00:00",4.67,4.5
"2024-04-15 01:00:00",4.58,5.5
"2024-04-15 02:00:00",4.47,3.5
"2024-04-15 03:00:00",4.48,2
"2024-04-15 04:00:00",4.04,2.5
"2024-04-15 05:00:00",4.25,4.75
"2024-04-15 06:00:00",4.48,6.5
"2024-04-15 07:00:00",5.13,4.75
"2024-04-15 08:00:00",5.28,4.5
"2024-04-15 09:00:00",4.79,6.5
"2024-04-15 10:00:00",4.55,8
"2024-04-15 11:00:00",4.76,7.25
"2024-04-15 12:00:00",4.34,5.25
"2024-04-15 13:00:00",4.7,6
"2024-04-15 14:00:00",4.82,5.5
"2024-04-15 15:00:00",5.05,3.75
"2024-04-15 16:00:00",4.9,4.25
"2024-04-15 17:00:00",4.93,8.75
"2024-04-15 18:00:00",5.08,10.25
"2024-04-15 19:00:00",4.84,7.75
"2024-04-15 20:00:00",4.96,7
"2024-04-15 21:00:00",4.75,7.25
"2024-04-15 22:00:00",4.74,7.5
"2024-04-15 23:00:00",4.44,6.75
"2024-04-16 00:00:00",4.45,8.25
"2024-04-16 01:00:00",4.35,5.25
"2024-04-16 02:00:00",4.23,3.25
"2024-04-16 03:00:00",4.21,4.75
"2024-04-16 04:00:00",4.36,7.5
"2024-04-16 05:00:00",4.32,8.5
"2024-04-16 06:00:00",4.92,7
"2024-04-16 07:00:00",5.97,7.5
"2024-04-16 08:00:00",6.25,8.25
"2024-04-16 09:00:00",5.66,5.5
"2024-04-16 10:00:00",5.15,4
"2024-04-16 11:00:00",5.57,4
"2024-04-16 12:00:00",5.24,3.5
"2024-04-16 13:00:00",5.44,2
"2024-04-16 14:00:00",5.3,2.25
"2024-04-16 15:00:00",5.93,2.75
"2024-04-16 16:00:00",5.8,2
"2024-04-16 17:00:00",6.27,2.25
"2024-04-16 18:00:00",6.49,3.25
"2024-04-16 19:00:00",5.99,4
"2024-04-16 20:00:00",6.82,5
"2024-04-16 21:00:00",5.81,4.5
"2024-04-16 22:00:00",6.01,3.5
"2024-04-16 23:00:00",5.27,5.25
"2024-04-17 00:00:00",4.83,6
"2024-04-17 01:00:00",4.41,5.5
"2024-04-17 02:00:00",4.27,3.5
"2024-04-17 03:00:00",4.21,3.5
"2024-04-17 04:00:00",3.88,7.5
"2024-04-17 05:00:00",4.25,6
"2024-04-17 06:00:00",4.67,6
"2024-04-17 07:00:00",7.22,5.75
"2024-04-17 08:00:00",8.42,5.75
"2024-04-17 09:00:00",6.21,7.75
"2024-04-17 10:00:00",5.77,6.5
"2024-04-17 11:00:00",5.68,4.5
"2024-04-17 12:00:00",5.89,3.25
"2024-04-17 13:00:00",5.95,3.75
"2024-04-17 14:00:00",5.84,2.5
"2024-04-17 15:00:00",5.51,1.5
"2024-04-17 16:00:00",5.81,3
"2024-04-17 17:00:00",5.83,3
"2024-04-17 18:00:00",6.09,2.75
"2024-04-17 19:00:00",6.26,2.25
"2024-04-17 20:00:00",6.1,3.25
"2024-04-17 21:00:00",5.94,3.75
"2024-04-17 22:00:00",5.7,3.75
"2024-04-17 23:00:00",5.65,6
"2024-04-18 00:00:00",5.4,5.25
"2024-04-18 01:00:00",4.71,3
"2024-04-18 02:00:00",4.42,3
"2024-04-18 03:00:00",4.7,3
"2024-04-18 04:00:00",4.66,3
"2024-04-18 05:00:00",4.91,2.75
"2024-04-18 06:00:00",5.54,2
"2024-04-18 07:00:00",7.44,2
"2024-04-18 08:00:00",8.73,2
"2024-04-18 09:00:00",8.05,3.25
"2024-04-18 10:00:00",5.88,6.5
"2024-04-18 11:00:00",5.81,4.75
"2024-04-18 12:00:00",5.57,4.25
"2024-04-18 13:00:00",5.66,5
"2024-04-18 14:00:00",5.75,4
"2024-04-18 15:00:00",6.04,4
"2024-04-18 16:00:00",6.05,1.5
"2024-04-18 16:01:00",,
"2024-04-18 17:00:00",6.25
"2024-04-18 17:01:00",,
"2024-04-18 18:00:00",5.99,0.75
"2024-04-18 19:00:00",6.6,3
"2024-04-18 20:00:00",6.57,4.25
"2024-04-18 21:00:00",6.14,7.5
"2024-04-18 22:00:00",6.02,6
"2024-04-18 23:00:00",5.19,6
"2024-04-19 00:00:00",5.3,6.75
"2024-04-19 01:00:00",5.01,8.25
"2024-04-19 02:00:00",5.1,5.25
"2024-04-19 03:00:00",4.94,3.25
"2024-04-19 04:00:00",4.94,4
"2024-04-19 05:00:00",5.37,-1
"2024-04-19 06:00:00",5.23,-0.75
"2024-04-19 06:01:00",,
"2024-04-19 07:00:00",6.33
"2024-04-19 07:01:00",,
"2024-04-19 08:00:00",6.47
"2024-04-19 09:00:00",6.19
"2024-04-19 10:00:00",6.43
"2024-04-19 11:00:00",6.64,1
"2024-04-19 12:00:00",6.78,0.75
"2024-04-19 13:00:00",6.47,0.25
"2024-04-19 14:00:00",6.92,1
"2024-04-19 15:00:00",6.87,1.25
"2024-04-19 16:00:00",7.29,2.25
"2024-04-19 17:00:00",8.1,3.5
"2024-04-19 18:00:00",8.28,4.5
"2024-04-19 19:00:00",8.53,2.75
"2024-04-19 20:00:00",8.48,2.5
"2024-04-19 21:00:00",8.21,3.75
"2024-04-19 22:00:00",7.88,2.75
"2024-04-19 23:00:00",7.71,2.5
"2024-04-20 00:00:00",7.21,4
"2024-04-20 01:00:00",7.61,3.75
"2024-04-20 02:00:00",7.5,3
"2024-04-20 03:00:00",6.89,3
"2024-04-20 04:00:00",6.01,3.5
"2024-04-20 05:00:00",5.82,5.25
"2024-04-20 06:00:00",5.94,5.75
"2024-04-20 07:00:00",7.18,4.5
"2024-04-20 08:00:00",9.41,3
"2024-04-20 09:00:00",12.61,3.75
"2024-04-20 10:00:00",8.92,5.5
"2024-04-20 11:00:00",7.77,4
"2024-04-20 12:00:00",6.96,4
"2024-04-20 13:00:00",6.72,4.25
"2024-04-20 14:00:00",6.84,4.75
"2024-04-20 15:00:00",6.59,3.75
"2024-04-20 16:00:00",6.7,3.25
"2024-04-20 17:00:00",6.4,4
"2024-04-20 18:00:00",6.34,4.25
"2024-04-20 19:00:00",6.08,5
"2024-04-20 20:00:00",6.54,4.5
"2024-04-20 21:00:00",7.81,4.5
"2024-04-20 22:00:00",9.43,10
"2024-04-20 23:00:00",9.85,13
"2024-04-21 00:00:00",8.85,11
"2024-04-21 01:00:00",8.99,10.25
"2024-04-21 02:00:00",9.19,8.25
"2024-04-21 03:00:00",8.36,8.75
"2024-04-21 04:00:00",7.61,7.25
"2024-04-21 05:00:00",5.93,4.5
"2024-04-21 06:00:00",5.67,3.75
"2024-04-21 07:00:00",5.98,6
"2024-04-21 08:00:00",7.58,5.75
"2024-04-21 09:00:00",9.3,5.25
"2024-04-21 10:00:00",9.16,6
"2024-04-21 11:00:00",7.15,6.5
"2024-04-21 12:00:00",6.79,7.75
"2024-04-21 13:00:00",6.65,6.5
"2024-04-21 14:00:00",6.76,5.25
"2024-04-21 15:00:00",6.87,5.75
"2024-04-21 16:00:00",7.22,5
"2024-04-21 17:00:00",8.02,4.5
"2024-04-21 18:00:00",8.12,3.75
"2024-04-21 19:00:00",7.9,5.75
"2024-04-21 20:00:00",7.76,4.5
"2024-04-21 21:00:00",9.81,3.75
"2024-04-21 22:00:00",9.03,6.5
"2024-04-21 23:00:00",9.64,7.5
"2024-04-22 00:00:00",8.83,6.25
"2024-04-22 01:00:00",7.69,7
"2024-04-22 02:00:00",6.58,7
"2024-04-22 03:00:00",5.33,3
"2024-04-22 04:00:00",5.17,3.25
"2024-04-22 05:00:00",5.51,4.25
"2024-04-22 06:00:00",5.76,5
"2024-04-22 07:00:00",8.07,5.25
"2024-04-22 08:00:00",11,6.25
"2024-04-22 09:00:00",11.41,6.75
"2024-04-22 10:00:00",7.69,5.5
"2024-04-22 11:00:00",6.73,4.25
"2024-04-22 12:00:00",6.73,5.25
"2024-04-22 13:00:00",7.09,6
"2024-04-22 14:00:00",7.78,4
"2024-04-22 15:00:00",7.71,3.75
"2024-04-22 16:00:00",8.36,3.75
"2024-04-22 17:00:00",8.52,5.25
"2024-04-22 18:00:00",8.62,3
"2024-04-22 19:00:00",8.23,3.75
"2024-04-22 20:00:00",8.78,5.5
"2024-04-22 21:00:00",8.16,4
"2024-04-22 22:00:00",7.57,4
"2024-04-22 23:00:00",6.99,3.75
"2024-04-23 00:00:00",6.5,3
"2024-04-23 01:00:00",5.63,3
"2024-04-23 02:00:00",5.85,2.75
"2024-04-23 03:00:00",5.68,2.25
"2024-04-23 04:00:00",5.66,2.25
"2024-04-23 05:00:00",5.76,-0.25
"2024-04-23 05:01:00",,
"2024-04-23 06:00:00",6.59
"2024-04-23 06:01:00",,
"2024-04-23 07:00:00",7.29,2.5
"2024-04-23 08:00:00",7.89,0.5
"2024-04-23 09:00:00",7.77,-0.75
"2024-04-23 10:00:00",6.76,1.5
"2024-04-23 11:00:00",6.66,5.5
"2024-04-23 12:00:00",6.78,3.5
"2024-04-23 13:00:00",6.88,1.75
"2024-04-23 14:00:00",6.88,0.75
"2024-04-23 15:00:00",7.41,0.25
"2024-04-23 16:00:00",7.67,1.25
"2024-04-23 17:00:00",8.14,1.75
"2024-04-23 18:00:00",8.27,0.75
"2024-04-23 19:00:00",8.01,1
"2024-04-23 20:00:00",8.31,3.75
"2024-04-23 21:00:00",8,2.75
"2024-04-23 22:00:00",7.5,2.5
"2024-04-23 23:00:00",6.96,3.75
"2024-04-24 00:00:00",6.53,2.5
"2024-04-24 01:00:00",6.55,0.5
"2024-04-24 02:00:00",6.58,-1
"2024-04-24 03:00:00",5.61,2
"2024-04-24 04:00:00",5.49,2.25
"2024-04-24 05:00:00",5.81,3
"2024-04-24 06:00:00",6.24,2.75
"2024-04-24 07:00:00",9.2,2
"2024-04-24 08:00:00",8.31,1.75
"2024-04-24 09:00:00",7.58,2
"2024-04-24 10:00:00",7.1,5.75
"2024-04-24 11:00:00",6.52,7.5
"2024-04-24 12:00:00",6.47,6.25
"2024-04-24 13:00:00",6.54,6.75
"2024-04-24 14:00:00",6.23,4.75
"2024-04-24 15:00:00",6.57,0.25
"2024-04-24 16:00:00",7.24,-2
"2024-04-24 17:00:00",7.07,3
"2024-04-24 18:00:00",7.89,3.5
"2024-04-24 19:00:00",8.11,5
"2024-04-24 20:00:00",7.44,3
"2024-04-24 21:00:00",7.31,3
"2024-04-24 22:00:00",6.83,3.25
"2024-04-24 23:00:00",6.16,4.25
"2024-04-25 00:00:00",5.62,4.5
"2024-04-25 01:00:00",5.21,1.75
"2024-04-25 02:00:00",4.9,-1.5
"2024-04-25 03:00:00",4.92,0.75
"2024-04-25 04:00:00",5.01,3
"2024-04-25 05:00:00",4.76,3
"2024-04-25 06:00:00",6.03,-1
"2024-04-25 07:00:00",7.55,0.5
"2024-04-25 08:00:00",8.1,5.25
"2024-04-25 09:00:00",6.67,5.5
"2024-04-25 10:00:00",6.65,3.25
"2024-04-25 11:00:00",9.05,1.25
"2024-04-25 12:00:00",7.14,2
"2024-04-25 12:01:00",,
"2024-04-25 13:00:00",7.23
"2024-04-25 13:01:00",,
"2024-04-25 14:00:00",8.04,0.25
"2024-04-25 15:00:00",7.45,0.5
"2024-04-25 16:00:00",8.12,-1
"2024-04-25 17:00:00",8.04,-0.5
"2024-04-25 18:00:00",7.56,1.5
"2024-04-25 19:00:00",7.32,2.25
"2024-04-25 20:00:00",7.58,1
"2024-04-25 21:00:00",7.33,4.25
"2024-04-25 22:00:00",6.65,4.25
"2024-04-25 23:00:00",6.31,1.75
"2024-04-26 00:00:00",5.97,0.75
"2024-04-26 01:00:00",5.29,0.5
"2024-04-26 02:00:00",5.2,2
"2024-04-26 03:00:00",5.53,2
"2024-04-26 04:00:00",5.53,1.75
"2024-04-26 05:00:00",5.83,0.75
"2024-04-26 05:01:00",,
"2024-04-26 06:00:00",6.43
"2024-04-26 06:01:00",,
"2024-04-26 07:00:00",10.91,2.5
"2024-04-26 08:00:00",10.51,4
"2024-04-26 09:00:00",9.08,3.75
"2024-04-26 10:00:00",8.05,3.5
"2024-04-26 11:00:00",7.47,5
"2024-04-26 12:00:00",7.31,4.5
"2024-04-26 13:00:00",8.07,3.25
"2024-04-26 14:00:00",9.06,4.25
"2024-04-26 15:00:00",9.39,4.75
"2024-04-26 16:00:00",10.6,3.75
"2024-04-26 17:00:00",9.91,2.75
"2024-04-26 18:00:00",8.82,2.5
"2024-04-26 19:00:00",8.45,4.25
"2024-04-26 20:00:00",8.92,5
"2024-04-26 21:00:00",9.17,5
"2024-04-26 22:00:00",8.21,6
"2024-04-26 23:00:00",7.68,8.75
"2024-04-27 00:00:00",6.37,8
"2024-04-27 01:00:00",6.03,5
"2024-04-27 02:00:00",5.9,4.5
"2024-04-27 03:00:00",4.81,3.75
"2024-04-27 04:00:00",5.08,6
"2024-04-27 05:00:00",5.1,4
"2024-04-27 06:00:00",4.74,4
"2024-04-27 07:00:00",5.19,4
"2024-04-27 08:00:00",5.07,4.25
"2024-04-27 09:00:00",4.93,5.25
"2024-04-27 10:00:00",5.48,5.5
"2024-04-27 11:00:00",5.59,4
"2024-04-27 12:00:00",5.69,5
"2024-04-27 13:00:00",6.98,5
"2024-04-27 14:00:00",7.43,5.25
"2024-04-27 15:00:00",7.86,5.5
"2024-04-27 16:00:00",6.81,3.25
"2024-04-27 17:00:00",6.86,1.5
"2024-04-27 18:00:00",7.23,3.75
"2024-04-27 19:00:00",7.28,6.75
"2024-04-27 20:00:00",7.67,9.5
"2024-04-27 21:00:00",11.39,14.25
"2024-04-27 22:00:00",9.32,20.75
"2024-04-27 23:00:00",6.53,10
"2024-04-28 00:00:00",5.54,6
"2024-04-28 01:00:00",4.77,2.75
"2024-04-28 02:00:00",4.84,2.25
"2024-04-28 03:00:00",4.48,3.25
"2024-04-28 04:00:00",4.44,3.75
"2024-04-28 05:00:00",4.06,2.75
"2024-04-28 06:00:00",4.03,2.25
"2024-04-28 07:00:00",4.63,3.25
"2024-04-28 08:00:00",4.49,4.25
"2024-04-28 09:00:00",4.37,4.5
"2024-04-28 10:00:00",4.36,3.25
"2024-04-28 11:00:00",4.45,4
"2024-04-28 12:00:00",4.22,3.5
"2024-04-28 13:00:00",4.43,2.25
"2024-04-28 14:00:00",4.36,3
"2024-04-28 15:00:00",4.17,2.5
"2024-04-28 16:00:00",4.63,1.25
"2024-04-28 17:00:00",5.11,1.75
"2024-04-28 18:00:00",4.69,1
"2024-04-28 19:00:00",5.37,2
"2024-04-28 20:00:00",5.81,1.75
"2024-04-28 21:00:00",5.63,1.5
"2024-04-28 22:00:00",5.69,2.75
"2024-04-28 23:00:00",5.8,1.75
"2024-04-29 00:00:00",5.32,0.75
"2024-04-29 01:00:00",5.11,-0.5
"2024-04-29 02:00:00",4.91,-1.5
"2024-04-29 03:00:00",4.52,0.5
"2024-04-29 04:00:00",4.27,2.5
"2024-04-29 05:00:00",4.56,3.75
"2024-04-29 06:00:00",5.22,3.5
"2024-04-29 07:00:00",6.42,5
"2024-04-29 08:00:00",7.46,4.25
"2024-04-29 09:00:00",7.29,1.75
"2024-04-29 10:00:00",6.03,1
"2024-04-29 11:00:00",5.62,3
"2024-04-29 12:00:00",5.66,2.25
"2024-04-29 12:01:00",,
"2024-04-29 13:01:00",,
"2024-04-29 14:00:00",5.32,-0.75
"2024-04-29 15:00:00",5.52,-0.25
"2024-04-29 16:00:00",6.02,-0.5
"2024-04-29 17:00:00",6.11,1.5
"2024-04-29 18:00:00",5.8,2.5
"2024-04-29 19:00:00",5.86,1.25
"2024-04-29 20:00:00",6.27,2.25
"2024-04-29 21:00:00",6.96,3.75
"2024-04-29 22:00:00",7.3,5.75
"2024-04-29 23:00:00",6.72,5.25
"2024-04-30 00:00:00",6.46,5.5
"2024-04-30 01:00:00",6.14,3.25
"2024-04-30 02:00:00",5.49,2
"2024-04-30 03:00:00",6.77,4.75
"2024-04-30 04:00:00",7.38,3.5
"2024-04-30 05:00:00",7.25,2
"2024-04-30 06:00:00",10.41,2
"2024-04-30 07:00:00",14.96,2
"2024-04-30 08:00:00",13.11,1.75
"2024-04-30 09:00:00",15.11,0.75
"2024-04-30 10:00:00",14.8,1
"2024-04-30 11:00:00",10.38,4.5
"2024-04-30 12:00:00",6.67,5.5
"2024-04-30 13:00:00",6.37,3.5
"2024-04-30 14:00:00",6.25,1.75
"2024-04-30 15:00:00",6.15,1
"2024-04-30 16:00:00",6.05,1
"2024-04-30 17:00:00",6.02,0.75
"2024-04-30 18:00:00",5.76,0.25
"2024-04-30 19:00:00",5.89,1.5
"2024-04-30 20:00:00",6.08,2.75
"2024-04-30 21:00:00",6.2,2.5
"2024-04-30 22:00:00",6.18,3
"2024-04-30 23:00:00",5.48,-0.75
"2024-05-01 00:00:00",5.69,-2.25
"2024-05-01 00:01:00",,
"2024-05-01 01:00:00",6.03
"2024-05-01 01:01:00",,
"2024-05-01 02:00:00",5.41
"2024-05-01 03:00:00",5.45,0.25
"2024-05-01 04:00:00",5.84,1
"2024-05-01 05:00:00",7.21,1
"2024-05-01 06:00:00",16.78,1.5
"2024-05-01 07:00:00",16.32,2.5
"2024-05-01 08:00:00",13.96,0.75
"2024-05-01 09:00:00",8.48,0.25
"2024-05-01 10:00:00",7.33,0.5
"2024-05-01 10:01:00",,
"2024-05-01 11:00:00",7.01
"2024-05-01 11:01:00",,
"2024-05-01 12:00:00",6.68,3.25
"2024-05-01 13:00:00",6.02,3.25
"2024-05-01 14:00:00",6.02,0.5
"2024-05-01 15:00:00",6.2,-0.5
"2024-05-01 16:00:00",6.73,1
"2024-05-01 17:00:00",6.95,1
"2024-05-01 18:00:00",7.27,1
"2024-05-01 19:00:00",6.38,1.75
"2024-05-01 20:00:00",7.29,3.75
"2024-05-01 21:00:00",8.76,3.25
"2024-05-01 22:00:00",8.43,4
"2024-05-01 23:00:00",10.81,3.75
"2024-05-02 00:00:00",8.9,3
"2024-05-02 01:00:00",7.27,3
"2024-05-02 02:00:00",7.29,2.75
"2024-05-02 03:00:00",7.38,2.5
"2024-05-02 04:00:00",7.02,3.75
"2024-05-02 05:00:00",5.55,2.5
"2024-05-02 06:00:00",5.74,1.25
"2024-05-02 07:00:00",8.71,2.5
"2024-05-02 08:00:00",11.42,4.25
"2024-05-02 09:00:00",10.39,4.75
"2024-05-02 10:00:00",9.59,3.75
"2024-05-02 11:00:00",8.09,2.75
"2024-05-02 12:00:00",8.13,2
"2024-05-02 13:00:00",7.34,1.75
"2024-05-02 14:00:00",7.75,1
"2024-05-02 15:00:00",8.15,1
"2024-05-02 16:00:00",7.33,0.75
"2024-05-02 17:00:00",7.36,0.25
"2024-05-02 18:00:00",7.24,1.25
"2024-05-02 19:00:00",8.09,2.75
"2024-05-02 20:00:00",8.26,5
"2024-05-02 21:00:00",8.35,7.25
"2024-05-02 22:00:00",8.37,12.5
"2024-05-02 23:00:00",6.87,7
"2024-05-03 00:00:00",6.72,3.5
"2024-05-03 01:00:00",5.93,1.25
"2024-05-03 02:00:00",5.61,-0.5
"2024-05-03 03:00:00",5.35,1.5
"2024-05-03 04:00:00",5.37,3.25
"2024-05-03 05:00:00",5.06,3.75
"2024-05-03 06:00:00",6.38,3
"2024-05-03 07:00:00",6.91,3
"2024-05-03 08:00:00",8.85,3.25
"2024-05-03 09:00:00",8.05,3.75
"2024-05-03 10:00:00",6.43,3
"2024-05-03 11:00:00",6.24,2.5
"2024-05-03 12:00:00",6.15,1
"2024-05-03 13:00:00",7,1
"2024-05-03 14:00:00",7.25,0.5
"2024-05-03 15:00:00",7.21,-0.5
"2024-05-03 16:00:00",7.73,1.5
"2024-05-03 17:00:00",7.76,3
"2024-05-03 18:00:00",8.11,3.75
"2024-05-03 19:00:00",9.26,6.5
"2024-05-03 20:00:00",9.51,7.5
"2024-05-03 21:00:00",9.5,6.25
"2024-05-03 22:00:00",8.21,6.75
"2024-05-03 23:00:00",7.61,5.5
"2024-05-04 00:00:00",6.77,4.5
"2024-05-04 01:00:00",6.58,6
"2024-05-04 02:00:00",6.88,5.5
"2024-05-04 03:00:00",6.13,3.75
"2024-05-04 04:00:00",5.74,3.25
"2024-05-04 05:00:00",6.01,4.25
"2024-05-04 06:00:00",6.35,5.25
"2024-05-04 07:00:00",6.82,5.5
"2024-05-04 08:00:00",10.68,4
"2024-05-04 09:00:00",10.74,4
"2024-05-04 10:00:00",11.48,4.5
"2024-05-04 11:00:00",10.57,5.75
"2024-05-04 12:00:00",7.71,5
"2024-05-04 13:00:00",7.06,4.75
"2024-05-04 14:00:00",7.56,3.75
"2024-05-04 15:00:00",7.07,3
"2024-05-04 16:00:00",6.71,2.75
"2024-05-04 17:00:00",6.89,1.75
"2024-05-04 18:00:00",6.95,1
"2024-05-04 19:00:00",6.88,1.75
"2024-05-04 20:00:00",6.74,4
"2024-05-04 21:00:00",10.23,4
"2024-05-04 22:00:00",11.75,4.25
"2024-05-04 23:00:00",14.03,5.75
"2024-05-05 00:00:00",11.49,8.5
"2024-05-05 01:00:00",10.83,10
"2024-05-05 02:00:00",11.02,9
"2024-05-05 03:00:00",9.43,5.25
"2024-05-05 04:00:00",7.92,3.75
"2024-05-05 05:00:00",7.06,5.5
"2024-05-05 06:00:00",6.49,3.5
"2024-05-05 07:00:00",7.06,1.75
"2024-05-05 08:00:00",7.58,1.25
"2024-05-05 09:00:00",6.34,2
"2024-05-05 10:00:00",6.82,2
"2024-05-05 11:00:00",6.97,2
"2024-05-05 12:00:00",7.37,2.75
"2024-05-05 13:00:00",8.37,4.75
"2024-05-05 14:00:00",8.32,3
"2024-05-05 15:00:00",8.61,0.5
"2024-05-05 16:00:00",9.37,2.5
"2024-05-05 17:00:00",9.08,4
"2024-05-05 18:00:00",8.67,4
"2024-05-05 19:00:00",8.39,3.75
"2024-05-05 20:00:00",8.67,3.25
"2024-05-05 21:00:00",9.21,5.25
"2024-05-05 22:00:00",9.27,9.5
"2024-05-05 23:00:00",8.69,10.25
"2024-05-06 00:00:00",7.94,7.5
"2024-05-06 01:00:00",6.95,5.5
"2024-05-06 02:00:00",6.79,3.5
"2024-05-06 03:00:00",6.61,2
"2024-05-06 04:00:00",6.44,2
"2024-05-06 05:00:00",6.25,2.5
"2024-05-06 06:00:00",6.28,3.75
"2024-05-06 07:00:00",6.17,3.75
"2024-05-06 08:00:00",6.39,5.75
"2024-05-06 09:00:00",6.69,4.75
"2024-05-06 10:00:00",7.22,4
"2024-05-06 11:00:00",7.41,3.75
"2024-05-06 12:00:00",7.37,3.5
"2024-05-06 13:00:00",7.66,4.5
"2024-05-06 14:00:00",7.77,2.25
"2024-05-06 15:00:00",8.06,0.75
"2024-05-06 16:00:00",8.23,3.75
"2024-05-06 17:00:00",8.7,5.75
"2024-05-06 18:00:00",9.08,5.75
"2024-05-06 19:00:00",9.75,7.5
"2024-05-06 20:00:00",10.38,5.25
"2024-05-06 21:00:00",10.44,2.75
"2024-05-06 22:00:00",9.47,2
"2024-05-06 23:00:00",7.98,1.75
"2024-05-07 00:00:00",7.57,2.25
"2024-05-07 01:00:00",7.17,5.75
"2024-05-07 02:00:00",7.04,4.75
"2024-05-07 03:00:00",7.01,4
"2024-05-07 04:00:00",6.7,3.75
"2024-05-07 05:00:00",6.78,3.5
"2024-05-07 06:00:00",7.7,5
"2024-05-07 07:00:00",8.96,4.75
"2024-05-07 08:00:00",9.22,4
"2024-05-07 09:00:00",8.56,4
"2024-05-07 10:00:00",8.39,3.75
"2024-05-07 11:00:00",8.35,3.25
"2024-05-07 12:00:00",9.96,4.5
"2024-05-07 13:00:00",8.18,5.5
"2024-05-07 14:00:00",8.06,3.75
"2024-05-07 15:00:00",8.29,3
"2024-05-07 16:00:00",8.27,3.25
"2024-05-07 17:00:00",8.17,3.75
"2024-05-07 18:00:00",8.17,4.25
"2024-05-07 19:00:00",8.3,8
"2024-05-07 20:00:00",8.27,7.25
"2024-05-07 21:00:00",9.08,4.75
"2024-05-07 22:00:00",8.3,4.25
"2024-05-07 23:00:00",7.36,5.25
"2024-05-08 00:00:00",6.76,6
"2024-05-08 01:00:00",6.58,6.25
"2024-05-08 02:00:00",6.36,8
"2024-05-08 03:00:00",6.62,10
"2024-05-08 04:00:00",6.58,7.25
"2024-05-08 05:00:00",8.93,8.5
"2024-05-08 06:00:00",8.84,9.25
"2024-05-08 07:00:00",11.19,6.75
"2024-05-08 08:00:00",14.25,7
"2024-05-08 09:00:00",12.66,9.75
"2024-05-08 10:00:00",10.98,8.5
"2024-05-08 11:00:00",8.27,6.75
"2024-05-08 12:00:00",8.22,6.5
"2024-05-08 13:00:00",7.88,8.25
"2024-05-08 14:00:00",7.9,8.25
"2024-05-08 15:00:00",7.65,5.75
"2024-05-08 16:00:00",8.42,4.5
"2024-05-08 17:00:00",8.15,2.75
"2024-05-08 18:00:00",7.94,2.25
"2024-05-08 19:00:00",8.53,3.75
"2024-05-08 20:00:00",8.16,6
"2024-05-08 21:00:00",8.27,5.5
"2024-05-08 22:00:00",8.77,4
"2024-05-08 23:00:00",7.57,4.75
"2024-05-09 00:00:00",7.54,6.75
"2024-05-09 01:00:00",7.12,5.5
"2024-05-09 02:00:00",7.5,4
"2024-05-09 03:00:00",7.63,4
"2024-05-09 04:00:00",8.5,4.5
"2024-05-09 05:00:00",8.85,6.5
"2024-05-09 06:00:00",9.57,8.75
"2024-05-09 07:00:00",12.59,10.5
"2024-05-09 08:00:00",15.15,9
"2024-05-09 09:00:00",11.75,9.25
"2024-05-09 10:00:00",10.24,9.5
"2024-05-09 11:00:00",8.95,7.75
"2024-05-09 12:00:00",8.76,8
"2024-05-09 13:00:00",8.76,10.25
"2024-05-09 14:00:00",8.92,8
"2024-05-09 15:00:00",8.97,9.5
"2024-05-09 16:00:00",9.31,12.75
"2024-05-09 17:00:00",9.81,8.5
"2024-05-09 18:00:00",9.93,7.25
"2024-05-09 19:00:00",10.39,8
"2024-05-09 20:00:00",11.38,8.25
"2024-05-09 21:00:00",10.54,10.25
"2024-05-09 22:00:00",10.1,13.5
"2024-05-09 23:00:00",10.04,11.25
"2024-05-10 00:00:00",9.45,8.75
"2024-05-10 01:00:00",9.11,7.75
"2024-05-10 02:00:00",8.79,8.75
"2024-05-10 03:00:00",10.14,13.5
"2024-05-10 04:00:00",10.06,11.25
"2024-05-10 05:00:00",12.66,9.5
"2024-05-10 06:00:00",14.11,11.25
"2024-05-10 07:00:00",14.66,11.75
"2024-05-10 08:00:00",16.29,11.5
"2024-05-10 09:00:00",12.6,12
"2024-05-10 10:00:00",10.55,8.25
"2024-05-10 11:00:00",9.9,5
"2024-05-10 12:00:00",9.66,2.5
"2024-05-10 13:00:00",9.52,3.75
"2024-05-10 14:00:00",9.61,2.75
"2024-05-10 15:00:00",9.78,3
"2024-05-10 16:00:00",9.72,6
"2024-05-10 17:00:00",9.54,6.5
"2024-05-10 18:00:00",10.05,7.25
"2024-05-10 19:00:00",9.77,5
"2024-05-10 20:00:00",9.6,6
"2024-05-10 21:00:00",9.7,9.75
"2024-05-10 22:00:00",9.3,11.5
"2024-05-10 23:00:00",9.67,11
"2024-05-11 00:00:00",9.17,14.25
"2024-05-11 01:00:00",8.86,14
"2024-05-11 02:00:00",9.14,11.75
"2024-05-11 03:00:00",8.89,13.75
"2024-05-11 04:00:00",8.79,13.5
"2024-05-11 05:00:00",9.8,14.75
"2024-05-11 06:00:00",10.35,15.5
"2024-05-11 07:00:00",10.33,18
"2024-05-11 08:00:00",11.53,13.5
"2024-05-11 09:00:00",10.85,16.25
"2024-05-11 10:00:00",10.71,11.5
"2024-05-11 11:00:00",10.2,12
"2024-05-11 12:00:00",10,10.5
"2024-05-11 13:00:00",9.97,14.5
"2024-05-11 14:00:00",9.42,13.5
"2024-05-11 15:00:00",9.79,14.5
"2024-05-11 16:00:00",11.08,14
"2024-05-11 17:00:00",13.11,17
"2024-05-11 18:00:00",12.45,16.75
"2024-05-11 19:00:00",11.61,16.75
"2024-05-11 20:00:00",11.19,18
"2024-05-11 21:00:00",10.75,15.5
"2024-05-11 22:00:00",10.84,16.25
"2024-05-11 23:00:00",10.6,14
"2024-05-12 00:00:00",10.35,15.25
"2024-05-12 01:00:00",10.16,18.5
"2024-05-12 02:00:00",9.73,17.25
"2024-05-12 03:00:00",9.89,19.25
"2024-05-12 04:00:00",9.37,22.25
"2024-05-12 05:00:00",10.53,19.25
"2024-05-12 06:00:00",10.55,16.75
"2024-05-12 07:00:00",10.62,16
"2024-05-12 08:00:00",9.48,17
"2024-05-12 09:00:00",9.56,19.5
"2024-05-12 10:00:00",9.43,17.25
"2024-05-12 11:00:00",9.84,15.25
"2024-05-12 12:00:00",9.7,14
"2024-05-12 13:00:00",9.83,8.75
"2024-05-12 14:00:00",9.77,10.5
"2024-05-12 15:00:00",9.97,8.5
"2024-05-12 16:00:00",9.78,6
"2024-05-12 17:00:00",9.66,3
"2024-05-12 18:00:00",9.5,3.25
"2024-05-12 19:00:00",10.07,4
"2024-05-12 20:00:00",10.01,3.75
"2024-05-12 21:00:00",9.58,3
"2024-05-12 22:00:00",9.06,3
"2024-05-12 23:00:00",8.38,3.25
"2024-05-13 00:00:00",8.11,3.5
"2024-05-13 01:00:00",7.7,1.75
"2024-05-13 02:00:00",7.57,0.5
"2024-05-13 03:00:00",7.49,-1.5
"2024-05-13 04:00:00",7.32,-2.75
"2024-05-13 05:00:00",7.15,-1.25
"2024-05-13 06:00:00",7.82,1.25
"2024-05-13 07:00:00",9.74,1.75
"2024-05-13 08:00:00",11.63,1.25
"2024-05-13 09:00:00",12.04,2
"2024-05-13 10:00:00",12.33,1.75
"2024-05-13 11:00:00",10.18,1.75
"2024-05-13 12:00:00",9.26,3.5
"2024-05-13 13:00:00",8.93,1.25
"2024-05-13 14:00:00",10.5,-0.75
"2024-05-13 14:01:00",,
"2024-05-13 15:00:00",10.87
"2024-05-13 15:01:00",,
"2024-05-13 16:00:00",9.44
"2024-05-13 17:00:00",8.87,1.25
"2024-05-13 18:00:00",8.54,5
"2024-05-13 19:00:00",8.15,4.5
"2024-05-13 20:00:00",9.29,2.75
"2024-05-13 21:00:00",9.76,1.75
"2024-05-13 22:00:00",11.26,2.5
"2024-05-13 23:00:00",10.17,6.75
"2024-05-14 00:00:00",8.47,5
"2024-05-14 01:00:00",8.19,1.25
"2024-05-14 02:00:00",7.83,-0.75
"2024-05-14 03:00:00",7.65,-0.25
"2024-05-14 04:00:00",7.52,1
"2024-05-14 05:00:00",7.79,7
"2024-05-14 06:00:00",8.6,6
"2024-05-14 07:00:00",10.06,2.25
"2024-05-14 07:01:00",,
"2024-05-14 08:00:00",12.83
"2024-05-14 08:01:00",,
"2024-05-14 09:00:00",12.23,0.25
"2024-05-14 10:00:00",10.22,1.25
"2024-05-14 11:00:00",10.05,2.25
"2024-05-14 12:00:00",9.51,3.25
"2024-05-14 13:00:00",11.21,3.75
"2024-05-14 14:00:00",10.7,3.25
"2024-05-14 15:00:00",12.11,4.25
"2024-05-14 16:00:00",13.36,5.25
"2024-05-14 17:00:00",11.58,5.5
"2024-05-14 18:00:00",11.67,3.5
"2024-05-14 19:00:00",10.62,2.75
"2024-05-14 20:00:00",10.09,4.75
"2024-05-14 21:00:00",9.44,3.25
"2024-05-14 22:00:00",8.82,1.5
"2024-05-14 23:00:00",7.76,3.75
"2024-05-15 00:00:00",7.65,5.5
"2024-05-15 01:00:00",7.43,3.5
"2024-05-15 02:00:00",7.38,1.5
"2024-05-15 03:00:00",7.65,1.25
"2024-05-15 04:00:00",8.17,5
"2024-05-15 05:00:00",8.27,5
"2024-05-15 06:00:00",8.19,5.25
"2024-05-15 07:00:00",12.65,5.75
"2024-05-15 08:00:00",13.55,5.75
"2024-05-15 09:00:00",12.77,7.25
"2024-05-15 10:00:00",12.42,5
"2024-05-15 11:00:00",12.32,5.75
"2024-05-15 12:00:00",12.56,7.25
"2024-05-15 13:00:00",13.48,5
"2024-05-15 14:00:00",12.52,5.25
"2024-05-15 15:00:00",12.26,6
"2024-05-15 16:00:00",11.04,6.5
"2024-05-15 17:00:00",11.68,7.5
"2024-05-15 18:00:00",11.71,5.75
"2024-05-15 19:00:00",11.25,5.5
"2024-05-15 20:00:00",11.54,6.25
"2024-05-15 21:00:00",10.58,4
"2024-05-15 22:00:00",10.33,4
"2024-05-15 23:00:00",9.25,5
"2024-05-16 00:00:00",9.05,7.25
"2024-05-16 01:00:00",7.89,3.5
"2024-05-16 01:01:00",,
"2024-05-16 02:00:00",7.82
"2024-05-16 02:01:00",,
"2024-05-16 03:00:00",7.28,3
"2024-05-16 04:00:00",6.37,3
"2024-05-16 05:00:00",6.91,3.25
"2024-05-16 06:00:00",7.12,4
"2024-05-16 07:00:00",10.89,4.25
"2024-05-16 08:00:00",12.16,4.5
"2024-05-16 09:00:00",11.29,3
"2024-05-16 10:00:00",10.16,2.75
"2024-05-16 11:00:00",9.78,1.75
"2024-05-16 12:00:00",9.19,1.25
"2024-05-16 13:00:00",10.14,2.75
"2024-05-16 14:00:00",11.31,4.5
"2024-05-16 15:00:00",10.27,2.25
"2024-05-16 16:00:00",11.49,2
"2024-05-16 17:00:00",13.38,8
"2024-05-16 18:00:00",12.62,7.5
"2024-05-16 19:00:00",12.74,5
"2024-05-16 20:00:00",12.95,1.75
"2024-05-16 21:00:00",11.39,1.5
"2024-05-16 22:00:00",9.72,2.75
"2024-05-16 23:00:00",9.43,2
"2024-05-17 00:00:00",9.34,2
"2024-05-17 01:00:00",9.07,1.5
"2024-05-17 02:00:00",8.26,0.5
"2024-05-17 03:00:00",7.84,2.25
"2024-05-17 04:00:00",8.39,3.25
"2024-05-17 05:00:00",8.1,3.75
"2024-05-17 06:00:00",8.08,4
"2024-05-17 07:00:00",9.57,7.25
"2024-05-17 08:00:00",9.92,8
"2024-05-17 09:00:00",9.54,8
"2024-05-17 10:00:00",9.33,8.5
"2024-05-17 11:00:00",13.09,10
"2024-05-17 12:00:00",9.14,9.75
"2024-05-17 13:00:00",9.31,9.5
"2024-05-17 14:00:00",10.51,11
"2024-05-17 15:00:00",12.94,9.75
"2024-05-17 16:00:00",14.46,6
"2024-05-17 17:00:00",11.72,6.25
"2024-05-17 18:00:00",12.14,6.25
"2024-05-17 19:00:00",12.25,4.75
"2024-05-17 20:00:00",12.25,8.5
"2024-05-17 21:00:00",10.92,14.25
"2024-05-17 22:00:00",9.09,18.25
"2024-05-17 23:00:00",8.85,18.25
"2024-05-18 00:00:00",8.94,14
"2024-05-18 01:00:00",8.77,8.25
"2024-05-18 02:00:00",8.09,8.5
"2024-05-18 03:00:00",8.33,7
"2024-05-18 04:00:00",7.96,6.75
"2024-05-18 05:00:00",7.6,6.25
"2024-05-18 06:00:00",7.65,6.75
"2024-05-18 07:00:00",7.89,6.5
"2024-05-18 08:00:00",8.5,7.75
"2024-05-18 09:00:00",8.63,7.5
"2024-05-18 10:00:00",8.65,8
"2024-05-18 11:00:00",8.6,4.75
"2024-05-18 12:00:00",8.8,4.25
"2024-05-18 13:00:00",8.77,5.25
"2024-05-18 14:00:00",8.85,6.5
"2024-05-18 15:00:00",9.2,8
"2024-05-18 16:00:00",8.99,8
"2024-05-18 17:00:00",9.07,7.75
"2024-05-18 18:00:00",9.41,7
"2024-05-18 19:00:00",10.08,7.25
"2024-05-18 20:00:00",10.46,8
"2024-05-18 21:00:00",9.47,7.75
"2024-05-18 22:00:00",8.9,7.25
"2024-05-18 23:00:00",8.1,7.25
"2024-05-19 00:00:00",7.59,4.25
"2024-05-19 01:00:00",7.66,1.25
"2024-05-19 02:00:00",7.81,0.5
"2024-05-19 03:00:00",7.33,5
"2024-05-19 04:00:00",7.21,4.5
"2024-05-19 05:00:00",6.6,2.75
"2024-05-19 06:00:00",6.51,2.5
"2024-05-19 07:00:00",6.83,3.75
"2024-05-19 08:00:00",6.56,3
"2024-05-19 09:00:00",6.73,3.75
"2024-05-19 10:00:00",7.65,6
"2024-05-19 11:00:00",8.44,6.25
"2024-05-19 12:00:00",8.71,8
"2024-05-19 13:00:00",9.16,10.25
"2024-05-19 14:00:00",9.88,8.5
"2024-05-19 15:00:00",10.27,10
"2024-05-19 16:00:00",10.5,9.25
"2024-05-19 17:00:00",11.07,7.75
"2024-05-19 18:00:00",11.45,9.25
"2024-05-19 19:00:00",11.09,6.25
"2024-05-19 20:00:00",11.63,4
"2024-05-19 21:00:00",11.6,4.25
"2024-05-19 22:00:00",11.71,5.25
"2024-05-19 23:00:00",13.28,6.5
"2024-05-20 00:00:00",12.6,7.75
"2024-05-20 01:00:00",10.47,7.5
"2024-05-20 02:00:00",9.08,9.25
"2024-05-20 03:00:00",8.51,10
"2024-05-20 04:00:00",7.18,9.75
"2024-05-20 05:00:00",7.25,8
"2024-05-20 06:00:00",7.38,4.75
"2024-05-20 07:00:00",8.06,3.5
"2024-05-20 08:00:00",10.03,1.75
"2024-05-20 09:00:00",11.49,2
"2024-05-20 10:00:00",13.35,5.5
"2024-05-20 11:00:00",11.44,6.75
"2024-05-20 12:00:00",10.93,6.75
"2024-05-20 13:00:00",11.26,9.25
"2024-05-20 14:00:00",11.73,9.5
"2024-05-20 15:00:00",10.9,7.75
"2024-05-20 16:00:00",11.13,7.75
"2024-05-20 17:00:00",11.45,9.75
"2024-05-20 18:00:00",11.04,9.25
"2024-05-20 19:00:00",11.03,9.5
"2024-05-20 20:00:00",10.49,7.5
"2024-05-20 21:00:00",13.68,8
"2024-05-20 22:00:00",13.27,13.5
"2024-05-20 23:00:00",11.28,11.5
"2024-05-21 00:00:00",10.35,10.25
"2024-05-21 01:00:00",9.86,11.5
"2024-05-21 02:00:00",8.81,13.25
"2024-05-21 03:00:00",6.8,12.5
"2024-05-21 04:00:00",6.85,7
"2024-05-21 05:00:00",6.75,4.25
"2024-05-21 06:00:00",7.26,4.75
"2024-05-21 07:00:00",8.4,3.75
"2024-05-21 08:00:00",11.62,3
"2024-05-21 09:00:00",9.76,2.75
"2024-05-21 10:00:00",9.08,3
"2024-05-21 11:00:00",8.71,6
"2024-05-21 12:00:00",9.52,6
"2024-05-21 13:00:00",9.21,6
"2024-05-21 14:00:00",9.34,5.75
"2024-05-21 15:00:00",9.38,6.5
"2024-05-21 16:00:00",10.02,10.25
"2024-05-21 17:00:00",10.25,7.5
"2024-05-21 18:00:00",11.2,6.5
"2024-05-21 19:00:00",11.4,8.25
"2024-05-21 20:00:00",11.17,8.25
"2024-05-21 21:00:00",11.05,5.75
"2024-05-21 22:00:00",9.93,5.5
"2024-05-21 23:00:00",8.86,6.75
"2024-05-22 00:00:00",8.56,6
"2024-05-22 01:00:00",8.3,5.25
"2024-05-22 02:00:00",7.92,2.5
"2024-05-22 03:00:00",7.62,1.25
"2024-05-22 04:00:00",7.81,2.25
"2024-05-22 05:00:00",7.53,4
"2024-05-22 06:00:00",8.04,6.75
"2024-05-22 07:00:00",8.08,5.5
"2024-05-22 08:00:00",8.91,4
"2024-05-22 09:00:00",9.29,3.75
"2024-05-22 10:00:00",9.29,3.5
"2024-05-22 11:00:00",9.13,5.25
"2024-05-22 12:00:00",9.53,6
"2024-05-22 13:00:00",9.42,5.5
"2024-05-22 14:00:00",9.51,3.5
"2024-05-22 15:00:00",9.41,2.5
"2024-05-22 16:00:00",9.35,4.75
"2024-05-22 17:00:00",9.19,6.25
"2024-05-22 18:00:00",9.24,3.25
"2024-05-22 19:00:00",9.34,0.75
"2024-05-22 20:00:00",9.11,1.25
"2024-05-22 21:00:00",8.87,4.75
"2024-05-22 22:00:00",8.22,3.5
"2024-05-22 23:00:00",7.46,1.5
"2024-05-23 00:00:00",7.62,-0.5
"2024-05-23 01:00:00",6.99,0.25
"2024-05-23 02:00:00",7.04,6.75
"2024-05-23 03:00:00",6.28,5.5
"2024-05-23 04:00:00",5.99,3.25
"2024-05-23 05:00:00",5.67,1.25
"2024-05-23 06:00:00",6.07,2.25
"2024-05-23 07:00:00",6.85,3
"2024-05-23 08:00:00",6.89,3
"2024-05-23 09:00:00",6.98,3
"2024-05-23 10:00:00",6.99,3
"2024-05-23 11:00:00",8.28,2.75
"2024-05-23 12:00:00",7.35,2
"2024-05-23 13:00:00",7.27,2.5
"2024-05-23 14:00:00",6.84,4
"2024-05-23 15:00:00",7.13,4
"2024-05-23 16:00:00",7.59,4
"2024-05-23 17:00:00",7.65,4
"2024-05-23 18:00:00",7.44,4.5
"2024-05-23 19:00:00",7.11,6
"2024-05-23 20:00:00",7.25,5.75
"2024-05-23 21:00:00",7.27,4.5
"2024-05-23 22:00:00",6.75,2.75
"2024-05-23 23:00:00",6.62,1.75
"2024-05-24 00:00:00",6.13,1.5
"2024-05-24 01:00:00",6.1,2.5
"2024-05-24 02:00:00",6.42,1
"2024-05-24 03:00:00",5.65,1
"2024-05-24 04:00:00",5.52,1.25
"2024-05-24 05:00:00",5.18,2.75
"2024-05-24 06:00:00",5.65,4.5
"2024-05-24 07:00:00",12.07,2.75
"2024-05-24 08:00:00",13.82,1.25
"2024-05-24 09:00:00",9.74,-1.25
"2024-05-24 10:00:00",6.93,-1
"2024-05-24 11:00:00",6.76,2.5
"2024-05-24 12:00:00",6.5,3.5
"2024-05-24 13:00:00",6.46,1.5
"2024-05-24 14:00:00",7.05,5.5
"2024-05-24 15:00:00",6.97,17.5
"2024-05-24 16:00:00",6.57,3.75
"2024-05-24 17:00:00",6.43,2.25
"2024-05-24 18:00:00",6.46,0.25
"2024-05-24 19:00:00",6.48,1
"2024-05-24 20:00:00",6.54,1.75
"2024-05-24 21:00:00",7.29,4.25
"2024-05-24 22:00:00",8.07,4.75
"2024-05-24 23:00:00",7.88,3.5
"2024-05-25 00:00:00",9.33,2.75
"2024-05-25 01:00:00",9.58,4.75
"2024-05-25 02:00:00",9.9,4
"2024-05-25 03:00:00",9.23,3.75
"2024-05-25 04:00:00",7.61,2.75
"2024-05-25 05:00:00",6.62,2
"2024-05-25 06:00:00",6.59,2.5
"2024-05-25 07:00:00",6.68,4.25
"2024-05-25 08:00:00",6.61,4.75
"2024-05-25 09:00:00",6.06,3.75
"2024-05-25 10:00:00",6.97,3.25
"2024-05-25 11:00:00",7.12,4.75
"2024-05-25 12:00:00",7.69,6.75
"2024-05-25 13:00:00",7.15,6
"2024-05-25 14:00:00",7.24,6.5
"2024-05-25 15:00:00",7.19,7.5
"2024-05-25 16:00:00",7.86,6.25
"2024-05-25 17:00:00",9.04,6.5
"2024-05-25 18:00:00",8.37,5.25
"2024-05-25 19:00:00",8.65,6.5
"2024-05-25 20:00:00",8.84,7.5
"2024-05-25 21:00:00",8.56,5.75
"2024-05-25 22:00:00",9.51,5
"2024-05-25 23:00:00",9.97,4.75
"2024-05-26 00:00:00",9.03,3.75
"2024-05-26 01:00:00",6.87,3.25
"2024-05-26 02:00:00",6.48,3.75
"2024-05-26 03:00:00",6.1,2.25
"2024-05-26 03:01:00",,
"2024-05-26 04:00:00",6.35
"2024-05-26 04:01:00",,
"2024-05-26 05:00:00",5.87,0.5
"2024-05-26 06:00:00",5.91,2.25
"2024-05-26 07:00:00",6.84,3
"2024-05-26 08:00:00",6.57,2.25
"2024-05-26 09:00:00",6.87,0.25
"2024-05-26 10:00:00",6.93,0.75
"2024-05-26 11:00:00",6.39,0.25
"2024-05-26 12:00:00",6.84,1.25
"2024-05-26 13:00:00",6.52,1.5
"2024-05-26 13:01:00",,
"2024-05-26 14:00:00",6.77
"2024-05-26 14:01:00",,
"2024-05-26 15:00:00",6.78,0.25
"2024-05-26 16:00:00",6.81,1
"2024-05-26 17:00:00",6.88,1
"2024-05-26 18:00:00",6.61,1
"2024-05-26 19:00:00",6.44,0.5
"2024-05-26 20:00:00",6.67,-0.25
"2024-05-26 21:00:00",6.42,2.25
"2024-05-26 22:00:00",6.14,2.25
"2024-05-26 23:00:00",6.35,0.5
"2024-05-27 00:00:00",5.92,2
"2024-05-27 01:00:00",5.67,2
"2024-05-27 02:00:00",5.49,2
"2024-05-27 03:00:00",5.45,2.25
"2024-05-27 04:00:00",5.23,2.75
"2024-05-27 05:00:00",5.47,1.5
"2024-05-27 06:00:00",5.57,0.25
"2024-05-27 07:00:00",7.79,2
"2024-05-27 08:00:00",11.07,5
"2024-05-27 09:00:00",8.91,4.75
"2024-05-27 10:00:00",8.89,3.75
"2024-05-27 11:00:00",7.65,3.75
"2024-05-27 12:00:00",7.89,5.75
"2024-05-27 13:00:00",7.33,4.5
"2024-05-27 14:00:00",8.58,3.75
"2024-05-27 15:00:00",7.19,5.5
"2024-05-27 16:00:00",7.19,3.5
"2024-05-27 17:00:00",6.72,1.25
"2024-05-27 18:00:00",6.84,-0.75
"2024-05-27 19:00:00",6.96,1
"2024-05-27 20:00:00",7.34,3.5
"2024-05-27 21:00:00",7.21,2
"2024-05-27 22:00:00",7.3,1.5
"2024-05-27 23:00:00",7.14,-0.25
"2024-05-28 00:00:00",6.83,-0.75
"2024-05-28 01:00:00",6.82,-0.75
"2024-05-28 02:00:00",6.97,-3
"2024-05-28 03:00:00",6.74,-2.5
"2024-05-28 04:00:00",6.74,-0.75
"2024-05-28 05:00:00",6.62,0.25
"2024-05-28 06:00:00",7.01,0.75
"2024-05-28 07:00:00",8.12,-1
"2024-05-28 08:00:00",9.66,-3.75
"2024-05-28 09:00:00",9.6,-1.75
"2024-05-28 10:00:00",7.93,1.75
"2024-05-28 11:00:00",8.37,1
"2024-05-28 12:00:00",8.12,1.25
"2024-05-28 13:00:00",7.52,2.25
"2024-05-28 14:00:00",8.32,3
"2024-05-28 15:00:00",8.14,3
"2024-05-28 16:00:00",8.21,3.5
"2024-05-28 17:00:00",7.86,4.75
"2024-05-28 18:00:00",7.74,4.25
"2024-05-28 19:00:00",7.61,4.75
"2024-05-28 20:00:00",8.35,3.75
"2024-05-28 21:00:00",8.3,3
"2024-05-28 22:00:00",8.09,3.75
"2024-05-28 23:00:00",7.47,6
"2024-05-29 00:00:00",6.91,6
"2024-05-29 01:00:00",6.18,5.25
"2024-05-29 02:00:00",5.75,3
"2024-05-29 03:00:00",5.63,3.75
"2024-05-29 04:00:00",5.55,6
"2024-05-29 05:00:00",5.71,6.25
"2024-05-29 06:00:00",6.02,6.25
"2024-05-29 07:00:00",7.45,3
"2024-05-29 08:00:00",8.56,0.5
"2024-05-29 09:00:00",7.57,2
"2024-05-29 10:00:00",7.4,1.75
"2024-05-29 11:00:00",8.54,0.75
"2024-05-29 12:00:00",12.7,0.25
"2024-05-29 13:00:00",8.47,1.25
"2024-05-29 14:00:00",8.63,2.25
"2024-05-29 15:00:00",8.89,2.75
"2024-05-29 16:00:00",8.58,2
"2024-05-29 17:00:00",7.97,2.5
"2024-05-29 18:00:00",7.92,3.5
"2024-05-29 19:00:00",7.82,1.75
"2024-05-29 20:00:00",7.82,1.5
"2024-05-29 21:00:00",7.65,3.5
"2024-05-29 22:00:00",7.35,5.75
"2024-05-29 23:00:00",6.86,7.25
"2024-05-30 00:00:00",6.53,5.25
"2024-05-30 01:00:00",6.2,5.75
"2024-05-30 02:00:00",6.13,4.75
"2024-05-30 03:00:00",6.15,3.5
"2024-05-30 04:00:00",5.95,1.5
"2024-05-30 05:00:00",6.04,0.25
"2024-05-30 06:00:00",6.44,1.5
"2024-05-30 07:00:00",11.49,2.5
"2024-05-30 08:00:00",13.25,1
"2024-05-30 09:00:00",10.16,1.75
"2024-05-30 10:00:00",11.75,3.5
"2024-05-30 11:00:00",11.88,1.75
"2024-05-30 12:00:00",8.36,1.5
"2024-05-30 13:00:00",8.72,3
"2024-05-30 14:00:00",9.51,2.75
"2024-05-30 15:00:00",9.68,2
"2024-05-30 16:00:00",8.5,2.25
"2024-05-30 17:00:00",8.1,3.25
"2024-05-30 18:00:00",8.03,5.25
"2024-05-30 19:00:00",7.98,8.25
"2024-05-30 20:00:00",7.72,6
"2024-05-30 21:00:00",7.66,6.25
"2024-05-30 22:00:00",7.12,7
"2024-05-30 23:00:00",6.78,6.75
"2024-05-31 00:00:00",6.49,5.75
"2024-05-31 01:00:00",6.34,4.5
"2024-05-31 02:00:00",5.77,3.75
"2024-05-31 03:00:00",5.73,5.5
"2024-05-31 04:00:00",5.38,4.25
"2024-05-31 05:00:00",5.22,4.75
"2024-05-31 06:00:00",5.67,3.5
"2024-05-31 07:00:00",6.91,2.25
"2024-05-31 08:00:00",6.7,3
"2024-05-31 08:01:00",,
"2024-05-31 09:00:00",6.09
"2024-05-31 09:01:00",,
"2024-05-31 10:00:00",6.39
"2024-05-31 11:00:00",5.03
"2024-05-31 12:00:00",5.97,7
"2024-05-31 13:00:00",6.3,7.75
"2024-05-31 14:00:00",6.67,9.25
"2024-05-31 15:00:00",6.92,7.5
"2024-05-31 16:00:00",6.99,9
"2024-05-31 17:00:00",7.38,8.25
"2024-05-31 18:00:00",7.63,6.25
"2024-05-31 19:00:00",7.83,7.75
"2024-05-31 20:00:00",8.14,9.5
"2024-05-31 21:00:00",7.72,7.5
"2024-05-31 22:00:00",7.55,6
"2024-05-31 23:00:00",7.35,6.5
"2024-06-01 00:00:00",7.12,8
"2024-06-01 01:00:00",6.63,7.25
"2024-06-01 02:00:00",6.36,5.75
"2024-06-01 03:00:00",6.15,8.5
"2024-06-01 04:00:00",5.71,9.25
"2024-06-01 05:00:00",5.8,6.75
"2024-06-01 06:00:00",5.65,6.5
"2024-06-01 07:00:00",5.94,7.5
"2024-06-01 08:00:00",6.34,6
"2024-06-01 09:00:00",6.78,6.75
"2024-06-01 10:00:00",6.71,8.5
"2024-06-01 11:00:00",6.94,7.25
"2024-06-01 12:00:00",7.01,7.75
"2024-06-01 13:00:00",6.93,6.75
"2024-06-01 14:00:00",7.39,5.5
"2024-06-01 15:00:00",7.41,4
"2024-06-01 16:00:00",8.02,4.75
"2024-06-01 17:00:00",7.97,6.75
"2024-06-01 18:00:00",8.26,6.5
"2024-06-01 19:00:00",8.6,7.5
"2024-06-01 20:00:00",10.03,5.75
"2024-06-01 21:00:00",12.08,6.75
"2024-06-01 22:00:00",9.29,11
"2024-06-01 23:00:00",8.3,8
"2024-06-02 00:00:00",7.56,7.5
"2024-06-02 01:00:00",7.1,5.5
"2024-06-02 02:00:00",6.88,4.75
"2024-06-02 03:00:00",6.97,6.75
"2024-06-02 04:00:00",6.58,6.5
"2024-06-02 05:00:00",5.82,7.25
"2024-06-02 06:00:00",6.18,5
"2024-06-02 07:00:00",6.49,4.75
"2024-06-02 08:00:00",6.62,3.75
"2024-06-02 09:00:00",6.41,3.75
"2024-06-02 10:00:00",6.73,5.75
"2024-06-02 11:00:00",6.99,5
"2024-06-02 12:00:00",7.19,5.5
"2024-06-02 13:00:00",7.48,7
"2024-06-02 14:00:00",7.32,7.5
"2024-06-02 15:00:00",7.45,8.25
"2024-06-02 16:00:00",7.67,5
"2024-06-02 17:00:00",8.17,3
"2024-06-02 18:00:00",8.09,6
"2024-06-02 19:00:00",8.15,5.75
"2024-06-02 20:00:00",8.37,5
"2024-06-02 21:00:00",8.49,5.25
"2024-06-02 22:00:00",8.18,5.75
"2024-06-02 23:00:00",7.8,4.75
"2024-06-03 00:00:00",7.64,4
"2024-06-03 01:00:00",7.51,4.5
"2024-06-03 02:00:00",7.44,5.5
"2024-06-03 03:00:00",7.59,3.75
"2024-06-03 04:00:00",7.29,3.5
"2024-06-03 05:00:00",7.35,4.5
"2024-06-03 06:00:00",7.31,3.25
"2024-06-03 07:00:00",7.32,4.25
"2024-06-03 08:00:00",7.65,4.75
"2024-06-03 09:00:00",7.55,3
"2024-06-03 09:01:00",,
"2024-06-03 10:00:00",7.83
"2024-06-03 10:01:00",,
"2024-06-03 11:00:00",8.02,1.25
"2024-06-03 12:00:00",7.95,5
"2024-06-03 13:00:00",8.39,4.5
"2024-06-03 14:00:00",8.25,3.75
"2024-06-03 15:00:00",8.35,6.25
"2024-06-03 16:00:00",8.7,7.25
"2024-06-03 17:00:00",8.72,7.5
"2024-06-03 18:00:00",8.75,5.25
"2024-06-03 19:00:00",8.52,3.25
"2024-06-03 20:00:00",8.84,3.25
"2024-06-03 21:00:00",9,0.75
"2024-06-03 22:00:00",8.8,0.75
"2024-06-03 23:00:00",7.85,2.75
"2024-06-04 00:00:00",7.59,2
"2024-06-04 01:00:00",7.62,2.25
"2024-06-04 02:00:00",7.29,2.75
"2024-06-04 03:00:00",6.86,2.75
"2024-06-04 04:00:00",6.91,4.5
"2024-06-04 05:00:00",6.46,3.75
"2024-06-04 06:00:00",6.72,6.25
"2024-06-04 07:00:00",7.82,6.25
"2024-06-04 08:00:00",11.04,3.25
"2024-06-04 09:00:00",18.48,1.5
"2024-06-04 10:00:00",16.71,3
"2024-06-04 11:00:00",13.78,2.75
"2024-06-04 12:00:00",10.97,1.5
"2024-06-04 13:00:00",10.25,0.25
"2024-06-04 14:00:00",10.67,2
"2024-06-04 15:00:00",10.24,6.5
"2024-06-04 16:00:00",9.31,12
"2024-06-04 17:00:00",8.01,14.5
"2024-06-04 18:00:00",7.51,12.75
"2024-06-04 19:00:00",7.48,11.75
"2024-06-04 20:00:00",7.28,11.25
"2024-06-04 21:00:00",6.76,12.25
"2024-06-04 22:00:00",6.44,11.75
"2024-06-04 23:00:00",6.75,8.5
"2024-06-05 00:00:00",6.48,9
"2024-06-05 01:00:00",5.95,5.25
"2024-06-05 02:00:00",5.7,3.25
"2024-06-05 03:00:00",4.81,4
"2024-06-05 04:00:00",4.8,4.75
"2024-06-05 05:00:00",4.75,6.75
"2024-06-05 06:00:00",5.38,6.75
"2024-06-05 07:00:00",7.31,9
"2024-06-05 08:00:00",8.34,10.5
"2024-06-05 09:00:00",9.05,14.75
"2024-06-05 10:00:00",8.78,14.5
"2024-06-05 11:00:00",9.68,13.75
"2024-06-05 12:00:00",9.21,7.75
"2024-06-05 13:00:00",8.07,9.5
"2024-06-05 14:00:00",12.7,8
"2024-06-05 15:00:00",10.77,7.5
"2024-06-05 16:00:00",6.9,5.5
"2024-06-05 17:00:00",6.79,4
"2024-06-05 18:00:00",6.69,4.5
"2024-06-05 19:00:00",6.81,5.5
"2024-06-05 20:00:00",6.99,4.75
"2024-06-05 21:00:00",6.57,7
"2024-06-05 22:00:00",6.33,7
"2024-06-05 23:00:00",6.04,7.25
"2024-06-06 00:00:00",5.57,7.25
"2024-06-06 01:00:00",5.61,4
"2024-06-06 02:00:00",5.21,1.75
"2024-06-06 03:00:00",4.97,4
"2024-06-06 04:00:00",5.38,3.75
"2024-06-06 05:00:00",5.68,3.25
"2024-06-06 06:00:00",5.85,4.25
"2024-06-06 07:00:00",7.25,5
"2024-06-06 08:00:00",8.52,6
"2024-06-06 09:00:00",6.83,8.75
"2024-06-06 10:00:00",6.8,8
"2024-06-06 11:00:00",7.15,8.25
"2024-06-06 12:00:00",6.7,9.25
"2024-06-06 13:00:00",7.22,9.5
"2024-06-06 14:00:00",11.89,8
"2024-06-06 15:00:00",14.42,7.5
"2024-06-06 16:00:00",10.52,6.25
"2024-06-06 17:00:00",6.71,7.75
"2024-06-06 18:00:00",6.62,9.5
"2024-06-06 19:00:00",6.44,7.75
"2024-06-06 20:00:00",6.43,6.5
"2024-06-06 21:00:00",6.85,6.5
"2024-06-06 22:00:00",6.65,10.25
"2024-06-06 23:00:00",6.65,7.75
"2024-06-07 00:00:00",6.22,6.25
"2024-06-07 01:00:00",6.14,3.5
"2024-06-07 02:00:00",5.68,2.25
"2024-06-07 03:00:00",5.58,4
"2024-06-07 04:00:00",5.62,6.75
"2024-06-07 05:00:00",5.51,5
"2024-06-07 06:00:00",6.06,1.75
"2024-06-07 07:00:00",7.52,1
"2024-06-07 08:00:00",10.74,1
"2024-06-07 09:00:00",17.57,2
"2024-06-07 10:00:00",17.93,5.25
"2024-06-07 11:00:00",15.31,6
"2024-06-07 12:00:00",14.71,6
"2024-06-07 13:00:00",14.24,4.75
"2024-06-07 14:00:00",9.27,1.5
"2024-06-07 15:00:00",7.3,2.75
"2024-06-07 16:00:00",7.01,1
"2024-06-07 17:00:00",7.08,-1.75
"2024-06-07 18:00:00",6.65,-0.25
"2024-06-07 19:00:00",6.89,2
"2024-06-07 20:00:00",7.26,2
"2024-06-07 21:00:00",7.27,1.5
"2024-06-07 21:01:00",,
"2024-06-07 22:00:00",7.05
"2024-06-07 22:01:00",,
"2024-06-07 23:00:00",6.76,0.75
"2024-06-08 00:00:00",6.29,2.75
"2024-06-08 01:00:00",6.33,2.5
"2024-06-08 02:00:00",5.91,4
"2024-06-08 03:00:00",5.82,3.5
"2024-06-08 04:00:00",5.65,1.5
"2024-06-08 04:01:00",,
"2024-06-08 05:00:00",5.69
"2024-06-08 05:01:00",,
"2024-06-08 06:00:00",5.58,0.75
"2024-06-08 07:00:00",5.92,3.25
"2024-06-08 08:00:00",6.68,3.75
"2024-06-08 09:00:00",7.12,3
"2024-06-08 10:00:00",6.91,3.25
"2024-06-08 11:00:00",7.1,3.75
"2024-06-08 12:00:00",7.2,2.5
"2024-06-08 13:00:00",7.13,1.75
"2024-06-08 14:00:00",7.06,4
"2024-06-08 15:00:00",6.91,5.25
"2024-06-08 16:00:00",7.11,9.25
"2024-06-08 17:00:00",7.01,10.5
"2024-06-08 18:00:00",6.95,11.75
"2024-06-08 19:00:00",6.91,10.5
"2024-06-08 20:00:00",6.83,9
"2024-06-08 21:00:00",6.51,8.5
"2024-06-08 22:00:00",6.27,7.25
"2024-06-08 23:00:00",6.25,9.25
"2024-06-09 00:00:00",6.01,13.5
"2024-06-09 01:00:00",6.22,13
"2024-06-09 02:00:00",5.76,6.75
"2024-06-09 03:00:00",5.28,6.25
"2024-06-09 04:00:00",5.04,6.75
"2024-06-09 05:00:00",4.9,5.75
"2024-06-09 06:00:00",4.91,5.25
"2024-06-09 07:00:00",5.04,5.75
"2024-06-09 08:00:00",5.42,5.25
"2024-06-09 09:00:00",5.47,6.25
"2024-06-09 10:00:00",5.65,6.75
"2024-06-09 11:00:00",5.82,5.75
"2024-06-09 12:00:00",5.72,4.5
"2024-06-09 13:00:00",5.88,4
"2024-06-09 14:00:00",6.22,7.25
"2024-06-09 15:00:00",6.09,7
"2024-06-09 16:00:00",6.43,3.25
"2024-06-09 17:00:00",6.44,1.25
"2024-06-09 18:00:00",6.66,3
"2024-06-09 19:00:00",6.34,6.25
"2024-06-09 20:00:00",6.62,7
"2024-06-09 21:00:00",6.41,6.5
"2024-06-09 22:00:00",6.3,4.5
"2024-06-09 23:00:00",6.18,3.5
"2024-06-10 00:00:00",5.82,5.25
"2024-06-10 01:00:00",5.75,5.5
"2024-06-10 02:00:00",5.48,3.5
"2024-06-10 03:00:00",5.76,2
"2024-06-10 04:00:00",5.54,1.5
"2024-06-10 05:00:00",5.34,0.25
"2024-06-10 06:00:00",5.5,1.25
"2024-06-10 07:00:00",10.23,3
"2024-06-10 08:00:00",8.39,6
"2024-06-10 09:00:00",7.6,5.75
"2024-06-10 10:00:00",7.18,4.75
"2024-06-10 11:00:00",6.71,4.75
"2024-06-10 12:00:00",8.25,7.25
"2024-06-10 13:00:00",6.99,7.5
"2024-06-10 14:00:00",8,5.75
"2024-06-10 15:00:00",8.9,5
"2024-06-10 16:00:00",7.65,4.75
"2024-06-10 17:00:00",7.47,4
"2024-06-10 18:00:00",7.54,5
"2024-06-10 19:00:00",7.1,7.75
"2024-06-10 20:00:00",7.1,7
"2024-06-10 21:00:00",6.77,6.75
"2024-06-10 22:00:00",6.58,6
"2024-06-10 23:00:00",6.38,6.75
"2024-06-11 00:00:00",6.08,8.25
"2024-06-11 01:00:00",5.42,6.25
"2024-06-11 02:00:00",5.17,7
"2024-06-11 03:00:00",5.3,6.75
"2024-06-11 04:00:00",5.16,5.5
"2024-06-11 05:00:00",5.59,3.25
"2024-06-11 06:00:00",6.07,1.5
"2024-06-11 07:00:00",15.71,3
"2024-06-11 08:00:00",12.42,4.25
"2024-06-11 09:00:00",7.87,7.25
"2024-06-11 10:00:00",7.3,4.75
"2024-06-11 11:00:00",7.47,4.25
"2024-06-11 12:00:00",9.3,5.5
"2024-06-11 13:00:00",7.84,6.75
"2024-06-11 14:00:00",8.66,6
"2024-06-11 15:00:00",8.16,5.5
"2024-06-11 16:00:00",7.43,3.75
"2024-06-11 17:00:00",7.03,3
"2024-06-11 18:00:00",7.11,3.25
"2024-06-11 19:00:00",6.97,4.5
"2024-06-11 20:00:00",7.66,6
"2024-06-11 21:00:00",8.27,5.75
"2024-06-11 22:00:00",6.74,5.25
"2024-06-11 23:00:00",6.44,6
"2024-06-12 00:00:00",6.01,5.5
"2024-06-12 01:00:00",5.27,4.25
"2024-06-12 02:00:00",5.58,5.25
"2024-06-12 03:00:00",5.35,6.25
"2024-06-12 04:00:00",5.29,6.75
"2024-06-12 05:00:00",4.92,5.5
"2024-06-12 06:00:00",5.58,4.5
"2024-06-12 07:00:00",13.18,6
"2024-06-12 07:01:00",,
"2024-06-12 08:01:00",,
"2024-06-12 10:00:00",15.65,6
"2024-06-12 11:00:00",16.27,6.5
"2024-06-12 12:00:00",15.71,8
"2024-06-12 13:00:00",11.77,7.5
"2024-06-12 14:00:00",15,5.5
"2024-06-12 15:00:00",14.6,3.5
"2024-06-12 16:00:00",9.44,2.75
"2024-06-12 17:00:00",6.77,5
"2024-06-12 18:00:00",6.42,5.25
"2024-06-12 19:00:00",6.51,5.5
"2024-06-12 20:00:00",6.43,3.75
"2024-06-12 21:00:00",7.23,3
"2024-06-12 22:00:00",7.16,3.25
"2024-06-12 23:00:00",6.75,4.75
"2024-06-13 00:00:00",6.26,6.25
"2024-06-13 01:00:00",6.25,3
"2024-06-13 02:00:00",6.26,-0.25
"2024-06-13 03:00:00",5.98,-0.5
"2024-06-13 04:00:00",5.83,1
"2024-06-13 05:00:00",5.89,0.75
"2024-06-13 06:00:00",5.95,1
"2024-06-13 07:00:00",6.44,4
"2024-06-13 08:00:00",6.63,3.25
"2024-06-13 09:00:00",6.76,1
"2024-06-13 10:00:00",6.7,1
"2024-06-13 11:00:00",6.78,1.25
"2024-06-13 12:00:00",7.85,2.25
"2024-06-13 13:00:00",8.91,3
"2024-06-13 14:00:00",9.98,3.25
"2024-06-13 15:00:00",8.51,3.75
"2024-06-13 16:00:00",7.59,2.75
"2024-06-13 17:00:00",7.71,2.5
"2024-06-13 18:00:00",7.56,3.5
"2024-06-13 19:00:00",7.46,1.5
"2024-06-13 20:00:00",7.33,0.75
"2024-06-13 21:00:00",7.26,2.75
"2024-06-13 22:00:00",7.28,1.25
"2024-06-13 23:00:00",6.92,-0.75
"2024-06-14 00:00:00",5.96,0.75
"2024-06-14 01:00:00",6.39,2.75
"2024-06-14 02:00:00",5.75,2
"2024-06-14 03:00:00",5.59,2.5
"2024-06-14 04:00:00",5.35,3.75
"2024-06-14 05:00:00",5.71,3
"2024-06-14 06:00:00",6.35,2.75
"2024-06-14 07:00:00",7.15,2.25
"2024-06-14 08:00:00",6.58,3.25
"2024-06-14 09:00:00",8.95,4
"2024-06-14 10:00:00",8.6,3.75
"2024-06-14 11:00:00",8.33,3.25
"2024-06-14 12:00:00",9.01,4.75
"2024-06-14 13:00:00",8.09,6.25
"2024-06-14 14:00:00",7.31,3.25
"2024-06-14 15:00:00",7.86,0.75
"2024-06-14 16:00:00",7.29,1
"2024-06-14 17:00:00",6.67,4.25
"2024-06-14 18:00:00",6.74,4.5
"2024-06-14 19:00:00",6.54,2.25
"2024-06-14 20:00:00",6.19,0.25
"2024-06-14 21:00:00",6.24,3.25
"2024-06-14 22:00:00",6.32,9
"2024-06-14 23:00:00",6.03,5.5
"2024-06-15 00:00:00",5.83,4
"2024-06-15 01:00:00",6.02,4
"2024-06-15 02:00:00",5.43,3.5
"2024-06-15 03:00:00",5.73,2
"2024-06-15 04:00:00",5.88,2.25
"2024-06-15 05:00:00",5.37,4.25
"2024-06-15 06:00:00",5.37,8.25
"2024-06-15 07:00:00",5.79,8.25
"2024-06-15 08:00:00",5.79,6.75
"2024-06-15 09:00:00",6.34,9
"2024-06-15 10:00:00",5.76,9
"2024-06-15 11:00:00",5.39,8.5
"2024-06-15 12:00:00",5.04,6.5
"2024-06-15 13:00:00",5.41,4
"2024-06-15 14:00:00",5.67,1.25
"2024-06-15 15:00:00",5.62,2.5
"2024-06-15 16:00:00",5.64,3.75
"2024-06-15 17:00:00",6.1,2.5
"2024-06-15 18:00:00",6.06,1
"2024-06-15 19:00:00",6,2
"2024-06-15 20:00:00",6.05,5.5
"2024-06-15 21:00:00",6.28,6.5
"2024-06-15 22:00:00",6.35,4.75
"2024-06-15 23:00:00",6,3.75
"2024-06-16 00:00:00",6.67,3.5
"2024-06-16 01:00:00",5.67,4.25
"2024-06-16 02:00:00",5.44,1.75
"2024-06-16 03:00:00",5.71,1.75
"2024-06-16 04:00:00",4.91,4
"2024-06-16 05:00:00",4.92,3.75
"2024-06-16 06:00:00",5.14,2.5
"2024-06-16 07:00:00",5.6,1
"2024-06-16 08:00:00",5.4,2.25
"2024-06-16 09:00:00",5.75,5.75
"2024-06-16 10:00:00",5.71,4.25
"2024-06-16 11:00:00",5.91,2
"2024-06-16 12:00:00",6.07,2.5
"2024-06-16 13:00:00",6.03,3.75
"2024-06-16 14:00:00",6.45,3
"2024-06-16 15:00:00",6.48,3
"2024-06-16 16:00:00",6.44,3.75
"2024-06-16 17:00:00",6.35,5.5
"2024-06-16 18:00:00",6.89,3.25
"2024-06-16 19:00:00",6.97,1.25
"2024-06-16 20:00:00",7.46,2
"2024-06-16 21:00:00",7.32,2.5
"2024-06-16 22:00:00",7.9,4
"2024-06-16 23:00:00",7.2,3.5
"2024-06-17 00:00:00",6.23,1.75
"2024-06-17 01:00:00",6.67,1.5
"2024-06-17 02:00:00",5.52,3.25
"2024-06-17 03:00:00",5.47,4.75
"2024-06-17 04:00:00",5.84,6.75
"2024-06-17 05:00:00",5.94,5.25
"2024-06-17 06:00:00",6.62,2.75
"2024-06-17 07:00:00",6.49,2.75
"2024-06-17 08:00:00",6.63,4.75
"2024-06-17 09:00:00",7.04,3.5
"2024-06-17 10:00:00",6.67,1.75
"2024-06-17 11:00:00",6.77,1
"2024-06-17 12:00:00",7.99,1
"2024-06-17 13:00:00",8.25,1.25
"2024-06-17 14:00:00",7.38,3
"2024-06-17 15:00:00",4.86,5.5
"2024-06-17 16:00:00",6.3,4.25
"2024-06-17 17:00:00",7.19,5.25
"2024-06-17 18:00:00",7.34,5.5
"2024-06-17 19:00:00",7.77,4
"2024-06-17 20:00:00",8.27,4
"2024-06-17 21:00:00",8.26,3.5
"2024-06-17 22:00:00",8.65,2.5
"2024-06-17 23:00:00",7.75,4
"2024-06-17 23:01:00",,
"2024-06-18 00:01:00",,
"2024-06-18 01:00:00",6.8,1.33
"2024-06-18 02:00:00",6.56,2
"2024-06-18 02:01:00",,
"2024-06-18 03:01:00",,
"2024-06-18 04:00:00",5.78,0.33
"2024-06-18 05:00:00",5.59,2
"2024-06-18 06:00:00",6.04,4.75
"2024-06-18 07:00:00",6.63,3.5
"2024-06-18 08:00:00",6.62,2.75
"2024-06-18 09:00:00",6.67,4.75
"2024-06-18 10:00:00",6.86,3
"2024-06-18 11:00:00",7.34,-0.25
"2024-06-18 12:00:00",7.12,-0.75
"2024-06-18 13:00:00",7.01,0.5
"2024-06-18 14:00:00",7.02,2
"2024-06-18 15:00:00",7.95,2.5
"2024-06-18 16:00:00",7.66,4
"2024-06-18 17:00:00",7.94,4
"2024-06-18 18:00:00",7.71,4.5
"2024-06-18 19:00:00",7.2,5.25
"2024-06-18 20:00:00",7.06,3
"2024-06-18 21:00:00",7.29,3.25
"2024-06-18 22:00:00",7.9,3.75
"2024-06-18 23:00:00",7.38,3
"2024-06-19 00:00:00",6.25,3.5
"2024-06-19 01:00:00",5.89,4.75
"2024-06-19 02:00:00",5.42,3.5
"2024-06-19 03:00:00",5.13,1.75
"2024-06-19 04:00:00",5.04,1
"2024-06-19 05:00:00",4.99,1.25
"2024-06-19 06:00:00",5.78,1.75
"2024-06-19 07:00:00",7.38,1.25
"2024-06-19 08:00:00",7,3.25
"2024-06-19 09:00:00",6.07,6.5
"2024-06-19 10:00:00",5.69,4.75
"2024-06-19 11:00:00",6.35,4.5
"2024-06-19 12:00:00",6.38,5.75
"2024-06-19 13:00:00",6.4,5
"2024-06-19 14:00:00",6.62,4.75
"2024-06-19 15:00:00",6.85,3.5
"2024-06-19 16:00:00",6.54,2.25
"2024-06-19 17:00:00",6.93,3
"2024-06-19 18:00:00",7.13,3.5
"2024-06-19 19:00:00",7.13,5
"2024-06-19 20:00:00",7.25,4.25
"2024-06-19 21:00:00",7.28,2
"2024-06-19 22:00:00",7.18,2.25
"2024-06-19 23:00:00",6.68,2.75
"2024-06-20 00:00:00",5.96,2.25
"2024-06-20 01:00:00",5.82,3.25
"2024-06-20 02:00:00",5.18,4.25
"2024-06-20 03:00:00",5.31,4.5
"2024-06-20 04:00:00",5.6,3
"2024-06-20 05:00:00",6.29,2.75
"2024-06-20 06:00:00",6.78,1.75
"2024-06-20 07:00:00",8.83,2.75
"2024-06-20 08:00:00",12.31,7.25
"2024-06-20 09:00:00",14.06,5
"2024-06-20 10:00:00",11.35,4.75
"2024-06-20 11:00:00",8.93,3.5
"2024-06-20 12:00:00",8,2.5
"2024-06-20 13:00:00",8.18,4
"2024-06-20 14:00:00",9.61,4
"2024-06-20 15:00:00",8.48,4.75
"2024-06-20 16:00:00",7.6,7.25
"2024-06-20 17:00:00",7.75,8
"2024-06-20 18:00:00",7.69,8.5
"2024-06-20 19:00:00",7.58,9.5
"2024-06-20 20:00:00",7.58,8.25
"2024-06-20 21:00:00",7.48,9.25
"2024-06-20 22:00:00",7.29,9
"2024-06-20 23:00:00",7.11,5.5
"2024-06-21 00:00:00",6.94,5.25
"2024-06-21 01:00:00",6.79,8.25
"2024-06-21 02:00:00",6.73,5.75
"2024-06-21 03:00:00",7.01,5
"2024-06-21 04:00:00",6.57,5.5
"2024-06-21 05:00:00",6.83,6.75
"2024-06-21 06:00:00",6.78,5.5
"2024-06-21 07:00:00",7.42,4.25
"2024-06-21 08:00:00",7.8,6.25
"2024-06-21 09:00:00",8.98,9.5
"2024-06-21 10:00:00",9.55,7
"2024-06-21 11:00:00",8.75,3.25
"2024-06-21 12:00:00",8.91,1.25
"2024-06-21 13:00:00",9.94,2.25
"2024-06-21 14:00:00",9.01,3.5
"2024-06-21 15:00:00",8.08,5.25
"2024-06-21 16:00:00",8.27,5.75
"2024-06-21 17:00:00",7.91,5.5
"2024-06-21 18:00:00",7.86,6.25
"2024-06-21 19:00:00",7.83,3
"2024-06-21 20:00:00",7.54,0.25
"2024-06-21 21:00:00",7.36,1.5
"2024-06-21 22:00:00",7.42,3
"2024-06-21 23:00:00",7.57,3.5
"2024-06-22 00:00:00",6.29,5.25
"2024-06-22 01:00:00",6.51,5.75
"2024-06-22 02:00:00",6.16,4.5
"2024-06-22 03:00:00",6.14,2.75
"2024-06-22 04:00:00",6.05,2
"2024-06-22 05:00:00",5.81,2.75
"2024-06-22 06:00:00",6.01,5
"2024-06-22 07:00:00",6.45,4.25
"2024-06-22 08:00:00",6.49,2.25
"2024-06-22 09:00:00",6.31,3.5
"2024-06-22 10:00:00",6.31,5
"2024-06-22 11:00:00",6.74,4.25
"2024-06-22 12:00:00",6.57,1.5
"2024-06-22 13:00:00",7.02,1
"2024-06-22 14:00:00",7.1,4
"2024-06-22 15:00:00",7.36,3.5
"2024-06-22 16:00:00",7.49,2
"2024-06-22 17:00:00",7.28,2
"2024-06-22 18:00:00",7.94,2.25
"2024-06-22 19:00:00",7.93,4.25
"2024-06-22 20:00:00",8.14,7.5
"2024-06-22 21:00:00",8.23,6
"2024-06-22 22:00:00",7.73,6.5
"2024-06-22 23:00:00",7.52,7
"2024-06-23 00:00:00",7.53,3.5
"2024-06-23 01:00:00",7.01,2.25
"2024-06-23 02:00:00",6.45,2.75
"2024-06-23 03:00:00",6.96,2
"2024-06-23 04:00:00",6.76,3.25
"2024-06-23 05:00:00",6.46,6.5
"2024-06-23 06:00:00",6.27,4.25
"2024-06-23 07:00:00",6.56,2.25
"2024-06-23 08:00:00",6.77,3.5
"2024-06-23 09:00:00",6.44,5.25
"2024-06-23 10:00:00",6.79,5.75
"2024-06-23 11:00:00",7.11,4.75
"2024-06-23 12:00:00",7.24,4.75
"2024-06-23 13:00:00",7.42,6.75
"2024-06-23 14:00:00",7.63,5.75
"2024-06-23 15:00:00",7.53,4.75
"2024-06-23 16:00:00",7.65,4.75
"2024-06-23 17:00:00",8.08,7.25
"2024-06-23 18:00:00",8.37,7.5
"2024-06-23 19:00:00",8.47,6.5
"2024-06-23 20:00:00",9.21,10
"2024-06-23 21:00:00",9.6,15.25
"2024-06-23 22:00:00",8.83,12.25
"2024-06-23 23:00:00",8.8,10.25
"2024-06-24 00:00:00",8.14,11.25
"2024-06-24 01:00:00",7.45,11.5
"2024-06-24 02:00:00",7.29,9.25
"2024-06-24 03:00:00",6.99,8
"2024-06-24 04:00:00",7.2,12.25
"2024-06-24 05:00:00",7.14,14.5
"2024-06-24 06:00:00",7.92,9.25
"2024-06-24 07:00:00",8.26,6.75
"2024-06-24 08:00:00",8.35,5.75
"2024-06-24 09:00:00",7.83,4.75
"2024-06-24 10:00:00",8.1,4
"2024-06-24 11:00:00",7.86,4.25
"2024-06-24 12:00:00",7.74,5
"2024-06-24 13:00:00",7.71,4.25
"2024-06-24 14:00:00",8.74,1.75
"2024-06-24 15:00:00",7.92,1.5
"2024-06-24 16:00:00",8.18,3
"2024-06-24 17:00:00",8.15,3.5
"2024-06-24 18:00:00",8.55,4.25
"2024-06-24 19:00:00",8.13,1.5
"2024-06-24 20:00:00",8.04,0.25
"2024-06-24 21:00:00",7.99,1
"2024-06-24 22:00:00",8.04,1.75
"2024-06-24 23:00:00",7.92,3.75
"2024-06-25 00:00:00",7.91,2.25
"2024-06-25 00:01:00",,
"2024-06-25 01:00:00",7.94
"2024-06-25 01:01:00",,
"2024-06-25 02:00:00",7.5,0.25
"2024-06-25 03:00:00",7.15,0.75
"2024-06-25 04:00:00",6.85,0.25
"2024-06-25 05:00:00",6,1.5
"2024-06-25 06:00:00",6.21,3.25
"2024-06-25 07:00:00",6.86,3.75
"2024-06-25 08:00:00",8.08,2.5
"2024-06-25 09:00:00",9.37,1
"2024-06-25 10:00:00",9.14,1.5
"2024-06-25 11:00:00",9,2.75
"2024-06-25 12:00:00",8.82,2
"2024-06-25 13:00:00",8.6,2
"2024-06-25 14:00:00",8.81,1.75
"2024-06-25 15:00:00",9.45,1
"2024-06-25 16:00:00",10.12,1.5
"2024-06-25 17:00:00",10.16,3
"2024-06-25 18:00:00",9.97,3
"2024-06-25 19:00:00",10.22,2.75
"2024-06-25 20:00:00",10.66,1.25
"2024-06-25 21:00:00",9.97,-0.5
"2024-06-25 22:00:00",9.48,1.5
"2024-06-25 23:00:00",8.96,3.25
"2024-06-26 00:00:00",8.26,3.75
"2024-06-26 01:00:00",8.02,3.5
"2024-06-26 02:00:00",7.61,4.75
"2024-06-26 03:00:00",7.21,3.25
"2024-06-26 04:00:00",7.01,0.75
"2024-06-26 05:00:00",7.27,0.75
"2024-06-26 06:00:00",7.13,3.75
"2024-06-26 07:00:00",10.77,5.5
"2024-06-26 08:00:00",12.87,3.25
"2024-06-26 09:00:00",11.56,0.75
"2024-06-26 10:00:00",10.14,-0.25
"2024-06-26 11:00:00",9.89,0.25
"2024-06-26 12:00:00",8.78,4
"2024-06-26 13:00:00",8.52,3.75
"2024-06-26 14:00:00",8.62,3
"2024-06-26 15:00:00",9.34,2.75
"2024-06-26 16:00:00",9.32,1.75
"2024-06-26 17:00:00",8.8,1
"2024-06-26 18:00:00",7.94,1
"2024-06-26 19:00:00",7.71,1.5
"2024-06-26 20:00:00",7.65,2.5
"2024-06-26 21:00:00",7.54,0.75
"2024-06-26 22:00:00",7.65,0.25
"2024-06-26 23:00:00",7.45,2
"2024-06-27 00:00:00",7.13,5.25
"2024-06-27 01:00:00",7.26,5
"2024-06-27 02:00:00",6.72,3
"2024-06-27 03:00:00",6.62,6.25
"2024-06-27 04:00:00",6.62,7
"2024-06-27 05:00:00",6.28,6.25
"2024-06-27 06:00:00",6.52,3.75
"2024-06-27 07:00:00",6.56,3
"2024-06-27 08:00:00",6.83,3.5
"2024-06-27 09:00:00",6.48,5
"2024-06-27 10:00:00",6.05,4.25
"2024-06-27 11:00:00",6.07,1.5
"2024-06-27 12:00:00",6.31,0.25
"2024-06-27 13:00:00",5.95,1.5
"2024-06-27 14:00:00",6.33,3.25
"2024-06-27 15:00:00",6.82,4
"2024-06-27 16:00:00",6.63,4
"2024-06-27 17:00:00",6.79,4.25
"2024-06-27 18:00:00",6.51,5
"2024-06-27 19:00:00",6.24,4.75
"2024-06-27 20:00:00",6.33,4
"2024-06-27 21:00:00",6.13,4.5
"2024-06-27 22:00:00",5.57,6.25
"2024-06-27 23:00:00",5.79,7
"2024-06-28 00:00:00",5.8,6.5
"2024-06-28 01:00:00",5.77,4.75
"2024-06-28 02:00:00",5.44,3.75
"2024-06-28 03:00:00",5.42,3.5
"2024-06-28 04:00:00",5.6,4.75
"2024-06-28 05:00:00",5.51,3.75
"2024-06-28 06:00:00",5.96,3
"2024-06-28 07:00:00",9.22,3.5
"2024-06-28 08:00:00",7.69,5
"2024-06-28 09:00:00",7.27,4.5
"2024-06-28 10:00:00",6.55,3
"2024-06-28 11:00:00",5.75,2.5
"2024-06-28 12:00:00",5.94,1.5
"2024-06-28 13:00:00",6.39,3
"2024-06-28 14:00:00",6.52,3
"2024-06-28 15:00:00",6.28,3
"2024-06-28 16:00:00",6.34,3.75
"2024-06-28 17:00:00",6.53,5.75
"2024-06-28 18:00:00",6.19,4.75
"2024-06-28 19:00:00",6.66,4.25
"2024-06-28 20:00:00",6.59,4.75
"2024-06-28 21:00:00",6.49,3.5
"2024-06-28 22:00:00",6.66,2
"2024-06-28 23:00:00",7.08,2.25
"2024-06-29 00:00:00",6.95,2.5
"2024-06-29 01:00:00",6.75,0.75
"2024-06-29 02:00:00",6.36,-0.25
"2024-06-29 03:00:00",6.49,-1.25
"2024-06-29 04:00:00",6.14,-2
"2024-06-29 05:00:00",6.12,-2.25
"2024-06-29 06:00:00",6.28,-2
"2024-06-29 07:00:00",6.94,2
"2024-06-29 08:00:00",6.66,4.5
"2024-06-29 09:00:00",6.67,2
"2024-06-29 10:00:00",6.4,-0.75
"2024-06-29 11:00:00",7.16,1.25
"2024-06-29 12:00:00",6.74,4.75
"2024-06-29 13:00:00",6.84,3.25
"2024-06-29 14:00:00",6.37,0.75
"2024-06-29 15:00:00",6.86,0.5
"2024-06-29 16:00:00",7.75,1.5
"2024-06-29 17:00:00",7.64,-0.5
"2024-06-29 18:00:00",7.75,-1.5
"2024-06-29 19:00:00",7.55,0.75
"2024-06-29 20:00:00",7.51,3
"2024-06-29 21:00:00",7.75,2.75
"2024-06-29 22:00:00",7.47,2.25
"2024-06-29 23:00:00",6.82,3.5
"2024-06-30 00:00:00",6.33,5.25
"2024-06-30 01:00:00",5.85,5.5
"2024-06-30 02:00:00",5.17,3.5
"2024-06-30 03:00:00",4.89,2
"2024-06-30 04:00:00",4.94,2.5
"2024-06-30 05:00:00",4.45,3.75
"2024-06-30 06:00:00",4.57,3
"2024-06-30 07:00:00",4.65,3.25
"2024-06-30 08:00:00",4.96,4.25
"2024-06-30 09:00:00",4.97,5.5
"2024-06-30 10:00:00",5.37,6.5
"2024-06-30 11:00:00",5.69,4.25
"2024-06-30 12:00:00",5.66,2.5
"2024-06-30 13:00:00",5.67,4.5
"2024-06-30 14:00:00",6.01,5.5
"2024-06-30 15:00:00",6.46,4.25
"2024-06-30 16:00:00",6.07,5
"2024-06-30 17:00:00",5.98,5.5
"2024-06-30 18:00:00",6.15,6.5
"2024-06-30 19:00:00",6.3,4.75
"2024-06-30 20:00:00",6.12,4.25
"2024-06-30 21:00:00",6.06,5
"2024-06-30 22:00:00",6.36,4.5
"2024-06-30 23:00:00",6.18,3.5
"2024-07-01 00:00:00",5.84,4.75
"2024-07-01 01:00:00",5.64,4
"2024-07-01 02:00:00",5.52,4
"2024-07-01 03:00:00",5.37,4
"2024-07-01 04:00:00",5.5,4.25
"2024-07-01 05:00:00",5.33,4.75
"2024-07-01 06:00:00",5.54,3.75
"2024-07-01 07:00:00",8.8,2.75
"2024-07-01 08:00:00",10.41,1.75
"2024-07-01 09:00:00",8.49,2
"2024-07-01 10:00:00",7.52,5
"2024-07-01 11:00:00",8.43,4.75
"2024-07-01 12:00:00",6.58,3.75
"2024-07-01 13:00:00",6.56,2.75
"2024-07-01 14:00:00",6.86,1.5
"2024-07-01 15:00:00",7.29,-0.25
"2024-07-01 16:00:00",7.51,-0.75
"2024-07-01 17:00:00",7.36,1
"2024-07-01 18:00:00",7.36,4.25
"2024-07-01 19:00:00",7.31,5
"2024-07-01 20:00:00",7.09,5
"2024-07-01 21:00:00",6.83,5.25
"2024-07-01 22:00:00",6.34,6.25
"2024-07-01 23:00:00",6.05,6.75
"2024-07-02 00:00:00",5.54,6.25
"2024-07-02 01:00:00",5,7.5
"2024-07-02 02:00:00",4.95,8.5
"2024-07-02 03:00:00",4.89,6.75
"2024-07-02 04:00:00",4.66,5.75
"2024-07-02 05:00:00",4.56,5
"2024-07-02 06:00:00",5.17,5.25
"2024-07-02 07:00:00",6.1,6
"2024-07-02 08:00:00",9.42,7.25
"2024-07-02 09:00:00",7.2,10
"2024-07-02 10:00:00",6.83,7.25
"2024-07-02 11:00:00",6.94,7.75
"2024-07-02 12:00:00",7.51,6.75
"2024-07-02 13:00:00",6.11,5.5
"2024-07-02 14:00:00",6.28,4.25
"2024-07-02 15:00:00",6.01,5.25
"2024-07-02 16:00:00",5.99,6
"2024-07-02 17:00:00",6.13,5.75
"2024-07-02 18:00:00",6.31,5
"2024-07-02 19:00:00",6.18,4.75
"2024-07-02 20:00:00",6.02,3.75
"2024-07-02 21:00:00",5.79,4
"2024-07-02 22:00:00",5.66,6.75
"2024-07-02 23:00:00",5.61,5.5
"2024-07-03 00:00:00",5.58,4.25
"2024-07-03 01:00:00",5.7,4.25
"2024-07-03 02:00:00",5.65,2.5
"2024-07-03 03:00:00",5.65,4
"2024-07-03 04:00:00",5.62,3.5
"2024-07-03 05:00:00",5.69,1.75
"2024-07-03 06:00:00",6.06,1.25
"2024-07-03 07:00:00",9.74,2.25
"2024-07-03 08:00:00",9.09,2.25
"2024-07-03 09:00:00",7.25,-0.75
"2024-07-03 10:00:00",6.89,-2.5
"2024-07-03 11:00:00",6.73,-0.75
"2024-07-03 12:00:00",6.68,0.5
"2024-07-03 13:00:00",6.2,1.5
"2024-07-03 13:01:00",,
"2024-07-03 14:00:00",6.29
"2024-07-03 14:01:00",,
"2024-07-03 15:00:00",6.4,0.25
"2024-07-03 16:00:00",6.45,0.75
"2024-07-03 17:00:00",6.34,0.25
"2024-07-03 18:00:00",6.3,1.5
"2024-07-03 19:00:00",6.47,3.25
"2024-07-03 20:00:00",6.15,4
"2024-07-03 21:00:00",6.1,4.75
"2024-07-03 22:00:00",5.67,6.5
"2024-07-03 23:00:00",5.31,5.25