"Date and Time","NO<sub>2</sub>","O<sub>3</sub>","PM<sub>2.5</sub>"
"2022-01-01 01:00:00",2.43,61.25
"2022-01-01 02:00:00",2.26,60.2
"2022-01-01 03:00:00",2.33,61.1
"2022-01-01 04:00:00",1.84,64.91
"2022-01-01 05:00:00",1.24,73.14
"2022-01-01 06:00:00",0.93,82.87
"2022-01-01 07:00:00",0.86,85.91
"2022-01-01 08:00:00",0.77,88.24
"2022-01-01 09:00:00",1,87.85
"2022-01-01 10:00:00",1.03,87.43
"2022-01-01 11:00:00",1.11,86.36
"2022-01-01 12:00:00",1.14,86.19
"2022-01-01 13:00:00",1.22,84.47
"2022-01-01 14:00:00",1.67,84.6
"2022-01-01 15:00:00",1.79,83.17
"2022-01-01 16:00:00",1.99,81.86
"2022-01-01 17:00:00",2.62,80.01
"2022-01-01 18:00:00",4.17,76.26
"2022-01-01 19:00:00",3.31,77.31
"2022-01-01 20:00:00",4.25,70.99
"2022-01-01 21:00:00",3.93,72.68
"2022-01-01 22:00:00",1.92,77.86
"2022-01-01 23:00:00",1.48,80.37
"2022-01-02 00:00:00",1.2,81.51
"2022-01-02 01:00:00",1.03,79.82
"2022-01-02 02:00:00",1.02,78.92
"2022-01-02 03:00:00",0.73,80.89
"2022-01-02 04:00:00",0.81,82.13
"2022-01-02 05:00:00",0.96,79.96
"2022-01-02 06:00:00",1.1,79.62
"2022-01-02 07:00:00",1.04,81.61
"2022-01-02 08:00:00",1.41,81.9
"2022-01-02 09:00:00",1.7,82.84
"2022-01-02 10:00:00",1.48,85.71
"2022-01-02 11:00:00",2.01,81.43
"2022-01-02 12:00:00",1.79,83.28
"2022-01-02 13:00:00",1.96,83.27
"2022-01-02 14:00:00",2.3,82.27
"2022-01-02 15:00:00",3.28,76.96
"2022-01-02 16:00:00",3.26,73.4
"2022-01-02 17:00:00",3.4,72.47
"2022-01-02 18:00:00",4.37,71.2
"2022-01-02 19:00:00",5.49,67.62
"2022-01-02 20:00:00",4.54,69.68
"2022-01-02 21:00:00",3.21,74.23
"2022-01-02 22:00:00",2.9,75.2
"2022-01-02 23:00:00",1.35,78.13
"2022-01-03 00:00:00",0.67,80.94
"2022-01-03 01:00:00",1.03,79.67
"2022-01-03 02:00:00",0.67,80.5
"2022-01-03 03:00:00",0.95,79.02
"2022-01-03 04:00:00",0.67,78.35
"2022-01-03 05:00:00",0.89,72.35
"2022-01-03 06:00:00",0.68,76.65
"2022-01-03 07:00:00",0.96,76.9
"2022-01-03 08:00:00",5.19,64.42
"2022-01-03 09:00:00",4.86,67.01
"2022-01-03 10:00:00",2.63,71.54
"2022-01-03 11:00:00",2.15,73
"2022-01-03 12:00:00",3.41,71.72
"2022-01-03 13:00:00",3.37,70.51
"2022-01-03 14:00:00",4.05,69.55
"2022-01-03 15:00:00",3,72.19
"2022-01-03 16:00:00",4.63,70.04
"2022-01-03 17:00:00",6.55,65.64
"2022-01-03 18:00:00",11.3,58.61
"2022-01-03 19:00:00",6.14,67.86
"2022-01-03 20:00:00",2.95,69.98
"2022-01-03 21:00:00",2.96,62.35
"2022-01-03 22:00:00",2.99,64.08
"2022-01-03 23:00:00",2.58,66.32
"2022-01-04 00:00:00",1.96,69.21
"2022-01-04 01:00:00",1.74,69.3
"2022-01-04 02:00:00",1.56,63.62
"2022-01-04 03:00:00",1.13,63.62
"2022-01-04 04:00:00",1.15,61.23
"2022-01-04 05:00:00",1.3,60.38
"2022-01-04 06:00:00",1.95,61.05
"2022-01-04 07:00:00",3.08,58.35
"2022-01-04 08:00:00",5.88,54.52
"2022-01-04 09:00:00",9.14,44.18
"2022-01-04 10:00:00",9.35,47.31
"2022-01-04 11:00:00",7.67,54.19
"2022-01-04 12:00:00",6.5,55.7
"2022-01-04 13:00:00",6.05,58.55
"2022-01-04 14:00:00",6.06,59.14
"2022-01-04 15:00:00",7.84,59.17
"2022-01-04 16:00:00",9.03,55.6
"2022-01-04 17:00:00",17.83,35.72
"2022-01-04 18:00:00",32.56,19.57
"2022-01-04 19:00:00",22.81,28.8
"2022-01-04 20:00:00",22.25,29.49,27
"2022-01-04 21:00:00",22.83,29.74,24.75
"2022-01-04 22:00:00",23.39,24.29,19
"2022-01-04 23:00:00",16.58,26.33,21.75
"2022-01-05 00:00:00",11.8,24.1,19.5
"2022-01-05 01:00:00",21.04,13.51,17
"2022-01-05 02:00:00",18.92,11.75,22
"2022-01-05 03:00:00",12.49,13.55,16
"2022-01-05 04:00:00",13.38,11.18,8
"2022-01-05 05:00:00",11.86,11.4,10.75
"2022-01-05 06:00:00",14.52,7.77,10
"2022-01-05 07:00:00",17.32,3.69,9
"2022-01-05 08:00:00",20.82,2.12,6.25
"2022-01-05 09:00:00",25.3,1.81,6.75
"2022-01-05 10:00:00",27.44,2.41,7
"2022-01-05 11:00:00",24.43,4.2,9
"2022-01-05 12:00:00",25.2,5.2,7.75
"2022-01-05 13:00:00",31.68,6.32,13.75
"2022-01-05 14:00:00",30.75,7.15,15
"2022-01-05 15:00:00",28.48,8.24,11.25
"2022-01-05 16:00:00",36.31,10.49,11
"2022-01-05 17:00:00",45.11,3.83,18.5
"2022-01-05 18:00:00",48.43,2.91,26
"2022-01-05 19:00:00",53.72,4.39,42.75
"2022-01-05 20:00:00",64.42,5.87,78
"2022-01-05 21:00:00",62.76,3.79,98.5
"2022-01-05 22:00:00",53.3,2.96,49.5
"2022-01-05 23:00:00",45.46,2.77,41.25
"2022-01-06 00:00:00",31.17,18.82,33.75
"2022-01-06 01:00:00",7.2,57.3,13.5
"2022-01-06 02:00:00",1.79,73.62,-0.5
"2022-01-06 03:00:00",1.39,75.36,-2.25
"2022-01-06 04:00:00",1.39,77.08,-2.5
"2022-01-06 05:00:00",1.54,76.01,0.25
"2022-01-06 06:00:00",1.39,75.2,3.5
"2022-01-06 07:00:00",1.46,75.93,1.25
"2022-01-06 08:00:00",4.75,76.12,-0.75
"2022-01-06 08:01:00",,,
"2022-01-06 09:00:00",6.33,73.84
"2022-01-06 09:01:00",,,
"2022-01-06 10:00:00",8.47,71.28,0.5
"2022-01-06 11:00:00",10.7,71.07,2.25
"2022-01-06 12:00:00",8.33,74.4,3
"2022-01-06 13:00:00",6.47,75.86,3
"2022-01-06 14:00:00",5.56,77.56,3.75
"2022-01-06 15:00:00",7.74,74.65,6
"2022-01-06 16:00:00",7.45,78.04,5.25
"2022-01-06 17:00:00",10.47,68.98,3.5
"2022-01-06 18:00:00",11.99,65.48,5.5
"2022-01-06 19:00:00",12.05,64.34,6.5
"2022-01-06 20:00:00",7.82,74.66,4.25
"2022-01-06 21:00:00",6.1,77.88,1.75
"2022-01-06 22:00:00",4.51,76.1,2
"2022-01-06 23:00:00",2.62,77.06,4.75
"2022-01-07 00:00:00",2.95,71.18,3.5
"2022-01-07 01:00:00",3.38,59.24,2
"2022-01-07 02:00:00",1.56,66.08,1.75
"2022-01-07 03:00:00",1.13,76.19,0.75
"2022-01-07 04:00:00",1.68,68.06,-0.5
"2022-01-07 05:00:00",1.98,65.96,-1.5
"2022-01-07 05:01:00",,,
"2022-01-07 06:00:00",2.52,50.87
"2022-01-07 06:01:00",,,
"2022-01-07 07:00:00",4.5,42.3,0.25
"2022-01-07 08:00:00",8.31,60.36,1.5
"2022-01-07 09:00:00",17.66,47.55,2.5
"2022-01-07 10:00:00",35.06,27.82,1.5
"2022-01-07 11:00:00",44.58,19.04,2.75
"2022-01-07 12:00:00",24.18,38.76,2
"2022-01-07 13:00:00",11.71,54.06,2.25
"2022-01-07 14:00:00",6.19,65.85,2.5
"2022-01-07 15:00:00",5.93,65.58,1
"2022-01-07 16:00:00",6.65,65.37,1.25
"2022-01-07 17:00:00",8.53,60.74,1.5
"2022-01-07 18:00:00",18.39,38.63,0.5
"2022-01-07 19:00:00",26.36,19.56,3.75
"2022-01-07 20:00:00",41.24,4.76,16.25
"2022-01-07 21:00:00",39.92,3.73,39
"2022-01-07 22:00:00",31.59,8.97,37.25
"2022-01-07 23:00:00",14.36,41.72,19.5
"2022-01-08 00:00:00",2.62,71.4,7.5
"2022-01-08 01:00:00",1.73,75.06,2.5
"2022-01-08 02:00:00",0.87,81.22,1.25
"2022-01-08 03:00:00",0.71,82.7,1.5
"2022-01-08 04:00:00",0.65,82.2,-0.75
"2022-01-08 05:00:00",0.72,82.82,-3.25
"2022-01-08 06:00:00",0.74,83.76,-3
"2022-01-08 07:00:00",1.13,83.36,0.25
"2022-01-08 08:00:00",1.75,83.3,0.75
"2022-01-08 09:00:00",2.85,80.2,1.75
"2022-01-08 10:00:00",3.05,76.04,7
"2022-01-08 11:00:00",3.11,77.93,6.25
"2022-01-08 12:00:00",4.22,77.3,3
"2022-01-08 13:00:00",3.77,76.14,0.25
"2022-01-08 14:00:00",2.68,80.02,2
"2022-01-08 15:00:00",2.79,79.61,5.5
"2022-01-08 16:00:00",3.34,76.87,7.25
"2022-01-08 17:00:00",5.94,68.3,7.75
"2022-01-08 18:00:00",8.36,64.3,6.75
"2022-01-08 19:00:00",6.38,66.76,6
"2022-01-08 20:00:00",9.03,65.62,6
"2022-01-08 21:00:00",7.06,67.97,5.75
"2022-01-08 22:00:00",8.35,60.75,5.25
"2022-01-08 23:00:00",4.92,69.01,5.5
"2022-01-09 00:00:00",5.54,58.14,3.75
"2022-01-09 01:00:00",3.21,65.67,3
"2022-01-09 02:00:00",2.02,72.93,2.5
"2022-01-09 03:00:00",1.39,73.1,1.5
"2022-01-09 04:00:00",1.68,70.98,2.75
"2022-01-09 05:00:00",1.12,77.04,1.5
"2022-01-09 06:00:00",1.97,68.07,-0.25
"2022-01-09 07:00:00",1.9,58.72,-1.25
"2022-01-09 08:00:00",7.72,41.24,-2.5
"2022-01-09 09:00:00",20.4,28.15,-3
"2022-01-09 10:00:00",27.42,19,2
"2022-01-09 11:00:00",22.62,15.73,7.25
"2022-01-09 12:00:00",25.61,26.78,4.5
"2022-01-09 13:00:00",22.78,25.37,3
"2022-01-09 14:00:00",35.53,9.05,3.25
"2022-01-09 15:00:00",43.45,6.42,6
"2022-01-09 16:00:00",60,3.27,13.75
"2022-01-09 17:00:00",55.92,3.1,17.5
"2022-01-09 18:00:00",53.1,2.64,15.75
"2022-01-09 19:00:00",51.17,3.71,22.5
"2022-01-09 20:00:00",47.73,6.08,19
"2022-01-09 21:00:00",41.16,8.25,20.75
"2022-01-09 22:00:00",32.07,22.64,17
"2022-01-09 23:00:00",29.47,28.83,15.5
"2022-01-10 00:00:00",30.46,19.02,11.25
"2022-01-10 01:00:00",23.89,20.57,12
"2022-01-10 02:00:00",20.64,15.35,11.25
"2022-01-10 03:00:00",25.51,12.11,10.25
"2022-01-10 04:00:00",17.82,7.66,13
"2022-01-10 05:00:00",13.29,10.53,9.25
"2022-01-10 06:00:00",6.31,32.51,6
"2022-01-10 07:00:00",4.01,49.98,2.25
"2022-01-10 07:01:00",,,
"2022-01-10 08:00:00",13.99,39.88
"2022-01-10 08:01:00",,,
"2022-01-10 09:00:00",33.39,21.29,-0.25
"2022-01-10 10:00:00",29.78,22.31,-1.25
"2022-01-10 11:00:00",15.45,45.83,-1.75
"2022-01-10 12:00:00",10.99,55.83,-1.25
"2022-01-10 13:00:00",8.36,61.1,-1.75
"2022-01-10 14:00:00",6.63,64.12,-0.25
"2022-01-10 15:00:00",6.41,65.3,1.75
"2022-01-10 16:00:00",8.66,60.58,1.25
"2022-01-10 17:00:00",13.79,52.77,2
"2022-01-10 18:00:00",14.75,53.69,2
"2022-01-10 19:00:00",12.59,47.91,4.5
"2022-01-10 20:00:00",24.05,23.53,14.25
"2022-01-10 21:00:00",34.82,6.26,24.75
"2022-01-10 22:00:00",25.89,6.8,33
"2022-01-10 23:00:00",18.49,12.67,23
"2022-01-11 00:00:00",19.24,9.25,17
"2022-01-11 01:00:00",24.64,3.21,9.75
"2022-01-11 02:00:00",16.72,3.35,12.5
"2022-01-11 03:00:00",15.52,3.16,7.25
"2022-01-11 04:00:00",12.56,7.3,13.5
"2022-01-11 05:00:00",10.94,8.9,11
"2022-01-11 06:00:00",9.62,6.56,7.5
"2022-01-11 07:00:00",11.11,4.2,6
"2022-01-11 08:00:00",16.09,2.84,5.5
"2022-01-11 09:00:00",23.52,2.53,4
"2022-01-11 10:00:00",24.43,2.65,4.5
"2022-01-11 11:00:00",25.99,3.49,6.25
"2022-01-11 12:00:00",25.6,11.9,6.25
"2022-01-11 13:00:00",28.69,13.07,4
"2022-01-11 14:00:00",22.04,32.31,4
"2022-01-11 15:00:00",11.89,55.53,3.75
"2022-01-11 16:00:00",9,57.52,2
"2022-01-11 17:00:00",31.61,29.87,6.5
"2022-01-11 18:00:00",50.59,5.27,34.25
"2022-01-11 19:00:00",49.38,5.05,54.25
"2022-01-11 20:00:00",45.07,5.55,69.75
"2022-01-11 21:00:00",39.58,5.39,75.5
"2022-01-11 22:00:00",35.74,5.71,72.25
"2022-01-11 23:00:00",27.97,4.36,76.25
"2022-01-12 00:00:00",23.35,4.08,49.75
"2022-01-12 01:00:00",20,4.06,48.5
"2022-01-12 02:00:00",17.54,3.09,41.5
"2022-01-12 03:00:00",14.73,3.29,27.75
"2022-01-12 04:00:00",12.23,2.69,32.25
"2022-01-12 05:00:00",12.08,2.72,20.75
"2022-01-12 06:00:00",12.07,2.36,18.75
"2022-01-12 07:00:00",10.72,2.43,14.5
"2022-01-12 08:00:00",12.75,2.22,13.5
"2022-01-12 09:00:00",13.16,2.62,14.5
"2022-01-12 10:00:00",20.67,2.7,13
"2022-01-12 11:00:00",18.5,2.99,12.75
"2022-01-12 12:00:00",22.72,2.76,12.25
"2022-01-12 13:00:00",29.41,3.9,14
"2022-01-12 14:00:00",32.62,4.96,14.5
"2022-01-12 15:00:00",39.66,8.17,8.25
"2022-01-12 16:00:00",24.12,35.93,11.75
"2022-01-12 17:00:00",18.39,28.22,10
"2022-01-12 18:00:00",31.97,3.74,8.75
"2022-01-12 19:00:00",37.73,4.02,25.25
"2022-01-12 20:00:00",39.59,5.97,74.25
"2022-01-12 21:00:00",41.94,6.59,130
"2022-01-12 22:00:00",34.92,5.1,139
"2022-01-12 23:00:00",33.54,5,75
"2022-01-13 00:00:00",31.26,4.86,69.5
"2022-01-13 01:00:00",32.65,4,56.75
"2022-01-13 02:00:00",31.36,4.18,44.5
"2022-01-13 03:00:00",24,4,53.5
"2022-01-13 04:00:00",27.05,4.15,49.5
"2022-01-13 05:00:00",28.93,4.19,50.5
"2022-01-13 06:00:00",24.08,3.84,46.25
"2022-01-13 07:00:00",20.64,3.61,39
"2022-01-13 08:00:00",19.66,3.54,40
"2022-01-13 09:00:00",21.63,3.48,33.5
"2022-01-13 10:00:00",27.93,3.67,33.5
"2022-01-13 11:00:00",40.16,3.79,39.5
"2022-01-13 12:00:00",49.39,3.63,43.25
"2022-01-13 13:00:00",64.63,3.85,40
"2022-01-13 14:00:00",60.75,5.65,34.75
"2022-01-13 15:00:00",36.68,25.82,23.75
"2022-01-13 16:00:00",13.04,56.83,10
"2022-01-13 17:00:00",12.92,55.5,6.5
"2022-01-13 18:00:00",41.57,16.38,6.25
"2022-01-13 19:00:00",43.08,16.41,11.25
"2022-01-13 20:00:00",16.04,53.89,13.75
"2022-01-13 21:00:00",45.72,14.22,15.5
"2022-01-13 22:00:00",55.32,6.56,37
"2022-01-13 23:00:00",45.37,6.41,51
"2022-01-14 00:00:00",41.72,12.4,42.25
"2022-01-14 01:00:00",31.1,19.5,23.75
"2022-01-14 02:00:00",26.91,18.29,18.25
"2022-01-14 03:00:00",18.11,30.27,12.75
"2022-01-14 04:00:00",14.69,27.47,12.25
"2022-01-14 05:00:00",13.34,20.49,13
"2022-01-14 06:00:00",11.91,24,12
"2022-01-14 07:00:00",21.17,18.76,8.5
"2022-01-14 08:00:00",37.81,13.73,7
"2022-01-14 09:00:00",51.55,3.68,7
"2022-01-14 10:00:00",49.95,5.06,7.25
"2022-01-14 11:00:00",43.47,14.22,8
"2022-01-14 12:00:00",38.22,20.46,8.75
"2022-01-14 13:00:00",34.41,29.51,9.75
"2022-01-14 14:00:00",26.82,36.49,5.75
"2022-01-14 15:00:00",36.19,25.94,6
"2022-01-14 16:00:00",29.18,32.59,10.25
"2022-01-14 17:00:00",39.26,19.37,13.25
"2022-01-14 18:00:00",54.29,6.8,12.75
"2022-01-14 19:00:00",50.71,6.02,19
"2022-01-14 20:00:00",51.4,5.54,21.75
"2022-01-14 21:00:00",52.29,5.56,21.25
"2022-01-14 22:00:00",49.99,6.04,22.5
"2022-01-14 23:00:00",44.75,6.54,27.75
"2022-01-15 00:00:00",37.67,6.21,40.75
"2022-01-15 01:00:00",28.28,6.42,45.75
"2022-01-15 02:00:00",25.44,6.3,45.25
"2022-01-15 03:00:00",22.88,6.55,45.5
"2022-01-15 04:00:00",25.42,6.07,42.75
"2022-01-15 05:00:00",27.24,6.54,34
"2022-01-15 06:00:00",29.44,6.6,17.75
"2022-01-15 07:00:00",34.39,7.75,13.25
"2022-01-15 08:00:00",36.93,6.5,9.5
"2022-01-15 09:00:00",39.65,5.7,5.25
"2022-01-15 10:00:00",43.77,6.2,6.25
"2022-01-15 11:00:00",43.26,7.28,7.25
"2022-01-15 12:00:00",42.05,9.55,9
"2022-01-15 13:00:00",18.01,47.42,10.75
"2022-01-15 14:00:00",9.48,68.31,6.75
"2022-01-15 15:00:00",7.22,74,5.5
"2022-01-15 16:00:00",10.65,65.55,3.75
"2022-01-15 17:00:00",19.65,51.02,4.25
"2022-01-15 18:00:00",15.61,49.41,8
"2022-01-15 19:00:00",28.46,26.36,10.5
"2022-01-15 20:00:00",41.08,8.67,25.5
"2022-01-15 21:00:00",50.08,8.25,47.75
"2022-01-15 22:00:00",44.86,6.37,44.5
"2022-01-15 23:00:00",39.78,7.03,37.75
"2022-01-16 00:00:00",27.46,10.24,39.25
"2022-01-16 01:00:00",12.76,19.92,33
"2022-01-16 02:00:00",9.65,19.06,18
"2022-01-16 03:00:00",11.69,17.05,10.25
"2022-01-16 04:00:00",9.52,15.93,13
"2022-01-16 05:00:00",11,11.76,9.75
"2022-01-16 06:00:00",10.66,9.18,9
"2022-01-16 07:00:00",10.75,8.79,8.75
"2022-01-16 08:00:00",13.56,5.91,7.25
"2022-01-16 09:00:00",15.98,5.7,5
"2022-01-16 10:00:00",17.83,6.88,5.25
"2022-01-16 11:00:00",21.9,9.99,6.5
"2022-01-16 12:00:00",11.92,32.43,7.25
"2022-01-16 13:00:00",6.27,58,4.25
"2022-01-16 14:00:00",4.85,64.06,1.5
"2022-01-16 15:00:00",5.35,66.02,-0.25
"2022-01-16 16:00:00",6.47,63.86,0.25
"2022-01-16 17:00:00",13.36,48.37,6.25
"2022-01-16 18:00:00",27.17,24.08,18
"2022-01-16 19:00:00",34.94,18.72,34.25
"2022-01-16 20:00:00",35.06,21.46,38
"2022-01-16 21:00:00",43.21,9.99,40.5
"2022-01-16 22:00:00",40.73,7.45,52.5
"2022-01-16 23:00:00",33.27,7.08,64.75
"2022-01-17 00:00:00",26.87,6.41,60
"2022-01-17 01:00:00",22.91,6.36,52.5
"2022-01-17 02:00:00",19.19,6.04,37.25
"2022-01-17 03:00:00",16.93,5.63,30.25
"2022-01-17 04:00:00",14.32,5.29,23.75
"2022-01-17 05:00:00",14.02,5.04,20.25
"2022-01-17 06:00:00",13.47,5.3,19.25
"2022-01-17 07:00:00",15.23,4.85,12.75
"2022-01-17 08:00:00",17.23,4.77,9.25
"2022-01-17 09:00:00",32.66,4.92,11.75
"2022-01-17 10:00:00",45.59,5.34,18.25
"2022-01-17 11:00:00",54.45,5.85,20
"2022-01-17 12:00:00",55.26,6.16,13.5
"2022-01-17 13:00:00",55.03,6.33,12.75
"2022-01-17 14:00:00",55.71,7.25,14
"2022-01-17 15:00:00",53.19,9.61,10.5
"2022-01-17 16:00:00",55.25,8.8,9.25
"2022-01-17 17:00:00",53.6,16.45,10
"2022-01-17 18:00:00",36.55,30.23,9.5
"2022-01-17 19:00:00",36.49,37.4,8
"2022-01-17 20:00:00",42.25,29.03,8.75
"2022-01-17 21:00:00",21.71,51.05,11
"2022-01-17 22:00:00",13.86,59.67,10.25
"2022-01-17 23:00:00",10.33,62.31,7.75
"2022-01-18 00:00:00",7.18,65.72,6.75
"2022-01-18 01:00:00",4.37,70.93,5.5
"2022-01-18 02:00:00",4,71.49,3.5
"2022-01-18 03:00:00",4.23,72.65,2.25
"2022-01-18 04:00:00",4.03,73.83,3.25
"2022-01-18 05:00:00",4.56,76.69,3.75
"2022-01-18 06:00:00",4,79.32,3
"2022-01-18 07:00:00",5.24,78.98,3.25
"2022-01-18 08:00:00",10.93,74.68,3
"2022-01-18 09:00:00",14.3,71.8,0.25
"2022-01-18 10:00:00",10.3,73.31,1.5
"2022-01-18 11:00:00",9.88,73.18,2.5
"2022-01-18 12:00:00",8.91,76.26,2.25
"2022-01-18 13:00:00",8.48,75.97,5.75
"2022-01-18 14:00:00",8.27,75.94,4.75
"2022-01-18 15:00:00",6.65,77.68,3.75
"2022-01-18 16:00:00",8.6,73.84,2.5
"2022-01-18 17:00:00",10.32,69.73,1.75
"2022-01-18 18:00:00",11.17,66.69,4.25
"2022-01-18 19:00:00",11.02,64.34,5.25
"2022-01-18 20:00:00",10.65,60.72,6.25
"2022-01-18 21:00:00",9.06,65.76,7
"2022-01-18 22:00:00",6.97,68.27,6.5
"2022-01-18 23:00:00",6.49,63.89,4.75
"2022-01-19 00:00:00",3.75,65.75,4
"2022-01-19 01:00:00",3.32,51.69,3.5
"2022-01-19 02:00:00",3.58,54.2,1.5
"2022-01-19 02:01:00",,,
"2022-01-19 03:00:00",4.71,37.36
"2022-01-19 03:01:00",,,
"2022-01-19 04:00:00",4.81,37.89
"2022-01-19 05:00:00",4.38,33.72
"2022-01-19 06:00:00",4.73,38.84,-0.25
"2022-01-19 07:00:00",11.15,39.81,-0.75
"2022-01-19 08:00:00",27.27,19.27,0.5
"2022-01-19 09:00:00",17.19,56.98,1.5
"2022-01-19 10:00:00",8.39,64.23,-0.75
"2022-01-19 11:00:00",8.33,62.5,-2.75
"2022-01-19 12:00:00",8.06,63.71,-1.25
"2022-01-19 13:00:00",8.58,67.84,1.75
"2022-01-19 14:00:00",9.45,68.68,4
"2022-01-19 15:00:00",11.16,68.04,7.25
"2022-01-19 16:00:00",12.45,65.52,16.5
"2022-01-19 17:00:00",14.88,67.67,15.25
"2022-01-19 18:00:00",14.16,67.61,15
"2022-01-19 19:00:00",13.58,66.08,12.25
"2022-01-19 20:00:00",12.96,66.15,12.5
"2022-01-19 21:00:00",25.29,41.02,13.25
"2022-01-19 22:00:00",18.1,43.51,18
"2022-01-19 23:00:00",13.42,47.91,12
"2022-01-20 00:00:00",18.6,28.99,12.25
"2022-01-20 01:00:00",13.2,45.84,11.75
"2022-01-20 02:00:00",6.7,56.42,7
"2022-01-20 03:00:00",5.31,53.02,3.75
"2022-01-20 04:00:00",7.75,41.98,2.75
"2022-01-20 05:00:00",8.41,42.29,1.75
"2022-01-20 06:00:00",7.76,40.19,1.25
"2022-01-20 07:00:00",18.8,27.24,1.75
"2022-01-20 08:00:00",29.19,16.23,0.75
"2022-01-20 08:01:00",,,
"2022-01-20 09:00:00",32.61,25.14
"2022-01-20 09:01:00",,,
"2022-01-20 10:00:00",32.62,28.58,0.25
"2022-01-20 11:00:00",16.89,49.78,1.25
"2022-01-20 12:00:00",12.24,56.74,2
"2022-01-20 13:00:00",10.4,62.51,2.75
"2022-01-20 14:00:00",13.76,66.56,5
"2022-01-20 15:00:00",12.29,68.61,5
"2022-01-20 16:00:00",20.22,62.54,5.25
"2022-01-20 17:00:00",31.97,50.74,7
"2022-01-20 18:00:00",42.9,37.24,10.75
"2022-01-20 19:00:00",53.2,23.59,16.75
"2022-01-20 20:00:00",56.01,17.06,31
"2022-01-20 21:00:00",57.1,18.93,43
"2022-01-20 22:00:00",42.14,28.99,47.5
"2022-01-20 23:00:00",29.44,40.81,32
"2022-01-21 00:00:00",30.81,31.16,24.25
"2022-01-21 01:00:00",24.46,30.4,19.75
"2022-01-21 02:00:00",25.18,22.37,20.5
"2022-01-21 03:00:00",26.55,21.83,16.5
"2022-01-21 04:00:00",27.76,15.48,18
"2022-01-21 05:00:00",23.95,16.37,17.5
"2022-01-21 06:00:00",14.93,21.76,15.5
"2022-01-21 07:00:00",14.87,20.98,13.75
"2022-01-21 08:00:00",20.93,15.5,12.25
"2022-01-21 09:00:00",32.48,12.64,11
"2022-01-21 10:00:00",30.77,25.54,13.25
"2022-01-21 11:00:00",16.62,56.13,10
"2022-01-21 12:00:00",9.85,70.5,6
"2022-01-21 13:00:00",8.89,72.37,3
"2022-01-21 14:00:00",6.51,76.65,3.25
"2022-01-21 15:00:00",8.01,75.81,4.75
"2022-01-21 16:00:00",8.87,72.06,7
"2022-01-21 17:00:00",10.49,63.04,6.5
"2022-01-21 18:00:00",17.16,54.57,6
"2022-01-21 19:00:00",20.54,45.37,9.75
"2022-01-21 20:00:00",35.13,30.5,13
"2022-01-21 21:00:00",39.63,23.9,16.25
"2022-01-21 22:00:00",22.68,41.36,15.5
"2022-01-21 23:00:00",16.14,53.7,10.25
"2022-01-22 00:00:00",16.07,55.16,8
"2022-01-22 01:00:00",13.67,51.4,9.75
"2022-01-22 02:00:00",9.39,51.48,14
"2022-01-22 03:00:00",5.73,56.96,9.5
"2022-01-22 04:00:00",5.54,67.39,4
"2022-01-22 05:00:00",4.13,71.67,1.25
"2022-01-22 06:00:00",4.62,69.02,2
"2022-01-22 07:00:00",6.7,54.35,2.25
"2022-01-22 08:00:00",15.23,41.9,3
"2022-01-22 09:00:00",18.54,38.11,2.75
"2022-01-22 10:00:00",46.7,12.8,3.5
"2022-01-22 11:00:00",46.14,17.59,7.75
"2022-01-22 12:00:00",33.36,40.62,6.5
"2022-01-22 13:00:00",21.55,62.71,4.25
"2022-01-22 14:00:00",10.03,78.52,1
"2022-01-22 15:00:00",8.53,83.34,-2
"2022-01-22 16:00:00",9.54,81.49,-1.75
"2022-01-22 17:00:00",9.15,78.75,-0.75
"2022-01-22 18:00:00",11.5,79.12,0.5
"2022-01-22 19:00:00",16.64,67.61,2
"2022-01-22 20:00:00",38.18,34.89,6.5
"2022-01-22 21:00:00",19.13,69.46,15.75
"2022-01-22 22:00:00",16.29,62.02,3.5
"2022-01-22 23:00:00",20.72,50.61,6.75
"2022-01-23 00:00:00",13.68,61.4,10.75
"2022-01-23 01:00:00",15.2,51.23,7.25
"2022-01-23 02:00:00",17.83,39.5,9.25
"2022-01-23 03:00:00",14.76,41.83,12.25
"2022-01-23 04:00:00",12.97,46.74,9
"2022-01-23 05:00:00",8.14,61.87,5.5
"2022-01-23 06:00:00",5.42,76.43,3.75
"2022-01-23 07:00:00",4.71,80.77,2.5
"2022-01-23 08:00:00",7.1,77.92,0.75
"2022-01-23 09:00:00",8.54,76.53,-0.5
"2022-01-23 10:00:00",9.82,71.91,-1.25
"2022-01-23 11:00:00",7.82,76.8,1.25
"2022-01-23 12:00:00",5.75,81.26,1.5
"2022-01-23 13:00:00",7.5,78.99,0.25
"2022-01-23 14:00:00",8.15,77.2,1.75
"2022-01-23 15:00:00",7.26,77.17,5
"2022-01-23 16:00:00",8.27,75.69,7.5
"2022-01-23 17:00:00",10.52,72.01,5.75
"2022-01-23 18:00:00",15.67,64.16,5
"2022-01-23 19:00:00",15.16,61.22,7
"2022-01-23 20:00:00",14.58,60.05,12.25
"2022-01-23 21:00:00",13.32,58.54,11.25
"2022-01-23 22:00:00",9.08,65.56,14.25
"2022-01-23 23:00:00",7.29,67.15,10.75
"2022-01-24 00:00:00",6.4,68.48,6.25
"2022-01-24 01:00:00",5.3,66.9,4.25
"2022-01-24 02:00:00",5.51,61.07,5.75
"2022-01-24 03:00:00",5.51,57.07,8.25
"2022-01-24 04:00:00",4.31,58.37,8.25
"2022-01-24 05:00:00",4.13,56.54,5.75
"2022-01-24 06:00:00",5.07,58.59,5.5
"2022-01-24 07:00:00",12.27,50.03,7.25
"2022-01-24 08:00:00",21.33,42.85,9
"2022-01-24 09:00:00",29.92,34.53,11
"2022-01-24 10:00:00",29.72,35.21,9.5
"2022-01-24 11:00:00",23,42.13,12.75
"2022-01-24 12:00:00",26.06,38.31,10
"2022-01-24 13:00:00",27.01,38.08,12.75
"2022-01-24 14:00:00",22.11,42.8,12
"2022-01-24 15:00:00",20.97,42.98,14.75
"2022-01-24 16:00:00",29.79,35.6,17.25
"2022-01-24 17:00:00",25.64,45.94,0.25
"2022-01-24 18:00:00",29.41,41.41,0.5
"2022-01-24 19:00:00",26.5,46.09,-1.5
"2022-01-24 20:00:00",25.31,46.56,-2.75
"2022-01-24 21:00:00",19.29,55.37,-2
"2022-01-24 22:00:00",16.41,57.68,-2
"2022-01-24 23:00:00",16.93,55.8,-1.75
"2022-01-25 00:00:00",24.92,47.83,-0.75
"2022-01-25 01:00:00",12.42,59.19,-0.5
"2022-01-25 02:00:00",9.48,60.24,-1.25
"2022-01-25 03:00:00",12.22,55.49,1.75
"2022-01-25 04:00:00",11.13,56.01,3
"2022-01-25 05:00:00",13.38,51.84,-0.25
"2022-01-25 06:00:00",22.68,42.29,-1
"2022-01-25 07:00:00",32.99,30.82,-1.25
"2022-01-25 08:00:00",51.46,15.67,-2
"2022-01-25 09:00:00",55.87,13.85,-2
"2022-01-25 10:00:00",59.25,11.5,-2.5
"2022-01-25 11:00:00",55.11,13.44,-3.5
"2022-01-25 12:00:00",49.83,15.08,-1.75
"2022-01-25 13:00:00",43.05,20.47,-0.25
"2022-01-25 14:00:00",35.97,25.11,2.25
"2022-01-25 15:00:00",30.96,31.34,2.25
"2022-01-25 16:00:00",36.27,24.52,-0.5
"2022-01-25 17:00:00",31.74,31.17,-2.5
"2022-01-25 18:00:00",30.53,24.04,-3.75
"2022-01-25 19:00:00",44.72,14.29,-2.5
"2022-01-25 20:00:00",40.59,14.23,-1.25
"2022-01-25 21:00:00",40.12,12.5,-2
"2022-01-25 22:00:00",35.38,12.27,-2
"2022-01-25 23:00:00",29.49,12.28,-2.5
"2022-01-26 00:00:00",28.13,12.77,-3.75
"2022-01-26 01:00:00",22.97,12.37,-3.25
"2022-01-26 02:00:00",18.66,12.27,-3.5
"2022-01-26 03:00:00",16.64,12.49,-1.75
"2022-01-26 04:00:00",14.62,12.12,-1
"2022-01-26 05:00:00",12.69,12.12,-0.75
"2022-01-26 06:00:00",11.87,11.75,-0.25
"2022-01-26 07:00:00",12.82,11.77,-1.25
"2022-01-26 08:00:00",16.67,11.62,-1.75
"2022-01-26 09:00:00",30.63,11.98,-0.25
"2022-01-26 10:00:00",26.53,11.32,1.75
"2022-01-26 11:00:00",32.98,14.49,0.25
"2022-01-26 12:00:00",31.02,25.81,-1.75
"2022-01-26 13:00:00",10.51,57.05,-1.25
"2022-01-26 14:00:00",10.62,59.83,-1.75
"2022-01-26 15:00:00",9.93,65.19,-0.75
"2022-01-26 16:00:00",9.6,65.02,-0.5
"2022-01-26 17:00:00",13.94,57.98,-2.5
"2022-01-26 18:00:00",11.93,68.85,-4.5
"2022-01-26 19:00:00",8.56,75.31,-5.25
"2022-01-26 20:00:00",8.18,75.42,-2
"2022-01-26 21:00:00",6.73,76.41,0.5
"2022-01-26 22:00:00",5.98,76.51,-1.5
"2022-01-26 23:00:00",3.98,76.29,-2.5
"2022-01-27 00:00:00",2.6,76.86,-1.25
"2022-01-27 01:00:00",2.23,75.07,-2
"2022-01-27 02:00:00",2.32,70.46,-1.75
"2022-01-27 03:00:00",2.2,67.51,-0.75
"2022-01-27 04:00:00",2.54,65.82,-0.75
"2022-01-27 05:00:00",2.18,71.6,-2.75
"2022-01-27 06:00:00",2.57,64.11,-1.75
"2022-01-27 07:00:00",5.79,49.96,-1.25
"2022-01-27 08:00:00",12.96,38.66,-2.25
"2022-01-27 09:00:00",17.79,32.89,-3
"2022-01-27 10:00:00",26.72,21.36,-3
"2022-01-27 11:00:00",9.38,63.21,-2.75
"2022-01-27 12:00:00",9.12,71.5,-1.5
"2022-01-27 12:01:00",,,
"2022-01-27 13:00:00",7.68,75.18
"2022-01-27 13:01:00",,,
"2022-01-27 14:00:00",8.82,71.51
"2022-01-27 15:00:00",8.44,74.48,-0.25
"2022-01-27 16:00:00",9.16,74.5,-1.5
"2022-01-27 17:00:00",11.09,72.17,-2.75
"2022-01-27 18:00:00",18.24,60.04,-2.25
"2022-01-27 19:00:00",21.5,59.96,-3
"2022-01-27 20:00:00",19.76,59.26,-2.5
"2022-01-27 21:00:00",24.4,48.48,-1.5
"2022-01-27 22:00:00",39.54,23.43,-3
"2022-01-27 23:00:00",40.67,13.88,-2.75
"2022-01-28 00:00:00",37.97,12.94,-1.75
"2022-01-28 01:00:00",30.65,12.77,-1.25
"2022-01-28 02:00:00",26.37,12.94,-1.75
"2022-01-28 03:00:00",30.96,13.14,-0.25
"2022-01-28 04:00:00",31.99,13.03,1.25
"2022-01-28 05:00:00",35.69,13.1,-1.25
"2022-01-28 06:00:00",39.11,12.65,-1.75
"2022-01-28 07:00:00",37.21,12.45,-1.75
"2022-01-28 08:00:00",45.13,12.49,-4
"2022-01-28 09:00:00",40.1,12.48,-3.75
"2022-01-28 10:00:00",48.65,13.68,-2.25
"2022-01-28 11:00:00",13.99,55.77,-0.25
"2022-01-28 12:00:00",8.31,66.56,-1
"2022-01-28 13:00:00",7.15,73.96,-0.75
"2022-01-28 14:00:00",9.1,71.79,-0.75
"2022-01-28 15:00:00",8.88,71.07,-3
"2022-01-28 16:00:00",9.07,73.6,-2.75
"2022-01-28 17:00:00",10.31,66.84,-2.25
"2022-01-28 18:00:00",13.8,61.16,-2.75
"2022-01-28 18:01:00",,,
"2022-01-28 19:01:00",,,
"2022-01-28 20:00:00",8.68,72.18,-0.25
"2022-01-28 21:00:00",9.03,71.48,-1.5
"2022-01-28 22:00:00",7.83,73.56,-2.25
"2022-01-28 23:00:00",3.07,80.73,-0.25
"2022-01-29 00:00:00",1.98,82.77,-1.5
"2022-01-29 01:00:00",1.71,83.52,-3
"2022-01-29 02:00:00",1.64,81.82,-2.75
"2022-01-29 03:00:00",1.85,80.75,-1.75
"2022-01-29 04:00:00",1.54,79.86,-1.25
"2022-01-29 05:00:00",1.6,80.13,-2
"2022-01-29 06:00:00",1.77,78.2,-2
"2022-01-29 07:00:00",2.1,78.95,-2.25
"2022-01-29 08:00:00",5.48,78.28,-3.25
"2022-01-29 09:00:00",8.66,73.45,-3.5
"2022-01-29 10:00:00",7.05,74.59,-1.75
"2022-01-29 11:00:00",5.66,72.65,-1.5
"2022-01-29 12:00:00",5.15,79.23,-2.75
"2022-01-29 13:00:00",4.48,90.03,-2
"2022-01-29 14:00:00",4.5,90.79,-3
"2022-01-29 14:01:00",,,
"2022-01-29 15:01:00",,,
"2022-01-29 16:00:00",4.99,90.46,-4
"2022-01-29 17:00:00",9,80.79,-1.25
"2022-01-29 18:00:00",12.01,67.53,-2.25
"2022-01-29 19:00:00",19.04,54.9,-3
"2022-01-29 20:00:00",31.68,32.9,-3
"2022-01-29 21:00:00",41.7,19.07,-2.5
"2022-01-29 22:00:00",36.43,20.21,-0.75
"2022-01-29 23:00:00",30.04,21.47,-0.25
"2022-01-30 00:00:00",30.47,15.69,-1.25
"2022-01-30 01:00:00",28.53,14.22,-2.25
"2022-01-30 02:00:00",24.17,14.15,-2.5
"2022-01-30 03:00:00",20.27,14.42,-1
"2022-01-30 04:00:00",18.1,13.36,-1
"2022-01-30 05:00:00",16.59,13.34,-0.25
"2022-01-30 06:00:00",14.12,13.18,1.75
"2022-01-30 07:00:00",13.05,13.43,0.25
"2022-01-30 08:00:00",13.42,13.55,-2
"2022-01-30 09:00:00",15.07,14.12,-2
"2022-01-30 10:00:00",15.76,14.86,-2.25
"2022-01-30 11:00:00",15.97,14.75,-2.75
"2022-01-30 12:00:00",24.53,15.2,-1.75
"2022-01-30 13:00:00",33.94,16.72,-1.25
"2022-01-30 14:00:00",13.59,58.61,-2
"2022-01-30 15:00:00",5.53,76.79,-2
"2022-01-30 16:00:00",4.63,77.68,-2
"2022-01-30 17:00:00",4.91,79.1,-2
"2022-01-30 18:00:00",5.65,81.8,-2.25
"2022-01-30 19:00:00",4.89,89,-3
"2022-01-30 20:00:00",5.57,87.78,-3.25
"2022-01-30 21:00:00",5.07,87.4,-3.25
"2022-01-30 22:00:00",4.28,88.12,-0.5
"2022-01-30 23:00:00",2.76,91.29,0.25
"2022-01-31 00:00:00",2.1,91.61,-2.25
"2022-01-31 01:00:00",1.37,90.65,-2.5
"2022-01-31 02:00:00",1.48,88.85,-1.5
"2022-01-31 03:00:00",1.25,87.33,-2.5
"2022-01-31 04:00:00",1.43,85.67,-0.75
"2022-01-31 05:00:00",1.45,84.91,-0.25
"2022-01-31 06:00:00",1.96,84.44,-1
"2022-01-31 07:00:00",2.78,85.66,-1.25
"2022-01-31 08:00:00",5.87,85.28,-2.25
"2022-01-31 09:00:00",14.35,71.81,-2.5
"2022-01-31 10:00:00",12.05,74.74,-1.25
"2022-01-31 11:00:00",9.35,76.11,-2
"2022-01-31 12:00:00",7.79,79.5,-1.5
"2022-01-31 13:00:00",5.2,85.07,0.25
"2022-01-31 14:00:00",5.7,86.17,0.5
"2022-01-31 15:00:00",4.77,89.21,-1.5
"2022-01-31 16:00:00",7.33,83.36,-3
"2022-01-31 17:00:00",7.77,82.04,-3.25
"2022-01-31 18:00:00",10.19,78.41,-4.5
"2022-01-31 19:00:00",17.12,63.13,-5.25
"2022-01-31 20:00:00",13.03,72.33,-2.25
"2022-01-31 20:01:00",,,
"2022-01-31 21:00:00",11.49,72.43
"2022-01-31 21:01:00",,,
"2022-01-31 22:00:00",4.7,89.51,-0.5
"2022-01-31 23:00:00",3.21,91.5,-2
"2022-02-01 00:00:00",2.86,90.98,-2.25
"2022-02-01 01:00:00",2.05,86.37,-2.5
"2022-02-01 02:00:00",2.84,78.58,-1.25
"2022-02-01 03:00:00",1.88,84.22,-2.5
"2022-02-01 04:00:00",1.26,93.6,-4.25
"2022-02-01 05:00:00",1.12,95.11,-4.25
"2022-02-01 06:00:00",1.3,94.37,-2
"2022-02-01 07:00:00",2.06,92.27,-2.25
"2022-02-01 08:00:00",6.15,82.65,-3
"2022-02-01 09:00:00",7.78,77.88,-3
"2022-02-01 10:00:00",5.95,78.19,-3
"2022-02-01 10:01:00",,,
"2022-02-01 11:00:00",5.04,77.75
"2022-02-01 11:01:00",,,
"2022-02-01 12:00:00",5.54,76.74,2
"2022-02-01 13:00:00",6,75.88,2
"2022-02-01 13:01:00",,,
"2022-02-01 14:00:00",4.49,80.42
"2022-02-01 14:01:00",,,
"2022-02-01 15:00:00",5.1,82,1
"2022-02-01 16:00:00",4.39,82.44,-2
"2022-02-01 16:01:00",,,
"2022-02-01 17:00:00",6.87,81.2
"2022-02-01 17:01:00",,,
"2022-02-01 18:00:00",6.06,88.28,4
"2022-02-01 19:00:00",6.34,87.65,4
"2022-02-01 20:00:00",5.67,87.41,7
"2022-02-01 21:00:00",5.75,85.19,5
"2022-02-01 22:00:00",5.13,85.37,2
"2022-02-01 22:01:00",,,
"2022-02-01 23:00:00",2.89,90.76
"2022-02-01 23:01:00",,,
"2022-02-02 00:00:00",2.53,90.65
"2022-02-02 01:00:00",2.36,87.97
"2022-02-02 02:00:00",3.72,82.17,2
"2022-02-02 03:00:00",2.98,86.74,2
"2022-02-02 04:00:00",1.39,85.46,2
"2022-02-02 05:00:00",2.93,76.3,1
"2022-02-02 06:00:00",6.09,68.09,4
"2022-02-02 07:00:00",6.83,73.06,3
"2022-02-02 08:00:00",13.1,59.58,1
"2022-02-02 08:01:00",,,
"2022-02-02 09:00:00",35.37,33.05
"2022-02-02 09:01:00",,,
"2022-02-02 10:00:00",38.51,27.12,1
"2022-02-02 11:00:00",34.22,41.74,1
"2022-02-02 12:00:00",22.37,58.26,2
"2022-02-02 13:00:00",6.35,86.78,2
"2022-02-02 14:00:00",9.34,85.81,2
"2022-02-02 15:00:00",7.01,86.41,2
"2022-02-02 16:00:00",10.36,76.48,-1
"2022-02-02 17:00:00",14.86,73.65,4
"2022-02-02 18:00:00",14.63,71.37,4
"2022-02-02 19:00:00",14.6,70.76,1
"2022-02-02 19:01:00",,,
"2022-02-02 20:00:00",18.03,64.77
"2022-02-02 20:01:00",,,
"2022-02-02 21:00:00",10.25,75.73,3
"2022-02-02 22:00:00",11.41,70.4,4
"2022-02-02 23:00:00",7.15,72.66,5
"2022-02-03 00:00:00",5.77,67.26,3
"2022-02-03 01:00:00",5.91,53.66,1
"2022-02-03 02:00:00",5.38,46.48,-1
"2022-02-03 03:00:00",8.97,49.52,1
"2022-02-03 03:01:00",,,
"2022-02-03 04:00:00",5.33,43.23
"2022-02-03 04:01:00",,,
"2022-02-03 05:00:00",9.42,36.68,-3
"2022-02-03 06:00:00",6.34,48.51,-1
"2022-02-03 07:00:00",6.07,51.08,1
"2022-02-03 07:01:00",,,
"2022-02-03 08:00:00",13.67,50.07
"2022-02-03 08:01:00",,,
"2022-02-03 09:00:00",31.06,41.29,1
"2022-02-03 09:01:00",,,
"2022-02-03 10:00:00",15.35,69.94
"2022-02-03 10:01:00",,,
"2022-02-03 11:00:00",6.87,87.05
"2022-02-03 12:00:00",5.3,93.87,1
"2022-02-03 13:00:00",4.41,95.45,1
"2022-02-03 14:00:00",4.93,92.76,3
"2022-02-03 15:00:00",4.85,93.25,2
"2022-02-03 15:01:00",,,
"2022-02-03 16:00:00",6.51,89.3
"2022-02-03 16:01:00",,,
"2022-02-03 17:00:00",6.9,86,-1
"2022-02-03 18:00:00",6.69,84.73,3
"2022-02-03 19:00:00",6.09,84.91,7
"2022-02-03 20:00:00",4.71,87.6,5
"2022-02-03 21:00:00",4.61,85.29,7
"2022-02-03 22:00:00",5.32,82.51,5
"2022-02-03 23:00:00",4.82,83.22,2
"2022-02-04 00:00:00",3.59,84.8,3
"2022-02-04 01:00:00",2.97,82.3,2
"2022-02-04 02:00:00",3.44,74.55,-3
"2022-02-04 03:00:00",3.85,72.72,-4
"2022-02-04 04:00:00",3.18,70.31,-2
"2022-02-04 05:00:00",5.84,67.68,-3
"2022-02-04 06:00:00",5.59,62.75,-3
"2022-02-04 07:00:00",8.13,52.48,-2
"2022-02-04 08:00:00",6.7,84.07,-1
"2022-02-04 09:00:00",12.56,76.34,2
"2022-02-04 10:00:00",9.25,80.27,3
"2022-02-04 11:00:00",6.38,84.57,3
"2022-02-04 12:00:00",8.56,81.22,2
"2022-02-04 13:00:00",6.85,84.26,1
"2022-02-04 14:00:00",5.21,84.63,1
"2022-02-04 15:00:00",5.3,83.61,2
"2022-02-04 16:00:00",6.22,82.2,3
"2022-02-04 17:00:00",7.96,78.96,3
"2022-02-04 18:00:00",13.36,69.45,6
"2022-02-04 19:00:00",31.12,38.04,8
"2022-02-04 20:00:00",33.95,38.02,13
"2022-02-04 21:00:00",25.19,36.98,14
"2022-02-04 22:00:00",25.33,31.68,10
"2022-02-04 23:00:00",23.65,28.26,11
"2022-02-05 00:00:00",22.74,25.27,10
"2022-02-05 01:00:00",19.44,26.43,8
"2022-02-05 02:00:00",15.94,29.45,8
"2022-02-05 03:00:00",11.51,29.9,6
"2022-02-05 04:00:00",12.16,25.44,9
"2022-02-05 05:00:00",11.91,24.83,6
"2022-02-05 06:00:00",12.17,24.6,2
"2022-02-05 07:00:00",5.19,59.36,2
"2022-02-05 08:00:00",5.34,75.96,1
"2022-02-05 09:00:00",6.19,77.35,-1
"2022-02-05 10:00:00",5.65,79.01,2
"2022-02-05 11:00:00",5.8,84.9,1
"2022-02-05 12:00:00",6.32,86.23,3
"2022-02-05 13:00:00",4.72,90.51,4
"2022-02-05 14:00:00",5.76,88.28,4
"2022-02-05 15:00:00",5.89,88.54,4
"2022-02-05 16:00:00",6.2,87.62,7
"2022-02-05 17:00:00",7.61,85.79,6
"2022-02-05 18:00:00",7.43,85.75,4
"2022-02-05 19:00:00",6.09,87.4,4
"2022-02-05 20:00:00",5,87.53,2
"2022-02-05 21:00:00",5.15,87.42,2
"2022-02-05 22:00:00",4.95,91.09,4
"2022-02-05 23:00:00",3.11,90.69,3
"2022-02-06 00:00:00",1.93,91.6,2
"2022-02-06 01:00:00",1.33,94.34,2
"2022-02-06 02:00:00",1.22,96.05,1
"2022-02-06 03:00:00",1.79,94.92,3
"2022-02-06 04:00:00",2.18,94.64,4
"2022-02-06 05:00:00",2.17,91.14,5
"2022-02-06 06:00:00",1.13,89.39,1
"2022-02-06 07:00:00",1.07,87.72,-2
"2022-02-06 08:00:00",1.91,86.78,-1
"2022-02-06 08:01:00",,,
"2022-02-06 09:00:00",1.32,94.02
"2022-02-06 09:01:00",,,
"2022-02-06 10:00:00",1.27,95.9,1
"2022-02-06 10:01:00",,,
"2022-02-06 11:00:00",2.26,90.68
"2022-02-06 11:01:00",,,
"2022-02-06 12:00:00",2.3,87.96
"2022-02-06 13:00:00",1.96,90.32,-1
"2022-02-06 13:01:00",,,
"2022-02-06 14:00:00",2.14,90.53
"2022-02-06 14:01:00",,,
"2022-02-06 15:00:00",2.15,87.39,1
"2022-02-06 16:00:00",3,86.78,1
"2022-02-06 17:00:00",3.1,86.55,2
"2022-02-06 18:00:00",4.36,85.54,6
"2022-02-06 19:00:00",4.66,87.44,6
"2022-02-06 20:00:00",5.7,83.93,7
"2022-02-06 21:00:00",6.02,78.68,9
"2022-02-06 22:00:00",8.71,71.26,10
"2022-02-06 23:00:00",15.66,56.29,10
"2022-02-07 00:00:00",19.54,43.96,12
"2022-02-07 01:00:00",7.02,62.77,15
"2022-02-07 02:00:00",4.79,52.04,7
"2022-02-07 03:00:00",5.27,41.66,1
"2022-02-07 04:00:00",5.63,40.78,-1
"2022-02-07 04:01:00",,,
"2022-02-07 05:00:00",2.59,64.4
"2022-02-07 05:01:00",,,
"2022-02-07 06:00:00",2.71,60.61
"2022-02-07 07:00:00",4.94,51.13,-2
"2022-02-07 08:00:00",15.98,27.86,-3
"2022-02-07 09:00:00",27.84,21.1,2
"2022-02-07 10:00:00",17.07,58.77,5
"2022-02-07 11:00:00",8.22,76.67,3
"2022-02-07 12:00:00",8.02,84.63,1
"2022-02-07 12:01:00",,,
"2022-02-07 13:00:00",8.11,88.66
"2022-02-07 13:01:00",,,
"2022-02-07 14:00:00",7.4,95.25,2
"2022-02-07 15:00:00",6.85,95.82,4
"2022-02-07 16:00:00",8.46,92.35,3
"2022-02-07 17:00:00",9.37,91.29,2
"2022-02-07 18:00:00",9.44,88.07,2
"2022-02-07 19:00:00",8.91,86.51,2
"2022-02-07 20:00:00",8.33,85.49,4
"2022-02-07 21:00:00",6.97,87.1,6
"2022-02-07 22:00:00",3.96,91.67,6
"2022-02-07 23:00:00",2.46,95.4,4
"2022-02-08 00:00:00",1.88,95.82,3
"2022-02-08 01:00:00",2.03,91.14,6
"2022-02-08 02:00:00",1.56,91.28,9
"2022-02-08 03:00:00",1.4,92.33,4
"2022-02-08 03:01:00",,,
"2022-02-08 04:00:00",1.02,92.62
"2022-02-08 04:01:00",,,
"2022-02-08 05:00:00",1.41,90.85,-1
"2022-02-08 06:00:00",1.48,94.5,-1
"2022-02-08 06:01:00",,,
"2022-02-08 07:00:00",2.27,95.06
"2022-02-08 07:01:00",,,
"2022-02-08 08:00:00",5.28,93.1,-1
"2022-02-08 08:01:00",,,
"2022-02-08 09:00:00",7.19,89.94
"2022-02-08 09:01:00",,,
"2022-02-08 10:00:00",6.63,90.61,-1
"2022-02-08 11:00:00",5.09,91.87,3
"2022-02-08 12:00:00",5.04,90.7,5
"2022-02-08 13:00:00",5.56,90.01,2
"2022-02-08 13:01:00",,,
"2022-02-08 14:00:00",4.97,90.19
"2022-02-08 14:01:00",,,
"2022-02-08 15:00:00",4.83,90.92
"2022-02-08 16:00:00",5.36,89.53,-2
"2022-02-08 16:01:00",,,
"2022-02-08 17:00:00",6.37,88.2
"2022-02-08 17:01:00",,,
"2022-02-08 18:00:00",6.23,89.77,3
"2022-02-08 19:00:00",6.41,89.32,3
"2022-02-08 20:00:00",5.21,90.16,2
"2022-02-08 21:00:00",4.3,91.45,4
"2022-02-08 22:00:00",2.81,94.06,4
"2022-02-08 23:00:00",3.18,86.07,2
"2022-02-09 00:00:00",3.25,75.75,3
"2022-02-09 01:00:00",3.79,70.69,1
"2022-02-09 02:00:00",3.1,62.87,-1
"2022-02-09 03:00:00",5.38,53.28,-1
"2022-02-09 03:01:00",,,
"2022-02-09 04:00:00",3.78,61.45
"2022-02-09 04:01:00",,,
"2022-02-09 05:00:00",3.35,59.18,1
"2022-02-09 05:01:00",,,
"2022-02-09 06:00:00",3.75,53.56
"2022-02-09 06:01:00",,,
"2022-02-09 07:00:00",5.42,63.3,-2
"2022-02-09 08:00:00",9.2,67.29,1
"2022-02-09 09:00:00",25.81,41.8,1
"2022-02-09 10:00:00",26.87,46.79,-1
"2022-02-09 11:00:00",35.41,38.23,-2
"2022-02-09 12:00:00",16.54,59.78,1
"2022-02-09 13:00:00",8.07,75.42,2
"2022-02-09 14:00:00",4.78,87.42,3
"2022-02-09 15:00:00",5.54,86.49,2
"2022-02-09 16:00:00",5.46,86.57,6
"2022-02-09 17:00:00",9.15,82.02,4
"2022-02-09 18:00:00",10.83,77.52,1
"2022-02-09 19:00:00",17.1,66.93,2
"2022-02-09 20:00:00",14.87,63.39,8
"2022-02-09 21:00:00",11.28,72.12,7
"2022-02-09 22:00:00",9.83,59.91,7
"2022-02-09 23:00:00",13.3,52.74,6
"2022-02-10 00:00:00",10.34,58.49,6
"2022-02-10 01:00:00",7.26,62.62,3
"2022-02-10 01:01:00",,,
"2022-02-10 02:00:00",5.51,62.56
"2022-02-10 02:01:00",,,
"2022-02-10 03:00:00",8.2,59.51,1
"2022-02-10 04:00:00",4.55,60.61,1
"2022-02-10 05:00:00",4.83,59.34,1
"2022-02-10 06:00:00",4.27,65.5,2
"2022-02-10 07:00:00",7.29,56.84,1
"2022-02-10 07:01:00",,,
"2022-02-10 08:00:00",19.58,41.91
"2022-02-10 08:01:00",,,
"2022-02-10 09:00:00",31.2,31.97,1
"2022-02-10 10:00:00",31.98,38.38,4
"2022-02-10 11:00:00",13.16,69.44,4
"2022-02-10 11:01:00",,,
"2022-02-10 12:00:00",5.18,84.64
"2022-02-10 12:01:00",,,
"2022-02-10 13:00:00",3.85,91.41
"2022-02-10 14:00:00",3.17,95.86,1
"2022-02-10 15:00:00",3.98,93.09,5
"2022-02-10 16:00:00",4.47,88.87,4
"2022-02-10 17:00:00",6.46,83.18,4
"2022-02-10 18:00:00",10.91,72.82,3
"2022-02-10 19:00:00",16.57,65.1,1
"2022-02-10 20:00:00",13.64,66.92,10
"2022-02-10 21:00:00",16.74,54.15,8
"2022-02-10 22:00:00",31.25,30.24,15
"2022-02-10 23:00:00",13.72,56.99,18
"2022-02-11 00:00:00",18.17,39.78,8
"2022-02-11 01:00:00",14.39,39.8,9
"2022-02-11 02:00:00",17.51,28.91,11
"2022-02-11 03:00:00",18.22,23.95,9
"2022-02-11 04:00:00",16.82,21.62,17
"2022-02-11 05:00:00",16.28,21.74,13
"2022-02-11 06:00:00",17.48,18.49,12
"2022-02-11 07:00:00",22.02,15.89,9
"2022-02-11 08:00:00",30.34,16.37,13
"2022-02-11 09:00:00",42.05,16.27,10
"2022-02-11 10:00:00",48.41,16.95,11
"2022-02-11 11:00:00",49.81,36.38,11
"2022-02-11 12:00:00",6.61,90.64,9
"2022-02-11 13:00:00",4.66,94.66,4
"2022-02-11 13:01:00",,,
"2022-02-11 14:00:00",3.91,96.77
"2022-02-11 14:01:00",,,
"2022-02-11 15:00:00",4.08,96.1,1
"2022-02-11 16:00:00",4.46,96.17,1
"2022-02-11 17:00:00",5.52,94.02,1
"2022-02-11 18:00:00",5.16,95.76,6
"2022-02-11 19:00:00",4.19,97.38,6
"2022-02-11 20:00:00",3.79,98.12,5
"2022-02-11 21:00:00",3.11,97.42,4
"2022-02-11 22:00:00",2.51,98.51,2
"2022-02-11 23:00:00",2.56,97.34,2
"2022-02-12 00:00:00",1.68,98.3,3
"2022-02-12 01:00:00",1.35,100.46,1
"2022-02-12 01:01:00",,,
"2022-02-12 02:00:00",1.51,100.25
"2022-02-12 02:01:00",,,
"2022-02-12 03:00:00",1.43,100.81,2
"2022-02-12 04:00:00",1.01,101.12,3
"2022-02-12 05:00:00",1.15,100.39,1
"2022-02-12 06:00:00",1.11,99.21,-1
"2022-02-12 07:00:00",1.48,98.99,-2
"2022-02-12 08:00:00",2.51,95.4,-3
"2022-02-12 09:00:00",4.93,86.35,-3
"2022-02-12 10:00:00",5.3,85.42,1
"2022-02-12 11:00:00",4.33,89.64,4
"2022-02-12 12:00:00",4.2,88.14,1
"2022-02-12 13:00:00",3.68,88.45,-1
"2022-02-12 14:00:00",3.34,89.33,1
"2022-02-12 15:00:00",5.37,86.09,1
"2022-02-12 16:00:00",4.4,88.06,1
"2022-02-12 17:00:00",4.2,86.95,2
"2022-02-12 18:00:00",7.91,79.75,2
"2022-02-12 19:00:00",9.56,73.93,1
"2022-02-12 20:00:00",10.85,64.98,6
"2022-02-12 21:00:00",10.54,49.21,6
"2022-02-12 22:00:00",12.05,47.11,6
"2022-02-12 23:00:00",6.01,73.32,5
"2022-02-13 00:00:00",3.49,85.36,3
"2022-02-13 01:00:00",3.59,85.11,1
"2022-02-13 02:00:00",8.78,76.92,-1
"2022-02-13 02:01:00",,,
"2022-02-13 03:00:00",2.94,91.05
"2022-02-13 03:01:00",,,
"2022-02-13 04:00:00",1.08,96.47,-1
"2022-02-13 05:00:00",1.3,99.73,-1
"2022-02-13 06:00:00",2.07,89.69,-3
"2022-02-13 07:00:00",6.47,81.85,-2
"2022-02-13 07:01:00",,,
"2022-02-13 08:00:00",5.59,83.98
"2022-02-13 08:01:00",,,
"2022-02-13 09:00:00",3.81,79.45
"2022-02-13 10:00:00",3.6,81.37,2
"2022-02-13 11:00:00",4.09,76.67,-2
"2022-02-13 12:00:00",4.27,82.43,-4
"2022-02-13 13:00:00",2.64,91.66,2
"2022-02-13 14:00:00",2.39,95.82,2
"2022-02-13 14:01:00",,,
"2022-02-13 15:00:00",2.4,98.64
"2022-02-13 15:01:00",,,
"2022-02-13 16:00:00",2.43,98.55,-1
"2022-02-13 17:00:00",4.02,93.8,1
"2022-02-13 18:00:00",6.44,89.78,1
"2022-02-13 19:00:00",8.74,66.53,3
"2022-02-13 20:00:00",19.13,45.99,3
"2022-02-13 21:00:00",23.38,36.21,19
"2022-02-13 22:00:00",21.66,34.82,19
"2022-02-13 23:00:00",21.95,33.93,21
"2022-02-14 00:00:00",14.22,44.32,17
"2022-02-14 01:00:00",6.04,56.36,10
"2022-02-14 02:00:00",14.22,36.19,7
"2022-02-14 03:00:00",5.79,46.75,6
"2022-02-14 04:00:00",6.47,58.05,5
"2022-02-14 05:00:00",3.12,58.96,2
"2022-02-14 06:00:00",2.73,77.3,-1
"2022-02-14 07:00:00",2.99,74.54,2
"2022-02-14 08:00:00",10.26,66.16,2
"2022-02-14 09:00:00",7.28,78.68,2
"2022-02-14 10:00:00",4.36,85.62,2
"2022-02-14 11:00:00",3.36,86.54,2
"2022-02-14 12:00:00",3.47,90.07,2
"2022-02-14 13:00:00",3.47,95.62,3
"2022-02-14 14:00:00",3.46,98.01,2
"2022-02-14 15:00:00",3.81,97.76,3
"2022-02-14 16:00:00",3.69,96.62,7
"2022-02-14 17:00:00",7.84,88.37,5
"2022-02-14 18:00:00",10.42,82.5,2
"2022-02-14 19:00:00",18.93,59.76,7
"2022-02-14 20:00:00",30.8,44.36,5
"2022-02-14 21:00:00",17.98,60.7,8
"2022-02-14 22:00:00",14.33,60.25,9
"2022-02-14 23:00:00",8.12,72.1,6
"2022-02-15 00:00:00",3.65,87.27,4
"2022-02-15 01:00:00",2.39,96.92,2
"2022-02-15 02:00:00",1.59,101.78,-2
"2022-02-15 03:00:00",1.11,105.57,1
"2022-02-15 04:00:00",0.97,104.87,1
"2022-02-15 05:00:00",1.37,102.7,-1
"2022-02-15 06:00:00",1.87,100.74,-1
"2022-02-15 06:01:00",,,
"2022-02-15 07:00:00",3.56,98.46
"2022-02-15 07:01:00",,,
"2022-02-15 08:00:00",9.01,82.01
"2022-02-15 09:00:00",45.56,32.65,1
"2022-02-15 10:00:00",17.5,78.07,1
"2022-02-15 11:00:00",8.51,85.04,7
"2022-02-15 12:00:00",10.13,78.27,9
"2022-02-15 13:00:00",7.59,85.25,12
"2022-02-15 14:00:00",7.64,88.01,10
"2022-02-15 15:00:00",7.93,88.57,11
"2022-02-15 16:00:00",7.34,89.03,7
"2022-02-15 17:00:00",10.49,86.51,5
"2022-02-15 18:00:00",10.07,94.91,3
"2022-02-15 19:00:00",7.13,101.68,3
"2022-02-15 20:00:00",6.47,97.5,5
"2022-02-15 21:00:00",7.42,85.71,2
"2022-02-15 22:00:00",6.14,75.93,-3
"2022-02-15 22:01:00",,,
"2022-02-15 23:00:00",2.88,75.85
"2022-02-15 23:01:00",,,
"2022-02-16 00:00:00",1.79,77.82,2
"2022-02-16 01:00:00",1.12,83.04,2
"2022-02-16 02:00:00",1.29,89.73,4
"2022-02-16 03:00:00",0.97,91.62,4
"2022-02-16 04:00:00",1.43,91.09,12
"2022-02-16 05:00:00",1.52,91.05,7
"2022-02-16 06:00:00",1.71,91.37,10
"2022-02-16 07:00:00",3.41,81.72,10
"2022-02-16 08:00:00",6.14,78.7,6
"2022-02-16 09:00:00",5.84,73.69,3
"2022-02-16 10:00:00",6,74.97,2
"2022-02-16 11:00:00",5.35,75.77,-3
"2022-02-16 12:00:00",5.06,75.81,-4
"2022-02-16 13:00:00",3.93,77.37,-2
"2022-02-16 14:00:00",3.19,83.77,-2
"2022-02-16 15:00:00",3.67,94.14,1
"2022-02-16 15:01:00",,,
"2022-02-16 16:00:00",3.3,100.23
"2022-02-16 16:01:00",,,
"2022-02-16 17:00:00",4.6,99.95,1
"2022-02-16 18:00:00",5.87,98.19,10
"2022-02-16 19:00:00",5.51,101.14,9
"2022-02-16 20:00:00",4.37,101.32,15
"2022-02-16 21:00:00",3.46,100.83,10
"2022-02-16 22:00:00",3.23,98.48,12
"2022-02-16 23:00:00",2.63,98.59,9
"2022-02-17 00:00:00",1.76,101.61,9
"2022-02-17 01:00:00",2.11,96.84,5
"2022-02-17 02:00:00",1.37,100.29,7
"2022-02-17 03:00:00",2.08,88.11,5
"2022-02-17 04:00:00",2.93,81.86,4
"2022-02-17 05:00:00",14.4,55.1,1
"2022-02-17 05:01:00",,,
"2022-02-17 06:00:00",6.47,53.95
"2022-02-17 06:01:00",,,
"2022-02-17 07:00:00",4.89,67.89
"2022-02-17 08:00:00",9.21,83.65,-1
"2022-02-17 08:01:00",,,
"2022-02-17 09:00:00",18.82,69.71
"2022-02-17 09:01:00",,,
"2022-02-17 10:00:00",12.59,79.53
"2022-02-17 11:00:00",6.66,95.29,2.25
"2022-02-17 12:00:00",4.99,101.07,2.75
"2022-02-17 13:00:00",4.64,99.34,2
"2022-02-17 14:00:00",4.44,98.73,4
"2022-02-17 15:00:00",5.68,99.09,4.75
"2022-02-17 16:00:00",10.82,91.55,6.25
"2022-02-17 17:00:00",13.82,84.64,3.5
"2022-02-17 18:00:00",19.55,69.61,2.5
"2022-02-17 19:00:00",24.15,70.12,5.25
"2022-02-17 20:00:00",11.52,91.92,8
"2022-02-17 21:00:00",12.73,88.75,4.25
"2022-02-17 22:00:00",5.76,100.66,1.5
"2022-02-17 23:00:00",4.81,100.82,-0.75
"2022-02-18 00:00:00",3.11,93.05,-3
"2022-02-18 01:00:00",0.97,97.84,-1.5
"2022-02-18 02:00:00",1.14,106.48,4.5
"2022-02-18 03:00:00",1.32,103.43,8.5
"2022-02-18 04:00:00",1.17,107.79,6.75
"2022-02-18 05:00:00",0.85,108.35,6.25
"2022-02-18 06:00:00",0.85,105.86,7.5
"2022-02-18 07:00:00",1.76,102.21,8.5
"2022-02-18 08:00:00",2.21,96.75,6.75
"2022-02-18 09:00:00",1.88,104.46,6.75
"2022-02-18 10:00:00",2.62,100.01,8.5
"2022-02-18 11:00:00",3.27,96.61,7.25
"2022-02-18 12:00:00",2.64,97.69,7.75
"2022-02-18 13:00:00",2.73,102.39,6.25
"2022-02-18 14:00:00",3.99,96.02,4
"2022-02-18 15:00:00",4.61,89.67,3.5
"2022-02-18 16:00:00",5.46,89.21,2.25
"2022-02-18 16:01:00",,,
"2022-02-18 17:01:00",,,
"2022-02-18 18:00:00",6.73,82.35,2.25
"2022-02-18 19:00:00",9.34,76.61,4
"2022-02-18 20:00:00",8.28,81.76,6.25
"2022-02-18 21:00:00",8.63,78.5,4.5
"2022-02-18 22:00:00",11.6,70.07,6
"2022-02-18 23:00:00",10.34,63.28,6.25
"2022-02-19 00:00:00",6.9,71.47,7
"2022-02-19 01:00:00",5.89,65.66,7.25
"2022-02-19 02:00:00",5.18,58.03,4.75
"2022-02-19 03:00:00",5.18,59.68,3.25
"2022-02-19 04:00:00",4.92,62.7,0.5
"2022-02-19 05:00:00",3.26,78.97,-1
"2022-02-19 06:00:00",1.57,96.59,-1
"2022-02-19 07:00:00",1.67,97.16,-0.75
"2022-02-19 07:01:00",,,
"2022-02-19 08:00:00",5.16,84.93
"2022-02-19 08:01:00",,,
"2022-02-19 09:00:00",4.71,88.75,-0.5
"2022-02-19 10:00:00",6.87,88.8,-0.75
"2022-02-19 11:00:00",3.6,95.79,3.75
"2022-02-19 12:00:00",2.3,98.85,5.75
"2022-02-19 13:00:00",2.68,99.88,5
"2022-02-19 14:00:00",3.34,98.87,5.5
"2022-02-19 15:00:00",5.46,89.8,7.25
"2022-02-19 16:00:00",4.44,94.32,7.75
"2022-02-19 17:00:00",7.11,88.16,6.5
"2022-02-19 18:00:00",10.1,78.1,4.75
"2022-02-19 19:00:00",11.25,77.56,3.75
"2022-02-19 20:00:00",5.35,90.3,4.25
"2022-02-19 21:00:00",6.63,88.46,8.25
"2022-02-19 22:00:00",4.63,95.56,9.25
"2022-02-19 23:00:00",1.96,99.85,10
"2022-02-20 00:00:00",1.24,102.22,10
"2022-02-20 01:00:00",1.23,103.47,9.75
"2022-02-20 02:00:00",1.04,104.96,9.25
"2022-02-20 03:00:00",1.14,105.96,9.75
"2022-02-20 04:00:00",0.99,108.5,8.75
"2022-02-20 05:00:00",0.78,108.61,7.25
"2022-02-20 06:00:00",0.83,108.63,5
"2022-02-20 07:00:00",0.81,108.89,4.5
"2022-02-20 08:00:00",3.13,105.8,2.5
"2022-02-20 09:00:00",3.65,104.65,1
"2022-02-20 10:00:00",3.5,104.41,0.75
"2022-02-20 10:01:00",,,
"2022-02-20 11:00:00",2.64,106.24
"2022-02-20 11:01:00",,,
"2022-02-20 12:00:00",2.39,105.06
"2022-02-20 13:00:00",3.49,102.88,-0.25
"2022-02-20 14:00:00",2.18,111.11,-1.5
"2022-02-20 15:00:00",2.11,106.23,-2
"2022-02-20 16:00:00",1.82,107.01,2.5
"2022-02-20 17:00:00",2.36,102.29,7.75
"2022-02-20 18:00:00",2.37,98.54,9.25
"2022-02-20 19:00:00",2.86,97.79,7.75
"2022-02-20 20:00:00",2.58,97.23,9.25
"2022-02-20 21:00:00",3.7,93.73,6.75
"2022-02-20 22:00:00",1.94,96.48,5.5
"2022-02-20 23:00:00",1.54,99.83,4
"2022-02-21 00:00:00",1.31,103.11,5
"2022-02-21 01:00:00",1.23,99.7,7.5
"2022-02-21 02:00:00",1.06,101.82,6
"2022-02-21 03:00:00",0.86,104.82,6
"2022-02-21 04:00:00",0.73,107.76,6
"2022-02-21 05:00:00",0.74,107.43,7.75
"2022-02-21 06:00:00",1.08,107.5,12.75
"2022-02-21 07:00:00",1.41,106.51,12.25
"2022-02-21 08:00:00",3.45,104.46,13
"2022-02-21 09:00:00",4.37,101.92,13.25
"2022-02-21 10:00:00",3.23,100.03,15
"2022-02-21 11:00:00",3.57,99.16,17.25
"2022-02-21 12:00:00",2.76,100.17,15.25
"2022-02-21 13:00:00",3.54,99.74,15
"2022-02-21 14:00:00",3.17,99.08,11.75
"2022-02-21 15:00:00",4.2,97,10
"2022-02-21 16:00:00",7.68,93.22,6.5
"2022-02-21 17:00:00",6.89,93.88,5.5
"2022-02-21 18:00:00",6.57,93.58,6.25
"2022-02-21 19:00:00",11.2,83.88,3
"2022-02-21 20:00:00",11.67,82.28,0.25
"2022-02-21 21:00:00",8.24,79.1,1.75
"2022-02-21 22:00:00",8.64,72.58,4
"2022-02-21 23:00:00",7.25,74.49,4
"2022-02-22 00:00:00",2.22,99.09,4.25
"2022-02-22 01:00:00",1.46,101.79,6
"2022-02-22 02:00:00",0.84,107.98,9.25
"2022-02-22 03:00:00",0.65,108.89,10
"2022-02-22 04:00:00",0.79,110.29,10
"2022-02-22 05:00:00",0.78,109.17,9
"2022-02-22 06:00:00",1.13,110.07,6
"2022-02-22 07:00:00",1.78,112.64,5.25
"2022-02-22 08:00:00",4.12,107.92,2.5
"2022-02-22 09:00:00",7.67,98.62,1
"2022-02-22 10:00:00",5.11,102.98,2
"2022-02-22 11:00:00",3.74,108.34,4.75
"2022-02-22 12:00:00",3.66,112.32,4.5
"2022-02-22 13:00:00",3.21,108.77,6
"2022-02-22 14:00:00",3.11,103.84,6
"2022-02-22 15:00:00",2.62,107.3,5.75
"2022-02-22 16:00:00",5,101.31,5.25
"2022-02-22 17:00:00",4.56,101.62,5.5
"2022-02-22 18:00:00",8.23,92.57,3.75
"2022-02-22 19:00:00",9.26,89.39,3
"2022-02-22 20:00:00",19.66,70.87,5.75
"2022-02-22 21:00:00",13,83.92,12.5
"2022-02-22 22:00:00",10.85,93.08,7.25
"2022-02-22 23:00:00",6.43,97.84,5
"2022-02-23 00:00:00",5.55,91.18,5
"2022-02-23 01:00:00",3.22,95.58,5
"2022-02-23 02:00:00",2.94,98.19,4.75
"2022-02-23 03:00:00",2.66,99.78,3.75
"2022-02-23 04:00:00",2.05,102.34,2.25
"2022-02-23 05:00:00",1.55,106.48,-0.25
"2022-02-23 06:00:00",1.71,105.8,-0.75
"2022-02-23 06:01:00",,,
"2022-02-23 07:00:00",3.32,101.83
"2022-02-23 07:01:00",,,
"2022-02-23 08:00:00",7.22,99.55
"2022-02-23 09:00:00",8.26,98.04,0.25
"2022-02-23 10:00:00",5.62,102.94,1.5
"2022-02-23 11:00:00",3.97,105.34,2.75
"2022-02-23 12:00:00",3.73,106.08,2.5
"2022-02-23 13:00:00",3.49,107.78,4.5
"2022-02-23 14:00:00",3.03,108.16,5.75
"2022-02-23 15:00:00",3.08,107.47,5
"2022-02-23 16:00:00",4.59,104.63,4.5
"2022-02-23 17:00:00",7.45,100.64,2.25
"2022-02-23 18:00:00",7.39,97.04,1.25
"2022-02-23 19:00:00",8.51,95.63,5
"2022-02-23 20:00:00",7.6,97.13,4.75
"2022-02-23 21:00:00",5.01,99.65,3.5
"2022-02-23 22:00:00",10.36,89.8,2
"2022-02-23 23:00:00",5.18,94.25,2
"2022-02-24 00:00:00",2.91,97.73,2
"2022-02-24 01:00:00",2.33,94.65,2.25
"2022-02-24 02:00:00",1.69,97.39,2.75
"2022-02-24 03:00:00",2.25,91.39,1.75
"2022-02-24 04:00:00",3.11,81.66,1
"2022-02-24 05:00:00",1.87,91.53,0.75
"2022-02-24 06:00:00",2.27,89.86,0.25
"2022-02-24 07:00:00",2.18,90.85,0.75
"2022-02-24 08:00:00",6.89,84.16,-0.5
"2022-02-24 09:00:00",9.76,87.92,-2
"2022-02-24 10:00:00",10.79,83.96,-1.5
"2022-02-24 10:01:00",,,
"2022-02-24 11:00:00",4.3,95.04
"2022-02-24 11:01:00",,,
"2022-02-24 12:00:00",3.44,95.79,0.75
"2022-02-24 13:00:00",5.71,94.27,3
"2022-02-24 14:00:00",3.95,94.56,2.5
"2022-02-24 15:00:00",3.01,96.1,1.75
"2022-02-24 16:00:00",3.82,95.73,3.5
"2022-02-24 17:00:00",6.81,94.89,2.5
"2022-02-24 18:00:00",11.19,85.66,4
"2022-02-24 19:00:00",9.24,87.41,4.25
"2022-02-24 20:00:00",14.03,76.76,6
"2022-02-24 21:00:00",10.36,75.72,9
"2022-02-24 22:00:00",10.97,68.22,8.25
"2022-02-24 23:00:00",9.33,75.19,6.5
"2022-02-25 00:00:00",12.58,60.21,7.5
"2022-02-25 01:00:00",14.64,55.44,6
"2022-02-25 02:00:00",9.27,61.07,5.25
"2022-02-25 03:00:00",6.01,62.87,3
"2022-02-25 04:00:00",7.57,55.26,3
"2022-02-25 05:00:00",7.85,53.3,2.5
"2022-02-25 06:00:00",9.32,53.76,1.25
"2022-02-25 07:00:00",7.61,62.54,2
"2022-02-25 08:00:00",25.04,39.1,1.75
"2022-02-25 09:00:00",51.86,25.73,1.75
"2022-02-25 10:00:00",53.29,31.67,5.25
"2022-02-25 11:00:00",23.48,66.32,8.25
"2022-02-25 12:00:00",12.68,82.43,5.75
"2022-02-25 13:00:00",5.46,102.16,4.75
"2022-02-25 14:00:00",7.09,100.83,3.25
"2022-02-25 15:00:00",7.64,99.1,1
"2022-02-25 16:00:00",6.56,100.66,1.25
"2022-02-25 17:00:00",7.07,100.07,1.75
"2022-02-25 18:00:00",7.52,97.49,1.75
"2022-02-25 19:00:00",6.84,99.18,4.25
"2022-02-25 20:00:00",7.26,97.82,4
"2022-02-25 21:00:00",6.41,97.21,1
"2022-02-25 22:00:00",4.25,101.27,1.75
"2022-02-25 23:00:00",2.75,105.05,3.5
"2022-02-26 00:00:00",2.42,104.44,1.25
"2022-02-26 01:00:00",2.47,104.17,-0.5
"2022-02-26 02:00:00",1.84,106.05,1.5
"2022-02-26 03:00:00",1.36,106.28,2.75
"2022-02-26 04:00:00",1.34,107.7,2.5
"2022-02-26 05:00:00",1.28,107.39,4.25
"2022-02-26 06:00:00",1.38,105.66,4
"2022-02-26 07:00:00",1.79,106.74,0.5
"2022-02-26 08:00:00",2.94,106.7,-0.75
"2022-02-26 08:01:00",,,
"2022-02-26 09:00:00",4.06,104.5
"2022-02-26 09:01:00",,,
"2022-02-26 10:00:00",3.56,104.32
"2022-02-26 11:00:00",3.88,103.86,0.75
"2022-02-26 12:00:00",4.21,104.71,3.75
"2022-02-26 13:00:00",3.64,104.58,5.75
"2022-02-26 14:00:00",3.48,105.97,5
"2022-02-26 15:00:00",3.88,106.96,5
"2022-02-26 16:00:00",3.63,108.09,5.25
"2022-02-26 17:00:00",4.47,108.37,6.25
"2022-02-26 18:00:00",4.61,109.47,8
"2022-02-26 19:00:00",4.81,108.62,11.25
"2022-02-26 20:00:00",4.62,105.86,11.75
"2022-02-26 21:00:00",3.6,106.61,10
"2022-02-26 22:00:00",3.02,108.7,7.25
"2022-02-26 23:00:00",3.02,109.48,8.75
"2022-02-27 00:00:00",2.47,110.29,11.25
"2022-02-27 01:00:00",2.37,111.61,10.75
"2022-02-27 02:00:00",2.16,112.64,7.25
"2022-02-27 03:00:00",2.04,110.62,7.75
"2022-02-27 04:00:00",1.62,109.83,7.25
"2022-02-27 05:00:00",2.41,103.3,7.25
"2022-02-27 06:00:00",2.65,98.67,4
"2022-02-27 07:00:00",2.44,99.19,0.5
"2022-02-27 08:00:00",2.9,92.67,-1
"2022-02-27 09:00:00",5.52,92.22,-0.75
"2022-02-27 10:00:00",2.54,101.05,0.5
"2022-02-27 11:00:00",2.77,102.12,1.75
"2022-02-27 12:00:00",2.07,107.26,0.5
"2022-02-27 13:00:00",2.01,109.48,-1
"2022-02-27 14:00:00",1.95,109.22,-0.5
"2022-02-27 15:00:00",1.89,110.52,1
"2022-02-27 16:00:00",1.74,109.71,1
"2022-02-27 17:00:00",2.07,107.52,0.75
"2022-02-27 18:00:00",3.22,104.94,1.25
"2022-02-27 19:00:00",3.67,103.16,5.25
"2022-02-27 20:00:00",3.31,102.31,5.5
"2022-02-27 21:00:00",3.36,101.8,3.25
"2022-02-27 22:00:00",2.41,102.55,1.25
"2022-02-27 23:00:00",2.35,103.45,1.75
"2022-02-28 00:00:00",1.57,106.1,0.25
"2022-02-28 01:00:00",1.4,108.27,-2
"2022-02-28 02:00:00",1.68,99.89,-2
"2022-02-28 03:00:00",2.19,88.62,-2
"2022-02-28 04:00:00",3.29,74.37,-2.25
"2022-02-28 05:00:00",3.04,70.14,-2
"2022-02-28 06:00:00",4.98,56.81,1.5
"2022-02-28 07:00:00",5.37,47.48,3.5
"2022-02-28 08:00:00",19.15,39.27,4.5
"2022-02-28 09:00:00",27.32,30.39,2.5
"2022-02-28 10:00:00",38.51,29.79,1.5
"2022-02-28 11:00:00",30.92,41.93,3
"2022-02-28 12:00:00",16.31,58.78,2.5
"2022-02-28 13:00:00",9.65,71.25,1.25
"2022-02-28 14:00:00",7.93,82.11,3
"2022-02-28 15:00:00",5.95,98.4,5.75
"2022-02-28 16:00:00",8.64,95.01,5.25
"2022-02-28 17:00:00",9.77,92.89,6.25
"2022-02-28 18:00:00",13.46,82.87,7.5
"2022-02-28 19:00:00",26.01,56.08,13.25
"2022-02-28 20:00:00",25.29,55.27,27.75
"2022-02-28 21:00:00",21.84,56.37,31.25
"2022-02-28 22:00:00",37.29,36.01,26.5
"2022-02-28 23:00:00",40.16,29.86,29.75
"2022-03-01 00:00:00",35.18,29.99,34.75
"2022-03-01 01:00:00",27.77,30.27,30.5
"2022-03-01 02:00:00",22.19,31.68,19.5
"2022-03-01 03:00:00",22.09,31.16,17.5
"2022-03-01 04:00:00",19.95,31.54,15
"2022-03-01 05:00:00",18.49,33.2,10.75
"2022-03-01 06:00:00",15.08,38.6,6.25
"2022-03-01 07:00:00",19.45,33.8,3.5
"2022-03-01 08:00:00",22.17,31.98,2.5
"2022-03-01 09:00:00",28.18,31.93,4.25
"2022-03-01 10:00:00",35.35,37.39,5.5
"2022-03-01 11:00:00",35.47,47.17,7
"2022-03-01 12:00:00",7.08,98.45,6
"2022-03-01 13:00:00",10.65,98.94,3
"2022-03-01 14:00:00",13.02,98.23,3.25
"2022-03-01 15:00:00",10.7,101.96,3.5
"2022-03-01 16:00:00",8.37,102.06,1.75
"2022-03-01 17:00:00",12.06,98.62,1.75
"2022-03-01 18:00:00",15.67,93.45,5.75
"2022-03-01 19:00:00",27.05,76.8,11
"2022-03-01 20:00:00",21.69,82.5,11
"2022-03-01 21:00:00",12.88,93.39,10.25
"2022-03-01 22:00:00",11.79,91.86,7.25
"2022-03-01 23:00:00",11.39,88.89,4.5
"2022-03-02 00:00:00",11.67,82.17,3.75
"2022-03-02 01:00:00",9.58,80.57,6.5
"2022-03-02 02:00:00",7.37,83.04,8
"2022-03-02 03:00:00",6.26,83.93,7.5
"2022-03-02 04:00:00",9.38,78.92,5.75
"2022-03-02 05:00:00",10.11,75.16,4.25
"2022-03-02 06:00:00",13.92,68.15,1.5
"2022-03-02 06:01:00",,,
"2022-03-02 07:00:00",28.39,48.81
"2022-03-02 07:01:00",,,
"2022-03-02 08:00:00",37.89,38.92,-0.5
"2022-03-02 09:00:00",41.76,33.6,-1.5
"2022-03-02 10:00:00",26.55,51.61,0.25
"2022-03-02 11:00:00",21.25,60.07,0.75
"2022-03-02 12:00:00",12.19,89.76,-0.25
"2022-03-02 13:00:00",9.32,99.85,-0.5
"2022-03-02 14:00:00",9.41,92.02,1.5
"2022-03-02 15:00:00",7.82,104.95,3
"2022-03-02 16:00:00",6.59,117.3,2.5
"2022-03-02 17:00:00",10.84,112.14,0.5
"2022-03-02 18:00:00",9.68,113.62,-0.75
"2022-03-02 19:00:00",7.46,119.75,0.75
"2022-03-02 20:00:00",9.84,114.76,2.75
"2022-03-02 21:00:00",10.78,109.86,1.75
"2022-03-02 22:00:00",19.85,81.02,2.75
"2022-03-02 23:00:00",18,74.63,7.5
"2022-03-03 00:00:00",13.73,78.31,6
"2022-03-03 01:00:00",15.17,68.44,6
"2022-03-03 02:00:00",16.56,63.09,6
"2022-03-03 03:00:00",14.91,59.35,5.5
"2022-03-03 04:00:00",19.53,53.9,4
"2022-03-03 05:00:00",15.87,59.13,3.75
"2022-03-03 06:00:00",12.26,61.87,3
"2022-03-03 07:00:00",20.27,55.14,3
"2022-03-03 08:00:00",28.82,52.35,3
"2022-03-03 09:00:00",36.09,51.53,3.25
"2022-03-03 10:00:00",39.32,56.92,4.5
"2022-03-03 11:00:00",23.38,78.69,5.25
"2022-03-03 12:00:00",13.37,106.72,2.5
"2022-03-03 13:00:00",5.13,130.32,2
"2022-03-03 14:00:00",5.16,129.64,4.5
"2022-03-03 15:00:00",6.37,127.4,3
"2022-03-03 16:00:00",5.62,130.74,3
"2022-03-03 17:00:00",7.6,126.23,3.5
"2022-03-03 18:00:00",9.7,120.46,6
"2022-03-03 19:00:00",9.62,135.56,9
"2022-03-03 20:00:00",12.28,130.66,8.5
"2022-03-03 21:00:00",15.93,116.68,7.5
"2022-03-03 22:00:00",11.4,116.65,8.75
"2022-03-03 23:00:00",10.33,114.82,7.25
"2022-03-04 00:00:00",10.38,113.65,5.25
"2022-03-04 01:00:00",8.2,117.93,5.25
"2022-03-04 02:00:00",7.1,117.01,2
"2022-03-04 03:00:00",9.54,113.92,-1.5
"2022-03-04 04:00:00",13.95,100.98,-2.25
"2022-03-04 05:00:00",10.58,99.53,0.75
"2022-03-04 06:00:00",10.31,92.09,3.25
"2022-03-04 07:00:00",15.5,85.29,4
"2022-03-04 08:00:00",34.36,73.93,4.25
"2022-03-04 09:00:00",43.86,75.59,5.25
"2022-03-04 10:00:00",35.96,92.88,5.25
"2022-03-04 11:00:00",18.13,116.85,2.75
"2022-03-04 12:00:00",5.3,138.39,2
"2022-03-04 13:00:00",4.55,147.65,2
"2022-03-04 14:00:00",3.61,150.3,2.25
"2022-03-04 15:00:00",5.68,146.15,3
"2022-03-04 16:00:00",5.27,150.23,2.75
"2022-03-04 17:00:00",9.7,146.28,2
"2022-03-04 18:00:00",18.51,130.25,6
"2022-03-04 19:00:00",52.52,94.48,33
"2022-03-04 20:00:00",59.94,84.43,70.75
"2022-03-04 21:00:00",37.48,-112.55,44.75
"2022-03-04 22:00:00",37.64,-156.98,31
"2022-03-04 23:00:00",39.01,-172.91,25.25
"2022-03-05 00:00:00",33.23,-182.44,18.25
"2022-03-05 01:00:00",30.67,-210.72,22
"2022-03-05 02:00:00",29.03,-222.42,21.5
"2022-03-05 03:00:00",24.36,-232.48,20
"2022-03-05 04:00:00",19.74,-244.2,18
"2022-03-05 05:00:00",17.78,-246.13,11.5
"2022-03-05 06:00:00",14.67,-241.45,9.75
"2022-03-05 07:00:00",12.97,-236.71,8.5
"2022-03-05 08:00:00",19.22,-243.13,6.5
"2022-03-05 09:00:00",26.37,-242.54,5.25
"2022-03-05 10:00:00",25.9,-231.34,5.5
"2022-03-05 11:00:00",8.95,-194.14,4.5
"2022-03-05 12:00:00",5.31,-173.3,5
"2022-03-05 13:00:00",4.55,-180,1.25
"2022-03-05 14:00:00",5.1,-165.41,-0.5
"2022-03-05 15:00:00",5.66,-164.31,1
"2022-03-05 16:00:00",6.1,-171.88,1
"2022-03-05 17:00:00",6.97,-165.45,1.25
"2022-03-05 18:00:00",11.81,-179.53,2.75
"2022-03-05 19:00:00",30.15,-206.41,11.25
"2022-03-05 20:00:00",52.86,-239.96,33.5
"2022-03-05 21:00:00",43.11,-271.72,41.25
"2022-03-05 22:00:00",45.52,-294.12,33.25
"2022-03-05 23:00:00",44.26,-294.51,33.5
"2022-03-06 00:00:00",40.13,-342.77,32.5
"2022-03-06 01:00:00",34.44,-324.42,32.5
"2022-03-06 02:00:00",31.94,-332.71,25.5
"2022-03-06 03:00:00",23.88,-319.68,17.25
"2022-03-06 04:00:00",21.87,-324.48,14.25
"2022-03-06 05:00:00",17.8,-327.11,12
"2022-03-06 06:00:00",14.81,-324.57,11.5
"2022-03-06 07:00:00",13.87,-325.7,10.25
"2022-03-06 08:00:00",14.09,-326.86,10.25
"2022-03-06 09:00:00",19.01,-334.51,8
"2022-03-06 10:00:00",18.92,-321.08,8
"2022-03-06 11:00:00",15.95,-289.3,7.75
"2022-03-06 12:00:00",7.11,-258.79,6.25
"2022-03-06 13:00:00",5.43,-266.05,3.25
"2022-03-06 14:00:00",7.55,-274.54,1
"2022-03-06 15:00:00",6.41,-269.5,1.75
"2022-03-06 16:00:00",5.45,-265.28,3.5
"2022-03-06 17:00:00",9.21,-274.65,2.25
"2022-03-06 18:00:00",11.67,-285.3,3.5
"2022-03-06 19:00:00",14.57,-287.96,5.5
"2022-03-06 20:00:00",13.13,-290.71,7.5
"2022-03-06 21:00:00",13.45,-291.93,10.25
"2022-03-06 22:00:00",15.38,-303.91,13
"2022-03-06 23:00:00",13.54,-299.47,9
"2022-03-07 00:00:00",13.01,-312.82,6
"2022-03-07 01:00:00",8.24,-302.52,5.75
"2022-03-07 02:00:00",4.65,-300.28,5
"2022-03-07 03:00:00",3.64,-310.51,4.75
"2022-03-07 04:00:00",3.41,-314.17,3.75
"2022-03-07 05:00:00",2.79,-313.59,3.25
"2022-03-07 06:00:00",3.83,-315.11,3.5
"2022-03-07 07:00:00",8.53,-314.66,2
"2022-03-07 08:00:00",13.49,-312.34,2.25
"2022-03-07 09:00:00",15.62,-313.03,3.25
"2022-03-07 10:00:00",10.65,-307.61,4.5
"2022-03-07 11:00:00",9.52,-295.53,5.25
"2022-03-07 12:00:00",9.27,-304.23,3.25
"2022-03-07 13:00:00",8.51,-298.87,3.75
"2022-03-07 14:00:00",9.34,-309.35,3.75
"2022-03-07 15:00:00",9.13,-301.54,5.5
"2022-03-07 16:00:00",10.54,-311.72,4.25
"2022-03-07 17:00:00",11.29,-301.67,4.75
"2022-03-07 18:00:00",10.25,-308.5,5.25
"2022-03-07 19:00:00",8.45,-330.62,8.25
"2022-03-07 20:00:00",7.58,-525.76,5.75
"2022-03-07 21:00:00",7.72,-535.08,5.25
"2022-03-07 22:00:00",7.36,-536.19,7
"2022-03-07 23:00:00",5.72,-535.43,11.5
"2022-03-08 00:00:00",5.64,-534.21,16
"2022-03-08 01:00:00",5.63,-535.03,15.5
"2022-03-08 02:00:00",7.52,-533.42,15
"2022-03-08 03:00:00",4.35,-532.45,16
"2022-03-08 04:00:00",4.31,-532.26,9.75
"2022-03-08 05:00:00",4.17,-532.58,10
"2022-03-08 06:00:00",4.55,-532.59,13.25
"2022-03-08 07:00:00",6.12,-532.39,13.5
"2022-03-08 08:00:00",6.66,-532.26,12.25
"2022-03-08 08:01:00",,
"2022-03-08 09:00:00",6.92,,12
"2022-03-08 09:01:00",,
"2022-03-08 10:00:00",6.97,,8
"2022-03-08 11:00:00",6.93,,4.5
"2022-03-08 12:00:00",5.63,,3.25
"2022-03-08 13:00:00",5.68,,4.5
"2022-03-08 14:00:00",4.54,,5.25
"2022-03-08 15:00:00",4.84,,2.25
"2022-03-08 16:00:00",4.78,,1.5
"2022-03-08 17:00:00",5.41,,6
"2022-03-08 18:00:00",6.29,,7
"2022-03-08 19:00:00",10.42,,9.5
"2022-03-08 20:00:00",14.51,,9
"2022-03-08 21:00:00",9.92,,11.25
"2022-03-08 22:00:00",5.79,,8.75
"2022-03-08 23:00:00",3.74,,7.5
"2022-03-09 00:00:00",2.5,,5.75
"2022-03-09 01:00:00",2.43,,4.75
"2022-03-09 02:00:00",2.07,,4
"2022-03-09 03:00:00",1.7,,4.25
"2022-03-09 04:00:00",1.38,,5.5
"2022-03-09 05:00:00",1.45,,6.75
"2022-03-09 06:00:00",2.37,,5.75
"2022-03-09 07:00:00",2.67,,5
"2022-03-09 08:00:00",4.99,,4.75
"2022-03-09 09:00:00",7.45,,3.75
"2022-03-09 10:00:00",10.59,,2.5
"2022-03-09 11:00:00",10.14,,0.25
"2022-03-09 12:00:00",11.42,,-1.75
"2022-03-09 12:01:00",,,
"2022-03-09 13:00:00",9.2
"2022-03-09 13:01:00",,,
"2022-03-09 14:00:00",9.3,,2.75
"2022-03-09 15:00:00",7.08,,2
"2022-03-09 16:00:00",6.63,,2.75
"2022-03-09 17:00:00",9.03,,6.25
"2022-03-09 18:00:00",12.99,,10.5
"2022-03-09 19:00:00",27.41,,16
"2022-03-09 20:00:00",36.25,,30.25
"2022-03-09 21:00:00",33.62,,38
"2022-03-09 22:00:00",27.49,,37.5
"2022-03-09 23:00:00",18.11,,23.5
"2022-03-10 00:00:00",13.8,,12.25
"2022-03-10 01:00:00",11.63,,9.5
"2022-03-10 02:00:00",12.22,,7.75
"2022-03-10 03:00:00",15.2,,8
"2022-03-10 04:00:00",13.4,,10.25
"2022-03-10 05:00:00",13.91,,8.5
"2022-03-10 06:00:00",18.59,,9.75
"2022-03-10 07:00:00",30.07,,8.5
"2022-03-10 08:00:00",42.39,,7
"2022-03-10 09:00:00",53.7,,7.25
"2022-03-10 10:00:00",44.52,,7.25
"2022-03-10 11:00:00",5.77,,4.75
"2022-03-10 12:00:00",4.48,,3.75
"2022-03-10 13:00:00",4.14,,2.75
"2022-03-10 14:00:00",4.92,,2
"2022-03-10 15:00:00",4.55,,2
"2022-03-10 16:00:00",4.8,,2.5
"2022-03-10 17:00:00",6.06,,3.75
"2022-03-10 18:00:00",6.07,,2.75
"2022-03-10 19:00:00",5.54,,2.75
"2022-03-10 20:00:00",5.21,,5.75
"2022-03-10 21:00:00",5.62,,7.75
"2022-03-10 22:00:00",4.3,,6.75
"2022-03-10 23:00:00",3.3,,5.5
"2022-03-11 00:00:00",3.07,,3.5
"2022-03-11 01:00:00",2.33,,1.75
"2022-03-11 02:00:00",1.89,,1
"2022-03-11 03:00:00",1.85,,0.5
"2022-03-11 04:00:00",1.69,,-1
"2022-03-11 05:00:00",1.78,,-0.5
"2022-03-11 06:00:00",2.05,,1
"2022-03-11 07:00:00",4.82,,0.75
"2022-03-11 07:01:00",,,
"2022-03-11 08:00:00",10.68
"2022-03-11 08:01:00",,,
"2022-03-11 09:00:00",17.84,,-0.25
"2022-03-11 10:00:00",18.63,,-0.75
"2022-03-11 10:01:00",,,
"2022-03-11 11:00:00",5.94
"2022-03-11 11:01:00",,,
"2022-03-11 12:00:00",5.51,,-0.25
"2022-03-11 13:00:00",7.29,,-1
"2022-03-11 14:00:00",5.09,,-1.25
"2022-03-11 15:00:00",6.22,,-2
"2022-03-11 16:00:00",9.43,,-1.25
"2022-03-11 17:00:00",9.8,,1.25
"2022-03-11 18:00:00",27.61,,2.5
"2022-03-11 19:00:00",38.07,,8
"2022-03-11 20:00:00",32.26,,17
"2022-03-11 21:00:00",42.02,,11.75
"2022-03-11 22:00:00",34.05,,21
"2022-03-11 23:00:00",24.3,,15
"2022-03-12 00:00:00",17.15,,14.25
"2022-03-12 01:00:00",12.28,,10.75
"2022-03-12 02:00:00",5.73,,6
"2022-03-12 03:00:00",6.74,,2.5
"2022-03-12 04:00:00",5.7,,1.25
"2022-03-12 05:00:00",7.34,,2
"2022-03-12 06:00:00",7.13,,1.75
"2022-03-12 07:00:00",12.18,,1.25
"2022-03-12 08:00:00",33.24,,2.25
"2022-03-12 09:00:00",40.53,,3
"2022-03-12 10:00:00",41.67,,2.5
"2022-03-12 11:00:00",36.87,,1
"2022-03-12 12:00:00",15.54,,1.5
"2022-03-12 13:00:00",12.6,,3
"2022-03-12 14:00:00",11.44,,2.5
"2022-03-12 15:00:00",8.46,,1.25
"2022-03-12 16:00:00",10.37,,2.5
"2022-03-12 17:00:00",4.96,,3.75
"2022-03-12 18:00:00",5.74,,3.25
"2022-03-12 19:00:00",4.65,,3.75
"2022-03-12 20:00:00",5.89,,3.25
"2022-03-12 21:00:00",3.69,,4.5
"2022-03-12 22:00:00",2.63,,6
"2022-03-12 23:00:00",2.62,,5.5
"2022-03-13 00:00:00",1.74,,3.25
"2022-03-13 01:00:00",1.8,,1.75
"2022-03-13 02:00:00",1.56,,3.75
"2022-03-13 03:00:00",1.28,,2.25
"2022-03-13 04:00:00",0.98,,-0.5
"2022-03-13 05:00:00",1.39,,-1.75
"2022-03-13 06:00:00",1.99,,0.5
"2022-03-13 07:00:00",3.51,,4.75
"2022-03-13 08:00:00",5.42,,3.75
"2022-03-13 09:00:00",11.37,,2.5
"2022-03-13 10:00:00",3.75,,0.5
"2022-03-13 11:00:00",3.08,,-0.5
"2022-03-13 12:00:00",2,,0.75
"2022-03-13 12:01:00",,,
"2022-03-13 13:00:00",2.67
"2022-03-13 13:01:00",,,
"2022-03-13 14:00:00",2.55,,-0.25
"2022-03-13 15:00:00",2.47,,-0.75
"2022-03-13 16:00:00",2.7,,0.5
"2022-03-13 17:00:00",3.77,,2.5
"2022-03-13 18:00:00",4.91,,4
"2022-03-13 19:00:00",6.93,,3.75
"2022-03-13 20:00:00",28.88,,8
"2022-03-13 21:00:00",23.6,,23
"2022-03-13 22:00:00",33.99,,21.25
"2022-03-13 23:00:00",32.17,,15.5
"2022-03-14 00:00:00",27.32,,16.75
"2022-03-14 01:00:00",16.45,,21.25
"2022-03-14 02:00:00",13.81,,9.5
"2022-03-14 03:00:00",11.75,,8.75
"2022-03-14 04:00:00",10.24,,10.5
"2022-03-14 05:00:00",8.97,,8.5
"2022-03-14 06:00:00",8.32,,6.75
"2022-03-14 07:00:00",10.96,,5.75
"2022-03-14 08:00:00",21.93,,5
"2022-03-14 09:00:00",27.88,,4.75
"2022-03-14 10:00:00",23.37,,3.75
"2022-03-14 11:00:00",11.79,,3.25
"2022-03-14 12:00:00",3.41,,3.5
"2022-03-14 13:00:00",4.01,,2.5
"2022-03-14 14:00:00",3.98,,4
"2022-03-14 15:00:00",3.83,,3.5
"2022-03-14 16:00:00",4.43,,2
"2022-03-14 17:00:00",4.74,,2
"2022-03-14 18:00:00",5.46,,2.5
"2022-03-14 19:00:00",11.11,,3.75
"2022-03-14 20:00:00",17.28,,4.25
"2022-03-14 21:00:00",24.6,,8
"2022-03-14 22:00:00",37.88,,10
"2022-03-14 23:00:00",31.31,,14.75
"2022-03-15 00:00:00",29.45,,10.75
"2022-03-15 01:00:00",28.78,,10
"2022-03-15 02:00:00",28.99,,11.5
"2022-03-15 03:00:00",30.56,,16.5
"2022-03-15 04:00:00",31.16,,16.5
"2022-03-15 05:00:00",7.26,,10.5
"2022-03-15 06:00:00",8.79,,5.25
"2022-03-15 07:00:00",13.66,,2.5
"2022-03-15 08:00:00",39.44,,1.5
"2022-03-15 09:00:00",33.74,,3.25
"2022-03-15 10:00:00",17.11,,3
"2022-03-15 11:00:00",5.38,,-0.75
"2022-03-15 12:00:00",5.75,,-2.5
"2022-03-15 13:00:00",4.98,,-1
"2022-03-15 14:00:00",3.98,,-0.5
"2022-03-15 15:00:00",4.66,,1.75
"2022-03-15 16:00:00",5.24,,3.25
"2022-03-15 17:00:00",6.86,,0.5
"2022-03-15 18:00:00",6.55,,-0.75
"2022-03-15 19:00:00",7.06,,0.25
"2022-03-15 20:00:00",6.75,,1.5
"2022-03-15 21:00:00",6.8,,2.75
"2022-03-15 22:00:00",7.34,,3
"2022-03-15 23:00:00",8.82,,5.75
"2022-03-16 00:00:00",8.28,,5.25
"2022-03-16 01:00:00",6.28,,5.75
"2022-03-16 02:00:00",3.92,,4.75
"2022-03-16 03:00:00",7.12,,3.75
"2022-03-16 04:00:00",7.36,,2.75
"2022-03-16 05:00:00",5.72,,2
"2022-03-16 06:00:00",4.95,,1.5
"2022-03-16 07:00:00",15.36,,0.25
"2022-03-16 08:00:00",28.27,,1.75
"2022-03-16 09:00:00",31.52,,3.75
"2022-03-16 10:00:00",9.24,,2.5
"2022-03-16 11:00:00",5.7,,1
"2022-03-16 12:00:00",3.83,,1.75
"2022-03-16 13:00:00",2.63,,3.75
"2022-03-16 14:00:00",2.74,,2.75
"2022-03-16 15:00:00",3.29,,2
"2022-03-16 16:00:00",3.67,,1.5
"2022-03-16 17:00:00",5.7,,-0.5
"2022-03-16 18:00:00",5.6,,-1.75
"2022-03-16 19:00:00",11.22,,-0.25
"2022-03-16 20:00:00",17.74,,2.5
"2022-03-16 21:00:00",17.36,,4
"2022-03-16 22:00:00",14.87,,4.75
"2022-03-16 23:00:00",20.54,,7
"2022-03-17 00:00:00",24.77,,8.75
"2022-03-17 01:00:00",13.11,,13
"2022-03-17 02:00:00",9.6,,8.75
"2022-03-17 03:00:00",9.93,,4.25
"2022-03-17 04:00:00",8.28,,1.75
"2022-03-17 05:00:00",4.19,,0.25
"2022-03-17 06:00:00",2.25,,-2
"2022-03-17 07:00:00",2.21,,-1.5
"2022-03-17 08:00:00",4.32,,-0.5
"2022-03-17 09:00:00",7.25,,-2.25
"2022-03-17 10:00:00",4.36,,-2.5
"2022-03-17 10:01:00",,,
"2022-03-17 11:00:00",4.68
"2022-03-17 11:01:00",,,
"2022-03-17 12:00:00",4.82,,3.5
"2022-03-17 13:00:00",4.71,,5.25
"2022-03-17 14:00:00",3.91,,5.75
"2022-03-17 15:00:00",2.74,,4.25
"2022-03-17 16:00:00",2.7,,2.25
"2022-03-17 17:00:00",2.41,,3
"2022-03-17 18:00:00",3.69,,3.75
"2022-03-17 19:00:00",10.14,,8.25
"2022-03-17 20:00:00",35.46,,24.25
"2022-03-17 21:00:00",38.16,,49.75
"2022-03-17 22:00:00",44.39,,50.75
"2022-03-17 23:00:00",40.55,,75
"2022-03-18 00:00:00",35.72,,77.75
"2022-03-18 01:00:00",27.45,,68
"2022-03-18 02:00:00",21.94,,39.75
"2022-03-18 03:00:00",20.96,,37
"2022-03-18 04:00:00",19.38,,38.75
"2022-03-18 05:00:00",16.9,,32
"2022-03-18 06:00:00",22.79,,21.25
"2022-03-18 07:00:00",29.32,,13.25
"2022-03-18 08:00:00",28.89,,4.75
"2022-03-18 09:00:00",23.25,,4
"2022-03-18 10:00:00",16.74,,4.25
"2022-03-18 11:00:00",3.03,,5
"2022-03-18 12:00:00",2.92,,5
"2022-03-18 13:00:00",2.55,,5
"2022-03-18 14:00:00",2.79,,4.5
"2022-03-18 15:00:00",4.4,,2.5
"2022-03-18 16:00:00",5.75,,1.25
"2022-03-18 17:00:00",4.87,,2
"2022-03-18 18:00:00",6.38,,2.5
"2022-03-18 19:00:00",12.92,,5.5
"2022-03-18 20:00:00",22.38,,9.5
"2022-03-18 21:00:00",15.11,,7.25
"2022-03-18 22:00:00",10.84,,4.5
"2022-03-18 23:00:00",19.66,,3
"2022-03-19 00:00:00",20.74,,3.5
"2022-03-19 01:00:00",14.28,,5
"2022-03-19 02:00:00",9.23,,4.75
"2022-03-19 03:00:00",7.02,,4
"2022-03-19 04:00:00",7.4,,4
"2022-03-19 05:00:00",5.43,,4.25
"2022-03-19 06:00:00",5.49,,5
"2022-03-19 07:00:00",7.7,,5.25
"2022-03-19 08:00:00",9.8,,8
"2022-03-19 09:00:00",7.94,,13.25
"2022-03-19 10:00:00",7.68,,11.25
"2022-03-19 11:00:00",7.35,,12.25
"2022-03-19 12:00:00",7.18,,13
"2022-03-19 13:00:00",7.68,,13.75
"2022-03-19 14:00:00",7.7,,15.75
"2022-03-19 15:00:00",8.84,,15.75
"2022-03-19 16:00:00",9.04,,18.75
"2022-03-19 17:00:00",11.09,,20
"2022-03-19 18:00:00",10.71,,17.5
"2022-03-19 19:00:00",12.17,,19.25
"2022-03-19 20:00:00",12.48,,20.75
"2022-03-19 21:00:00",11,,23.75
"2022-03-19 22:00:00",9.75,,24.75
"2022-03-19 23:00:00",9.82,,22
"2022-03-20 00:00:00",10.67,,24.75
"2022-03-20 01:00:00",9.08,,23.25
"2022-03-20 02:00:00",9.72,,21.75
"2022-03-20 03:00:00",10.19,,23.25
"2022-03-20 04:00:00",8.75,,20
"2022-03-20 05:00:00",8.23,,16
"2022-03-20 06:00:00",7.43,,13.25
"2022-03-20 07:00:00",8.02,,13.75
"2022-03-20 08:00:00",8.7,,13.5
"2022-03-20 09:00:00",9.6,,15.25
"2022-03-20 10:00:00",10.07,,15
"2022-03-20 11:00:00",8.75,,12.25
"2022-03-20 12:00:00",9.68,,13.25
"2022-03-20 13:00:00",10.06,,14.5
"2022-03-20 14:00:00",8.85,,15.25
"2022-03-20 15:00:00",8.45,,12.5
"2022-03-20 16:00:00",10.23,,12
"2022-03-20 17:00:00",11.61,,13.75
"2022-03-20 18:00:00",14.24,,10
"2022-03-20 19:00:00",15.15,,11.25
"2022-03-20 20:00:00",17.61,,14
"2022-03-20 21:00:00",17.46,,13
"2022-03-20 22:00:00",14.25,,17.75
"2022-03-20 23:00:00",12.39,,14.75
"2022-03-21 00:00:00",9.28,,17.25
"2022-03-21 01:00:00",8.03,,17.75
"2022-03-21 02:00:00",9.53,,16
"2022-03-21 03:00:00",10.05,,12.5
"2022-03-21 04:00:00",9.76,,10.5
"2022-03-21 05:00:00",5.99,,8.25
"2022-03-21 06:00:00",7.98,,5.5
"2022-03-21 07:00:00",12.35,,5
"2022-03-21 08:00:00",20.33,,7.75
"2022-03-21 09:00:00",27.69,,7.75
"2022-03-21 10:00:00",17.19,,10.25
"2022-03-21 11:00:00",12.18,,12
"2022-03-21 12:00:00",11.1,,14.25
"2022-03-21 13:00:00",12.53,,12.75
"2022-03-21 14:00:00",10.09,,16
"2022-03-21 15:00:00",13.52,,18.75
"2022-03-21 16:00:00",14.28,,17.25
"2022-03-21 17:00:00",15.16,,15
"2022-03-21 18:00:00",15.76,,15.5
"2022-03-21 19:00:00",15.98,,16.25
"2022-03-21 20:00:00",16.38,,13.75
"2022-03-21 21:00:00",15.4,,12
"2022-03-21 22:00:00",9.75,,8.5
"2022-03-21 23:00:00",9.34,,7.25
"2022-03-22 00:00:00",8.39,,7.75
"2022-03-22 01:00:00",9.17,,6.25
"2022-03-22 02:00:00",8.06,,4
"2022-03-22 03:00:00",15.09,,6.25
"2022-03-22 04:00:00",15.42,,11.5
"2022-03-22 05:00:00",19.87,,7.5
"2022-03-22 06:00:00",22.91,,9.5
"2022-03-22 07:00:00",13.68,,10.5
"2022-03-22 08:00:00",17.81,,9.25
"2022-03-22 09:00:00",21.4,,10
"2022-03-22 10:00:00",19.06,,10
"2022-03-22 11:00:00",15.17,,10
"2022-03-22 12:00:00",11.28,,10.5
"2022-03-22 13:00:00",11.56,,11.25
"2022-03-22 14:00:00",11.9,,8.75
"2022-03-22 15:00:00",13.53,,9
"2022-03-22 16:00:00",14.13,,11.25
"2022-03-22 17:00:00",12.92,,10.25
"2022-03-22 18:00:00",16.79,,13
"2022-03-22 19:00:00",18.31,,11.5
"2022-03-22 20:00:00",27.32,,16.25
"2022-03-22 21:00:00",28.69,,16.25
"2022-03-22 22:00:00",26.13,,14.5
"2022-03-22 23:00:00",18.42,,15.25
"2022-03-23 00:00:00",17.83,,13.5
"2022-03-23 01:00:00",17.93,,14.5
"2022-03-23 02:00:00",18.14,,13.75
"2022-03-23 03:00:00",20.14,,14
"2022-03-23 04:00:00",14.15,,9.75
"2022-03-23 05:00:00",19.5,,14.75
"2022-03-23 06:00:00",31.02,,12.5
"2022-03-23 07:00:00",38.07,,8
"2022-03-23 07:01:00",,,
"2022-03-23 08:00:00",43.9
"2022-03-23 08:01:00",,,
"2022-03-23 09:00:00",41.51
"2022-03-23 10:00:00",27.35
"2022-03-23 11:00:00",9.39
"2022-03-23 12:00:00",8.65
"2022-03-23 13:00:00",7.36
"2022-03-23 14:00:00",8.22
"2022-03-23 15:00:00",7.62
"2022-03-23 16:00:00",7.87
"2022-03-23 17:00:00",7.66
"2022-03-23 18:00:00",7.94
"2022-03-23 19:00:00",9.44
"2022-03-23 20:00:00",13.1
"2022-03-23 21:00:00",18.64
"2022-03-23 22:00:00",21.18
"2022-03-23 23:00:00",30.6
"2022-03-24 00:00:00",31.65
"2022-03-24 01:00:00",27.01
"2022-03-24 02:00:00",20.3
"2022-03-24 03:00:00",17.9
"2022-03-24 04:00:00",10.46
"2022-03-24 05:00:00",8.45
"2022-03-24 06:00:00",7.39
"2022-03-24 07:00:00",9.67
"2022-03-24 08:00:00",14.12
"2022-03-24 09:00:00",12.03
"2022-03-24 10:00:00",16.41
"2022-03-24 11:00:00",16.21
"2022-03-24 12:00:00",15.2
"2022-03-24 13:00:00",12.64
"2022-03-24 14:00:00",8.79
"2022-03-24 15:00:00",6.1
"2022-03-24 16:00:00",5.21
"2022-03-24 17:00:00",6.79
"2022-03-24 18:00:00",9.56
"2022-03-24 19:00:00",12.94
"2022-03-24 20:00:00",30.77
"2022-03-24 21:00:00",51.47
"2022-03-24 22:00:00",63.36
"2022-03-24 23:00:00",56.5
"2022-03-25 00:00:00",45.89
"2022-03-25 01:00:00",38.11
"2022-03-25 02:00:00",31.71
"2022-03-25 03:00:00",23.99
"2022-03-25 04:00:00",19.43
"2022-03-25 05:00:00",15.67
"2022-03-25 06:00:00",14.13
"2022-03-25 07:00:00",11.46
"2022-03-25 08:00:00",10.81
"2022-03-25 09:00:00",18.39
"2022-03-25 10:00:00",23.46
"2022-03-25 11:00:00",32.01
"2022-03-25 12:00:00",25.69
"2022-03-25 13:00:00",12,,15
"2022-03-25 14:00:00",11.9,,15.5
"2022-03-25 15:00:00",11.33,,18.75
"2022-03-25 16:00:00",11.56,,21.25
"2022-03-25 17:00:00",12.3,,12
"2022-03-25 18:00:00",15.27,,8.5
"2022-03-25 19:00:00",19.18,,7.75
"2022-03-25 20:00:00",36.48,,12
"2022-03-25 21:00:00",46.17,,23.75
"2022-03-25 22:00:00",57.59,,44
"2022-03-25 23:00:00",55.81,,51
"2022-03-26 00:00:00",48.91,,45.5
"2022-03-26 01:00:00",43.32,,46
"2022-03-26 02:00:00",35.89,,40.5
"2022-03-26 03:00:00",31.35,,33.25
"2022-03-26 04:00:00",22.25,,32.5
"2022-03-26 05:00:00",20.37,,27.5
"2022-03-26 06:00:00",16.76,,25.5
"2022-03-26 07:00:00",15,,23.75
"2022-03-26 08:00:00",16.59,,24
"2022-03-26 09:00:00",31.43,,27
"2022-03-26 10:00:00",34.58,,27.75
"2022-03-26 11:00:00",17.34,,28.5
"2022-03-26 12:00:00",14.07,,23.75
"2022-03-26 13:00:00",12.1,,22.5
"2022-03-26 14:00:00",13.61,,23
"2022-03-26 15:00:00",15.02,,27.75
"2022-03-26 16:00:00",13.36,,24.5
"2022-03-26 17:00:00",14.87,,26
"2022-03-26 18:00:00",16.51,,26.75
"2022-03-26 19:00:00",28.95,,29.5
"2022-03-26 20:00:00",37.64,,35
"2022-03-26 21:00:00",29.82,,46
"2022-03-26 22:00:00",21.26,,39
"2022-03-26 23:00:00",25.49,,26.75
"2022-03-27 00:00:00",25.21,,27.5
"2022-03-27 02:00:00",35.91,,33.63
"2022-03-27 03:00:00",37.05,,33.25
"2022-03-27 04:00:00",31.03,,33
"2022-03-27 05:00:00",25.37,,30
"2022-03-27 06:00:00",20.23,,29.75
"2022-03-27 07:00:00",16.6,,27
"2022-03-27 08:00:00",17.49,,22.5
"2022-03-27 09:00:00",30.63,,26.75
"2022-03-27 10:00:00",24.75,,24
"2022-03-27 11:00:00",11.75,,17.5
"2022-03-27 12:00:00",9.07,,15.5
"2022-03-27 13:00:00",7.87,,15.25
"2022-03-27 14:00:00",8.86,,19.75
"2022-03-27 15:00:00",8.8,,22.5
"2022-03-27 16:00:00",9.92,,22
"2022-03-27 17:00:00",11.36,,16.75
"2022-03-27 18:00:00",12.13,,18.75
"2022-03-27 19:00:00",14.79,,17.5
"2022-03-27 20:00:00",23.91,,17.5
"2022-03-27 21:00:00",25.88,,21.75
"2022-03-27 22:00:00",19.49,,21.75
"2022-03-27 23:00:00",20.87,,24.25
"2022-03-28 00:00:00",28.39,,25.25
"2022-03-28 01:00:00",24.55,,25.25
"2022-03-28 02:00:00",18.24,,23.25
"2022-03-28 03:00:00",17.38,,24
"2022-03-28 04:00:00",13.32,,23.75
"2022-03-28 05:00:00",13.9,,22.75
"2022-03-28 06:00:00",13.3,,21
"2022-03-28 07:00:00",16.68,,17.75
"2022-03-28 08:00:00",17.47,,16.25
"2022-03-28 09:00:00",25.57,,14.5
"2022-03-28 10:00:00",32.16,,16.25
"2022-03-28 11:00:00",39.31,,17.25
"2022-03-28 12:00:00",15.28,,17.75
"2022-03-28 13:00:00",15.2,,17.75
"2022-03-28 14:00:00",15.75,,20.75
"2022-03-28 15:00:00",13,,22.5
"2022-03-28 16:00:00",13.64,,20
"2022-03-28 17:00:00",14.12,,16.25
"2022-03-28 18:00:00",15.92,,15.25
"2022-03-28 19:00:00",17.35,,18
"2022-03-28 20:00:00",29,,16.75
"2022-03-28 21:00:00",38.97,,25.25
"2022-03-28 22:00:00",51.9,,35.25
"2022-03-28 23:00:00",50.13,,33.75
"2022-03-29 00:00:00",35.15,,26.75
"2022-03-29 01:00:00",31.79,,25.5
"2022-03-29 02:00:00",23.25,,23.25
"2022-03-29 03:00:00",15.68,,20.5
"2022-03-29 04:00:00",14.7,,17.75
"2022-03-29 05:00:00",13.58,,14.75
"2022-03-29 06:00:00",15.12,,18
"2022-03-29 07:00:00",20.47,,20.75
"2022-03-29 08:00:00",27.75,,20.75
"2022-03-29 09:00:00",37.85,,22
"2022-03-29 10:00:00",41.81,,20.5
"2022-03-29 11:00:00",27.32,,22.5
"2022-03-29 12:00:00",9.1,,15.25
"2022-03-29 13:00:00",8.66,,14.75
"2022-03-29 14:00:00",7.79,,11.5
"2022-03-29 15:00:00",8.46,,12.25
"2022-03-29 16:00:00",7.52,,10.25
"2022-03-29 17:00:00",10.65,,11
"2022-03-29 18:00:00",13.51,,11.75
"2022-03-29 19:00:00",19.47,,14.5
"2022-03-29 20:00:00",28.68,,19.25
"2022-03-29 20:01:00",,,
"2022-03-29 21:01:00",,,
"2022-03-30 00:00:00",40.32,,18.75
"2022-03-30 01:00:00",12.77,,21.25
"2022-03-30 02:00:00",11.51,,22.5
"2022-03-30 03:00:00",11.83,,22.75
"2022-03-30 04:00:00",10.7,,19
"2022-03-30 05:00:00",9.85,,20.25
"2022-03-30 06:00:00",15.76,,22.75
"2022-03-30 07:00:00",23.88,,18.5
"2022-03-30 08:00:00",40.52,,18.25
"2022-03-30 09:00:00",15.26,,21.5
"2022-03-30 10:00:00",9.58,,19.5
"2022-03-30 11:00:00",9.13,,17.5
"2022-03-30 12:00:00",6.98,,15.25
"2022-03-30 13:00:00",6.62,,11.75
"2022-03-30 14:00:00",6.49,,8.25
"2022-03-30 15:00:00",8.13,,10.5
"2022-03-30 16:00:00",9.15,,14.5
"2022-03-30 17:00:00",11.05,,12.75
"2022-03-30 18:00:00",16.36,,13.25
"2022-03-30 19:00:00",13.59,,13.5
"2022-03-30 20:00:00",13.41,,3.75
"2022-03-30 21:00:00",12.57,,6.25
"2022-03-30 22:00:00",8.35,,6.25
"2022-03-30 23:00:00",6.39,,3.75
"2022-03-31 00:00:00",5.02,,3
"2022-03-31 01:00:00",4.63,,2.5
"2022-03-31 02:00:00",4.14,,1
"2022-03-31 03:00:00",3.61,,1
"2022-03-31 04:00:00",4.58,,1
"2022-03-31 05:00:00",4.77,,1
"2022-03-31 06:00:00",5.66,,1
"2022-03-31 07:00:00",9.57,,1.25
"2022-03-31 08:00:00",12.05,,2
"2022-03-31 09:00:00",8.52,,2.25
"2022-03-31 10:00:00",6.41,,2.5
"2022-03-31 11:00:00",6.33,,1.25
"2022-03-31 12:00:00",6.84,,2.25
"2022-03-31 13:00:00",6.07,,2.75
"2022-03-31 14:00:00",6.39,,2.25
"2022-03-31 15:00:00",7.43,,3
"2022-03-31 16:00:00",7.29,,2.25
"2022-03-31 17:00:00",6.91,,0.5
"2022-03-31 18:00:00",9.21,,3.25
"2022-03-31 19:00:00",11.92,,8.25
"2022-03-31 20:00:00",11.19,,11.25
"2022-03-31 21:00:00",12.3,,8.25
"2022-03-31 22:00:00",11.15,,6
"2022-03-31 23:00:00",12.91,,6.5
"2022-04-01 00:00:00",7.79,,7.5
"2022-04-01 01:00:00",5.54,,5.5
"2022-04-01 02:00:00",4.78,,3.75
"2022-04-01 03:00:00",4.76,,2.5
"2022-04-01 04:00:00",4.35,,1.25
"2022-04-01 05:00:00",3.99,,2.5
"2022-04-01 06:00:00",6.44,,4
"2022-04-01 07:00:00",15.01,,3.75
"2022-04-01 08:00:00",24.53,,2.75
"2022-04-01 09:00:00",8.86,,1.5
"2022-04-01 10:00:00",5.73,,0.5
"2022-04-01 11:00:00",5.48,,2.25
"2022-04-01 12:00:00",5.35,,2.25
"2022-04-01 12:01:00",,,
"2022-04-01 13:00:00",4.9
"2022-04-01 13:01:00",,,
"2022-04-01 14:00:00",5.38,,0.75
"2022-04-01 15:00:00",5.71,,3.5
"2022-04-01 16:00:00",5.75,,4.5
"2022-04-01 17:00:00",7.29,,3.75
"2022-04-01 18:00:00",8.35,,7
"2022-04-01 19:00:00",11.13,,10.25
"2022-04-01 20:00:00",11.67,,10.75
"2022-04-01 21:00:00",10.47,,9.25
"2022-04-01 22:00:00",7.62,,6
"2022-04-01 23:00:00",7.35,,2.5
"2022-04-02 00:00:00",5.5,,1.25
"2022-04-02 01:00:00",5.67,,1.75
"2022-04-02 02:00:00",4.4,,0.25
"2022-04-02 03:00:00",5.83,,-1.75
"2022-04-02 03:01:00",,,
"2022-04-02 04:00:00",5.18
"2022-04-02 04:01:00",,,
"2022-04-02 05:00:00",6.04,,2.75
"2022-04-02 06:00:00",4.07,,1.5
"2022-04-02 07:00:00",5.85,,0.25
"2022-04-02 08:00:00",8.28,,0.5
"2022-04-02 09:00:00",5.73,,-1
"2022-04-02 10:00:00",5.31,,-0.75
"2022-04-02 11:00:00",5.16,,0.5
"2022-04-02 12:00:00",4.47,,1.5
"2022-04-02 13:00:00",4.45,,0.25
"2022-04-02 14:00:00",4.38,,0.75
"2022-04-02 15:00:00",5.84,,-0.25
"2022-04-02 16:00:00",8.45,,-0.25
"2022-04-02 17:00:00",8.77,,3.5
"2022-04-02 18:00:00",9.02,,7.5
"2022-04-02 19:00:00",15.82,,5.75
"2022-04-02 20:00:00",17.55,,6.25
"2022-04-02 21:00:00",21.8,,9.75
"2022-04-02 22:00:00",24.38,,12
"2022-04-02 23:00:00",33.65,,22.5
"2022-04-03 00:00:00",29.93,,25.75
"2022-04-03 01:00:00",25.16,,21.75
"2022-04-03 02:00:00",17.7,,18.25
"2022-04-03 03:00:00",16.83,,9.5
"2022-04-03 04:00:00",14.63,,8
"2022-04-03 05:00:00",11.05,,7.5
"2022-04-03 06:00:00",13.02,,6.25
"2022-04-03 07:00:00",14.01,,7.5
"2022-04-03 08:00:00",25.29,,8.5
"2022-04-03 09:00:00",23.42,,7.5
"2022-04-03 10:00:00",7.73,,8.75
"2022-04-03 11:00:00",4.14,,7.25
"2022-04-03 12:00:00",3.49,,4.5
"2022-04-03 13:00:00",2.96,,2.5
"2022-04-03 14:00:00",2.8,,1.25
"2022-04-03 15:00:00",3.85,,2.25
"2022-04-03 16:00:00",4.4,,3.5
"2022-04-03 17:00:00",5.69,,5.25
"2022-04-03 18:00:00",6.69,,5.25
"2022-04-03 19:00:00",15.31,,3
"2022-04-03 20:00:00",7.38,,3.25
"2022-04-03 21:00:00",11.02,,4
"2022-04-03 22:00:00",17.91,,3.5
"2022-04-03 23:00:00",4.85,,1.25
"2022-04-04 00:00:00",2.98,,-1.75
"2022-04-04 01:00:00",2.72,,-4
"2022-04-04 02:00:00",2.88,,-3.25
"2022-04-04 03:00:00",2.09,,-1
"2022-04-04 04:00:00",2.1,,-1
"2022-04-04 05:00:00",2.28,,-1
"2022-04-04 06:00:00",3.32,,-1.5
"2022-04-04 07:00:00",7.28,,-2.5
"2022-04-04 08:00:00",8.06,,-0.75
"2022-04-04 09:00:00",6.7,,-0.25
"2022-04-04 10:00:00",5.73,,-1.25
"2022-04-04 11:00:00",4.67,,-2.25
"2022-04-04 12:00:00",4.04,,-2.75
"2022-04-04 13:00:00",3.76,,-1.75
"2022-04-04 14:00:00",3.94,,-1
"2022-04-04 15:00:00",4.93,,-0.5
"2022-04-04 16:00:00",4.88,,1.5
"2022-04-04 17:00:00",5.45,,3.25
"2022-04-04 18:00:00",6.09,,3.25
"2022-04-04 19:00:00",6.46,,1.75
"2022-04-04 20:00:00",5.76,,4.75
"2022-04-04 21:00:00",4.52,,6.5
"2022-04-04 22:00:00",3.81,,4.75
"2022-04-04 23:00:00",2.49,,4.25
"2022-04-05 00:00:00",2.19,,4.75
"2022-04-05 01:00:00",2.27,,3.75
"2022-04-05 02:00:00",2.01,,3
"2022-04-05 03:00:00",1.9,,3.5
"2022-04-05 04:00:00",1.74,,4.5
"2022-04-05 05:00:00",2.05,,2.5
"2022-04-05 06:00:00",2.88,,0.75
"2022-04-05 07:00:00",7.77,,0.25
"2022-04-05 08:00:00",14.78,,1.75
"2022-04-05 09:00:00",9.35,,3.75
"2022-04-05 10:00:00",6.27,,2.25
"2022-04-05 11:00:00",5.04,,-0.25
"2022-04-05 12:00:00",4.55,,-0.5
"2022-04-05 13:00:00",3.93,,1.25
"2022-04-05 14:00:00",5.12,,1.5
"2022-04-05 15:00:00",9.32,,-0.5
"2022-04-05 16:00:00",8.77,,-1.75
"2022-04-05 16:01:00",,,
"2022-04-05 17:00:00",8.69
"2022-04-05 17:01:00",,,
"2022-04-05 18:00:00",7.52,,2.5
"2022-04-05 19:00:00",11.19,,0.25
"2022-04-05 20:00:00",10.85,,-1.5
"2022-04-05 21:00:00",12.2,,-0.25
"2022-04-05 22:00:00",8.35,,-1
"2022-04-05 23:00:00",4.51,,-0.75
"2022-04-06 00:00:00",2.71,,0.5
"2022-04-06 01:00:00",2.69,,2
"2022-04-06 02:00:00",2.69,,1
"2022-04-06 03:00:00",2.28,,-2.25
"2022-04-06 04:00:00",1.87,,-2.25
"2022-04-06 05:00:00",2.3,,0.25
"2022-04-06 06:00:00",2.7,,1.25
"2022-04-06 07:00:00",6.22,,1.75
"2022-04-06 08:00:00",18.41,,0.5
"2022-04-06 09:00:00",11.3,,-1.5
"2022-04-06 10:00:00",6.8,,-2.75
"2022-04-06 11:00:00",6.84,,-2
"2022-04-06 12:00:00",4.74,,-2.5
"2022-04-06 13:00:00",3.94,,-2.75
"2022-04-06 14:00:00",4.25,,1.5
"2022-04-06 15:00:00",3.33,,2.25
"2022-04-06 15:01:00",,,
"2022-04-06 16:00:00",5.38
"2022-04-06 16:01:00",,,
"2022-04-06 17:00:00",5.26,,0.5
"2022-04-06 18:00:00",3.91,,2.75
"2022-04-06 19:00:00",4.76,,4.5
"2022-04-06 20:00:00",4.14,,2.5
"2022-04-06 21:00:00",4.22,,1.75
"2022-04-06 22:00:00",3.1,,4.5
"2022-04-06 23:00:00",2.27,,6
"2022-04-07 00:00:00",2.05,,5
"2022-04-07 01:00:00",2.38,,1.5
"2022-04-07 02:00:00",1.67,,0.25
"2022-04-07 03:00:00",1.37,,1.5
"2022-04-07 04:00:00",1.26,,3
"2022-04-07 05:00:00",1.75,,2.25
"2022-04-07 05:01:00",,,
"2022-04-07 06:00:00",2.44
"2022-04-07 06:01:00",,,
"2022-04-07 07:00:00",12.14,,1
"2022-04-07 08:00:00",13.42,,3.75
"2022-04-07 09:00:00",4.74,,3
"2022-04-07 09:01:00",,,
"2022-04-07 10:00:00",2.2
"2022-04-07 10:01:00",,,
"2022-04-07 11:00:00",2.92
"2022-04-07 12:00:00",6.59
"2022-04-07 13:00:00",2.82
"2022-04-07 14:00:00",2.8
"2022-04-07 15:00:00",2.74
"2022-04-07 16:00:00",3.28
"2022-04-07 17:00:00",4.77
"2022-04-07 18:00:00",7.88
"2022-04-07 19:00:00",13.12
"2022-04-07 20:00:00",12.94
"2022-04-07 21:00:00",20.48
"2022-04-07 22:00:00",15.49
"2022-04-07 23:00:00",23.44
"2022-04-08 00:00:00",16.89
"2022-04-08 01:00:00",11.55
"2022-04-08 02:00:00",7.87
"2022-04-08 03:00:00",9.5
"2022-04-08 04:00:00",10.48
"2022-04-08 05:00:00",8.33
"2022-04-08 06:00:00",8.67
"2022-04-08 07:00:00",12.04
"2022-04-08 08:00:00",10.14
"2022-04-08 09:00:00",7.68
"2022-04-08 10:00:00",4.42
"2022-04-08 11:00:00",4.82
"2022-04-08 12:00:00",5.26
"2022-04-08 13:00:00",5.22
"2022-04-08 14:00:00",4.06
"2022-04-08 15:00:00",4.02
"2022-04-08 16:00:00",4.53
"2022-04-08 17:00:00",5.25
"2022-04-08 18:00:00",5.83
"2022-04-08 19:00:00",7.38
"2022-04-08 20:00:00",8.94
"2022-04-08 21:00:00",17.08
"2022-04-08 22:00:00",12.99
"2022-04-08 23:00:00",10.45
"2022-04-09 00:00:00",7.71
"2022-04-09 01:00:00",5.58
"2022-04-09 02:00:00",6.44
"2022-04-09 03:00:00",7.3
"2022-04-09 04:00:00",9.24
"2022-04-09 05:00:00",9.55
"2022-04-09 06:00:00",13.07
"2022-04-09 07:00:00",16.67
"2022-04-09 08:00:00",20.71
"2022-04-09 09:00:00",16.69
"2022-04-09 10:00:00",8.95
"2022-04-09 11:00:00",5.77
"2022-04-09 12:00:00",4.26
"2022-04-09 13:00:00",3.7
"2022-04-09 14:00:00",4.64
"2022-04-09 15:00:00",2.83
"2022-04-09 16:00:00",2.39
"2022-04-09 17:00:00",2.35
"2022-04-09 18:00:00",3.22
"2022-04-09 19:00:00",5.13
"2022-04-09 20:00:00",10.83
"2022-04-09 21:00:00",13.17
"2022-04-09 22:00:00",10.87
"2022-04-09 23:00:00",8.66
"2022-04-10 00:00:00",5.2
"2022-04-10 01:00:00",3.68
"2022-04-10 02:00:00",3.57
"2022-04-10 03:00:00",3.71
"2022-04-10 04:00:00",2.57
"2022-04-10 05:00:00",2.24
"2022-04-10 06:00:00",3.18
"2022-04-10 07:00:00",3.04
"2022-04-10 08:00:00",3.29
"2022-04-10 09:00:00",3.73
"2022-04-10 10:00:00",3.35
"2022-04-10 11:00:00",3.76
"2022-04-10 12:00:00",3.47
"2022-04-10 13:00:00",3.72
"2022-04-10 14:00:00",4.14
"2022-04-10 15:00:00",3.98
"2022-04-10 16:00:00",5.39
"2022-04-10 17:00:00",4.84
"2022-04-10 18:00:00",5.16
"2022-04-10 19:00:00",6.24
"2022-04-10 20:00:00",6.95
"2022-04-10 21:00:00",6.6
"2022-04-10 22:00:00",5.83
"2022-04-10 23:00:00",5.95
"2022-04-11 00:00:00",5.18
"2022-04-11 01:00:00",5.09
"2022-04-11 02:00:00",5.1
"2022-04-11 03:00:00",4.9
"2022-04-11 04:00:00",4.6
"2022-04-11 05:00:00",5.2
"2022-04-11 06:00:00",8.13
"2022-04-11 07:00:00",16.43
"2022-04-11 08:00:00",15.17
"2022-04-11 09:00:00",16.68
"2022-04-11 10:00:00",12.32
"2022-04-11 11:00:00",11.15
"2022-04-11 12:00:00",10.08
"2022-04-11 13:00:00",6.29
"2022-04-11 14:00:00",5.2
"2022-04-11 15:00:00",5.32
"2022-04-11 16:00:00",5.82
"2022-04-11 17:00:00",6.57
"2022-04-11 18:00:00",6.45
"2022-04-11 19:00:00",6.45
"2022-04-11 20:00:00",6.5
"2022-04-11 21:00:00",4.49
"2022-04-11 22:00:00",3.98
"2022-04-11 23:00:00",3.95
"2022-04-12 00:00:00",4.28
"2022-04-12 01:00:00",3.54
"2022-04-12 02:00:00",4.2
"2022-04-12 03:00:00",3.92
"2022-04-12 04:00:00",6.88
"2022-04-12 05:00:00",17.64
"2022-04-12 06:00:00",16.99
"2022-04-12 07:00:00",30.64
"2022-04-12 08:00:00",32.29
"2022-04-12 09:00:00",35.65
"2022-04-12 10:00:00",29.28
"2022-04-12 11:00:00",15.07,,6
"2022-04-12 12:00:00",17.06,,6
"2022-04-12 13:00:00",9.51,,5.25
"2022-04-12 14:00:00",13.97,,3.25
"2022-04-12 15:00:00",12.43,,5.25
"2022-04-12 16:00:00",12.3,,8.75
"2022-04-12 17:00:00",13.75,,8
"2022-04-12 18:00:00",12.4,,8.75
"2022-04-12 19:00:00",9.78,,10.25
"2022-04-12 20:00:00",17.99,,8.5
"2022-04-12 21:00:00",24.31,,14
"2022-04-12 22:00:00",22.62,,24.75
"2022-04-12 23:00:00",31.64,,22.75
"2022-04-13 00:00:00",21.51,,25.5
"2022-04-13 01:00:00",9.42,,17
"2022-04-13 02:00:00",9.84,,13.5
"2022-04-13 03:00:00",9.37,,11.5
"2022-04-13 04:00:00",7.01,,9.75
"2022-04-13 05:00:00",5.41,,8.25
"2022-04-13 06:00:00",12.14,,5.25
"2022-04-13 07:00:00",23.21,,3.75
"2022-04-13 08:00:00",28.5,,6.5
"2022-04-13 09:00:00",27.18,,8
"2022-04-13 10:00:00",16.95,,7
"2022-04-13 11:00:00",9.41,,3.75
"2022-04-13 12:00:00",5.18,,2.75
"2022-04-13 13:00:00",3.55,,1.25
"2022-04-13 14:00:00",4.11,,-1
"2022-04-13 15:00:00",3.95,,-0.5
"2022-04-13 16:00:00",3.98,,1
"2022-04-13 17:00:00",4.13,,1.25
"2022-04-13 18:00:00",4.89,,2.5
"2022-04-13 19:00:00",5.94,,3.5
"2022-04-13 20:00:00",7.15,,1.75
"2022-04-13 21:00:00",7.73,,1.5
"2022-04-13 22:00:00",14.17,,3.25
"2022-04-13 23:00:00",6.57,,4.25
"2022-04-14 00:00:00",5.06,,4.75
"2022-04-14 01:00:00",5.7,,3.5
"2022-04-14 02:00:00",5.19,,1.75
"2022-04-14 03:00:00",4.72,,1
"2022-04-14 04:00:00",4.85,,1
"2022-04-14 05:00:00",5.49,,1
"2022-04-14 06:00:00",6.2,,1
"2022-04-14 07:00:00",10.35,,0.25
"2022-04-14 08:00:00",11.74,,-1.75
"2022-04-14 09:00:00",8.94,,-0.5
"2022-04-14 10:00:00",7.51,,1
"2022-04-14 11:00:00",5.75,,1
"2022-04-14 12:00:00",5.08,,1
"2022-04-14 13:00:00",5.13,,1.25
"2022-04-14 14:00:00",6.48,,2
"2022-04-14 15:00:00",6.81,,2.25
"2022-04-14 16:00:00",6.66,,3
"2022-04-14 17:00:00",7.38,,3.25
"2022-04-14 18:00:00",6.38,,3.5
"2022-04-14 19:00:00",5.53,,1.75
"2022-04-14 20:00:00",6.64,,1.5
"2022-04-14 21:00:00",6.99,,2.5
"2022-04-14 22:00:00",5.1,,0.75
"2022-04-14 23:00:00",3.08,,0.25
"2022-04-15 00:00:00",3.54,,1
"2022-04-15 01:00:00",1.7,,1.5
"2022-04-15 02:00:00",1.82,,3
"2022-04-15 03:00:00",1.94,,2.5
"2022-04-15 04:00:00",1.64,,0.5
"2022-04-15 05:00:00",3.06,,-1
"2022-04-15 06:00:00",6.26,,-1
"2022-04-15 07:00:00",7.44,,-0.5
"2022-04-15 08:00:00",8.77,,1.25
"2022-04-15 09:00:00",7.71,,2.25
"2022-04-15 10:00:00",8.29,,2.75
"2022-04-15 11:00:00",4.86,,1.5
"2022-04-15 12:00:00",4.82,,-0.25
"2022-04-15 13:00:00",4.17,,-0.5
"2022-04-15 14:00:00",2.78,,1.25
"2022-04-15 15:00:00",3.45,,3.25
"2022-04-15 16:00:00",2.54,,6.5
"2022-04-15 17:00:00",2.78,,5
"2022-04-15 18:00:00",3.04,,5
"2022-04-15 19:00:00",5.28,,4.75
"2022-04-15 20:00:00",9.73,,4.5
"2022-04-15 21:00:00",9.64,,5.5
"2022-04-15 22:00:00",8.22,,3.5
"2022-04-15 23:00:00",3.17,,2.25
"2022-04-16 00:00:00",1.63,,3.75
"2022-04-16 01:00:00",3.35,,6
"2022-04-16 02:00:00",4.73,,5
"2022-04-16 03:00:00",5.52,,2.25
"2022-04-16 04:00:00",6.21,,3.25
"2022-04-16 05:00:00",3.71,,4.25
"2022-04-16 06:00:00",4.27,,4.25
"2022-04-16 07:00:00",4.25,,2
"2022-04-16 08:00:00",3.91,,2
"2022-04-16 09:00:00",3.16,,2.25
"2022-04-16 10:00:00",3.23,,3.25
"2022-04-16 11:00:00",2.52,,4
"2022-04-16 12:00:00",2.77,,4
"2022-04-16 13:00:00",2.72,,3.25
"2022-04-16 14:00:00",3.57,,1
"2022-04-16 15:00:00",3.33,,1.25
"2022-04-16 16:00:00",2.98,,1.75
"2022-04-16 17:00:00",3.78,,0.75
"2022-04-16 18:00:00",3.43,,0.25
"2022-04-16 19:00:00",4.18,,1
"2022-04-16 20:00:00",5.08,,1.5
"2022-04-16 21:00:00",4.82,,3
"2022-04-16 22:00:00",4.92,,3.25
"2022-04-16 23:00:00",4.9,,3.25
"2022-04-17 00:00:00",4.05,,0.25
"2022-04-17 01:00:00",3.57,,-1.75
"2022-04-17 02:00:00",3.27,,-1
"2022-04-17 03:00:00",3.9,,-1.25
"2022-04-17 04:00:00",2.58,,-1
"2022-04-17 05:00:00",1.43,,2
"2022-04-17 06:00:00",2.59,,1
"2022-04-17 07:00:00",4.05,,-2.5
"2022-04-17 08:00:00",3.41,,-3.75
"2022-04-17 09:00:00",3.13,,-2.25
"2022-04-17 10:00:00",7.39,,-0.5
"2022-04-17 11:00:00",4.53,,-1.75
"2022-04-17 12:00:00",3.2,,-0.25
"2022-04-17 13:00:00",1.98,,1.5
"2022-04-17 14:00:00",1.87,,0.5
"2022-04-17 15:00:00",3.47,,2.5
"2022-04-17 16:00:00",5.18,,3.75
"2022-04-17 17:00:00",2.99,,2.5
"2022-04-17 18:00:00",2.97,,0.5
"2022-04-17 19:00:00",3.56,,-0.25
"2022-04-17 20:00:00",5.26,,2.25
"2022-04-17 21:00:00",11.94,,3.25
"2022-04-17 22:00:00",20.51,,4.75
"2022-04-17 23:00:00",10.82,,7.75
"2022-04-18 00:00:00",10.1,,9
"2022-04-18 01:00:00",10,,5
"2022-04-18 02:00:00",10.07,,2.5
"2022-04-18 03:00:00",7.5,,3.75
"2022-04-18 04:00:00",9.98,,3.5
"2022-04-18 05:00:00",8.15,,4.75
"2022-04-18 06:00:00",10.82,,4.75
"2022-04-18 07:00:00",9.43,,7
"2022-04-18 08:00:00",19.18,,6
"2022-04-18 09:00:00",10.47,,2.75
"2022-04-18 10:00:00",3.11,,2
"2022-04-18 11:00:00",5.69,,2.25
"2022-04-18 12:00:00",3.99,,3
"2022-04-18 13:00:00",2.97,,3
"2022-04-18 14:00:00",3.32,,2.5
"2022-04-18 15:00:00",2.15,,1
"2022-04-18 16:00:00",2.09,,1.75
"2022-04-18 17:00:00",2.55,,3.75
"2022-04-18 18:00:00",2.75,,2.75
"2022-04-18 19:00:00",5.51,,2.25
"2022-04-18 20:00:00",6.19,,3
"2022-04-18 21:00:00",10.28,,3.25
"2022-04-18 22:00:00",10.95,,4.5
"2022-04-18 23:00:00",6.54,,5.25
"2022-04-19 00:00:00",9.92,,3.5
"2022-04-19 01:00:00",10.97,,5
"2022-04-19 02:00:00",11.67,,5.25
"2022-04-19 03:00:00",8.85,,6.25
"2022-04-19 04:00:00",7.15,,6.25
"2022-04-19 05:00:00",7.09,,3.5
"2022-04-19 06:00:00",7.92,,2.75
"2022-04-19 07:00:00",9.93,,4.75
"2022-04-19 08:00:00",18.25,,3.5
"2022-04-19 09:00:00",5.91,,2.25
"2022-04-19 10:00:00",4.87,,3
"2022-04-19 11:00:00",3.75,,2.75
"2022-04-19 12:00:00",2.83,,1.75
"2022-04-19 13:00:00",3.26,,0.75
"2022-04-19 13:01:00",,,
"2022-04-19 14:00:00",3.68
"2022-04-19 14:01:00",,,
"2022-04-19 15:00:00",4.36,,-0.25
"2022-04-19 16:00:00",7.77,,-0.5
"2022-04-19 17:00:00",6.21,,2
"2022-04-19 18:00:00",5.99,,5.5
"2022-04-19 19:00:00",6.16,,7
"2022-04-19 20:00:00",11.62,,6.5
"2022-04-19 21:00:00",10.95,,6
"2022-04-19 22:00:00",7.86,,8.5
"2022-04-19 23:00:00",9.4,,6.25
"2022-04-20 00:00:00",6.39,,4.25
"2022-04-20 01:00:00",5.36,,4.5
"2022-04-20 02:00:00",6.45,,2.75
"2022-04-20 03:00:00",4.24,,2
"2022-04-20 04:00:00",5.03,,2.75
"2022-04-20 05:00:00",5.67,,4
"2022-04-20 06:00:00",10.27,,0.25
"2022-04-20 07:00:00",17.71,,-0.5
"2022-04-20 08:00:00",19.64,,4.5
"2022-04-20 09:00:00",32,20.36,6.25
"2022-04-20 10:00:00",17.45,48.84,6.75
"2022-04-20 11:00:00",4.57,74.12,5
"2022-04-20 12:00:00",3.87,74.59,1.5
"2022-04-20 13:00:00",3.28,76.41,0.25
"2022-04-20 14:00:00",3.65,79.67,0.75
"2022-04-20 15:00:00",3.2,82.46,-0.25
"2022-04-20 15:01:00",,,
"2022-04-20 16:00:00",4.18,84.28
"2022-04-20 16:01:00",,,
"2022-04-20 17:00:00",3.65,82.56,3.5
"2022-04-20 18:00:00",3.94,79.51,4.75
"2022-04-20 19:00:00",4.8,76.62,3.75
"2022-04-20 20:00:00",5.98,73.7,3.5
"2022-04-20 21:00:00",6.31,69.91,5
"2022-04-20 22:00:00",6.58,66.75,4.5
"2022-04-20 23:00:00",6.02,65.82,3
"2022-04-21 00:00:00",4.14,71,3.25
"2022-04-21 01:00:00",3.18,75.4,4
"2022-04-21 02:00:00",4.11,81.56,3.25
"2022-04-21 03:00:00",11.34,67.75,1
"2022-04-21 04:00:00",10.41,71.21,1
"2022-04-21 05:00:00",23.38,55.91,1.75
"2022-04-21 06:00:00",28.28,49.62,4.5
"2022-04-21 07:00:00",40.26,40.21,6.25
"2022-04-21 08:00:00",40.84,41.38,7.5
"2022-04-21 09:00:00",12.02,82.05,8.25
"2022-04-21 10:00:00",9.54,91.64,5.5
"2022-04-21 11:00:00",9.32,102.11,4.25
"2022-04-21 12:00:00",9.76,107.77,5.5
"2022-04-21 13:00:00",12,104.73,7.25
"2022-04-21 14:00:00",10.99,106,8.75
"2022-04-21 15:00:00",11.86,107.77,11.5
"2022-04-21 16:00:00",14.16,105.4,12.75
"2022-04-21 17:00:00",16.03,97.24,11.5
"2022-04-21 18:00:00",15.35,98.9,10
"2022-04-21 19:00:00",17.65,99.15,10.75
"2022-04-21 20:00:00",23.9,89.46,12.5
"2022-04-21 21:00:00",30.82,74.58,13.75
"2022-04-21 22:00:00",24.02,75.71,20.5
"2022-04-21 23:00:00",13.75,84.45,15.75
"2022-04-22 00:00:00",11.24,80.81,14.5
"2022-04-22 01:00:00",8.78,87.95,12.75
"2022-04-22 02:00:00",7.77,89.37,11
"2022-04-22 03:00:00",7.04,87.67,8.5
"2022-04-22 04:00:00",7.19,80.87,9.5
"2022-04-22 05:00:00",7.1,75.82,7
"2022-04-22 06:00:00",10.13,69.4,4.25
"2022-04-22 07:00:00",14.04,67.73,5.25
"2022-04-22 08:00:00",9.42,81.52,6.5
"2022-04-22 09:00:00",7.27,85.82,7.5
"2022-04-22 10:00:00",6.94,86.14,5.75
"2022-04-22 11:00:00",7.95,86.7,5
"2022-04-22 12:00:00",9.54,79.33,5.75
"2022-04-22 13:00:00",7.62,81.35,7.75
"2022-04-22 14:00:00",7.56,82.13,7
"2022-04-22 15:00:00",9.96,82.95,7
"2022-04-22 16:00:00",8.24,88.12,7.25
"2022-04-22 17:00:00",8.49,86.12,8.25
"2022-04-22 18:00:00",10.3,81.05,8.75
"2022-04-22 19:00:00",14.22,74.82,8.75
"2022-04-22 20:00:00",12.52,75.4,11
"2022-04-22 21:00:00",10.81,78.74,11.5
"2022-04-22 22:00:00",9.43,78.62,12
"2022-04-22 23:00:00",8.05,81.37,8.5
"2022-04-23 00:00:00",6.86,83.2,6.75
"2022-04-23 01:00:00",6.47,78.92,6.5
"2022-04-23 02:00:00",6.34,74.68,7.5
"2022-04-23 03:00:00",4.9,74.55,5.75
"2022-04-23 04:00:00",4.05,69.34,5
"2022-04-23 05:00:00",3.73,66.92,5
"2022-04-23 06:00:00",4.44,64.22,4.75
"2022-04-23 07:00:00",4.72,66.3,4.5
"2022-04-23 08:00:00",4.29,69.9,6.5
"2022-04-23 09:00:00",5.04,74.52,8
"2022-04-23 10:00:00",5.08,76.86,8
"2022-04-23 11:00:00",5.12,76.42,8.25
"2022-04-23 12:00:00",5.76,79.9,8.75
"2022-04-23 13:00:00",6.13,82.9,8
"2022-04-23 14:00:00",6.73,83.74,8.25
"2022-04-23 15:00:00",8.42,83.67,8.75
"2022-04-23 16:00:00",14.27,68.2,7.5
"2022-04-23 17:00:00",15.61,64.48,7
"2022-04-23 18:00:00",17.81,56.04,10
"2022-04-23 19:00:00",13.19,56.15,11
"2022-04-23 20:00:00",13.68,58.94,13.5
"2022-04-23 21:00:00",10.32,62.27,12.25
"2022-04-23 22:00:00",9.06,67.69,12.75
"2022-04-23 23:00:00",8.29,72.72,13
"2022-04-24 00:00:00",7.24,71.34,15
"2022-04-24 01:00:00",5.95,78.5,11
"2022-04-24 02:00:00",5.92,69,8.25
"2022-04-24 03:00:00",5.48,72.05,9
"2022-04-24 04:00:00",4.39,71.53,8.5
"2022-04-24 05:00:00",4.06,71.55,7.25
"2022-04-24 06:00:00",4.38,69.12,7.75
"2022-04-24 07:00:00",4.01,68.31,6.75
"2022-04-24 08:00:00",4.34,70.19,6.25
"2022-04-24 09:00:00",4.3,77.92,7.75
"2022-04-24 10:00:00",4.67,78.72,9.25
"2022-04-24 11:00:00",5.39,79.04,8
"2022-04-24 12:00:00",5.91,84.99,10.25
"2022-04-24 13:00:00",7.59,86.79,7.75
"2022-04-24 14:00:00",7.04,90.19,7.25
"2022-04-24 15:00:00",6.1,90.23,8.25
"2022-04-24 16:00:00",6.53,92.33,8.5
"2022-04-24 17:00:00",6.32,92.35,7
"2022-04-24 18:00:00",7.29,92,7
"2022-04-24 19:00:00",9.91,86.77,6.5
"2022-04-24 20:00:00",10.38,85.37,5.5
"2022-04-24 21:00:00",10.74,80.03,7
"2022-04-24 22:00:00",11.91,72.07,7.5
"2022-04-24 23:00:00",9.91,61.36,9.25
"2022-04-25 00:00:00",8.86,53.82,10.25
"2022-04-25 01:00:00",5.55,56.07,10.5
"2022-04-25 02:00:00",4.7,56.45,8.5
"2022-04-25 03:00:00",3.66,67.45,7
"2022-04-25 04:00:00",4.13,70.25,6.75
"2022-04-25 05:00:00",5.76,71.55,6.25
"2022-04-25 06:00:00",12.02,64.5,6.75
"2022-04-25 07:00:00",23.16,56.55,6.25
"2022-04-25 08:00:00",29.33,48.03,7.75
"2022-04-25 09:00:00",32.06,46.02,10
"2022-04-25 10:00:00",20.61,60.61,9.25
"2022-04-25 11:00:00",13.28,70.52,7.5
"2022-04-25 12:00:00",8.31,80.26,9.75
"2022-04-25 13:00:00",10.54,84.98,11
"2022-04-25 14:00:00",8.63,85.87,7.75
"2022-04-25 15:00:00",6.92,89.16,7.75
"2022-04-25 16:00:00",8.15,90.27,10
"2022-04-25 17:00:00",10.79,89.66,9.5
"2022-04-25 18:00:00",7.42,91.17,7.5
"2022-04-25 19:00:00",6.43,88.82,7.75
"2022-04-25 20:00:00",7.17,83.85,12
"2022-04-25 21:00:00",8.21,80.09,9
"2022-04-25 22:00:00",21,62.05,8.25
"2022-04-25 23:00:00",10.68,67.07,6.25
"2022-04-26 00:00:00",7.32,68.24,6.75
"2022-04-26 01:00:00",6.69,68.18,5.75
"2022-04-26 02:00:00",7.23,69.58,4.75
"2022-04-26 03:00:00",4.94,72.12,4
"2022-04-26 04:00:00",4.54,66.03,3.75
"2022-04-26 05:00:00",8.36,29.35,2.75
"2022-04-26 06:00:00",13.93,13.75,3.25
"2022-04-26 07:00:00",19.56,7.07,7
"2022-04-26 08:00:00",44.73,20.41,7.25
"2022-04-26 09:00:00",26.59,52.74,8
"2022-04-26 10:00:00",16.8,63.69,8
"2022-04-26 11:00:00",10.92,74.24,8.25
"2022-04-26 12:00:00",7.98,82.92,8.75
"2022-04-26 13:00:00",6.02,89.85,8.75
"2022-04-26 14:00:00",6.83,95,9.5
"2022-04-26 15:00:00",9.11,94.85,5.25
"2022-04-26 16:00:00",9.93,95.12,6.75
"2022-04-26 17:00:00",8.4,100.67,9
"2022-04-26 18:00:00",11.1,94.25,9.5
"2022-04-26 19:00:00",11.52,91.96,11
"2022-04-26 20:00:00",14.09,86.33,11.5
"2022-04-26 21:00:00",12.73,81.73,12.25
"2022-04-26 22:00:00",14.7,74.09,9.5
"2022-04-26 23:00:00",9.79,68.51,8.75
"2022-04-27 00:00:00",9.31,66.86,11
"2022-04-27 01:00:00",6.37,67.31,10.25
"2022-04-27 02:00:00",6.31,62.85,7.5
"2022-04-27 03:00:00",7.98,55.18,7.25
"2022-04-27 04:00:00",8.66,55.74,10.5
"2022-04-27 05:00:00",6.67,57.36,9.5
"2022-04-27 06:00:00",12.32,27,11.25
"2022-04-27 07:00:00",22.44,12.83,11.25
"2022-04-27 08:00:00",41.62,30.05,9.5
"2022-04-27 09:00:00",23.75,57.04,10.75
"2022-04-27 10:00:00",12.69,74.96,9.75
"2022-04-27 11:00:00",9.48,87.11,8.25
"2022-04-27 12:00:00",8.41,91.94,6
"2022-04-27 13:00:00",8.9,97.45,6
"2022-04-27 14:00:00",7.92,100.78,6
"2022-04-27 15:00:00",9.65,99.68,6.25
"2022-04-27 16:00:00",8.19,100.25,6.75
"2022-04-27 17:00:00",7.49,99.55,6
"2022-04-27 18:00:00",7.93,100.17,6.25
"2022-04-27 19:00:00",7.75,96.81,7.5
"2022-04-27 20:00:00",11.51,89.56,8.75
"2022-04-27 21:00:00",13.25,82.61,8.75
"2022-04-27 22:00:00",13.42,82.79,12.25
"2022-04-27 23:00:00",13.19,82.68,15.25
"2022-04-28 00:00:00",10.33,75.19,12.75
"2022-04-28 01:00:00",9.11,70.74,13
"2022-04-28 02:00:00",7,77.11,14.5
"2022-04-28 03:00:00",6.59,78.46,9.75
"2022-04-28 04:00:00",5.54,74.37,8.5
"2022-04-28 05:00:00",6.12,69.59,7.5
"2022-04-28 06:00:00",10.72,60.05,8.5
"2022-04-28 07:00:00",15.5,58.12,6
"2022-04-28 08:00:00",17.77,58.91,3.25
"2022-04-28 09:00:00",21.14,64.37,4.75
"2022-04-28 10:00:00",18.83,69.84,7
"2022-04-28 11:00:00",10.72,83.3,7.25
"2022-04-28 12:00:00",9.84,85.95,7.75
"2022-04-28 13:00:00",9.86,83.23,6.75
"2022-04-28 14:00:00",10.2,83.98,6
"2022-04-28 15:00:00",8.33,85.11,8
"2022-04-28 16:00:00",7.52,91.29,12.25
"2022-04-28 17:00:00",6.55,91.43,7.5
"2022-04-28 18:00:00",6.44,92.79,8.75
"2022-04-28 19:00:00",7.47,90.76,8.5
"2022-04-28 20:00:00",8.71,86.83,10
"2022-04-28 21:00:00",15.77,68.07,10
"2022-04-28 22:00:00",15.73,63.67,10.25
"2022-04-28 23:00:00",16.29,50.39,11.25
"2022-04-29 00:00:00",28.97,28.32,11.75
"2022-04-29 01:00:00",23.22,43.58,11.75
"2022-04-29 02:00:00",24.88,29.82,14
"2022-04-29 03:00:00",20.12,23.62,14
"2022-04-29 04:00:00",17.62,17.54,14.5
"2022-04-29 05:00:00",20.44,13.77,16
"2022-04-29 06:00:00",24.05,5.99,15.5
"2022-04-29 07:00:00",29.38,7.12,13
"2022-04-29 08:00:00",40.91,7.56,11
"2022-04-29 09:00:00",46.31,16.06,14.75
"2022-04-29 10:00:00",38.7,37.06,16
"2022-04-29 11:00:00",28.52,53.24,13.5
"2022-04-29 12:00:00",21.74,61.88,14.25
"2022-04-29 13:00:00",13.97,71.2,11
"2022-04-29 14:00:00",7.49,81.68,8.25
"2022-04-29 15:00:00",5.61,88.13,9.25
"2022-04-29 16:00:00",5.74,88.11,9.5
"2022-04-29 17:00:00",6.39,85.75,8
"2022-04-29 18:00:00",6.51,83.74,8.5
"2022-04-29 19:00:00",7.42,80.67,10
"2022-04-29 20:00:00",8.45,77.21,10
"2022-04-29 21:00:00",8.12,73.71,9.25
"2022-04-29 22:00:00",9.15,66.87,8
"2022-04-29 23:00:00",7.82,61.56,10
"2022-04-30 00:00:00",9.1,52.16,7.5
"2022-04-30 01:00:00",8.71,46.67,9.5
"2022-04-30 02:00:00",7.56,37.53,10.75
"2022-04-30 03:00:00",8.54,30.75,10.75
"2022-04-30 04:00:00",6.46,28.07,12.25
"2022-04-30 05:00:00",8.42,26.32,9.5
"2022-04-30 06:00:00",6.73,24.14,8.5
"2022-04-30 07:00:00",8.29,23.95,10.25
"2022-04-30 08:00:00",19.78,19.11,11.5
"2022-04-30 09:00:00",16.9,39.4,13
"2022-04-30 10:00:00",12.65,51.44,13
"2022-04-30 11:00:00",8.65,64.62,13.25
"2022-04-30 12:00:00",6.01,73.22,33
"2022-04-30 13:00:00",4.55,81.31,70
"2022-04-30 14:00:00",4.3,89.05,10.25
"2022-04-30 15:00:00",4.02,90.77,10.25
"2022-04-30 16:00:00",4.04,93.8,8
"2022-04-30 17:00:00",4.43,91.02,7.5
"2022-04-30 18:00:00",5.03,88.95,6
"2022-04-30 19:00:00",7.02,85.09,6
"2022-04-30 20:00:00",15.98,66.91,6
"2022-04-30 21:00:00",18.92,55.47,6.5
"2022-04-30 22:00:00",13.3,60.77,8.5
"2022-04-30 23:00:00",6.72,58.81,10.5
"2022-05-01 00:00:00",6.61,54.92,12.25
"2022-05-01 01:00:00",5.73,47.76,12.5
"2022-05-01 02:00:00",6.11,42.08,10.75
"2022-05-01 03:00:00",4.82,43.51,10.75
"2022-05-01 04:00:00",4.88,37.03,12.25
"2022-05-01 05:00:00",4.8,33.37,10
"2022-05-01 06:00:00",5.74,34.79,10.5
"2022-05-01 07:00:00",6.07,33.66,12
"2022-05-01 08:00:00",12.04,35.91,11.5
"2022-05-01 09:00:00",8.5,51.94,10.25
"2022-05-01 10:00:00",5.81,70.69,11
"2022-05-01 11:00:00",7.26,71.65,10.25
"2022-05-01 12:00:00",9.4,65.11,7.75
"2022-05-01 13:00:00",5.88,69.76,7.75
"2022-05-01 14:00:00",7.67,71.84,9.5
"2022-05-01 15:00:00",7.35,72.28,7.25
"2022-05-01 16:00:00",3.85,74.23,4.25
"2022-05-01 17:00:00",9.13,70.81,1.75
"2022-05-01 18:00:00",4.49,71.11,1.75
"2022-05-01 19:00:00",9.58,53.92,5.5
"2022-05-01 20:00:00",11.49,48.14,9
"2022-05-01 21:00:00",6.51,45.35,5.75
"2022-05-01 22:00:00",31.94,10.52,4.75
"2022-05-01 23:00:00",8.62,24.49,3.75
"2022-05-02 00:00:00",11.19,21.9,3.25
"2022-05-02 01:00:00",7.12,20.23,4
"2022-05-02 02:00:00",6.27,20.71,3.75
"2022-05-02 03:00:00",4.5,24.08,2.75
"2022-05-02 04:00:00",3.66,20.66,2.25
"2022-05-02 05:00:00",4.94,17.17,2.25
"2022-05-02 06:00:00",5.79,13.07,0.5
"2022-05-02 07:00:00",10.2,18.1,2
"2022-05-02 08:00:00",4.65,35.03,1.75
"2022-05-02 09:00:00",3.53,46.38,1
"2022-05-02 10:00:00",4.41,52.72,1.75
"2022-05-02 11:00:00",4.73,56.55,3.75
"2022-05-02 12:00:00",3.4,58.59,3
"2022-05-02 13:00:00",5.41,58.55,3.5
"2022-05-02 14:00:00",4.83,59.5,4.75
"2022-05-02 15:00:00",5.43,57.69,3.25
"2022-05-02 16:00:00",5.28,60.95,0.75
"2022-05-02 17:00:00",4.37,62.38,-0.5
"2022-05-02 18:00:00",6.7,56.25,-1.5
"2022-05-02 19:00:00",10.79,49.11,1.25
"2022-05-02 20:00:00",8.55,40.52,4.75
"2022-05-02 21:00:00",11.39,21.54,3.5
"2022-05-02 22:00:00",11.85,17.43,2
"2022-05-02 23:00:00",8.83,16.38,2.75
"2022-05-03 00:00:00",5.93,18.05,5
"2022-05-03 01:00:00",4.72,21.94,4.25
"2022-05-03 02:00:00",4.27,22.36,1.75
"2022-05-03 03:00:00",4.21,18,1.75
"2022-05-03 04:00:00",3.85,16.22,3.5
"2022-05-03 05:00:00",3.45,21.65,2
"2022-05-03 06:00:00",3.03,23.07,2
"2022-05-03 07:00:00",7.86,25.86,2.25
"2022-05-03 08:00:00",9.69,33.46,3.5
"2022-05-03 09:00:00",6.71,44.42,4.75
"2022-05-03 10:00:00",5.05,52.28,3.5
"2022-05-03 11:00:00",3.03,62.83,2.25
"2022-05-03 12:00:00",1.98,65.33,2.75
"2022-05-03 13:00:00",2.43,66.48,2
"2022-05-03 14:00:00",3.26,66.08,2
"2022-05-03 15:00:00",4.42,56.44,2.5
"2022-05-03 16:00:00",5.69,55.77,4
"2022-05-03 17:00:00",5.99,54.96,4
"2022-05-03 18:00:00",5.66,58.36,3.5
"2022-05-03 19:00:00",9.45,52.01,2.25
"2022-05-03 20:00:00",12.68,42.89,2.75
"2022-05-03 21:00:00",9.41,38.43,2.5
"2022-05-03 22:00:00",5.83,44.94,3.75
"2022-05-03 23:00:00",5.46,37.72,2.25
"2022-05-04 00:00:00",10.41,26.4,-0.25
"2022-05-04 01:00:00",5.24,26.82,-0.75
"2022-05-04 02:00:00",5.11,30.49,-0.25
"2022-05-04 03:00:00",6.75,21.64,-0.5
"2022-05-04 04:00:00",3.8,24.06,1.25
"2022-05-04 05:00:00",3.52,23.59,1.75
"2022-05-04 06:00:00",4.22,26.8,1.25
"2022-05-04 07:00:00",5.61,41.49,1.5
"2022-05-04 08:00:00",4.93,50.98,-0.5
"2022-05-04 09:00:00",3.84,60.33,-1.25
"2022-05-04 10:00:00",3.48,62.24,1.5
"2022-05-04 11:00:00",3.16,69.53,3.25
"2022-05-04 12:00:00",3.1,69.21,3.75
"2022-05-04 13:00:00",2.91,71.97,2.25
"2022-05-04 13:01:00",,,
"2022-05-04 14:00:00",2.89,72.15
"2022-05-04 14:01:00",,,
"2022-05-04 15:00:00",3.55,74.58,0.75
"2022-05-04 16:00:00",4.6,74.14,3.5
"2022-05-04 17:00:00",5.34,74.5,5.5
"2022-05-04 18:00:00",5.48,73.19,6.5
"2022-05-04 19:00:00",6,68.45,5
"2022-05-04 20:00:00",10.07,54.79,5.75
"2022-05-04 21:00:00",11.74,45.72,7.5
"2022-05-04 22:00:00",17.14,38.13,5.25
"2022-05-04 23:00:00",5.73,47.81,3.25
"2022-05-05 00:00:00",4.3,44.53,4.5
"2022-05-05 01:00:00",3.55,48,5.75
"2022-05-05 02:00:00",2.71,47.02,4.75
"2022-05-05 03:00:00",6.64,33.84,3.5
"2022-05-05 04:00:00",4.9,30.19,3.25
"2022-05-05 05:00:00",5.09,34.58,7
"2022-05-05 06:00:00",5.61,29.55,6.25
"2022-05-05 07:00:00",13.84,25.78,4.5
"2022-05-05 08:00:00",18.48,25.12,5.75
"2022-05-05 09:00:00",12.12,44.24,4.25
"2022-05-05 10:00:00",9.24,50.44,2.75
"2022-05-05 11:00:00",5.4,54.07,5.25
"2022-05-05 12:00:00",3.52,61.28,5.5
"2022-05-05 13:00:00",3.65,63.26,3.5
"2022-05-05 14:00:00",3.97,59.76,2.25
"2022-05-05 15:00:00",5.75,53.56,3.25
"2022-05-05 16:00:00",4.7,53.27,3.5
"2022-05-05 17:00:00",5.65,53.6,1.5
"2022-05-05 18:00:00",4.27,55.01,-0.5
"2022-05-05 19:00:00",5.32,52.47,-1.75
"2022-05-05 20:00:00",4.9,50.57,-0.75
"2022-05-05 21:00:00",11.72,36.99,1.25
"2022-05-05 22:00:00",14.97,29.54,7
"2022-05-05 23:00:00",4.88,41.77,11.5
"2022-05-06 00:00:00",3.29,41.67,6
"2022-05-06 01:00:00",2.92,41.79,3.25
"2022-05-06 02:00:00",3.05,43.68,3.75
"2022-05-06 03:00:00",2.19,44.3,2.5
"2022-05-06 04:00:00",2.03,44.28,0.5
"2022-05-06 05:00:00",2.27,43.29,-0.75
"2022-05-06 05:01:00",,,
"2022-05-06 06:00:00",3.07,38.29
"2022-05-06 06:01:00",,,
"2022-05-06 07:00:00",6.32,38.36,0.75
"2022-05-06 08:00:00",9.1,37.53,2.5
"2022-05-06 09:00:00",9.66,37.9,-0.25
"2022-05-06 10:00:00",11.92,36.89,-3.5
"2022-05-06 11:00:00",10.47,37.57,-1.5
"2022-05-06 12:00:00",8.49,36.93,-0.5
"2022-05-06 13:00:00",6.99,46.09,-1.75
"2022-05-06 14:00:00",4.87,51.78,-0.75
"2022-05-06 14:01:00",,,
"2022-05-06 15:00:00",6.63,55.61
"2022-05-06 15:01:00",,,
"2022-05-06 16:00:00",5.16,58.42,0.25
"2022-05-06 17:00:00",3.31,61.25,1
"2022-05-06 18:00:00",6.02,58.77,1.75
"2022-05-06 19:00:00",7.81,53.19,4
"2022-05-06 20:00:00",21.17,24.74,4.75
"2022-05-06 21:00:00",20.24,20.28,6.75
"2022-05-06 22:00:00",11.45,27.98,5.25
"2022-05-06 23:00:00",7.45,29.9,2.75
"2022-05-07 00:00:00",12.21,22.37,2.5
"2022-05-07 01:00:00",11.99,15.16,5.25
"2022-05-07 02:00:00",8.59,9.32,8.75
"2022-05-07 03:00:00",7,6.31,7
"2022-05-07 04:00:00",9.46,3.61,3.5
"2022-05-07 05:00:00",8.83,3.25,2.25
"2022-05-07 06:00:00",9.38,2.49,2.75
"2022-05-07 07:00:00",12.42,7.65,2
"2022-05-07 08:00:00",15.05,9.15,2
"2022-05-07 09:00:00",14.75,31.19,1.75
"2022-05-07 10:00:00",10.8,46.95,1.5
"2022-05-07 11:00:00",5.8,60.02,3
"2022-05-07 12:00:00",7.72,59.79,2.75
"2022-05-07 13:00:00",3.19,64.99,2
"2022-05-07 14:00:00",2.76,67.66,3.5
"2022-05-07 15:00:00",2.75,70.93,7.5
"2022-05-07 16:00:00",3.04,69.35,5
"2022-05-07 17:00:00",2.78,67.66,1.5
"2022-05-07 18:00:00",3.08,64.43,0.25
"2022-05-07 19:00:00",3.16,61.28,1
"2022-05-07 20:00:00",5.58,52.4,2.25
"2022-05-07 21:00:00",6.44,43.12,5.75
"2022-05-07 22:00:00",7.06,38.94,5.5
"2022-05-07 23:00:00",5.24,46.07,7
"2022-05-08 00:00:00",3.68,52.26,7
"2022-05-08 01:00:00",2.71,43.76,6.25
"2022-05-08 02:00:00",4.87,34.19,4
"2022-05-08 03:00:00",7.49,27.96,4.25
"2022-05-08 04:00:00",8.23,29.31,5.25
"2022-05-08 05:00:00",5.04,30.52,6.5
"2022-05-08 06:00:00",6.61,29.68,7.5
"2022-05-08 07:00:00",7.31,33.76,5.5
"2022-05-08 08:00:00",11.31,34.8,5
"2022-05-08 09:00:00",8.06,47.07,7
"2022-05-08 10:00:00",2.4,62,4
"2022-05-08 11:00:00",2.18,62.4,3.75
"2022-05-08 12:00:00",2.19,62.71,2.5
"2022-05-08 13:00:00",2.57,64.78,1.25
"2022-05-08 14:00:00",3.05,65.59,2.75
"2022-05-08 15:00:00",2.77,64.1,4.5
"2022-05-08 16:00:00",3.36,62.12,2.5
"2022-05-08 17:00:00",2.82,62.39,1
"2022-05-08 18:00:00",2.3,60.43,1.5
"2022-05-08 19:00:00",2.49,59.21,3.25
"2022-05-08 20:00:00",3.62,62.73,3.75
"2022-05-08 21:00:00",3.19,64.9,3
"2022-05-08 22:00:00",2.75,67.04,3.75
"2022-05-08 23:00:00",2.61,64.85,5.5
"2022-05-09 00:00:00",3,69.56,4
"2022-05-09 01:00:00",1.89,71.86,4.25
"2022-05-09 02:00:00",2.68,70.96,4.5
"2022-05-09 03:00:00",3.8,69.86,3
"2022-05-09 04:00:00",2,75.23,3.5
"2022-05-09 05:00:00",1.77,73.86,4.5
"2022-05-09 06:00:00",2.56,69.16,3.25
"2022-05-09 07:00:00",4.43,70.68,4
"2022-05-09 08:00:00",5.72,68.71,3.25
"2022-05-09 09:00:00",4.77,67.43,1
"2022-05-09 10:00:00",3.02,67.11,2.25
"2022-05-09 11:00:00",3.35,63.55,5.75
"2022-05-09 12:00:00",3.67,64.49,4.5
"2022-05-09 12:01:00",,
"2022-05-09 13:00:00",3.24,,3
"2022-05-09 13:01:00",,
"2022-05-09 14:00:00",3.78,,2.75
"2022-05-09 15:00:00",4.64,,2
"2022-05-09 16:00:00",5.57,,1.75
"2022-05-09 17:00:00",4.78,,0.5
"2022-05-09 18:00:00",4.69,,-1
"2022-05-09 19:00:00",7.3,,-1
"2022-05-09 19:01:00",,,
"2022-05-09 20:00:00",8.37
"2022-05-09 20:01:00",,,
"2022-05-09 21:00:00",11.06,,3.5
"2022-05-09 22:00:00",11.25,,4.5
"2022-05-09 23:00:00",4.62,,2.25
"2022-05-09 23:01:00",,,
"2022-05-10 00:01:00",,,
"2022-05-10 01:00:00",1.92,,0.25
"2022-05-10 02:00:00",2.2,,0.75
"2022-05-10 03:00:00",1.48,,0.75
"2022-05-10 04:00:00",2.02,,2.5
"2022-05-10 05:00:00",1.7,,0.25
"2022-05-10 06:00:00",2.62,,-0.75
"2022-05-10 07:00:00",5.8,,3
"2022-05-10 08:00:00",8.26,,3.5
"2022-05-10 09:00:00",6.97,,5
"2022-05-10 10:00:00",4.64,,4.5
"2022-05-10 11:00:00",5.6,,3.5
"2022-05-10 12:00:00",4.6,,5
"2022-05-10 13:00:00",4.61,,4.75
"2022-05-10 14:00:00",5.8,,4
"2022-05-10 15:00:00",5.39,,3.75
"2022-05-10 16:00:00",6.3,,2.25
"2022-05-10 16:01:00",,,
"2022-05-10 17:00:00",7.96
"2022-05-10 17:01:00",,,
"2022-05-10 18:00:00",7.55,,0.25
"2022-05-10 19:00:00",5.86,,1.5
"2022-05-10 20:00:00",6.76,,2.75
"2022-05-10 21:00:00",12.12,,2.75
"2022-05-10 22:00:00",5.43,,4.5
"2022-05-10 23:00:00",2.38,,2.25
"2022-05-11 00:00:00",1.37,,0.25
"2022-05-11 01:00:00",1.25,,1.75
"2022-05-11 02:00:00",1.62,,3.5
"2022-05-11 03:00:00",2.24,,2
"2022-05-11 04:00:00",2.6,,1.75
"2022-05-11 05:00:00",3.17,,1
"2022-05-11 06:00:00",4.3,,0.75
"2022-05-11 07:00:00",9.68,,0.25
"2022-05-11 08:00:00",6.49,,1.25
"2022-05-11 09:00:00",3.1,,2
"2022-05-11 10:00:00",2.15,,1.5
"2022-05-11 11:00:00",2.36,,-0.25
"2022-05-11 12:00:00",2.74,,-0.25
"2022-05-11 13:00:00",2.33,,2.5
"2022-05-11 14:00:00",2.47,,4.25
"2022-05-11 15:00:00",3.48,,4.75
"2022-05-11 16:00:00",3.05,,3.5
"2022-05-11 17:00:00",3.49,,2.25
"2022-05-11 18:00:00",3.13,,3.25
"2022-05-11 19:00:00",2.94,,3.75
"2022-05-11 20:00:00",3.68,,2.75
"2022-05-11 21:00:00",5.51,,1.5
"2022-05-11 21:01:00",,,
"2022-05-11 22:00:00",5.55
"2022-05-11 22:01:00",,,
"2022-05-11 23:00:00",5.44,,0.25
"2022-05-12 00:00:00",5.7,,0.75
"2022-05-12 01:00:00",6.49,,1.25
"2022-05-12 02:00:00",4.23,,5
"2022-05-12 03:00:00",5.13,,5
"2022-05-12 04:00:00",3.1,,4.5
"2022-05-12 05:00:00",4.21,,2.25
"2022-05-12 06:00:00",5.12,,1.5
"2022-05-12 07:00:00",8.04,,5.75
"2022-05-12 08:00:00",15,,4.5
"2022-05-12 09:00:00",7.08,,3
"2022-05-12 10:00:00",4.97,,2.75
"2022-05-12 11:00:00",5.71,,1.75
"2022-05-12 12:00:00",5.59,,0.5
"2022-05-12 13:00:00",5.72,,-1.25
"2022-05-12 14:00:00",6.13,,-1.75
"2022-05-12 14:01:00",,,
"2022-05-12 15:00:00",6.88
"2022-05-12 15:01:00",,,
"2022-05-12 16:00:00",6.5,,3.25
"2022-05-12 17:00:00",8.17,,3.25
"2022-05-12 18:00:00",10.79,,0.75
"2022-05-12 19:00:00",11.94,,0.5
"2022-05-12 20:00:00",11.81,,2.75
"2022-05-12 21:00:00",10.55,,4.75
"2022-05-12 22:00:00",13.99,,3.5
"2022-05-12 23:00:00",2.86,,2
"2022-05-13 00:00:00",1.55,,2.5
"2022-05-13 01:00:00",1.2,,4
"2022-05-13 02:00:00",1.34,,3.75
"2022-05-13 03:00:00",1.28,,2.75
"2022-05-13 04:00:00",1.44,,2.25
"2022-05-13 05:00:00",1.51,,3.75
"2022-05-13 06:00:00",2.89,,6
"2022-05-13 07:00:00",5.11,,6.75
"2022-05-13 08:00:00",11.5,,8.25
"2022-05-13 09:00:00",6.92,,6.25
"2022-05-13 10:00:00",6.37,,7.75
"2022-05-13 11:00:00",5.12,,9.25
"2022-05-13 12:00:00",5.63,,7.25
"2022-05-13 13:00:00",4.95,,8.25
"2022-05-13 14:00:00",2.76,,9.25
"2022-05-13 15:00:00",4.26,,9.5
"2022-05-13 16:00:00",3.92,,7.5
"2022-05-13 17:00:00",2.76,,7
"2022-05-13 18:00:00",2.55,,10.25
"2022-05-13 19:00:00",4.11,,11
"2022-05-13 20:00:00",11.14,,10
"2022-05-13 21:00:00",14.02,,7.25
"2022-05-13 22:00:00",5.5,,7.75
"2022-05-13 23:00:00",5.97,,6.5
"2022-05-14 00:00:00",7.65,,6
"2022-05-14 01:00:00",6.19,,8.5
"2022-05-14 02:00:00",8.43,,6.75
"2022-05-14 03:00:00",7.8,,6.25
"2022-05-14 04:00:00",8.46,,6.75
"2022-05-14 05:00:00",8.55,,6
"2022-05-14 06:00:00",10.22,,5.5
"2022-05-14 07:00:00",13.22,,3.75
"2022-05-14 08:00:00",12.83,,3.75
"2022-05-14 09:00:00",12.9,,5.75
"2022-05-14 10:00:00",3.57,,4.5
"2022-05-14 11:00:00",2.54,,3.5
"2022-05-14 12:00:00",2.5,,5
"2022-05-14 13:00:00",3.02,,5
"2022-05-14 14:00:00",2.32,,5
"2022-05-14 15:00:00",2.06,,4.5
"2022-05-14 16:00:00",2.62,,3.25
"2022-05-14 17:00:00",2.67,,5.75
"2022-05-14 18:00:00",3.13,,10.25
"2022-05-14 19:00:00",4.03,,7.75
"2022-05-14 20:00:00",5.85,,6.5
"2022-05-14 21:00:00",10.69,,5
"2022-05-14 22:00:00",11.02,,4.75
"2022-05-14 23:00:00",17.7,,4
"2022-05-15 00:00:00",9.64,,4.25
"2022-05-15 01:00:00",12.3,,4.75
"2022-05-15 02:00:00",14.67,,3.75
"2022-05-15 03:00:00",16.38,,3.5
"2022-05-15 04:00:00",13.98,,5
"2022-05-15 05:00:00",6.96,,5.5
"2022-05-15 06:00:00",5.98,,6.5
"2022-05-15 07:00:00",4.44,,4.5
"2022-05-15 08:00:00",12.5,,3.5
"2022-05-15 09:00:00",7.56,,4.75
"2022-05-15 10:00:00",6.68,,4
"2022-05-15 11:00:00",5.56,,4.5
"2022-05-15 12:00:00",5.98,,6.25
"2022-05-15 13:00:00",6.46,,7
"2022-05-15 14:00:00",7.81,,6.75
"2022-05-15 15:00:00",8.18,,6
"2022-05-15 16:00:00",8.89,,5.75
"2022-05-15 17:00:00",9.23,,4.5
"2022-05-15 18:00:00",8.25,,3.75
"2022-05-15 19:00:00",9.42,,6.75
"2022-05-15 20:00:00",8.11,,8.5
"2022-05-15 21:00:00",14.02,,7.25
"2022-05-15 22:00:00",9.02,,7.75
"2022-05-15 23:00:00",5.35,,7.25
"2022-05-16 00:00:00",5.57,,8
"2022-05-16 01:00:00",4.99,,8.25
"2022-05-16 02:00:00",4.41,,8.75
"2022-05-16 03:00:00",4.71,,7.25
"2022-05-16 04:00:00",3.4,,4.5
"2022-05-16 05:00:00",2.68,,2.75
"2022-05-16 06:00:00",2.93,,2.25
"2022-05-16 07:00:00",5.21,,2.75
"2022-05-16 08:00:00",9.65,,2.5
"2022-05-16 09:00:00",6.1,,4.5
"2022-05-16 10:00:00",4.36,,5.75
"2022-05-16 11:00:00",3.48,,5.25
"2022-05-16 12:00:00",3.26,,5.75
"2022-05-16 13:00:00",2.91,,5.5
"2022-05-16 14:00:00",3.3,,7
"2022-05-16 15:00:00",3.27,,7
"2022-05-16 16:00:00",2.85,,6.75
"2022-05-16 17:00:00",3.45,,7.75
"2022-05-16 18:00:00",3.68,,12.5
"2022-05-16 19:00:00",3.59,,11.5
"2022-05-16 20:00:00",3.23,,12
"2022-05-16 21:00:00",2.52,,9
"2022-05-16 22:00:00",2.29,,8.75
"2022-05-16 23:00:00",2.43,,8.25
"2022-05-17 00:00:00",2.41,,8.25
"2022-05-17 01:00:00",2.55,,6.5
"2022-05-17 02:00:00",2.17,,7.25
"2022-05-17 03:00:00",1.72,,4.25
"2022-05-17 04:00:00",1.42,,4
"2022-05-17 05:00:00",1.71,,10.5
"2022-05-17 06:00:00",2.67,,11.5
"2022-05-17 07:00:00",4.56,,9.75
"2022-05-17 08:00:00",6.36,,9.25
"2022-05-17 09:00:00",5.42,,10
"2022-05-17 10:00:00",4.2,,10
"2022-05-17 11:00:00",6.34,,9.75
"2022-05-17 12:00:00",7.45,,8.25
"2022-05-17 13:00:00",10.42,,5
"2022-05-17 14:00:00",7.79,,1.25
"2022-05-17 14:01:00",,,
"2022-05-17 15:00:00",4.71
"2022-05-17 15:01:00",,,
"2022-05-17 16:00:00",3.94,,3.75
"2022-05-17 17:00:00",3.93,,5.5
"2022-05-17 18:00:00",4.28,,3.25
"2022-05-17 19:00:00",3.92,,1.5
"2022-05-17 20:00:00",2.93,,4
"2022-05-17 21:00:00",2.82,,7
"2022-05-17 22:00:00",2.51,,6.25
"2022-05-17 23:00:00",2.02,,4.25
"2022-05-18 00:00:00",1.77,,5.5
"2022-05-18 01:00:00",1.55,,6.75
"2022-05-18 02:00:00",1.73,,5.25
"2022-05-18 03:00:00",1.69,,2.5
"2022-05-18 04:00:00",1.89,,1.25
"2022-05-18 05:00:00",2.37,,2.5
"2022-05-18 06:00:00",3.83,,4
"2022-05-18 07:00:00",4.78,,3.75
"2022-05-18 08:00:00",5.4,,3.25
"2022-05-18 09:00:00",3.59,,4
"2022-05-18 10:00:00",2.97,,4.75
"2022-05-18 11:00:00",3.5,,6.5
"2022-05-18 12:00:00",3.61,,5
"2022-05-18 13:00:00",3.94,,4.75
"2022-05-18 14:00:00",3.59,,4.75
"2022-05-18 15:00:00",4.03,,6.75
"2022-05-18 16:00:00",4.45,,6.25
"2022-05-18 17:00:00",4.81,,6.75
"2022-05-18 18:00:00",2.74,,6.25
"2022-05-18 19:00:00",3.1,,6.25
"2022-05-18 20:00:00",6.24,,2.75
"2022-05-18 21:00:00",7.49,,-0.5
"2022-05-18 22:00:00",11.12,,1.25
"2022-05-18 23:00:00",11.6,,1.75
"2022-05-19 00:00:00",4.39,,1.5
"2022-05-19 01:00:00",3.79,,3
"2022-05-19 02:00:00",2.99,,3.75
"2022-05-19 03:00:00",6.61,,5.75
"2022-05-19 04:00:00",4.15,,4.5
"2022-05-19 05:00:00",3.5,,2.75
"2022-05-19 06:00:00",4.87,,1.75
"2022-05-19 07:00:00",6.6,,0.5
"2022-05-19 08:00:00",4.6,,-1
"2022-05-19 09:00:00",4.54,,-0.5
"2022-05-19 10:00:00",3.09,,1.25
"2022-05-19 11:00:00",2.95,,2
"2022-05-19 12:00:00",3.36,,2.25
"2022-05-19 13:00:00",3.09,,3.5
"2022-05-19 14:00:00",3.65,,4.5
"2022-05-19 15:00:00",3.19,,3.5
"2022-05-19 16:00:00",3.06,,5
"2022-05-19 17:00:00",3.2,,5.25
"2022-05-19 18:00:00",3.16,,6
"2022-05-19 19:00:00",3.05,,6.5
"2022-05-19 20:00:00",3.3,,7.25
"2022-05-19 21:00:00",3.15,,4.5
"2022-05-19 22:00:00",4.4,,3.25
"2022-05-19 23:00:00",3.31,,3.5
"2022-05-20 00:00:00",1.69,,1.5
"2022-05-20 01:00:00",1.4,,0.5
"2022-05-20 02:00:00",1.66,,1.75
"2022-05-20 03:00:00",1.35,,1.5
"2022-05-20 04:00:00",1.22,,3.25
"2022-05-20 05:00:00",1.37,,3.75
"2022-05-20 06:00:00",2,,2.75
"2022-05-20 07:00:00",4.22,,2
"2022-05-20 08:00:00",3.99,,1.75
"2022-05-20 09:00:00",4.43,,1.75
"2022-05-20 10:00:00",3.93,,3.5
"2022-05-20 11:00:00",4.86,,1.5
"2022-05-20 12:00:00",3.78,,0.5
"2022-05-20 13:00:00",3.69,,1.75
"2022-05-20 14:00:00",3.6,,1
"2022-05-20 15:00:00",3.14,,2.5
"2022-05-20 16:00:00",3.7,,7
"2022-05-20 17:00:00",3.03,,6.25
"2022-05-20 18:00:00",3.35,,3.75
"2022-05-20 19:00:00",4.33,,3
"2022-05-20 20:00:00",5.64,,2.75
"2022-05-20 21:00:00",9.1,,2.5
"2022-05-20 22:00:00",6.88,,5
"2022-05-20 23:00:00",4.24,,7.25
"2022-05-21 00:00:00",3.07,,4
"2022-05-21 01:00:00",2.61,,0.75
"2022-05-21 02:00:00",3.06,,0.5
"2022-05-21 03:00:00",2.72,,2.5
"2022-05-21 04:00:00",3,,4.25
"2022-05-21 05:00:00",2.42,,4.75
"2022-05-21 06:00:00",2.48,,4.25
"2022-05-21 07:00:00",2.6,,5
"2022-05-21 08:00:00",2.82,,4.75
"2022-05-21 09:00:00",2.42,,4.25
"2022-05-21 10:00:00",2.25,,4.5
"2022-05-21 11:00:00",2.44,,3
"2022-05-21 12:00:00",2.38,,3.5
"2022-05-21 13:00:00",1.91,,4.75
"2022-05-21 14:00:00",2.1,,4
"2022-05-21 15:00:00",1.85,,3.5
"2022-05-21 16:00:00",2.25,,1.5
"2022-05-21 17:00:00",2.16,,0.25
"2022-05-21 18:00:00",2.83,,1.25
"2022-05-21 19:00:00",3.2,,2.25
"2022-05-21 20:00:00",2.95,,3
"2022-05-21 21:00:00",2.9,,2.5
"2022-05-21 22:00:00",2.6,,1.25
"2022-05-21 23:00:00",2.57,,2
"2022-05-22 00:00:00",2.24,,2
"2022-05-22 01:00:00",1.97,,1.75
"2022-05-22 02:00:00",1.97,,0.25
"2022-05-22 03:00:00",2.02,,-1.75
"2022-05-22 04:00:00",1.78,,-1
"2022-05-22 05:00:00",2.07,,-1.25
"2022-05-22 06:00:00",1.66,,-1.25
"2022-05-22 07:00:00",2.51,,1.25
"2022-05-22 08:00:00",2.73,,2
"2022-05-22 09:00:00",2.05,,2.25
"2022-05-22 10:00:00",1.83,,3.25
"2022-05-22 11:00:00",2.23,,3.75
"2022-05-22 12:00:00",2.76,,3
"2022-05-22 13:00:00",2.17,,3
"2022-05-22 14:00:00",3.85,,2.75
"2022-05-22 15:00:00",3.31,,1.25
"2022-05-22 16:00:00",2.91,,-1.25
"2022-05-22 17:00:00",2.35,,-2
"2022-05-22 18:00:00",3.4,,-2
"2022-05-22 19:00:00",3.81,,-1.5
"2022-05-22 20:00:00",3.66,,0.25
"2022-05-22 21:00:00",4.42,,1.75
"2022-05-22 22:00:00",3.96,,3.75
"2022-05-22 23:00:00",5.04,,3
"2022-05-23 00:00:00",3.07,,2.75
"2022-05-23 01:00:00",3.35,,1.5
"2022-05-23 02:00:00",2.14,,0.25
"2022-05-23 03:00:00",3.36,,1
"2022-05-23 04:00:00",2.83,,1
"2022-05-23 05:00:00",2.71,,0.75
"2022-05-23 06:00:00",2.98,,-0.25
"2022-05-23 07:00:00",3.47,,-0.75
"2022-05-23 08:00:00",3.51,,0.5
"2022-05-23 09:00:00",3.68,,2
"2022-05-23 10:00:00",2.58,,1.75
"2022-05-23 11:00:00",2.28,,1
"2022-05-23 12:00:00",3.16,,1
"2022-05-23 13:00:00",3.21,,0.75
"2022-05-23 14:00:00",2.77,,-0.25
"2022-05-23 15:00:00",2.96,,-0.5
"2022-05-23 16:00:00",3.16,,1
"2022-05-23 17:00:00",3.06,,1
"2022-05-23 18:00:00",2.62,,1
"2022-05-23 19:00:00",2.53,,1.5
"2022-05-23 20:00:00",3.13,,2.5
"2022-05-23 21:00:00",3.26,,1
"2022-05-23 22:00:00",3.19,,1
"2022-05-23 23:00:00",3.05,,0.5
"2022-05-24 00:00:00",2.08,,-1
"2022-05-24 00:01:00",,,
"2022-05-24 01:00:00",2.53
"2022-05-24 01:01:00",,,
"2022-05-24 02:00:00",2.42,,2.75
"2022-05-24 03:00:00",2.17,,1.25
"2022-05-24 04:00:00",2.82,,-1.25
"2022-05-24 05:00:00",3.23,,-2.25
"2022-05-24 06:00:00",4.18,,-3
"2022-05-24 07:00:00",6.11,,-2.25
"2022-05-24 07:01:00",,,
"2022-05-24 08:00:00",5.1
"2022-05-24 08:01:00",,,
"2022-05-24 09:00:00",2.74,,-0.25
"2022-05-24 10:00:00",2.57,,-0.25
"2022-05-24 11:00:00",2.59,,1.75
"2022-05-24 12:00:00",3.14,,0.25
"2022-05-24 13:00:00",3.19,,-1.5
"2022-05-24 14:00:00",3,,-0.25
"2022-05-24 15:00:00",2.65,,-1.5
"2022-05-24 16:00:00",2.93,,-2.75
"2022-05-24 17:00:00",3.79,,-1
"2022-05-24 18:00:00",3.58,,2.25
"2022-05-24 19:00:00",4.03,,3
"2022-05-24 20:00:00",6.13,,2.75
"2022-05-24 21:00:00",8.16,,1.5
"2022-05-24 22:00:00",3.18,,0.25
"2022-05-24 23:00:00",2.01,,1
"2022-05-24 23:01:00",,,
"2022-05-25 00:00:00",1.8
"2022-05-25 00:01:00",,,
"2022-05-25 01:00:00",1.34,,-2.5
"2022-05-25 02:00:00",1.15,,-0.25
"2022-05-25 03:00:00",1.44,,1.75
"2022-05-25 04:00:00",1.61,,1
"2022-05-25 05:00:00",1.73,,1.75
"2022-05-25 06:00:00",2.05,,3.75
"2022-05-25 07:00:00",5.57,,3.25
"2022-05-25 08:00:00",4.93,,4
"2022-05-25 09:00:00",5.08,,3.75
"2022-05-25 10:00:00",6.39,,3.25
"2022-05-25 11:00:00",4.68,,3.5
"2022-05-25 12:00:00",2.55,,1
"2022-05-25 13:00:00",2.14,,-1.75
"2022-05-25 14:00:00",2.63,,-0.75
"2022-05-25 15:00:00",2.1,,0.25
"2022-05-25 16:00:00",3.37,,1.75
"2022-05-25 17:00:00",3.92,,3.5
"2022-05-25 18:00:00",3.66,,1.25
"2022-05-25 19:00:00",2.98,,-0.75
"2022-05-25 20:00:00",3.49,,1
"2022-05-25 21:00:00",3.52,,4.25
"2022-05-25 22:00:00",4.58,,3.75
"2022-05-25 23:00:00",3.11,,0.5
"2022-05-26 00:00:00",1.73,,2
"2022-05-26 01:00:00",1.39,,2
"2022-05-26 02:00:00",1.25,,2
"2022-05-26 03:00:00",1.01,,1.25
"2022-05-26 04:00:00",1.59,,0.25
"2022-05-26 05:00:00",1.99,,4.75
"2022-05-26 06:00:00",2.41,,6.75
"2022-05-26 07:00:00",6.14,,6
"2022-05-26 08:00:00",7.17,,6
"2022-05-26 09:00:00",5.94,,5.5
"2022-05-26 10:00:00",4.7,,3
"2022-05-26 11:00:00",4.34,,-0.5
"2022-05-26 12:00:00",4.45,,-2
"2022-05-26 13:00:00",4.18,,-2
"2022-05-26 14:00:00",4.7,,-1.5
"2022-05-26 15:00:00",4.12,,0.25
"2022-05-26 16:00:00",4.57,,0.5
"2022-05-26 17:00:00",5.21,,-1
"2022-05-26 18:00:00",5.62,,-0.5
"2022-05-26 19:00:00",2.86,,1
"2022-05-26 20:00:00",3.16,,1.25
"2022-05-26 21:00:00",4.82,,2
"2022-05-26 22:00:00",4.04,,3
"2022-05-26 23:00:00",3.76,,5.75
"2022-05-27 00:00:00",2.82,,4.25
"2022-05-27 01:00:00",1.96,,1.75
"2022-05-27 02:00:00",3.6,,1.25
"2022-05-27 03:00:00",4.8,,2.5
"2022-05-27 04:00:00",4.76,,4
"2022-05-27 05:00:00",4.8,,3.75
"2022-05-27 06:00:00",7.48,,2.75
"2022-05-27 07:00:00",7.15,,2
"2022-05-27 08:00:00",7.48,,2.5
"2022-05-27 09:00:00",3.27,,4.25
"2022-05-27 10:00:00",2.06,,6.25
"2022-05-27 11:00:00",2.27,,9.25
"2022-05-27 12:00:00",1.86,,7.75
"2022-05-27 13:00:00",2.04,,9.75
"2022-05-27 14:00:00",2.1,,8.5
"2022-05-27 15:00:00",2.47,,6.75
"2022-05-27 16:00:00",2.91,,6
"2022-05-27 17:00:00",3.74,,7
"2022-05-27 18:00:00",3.51,,10
"2022-05-27 19:00:00",4.67,,9
"2022-05-27 20:00:00",8.19,,6
"2022-05-27 21:00:00",7.85,,6.5
"2022-05-27 22:00:00",13.78,,8.5
"2022-05-27 23:00:00",8.43,,8.75
"2022-05-28 00:00:00",6.73,,4.25
"2022-05-28 01:00:00",8.71,,2.25
"2022-05-28 02:00:00",6.04,,2.75
"2022-05-28 03:00:00",6.1,,2.5
"2022-05-28 04:00:00",3.88,,3.75
"2022-05-28 05:00:00",5.57,,3.25
"2022-05-28 06:00:00",7.76,,4.25
"2022-05-28 07:00:00",9.96,,4.5
"2022-05-28 08:00:00",10.33,,3.25
"2022-05-28 09:00:00",7.1,,4.5
"2022-05-28 10:00:00",5.19,,5.75
"2022-05-28 11:00:00",4.47,,4.75
"2022-05-28 12:00:00",4.37,,3.75
"2022-05-28 13:00:00",4.65,,3.75
"2022-05-28 14:00:00",4.28,,6.5
"2022-05-28 15:00:00",3.4,,7.5
"2022-05-28 16:00:00",3.81,,5
"2022-05-28 17:00:00",3.11,,1.5
"2022-05-28 18:00:00",3.56,,0.75
"2022-05-28 19:00:00",4.01,,3.25
"2022-05-28 20:00:00",6.09,,4.25
"2022-05-28 21:00:00",8,,5.25
"2022-05-28 22:00:00",6.59,,6
"2022-05-28 23:00:00",4.93,,6
"2022-05-29 00:00:00",6.64,,6
"2022-05-29 01:00:00",10.4,,6.25
"2022-05-29 02:00:00",13.29,,7
"2022-05-29 03:00:00",13.19,,6.5
"2022-05-29 04:00:00",11.38,,4
"2022-05-29 05:00:00",9.18,,0.75
"2022-05-29 06:00:00",7.54,,0.75
"2022-05-29 07:00:00",4.51,,3.25
"2022-05-29 08:00:00",4.87,,3.25
"2022-05-29 09:00:00",3.74,,2
"2022-05-29 10:00:00",3.17,,4.75
"2022-05-29 11:00:00",2.48,,3.5
"2022-05-29 12:00:00",2.51,,1.75
"2022-05-29 13:00:00",2.67,,1
"2022-05-29 14:00:00",2.73,,1.75
"2022-05-29 15:00:00",2.84,,4.75
"2022-05-29 16:00:00",3.39,,7.25
"2022-05-29 17:00:00",5.01,,7.5
"2022-05-29 18:00:00",3.97,,5.75
"2022-05-29 19:00:00",6.38,,4.5
"2022-05-29 20:00:00",6.29,,3
"2022-05-29 21:00:00",6.13,,4.25
"2022-05-29 22:00:00",5.96,,7.5
"2022-05-29 23:00:00",5.11,,5.75
"2022-05-30 00:00:00",5.54,,4.75
"2022-05-30 01:00:00",4.37,,3.75
"2022-05-30 02:00:00",4.02,,2.5
"2022-05-30 03:00:00",3.39,,1
"2022-05-30 04:00:00",3,,1.25
"2022-05-30 05:00:00",3.45,,2.5
"2022-05-30 06:00:00",3.76,,4.25
"2022-05-30 07:00:00",4.81,,4.75
"2022-05-30 08:00:00",5.73,,3.5
"2022-05-30 09:00:00",5.05,,2.75
"2022-05-30 10:00:00",4.42,,4.5
"2022-05-30 11:00:00",3.56,,2.25
"2022-05-30 12:00:00",2.71,,-0.5
"2022-05-30 13:00:00",2.64,,-1.5
"2022-05-30 14:00:00",3.27,,0.75
"2022-05-30 15:00:00",4.47,,2.5
"2022-05-30 16:00:00",3.88,,0.5
"2022-05-30 17:00:00",3.99,,-1.25
"2022-05-30 18:00:00",3.93,,-1
"2022-05-30 19:00:00",3.34,,2.25
"2022-05-30 20:00:00",3.81,,2.75
"2022-05-30 21:00:00",4.92,,2.25
"2022-05-30 22:00:00",6.3,,2.25
"2022-05-30 22:01:00",,,
"2022-05-30 23:01:00",,,
"2022-05-31 00:00:00",3.83,,-1
"2022-05-31 01:00:00",4.6,,2.5
"2022-05-31 02:00:00",3.42,,3.75
"2022-05-31 03:00:00",3.08,,2.5
"2022-05-31 04:00:00",3.17,,1
"2022-05-31 05:00:00",2.89,,1.5
"2022-05-31 06:00:00",3.79,,3.25
"2022-05-31 07:00:00",4.88,,3.5
"2022-05-31 08:00:00",4.63,,2.25
"2022-05-31 09:00:00",5.99,,2.5
"2022-05-31 10:00:00",4.05,,0.25
"2022-05-31 11:00:00",4.04,,-1.5
"2022-05-31 11:01:00",,,
"2022-05-31 12:00:00",2.63
"2022-05-31 12:01:00",,,
"2022-05-31 13:00:00",2.7,,-0.25
"2022-05-31 14:00:00",2.65,,-1.25
"2022-05-31 15:00:00",4.29,,-1.75
"2022-05-31 15:01:00",,,
"2022-05-31 16:00:00",4.5
"2022-05-31 16:01:00",,,
"2022-05-31 17:00:00",4.86,,3.75
"2022-05-31 18:00:00",5.98,,5
"2022-05-31 19:00:00",6.08,,1.75
"2022-05-31 20:00:00",6.26,,2
"2022-05-31 21:00:00",6.78,,5
"2022-05-31 22:00:00",6.22,,4.5
"2022-05-31 23:00:00",4.52,,3.5
"2022-06-01 00:00:00",5.2,,4.5
"2022-06-01 01:00:00",5.18,,2
"2022-06-01 02:00:00",3.66,,-1.25
"2022-06-01 03:00:00",4.37,,-1.75
"2022-06-01 04:00:00",4.9,,-1
"2022-06-01 05:00:00",7.22,,-0.5
"2022-06-01 06:00:00",7.01,,1.25
"2022-06-01 07:00:00",5.19,,1.75
"2022-06-01 08:00:00",5.54,,1.25
"2022-06-01 09:00:00",4.74,,1.5
"2022-06-01 09:01:00",,,
"2022-06-01 10:01:00",,,
"2022-06-01 11:00:00",3.91,,1.25
"2022-06-01 12:00:00",3.58,,1.5
"2022-06-01 13:00:00",2.66,,0.5
"2022-06-01 14:00:00",4.97,,2
"2022-06-01 15:00:00",4.16,,2.25
"2022-06-01 16:00:00",3.69,,3
"2022-06-01 17:00:00",3.37,,2.25
"2022-06-01 18:00:00",3.03,,-0.25
"2022-06-01 19:00:00",3.34,,-0.75
"2022-06-01 20:00:00",5.05,,0.5
"2022-06-01 21:00:00",5.33,,2.25
"2022-06-01 22:00:00",9.4,,3
"2022-06-01 23:00:00",10.69,,3
"2022-06-02 00:00:00",11.84,,2.75
"2022-06-02 01:00:00",8.94,,1.75
"2022-06-02 02:00:00",10.22,,1
"2022-06-02 03:00:00",6.2,,1.75
"2022-06-02 04:00:00",9.44,,4
"2022-06-02 05:00:00",16.44,,3.75
"2022-06-02 06:00:00",15.57,,2.5
"2022-06-02 07:00:00",22.86,,1.75
"2022-06-02 08:00:00",20.09,,3.5
"2022-06-02 09:00:00",11,,2.25
"2022-06-02 10:00:00",3.26,,3.5
"2022-06-02 11:00:00",3.03,,4.75
"2022-06-02 12:00:00",2.88,,3.25
"2022-06-02 13:00:00",3.03,,0.5
"2022-06-02 14:00:00",2.87,,-1
"2022-06-02 15:00:00",5.81,,-1.5
"2022-06-02 16:00:00",4.76,,-2.5
"2022-06-02 17:00:00",4.7,,-0.75
"2022-06-02 18:00:00",6.46,,-0.25
"2022-06-02 19:00:00",7.7,,0.25
"2022-06-02 20:00:00",7.5,,3.75
"2022-06-02 21:00:00",4.9,,2.25
"2022-06-02 22:00:00",4.26,,-0.75
"2022-06-02 23:00:00",4.24,,-2.5
"2022-06-03 00:00:00",3.87,,-0.25
"2022-06-03 01:00:00",4.22,,2
"2022-06-03 02:00:00",3.2,,2.5
"2022-06-03 03:00:00",2.66,,3.5
"2022-06-03 04:00:00",2.97,,1.75
"2022-06-03 05:00:00",2.97,,1.5
"2022-06-03 06:00:00",3.93,,3
"2022-06-03 07:00:00",5.82,,2.75
"2022-06-03 08:00:00",4.26,,1.75
"2022-06-03 09:00:00",3.74,,0.5
"2022-06-03 10:00:00",4.93,,-0.75
"2022-06-03 10:01:00",,,
"2022-06-03 11:00:00",3.92
"2022-06-03 11:01:00",,,
"2022-06-03 12:00:00",4.63
"2022-06-03 13:00:00",4.53,,0.25
"2022-06-03 14:00:00",4.59,,1
"2022-06-03 15:00:00",4.35,,1.25
"2022-06-03 16:00:00",5.91,,2.5
"2022-06-03 17:00:00",11.9,,3.5
"2022-06-03 18:00:00",9,,1.25
"2022-06-03 19:00:00",8.37,,-0.25
"2022-06-03 20:00:00",11.27,,2.25
"2022-06-03 21:00:00",9.92,,2.75
"2022-06-03 22:00:00",9.67,,2.5
"2022-06-03 23:00:00",7.32,,3.75
"2022-06-04 00:00:00",6.44,,3.25
"2022-06-04 01:00:00",5.48,,4.5
"2022-06-04 02:00:00",5.4,,5.75
"2022-06-04 03:00:00",4.87,,4.5
"2022-06-04 04:00:00",4.52,,3.25
"2022-06-04 05:00:00",4.56,,3.75
"2022-06-04 06:00:00",4.46,,2.75
"2022-06-04 07:00:00",7.03,,2.5
"2022-06-04 08:00:00",8.15,,3.5
"2022-06-04 09:00:00",6.79,,2
"2022-06-04 10:00:00",8.73,,2.75
"2022-06-04 11:00:00",10.17,,5.25
"2022-06-04 12:00:00",10.82,,5.75
"2022-06-04 13:00:00",12.01,,5.25
"2022-06-04 14:00:00",19.53,,6.25
"2022-06-04 15:00:00",16.01,,7.25
"2022-06-04 16:00:00",17.33,,7.25
"2022-06-04 17:00:00",12.39,,5.5
"2022-06-04 18:00:00",9.45,,7.25
"2022-06-04 19:00:00",10.17,,8
"2022-06-04 20:00:00",8.52,,8
"2022-06-04 21:00:00",8.36,,8.25
"2022-06-04 22:00:00",9.29,,8
"2022-06-04 23:00:00",7.83,,6
"2022-06-05 00:00:00",5.52,,8.25
"2022-06-05 01:00:00",4.82,,5.5
"2022-06-05 02:00:00",4.66,,5
"2022-06-05 03:00:00",4.21,,7.75
"2022-06-05 04:00:00",3.25,,6.75
"2022-06-05 05:00:00",3.19,,6
"2022-06-05 06:00:00",3.67,,5.5
"2022-06-05 07:00:00",4.6,,3.75
"2022-06-05 08:00:00",6.36,,3.25
"2022-06-05 09:00:00",7.34,,3.75
"2022-06-05 10:00:00",9.41,,3.25
"2022-06-05 11:00:00",12.65,,4
"2022-06-05 12:00:00",10.36,,4.25
"2022-06-05 13:00:00",9.31,,4.75
"2022-06-05 14:00:00",12.74,,3.25
"2022-06-05 15:00:00",20.28,,1
"2022-06-05 16:00:00",12.79,,1
"2022-06-05 17:00:00",13.17,,0.75
"2022-06-05 17:01:00",,,
"2022-06-05 18:00:00",11.5
"2022-06-05 18:01:00",,,
"2022-06-05 19:00:00",9.25,,0.25
"2022-06-05 20:00:00",7.52,,1
"2022-06-05 21:00:00",15.21,,1.25
"2022-06-05 22:00:00",13.84,,2.5
"2022-06-05 23:00:00",9.33,,3.75
"2022-06-06 00:00:00",10.36,,2.75
"2022-06-06 01:00:00",5.53,,2
"2022-06-06 02:00:00",7.7,,2.5
"2022-06-06 03:00:00",6.42,,3.75
"2022-06-06 04:00:00",7.34,,3.5
"2022-06-06 05:00:00",5.57,,4.5
"2022-06-06 06:00:00",8.39,,2.75
"2022-06-06 07:00:00",12.38,,1.25
"2022-06-06 08:00:00",11.38,,-1.5
"2022-06-06 09:00:00",10.01,,-2.25
"2022-06-06 10:00:00",12.7,,0.75
"2022-06-06 11:00:00",9.01,,3
"2022-06-06 12:00:00",9.08,,2.5
"2022-06-06 13:00:00",6.44,,1.5
"2022-06-06 14:00:00",3.69,,3
"2022-06-06 15:00:00",3.64,,3
"2022-06-06 16:00:00",2.78,,3
"2022-06-06 17:00:00",3.79,,3
"2022-06-06 18:00:00",7.66,,3.75
"2022-06-06 19:00:00",7.58,,6
"2022-06-06 20:00:00",9.2,,5.25
"2022-06-06 21:00:00",5.74,,3.5
"2022-06-06 22:00:00",5.54,,5.25
"2022-06-06 23:00:00",4.48,,5.5
"2022-06-07 00:00:00",7.69,,4.75
"2022-06-07 01:00:00",4.82,,6.75
"2022-06-07 02:00:00",3.91,,5.75
"2022-06-07 03:00:00",3.19,,4.75
"2022-06-07 04:00:00",3.58,,4.25
"2022-06-07 05:00:00",4.71,,5.5
"2022-06-07 06:00:00",13.8,,6.5
"2022-06-07 07:00:00",18.98,,4.75
"2022-06-07 08:00:00",20.05,,5
"2022-06-07 09:00:00",10.15,,7.25
"2022-06-07 10:00:00",3.64,,5
"2022-06-07 11:00:00",4.08,,4.5
"2022-06-07 12:00:00",5.3,,2.5
"2022-06-07 13:00:00",6.25,,1.5
"2022-06-07 14:00:00",5.64,,3
"2022-06-07 15:00:00",6.05,,2.25
"2022-06-07 16:00:00",6.49,,-0.5
"2022-06-07 17:00:00",7.45,,-2.5
"2022-06-07 18:00:00",6.32,,-3.75
"2022-06-07 19:00:00",4.96,,-2.5
"2022-06-07 20:00:00",3.69,,-1
"2022-06-07 21:00:00",3.13,,-1
"2022-06-07 22:00:00",2.23,,-1
"2022-06-07 23:00:00",1.98,,-0.5
"2022-06-08 00:00:00",2.06,,0.75
"2022-06-08 01:00:00",1.93,,-0.75
"2022-06-08 02:00:00",1.81,,-2.25
"2022-06-08 02:01:00",,,
"2022-06-08 03:00:00",1.93
"2022-06-08 03:01:00",,,
"2022-06-08 04:00:00",2.26,,-0.25
"2022-06-08 05:00:00",2.42,,-0.75
"2022-06-08 06:00:00",2.98,,0.5
"2022-06-08 07:00:00",5.53,,2.5
"2022-06-08 08:00:00",5.96,,3.5
"2022-06-08 09:00:00",4.21,,1.5
"2022-06-08 10:00:00",2.97,,1
"2022-06-08 11:00:00",2.56,,4.25
"2022-06-08 12:00:00",2.83,,4.25
"2022-06-08 13:00:00",2.78,,1.5
"2022-06-08 14:00:00",2.6,,0.5
"2022-06-08 15:00:00",3.11,,2.75
"2022-06-08 16:00:00",2.86,,4.5
"2022-06-08 17:00:00",2.34,,2.75
"2022-06-08 18:00:00",2.37,,3
"2022-06-08 19:00:00",2.34,,5
"2022-06-08 20:00:00",3.28,,2
"2022-06-08 21:00:00",6.26,,2.75
"2022-06-08 22:00:00",5.69,,4.5
"2022-06-08 23:00:00",4.3,,3.75
"2022-06-09 00:00:00",2.61,,5.75
"2022-06-09 01:00:00",2.21,,5
"2022-06-09 02:00:00",2.55,,4.5
"2022-06-09 03:00:00",1.77,,2.75
"2022-06-09 04:00:00",1.67,,2
"2022-06-09 05:00:00",1.56,,1.25
"2022-06-09 06:00:00",2.65,,-0.75
"2022-06-09 07:00:00",4.46,,0.75
"2022-06-09 08:00:00",4.81,,2.25
"2022-06-09 09:00:00",4.71,,-0.25
"2022-06-09 10:00:00",3.5,,-0.5
"2022-06-09 11:00:00",2.68,,1.5
"2022-06-09 12:00:00",3.45,,3.25
"2022-06-09 13:00:00",3.5,,4.25
"2022-06-09 14:00:00",3.21,,6
"2022-06-09 15:00:00",3.03,,9.75
"2022-06-09 16:00:00",2.46,,11
"2022-06-09 17:00:00",3.08,,8.5
"2022-06-09 18:00:00",2.66,,11
"2022-06-09 19:00:00",2.59,,13.25
"2022-06-09 20:00:00",3.23,,10
"2022-06-09 21:00:00",3.18,,8.25
"2022-06-09 22:00:00",2.44,,12
"2022-06-09 23:00:00",1.83,,11.25
"2022-06-10 00:00:00",1.41,,9.5
"2022-06-10 01:00:00",1.36,,10.75
"2022-06-10 02:00:00",1.19,,10
"2022-06-10 03:00:00",1.12,,9
"2022-06-10 04:00:00",1.24,,7.25
"2022-06-10 05:00:00",1.25,,9.75
"2022-06-10 06:00:00",2.48,,6.5
"2022-06-10 07:00:00",3.23,,8
"2022-06-10 08:00:00",3.46,,8
"2022-06-10 09:00:00",3.2,,8
"2022-06-10 10:00:00",3.03,,7.25
"2022-06-10 11:00:00",2.83,,5
"2022-06-10 12:00:00",2.22,,5.5
"2022-06-10 13:00:00",1.88,,7
"2022-06-10 14:00:00",2.39,,7.5
"2022-06-10 15:00:00",2.5,,8
"2022-06-10 16:00:00",3.43,,5
"2022-06-10 17:00:00",4.19,,5.5
"2022-06-10 18:00:00",3.01,,6.25
"2022-06-10 19:00:00",2.09,,4
"2022-06-10 20:00:00",2.58,,4.25
"2022-06-10 21:00:00",2.47,,6.25
"2022-06-10 22:00:00",2.31,,9.75
"2022-06-10 23:00:00",1.9,,8.5
"2022-06-11 00:00:00",1.4,,7.25
"2022-06-11 01:00:00",1.28,,7.75
"2022-06-11 02:00:00",1.3,,6.75
"2022-06-11 03:00:00",1.38,,6.75
"2022-06-11 04:00:00",1.17,,8.25
"2022-06-11 05:00:00",1.58,,5.25
"2022-06-11 06:00:00",1.89,,3.5
"2022-06-11 07:00:00",3.11,,5
"2022-06-11 08:00:00",2.7,,4.75
"2022-06-11 09:00:00",3.43,,3.75
"2022-06-11 10:00:00",3.74,,3.25
"2022-06-11 11:00:00",3.73,,3.75
"2022-06-11 12:00:00",2.7,,4.25
"2022-06-11 13:00:00",3.19,,7.25
"2022-06-11 14:00:00",2.71,,4.75
"2022-06-11 15:00:00",3,,3.75
"2022-06-11 16:00:00",3.27,,3.25
"2022-06-11 17:00:00",4.05,,4.5
"2022-06-11 18:00:00",4.76,,6.5
"2022-06-11 19:00:00",3.23,,7.25
"2022-06-11 20:00:00",4.33,,4
"2022-06-11 21:00:00",5.56,,1.25
"2022-06-11 22:00:00",5.34,,2.25
"2022-06-11 23:00:00",4.02,,3.75
"2022-06-12 00:00:00",4.5,,5.25
"2022-06-12 01:00:00",3.75,,2.25
"2022-06-12 02:00:00",3.43,,0.25
"2022-06-12 03:00:00",4.15,,1.75
"2022-06-12 04:00:00",3.47,,4.25
"2022-06-12 05:00:00",2.36,,5
"2022-06-12 06:00:00",3.59,,4.5
"2022-06-12 07:00:00",2.65,,3.75
"2022-06-12 08:00:00",3.15,,5.75
"2022-06-12 09:00:00",1.66,,4.75
"2022-06-12 10:00:00",1.6,,3.5
"2022-06-12 11:00:00",1.7,,1.5
"2022-06-12 12:00:00",1.72,,0.75
"2022-06-12 13:00:00",1.69,,2.5
"2022-06-12 14:00:00",2.33,,1.25
"2022-06-12 15:00:00",1.91,,2
"2022-06-12 16:00:00",2.11,,1.25
"2022-06-12 17:00:00",2.26,,-0.75
"2022-06-12 18:00:00",2.14,,0.5
"2022-06-12 19:00:00",2.46,,2
"2022-06-12 20:00:00",2.18,,2
"2022-06-12 21:00:00",2.68,,1.5
"2022-06-12 22:00:00",2.85,,0.25
"2022-06-12 23:00:00",2.36,,0.75
"2022-06-13 00:00:00",1.84,,-0.25
"2022-06-13 01:00:00",1.66,,-1
"2022-06-13 02:00:00",1.71,,-0.75
"2022-06-13 03:00:00",2.1,,0.25
"2022-06-13 03:01:00",,,
"2022-06-13 04:00:00",1.96
"2022-06-13 04:01:00",,,
"2022-06-13 05:00:00",2.58,,-3
"2022-06-13 06:00:00",3.13,,-2.25
"2022-06-13 07:00:00",9.61,,-0.25
"2022-06-13 08:00:00",6.68,,-1
"2022-06-13 09:00:00",5.53,,-1
"2022-06-13 10:00:00",3.43,,-1
"2022-06-13 11:00:00",3.05,,-0.75
"2022-06-13 11:01:00",,,
"2022-06-13 12:00:00",2.66
"2022-06-13 12:01:00",,,
"2022-06-13 13:00:00",1.37,,-5
"2022-06-13 14:00:00",2.39,,-4.5
"2022-06-13 15:00:00",2.84,,-1.75
"2022-06-13 16:00:00",3.42,,1.75
"2022-06-13 17:00:00",2.65,,-0.25
"2022-06-13 18:00:00",3.91,,-3.75
"2022-06-13 19:00:00",2.69,,-3.5
"2022-06-13 20:00:00",4.28,,-4.5
"2022-06-13 21:00:00",4.68,,-1.75
"2022-06-13 22:00:00",3.51,,1
"2022-06-13 23:00:00",3.16,,-2
"2022-06-14 00:00:00",2.72,,-1.75
"2022-06-14 01:00:00",2.2,,-1.5
"2022-06-14 02:00:00",3.18,,-3.25
"2022-06-14 03:00:00",3.94,,-4
"2022-06-14 04:00:00",4.04,,-3.75
"2022-06-14 05:00:00",3.45,,-3.25
"2022-06-14 06:00:00",5.62,,-5
"2022-06-14 07:00:00",10.43,,-7.75
"2022-06-14 08:00:00",13.87,,-4.75
"2022-06-14 09:00:00",5.84,,2
"2022-06-14 10:00:00",3.2,,1.5
"2022-06-14 11:00:00",2.5,,-0.5
"2022-06-14 12:00:00",3.27,,-1.75
"2022-06-14 13:00:00",3.27,,-1.25
"2022-06-14 14:00:00",3.12,,-2.5
"2022-06-14 15:00:00",3.79,,-3.25
"2022-06-14 16:00:00",2.6,,-0.25
"2022-06-14 17:00:00",2.27,,2.25
"2022-06-14 18:00:00",2.33,,2.75
"2022-06-14 19:00:00",3.07,,1.25
"2022-06-14 20:00:00",4.92,,-1
"2022-06-14 21:00:00",7.06,,-0.5
"2022-06-14 22:00:00",9.83,,0.75
"2022-06-14 23:00:00",9.15,,-0.5
"2022-06-15 00:00:00",7.38,,-2
"2022-06-15 01:00:00",6.63,,-1.75
"2022-06-15 02:00:00",5.44,,-0.75
"2022-06-15 03:00:00",5.57,,0.25
"2022-06-15 04:00:00",6.68,,1
"2022-06-15 05:00:00",7.02,,1.25
"2022-06-15 06:00:00",12.5,,1.75
"2022-06-15 07:00:00",8.77,,0.5
"2022-06-15 08:00:00",14.13,,-1.25
"2022-06-15 09:00:00",4.88,,-1.75
"2022-06-15 10:00:00",2.97,,-1
"2022-06-15 11:00:00",2.55,,-0.75
"2022-06-15 12:00:00",2.17,,-0.25
"2022-06-15 13:00:00",1.76,,-1.5
"2022-06-15 14:00:00",2.05,,-2.5
"2022-06-15 15:00:00",2.61,,-0.75
"2022-06-15 15:01:00",,,
"2022-06-15 16:00:00",2.83
"2022-06-15 16:01:00",,,
"2022-06-15 17:00:00",2.66
"2022-06-15 18:00:00",2.85,,-0.25
"2022-06-15 19:00:00",3.41,,-1
"2022-06-15 20:00:00",3.9,,-0.5
"2022-06-15 21:00:00",5,,0.75
"2022-06-15 21:01:00",,,
"2022-06-15 22:00:00",4.97
"2022-06-15 22:01:00",,,
"2022-06-15 23:00:00",5.75,,-0.25
"2022-06-16 00:00:00",5.34,,-1.5
"2022-06-16 01:00:00",4.82,,-2.5
"2022-06-16 02:00:00",3.53,,-0.75
"2022-06-16 03:00:00",4.48,,0.25
"2022-06-16 04:00:00",4.51,,1
"2022-06-16 05:00:00",3.98,,0.5
"2022-06-16 06:00:00",6.46,,-0.75
"2022-06-16 06:01:00",,,
"2022-06-16 07:00:00",7.84
"2022-06-16 07:01:00",,,
"2022-06-16 08:00:00",21.01,,-0.25
"2022-06-16 09:00:00",4.95,,-0.75
"2022-06-16 09:01:00",,,
"2022-06-16 10:00:00",2.96
"2022-06-16 10:01:00",,,
"2022-06-16 11:00:00",2.47
"2022-06-16 12:00:00",2.84,,0.25
"2022-06-16 13:00:00",2.5,,0.75
"2022-06-16 14:00:00",2.79,,0.5
"2022-06-16 15:00:00",3.4,,2.5
"2022-06-16 16:00:00",2.75,,3.25
"2022-06-16 17:00:00",2.79,,0.75
"2022-06-16 18:00:00",3.56,,-0.5
"2022-06-16 19:00:00",3.49,,-1.75
"2022-06-16 20:00:00",3.68,,-0.75
"2022-06-16 21:00:00",4.72,,0.25
"2022-06-16 22:00:00",5.73,,1.25
"2022-06-16 23:00:00",3.89,,2
"2022-06-17 00:00:00",4.37,,1.5
"2022-06-17 01:00:00",4.39,,0.25
"2022-06-17 02:00:00",5.26,,1.25
"2022-06-17 03:00:00",3.28,,1.75
"2022-06-17 04:00:00",2.64,,0.5
"2022-06-17 05:00:00",3.02,,-0.75
"2022-06-17 06:00:00",3.55,,1
"2022-06-17 07:00:00",5.71,,3.5
"2022-06-17 08:00:00",5.28,,1.75
"2022-06-17 09:00:00",4.54,,1.75
"2022-06-17 10:00:00",3.19,,3.5
"2022-06-17 11:00:00",3.41,,1.5
"2022-06-17 12:00:00",2.72,,-0.5
"2022-06-17 13:00:00",2.83,,-2
"2022-06-17 14:00:00",3.01,,-2
"2022-06-17 15:00:00",4.3,,-2.25
"2022-06-17 16:00:00",5.77,,-2.75
"2022-06-17 17:00:00",8.46,,-1.5
"2022-06-17 18:00:00",6.6,,-0.25
"2022-06-17 19:00:00",6.13,,-0.75
"2022-06-17 20:00:00",5.22,,0.5
"2022-06-17 21:00:00",5.29,,2
"2022-06-17 22:00:00",5.48,,1.75
"2022-06-17 23:00:00",3.84,,1.75
"2022-06-18 00:00:00",2.48,,4
"2022-06-18 01:00:00",2.02,,3
"2022-06-18 02:00:00",2.53,,0.25
"2022-06-18 03:00:00",2.08,,1.5
"2022-06-18 04:00:00",1.8,,2.75
"2022-06-18 05:00:00",2.64,,1.5
"2022-06-18 06:00:00",2.41,,0.75
"2022-06-18 07:00:00",1.74,,3
"2022-06-18 08:00:00",1.39,,2.75
"2022-06-18 09:00:00",2.03,,2.25
"2022-06-18 10:00:00",2.77,,3.25
"2022-06-18 11:00:00",3.74,,4
"2022-06-18 12:00:00",4.64,,4.75
"2022-06-18 13:00:00",4.44,,6.25
"2022-06-18 14:00:00",3.36,,3.25
"2022-06-18 15:00:00",4.66,,1.5
"2022-06-18 16:00:00",3.49,,3
"2022-06-18 17:00:00",4.01,,2.75
"2022-06-18 18:00:00",3.95,,1.75
"2022-06-18 19:00:00",3.78,,1.25
"2022-06-18 20:00:00",3.22,,2
"2022-06-18 21:00:00",3.62,,2
"2022-06-18 22:00:00",3.23,,2.5
"2022-06-18 23:00:00",3.36,,4.5
"2022-06-19 00:00:00",4.94,,5.5
"2022-06-19 01:00:00",3.81,,3.25
"2022-06-19 02:00:00",3.37,,0.5
"2022-06-19 03:00:00",3.44,,-0.75
"2022-06-19 03:01:00",,,
"2022-06-19 04:00:00",1.44
"2022-06-19 04:01:00",,,
"2022-06-19 05:00:00",1.19,,-0.25
"2022-06-19 06:00:00",1.37,,0.25
"2022-06-19 07:00:00",1.74,,4.5
"2022-06-19 08:00:00",1.92,,5.75
"2022-06-19 09:00:00",1.54,,4.25
"2022-06-19 10:00:00",2.22,,1.5
"2022-06-19 11:00:00",2.2,,0.25
"2022-06-19 12:00:00",2.51,,1.25
"2022-06-19 13:00:00",2.87,,1.75
"2022-06-19 14:00:00",3.31,,1
"2022-06-19 15:00:00",2.85,,1.75
"2022-06-19 16:00:00",2.67,,3.75
"2022-06-19 17:00:00",2.68,,2.5
"2022-06-19 18:00:00",3.27,,1
"2022-06-19 19:00:00",3.8,,1
"2022-06-19 20:00:00",3.47,,1
"2022-06-19 21:00:00",3.9,,0.75
"2022-06-19 22:00:00",6.06,,0.5
"2022-06-19 23:00:00",4.5,,2.25
"2022-06-20 00:00:00",2.28,,2.25
"2022-06-20 01:00:00",1.68,,0.25
"2022-06-20 02:00:00",1.71,,1
"2022-06-20 03:00:00",1.71,,0.25
"2022-06-20 04:00:00",2.32,,-2
"2022-06-20 05:00:00",3.08,,-1
"2022-06-20 06:00:00",3.85,,2
"2022-06-20 07:00:00",5.33,,2.5
"2022-06-20 08:00:00",4.13,,4.25
"2022-06-20 09:00:00",3.73,,4.75
"2022-06-20 10:00:00",2.9,,4.25
"2022-06-20 11:00:00",2.98,,4.5
"2022-06-20 12:00:00",2.67,,3.25
"2022-06-20 13:00:00",2.31,,4
"2022-06-20 14:00:00",2.29,,3.5
"2022-06-20 15:00:00",2.55,,1.75
"2022-06-20 16:00:00",2.57,,1.25
"2022-06-20 17:00:00",3.68,,2
"2022-06-20 18:00:00",3.34,,1.5
"2022-06-20 18:01:00",,,
"2022-06-20 19:00:00",5.01
"2022-06-20 19:01:00",,,
"2022-06-20 20:00:00",5.49,,0.5
"2022-06-20 21:00:00",7.91,,3.75
"2022-06-20 22:00:00",12.79,,9.25
"2022-06-20 23:00:00",5.49,,8.75
"2022-06-21 00:00:00",4.19,,4.5
"2022-06-21 01:00:00",3.92,,3
"2022-06-21 02:00:00",3.38,,3.5
"2022-06-21 03:00:00",4.65,,4.75
"2022-06-21 04:00:00",4.59,,4.25
"2022-06-21 05:00:00",4.92,,4.75
"2022-06-21 06:00:00",9.5,,3.75
"2022-06-21 07:00:00",15.71,,3.75
"2022-06-21 08:00:00",20.17,,5.5
"2022-06-21 09:00:00",15.79,,3.75
"2022-06-21 10:00:00",7.8,,2.75
"2022-06-21 11:00:00",3.16,,2
"2022-06-21 12:00:00",2.82,,1.5
"2022-06-21 13:00:00",3.47,,-0.25
"2022-06-21 14:00:00",3.31,,-1
"2022-06-21 15:00:00",3.3,,-1
"2022-06-21 16:00:00",3.72,,-0.5
"2022-06-21 17:00:00",4.58,,0.75
"2022-06-21 17:01:00",,,
"2022-06-21 18:00:00",4.28
"2022-06-21 18:01:00",,,
"2022-06-21 19:00:00",5.74,,1.5
"2022-06-21 20:00:00",5.8,,6
"2022-06-21 21:00:00",7.78,,5.25
"2022-06-21 22:00:00",7.23,,2.5
"2022-06-21 23:00:00",5.01,,0.75
"2022-06-22 00:00:00",3.81,,-0.5
"2022-06-22 01:00:00",5.45,,-2
"2022-06-22 02:00:00",4.06,,-1.5
"2022-06-22 03:00:00",3.73,,-0.25
"2022-06-22 04:00:00",2.67,,-1
"2022-06-22 05:00:00",3.07,,-0.75
"2022-06-22 06:00:00",3.76,,0.5
"2022-06-22 07:00:00",5.15,,2.75
"2022-06-22 08:00:00",4.37,,4.75
"2022-06-22 09:00:00",3.86,,3.75
"2022-06-22 10:00:00",3.86,,3
"2022-06-22 11:00:00",3.27,,2.5
"2022-06-22 12:00:00",3.08,,0.5
"2022-06-22 13:00:00",2.57,,-1.25
"2022-06-22 14:00:00",4.67,,-1.75
"2022-06-22 15:00:00",5.49,,-0.5
"2022-06-22 16:00:00",4.31,,1.5
"2022-06-22 17:00:00",4.37,,2.75
"2022-06-22 18:00:00",5.07,,1.5
"2022-06-22 19:00:00",5.3,,0.5
"2022-06-22 20:00:00",6.01,,1.75
"2022-06-22 21:00:00",6.37,,0.5
"2022-06-22 22:00:00",8.06,,-1
"2022-06-22 23:00:00",6.15,,-0.25
"2022-06-23 00:00:00",4.45,,2
"2022-06-23 01:00:00",4.58,,1.5
"2022-06-23 02:00:00",6.06,,0.25
"2022-06-23 03:00:00",5.12,,1.25
"2022-06-23 04:00:00",4.08,,2.25
"2022-06-23 05:00:00",3.49,,2.75
"2022-06-23 06:00:00",3.56,,1.75
"2022-06-23 07:00:00",3.1,,0.75
"2022-06-23 08:00:00",3.68,,0.5
"2022-06-23 09:00:00",4.49,,2
"2022-06-23 10:00:00",3.37,,1.5
"2022-06-23 11:00:00",3.39,,-0.25
"2022-06-23 12:00:00",2.98,,-1
"2022-06-23 13:00:00",2.26,,-1
"2022-06-23 14:00:00",2.75,,-1
"2022-06-23 15:00:00",2.45,,-0.5
"2022-06-23 16:00:00",2.61,,1.25
"2022-06-23 17:00:00",2.17,,1.5
"2022-06-23 18:00:00",2.23,,-0.25
"2022-06-23 19:00:00",2.34,,-0.75
"2022-06-23 19:01:00",,,
"2022-06-23 20:00:00",3.65
"2022-06-23 20:01:00",,,
"2022-06-23 21:00:00",4.59,,1.5
"2022-06-23 22:00:00",3.64,,6.25
"2022-06-23 23:00:00",5.14,,6.75
"2022-06-24 00:00:00",5.18,,6
"2022-06-24 01:00:00",3.15,,6.25
"2022-06-24 02:00:00",1.94,,5.75
"2022-06-24 03:00:00",2.27,,1.5
"2022-06-24 04:00:00",1.83,,-0.25
"2022-06-24 05:00:00",2.04,,-1.25
"2022-06-24 06:00:00",3.2,,-2.25
"2022-06-24 07:00:00",4.74,,-3.5
"2022-06-24 08:00:00",6.26,,-4.75
"2022-06-24 09:00:00",6.95,,-3.5
"2022-06-24 10:00:00",5.9,,-2
"2022-06-24 11:00:00",5.58,,-2
"2022-06-24 12:00:00",4.18,,-2
"2022-06-24 13:00:00",3.19,,-2.5
"2022-06-24 14:00:00",2.46,,-4.25
"2022-06-24 15:00:00",3.29,,-4.5
"2022-06-24 16:00:00",3.27,,-2.5
"2022-06-24 17:00:00",3.3,,-1
"2022-06-24 18:00:00",3.12,,-1
"2022-06-24 19:00:00",3.36,,-0.75
"2022-06-24 20:00:00",3.03,,-0.25
"2022-06-24 21:00:00",2.81,,-1
"2022-06-24 22:00:00",3.13,,-1
"2022-06-24 23:00:00",2.96,,-1
"2022-06-25 00:00:00",3.04,,-1
"2022-06-25 01:00:00",2.46,,-1.5
"2022-06-25 02:00:00",2.02,,-3.25
"2022-06-25 03:00:00",2.28,,-3.25
"2022-06-25 04:00:00",1.85,,-1
"2022-06-25 05:00:00",1.53,,-0.5
"2022-06-25 06:00:00",1.89,,0.75
"2022-06-25 07:00:00",1.71,,-0.25
"2022-06-25 07:01:00",,,
"2022-06-25 08:01:00",,,
"2022-06-25 10:00:00",1.78,,1.75
"2022-06-25 11:00:00",1.96,,3.5
"2022-06-25 12:00:00",2.15,,1
"2022-06-25 13:00:00",1.8,,-1.5
"2022-06-25 13:01:00",,,
"2022-06-25 14:00:00",1.86
"2022-06-25 14:01:00",,,
"2022-06-25 15:00:00",2.7,,-0.25
"2022-06-25 16:00:00",2.42,,-1.25
"2022-06-25 17:00:00",2.66,,-1.75
"2022-06-25 18:00:00",3.38,,-0.75
"2022-06-25 19:00:00",2.38,,0.25
"2022-06-25 20:00:00",1.92,,0.75
"2022-06-25 21:00:00",1.69,,-0.25
"2022-06-25 22:00:00",1.74,,-1
"2022-06-25 23:00:00",1.49,,-1.5
"2022-06-26 00:00:00",1.27,,-2.75
"2022-06-26 01:00:00",1.16,,-2.25
"2022-06-26 02:00:00",1.13,,-2.75
"2022-06-26 03:00:00",1.16,,-0.75
"2022-06-26 04:00:00",0.82,,2.75
"2022-06-26 05:00:00",0.87,,1.25
"2022-06-26 06:00:00",0.99,,-1.5
"2022-06-26 07:00:00",1.53,,-2.5
"2022-06-26 08:00:00",1.08,,-0.75
"2022-06-26 09:00:00",1.15,,0.5
"2022-06-26 10:00:00",1,,1.5
"2022-06-26 11:00:00",1.25,,0.5
"2022-06-26 12:00:00",1.33,,1.75
"2022-06-26 13:00:00",1.68,,0.5
"2022-06-26 14:00:00",1.69,,-0.25
"2022-06-26 15:00:00",1.55,,1.75
"2022-06-26 15:01:00",,,
"2022-06-26 16:00:00",1.78
"2022-06-26 16:01:00",,,
"2022-06-26 17:00:00",2.36,,-3.25
"2022-06-26 18:00:00",1.82,,-3.75
"2022-06-26 19:00:00",1.9,,-2.5
"2022-06-26 20:00:00",1.97,,-0.5
"2022-06-26 21:00:00",1.89,,1.75
"2022-06-26 22:00:00",1.86,,3.75
"2022-06-26 23:00:00",2.32,,2.5
"2022-06-27 00:00:00",2.2,,1
"2022-06-27 01:00:00",2.78,,0.75
"2022-06-27 02:00:00",2.3,,0.25
"2022-06-27 03:00:00",1.9,,1.25
"2022-06-27 04:00:00",3.44,,1.75
"2022-06-27 05:00:00",4.15,,0.75
"2022-06-27 06:00:00",4.51,,-0.5
"2022-06-27 07:00:00",4.79,,-1.25
"2022-06-27 08:00:00",3.61,28.59,1.75
"2022-06-27 09:00:00",2.18,35.73,3.5
"2022-06-27 10:00:00",1.93,36.13,1.75
"2022-06-27 11:00:00",1.66,37.49,1.5
"2022-06-27 12:00:00",2.01,39.32,3.25
"2022-06-27 13:00:00",2.52,38.67,3.75
"2022-06-27 14:00:00",2.18,40.68,2.75
"2022-06-27 15:00:00",2.8,38.29,2
"2022-06-27 16:00:00",3.52,41.16,2.25
"2022-06-27 17:00:00",3.11,40.17,3
"2022-06-27 18:00:00",2.64,39.82,3.5
"2022-06-27 19:00:00",2.06,38.19,5
"2022-06-27 20:00:00",1.75,38.92,4.75
"2022-06-27 21:00:00",1.55,38.27,3.75
"2022-06-27 22:00:00",1.38,37.59,3
"2022-06-27 23:00:00",1.41,34.37,2.75
"2022-06-28 00:00:00",0.8,34.05,1
"2022-06-28 01:00:00",0.83,35.81,-2.5
"2022-06-28 02:00:00",0.76,35.13,-3.25
"2022-06-28 03:00:00",0.44,32.97,-1
"2022-06-28 04:00:00",0.6,32.1,-1.5
"2022-06-28 05:00:00",0.7,31.07,-3.75
"2022-06-28 06:00:00",1.6,29.05,-6
"2022-06-28 07:00:00",3.34,22.52,-5.5
"2022-06-28 08:00:00",3.46,24.86,-3.25
"2022-06-28 08:01:00",,,
"2022-06-28 09:00:00",2.38,30.19
"2022-06-28 09:01:00",,,
"2022-06-28 10:00:00",1.92,33.17,3.25
"2022-06-28 11:00:00",1.82,33.82,4
"2022-06-28 12:00:00",1.79,34.01,4
"2022-06-28 13:00:00",2.19,32.81,4
"2022-06-28 14:00:00",2.08,33.16,3.75
"2022-06-28 15:00:00",2.49,32.09,3
"2022-06-28 16:00:00",2.3,30.99,2.75
"2022-06-28 17:00:00",3.07,27.13,1.75
"2022-06-28 18:00:00",2.43,27.55,0.5
"2022-06-28 19:00:00",2.07,26.47,-1
"2022-06-28 20:00:00",2.93,24.51,-0.25
"2022-06-28 21:00:00",3.3,19.55,2
"2022-06-28 22:00:00",3.19,19.19,1.5
"2022-06-28 22:01:00",,,
"2022-06-28 23:00:00",2.11,20.84
"2022-06-28 23:01:00",,,
"2022-06-29 00:00:00",1.8,22.14
"2022-06-29 01:00:00",2.07,19.18,-0.5
"2022-06-29 02:00:00",1.65,15.12,-2
"2022-06-29 03:00:00",1.85,15.19,-1.5
"2022-06-29 04:00:00",1.45,18.31,0.25
"2022-06-29 05:00:00",1.47,10.16,1
"2022-06-29 06:00:00",2.94,8.83,1.5
"2022-06-29 07:00:00",3.49,11.72,2.75
"2022-06-29 08:00:00",5.26,15.05,1.25
"2022-06-29 09:00:00",4.53,26.02,-1.5
"2022-06-29 10:00:00",2.37,30.51,-2.75
"2022-06-29 11:00:00",4.84,27.61,-2
"2022-06-29 12:00:00",5.38,29.18,-2
"2022-06-29 13:00:00",4.31,31.87,-1.5
"2022-06-29 13:01:00",,,
"2022-06-29 14:00:00",5.88,29.41
"2022-06-29 14:01:00",,,
"2022-06-29 15:00:00",9.5,26.78,-0.75
"2022-06-29 16:00:00",3.95,32.34,-1.75
"2022-06-29 17:00:00",3.27,31.19,3
"2022-06-29 18:00:00",5.09,28.98,5
"2022-06-29 19:00:00",8.16,23.33,1.25
"2022-06-29 19:01:00",,,
"2022-06-29 20:00:00",4.47,25.59
"2022-06-29 20:01:00",,,
"2022-06-29 21:00:00",4.33,16.31,3
"2022-06-29 22:00:00",3.96,9.48,2.75
"2022-06-29 23:00:00",3.6,10.28,1.75
"2022-06-30 00:00:00",2.13,14.29,0.25
"2022-06-30 01:00:00",1.79,13.01,-2
"2022-06-30 02:00:00",1.77,12.3,-1.5
"2022-06-30 03:00:00",1.68,8.65,0.25
"2022-06-30 04:00:00",1.33,15.24,0.5
"2022-06-30 05:00:00",2.24,10.18,-1
"2022-06-30 06:00:00",3.61,4.52,-0.5
"2022-06-30 07:00:00",6.08,2.25,1
"2022-06-30 08:00:00",13.3,1.3,1
"2022-06-30 09:00:00",4.31,27.74,1
"2022-06-30 10:00:00",4.19,29.12,0.75
"2022-06-30 11:00:00",4.43,32.48,1
"2022-06-30 12:00:00",5.97,29.49,3.5
"2022-06-30 13:00:00",1.92,37.09,2
"2022-06-30 14:00:00",1.77,41.42,2
"2022-06-30 15:00:00",7.67,34.77,1.75
"2022-06-30 16:00:00",6.71,35.07,1.5
"2022-06-30 17:00:00",5.06,37.3,3
"2022-06-30 18:00:00",6.19,30.74,2.75
"2022-06-30 19:00:00",4.23,34.26,1.5
"2022-06-30 20:00:00",3.1,34.7,-0.25
"2022-06-30 21:00:00",3.9,26.41,-0.5
"2022-06-30 22:00:00",3.57,27.81,1.25
"2022-06-30 23:00:00",3.61,22.93,1.75
"2022-07-01 00:00:00",3.48,13.03,1
"2022-07-01 01:00:00",4.1,3.1,1.25
"2022-07-01 02:00:00",3.76,-1.29,2.25
"2022-07-01 03:00:00",4.93,-5.72,2.5
"2022-07-01 04:00:00",4.21,-7.7,0.5
"2022-07-01 05:00:00",4.17,-5.48,-1.75
"2022-07-01 06:00:00",3.42,1.17,-4.5
"2022-07-01 07:00:00",6.71,4.99,-5.25
"2022-07-01 08:00:00",9.03,16.08,-2.75
"2022-07-01 09:00:00",4.42,33.65,-2
"2022-07-01 10:00:00",4.92,29.49,-1.75
"2022-07-01 11:00:00",5.83,25.25,-1.5
"2022-07-01 12:00:00",3.93,27.92,-3
"2022-07-01 13:00:00",3.89,28.62,-2.75
"2022-07-01 14:00:00",3.53,23.46,-2.5
"2022-07-01 15:00:00",3.08,13.95,-3.5
"2022-07-01 16:00:00",2.14,20.33,-1.75
"2022-07-01 17:00:00",2.96,22.03,-1
"2022-07-01 18:00:00",4.03,16.69,-1
"2022-07-01 19:00:00",4.21,17.4,-0.75
"2022-07-01 19:01:00",,,
"2022-07-01 20:00:00",5.05,18.09
"2022-07-01 20:01:00",,,
"2022-07-01 21:00:00",3.34,26.02,-0.5
"2022-07-01 22:00:00",2.94,20.04,-1.5
"2022-07-01 23:00:00",2.91,16.55,0.75
"2022-07-02 00:00:00",2.52,8.56,2.5
"2022-07-02 01:00:00",2.11,16.91,1
"2022-07-02 02:00:00",1.78,14.87,1
"2022-07-02 03:00:00",1.86,5.75,1
"2022-07-02 04:00:00",1.39,12.65,1.25
"2022-07-02 05:00:00",2.29,3.48,1.25
"2022-07-02 06:00:00",3.69,-0.78,-1.25
"2022-07-02 07:00:00",3.64,17.84,-2
"2022-07-02 08:00:00",3.29,25.57,-1
"2022-07-02 09:00:00",2.6,30.63,2.5
"2022-07-02 10:00:00",1.69,33.52,3.25
"2022-07-02 11:00:00",2.27,30.87,1.25
"2022-07-02 12:00:00",2.49,26.09,1.75
"2022-07-02 13:00:00",1.32,30.06,0.75
"2022-07-02 14:00:00",1.52,29.65,-0.25
"2022-07-02 15:00:00",1.87,27.08,-1.25
"2022-07-02 16:00:00",2.53,21.5,-2.25
"2022-07-02 17:00:00",2.85,26.51,-3
"2022-07-02 18:00:00",1.45,25.6,-2.75
"2022-07-02 19:00:00",1.99,26.26,-1.5
"2022-07-02 20:00:00",2.04,24.82,1
"2022-07-02 21:00:00",1.79,21.11,3.5
"2022-07-02 22:00:00",2.66,14.29,1.5
"2022-07-02 23:00:00",1.56,28.51,-0.25