"Date and Time","NO<sub>2</sub>","O<sub>3</sub>","PM<sub>2.5</sub>"
"2023-01-02 01:00:00",11.22,6.16,14.25
"2023-01-02 02:00:00",9.59,4.47,8.25
"2023-01-02 03:00:00",6.73,4.01,6.75
"2023-01-02 04:00:00",7.89,-0.53,7.75
"2023-01-02 05:00:00",10.06,-3.54,3
"2023-01-02 06:00:00",11.49,-6.99,1
"2023-01-02 07:00:00",12.49,-10.7,4.25
"2023-01-02 08:00:00",17.74,-13.93,5
"2023-01-02 09:00:00",18.93,-15.54,4.75
"2023-01-02 10:00:00",21.5,-14.94,4
"2023-01-02 11:00:00",22.98,-12.92,4
"2023-01-02 12:00:00",26.23,-10.1,6.25
"2023-01-02 13:00:00",34.87,-7.25,13
"2023-01-02 14:00:00",30.58,-3.56,11.75
"2023-01-02 15:00:00",37.36,-8.29,8.5
"2023-01-02 16:00:00",37.34,7,9.75
"2023-01-02 17:00:00",16.32,34.4,8
"2023-01-02 18:00:00",14.8,41.66,5.75
"2023-01-02 19:00:00",11.49,48.06,8.25
"2023-01-02 20:00:00",9.17,55.59,8.25
"2023-01-02 21:00:00",4.75,64.7,5.25
"2023-01-02 22:00:00",2.62,68.51,3
"2023-01-02 23:00:00",2.36,69.2,2.25
"2023-01-02 23:01:00",,,
"2023-01-03 00:00:00",1.73,70.3
"2023-01-03 00:01:00",,,
"2023-01-03 01:00:00",1.07,70.53
"2023-01-03 02:00:00",0.91,64.74,0.5
"2023-01-03 03:00:00",0.86,57.96,3
"2023-01-03 04:00:00",1.36,51.58,5.75
"2023-01-03 05:00:00",1.31,53.59,4.25
"2023-01-03 06:00:00",1.67,51.65,2
"2023-01-03 07:00:00",3.23,47.16,2
"2023-01-03 08:00:00",3.18,55.52,1.75
"2023-01-03 09:00:00",4.25,57.49,0.5
"2023-01-03 10:00:00",4.08,56.87,-0.75
"2023-01-03 11:00:00",4.76,58.54,0.25
"2023-01-03 12:00:00",5.38,59.63,1.25
"2023-01-03 13:00:00",5.31,57.48,2
"2023-01-03 14:00:00",5.11,57.11,1
"2023-01-03 15:00:00",5.58,56.69,-2.75
"2023-01-03 16:00:00",4.47,58.72,-4.25
"2023-01-03 17:00:00",3.65,62.35,-1.5
"2023-01-03 18:00:00",3.57,63.31,0.25
"2023-01-03 19:00:00",2.79,65.15,1
"2023-01-03 20:00:00",2.2,66.18,1.25
"2023-01-03 21:00:00",2.27,66.01,1.5
"2023-01-03 22:00:00",1.94,65.9,-0.25
"2023-01-03 23:00:00",1.38,65.27,-1
"2023-01-04 00:00:00",0.99,67.33,-1
"2023-01-04 01:00:00",0.9,64.45,0.5
"2023-01-04 02:00:00",0.78,64.15,5.25
"2023-01-04 03:00:00",0.99,61.5,6.25
"2023-01-04 04:00:00",0.87,60.16,7
"2023-01-04 05:00:00",0.82,56.42,6.75
"2023-01-04 06:00:00",1.23,57.82,6
"2023-01-04 07:00:00",2.23,53.17,6.25
"2023-01-04 08:00:00",6.9,45.72,7
"2023-01-04 09:00:00",8.24,42.99,7.5
"2023-01-04 10:00:00",7.96,44.35,8.25
"2023-01-04 11:00:00",6.41,43.63,5.5
"2023-01-04 12:00:00",7.37,39.7,5
"2023-01-04 13:00:00",8.04,38.44,7.5
"2023-01-04 14:00:00",6.16,45.51,5.75
"2023-01-04 15:00:00",8.19,43.04,4.5
"2023-01-04 16:00:00",9.61,40.84,2.75
"2023-01-04 17:00:00",9.27,39.73,2.5
"2023-01-04 18:00:00",19.67,23.29,5
"2023-01-04 19:00:00",10.19,36.58,8
"2023-01-04 20:00:00",6.7,40.67,7.5
"2023-01-04 21:00:00",15.49,23.96,6.25
"2023-01-04 22:00:00",12.76,23.97,7
"2023-01-04 23:00:00",4.94,34.28,6.75
"2023-01-05 00:00:00",2.66,37.43,6.25
"2023-01-05 01:00:00",1.56,43.71,6
"2023-01-05 02:00:00",1.8,39.53,2.25
"2023-01-05 02:01:00",,,
"2023-01-05 03:00:00",1.96,32.98
"2023-01-05 03:01:00",,,
"2023-01-05 04:00:00",1.35,44.17,-0.5
"2023-01-05 05:00:00",1.02,56.77,-2.25
"2023-01-05 06:00:00",1.58,57.13,-2.25
"2023-01-05 07:00:00",3.84,58.8,0.75
"2023-01-05 08:00:00",7.37,56.7,2.5
"2023-01-05 09:00:00",6.91,58.11,1
"2023-01-05 10:00:00",4.63,62.83,1.75
"2023-01-05 11:00:00",4.55,62.64,4.25
"2023-01-05 12:00:00",4.14,62.85,4.5
"2023-01-05 13:00:00",4.06,62.92,2.75
"2023-01-05 14:00:00",4.56,61.15,1.25
"2023-01-05 15:00:00",5.97,57.18,-1
"2023-01-05 16:00:00",11.45,44.4,-0.5
"2023-01-05 17:00:00",11.72,47.99,1.5
"2023-01-05 18:00:00",8.07,53.15,2.75
"2023-01-05 19:00:00",7.77,50.5,2.25
"2023-01-05 20:00:00",8.56,45.29,3.25
"2023-01-05 21:00:00",16.67,34.07,3.75
"2023-01-05 22:00:00",17.9,18.88,3.5
"2023-01-05 23:00:00",12.08,15.69,4.25
"2023-01-06 00:00:00",7.92,21.49,2.75
"2023-01-06 01:00:00",3.4,27.43,4.75
"2023-01-06 02:00:00",2.4,31.61,3.5
"2023-01-06 03:00:00",2.66,22.43,1.75
"2023-01-06 04:00:00",2.52,18.1,0.25
"2023-01-06 05:00:00",3.91,12.7,-2.25
"2023-01-06 06:00:00",5.91,12.11,-2.75
"2023-01-06 07:00:00",8.18,23.43,-2.5
"2023-01-06 08:00:00",17.81,16.34,-3.5
"2023-01-06 09:00:00",19.29,24.47,-1
"2023-01-06 10:00:00",17.24,27.27,1.25
"2023-01-06 11:00:00",11.01,50.21,-1.75
"2023-01-06 12:00:00",6.41,56.79,-3
"2023-01-06 13:00:00",3.67,63.64,0.5
"2023-01-06 14:00:00",4.01,63.72,2.5
"2023-01-06 15:00:00",4.74,62.88,3.75
"2023-01-06 16:00:00",7.41,56.89,2.5
"2023-01-06 17:00:00",7.12,55.69,0.75
"2023-01-06 18:00:00",3.78,63.13,-0.5
"2023-01-06 19:00:00",3.4,64.34,-1.75
"2023-01-06 20:00:00",2.86,64.82,0.5
"2023-01-06 21:00:00",2.43,63.9,4.5
"2023-01-06 22:00:00",6.98,49.29,2.5
"2023-01-06 23:00:00",5.7,41.68,1.25
"2023-01-07 00:00:00",3.92,39.97,2
"2023-01-07 01:00:00",4.1,29.84,1.5
"2023-01-07 02:00:00",4.6,36.11,0.5
"2023-01-07 03:00:00",1.66,54.46,2
"2023-01-07 04:00:00",1.22,53.63,1.5
"2023-01-07 04:01:00",,,
"2023-01-07 05:00:00",1.66,35.36
"2023-01-07 05:01:00",,,
"2023-01-07 06:00:00",6.45,31.94,0.25
"2023-01-07 07:00:00",3.05,54.44,1
"2023-01-07 08:00:00",2.07,65.66,0.75
"2023-01-07 09:00:00",4.57,55.21,-0.5
"2023-01-07 10:00:00",6.25,53.33,-1.75
"2023-01-07 11:00:00",4.7,60.72,0.75
"2023-01-07 12:00:00",3.02,70.22,5
"2023-01-07 13:00:00",2.72,70.94,1.25
"2023-01-07 14:00:00",3.47,64.97,0.75
"2023-01-07 15:00:00",3.63,61.39,6
"2023-01-07 16:00:00",3.43,64.77,5.75
"2023-01-07 17:00:00",2.95,66.04,5
"2023-01-07 18:00:00",3.66,63.16,5.25
"2023-01-07 19:00:00",2.78,64.26,5.75
"2023-01-07 20:00:00",3.35,62.08,4.75
"2023-01-07 21:00:00",4.34,58.56,3.75
"2023-01-07 22:00:00",7.85,49.06,3.25
"2023-01-07 23:00:00",4.37,51.86,4
"2023-01-08 00:00:00",2.65,46.72,3.75
"2023-01-08 01:00:00",2.33,54.49,3.25
"2023-01-08 02:00:00",2,63.29,4.25
"2023-01-08 03:00:00",1.88,59.43,4.75
"2023-01-08 04:00:00",1.3,65.31,3.75
"2023-01-08 05:00:00",0.55,68.43,2.75
"2023-01-08 06:00:00",1.01,60.48,1.25
"2023-01-08 07:00:00",1.45,54.98,-1.25
"2023-01-08 08:00:00",5.46,45.91,-1.75
"2023-01-08 09:00:00",11.68,36.56,-1
"2023-01-08 10:00:00",5.68,54.55,-1
"2023-01-08 11:00:00",5.33,56.14,-0.25
"2023-01-08 12:00:00",4.41,58.12,2
"2023-01-08 13:00:00",5.81,60.63,2.25
"2023-01-08 14:00:00",8.31,47.64,2.75
"2023-01-08 15:00:00",5.38,57.92,2
"2023-01-08 16:00:00",5.14,55.57,1.5
"2023-01-08 17:00:00",6.55,49.5,0.5
"2023-01-08 18:00:00",5.23,60.2,2
"2023-01-08 19:00:00",9.31,46.76,2
"2023-01-08 20:00:00",19.66,28.45,2.75
"2023-01-08 21:00:00",6.14,50.47,5
"2023-01-08 22:00:00",2.73,56.63,4.5
"2023-01-08 23:00:00",4.67,38.25,2.75
"2023-01-09 00:00:00",4.31,39.98,2.25
"2023-01-09 01:00:00",1.28,53.51,3
"2023-01-09 02:00:00",1.07,55.02,3.25
"2023-01-09 03:00:00",0.38,57.1,3.5
"2023-01-09 04:00:00",0.51,54.14,2.25
"2023-01-09 05:00:00",0.82,58.92,3
"2023-01-09 06:00:00",1.1,58.86,2.75
"2023-01-09 07:00:00",3.07,59.75,1.75
"2023-01-09 08:00:00",9.18,54.48,0.75
"2023-01-09 09:00:00",14.21,41.58,0.75
"2023-01-09 10:00:00",12.93,47.34,3
"2023-01-09 11:00:00",8.14,54.98,3
"2023-01-09 12:00:00",6.17,56.81,2.75
"2023-01-09 13:00:00",4.94,58.11,3
"2023-01-09 14:00:00",4.45,60.07,5.5
"2023-01-09 15:00:00",7.74,55.35,3.25
"2023-01-09 16:00:00",12.88,39.49,1.5
"2023-01-09 17:00:00",24.5,20.12,3.25
"2023-01-09 18:00:00",41.24,-0.95,7.75
"2023-01-09 19:00:00",38.74,-4.92,18.75
"2023-01-09 20:00:00",30.52,6.82,16.75
"2023-01-09 21:00:00",21.98,10.33,13.5
"2023-01-09 22:00:00",31.37,2.31,16.25
"2023-01-09 23:00:00",8.97,42.11,17.25
"2023-01-10 00:00:00",2.82,62.38,8.25
"2023-01-10 01:00:00",2.62,68.39,5.25
"2023-01-10 02:00:00",1.49,69.91,2.25
"2023-01-10 02:01:00",,,
"2023-01-10 03:00:00",1.42,68.34
"2023-01-10 03:01:00",,,
"2023-01-10 04:00:00",0.94,57.64,-0.5
"2023-01-10 05:00:00",0.72,49.95,-2
"2023-01-10 06:00:00",0.98,50.45,-1.75
"2023-01-10 07:00:00",2.31,48.7,-1.25
"2023-01-10 08:00:00",4.58,47.48,-2
"2023-01-10 09:00:00",5.2,46.5,-2.25
"2023-01-10 10:00:00",4.1,47.79,-3
"2023-01-10 11:00:00",3.21,47.68,-2.5
"2023-01-10 12:00:00",3.53,46.68,-0.75
"2023-01-10 13:00:00",3.65,46.98,-0.5
"2023-01-10 14:00:00",3.75,47.3,-1.75
"2023-01-10 15:00:00",5.67,54.7,-0.5
"2023-01-10 16:00:00",7.15,59.03,1.25
"2023-01-10 17:00:00",7.94,54.32,1.75
"2023-01-10 18:00:00",13.36,42.88,1.25
"2023-01-10 19:00:00",13.58,35.83,3
"2023-01-10 20:00:00",15.69,23.08,7.25
"2023-01-10 21:00:00",9.5,36.57,9.75
"2023-01-10 22:00:00",10.33,23.85,5.25
"2023-01-10 23:00:00",5.86,34.09,2.75
"2023-01-11 00:00:00",2.76,42.71,2.25
"2023-01-11 01:00:00",1.46,48.05,3.25
"2023-01-11 02:00:00",1.78,51.48,3.5
"2023-01-11 03:00:00",0.68,63.98,2.25
"2023-01-11 04:00:00",0.6,53.53,3.25
"2023-01-11 05:00:00",1.03,49.74,3.5
"2023-01-11 06:00:00",1.14,59.99,2.25
"2023-01-11 07:00:00",3.47,60.07,2.5
"2023-01-11 08:00:00",8.72,53.44,0.25
"2023-01-11 09:00:00",11.47,52.11,-0.75
"2023-01-11 10:00:00",8.16,54.44,3
"2023-01-11 11:00:00",7.93,55.92,3.5
"2023-01-11 12:00:00",7.11,57.91,4.75
"2023-01-11 13:00:00",5.16,64.11,4
"2023-01-11 14:00:00",6.3,60.43,4
"2023-01-11 15:00:00",7.76,52.24,3.5
"2023-01-11 16:00:00",10.79,53.31,2
"2023-01-11 17:00:00",9.89,53.73,2.5
"2023-01-11 18:00:00",4.64,61.99,4
"2023-01-11 19:00:00",3.61,63.32,4.5
"2023-01-11 20:00:00",2.82,63.87,5
"2023-01-11 21:00:00",3.07,62.15,1.75
"2023-01-11 22:00:00",3.07,61.65,1.25
"2023-01-11 23:00:00",1.16,62.84,1.75
"2023-01-12 00:00:00",0.94,62.41,1.5
"2023-01-12 01:00:00",1.01,63.64,2.75
"2023-01-12 02:00:00",1.38,61.11,1.25
"2023-01-12 03:00:00",1.19,64.91,-1.5
"2023-01-12 04:00:00",0.92,63.69,-2.5
"2023-01-12 05:00:00",1.3,65.4,-1
"2023-01-12 06:00:00",1.05,69.32,-1.25
"2023-01-12 07:00:00",1.7,70.76,-1.25
"2023-01-12 08:00:00",7.58,63.52,2.75
"2023-01-12 09:00:00",7.82,60.67,9
"2023-01-12 10:00:00",5.02,62.91,11.75
"2023-01-12 11:00:00",4.86,62.44,11
"2023-01-12 12:00:00",4.78,61.6,10.75
"2023-01-12 13:00:00",4.16,63.14,9.5
"2023-01-12 14:00:00",3.92,60.73,7.5
"2023-01-12 15:00:00",5.33,58,5.25
"2023-01-12 16:00:00",7.67,54.91,3.25
"2023-01-12 17:00:00",10.02,50.6,3.5
"2023-01-12 18:00:00",10.88,50.27,1.5
"2023-01-12 19:00:00",7.46,54.58,0.5
"2023-01-12 20:00:00",5.33,58.53,2
"2023-01-12 21:00:00",8.18,52.13,3
"2023-01-12 22:00:00",4.71,58.06,5.5
"2023-01-12 23:00:00",2.24,63.37,5.5
"2023-01-13 00:00:00",1.65,61.77,9
"2023-01-13 01:00:00",1.46,61.28,5
"2023-01-13 02:00:00",0.72,58.66,2.25
"2023-01-13 03:00:00",0.49,60.45,2.75
"2023-01-13 04:00:00",0.72,52.9,1.75
"2023-01-13 05:00:00",1.21,56.96,1
"2023-01-13 06:00:00",1.58,57.27,1
"2023-01-13 07:00:00",5.48,45.35,1.5
"2023-01-13 08:00:00",19.84,28.54,3
"2023-01-13 09:00:00",21.94,27.46,3.5
"2023-01-13 10:00:00",20.09,29.42,4.25
"2023-01-13 11:00:00",17.27,38.28,2
"2023-01-13 12:00:00",12.02,43.14,3
"2023-01-13 13:00:00",12.09,41.54,5
"2023-01-13 14:00:00",7.75,49.76,1.75
"2023-01-13 14:01:00",,,
"2023-01-13 15:01:00",,,
"2023-01-15 08:00:00",4.76,52.61,-1
"2023-01-15 09:00:00",11.03,32.1,-0.75
"2023-01-15 10:00:00",5.68,43.07,0.75
"2023-01-15 11:00:00",4.12,57.2,2.75
"2023-01-15 12:00:00",5.9,52.03,2
"2023-01-15 13:00:00",8.5,51.04,1.5
"2023-01-15 13:01:00",,,
"2023-01-15 14:00:00",4.1,60.78
"2023-01-15 14:01:00",,,
"2023-01-15 15:00:00",5.04,56.81,0.5
"2023-01-15 16:00:00",8.26,41.48,1.75
"2023-01-15 17:00:00",10.56,29.95,1.75
"2023-01-15 18:00:00",22.25,11.36,8.25
"2023-01-15 19:00:00",27.5,22.07,23.5
"2023-01-15 20:00:00",17.75,36.85,29.75
"2023-01-15 21:00:00",14.11,31.8,23.75
"2023-01-15 22:00:00",8.17,31.98,15
"2023-01-15 23:00:00",6.76,29.01,8.75
"2023-01-16 00:00:00",7.25,16.48,7.5
"2023-01-16 01:00:00",6.26,21.35,6.25
"2023-01-16 02:00:00",1.95,41.55,6.25
"2023-01-16 03:00:00",2.72,32.57,2.75
"2023-01-16 04:00:00",2.01,36.16,-1
"2023-01-16 05:00:00",1.74,39.88,-1
"2023-01-16 06:00:00",3.29,28.86,-1
"2023-01-16 07:00:00",18.65,2.31,-0.5
"2023-01-16 08:00:00",33.89,-9.18,1
"2023-01-16 09:00:00",34.05,-7.12,1.5
"2023-01-16 10:00:00",40.56,-12.18,3
"2023-01-16 11:00:00",36.59,4.32,4
"2023-01-16 12:00:00",8.84,46.29,6.5
"2023-01-16 13:00:00",12.23,41.52,4
"2023-01-16 14:00:00",12.58,44.4,1
"2023-01-16 15:00:00",14.34,42.79,1.5
"2023-01-16 16:00:00",23.41,30.34,2.75
"2023-01-16 17:00:00",21.57,35.58,1.5
"2023-01-16 18:00:00",35.17,21.76,4.75
"2023-01-16 19:00:00",21.21,35.17,16
"2023-01-16 20:00:00",23.96,26.6,6.5
"2023-01-16 21:00:00",24.18,21.52,9
"2023-01-16 22:00:00",12.35,26.34,19.25
"2023-01-16 23:00:00",8.33,36.15,13
"2023-01-17 00:00:00",8.09,35.58,9.5
"2023-01-17 01:00:00",6.46,28.69,7
"2023-01-17 02:00:00",4.87,23.97,3
"2023-01-17 03:00:00",5.9,15.13,1
"2023-01-17 04:00:00",4.99,12.69,4.5
"2023-01-17 05:00:00",6.17,10.27,5.5
"2023-01-17 06:00:00",8.84,4.49,4.25
"2023-01-17 07:00:00",13.44,4.12,5
"2023-01-17 08:00:00",29.25,-8.71,5
"2023-01-17 09:00:00",41.15,-17.3,5.5
"2023-01-17 10:00:00",41.15,-11.52,6.75
"2023-01-17 11:00:00",24.49,3.94,6.5
"2023-01-17 12:00:00",17.81,11.84,8.5
"2023-01-17 13:00:00",10.86,24.43,9.5
"2023-01-17 14:00:00",9.39,33.3,8.25
"2023-01-17 15:00:00",9.61,37.11,8.25
"2023-01-17 16:00:00",12.01,31.73,6
"2023-01-17 17:00:00",16.75,22.63,5.75
"2023-01-17 18:00:00",13.73,40.4,5.75
"2023-01-17 19:00:00",13.51,40.32,8.5
"2023-01-17 20:00:00",13.45,33.37,9.5
"2023-01-17 21:00:00",12.17,30.18,8.25
"2023-01-17 22:00:00",8.1,36.68,8.5
"2023-01-17 23:00:00",9.42,30.44,6.25
"2023-01-18 00:00:00",8.87,31.52,2.75
"2023-01-18 01:00:00",5.65,30.89,1
"2023-01-18 02:00:00",3.47,35.36,6.5
"2023-01-18 03:00:00",2.37,37.56,3.75
"2023-01-18 03:01:00",,,
"2023-01-18 04:00:00",1.53,44.31
"2023-01-18 04:01:00",,,
"2023-01-18 05:00:00",2.46,44.6,0.25
"2023-01-18 06:00:00",2.86,38.85,0.5
"2023-01-18 07:00:00",5.45,39.21,-0.25
"2023-01-18 08:00:00",10.32,34.7,2.5
"2023-01-18 09:00:00",10.18,41.54,3.75
"2023-01-18 10:00:00",9.72,39.22,3
"2023-01-18 11:00:00",19.38,34.88,2.75
"2023-01-18 12:00:00",6.22,42.44,1.75
"2023-01-18 13:00:00",4.57,48.64,2.25
"2023-01-18 14:00:00",4.25,48.89,5.75
"2023-01-18 15:00:00",7.16,45.83,4.5
"2023-01-18 16:00:00",9.12,42.44,3
"2023-01-18 17:00:00",9.82,40.81,4
"2023-01-18 18:00:00",28.51,5.85,8.25
"2023-01-18 19:00:00",22.39,18.68,13.5
"2023-01-18 20:00:00",20.85,14.45,16.5
"2023-01-18 21:00:00",25.6,4.84,12.25
"2023-01-18 22:00:00",14.2,18.13,13
"2023-01-18 23:00:00",16.09,4.08,15.5
"2023-01-19 00:00:00",24.09,-6.88,20
"2023-01-19 01:00:00",25.06,-9.22,14.5
"2023-01-19 02:00:00",23.47,-10.11,24
"2023-01-19 03:00:00",23.22,-3.79,19.75
"2023-01-19 04:00:00",20.66,-4.61,15.5
"2023-01-19 05:00:00",10.14,8.5,13.25
"2023-01-19 06:00:00",13.8,-0.02,9.75
"2023-01-19 07:00:00",23.79,-3.72,6
"2023-01-19 08:00:00",33.24,-4.31,5.75
"2023-01-19 09:00:00",39.28,-13.17,5.25
"2023-01-19 10:00:00",34.53,-10.22,6.5
"2023-01-19 11:00:00",42.46,-10.21,8.25
"2023-01-19 12:00:00",20.41,16.88,8
"2023-01-19 13:00:00",9.04,38.11,4.5
"2023-01-19 14:00:00",6.29,47.22,3
"2023-01-19 15:00:00",8.51,45.57,3
"2023-01-19 16:00:00",12.01,34.84,3.25
"2023-01-19 17:00:00",19.63,16.03,5
"2023-01-19 18:00:00",31.32,-6.24,9.75
"2023-01-19 19:00:00",31.67,-5.39,17.5
"2023-01-19 20:00:00",44.49,-15.24,28
"2023-01-19 21:00:00",40.31,-15.36,39.5
"2023-01-19 22:00:00",40.66,-15.18,47.5
"2023-01-19 23:00:00",32.38,-16.18,44.5
"2023-01-20 00:00:00",31.67,-15.52,33.75
"2023-01-20 01:00:00",28.92,-15.92,40.25
"2023-01-20 02:00:00",25.15,-15.95,36.25
"2023-01-20 03:00:00",22.7,-16.06,38.75
"2023-01-20 04:00:00",22.85,-16.29,33
"2023-01-20 05:00:00",18.73,-16.48,24.75
"2023-01-20 06:00:00",21.32,-16.56,19
"2023-01-20 07:00:00",33.45,-14.76,21
"2023-01-20 08:00:00",41.07,-16.26,14.75
"2023-01-20 09:00:00",45.9,-16.59,6.25
"2023-01-20 10:00:00",47.32,-15.77,10.25
"2023-01-20 11:00:00",53.89,-15.12,11.75
"2023-01-20 12:00:00",59.35,-12.26,12.75
"2023-01-20 13:00:00",35.44,15.88,8
"2023-01-20 14:00:00",26.36,26.81,4.5
"2023-01-20 15:00:00",26.06,29.58,3.5
"2023-01-20 16:00:00",31.1,21.12,4.75
"2023-01-20 17:00:00",29.32,25.54,3.5
"2023-01-20 18:00:00",24.97,31.68,2.75
"2023-01-20 19:00:00",24.18,32.77,5.25
"2023-01-20 20:00:00",36.49,20.08,6.25
"2023-01-20 21:00:00",39.6,14.56,7
"2023-01-20 21:01:00",,,
"2023-01-20 22:00:00",41.06,10.49
"2023-01-20 22:01:00",,,
"2023-01-20 23:00:00",29.07,21.24
"2023-01-21 00:00:00",23.55,25.38
"2023-01-21 01:00:00",11.53,37.56
"2023-01-21 02:00:00",5.31,48.09
"2023-01-21 03:00:00",4.73,49.75
"2023-01-21 04:00:00",3.41,51.92
"2023-01-21 05:00:00",3.09,50.11
"2023-01-21 06:00:00",4.14,46.69
"2023-01-21 07:00:00",6.71,43.65
"2023-01-21 08:00:00",7.7,43.29
"2023-01-21 09:00:00",6.18,47.37
"2023-01-21 10:00:00",7.72,46.11
"2023-01-21 11:00:00",6.78,49.86
"2023-01-21 12:00:00",6.98,48.04
"2023-01-21 13:00:00",5.71,53.25
"2023-01-21 14:00:00",6.58,51.13
"2023-01-21 15:00:00",5.62,52.85
"2023-01-21 16:00:00",5.89,52.73
"2023-01-21 17:00:00",7.52,48.6
"2023-01-21 18:00:00",8.66,45.99
"2023-01-21 19:00:00",7.83,48.31
"2023-01-21 20:00:00",6.55,50.98
"2023-01-21 21:00:00",6.88,51.14
"2023-01-21 22:00:00",4.73,54.67
"2023-01-21 23:00:00",3.56,56.87
"2023-01-22 00:00:00",2.24,57.72
"2023-01-22 01:00:00",1.59,58.9
"2023-01-22 02:00:00",1.49,59.75
"2023-01-22 03:00:00",1.21,58.21
"2023-01-22 04:00:00",1.22,58.03
"2023-01-22 05:00:00",0.83,58.72
"2023-01-22 06:00:00",0.94,58.93
"2023-01-22 07:00:00",1.67,58.59
"2023-01-22 08:00:00",2.36,55.98
"2023-01-22 09:00:00",2.92,57.24
"2023-01-22 10:00:00",2.35,58.35
"2023-01-22 11:00:00",2.52,60.11
"2023-01-22 12:00:00",2.86,59.48
"2023-01-22 13:00:00",3.34,60.41
"2023-01-22 14:00:00",4.06,57.71
"2023-01-22 15:00:00",4.68,58.94
"2023-01-22 16:00:00",5.26,57.43
"2023-01-22 17:00:00",5.08,55.25
"2023-01-22 18:00:00",6.8,44.74
"2023-01-22 19:00:00",5.9,51.98
"2023-01-22 20:00:00",6.56,47.66
"2023-01-22 21:00:00",8.29,39.14
"2023-01-22 22:00:00",12.43,24.82
"2023-01-22 23:00:00",7.43,27.48
"2023-01-23 00:00:00",8.83,26.34
"2023-01-23 01:00:00",7.02,19.76
"2023-01-23 02:00:00",6.19,16.57
"2023-01-23 03:00:00",3.59,22.32
"2023-01-23 04:00:00",2.67,25.46
"2023-01-23 05:00:00",2.14,20.07
"2023-01-23 06:00:00",3.51,22.26
"2023-01-23 07:00:00",5.24,30.98
"2023-01-23 08:00:00",11.39,26.67
"2023-01-23 09:00:00",12.08,23.98
"2023-01-23 10:00:00",25.92,4.63
"2023-01-23 11:00:00",35.12,-2.87
"2023-01-23 12:00:00",32.92,-1.19,2
"2023-01-23 13:00:00",32.08,1,2.5
"2023-01-23 14:00:00",16.77,13.52,4
"2023-01-23 15:00:00",20.67,10.18,4.5
"2023-01-23 16:00:00",23.87,5.48,7
"2023-01-23 17:00:00",34.11,-7.31,11
"2023-01-23 18:00:00",23.33,4.52,13.75
"2023-01-23 19:00:00",14.37,12.33,12
"2023-01-23 20:00:00",12.11,10.79,9.75
"2023-01-23 21:00:00",12.99,18.73,14.25
"2023-01-23 22:00:00",7.8,30.66,18
"2023-01-23 23:00:00",6.59,28.18,9.25
"2023-01-24 00:00:00",4.18,35.77,9.25
"2023-01-24 01:00:00",3.63,32.01,7.75
"2023-01-24 02:00:00",3.38,26.45,9
"2023-01-24 03:00:00",4.06,20.01,6
"2023-01-24 04:00:00",5.7,13.96,6.75
"2023-01-24 05:00:00",5.79,8.95,8.75
"2023-01-24 06:00:00",6.65,8.7,7.75
"2023-01-24 07:00:00",9.75,15,6.5
"2023-01-24 08:00:00",13.07,28.2,4
"2023-01-24 09:00:00",13.55,26.91,0.75
"2023-01-24 09:01:00",,,
"2023-01-24 10:00:00",25.08,18.23
"2023-01-24 10:01:00",,,
"2023-01-24 11:00:00",21.5,25.79,0.25
"2023-01-24 12:00:00",13.5,29.24,1
"2023-01-24 13:00:00",16.93,22.92,1.25
"2023-01-24 14:00:00",24.54,9.97,2.25
"2023-01-24 15:00:00",21.07,14.51,2
"2023-01-24 16:00:00",22.86,9.41,-0.25
"2023-01-24 17:00:00",22.1,6.36,2.25
"2023-01-24 18:00:00",28.69,-5.71,3.25
"2023-01-24 19:00:00",33,-9.44,4.5
"2023-01-24 20:00:00",29.95,-11.5,8
"2023-01-24 21:00:00",34.03,-14.62,15.25
"2023-01-24 22:00:00",28.93,-14.33,18.25
"2023-01-24 23:00:00",22.45,-11.23,15.75
"2023-01-25 00:00:00",13.84,-4.41,13.75
"2023-01-25 01:00:00",6.68,16.52,8.75
"2023-01-25 02:00:00",3.96,27.42,4.25
"2023-01-25 03:00:00",2.69,23.5,2.25
"2023-01-25 04:00:00",2.44,19.7,2.75
"2023-01-25 05:00:00",2.73,12,1
"2023-01-25 06:00:00",3.71,8.04,-1.5
"2023-01-25 07:00:00",6.84,2.28,0.25
"2023-01-25 08:00:00",17.08,-7.16,1.25
"2023-01-25 09:00:00",23.93,-6.93,2.5
"2023-01-25 10:00:00",14.38,12.08,3.5
"2023-01-25 11:00:00",19.47,7.17,1.5
"2023-01-25 12:00:00",19.46,10.8,0.5
"2023-01-25 13:00:00",16.24,20.88,1.75
"2023-01-25 14:00:00",11.94,27.37,1
"2023-01-25 15:00:00",8.66,41.36,1
"2023-01-25 16:00:00",11.8,35.95,0.75
"2023-01-25 17:00:00",15.81,25.27,2.5
"2023-01-25 18:00:00",22.83,3.19,11.25
"2023-01-25 19:00:00",28.8,-4.51,15.25
"2023-01-25 20:00:00",15.46,21.44,15
"2023-01-25 21:00:00",17.32,21.03,12
"2023-01-25 22:00:00",10.58,35.25,11.75
"2023-01-25 23:00:00",9.09,35.41,10
"2023-01-26 00:00:00",5.77,40.09,7
"2023-01-26 01:00:00",4.5,38.03,6.5
"2023-01-26 02:00:00",2.49,44.78,4.5
"2023-01-26 03:00:00",2.05,46.3,2.75
"2023-01-26 04:00:00",2.27,40.97,2.5
"2023-01-26 05:00:00",2.78,31.58,4
"2023-01-26 06:00:00",4.02,25.05,3.5
"2023-01-26 07:00:00",6.57,19.43,2
"2023-01-26 08:00:00",15.97,14.02,2
"2023-01-26 09:00:00",29.48,-0.12,2
"2023-01-26 10:00:00",21.24,14.26,2.75
"2023-01-26 11:00:00",17.01,20.47,5
"2023-01-26 12:00:00",13.32,29.31,4.25
"2023-01-26 13:00:00",12.45,37.33,2.5
"2023-01-26 14:00:00",12.12,44.75,3.75
"2023-01-26 15:00:00",15.81,43.85,2.75
"2023-01-26 16:00:00",17.42,34.18,4
"2023-01-26 17:00:00",22.91,32.1,9.75
"2023-01-26 18:00:00",29.59,19.92,10.5
"2023-01-26 19:00:00",24.39,22.9,17
"2023-01-26 20:00:00",22.01,23.7,22.5
"2023-01-26 21:00:00",15.43,25.39,19.5
"2023-01-26 22:00:00",13.65,26.36,14.75
"2023-01-26 23:00:00",11.12,25.13,13.75
"2023-01-27 00:00:00",9.28,31.25,11.75
"2023-01-27 01:00:00",4.4,39.93,7
"2023-01-27 02:00:00",4.15,36.62,4
"2023-01-27 03:00:00",4.45,36.41,4
"2023-01-27 04:00:00",3.37,43.28,3.25
"2023-01-27 05:00:00",3.96,31.04,1.25
"2023-01-27 06:00:00",3.84,38.12,2
"2023-01-27 07:00:00",7.26,30.15,2
"2023-01-27 08:00:00",16.09,20.96,2
"2023-01-27 09:00:00",24.03,6.41,2.75
"2023-01-27 10:00:00",25.26,9.39,4.5
"2023-01-27 11:00:00",18.78,23.25,2.75
"2023-01-27 12:00:00",8.41,48.37,2
"2023-01-27 13:00:00",7.5,56.03,1.75
"2023-01-27 14:00:00",8.04,54.88,1.75
"2023-01-27 15:00:00",8.16,54.8,4.25
"2023-01-27 16:00:00",12.4,48.57,5.25
"2023-01-27 17:00:00",27.01,21.83,7.5
"2023-01-27 18:00:00",48.14,-4.68,18
"2023-01-27 19:00:00",57.77,-11.76,46
"2023-01-27 20:00:00",57.4,-11.02,82.75
"2023-01-27 21:00:00",53.05,-12.01,105.25
"2023-01-27 22:00:00",46.83,-12.27,112
"2023-01-27 23:00:00",39.6,-13.68,103.5
"2023-01-28 00:00:00",36.71,-13.79,78.5
"2023-01-28 01:00:00",28.5,-15.02,70.5
"2023-01-28 02:00:00",23.71,-15.47,40.75
"2023-01-28 03:00:00",23.66,-15.47,36.5
"2023-01-28 04:00:00",23.37,-15.54,32.5
"2023-01-28 05:00:00",20.34,-15.72,24.5
"2023-01-28 06:00:00",16.07,-15.65,23
"2023-01-28 07:00:00",14.49,-15.98,22.25
"2023-01-28 08:00:00",15.55,-16.21,19.75
"2023-01-28 09:00:00",15.01,-15.95,19
"2023-01-28 10:00:00",17.56,-15.47,17.5
"2023-01-28 11:00:00",21.92,-11.3,13
"2023-01-28 12:00:00",20.19,8.54,11.75
"2023-01-28 13:00:00",20.39,11.49,8.25
"2023-01-28 14:00:00",9.34,32.43,8.25
"2023-01-28 15:00:00",6.58,35.33,5
"2023-01-28 16:00:00",9.44,29.86,2.25
"2023-01-28 17:00:00",12.55,17.95,3.25
"2023-01-28 18:00:00",16.98,9.99,4.75
"2023-01-28 19:00:00",20.08,1.14,7.75
"2023-01-28 20:00:00",24.43,-0.12,10.5
"2023-01-28 21:00:00",31.2,-9.32,13.5
"2023-01-28 22:00:00",17.53,7.05,17.5
"2023-01-28 23:00:00",12.38,10.76,16.25
"2023-01-29 00:00:00",9.09,18.39,14
"2023-01-29 01:00:00",6.34,21.85,5
"2023-01-29 02:00:00",5.52,27.43,4.75
"2023-01-29 03:00:00",4.87,23.86,3.25
"2023-01-29 04:00:00",3.48,29.28,2
"2023-01-29 05:00:00",1.88,32.35,4.5
"2023-01-29 06:00:00",2.24,28.73,2.5
"2023-01-29 07:00:00",5.24,10.44,0.75
"2023-01-29 08:00:00",11.68,-0.84,-0.25
"2023-01-29 08:01:00",,,
"2023-01-29 09:00:00",15.72,-8.89
"2023-01-29 09:01:00",,,
"2023-01-29 10:00:00",26.14,-10.1,3.25
"2023-01-29 11:00:00",13.38,15.08,3.75
"2023-01-29 12:00:00",8.95,29.43,2.25
"2023-01-29 13:00:00",5.59,39.01,0.25
"2023-01-29 14:00:00",5.54,42.47,1
"2023-01-29 15:00:00",8.96,37.02,1.25
"2023-01-29 16:00:00",5.13,49.06,2.25
"2023-01-29 17:00:00",9.19,26.7,4
"2023-01-29 18:00:00",12.58,40.75,6.75
"2023-01-29 19:00:00",8.83,48.74,6.25
"2023-01-29 20:00:00",11.41,42.07,7.25
"2023-01-29 21:00:00",10.19,39.13,7.5
"2023-01-29 22:00:00",7.69,42.03,5.5
"2023-01-29 23:00:00",3.93,48.7,3.75
"2023-01-30 00:00:00",4.65,35.59,3.75
"2023-01-30 01:00:00",2.7,51.17,7
"2023-01-30 02:00:00",1.89,42.09,9.25
"2023-01-30 03:00:00",1.87,41.07,6.5
"2023-01-30 04:00:00",2.77,37.9,4.75
"2023-01-30 05:00:00",1.72,54.2,4
"2023-01-30 06:00:00",1.37,48.66,3.5
"2023-01-30 07:00:00",7.8,28.16,2
"2023-01-30 08:00:00",17,24.76,2
"2023-01-30 08:01:00",,,
"2023-01-30 09:00:00",20.48,20.2
"2023-01-30 09:01:00",,,
"2023-01-30 10:00:00",34.91,5.65
"2023-01-30 11:00:00",17.97,33.27
"2023-01-30 12:00:00",11.15,44.64
"2023-01-30 13:00:00",4.65,59.85
"2023-01-30 14:00:00",4.39,59.27
"2023-01-30 15:00:00",6.38,53.08,6
"2023-01-30 16:00:00",11.16,47.96,6.75
"2023-01-30 17:00:00",14.3,42.22,8.75
"2023-01-30 18:00:00",19.79,32.32,7.75
"2023-01-30 19:00:00",33.48,6.25,7.75
"2023-01-30 20:00:00",22.34,24.68,10
"2023-01-30 21:00:00",9.39,44.27,10
"2023-01-30 22:00:00",15.51,26.56,9.5
"2023-01-30 23:00:00",11.08,29.86,8.25
"2023-01-31 00:00:00",3.67,50.98,8.25
"2023-01-31 01:00:00",1.75,57.23,5
"2023-01-31 02:00:00",1.8,55.23,2.25
"2023-01-31 03:00:00",1.75,56.33,2.5
"2023-01-31 04:00:00",1.06,51.97,0.75
"2023-01-31 05:00:00",1.01,51.2,0.25
"2023-01-31 06:00:00",1.64,54.12,2.25
"2023-01-31 07:00:00",6.53,42.45,5.75
"2023-01-31 08:00:00",12.21,41.07,4.75
"2023-01-31 09:00:00",16.87,40.85,4.25
"2023-01-31 10:00:00",19.72,35.55,5.25
"2023-01-31 11:00:00",6.19,54.2,6
"2023-01-31 12:00:00",3.83,59.93,6
"2023-01-31 13:00:00",3.21,63.41,6
"2023-01-31 14:00:00",4.33,63.05,6
"2023-01-31 15:00:00",4.06,64.4,7.25
"2023-01-31 16:00:00",5.7,61.19,10.25
"2023-01-31 17:00:00",7.12,60.45,8.5
"2023-01-31 18:00:00",10.03,54.97,10.75
"2023-01-31 19:00:00",11.79,48.82,12
"2023-01-31 20:00:00",15.13,42.7,10.75
"2023-01-31 21:00:00",13,42.21,15
"2023-01-31 22:00:00",7.72,50.15,11.75
"2023-01-31 23:00:00",4.72,55.23,11
"2023-02-01 00:00:00",3.49,56.16,10
"2023-02-01 01:00:00",3.02,49.82,6.5
"2023-02-01 02:00:00",2.76,49.02,5.25
"2023-02-01 03:00:00",2.79,35.36,5.75
"2023-02-01 04:00:00",4.83,27.85,5.25
"2023-02-01 05:00:00",4.13,30.06,5.25
"2023-02-01 06:00:00",7.84,23.16,3.75
"2023-02-01 07:00:00",13.55,14.79,6.5
"2023-02-01 08:00:00",22.78,5.8,7.25
"2023-02-01 09:00:00",41.02,1.95,5.25
"2023-02-01 10:00:00",18.12,36.91,6
"2023-02-01 11:00:00",10.3,49.53,5.75
"2023-02-01 12:00:00",8.29,52.73,5
"2023-02-01 13:00:00",7.18,57.55,5
"2023-02-01 14:00:00",5.32,59.38,4.75
"2023-02-01 15:00:00",4.88,59.18,3.5
"2023-02-01 16:00:00",7.85,53.12,1.5
"2023-02-01 17:00:00",17.05,37.76,0.75
"2023-02-01 18:00:00",24.61,28.32,3.25
"2023-02-01 19:00:00",20.88,22.57,3.75
"2023-02-01 20:00:00",23.19,10.39,4.25
"2023-02-01 21:00:00",29.76,1,10
"2023-02-01 22:00:00",20.19,16.27,14.25
"2023-02-01 23:00:00",7.39,40.62,8
"2023-02-02 00:00:00",2.5,45.98,5.25
"2023-02-02 01:00:00",2.62,43.68,5.25
"2023-02-02 02:00:00",1.59,46.39,2.5
"2023-02-02 03:00:00",1.16,57.34,1.25
"2023-02-02 04:00:00",0.8,57.77,2.5
"2023-02-02 05:00:00",1.18,57.13,3.75
"2023-02-02 06:00:00",1.74,52.69,2.25
"2023-02-02 07:00:00",3.75,51.95,0.25
"2023-02-02 08:00:00",12.17,41.64,1.25
"2023-02-02 09:00:00",17.09,38.53,1.75
"2023-02-02 10:00:00",14.22,43.87,0.75
"2023-02-02 10:01:00",,,
"2023-02-02 11:00:00",6.88,58.15
"2023-02-02 11:01:00",,,
"2023-02-02 12:00:00",5.86,60.47,0.5
"2023-02-02 13:00:00",7.11,60.51,2.25
"2023-02-02 14:00:00",6.76,60.88,2.75
"2023-02-02 15:00:00",7.56,59.16,2
"2023-02-02 16:00:00",6.59,59.44,2.25
"2023-02-02 17:00:00",9.23,53.96,3
"2023-02-02 18:00:00",10.86,49.19,3.25
"2023-02-02 19:00:00",10.94,47.55,4
"2023-02-02 20:00:00",14.05,41.73,3.5
"2023-02-02 21:00:00",10.5,40.43,1.75
"2023-02-02 22:00:00",12.85,38.6,2.25
"2023-02-02 23:00:00",9.38,29.09,6.25
"2023-02-03 00:00:00",6.45,28.49,6.75
"2023-02-03 01:00:00",4.84,38.16,5.25
"2023-02-03 02:00:00",4.59,34.02,3
"2023-02-03 03:00:00",2.81,41.7,3
"2023-02-03 04:00:00",1.98,44.67,2.25
"2023-02-03 05:00:00",1.37,42.78,-0.25
"2023-02-03 06:00:00",9.14,18.19,-1
"2023-02-03 07:00:00",11.5,22.14,-1.25
"2023-02-03 08:00:00",32.87,-2.74,-1.25
"2023-02-03 09:00:00",30.41,3.48,1.75
"2023-02-03 10:00:00",14.5,37.84,3.25
"2023-02-03 11:00:00",9.19,49.65,0.75
"2023-02-03 12:00:00",4.77,58.71,0.5
"2023-02-03 13:00:00",5.45,59.19,1.75
"2023-02-03 13:01:00",,,
"2023-02-03 14:00:00",5.63,61.25
"2023-02-03 14:01:00",,,
"2023-02-03 15:00:00",5.2,61.56,-1.75
"2023-02-03 16:00:00",7.37,55.57,2.5
"2023-02-03 17:00:00",6.47,57.24,3.75
"2023-02-03 18:00:00",7.57,56.81,2.5
"2023-02-03 19:00:00",12.82,45.01,1
"2023-02-03 20:00:00",7.36,57.26,1.75
"2023-02-03 21:00:00",7.21,57.53,4
"2023-02-03 22:00:00",4.97,63.19,4.25
"2023-02-03 23:00:00",4.96,61.49,5
"2023-02-04 00:00:00",3.29,63.86,4.5
"2023-02-04 01:00:00",3.08,62.62,2.75
"2023-02-04 02:00:00",2.69,62.81,2
"2023-02-04 03:00:00",2.31,63.35,2.25
"2023-02-04 04:00:00",1.95,65.22,3.25
"2023-02-04 05:00:00",1.15,69.15,3.75
"2023-02-04 06:00:00",2.2,64.44,2.75
"2023-02-04 07:00:00",4.11,56.45,2.25
"2023-02-04 08:00:00",6.47,50.66,2.5
"2023-02-04 09:00:00",8.45,49.52,1.75
"2023-02-04 10:00:00",7.68,53.15,4.25
"2023-02-04 11:00:00",6.81,58.05,5.5
"2023-02-04 12:00:00",5.32,62.31,6.75
"2023-02-04 13:00:00",4.54,65.77,5.25
"2023-02-04 14:00:00",5.91,62.75,3.25
"2023-02-04 15:00:00",5.97,62.48,4.25
"2023-02-04 16:00:00",6.06,58.31,4.75
"2023-02-04 17:00:00",7.92,49.71,4.5
"2023-02-04 18:00:00",13.88,40.5,6.75
"2023-02-04 19:00:00",13.41,29.78,10
"2023-02-04 20:00:00",13.9,33.46,14.75
"2023-02-04 21:00:00",15.16,23.52,18
"2023-02-04 22:00:00",27.11,3.62,13.5
"2023-02-04 23:00:00",37.99,-8.08,24
"2023-02-05 00:00:00",34.68,-12.91,37
"2023-02-05 01:00:00",29.62,-13.65,21
"2023-02-05 02:00:00",28.74,-14.65,19.75
"2023-02-05 03:00:00",27.55,-15.4,23.75
"2023-02-05 04:00:00",22.81,-14.66,18.75
"2023-02-05 05:00:00",18.86,-13.93,13.5
"2023-02-05 06:00:00",16.95,-13.31,8.25
"2023-02-05 07:00:00",15.48,-13.14,6.5
"2023-02-05 08:00:00",18.67,-14.02,7.75
"2023-02-05 09:00:00",22.61,-8.09,7.5
"2023-02-05 10:00:00",23.73,-2.32,8.5
"2023-02-05 11:00:00",26.12,18.86,6.5
"2023-02-05 12:00:00",20.37,27.21,5.25
"2023-02-05 13:00:00",9.92,53.25,5.25
"2023-02-05 14:00:00",3.44,66.98,2
"2023-02-05 15:00:00",3.81,66.36,-0.25
"2023-02-05 16:00:00",4.57,65.55,2.75
"2023-02-05 17:00:00",5.88,65.68,5
"2023-02-05 18:00:00",7.69,60.3,5.5
"2023-02-05 19:00:00",16.22,46.92,8.5
"2023-02-05 20:00:00",13.16,49.53,12
"2023-02-05 21:00:00",12.84,49.23,8.75
"2023-02-05 22:00:00",13.21,47.2,7.75
"2023-02-05 23:00:00",7.76,52.15,6.75
"2023-02-06 00:00:00",6.46,53.85,6
"2023-02-06 01:00:00",4.82,57.16,6.25
"2023-02-06 02:00:00",2.94,58.76,6.25
"2023-02-06 03:00:00",2.14,58.69,3.5
"2023-02-06 04:00:00",2.82,59.37,2
"2023-02-06 05:00:00",2.75,59.73,1.75
"2023-02-06 06:00:00",2.49,59.91,0.75
"2023-02-06 07:00:00",4.56,57.77,-0.25
"2023-02-06 08:00:00",4.37,60.1,-0.25
"2023-02-06 09:00:00",4.83,59.19,2
"2023-02-06 10:00:00",5.3,61.71,2
"2023-02-06 11:00:00",3.76,65.91,1.75
"2023-02-06 12:00:00",3.36,65.98,1.75
"2023-02-06 13:00:00",3.44,67.51,4.25
"2023-02-06 14:00:00",4.06,66.82,4.5
"2023-02-06 15:00:00",3.96,67.23,2.75
"2023-02-06 16:00:00",4.96,64.94,3.25
"2023-02-06 17:00:00",5.64,63.72,7.25
"2023-02-06 18:00:00",8.56,58.15,8.25
"2023-02-06 19:00:00",10.28,54.62,8.25
"2023-02-06 20:00:00",9.65,51.89,7.25
"2023-02-06 21:00:00",10.03,43.41,11.5
"2023-02-06 22:00:00",11.4,38.23,13.25
"2023-02-06 23:00:00",7.87,45.16,12.5
"2023-02-07 00:00:00",3.93,46.31,7.25
"2023-02-07 01:00:00",3.15,39.31,4.5
"2023-02-07 02:00:00",3.98,30.7,3.25
"2023-02-07 03:00:00",7.18,13.79,3.75
"2023-02-07 04:00:00",11.07,1.7,3
"2023-02-07 05:00:00",12.19,6.59,4.5
"2023-02-07 06:00:00",8.84,-0.84,8.5
"2023-02-07 07:00:00",23.51,-11.12,6.75
"2023-02-07 08:00:00",29.93,-15.78,6.5
"2023-02-07 09:00:00",33.86,-15.43,8.75
"2023-02-07 10:00:00",54.5,-14.66,10.75
"2023-02-07 11:00:00",54.57,-10.71,10
"2023-02-07 12:00:00",25.1,29.99,9
"2023-02-07 13:00:00",10.06,51.75,5.5
"2023-02-07 14:00:00",7.24,53.18,4.25
"2023-02-07 15:00:00",9.81,52.2,5.25
"2023-02-07 16:00:00",7.68,54.3,5.5
"2023-02-07 17:00:00",10.22,49.64,3.5
"2023-02-07 18:00:00",20.47,27.77,2.5
"2023-02-07 19:00:00",39.68,-8.08,7.25
"2023-02-07 20:00:00",42.1,-14.4,19.5
"2023-02-07 21:00:00",41.43,-14.51,30.5
"2023-02-07 22:00:00",40.93,-14.33,43.25
"2023-02-07 23:00:00",47.81,-13.83,54.25
"2023-02-08 00:00:00",38.53,-14.84,59.25
"2023-02-08 01:00:00",31.82,-14.87,37
"2023-02-08 02:00:00",29.17,-15.35,40
"2023-02-08 03:00:00",25.69,-15.36,37.5
"2023-02-08 04:00:00",23.27,-15.46,27.75
"2023-02-08 05:00:00",22.63,-15.14,18.75
"2023-02-08 06:00:00",23.11,-4.38,11
"2023-02-08 07:00:00",12.42,-2.62,7
"2023-02-08 08:00:00",28.39,-13.14,4
"2023-02-08 09:00:00",46.56,-15.43,4.75
"2023-02-08 10:00:00",32.43,3.46,7
"2023-02-08 11:00:00",13.51,33.46,6.75
"2023-02-08 12:00:00",9.9,48.96,5.75
"2023-02-08 13:00:00",8.22,53.51,4.75
"2023-02-08 14:00:00",7.01,59.11,3.5
"2023-02-08 15:00:00",7.55,59.25,2.75
"2023-02-08 16:00:00",8.91,55.31,5.5
"2023-02-08 17:00:00",10.87,51.11,6.5
"2023-02-08 18:00:00",10.95,47.12,5
"2023-02-08 19:00:00",13.43,40.14,5.75
"2023-02-08 20:00:00",17.66,30.25,7.75
"2023-02-08 21:00:00",17.31,36.27,6.75
"2023-02-08 22:00:00",8.5,49.69,5.5
"2023-02-08 23:00:00",4.86,52.87,3.5
"2023-02-09 00:00:00",3.63,50.64,1.5
"2023-02-09 01:00:00",2.55,48.49,0.25
"2023-02-09 02:00:00",3.43,34.19,1.25
"2023-02-09 03:00:00",5.71,21.49,2.75
"2023-02-09 04:00:00",4.76,13.04,5
"2023-02-09 05:00:00",5.22,6.57,4.5
"2023-02-09 06:00:00",12.1,-3.06,3
"2023-02-09 07:00:00",19.98,-11.32,3
"2023-02-09 08:00:00",33.12,-16.18,2.5
"2023-02-09 09:00:00",42.16,-15.77,1.25
"2023-02-09 10:00:00",46.87,-13.86,2.75
"2023-02-09 11:00:00",35.17,0.06,5.5
"2023-02-09 12:00:00",26.98,16.59,6.75
"2023-02-09 13:00:00",11.89,50.79,6
"2023-02-09 14:00:00",4.13,65.76,5.5
"2023-02-09 15:00:00",4.62,67.45,3.5
"2023-02-09 16:00:00",5.93,65.36,2.25
"2023-02-09 17:00:00",12.09,55.03,3.75
"2023-02-09 18:00:00",24.64,27.49,6
"2023-02-09 19:00:00",33.96,8.57,6.75
"2023-02-09 20:00:00",41.36,-4.8,12
"2023-02-09 21:00:00",38.56,-3.3,20
"2023-02-09 22:00:00",26.85,14.2,16
"2023-02-09 23:00:00",26.28,8.21,13
"2023-02-10 00:00:00",13.42,23.21,12.25
"2023-02-10 01:00:00",6.66,27.09,9.25
"2023-02-10 02:00:00",6.1,24.76,6.5
"2023-02-10 03:00:00",6.04,19.69,5.25
"2023-02-10 04:00:00",7.67,30.58,5.75
"2023-02-10 05:00:00",11.3,18.43,5
"2023-02-10 06:00:00",14.56,10.41,5.5
"2023-02-10 07:00:00",13.4,2.85,6.5
"2023-02-10 08:00:00",27.6,-8.7,5.75
"2023-02-10 09:00:00",34.47,-14.1,8
"2023-02-10 10:00:00",42.83,-12.52,8.75
"2023-02-10 11:00:00",29.3,10.53,10
"2023-02-10 12:00:00",16.27,31.83,6.25
"2023-02-10 13:00:00",11.1,42.71,3.25
"2023-02-10 14:00:00",8.76,52.82,0.5
"2023-02-10 15:00:00",8.56,53.92,-1
"2023-02-10 16:00:00",10.23,55.55,0.5
"2023-02-10 17:00:00",11.8,53.28,5.25
"2023-02-10 18:00:00",15.12,46.02,5.75
"2023-02-10 19:00:00",25.07,31.07,4.75
"2023-02-10 20:00:00",23.5,27.09,4.75
"2023-02-10 21:00:00",19.13,24.13,7.5
"2023-02-10 22:00:00",15.72,31.72,8.25
"2023-02-10 23:00:00",13.41,36.8,7.25
"2023-02-11 00:00:00",12.75,21.4,10.5
"2023-02-11 01:00:00",12.71,12.18,8.5
"2023-02-11 02:00:00",18.8,6.2,7.5
"2023-02-11 03:00:00",9.51,14.12,8.75
"2023-02-11 04:00:00",5.53,27.49,7.5
"2023-02-11 05:00:00",3,43.9,5.5
"2023-02-11 06:00:00",4.72,35.74,4.5
"2023-02-11 07:00:00",6.63,33.95,5.5
"2023-02-11 08:00:00",12.29,29.07,3.75
"2023-02-11 09:00:00",18.15,18.85,3
"2023-02-11 10:00:00",12.65,27.66,2.5
"2023-02-11 11:00:00",24.21,31.87,1.5
"2023-02-11 12:00:00",8.25,58.41,3.5
"2023-02-11 13:00:00",7.62,61.83,4.75
"2023-02-11 14:00:00",7.07,63.51,3.75
"2023-02-11 15:00:00",8.92,60.46,2.25
"2023-02-11 16:00:00",6.41,65.23,1
"2023-02-11 17:00:00",8.03,60.56,4.5
"2023-02-11 18:00:00",11.66,53.43,6
"2023-02-11 19:00:00",11.28,53.45,6
"2023-02-11 20:00:00",8.27,57.57,6
"2023-02-11 21:00:00",9.04,56.99,6.75
"2023-02-11 22:00:00",6.22,58.6,8.5
"2023-02-11 23:00:00",7.35,55.51,7.25
"2023-02-12 00:00:00",8.13,51.97,7.5
"2023-02-12 01:00:00",5.61,55.66,5.25
"2023-02-12 02:00:00",5.52,58.82,2.5
"2023-02-12 03:00:00",5.45,58.35,1
"2023-02-12 04:00:00",2.34,64.22,1
"2023-02-12 05:00:00",1.83,61.68,1
"2023-02-12 06:00:00",1.72,61.06,1.25
"2023-02-12 07:00:00",3.15,60.72,1.75
"2023-02-12 08:00:00",5.34,58.09,0.75
"2023-02-12 09:00:00",5.12,57.91,0.25
"2023-02-12 10:00:00",5.3,58.61,1.5
"2023-02-12 11:00:00",4.8,57.15,3.5
"2023-02-12 12:00:00",4.6,57.5,5
"2023-02-12 13:00:00",4.28,58.46,5
"2023-02-12 14:00:00",4.25,60.2,5.25
"2023-02-12 15:00:00",5.47,58.91,7
"2023-02-12 16:00:00",5.6,62.82,10.25
"2023-02-12 17:00:00",6.56,61.75,10.25
"2023-02-12 18:00:00",9.52,57.15,9.25
"2023-02-12 19:00:00",11.07,53.9,13.5
"2023-02-12 20:00:00",8.61,59.19,14.5
"2023-02-12 21:00:00",6.7,62.76,12.25
"2023-02-12 22:00:00",5.49,64.48,10.25
"2023-02-12 23:00:00",4.63,65.41,11.25
"2023-02-13 00:00:00",4.87,66.34,12
"2023-02-13 01:00:00",5.08,62.74,12
"2023-02-13 02:00:00",5.69,59.34,11.75
"2023-02-13 03:00:00",4.15,61.24,10.5
"2023-02-13 04:00:00",4.49,60.78,9.75
"2023-02-13 05:00:00",4.57,60.52,11.75
"2023-02-13 06:00:00",5.2,63.48,10.5
"2023-02-13 07:00:00",9.16,62.64,8.75
"2023-02-13 08:00:00",13.81,59.96,8
"2023-02-13 09:00:00",22.99,47.72,8.75
"2023-02-13 10:00:00",15.24,58.2,9.75
"2023-02-13 11:00:00",9.01,69.18,6.25
"2023-02-13 12:00:00",6.68,74.49,7.75
"2023-02-13 13:00:00",5.27,77.66,9.5
"2023-02-13 14:00:00",5.03,76.9,7.5
"2023-02-13 15:00:00",5.73,76.22,5.5
"2023-02-13 16:00:00",7.76,73.28,5
"2023-02-13 17:00:00",7.58,75.67,8.25
"2023-02-13 18:00:00",9.28,74.56,9.5
"2023-02-13 19:00:00",6.98,77.61,10.25
"2023-02-13 20:00:00",6.23,78.3,8
"2023-02-13 21:00:00",6.71,77.46,8.25
"2023-02-13 22:00:00",5.16,77.19,9.5
"2023-02-13 23:00:00",4.09,75.11,11
"2023-02-14 00:00:00",3.92,73.67,9.75
"2023-02-14 01:00:00",2.96,78.67,5.75
"2023-02-14 02:00:00",3.36,75.89,6.25
"2023-02-14 03:00:00",4.25,70.89,9.75
"2023-02-14 04:00:00",3.58,69.49,9.75
"2023-02-14 05:00:00",2.78,68.61,11
"2023-02-14 06:00:00",2.78,66.75,8
"2023-02-14 07:00:00",4.02,64.53,8
"2023-02-14 08:00:00",5.45,63.91,8
"2023-02-14 09:00:00",6.86,63.88,7.75
"2023-02-14 10:00:00",7.03,61.98,8.25
"2023-02-14 11:00:00",5.91,66.2,12.25
"2023-02-14 12:00:00",6.44,70.06,12.25
"2023-02-14 13:00:00",6.94,71.31,9.5
"2023-02-14 14:00:00",6.5,72.72,8.5
"2023-02-14 15:00:00",6.11,73.73,10.75
"2023-02-14 16:00:00",7.3,74.88,13
"2023-02-14 17:00:00",9.14,74.3,13.5
"2023-02-14 18:00:00",8.29,76.56,14
"2023-02-14 19:00:00",8.02,76.43,11.25
"2023-02-14 20:00:00",7.1,77.37,12
"2023-02-14 21:00:00",5.94,79.34,11.75
"2023-02-14 22:00:00",5.97,75.7,12
"2023-02-14 23:00:00",5.6,75.47,14.25
"2023-02-15 00:00:00",4.48,74.18,12.25
"2023-02-15 01:00:00",4.01,73.51,12.5
"2023-02-15 02:00:00",3.24,74,11
"2023-02-15 03:00:00",3.04,70.64,10.75
"2023-02-15 04:00:00",1.59,66.46,8.75
"2023-02-15 05:00:00",2.03,48.23,4
"2023-02-15 06:00:00",3.2,44.07,1
"2023-02-15 07:00:00",5.83,31.01,0.5
"2023-02-15 08:00:00",20.16,12.94,-0.5
"2023-02-15 09:00:00",23.68,22.16,1
"2023-02-15 10:00:00",18.59,33.88,0.75
"2023-02-15 11:00:00",8.9,50.74,0.75
"2023-02-15 12:00:00",3.95,63.9,2.75
"2023-02-15 13:00:00",4.42,67.24,1.5
"2023-02-15 13:01:00",,,
"2023-02-15 14:00:00",6.59,63.46
"2023-02-15 14:01:00",,,
"2023-02-15 15:00:00",6.75,62.04
"2023-02-15 16:00:00",6.28,62.9,0.75
"2023-02-15 17:00:00",6.69,61.74,3.25
"2023-02-15 18:00:00",5.78,62.28,3.75
"2023-02-15 19:00:00",5.95,63.7,2.75
"2023-02-15 20:00:00",4.36,64.83,1.75
"2023-02-15 21:00:00",3.57,65.54,1
"2023-02-15 22:00:00",2.6,64.7,1
"2023-02-15 23:00:00",2.34,62.51,0.5
"2023-02-16 00:00:00",1.9,58.55,-0.75
"2023-02-16 01:00:00",2.17,51.11,1.25
"2023-02-16 02:00:00",2.36,43.58,4.5
"2023-02-16 03:00:00",1.94,49.43,2.25
"2023-02-16 04:00:00",1.97,40.24,-0.25
"2023-02-16 05:00:00",1.91,37.99,-0.5
"2023-02-16 06:00:00",3.35,30.6,1
"2023-02-16 07:00:00",5.65,28.77,0.75
"2023-02-16 08:00:00",25.32,8.05,0.75
"2023-02-16 09:00:00",19.15,25.69,2.75
"2023-02-16 10:00:00",20.76,20.52,1
"2023-02-16 11:00:00",10.94,39.42,-1.5
"2023-02-16 12:00:00",6.74,47.7,0.75
"2023-02-16 13:00:00",7.44,46.56,3
"2023-02-16 14:00:00",6.9,49.69,2.25
"2023-02-16 15:00:00",7.83,44.4,-0.75
"2023-02-16 16:00:00",7.89,46.86,-3.25
"2023-02-16 17:00:00",7.11,48.11,-4
"2023-02-16 18:00:00",6.21,49.07,-3.5
"2023-02-16 19:00:00",7.39,48.85,-1.25
"2023-02-16 20:00:00",8.09,48.47,1.25
"2023-02-16 21:00:00",8,50.04,2
"2023-02-16 22:00:00",5.26,56.76,2
"2023-02-16 23:00:00",2.56,60.44,1.5
"2023-02-17 00:00:00",1.45,63.21,-0.75
"2023-02-17 01:00:00",1.04,67.55,-3.25
"2023-02-17 02:00:00",1.08,65.44,-3.75
"2023-02-17 03:00:00",1.03,62.82,-2.75
"2023-02-17 04:00:00",1.52,60.34,-1.5
"2023-02-17 05:00:00",1.12,62,-0.25
"2023-02-17 06:00:00",1.48,60.42,-1.5
"2023-02-17 07:00:00",4.4,53.59,-2.75
"2023-02-17 08:00:00",8.66,48.69,-1.5
"2023-02-17 08:01:00",,,
"2023-02-17 09:00:00",13.06,40.46
"2023-02-17 09:01:00",,,
"2023-02-17 10:00:00",14.28,41.06,-0.25
"2023-02-17 11:00:00",7.96,49.3,-1
"2023-02-17 12:00:00",7.52,52.92,-1.25
"2023-02-17 13:00:00",6.57,54.04,-2
"2023-02-17 14:00:00",6.3,55.49,-2.25
"2023-02-17 15:00:00",6.57,57.78,-2.25
"2023-02-17 15:01:00",,,
"2023-02-17 16:00:00",5.92,58.57
"2023-02-17 16:01:00",,,
"2023-02-17 17:00:00",5.77,59.84,-0.25
"2023-02-17 18:00:00",7.66,58.27,-1
"2023-02-17 19:00:00",6.78,59.87,-0.5
"2023-02-17 20:00:00",6.27,62.41,2
"2023-02-17 21:00:00",5.95,64.17,5.25
"2023-02-17 22:00:00",2.71,66.1,5.5
"2023-02-17 23:00:00",2.41,65.31,3.25
"2023-02-18 00:00:00",1.22,66.78,0.5
"2023-02-18 01:00:00",1.03,66.9,-1
"2023-02-18 02:00:00",1.2,65.99,-0.75
"2023-02-18 03:00:00",1.03,64.91,0.75
"2023-02-18 04:00:00",1.09,61.97,2.5
"2023-02-18 04:01:00",,,
"2023-02-18 05:00:00",0.95,62.44
"2023-02-18 05:01:00",,,
"2023-02-18 06:00:00",1.09,63.91,-3
"2023-02-18 07:00:00",1.77,59.45,-2.75
"2023-02-18 08:00:00",3.28,60.65,-1.25
"2023-02-18 09:00:00",10.9,49.07,1
"2023-02-18 10:00:00",4.05,57.65,1.5
"2023-02-18 11:00:00",4.37,61.06,3.5
"2023-02-18 12:00:00",2.55,66.76,4.75
"2023-02-18 13:00:00",2.42,66.12,3.75
"2023-02-18 14:00:00",3.14,63.87,2.75
"2023-02-18 15:00:00",3.22,62.28,1.25
"2023-02-18 16:00:00",2.48,67.17,-1.5
"2023-02-18 17:00:00",2.43,67.5,-2.5
"2023-02-18 18:00:00",4.4,61.38,-0.5
"2023-02-18 19:00:00",6.43,60.92,2.25
"2023-02-18 20:00:00",6.95,53.31,5.75
"2023-02-18 21:00:00",10.07,46.61,4.25
"2023-02-18 22:00:00",11.29,47.73,3.5
"2023-02-18 23:00:00",4.09,54.52,7.5
"2023-02-19 00:00:00",4.83,43.14,5.5
"2023-02-19 01:00:00",5.01,41.87,3.75
"2023-02-19 02:00:00",3.88,48.96,2.25
"2023-02-19 03:00:00",3.14,43.88,-0.75
"2023-02-19 04:00:00",5.08,36.25,-2.75
"2023-02-19 05:00:00",2.34,37.61,-2
"2023-02-19 06:00:00",2.94,22.86,-2
"2023-02-19 07:00:00",3.45,28.04,-1.75
"2023-02-19 08:00:00",4.53,20.08,-0.25
"2023-02-19 09:00:00",9.53,13.17,1.5
"2023-02-19 10:00:00",6.45,42.64,-0.75
"2023-02-19 11:00:00",5.84,56.99,-2.5
"2023-02-19 12:00:00",3.49,62.17,-0.75
"2023-02-19 13:00:00",4.5,62.2,-0.75
"2023-02-19 14:00:00",3.26,61.51,-2.75
"2023-02-19 15:00:00",4.03,61.76,-1.5
"2023-02-19 15:01:00",,,
"2023-02-19 16:00:00",3.49,62.47
"2023-02-19 16:01:00",,,
"2023-02-19 17:00:00",3.81,57.78,0.5
"2023-02-19 18:00:00",5.42,49.4,1.75
"2023-02-19 19:00:00",6.22,48.46,1
"2023-02-19 20:00:00",5.6,48.96,1.25
"2023-02-19 21:00:00",4.57,52.95,1.25
"2023-02-19 22:00:00",3.06,53.94,-0.25
"2023-02-19 23:00:00",1.93,55.56,2.25
"2023-02-20 00:00:00",1.1,56.76,2.5
"2023-02-20 01:00:00",1.1,57.78,0.25
"2023-02-20 02:00:00",0.83,58.61,-1.75
"2023-02-20 03:00:00",0.83,57.36,-0.5
"2023-02-20 04:00:00",0.87,57.83,0.75
"2023-02-20 04:01:00",,,
"2023-02-20 05:00:00",0.93,59.97
"2023-02-20 05:01:00",,,
"2023-02-20 06:00:00",1.99,58.62,0.5
"2023-02-20 07:00:00",2.93,58.33,2
"2023-02-20 08:00:00",11.56,47.8,1.5
"2023-02-20 09:00:00",9.26,50.69,-0.75
"2023-02-20 10:00:00",8.63,51.29,-3
"2023-02-20 11:00:00",5.57,55.72,-2.5
"2023-02-20 12:00:00",4.61,57.47,-1
"2023-02-20 13:00:00",3.86,58.92,-0.5
"2023-02-20 14:00:00",3.87,59.86,0.25
"2023-02-20 15:00:00",6.11,57.43,-2.25
"2023-02-20 16:00:00",8.87,54.86,-2.25
"2023-02-20 16:01:00",,,
"2023-02-20 17:00:00",8.15,52.06
"2023-02-20 17:01:00",,,
"2023-02-20 18:00:00",8.14,48.1
"2023-02-20 19:00:00",9.59,44.31,0.25
"2023-02-20 20:00:00",13.41,36.38,0.5
"2023-02-20 21:00:00",10.12,38.98,-0.5
"2023-02-20 22:00:00",5.85,48.24,1.5
"2023-02-20 23:00:00",3.41,56.47,3
"2023-02-21 00:00:00",2.01,59.74,2.25
"2023-02-21 01:00:00",1.68,57.34,-0.75
"2023-02-21 02:00:00",1.4,56.8,-2.75
"2023-02-21 03:00:00",1.54,51.37,-1.25
"2023-02-21 04:00:00",1.46,53.23,0.5
"2023-02-21 05:00:00",1.11,52.26,-1.5
"2023-02-21 06:00:00",2.67,50.42,-2.25
"2023-02-21 07:00:00",4.83,45.75,-0.25
"2023-02-21 08:00:00",13.89,37.92,-1.25
"2023-02-21 09:00:00",11.97,50.86,-1.5
"2023-02-21 09:01:00",,,
"2023-02-21 10:00:00",9.22,58.17
"2023-02-21 10:01:00",,,
"2023-02-21 11:00:00",7.72,63.99,0.25
"2023-02-21 12:00:00",6.47,66.08,1.25
"2023-02-21 13:00:00",5.48,65.2,1
"2023-02-21 14:00:00",5.1,66.34,-2.25
"2023-02-21 15:00:00",6.55,63.62,-2.75
"2023-02-21 16:00:00",7.35,60.36,-2
"2023-02-21 17:00:00",8.6,58.14,-1.75
"2023-02-21 18:00:00",8.27,56.51,-0.75
"2023-02-21 18:01:00",,,
"2023-02-21 19:00:00",8.58,53.78
"2023-02-21 19:01:00",,,
"2023-02-21 20:00:00",7.89,53.08,0.25
"2023-02-21 21:00:00",7.13,50.54,1.75
"2023-02-21 22:00:00",4.24,53.98,3.75
"2023-02-21 23:00:00",2.34,56.17,2.25
"2023-02-22 00:00:00",1.27,59.97,0.75
"2023-02-22 01:00:00",1.17,59.44,3
"2023-02-22 02:00:00",1.12,61.08,2.5
"2023-02-22 03:00:00",1.11,51.79,0.25
"2023-02-22 04:00:00",0.68,63.21,-2.25
"2023-02-22 05:00:00",0.97,58.14,-2
"2023-02-22 06:00:00",2.02,43.33,1
"2023-02-22 07:00:00",5.73,42.9,0.5
"2023-02-22 08:00:00",12.34,37.94,-0.5
"2023-02-22 09:00:00",13.87,41.06,1.25
"2023-02-22 10:00:00",5.62,56.3,1.25
"2023-02-22 11:00:00",3.7,62.04,-1.25
"2023-02-22 12:00:00",3.86,63.4,-0.75
"2023-02-22 13:00:00",4.4,60.35,3
"2023-02-22 14:00:00",4.69,60.7,2.75
"2023-02-22 15:00:00",4.67,60.65,2
"2023-02-22 16:00:00",7.87,54.26,2.75
"2023-02-22 17:00:00",11.83,50.81,5.25
"2023-02-22 18:00:00",13.82,44.55,6.5
"2023-02-22 19:00:00",12.46,44.02,8.75
"2023-02-22 20:00:00",9.7,50.45,10.5
"2023-02-22 21:00:00",8.98,48.59,9.25
"2023-02-22 22:00:00",8.21,46.79,9.75
"2023-02-22 23:00:00",4.92,47.84,8.25
"2023-02-23 00:00:00",3.9,44.76,5.5
"2023-02-23 01:00:00",3.55,41.64,5.25
"2023-02-23 02:00:00",2.5,41.96,8.5
"2023-02-23 03:00:00",2.12,44.09,6
"2023-02-23 04:00:00",1.67,43.32,3
"2023-02-23 05:00:00",2.47,31.02,3.25
"2023-02-23 06:00:00",2.52,32.49,4.5
"2023-02-23 07:00:00",5.63,39.59,6
"2023-02-23 08:00:00",10.15,36.37,5.75
"2023-02-23 09:00:00",16.08,29,4.25
"2023-02-23 10:00:00",10.67,35.31,2.5
"2023-02-23 11:00:00",5.55,51.8,4.5
"2023-02-23 12:00:00",5.29,54.8,6.5
"2023-02-23 13:00:00",4.29,59.28,7.5
"2023-02-23 14:00:00",5.01,58.13,5
"2023-02-23 15:00:00",6.25,60.25,2.25
"2023-02-23 16:00:00",7.96,59.61,3.25
"2023-02-23 17:00:00",11.89,49.08,4.5
"2023-02-23 18:00:00",19.33,33.26,7.75
"2023-02-23 19:00:00",20.71,32.23,14
"2023-02-23 20:00:00",16.02,29.34,15.75
"2023-02-23 21:00:00",16.27,22.64,12.5
"2023-02-23 22:00:00",28.25,3.89,12.5
"2023-02-23 23:00:00",17.52,13.92,9.75
"2023-02-24 00:00:00",11.57,18.09,13.75
"2023-02-24 01:00:00",6.04,32.54,9.5
"2023-02-24 02:00:00",4.83,25.54,8.25
"2023-02-24 03:00:00",4.85,18.57,8.5
"2023-02-24 04:00:00",3.8,25.85,7
"2023-02-24 05:00:00",4.13,29.06,6.5
"2023-02-24 06:00:00",3.33,30.96,4
"2023-02-24 07:00:00",5.99,35.79,1.75
"2023-02-24 08:00:00",13.62,32,4.25
"2023-02-24 09:00:00",16.9,29.97,4.25
"2023-02-24 10:00:00",9.62,45.36,1.5
"2023-02-24 11:00:00",7.08,53.55,1
"2023-02-24 12:00:00",6.85,56.39,4.25
"2023-02-24 13:00:00",7.67,54.5,5.25
"2023-02-24 14:00:00",10.56,49.39,5.75
"2023-02-24 15:00:00",10.5,50.37,4.75
"2023-02-24 16:00:00",10.85,47.45,4
"2023-02-24 17:00:00",14.62,44.1,4.25
"2023-02-24 18:00:00",14.27,42.7,5.5
"2023-02-24 19:00:00",14.49,38.11,7.5
"2023-02-24 20:00:00",14.2,34.46,9.25
"2023-02-24 21:00:00",11.28,38.01,10.5
"2023-02-24 22:00:00",11.22,33.85,11.5
"2023-02-24 23:00:00",9.05,30.84,9.25
"2023-02-25 00:00:00",5.14,44.46,6
"2023-02-25 01:00:00",3.92,48.13,2.5
"2023-02-25 02:00:00",4.16,43.12,3.5
"2023-02-25 03:00:00",5,29.5,10
"2023-02-25 04:00:00",5.65,19.74,7
"2023-02-25 05:00:00",5.37,17.71,6.75
"2023-02-25 06:00:00",7.16,10.96,6
"2023-02-25 07:00:00",12.43,4.5,6
"2023-02-25 08:00:00",20.69,-6.47,6.5
"2023-02-25 09:00:00",23.02,3.11,7.75
"2023-02-25 10:00:00",9.87,30.86,8.5
"2023-02-25 11:00:00",7.71,40.03,11.75
"2023-02-25 12:00:00",5.74,51.62,6.75
"2023-02-25 13:00:00",6.54,56.99,3
"2023-02-25 14:00:00",7.35,57.08,3.5
"2023-02-25 15:00:00",7.9,58.15,5
"2023-02-25 16:00:00",6.91,60.31,5.25
"2023-02-25 17:00:00",10.91,55.54,5.75
"2023-02-25 18:00:00",13.11,53.68,5.25
"2023-02-25 19:00:00",15.73,47.07,7.25
"2023-02-25 20:00:00",14.39,51.88,11.25
"2023-02-25 21:00:00",13.93,51.05,11.75
"2023-02-25 22:00:00",9.96,55.79,10.5
"2023-02-25 23:00:00",7.19,59.42,8.5
"2023-02-26 00:00:00",5.98,60.91,6.75
"2023-02-26 01:00:00",5.13,60.55,6
"2023-02-26 02:00:00",5.14,58.11,6.75
"2023-02-26 03:00:00",4.01,59.28,8.75
"2023-02-26 04:00:00",3.79,57.45,7.5
"2023-02-26 05:00:00",3.56,55.43,5.75
"2023-02-26 06:00:00",3.76,55.07,5.25
"2023-02-26 07:00:00",4.27,55.97,5.75
"2023-02-26 08:00:00",5.13,58.1,4.5
"2023-02-26 09:00:00",6.75,55.46,3
"2023-02-26 10:00:00",8.13,53.37,3
"2023-02-26 11:00:00",9.06,53.97,3.75
"2023-02-26 12:00:00",8.03,57.35,5.75
"2023-02-26 13:00:00",6.29,67.35,5
"2023-02-26 14:00:00",6.32,68.97,4.5
"2023-02-26 15:00:00",7.17,67.85,3
"2023-02-26 16:00:00",5.37,70.2,3.5
"2023-02-26 17:00:00",8.09,67.41,5
"2023-02-26 18:00:00",11.72,60.77,4.75
"2023-02-26 19:00:00",15.02,56.18,4.5
"2023-02-26 20:00:00",17.11,50.91,6.75
"2023-02-26 21:00:00",22.17,43.83,8.75
"2023-02-26 22:00:00",15.76,47.03,9.75
"2023-02-26 23:00:00",12.45,48.97,13.5
"2023-02-27 00:00:00",14.04,46.39,8
"2023-02-27 01:00:00",12.59,45.83,4.75
"2023-02-27 02:00:00",8.37,54.85,4.25
"2023-02-27 03:00:00",9.51,53.08,4.75
"2023-02-27 04:00:00",10.63,48.94,3.75
"2023-02-27 05:00:00",8.56,48.82,3.75
"2023-02-27 06:00:00",6.45,48.4,6
"2023-02-27 07:00:00",18.28,35.06,6.5
"2023-02-27 08:00:00",28.66,24.26,7.5
"2023-02-27 09:00:00",40.14,13.34,5.75
"2023-02-27 10:00:00",28.57,34.88,5.25
"2023-02-27 11:00:00",10.28,60.57,5.5
"2023-02-27 12:00:00",10.19,76.16,3.5
"2023-02-27 13:00:00",9.04,64.15,1.75
"2023-02-27 14:00:00",8.46,66.99,1.25
"2023-02-27 15:00:00",10.17,65.06,3
"2023-02-27 16:00:00",12.71,63,6
"2023-02-27 17:00:00",16.49,57.88,5.5
"2023-02-27 18:00:00",19.78,50.56,3.75
"2023-02-27 19:00:00",23.43,49.25,4.25
"2023-02-27 20:00:00",22.63,49.38,7.75
"2023-02-27 21:00:00",23.7,42.38,9.25
"2023-02-27 22:00:00",19.47,39.52,14.5
"2023-02-27 23:00:00",12.72,43.44,10
"2023-02-28 00:00:00",8.47,45.04,9.5
"2023-02-28 01:00:00",6.6,47.67,8
"2023-02-28 02:00:00",4.63,47.59,7.25
"2023-02-28 03:00:00",4.13,44.6,4
"2023-02-28 04:00:00",3.54,47.85,1.25
"2023-02-28 05:00:00",4.72,42.46,2.25
"2023-02-28 06:00:00",4.84,43.46,3.25
"2023-02-28 07:00:00",8.62,40.99,4.25
"2023-02-28 08:00:00",15.85,32.59,5
"2023-02-28 09:00:00",19.5,29.85,5
"2023-02-28 10:00:00",12.29,43.4,6
"2023-02-28 11:00:00",9.85,45.32,8.5
"2023-02-28 12:00:00",8.12,51.69,6.25
"2023-02-28 13:00:00",6.72,55.98,4.5
"2023-02-28 14:00:00",6.83,52.01,6.25
"2023-02-28 15:00:00",10.46,47.6,6.75
"2023-02-28 16:00:00",11.73,42.76,6.25
"2023-02-28 17:00:00",15.35,42.59,9
"2023-02-28 18:00:00",16.5,39.96,14.25
"2023-02-28 19:00:00",16.4,39.83,12
"2023-02-28 20:00:00",16.34,35.89,11.75
"2023-02-28 21:00:00",13.19,40.09,11.25
"2023-02-28 22:00:00",10.31,45.9,11.75
"2023-02-28 23:00:00",8.61,51.57,11.75
"2023-03-01 00:00:00",6.74,52.92,13
"2023-03-01 01:00:00",4.91,55.35,9.75
"2023-03-01 02:00:00",4.88,51.75,8.75
"2023-03-01 03:00:00",4.59,51.15,7.5
"2023-03-01 04:00:00",3.91,52.93,5.75
"2023-03-01 05:00:00",4.55,53.29,5.25
"2023-03-01 06:00:00",4.84,51.63,5.75
"2023-03-01 07:00:00",8.26,45.76,5.25
"2023-03-01 08:00:00",16.36,39.7,6.25
"2023-03-01 09:00:00",19.47,34.07,6.75
"2023-03-01 10:00:00",19.13,31.4,5.5
"2023-03-01 11:00:00",12.73,43.41,4.25
"2023-03-01 12:00:00",9.09,76.33,4.75
"2023-03-01 13:00:00",9.77,76.34,3.25
"2023-03-01 14:00:00",10.74,67.37,1.5
"2023-03-01 15:00:00",12.43,61.1,3.25
"2023-03-01 16:00:00",12.27,54.35,3.5
"2023-03-01 17:00:00",17.78,45.17,3.25
"2023-03-01 18:00:00",26.96,26.9,8
"2023-03-01 19:00:00",32.06,23.95,11.75
"2023-03-01 20:00:00",24.95,38.22,15
"2023-03-01 21:00:00",28.23,29.46,18.25
"2023-03-01 22:00:00",15.81,40.77,16.75
"2023-03-01 23:00:00",9.21,47.22,9
"2023-03-02 00:00:00",7.97,47.51,5.25
"2023-03-02 01:00:00",7.16,46.38,3.25
"2023-03-02 02:00:00",5.96,45.23,4.5
"2023-03-02 03:00:00",4.73,47.15,6.75
"2023-03-02 04:00:00",5.06,44.93,8.25
"2023-03-02 05:00:00",4.26,43.77,5.5
"2023-03-02 06:00:00",4.75,37.42,4.5
"2023-03-02 07:00:00",8.65,33.8,6
"2023-03-02 08:00:00",19.93,23.61,5.75
"2023-03-02 09:00:00",20.47,26.72,5
"2023-03-02 10:00:00",11.93,40.11,4.5
"2023-03-02 11:00:00",8.99,47.72,2.5
"2023-03-02 12:00:00",9.04,51.05,1
"2023-03-02 13:00:00",12.25,50.9,1.25
"2023-03-02 14:00:00",12.17,52.2,2.25
"2023-03-02 15:00:00",13.32,49.77,3
"2023-03-02 16:00:00",15.16,49.17,2.75
"2023-03-02 17:00:00",17.67,46.1,1.5
"2023-03-02 18:00:00",25,38.23,2.25
"2023-03-02 19:00:00",31.42,29.05,9.25
"2023-03-02 20:00:00",32.02,26.31,10.5
"2023-03-02 21:00:00",29.98,25.13,12.5
"2023-03-02 22:00:00",22.76,36.7,14.5
"2023-03-02 23:00:00",13.43,51.47,14.75
"2023-03-03 00:00:00",13.12,50.7,11
"2023-03-03 01:00:00",9.78,52.81,10.25
"2023-03-03 02:00:00",5.19,56.47,7.5
"2023-03-03 03:00:00",4.24,52.72,5.75
"2023-03-03 04:00:00",4.52,54.56,5
"2023-03-03 05:00:00",5.12,58.87,4.5
"2023-03-03 06:00:00",7.14,61.22,2.5
"2023-03-03 07:00:00",11.13,53.68,2
"2023-03-03 08:00:00",23.68,39.16,5
"2023-03-03 09:00:00",24.9,37.09,5
"2023-03-03 10:00:00",17.01,46.61,5.25
"2023-03-03 11:00:00",10.86,54.41,7
"2023-03-03 12:00:00",10.85,54.59,10.25
"2023-03-03 13:00:00",9.65,55.21,10.75
"2023-03-03 14:00:00",10.3,56.48,10.25
"2023-03-03 15:00:00",10.44,56.74,10.5
"2023-03-03 16:00:00",11.12,55.62,9
"2023-03-03 17:00:00",11.96,56.55,8.75
"2023-03-03 18:00:00",11.73,54.42,8.5
"2023-03-03 19:00:00",22.18,41.02,11.75
"2023-03-03 20:00:00",29.29,32.08,17.25
"2023-03-03 21:00:00",29.96,26.16,18.5
"2023-03-03 22:00:00",35.5,14.82,23.5
"2023-03-03 23:00:00",21.74,26.09,29.5
"2023-03-04 00:00:00",16.11,30.03,13.75
"2023-03-04 01:00:00",14.57,30.2,8.75
"2023-03-04 02:00:00",11.76,35.89,13
"2023-03-04 03:00:00",11.84,34.11,11.25
"2023-03-04 04:00:00",9.47,40.58,13.75
"2023-03-04 05:00:00",7.63,47.75,9.5
"2023-03-04 06:00:00",7.74,43.04,9
"2023-03-04 07:00:00",10.12,40.54,11.5
"2023-03-04 08:00:00",10.07,51.77,9.25
"2023-03-04 09:00:00",12.28,56.46,6
"2023-03-04 10:00:00",10.55,61.48,3
"2023-03-04 11:00:00",9.4,61.76,4.25
"2023-03-04 12:00:00",8.93,60.23,8
"2023-03-04 13:00:00",11.3,57.51,8.25
"2023-03-04 14:00:00",11.39,57.56,9.25
"2023-03-04 15:00:00",10.99,59.27,9.75
"2023-03-04 16:00:00",10.57,56.8,9
"2023-03-04 17:00:00",13.29,52.52,9.25
"2023-03-04 18:00:00",16.47,47.67,12.75
"2023-03-04 19:00:00",20.92,43.96,22.25
"2023-03-04 20:00:00",20.63,47.63,24.75
"2023-03-04 21:00:00",19.64,47.26,21.5
"2023-03-04 22:00:00",15.52,54.14,22
"2023-03-04 23:00:00",6.36,62.25,16.5
"2023-03-05 00:00:00",8.4,58.54,9.25
"2023-03-05 01:00:00",9.68,52.98,11
"2023-03-05 02:00:00",7.26,52.45,13.5
"2023-03-05 03:00:00",6.56,51.8,11.5
"2023-03-05 04:00:00",5.51,51.31,9.5
"2023-03-05 05:00:00",4.67,52.1,8.25
"2023-03-05 06:00:00",4.52,52.58,9.5
"2023-03-05 07:00:00",5.3,54.54,11.75
"2023-03-05 08:00:00",5.77,60.95,13
"2023-03-05 09:00:00",6.8,51.56,10
"2023-03-05 10:00:00",6.56,49.03,9.25
"2023-03-05 11:00:00",5.15,61.87,7.5
"2023-03-05 12:00:00",4.02,62.82,9.25
"2023-03-05 13:00:00",4.48,62.76,10
"2023-03-05 14:00:00",4.23,63.21,9
"2023-03-05 15:00:00",4.84,65.89,6
"2023-03-05 16:00:00",7.81,63.15,7.25
"2023-03-05 17:00:00",8.59,61.43,10
"2023-03-05 18:00:00",10.91,55.94,8
"2023-03-05 19:00:00",13.9,45.97,12.25
"2023-03-05 20:00:00",16.5,39.48,16
"2023-03-05 21:00:00",14.09,44.74,15
"2023-03-05 22:00:00",14.84,36.72,11.75
"2023-03-05 23:00:00",10.09,43.3,11
"2023-03-06 00:00:00",8.64,40.76,10
"2023-03-06 01:00:00",7.61,35.51,6.5
"2023-03-06 02:00:00",5.95,30.52,5.5
"2023-03-06 03:00:00",5.05,30.45,6.75
"2023-03-06 04:00:00",4.06,38.63,5.5
"2023-03-06 05:00:00",3.58,41.92,3.75
"2023-03-06 06:00:00",5.4,41.9,2.75
"2023-03-06 07:00:00",9.21,36.64,1.5
"2023-03-06 08:00:00",15.67,33.16,0.5
"2023-03-06 09:00:00",19.91,33.48,2
"2023-03-06 10:00:00",13.37,47.56,2.25
"2023-03-06 11:00:00",4.9,61.95,3.25
"2023-03-06 12:00:00",3.98,67.88,3.75
"2023-03-06 13:00:00",3.94,68.5,2.25
"2023-03-06 14:00:00",4.02,67.54,0.25
"2023-03-06 15:00:00",5.51,64,1.25
"2023-03-06 16:00:00",9.04,57.73,1.75
"2023-03-06 17:00:00",7.58,61.32,0.75
"2023-03-06 18:00:00",8.27,58.98,-0.25
"2023-03-06 19:00:00",14.12,44.07,-0.25
"2023-03-06 20:00:00",10.28,53.65,2.25
"2023-03-06 21:00:00",12.87,44.97,4
"2023-03-06 22:00:00",12.52,40.33,7.5
"2023-03-06 23:00:00",10.72,39.94,8
"2023-03-07 00:00:00",9.28,37.5,4.25
"2023-03-07 01:00:00",7.37,33.21,2.5
"2023-03-07 02:00:00",3.39,44.67,3.75
"2023-03-07 03:00:00",2.46,51.17,2.25
"2023-03-07 04:00:00",2.46,51.16,0.75
"2023-03-07 05:00:00",2.59,53.49,3.25
"2023-03-07 06:00:00",3.16,58.06,4
"2023-03-07 07:00:00",7.42,51.08,4.25
"2023-03-07 08:00:00",13.37,38.85,4.75
"2023-03-07 09:00:00",16.24,29.6,3.5
"2023-03-07 10:00:00",12.2,42.01,1.75
"2023-03-07 11:00:00",7.08,54.25,1.5
"2023-03-07 12:00:00",7.37,57.59,2.75
"2023-03-07 13:00:00",7.17,60.72,1.25
"2023-03-07 14:00:00",7.36,58.34,-0.25
"2023-03-07 15:00:00",9.04,57.36,2
"2023-03-07 16:00:00",13.32,52.39,2.25
"2023-03-07 17:00:00",14.48,50.47,2.75
"2023-03-07 18:00:00",15.56,53.48,2.75
"2023-03-07 19:00:00",23.2,44.62,5
"2023-03-07 20:00:00",15.47,55.04,4.75
"2023-03-07 21:00:00",14.75,55.7,4.75
"2023-03-07 22:00:00",8.94,61.37,6.75
"2023-03-07 23:00:00",5.72,64.88,5.5
"2023-03-08 00:00:00",4.4,66.05,3.75
"2023-03-08 01:00:00",3.54,64.3,2.75
"2023-03-08 02:00:00",2.74,63.79,2.25
"2023-03-08 03:00:00",2.16,60.46,2.25
"2023-03-08 04:00:00",1.76,59.77,-1
"2023-03-08 05:00:00",2.97,56.42,-3.25
"2023-03-08 05:01:00",,,
"2023-03-08 06:00:00",3.92,54.27
"2023-03-08 06:01:00",,,
"2023-03-08 07:00:00",7.38,50.63,4
"2023-03-08 08:00:00",11.51,50.11,6.25
"2023-03-08 09:00:00",14.18,47.53,3.75
"2023-03-08 10:00:00",10.39,54.01,4
"2023-03-08 11:00:00",9.76,55.44,7
"2023-03-08 12:00:00",12.1,52.5,7
"2023-03-08 13:00:00",11.5,55.01,7.25
"2023-03-08 14:00:00",14.26,48.06,8
"2023-03-08 15:00:00",15.29,47.63,7.75
"2023-03-08 16:00:00",16.94,48.49,6.5
"2023-03-08 17:00:00",18.52,46.28,6.5
"2023-03-08 18:00:00",22.69,40.17,10
"2023-03-08 19:00:00",29.04,24.9,7.75
"2023-03-08 20:00:00",32.41,17.97,13
"2023-03-08 21:00:00",23.16,28.36,20.25
"2023-03-08 22:00:00",20.9,27.59,16.5
"2023-03-08 23:00:00",13.39,36.83,18.75
"2023-03-09 00:00:00",9.25,44.31,11
"2023-03-09 01:00:00",7.42,45.15,7
"2023-03-09 02:00:00",6.02,46.49,5
"2023-03-09 03:00:00",4.65,48.96,7.5
"2023-03-09 04:00:00",4.76,48.81,6.75
"2023-03-09 05:00:00",10.45,41.51,8.5
"2023-03-09 06:00:00",11.06,37.87,6.75
"2023-03-09 07:00:00",13.04,32.51,6
"2023-03-09 08:00:00",14.54,28.54,5.25
"2023-03-09 09:00:00",28.58,13.93,3
"2023-03-09 10:00:00",24.53,17.38,3.5
"2023-03-09 11:00:00",27.64,14.4,4.25
"2023-03-09 12:00:00",22.48,21.24,1.5
"2023-03-09 13:00:00",29.41,15.53,0.75
"2023-03-09 14:00:00",30.26,20.69,5.25
"2023-03-09 15:00:00",32.22,27.92,13.5
"2023-03-09 16:00:00",21.65,38.67,16.5
"2023-03-09 17:00:00",24.16,23.75,14
"2023-03-09 18:00:00",16.49,19.4,18.5
"2023-03-09 19:00:00",14.96,21.96,14
"2023-03-09 20:00:00",14.22,28.69,13
"2023-03-09 21:00:00",11.04,38.77,9.75
"2023-03-09 22:00:00",7.43,45.7,8
"2023-03-09 23:00:00",5,51.37,5.5
"2023-03-10 00:00:00",3.47,55.13,6.75
"2023-03-10 01:00:00",2.39,54.63,5.5
"2023-03-10 02:00:00",1.75,56.38,4.25
"2023-03-10 03:00:00",1.78,58.19,5.25
"2023-03-10 04:00:00",1.58,61.15,6
"2023-03-10 05:00:00",1.64,58.99,5.25
"2023-03-10 06:00:00",2.82,53.34,2.5
"2023-03-10 07:00:00",5.65,44.66,1.25
"2023-03-10 08:00:00",11.09,37.76,2
"2023-03-10 09:00:00",18.76,27.94,2.5
"2023-03-10 10:00:00",16.95,30.08,4
"2023-03-10 11:00:00",9.59,41.48,4
"2023-03-10 12:00:00",9.54,44.92,3.5
"2023-03-10 13:00:00",18.78,38.99,2
"2023-03-10 14:00:00",13.22,44.71,2.5
"2023-03-10 15:00:00",13.07,45.48,3.5
"2023-03-10 16:00:00",15.89,47.32,1.75
"2023-03-10 17:00:00",18.28,46.86,1.25
"2023-03-10 18:00:00",17.38,51.61,2.5
"2023-03-10 19:00:00",25.79,42.23,5.5
"2023-03-10 20:00:00",14.59,55.88,9.5
"2023-03-10 21:00:00",15.98,53.56,8
"2023-03-10 22:00:00",9.74,59.67,7.5
"2023-03-10 23:00:00",7.89,60.51,5.5
"2023-03-11 00:00:00",6.2,63.9,4.5
"2023-03-11 01:00:00",4.59,68.36,6
"2023-03-11 02:00:00",3.33,69.01,5.5
"2023-03-11 03:00:00",4.67,64.78,3.25
"2023-03-11 04:00:00",4.41,66.26,1.75
"2023-03-11 05:00:00",3.73,64.48,4
"2023-03-11 06:00:00",4.38,61.46,3
"2023-03-11 07:00:00",6.37,57.47,-0.25
"2023-03-11 08:00:00",9.16,55.39,-0.75
"2023-03-11 08:01:00",,,
"2023-03-11 09:00:00",10.16,52.74
"2023-03-11 09:01:00",,,
"2023-03-11 10:00:00",13.81,49.38,0.5
"2023-03-11 11:00:00",17.28,43.02,3.25
"2023-03-11 12:00:00",17.31,40.84,6.25
"2023-03-11 13:00:00",7.48,53.54,3
"2023-03-11 14:00:00",4.41,62.55,2
"2023-03-11 15:00:00",4.16,64.72,7.5
"2023-03-11 16:00:00",3.29,67.74,5.5
"2023-03-11 17:00:00",2.69,67.75,5.5
"2023-03-11 18:00:00",4.33,62.79,10
"2023-03-11 19:00:00",6.63,51.29,10.25
"2023-03-11 20:00:00",9.89,34.4,11.5
"2023-03-11 21:00:00",13.83,21.61,13
"2023-03-11 22:00:00",11.77,32,12.5
"2023-03-11 23:00:00",20.68,3.69,10.75
"2023-03-12 00:00:00",9.66,34.76,9
"2023-03-12 01:00:00",4.08,40.65,5.5
"2023-03-12 02:00:00",3.08,42.98,3.75
"2023-03-12 03:00:00",4.52,25.36,2.75
"2023-03-12 04:00:00",8.46,11.02,2.5
"2023-03-12 05:00:00",4.88,10.14,3.75
"2023-03-12 06:00:00",4.26,28.26,2.75
"2023-03-12 07:00:00",2.99,36.19,2.25
"2023-03-12 08:00:00",7.74,24.2,3.25
"2023-03-12 09:00:00",5.37,45.4,4.25
"2023-03-12 10:00:00",2.86,58.94,5
"2023-03-12 11:00:00",2.99,60.21,4.75
"2023-03-12 12:00:00",3.29,58.81,3.75
"2023-03-12 13:00:00",2.73,61.69,3.25
"2023-03-12 14:00:00",3.65,57.4,3.25
"2023-03-12 15:00:00",4.68,53.94,0.75
"2023-03-12 16:00:00",4.48,46.44,0.75
"2023-03-12 17:00:00",4.36,35.06,2.75
"2023-03-12 18:00:00",4.58,32.36,1.5
"2023-03-12 18:01:00",,,
"2023-03-12 19:00:00",4.3,33.54
"2023-03-12 19:01:00",,,
"2023-03-12 20:00:00",2.94,33.56
"2023-03-12 21:00:00",2.58,32.18
"2023-03-12 22:00:00",1.68,32.28
"2023-03-12 23:00:00",1.13,34.68,1
"2023-03-13 00:00:00",0.98,40.44,3.5
"2023-03-13 01:00:00",0.96,49.8,2.5
"2023-03-13 02:00:00",0.83,61.33,3.5
"2023-03-13 03:00:00",0.81,74.17,3
"2023-03-13 04:00:00",1.01,78.64,5.75
"2023-03-13 05:00:00",0.84,78.69,5.75
"2023-03-13 06:00:00",1.62,76.32,7.5
"2023-03-13 07:00:00",2.5,73.54,5.25
"2023-03-13 08:00:00",4.42,75.56,3
"2023-03-13 09:00:00",4.55,74.28,2.5
"2023-03-13 10:00:00",5.3,71.32,1.75
"2023-03-13 11:00:00",5.1,70.84,4.5
"2023-03-13 12:00:00",4.84,71.17,6
"2023-03-13 13:00:00",4.99,69.43,5.75
"2023-03-13 14:00:00",6.75,63.49,4.75
"2023-03-13 15:00:00",6.38,65.19,4
"2023-03-13 16:00:00",5.73,62.1,3.5
"2023-03-13 17:00:00",7.07,60.69,3.25
"2023-03-13 18:00:00",5.7,61.54,7.75
"2023-03-13 19:00:00",5.65,56.46,9.25
"2023-03-13 20:00:00",5.5,58.27,6.25
"2023-03-13 21:00:00",3.49,68.49,3.75
"2023-03-13 22:00:00",3.16,69.86,3
"2023-03-13 23:00:00",2.61,65.68,2.75
"2023-03-14 00:00:00",2.81,59.72,2.25
"2023-03-14 01:00:00",1.3,68.04,3.25
"2023-03-14 02:00:00",1.09,64.6,3.5
"2023-03-14 03:00:00",0.73,67.51,1.5
"2023-03-14 04:00:00",0.82,62.54,-0.25
"2023-03-14 05:00:00",1.29,59.61,-0.5
"2023-03-14 06:00:00",1.64,54.32,0.75
"2023-03-14 07:00:00",7.9,37.83,-0.5
"2023-03-14 08:00:00",15.61,32.52,-1.5
"2023-03-14 09:00:00",13.99,40.28,0.5
"2023-03-14 10:00:00",11.06,48.76,2.25
"2023-03-14 11:00:00",6.23,60.03,3
"2023-03-14 12:00:00",3.53,62.83,3
"2023-03-14 13:00:00",3.55,64.84,2.5
"2023-03-14 14:00:00",3.06,67.97,0.5
"2023-03-14 15:00:00",3.88,69.63,-0.25
"2023-03-14 16:00:00",4.56,69.1,2
"2023-03-14 17:00:00",5.61,66.3,1
"2023-03-14 18:00:00",7.27,59.66,-1.5
"2023-03-14 19:00:00",14.41,40.38,0.25
"2023-03-14 20:00:00",22.1,25.59,5.5
"2023-03-14 21:00:00",30.94,10.06,19
"2023-03-14 22:00:00",38.49,-8.25,20.75
"2023-03-14 23:00:00",42.64,-13.39,27.25
"2023-03-15 00:00:00",38.65,-13.26,32.5
"2023-03-15 01:00:00",35.99,-13.07,37.75
"2023-03-15 02:00:00",44.03,-12.91,37.5
"2023-03-15 03:00:00",37.11,-4.17,26.25
"2023-03-15 04:00:00",31.18,0.01,15
"2023-03-15 05:00:00",23.48,9.69,13.5
"2023-03-15 06:00:00",21.44,18.33,8.5
"2023-03-15 07:00:00",17.1,40.01,6.5
"2023-03-15 08:00:00",9.93,57.84,4.75
"2023-03-15 09:00:00",9.69,60.4,3.25
"2023-03-15 10:00:00",6.47,64.54,0.75
"2023-03-15 11:00:00",7.27,61.06,0.25
"2023-03-15 12:00:00",6.04,61.34,0.25
"2023-03-15 13:00:00",4.48,62.16,-2
"2023-03-15 14:00:00",4.55,61.13,-0.5
"2023-03-15 15:00:00",4.4,61.2,4.5
"2023-03-15 16:00:00",5.47,60.63,4.75
"2023-03-15 17:00:00",5.66,60.59,0.75
"2023-03-15 18:00:00",8.23,56.71,0.25
"2023-03-15 19:00:00",7.84,57.28,1.25
"2023-03-15 20:00:00",6.98,57.84,2
"2023-03-15 21:00:00",4.71,60.75,1.5
"2023-03-15 22:00:00",3.4,63.41,-0.5
"2023-03-15 23:00:00",1.73,67.71,-2.25
"2023-03-16 00:00:00",1.72,69.71,-1.75
"2023-03-16 01:00:00",1.13,71.19,2.25
"2023-03-16 02:00:00",0.85,71.84,2.75
"2023-03-16 03:00:00",0.95,73.33,2.25
"2023-03-16 04:00:00",0.86,74.6,3.5
"2023-03-16 05:00:00",0.61,75.71,5
"2023-03-16 06:00:00",1.23,75.57,4.5
"2023-03-16 07:00:00",2.35,73.24,2.75
"2023-03-16 08:00:00",6.06,69.13,2
"2023-03-16 09:00:00",7.93,65.7,1.5
"2023-03-16 10:00:00",5.75,68.21,0.75
"2023-03-16 11:00:00",4.77,69.58,3
"2023-03-16 12:00:00",5.33,68.95,2.75
"2023-03-16 13:00:00",3.93,70.9,2
"2023-03-16 14:00:00",3.72,71.24,2
"2023-03-16 15:00:00",4.16,70.87,2.75
"2023-03-16 16:00:00",3.69,70.34,5
"2023-03-16 17:00:00",3.99,69.1,5.5
"2023-03-16 18:00:00",5.06,67.24,6.75
"2023-03-16 19:00:00",5.05,67.67,5.5
"2023-03-16 20:00:00",4.54,67.04,4.25
"2023-03-16 21:00:00",4.21,67.74,5.5
"2023-03-16 22:00:00",2.9,70.35,6.75
"2023-03-16 23:00:00",2.17,71.89,6.5
"2023-03-17 00:00:00",1.65,72.95,7.75
"2023-03-17 01:00:00",1.35,72.87,6.5
"2023-03-17 02:00:00",1.31,73.87,5.25
"2023-03-17 03:00:00",1.35,73.39,5.5
"2023-03-17 04:00:00",2.02,73.47,5.25
"2023-03-17 05:00:00",1.74,73.94,8.25
"2023-03-17 06:00:00",1.51,75.44,5.25
"2023-03-17 07:00:00",2.82,73.61,3
"2023-03-17 08:00:00",2.6,73.42,3
"2023-03-17 09:00:00",2.18,72.79,4
"2023-03-17 10:00:00",2.5,70.9,6.5
"2023-03-17 11:00:00",2.51,69.51,4.5
"2023-03-17 12:00:00",1.94,70.62,4
"2023-03-17 13:00:00",2.58,67.6,6.5
"2023-03-17 14:00:00",2.1,67.48,5.75
"2023-03-17 15:00:00",1.75,67.84,7.5
"2023-03-17 16:00:00",2.64,67.44,6.5
"2023-03-17 17:00:00",3.29,65.26,8.5
"2023-03-17 18:00:00",3.81,64.16,9.25
"2023-03-17 19:00:00",6.06,59.54,6.75
"2023-03-17 20:00:00",7.67,55.62,6.75
"2023-03-17 21:00:00",8.44,53.76,9.25
"2023-03-17 22:00:00",6.56,54.86,9.5
"2023-03-17 23:00:00",5.68,57.4,7.75
"2023-03-18 00:00:00",4.24,54.4,6.75
"2023-03-18 01:00:00",5.6,49.93,5.5
"2023-03-18 02:00:00",6.01,47.96,3.25
"2023-03-18 03:00:00",3.99,49.25,0.75
"2023-03-18 03:01:00",,,
"2023-03-18 04:00:00",2.08,46.64
"2023-03-18 04:01:00",,,
"2023-03-18 05:00:00",2.16,30.69,0.25
"2023-03-18 06:00:00",3.58,21.4,0.75
"2023-03-18 07:00:00",3.27,26.44,0.25
"2023-03-18 08:00:00",9.46,20.49,1.25
"2023-03-18 09:00:00",13.91,19.38,1.5
"2023-03-18 10:00:00",3.74,41.8,-0.25
"2023-03-18 11:00:00",2.13,58.73,-1
"2023-03-18 12:00:00",2.25,60.08,-0.75
"2023-03-18 13:00:00",2.86,63.09,0.25
"2023-03-18 14:00:00",2.51,62.78,1.75
"2023-03-18 15:00:00",2.7,70.92,3.75
"2023-03-18 16:00:00",2.58,72.22,3.25
"2023-03-18 17:00:00",3.22,75.45,4
"2023-03-18 18:00:00",3.76,72.88,5
"2023-03-18 19:00:00",4.36,69.36,7.75
"2023-03-18 20:00:00",7.58,57.65,7
"2023-03-18 21:00:00",10.31,54.45,7.75
"2023-03-18 22:00:00",7.17,57.3,9.5
"2023-03-18 23:00:00",10.59,41.47,8.75
"2023-03-19 00:00:00",10.49,33.85,10.75
"2023-03-19 01:00:00",10.65,24.24,9
"2023-03-19 02:00:00",8.65,26.03,6.5
"2023-03-19 03:00:00",7.61,25.42,7.75
"2023-03-19 04:00:00",5.22,23.88,6.25
"2023-03-19 05:00:00",5.51,20.28,3.5
"2023-03-19 06:00:00",6.31,12.86,2.5
"2023-03-19 07:00:00",8.31,4.65,4.25
"2023-03-19 08:00:00",16.53,2.67,5.25
"2023-03-19 09:00:00",28.14,0.99,6.25
"2023-03-19 10:00:00",25.62,11.8,6.75
"2023-03-19 11:00:00",17.38,32.08,6.5
"2023-03-19 12:00:00",3.8,68.54,7.5
"2023-03-19 13:00:00",5.9,65.33,5.75
"2023-03-19 14:00:00",4.3,67.86,5.25
"2023-03-19 15:00:00",3.89,67.74,5.25
"2023-03-19 16:00:00",4.41,64.59,2.75
"2023-03-19 17:00:00",4.85,60.24,1.5
"2023-03-19 18:00:00",4.11,56.79,-0.5
"2023-03-19 19:00:00",5.05,53.13,-1.5
"2023-03-19 20:00:00",5.63,50.81,-0.25
"2023-03-19 21:00:00",6.69,34.79,-0.5
"2023-03-19 22:00:00",6.82,39.91,1.5
"2023-03-19 23:00:00",6.67,37.06,3.25
"2023-03-20 00:00:00",3.7,40.91,3.5
"2023-03-20 01:00:00",1.72,47.36,1
"2023-03-20 02:00:00",1.33,52.35,-2
"2023-03-20 03:00:00",1.18,54.34,-1.25
"2023-03-20 04:00:00",0.9,53.77,1
"2023-03-20 05:00:00",1.34,52.47,0.75
"2023-03-20 06:00:00",2.16,52.81,0.25
"2023-03-20 07:00:00",4.22,53.01,1
"2023-03-20 08:00:00",9.12,48.32,1.5
"2023-03-20 09:00:00",7.83,51.4,3.25
"2023-03-20 10:00:00",5.71,51.96,3.25
"2023-03-20 11:00:00",5.32,53.17,0.5
"2023-03-20 12:00:00",5.11,54.15,-1
"2023-03-20 13:00:00",5.18,52.66,-1
"2023-03-20 14:00:00",4.44,54.01,-0.25
"2023-03-20 15:00:00",4.64,52.21,1.5
"2023-03-20 16:00:00",5.19,51.53,-0.25
"2023-03-20 17:00:00",5.21,52.46,-1
"2023-03-20 18:00:00",5.88,52.41,-0.75
"2023-03-20 19:00:00",4.94,57.78,0.5
"2023-03-20 20:00:00",3.98,63.67,1.25
"2023-03-20 21:00:00",3.57,68.21,-0.5
"2023-03-20 22:00:00",2.83,69.68,1.25
"2023-03-20 23:00:00",2.31,72.38,2.5
"2023-03-21 00:00:00",1.11,74.75,3.75
"2023-03-21 01:00:00",0.88,79.7,2.25
"2023-03-21 01:01:00",,,
"2023-03-21 02:00:00",1.02,80.33
"2023-03-21 02:01:00",,,
"2023-03-21 03:00:00",0.82,73.38,0.25
"2023-03-21 04:00:00",1.37,69.86,1.25
"2023-03-21 05:00:00",1.41,66.45,1.5
"2023-03-21 05:01:00",,,
"2023-03-21 06:00:00",2.72,52.24
"2023-03-21 06:01:00",,,
"2023-03-21 07:00:00",4.11,59.98,0.25
"2023-03-21 08:00:00",10.98,41.48,1
"2023-03-21 09:00:00",9.62,51.01,0.75
"2023-03-21 10:00:00",7.8,60.72,0.75
"2023-03-21 11:00:00",5.25,67.6,3.5
"2023-03-21 12:00:00",5.3,71.08,5
"2023-03-21 13:00:00",5.12,71.37,5
"2023-03-21 14:00:00",4.08,73,4.5
"2023-03-21 15:00:00",3.91,73.7,2.25
"2023-03-21 16:00:00",3.92,72.91,0.25
"2023-03-21 17:00:00",3.94,72.84,1
"2023-03-21 18:00:00",4.53,71.99,1.25
"2023-03-21 19:00:00",3.74,72.24,2
"2023-03-21 20:00:00",2.8,72.98,1.75
"2023-03-21 21:00:00",2.41,73.98,1.5
"2023-03-21 22:00:00",1.84,75.59,3.5
"2023-03-21 23:00:00",1.39,80.85,4.75
"2023-03-22 00:00:00",1.56,84.16,4
"2023-03-22 01:00:00",1.76,80.94,5.25
"2023-03-22 02:00:00",1.48,79.23,8.75
"2023-03-22 03:00:00",1.21,70.27,8.5
"2023-03-22 04:00:00",1.72,69.47,9.25
"2023-03-22 05:00:00",1.62,67.66,7.5
"2023-03-22 06:00:00",2.38,63.82,8.25
"2023-03-22 07:00:00",8.04,50.27,5.75
"2023-03-22 08:00:00",9.94,68.53,5
"2023-03-22 09:00:00",8.68,73.44,4.5
"2023-03-22 10:00:00",5.19,81.63,3.25
"2023-03-22 11:00:00",4.3,84.33,4
"2023-03-22 12:00:00",3.48,83.84,3.5
"2023-03-22 13:00:00",3.28,82.43,3.5
"2023-03-22 14:00:00",3.43,84.24,7.25
"2023-03-22 15:00:00",4.32,82.33,3.75
"2023-03-22 16:00:00",5.68,79.55,0.25
"2023-03-22 17:00:00",5.13,78.42,0.75
"2023-03-22 18:00:00",5.58,76.46,0.25
"2023-03-22 19:00:00",6.08,76.87,1.75
"2023-03-22 20:00:00",7.53,68.75,4.25
"2023-03-22 21:00:00",9.41,56.83,5.25
"2023-03-22 22:00:00",7.28,58.36,6.25
"2023-03-22 23:00:00",3.91,66.16,6.5
"2023-03-23 00:00:00",1.71,70.65,4.5
"2023-03-23 01:00:00",1.39,70.37,2.75
"2023-03-23 02:00:00",0.97,74.16,2.25
"2023-03-23 03:00:00",1.13,75.38,3
"2023-03-23 04:00:00",1.08,76.38,2.5
"2023-03-23 05:00:00",1.29,74.9,1
"2023-03-23 06:00:00",2.04,69.49,1.75
"2023-03-23 07:00:00",5.28,68.53,3.75
"2023-03-23 08:00:00",8.57,62.26,2.75
"2023-03-23 09:00:00",6.77,65.5,2.5
"2023-03-23 10:00:00",4.82,67.25,4.25
"2023-03-23 11:00:00",4.12,70.75,4.5
"2023-03-23 12:00:00",2.7,75.49,3
"2023-03-23 13:00:00",2.92,78.13,3
"2023-03-23 14:00:00",3.13,78.33,3.25
"2023-03-23 15:00:00",4.18,73.51,4.25
"2023-03-23 16:00:00",3.66,73.92,4.75
"2023-03-23 17:00:00",4.02,74.78,5
"2023-03-23 18:00:00",3.47,78.42,7.75
"2023-03-23 19:00:00",4.34,78.09,6.5
"2023-03-23 20:00:00",8.24,72.09,4.75
"2023-03-23 21:00:00",7.24,67.78,4
"2023-03-23 22:00:00",6.92,67.26,4.75
"2023-03-23 23:00:00",2.55,77.86,6.5
"2023-03-24 00:00:00",1.86,78.22,5
"2023-03-24 01:00:00",1.2,78.2,4.5
"2023-03-24 02:00:00",1.61,73.3,3.25
"2023-03-24 03:00:00",1.38,74.73,4
"2023-03-24 04:00:00",0.9,77.82,4.25
"2023-03-24 05:00:00",0.74,79.19,5.25
"2023-03-24 06:00:00",1.05,78.8,6.5
"2023-03-24 07:00:00",2.52,79.75,7.25
"2023-03-24 08:00:00",5.77,73.33,5.75
"2023-03-24 09:00:00",5.41,75.31,7.75
"2023-03-24 10:00:00",3.41,77.7,6.25
"2023-03-24 11:00:00",5.04,71.67,3.25
"2023-03-24 12:00:00",4.86,75.27,1
"2023-03-24 13:00:00",3.19,78.34,1
"2023-03-24 14:00:00",3.45,79.83,1.5
"2023-03-24 15:00:00",3.58,78.24,2.75
"2023-03-24 16:00:00",4.37,77.43,2
"2023-03-24 17:00:00",4.52,77.14,2.5
"2023-03-24 18:00:00",4.56,74.35,3.5
"2023-03-24 19:00:00",5.06,70.04,2.75
"2023-03-24 20:00:00",6.6,63.23,6.75
"2023-03-24 21:00:00",6.1,61.93,10.5
"2023-03-24 22:00:00",6.65,58.27,5.5
"2023-03-24 23:00:00",5.35,54.26,3.75
"2023-03-25 00:00:00",2.47,66.05,3
"2023-03-25 01:00:00",1.35,68.88,3
"2023-03-25 02:00:00",1.04,67.3,3.25
"2023-03-25 03:00:00",0.93,63.81,3.75
"2023-03-25 04:00:00",1.39,54.91,2.5
"2023-03-25 05:00:00",1.4,53.81,0.25
"2023-03-25 06:00:00",2.74,38.13,-1.75
"2023-03-25 07:00:00",3.84,34.49,-1.25
"2023-03-25 08:00:00",6.42,47.96,-2
"2023-03-25 09:00:00",4.89,57.25,-0.75
"2023-03-25 10:00:00",3.56,61.72,3
"2023-03-25 11:00:00",2.57,66.47,3.25
"2023-03-25 12:00:00",2.55,71.07,3.75
"2023-03-25 13:00:00",1.88,77.34,3
"2023-03-25 14:00:00",3.34,78.61,3.25
"2023-03-25 15:00:00",3.79,79.75,3.5
"2023-03-25 16:00:00",5.96,73.62,2.25
"2023-03-25 17:00:00",4.66,70.35,3.5
"2023-03-25 18:00:00",5.11,68.01,5.5
"2023-03-25 19:00:00",8.4,66.34,7.25
"2023-03-25 20:00:00",8.34,74.38,7.5
"2023-03-25 21:00:00",11.26,74.31,5.25
"2023-03-25 22:00:00",5.48,81.43,3
"2023-03-25 23:00:00",4.62,80.01,2.75
"2023-03-26 00:00:00",3.48,79.65,1.75
"2023-03-26 02:00:00",2.98,73.63,0.5
"2023-03-26 03:00:00",1.67,69.17,1.25
"2023-03-26 04:00:00",1.38,68.88,2.25
"2023-03-26 05:00:00",0.86,71.82,2.75
"2023-03-26 06:00:00",1.29,64.63,2.25
"2023-03-26 07:00:00",2.25,48.45,3.25
"2023-03-26 08:00:00",3.46,35.54,4.5
"2023-03-26 09:00:00",3.6,41.75,6.25
"2023-03-26 10:00:00",3.69,51.42,6.25
"2023-03-26 11:00:00",3.42,54.75,3.5
"2023-03-26 12:00:00",3.25,53.46,2
"2023-03-26 13:00:00",2.95,54.3,3.5
"2023-03-26 14:00:00",3.26,56.45,7.5
"2023-03-26 15:00:00",2.95,60.65,6
"2023-03-26 16:00:00",3.41,61.23,5.5
"2023-03-26 17:00:00",5.11,58.75,4.25
"2023-03-26 18:00:00",5.4,53.91,5.25
"2023-03-26 19:00:00",9.93,41.58,6
"2023-03-26 20:00:00",29.7,5.01,9.5
"2023-03-26 21:00:00",23,19.33,19.75
"2023-03-26 22:00:00",22.14,17.43,17.75
"2023-03-26 23:00:00",15.58,17.42,14.75
"2023-03-27 00:00:00",9.05,46.66,14.25
"2023-03-27 01:00:00",6.76,59.23,5.25
"2023-03-27 02:00:00",6.95,59.26,2.5
"2023-03-27 03:00:00",6.2,60.44,0.5
"2023-03-27 04:00:00",7.23,54.08,-0.5
"2023-03-27 05:00:00",13.19,47.29,1.5
"2023-03-27 06:00:00",25.58,32.91,3
"2023-03-27 07:00:00",33.96,20.48,3
"2023-03-27 08:00:00",32.39,25.76,3.75
"2023-03-27 09:00:00",22.58,41.1,5.5
"2023-03-27 10:00:00",16.97,50.31,3.75
"2023-03-27 11:00:00",8.6,60.23,3
"2023-03-27 12:00:00",3.14,74.25,2.5
"2023-03-27 13:00:00",3.22,77.03,0.75
"2023-03-27 14:00:00",4.14,76.53,0.25
"2023-03-27 15:00:00",3.67,77.05,1.25
"2023-03-27 16:00:00",4.64,75.72,2
"2023-03-27 17:00:00",5.12,77.4,2
"2023-03-27 18:00:00",5.46,74.77,1.75
"2023-03-27 19:00:00",5.12,73.85,1.25
"2023-03-27 20:00:00",4.27,72.54,2.5
"2023-03-27 21:00:00",3.02,78.35,4
"2023-03-27 22:00:00",3.23,81.6,3.5
"2023-03-27 23:00:00",1.87,83,1.5
"2023-03-27 23:01:00",,,
"2023-03-28 00:00:00",2.09,79.75
"2023-03-28 00:01:00",,,
"2023-03-28 01:00:00",2.62,81.95,0.75
"2023-03-28 02:00:00",1.82,84.08,2.75
"2023-03-28 03:00:00",1.59,78.93,2
"2023-03-28 04:00:00",2.14,80.87,2
"2023-03-28 05:00:00",2.4,79.16,1.75
"2023-03-28 06:00:00",3.62,78.22,1.5
"2023-03-28 07:00:00",8.34,69.93,3
"2023-03-28 08:00:00",9.7,64,2.75
"2023-03-28 09:00:00",9.61,61.08,1.5
"2023-03-28 10:00:00",7.27,64.6,1.75
"2023-03-28 11:00:00",5.35,70.68,6.75
"2023-03-28 12:00:00",6.69,70.69,6.5
"2023-03-28 13:00:00",3.24,73.5,8.25
"2023-03-28 14:00:00",3.58,73.84,8.5
"2023-03-28 15:00:00",4.77,71.72,7.5
"2023-03-28 16:00:00",5.59,69.83,9.25
"2023-03-28 17:00:00",5.72,65.65,10
"2023-03-28 18:00:00",5.49,64.64,9.75
"2023-03-28 19:00:00",5.06,63.93,9.25
"2023-03-28 20:00:00",4.54,65.89,9.25
"2023-03-28 21:00:00",2.6,69.04,6
"2023-03-28 22:00:00",2.14,69.34,4
"2023-03-28 23:00:00",1.81,71.34,7.25
"2023-03-29 00:00:00",1.12,71.27,7.75
"2023-03-29 01:00:00",1.06,73.19,7
"2023-03-29 02:00:00",0.64,74.5,6.5
"2023-03-29 03:00:00",0.81,74.11,4.5
"2023-03-29 04:00:00",0.66,74.2,2.75
"2023-03-29 05:00:00",0.92,73.49,2.25
"2023-03-29 06:00:00",2.46,70.36,2.75
"2023-03-29 07:00:00",5.32,64.27,1.5
"2023-03-29 07:01:00",,,
"2023-03-29 08:00:00",5.3,55.17
"2023-03-29 08:01:00",,,
"2023-03-29 09:00:00",4.47,54.89,0.75
"2023-03-29 10:00:00",3.92,61.28,3.5
"2023-03-29 11:00:00",4.29,66.27,7.5
"2023-03-29 12:00:00",3.77,74.06,14.5
"2023-03-29 13:00:00",3.56,76.61,13.75
"2023-03-29 14:00:00",3.68,79.23,15.75
"2023-03-29 15:00:00",3.97,76.49,14.5
"2023-03-29 16:00:00",4.67,74.6,12.25
"2023-03-29 17:00:00",4.95,69.79,11
"2023-03-29 18:00:00",5.37,66.26,13.5
"2023-03-29 19:00:00",6.61,60.87,11.75
"2023-03-29 20:00:00",6.92,74.6,9.75
"2023-03-29 21:00:00",8.79,61.29,5.25
"2023-03-29 22:00:00",3.28,74.85,3.25
"2023-03-29 23:00:00",3.25,68.57,3.5
"2023-03-30 00:00:00",2.1,74.89,2
"2023-03-30 01:00:00",1.3,78.17,2.25
"2023-03-30 02:00:00",1.09,75.23,3
"2023-03-30 03:00:00",0.85,71.79,2.5
"2023-03-30 04:00:00",1.16,69.86,1
"2023-03-30 05:00:00",0.97,69.82,1.75
"2023-03-30 06:00:00",2.69,68.28,4.75
"2023-03-30 07:00:00",7.33,59.99,6.75
"2023-03-30 08:00:00",8.54,58.64,5.75
"2023-03-30 09:00:00",6.23,63.56,5.5
"2023-03-30 10:00:00",6.15,62.42,6.75
"2023-03-30 11:00:00",4.28,65.6,6.75
"2023-03-30 12:00:00",3.33,67.79,8.75
"2023-03-30 13:00:00",3.45,67.93,7.75
"2023-03-30 14:00:00",4.07,65.85,7.5
"2023-03-30 15:00:00",3.32,67.21,10
"2023-03-30 16:00:00",4.84,66.35,12
"2023-03-30 17:00:00",5.73,66.27,8.5
"2023-03-30 18:00:00",4.9,71.72,7
"2023-03-30 19:00:00",5.78,73.45,6.75
"2023-03-30 20:00:00",6.7,77.73,5.25
"2023-03-30 21:00:00",10.74,68.42,2.5
"2023-03-30 22:00:00",10.81,65.17,1.5
"2023-03-30 23:00:00",16.29,58.26,3.5
"2023-03-31 00:00:00",4.97,59.22,4.5
"2023-03-31 01:00:00",2.8,59.92,2.5
"2023-03-31 02:00:00",1.48,50.98,0.5
"2023-03-31 03:00:00",1.81,42.81,-1.5
"2023-03-31 04:00:00",1.59,42.69,-2
"2023-03-31 05:00:00",1.51,69.15,1.25
"2023-03-31 06:00:00",2.94,69.21,1.5
"2023-03-31 07:00:00",4.47,70.43,-0.25
"2023-03-31 08:00:00",6.23,65.73,-1
"2023-03-31 09:00:00",7.07,62.34,-0.5
"2023-03-31 10:00:00",4.41,62.91,0.5
"2023-03-31 11:00:00",5.14,60,-1.5
"2023-03-31 12:00:00",3.25,65.57,-2
"2023-03-31 13:00:00",2.82,69.25,0.5
"2023-03-31 14:00:00",2.82,70.02,-0.75
"2023-03-31 15:00:00",3,66.82,0.5
"2023-03-31 16:00:00",2.75,68.04,2
"2023-03-31 17:00:00",2.16,66.49,2.25
"2023-03-31 18:00:00",2.64,65.56,3.25
"2023-03-31 19:00:00",4.13,63.37,3.75
"2023-03-31 20:00:00",5.89,53.7,3.5
"2023-03-31 21:00:00",5.9,45.87,4.25
"2023-03-31 22:00:00",4.8,39.95,2
"2023-03-31 23:00:00",7.47,28.77,2.25
"2023-04-01 00:00:00",6.2,29.42,2.75
"2023-04-01 01:00:00",4.46,28.72,1.75
"2023-04-01 02:00:00",5.89,14.37,1.25
"2023-04-01 03:00:00",3.71,14.81,1.75
"2023-04-01 04:00:00",3.43,16.19,0.75
"2023-04-01 05:00:00",3.99,13.06,0.25
"2023-04-01 06:00:00",5.84,8.3,1.75
"2023-04-01 07:00:00",13.87,2.93,3.25
"2023-04-01 08:00:00",11.97,38.43,1.5
"2023-04-01 09:00:00",2.96,57.89,2.75
"2023-04-01 10:00:00",2.42,62.09,1.5
"2023-04-01 11:00:00",3.05,64.81,0.25
"2023-04-01 12:00:00",2.89,68.6,0.75
"2023-04-01 13:00:00",2.6,73,-0.25
"2023-04-01 14:00:00",2.09,77.33,0.25
"2023-04-01 15:00:00",2.34,77.63,4.25
"2023-04-01 16:00:00",2.98,78.98,5
"2023-04-01 17:00:00",3.64,84.61,5.25
"2023-04-01 18:00:00",3.53,86.51,6.25
"2023-04-01 19:00:00",4.52,84.94,7.5
"2023-04-01 20:00:00",6.01,74.44,9
"2023-04-01 21:00:00",6.43,70.89,8.5
"2023-04-01 22:00:00",6.74,66.12,6.75
"2023-04-01 23:00:00",5.15,54.43,6
"2023-04-02 00:00:00",4.86,44.94,5.25
"2023-04-02 01:00:00",4.62,41.08,2.25
"2023-04-02 02:00:00",3.1,38.6,0.25
"2023-04-02 03:00:00",3.41,32.63,0.75
"2023-04-02 04:00:00",2.33,27.44,-0.5
"2023-04-02 05:00:00",3.57,25.62,-1.25
"2023-04-02 06:00:00",4.7,26.36,1.25
"2023-04-02 07:00:00",8.26,18.07,1.75
"2023-04-02 08:00:00",20.94,15.74,0.75
"2023-04-02 09:00:00",12.48,32.35,0.75
"2023-04-02 10:00:00",8.06,50.55,3.25
"2023-04-02 11:00:00",5.3,63.98,3.75
"2023-04-02 12:00:00",5.86,66.82,3.25
"2023-04-02 13:00:00",2.83,72.52,3.75
"2023-04-02 14:00:00",2.07,73.38,2.5
"2023-04-02 15:00:00",1.97,72.29,0.75
"2023-04-02 16:00:00",2.55,70.85,1
"2023-04-02 17:00:00",2.64,72.88,3.25
"2023-04-02 18:00:00",3.25,75.34,1
"2023-04-02 19:00:00",6.84,73.06,1.75
"2023-04-02 20:00:00",5.78,69.14,4
"2023-04-02 21:00:00",8.82,59.24,4.25
"2023-04-02 22:00:00",6.65,56.76,5
"2023-04-02 23:00:00",7.04,49.61,4.5
"2023-04-03 00:00:00",4.86,51.56,2.5
"2023-04-03 01:00:00",2,59.59,1.25
"2023-04-03 02:00:00",1.21,62.69,1.75
"2023-04-03 03:00:00",1.55,64.77,1
"2023-04-03 04:00:00",1.13,70,1.25
"2023-04-03 05:00:00",1.74,71.08,2
"2023-04-03 06:00:00",3.97,67.78,2
"2023-04-03 07:00:00",6.69,64.45,2.5
"2023-04-03 08:00:00",8.31,59.95,3.75
"2023-04-03 09:00:00",6.42,62.82,3.25
"2023-04-03 10:00:00",4.4,67.84,3.5
"2023-04-03 11:00:00",4.71,65.73,1.75
"2023-04-03 12:00:00",4.42,67.36,1.5
"2023-04-03 13:00:00",4.46,71.38,3
"2023-04-03 14:00:00",4.61,70.47,3.5
"2023-04-03 15:00:00",5.4,75.63,5.25
"2023-04-03 16:00:00",6.58,77.6,6.5
"2023-04-03 17:00:00",5.86,78.95,7.25
"2023-04-03 18:00:00",6.05,78.13,5
"2023-04-03 19:00:00",7.21,81.47,5.5
"2023-04-03 20:00:00",6.93,83.32,7
"2023-04-03 21:00:00",7.17,82.06,6.5
"2023-04-03 22:00:00",4.53,86.18,6.5
"2023-04-03 23:00:00",3.54,88.26,10
"2023-04-04 00:00:00",2.88,86.23,6.25
"2023-04-04 01:00:00",3.61,81.53,4
"2023-04-04 02:00:00",4.35,80.75,5
"2023-04-04 03:00:00",4.44,79.43,7.5
"2023-04-04 04:00:00",4.75,77.86,6.75
"2023-04-04 05:00:00",4.56,77.3,8.5
"2023-04-04 06:00:00",7.58,73.84,7
"2023-04-04 07:00:00",11.33,69.41,6.25
"2023-04-04 08:00:00",12.1,68.99,4
"2023-04-04 09:00:00",7.64,74.46,4
"2023-04-04 10:00:00",5.51,78.9,4
"2023-04-04 11:00:00",5.54,79.4,4.75
"2023-04-04 12:00:00",4.44,80.49,6.75
"2023-04-04 13:00:00",3.79,79.28,5.75
"2023-04-04 14:00:00",4.37,78.75,5
"2023-04-04 15:00:00",4.3,79.22,5.5
"2023-04-04 16:00:00",5.02,74.04,7
"2023-04-04 17:00:00",5.95,69.31,6.75
"2023-04-04 18:00:00",5.94,66.3,5.75
"2023-04-04 19:00:00",5.9,66.31,4.5
"2023-04-04 20:00:00",5.53,67.01,3.5
"2023-04-04 21:00:00",3.31,74.79,4.5
"2023-04-04 22:00:00",2.53,73.06,2.25
"2023-04-04 23:00:00",1.63,70.54,0.25
"2023-04-05 00:00:00",1.36,69.42,0.75
"2023-04-05 01:00:00",1.43,68.66,-0.25
"2023-04-05 02:00:00",1.41,66.57,-1
"2023-04-05 03:00:00",1.28,63.92,-1.25
"2023-04-05 04:00:00",1.05,65.72,-1.5
"2023-04-05 04:01:00",,,
"2023-04-05 05:00:00",2.39,62.08
"2023-04-05 05:01:00",,,
"2023-04-05 06:00:00",5.26,57.33,-0.5
"2023-04-05 07:00:00",12.47,45.79,-2
"2023-04-05 08:00:00",14.84,39.07,-1.25
"2023-04-05 09:00:00",8.16,55.36,0.75
"2023-04-05 10:00:00",8.77,50.62,-0.25
"2023-04-05 11:00:00",8.59,52.5,-0.75
"2023-04-05 12:00:00",7.43,53.11,0.25
"2023-04-05 13:00:00",6.31,52.72,1
"2023-04-05 14:00:00",5.13,66.98,1.5
"2023-04-05 15:00:00",3.49,77.41,3.25
"2023-04-05 16:00:00",3.92,74.81,3.75
"2023-04-05 17:00:00",4.68,72.72,2.75
"2023-04-05 18:00:00",7.26,68.6,2.5
"2023-04-05 19:00:00",8.16,59.76,4.5
"2023-04-05 20:00:00",12.64,36.42,5.75
"2023-04-05 21:00:00",10.05,50.47,4.75
"2023-04-05 22:00:00",6.79,51.09,4.25
"2023-04-05 23:00:00",3.65,64.44,4.25
"2023-04-06 00:00:00",1.84,76.2,1.5
"2023-04-06 01:00:00",2.52,65.03,0.5
"2023-04-06 02:00:00",1.57,61.02,2.25
"2023-04-06 03:00:00",3.89,46.08,3
"2023-04-06 04:00:00",4.08,37.47,2.25
"2023-04-06 05:00:00",2.5,34.87,0.25
"2023-04-06 06:00:00",6.1,24.72,1.25
"2023-04-06 07:00:00",19.34,11.57,1.75
"2023-04-06 08:00:00",20.71,35.62,1.25
"2023-04-06 09:00:00",4.57,75.79,2
"2023-04-06 09:01:00",,,
"2023-04-06 10:00:00",4.45,75.56
"2023-04-06 10:01:00",,,
"2023-04-06 11:00:00",3.68,77.26
"2023-04-06 12:00:00",2.87,76.94,-0.5
"2023-04-06 13:00:00",3.77,72.55,-2.25
"2023-04-06 14:00:00",3.56,74.57,-2.75
"2023-04-06 15:00:00",3.23,73.37,-1.75
"2023-04-06 16:00:00",4.62,71.24,-1.25
"2023-04-06 17:00:00",3.9,73.89,-1.75
"2023-04-06 18:00:00",5.96,70.78,-0.5
"2023-04-06 19:00:00",10.76,58.89,7.5
"2023-04-06 20:00:00",36.26,17.09,24.75
"2023-04-06 21:00:00",39.19,2.89,19.25
"2023-04-06 22:00:00",46.77,-10.85,23
"2023-04-06 23:00:00",37.14,-9.69,21.25
"2023-04-07 00:00:00",21.86,-5.04,13.5
"2023-04-07 01:00:00",21.71,-11.5,7
"2023-04-07 02:00:00",18.64,-11.47,9.75
"2023-04-07 03:00:00",16.78,-10.22,9.5
"2023-04-07 04:00:00",20.9,-13.69,10.75
"2023-04-07 05:00:00",26.04,-14.27,9.25
"2023-04-07 06:00:00",35.31,-13.46,6.25
"2023-04-07 07:00:00",38.86,-11.67,3.75
"2023-04-07 08:00:00",42.22,-8.3,3.25
"2023-04-07 09:00:00",24.48,36.9,3.75
"2023-04-07 10:00:00",3.32,80.36,2.5
"2023-04-07 11:00:00",3.67,81.42,0.5
"2023-04-07 12:00:00",3.62,82.7,-0.5
"2023-04-07 13:00:00",3.49,84.74,0.75
"2023-04-07 14:00:00",3.49,84.42,-0.75
"2023-04-07 15:00:00",3.35,84.86,-2.5
"2023-04-07 16:00:00",3.97,85.12,-0.5
"2023-04-07 17:00:00",3.2,83.98,0.5
"2023-04-07 18:00:00",3.77,84.59,-0.5
"2023-04-07 19:00:00",5.55,84.42,1.5
"2023-04-07 20:00:00",6.76,80.51,3.25
"2023-04-07 21:00:00",6.18,81.58,3.75
"2023-04-07 22:00:00",5.51,85.87,2.25
"2023-04-07 23:00:00",3.34,86.75,0.75
"2023-04-08 00:00:00",2.92,84.41,2.75
"2023-04-08 01:00:00",2.63,83.79,1
"2023-04-08 02:00:00",2.11,84.82,-1.75
"2023-04-08 03:00:00",2.46,81.94,0.25
"2023-04-08 04:00:00",2.33,78.9,4
"2023-04-08 05:00:00",2.64,74.44,4
"2023-04-08 06:00:00",5.38,67.6,3.5
"2023-04-08 07:00:00",4.74,69.69,1.75
"2023-04-08 08:00:00",5.26,68.73,1.25
"2023-04-08 09:00:00",3.92,73.93,2.75
"2023-04-08 10:00:00",3.8,76.09,4.75
"2023-04-08 11:00:00",3.34,80.24,4.25
"2023-04-08 12:00:00",3.57,82.77,4.75
"2023-04-08 13:00:00",3.45,84.96,4.25
"2023-04-08 14:00:00",3.36,83.22,5.25
"2023-04-08 15:00:00",4,84.07,6
"2023-04-08 16:00:00",3.97,84.93,5.75
"2023-04-08 17:00:00",5.22,85.43,5.75
"2023-04-08 18:00:00",5.5,85.2,7.75
"2023-04-08 19:00:00",5.22,85.82,7
"2023-04-08 20:00:00",6.14,82.76,6.75
"2023-04-08 21:00:00",5.87,81.52,6.25
"2023-04-08 22:00:00",4.63,84.14,6.5
"2023-04-08 23:00:00",4.28,85.27,5.5
"2023-04-09 00:00:00",4.32,83.3,7
"2023-04-09 01:00:00",3.21,86.05,7
"2023-04-09 02:00:00",2.83,86.59,6.75
"2023-04-09 03:00:00",2.99,86.68,5.25
"2023-04-09 04:00:00",3.11,86.25,3.5
"2023-04-09 05:00:00",2.95,85.14,5
"2023-04-09 06:00:00",2.9,84.2,5
"2023-04-09 07:00:00",4.03,82.02,4.5
"2023-04-09 08:00:00",3.87,80.33,3.25
"2023-04-09 09:00:00",3.51,78.35,3.75
"2023-04-09 10:00:00",2.66,78.78,2.75
"2023-04-09 11:00:00",2.53,78.6,2.25
"2023-04-09 12:00:00",2.29,79.31,3.75
"2023-04-09 13:00:00",2.01,82.74,5
"2023-04-09 14:00:00",1.78,86.87,1.5
"2023-04-09 15:00:00",1.88,88.15,0.5
"2023-04-09 16:00:00",2.73,88.24,1.5
"2023-04-09 17:00:00",2.85,85.98,-0.5
"2023-04-09 18:00:00",2.75,86.19,-2.25
"2023-04-09 19:00:00",2.6,84.47,-2.75
"2023-04-09 20:00:00",2.75,79.75,-1.75
"2023-04-09 21:00:00",3.43,67.38,-1.25
"2023-04-09 22:00:00",2.56,64.56,-1.75
"2023-04-09 23:00:00",2.71,55.69,-0.5
"2023-04-10 00:00:00",2.01,66.53,1.25
"2023-04-10 01:00:00",1.48,71.25,2.25
"2023-04-10 02:00:00",1.14,72.86,3
"2023-04-10 03:00:00",1.6,57.19,3
"2023-04-10 04:00:00",1.85,43.05,2.75
"2023-04-10 05:00:00",1.2,66.97,2.25
"2023-04-10 06:00:00",1.41,66.71,2.75
"2023-04-10 07:00:00",6.06,48.38,1.25
"2023-04-10 08:00:00",4.09,56.35,-1.75
"2023-04-10 09:00:00",4.45,68.08,-4
"2023-04-10 10:00:00",3.62,70.45,-2.5
"2023-04-10 11:00:00",1.91,73.76,2
"2023-04-10 12:00:00",1.77,71.96,1
"2023-04-10 13:00:00",1.88,75.24,-1.75
"2023-04-10 14:00:00",1.84,78.24,-0.75
"2023-04-10 14:01:00",,,
"2023-04-10 15:00:00",1.93,78.71
"2023-04-10 15:01:00",,,
"2023-04-10 16:00:00",1.42,79.04
"2023-04-10 17:00:00",1.83,80.61,0.5
"2023-04-10 18:00:00",3.75,73.39,2
"2023-04-10 19:00:00",3.88,73.72,2
"2023-04-10 20:00:00",6.18,56.05,2.25
"2023-04-10 21:00:00",9.75,41.89,3.5
"2023-04-10 22:00:00",3.64,57.06,4.5
"2023-04-10 23:00:00",3.81,49.81,2.25
"2023-04-11 00:00:00",3.69,35.3,0.5
"2023-04-11 01:00:00",3.11,33.27,1.75
"2023-04-11 02:00:00",2.85,28.95,1
"2023-04-11 03:00:00",3.52,29.28,0.75
"2023-04-11 04:00:00",2.28,34.55,0.5
"2023-04-11 05:00:00",4,35.31,1.75
"2023-04-11 06:00:00",6.81,27.15,0.75
"2023-04-11 07:00:00",10.7,43.02,-0.25
"2023-04-11 08:00:00",8.01,65.97,-1.25
"2023-04-11 09:00:00",4.5,71.38,-1.75
"2023-04-11 10:00:00",3.48,73.8,-1.25
"2023-04-11 11:00:00",2.97,76.08,-2.25
"2023-04-11 12:00:00",3.4,79.8,-3
"2023-04-11 13:00:00",4.26,77.5,-2.75
"2023-04-11 14:00:00",5.39,74.95,-1.5
"2023-04-11 15:00:00",5.41,74.22,0.25
"2023-04-11 16:00:00",3.77,78.09,1
"2023-04-11 17:00:00",3.75,78.34,1.25
"2023-04-11 18:00:00",3.01,83.28,2
"2023-04-11 19:00:00",4.09,77.78,2
"2023-04-11 20:00:00",5.23,73.17,2
"2023-04-11 21:00:00",2.57,81.5,1.5
"2023-04-11 21:01:00",,,
"2023-04-11 22:00:00",2.47,78.82
"2023-04-11 22:01:00",,,
"2023-04-11 23:00:00",2.49,73.15,-0.25
"2023-04-12 00:00:00",1.93,70.42,-0.75
"2023-04-12 01:00:00",1.2,73.75,0.25
"2023-04-12 02:00:00",0.87,77.22,1.25
"2023-04-12 03:00:00",1.05,79.11,1.75
"2023-04-12 04:00:00",0.94,83.64,0.5
"2023-04-12 05:00:00",0.69,84.26,-1
"2023-04-12 06:00:00",1.83,88.67,-1
"2023-04-12 07:00:00",3.55,88.09,-0.75
"2023-04-12 08:00:00",3.3,85.26,0.25
"2023-04-12 09:00:00",2.76,84.68,1.75
"2023-04-12 10:00:00",3.5,85.18,3.75
"2023-04-12 11:00:00",3.88,81.76,3
"2023-04-12 12:00:00",2.8,83.73,3
"2023-04-12 13:00:00",2.17,79.39,3.25
"2023-04-12 14:00:00",1.94,78.78,4.25
"2023-04-12 15:00:00",2.18,83.26,5
"2023-04-12 16:00:00",2.26,85.56,5
"2023-04-12 17:00:00",2.5,84.46,5.25
"2023-04-12 18:00:00",2.84,81.87,5.5
"2023-04-12 19:00:00",3.48,78.3,4.5
"2023-04-12 20:00:00",3.56,76.71,6.75
"2023-04-12 21:00:00",3.45,76.81,8
"2023-04-12 22:00:00",4.36,63.21,4.5
"2023-04-12 23:00:00",2.59,72.58,3.5
"2023-04-13 00:00:00",3.35,53.1,4.75
"2023-04-13 01:00:00",3.51,40.9,3.75
"2023-04-13 02:00:00",3.65,36.46,2.25
"2023-04-13 02:01:00",,,
"2023-04-13 03:00:00",3.51,37.53
"2023-04-13 03:01:00",,,
"2023-04-13 04:00:00",2.11,46.4,0.5
"2023-04-13 05:00:00",2.55,39.22,1.75
"2023-04-13 06:00:00",5.88,37.45,0.75
"2023-04-13 07:00:00",20.15,21.76,-0.25
"2023-04-13 08:00:00",16.31,32.23,-0.75
"2023-04-13 09:00:00",10.24,50.06,-0.25
"2023-04-13 10:00:00",4.68,61.33,-1
"2023-04-13 11:00:00",3.75,65.88,-0.5
"2023-04-13 12:00:00",2.8,69.91,1.25
"2023-04-13 13:00:00",1.92,73.8,1.75
"2023-04-13 14:00:00",2.72,70.06,1.25
"2023-04-13 15:00:00",2.92,74.25,2
"2023-04-13 16:00:00",4.95,68.49,1.75
"2023-04-13 17:00:00",7.96,62.35,1.25
"2023-04-13 18:00:00",10.14,59.38,2.5
"2023-04-13 19:00:00",8.79,57.16,3.75
"2023-04-13 20:00:00",16.76,35.7,2.25
"2023-04-13 21:00:00",12.81,34.95,0.75
"2023-04-13 22:00:00",14.06,24.85,3.75
"2023-04-13 23:00:00",9.47,21.81,5.5
"2023-04-14 00:00:00",8.19,20.47,3.25
"2023-04-14 01:00:00",9.98,20.94,2.25
"2023-04-14 02:00:00",13.29,17.77,6.25
"2023-04-14 03:00:00",5.04,22.61,6.25
"2023-04-14 04:00:00",4,24.5,3.75
"2023-04-14 05:00:00",4.39,39.93,3
"2023-04-14 06:00:00",7.71,29.01,2.75
"2023-04-14 07:00:00",17.82,20.81,2.75
"2023-04-14 08:00:00",9.75,30.12,4.5
"2023-04-14 09:00:00",5.84,42.05,3.75
"2023-04-14 10:00:00",3.61,58.35,5.5
"2023-04-14 11:00:00",4.14,66.56,3.25
"2023-04-14 12:00:00",4.24,72.87,1.75
"2023-04-14 13:00:00",3.75,76.58,4.5
"2023-04-14 14:00:00",3.5,75.89,5.75
"2023-04-14 15:00:00",3.97,75.77,4.5
"2023-04-14 16:00:00",3.76,77.72,2.25
"2023-04-14 16:01:00",,,
"2023-04-14 17:00:00",3.25,77.28
"2023-04-14 17:01:00",,,
"2023-04-14 18:00:00",4.06,74.92
"2023-04-14 19:00:00",5.11,70.03,1
"2023-04-14 20:00:00",7.95,57.2,4
"2023-04-14 21:00:00",10.18,53.3,4.25
"2023-04-14 22:00:00",5.49,54.78,5
"2023-04-14 23:00:00",7.88,41.57,4.75
"2023-04-15 00:00:00",5.41,46.22,4
"2023-04-15 01:00:00",5.66,39.07,4
"2023-04-15 02:00:00",5.84,37.02,3.75
"2023-04-15 03:00:00",4.35,29.7,2.75
"2023-04-15 04:00:00",4.62,24.03,2
"2023-04-15 05:00:00",5.42,16.64,2.25
"2023-04-15 06:00:00",8.26,8.83,3
"2023-04-15 07:00:00",14.68,7.18,3.5
"2023-04-15 08:00:00",24.58,8.21,4.75
"2023-04-15 09:00:00",18.36,31.9,2.75
"2023-04-15 10:00:00",22.45,36.73,-0.25
"2023-04-15 11:00:00",3.73,70.81,2.5
"2023-04-15 12:00:00",2.47,73.05,3.75
"2023-04-15 13:00:00",3.63,69.47,2.75
"2023-04-15 14:00:00",3.59,71.2,1.75
"2023-04-15 15:00:00",3.18,72.76,0.75
"2023-04-15 16:00:00",3.09,74.94,0.75
"2023-04-15 17:00:00",3.61,74.74,3.25
"2023-04-15 18:00:00",5.35,67.24,3.5
"2023-04-15 19:00:00",6.28,62.76,1.75
"2023-04-15 20:00:00",6.64,61.96,1
"2023-04-15 21:00:00",5.82,58.84,0.75
"2023-04-15 21:01:00",,,
"2023-04-15 22:00:00",6.21,53.28
"2023-04-15 22:01:00",,,
"2023-04-15 23:00:00",3.78,57.9,0.25
"2023-04-16 00:00:00",2.6,47.07,1
"2023-04-16 01:00:00",2.14,40.93,1.5
"2023-04-16 02:00:00",1.84,36.09,3
"2023-04-16 03:00:00",2.16,33.72,3.25
"2023-04-16 04:00:00",1.96,29.51,4.25
"2023-04-16 05:00:00",1.55,29.46,4.5
"2023-04-16 06:00:00",2.29,32.12,2.75
"2023-04-16 07:00:00",2.33,37.99,1.75
"2023-04-16 08:00:00",3.94,36.62,1
"2023-04-16 09:00:00",2.06,41.17,1
"2023-04-16 10:00:00",2.89,40.97,0.75
"2023-04-16 11:00:00",2.9,41.42,0.25
"2023-04-16 12:00:00",3.41,37.64,1
"2023-04-16 13:00:00",3.31,39.44,1
"2023-04-16 14:00:00",4.35,40.27,1
"2023-04-16 15:00:00",4.66,39.97,1
"2023-04-16 16:00:00",4.56,41.9,1.25
"2023-04-16 17:00:00",4.03,42,2.25
"2023-04-16 18:00:00",4.62,39.04,2.5
"2023-04-16 19:00:00",6.52,36.13,1
"2023-04-16 20:00:00",4.86,41.67,1.5
"2023-04-16 21:00:00",4.39,39.22,3.75
"2023-04-16 22:00:00",7.4,35.91,5.5
"2023-04-16 23:00:00",4.9,38.01,3.75
"2023-04-17 00:00:00",3.11,43.64,2.5
"2023-04-17 01:00:00",2.71,40.39,0.5
"2023-04-17 02:00:00",2.3,36.28,-1.25
"2023-04-17 03:00:00",1.47,40.05,-1.75
"2023-04-17 04:00:00",1.35,44.84,-0.75
"2023-04-17 04:01:00",,,
"2023-04-17 05:00:00",2.05,45.64
"2023-04-17 05:01:00",,,
"2023-04-17 06:00:00",5.09,39.62,-1
"2023-04-17 07:00:00",10.14,34.67,-1.25
"2023-04-17 08:00:00",14.28,28.77,-1.75
"2023-04-17 09:00:00",6.75,42.42,-1.25
"2023-04-17 10:00:00",4.54,47.24,-2.25
"2023-04-17 11:00:00",5.96,49.41,-2.75
"2023-04-17 12:00:00",6.25,55.75,-1.5
"2023-04-17 12:01:00",,,
"2023-04-17 13:00:00",5.16,60.04
"2023-04-17 13:01:00",,,
"2023-04-17 14:00:00",3.68,68.28,0.25
"2023-04-17 15:00:00",5.09,73.06,1
"2023-04-17 16:00:00",6.15,70.84,1.5
"2023-04-17 17:00:00",5.62,73.83,3
"2023-04-17 18:00:00",4.57,77.53,3
"2023-04-17 19:00:00",4.85,73.3,3
"2023-04-17 20:00:00",7,66.55,2.5
"2023-04-17 21:00:00",5.7,64.38,1
"2023-04-17 22:00:00",6.82,59.31,2
"2023-04-17 23:00:00",5.68,55.68,5.25
"2023-04-18 00:00:00",4.2,55.16,5.75
"2023-04-18 01:00:00",4.57,52.26,4.25
"2023-04-18 02:00:00",9.25,42.83,1.5
"2023-04-18 03:00:00",9.19,39.18,0.5
"2023-04-18 04:00:00",16.59,23.85,2
"2023-04-18 05:00:00",11.48,28.98,2
"2023-04-18 06:00:00",16.78,19.3,3
"2023-04-18 07:00:00",21.9,11.81,7.25
"2023-04-18 08:00:00",24.44,7.79,11.5
"2023-04-18 09:00:00",17.04,21.64,12.75
"2023-04-18 10:00:00",12.34,33.59,11
"2023-04-18 11:00:00",12.46,41.33,9
"2023-04-18 12:00:00",9.97,59.99,12
"2023-04-18 13:00:00",7.9,75.86,11.25
"2023-04-18 14:00:00",8.97,77.25,9.25
"2023-04-18 15:00:00",9.59,77.6,10.75
"2023-04-18 16:00:00",10.75,80.18,12.75
"2023-04-18 17:00:00",11.37,77.82,12
"2023-04-18 18:00:00",10.22,74.29,11
"2023-04-18 19:00:00",11.22,74.67,7.5
"2023-04-18 20:00:00",13.13,76.15,6.75
"2023-04-18 21:00:00",17.48,61.89,11
"2023-04-18 22:00:00",14.21,52.13,16
"2023-04-18 23:00:00",12.55,60.16,14
"2023-04-19 00:00:00",8.76,74.88,15.25
"2023-04-19 01:00:00",9.6,82.46,10.25
"2023-04-19 02:00:00",6.33,79.04,11.5
"2023-04-19 03:00:00",5.09,79.7,13
"2023-04-19 04:00:00",5.04,80.17,12.25
"2023-04-19 05:00:00",6.52,71.72,9.75
"2023-04-19 06:00:00",12.34,63.35,9.25
"2023-04-19 07:00:00",20.71,55.42,10.5
"2023-04-19 08:00:00",21.47,58.13,12.25
"2023-04-19 09:00:00",18.53,59.7,12.5
"2023-04-19 10:00:00",12.86,64.29,12.25
"2023-04-19 11:00:00",13.07,67.85,16
"2023-04-19 12:00:00",10.66,73.35,16
"2023-04-19 13:00:00",11.05,75.63,15.75
"2023-04-19 14:00:00",12.63,73.31,14.25
"2023-04-19 15:00:00",12.53,70.36,12.25
"2023-04-19 16:00:00",17,64.83,13.75
"2023-04-19 17:00:00",24.15,53.45,15.75
"2023-04-19 18:00:00",19.03,60.62,14.25
"2023-04-19 19:00:00",14.61,63.26,13.25
"2023-04-19 20:00:00",14.37,58.17,14.5
"2023-04-19 21:00:00",18.37,48.13,8.75
"2023-04-19 22:00:00",17.9,43.26,13
"2023-04-19 23:00:00",10.91,48.97,9.75
"2023-04-20 00:00:00",9.16,45.59,9.25
"2023-04-20 01:00:00",6.67,57.39,9.5
"2023-04-20 02:00:00",5.93,74.51,7.5
"2023-04-20 03:00:00",6.06,76.39,5.5
"2023-04-20 04:00:00",5.09,77.17,3.5
"2023-04-20 05:00:00",5.13,75.68,2.75
"2023-04-20 06:00:00",6.99,69.36,5
"2023-04-20 07:00:00",13.66,62.02,4.5
"2023-04-20 08:00:00",17.64,62.25,2.25
"2023-04-20 09:00:00",14.44,75.82,1.25
"2023-04-20 10:00:00",11.77,83.58,5
"2023-04-20 11:00:00",10.35,86.42,5
"2023-04-20 12:00:00",10.08,87.12,5.75
"2023-04-20 13:00:00",9.82,89.47,7.75
"2023-04-20 14:00:00",9.24,91.24,7
"2023-04-20 15:00:00",9.75,93.47,7.25
"2023-04-20 16:00:00",10.5,99.04,8.25
"2023-04-20 17:00:00",11.48,98.63,8.5
"2023-04-20 18:00:00",14.05,94.23,7.25
"2023-04-20 19:00:00",13.77,100.74,8.25
"2023-04-20 20:00:00",18.2,91.68,8.25
"2023-04-20 21:00:00",17.39,80.35,8
"2023-04-20 22:00:00",15.82,76.83,13
"2023-04-20 23:00:00",9.64,84.77,9.75
"2023-04-21 00:00:00",8.34,81.64,9
"2023-04-21 01:00:00",6.85,76.79,9.25
"2023-04-21 02:00:00",5.5,74.05,9
"2023-04-21 03:00:00",5.09,75.38,5.25
"2023-04-21 04:00:00",5.38,74.07,2.75
"2023-04-21 05:00:00",7.31,68.84,3
"2023-04-21 06:00:00",9.43,66.84,6.25
"2023-04-21 07:00:00",14.2,60.89,7
"2023-04-21 08:00:00",15.92,60.42,8.25
"2023-04-21 09:00:00",12.61,67.58,11.25
"2023-04-21 10:00:00",12.32,72.07,8.5
"2023-04-21 11:00:00",11.85,77.89,7.5
"2023-04-21 12:00:00",19.19,67.34,8.5
"2023-04-21 13:00:00",18.87,66.08,7.5
"2023-04-21 14:00:00",14.75,70.29,9.25
"2023-04-21 15:00:00",14.26,65.65,9.25
"2023-04-21 16:00:00",15.57,65.22,7.75
"2023-04-21 17:00:00",17.47,58.31,11
"2023-04-21 18:00:00",19.35,52.05,14.25
"2023-04-21 19:00:00",15.74,52.08,14.5
"2023-04-21 20:00:00",21.05,61.74,12.25
"2023-04-21 21:00:00",17.36,62.78,12
"2023-04-21 22:00:00",18.54,52.99,17.5
"2023-04-21 23:00:00",12.61,54.06,15.25
"2023-04-22 00:00:00",9.59,50.36,11.75
"2023-04-22 01:00:00",8.28,46.11,7.75
"2023-04-22 02:00:00",6,44.72,6.5
"2023-04-22 03:00:00",5.68,36.86,5.25
"2023-04-22 04:00:00",6.54,41.83,5.75
"2023-04-22 05:00:00",5.17,30,5
"2023-04-22 06:00:00",6.79,18.04,5.25
"2023-04-22 07:00:00",19.9,1.99,6.5
"2023-04-22 08:00:00",14.56,22.84,8
"2023-04-22 09:00:00",12.51,47.5,7.75
"2023-04-22 10:00:00",7.92,74.72,6.5
"2023-04-22 11:00:00",6.07,79.15,5
"2023-04-22 12:00:00",6.86,82.18,5.25
"2023-04-22 13:00:00",6.58,87.19,5.5
"2023-04-22 14:00:00",6.86,87.92,4.25
"2023-04-22 15:00:00",6.47,89.91,5.25
"2023-04-22 16:00:00",6.45,91.87,6
"2023-04-22 17:00:00",8.55,76.88,6
"2023-04-22 18:00:00",9.29,59.9,6
"2023-04-22 19:00:00",10.15,54.5,7.25
"2023-04-22 20:00:00",9.25,50.14,9.75
"2023-04-22 21:00:00",13.09,44.49,6.75
"2023-04-22 22:00:00",15.96,33.23,9.5
"2023-04-22 23:00:00",8.7,36.79,10
"2023-04-23 00:00:00",4.97,41.74,6
"2023-04-23 01:00:00",4.33,42.39,2.75
"2023-04-23 02:00:00",4.05,51.67,2.25
"2023-04-23 03:00:00",3.73,50.13,3
"2023-04-23 04:00:00",3.22,52.71,3.5
"2023-04-23 05:00:00",3.39,46.48,5
"2023-04-23 06:00:00",3.16,49.51,5.25
"2023-04-23 07:00:00",3.26,51.65,5.75
"2023-04-23 08:00:00",4.69,62.03,5.75
"2023-04-23 09:00:00",5.25,64.79,7.25
"2023-04-23 10:00:00",5.61,66.44,4
"2023-04-23 11:00:00",6.37,71.58,0.25
"2023-04-23 12:00:00",4.76,77.67,-1.5
"2023-04-23 13:00:00",4.91,79.58,0.5
"2023-04-23 14:00:00",4.62,79.71,2.5
"2023-04-23 15:00:00",4.78,82.06,3.5
"2023-04-23 16:00:00",4.06,84.45,2
"2023-04-23 17:00:00",4.8,79.43,3
"2023-04-23 18:00:00",4.91,70.39,6.75
"2023-04-23 19:00:00",5.61,65.85,8.5
"2023-04-23 20:00:00",7.58,58.11,7.25
"2023-04-23 21:00:00",10.69,54.09,8.5
"2023-04-23 22:00:00",8.3,44.98,10.75
"2023-04-23 23:00:00",9.35,31.09,12
"2023-04-24 00:00:00",8.26,21.65,8.25
"2023-04-24 01:00:00",11.71,11.75,6.5
"2023-04-24 02:00:00",8.41,14.73,8
"2023-04-24 03:00:00",4.37,28.38,7.75
"2023-04-24 04:00:00",2.76,41.31,6.5
"2023-04-24 05:00:00",3.81,40.44,4.75
"2023-04-24 06:00:00",6.49,29.7,3.75
"2023-04-24 07:00:00",10.52,32.23,2.75
"2023-04-24 08:00:00",9.21,47.56,2.25
"2023-04-24 09:00:00",5.73,53.22,2.5
"2023-04-24 10:00:00",5.82,46.57,0.5
"2023-04-24 11:00:00",4.48,49.68,-0.5
"2023-04-24 12:00:00",5.27,49.48,0.75
"2023-04-24 13:00:00",6.37,51.29,-0.5
"2023-04-24 14:00:00",8.24,58.14,-1.5
"2023-04-24 15:00:00",7.6,60.77,0.75
"2023-04-24 16:00:00",8.79,60.94,3
"2023-04-24 17:00:00",10.53,58.36,2.5
"2023-04-24 18:00:00",11.65,56.89,1
"2023-04-24 19:00:00",13.32,55.43,1.25
"2023-04-24 20:00:00",12,54.03,2
"2023-04-24 21:00:00",25.26,32.22,3.25
"2023-04-24 22:00:00",24.34,21.14,10
"2023-04-24 23:00:00",15.85,26.21,16.75
"2023-04-25 00:00:00",18.5,6.12,9.5
"2023-04-25 01:00:00",15.04,-0.37,7.5
"2023-04-25 02:00:00",14.01,-5.75,6
"2023-04-25 03:00:00",13.68,-10.3,6
"2023-04-25 04:00:00",13.43,-12.13,6
"2023-04-25 05:00:00",12.59,-11.49,5.5
"2023-04-25 06:00:00",16.23,-12.65,3.5
"2023-04-25 07:00:00",22.51,-2.28,2.25
"2023-04-25 08:00:00",41.84,8.51,3.5
"2023-04-25 09:00:00",34.82,28.9,5.25
"2023-04-25 10:00:00",12.28,65.33,5.75
"2023-04-25 11:00:00",9.59,69.91,5.25
"2023-04-25 12:00:00",9.81,68.77,6
"2023-04-25 13:00:00",7.27,77.08,5.75
"2023-04-25 14:00:00",5.12,84.14,4.75
"2023-04-25 15:00:00",4.95,81.51,3.5
"2023-04-25 16:00:00",6.88,82.23,2.25
"2023-04-25 17:00:00",7.99,80.58,3.5
"2023-04-25 18:00:00",11.31,80.03,5
"2023-04-25 19:00:00",8.93,81.7,4.5
"2023-04-25 20:00:00",8.55,84.47,3.75
"2023-04-25 21:00:00",8.9,84.46,5.75
"2023-04-25 22:00:00",8.21,82.13,5.25
"2023-04-25 23:00:00",7.99,78.91,5.25
"2023-04-26 00:00:00",4.29,82.14,2.5
"2023-04-26 01:00:00",3.97,83.1,1.75
"2023-04-26 02:00:00",3.82,83.34,3.75
"2023-04-26 03:00:00",4.86,79.5,3.25
"2023-04-26 04:00:00",4.06,79.32,4
"2023-04-26 05:00:00",5.57,74.97,3.75
"2023-04-26 06:00:00",10.37,68.64,3
"2023-04-26 07:00:00",16.4,59.79,3.25
"2023-04-26 08:00:00",17.84,61.08,4
"2023-04-26 09:00:00",16.92,64.04,4.25
"2023-04-26 10:00:00",12.13,69.72,5.25
"2023-04-26 11:00:00",12.25,69.98,5.5
"2023-04-26 12:00:00",11.46,71.93,4
"2023-04-26 13:00:00",13.09,70.52,3.75
"2023-04-26 14:00:00",12.62,73.7,3.25
"2023-04-26 15:00:00",11.49,75.41,5.25
"2023-04-26 16:00:00",14.53,74.18,9
"2023-04-26 17:00:00",13.84,76.23,8.5
"2023-04-26 18:00:00",11.53,78.34,7.75
"2023-04-26 19:00:00",11.56,74.05,9.25
"2023-04-26 20:00:00",11.86,73.89,7
"2023-04-26 21:00:00",9.82,72.37,7
"2023-04-26 22:00:00",7.37,72.01,7.25
"2023-04-26 23:00:00",5.28,69.34,8
"2023-04-27 00:00:00",5.85,59.95,7.5
"2023-04-27 01:00:00",3.97,61.44,6
"2023-04-27 02:00:00",4.09,56.85,5.5
"2023-04-27 03:00:00",4.53,56.51,4.5
"2023-04-27 04:00:00",3.33,51.82,5.75
"2023-04-27 05:00:00",5.97,47.7,4.5
"2023-04-27 06:00:00",10.6,44.94,2.5
"2023-04-27 07:00:00",14.43,41.96,1
"2023-04-27 07:01:00",,,
"2023-04-27 08:01:00",,,
"2023-04-27 09:00:00",9.42,55.96,-0.75
"2023-04-27 09:01:00",,,
"2023-04-27 10:00:00",8.54,58.87
"2023-04-27 10:01:00",,,
"2023-04-27 11:00:00",6.73,63.69,-0.25
"2023-04-27 12:00:00",6.31,66.07,-1.25
"2023-04-27 13:00:00",7.17,67.96,-1.5
"2023-04-27 14:00:00",8.85,69.92,0.5
"2023-04-27 15:00:00",10.47,68.38,2.5
"2023-04-27 16:00:00",8.91,69.58,3.75
"2023-04-27 17:00:00",17.86,64.54,2.5
"2023-04-27 18:00:00",10.41,66.99,0.75
"2023-04-27 19:00:00",14.83,56.83,0.5
"2023-04-27 20:00:00",16.9,45.69,1.75
"2023-04-27 21:00:00",7.7,47.58,2
"2023-04-27 22:00:00",6.65,33.12,5.5
"2023-04-27 23:00:00",8.39,32.17,7.75
"2023-04-28 00:00:00",7.74,33.39,10
"2023-04-28 01:00:00",5.73,35.17,9.25
"2023-04-28 02:00:00",3.93,27.24,6.25
"2023-04-28 03:00:00",3.2,31.46,3.75
"2023-04-28 04:00:00",3.17,26.3,2.5
"2023-04-28 05:00:00",3.06,27.65,0.25
"2023-04-28 06:00:00",7.05,21.41,-1.75
"2023-04-28 07:00:00",13.34,24.59,-0.25
"2023-04-28 08:00:00",9.93,36.91,2.25
"2023-04-28 09:00:00",7.81,47.7,2.5
"2023-04-28 10:00:00",5.11,54.35,0.25
"2023-04-28 11:00:00",7.49,49.14,-1.75
"2023-04-28 12:00:00",6.56,50.31,-0.25
"2023-04-28 13:00:00",4.48,54.68,1.5
"2023-04-28 14:00:00",5.18,48.33,-0.5
"2023-04-28 15:00:00",4.43,50.24,-2
"2023-04-28 16:00:00",3.74,51.47,-2
"2023-04-28 17:00:00",4.81,51.31,-1.5
"2023-04-28 18:00:00",5.98,43.36,-0.5
"2023-04-28 19:00:00",4.85,41.41,-1.75
"2023-04-28 20:00:00",6.72,30.19,-0.5
"2023-04-28 21:00:00",13.09,6.67,0.5
"2023-04-28 22:00:00",10.97,9.34,-0.25
"2023-04-28 23:00:00",6.91,13.52,2.25
"2023-04-29 00:00:00",5.42,16.64,2.5
"2023-04-29 01:00:00",4.35,13.4,1
"2023-04-29 02:00:00",4.5,11.49,1.5
"2023-04-29 03:00:00",3.95,11.92,2.5
"2023-04-29 04:00:00",2.59,28.81,0.25
"2023-04-29 05:00:00",2,36.18,-2.5
"2023-04-29 06:00:00",2.38,27.75,-4.25
"2023-04-29 07:00:00",6.08,22.41,-4.75
"2023-04-29 08:00:00",9.76,21.03,-3.25
"2023-04-29 09:00:00",6.4,32.17,-1.25
"2023-04-29 10:00:00",5.64,35.14,-2
"2023-04-29 11:00:00",4.09,39.25,-2
"2023-04-29 12:00:00",3.33,42.59,-2
"2023-04-29 13:00:00",3.3,48.03,-2.5
"2023-04-29 14:00:00",3.39,43.4,-3.75
"2023-04-29 15:00:00",4.42,37.83,-2.25
"2023-04-29 16:00:00",4.79,37.87,0.5
"2023-04-29 17:00:00",5.64,34.17,1.25
"2023-04-29 18:00:00",5.21,33.31,-1.5
"2023-04-29 19:00:00",6.85,34.35,-3
"2023-04-29 20:00:00",8.07,32.86,-2
"2023-04-29 21:00:00",7.63,29.13,1
"2023-04-29 22:00:00",5.55,34.77,0.75
"2023-04-29 22:01:00",,,
"2023-04-29 23:00:00",4.4,30.66
"2023-04-29 23:01:00",,,
"2023-04-30 00:00:00",4.9,19.95
"2023-04-30 01:00:00",3.64,25.66,0.25
"2023-04-30 02:00:00",2.7,33.84,0.75
"2023-04-30 03:00:00",2.49,30.79,-0.5
"2023-04-30 04:00:00",2.3,33.11,-1.75
"2023-04-30 05:00:00",2.26,26.19,-0.75
"2023-04-30 06:00:00",3.77,21.09,0.25
"2023-04-30 07:00:00",7.44,14.87,1
"2023-04-30 08:00:00",4.32,50.76,0.75
"2023-04-30 09:00:00",3.01,62.33,0.25
"2023-04-30 10:00:00",2.57,69.22,1
"2023-04-30 11:00:00",2.87,75.7,1
"2023-04-30 12:00:00",2.24,78.28,1
"2023-04-30 13:00:00",2.06,81.64,0.25
"2023-04-30 14:00:00",1.65,81.98,-2.25
"2023-04-30 15:00:00",1.94,81.53,-2.75
"2023-04-30 16:00:00",1.96,80.82,-1.5
"2023-04-30 16:01:00",,,
"2023-04-30 17:00:00",2.03,79.41
"2023-04-30 17:01:00",,,
"2023-04-30 18:00:00",2.42,80.11
"2023-04-30 19:00:00",3.14,76.67
"2023-04-30 20:00:00",5.52,69.89,1.5
"2023-04-30 21:00:00",4.52,69.64,5.75
"2023-04-30 22:00:00",4.14,58.62,4.5
"2023-04-30 23:00:00",3.79,51.02,3
"2023-05-01 00:00:00",3.06,54.74,3.25
"2023-05-01 01:00:00",3.53,41.95,3.5
"2023-05-01 02:00:00",2.55,52.4,1.5
"2023-05-01 03:00:00",1.58,58.06,-0.25
"2023-05-01 04:00:00",2.01,55.45,-0.5
"2023-05-01 05:00:00",1.77,50.16,1.25
"2023-05-01 06:00:00",2.43,41.77,1.25
"2023-05-01 07:00:00",2.79,52.27,-0.5
"2023-05-01 08:00:00",2.17,69.03,1.25
"2023-05-01 09:00:00",1.53,72.03,1
"2023-05-01 10:00:00",1.95,72.01,-1.75
"2023-05-01 11:00:00",1.64,68.45,-1.25
"2023-05-01 12:00:00",1.49,69.05,-2.25
"2023-05-01 13:00:00",1.43,68.82,-3
"2023-05-01 14:00:00",1.64,73.51,-2.25
"2023-05-01 15:00:00",1.96,72.29,0.5
"2023-05-01 16:00:00",2.21,74.23,2
"2023-05-01 17:00:00",2.49,74.71,3
"2023-05-01 18:00:00",2.26,72.92,5
"2023-05-01 19:00:00",3.39,70.6,1
"2023-05-01 20:00:00",5.63,61.6,-2
"2023-05-01 21:00:00",5.2,53.85,-1.75
"2023-05-01 22:00:00",5.46,45.53,-1
"2023-05-01 23:00:00",6.22,31.78,-1.25
"2023-05-02 00:00:00",5.84,24.26,-0.5
"2023-05-02 01:00:00",6.01,19.24,4
"2023-05-02 02:00:00",5.17,15.06,3.5
"2023-05-02 03:00:00",6.11,6.92,1.75
"2023-05-02 04:00:00",16.59,-3.27,2
"2023-05-02 05:00:00",22.88,-1.51,5
"2023-05-02 06:00:00",30.51,-3.5,5.25
"2023-05-02 07:00:00",29.68,-0.34,5.5
"2023-05-02 08:00:00",37.61,1.23,3.25
"2023-05-02 09:00:00",8.03,59.52,1
"2023-05-02 10:00:00",3.34,71.98,1
"2023-05-02 11:00:00",4.85,68.21,0.75
"2023-05-02 11:01:00",,,
"2023-05-02 12:00:00",3.74,69.63
"2023-05-02 12:01:00",,,
"2023-05-02 13:00:00",3.34,70.71
"2023-05-02 14:00:00",4.14,67.37,0.25
"2023-05-02 15:00:00",4.36,68.3,1.25
"2023-05-02 16:00:00",4.29,76.29,1.75
"2023-05-02 17:00:00",6.28,72.38,1.5
"2023-05-02 18:00:00",6.68,69.33,2.5
"2023-05-02 19:00:00",6.22,68.46,0.25
"2023-05-02 20:00:00",6.32,63.28,-1.5
"2023-05-02 21:00:00",6.98,55.45,0.5
"2023-05-02 22:00:00",7.28,52.67,2
"2023-05-02 23:00:00",5.73,55.37,2
"2023-05-03 00:00:00",5.03,55,2.5
"2023-05-03 01:00:00",5.47,54.17,3.75
"2023-05-03 02:00:00",5.7,52.6,2.5
"2023-05-03 03:00:00",5.17,49.28,1.5
"2023-05-03 04:00:00",5.67,51.48,3.25
"2023-05-03 05:00:00",7.14,53.3,4.5
"2023-05-03 06:00:00",14.22,44.28,5.75
"2023-05-03 07:00:00",15.97,50.1,4.75
"2023-05-03 08:00:00",13.3,53.29,4.5
"2023-05-03 09:00:00",13.85,54.58,6
"2023-05-03 10:00:00",11.64,59.65,6.25
"2023-05-03 11:00:00",10.32,62.19,7.25
"2023-05-03 12:00:00",7.1,68.22,8.5
"2023-05-03 13:00:00",7.84,71.61,10.5
"2023-05-03 14:00:00",7.1,76.47,11.25
"2023-05-03 15:00:00",7.24,77.18,8
"2023-05-03 16:00:00",9.96,76.78,4.75
"2023-05-03 17:00:00",11.59,78.49,5
"2023-05-03 18:00:00",13.18,78.46,8.75
"2023-05-03 19:00:00",10.99,80.09,10.25
"2023-05-03 20:00:00",8.93,79.35,7.5
"2023-05-03 21:00:00",9.25,81,6.25
"2023-05-03 22:00:00",7.31,82.8,6.5
"2023-05-03 23:00:00",10.47,78.23,5.25
"2023-05-04 00:00:00",4.72,87.26,6.5
"2023-05-04 01:00:00",5.36,90.01,7.75
"2023-05-04 02:00:00",6.59,86.95,7.5
"2023-05-04 03:00:00",8.11,72.68,9
"2023-05-04 04:00:00",7.97,73.21,8.75
"2023-05-04 05:00:00",9.25,70.35,7.5
"2023-05-04 06:00:00",13.3,60.73,7.75
"2023-05-04 07:00:00",16.9,55.56,13.25
"2023-05-04 08:00:00",18.99,53.69,14
"2023-05-04 09:00:00",18.28,57.28,13.5
"2023-05-04 10:00:00",17.02,56.77,12
"2023-05-04 11:00:00",19.47,54.32,12.25
"2023-05-04 12:00:00",19.37,55.39,12.25
"2023-05-04 13:00:00",19.15,50.41,10.5
"2023-05-04 14:00:00",19.17,47.31,11.5
"2023-05-04 15:00:00",21.06,38.95,9.75
"2023-05-04 16:00:00",25.15,30.11,9
"2023-05-04 17:00:00",29.09,23.42,8.75
"2023-05-04 18:00:00",25.35,18.77,7.75
"2023-05-04 19:00:00",22.71,14.03,10
"2023-05-04 20:00:00",13.74,18.82,15.75
"2023-05-04 21:00:00",12.4,16.16,6.25
"2023-05-04 22:00:00",11.58,17.49,6.5
"2023-05-04 23:00:00",9.09,17.41,4.5
"2023-05-05 00:00:00",5.38,31.37,3
"2023-05-05 01:00:00",3.4,45.64,2.75
"2023-05-05 02:00:00",2.71,52.06,1.75
"2023-05-05 03:00:00",2.68,46.89,0.5
"2023-05-05 04:00:00",2.43,29.67,-0.5
"2023-05-05 05:00:00",4.04,40.48,0.75
"2023-05-05 06:00:00",5.8,50.46,-0.25
"2023-05-05 06:01:00",,,
"2023-05-05 07:00:00",9.87,45.75
"2023-05-05 07:01:00",,,
"2023-05-05 08:00:00",10.51,43.36,3
"2023-05-05 09:00:00",5.98,51.77,2.75
"2023-05-05 10:00:00",3.62,55.22,1.75
"2023-05-05 11:00:00",4.4,57.05,0.75
"2023-05-05 12:00:00",3.07,62.42,-0.25
"2023-05-05 13:00:00",2.82,64.1,0.5
"2023-05-05 14:00:00",2.59,65.66,4.75
"2023-05-05 15:00:00",2.63,65.06,2.75
"2023-05-05 16:00:00",3.66,62.27,-0.75
"2023-05-05 17:00:00",3.96,61.11,1
"2023-05-05 18:00:00",3.1,62.57,4
"2023-05-05 19:00:00",3.59,58.63,4.5
"2023-05-05 20:00:00",4.47,55.07,5.5
"2023-05-05 21:00:00",5.99,51.65,4
"2023-05-05 22:00:00",4.3,56.15,4
"2023-05-05 23:00:00",4.77,52.7,3.75
"2023-05-06 00:00:00",3.52,53.53,3
"2023-05-06 01:00:00",4.1,51.72,2.25
"2023-05-06 01:01:00",,,
"2023-05-06 02:00:00",3.32,52.13
"2023-05-06 02:01:00",,,
"2023-05-06 03:00:00",2.86,50.36,0.5
"2023-05-06 04:00:00",4.06,44.42,1.75
"2023-05-06 05:00:00",3.74,36.49,1
"2023-05-06 06:00:00",3.71,30.84,0.75
"2023-05-06 07:00:00",4.32,32.49,0.5
"2023-05-06 08:00:00",4.46,41.51,2
"2023-05-06 09:00:00",3.92,47.55,1.75
"2023-05-06 10:00:00",2.39,55.07,1
"2023-05-06 11:00:00",2.28,58.67,0.5
"2023-05-06 12:00:00",1.74,59.95,-1.25
"2023-05-06 13:00:00",2.12,59.34,-2
"2023-05-06 14:00:00",2.11,60.24,-1.25
"2023-05-06 15:00:00",1.94,61.82,1.5
"2023-05-06 16:00:00",2.34,60.94,3
"2023-05-06 17:00:00",2.46,58.89,2.5
"2023-05-06 17:01:00",,,
"2023-05-06 18:00:00",3.63,54.58
"2023-05-06 18:01:00",,,
"2023-05-06 19:00:00",4.49,50.1,-2.5
"2023-05-06 20:00:00",3.81,46.46,-0.25
"2023-05-06 21:00:00",6.38,32.14,2
"2023-05-06 22:00:00",7.28,23.83,2.5
"2023-05-06 23:00:00",4.83,14.98,3.5
"2023-05-07 00:00:00",6.15,9.63,1.5
"2023-05-07 01:00:00",5.69,12.54,0.75
"2023-05-07 02:00:00",5.13,16.3,2.75
"2023-05-07 03:00:00",2.59,36.38,2
"2023-05-07 04:00:00",2.7,28.02,2
"2023-05-07 05:00:00",2.14,29.07,1.5
"2023-05-07 06:00:00",2.22,33.36,-0.5
"2023-05-07 07:00:00",2.09,43.79,-1.75
"2023-05-07 08:00:00",2.24,48.71,-0.5
"2023-05-07 09:00:00",2.22,55.18,1.5
"2023-05-07 10:00:00",2.11,59.9,2.5
"2023-05-07 11:00:00",2.09,60.92,0.25
"2023-05-07 12:00:00",2.17,65.11,-1.75
"2023-05-07 13:00:00",1.98,66.2,-0.5
"2023-05-07 14:00:00",2.08,66.79,1
"2023-05-07 15:00:00",3.98,64.02,1
"2023-05-07 16:00:00",3.03,60.5,1.25
"2023-05-07 17:00:00",2.51,65.27,2
"2023-05-07 18:00:00",3.78,59.32,1.5
"2023-05-07 19:00:00",3.27,57.51,-0.25
"2023-05-07 20:00:00",2.61,57.47,-1
"2023-05-07 21:00:00",2.75,53.31,-1.25
"2023-05-07 22:00:00",2.1,52.25,-1.5
"2023-05-07 23:00:00",1.91,50.59,-0.25
"2023-05-08 00:00:00",1.73,43.4,-0.75
"2023-05-08 01:00:00",1.44,40.24,0.5
"2023-05-08 02:00:00",1.2,34.32,1.25
"2023-05-08 03:00:00",1.08,30.41,-1
"2023-05-08 04:00:00",1.38,23.44,-0.5
"2023-05-08 05:00:00",2.81,21.49,0.5
"2023-05-08 06:00:00",4.54,19.94,-1.75
"2023-05-08 07:00:00",7.12,19.1,-4
"2023-05-08 08:00:00",6.85,30.6,-3.25
"2023-05-08 09:00:00",4.57,39.57,-0.5
"2023-05-08 10:00:00",3.51,50.98,1
"2023-05-08 11:00:00",3.46,49.87,0.75
"2023-05-08 12:00:00",4.27,48.25,0.25
"2023-05-08 13:00:00",3.38,50.48,1.5
"2023-05-08 14:00:00",2.98,55.06,3.5
"2023-05-08 15:00:00",3.54,55.88,4.5
"2023-05-08 16:00:00",2.92,61.33,3.25
"2023-05-08 17:00:00",2.88,58.65,4
"2023-05-08 18:00:00",3.29,57.75,4.25
"2023-05-08 19:00:00",5.37,54.54,4.5
"2023-05-08 20:00:00",4.18,45.21,2.25
"2023-05-08 21:00:00",4.57,32.17,1.5
"2023-05-08 22:00:00",4.65,21.24,5.5
"2023-05-08 23:00:00",4.94,19.74,3
"2023-05-09 00:00:00",4.16,10.4,-0.25
"2023-05-09 01:00:00",3.18,12.36,-0.25
"2023-05-09 02:00:00",3.08,8.51,2
"2023-05-09 03:00:00",1.94,9.87,1.5
"2023-05-09 03:01:00",,,
"2023-05-09 04:00:00",2.78,6.86
"2023-05-09 04:01:00",,,
"2023-05-09 05:00:00",3.82,3.94,0.75
"2023-05-09 06:00:00",6.7,2.8,3.25
"2023-05-09 07:00:00",8.46,23.65,3.25
"2023-05-09 08:00:00",8.71,26.44,0.25
"2023-05-09 09:00:00",4.86,43.43,-1.5
"2023-05-09 10:00:00",2.89,55.61,0.75
"2023-05-09 11:00:00",3.41,56.9,2.5
"2023-05-09 12:00:00",2.89,56.87,0.5
"2023-05-09 13:00:00",2.86,60.57,-1.25
"2023-05-09 14:00:00",3.02,64.44,-1.5
"2023-05-09 15:00:00",2.64,67.9,0.25
"2023-05-09 16:00:00",2.62,68.33,0.75
"2023-05-09 17:00:00",3.56,67.04,0.25
"2023-05-09 18:00:00",2.63,67.34,1.25
"2023-05-09 19:00:00",2.82,63.6,1.75
"2023-05-09 20:00:00",4.45,55.21,1
"2023-05-09 21:00:00",4.09,48.68,0.75
"2023-05-09 21:01:00",,,
"2023-05-09 22:00:00",3.42,46.84
"2023-05-09 22:01:00",,,
"2023-05-09 23:00:00",2.22,46.45
"2023-05-10 00:00:00",1.95,47.07,0.25
"2023-05-10 01:00:00",2.22,39.32,1.25
"2023-05-10 02:00:00",1.68,43.8,1.25
"2023-05-10 03:00:00",1.42,50.86,-1.25
"2023-05-10 04:00:00",1.99,45.31,-1.5
"2023-05-10 04:01:00",,,
"2023-05-10 05:00:00",1.94,50.34
"2023-05-10 05:01:00",,,
"2023-05-10 06:00:00",4.37,38.76,0.25
"2023-05-10 07:00:00",10.12,42.75,1
"2023-05-10 08:00:00",7.67,52.09,0.25
"2023-05-10 09:00:00",3.93,60.3,-2.25
"2023-05-10 10:00:00",3.23,66.18,-2.5
"2023-05-10 11:00:00",2.83,66.21,-0.5
"2023-05-10 12:00:00",3.25,66.88,1
"2023-05-10 13:00:00",2.89,66.84,1
"2023-05-10 14:00:00",3.39,64.48,1
"2023-05-10 15:00:00",3.45,62.49,1
"2023-05-10 16:00:00",3.2,58.02,1
"2023-05-10 17:00:00",3.94,56.88,0.75
"2023-05-10 17:01:00",,,
"2023-05-10 18:00:00",2.52,59.38
"2023-05-10 18:01:00",,,
"2023-05-10 19:00:00",3.08,57.05,-0.5
"2023-05-10 20:00:00",3.94,56.04,-1.5
"2023-05-10 21:00:00",5.97,49.24,0.25
"2023-05-10 22:00:00",5.45,42.48,1
"2023-05-10 23:00:00",5.7,39.58,1
"2023-05-11 00:00:00",3.25,38.36,0.75
"2023-05-11 01:00:00",2.45,33.2,0.25
"2023-05-11 02:00:00",1.58,28.74,1
"2023-05-11 03:00:00",1.84,20.77,1
"2023-05-11 04:00:00",1.12,27.55,1.5
"2023-05-11 05:00:00",1.88,39.09,2.75
"2023-05-11 06:00:00",3.74,40.53,1.25
"2023-05-11 07:00:00",6.49,48,-0.75
"2023-05-11 08:00:00",6.05,49.08,-0.25
"2023-05-11 09:00:00",3.55,53.67,-1
"2023-05-11 10:00:00",2.32,55.05,-0.5
"2023-05-11 11:00:00",2.74,52.56,0.75
"2023-05-11 12:00:00",2.99,52.83,-0.25
"2023-05-11 13:00:00",2.58,56.18,-1.5
"2023-05-11 14:00:00",3.17,54.46,-2
"2023-05-11 15:00:00",3.08,54.55,1
"2023-05-11 16:00:00",3.26,55.62,1
"2023-05-11 17:00:00",3.8,54.52,1.25
"2023-05-11 18:00:00",4.59,52.17,1.75
"2023-05-11 19:00:00",4.78,49.77,0.75
"2023-05-11 20:00:00",5.66,45.54,0.5
"2023-05-11 21:00:00",6.16,40.44,2.25
"2023-05-11 22:00:00",5.66,36.64,3.25
"2023-05-11 23:00:00",3.08,35.69,4
"2023-05-12 00:00:00",2.85,26.82,4.25
"2023-05-12 01:00:00",2.07,22.34,4.5
"2023-05-12 02:00:00",2.19,19.68,2
"2023-05-12 03:00:00",2.75,19.03,-1
"2023-05-12 04:00:00",1.88,16.43,-0.25
"2023-05-12 05:00:00",2.22,22.63,1.75
"2023-05-12 06:00:00",4.41,19.87,1.25
"2023-05-12 07:00:00",7.36,20.97,2.5
"2023-05-12 08:00:00",5.95,32.69,3.75
"2023-05-12 09:00:00",3.58,39.82,3
"2023-05-12 10:00:00",4.7,36.67,3.5
"2023-05-12 11:00:00",4.63,44.1,4.5
"2023-05-12 12:00:00",3.55,47.83,3.25
"2023-05-12 13:00:00",4.52,57.63,4.5
"2023-05-12 14:00:00",5.23,58.74,5.5
"2023-05-12 15:00:00",5.4,61.63,3.5
"2023-05-12 16:00:00",4.69,68.79,1.75
"2023-05-12 17:00:00",5.41,66.39,1.25
"2023-05-12 18:00:00",5.22,64.2,1.75
"2023-05-12 19:00:00",14.63,49.1,0.5
"2023-05-12 19:01:00",,,
"2023-05-12 20:00:00",21.92,44.64
"2023-05-12 20:01:00",,,
"2023-05-12 21:00:00",21.59,40.42,4.75
"2023-05-12 22:00:00",11.75,39.08,9.25
"2023-05-12 23:00:00",14.32,23.84,6.75
"2023-05-13 00:00:00",19.08,8.91,6
"2023-05-13 01:00:00",13.07,2.48,6.25
"2023-05-13 02:00:00",10.96,-2.9,7
"2023-05-13 03:00:00",6.11,3.19,6.25
"2023-05-13 04:00:00",5.45,-1.02,2.75
"2023-05-13 05:00:00",7.37,-6.77,-0.5
"2023-05-13 06:00:00",5.82,-6.14,1.25
"2023-05-13 07:00:00",12.25,-4.15,2
"2023-05-13 08:00:00",12,2.67,1.75
"2023-05-13 09:00:00",10.49,26.51,0.25
"2023-05-13 10:00:00",6.82,54.27,-2.25
"2023-05-13 11:00:00",6.51,61.82,-2.75
"2023-05-13 12:00:00",4.43,67.61,-1
"2023-05-13 13:00:00",3.61,68.68,2.25
"2023-05-13 14:00:00",2.56,69.58,2.25
"2023-05-13 14:01:00",,,
"2023-05-13 15:00:00",2.73,69.45
"2023-05-13 15:01:00",,,
"2023-05-13 16:00:00",2.78,69.96,0.5
"2023-05-13 17:00:00",3.15,66.01,1.75
"2023-05-13 18:00:00",3.33,63.9,1.25
"2023-05-13 19:00:00",4.55,60.26,2.25
"2023-05-13 20:00:00",8.56,47.76,2.75
"2023-05-13 21:00:00",12.32,26.76,2
"2023-05-13 22:00:00",5.86,29.81,2
"2023-05-13 23:00:00",5.77,27.64,2
"2023-05-14 00:00:00",4.92,31.29,1.75
"2023-05-14 01:00:00",4.42,32.33,1
"2023-05-14 02:00:00",4.58,29.42,0.75
"2023-05-14 03:00:00",2.64,37.6,0.25
"2023-05-14 04:00:00",2.69,39.9,1
"2023-05-14 05:00:00",1.97,37.13,0.75
"2023-05-14 05:01:00",,,
"2023-05-14 06:00:00",1.77,38.49
"2023-05-14 06:01:00",,,
"2023-05-14 07:00:00",3.48,38.28,0.25
"2023-05-14 08:00:00",6.53,33.37,1
"2023-05-14 09:00:00",3.91,40.32,0.75
"2023-05-14 10:00:00",2.49,58.73,-0.25
"2023-05-14 11:00:00",2.89,67.73,-0.5
"2023-05-14 12:00:00",2.7,66.38,1
"2023-05-14 13:00:00",2.79,69.07,0.75
"2023-05-14 13:01:00",,,
"2023-05-14 14:00:00",2.59,73.48
"2023-05-14 14:01:00",,,
"2023-05-14 15:00:00",2.71,70.85,0.5
"2023-05-14 16:00:00",3.02,66.46,2.25
"2023-05-14 17:00:00",3.07,63.73,2.5
"2023-05-14 18:00:00",2.85,60.55,0.5
"2023-05-14 19:00:00",3.61,61.39,-1
"2023-05-14 19:01:00",,,
"2023-05-14 20:00:00",4.02,65.69
"2023-05-14 20:01:00",,,
"2023-05-14 21:00:00",4.52,62.56,3
"2023-05-14 22:00:00",5.47,50.36,2.5
"2023-05-14 23:00:00",6.42,45.13,2
"2023-05-15 00:00:00",4.38,43.49,5
"2023-05-15 01:00:00",4.01,45.56,4.25
"2023-05-15 02:00:00",3.74,41.7,1.5
"2023-05-15 03:00:00",4.39,34.51,-0.25
"2023-05-15 04:00:00",4.19,31.29,-0.25
"2023-05-15 05:00:00",4.03,18.76,1.75
"2023-05-15 06:00:00",11.03,3.82,0.75
"2023-05-15 07:00:00",16.08,22.42,0.5
"2023-05-15 08:00:00",7.82,47.98,1.5
"2023-05-15 09:00:00",3.33,62.42,0.5
"2023-05-15 10:00:00",2.62,63.29,2.25
"2023-05-15 11:00:00",3.21,63.07,2.5
"2023-05-15 12:00:00",4.54,60.14,0.75
"2023-05-15 13:00:00",6.84,62.98,0.25
"2023-05-15 14:00:00",3.69,65.7,0.5
"2023-05-15 15:00:00",4.31,65.04,0.25
"2023-05-15 16:00:00",4.81,67.78,3.5
"2023-05-15 17:00:00",5.15,65.33,1
"2023-05-15 18:00:00",5.53,66.65,-1.75
"2023-05-15 19:00:00",4.97,66.25,-0.5
"2023-05-15 20:00:00",5.14,58.26,1.25
"2023-05-15 21:00:00",6.17,54.91,2
"2023-05-15 22:00:00",5.05,56.47,1.75
"2023-05-15 23:00:00",3.82,49.53,1.75
"2023-05-16 00:00:00",3.96,36.97,3.75
"2023-05-16 01:00:00",4.12,31.44,2
"2023-05-16 02:00:00",3.41,29.15,-1.25
"2023-05-16 03:00:00",5.18,24.65,-1.25
"2023-05-16 04:00:00",4.9,23.45,1
"2023-05-16 05:00:00",4.84,19.15,0.75
"2023-05-16 06:00:00",7.04,16.19,0.75
"2023-05-16 07:00:00",15.79,14.03,2.75
"2023-05-16 08:00:00",11.47,27.54,2.25
"2023-05-16 09:00:00",5.87,49.25,2.75
"2023-05-16 10:00:00",2.66,64.57,1.25
"2023-05-16 11:00:00",2.18,68.83,-0.5
"2023-05-16 12:00:00",2.38,70.71,1.75
"2023-05-16 13:00:00",2.13,70.72,3.75
"2023-05-16 14:00:00",2.44,72.94,3.5
"2023-05-16 15:00:00",2.87,74.72,4.75
"2023-05-16 16:00:00",3.05,74.59,4
"2023-05-16 17:00:00",4.58,69.98,4.25
"2023-05-16 18:00:00",4.17,66.85,4.5
"2023-05-16 19:00:00",4.85,62.35,3.25
"2023-05-16 20:00:00",6.78,55.16,3.5
"2023-05-16 21:00:00",13.95,34.44,2
"2023-05-16 22:00:00",9.9,29.77,2
"2023-05-16 23:00:00",8.92,21.58,1.75
"2023-05-17 00:00:00",7.36,16.6,1.75
"2023-05-17 01:00:00",6.08,13.83,3.75
"2023-05-17 02:00:00",6.21,14.74,3.25
"2023-05-17 03:00:00",6,14.26,4.5
"2023-05-17 04:00:00",4.39,11.43,5.5
"2023-05-17 05:00:00",5.05,6.86,4
"2023-05-17 06:00:00",7.17,1.66,4.75
"2023-05-17 07:00:00",16.55,-1.49,6.25
"2023-05-17 08:00:00",26.48,-2.17,3.75
"2023-05-17 09:00:00",17.05,31.38,4
"2023-05-17 10:00:00",8.19,61.02,6.5
"2023-05-17 11:00:00",2.88,69.94,5
"2023-05-17 12:00:00",2.66,72.32,5.25
"2023-05-17 13:00:00",2.59,74.8,5.5
"2023-05-17 14:00:00",2.46,74.95,3
"2023-05-17 15:00:00",2.66,72.91,-0.25
"2023-05-17 16:00:00",3.1,72.91,-0.75
"2023-05-17 16:01:00",,,
"2023-05-17 17:00:00",4.1,71.31
"2023-05-17 17:01:00",,,
"2023-05-17 18:00:00",4.61,66.5,-0.25
"2023-05-17 19:00:00",6.38,59.34,-1
"2023-05-17 20:00:00",10.37,50.97,-0.5
"2023-05-17 21:00:00",7.1,51.67,2.75
"2023-05-17 22:00:00",7.65,42.19,7.5
"2023-05-17 23:00:00",3.65,42.67,5.25
"2023-05-18 00:00:00",4.06,34,2.75
"2023-05-18 01:00:00",3.7,26.22,2
"2023-05-18 02:00:00",4.1,16.36,2.5
"2023-05-18 03:00:00",7.7,8.76,4.5
"2023-05-18 04:00:00",7.39,2.73,5.5
"2023-05-18 05:00:00",7.56,-0.71,3
"2023-05-18 06:00:00",12.29,-9.43,0.5
"2023-05-18 07:00:00",26.45,-4.97,2.25
"2023-05-18 08:00:00",16.77,30.93,2.75
"2023-05-18 09:00:00",5.64,63.42,2
"2023-05-18 10:00:00",3.96,65.33,2.5
"2023-05-18 11:00:00",3.35,70.53,3.5
"2023-05-18 12:00:00",3.74,70.64,2
"2023-05-18 13:00:00",2.72,75.43,2.25
"2023-05-18 14:00:00",2.23,76.37,2.75
"2023-05-18 15:00:00",2.85,72.54,2
"2023-05-18 16:00:00",4.55,65.19,2
"2023-05-18 17:00:00",3.76,63.79,1.75
"2023-05-18 18:00:00",6.17,60.86,1
"2023-05-18 19:00:00",6.45,58.5,1
"2023-05-18 20:00:00",5.75,54.48,1.25
"2023-05-18 21:00:00",5.38,40.48,1.5
"2023-05-18 22:00:00",4.65,49.71,-0.25
"2023-05-18 22:01:00",,,
"2023-05-18 23:00:00",3.8,39.93
"2023-05-18 23:01:00",,,
"2023-05-19 00:00:00",3.18,36.11,3
"2023-05-19 01:00:00",2.67,28.34,2.75
"2023-05-19 02:00:00",3.56,24.4,2.5
"2023-05-19 03:00:00",2.64,23.5,5
"2023-05-19 04:00:00",3.15,20.4,7.25
"2023-05-19 05:00:00",5.86,12.8,4.5
"2023-05-19 06:00:00",4.65,17.5,3.5
"2023-05-19 07:00:00",12.32,21.44,4.75
"2023-05-19 08:00:00",6.62,41.71,4.75
"2023-05-19 09:00:00",6.6,43.19,7
"2023-05-19 10:00:00",5.96,46.28,6.75
"2023-05-19 11:00:00",3.99,54.11,6.25
"2023-05-19 12:00:00",5.86,52.02,7
"2023-05-19 13:00:00",6.83,54.49,7.25
"2023-05-19 14:00:00",4.61,57.75,7.75
"2023-05-19 15:00:00",5.36,58.89,6.5
"2023-05-19 16:00:00",5.87,60.5,5
"2023-05-19 17:00:00",6.19,61.7,5
"2023-05-19 18:00:00",5.54,60.75,5.25
"2023-05-19 19:00:00",8.69,57.54,5.5
"2023-05-19 20:00:00",9.1,50.6,5.75
"2023-05-19 21:00:00",12.12,42.46,10.25
"2023-05-19 22:00:00",6.63,46.75,7.25
"2023-05-19 23:00:00",4.84,45.54,5.25
"2023-05-20 00:00:00",5.07,40.74,6.5
"2023-05-20 01:00:00",4.37,41.14,7.25
"2023-05-20 02:00:00",3.93,37.35,4.5
"2023-05-20 03:00:00",3.37,29.29,3.5
"2023-05-20 04:00:00",3.32,24.12,4.5
"2023-05-20 05:00:00",3.1,18.2,3
"2023-05-20 06:00:00",3.51,18.01,3.25
"2023-05-20 07:00:00",5.41,19.31,4.25
"2023-05-20 08:00:00",7.34,24.65,4.75
"2023-05-20 09:00:00",8.01,22.29,4.75
"2023-05-20 10:00:00",6.02,35.92,6.5
"2023-05-20 11:00:00",7.36,38.79,4.75
"2023-05-20 12:00:00",6.84,43.37,4.5
"2023-05-20 13:00:00",7.77,42.98,6.75
"2023-05-20 14:00:00",8.2,46.27,8.5
"2023-05-20 15:00:00",6.85,47.86,7.5
"2023-05-20 16:00:00",5.85,55.06,9
"2023-05-20 17:00:00",5.18,60.37,8.5
"2023-05-20 18:00:00",4.78,61.78,6.75
"2023-05-20 19:00:00",6.42,56.7,6.75
"2023-05-20 20:00:00",7.97,50.12,8.75
"2023-05-20 21:00:00",9.23,39.28,7.5
"2023-05-20 22:00:00",8.32,32.4,6.5
"2023-05-20 23:00:00",4.99,29.58,7.5
"2023-05-21 00:00:00",3.77,35.03,5
"2023-05-21 01:00:00",3.47,34.5,1.5
"2023-05-21 02:00:00",4.01,29.53,0.5
"2023-05-21 03:00:00",3.19,28.3,1.75
"2023-05-21 04:00:00",2.83,27.28,0.75
"2023-05-21 04:01:00",,,
"2023-05-21 05:00:00",2.64,25.23
"2023-05-21 05:01:00",,,
"2023-05-21 06:00:00",2.78,21.49,-0.25
"2023-05-21 07:00:00",3.4,20.85,-1
"2023-05-21 08:00:00",4.27,19.86,-1
"2023-05-21 09:00:00",4.22,24.44,-1.25
"2023-05-21 10:00:00",3.09,25.89,-2
"2023-05-21 11:00:00",4.13,26.71,-2
"2023-05-21 12:00:00",4.39,25.97,-1.25
"2023-05-21 13:00:00",4.17,32.09,1
"2023-05-21 14:00:00",4.11,20.05,0.25
"2023-05-21 15:00:00",4.77,17.27,-1.5
"2023-05-21 16:00:00",4.25,20.06,0.25
"2023-05-21 17:00:00",8.44,20.75,1
"2023-05-21 18:00:00",4.5,30.53,0.75
"2023-05-21 18:01:00",,,
"2023-05-21 19:00:00",4.53,24.13
"2023-05-21 19:01:00",,,
"2023-05-21 20:00:00",5.38,25.53,0.25
"2023-05-21 21:00:00",6.77,9.84,1.25
"2023-05-21 22:00:00",7.69,-1.96,1.75
"2023-05-21 23:00:00",4.41,10.18,0.75
"2023-05-22 00:00:00",3.34,9.02,0.25
"2023-05-22 01:00:00",4.22,4.93,1
"2023-05-22 02:00:00",3.19,5,1
"2023-05-22 03:00:00",2.86,5.33,0.75
"2023-05-22 04:00:00",2.78,8.65,-0.25
"2023-05-22 05:00:00",2.71,16.99,-0.5
"2023-05-22 06:00:00",3.6,21.13,0.75
"2023-05-22 07:00:00",7.53,24.26,-0.5
"2023-05-22 07:01:00",,,
"2023-05-22 08:00:00",6.8,29.65
"2023-05-22 08:01:00",,,
"2023-05-22 09:00:00",4.66,44.96,5.75
"2023-05-22 10:00:00",2.87,53.25,4.25
"2023-05-22 11:00:00",4.07,52.61,1.5
"2023-05-22 12:00:00",4.12,56.93,-0.25
"2023-05-22 12:01:00",,,
"2023-05-22 13:00:00",3.58,65.13
"2023-05-22 13:01:00",,,
"2023-05-22 14:00:00",3.43,64.62,3.5
"2023-05-22 15:00:00",5.17,62.79,4.5
"2023-05-22 16:00:00",5.26,62.64,3
"2023-05-22 17:00:00",5.01,62.96,3
"2023-05-22 18:00:00",4.64,62.17,3.75
"2023-05-22 19:00:00",5.53,60.46,5.75
"2023-05-22 20:00:00",6.05,52.16,4.5
"2023-05-22 21:00:00",11.93,34.32,2.75
"2023-05-22 22:00:00",5.46,38.39,2
"2023-05-22 23:00:00",3.96,35.21,1.5
"2023-05-23 00:00:00",3.8,29.34,0.25
"2023-05-23 01:00:00",3.7,22.99,1.25
"2023-05-23 02:00:00",4.14,13.36,2.25
"2023-05-23 03:00:00",3.64,13.21,2.5
"2023-05-23 04:00:00",3.46,15.35,1
"2023-05-23 05:00:00",3.64,22.66,0.5
"2023-05-23 06:00:00",5.32,25.58,-0.75
"2023-05-23 07:00:00",7.13,24.71,0.25
"2023-05-23 08:00:00",7.66,39.71,1.25
"2023-05-23 09:00:00",4.81,54.19,2.75
"2023-05-23 10:00:00",5.5,54.93,5.25
"2023-05-23 11:00:00",3.88,59.6,6
"2023-05-23 12:00:00",3.95,61.82,5
"2023-05-23 13:00:00",3.71,63.73,2.25
"2023-05-23 14:00:00",3.99,66.89,3.75
"2023-05-23 15:00:00",3.8,68.55,5.5
"2023-05-23 16:00:00",4.49,69.36,3.75
"2023-05-23 17:00:00",4.97,69.65,2.75
"2023-05-23 18:00:00",6.01,70.42,1.75
"2023-05-23 19:00:00",5.61,71.18,1
"2023-05-23 20:00:00",8.71,61.2,1
"2023-05-23 21:00:00",9.2,55.28,2
"2023-05-23 22:00:00",4.77,58.4,4.75
"2023-05-23 23:00:00",3.08,60.89,3.25
"2023-05-24 00:00:00",2.48,57.1,0.25
"2023-05-24 01:00:00",2.36,47.88,-1.5
"2023-05-24 02:00:00",2.55,39.65,0.75
"2023-05-24 03:00:00",2.81,34.77,2.75
"2023-05-24 04:00:00",3.42,30.35,2.25
"2023-05-24 05:00:00",4.18,25.75,2.75
"2023-05-24 06:00:00",7.24,24.99,1.75
"2023-05-24 07:00:00",9.9,31.23,1.25
"2023-05-24 08:00:00",7.94,64.92,2
"2023-05-24 09:00:00",5.76,71.16,3
"2023-05-24 10:00:00",4.22,68.88,6
"2023-05-24 11:00:00",3.83,66.43,5.75
"2023-05-24 12:00:00",3.51,68.39,5
"2023-05-24 13:00:00",3.61,68.62,5.25
"2023-05-24 14:00:00",3.79,66.5,5.5
"2023-05-24 15:00:00",3.74,69.61,4.75
"2023-05-24 16:00:00",4.37,69.76,6.75
"2023-05-24 17:00:00",6.11,67.95,6
"2023-05-24 18:00:00",6.24,65.93,6
"2023-05-24 19:00:00",6.46,66.13,5.5
"2023-05-24 20:00:00",7.86,56.53,3.75
"2023-05-24 21:00:00",8.74,48.53,4.5
"2023-05-24 22:00:00",6.99,47.11,8.5
"2023-05-24 23:00:00",4.83,40.45,6
"2023-05-25 00:00:00",4.26,31.37,2.25
"2023-05-25 01:00:00",3.69,27.85,0.25
"2023-05-25 02:00:00",2.89,29.87,0.75
"2023-05-25 02:01:00",,,
"2023-05-25 03:00:00",2.18,42.74
"2023-05-25 03:01:00",,,
"2023-05-25 04:00:00",2.26,40.81
"2023-05-25 05:00:00",2.76,38.7
"2023-05-25 06:00:00",5.04,39.37,-0.5
"2023-05-25 07:00:00",6.72,48.89,-2
"2023-05-25 08:00:00",6.48,51.18,-2
"2023-05-25 09:00:00",3.91,55.83,-1.75
"2023-05-25 10:00:00",3.02,59.8,-0.5
"2023-05-25 11:00:00",3.23,63.31,0.25
"2023-05-25 12:00:00",3.38,67.3,-1.75
"2023-05-25 13:00:00",3.41,68.33,-0.5
"2023-05-25 14:00:00",4.66,67.5,0.5
"2023-05-25 15:00:00",4.01,65.06,-1
"2023-05-25 16:00:00",5.43,61.55,-0.75
"2023-05-25 16:01:00",,,
"2023-05-25 17:00:00",5.03,55.44
"2023-05-25 17:01:00",,,
"2023-05-25 18:00:00",16.58,49.86
"2023-05-25 19:00:00",24.99,47.38,0.25
"2023-05-25 20:00:00",18.63,53.24,1.25
"2023-05-25 21:00:00",20.98,48.5,2.5
"2023-05-25 22:00:00",21.43,33.04,4
"2023-05-25 23:00:00",5.54,28.54,3.5
"2023-05-25 23:01:00",,,
"2023-05-26 00:00:00",3.99,30.94
"2023-05-26 00:01:00",,,
"2023-05-26 01:00:00",3.09,32.32,-6.25
"2023-05-26 02:00:00",2.77,31.7,-5.25
"2023-05-26 02:01:00",,,
"2023-05-26 03:00:00",2.54,30.26
"2023-05-26 03:01:00",,,
"2023-05-26 04:00:00",2.8,26.76,-0.25
"2023-05-26 05:00:00",3.12,23.55,-1
"2023-05-26 06:00:00",5.36,24.28,-0.5
"2023-05-26 07:00:00",4.96,30.23,1
"2023-05-26 08:00:00",6.19,32.5,0.75
"2023-05-26 09:00:00",5.82,41.16,3.75
"2023-05-26 10:00:00",5.11,64.23,13.25
"2023-05-26 11:00:00",4.04,68.52,7.25
"2023-05-26 12:00:00",3.71,65.2,4.5
"2023-05-26 13:00:00",5.04,65.79,2.75
"2023-05-26 14:00:00",6.87,62.36,2.5
"2023-05-26 15:00:00",6.9,67.08,4.5
"2023-05-26 16:00:00",7.75,71.59,5.75
"2023-05-26 17:00:00",5.74,75.64,4.75
"2023-05-26 18:00:00",7.12,78.34,3.75
"2023-05-26 19:00:00",6.65,79.8,3.5
"2023-05-26 20:00:00",7.16,70.99,5
"2023-05-26 21:00:00",8.02,65.7,4.75
"2023-05-26 22:00:00",7.82,57.58,4.25
"2023-05-26 23:00:00",12.06,39.97,5
"2023-05-27 00:00:00",11.31,24.95,4.25
"2023-05-27 01:00:00",14.1,10.01,1.25
"2023-05-27 01:01:00",,,
"2023-05-27 02:00:00",12.23,10.75
"2023-05-27 02:01:00",,,
"2023-05-27 03:00:00",10.46,6.1,3.5
"2023-05-27 04:00:00",11.34,0,4.25
"2023-05-27 05:00:00",9.68,-0.8,1.75
"2023-05-27 06:00:00",8.07,4.03,1.5
"2023-05-27 07:00:00",8.75,10.82,2.75
"2023-05-27 08:00:00",10.47,21.91,1.5
"2023-05-27 09:00:00",8.11,57.31,0.5
"2023-05-27 10:00:00",4.54,76.36,2
"2023-05-27 11:00:00",3.57,82.31,2
"2023-05-27 12:00:00",2.82,70.82,2
"2023-05-27 13:00:00",3.75,58.11,2
"2023-05-27 14:00:00",3.77,54.42,1.75
"2023-05-27 15:00:00",4.82,58.82,0.75
"2023-05-27 16:00:00",6.58,71.86,1.5
"2023-05-27 17:00:00",5.92,75.43,6
"2023-05-27 18:00:00",5.12,77.5,5.75
"2023-05-27 19:00:00",6.14,75.95,5.25
"2023-05-27 20:00:00",6.39,73.74,6
"2023-05-27 21:00:00",9.65,63.79,6
"2023-05-27 22:00:00",8.64,34.6,5.75
"2023-05-27 23:00:00",6.96,20.67,4.25
"2023-05-28 00:00:00",5.08,18.66,1.5
"2023-05-28 01:00:00",4.25,16.61,-0.25
"2023-05-28 02:00:00",3.96,13.63,-0.5
"2023-05-28 03:00:00",3.05,13.99,0.75
"2023-05-28 04:00:00",3.6,13.08,-0.25
"2023-05-28 05:00:00",4.08,8.86,-1
"2023-05-28 06:00:00",3,12.38,-1.25
"2023-05-28 07:00:00",3.49,15.59,-1.5
"2023-05-28 08:00:00",3.38,21.27,0.25
"2023-05-28 09:00:00",3.45,29.85,1
"2023-05-28 10:00:00",4.17,29.62,0.75
"2023-05-28 11:00:00",4.04,28.03,0.25
"2023-05-28 12:00:00",4.71,25.78,1.5
"2023-05-28 13:00:00",4.47,33.47,3
"2023-05-28 14:00:00",4.16,41.76,3
"2023-05-28 15:00:00",5.73,33.33,3.5
"2023-05-28 16:00:00",6.17,35.21,4.75
"2023-05-28 17:00:00",5.95,46.16,3.75
"2023-05-28 18:00:00",6.92,59.93,3
"2023-05-28 19:00:00",7.38,65.75,3.5
"2023-05-28 20:00:00",7.8,59.87,5
"2023-05-28 21:00:00",8.94,52.44,4.25
"2023-05-28 22:00:00",10.64,44.83,2.75
"2023-05-28 23:00:00",10.07,28.11,5.25
"2023-05-29 00:00:00",6.83,32.61,5.25
"2023-05-29 01:00:00",6.21,36.17,2.75
"2023-05-29 02:00:00",4.93,28.93,2.25
"2023-05-29 03:00:00",6.05,20.03,3
"2023-05-29 04:00:00",6.53,16.51,2.75
"2023-05-29 05:00:00",7.01,17.15,2.25
"2023-05-29 06:00:00",9.42,8.52,3
"2023-05-29 07:00:00",15.11,13.26,2.25
"2023-05-29 08:00:00",21.54,23.63,0.5
"2023-05-29 09:00:00",11.44,44.6,3.5
"2023-05-29 10:00:00",8,54.96,7.75
"2023-05-29 11:00:00",6.66,66.68,6.75
"2023-05-29 12:00:00",5.13,71.33,6
"2023-05-29 13:00:00",5.04,71.19,5.75
"2023-05-29 14:00:00",6.09,70.8,5.25
"2023-05-29 15:00:00",7.22,71.32,6
"2023-05-29 16:00:00",9.99,65.16,6.25
"2023-05-29 17:00:00",7.91,67.43,6.25
"2023-05-29 18:00:00",6.17,70.84,4
"2023-05-29 19:00:00",5.88,83.16,4
"2023-05-29 20:00:00",6.7,78.09,4.5
"2023-05-29 21:00:00",8.2,70.92,5.75
"2023-05-29 22:00:00",14.31,55.05,4.5
"2023-05-29 23:00:00",9.31,59.45,3.25
"2023-05-30 00:00:00",8.18,52.25,4
"2023-05-30 01:00:00",11.34,30.95,4
"2023-05-30 02:00:00",10.56,26.52,4.5
"2023-05-30 03:00:00",8.05,24.73,6
"2023-05-30 04:00:00",8.24,16.23,5.75
"2023-05-30 05:00:00",7.61,20.15,5
"2023-05-30 06:00:00",9.92,44.55,4.5
"2023-05-30 07:00:00",17.75,39.09,2.5
"2023-05-30 08:00:00",17.24,51.05,2
"2023-05-30 09:00:00",13.67,58.23,5.25
"2023-05-30 10:00:00",8.45,66.87,5.25
"2023-05-30 11:00:00",6.93,71.81,3.25
"2023-05-30 12:00:00",6.77,76.04,3.75
"2023-05-30 13:00:00",6.78,80.96,3
"2023-05-30 14:00:00",7.97,81.46,3
"2023-05-30 15:00:00",7.63,79.14,3.75
"2023-05-30 16:00:00",7.66,83.46,6
"2023-05-30 17:00:00",8.72,86.09,5.75
"2023-05-30 18:00:00",7.69,79.68,4.5
"2023-05-30 19:00:00",5.82,81.38,3.5
"2023-05-30 20:00:00",6.25,80.07,5.75
"2023-05-30 21:00:00",14.81,66.66,7.75
"2023-05-30 22:00:00",18.92,42.48,7.25
"2023-05-30 23:00:00",18.73,26.95,8
"2023-05-31 00:00:00",17.33,19.5,7.75
"2023-05-31 01:00:00",16.34,5.11,6.5
"2023-05-31 02:00:00",13.88,4.19,5.5
"2023-05-31 03:00:00",12.78,-0.38,6.75
"2023-05-31 04:00:00",10.86,-2.22,6
"2023-05-31 05:00:00",10.64,-3.02,5.75
"2023-05-31 06:00:00",11.32,4.71,5
"2023-05-31 07:00:00",10.12,40.17,5.25
"2023-05-31 08:00:00",11.98,52.14,6.5
"2023-05-31 09:00:00",7.86,69.55,7.5
"2023-05-31 10:00:00",5.77,74.04,5.25
"2023-05-31 11:00:00",6.89,71.28,3.5
"2023-05-31 12:00:00",7.17,70.54,5.5
"2023-05-31 13:00:00",6.9,71.81,7.25
"2023-05-31 14:00:00",6.35,69.93,8
"2023-05-31 15:00:00",7.48,68.23,7.75
"2023-05-31 16:00:00",6.36,67.88,6.25
"2023-05-31 17:00:00",7.28,70.71,3.5
"2023-05-31 18:00:00",7.31,73.69,3.25
"2023-05-31 19:00:00",5.78,75,7.25
"2023-05-31 20:00:00",6.91,76.67,8
"2023-05-31 21:00:00",7.69,72.72,7.5
"2023-05-31 22:00:00",10.67,70.88,6
"2023-05-31 23:00:00",9.73,56.79,5.75
"2023-06-01 00:00:00",8.93,47.59,5
"2023-06-01 01:00:00",12.38,21.25,5.5
"2023-06-01 02:00:00",10.1,20.73,6.5
"2023-06-01 03:00:00",11.72,6.96,4.75
"2023-06-01 04:00:00",10.04,2.46,4.5
"2023-06-01 05:00:00",12.4,-2.5,5.5
"2023-06-01 06:00:00",12.54,3.27,4.25
"2023-06-01 07:00:00",16.53,12.55,5.5
"2023-06-01 08:00:00",11.75,47.14,6
"2023-06-01 09:00:00",8.34,55.69,3.75
"2023-06-01 10:00:00",9.58,63.73,14.75
"2023-06-01 11:00:00",8.52,70.03,31.5
"2023-06-01 12:00:00",7.85,70.85,3.25
"2023-06-01 13:00:00",9.49,67.84,5
"2023-06-01 14:00:00",9.77,69.1,8
"2023-06-01 15:00:00",11.48,69.84,8.5
"2023-06-01 16:00:00",12.94,70.39,9.75
"2023-06-01 17:00:00",10.58,76.04,8.5
"2023-06-01 18:00:00",8.53,86.58,8
"2023-06-01 19:00:00",10.83,86.87,11
"2023-06-01 20:00:00",12,86.04,11
"2023-06-01 21:00:00",12.56,80.25,11
"2023-06-01 22:00:00",12.97,77.29,10.25
"2023-06-01 23:00:00",14,61.06,8
"2023-06-02 00:00:00",11.37,53.42,7.75
"2023-06-02 01:00:00",12.27,27.49,7
"2023-06-02 02:00:00",11.94,13.77,8.5
"2023-06-02 03:00:00",12.23,1.94,12
"2023-06-02 04:00:00",11.47,3.59,8.25
"2023-06-02 05:00:00",11.9,-1.36,6
"2023-06-02 06:00:00",13.57,-4.88,6
"2023-06-02 07:00:00",22.99,5.56,6
"2023-06-02 08:00:00",19.52,40.91,5.5
"2023-06-02 09:00:00",12.39,48.15,4
"2023-06-02 10:00:00",11.79,49.3,5.25
"2023-06-02 11:00:00",8.72,54.49,9
"2023-06-02 12:00:00",8.82,56.35,8.75
"2023-06-02 13:00:00",8.09,61.65,7.5
"2023-06-02 14:00:00",7.9,63.61,6
"2023-06-02 15:00:00",7.12,68.18,7
"2023-06-02 16:00:00",7.57,70.02,9.75
"2023-06-02 17:00:00",7.54,70.61,8.25
"2023-06-02 18:00:00",7.77,68.59,6.75
"2023-06-02 19:00:00",8.81,66.52,8.5
"2023-06-02 20:00:00",9.18,67.05,7.75
"2023-06-02 21:00:00",9.39,58.72,9
"2023-06-02 22:00:00",9.16,55.5,5.75
"2023-06-02 23:00:00",9.25,53.36,4.5
"2023-06-03 00:00:00",12.53,33.49,4.75
"2023-06-03 01:00:00",12.45,14.26,9.75
"2023-06-03 02:00:00",12.02,6.99,9
"2023-06-03 03:00:00",12.61,-1.23,8.75
"2023-06-03 04:00:00",11.33,-3,8.25
"2023-06-03 05:00:00",9.37,-2.63,8.25
"2023-06-03 06:00:00",7.06,-0.24,5.25
"2023-06-03 07:00:00",9.48,-3.16,3.5
"2023-06-03 08:00:00",13.4,-1.33,5
"2023-06-03 09:00:00",15.28,26.21,5
"2023-06-03 10:00:00",10.34,60.26,4.75
"2023-06-03 11:00:00",7.82,79.05,3.75
"2023-06-03 12:00:00",7.58,81.67,3.5
"2023-06-03 13:00:00",7.51,85.57,4.5
"2023-06-03 14:00:00",6.81,90.51,3.25
"2023-06-03 15:00:00",7.48,94.29,4.75
"2023-06-03 16:00:00",7.87,91.52,6.5
"2023-06-03 17:00:00",9.14,87.87,4.75
"2023-06-03 18:00:00",6.26,91.85,4
"2023-06-03 19:00:00",4.29,93.98,3.75
"2023-06-03 20:00:00",5.09,89.99,2.75
"2023-06-03 21:00:00",10.53,76.8,2.25
"2023-06-03 22:00:00",15.96,54.66,2.5
"2023-06-03 23:00:00",24.97,31.18,1.25
"2023-06-04 00:00:00",23.37,20.87,3
"2023-06-04 01:00:00",17.82,17.76,5.5
"2023-06-04 02:00:00",15.92,10.31,3.75
"2023-06-04 03:00:00",15.46,0.81,3
"2023-06-04 04:00:00",13.64,0.62,2.75
"2023-06-04 05:00:00",9.57,3.75,2
"2023-06-04 06:00:00",7.66,10.26,2
"2023-06-04 07:00:00",10.97,13.55,2.25
"2023-06-04 08:00:00",15.74,21.3,3.75
"2023-06-04 09:00:00",7.77,70.34,5.75
"2023-06-04 10:00:00",5.32,77.7,5
"2023-06-04 11:00:00",4.47,83.86,4.75
"2023-06-04 12:00:00",4.75,88.55,3.5
"2023-06-04 13:00:00",4.65,90.68,2.25
"2023-06-04 14:00:00",4.42,92.39,3
"2023-06-04 15:00:00",3.73,92.53,3.75
"2023-06-04 16:00:00",3.76,93.39,5.5
"2023-06-04 17:00:00",4.13,93.17,3.25
"2023-06-04 18:00:00",4.71,90.69,0.5
"2023-06-04 19:00:00",4.63,85.49,-0.25
"2023-06-04 20:00:00",7.32,81.55,2.25
"2023-06-04 21:00:00",6.26,78.25,2.75
"2023-06-04 22:00:00",9.98,62.16,2.25
"2023-06-04 23:00:00",19.73,41.62,2.75
"2023-06-05 00:00:00",15.63,36.2,3.25
"2023-06-05 01:00:00",15.04,18.66,7.25
"2023-06-05 02:00:00",13.97,14.13,7.75
"2023-06-05 03:00:00",11.78,13.29,6.75
"2023-06-05 04:00:00",10.06,11.65,5.25
"2023-06-05 05:00:00",8.09,8.73,2.75
"2023-06-05 06:00:00",7.61,7.14,2.25
"2023-06-05 07:00:00",7.92,17.37,3
"2023-06-05 08:00:00",15.3,21.72,2.5
"2023-06-05 09:00:00",15.8,53.17,1.75
"2023-06-05 10:00:00",7.83,74.67,4.5
"2023-06-05 11:00:00",5.12,81.7,6
"2023-06-05 12:00:00",5.97,87.67,5.75
"2023-06-05 13:00:00",5.22,93.08,4.75
"2023-06-05 14:00:00",6.18,99.53,4.5
"2023-06-05 15:00:00",5.44,96.97,6.25
"2023-06-05 16:00:00",5.01,90.65,6.5
"2023-06-05 17:00:00",6.64,78.59,4.5
"2023-06-05 18:00:00",7.35,74.89,3.25
"2023-06-05 19:00:00",8,71.2,3.5
"2023-06-05 20:00:00",8.37,73.23,2
"2023-06-05 21:00:00",11.51,66.69,2.5
"2023-06-05 22:00:00",7.86,66.93,3.75
"2023-06-05 23:00:00",11.43,42.11,3.25
"2023-06-06 00:00:00",14.56,21.03,4.5
"2023-06-06 01:00:00",11.1,18.02,5.75
"2023-06-06 02:00:00",9.69,11.17,5.25
"2023-06-06 03:00:00",8.18,5.52,6
"2023-06-06 04:00:00",8.88,0.48,6
"2023-06-06 05:00:00",8.1,-0.51,5.5
"2023-06-06 06:00:00",8.67,2.99,4
"2023-06-06 07:00:00",17.95,11.42,4.75
"2023-06-06 08:00:00",17.38,49.58,7.25
"2023-06-06 09:00:00",12.77,62.89,8
"2023-06-06 10:00:00",10.01,70.35,7.75
"2023-06-06 11:00:00",8.17,75.12,6.75
"2023-06-06 12:00:00",7.52,75.33,6.75
"2023-06-06 13:00:00",6.57,77.26,8.5
"2023-06-06 14:00:00",6.07,75.55,6.5
"2023-06-06 15:00:00",6.18,72.43,6
"2023-06-06 16:00:00",6.83,74.93,8.5
"2023-06-06 17:00:00",6.31,72.98,6
"2023-06-06 18:00:00",6,71.98,2.75
"2023-06-06 19:00:00",5.42,71.56,2.25
"2023-06-06 20:00:00",5.68,69.74,3
"2023-06-06 21:00:00",7.9,63.27,3
"2023-06-06 22:00:00",8.37,61.07,2.75
"2023-06-06 23:00:00",8.07,53.31,2.5
"2023-06-07 00:00:00",5.74,51.02,4.25
"2023-06-07 01:00:00",4.26,48.46,4.75
"2023-06-07 02:00:00",4.08,52.23,4.25
"2023-06-07 03:00:00",4.14,49.52,5
"2023-06-07 04:00:00",4.58,48.02,6.25
"2023-06-07 05:00:00",6.01,39.77,9.25
"2023-06-07 06:00:00",9.21,37.37,6.25
"2023-06-07 07:00:00",15.67,32.48,3.75
"2023-06-07 08:00:00",20.04,36.94,3.25
"2023-06-07 09:00:00",10.04,52.69,4.5
"2023-06-07 10:00:00",12.03,53.87,5.75
"2023-06-07 11:00:00",12.41,52.12,5.75
"2023-06-07 12:00:00",8.69,60.01,7.25
"2023-06-07 13:00:00",7.28,62.24,4.75
"2023-06-07 14:00:00",6.53,68.62,4.75
"2023-06-07 15:00:00",8.56,69.03,7
"2023-06-07 16:00:00",7.36,71.77,6.75
"2023-06-07 17:00:00",8.11,71.19,6.5
"2023-06-07 18:00:00",9.51,71.58,8
"2023-06-07 19:00:00",10.14,67.48,7.5
"2023-06-07 20:00:00",12.78,65.21,6.75
"2023-06-07 21:00:00",11.54,68.58,9.5
"2023-06-07 22:00:00",15.74,58.73,10.25
"2023-06-07 23:00:00",9.46,64.23,7.75
"2023-06-08 00:00:00",6.55,63.33,7
"2023-06-08 01:00:00",6.39,59.62,6.5
"2023-06-08 02:00:00",4.72,68.19,4.5
"2023-06-08 03:00:00",5.5,63.65,3.25
"2023-06-08 04:00:00",6.94,57.21,4.25
"2023-06-08 05:00:00",11.35,66.23,5.5
"2023-06-08 06:00:00",19.68,59.9,7.75
"2023-06-08 07:00:00",18.46,60.42,9.5
"2023-06-08 08:00:00",19.58,60.62,7.75
"2023-06-08 09:00:00",17.5,72.27,7
"2023-06-08 10:00:00",14.43,85.44,7.5
"2023-06-08 11:00:00",12.52,97.98,8.75
"2023-06-08 12:00:00",11.72,98.62,8
"2023-06-08 13:00:00",8.5,97.67,7.25
"2023-06-08 14:00:00",9.65,100.06,5.75
"2023-06-08 15:00:00",12.36,96.23,7.75
"2023-06-08 16:00:00",14.67,92.43,6
"2023-06-08 17:00:00",14.57,94.15,3.75
"2023-06-08 18:00:00",12.9,99.02,6
"2023-06-08 19:00:00",13.07,102.16,7.75
"2023-06-08 20:00:00",13.05,104.03,12.75
"2023-06-08 21:00:00",15.58,96.43,11.5
"2023-06-08 22:00:00",17.43,90.55,10
"2023-06-08 23:00:00",14.85,90.93,10
"2023-06-09 00:00:00",13.74,88.41,9.5
"2023-06-09 01:00:00",11.46,91.42,9.75
"2023-06-09 02:00:00",7.76,92.73,13.5
"2023-06-09 03:00:00",9.73,85.66,9.25
"2023-06-09 04:00:00",10.5,83.3,10
"2023-06-09 05:00:00",15.8,70.63,10
"2023-06-09 06:00:00",17.62,61.71,8.75
"2023-06-09 07:00:00",18.72,51.86,4.5
"2023-06-09 08:00:00",19.99,49.77,4.5
"2023-06-09 09:00:00",17.34,57.02,8.5
"2023-06-09 10:00:00",10.78,71.47,7
"2023-06-09 11:00:00",10.12,74.74,7.25
"2023-06-09 12:00:00",9.65,78.75,7.5
"2023-06-09 13:00:00",7.93,82.79,6
"2023-06-09 14:00:00",9.46,86.4,6.25
"2023-06-09 15:00:00",10.4,89.97,7.25
"2023-06-09 16:00:00",10.54,92.51,8.25
"2023-06-09 17:00:00",9.39,96.37,8.75
"2023-06-09 18:00:00",9.02,99.75,7.75
"2023-06-09 19:00:00",9.24,104.35,7.5
"2023-06-09 20:00:00",11.91,100.67,8.75
"2023-06-09 21:00:00",10.52,99.68,8.75
"2023-06-09 22:00:00",12.34,93.7,10.5
"2023-06-09 23:00:00",18.11,74.21,9.5
"2023-06-10 00:00:00",11.28,68.97,11
"2023-06-10 01:00:00",8.36,57.17,10.25
"2023-06-10 02:00:00",8.74,47.6,8.25
"2023-06-10 03:00:00",5.88,67.86,9
"2023-06-10 04:00:00",7.54,84.55,9
"2023-06-10 05:00:00",11.01,76.09,9.5
"2023-06-10 06:00:00",8.33,83.23,11.25
"2023-06-10 07:00:00",9.2,83.18,12
"2023-06-10 08:00:00",9.1,82.51,13.25
"2023-06-10 09:00:00",9.5,77.95,16
"2023-06-10 10:00:00",11.67,74.8,13.5
"2023-06-10 11:00:00",16.02,70.99,14.25
"2023-06-10 12:00:00",14.1,74.55,12.75
"2023-06-10 13:00:00",14.07,65.9,12.75
"2023-06-10 14:00:00",11.11,66.58,7
"2023-06-10 15:00:00",6.7,66.86,9.75
"2023-06-10 16:00:00",6.74,64.19,8
"2023-06-10 17:00:00",8.79,56.85,5.25
"2023-06-10 18:00:00",6.61,54.31,5.75
"2023-06-10 19:00:00",6.68,50.67,5
"2023-06-10 20:00:00",6.77,44.37,4.75
"2023-06-10 21:00:00",5.49,45.35,3.75
"2023-06-10 22:00:00",5.9,38.42,2.75
"2023-06-10 23:00:00",7.66,36.42,2.25
"2023-06-11 00:00:00",5.86,38.48,4
"2023-06-11 01:00:00",5.11,39.92,6.5
"2023-06-11 02:00:00",4.49,42.48,4.75
"2023-06-11 03:00:00",4.14,41.65,4
"2023-06-11 04:00:00",3.33,46.96,3.25
"2023-06-11 05:00:00",2.89,60.64,0.75
"2023-06-11 05:01:00",,,
"2023-06-11 06:00:00",3.04,61.4
"2023-06-11 06:01:00",,,
"2023-06-11 07:00:00",3.86,60.38,-0.5
"2023-06-11 08:00:00",3.77,62.49,-2
"2023-06-11 09:00:00",3.23,62.81,-2
"2023-06-11 10:00:00",3.65,58.52,-2.5
"2023-06-11 11:00:00",3.68,59.61,-3.75
"2023-06-11 12:00:00",4.01,60.75,-1.75
"2023-06-11 13:00:00",3.26,62.58,2
"2023-06-11 14:00:00",3.68,59.83,1.5
"2023-06-11 15:00:00",4.14,62.3,-0.25
"2023-06-11 16:00:00",3.92,61.31,-0.75
"2023-06-11 17:00:00",4.38,58.24,0.25
"2023-06-11 18:00:00",3.97,59.93,0.25
"2023-06-11 19:00:00",4.57,59.12,-1.75
"2023-06-11 20:00:00",4.41,57.34,-0.5
"2023-06-11 21:00:00",5.53,46.01,1.25
"2023-06-11 22:00:00",8.47,26.92,2
"2023-06-11 23:00:00",6.36,32.29,1.5
"2023-06-12 00:00:00",5.36,28.78,-0.25
"2023-06-12 01:00:00",3.74,40.49,-1
"2023-06-12 02:00:00",4,29.8,-1
"2023-06-12 03:00:00",3.44,39.28,-1
"2023-06-12 04:00:00",3.45,43.78,-0.5
"2023-06-12 05:00:00",3.24,47.88,1.5
"2023-06-12 06:00:00",4.71,47.19,3.75
"2023-06-12 07:00:00",6.97,41.05,5.5
"2023-06-12 08:00:00",9.05,43.83,4
"2023-06-12 09:00:00",5.32,48.43,3.5
"2023-06-12 10:00:00",4.97,51.14,2
"2023-06-12 11:00:00",6.08,54.57,1.75
"2023-06-12 12:00:00",4.78,54.69,1
"2023-06-12 13:00:00",4.4,55.27,1
"2023-06-12 14:00:00",4.02,59.9,0.5
"2023-06-12 15:00:00",5.01,58.18,-1
"2023-06-12 16:00:00",7.66,55.89,-1.25
"2023-06-12 17:00:00",11.76,46.43,-1.75
"2023-06-12 18:00:00",8.63,52.3,-0.25
"2023-06-12 19:00:00",6.13,50.62,2.25
"2023-06-12 20:00:00",7.25,48.77,2.75
"2023-06-12 21:00:00",7.7,42.8,2
"2023-06-12 22:00:00",6.83,37.46,1.75
"2023-06-12 23:00:00",5.74,37.77,0.75
"2023-06-12 23:01:00",,,
"2023-06-13 00:00:00",4.63,43.57
"2023-06-13 00:01:00",,,
"2023-06-13 01:00:00",4.14,41.95,0.5
"2023-06-13 02:00:00",4.51,40.79,2.25
"2023-06-13 03:00:00",3.81,36.42,2.5
"2023-06-13 04:00:00",3.8,33.07,1.5
"2023-06-13 05:00:00",3.73,25.69,2.75
"2023-06-13 06:00:00",5.02,25.14,1.5
"2023-06-13 07:00:00",7.83,24.13,0.75
"2023-06-13 08:00:00",9.09,25.64,3.25
"2023-06-13 09:00:00",7.43,30.83,4.25
"2023-06-13 10:00:00",7.41,60.5,6.5
"2023-06-13 11:00:00",9.03,52.93,10.25
"2023-06-13 12:00:00",9.9,56.7,8.25
"2023-06-13 13:00:00",7.06,85.12,9
"2023-06-13 14:00:00",6.41,105.65,9.5
"2023-06-13 15:00:00",7.01,112.3,12
"2023-06-13 16:00:00",11.39,120.92,14
"2023-06-13 17:00:00",10.12,113.79,11.5
"2023-06-13 18:00:00",8.32,113.27,12.25
"2023-06-13 19:00:00",10.24,111.59,11
"2023-06-13 20:00:00",15.28,98.74,13.75
"2023-06-13 21:00:00",15.37,81.36,13.5
"2023-06-13 22:00:00",7.19,81.68,14
"2023-06-13 23:00:00",11.72,64.52,10.75
"2023-06-14 00:00:00",10.76,52.78,9.75
"2023-06-14 01:00:00",10.82,36.5,9
"2023-06-14 02:00:00",9.88,24.91,11.25
"2023-06-14 03:00:00",11.15,7.29,16.5
"2023-06-14 04:00:00",10.46,4.27,11.75
"2023-06-14 05:00:00",14.01,-5.48,11.75
"2023-06-14 06:00:00",14.45,-6.3,13.25
"2023-06-14 07:00:00",14.56,2.31,11
"2023-06-14 08:00:00",18.17,-1.12,12.25
"2023-06-14 09:00:00",22.91,41.18,16
"2023-06-14 10:00:00",25.2,62.51,16.5
"2023-06-14 11:00:00",19.69,79.2,17.5
"2023-06-14 12:00:00",11.81,103.25,14.5
"2023-06-14 13:00:00",10.07,116.27,10.5
"2023-06-14 14:00:00",10.77,113.88,11.75
"2023-06-14 15:00:00",11.7,116.78,12
"2023-06-14 16:00:00",10.47,122.81,13.75
"2023-06-14 17:00:00",12.36,115.84,9.75
"2023-06-14 18:00:00",10.88,98.09,9.5
"2023-06-14 19:00:00",7.69,87.43,10
"2023-06-14 20:00:00",7.59,71.49,6.25
"2023-06-14 21:00:00",7.24,50.84,3.5
"2023-06-14 22:00:00",5.73,46.31,1.5
"2023-06-14 23:00:00",5.27,40.35,-0.25
"2023-06-15 00:00:00",4.72,35.23,-0.75
"2023-06-15 01:00:00",4.35,40.55,0.25
"2023-06-15 02:00:00",4.15,34.99,0.5
"2023-06-15 03:00:00",6.42,27.01,-0.75
"2023-06-15 04:00:00",5.72,32.06,0.5
"2023-06-15 05:00:00",5.82,28.76,1.5
"2023-06-15 06:00:00",4.71,27.33,-0.25
"2023-06-15 07:00:00",11.27,27.52,-0.5
"2023-06-15 08:00:00",8.8,40.09,1.25
"2023-06-15 09:00:00",6.98,61.68,2.5
"2023-06-15 10:00:00",7.35,55.5,3.75
"2023-06-15 11:00:00",5.61,65.09,4
"2023-06-15 12:00:00",5.12,73.72,6.75
"2023-06-15 13:00:00",4.99,73.39,5.5
"2023-06-15 14:00:00",4.9,68.16,4
"2023-06-15 15:00:00",4.15,60.67,3.5
"2023-06-15 16:00:00",3.67,57.13,1.5
"2023-06-15 16:01:00",,,
"2023-06-15 17:00:00",3.01,58.22
"2023-06-15 17:01:00",,,
"2023-06-15 18:00:00",3.29,55.87,-0.5
"2023-06-15 19:00:00",4.02,57.02,-1.75
"2023-06-15 20:00:00",3.74,54.5,-0.5
"2023-06-15 21:00:00",3.72,53.1,0.75
"2023-06-15 21:01:00",,,
"2023-06-15 22:00:00",3.29,46.26
"2023-06-15 22:01:00",,,
"2023-06-15 23:00:00",4.02,37.73,-0.25
"2023-06-16 00:00:00",4.14,38.26,-0.75
"2023-06-16 01:00:00",4.53,35.59,0.25
"2023-06-16 02:00:00",4.03,36.72,0.75
"2023-06-16 03:00:00",6.52,31.23,0.5
"2023-06-16 04:00:00",9.42,28.79,2
"2023-06-16 05:00:00",9.33,29.43,2
"2023-06-16 06:00:00",7.37,37.41,1.75
"2023-06-16 07:00:00",9.92,37.63,1
"2023-06-16 08:00:00",10.58,39.62,1.25
"2023-06-16 09:00:00",6.94,43.01,1.75
"2023-06-16 09:01:00",,,
"2023-06-16 10:00:00",4.68,35.42
"2023-06-16 10:01:00",,,
"2023-06-16 11:00:00",5.58,30.78,-3.25
"2023-06-16 12:00:00",5.78,32.14,-2.75
"2023-06-16 13:00:00",5.25,32.62,1
"2023-06-16 14:00:00",6.26,32.65,1.75
"2023-06-16 15:00:00",6.36,32.55,3.75
"2023-06-16 16:00:00",7.61,26.52,2
"2023-06-16 17:00:00",7.02,32.38,-0.75
"2023-06-16 18:00:00",7.19,31.76,0.5
"2023-06-16 19:00:00",8.01,31.94,2
"2023-06-16 20:00:00",8.54,28.51,2
"2023-06-16 21:00:00",8.42,20.77,1.75
"2023-06-16 21:01:00",,,
"2023-06-16 22:00:00",6.71,15.91
"2023-06-16 22:01:00",,,
"2023-06-16 23:00:00",6.01,11.76,-2.75
"2023-06-17 00:00:00",6.1,9.74,-1.25
"2023-06-17 01:00:00",7.82,8.8,2
"2023-06-17 02:00:00",8.67,8.27,4.75
"2023-06-17 03:00:00",6.92,14.7,3.25
"2023-06-17 04:00:00",8.79,12.56,1
"2023-06-17 05:00:00",6.37,23.96,0.75
"2023-06-17 06:00:00",7.86,17.47,0.25
"2023-06-17 07:00:00",12.4,22.26,1.25
"2023-06-17 08:00:00",9.33,25.63,2
"2023-06-17 09:00:00",7,34.03,1.5
"2023-06-17 10:00:00",6.53,31.35,-0.5
"2023-06-17 11:00:00",3.61,40.18,-1.75
"2023-06-17 12:00:00",3.72,40.67,-0.75
"2023-06-17 12:01:00",,,
"2023-06-17 13:00:00",4.11,44.95
"2023-06-17 13:01:00",,,
"2023-06-17 14:00:00",4.65,42.89,0.75
"2023-06-17 15:00:00",3,44.5,3
"2023-06-17 16:00:00",3.37,45.83,2.75
"2023-06-17 17:00:00",2.56,47.46,2
"2023-06-17 18:00:00",3.08,50.25,2.5
"2023-06-17 19:00:00",3.47,52.31,4
"2023-06-17 20:00:00",2.9,53.41,4.5
"2023-06-17 21:00:00",3.88,46.36,6
"2023-06-17 22:00:00",5.05,39.43,6.75
"2023-06-17 23:00:00",5.13,32.81,8
"2023-06-18 00:00:00",4.49,28.19,4.75
"2023-06-18 01:00:00",3.35,35.64,4.25
"2023-06-18 02:00:00",2.66,34.63,4.5
"2023-06-18 03:00:00",3.3,29.35,3
"2023-06-18 04:00:00",3.97,20.45,2.75
"2023-06-18 05:00:00",3.47,18.03,2.75
"2023-06-18 06:00:00",3.18,28.72,4.75
"2023-06-18 07:00:00",3.49,34.05,3.75
"2023-06-18 08:00:00",2.46,41.91,3.75
"2023-06-18 09:00:00",2.26,48.65,5.5
"2023-06-18 10:00:00",2.57,51.82,4
"2023-06-18 11:00:00",2.45,54.22,3.75
"2023-06-18 12:00:00",2.41,56.05,4.25
"2023-06-18 13:00:00",2.59,56.32,7.25
"2023-06-18 14:00:00",2.19,61.49,4.25
"2023-06-18 15:00:00",2.03,61.87,1.5
"2023-06-18 15:01:00",,,
"2023-06-18 16:00:00",2.4,59.38
"2023-06-18 16:01:00",,,
"2023-06-18 17:00:00",2.71,60.61,0.5
"2023-06-18 18:00:00",3.74,59.98,1.75
"2023-06-18 19:00:00",3.01,59.55,1.25
"2023-06-18 20:00:00",2.49,60.57,2.5
"2023-06-18 21:00:00",3.48,51.53,3.5
"2023-06-18 22:00:00",4.53,42.83,2
"2023-06-18 23:00:00",4.23,32.25,1.5
"2023-06-19 00:00:00",4.42,27.52,-0.75
"2023-06-19 01:00:00",4.45,17.71,-2.75
"2023-06-19 02:00:00",6.03,8.88,-1.75
"2023-06-19 03:00:00",5.51,8.31,-1.5
"2023-06-19 04:00:00",5.55,5.52,-3.25
"2023-06-19 05:00:00",11.94,-4.14,-3.25
"2023-06-19 06:00:00",8.5,9.21,-1
"2023-06-19 07:00:00",7.57,39.22,-1.25
"2023-06-19 08:00:00",7.03,55.17,-1.25
"2023-06-19 09:00:00",4.24,60.5,1.5
"2023-06-19 10:00:00",5.39,56.99,2.25
"2023-06-19 10:01:00",,,
"2023-06-19 11:00:00",3.06,71.97
"2023-06-19 11:01:00",,,
"2023-06-19 12:00:00",4.03,65.75,0.25
"2023-06-19 13:00:00",3.66,70.94,0.75
"2023-06-19 14:00:00",3.23,68.54,0.25
"2023-06-19 15:00:00",2.68,68.7,0.75
"2023-06-19 16:00:00",2.17,67.25,0.25
"2023-06-19 17:00:00",2.32,68.27,1.75
"2023-06-19 18:00:00",2.35,67.02,3.5
"2023-06-19 19:00:00",2.97,70.77,2
"2023-06-19 20:00:00",2.99,69.63,2
"2023-06-19 21:00:00",3.46,61.83,2
"2023-06-19 22:00:00",4.26,46.87,1.75
"2023-06-19 23:00:00",4.6,36.95,1.25
"2023-06-20 00:00:00",4.57,28.89,2.25
"2023-06-20 01:00:00",4.04,24.25,3.25
"2023-06-20 02:00:00",5.37,21.82,4
"2023-06-20 03:00:00",5.27,15.2,3.25
"2023-06-20 04:00:00",4.6,11.51,0.5
"2023-06-20 05:00:00",7.78,13.47,-1
"2023-06-20 06:00:00",12.45,5.53,-0.5
"2023-06-20 07:00:00",13.01,28.72,0.75
"2023-06-20 07:01:00",,,
"2023-06-20 08:00:00",4.62,53.48
"2023-06-20 08:01:00",,,
"2023-06-20 09:00:00",5.71,57.24,0.25
"2023-06-20 10:00:00",4.7,58.37,0.75
"2023-06-20 10:01:00",,,
"2023-06-20 11:00:00",3.53,63.67
"2023-06-20 11:01:00",,,
"2023-06-20 12:00:00",3.55,63.35
"2023-06-20 13:00:00",4.58,62.83
"2023-06-20 14:00:00",3.92,62.09,0.25
"2023-06-20 15:00:00",4.1,62.44,1
"2023-06-20 15:01:00",,,
"2023-06-20 16:00:00",6.89,56.72
"2023-06-20 16:01:00",,,
"2023-06-20 17:00:00",8.21,51.04,-2.5
"2023-06-20 18:00:00",9.43,41.94,-0.25
"2023-06-20 19:00:00",9.22,38.56,1.75
"2023-06-20 20:00:00",7.8,33.43,0.25
"2023-06-20 21:00:00",7.78,17.97,-2.25
"2023-06-20 22:00:00",8.84,5.42,-2.75
"2023-06-20 23:00:00",9.35,-3.33,-1.75
"2023-06-21 00:00:00",7.36,-0.29,-1.25
"2023-06-21 01:00:00",6.19,-2.91,-1.5
"2023-06-21 02:00:00",6.34,-4.93,1
"2023-06-21 03:00:00",8.38,-10.65,3.25
"2023-06-21 03:01:00",,,
"2023-06-21 04:00:00",7.97,-10.6
"2023-06-21 04:01:00",,,
"2023-06-21 05:00:00",6.44,-8.66,-2
"2023-06-21 06:00:00",5.37,-7.09,1.25
"2023-06-21 07:00:00",6.42,-6.07,1
"2023-06-21 08:00:00",13.91,0.67,-2.5
"2023-06-21 09:00:00",8.82,40.36,-3
"2023-06-21 10:00:00",7.64,54.67,1.25
"2023-06-21 11:00:00",5.48,77.04,4.5
"2023-06-21 12:00:00",5.62,77.86,2.75
"2023-06-21 13:00:00",5.09,76.86,3
"2023-06-21 14:00:00",7.49,68.05,5.5
"2023-06-21 15:00:00",4.84,73.8,3
"2023-06-21 16:00:00",4.51,73.68,0.5
"2023-06-21 17:00:00",8.71,52.2,2.5
"2023-06-21 18:00:00",9.93,44.31,3.75
"2023-06-21 19:00:00",5.66,46.86,2.5
"2023-06-21 20:00:00",6.84,33.23,0.5
"2023-06-21 21:00:00",11.44,14.25,-0.5
"2023-06-21 22:00:00",11.76,3.59,1.5
"2023-06-21 23:00:00",11.48,3.46,2.75
"2023-06-22 00:00:00",11.46,-5.57,2
"2023-06-22 01:00:00",10.88,-6.68,1.75
"2023-06-22 02:00:00",7.01,-1.31,1.25
"2023-06-22 03:00:00",7.24,-7.94,2
"2023-06-22 04:00:00",6.87,-9.04,1.75
"2023-06-22 05:00:00",6.44,-9.36,0.5
"2023-06-22 06:00:00",10.25,-11.35,-1.25
"2023-06-22 07:00:00",16.72,-7.28,-1.75
"2023-06-22 07:01:00",,,
"2023-06-22 08:00:00",23.11,9.04
"2023-06-22 08:01:00",,,
"2023-06-22 09:00:00",18.76,24.19,3.25
"2023-06-22 10:00:00",4.65,54.79,3.5
"2023-06-22 11:00:00",5.32,57.97,1.5
"2023-06-22 12:00:00",3.98,64.9,0.25
"2023-06-22 13:00:00",3.74,70.37,0.75
"2023-06-22 14:00:00",4.26,74.87,-0.25
"2023-06-22 15:00:00",3.49,75.21,-1
"2023-06-22 16:00:00",2.12,77.13,-1
"2023-06-22 17:00:00",2.27,77.49,-0.5
"2023-06-22 18:00:00",2.52,75.54,0.5
"2023-06-22 19:00:00",3.94,68.66,-1
"2023-06-22 20:00:00",3.28,61.35,-0.75
"2023-06-22 21:00:00",3.22,54.15,-0.75
"2023-06-22 22:00:00",2.91,49.56,-1.75
"2023-06-22 23:00:00",2.45,50.11,2.75
"2023-06-23 00:00:00",1.81,49.65,5
"2023-06-23 00:01:00",,,
"2023-06-23 01:00:00",1.5,47.56
"2023-06-23 01:01:00",,,
"2023-06-23 02:00:00",1.67,43.61
"2023-06-23 03:00:00",1.57,40.23
"2023-06-23 04:00:00",1.02,52.08
"2023-06-23 05:00:00",2.65,49
"2023-06-23 06:00:00",3.26,40.14
"2023-06-23 07:00:00",4.42,37.67
"2023-06-23 08:00:00",6.48,33.79
"2023-06-23 09:00:00",7.09,35.27
"2023-06-23 10:00:00",8.34,36.09
"2023-06-23 11:00:00",6.35,40.32
"2023-06-23 12:00:00",6.37,42.55,-4
"2023-06-23 13:00:00",6.47,40.88,-3.25
"2023-06-23 14:00:00",4.06,43.8,-0.25
"2023-06-23 15:00:00",3.26,44.93,2.25
"2023-06-23 16:00:00",3.41,46.53,2.25
"2023-06-23 17:00:00",3.22,44.65,0.25
"2023-06-23 18:00:00",3.4,41.01,1.5
"2023-06-23 19:00:00",3.05,45.01,3.5
"2023-06-23 20:00:00",2.74,48.33,4.5
"2023-06-23 21:00:00",2.76,48.49,3.5
"2023-06-23 22:00:00",2.74,45.97,5.25
"2023-06-23 23:00:00",2.56,39.38,5.5
"2023-06-24 00:00:00",1.6,26.67,4.25
"2023-06-24 01:00:00",1.31,16.72,5
"2023-06-24 02:00:00",1.54,18.45,4
"2023-06-24 03:00:00",1.36,28.07,2
"2023-06-24 04:00:00",1.32,36.29,5
"2023-06-24 05:00:00",1.86,37.93,5.5
"2023-06-24 06:00:00",2.18,37.33,6.75
"2023-06-24 07:00:00",2.83,39.42,5.25
"2023-06-24 08:00:00",2.79,40.97,3.5
"2023-06-24 09:00:00",2.44,45.11,4.75
"2023-06-24 10:00:00",2.58,38.09,3.25
"2023-06-24 11:00:00",2.11,23.34,0.5
"2023-06-24 12:00:00",2.04,15.68,-1.25
"2023-06-24 13:00:00",2.17,19.75,-1.5
"2023-06-24 14:00:00",2.4,21.6,0.5
"2023-06-24 15:00:00",2.6,32.95,2
"2023-06-24 16:00:00",2.85,43.06,2.75
"2023-06-24 17:00:00",2.25,46.64,4
"2023-06-24 18:00:00",2.56,49.13,0.5
"2023-06-24 19:00:00",2.06,55.73,-0.25
"2023-06-24 20:00:00",2.22,63.59,1.75
"2023-06-24 21:00:00",2.92,68.59,1
"2023-06-24 22:00:00",3.32,62.68,1.75
"2023-06-24 23:00:00",2.66,64.07,3.5
"2023-06-25 00:00:00",2.19,63.5,1.25
"2023-06-25 01:00:00",1.7,65.1,-1
"2023-06-25 02:00:00",1.3,64.86,-0.5
"2023-06-25 03:00:00",1.4,62.02,0.75
"2023-06-25 04:00:00",1.77,41.64,-0.5
"2023-06-25 05:00:00",1.56,42.91,-1.5
"2023-06-25 06:00:00",1.33,46.44,0.25
"2023-06-25 07:00:00",3.44,39.86,1
"2023-06-25 08:00:00",1.55,55.66,0.5
"2023-06-25 09:00:00",1.46,66.05,-0.75
"2023-06-25 10:00:00",1.7,72.84,0.75
"2023-06-25 11:00:00",1.82,77.77,2.5
"2023-06-25 12:00:00",2.61,72.34,0.75
"2023-06-25 13:00:00",2.23,71.93,0.25
"2023-06-25 14:00:00",2.82,69.33,1
"2023-06-25 15:00:00",3.38,64.66,0.5
"2023-06-25 16:00:00",2.31,62.12,-1.5
"2023-06-25 17:00:00",1.84,61.55,-2.25
"2023-06-25 18:00:00",1.61,58.93,0.5
"2023-06-25 19:00:00",2.33,58.93,1.75
"2023-06-25 20:00:00",1.99,57.08,0.75
"2023-06-25 21:00:00",3.76,50.01,-0.5
"2023-06-25 22:00:00",3.9,36.81,-2
"2023-06-25 23:00:00",2.77,32.87,-1.25
"2023-06-26 00:00:00",3.04,28.65,1.25
"2023-06-26 01:00:00",2.32,22.33,1.25
"2023-06-26 02:00:00",2.41,18.46,-1
"2023-06-26 03:00:00",2.65,16.29,-1
"2023-06-26 04:00:00",2.33,13.77,-0.75
"2023-06-26 04:01:00",,,
"2023-06-26 05:00:00",3.26,13.88
"2023-06-26 05:01:00",,,
"2023-06-26 06:00:00",3.78,28.46
"2023-06-26 07:00:00",21.9,14.87,-0.25
"2023-06-26 08:00:00",9.79,26.73,0.25
"2023-06-26 09:00:00",5.58,38.69,4
"2023-06-26 10:00:00",6.22,47.67,3.5
"2023-06-26 11:00:00",4.75,49.92,1.75
"2023-06-26 12:00:00",3.71,53.35,1.25
"2023-06-26 13:00:00",3.88,57.74,2
"2023-06-26 14:00:00",4.26,59.51,2
"2023-06-26 15:00:00",4.79,57.09,2
"2023-06-26 16:00:00",3,59.63,2
"2023-06-26 17:00:00",3.13,60.1,1.75
"2023-06-26 18:00:00",3.02,61.03,0.75
"2023-06-26 19:00:00",4.07,59.57,0.25
"2023-06-26 20:00:00",3.86,57.15,1.25
"2023-06-26 21:00:00",4.08,56.85,2.25
"2023-06-26 22:00:00",3.29,57.09,2.75
"2023-06-26 23:00:00",2.38,57.46,2
"2023-06-27 00:00:00",1.81,58,1.75
"2023-06-27 01:00:00",1.14,58.71,0.5
"2023-06-27 02:00:00",1.45,54.24,-1
"2023-06-27 03:00:00",1.72,52.83,-1
"2023-06-27 04:00:00",1.4,55.43,0.5
"2023-06-27 05:00:00",2.2,55.67,5.25
"2023-06-27 06:00:00",2.92,53.46,6.25
"2023-06-27 07:00:00",5.18,51.38,10
"2023-06-27 08:00:00",6.18,47.27,17.5
"2023-06-27 09:00:00",5.59,43.86,11.75
"2023-06-27 10:00:00",4.13,42.19,6.75
"2023-06-27 11:00:00",4.64,39.02,2.5
"2023-06-27 12:00:00",3.69,37.85,0.75
"2023-06-27 13:00:00",4.02,40.12,0.75
"2023-06-27 14:00:00",4.83,41.56,3.25
"2023-06-27 15:00:00",3.62,38.38,3.5
"2023-06-27 16:00:00",4.03,35.8,1.75
"2023-06-27 17:00:00",4.04,33.71,0.75
"2023-06-27 17:01:00",,,
"2023-06-27 18:00:00",4.63,31.74
"2023-06-27 18:01:00",,,
"2023-06-27 19:00:00",4.37,29.48,-0.25
"2023-06-27 20:00:00",4.31,25.36,-1
"2023-06-27 21:00:00",5.28,24.62,-0.75
"2023-06-27 22:00:00",3.56,25.26,-0.25
"2023-06-27 23:00:00",2.5,24.31,-1.25
"2023-06-28 00:00:00",2,19.77,-2.25
"2023-06-28 01:00:00",2.21,17.7,-3
"2023-06-28 02:00:00",2.24,18.86,-3
"2023-06-28 03:00:00",1.53,23.87,-3
"2023-06-28 04:00:00",1.55,22.6,-2.75
"2023-06-28 05:00:00",2.3,19.61,-2.25
"2023-06-28 06:00:00",3.19,20.16,-2.5
"2023-06-28 07:00:00",5.74,18.94,-1.25
"2023-06-28 08:00:00",5.32,34.73,-2.25
"2023-06-28 09:00:00",6.72,35.43,-2.75
"2023-06-28 10:00:00",6.49,35.15,-1.5
"2023-06-28 10:01:00",,,
"2023-06-28 11:00:00",3.93,49.03
"2023-06-28 11:01:00",,,
"2023-06-28 12:00:00",3.01,63.79,-1
"2023-06-28 13:00:00",3.15,69.64,-4.25
"2023-06-28 14:00:00",2.9,60.59,-4.25
"2023-06-28 15:00:00",3.76,59.04,-1.25
"2023-06-28 16:00:00",4.55,55.1,1.25
"2023-06-28 17:00:00",3.71,53.93,1.75
"2023-06-28 18:00:00",3.28,52.14,1
"2023-06-28 19:00:00",2.25,51.43,1
"2023-06-28 20:00:00",2.89,45.48,0.5
"2023-06-28 21:00:00",4.58,33.66,-1.25
"2023-06-28 22:00:00",5.41,25.2,-1.5
"2023-06-28 23:00:00",5,21.6,-0.25
"2023-06-29 00:00:00",6.32,17.17,-1
"2023-06-29 01:00:00",3.53,17.8,-1.25
"2023-06-29 02:00:00",4.52,15.06,-1.5
"2023-06-29 02:01:00",,,
"2023-06-29 03:00:00",3.97,15.36
"2023-06-29 03:01:00",,,
"2023-06-29 04:00:00",3.1,15.56,0.25
"2023-06-29 05:00:00",3.42,17.23,1.25
"2023-06-29 06:00:00",4.92,15.19,2
"2023-06-29 07:00:00",6.71,19.15,1.75
"2023-06-29 07:01:00",,,
"2023-06-29 08:00:00",6.34,30.37
"2023-06-29 08:01:00",,,
"2023-06-29 09:00:00",4.17,43.89,-2.5
"2023-06-29 10:00:00",3.64,50.84,-0.5
"2023-06-29 11:00:00",3.44,53.82,0.75
"2023-06-29 12:00:00",3.63,53.38,-0.5
"2023-06-29 13:00:00",3.41,53.99,-1.5
"2023-06-29 14:00:00",4.15,50.66,0.5
"2023-06-29 15:00:00",4.92,47.63,2.25
"2023-06-29 16:00:00",3.57,51.2,3
"2023-06-29 17:00:00",4.06,52.72,2.5
"2023-06-29 18:00:00",4.85,50.32,1.75
"2023-06-29 19:00:00",3.95,49.13,3.75
"2023-06-29 20:00:00",4.06,48.34,3
"2023-06-29 21:00:00",4.45,40.24,3.25
"2023-06-29 22:00:00",3.65,39.7,3.5
"2023-06-29 23:00:00",2.41,44.17,1.5
"2023-06-29 23:01:00",,,
"2023-06-30 00:00:00",1.7,50.74
"2023-06-30 00:01:00",,,
"2023-06-30 01:00:00",1.82,36.26,0.25
"2023-06-30 02:00:00",2.05,25,0.75
"2023-06-30 02:01:00",,,
"2023-06-30 03:00:00",2.06,20.5
"2023-06-30 03:01:00",,,
"2023-06-30 04:00:00",1.91,19.95,-0.5
"2023-06-30 05:00:00",1.84,13.54,-2.5
"2023-06-30 06:00:00",4.02,19.19,-4
"2023-06-30 07:00:00",5.35,23.6,-4
"2023-06-30 08:00:00",7.25,24.2,-4
"2023-06-30 09:00:00",4.65,30.11,-3.5
"2023-06-30 10:00:00",5.15,27.56,-1.75
"2023-06-30 11:00:00",3.6,26.24,-1
"2023-06-30 12:00:00",6.38,25.47,-0.75
"2023-06-30 13:00:00",3.69,26.42,0.5
"2023-06-30 14:00:00",3.52,25.26,1.75
"2023-06-30 15:00:00",2.65,28.86,0.25
"2023-06-30 16:00:00",3.47,30.19,-2.5
"2023-06-30 17:00:00",2.67,32.93,-3.75
"2023-06-30 18:00:00",2.18,33.36,-3.25
"2023-06-30 19:00:00",2.68,30.21,-4
"2023-06-30 20:00:00",2.03,27.1,-4
"2023-06-30 21:00:00",1.85,27.43,-3.75
"2023-06-30 22:00:00",1.04,26.27,-2.5
"2023-06-30 23:00:00",1.09,30.96,-1
"2023-07-01 00:00:00",1.11,45.23,-1.25
"2023-07-01 01:00:00",1.09,61,-1
"2023-07-01 02:00:00",1.27,64.89,3
"2023-07-01 03:00:00",1.58,78.33,10.75
"2023-07-01 04:00:00",1.64,82.76,25
"2023-07-01 05:00:00",1.44,84.14,25.5
"2023-07-01 06:00:00",1.87,78.02,26
"2023-07-01 07:00:00",2.68,77.04,24.5
"2023-07-01 08:00:00",2.11,73.57,26.75
"2023-07-01 09:00:00",1.86,60.3,19.5
"2023-07-01 10:00:00",1.99,55.15,16.25
"2023-07-01 11:00:00",1.83,57.21,11.5
"2023-07-01 12:00:00",1.58,66.56,13.5
"2023-07-01 13:00:00",1.63,73.66,14.25
"2023-07-01 14:00:00",1.66,77.03,12.5
"2023-07-01 15:00:00",1.35,76.89,12.75
"2023-07-01 16:00:00",1.88,71.55,9.25
"2023-07-01 17:00:00",2.25,70.68,10
"2023-07-01 18:00:00",2.43,65.12,9.75
"2023-07-01 19:00:00",2.18,66.94,8.5
"2023-07-01 20:00:00",1.96,67.11,6.25
"2023-07-01 21:00:00",3.15,59.21,4.5
"2023-07-01 22:00:00",6.39,45.39,5.5
"2023-07-01 23:00:00",3.39,43.79,3.75
"2023-07-02 00:00:00",3.62,40.92,2.75
"2023-07-02 01:00:00",2.49,43.89,2.75
"2023-07-02 02:00:00",2.13,44.13,4.75
"2023-07-02 03:00:00",1.84,43.47,4.25
"2023-07-02 04:00:00",1.96,37.41,5.5
"2023-07-02 05:00:00",2.49,30.8,6.75
"2023-07-02 06:00:00",2.48,34.32,5.5
"2023-07-02 07:00:00",3.58,31.92,4
"2023-07-02 08:00:00",2.66,42.18,4.5
"2023-07-02 09:00:00",2.88,49.14,5
"2023-07-02 10:00:00",1.65,53.16,2
"2023-07-02 11:00:00",1.42,57.35,2.25
"2023-07-02 12:00:00",1.11,61.23,3
"2023-07-02 13:00:00",1.65,60.29,2.25
"2023-07-02 14:00:00",1.38,57.96,1.5
"2023-07-02 15:00:00",1.53,60.36,5.75
"2023-07-02 16:00:00",1.44,58.01,4.75
"2023-07-02 17:00:00",1.33,54.89,4
"2023-07-02 18:00:00",1.99,50.67,3.5
"2023-07-02 19:00:00",1.93,49.76,1.75
"2023-07-02 20:00:00",2.38,47.34,1
"2023-07-02 21:00:00",2.2,49.15,0.5
"2023-07-02 22:00:00",2.62,43.5,-1
"2023-07-02 23:00:00",2.49,37.25,-0.75
"2023-07-03 00:00:00",2.74,33.9,-0.5
"2023-07-03 01:00:00",2.39,28.04,-2
"2023-07-03 02:00:00",1.92,29.29,-1.25
"2023-07-03 03:00:00",1.61,36.61,1.5
"2023-07-03 04:00:00",1.05,46.43,3
"2023-07-03 05:00:00",1.41,41.9,3
"2023-07-03 06:00:00",2.16,29.33,3.25
"2023-07-03 07:00:00",5.24,38.9,3.5
"2023-07-03 08:00:00",7.09,36.67,1.5
"2023-07-03 08:01:00",,,
"2023-07-03 09:00:00",4.07,40.61
"2023-07-03 09:01:00",,,
"2023-07-03 10:00:00",3.25,44.16,1
"2023-07-03 11:00:00",3.45,43.01,4
"2023-07-03 12:00:00",3.55,46.34,3.5
"2023-07-03 13:00:00",3.25,51.67,1.5
"2023-07-03 14:00:00",3.49,51.07,0.5
"2023-07-03 15:00:00",4.39,49.23,1.75
"2023-07-03 16:00:00",3.96,48.87,0.5
"2023-07-03 17:00:00",3.45,50.43,-1.25
"2023-07-03 18:00:00",2.82,53.18,-2.25
"2023-07-03 19:00:00",3.07,54.9,-3
"2023-07-03 20:00:00",2.47,59.74,-2.75
"2023-07-03 21:00:00",2.53,55.55,-1.75
"2023-07-03 22:00:00",3.67,46.94,-1
"2023-07-03 23:00:00",2.67,44,-0.5