"Date and Time","NO<sub>2</sub>","O<sub>3</sub>","PM<sub>10</sub>","PM<sub>2.5</sub>"
"2023-07-04 01:00:00",0.84,,7.55,3.59
"2023-07-04 02:00:00",-1.42,,8.31,4.09
"2023-07-04 03:00:00",-0.71,,8.04,3.98
"2023-07-04 04:00:00",-0.47,,6.35,3.41
"2023-07-04 05:00:00",0.61,,7.68,3.72
"2023-07-04 06:00:00",0.68,,8.37,3.6
"2023-07-04 07:00:00",3.87,,7.18,3.15
"2023-07-04 08:00:00",4.05,,8.11,3.27
"2023-07-04 09:00:00",3.12,,9.34,3.75
"2023-07-04 10:00:00",5.29,,7.81,3.6
"2023-07-04 11:00:00",4.24,54.42,5.8,2.49
"2023-07-04 12:00:00",4.47,55.33,6.42,2.75
"2023-07-04 12:01:00",,
"2023-07-04 13:00:00",6.95,,6.1,2.69
"2023-07-04 13:01:00",,
"2023-07-04 14:00:00",8.02,,6.49,3.01
"2023-07-04 15:00:00",8.18,,8.8,3.38
"2023-07-04 16:00:00",4.67,,5.93,1.83
"2023-07-04 17:00:00",4.11,,6.66,2.39
"2023-07-04 18:00:00",2.68,,5.65,2.63
"2023-07-04 19:00:00",1.53,,6.09,2.76
"2023-07-04 20:00:00",2.06,,5.79,2.55
"2023-07-04 21:00:00",1.89,,5.6,2.35
"2023-07-04 22:00:00",2.93,,6.91,2.76
"2023-07-04 23:00:00",4.46,,7.5,2.96
"2023-07-05 00:00:00",5.41,,8.04,3.12
"2023-07-05 01:00:00",4.72,,5.59,2.81
"2023-07-05 02:00:00",-1.02,,5.95,2.9
"2023-07-05 03:00:00",-1.13,,5.88,3.01
"2023-07-05 04:00:00",0,,6.2,2.96
"2023-07-05 05:00:00",1.85,,5.82,2.61
"2023-07-05 06:00:00",0.82,,5.04,2.21
"2023-07-05 07:00:00",4.19,,4.06,1.87
"2023-07-05 08:00:00",14.56,,5.38,2.2
"2023-07-05 09:00:00",7.72,,7.77,2.9
"2023-07-05 10:00:00",6.53,,6.57,2.27
"2023-07-05 11:00:00",5.43,,6.54,2.21
"2023-07-05 12:00:00",5.1,,11.69,3.03
"2023-07-05 13:00:00",5.66,,6.66,2.69
"2023-07-05 14:00:00",5.59,,10.57,3.26
"2023-07-05 15:00:00",6.23,,9.6,3.49
"2023-07-05 16:00:00",6.07,,9.51,2.86
"2023-07-05 17:00:00",6.48,,8.47,2.59
"2023-07-05 18:00:00",5.25,,7.84,3.18
"2023-07-05 19:00:00",14.64,,5.8,3.36
"2023-07-05 20:00:00",5.24,,4.84,2.52
"2023-07-05 21:00:00",4.65,,3.39,2.09
"2023-07-05 22:00:00",0.67,,5.37,2.95
"2023-07-05 23:00:00",1.25,,6.3,3.58
"2023-07-06 00:00:00",-1.09,,7.32,3.32
"2023-07-06 01:00:00",-1.45,,6.39,3.21
"2023-07-06 02:00:00",-1.91,,7.78,3.71
"2023-07-06 03:00:00",-1.79,,7.55,3.75
"2023-07-06 04:00:00",-1.6,,7.17,3.81
"2023-07-06 05:00:00",-1.7,,6.35,3.45
"2023-07-06 06:00:00",-0.11,,6.84,3.77
"2023-07-06 07:00:00",0.74,,7.75,3.91
"2023-07-06 08:00:00",0.94,,7.39,3.98
"2023-07-06 09:00:00",0.3,,6.89,4.01
"2023-07-06 10:00:00",0.62,,6.18,4.02
"2023-07-06 11:00:00",-0.03,,5.87,3.68
"2023-07-06 12:00:00",-0.67,,6.15,3.52
"2023-07-06 13:00:00",-0.84,,3.89,2.07
"2023-07-06 14:00:00",-0.9,,2.76,1.16
"2023-07-06 15:00:00",-1.1,,2.65,0.94
"2023-07-06 16:00:00",-0.13,,1.92,0.93
"2023-07-06 17:00:00",0.51,,2.63,1.39
"2023-07-06 18:00:00",1.28,,2.52,1.4
"2023-07-06 19:00:00",-0.21,,2.91,1.56
"2023-07-06 20:00:00",0.02,,5.91,2.81
"2023-07-06 21:00:00",-0.38,,4.58,2.71
"2023-07-06 22:00:00",-1.13,,5.92,3.5
"2023-07-06 23:00:00",-1.38,,5.24,2.86
"2023-07-07 00:00:00",-2,,4.83,2.64
"2023-07-07 01:00:00",-1.91,,5.55,2.86
"2023-07-07 02:00:00",-1.8,,6.85,3.69
"2023-07-07 03:00:00",-2.12,,5.46,2.9
"2023-07-07 04:00:00",-2.11,,5.99,3.86
"2023-07-07 05:00:00",-2.03,,5.03,2.87
"2023-07-07 06:00:00",-1.53,,3.05,1.49
"2023-07-07 07:00:00",-0.8,,8.05,5.1
"2023-07-07 08:00:00",-0.86,,11.05,7.3
"2023-07-07 09:00:00",-1.2,,7.34,4.45
"2023-07-07 10:00:00",-1.41,,6.88,4.13
"2023-07-07 11:00:00",-1.63,37.65,7.31,3.81
"2023-07-07 12:00:00",-1.56,40.67,7.41,4.26
"2023-07-07 13:00:00",-1.26,40.77,7.26,4.37
"2023-07-07 14:00:00",1.58,41.4,7.74,4.7
"2023-07-07 15:00:00",-0.87,45.5,7.69,4.49
"2023-07-07 16:00:00",-1.21,55.23,8.01,4.54
"2023-07-07 17:00:00",-1.03,65.28,8.29,5.36
"2023-07-07 18:00:00",-1.31,62.13,9.25,5.45
"2023-07-07 19:00:00",-0.43,54,8.15,4.89
"2023-07-07 20:00:00",-0.74,57.71,8.25,5.2
"2023-07-07 20:01:00",,
"2023-07-07 21:00:00",0.27,,8.29,5.55
"2023-07-07 21:01:00",,
"2023-07-07 22:00:00",-0.65,,8.83,5.55
"2023-07-07 23:00:00",-1,,10.34,5.58
"2023-07-08 00:00:00",0.14,,10.14,6
"2023-07-08 01:00:00",-1.05,,10.63,6.38
"2023-07-08 02:00:00",-0.43,,10.63,6.86
"2023-07-08 03:00:00",-1.47,,6.76,4.73
"2023-07-08 04:00:00",-2.06,,8.14,5.16
"2023-07-08 05:00:00",-2.58,,11.54,5.88
"2023-07-08 06:00:00",-2.26,,7.61,4.08
"2023-07-08 07:00:00",-2.06,,3.21,1.52
"2023-07-08 08:00:00",-1.67,,2.82,1.45
"2023-07-08 09:00:00",-1.43,,4.16,2.13
"2023-07-08 10:00:00",-1.81,,8.29,3.82
"2023-07-08 11:00:00",-1.77,55.9,11.03,5.03
"2023-07-08 12:00:00",-1.57,57.74,9.63,4.62
"2023-07-08 13:00:00",-1.29,59.8,10.96,5.08
"2023-07-08 14:00:00",-1.58,62.28,10.02,4.82
"2023-07-08 15:00:00",-1.41,64.22,9.98,4.75
"2023-07-08 16:00:00",-1.46,64.32,10.14,5.26
"2023-07-08 17:00:00",-1.42,63.86,10.82,5.51
"2023-07-08 18:00:00",-1.37,61.39,10.34,5.58
"2023-07-08 19:00:00",-1.26,58.81,10.73,5.25
"2023-07-08 20:00:00",-0.81,54.66,12.1,5.55
"2023-07-08 20:01:00",,
"2023-07-08 21:00:00",-0.61,,11.83,5.71
"2023-07-08 21:01:00",,
"2023-07-08 22:00:00",0.56,,13.33,6.08
"2023-07-08 23:00:00",10.86,,14.03,6.35
"2023-07-09 00:00:00",22.91,,13.95,6.69
"2023-07-09 01:00:00",18.36,,14.97,6.59
"2023-07-09 02:00:00",0.75,,13.33,6.17
"2023-07-09 03:00:00",-0.97,,11.68,5.65
"2023-07-09 04:00:00",-1.72,,8.56,4.75
"2023-07-09 05:00:00",-1.42,,6.98,3.93
"2023-07-09 06:00:00",0.98,,5.89,3.58
"2023-07-09 07:00:00",0.13,,5.07,3.08
"2023-07-09 08:00:00",-1.59,,3,1.87
"2023-07-09 09:00:00",-1.93,,2.38,1.33
"2023-07-09 10:00:00",-1.91,,2.97,1.48
"2023-07-09 11:00:00",-2.22,61.46,2.89,1.41
"2023-07-09 12:00:00",-1.51,61.49,2.29,1.29
"2023-07-09 13:00:00",-1.84,60.66,3.36,1.78
"2023-07-09 14:00:00",-1.24,58.78,3.52,1.82
"2023-07-09 15:00:00",-1.47,58.24,3.26,1.94
"2023-07-09 16:00:00",1.53,55.72,4.16,2.35
"2023-07-09 16:01:00",,
"2023-07-09 17:00:00",0.12,,3.43,2.39
"2023-07-09 17:01:00",,
"2023-07-09 18:00:00",-0.83,,3.86,2.3
"2023-07-09 19:00:00",-0.35,,4.41,2.69
"2023-07-09 20:00:00",0.34,,4.85,2.55
"2023-07-09 21:00:00",1.85,,4.76,2.88
"2023-07-09 22:00:00",0.03,,7.15,3.58
"2023-07-09 23:00:00",3.1,,7.03,3.52
"2023-07-10 00:00:00",5.04,,7.22,3.4
"2023-07-10 01:00:00",1.13,,7.18,3.61
"2023-07-10 02:00:00",-0.67,,6.33,3.38
"2023-07-10 03:00:00",-0.69,,5.74,3.35
"2023-07-10 04:00:00",9.4,,5.67,3.22
"2023-07-10 05:00:00",-0.12,,5.63,3.04
"2023-07-10 06:00:00",4.33,,6.02,3.25
"2023-07-10 07:00:00",15.04,,6.58,3.19
"2023-07-10 08:00:00",5.84,,6.58,3.45
"2023-07-10 09:00:00",0.36,,7.37,4.17
"2023-07-10 10:00:00",-1.06,,4.75,2.75
"2023-07-10 11:00:00",-0.03,,4.47,2.67
"2023-07-10 12:00:00",-0.3,,2.6,1.8
"2023-07-10 13:00:00",-1.21,,2.13,1.32
"2023-07-10 14:00:00",7.66,,5.06,2.18
"2023-07-10 15:00:00",6.94,,5.11,2.51
"2023-07-10 16:00:00",9.32,,6.81,3.46
"2023-07-10 17:00:00",8.03,,4.97,2.87
"2023-07-10 18:00:00",7.63,,4.32,2.82
"2023-07-10 19:00:00",4.16,,3.63,2.47
"2023-07-10 20:00:00",11.73,,7.13,4.52
"2023-07-10 21:00:00",15.55,,5.38,3.57
"2023-07-10 22:00:00",6.8,,6.2,4.26
"2023-07-10 23:00:00",3.93,,4.38,3.29
"2023-07-11 00:00:00",6.55,,4.68,3.27
"2023-07-11 01:00:00",2.53,,4.75,3.25
"2023-07-11 02:00:00",2.2,,5.86,4.02
"2023-07-11 03:00:00",3.7,,6.55,3.98
"2023-07-11 04:00:00",-0.67,,5.85,3.26
"2023-07-11 05:00:00",4.21,,5.24,2.91
"2023-07-11 06:00:00",3.88,,6.31,3.12
"2023-07-11 07:00:00",11.5,,18.85,5.13
"2023-07-11 08:00:00",8.24,,12.25,3.56
"2023-07-11 09:00:00",3.31,,6.31,2.68
"2023-07-11 10:00:00",7.12,,20.73,4.79
"2023-07-11 11:00:00",6.71,,11.28,3.45
"2023-07-11 12:00:00",3.48,,19.96,4.77
"2023-07-11 13:00:00",3.79,52.96,35.23,6.23
"2023-07-11 14:00:00",6.18,52.58,59.2,8.96
"2023-07-11 15:00:00",4.78,49.86,45.04,7.7
"2023-07-11 15:01:00",,
"2023-07-11 16:00:00",5.11,,39.72,7.91
"2023-07-11 16:01:00",,
"2023-07-11 17:00:00",3.98,,34.43,6.49
"2023-07-11 18:00:00",3.87,,9.5,3.36
"2023-07-11 19:00:00",2.95,,7.81,2.84
"2023-07-11 20:00:00",5.46,,9.56,3.78
"2023-07-11 21:00:00",7.57,,8.9,3.59
"2023-07-11 22:00:00",8.54,,6.97,3.5
"2023-07-11 23:00:00",1.23,,5.38,3.31
"2023-07-12 00:00:00",-1.55,,3.65,2.49
"2023-07-12 01:00:00",0.51,,4.44,2.47
"2023-07-12 02:00:00",-0.53,,6.07,3.15
"2023-07-12 03:00:00",2.05,,9.47,4.23
"2023-07-12 04:00:00",-0.96,,8.95,4.35
"2023-07-12 05:00:00",3.67,,8.69,4.26
"2023-07-12 06:00:00",6.61,,9.14,4.77
"2023-07-12 07:00:00",11.19,,20.67,7.91
"2023-07-12 08:00:00",12.04,,32.3,8.47
"2023-07-12 09:00:00",4.44,,44.79,9.27
"2023-07-12 10:00:00",5.43,,23.88,6.44
"2023-07-12 11:00:00",8.77,,41.99,8.76
"2023-07-12 12:00:00",11.07,,41.86,8.7
"2023-07-12 13:00:00",7.24,,23.74,7.16
"2023-07-12 14:00:00",3.89,59.1,21.76,6.04
"2023-07-12 14:01:00",,
"2023-07-12 15:00:00",4.04,,24.79,6.5
"2023-07-12 15:01:00",,
"2023-07-12 16:00:00",5.51,,29.14,7.1
"2023-07-12 17:00:00",5.8,,13.75,5.74
"2023-07-12 18:00:00",5.17,,11.9,5.31
"2023-07-12 19:00:00",4.87,,11.97,5.53
"2023-07-12 20:00:00",7.92,,12.73,5.9
"2023-07-12 21:00:00",5.66,,5.28,3.19
"2023-07-12 22:00:00",8.16,,5.6,3.24
"2023-07-12 23:00:00",5.35,,5.68,3.56
"2023-07-13 00:00:00",3.74,,6.05,4.12
"2023-07-13 01:00:00",-0.32,,4.46,3.04
"2023-07-13 02:00:00",0.45,,3.58,2.6
"2023-07-13 03:00:00",-1.76,,6.61,3.41
"2023-07-13 04:00:00",-1.8,,7.59,3.65
"2023-07-13 05:00:00",-0.61,,7.45,3.69
"2023-07-13 06:00:00",1.06,,7.5,3.57
"2023-07-13 07:00:00",2.18,,3.98,2.31
"2023-07-13 08:00:00",3.78,,3.91,2.48
"2023-07-13 09:00:00",2.24,,6.67,3.33
"2023-07-13 10:00:00",1.24,,4.21,2.4
"2023-07-13 11:00:00",0.63,,4.01,2.14
"2023-07-13 12:00:00",1.27,,4.9,3.07
"2023-07-13 13:00:00",0.56,,3.93,2.63
"2023-07-13 14:00:00",1.67,,3.46,1.79
"2023-07-13 15:00:00",2.26,,2.54,1.18
"2023-07-13 16:00:00",1.7,,4.17,2.25
"2023-07-13 17:00:00",0.89,,5.65,2.83
"2023-07-13 18:00:00",3.7,,5.5,2.89
"2023-07-13 19:00:00",4.76,,5.63,2.69
"2023-07-13 20:00:00",0.02,,3.38,2.17
"2023-07-13 21:00:00",0.24,,3.31,2.11
"2023-07-13 22:00:00",1.17,,4.79,2.58
"2023-07-13 23:00:00",-0.79,,5.17,2.73
"2023-07-14 00:00:00",-0.64,,6.64,3.18
"2023-07-14 01:00:00",0.4,,6.3,3.42
"2023-07-14 02:00:00",2.93,,8.01,4.4
"2023-07-14 03:00:00",0.88,,7.83,3.99
"2023-07-14 04:00:00",-0.05,,6.48,3.56
"2023-07-14 05:00:00",16.79,,6.5,3.53
"2023-07-14 06:00:00",16.82,,4.42,2.45
"2023-07-14 07:00:00",10.86,,2.9,1.72
"2023-07-14 08:00:00",7.25,,2.61,1.33
"2023-07-14 09:00:00",5.4,,2.42,1.05
"2023-07-14 10:00:00",5.34,,2.01,0.75
"2023-07-14 11:00:00",7.52,,1.51,0.73
"2023-07-14 12:00:00",7.79,,1.49,0.61
"2023-07-14 13:00:00",9.66,,1.69,0.66
"2023-07-14 14:00:00",11.6,,1.83,0.85
"2023-07-14 15:00:00",9.18,,2.27,1.16
"2023-07-14 16:00:00",6.5,,1.76,0.8
"2023-07-14 17:00:00",4.45,,1.56,0.85
"2023-07-14 18:00:00",4.94,,2.72,0.93
"2023-07-14 19:00:00",4.03,,2.07,0.92
"2023-07-14 20:00:00",6.34,,2.64,1.05
"2023-07-14 21:00:00",6.59,,3.4,1.12
"2023-07-14 22:00:00",4.39,,4.24,1.61
"2023-07-14 23:00:00",-1.5,,3.15,1.5
"2023-07-15 00:00:00",-1.52,,2.92,1.31
"2023-07-15 01:00:00",5.88,,3.67,1.57
"2023-07-15 02:00:00",0.52,,3.62,1.19
"2023-07-15 03:00:00",0.22,,4.67,1.55
"2023-07-15 04:00:00",-2.11,,4.71,1.66
"2023-07-15 05:00:00",-1.41,,4.05,1.48
"2023-07-15 06:00:00",-1.85,,3.25,1.35
"2023-07-15 07:00:00",0.32,,2.9,1.21
"2023-07-15 08:00:00",4.41,,4.3,1.86
"2023-07-15 09:00:00",1.92,,4.82,2.75
"2023-07-15 10:00:00",3.49,,4.73,2.7
"2023-07-15 11:00:00",0.6,,6.7,3.98
"2023-07-15 12:00:00",1.26,,6.31,3.61
"2023-07-15 13:00:00",0.23,,6.76,4.05
"2023-07-15 14:00:00",-0.28,,8.65,4.81
"2023-07-15 15:00:00",0.24,,9.09,5.28
"2023-07-15 16:00:00",0.8,,8.6,4.92
"2023-07-15 17:00:00",1.58,,6.91,4.3
"2023-07-15 18:00:00",0.42,,6.33,4.11
"2023-07-15 19:00:00",0.8,,7,4.07
"2023-07-15 20:00:00",0.4,,6.78,4.01
"2023-07-15 21:00:00",1.12,,9.68,5.17
"2023-07-15 22:00:00",1.4,,7.76,4.56
"2023-07-15 23:00:00",3.65,,6.15,3.77
"2023-07-16 00:00:00",-0.07,,6.91,3.71
"2023-07-16 01:00:00",1.35,,7.78,3.84
"2023-07-16 02:00:00",-0.65,,6.39,3.21
"2023-07-16 03:00:00",-0.4,,8.96,3.97
"2023-07-16 04:00:00",-0.71,,6.16,3.51
"2023-07-16 05:00:00",-0.99,,7.85,3.59
"2023-07-16 06:00:00",2.22,,9.03,3.72
"2023-07-16 07:00:00",1.41,,5.61,2.92
"2023-07-16 08:00:00",1.49,,4.92,2.81
"2023-07-16 09:00:00",1.69,,9.56,4.06
"2023-07-16 10:00:00",0.64,,9.82,4.65
"2023-07-16 11:00:00",0.26,,8.07,5.29
"2023-07-16 12:00:00",2.36,,5.99,3.17
"2023-07-16 13:00:00",1.47,,5.32,3.06
"2023-07-16 14:00:00",2.89,,5.95,3.61
"2023-07-16 15:00:00",3.76,,9.93,6.05
"2023-07-16 16:00:00",0.1,,8.01,5.4
"2023-07-16 17:00:00",1.58,,7.45,4.58
"2023-07-16 18:00:00",2.02,,8.46,5.25
"2023-07-16 19:00:00",3.15,,8.17,5.08
"2023-07-16 20:00:00",3.87,,6.64,3.9
"2023-07-16 21:00:00",2.53,,5.02,3.24
"2023-07-16 22:00:00",-0.36,,5.03,2.59
"2023-07-16 23:00:00",-0.49,,4.77,2.68
"2023-07-17 00:00:00",-0.36,,6.11,2.94
"2023-07-17 01:00:00",-0.87,,6.36,2.78
"2023-07-17 02:00:00",-2.23,,5.99,2.57
"2023-07-17 03:00:00",-1.96,,4.77,2.24
"2023-07-17 04:00:00",-1.59,,4.72,1.97
"2023-07-17 05:00:00",-1.24,,4.51,1.88
"2023-07-17 06:00:00",-0.46,,4.43,1.73
"2023-07-17 07:00:00",3.01,,4.61,1.9
"2023-07-17 08:00:00",4.71,,5.34,2.41
"2023-07-17 09:00:00",2.9,,8.39,4.26
"2023-07-17 10:00:00",4.37,,8.81,5.66
"2023-07-17 11:00:00",2.21,,10.48,5.44
"2023-07-17 12:00:00",8.52,,19.15,6.8
"2023-07-17 13:00:00",3.78,,9.34,4.97
"2023-07-17 14:00:00",6.33,,10.01,3.08
"2023-07-17 15:00:00",5.37,,10.35,2.54
"2023-07-17 16:00:00",6.87,,11.38,2.95
"2023-07-17 17:00:00",5.22,,12,2.87
"2023-07-17 18:00:00",6.74,,9.94,2.13
"2023-07-17 19:00:00",2.46,,11.34,2.64
"2023-07-17 20:00:00",10.08,,4.33,2.99
"2023-07-17 21:00:00",8.51,,7.21,5.02
"2023-07-17 22:00:00",-0.62,,4.05,2.58
"2023-07-17 23:00:00",4.98,,3.54,2.45
"2023-07-18 00:00:00",1.31,,3.42,2.12
"2023-07-18 01:00:00",-1.31,,3.77,1.72
"2023-07-18 02:00:00",-1.49,,3.16,1.67
"2023-07-18 03:00:00",-1.06,,2.45,1.17
"2023-07-18 04:00:00",-1.83,,3,1.17
"2023-07-18 05:00:00",18.64,,2.57,1.06
"2023-07-18 06:00:00",24.31,,2.77,1.16
"2023-07-18 07:00:00",23.98,,2.43,1.01
"2023-07-18 08:00:00",22.69,,2.81,1.55
"2023-07-18 09:00:00",31.12,,3.87,1.87
"2023-07-18 10:00:00",13.49,,2.98,1.27
"2023-07-18 11:00:00",5.82,,2.83,1.18
"2023-07-18 12:00:00",3.21,,2.41,1.01
"2023-07-18 13:00:00",6.56,,3.09,1.36
"2023-07-18 14:00:00",3.22,,2.82,1.76
"2023-07-18 15:00:00",4.2,,4.39,2.18
"2023-07-18 16:00:00",4.57,,4.73,2
"2023-07-18 17:00:00",5.22,,2.57,1.41
"2023-07-18 18:00:00",2.54,,2.03,1.12
"2023-07-18 19:00:00",1.8,,3.66,1.4
"2023-07-18 20:00:00",1.84,,3.6,1.56
"2023-07-18 21:00:00",3.94,,5.58,2.06
"2023-07-18 22:00:00",2.46,,3.89,1.81
"2023-07-18 23:00:00",1.37,,4.24,2.19
"2023-07-19 00:00:00",0.24,,4.35,2.32
"2023-07-19 01:00:00",-0.69,,5.05,2.54
"2023-07-19 02:00:00",-0.83,,5.53,2.94
"2023-07-19 03:00:00",-1.15,,5.1,2.88
"2023-07-19 04:00:00",-1.15,,4.87,2.92
"2023-07-19 05:00:00",1.43,,6.72,3.27
"2023-07-19 06:00:00",3.44,,7.36,3.32
"2023-07-19 07:00:00",10.77,,8.75,4.73
"2023-07-19 08:00:00",6.82,,11.33,4.45
"2023-07-19 09:00:00",5.33,,6.73,2.91
"2023-07-19 10:00:00",3.51,,4.66,2.19
"2023-07-19 11:00:00",4.03,,4.6,2.53
"2023-07-19 12:00:00",3.9,,7.69,4.63
"2023-07-19 13:00:00",1.81,,8.23,5.74
"2023-07-19 14:00:00",4.06,,12.09,6.4
"2023-07-19 15:00:00",3.17,,11.98,6.47
"2023-07-19 16:00:00",1.73,,11.96,6.9
"2023-07-19 17:00:00",4.35,,11.94,6.89
"2023-07-19 18:00:00",2.29,,11.09,6.35
"2023-07-19 19:00:00",1.7,,9.61,5.22
"2023-07-19 20:00:00",3.22,,8.63,4.77
"2023-07-19 21:00:00",5.35,,10.12,4.93
"2023-07-19 22:00:00",5.63,,10.32,5.02
"2023-07-19 23:00:00",4.16,,11.72,6.6
"2023-07-20 00:00:00",1.75,,11.86,6.85
"2023-07-20 01:00:00",1.48,,11.98,7.5
"2023-07-20 02:00:00",0.65,,11.88,7.57
"2023-07-20 03:00:00",2.21,,10.45,7.18
"2023-07-20 04:00:00",4.8,,9.48,7.07
"2023-07-20 05:00:00",21.77,,11.64,7.92
"2023-07-20 06:00:00",8.03,,11.98,8.04
"2023-07-20 07:00:00",14.25,,13.68,8.63
"2023-07-20 08:00:00",6.23,,12.16,8.15
"2023-07-20 09:00:00",3.03,,12.55,7.82
"2023-07-20 10:00:00",2.18,,11.9,7.79
"2023-07-20 11:00:00",2.83,,13.89,8.99
"2023-07-20 12:00:00",3.3,,13.05,8.93
"2023-07-20 13:00:00",3.52,,9.57,6.09
"2023-07-20 14:00:00",3.81,,8.08,3.07
"2023-07-20 15:00:00",3.03,,5.55,2.19
"2023-07-20 16:00:00",4.73,,4.36,1.67
"2023-07-20 17:00:00",3.3,,3.5,1.5
"2023-07-20 18:00:00",2.72,,3.85,1.48
"2023-07-20 19:00:00",2.57,,4.6,2.12
"2023-07-20 20:00:00",1.72,,5.1,2.79
"2023-07-20 21:00:00",2.16,,4.65,2.5
"2023-07-20 22:00:00",3.57,,5.84,2.8
"2023-07-20 23:00:00",3.61,,5.9,2.53
"2023-07-21 00:00:00",3.08,,5.22,2.31
"2023-07-21 01:00:00",3.31,,4.95,2.18
"2023-07-21 02:00:00",2.87,,4.28,2.18
"2023-07-21 03:00:00",0.5,,4.77,2.15
"2023-07-21 04:00:00",-0.4,,2.88,1.6
"2023-07-21 05:00:00",1.07,,2.47,1.27
"2023-07-21 06:00:00",0.61,,3.27,1.46
"2023-07-21 07:00:00",7.58,,4.6,2.09
"2023-07-21 08:00:00",9.85,,11.7,4.43
"2023-07-21 09:00:00",6.99,,5.4,2.61
"2023-07-21 10:00:00",7.35,,3.81,2.27
"2023-07-21 11:00:00",7.57,,3.58,1.64
"2023-07-21 12:00:00",10.65,,6.73,2.78
"2023-07-21 13:00:00",5.67,,6,3.16
"2023-07-21 14:00:00",7.79,,8.96,3.13
"2023-07-21 15:00:00",8.41,,8.03,3.08
"2023-07-21 16:00:00",13.52,,8.77,4.67
"2023-07-21 17:00:00",10.93,,14.1,9.03
"2023-07-21 18:00:00",11.62,,13.63,10.02
"2023-07-21 19:00:00",1.18,,10.53,8.41
"2023-07-21 20:00:00",4.1,,12.29,10.47
"2023-07-21 21:00:00",2.34,,9.9,8.31
"2023-07-21 22:00:00",2.55,,10.96,8.79
"2023-07-21 23:00:00",1.04,,8.05,6.17
"2023-07-22 00:00:00",-0.97,,6.74,5.11
"2023-07-22 01:00:00",-1.45,,6.27,4.43
"2023-07-22 02:00:00",-1.98,,4.89,3.56
"2023-07-22 03:00:00",-1.98,,3.66,2.39
"2023-07-22 04:00:00",-2.02,,2.79,1.47
"2023-07-22 05:00:00",-1.47,,2.83,1.1
"2023-07-22 06:00:00",-0.53,,2.73,0.83
"2023-07-22 07:00:00",0.4,,3.08,0.88
"2023-07-22 08:00:00",0.75,,2.79,0.75
"2023-07-22 09:00:00",-0.18,,2.77,0.67
"2023-07-22 10:00:00",-0.27,,2.28,0.79
"2023-07-22 11:00:00",-0.72,,2.46,1.28
"2023-07-22 12:00:00",0.78,,2.54,1.31
"2023-07-22 13:00:00",2.05,,3.43,1.83
"2023-07-22 14:00:00",3.73,,3.56,2.07
"2023-07-22 15:00:00",6.48,,3.98,2.36
"2023-07-22 16:00:00",5.97,,2.61,1.59
"2023-07-22 17:00:00",10.27,,2.33,1.27
"2023-07-22 18:00:00",15.89,,2.33,1.32
"2023-07-22 19:00:00",12.4,,2.66,1.54
"2023-07-22 20:00:00",7.46,,3.57,2.04
"2023-07-22 21:00:00",1.87,,2.99,1.65
"2023-07-22 22:00:00",2.29,,2.67,1.31
"2023-07-22 23:00:00",0.64,,3.39,1.82
"2023-07-23 00:00:00",0.27,,3.75,2.07
"2023-07-23 01:00:00",-0.65,,3.12,1.84
"2023-07-23 02:00:00",-0.23,,4.13,2
"2023-07-23 03:00:00",-0.02,,5.77,2.69
"2023-07-23 04:00:00",1.72,,6.99,3.02
"2023-07-23 05:00:00",4.53,,4.78,2.13
"2023-07-23 06:00:00",1.43,,4.86,1.92
"2023-07-23 07:00:00",1.4,,3.64,1.46
"2023-07-23 08:00:00",0.66,,2.81,1.29
"2023-07-23 09:00:00",1.52,,11.62,3.93
"2023-07-23 10:00:00",1.83,,5.23,1.77
"2023-07-23 11:00:00",36.73,,9.06,3.37
"2023-07-23 12:00:00",23.72,,6.24,2.59
"2023-07-23 13:00:00",33.43,,6.34,3.36
"2023-07-23 14:00:00",38.48,,2.07,1.17
"2023-07-23 15:00:00",49.38,,3.75,1.84
"2023-07-23 16:00:00",44.69,,5.76,3.85
"2023-07-23 17:00:00",44.99,,3.7,2.36
"2023-07-23 18:00:00",12.06,,3.96,1.98
"2023-07-23 19:00:00",2.16,,3.48,1.92
"2023-07-23 20:00:00",1.74,,3.55,2.33
"2023-07-23 21:00:00",1.72,,3.83,2.58
"2023-07-23 22:00:00",1.84,,5.6,3.38
"2023-07-23 23:00:00",3.42,,5.33,3.47
"2023-07-24 00:00:00",2.67,,6.95,4.02
"2023-07-24 01:00:00",1.72,,6.61,3.88
"2023-07-24 02:00:00",0.24,,6.63,3.71
"2023-07-24 03:00:00",-0.11,,7.67,3.74
"2023-07-24 04:00:00",-0.13,,6.92,3.64
"2023-07-24 05:00:00",-0.48,,8.56,3.89
"2023-07-24 06:00:00",0.35,,8.93,4.14
"2023-07-24 07:00:00",3.84,,9.62,4.68
"2023-07-24 08:00:00",3.37,,10.75,4.9
"2023-07-24 09:00:00",1.73,,10.02,4.7
"2023-07-24 10:00:00",1.15,,8.83,4.65
"2023-07-24 11:00:00",4.99,,8.81,4.6
"2023-07-24 12:00:00",3.1,,9.24,4.52
"2023-07-24 13:00:00",6.3,,7.91,3.82
"2023-07-24 14:00:00",4.82,,5.81,2.9
"2023-07-24 15:00:00",4.72,,6.55,3.45
"2023-07-24 16:00:00",4.61,,4.82,2.44
"2023-07-24 17:00:00",4.22,,5.28,2.85
"2023-07-24 18:00:00",3.99,,6.98,3.83
"2023-07-24 19:00:00",3.53,,8.49,5.36
"2023-07-24 20:00:00",4.53,,10.16,6.7
"2023-07-24 21:00:00",6.85,,10.59,7.74
"2023-07-24 22:00:00",2.22,,10.68,7.92
"2023-07-24 23:00:00",2.93,,10.88,8.14
"2023-07-25 00:00:00",2.76,,10.25,7.96
"2023-07-25 01:00:00",2.51,,10.29,8.05
"2023-07-25 02:00:00",5.54,,10.12,7.99
"2023-07-25 03:00:00",5.86,,10.65,8.54
"2023-07-25 04:00:00",8.12,,11,8.14
"2023-07-25 05:00:00",5.48,,10.82,7.35
"2023-07-25 06:00:00",4.12,,9.65,7.27
"2023-07-25 07:00:00",7.96,,9.6,7.03
"2023-07-25 08:00:00",8.86,,11.16,7.95
"2023-07-25 09:00:00",9.03,,10.96,7.75
"2023-07-25 10:00:00",3.7,,10.58,7.67
"2023-07-25 11:00:00",1.76,,9.61,6.63
"2023-07-25 12:00:00",3.89,,10.22,6.04
"2023-07-25 13:00:00",4.59,,11.84,6.09
"2023-07-25 14:00:00",4.41,,9.43,4.69
"2023-07-25 15:00:00",8.48,,10.66,4.83
"2023-07-25 16:00:00",5.01,,8.42,4.1
"2023-07-25 17:00:00",1.76,,7.42,3.75
"2023-07-25 18:00:00",1.78,,6.8,3.64
"2023-07-25 19:00:00",5.25,,6.58,3.77
"2023-07-25 20:00:00",3.69,,7.62,4.58
"2023-07-25 21:00:00",4.5,,7.8,4.6
"2023-07-25 22:00:00",12.21,,7.67,5.22
"2023-07-25 23:00:00",3.11,,8.9,5.51
"2023-07-26 00:00:00",0.48,,6.87,4.45
"2023-07-26 01:00:00",-0.9,,6.69,4.42
"2023-07-26 02:00:00",-1.62,,5.52,3.67
"2023-07-26 03:00:00",-1.84,,5.2,3.31
"2023-07-26 04:00:00",-1.69,,4.12,3.01
"2023-07-26 05:00:00",-1.73,,2.92,2.07
"2023-07-26 06:00:00",-0.58,,1.83,1.09
"2023-07-26 07:00:00",1.72,,1.46,0.75
"2023-07-26 08:00:00",1.81,,1.76,0.77
"2023-07-26 09:00:00",2.38,,1.34,0.63
"2023-07-26 10:00:00",0.61,,1.42,0.71
"2023-07-26 11:00:00",0.49,,2.17,1.21
"2023-07-26 12:00:00",-0.42,,3.58,2.39
"2023-07-26 13:00:00",1.28,,4.82,3.57
"2023-07-26 14:00:00",0.33,,3,1.6
"2023-07-26 15:00:00",0.35,,2.46,1.35
"2023-07-26 16:00:00",0.74,,2.39,1.24
"2023-07-26 17:00:00",3.61,,2.51,1.1
"2023-07-26 18:00:00",2.45,,3.74,1.51
"2023-07-26 19:00:00",0.8,,3.49,1.31
"2023-07-26 20:00:00",0.07,,3.17,1.05
"2023-07-26 21:00:00",6.72,,3.36,1.16
"2023-07-26 22:00:00",2.64,,2.89,0.72
"2023-07-26 23:00:00",0.13,,3.06,0.98
"2023-07-27 00:00:00",-0.64,,2.75,1.23
"2023-07-27 01:00:00",4.6,,3.56,1.01
"2023-07-27 02:00:00",2.95,,2.3,0.67
"2023-07-27 03:00:00",-0.7,,2.51,0.61
"2023-07-27 04:00:00",-0.59,,1.67,0.51
"2023-07-27 05:00:00",1.55,,2.09,0.72
"2023-07-27 06:00:00",1.93,,1.72,0.59
"2023-07-27 07:00:00",4.47,,2.69,0.85
"2023-07-27 08:00:00",6.49,,2.86,0.9
"2023-07-27 09:00:00",5.31,,3.3,1.02
"2023-07-27 10:00:00",5.78,,3.34,1.31
"2023-07-27 11:00:00",4.36,,3.58,1.5
"2023-07-27 12:00:00",1.55,,6.34,2.4
"2023-07-27 13:00:00",0.51,,3.93,1.6
"2023-07-27 14:00:00",0.64,,5.04,2.11
"2023-07-27 15:00:00",0.94,,3.28,1.59
"2023-07-27 16:00:00",3.22,,6.78,2.34
"2023-07-27 17:00:00",2.56,,3.86,2
"2023-07-27 18:00:00",2.19,,3.97,1.53
"2023-07-27 19:00:00",3.24,,3.01,1.5
"2023-07-27 20:00:00",4.03,,3.73,1.73
"2023-07-27 21:00:00",5.94,,4.22,2.11
"2023-07-27 22:00:00",3.58,,8.57,3.3
"2023-07-27 23:00:00",-0.08,,7.94,3.34
"2023-07-28 00:00:00",0.78,,6.02,2.76
"2023-07-28 01:00:00",-0.55,,6.93,2.99
"2023-07-28 02:00:00",-0.87,,7.05,3.51
"2023-07-28 03:00:00",-1.77,,7.49,3.55
"2023-07-28 04:00:00",-1.51,,5,2.68
"2023-07-28 05:00:00",-1.39,,5.82,2.93
"2023-07-28 06:00:00",0.78,,6.49,2.8
"2023-07-28 07:00:00",1.96,,5.66,2.58
"2023-07-28 08:00:00",0.59,,6.12,3.2
"2023-07-28 09:00:00",0.36,,7.16,3.53
"2023-07-28 10:00:00",3.05,,4.25,2.19
"2023-07-28 11:00:00",0.18,,3.35,1.76
"2023-07-28 12:00:00",-0.49,,3.71,1.98
"2023-07-28 13:00:00",0.15,,6.12,2.57
"2023-07-28 14:00:00",4.81,,6.95,2.74
"2023-07-28 15:00:00",2,,7.88,3.51
"2023-07-28 16:00:00",0.01,,7.1,3.18
"2023-07-28 17:00:00",-0.38,,4.38,2.32
"2023-07-28 18:00:00",1.65,,4.9,2.6
"2023-07-28 19:00:00",0.98,,4.66,2.82
"2023-07-28 20:00:00",-0.43,,4.77,2.72
"2023-07-28 21:00:00",-0.03,,6.13,3.44
"2023-07-28 22:00:00",0.44,,10.14,4.92
"2023-07-28 23:00:00",-0.91,,10.5,5.47
"2023-07-29 00:00:00",-0.89,,9.18,4.8
"2023-07-29 01:00:00",-1.08,,11.72,5.58
"2023-07-29 02:00:00",-1.23,,11.26,5.23
"2023-07-29 03:00:00",-1.94,,10.98,5.15
"2023-07-29 04:00:00",-1.99,,13,5.66
"2023-07-29 05:00:00",-1.45,,12.29,5.52
"2023-07-29 06:00:00",-1.78,,9.78,4.98
"2023-07-29 07:00:00",-1.35,,7.53,4.34
"2023-07-29 08:00:00",3.91,,9.65,5.06
"2023-07-29 09:00:00",9.05,,9.49,4.83
"2023-07-29 10:00:00",3.56,,11.22,5.29
"2023-07-29 11:00:00",2.05,,13.59,5.87
"2023-07-29 12:00:00",1.53,,12.89,5.75
"2023-07-29 13:00:00",1.69,,15.09,7.33
"2023-07-29 14:00:00",2.19,,13.41,7.07
"2023-07-29 15:00:00",1.48,,9.51,4.44
"2023-07-29 16:00:00",0.14,,13.91,6.14
"2023-07-29 17:00:00",0.68,,10.94,5.19
"2023-07-29 18:00:00",1.6,,7.78,3.89
"2023-07-29 19:00:00",1.54,,5.14,2.71
"2023-07-29 20:00:00",1.38,,10.33,4.65
"2023-07-29 21:00:00",2.79,,13.99,6.42
"2023-07-29 22:00:00",5.82,,13.87,6.09
"2023-07-29 23:00:00",4.27,,11.71,5.45
"2023-07-30 00:00:00",0.57,,10.78,5.12
"2023-07-30 01:00:00",1.65,,7.78,4.12
"2023-07-30 02:00:00",-0.3,,6.81,3.26
"2023-07-30 03:00:00",3.49,,4.03,1.98
"2023-07-30 04:00:00",-0.44,,5.62,2.74
"2023-07-30 05:00:00",-1.8,,8.52,3.92
"2023-07-30 06:00:00",-0.93,,9.53,4.43
"2023-07-30 07:00:00",-0.73,,9.74,4.87
"2023-07-30 08:00:00",-1,,9.02,4.85
"2023-07-30 09:00:00",-0.69,,4.9,3.45
"2023-07-30 10:00:00",-0.11,,3.5,2.51
"2023-07-30 11:00:00",-0.56,,2.96,1.73
"2023-07-30 12:00:00",0.81,,3.11,1.96
"2023-07-30 13:00:00",1.5,,6.76,4.42
"2023-07-30 14:00:00",-0.99,,5.03,3.47
"2023-07-30 15:00:00",-0.95,,3.72,2.16
"2023-07-30 16:00:00",-1.11,,2.04,1.1
"2023-07-30 17:00:00",0.28,,1.88,0.92
"2023-07-30 18:00:00",0.15,,3.04,1.15
"2023-07-30 19:00:00",7.12,,3.35,1.63
"2023-07-30 20:00:00",3.04,,5.24,3.1
"2023-07-30 21:00:00",1.99,,8.62,5.97
"2023-07-30 22:00:00",7.06,,8.7,5.99
"2023-07-30 23:00:00",9.48,,9.19,5.88
"2023-07-31 00:00:00",8.45,,6.07,4.27
"2023-07-31 01:00:00",-1.06,,4.58,3.06
"2023-07-31 02:00:00",2.99,,6.88,4.13
"2023-07-31 03:00:00",13.79,,11.54,6.8
"2023-07-31 04:00:00",3.29,,8.94,5.07
"2023-07-31 05:00:00",7.06,,6.88,4.14
"2023-07-31 06:00:00",1.76,,13.85,7.89
"2023-07-31 07:00:00",6.93,,17.96,9.64
"2023-07-31 08:00:00",3.75,,16.82,8.72
"2023-07-31 09:00:00",5.25,,12.89,7.3
"2023-07-31 10:00:00",8.82,,13.18,7.04
"2023-07-31 11:00:00",10.69,,11.82,6.47
"2023-07-31 12:00:00",2.44,,11,6.27
"2023-07-31 13:00:00",1.31,,11.09,5.98
"2023-07-31 14:00:00",3.78,,12.1,6.43
"2023-07-31 15:00:00",2.69,,14.61,6.84
"2023-07-31 16:00:00",3.35,,12.41,6.94
"2023-07-31 17:00:00",2.53,,8.53,5.12
"2023-07-31 18:00:00",2.97,,10.42,4.91
"2023-07-31 19:00:00",1.58,,8.7,4.57
"2023-07-31 20:00:00",0.53,,9,4.67
"2023-07-31 21:00:00",2.29,,12.37,6.22
"2023-07-31 22:00:00",2.02,,12.26,5.95
"2023-07-31 23:00:00",2.08,,10.84,5.19
"2023-08-01 00:00:00",0.48,,12.4,6.06
"2023-08-01 01:00:00",-1.21,,10.04,4.91
"2023-08-01 02:00:00",1.47,,5.9,3.36
"2023-08-01 03:00:00",0.53,,7.54,3.67
"2023-08-01 04:00:00",0.31,,6.79,3.05
"2023-08-01 05:00:00",6.75,,5.13,2.35
"2023-08-01 06:00:00",0.94,,5.15,2.34
"2023-08-01 07:00:00",4.83,,6.7,2.69
"2023-08-01 08:00:00",11.26,,4.48,2.16
"2023-08-01 09:00:00",10.06,,7.29,3.34
"2023-08-01 10:00:00",6.68,,8.57,3.43
"2023-08-01 11:00:00",4.72,,6.01,2.29
"2023-08-01 12:00:00",5.54,,7.96,2.68
"2023-08-01 13:00:00",5.63,,7.38,2.7
"2023-08-01 14:00:00",3.31,,6.16,2.16
"2023-08-01 15:00:00",0.34,,4.43,2.15
"2023-08-01 16:00:00",0.12,,5.7,2.86
"2023-08-01 17:00:00",0.55,,5.38,3.32
"2023-08-01 18:00:00",0.86,,5.57,3.78
"2023-08-01 19:00:00",1,,5.54,3.81
"2023-08-01 20:00:00",4.77,,4.22,2.81
"2023-08-01 21:00:00",0.03,,2.67,1.79
"2023-08-01 22:00:00",0.53,,2.21,1.17
"2023-08-01 23:00:00",0.44,,2.23,0.94
"2023-08-02 00:00:00",-0.04,,2.34,1.23
"2023-08-02 01:00:00",1.01,,4.78,2.49
"2023-08-02 02:00:00",1.73,,5.75,2.93
"2023-08-02 03:00:00",-0.91,,6.92,3.22
"2023-08-02 04:00:00",-0.16,,7.02,3.36
"2023-08-02 05:00:00",0.91,,6.74,3.18
"2023-08-02 06:00:00",2.6,,7.11,3.18
"2023-08-02 07:00:00",8.85,,6.72,3.45
"2023-08-02 08:00:00",6.97,,4.78,2.48
"2023-08-02 09:00:00",8.08,,5.04,2.34
"2023-08-02 10:00:00",4.59,,3.08,0.92
"2023-08-02 11:00:00",5.22,,2.37,0.76
"2023-08-02 12:00:00",6.46,,4.11,1.46
"2023-08-02 13:00:00",6.14,,5.14,1.88
"2023-08-02 14:00:00",4.7,,5.44,2.16
"2023-08-02 15:00:00",3.45,,4.7,2.48
"2023-08-02 16:00:00",4.31,,6.65,2.89
"2023-08-02 17:00:00",3.75,,4.69,2.25
"2023-08-02 18:00:00",2.33,,5.22,2.25
"2023-08-02 19:00:00",1.98,,5.53,2.67
"2023-08-02 20:00:00",2.04,,7.29,4.08
"2023-08-02 21:00:00",2.13,,8.41,4.88
"2023-08-02 22:00:00",1.54,,9.44,5.31
"2023-08-02 23:00:00",0.15,,8.93,5.19
"2023-08-03 00:00:00",-0.36,,9.52,5.16
"2023-08-03 01:00:00",-0.96,,8.76,4.77
"2023-08-03 02:00:00",-0.25,,7.97,4.21
"2023-08-03 03:00:00",-0.24,,7.89,4
"2023-08-03 04:00:00",-1.39,,6.8,3.26
"2023-08-03 05:00:00",-0.51,,6.03,2.83
"2023-08-03 06:00:00",1.24,,3.37,1.82
"2023-08-03 07:00:00",6.63,,4.7,2.08
"2023-08-03 08:00:00",8.63,,5.56,2.31
"2023-08-03 09:00:00",4.82,,6.1,2.18
"2023-08-03 10:00:00",3.21,,4.64,1.65
"2023-08-03 11:00:00",2.71,,4.26,1.54
"2023-08-03 12:00:00",3.34,,5.22,1.69
"2023-08-03 13:00:00",2.37,,4.74,1.47
"2023-08-03 14:00:00",2.94,,4.17,1.76
"2023-08-03 15:00:00",3.21,,3.69,1.63
"2023-08-03 16:00:00",5.1,,6.78,2.41
"2023-08-03 17:00:00",4.78,,6.77,2.9
"2023-08-03 18:00:00",3.32,,7.44,3.75
"2023-08-03 19:00:00",2.62,,9.26,4.9
"2023-08-03 20:00:00",2.84,,10.65,6.21
"2023-08-03 21:00:00",4.18,,12.2,6.35
"2023-08-03 22:00:00",4.77,,12.07,6.5
"2023-08-03 23:00:00",3.34,,11.43,6.31
"2023-08-04 00:00:00",0.53,,10.33,5.73
"2023-08-04 01:00:00",0.22,,9.85,5.33
"2023-08-04 02:00:00",0.89,,8.08,4.65
"2023-08-04 03:00:00",1.35,,7.93,4.63
"2023-08-04 04:00:00",0.76,,9.66,5.16
"2023-08-04 05:00:00",3.02,,9.99,5.7
"2023-08-04 06:00:00",7.12,,13.8,7.18
"2023-08-04 07:00:00",6.53,,15.26,8.3
"2023-08-04 08:00:00",8.53,,15.33,8.68
"2023-08-04 09:00:00",3.93,,14.82,8.21
"2023-08-04 10:00:00",5.65,,12.82,6.33
"2023-08-04 11:00:00",4.7,,11.79,5.65
"2023-08-04 12:00:00",5.76,,13.9,6
"2023-08-04 13:00:00",4.02,,12.1,5.01
"2023-08-04 14:00:00",5.22,,12.6,5.32
"2023-08-04 15:00:00",3.86,,12.99,5.24
"2023-08-04 16:00:00",1.59,,17.28,5.89
"2023-08-04 17:00:00",2.45,,10.62,5.9
"2023-08-04 18:00:00",2.53,,10.43,5.81
"2023-08-04 19:00:00",1.61,,7.32,5.19
"2023-08-04 20:00:00",1.12,,5.73,4.28
"2023-08-04 21:00:00",0.22,,5,3.71
"2023-08-04 22:00:00",-0.74,,3.07,2.39
"2023-08-04 23:00:00",-1.76,,1.85,0.95
"2023-08-05 00:00:00",-2.11,,1.01,0.56
"2023-08-05 01:00:00",-2.21,,1.22,0.44
"2023-08-05 02:00:00",-1.95,,2.16,0.55
"2023-08-05 03:00:00",-1.86,,1.53,0.38
"2023-08-05 04:00:00",-0.47,,1.97,0.48
"2023-08-05 05:00:00",-1.05,,2.2,0.47
"2023-08-05 06:00:00",-0.32,,1.31,0.36
"2023-08-05 07:00:00",-0.46,,1.92,0.56
"2023-08-05 08:00:00",0.19,,2.32,1.12
"2023-08-05 09:00:00",0.87,,2.66,1.49
"2023-08-05 10:00:00",1.06,,2.85,1.27
"2023-08-05 11:00:00",1.65,,2.47,1.3
"2023-08-05 12:00:00",2.02,,3.07,1.28
"2023-08-05 13:00:00",2.41,,2.67,1.22
"2023-08-05 14:00:00",2.76,,3.32,1.41
"2023-08-05 15:00:00",1.62,,2.53,1.12
"2023-08-05 16:00:00",2.5,,2.84,1.24
"2023-08-05 17:00:00",1.27,,4.1,1.85
"2023-08-05 18:00:00",1.11,,5.21,2.63
"2023-08-05 19:00:00",1.25,,5.54,2.96
"2023-08-05 20:00:00",1.08,,5.48,2.96
"2023-08-05 21:00:00",1.65,,5.9,2.75
"2023-08-05 22:00:00",2.77,,6.77,3.51
"2023-08-05 23:00:00",2.29,,6.6,3.66
"2023-08-06 00:00:00",2.72,,6.71,3.93
"2023-08-06 01:00:00",1.18,,6.53,3.9
"2023-08-06 02:00:00",2.59,,6.16,3.81
"2023-08-06 03:00:00",0.3,,4.99,3.12
"2023-08-06 04:00:00",0.2,,4.53,2.91
"2023-08-06 05:00:00",-0.53,,4.52,2.84
"2023-08-06 06:00:00",-0.58,,4.57,3.04
"2023-08-06 07:00:00",0.13,,6.7,3.56
"2023-08-06 08:00:00",0.41,,5.82,3.31
"2023-08-06 09:00:00",-0.22,,6.2,3.35
"2023-08-06 10:00:00",0.17,,6.78,3.48
"2023-08-06 11:00:00",0.88,,4.61,2.68
"2023-08-06 12:00:00",0.86,,4.86,2.84
"2023-08-06 13:00:00",1.2,,7.05,3.53
"2023-08-06 14:00:00",1.2,,6.07,3.1
"2023-08-06 15:00:00",0.94,,6.38,3.19
"2023-08-06 16:00:00",1,,5.57,2.89
"2023-08-06 17:00:00",1.19,,5.63,3.01
"2023-08-06 18:00:00",2.76,,5.29,2.8
"2023-08-06 19:00:00",2.22,,5.15,2.25
"2023-08-06 20:00:00",2.19,,5.32,2.54
"2023-08-06 21:00:00",5.53,,6.53,2.85
"2023-08-06 22:00:00",5.86,,6.6,3.35
"2023-08-06 23:00:00",6.62,,7.16,3.1
"2023-08-07 00:00:00",1.48,,4.67,1.98
"2023-08-07 01:00:00",1.44,,5.21,2.65
"2023-08-07 02:00:00",0.36,,5.44,2.84
"2023-08-07 03:00:00",-0.33,,5.85,2.67
"2023-08-07 04:00:00",-0.1,,4.52,2.35
"2023-08-07 05:00:00",-0.27,,3.94,2.03
"2023-08-07 06:00:00",0.75,,3.71,1.74
"2023-08-07 07:00:00",1.01,,3.37,1.54
"2023-08-07 08:00:00",-0.85,,3.3,1.56
"2023-08-07 09:00:00",-0.38,,3.45,1.77
"2023-08-07 10:00:00",-1.16,,3.53,1.99
"2023-08-07 11:00:00",-0.79,,3.5,2.03
"2023-08-07 12:00:00",-0.28,,3.22,1.85
"2023-08-07 13:00:00",0.79,,2.99,1.83
"2023-08-07 14:00:00",-0.88,,4.08,2.27
"2023-08-07 15:00:00",-0.67,,3.62,2.4
"2023-08-07 16:00:00",-0.58,,4.52,2.81
"2023-08-07 17:00:00",-0.16,,4.4,2.71
"2023-08-07 18:00:00",-0.06,,4.02,2.53
"2023-08-07 19:00:00",0.54,,4.58,3.09
"2023-08-07 20:00:00",0.74,,3.68,2.39
"2023-08-07 21:00:00",1.36,,4.03,2.62
"2023-08-07 22:00:00",0.98,,3.39,2.33
"2023-08-07 23:00:00",5.56,,3.24,2.58
"2023-08-08 00:00:00",0.77,,3.5,2.52
"2023-08-08 01:00:00",0.18,,3.61,2.39
"2023-08-08 02:00:00",-0.16,,3.44,2.33
"2023-08-08 03:00:00",-0.56,,3.26,2.06
"2023-08-08 04:00:00",-0.05,,3.6,2.12
"2023-08-08 05:00:00",0.85,,2.64,1.55
"2023-08-08 06:00:00",1.35,,2.76,1.27
"2023-08-08 07:00:00",5.89,,4.68,2.36
"2023-08-08 08:00:00",4.93,,7.75,3.79
"2023-08-08 09:00:00",5.52,,7.25,3.85
"2023-08-08 10:00:00",5.89,,3.95,1.94
"2023-08-08 11:00:00",7.11,,3.72,1.88
"2023-08-08 12:00:00",6.79,,4.63,2.08
"2023-08-08 13:00:00",4.43,,3.48,2
"2023-08-08 14:00:00",4,,4.39,1.93
"2023-08-08 15:00:00",1,,2.21,1.25
"2023-08-08 16:00:00",0.45,,2.91,1.33
"2023-08-08 17:00:00",1.61,,3.16,1.34
"2023-08-08 18:00:00",1.72,,3.49,1.31
"2023-08-08 19:00:00",5.74,,3.2,1.56
"2023-08-08 20:00:00",10.18,,3.82,2.11
"2023-08-08 21:00:00",9.5,,4.29,2.72
"2023-08-08 22:00:00",7.7,,3.63,2.39
"2023-08-08 23:00:00",4.4,,3.54,2.52
"2023-08-09 00:00:00",2.1,,4.48,3.04
"2023-08-09 01:00:00",0.91,,4.46,2.9
"2023-08-09 02:00:00",0.31,,5.82,3.68
"2023-08-09 03:00:00",0.42,,6.46,3.76
"2023-08-09 04:00:00",0.44,,7.85,3.85
"2023-08-09 05:00:00",0.06,,7.03,3.21
"2023-08-09 06:00:00",0.13,,6.07,2.74
"2023-08-09 07:00:00",3.06,,5.8,2.3
"2023-08-09 08:00:00",3.37,,4.95,1.82
"2023-08-09 09:00:00",1.57,,3.75,1.6
"2023-08-09 10:00:00",2.14,,3.88,1.6
"2023-08-09 11:00:00",3.88,,5.51,1.87
"2023-08-09 12:00:00",0.32,,4.08,1.22
"2023-08-09 13:00:00",1.18,,3.77,1.39
"2023-08-09 14:00:00",0.37,,3.97,1.81
"2023-08-09 15:00:00",0.43,,4.05,1.83
"2023-08-09 16:00:00",0.86,,6.23,2.33
"2023-08-09 17:00:00",1.01,,5.73,2.2
"2023-08-09 18:00:00",1.89,,5.34,1.84
"2023-08-09 19:00:00",2.35,,4.27,1.41
"2023-08-09 20:00:00",2.23,,4.5,1.5
"2023-08-09 21:00:00",2.62,,4.98,1.98
"2023-08-09 22:00:00",0.69,,4.51,2.07
"2023-08-09 23:00:00",-0.33,,3.77,1.84
"2023-08-10 00:00:00",-0.98,,2.22,1.26
"2023-08-10 01:00:00",-0.83,,2.53,1.21
"2023-08-10 02:00:00",-0.22,,2.53,1.27
"2023-08-10 03:00:00",-0.33,,1.84,0.61
"2023-08-10 04:00:00",-1.46,,2.34,0.72
"2023-08-10 05:00:00",-1.25,,2.22,1.02
"2023-08-10 06:00:00",-0.55,,2.34,1.24
"2023-08-10 07:00:00",0.31,,3.81,2.15
"2023-08-10 08:00:00",0.89,,5.52,3.11
"2023-08-10 09:00:00",-0.17,,6.78,3.9
"2023-08-10 10:00:00",0.32,,6.84,4.3
"2023-08-10 11:00:00",0.77,,6.59,4.36
"2023-08-10 12:00:00",0.65,,6.69,4.07
"2023-08-10 13:00:00",0.16,,4.9,3
"2023-08-10 14:00:00",4.59,,6.18,3.87
"2023-08-10 15:00:00",0.48,,11.57,6.77
"2023-08-10 16:00:00",0.31,,10.37,6.33
"2023-08-10 17:00:00",0.53,,7.24,4.66
"2023-08-10 18:00:00",1.04,,6.28,3.8
"2023-08-10 19:00:00",1.22,,2.9,1.74
"2023-08-10 20:00:00",1.6,,1.89,0.96
"2023-08-10 21:00:00",5.72,,9.91,5.65
"2023-08-10 22:00:00",1.98,,13.45,7.73
"2023-08-10 23:00:00",1.03,,14.62,7.93
"2023-08-11 00:00:00",-0.04,,15.05,8.11
"2023-08-11 01:00:00",-0.76,,14.7,7.79
"2023-08-11 02:00:00",-1.5,,14.52,8.05
"2023-08-11 03:00:00",-1.72,,13.51,7.61
"2023-08-11 04:00:00",-1.72,,13.06,7.38
"2023-08-11 05:00:00",-1.36,,12.94,7.37
"2023-08-11 06:00:00",-0.11,,15.43,8.42
"2023-08-11 07:00:00",0.26,,16.78,9.5
"2023-08-11 08:00:00",-0.04,,18.27,10.1
"2023-08-11 09:00:00",-0.62,,19.36,10.11
"2023-08-11 10:00:00",-1.08,,18.52,9.77
"2023-08-11 11:00:00",-0.17,,16.19,8.65
"2023-08-11 12:00:00",-0.78,,13.16,7.05
"2023-08-11 13:00:00",-0.13,,16.63,8.58
"2023-08-11 14:00:00",0.82,,17.79,8.99
"2023-08-11 15:00:00",-0.25,,14.94,7.05
"2023-08-11 16:00:00",0.51,,9.56,5.89
"2023-08-11 17:00:00",-0.17,,11.86,6.78
"2023-08-11 18:00:00",-0.05,,10.44,5.81
"2023-08-11 19:00:00",-0.33,,10.11,5.81
"2023-08-11 20:00:00",-0.31,,11.12,6.38
"2023-08-11 21:00:00",-0.47,,9.86,5.69
"2023-08-11 22:00:00",-1.16,,7.15,4.4
"2023-08-11 23:00:00",-1.48,,7.94,4.68
"2023-08-12 00:00:00",-1.78,,5.23,3.28
"2023-08-12 01:00:00",-1.91,,3.06,1.84
"2023-08-12 02:00:00",-1.38,,1.39,0.72
"2023-08-12 03:00:00",-1.64,,1.65,0.84
"2023-08-12 04:00:00",-1.87,,3.14,1.79
"2023-08-12 05:00:00",-1.67,,2.14,1.37
"2023-08-12 06:00:00",-1.6,,2.33,1.13
"2023-08-12 07:00:00",-0.13,,3.92,1.53
"2023-08-12 08:00:00",-1.13,,5.93,2.95
"2023-08-12 09:00:00",-1.38,,7.46,3.47
"2023-08-12 10:00:00",-1.11,,7.17,3.62
"2023-08-12 11:00:00",0.89,,5.01,2.99
"2023-08-12 12:00:00",1.43,,6.5,3.43
"2023-08-12 13:00:00",5.95,,7.36,3.38
"2023-08-12 14:00:00",2.4,,4.49,2.31
"2023-08-12 15:00:00",3.3,,2.71,1.39
"2023-08-12 16:00:00",6.39,,4.24,2.13
"2023-08-12 17:00:00",6.06,,6.39,3.05
"2023-08-12 18:00:00",3.68,,7.92,3.95
"2023-08-12 19:00:00",7.61,,6.68,3.3
"2023-08-12 20:00:00",9.16,,9.16,4.07
"2023-08-12 21:00:00",-0.16,,9.08,4.68
"2023-08-12 22:00:00",0.21,,9.34,4.61
"2023-08-12 23:00:00",-1.24,,5.13,3.18
"2023-08-13 00:00:00",-1.47,,4.48,2.56
"2023-08-13 01:00:00",-1.64,,5.46,2.65
"2023-08-13 02:00:00",-1.31,,5.76,2.66
"2023-08-13 03:00:00",-1.76,,7.28,3.34
"2023-08-13 04:00:00",-1.97,,5.45,2.31
"2023-08-13 05:00:00",-1.97,,5.59,2.15
"2023-08-13 06:00:00",-1.75,,3.54,1.71
"2023-08-13 07:00:00",-1.05,,3.92,1.73
"2023-08-13 08:00:00",-0.91,,5.12,2.22
"2023-08-13 09:00:00",-1,,5.84,2.43
"2023-08-13 10:00:00",-1.57,,5,2.27
"2023-08-13 11:00:00",-0.84,,4.84,2.26
"2023-08-13 12:00:00",-0.54,,4.33,1.95
"2023-08-13 13:00:00",-0.66,,3.74,1.64
"2023-08-13 14:00:00",1.11,,4.23,1.87
"2023-08-13 15:00:00",4.1,,7.7,3.02
"2023-08-13 16:00:00",3.48,,12.78,4.09
"2023-08-13 17:00:00",4.45,,13.64,4.36
"2023-08-13 18:00:00",4.76,,8.15,3.13
"2023-08-13 19:00:00",5.72,,7.32,2.69
"2023-08-13 20:00:00",7.08,,20.46,5.9
"2023-08-13 21:00:00",6.07,,4.94,2.23
"2023-08-13 22:00:00",3.53,,5.37,2.56
"2023-08-13 23:00:00",2.68,,4.99,2.35
"2023-08-14 00:00:00",2.47,,4.83,2.29
"2023-08-14 01:00:00",0.62,,4.25,2.21
"2023-08-14 02:00:00",2.28,,5.34,2.4
"2023-08-14 03:00:00",0.89,,5.55,2.5
"2023-08-14 04:00:00",0.13,,4.16,2.18
"2023-08-14 05:00:00",3.06,,5.62,3.39
"2023-08-14 06:00:00",8.52,,5.29,3
"2023-08-14 07:00:00",10.69,,19.78,6.31
"2023-08-14 08:00:00",10.95,,16.51,5.17
"2023-08-14 09:00:00",11.31,,16.46,5.51
"2023-08-14 10:00:00",6.83,,16.66,4.96
"2023-08-14 11:00:00",5.52,,7.8,3.07
"2023-08-14 12:00:00",4.8,,8.73,3.22
"2023-08-14 13:00:00",6.45,,10,3.44
"2023-08-14 14:00:00",3.82,,6.83,3.09
"2023-08-14 15:00:00",10.69,,12.08,4.43
"2023-08-14 16:00:00",6.97,,10.81,4.31
"2023-08-14 17:00:00",10.43,,5.68,2.86
"2023-08-14 18:00:00",4.47,,5.59,2.85
"2023-08-14 19:00:00",4.22,,10.24,3.75
"2023-08-14 20:00:00",4.3,,12.67,4.09
"2023-08-14 21:00:00",4.22,,7.9,2.94
"2023-08-14 22:00:00",6.78,,4.89,2.2
"2023-08-14 23:00:00",3.12,,5.28,2.54
"2023-08-15 00:00:00",2.56,,5.2,2.54
"2023-08-15 01:00:00",2.16,,4.74,2.3
"2023-08-15 02:00:00",1.82,,4.7,2.36
"2023-08-15 03:00:00",1.91,,5.01,2.53
"2023-08-15 04:00:00",2.44,,4.41,2.16
"2023-08-15 05:00:00",2.98,,3.06,1.59
"2023-08-15 06:00:00",4.67,,4.49,1.66
"2023-08-15 07:00:00",7.61,,5.02,1.63
"2023-08-15 08:00:00",9.53,,9.38,3.28
"2023-08-15 09:00:00",20.18,,4.54,1.65
"2023-08-15 10:00:00",3.93,,2.87,1.21
"2023-08-15 11:00:00",4.1,,5.62,2.49
"2023-08-15 12:00:00",4.67,,4.5,2.11
"2023-08-15 13:00:00",3.72,,3.33,1.36
"2023-08-15 14:00:00",5.36,,4.1,1.55
"2023-08-15 15:00:00",4.58,,4.09,1.5
"2023-08-15 16:00:00",6.84,,6.24,1.73
"2023-08-15 17:00:00",11.73,,5.51,2.3
"2023-08-15 18:00:00",7.75,,4.33,1.75
"2023-08-15 19:00:00",5.88,,3.88,1.66
"2023-08-15 20:00:00",5.14,,2.48,1.48
"2023-08-15 21:00:00",5.54,,4.11,2.06
"2023-08-15 22:00:00",6.7,,3.55,1.85
"2023-08-15 23:00:00",6.26,,3.75,2.01
"2023-08-16 00:00:00",5.05,,3.85,2.1
"2023-08-16 01:00:00",10.9,,5.56,3.13
"2023-08-16 02:00:00",6.72,,5.42,3.05
"2023-08-16 03:00:00",4.84,,4.18,2.1
"2023-08-16 04:00:00",5.64,,4.36,2.23
"2023-08-16 05:00:00",17.55,,4.94,2.91
"2023-08-16 06:00:00",13.64,,4.62,2.63
"2023-08-16 07:00:00",16.84,,7.46,3.37
"2023-08-16 08:00:00",18.4,,10.93,4.05
"2023-08-16 09:00:00",14.02,,7.84,3.02
"2023-08-16 10:00:00",7.6,,6.62,2.62
"2023-08-16 11:00:00",7.66,,5.8,2.5
"2023-08-16 12:00:00",9.93,,7.9,3.11
"2023-08-16 13:00:00",4.68,,6.27,2.63
"2023-08-16 14:00:00",3.65,,4.14,2.08
"2023-08-16 15:00:00",2.43,,4.44,1.95
"2023-08-16 16:00:00",2.34,,4.55,2.15
"2023-08-16 17:00:00",2.63,,7.05,2.52
"2023-08-16 18:00:00",3.54,,6.37,2.77
"2023-08-16 19:00:00",5.36,,6.74,3
"2023-08-16 20:00:00",5.71,,6.19,2.66
"2023-08-16 21:00:00",3.97,,4.98,2.54
"2023-08-16 22:00:00",2.82,,4.18,2.25
"2023-08-16 23:00:00",4.18,,4.23,2.08
"2023-08-17 00:00:00",7.91,,5.26,2.45
"2023-08-17 01:00:00",1.47,,3.6,2.02
"2023-08-17 02:00:00",1.05,,3.96,2.16
"2023-08-17 03:00:00",0.24,,3.95,2.56
"2023-08-17 04:00:00",10.55,,5.79,3.8
"2023-08-17 05:00:00",18.87,,6.19,4.56
"2023-08-17 06:00:00",24.83,,7.45,5.39
"2023-08-17 07:00:00",26.13,,9.67,5.54
"2023-08-17 08:00:00",10.7,,7.88,4.37
"2023-08-17 09:00:00",8.15,,7.94,4.29
"2023-08-17 10:00:00",7.67,,9.73,4.73
"2023-08-17 11:00:00",6.25,,12.18,5.45
"2023-08-17 12:00:00",4.95,,14.1,6.32
"2023-08-17 13:00:00",3.51,,13.7,5.59
"2023-08-17 14:00:00",3.59,,9.18,4.02
"2023-08-17 15:00:00",1.65,,9.38,3.25
"2023-08-17 16:00:00",1.76,,9.44,3.96
"2023-08-17 17:00:00",1.09,,7.43,3.35
"2023-08-17 18:00:00",1.43,,6.68,3.34
"2023-08-17 19:00:00",2.2,,6.75,3.92
"2023-08-17 20:00:00",4.64,,8.31,4.52
"2023-08-17 21:00:00",4.94,,12.93,8.27
"2023-08-17 22:00:00",4.08,,15.45,11.53
"2023-08-17 23:00:00",11.22,,16.68,12.8
"2023-08-18 00:00:00",5.05,,15.9,11.79
"2023-08-18 01:00:00",2.1,,14.02,11.64
"2023-08-18 02:00:00",0.08,,11.85,9.63
"2023-08-18 03:00:00",-0.09,,10.85,9.11
"2023-08-18 04:00:00",2.06,,7.38,5.54
"2023-08-18 05:00:00",38.22,,8.67,6.44
"2023-08-18 06:00:00",25.72,,9.82,7.81
"2023-08-18 07:00:00",11.71,,11.52,8.79
"2023-08-18 08:00:00",6.73,,11.64,8.16
"2023-08-18 09:00:00",7.3,,10.49,7.36
"2023-08-18 10:00:00",3.21,,8.87,5.49
"2023-08-18 11:00:00",5.16,,8.23,4.84
"2023-08-18 12:00:00",2.37,,7.01,4.03
"2023-08-18 13:00:00",3.79,,8.08,5.27
"2023-08-18 14:00:00",4.67,,8.48,5.96
"2023-08-18 15:00:00",8.72,,10.95,8.29
"2023-08-18 16:00:00",10.74,,10.16,8.32
"2023-08-18 17:00:00",8.69,,7.19,5.48
"2023-08-18 18:00:00",10.48,,3.84,2.49
"2023-08-18 19:00:00",12.68,,2.67,1.65
"2023-08-18 20:00:00",8.04,,1.88,0.79
"2023-08-18 21:00:00",4.55,,1.89,0.87
"2023-08-18 22:00:00",2.33,,2.59,1.15
"2023-08-18 23:00:00",1.86,,11.62,6.11
"2023-08-19 00:00:00",2.33,,14.4,7.46
"2023-08-19 01:00:00",5.63,,14.17,6.69
"2023-08-19 02:00:00",-0.18,,12.07,5.83
"2023-08-19 03:00:00",4.6,,4.81,2.41
"2023-08-19 04:00:00",0.19,,2.16,0.61
"2023-08-19 05:00:00",-1.46,,2.05,0.61
"2023-08-19 06:00:00",-1.54,,4.43,2.27
"2023-08-19 07:00:00",-1.28,,5.33,2.54
"2023-08-19 08:00:00",-0.72,,3.63,1.64
"2023-08-19 09:00:00",-1.12,,3.03,1.47
"2023-08-19 10:00:00",-0.85,,4.81,2.16
"2023-08-19 11:00:00",-0.8,,4.48,2.02
"2023-08-19 12:00:00",-0.59,,3.88,1.68
"2023-08-19 13:00:00",-0.1,,4.23,1.75
"2023-08-19 14:00:00",0.64,,5.02,1.89
"2023-08-19 15:00:00",-0.45,,5.12,2.19
"2023-08-19 16:00:00",0.06,,6.92,3.23
"2023-08-19 17:00:00",-0.02,,5.29,2.65
"2023-08-19 18:00:00",0.34,,5.27,2.9
"2023-08-19 19:00:00",0.37,,6.7,3.62
"2023-08-19 20:00:00",2.42,,7.61,4.12
"2023-08-19 21:00:00",3.83,,7.4,4.14
"2023-08-19 22:00:00",1.83,,7.41,4.31
"2023-08-19 23:00:00",-0.1,,9.48,5.26
"2023-08-20 00:00:00",-0.34,,7.12,3.85
"2023-08-20 01:00:00",-0.31,,7.42,3.77
"2023-08-20 02:00:00",-1.1,,7.38,3.77
"2023-08-20 03:00:00",-1.28,,8.03,4.07
"2023-08-20 04:00:00",-1.3,,7.84,4.11
"2023-08-20 05:00:00",-1.32,,8.6,4.28
"2023-08-20 06:00:00",-1.29,,10.01,4.88
"2023-08-20 07:00:00",-1.06,,10.73,5.54
"2023-08-20 08:00:00",-0.98,,11.71,5.88
"2023-08-20 09:00:00",-1.37,,9.52,5.32
"2023-08-20 10:00:00",-1.24,,9.59,5.11
"2023-08-20 11:00:00",-1.46,,8.17,4.32
"2023-08-20 12:00:00",-0.94,,7.93,4.1
"2023-08-20 13:00:00",-0.41,,6.9,3.52
"2023-08-20 14:00:00",0.1,,6.68,3.36
"2023-08-20 15:00:00",0.05,,6.68,3.21
"2023-08-20 16:00:00",-0.09,,6.91,3.42
"2023-08-20 17:00:00",0.27,,8.01,3.85
"2023-08-20 18:00:00",0.39,,7.66,3.98
"2023-08-20 19:00:00",0.42,,7.01,3.84
"2023-08-20 20:00:00",0.71,,7.66,4.28
"2023-08-20 21:00:00",0.45,,6.65,4.36
"2023-08-20 22:00:00",0.61,,9.26,6.22
"2023-08-20 23:00:00",0.12,,6.37,4.13
"2023-08-21 00:00:00",-0.88,,6.11,3.75
"2023-08-21 01:00:00",-1.2,,6.29,3.53
"2023-08-21 02:00:00",-1.51,,5.51,3.21
"2023-08-21 03:00:00",-1.52,,5.05,2.9
"2023-08-21 04:00:00",-0.78,,3.02,1.86
"2023-08-21 05:00:00",-0.01,,3.94,2.37
"2023-08-21 06:00:00",1.76,,6.58,3.44
"2023-08-21 07:00:00",2.07,,7.44,3.8
"2023-08-21 08:00:00",1.26,,8.22,4.57
"2023-08-21 09:00:00",-0.14,,8.08,4.51
"2023-08-21 10:00:00",-0.65,,6.81,4.07
"2023-08-21 11:00:00",0.1,,7.22,3.93
"2023-08-21 12:00:00",0.18,,7.93,3.95
"2023-08-21 13:00:00",0.71,,8.56,4.24
"2023-08-21 14:00:00",1.22,,7.62,4.02
"2023-08-21 15:00:00",3.13,,7.76,3.73
"2023-08-21 16:00:00",2.65,,7.63,3.56
"2023-08-21 17:00:00",2.08,,5.73,3.16
"2023-08-21 18:00:00",1.2,,6.03,3.11
"2023-08-21 19:00:00",1.85,,6.14,3.17
"2023-08-21 20:00:00",1.39,,5.77,3.21
"2023-08-21 21:00:00",1.17,,6.07,3.63
"2023-08-21 22:00:00",1.93,,6.32,3.77
"2023-08-21 23:00:00",0.09,,5.04,3.14
"2023-08-22 00:00:00",-0.29,,3.99,2.52
"2023-08-22 01:00:00",-1.26,,4.06,2.32
"2023-08-22 02:00:00",5.98,,4.13,2.3
"2023-08-22 03:00:00",11.07,,4.29,1.87
"2023-08-22 04:00:00",-1.16,,3.47,1.84
"2023-08-22 05:00:00",-0.37,,4.01,1.98
"2023-08-22 06:00:00",4.03,,4.09,1.8
"2023-08-22 07:00:00",1.54,,3.84,1.68
"2023-08-22 08:00:00",6.02,,4.2,1.95
"2023-08-22 09:00:00",12.87,,6.85,2.58
"2023-08-22 10:00:00",7.14,,11.99,4.98
"2023-08-22 11:00:00",9.46,,17.98,6.79
"2023-08-22 12:00:00",7.49,,17.79,6.39
"2023-08-22 13:00:00",8.19,,13.97,5.72
"2023-08-22 14:00:00",7.13,,17.23,6.34
"2023-08-22 15:00:00",8.97,,16,5.56
"2023-08-22 16:00:00",6.23,,12.04,4.65
"2023-08-22 17:00:00",9.53,,13.17,5.25
"2023-08-22 18:00:00",10.03,,13.89,5.87
"2023-08-22 19:00:00",8.38,,12.13,5.55
"2023-08-22 20:00:00",18.03,,15.74,7.54
"2023-08-22 21:00:00",10.59,,10.37,5.28
"2023-08-22 22:00:00",7.19,,11.29,5.55
"2023-08-22 23:00:00",5.07,,11.99,5.95
"2023-08-23 00:00:00",6,,12.59,6.48
"2023-08-23 01:00:00",2.34,,8.61,5.14
"2023-08-23 02:00:00",0.53,,7.56,4.48
"2023-08-23 03:00:00",1.93,,8.28,4.91
"2023-08-23 04:00:00",2.11,,7.93,4.81
"2023-08-23 05:00:00",12.66,,8.28,5.01
"2023-08-23 06:00:00",12.51,,8.9,4.93
"2023-08-23 07:00:00",16.18,,10.28,5.16
"2023-08-23 08:00:00",18.79,,10.27,4.44
"2023-08-23 09:00:00",7.62,,4.92,2.54
"2023-08-23 10:00:00",4.89,,4.53,1.92
"2023-08-23 11:00:00",12.84,,5.37,2.09
"2023-08-23 12:00:00",6.59,,2.69,1.2
"2023-08-23 13:00:00",6.66,,3.04,1.51
"2023-08-23 14:00:00",6.72,,3.64,1.85
"2023-08-23 15:00:00",5.65,,9.39,3.24
"2023-08-23 16:00:00",7.07,,7.77,3.46
"2023-08-23 17:00:00",6.07,,5.6,2.64
"2023-08-23 18:00:00",6.57,,5.91,2.42
"2023-08-23 19:00:00",5.88,,7.66,3.46
"2023-08-23 20:00:00",6.87,,9.54,5.17
"2023-08-23 21:00:00",5.16,,9.8,5.15
"2023-08-23 22:00:00",5.42,,10.29,5.1
"2023-08-23 23:00:00",1,,5.11,3.48
"2023-08-24 00:00:00",0.41,,6.02,3.89
"2023-08-24 01:00:00",0.51,,6.85,3.8
"2023-08-24 02:00:00",0.97,,6.55,3.72
"2023-08-24 03:00:00",1.8,,6.22,3.33
"2023-08-24 04:00:00",2.28,,6.68,3.29
"2023-08-24 05:00:00",3.64,,4.9,2.91
"2023-08-24 06:00:00",8.83,,6.97,3.39
"2023-08-24 07:00:00",25.47,,5.65,3.29
"2023-08-24 08:00:00",23.04,,6.57,3.24
"2023-08-24 09:00:00",12.9,,26.57,7.44
"2023-08-24 10:00:00",8.69,,18.65,5.31
"2023-08-24 11:00:00",6.07,,11.37,3.44
"2023-08-24 12:00:00",8.5,,17.55,4.58
"2023-08-24 13:00:00",5.58,,16.83,4.27
"2023-08-24 14:00:00",7.35,,16.37,4.13
"2023-08-24 15:00:00",9.45,,21.18,5.35
"2023-08-24 16:00:00",7.78,,19.67,4.95
"2023-08-24 17:00:00",7.14,,16.13,4.21
"2023-08-24 18:00:00",5.12,,9.23,3.04
"2023-08-24 19:00:00",7.95,,8.85,3.28
"2023-08-24 20:00:00",9.73,,8.31,3.45
"2023-08-24 21:00:00",7.42,,6.81,3.12
"2023-08-24 22:00:00",2.25,,5.46,2.87
"2023-08-24 23:00:00",0.87,,7.82,3.54
"2023-08-25 00:00:00",0.72,,6.4,3.37
"2023-08-25 01:00:00",0.29,,3.55,2.17
"2023-08-25 02:00:00",0.43,,3.58,2
"2023-08-25 03:00:00",1.65,,2.78,1.55
"2023-08-25 04:00:00",2.52,,2.16,1.1
"2023-08-25 05:00:00",0.79,,2.95,1.58
"2023-08-25 06:00:00",7.18,,3.04,1.53
"2023-08-25 07:00:00",10.05,,2.24,1.13
"2023-08-25 08:00:00",9.88,,3.28,1.43
"2023-08-25 09:00:00",8.95,,4.47,1.76
"2023-08-25 10:00:00",5.73,,4.22,1.7
"2023-08-25 11:00:00",5.9,,4.66,1.75
"2023-08-25 12:00:00",8.21,,3.43,1.58
"2023-08-25 13:00:00",7.2,,4.49,1.6
"2023-08-25 14:00:00",7.05,,5.94,2.12
"2023-08-25 15:00:00",8.43,,6.28,2.07
"2023-08-25 16:00:00",6.71,,4.17,2.28
"2023-08-25 17:00:00",8.15,,6.23,3.33
"2023-08-25 18:00:00",4.87,,5.8,3.1
"2023-08-25 19:00:00",6.02,,6.63,3.73
"2023-08-25 20:00:00",9.37,,8.94,4.43
"2023-08-25 21:00:00",8.6,,5.46,3.32
"2023-08-25 22:00:00",4.41,,5.43,2.41
"2023-08-25 23:00:00",5.69,,4.96,2.4
"2023-08-26 00:00:00",2.92,,6.98,2.93
"2023-08-26 01:00:00",1.5,,7.79,3.61
"2023-08-26 02:00:00",0.76,,7.39,3.43
"2023-08-26 03:00:00",0.23,,6.54,3.23
"2023-08-26 04:00:00",0.28,,7.58,3.38
"2023-08-26 05:00:00",1.44,,8.73,3.85
"2023-08-26 06:00:00",0.79,,8.06,4.06
"2023-08-26 07:00:00",1.47,,7.66,3.73
"2023-08-26 08:00:00",1.73,,4.34,2.25
"2023-08-26 09:00:00",1.67,,3.54,1.69
"2023-08-26 10:00:00",3.03,,4.68,1.87
"2023-08-26 11:00:00",3.49,,4.74,1.98
"2023-08-26 12:00:00",3.85,,4.35,1.83
"2023-08-26 13:00:00",3.93,,3.55,1.85
"2023-08-26 14:00:00",4,,2.51,1.43
"2023-08-26 15:00:00",3.23,,3.26,1.54
"2023-08-26 16:00:00",4.7,,3.46,1.85
"2023-08-26 17:00:00",3.86,,5.26,2.22
"2023-08-26 18:00:00",3.62,,3.72,1.85
"2023-08-26 19:00:00",4.16,,4.16,2.06
"2023-08-26 20:00:00",4.13,,3.45,1.7
"2023-08-26 21:00:00",3.5,,3.62,1.65
"2023-08-26 22:00:00",4,,3.4,1.51
"2023-08-26 23:00:00",6.24,,3.93,1.89
"2023-08-27 00:00:00",2.66,,3.99,1.89
"2023-08-27 01:00:00",0.8,,4.41,2.02
"2023-08-27 02:00:00",0.56,,4.63,1.91
"2023-08-27 03:00:00",0.36,,5.89,2.49
"2023-08-27 04:00:00",0.94,,5.45,2.49
"2023-08-27 05:00:00",0.18,,4.63,2.57
"2023-08-27 06:00:00",1.02,,3.26,2.07
"2023-08-27 07:00:00",0.37,,3.03,1.85
"2023-08-27 08:00:00",2.11,,2.82,1.49
"2023-08-27 09:00:00",2.29,,2.05,1.02
"2023-08-27 10:00:00",-0.1,,1.05,0.73
"2023-08-27 11:00:00",3.1,,1.85,1.06
"2023-08-27 12:00:00",2.45,,2.32,1
"2023-08-27 13:00:00",2.52,,2.98,1.42
"2023-08-27 14:00:00",2.99,,3.02,1.44
"2023-08-27 15:00:00",3.46,,4.03,1.9
"2023-08-27 16:00:00",2.87,,8.79,4.39
"2023-08-27 17:00:00",2.54,,13.82,7.23
"2023-08-27 18:00:00",2.85,,16.39,8.38
"2023-08-27 19:00:00",3.48,,16.04,8.34
"2023-08-27 20:00:00",4.86,,16.06,8.3
"2023-08-27 21:00:00",5.85,,14.86,7.5
"2023-08-27 22:00:00",4.96,,13.55,6.65
"2023-08-27 23:00:00",3.73,,13.84,6.52
"2023-08-28 00:00:00",3.21,,11.96,5.73
"2023-08-28 01:00:00",0.21,,11.92,5.15
"2023-08-28 02:00:00",-0.07,,8.81,3.92
"2023-08-28 03:00:00",0.15,,6.96,3.23
"2023-08-28 04:00:00",3.02,,7.4,3.68
"2023-08-28 05:00:00",2.18,,10.94,5.08
"2023-08-28 06:00:00",2.87,,10.5,5.76
"2023-08-28 07:00:00",10.72,,6.22,3.87
"2023-08-28 08:00:00",20.78,,10.69,6.23
"2023-08-28 09:00:00",9.82,,14.58,6.14
"2023-08-28 10:00:00",5.77,,4.41,2.72
"2023-08-28 11:00:00",6.3,,5.46,2.79
"2023-08-28 12:00:00",5.65,,5.3,2.77
"2023-08-28 13:00:00",5.1,,5.48,3.48
"2023-08-28 14:00:00",6.97,,9.58,5.28
"2023-08-28 15:00:00",9.97,,13.3,6.52
"2023-08-28 16:00:00",15.16,,19.61,8.2
"2023-08-28 17:00:00",10.39,,14.16,8.29
"2023-08-28 18:00:00",6.93,,12.66,7.39
"2023-08-28 19:00:00",6.74,,11.89,6.84
"2023-08-28 20:00:00",11.52,,10.96,6.41
"2023-08-28 21:00:00",5.39,,8.53,5.53
"2023-08-28 22:00:00",2.99,,8.54,5.67
"2023-08-28 23:00:00",0.45,,5.59,4.29
"2023-08-29 00:00:00",-0.44,,4.52,3.77
"2023-08-29 01:00:00",-1.17,,3.11,2.48
"2023-08-29 02:00:00",-0.04,,3.03,2.35
"2023-08-29 03:00:00",-0.72,,2.34,1.74
"2023-08-29 04:00:00",-0.51,,1.56,1.12
"2023-08-29 05:00:00",0.23,,1.47,0.92
"2023-08-29 06:00:00",3.08,,2.76,1.46
"2023-08-29 07:00:00",8.57,,4.39,1.96
"2023-08-29 08:00:00",12.29,,6.29,2.9
"2023-08-29 09:00:00",8.09,,8.85,4.1
"2023-08-29 10:00:00",4.24,,10.34,4.94
"2023-08-29 11:00:00",5.32,,14.53,6.32
"2023-08-29 12:00:00",4.57,,16.35,7.11
"2023-08-29 13:00:00",4.35,,17.46,7.82
"2023-08-29 14:00:00",3.56,,14.85,7.23
"2023-08-29 15:00:00",3.62,,13.48,6.64
"2023-08-29 16:00:00",4.87,,15.01,7.08
"2023-08-29 17:00:00",6.39,,14.58,6.89
"2023-08-29 18:00:00",5.14,,13.56,6.66
"2023-08-29 19:00:00",4.46,,14.91,6.78
"2023-08-29 20:00:00",4.85,,12.51,5.55
"2023-08-29 21:00:00",5.78,,14.03,5.85
"2023-08-29 22:00:00",3.92,,12.31,5.41
"2023-08-29 23:00:00",3.74,,11.01,4.86
"2023-08-30 00:00:00",1.59,,11.55,4.37
"2023-08-30 01:00:00",2.02,,10.56,3.93
"2023-08-30 02:00:00",0.79,,10.01,3.63
"2023-08-30 03:00:00",2.1,,8.02,3.15
"2023-08-30 04:00:00",0.17,,6.85,2.4
"2023-08-30 05:00:00",0.28,,4.5,1.79
"2023-08-30 06:00:00",4.27,,5.46,1.97
"2023-08-30 07:00:00",15.08,,6.24,2.25
"2023-08-30 08:00:00",24.43,,8.34,2.61
"2023-08-30 09:00:00",18.39,,14.57,3.51
"2023-08-30 10:00:00",8.13,,9.71,2.95
"2023-08-30 11:00:00",8.77,,10.14,2.92
"2023-08-30 12:00:00",7.29,,9.6,2.85
"2023-08-30 13:00:00",6.49,,9.1,2.74
"2023-08-30 14:00:00",2.31,,6.29,2.46
"2023-08-30 15:00:00",0,,7.09,3
"2023-08-30 16:00:00",2.29,,10.88,5.34
"2023-08-30 17:00:00",1.51,,12.61,5.95
"2023-08-30 18:00:00",4.24,,11.75,5.98
"2023-08-30 19:00:00",7.85,,11.13,5.8
"2023-08-30 20:00:00",5.99,,9.96,5.72
"2023-08-30 21:00:00",4.15,,10.91,6.3
"2023-08-30 22:00:00",1.03,,8.32,4.81
"2023-08-30 23:00:00",7.21,,7.08,4.58
"2023-08-31 00:00:00",0.62,,5.11,3.42
"2023-08-31 01:00:00",-0.79,,4.38,3.14
"2023-08-31 02:00:00",-1.39,,3.98,2.88
"2023-08-31 03:00:00",-1.43,,4.38,2.89
"2023-08-31 04:00:00",7.65,,4.17,2.89
"2023-08-31 05:00:00",7.67,,3.28,2.02
"2023-08-31 06:00:00",28.22,,2.87,1.75
"2023-08-31 07:00:00",28.57,,2,1.1
"2023-08-31 08:00:00",16.36,,2.49,1.43
"2023-08-31 09:00:00",9.38,,2.69,1.17
"2023-08-31 10:00:00",12.16,,3.37,1.76
"2023-08-31 11:00:00",8.4,,3.56,1.32
"2023-08-31 12:00:00",6.96,,3.91,1.58
"2023-08-31 13:00:00",7.11,,3.53,1.48
"2023-08-31 14:00:00",7.07,,5.65,3.17
"2023-08-31 15:00:00",5.81,,2.23,1.15
"2023-08-31 16:00:00",5.91,,3.71,1.51
"2023-08-31 17:00:00",6.59,,5.29,2.21
"2023-08-31 18:00:00",4.51,,6,2.22
"2023-08-31 19:00:00",7.25,,5.29,2.06
"2023-08-31 20:00:00",7.2,,7.02,3.07
"2023-08-31 21:00:00",5.93,,8.56,3.74
"2023-08-31 22:00:00",4.66,,7.68,3.65
"2023-08-31 23:00:00",4.82,,6.62,3.52
"2023-09-01 00:00:00",16.4,,9.41,5.99
"2023-09-01 01:00:00",3.9,,6.99,3.4
"2023-09-01 02:00:00",0.87,,6.03,2.84
"2023-09-01 03:00:00",0.13,,5.78,2.62
"2023-09-01 04:00:00",1.28,,5.93,2.7
"2023-09-01 05:00:00",4.1,,5.57,2.6
"2023-09-01 06:00:00",9.56,,5.28,2.61
"2023-09-01 07:00:00",22.23,,6.78,3.16
"2023-09-01 08:00:00",16.2,,7.99,3.38
"2023-09-01 09:00:00",14.59,,8.58,3.74
"2023-09-01 10:00:00",10.29,,6.82,3.22
"2023-09-01 11:00:00",6.97,,4.37,2.28
"2023-09-01 12:00:00",5.58,,3.68,1.81
"2023-09-01 13:00:00",6.35,,2.49,1.14
"2023-09-01 14:00:00",2.74,,2.31,1.12
"2023-09-01 15:00:00",4.27,,3.02,1.28
"2023-09-01 16:00:00",4.44,,4.11,1.72
"2023-09-01 17:00:00",4.82,,3.72,1.63
"2023-09-01 18:00:00",4.29,,4.42,2.21
"2023-09-01 19:00:00",2.85,,3.36,1.57
"2023-09-01 20:00:00",6.56,,4.13,1.89
"2023-09-01 21:00:00",8.29,,3.43,1.94
"2023-09-01 22:00:00",9.18,,4.45,2.38
"2023-09-01 23:00:00",16.02,,4.08,2.88
"2023-09-02 00:00:00",9.17,,4.87,2.72
"2023-09-02 01:00:00",7.86,,5.29,3.46
"2023-09-02 02:00:00",4.82,,5.94,2.93
"2023-09-02 03:00:00",3.09,,4.8,2.49
"2023-09-02 04:00:00",1.75,,4.73,3.21
"2023-09-02 05:00:00",3.93,,3.59,2.51
"2023-09-02 06:00:00",0.92,,2.68,2.14
"2023-09-02 07:00:00",5.59,,3.02,2.4
"2023-09-02 08:00:00",4.89,,3.18,2.74
"2023-09-02 09:00:00",2.81,,3.55,2.44
"2023-09-02 10:00:00",5.81,,3.85,3.06
"2023-09-02 11:00:00",2.45,,4.07,3.01
"2023-09-02 12:00:00",1.27,,4.27,3.33
"2023-09-02 13:00:00",-0.44,,4,3.19
"2023-09-02 14:00:00",0.75,,4.04,2.94
"2023-09-02 15:00:00",0.56,,4.15,2.72
"2023-09-02 16:00:00",6.13,,7.24,3.66
"2023-09-02 17:00:00",7.85,,5.71,3.2
"2023-09-02 18:00:00",4.41,,5.34,3.49
"2023-09-02 19:00:00",11.3,,10.26,4.77
"2023-09-02 20:00:00",13.92,,6.57,3.51
"2023-09-02 21:00:00",10.94,,6.16,3.86
"2023-09-02 22:00:00",7.9,,7.98,5.6
"2023-09-02 23:00:00",3.86,,6.89,4.55
"2023-09-03 00:00:00",5.28,,7.84,5.38
"2023-09-03 01:00:00",3.41,,8.45,5.32
"2023-09-03 02:00:00",4.65,,8.17,5.07
"2023-09-03 03:00:00",6.12,,6.84,4.71
"2023-09-03 04:00:00",2.57,,5.33,4.11
"2023-09-03 05:00:00",1.93,,6.29,4.56
"2023-09-03 06:00:00",1.4,,5.17,3.82
"2023-09-03 07:00:00",1.26,,5.76,3.96
"2023-09-03 08:00:00",-0.5,,6.17,4.35
"2023-09-03 09:00:00",0.15,,3.05,2.4
"2023-09-03 10:00:00",2.64,,3.76,2.71
"2023-09-03 11:00:00",3.62,,6.46,3.47
"2023-09-03 12:00:00",2.89,,5.28,2.63
"2023-09-03 13:00:00",4.15,,4.23,2.37
"2023-09-03 14:00:00",6.6,,6.24,3.34
"2023-09-03 15:00:00",1.63,,4.38,2.89
"2023-09-03 16:00:00",3.12,,4.81,2.98
"2023-09-03 17:00:00",4.78,,4.75,3.25
"2023-09-03 18:00:00",5.63,,7.14,5.39
"2023-09-03 19:00:00",4.82,,5.03,3.13
"2023-09-03 20:00:00",7.53,,4.98,3.33
"2023-09-03 21:00:00",9.29,,6.52,4.44
"2023-09-03 22:00:00",10.08,,6.62,3.84
"2023-09-03 23:00:00",4.05,,6.24,3.65
"2023-09-04 00:00:00",8.69,,26.92,23.27
"2023-09-04 01:00:00",3.37,,16.96,13.93
"2023-09-04 02:00:00",1.29,,8.5,6.02
"2023-09-04 03:00:00",1.82,,6.49,4.49
"2023-09-04 04:00:00",3.69,,3.43,2.5
"2023-09-04 05:00:00",4.1,,3.94,3.17
"2023-09-04 06:00:00",9.38,,4.03,2.98
"2023-09-04 07:00:00",8.57,,3.36,2.09
"2023-09-04 08:00:00",13.56,,5.66,3.11
"2023-09-04 09:00:00",11.87,,6.81,3.4
"2023-09-04 10:00:00",10.09,,9.51,4.01
"2023-09-04 11:00:00",5.81,,12.29,5.5
"2023-09-04 12:00:00",5.41,,12.89,6.57
"2023-09-04 13:00:00",4.09,,9.68,5.8
"2023-09-04 13:01:00",,,,
"2023-09-04 14:01:00",,,,
"2023-10-02 14:00:00",2.68,,11.01,5.41
"2023-10-02 15:00:00",3.73,,10.32,5.54
"2023-10-02 16:00:00",6.58,,10.97,6.66
"2023-10-02 17:00:00",4.02,,11.3,6.36
"2023-10-02 18:00:00",8.6,,16.5,11.18
"2023-10-02 19:00:00",16.6,,22.89,17.16
"2023-10-02 20:00:00",19.77,,20.71,16.15
"2023-10-02 21:00:00",15.14,,17.9,11.26
"2023-10-02 22:00:00",12.09,,19.38,13.5
"2023-10-02 23:00:00",5.31,,16.93,10.11
"2023-10-03 00:00:00",-0.84,,6.57,3.91
"2023-10-03 01:00:00",-1.31,,4.44,2.64
"2023-10-03 02:00:00",1.3,,5.77,3.04
"2023-10-03 03:00:00",1.59,,6.28,3.11
"2023-10-03 04:00:00",-1.27,,5.36,2.62
"2023-10-03 05:00:00",-0.81,,6.07,3
"2023-10-03 06:00:00",0.65,,8.66,4
"2023-10-03 07:00:00",3.43,,10.15,4.59
"2023-10-03 08:00:00",7.42,,11.95,4.99
"2023-10-03 09:00:00",9.43,,8.3,4.48
"2023-10-03 10:00:00",5.93,,12.18,5.76
"2023-10-03 11:00:00",5.6,,12.55,5.79
"2023-10-03 12:00:00",7.49,,10.13,5.29
"2023-10-03 13:00:00",3.68,,13.77,5.97
"2023-10-03 14:00:00",5.16,,14.4,6.36
"2023-10-03 15:00:00",6.79,,13.52,5.97
"2023-10-03 16:00:00",9.36,,10.78,4.13
"2023-10-03 17:00:00",13.11,,8.41,3.42
"2023-10-03 18:00:00",8.77,,5.58,2.89
"2023-10-03 19:00:00",8.6,,9.13,4.57
"2023-10-03 20:00:00",8.38,,10.36,6.78
"2023-10-03 21:00:00",6.97,,11.55,7.73
"2023-10-03 22:00:00",2.71,,10.64,6.86
"2023-10-03 23:00:00",0.93,,10.1,5.81
"2023-10-04 00:00:00",-0.87,,8.98,5.05
"2023-10-04 01:00:00",-1.09,,10.23,5.25
"2023-10-04 02:00:00",-1.18,,9.28,5
"2023-10-04 03:00:00",-1.68,,9.96,5.55
"2023-10-04 04:00:00",-1.38,,9.91,5.53
"2023-10-04 05:00:00",-0.46,,8.67,5.27
"2023-10-04 06:00:00",1.84,,9.3,5.34
"2023-10-04 07:00:00",6.21,,8.44,4.85
"2023-10-04 08:00:00",8.82,,7.97,4.18
"2023-10-04 09:00:00",7.04,,8.2,4.52
"2023-10-04 10:00:00",3.59,,10.24,5.1
"2023-10-04 11:00:00",1.39,,10.35,5.04
"2023-10-04 12:00:00",3.93,,11.39,5.97
"2023-10-04 13:00:00",1.78,,11.27,6.78
"2023-10-04 14:00:00",1.48,,11.01,5.11
"2023-10-04 15:00:00",2.26,,8.35,4.28
"2023-10-04 16:00:00",2.31,,9.36,4.66
"2023-10-04 17:00:00",4.69,,9.71,5.46
"2023-10-04 18:00:00",5.47,,7.06,5.54
"2023-10-04 19:00:00",6.6,,7.24,6.13
"2023-10-04 20:00:00",6.79,,9.81,8.21
"2023-10-04 21:00:00",3.25,,8.02,5.85
"2023-10-04 22:00:00",0.6,,5.59,4.12
"2023-10-04 23:00:00",0.23,,5.4,3.95
"2023-10-05 00:00:00",-0.26,,5.2,3.31
"2023-10-05 01:00:00",-1.28,,4.53,2.47
"2023-10-05 02:00:00",-0.62,,4.83,2.54
"2023-10-05 03:00:00",-1.31,,5.51,3.08
"2023-10-05 04:00:00",-1.68,,5.41,3.08
"2023-10-05 05:00:00",-1.21,,5.36,3.14
"2023-10-05 06:00:00",-0.76,,5.35,3.19
"2023-10-05 07:00:00",1.32,,4.24,2.42
"2023-10-05 08:00:00",2.28,,3.81,2.37
"2023-10-05 09:00:00",1.09,,3.25,1.91
"2023-10-05 10:00:00",0.56,,1.77,1.03
"2023-10-05 11:00:00",0.2,,1.68,0.94
"2023-10-05 12:00:00",0.42,,1.99,0.9
"2023-10-05 13:00:00",-0.02,,1.76,1.1
"2023-10-05 14:00:00",0.61,,2.32,1.28
"2023-10-05 15:00:00",0.99,,2.09,1.06
"2023-10-05 16:00:00",3.81,,2.71,1.4
"2023-10-05 17:00:00",5.09,,2.72,1.53
"2023-10-05 18:00:00",4.36,,4.07,2.74
"2023-10-05 19:00:00",4.32,,3.09,2.03
"2023-10-05 20:00:00",3.61,,3.62,2.07
"2023-10-05 21:00:00",2.58,,5.58,3.77
"2023-10-05 22:00:00",1.28,,6.49,4.6
"2023-10-05 23:00:00",-0.53,,3.46,1.69
"2023-10-06 00:00:00",-0.53,,3.69,1.23
"2023-10-06 01:00:00",-0.81,,3.51,0.96
"2023-10-06 02:00:00",-1.56,,2.99,0.77
"2023-10-06 03:00:00",-0.94,,2.2,0.61
"2023-10-06 04:00:00",-1.1,,3.38,1.23
"2023-10-06 05:00:00",-0.9,,5.04,1.68
"2023-10-06 06:00:00",0.58,,5.73,2.58
"2023-10-06 07:00:00",1.4,,5.42,2.32
"2023-10-06 08:00:00",4.68,,5.88,2.54
"2023-10-06 09:00:00",2.87,,5.46,2.19
"2023-10-06 10:00:00",1.13,,5.08,1.89
"2023-10-06 11:00:00",0.76,,3.17,1.32
"2023-10-06 12:00:00",1.47,,3.66,1.75
"2023-10-06 13:00:00",0.8,,3.97,1.75
"2023-10-06 14:00:00",2.39,,8.12,3.36
"2023-10-06 15:00:00",2.8,,10.7,4.99
"2023-10-06 16:00:00",2.42,,8.28,3.77
"2023-10-06 17:00:00",4.98,,8.59,5.34
"2023-10-06 18:00:00",3.41,,6.4,4.18
"2023-10-06 19:00:00",5.72,,4.59,3.01
"2023-10-06 20:00:00",9.21,,9.28,6.74
"2023-10-06 21:00:00",5.11,,10.19,7.51
"2023-10-06 22:00:00",2.62,,16.58,11.12
"2023-10-06 23:00:00",0.93,,10.6,6.99
"2023-10-07 00:00:00",-0.38,,9.77,5.83
"2023-10-07 01:00:00",-0.29,,8.08,4.29
"2023-10-07 02:00:00",-0.79,,7.44,4.12
"2023-10-07 03:00:00",-1.04,,9.44,4.94
"2023-10-07 04:00:00",-1.12,,9.65,5.26
"2023-10-07 05:00:00",-1.29,,9.21,5.1
"2023-10-07 06:00:00",0.82,,10.12,5.06
"2023-10-07 07:00:00",14.71,,9.97,5.2
"2023-10-07 08:00:00",5.75,,11.17,5.28
"2023-10-07 09:00:00",12.16,,13.83,5.9
"2023-10-07 10:00:00",0.83,,13.94,5.81
"2023-10-07 11:00:00",2.94,,19.28,7.29
"2023-10-07 12:00:00",5.64,,21.36,8.23
"2023-10-07 13:00:00",1.83,,24.14,9.51
"2023-10-07 14:00:00",2.85,,27.51,11.16
"2023-10-07 15:00:00",5.15,,24.12,10.3
"2023-10-07 16:00:00",4.18,,21.51,8.96
"2023-10-07 17:00:00",4.71,,20.06,11.8
"2023-10-07 18:00:00",6.7,,21.2,13.34
"2023-10-07 19:00:00",19.23,,21.9,13.97
"2023-10-07 20:00:00",16.54,,21.76,14.43
"2023-10-07 21:00:00",5.45,,18.95,13.74
"2023-10-07 22:00:00",7.97,,18.74,13.93
"2023-10-07 23:00:00",4.57,,17.04,12.94
"2023-10-08 00:00:00",3.26,,13.97,10.85
"2023-10-08 01:00:00",11.78,,18.41,14.42
"2023-10-08 02:00:00",11.65,,17.22,13.54
"2023-10-08 03:00:00",4.62,,13.98,10.55
"2023-10-08 04:00:00",3.51,,11.7,9.25
"2023-10-08 05:00:00",4.04,,13.15,10.44
"2023-10-08 06:00:00",3.29,,11.15,8.62
"2023-10-08 07:00:00",6.39,,9.91,7.49
"2023-10-08 08:00:00",7.22,,10.99,7.4
"2023-10-08 09:00:00",7.1,,9.36,6.57
"2023-10-08 10:00:00",11.32,,7.93,5.84
"2023-10-08 11:00:00",3.36,,6.32,4.18
"2023-10-08 12:00:00",-0.27,,4.49,2.91
"2023-10-08 13:00:00",-0.1,,4.58,2.87
"2023-10-08 14:00:00",0.68,,6,3.13
"2023-10-08 15:00:00",1,,5.28,3.13
"2023-10-08 16:00:00",1.25,,4.96,2.9
"2023-10-08 17:00:00",1.98,,4.92,2.89
"2023-10-08 18:00:00",11.29,,7.12,4.14
"2023-10-08 19:00:00",22.57,,11.62,7.19
"2023-10-08 20:00:00",28.06,,19.25,14.42
"2023-10-08 21:00:00",27.82,,20.67,16.14
"2023-10-08 22:00:00",5.96,,11.96,7.54
"2023-10-08 23:00:00",5.37,,13.52,8.54
"2023-10-09 00:00:00",4.19,,12.14,9.59
"2023-10-09 01:00:00",1.33,,7.96,6.94
"2023-10-09 02:00:00",0.62,,6.59,5.74
"2023-10-09 03:00:00",2.66,,7.5,6.59
"2023-10-09 04:00:00",3.21,,8.06,7.22
"2023-10-09 05:00:00",6.2,,6.9,5.69
"2023-10-09 06:00:00",5.9,,5.17,4.18
"2023-10-09 07:00:00",12.82,,5.27,4.59
"2023-10-09 08:00:00",13.15,,5.85,4.43
"2023-10-09 09:00:00",10.31,,5.71,4.25
"2023-10-09 10:00:00",10.16,,8.04,4.92
"2023-10-09 11:00:00",9.64,,12.68,6.13
"2023-10-09 12:00:00",7.73,,12.95,6.08
"2023-10-09 13:00:00",8.39,,17.21,6.61
"2023-10-09 14:00:00",15.34,,22.92,6.64
"2023-10-09 15:00:00",18.37,,28.6,7.83
"2023-10-09 16:00:00",13.61,,26.84,7.44
"2023-10-09 17:00:00",9.57,,19.8,7.18
"2023-10-09 18:00:00",12.33,,15.81,6.48
"2023-10-09 19:00:00",20.85,,17.08,9.12
"2023-10-09 20:00:00",16.64,,22.3,13.6
"2023-10-09 21:00:00",12.34,,16.9,9.63
"2023-10-09 22:00:00",12.66,,13.65,8.09
"2023-10-09 23:00:00",11.53,,13.84,8
"2023-10-10 00:00:00",9.49,,13.36,7.47
"2023-10-10 01:00:00",9.16,,14.97,8.16
"2023-10-10 02:00:00",5.55,,13.85,7.36
"2023-10-10 03:00:00",3.74,,15.12,7.78
"2023-10-10 04:00:00",1.68,,16.1,7.96
"2023-10-10 05:00:00",5.5,,15.6,7.48
"2023-10-10 06:00:00",5.29,,14.22,6.36
"2023-10-10 07:00:00",12.06,,15.79,6.2
"2023-10-10 08:00:00",19.71,,17.31,7.22
"2023-10-10 09:00:00",14.81,,17.87,7.99
"2023-10-10 10:00:00",8.83,,17.9,8.89
"2023-10-10 11:00:00",3.68,,18.54,9.56
"2023-10-10 12:00:00",3.47,,17.44,8.74
"2023-10-10 13:00:00",4.12,,15.77,7.6
"2023-10-10 14:00:00",1.64,,7.85,3.74
"2023-10-10 15:00:00",5.61,,9.64,3.45
"2023-10-10 16:00:00",12.27,,12.58,4.59
"2023-10-10 17:00:00",11.39,,67.06,17.97
"2023-10-10 18:00:00",9.02,,22.47,7.06
"2023-10-10 19:00:00",3.16,,10.77,5.56
"2023-10-10 20:00:00",1.69,,9.26,5.81
"2023-10-10 21:00:00",0.76,,6.68,4.23
"2023-10-10 22:00:00",-0.06,,7.07,4.26
"2023-10-10 23:00:00",-0.46,,7.5,4.46
"2023-10-11 00:00:00",-0.75,,7.51,4.32
"2023-10-11 01:00:00",-0.22,,5.55,3.33
"2023-10-11 02:00:00",-0.72,,3.14,1.62
"2023-10-11 03:00:00",-1.11,,2.94,1.1
"2023-10-11 04:00:00",0.4,,2.71,1.04
"2023-10-11 05:00:00",0.89,,5.36,1.58
"2023-10-11 06:00:00",3.38,,3.78,1.41
"2023-10-11 07:00:00",9.18,,3.45,1.17
"2023-10-11 08:00:00",14.3,,2.67,0.95
"2023-10-11 09:00:00",9.62,,4.65,2.22
"2023-10-11 10:00:00",6.7,,6.2,3.73
"2023-10-11 11:00:00",6.91,,11.83,7.09
"2023-10-11 12:00:00",10.46,,10.93,7.08
"2023-10-11 13:00:00",12.55,,9.79,6.92
"2023-10-11 14:00:00",11.82,,8.13,5.99
"2023-10-11 15:00:00",13.31,,8.19,5.29
"2023-10-11 16:00:00",12.4,,9.98,6.22
"2023-10-11 17:00:00",13.5,,12.51,7.12
"2023-10-11 18:00:00",13.19,,13.47,7.42
"2023-10-11 19:00:00",17.72,,16.47,8.98
"2023-10-11 20:00:00",13.06,,15.7,8.24
"2023-10-11 21:00:00",10.22,,14.7,7.96
"2023-10-11 22:00:00",9.27,,14.81,8.77
"2023-10-11 23:00:00",5.04,,14.04,7.61
"2023-10-12 00:00:00",3.18,,13.36,6.95
"2023-10-12 01:00:00",2.94,,10.25,5.8
"2023-10-12 02:00:00",1.67,,9.64,5.04
"2023-10-12 03:00:00",1.68,,9.46,4.87
"2023-10-12 04:00:00",1.19,,10.36,6.05
"2023-10-12 05:00:00",2.62,,10.59,6.52
"2023-10-12 06:00:00",4.17,,10.59,5.85
"2023-10-12 07:00:00",12.87,,10.4,5.97
"2023-10-12 08:00:00",17.86,,12.35,6.57
"2023-10-12 09:00:00",17.72,,14.36,6.62
"2023-10-12 10:00:00",14.84,,12.87,6.32
"2023-10-12 11:00:00",14.48,,13.03,6.18
"2023-10-12 12:00:00",14.8,,15.62,7.15
"2023-10-12 13:00:00",10.46,,12.73,6.47
"2023-10-12 14:00:00",5.84,,9.56,5.7
"2023-10-12 15:00:00",14.68,,13.57,7.69
"2023-10-12 16:00:00",28.4,,21.05,11.84
"2023-10-12 17:00:00",17.62,,18.7,10.96
"2023-10-12 18:00:00",15.94,,11.07,8.02
"2023-10-12 19:00:00",28.92,,22.33,19.17
"2023-10-12 20:00:00",28.42,,17.33,12.73
"2023-10-12 21:00:00",20.81,,16.44,11.81
"2023-10-12 22:00:00",18.95,,9.57,6.2
"2023-10-12 23:00:00",12.52,,9.85,7.02
"2023-10-13 00:00:00",4.61,,7.88,5.38
"2023-10-13 01:00:00",4.62,,8.29,5.51
"2023-10-13 02:00:00",2.25,,6.43,4.41
"2023-10-13 03:00:00",1.2,,3.89,2.47
"2023-10-13 04:00:00",0.16,,1.91,1.04
"2023-10-13 05:00:00",0.49,,1.63,0.79
"2023-10-13 06:00:00",1.25,,1.84,0.87
"2023-10-13 07:00:00",11.58,,4.83,2.94
"2023-10-13 08:00:00",23.78,,6.79,3.06
"2023-10-13 09:00:00",16.55,,7.67,3.28
"2023-10-13 10:00:00",12.22,,8.05,3.67
"2023-10-13 11:00:00",11.17,,11.82,5.41
"2023-10-13 12:00:00",6.36,,15.06,6.93
"2023-10-13 13:00:00",5.06,,11.24,4.51
"2023-10-13 14:00:00",4.9,,12.68,5.84
"2023-10-13 15:00:00",6.1,,12.63,6.01
"2023-10-13 16:00:00",4.45,,12.38,5.51
"2023-10-13 17:00:00",5.49,,13.98,5.88
"2023-10-13 18:00:00",5.96,,9.86,4.77
"2023-10-13 19:00:00",15.45,,10.92,5.05
"2023-10-13 20:00:00",11.12,,11.99,5.4
"2023-10-13 21:00:00",11.18,,10.73,5.47
"2023-10-13 22:00:00",9.16,,11.26,6.59
"2023-10-13 23:00:00",6.25,,8.78,5.09
"2023-10-14 00:00:00",3.99,,9.24,5.45
"2023-10-14 01:00:00",0.12,,6.33,2.71
"2023-10-14 02:00:00",0.75,,4.76,2.16
"2023-10-14 03:00:00",0.42,,5.19,2.23
"2023-10-14 04:00:00",-0.36,,6.2,2.43
"2023-10-14 05:00:00",0.81,,5.64,2.3
"2023-10-14 06:00:00",2.52,,5.81,2.36
"2023-10-14 07:00:00",4.46,,6.27,2.63
"2023-10-14 08:00:00",7.27,,7.32,2.85
"2023-10-14 09:00:00",8.15,,8.04,3.53
"2023-10-14 10:00:00",7.11,,10.46,4.69
"2023-10-14 11:00:00",5.44,,7.83,3.29
"2023-10-14 12:00:00",6.35,,9.94,4.34
"2023-10-14 13:00:00",5.88,,9.61,4.79
"2023-10-14 14:00:00",5.61,,9.63,4.63
"2023-10-14 15:00:00",3.61,,8.86,4.25
"2023-10-14 16:00:00",4.88,,9.9,4.8
"2023-10-14 17:00:00",7.55,,8.1,4.73
"2023-10-14 18:00:00",12.32,,11.09,6.45
"2023-10-14 19:00:00",19.39,,14.41,10.01
"2023-10-14 20:00:00",13.49,,16.65,12.49
"2023-10-14 21:00:00",13.18,,14.08,10.31
"2023-10-14 22:00:00",22.7,,32.57,29.17
"2023-10-14 23:00:00",24.62,,36.81,33.74
"2023-10-15 00:00:00",23.7,,31.67,28.53
"2023-10-15 01:00:00",20.23,,24.11,21.21
"2023-10-15 02:00:00",9.25,,12.17,9.87
"2023-10-15 03:00:00",10.07,,13.03,11.19
"2023-10-15 04:00:00",8.78,,11.98,9.89
"2023-10-15 05:00:00",6.28,,8.69,7.37
"2023-10-15 06:00:00",6.89,,6.99,5.82
"2023-10-15 07:00:00",8.51,,8.64,6.75
"2023-10-15 08:00:00",14.47,,10.28,8.04
"2023-10-15 09:00:00",10.47,,12.04,8.6
"2023-10-15 10:00:00",13.04,,12.21,9.99
"2023-10-15 11:00:00",14.76,,11.68,7.61
"2023-10-15 12:00:00",7.34,,8.83,4.62
"2023-10-15 13:00:00",1.43,,5.77,2.92
"2023-10-15 14:00:00",0.82,,4.15,2.22
"2023-10-15 15:00:00",0.83,,3.92,2.22
"2023-10-15 16:00:00",1.09,,4.06,2.32
"2023-10-15 17:00:00",7.17,,6.44,3.91
"2023-10-15 18:00:00",25.31,,10.43,6.63
"2023-10-15 19:00:00",37.21,,15.19,12.12
"2023-10-15 20:00:00",39.7,,30.95,27.34
"2023-10-15 21:00:00",18.74,,15.67,13.17
"2023-10-15 22:00:00",13.2,,14.95,13.06
"2023-10-15 23:00:00",7.7,,11.73,9.62
"2023-10-16 00:00:00",4.79,,8.1,6.43
"2023-10-16 01:00:00",3.09,,7.17,5.39
"2023-10-16 02:00:00",2.45,,6.01,4.28
"2023-10-16 03:00:00",1.42,,5.58,3.99
"2023-10-16 04:00:00",1.32,,5.71,4.18
"2023-10-16 05:00:00",2.93,,6.71,4.75
"2023-10-16 06:00:00",9.78,,7.64,4.63
"2023-10-16 07:00:00",22.8,,6.9,4.16
"2023-10-16 08:00:00",31.69,,12.26,4.9
"2023-10-16 09:00:00",30.4,,11.91,4.81
"2023-10-16 10:00:00",19.23,,10.29,4.64
"2023-10-16 11:00:00",6.13,,10.14,3.77
"2023-10-16 12:00:00",6.62,,10.21,3.91
"2023-10-16 13:00:00",4.68,,10.35,4.31
"2023-10-16 14:00:00",8.2,,11.84,4.93
"2023-10-16 15:00:00",10.4,,10.73,5.04
"2023-10-16 16:00:00",11.97,,11.39,5.79
"2023-10-16 17:00:00",16.96,,10.68,5.96
"2023-10-16 18:00:00",24.12,,12.9,8.46
"2023-10-16 19:00:00",25.26,,12.92,8.83
"2023-10-16 20:00:00",24.11,,12.93,8.74
"2023-10-16 21:00:00",16.02,,10.86,7.48
"2023-10-16 22:00:00",9.84,,9.92,6.28
"2023-10-16 23:00:00",4.59,,8.08,5.73
"2023-10-17 00:00:00",3.2,,8.35,5.5
"2023-10-17 01:00:00",2.04,,8.7,5.28
"2023-10-17 02:00:00",2.65,,9.01,5.71
"2023-10-17 03:00:00",1.77,,9.45,5.89
"2023-10-17 04:00:00",2.22,,8.79,5.71
"2023-10-17 05:00:00",7.86,,9.1,5.93
"2023-10-17 06:00:00",23.01,,9.72,6.05
"2023-10-17 07:00:00",18.64,,11.76,6.48
"2023-10-17 08:00:00",19.51,,12.95,7.61
"2023-10-17 09:00:00",19.53,,12.75,7.57
"2023-10-17 10:00:00",17.69,,11.81,7.01
"2023-10-17 11:00:00",14.47,,11.31,6.67
"2023-10-17 12:00:00",21.6,,11.24,7.29
"2023-10-17 13:00:00",14.89,,8.94,6.33
"2023-10-17 14:00:00",15.72,,8.89,5.96
"2023-10-17 15:00:00",16.85,,8.19,5.36
"2023-10-17 16:00:00",23.81,,9.86,6.54
"2023-10-17 17:00:00",21.49,,9.11,6.67
"2023-10-17 18:00:00",22.34,,8.74,7.05
"2023-10-17 19:00:00",16.4,,7.86,6.33
"2023-10-17 20:00:00",14.01,,8.52,6.37
"2023-10-17 21:00:00",9.79,,6.82,5.62
"2023-10-17 22:00:00",6.94,,6.79,5.3
"2023-10-17 23:00:00",5.09,,9.17,6.03
"2023-10-18 00:00:00",5.15,,10.4,5.9
"2023-10-18 01:00:00",3.16,,12.83,6.71
"2023-10-18 02:00:00",3.14,,16.8,7.91
"2023-10-18 03:00:00",3.55,,16.64,8.68
"2023-10-18 04:00:00",5.44,,11.32,7.19
"2023-10-18 05:00:00",11.56,,11.95,8.64
"2023-10-18 06:00:00",20.02,,13.06,9.25
"2023-10-18 07:00:00",10.97,,9.3,6.59
"2023-10-18 08:00:00",13.24,,8.45,6.45
"2023-10-18 09:00:00",13.67,,6.28,5.04
"2023-10-18 10:00:00",10.12,,6.69,5.09
"2023-10-18 11:00:00",12.49,,6.35,4.82
"2023-10-18 12:00:00",13.48,,5.72,4.42
"2023-10-18 13:00:00",10.88,,5.21,4.33
"2023-10-18 14:00:00",10.53,,4.83,3.92
"2023-10-18 15:00:00",10.36,,2.92,2.29
"2023-10-18 16:00:00",11.28,,2.64,1.97
"2023-10-18 17:00:00",12.09,,2.46,1.86
"2023-10-18 18:00:00",16.06,,3.12,2.16
"2023-10-18 19:00:00",13.92,,3.1,2.32
"2023-10-18 20:00:00",14.12,,4.3,3.31
"2023-10-18 21:00:00",8.56,,5.22,3.77
"2023-10-18 22:00:00",8.55,,6.62,5.05
"2023-10-18 23:00:00",4.26,,5.87,4.16
"2023-10-19 00:00:00",3.36,,5.48,3.33
"2023-10-19 01:00:00",7.55,,3.7,2.05
"2023-10-19 02:00:00",0.42,,4.22,2.01
"2023-10-19 03:00:00",0.37,,4.45,2.31
"2023-10-19 04:00:00",1.18,,4.59,2.27
"2023-10-19 05:00:00",3.56,,5.23,2.24
"2023-10-19 06:00:00",4.4,,5.56,2.32
"2023-10-19 07:00:00",14.12,,4.46,2.24
"2023-10-19 08:00:00",28.87,,6.78,3.62
"2023-10-19 09:00:00",26.76,,8.01,4.12
"2023-10-19 10:00:00",20.08,,4.69,2.08
"2023-10-19 11:00:00",12.12,,4.8,2.24
"2023-10-19 12:00:00",1.61,,7.49,3.91
"2023-10-19 13:00:00",0.93,,8.39,4.2
"2023-10-19 14:00:00",1.29,,8.38,4.41
"2023-10-19 15:00:00",6.48,,7.56,3.95
"2023-10-19 16:00:00",16.6,,8.49,4.72
"2023-10-19 17:00:00",21.19,,11.42,7
"2023-10-19 18:00:00",28.51,,11.86,7.34
"2023-10-19 19:00:00",37.26,,17.7,12.4
"2023-10-19 20:00:00",43.14,,32.27,26.49
"2023-10-19 21:00:00",34.04,,17.82,14.57
"2023-10-19 22:00:00",21.22,,16.66,13.89
"2023-10-19 23:00:00",25.14,,18.2,15.54
"2023-10-20 00:00:00",12.61,,10.24,8.6
"2023-10-20 01:00:00",7.91,,8.37,7.03
"2023-10-20 02:00:00",2.1,,5.48,4.11
"2023-10-20 03:00:00",1.46,,4.49,3.13
"2023-10-20 04:00:00",4.16,,4.46,3.27
"2023-10-20 05:00:00",2,,2.65,1.63
"2023-10-20 06:00:00",9.29,,3.57,2.26
"2023-10-20 07:00:00",14.92,,5.23,3.36
"2023-10-20 08:00:00",23.47,,9.04,6.46
"2023-10-20 09:00:00",19.24,,14.6,6.19
"2023-10-20 10:00:00",14.57,,18,6.07
"2023-10-20 11:00:00",9.76,,11.46,3.67
"2023-10-20 12:00:00",13.07,,7.63,3.78
"2023-10-20 13:00:00",12.85,,6.29,2.76
"2023-10-20 14:00:00",13.9,,9.6,5.06
"2023-10-20 15:00:00",13.48,,7.28,4.39
"2023-10-20 16:00:00",11.84,,4.18,2.42
"2023-10-20 17:00:00",11.28,,2.59,1.93
"2023-10-20 18:00:00",10.59,,3.83,2.8
"2023-10-20 19:00:00",11.72,,4.5,3.22
"2023-10-20 20:00:00",10.41,,3.92,3.11
"2023-10-20 21:00:00",8.18,,3.81,3.1
"2023-10-20 22:00:00",6.35,,3.72,2.8
"2023-10-20 23:00:00",3.03,,8.07,4.09
"2023-10-21 00:00:00",2.95,,6.59,3.4
"2023-10-21 01:00:00",1.47,,7.38,3.53
"2023-10-21 02:00:00",1.55,,8.57,3.6
"2023-10-21 03:00:00",1.27,,8.18,3.3
"2023-10-21 04:00:00",0.14,,6.96,2.99
"2023-10-21 05:00:00",0.81,,5.84,2.84
"2023-10-21 06:00:00",1.93,,6.47,3.17
"2023-10-21 07:00:00",2.47,,6.15,3.09
"2023-10-21 08:00:00",7.84,,6.55,3.53
"2023-10-21 09:00:00",9.47,,8.79,4.18
"2023-10-21 10:00:00",8.33,,6.68,3.57
"2023-10-21 11:00:00",5.75,,7.18,3.76
"2023-10-21 12:00:00",6.28,,7.35,3.77
"2023-10-21 13:00:00",6.2,,5.55,3.09
"2023-10-21 14:00:00",6.42,,5.52,2.96
"2023-10-21 15:00:00",5.03,,3.95,2.47
"2023-10-21 16:00:00",6.35,,5.06,2.8
"2023-10-21 17:00:00",7.78,,6.91,4.03
"2023-10-21 18:00:00",11.61,,10.84,7.03
"2023-10-21 19:00:00",13.21,,14.93,11.8
"2023-10-21 20:00:00",26.95,,41.17,37.71
"2023-10-21 21:00:00",31.09,,46.23,42.58
"2023-10-21 22:00:00",21.76,,26.62,24.08
"2023-10-21 23:00:00",17.56,,23.7,21.07
"2023-10-22 00:00:00",13.48,,21.45,19.06
"2023-10-22 01:00:00",14.12,,15.78,13.68
"2023-10-22 02:00:00",15.13,,18.56,16.3
"2023-10-22 03:00:00",7.84,,14.29,12.55
"2023-10-22 04:00:00",3.94,,10.57,9.03
"2023-10-22 05:00:00",3.34,,8.57,6.73
"2023-10-22 06:00:00",6.17,,6.96,4.72
"2023-10-22 07:00:00",13.2,,5.78,4.48
"2023-10-22 08:00:00",14.63,,6.46,4.95
"2023-10-22 09:00:00",15.51,,6.96,5.06
"2023-10-22 10:00:00",16.06,,5.77,4.02
"2023-10-22 11:00:00",2.01,,4.52,2.42
"2023-10-22 12:00:00",-0.62,,4.85,2.57
"2023-10-22 13:00:00",-0.59,,5.51,2.79
"2023-10-22 14:00:00",-0.33,,5.58,2.83
"2023-10-22 15:00:00",0.19,,6.16,3.62
"2023-10-22 16:00:00",1.82,,5.74,4.01
"2023-10-22 17:00:00",3.75,,6.32,4.17
"2023-10-22 18:00:00",11.62,,9.6,6.87
"2023-10-22 19:00:00",11.31,,7.9,5.68
"2023-10-22 20:00:00",9.85,,6.68,4.96
"2023-10-22 21:00:00",6.78,,4.65,3.32
"2023-10-22 22:00:00",4.65,,4.05,2.77
"2023-10-22 23:00:00",1.23,,3.89,2.8
"2023-10-23 00:00:00",-0.58,,2.74,1.85
"2023-10-23 01:00:00",-1.01,,4.31,2.76
"2023-10-23 02:00:00",-0.52,,1.52,0.81
"2023-10-23 03:00:00",-0.71,,2.08,0.93
"2023-10-23 04:00:00",-0.91,,1.66,0.73
"2023-10-23 05:00:00",22.14,,1.92,1.04
"2023-10-23 06:00:00",25.99,,2.89,1.65
"2023-10-23 07:00:00",19.01,,2.18,1.24
"2023-10-23 08:00:00",22.95,,2.37,1.44
"2023-10-23 09:00:00",33.88,,3.39,2
"2023-10-23 10:00:00",35.59,,5.53,3.36
"2023-10-23 11:00:00",25.3,,4.18,2.59
"2023-10-23 12:00:00",27.57,,5.3,2.65
"2023-10-23 13:00:00",25.13,,5.73,3.39
"2023-10-23 14:00:00",20.35,,4.28,2.68
"2023-10-23 15:00:00",10.18,,3,2.2
"2023-10-23 16:00:00",22.03,,2.63,1.84
"2023-10-23 17:00:00",16.05,,3.34,2.61
"2023-10-23 18:00:00",19.2,,4.69,3.11
"2023-10-23 19:00:00",12.9,,6.92,4.91
"2023-10-23 20:00:00",15.78,,7.8,6.01
"2023-10-23 21:00:00",16.1,,7.93,5.27
"2023-10-23 22:00:00",13.76,,6.69,4.18
"2023-10-23 23:00:00",7.36,,6.43,3.83
"2023-10-24 00:00:00",4.84,,6.71,4.16
"2023-10-24 01:00:00",3.12,,6.86,4.04
"2023-10-24 02:00:00",2.53,,6.48,3.82
"2023-10-24 03:00:00",0.23,,5.29,3.1
"2023-10-24 04:00:00",0.36,,4.54,2.66
"2023-10-24 05:00:00",20.79,,4.29,2.26
"2023-10-24 06:00:00",25.17,,4.78,2.59
"2023-10-24 07:00:00",22.27,,5.52,2.46
"2023-10-24 08:00:00",26.8,,5.58,3.02
"2023-10-24 09:00:00",32.84,,11.65,4.61
"2023-10-24 10:00:00",10.17,,7.95,5.01
"2023-10-24 11:00:00",4.95,,5.68,3.17
"2023-10-24 12:00:00",1.7,,3.67,2.3
"2023-10-24 13:00:00",3.11,,6.11,3.58
"2023-10-24 14:00:00",2.58,,3.4,2.28
"2023-10-24 15:00:00",2.69,,3.39,1.74
"2023-10-24 16:00:00",8.63,,4.77,2.07
"2023-10-24 17:00:00",14.09,,8.61,3.99
"2023-10-24 18:00:00",27.5,,12.85,9.38
"2023-10-24 19:00:00",30.25,,27.11,22.9
"2023-10-24 20:00:00",29.26,,19.13,15.75
"2023-10-24 21:00:00",22.82,,19.72,16.7
"2023-10-24 22:00:00",24.69,,18.46,15.78
"2023-10-24 23:00:00",15.19,,12.86,10.72
"2023-10-25 00:00:00",13.13,,12.79,11.11
"2023-10-25 01:00:00",10.51,,9.75,7.81
"2023-10-25 02:00:00",6.8,,8.87,8.26
"2023-10-25 03:00:00",4.2,,7.22,6.51
"2023-10-25 04:00:00",3.33,,7.05,6.05
"2023-10-25 05:00:00",3.64,,5.48,4.5
"2023-10-25 06:00:00",8.88,,4.83,4.07
"2023-10-25 07:00:00",14.65,,4.41,3.47
"2023-10-25 08:00:00",21.32,,4.07,3.08
"2023-10-25 09:00:00",22.53,,6.29,3.54
"2023-10-25 10:00:00",21.58,,10.41,5.1
"2023-10-25 11:00:00",18.36,,8.68,4.25
"2023-10-25 12:00:00",13.28,,6.42,3.01
"2023-10-25 13:00:00",13.39,,6.92,3.46
"2023-10-25 14:00:00",12.7,,6.14,3.85
"2023-10-25 15:00:00",14.45,,8.24,4.36
"2023-10-25 16:00:00",18.14,,7.84,5.65
"2023-10-25 17:00:00",18.16,,6.87,4.78
"2023-10-25 18:00:00",14.09,,8.13,6.06
"2023-10-25 19:00:00",20.62,,6.93,5.26
"2023-10-25 20:00:00",4.25,,7.38,6.12
"2023-10-25 21:00:00",0.38,,4.13,3.19
"2023-10-25 22:00:00",3.22,,3.36,2.65
"2023-10-25 23:00:00",3.89,,7.1,5.85
"2023-10-26 00:00:00",1.48,,7.25,4.39
"2023-10-26 01:00:00",-0.42,,8.81,4.8
"2023-10-26 02:00:00",-0.87,,8.93,4.9
"2023-10-26 03:00:00",-1.1,,6.47,3.8
"2023-10-26 04:00:00",-0.85,,4.18,2.6
"2023-10-26 05:00:00",-0.77,,4.08,1.99
"2023-10-26 06:00:00",0.24,,3.31,1.78
"2023-10-26 07:00:00",5.05,,3.78,2.13
"2023-10-26 08:00:00",9.87,,3.46,2
"2023-10-26 09:00:00",9.94,,4.24,2.5
"2023-10-26 10:00:00",5.28,,3.18,2.1
"2023-10-26 11:00:00",3.11,,5.37,3.01
"2023-10-26 12:00:00",3.19,,5.68,3.66
"2023-10-26 13:00:00",2.69,,5.21,3.2
"2023-10-26 14:00:00",2.13,,4.74,3.08
"2023-10-26 15:00:00",2.15,,5.66,2.72
"2023-10-26 16:00:00",2.72,,7.87,4.78
"2023-10-26 17:00:00",9.16,,10.81,6.3
"2023-10-26 18:00:00",23.14,,19.27,14.65
"2023-10-26 19:00:00",22.88,,27.31,23.78
"2023-10-26 20:00:00",23.81,,24.74,21.59
"2023-10-26 21:00:00",18.5,,14.1,10.99
"2023-10-26 22:00:00",29.17,,17.07,13.28
"2023-10-26 23:00:00",27.29,,18.44,14.35
"2023-10-27 00:00:00",14.44,,14.87,10.34
"2023-10-27 01:00:00",7.94,,10.98,7.27
"2023-10-27 02:00:00",6.66,,9.95,6.72
"2023-10-27 03:00:00",7.71,,9.25,6.25
"2023-10-27 04:00:00",11.05,,8.31,5.04
"2023-10-27 05:00:00",36.93,,9.09,4.9
"2023-10-27 06:00:00",4.88,,7.19,3.91
"2023-10-27 07:00:00",13.01,,6.91,3.67
"2023-10-27 08:00:00",25.72,,7.8,3.9
"2023-10-27 09:00:00",33.81,,10.62,4.81
"2023-10-27 10:00:00",16.13,,7.62,3.5
"2023-10-27 11:00:00",7.15,,7.15,3.32
"2023-10-27 12:00:00",2.03,,11.03,5.34
"2023-10-27 13:00:00",1.92,,14.44,6.67
"2023-10-27 14:00:00",4.54,,13.46,6.02
"2023-10-27 15:00:00",3.44,,9.71,5.9
"2023-10-27 16:00:00",9.27,,7.17,5.23
"2023-10-27 17:00:00",17.03,,8.28,6.25
"2023-10-27 18:00:00",8.85,,8.7,7.29
"2023-10-27 19:00:00",18.45,,5.11,3.98
"2023-10-27 20:00:00",31.01,,7.22,5
"2023-10-27 21:00:00",16.81,,8.52,5.84
"2023-10-27 22:00:00",30.54,,11.32,9.39
"2023-10-27 23:00:00",12.04,,9.06,6.61
"2023-10-28 00:00:00",5.94,,8.04,5.74
"2023-10-28 01:00:00",2.98,,8.42,5.92
"2023-10-28 02:00:00",2.82,,8.17,5.57
"2023-10-28 03:00:00",1.78,,8.27,4.67
"2023-10-28 04:00:00",0.05,,8.65,4.06
"2023-10-28 05:00:00",13.23,,6.92,3.63
"2023-10-28 06:00:00",10.62,,6.49,3.32
"2023-10-28 07:00:00",29.2,,6.49,3.48
"2023-10-28 08:00:00",18.85,,6.14,3.39
"2023-10-28 09:00:00",18.57,,7.39,3.87
"2023-10-28 10:00:00",7.97,,8.78,4.3
"2023-10-28 11:00:00",2.82,,10.29,4.93
"2023-10-28 12:00:00",0.56,,7.23,3.89
"2023-10-28 13:00:00",0.34,,6.82,3.63
"2023-10-28 14:00:00",1.42,,5.81,3.41
"2023-10-28 15:00:00",2.69,,6.61,3.69
"2023-10-28 16:00:00",6.15,,13.26,8.03
"2023-10-28 17:00:00",22.8,,12.89,8.08
"2023-10-28 18:00:00",36.76,,12.88,9.2
"2023-10-28 19:00:00",39.13,,29.71,23.18
"2023-10-28 20:00:00",30.3,,24.62,18.68
"2023-10-28 21:00:00",6.7,,13.82,11.05
"2023-10-28 22:00:00",7.54,,9.32,7.85
"2023-10-28 23:00:00",8.92,,7.15,6.11
"2023-10-29 00:00:00",7.9,,5.27,4.56
"2023-10-29 00:01:00",,,,
"2023-10-29 01:01:00",,,,
"2023-10-29 02:00:00",2.07,,5.12,3.9
"2023-10-29 03:00:00",1.36,,3.73,2.33
"2023-10-29 04:00:00",-0.17,,4.08,2.54
"2023-10-29 05:00:00",0.25,,5.02,3.23
"2023-10-29 06:00:00",0.09,,4.32,2.97
"2023-10-29 07:00:00",4.36,,4.37,2.74
"2023-10-29 08:00:00",8.79,,3.16,2.06
"2023-10-29 08:01:00",,,,
"2023-10-29 09:01:00",,,,
"2023-10-29 18:00:00",18.04,,12.2,10.93
"2023-10-29 19:00:00",41.31,,28.49,26.25
"2023-10-29 20:00:00",46.35,,60.3,57.56
"2023-10-29 21:00:00",35.15,,41.18,38.54
"2023-10-29 22:00:00",23.95,,32.12,29.77
"2023-10-29 23:00:00",17.63,,25.88,22.78
"2023-10-30 00:00:00",15.94,,17.71,15
"2023-10-30 01:00:00",10.46,,14.39,12.39
"2023-10-30 02:00:00",5.39,,11.02,9.16
"2023-10-30 03:00:00",4.52,,9.97,7.73
"2023-10-30 04:00:00",2.72,,9.09,6.96
"2023-10-30 05:00:00",0.81,,7.88,5.86
"2023-10-30 06:00:00",1.92,,8.02,5.53
"2023-10-30 07:00:00",10.05,,6.92,4.96
"2023-10-30 08:00:00",10.79,,7.29,4.89
"2023-10-30 09:00:00",9.22,,7.54,5.42
"2023-10-30 10:00:00",15.44,,6.89,4.99
"2023-10-30 11:00:00",10.93,,5.96,4.53
"2023-10-30 12:00:00",4.34,,3.43,2.61
"2023-10-30 13:00:00",4.53,,3.36,2.31
"2023-10-30 14:00:00",1.92,,3.18,1.98
"2023-10-30 15:00:00",4.67,,2.95,1.77
"2023-10-30 16:00:00",7.56,,3.02,1.84
"2023-10-30 17:00:00",11.48,,4.43,2.87
"2023-10-30 18:00:00",28.16,,6,4.44
"2023-10-30 19:00:00",45.77,,11.54,9.97
"2023-10-30 20:00:00",44.75,,21.71,20.07
"2023-10-30 21:00:00",39.49,,56.85,54.24
"2023-10-30 22:00:00",31.96,,52.84,50.36
"2023-10-30 23:00:00",27.37,,54.22,52.27
"2023-10-31 00:00:00",17.22,,28.6,26.7
"2023-10-31 01:00:00",7.95,,10.5,8.88
"2023-10-31 02:00:00",14.6,,16.94,15.4
"2023-10-31 03:00:00",12.72,,13.62,11.81
"2023-10-31 04:00:00",9.76,,11.18,10.06
"2023-10-31 05:00:00",8.39,,10.52,8.87
"2023-10-31 06:00:00",10.45,,9.96,8.8
"2023-10-31 07:00:00",10.37,,11.66,9.5
"2023-10-31 08:00:00",18.5,,10.88,8.51
"2023-10-31 09:00:00",21.48,,11.26,8
"2023-10-31 10:00:00",31.07,,14.53,8.26
"2023-10-31 11:00:00",18.51,,8.82,4.34
"2023-10-31 12:00:00",7.91,,5.45,2.6
"2023-10-31 13:00:00",3.02,,5.16,2.56
"2023-10-31 14:00:00",4.86,,5.97,3.31
"2023-10-31 15:00:00",10.85,,6.43,3.25
"2023-10-31 16:00:00",12.97,,8.7,5.79
"2023-10-31 17:00:00",9.15,,5.42,4.24
"2023-10-31 18:00:00",18.1,,5.97,4.55
"2023-10-31 19:00:00",6.9,,3.88,2.72
"2023-10-31 20:00:00",5.28,,3.75,2.86
"2023-10-31 21:00:00",7.18,,5.58,4.73
"2023-10-31 22:00:00",19.04,,11.44,9.15
"2023-10-31 23:00:00",8.67,,11.28,8.32
"2023-11-01 00:00:00",1.52,,9.22,5.98
"2023-11-01 01:00:00",-0.7,,8.72,5.3
"2023-11-01 02:00:00",-1.29,,9.27,5.33
"2023-11-01 03:00:00",-1.64,,6.59,3.94
"2023-11-01 04:00:00",-1.21,,9.88,4.73
"2023-11-01 05:00:00",1.22,,11.19,5.05
"2023-11-01 06:00:00",16.78,,10.57,5.01
"2023-11-01 07:00:00",3.68,,9.2,4.26
"2023-11-01 08:00:00",4.1,,7.04,3.75
"2023-11-01 09:00:00",16.17,,10,5.11
"2023-11-01 10:00:00",13.63,,11.88,6.06
"2023-11-01 11:00:00",6.43,,15.17,7.09
"2023-11-01 12:00:00",7.41,,23.88,7.73
"2023-11-01 13:00:00",3.98,,37.39,10.3
"2023-11-01 14:00:00",9.35,,9.15,4.16
"2023-11-01 15:00:00",7.46,,10.74,5.82
"2023-11-01 16:00:00",16.18,,9.22,4.57
"2023-11-01 17:00:00",10.94,,14.7,10.07
"2023-11-01 18:00:00",20.87,,22.24,17.84
"2023-11-01 19:00:00",38.12,,29.56,24.45
"2023-11-01 20:00:00",42.74,,29.1,25.59
"2023-11-01 21:00:00",36.16,,25.95,22.64
"2023-11-01 22:00:00",20.2,,18.59,14.96
"2023-11-01 23:00:00",18.14,,17.38,11.91
"2023-11-02 00:00:00",18.62,,16.74,12.18
"2023-11-02 01:00:00",5.81,,11.61,6.66
"2023-11-02 02:00:00",4.32,,10.86,5.44
"2023-11-02 03:00:00",1.28,,9.53,4.69
"2023-11-02 04:00:00",1.76,,7.75,4.57
"2023-11-02 05:00:00",2.98,,7.92,5.12
"2023-11-02 06:00:00",3.82,,8.95,4.36
"2023-11-02 07:00:00",6.02,,5.39,3.05
"2023-11-02 08:00:00",15.28,,4.86,2.5
"2023-11-02 09:00:00",20.78,,5.57,2.96
"2023-11-02 10:00:00",22.09,,11.21,5.2
"2023-11-02 11:00:00",9.3,,17.03,8.42
"2023-11-02 12:00:00",7.12,,12.49,6.41
"2023-11-02 13:00:00",6.27,,14.7,7.27
"2023-11-02 14:00:00",8.41,,13.91,6.37
"2023-11-02 15:00:00",9.12,,13.96,6.46
"2023-11-02 16:00:00",15.2,,13.27,5.97
"2023-11-02 17:00:00",15.16,,14.54,4.94
"2023-11-02 18:00:00",4.87,,10.14,6.22
"2023-11-02 19:00:00",6.5,,10.02,7.28
"2023-11-02 20:00:00",9.32,,19.93,14.81
"2023-11-02 21:00:00",11.13,,22.05,15.07
"2023-11-02 22:00:00",10.1,,17.55,10.55
"2023-11-02 23:00:00",5.89,,13.44,6.72
"2023-11-03 00:00:00",3.98,,10.56,5.35
"2023-11-03 01:00:00",4.33,,11.68,6.11
"2023-11-03 02:00:00",3.25,,9.7,4.82
"2023-11-03 03:00:00",0.27,,2.46,1.66
"2023-11-03 04:00:00",-0.03,,2.56,1.77
"2023-11-03 05:00:00",0.25,,3.75,2.32
"2023-11-03 06:00:00",2.11,,5.33,2.94
"2023-11-03 07:00:00",7.48,,5.68,3
"2023-11-03 08:00:00",16.25,,7.74,3.46
"2023-11-03 09:00:00",23.57,,33.22,10.67
"2023-11-03 10:00:00",20.12,,23.01,8.58
"2023-11-03 11:00:00",16.34,,21.35,7.32
"2023-11-03 12:00:00",8.81,,16.32,5.82
"2023-11-03 13:00:00",8.58,,15.35,5.53
"2023-11-03 14:00:00",13.25,,20.47,6.25
"2023-11-03 15:00:00",13.17,,12.71,4.59
"2023-11-03 16:00:00",10.24,,8.67,4.08
"2023-11-03 17:00:00",17.41,,11.45,6.26
"2023-11-03 18:00:00",12.45,,7.53,4.68
"2023-11-03 19:00:00",23.97,,18.02,15.26
"2023-11-03 20:00:00",24.25,,27.67,25.03
"2023-11-03 21:00:00",17.7,,23.12,20.64
"2023-11-03 22:00:00",8.5,,13.97,10.2
"2023-11-03 23:00:00",19.69,,13.43,10.2
"2023-11-04 00:00:00",7.82,,10.59,7.33
"2023-11-04 01:00:00",2.54,,9.35,6.1
"2023-11-04 02:00:00",1.21,,8.48,4.74
"2023-11-04 03:00:00",-0.09,,6.96,3.75
"2023-11-04 04:00:00",0.42,,6.16,3.27
"2023-11-04 05:00:00",-0.74,,5.7,2.71
"2023-11-04 06:00:00",1.61,,6.68,2.63
"2023-11-04 07:00:00",1.97,,2.67,1.59
"2023-11-04 08:00:00",4.04,,2,1.38
"2023-11-04 09:00:00",4.87,,2.59,1.62
"2023-11-04 10:00:00",6.02,,2.55,1.87
"2023-11-04 11:00:00",6.79,,2.38,1.79
"2023-11-04 12:00:00",8.02,,3.57,2.72
"2023-11-04 13:00:00",9.42,,3.64,2.7
"2023-11-04 14:00:00",10.02,,3.33,2.67
"2023-11-04 15:00:00",12.24,,4.15,3.36
"2023-11-04 16:00:00",11.7,,5.58,3.99
"2023-11-04 17:00:00",10.42,,5.25,4.39
"2023-11-04 18:00:00",8.46,,6.78,5.27
"2023-11-04 19:00:00",8.67,,9.42,7.87
"2023-11-04 20:00:00",12.37,,10.65,9
"2023-11-04 21:00:00",10.69,,9.78,7.78
"2023-11-04 22:00:00",9.26,,7.23,5.49
"2023-11-04 23:00:00",4.93,,5.84,3.7
"2023-11-05 00:00:00",7.91,,6.83,4.03
"2023-11-05 01:00:00",4.99,,8.56,3.86
"2023-11-05 02:00:00",2.86,,6.74,3.75
"2023-11-05 03:00:00",3.88,,5.97,2.79
"2023-11-05 04:00:00",2.41,,6.64,3.16
"2023-11-05 05:00:00",3.31,,6.69,3.15
"2023-11-05 06:00:00",3.55,,5.55,2.74
"2023-11-05 07:00:00",2.11,,5.29,2.39
"2023-11-05 08:00:00",3.08,,5.37,2.55
"2023-11-05 09:00:00",4.97,,5.25,2.42
"2023-11-05 10:00:00",5.81,,7.81,4.8
"2023-11-05 11:00:00",4.03,,7.16,3.53
"2023-11-05 12:00:00",5.64,,5.95,2.93
"2023-11-05 13:00:00",7.35,,3.86,2.06
"2023-11-05 14:00:00",5.49,,6.96,3.8
"2023-11-05 15:00:00",9.35,,7.86,4.01
"2023-11-05 16:00:00",8.71,,7.08,3.84
"2023-11-05 17:00:00",9.74,,7.34,3.99
"2023-11-05 18:00:00",9.92,,5.71,3.6
"2023-11-05 19:00:00",13.56,,9.92,7.32
"2023-11-05 20:00:00",11.45,,10.13,6.93
"2023-11-05 21:00:00",9.5,,11.44,6.61
"2023-11-05 22:00:00",7.48,,11.18,6.67
"2023-11-05 22:01:00",,,,
"2023-11-05 23:01:00",,,,
"2023-11-07 00:00:00",4.34,,9.67,4.85
"2023-11-07 01:00:00",1.14,,7.58,3.93
"2023-11-07 02:00:00",2.38,,8.24,4.12
"2023-11-07 03:00:00",-0.08,,8.35,4.2
"2023-11-07 04:00:00",0.19,,7.65,3.69
"2023-11-07 05:00:00",1.43,,8.39,4.2
"2023-11-07 06:00:00",4.05,,7.5,4.82
"2023-11-07 07:00:00",9.95,,7.48,3.83
"2023-11-07 08:00:00",18.06,,8.72,4.08
"2023-11-07 09:00:00",32.88,,7.59,3.72
"2023-11-07 10:00:00",32.75,,8.87,4.09
"2023-11-07 11:00:00",18.02,,8.44,4.06
"2023-11-07 12:00:00",12.67,,7.88,2.88
"2023-11-07 13:00:00",12.45,,13.7,4.2
"2023-11-07 14:00:00",8.17,,9.58,4.01
"2023-11-07 15:00:00",12.39,,9.73,4.5
"2023-11-07 16:00:00",11.27,,13.38,6.47
"2023-11-07 17:00:00",18.36,,18,13.14
"2023-11-07 18:00:00",21.78,,22.95,18.18
"2023-11-07 19:00:00",12.44,,17.1,12.46
"2023-11-07 20:00:00",7.26,,14.22,9.48
"2023-11-07 21:00:00",3.63,,10.05,7.1
"2023-11-07 22:00:00",2.1,,7.32,4.97
"2023-11-07 23:00:00",0.07,,5.74,3.91
"2023-11-08 00:00:00",-0.7,,4.66,3.28
"2023-11-08 01:00:00",-1.08,,2.65,1.97
"2023-11-08 02:00:00",-1.39,,1.27,0.57
"2023-11-08 03:00:00",-0.86,,2.35,1.19
"2023-11-08 04:00:00",-0.55,,9.47,4.88
"2023-11-08 05:00:00",-1.14,,12.49,6.35
"2023-11-08 06:00:00",-0.88,,17.7,8.71
"2023-11-08 07:00:00",2.13,,20,9.28
"2023-11-08 08:00:00",7.98,,19.16,8.7
"2023-11-08 09:00:00",19.93,,19.33,8.11
"2023-11-08 10:00:00",15.94,,20.17,9.34
"2023-11-08 11:00:00",3.68,,17.44,7.81
"2023-11-08 12:00:00",2.53,,13.78,6.98
"2023-11-08 13:00:00",2.55,,12.61,5.93
"2023-11-08 14:00:00",6.04,,9.75,5.17
"2023-11-08 15:00:00",5.16,,9.44,6.24
"2023-11-08 16:00:00",4.79,,6.73,4.07
"2023-11-08 17:00:00",9.86,,7.46,5.02
"2023-11-08 18:00:00",11.84,,9.75,7.32
"2023-11-08 19:00:00",20.38,,24.18,20.28
"2023-11-08 20:00:00",15.81,,17.49,13.95
"2023-11-08 21:00:00",11.12,,15.93,12.03
"2023-11-08 22:00:00",6.55,,9.44,7.46
"2023-11-08 23:00:00",4.65,,10.67,7.91
"2023-11-09 00:00:00",1.56,,8.53,5.76
"2023-11-09 01:00:00",-0.13,,3.67,2.62
"2023-11-09 02:00:00",-1.03,,2.73,1.62
"2023-11-09 03:00:00",-1.03,,3.03,1.7
"2023-11-09 04:00:00",-1.4,,3.98,2.23
"2023-11-09 05:00:00",-1.41,,5.43,2.64
"2023-11-09 06:00:00",-0.92,,5.5,2.99
"2023-11-09 07:00:00",0.18,,3.66,2.26
"2023-11-09 08:00:00",2.67,,3.43,2.06
"2023-11-09 09:00:00",7.06,,3.75,2.24
"2023-11-09 10:00:00",4.2,,7.51,4.18
"2023-11-09 11:00:00",6.69,,8.56,4.45
"2023-11-09 12:00:00",8.85,,7.92,3.38
"2023-11-09 13:00:00",6.51,,10.85,4.83
"2023-11-09 14:00:00",6.67,,7.09,3.41
"2023-11-09 15:00:00",13.51,,10.27,4.53
"2023-11-09 16:00:00",14.61,,11.89,7.66
"2023-11-09 17:00:00",13.87,,22.67,11.59
"2023-11-09 18:00:00",12.63,,14.04,10
"2023-11-09 19:00:00",11.01,,13.45,8.78
"2023-11-09 20:00:00",11.25,,12,7.43
"2023-11-09 21:00:00",13.59,,15.77,10.45
"2023-11-09 22:00:00",11.91,,11.67,7.03
"2023-11-09 23:00:00",4.63,,15.65,9.35
"2023-11-10 00:00:00",5.97,,14.69,9.02
"2023-11-10 01:00:00",5.92,,16.24,9.14
"2023-11-10 02:00:00",-0.8,,11.51,5.7
"2023-11-10 03:00:00",-1.28,,5.53,3.16
"2023-11-10 04:00:00",-0.98,,4.4,2.46
"2023-11-10 05:00:00",-1.22,,3.12,1.62
"2023-11-10 06:00:00",-0.36,,3.52,1.63
"2023-11-10 07:00:00",2.93,,3.57,1.51
"2023-11-10 08:00:00",17.65,,4.45,2.13
"2023-11-10 09:00:00",29.48,,7.64,3.64
"2023-11-10 10:00:00",18.53,,10.52,5.6
"2023-11-10 11:00:00",15.13,,14.41,6.62
"2023-11-10 12:00:00",6.91,,13.4,5.45
"2023-11-10 13:00:00",6.17,,13.57,6.34
"2023-11-10 14:00:00",5.17,,13.33,6.53
"2023-11-10 15:00:00",6.43,,16.69,7.56
"2023-11-10 16:00:00",7.88,,17.27,7.96
"2023-11-10 17:00:00",9.04,,18.73,8.79
"2023-11-10 18:00:00",16.09,,21.28,10.25
"2023-11-10 19:00:00",13.67,,18.03,9.57
"2023-11-10 20:00:00",14.79,,19.57,11.66
"2023-11-10 21:00:00",12.63,,17.88,10.61
"2023-11-10 22:00:00",14.75,,29.33,24.98
"2023-11-10 23:00:00",17.11,,24.22,20.68
"2023-11-11 00:00:00",19.38,,15.62,10.08
"2023-11-11 01:00:00",9.64,,12.72,7.53
"2023-11-11 02:00:00",12.31,,11.93,7.5
"2023-11-11 03:00:00",5.15,,9.15,6.09
"2023-11-11 04:00:00",3.69,,8.1,5.19
"2023-11-11 05:00:00",5.58,,8.31,5.77
"2023-11-11 06:00:00",26.37,,9.43,5.95
"2023-11-11 07:00:00",15.9,,7.38,4.8
"2023-11-11 08:00:00",19.44,,9.02,7.18
"2023-11-11 09:00:00",22.73,,9.13,7.7
"2023-11-11 10:00:00",21.78,,11.23,7.13
"2023-11-11 11:00:00",19.21,,12.17,6.66
"2023-11-11 12:00:00",21.77,,12.34,6.68
"2023-11-11 13:00:00",19.99,,12.13,5.96
"2023-11-11 14:00:00",5.87,,10.33,5.11
"2023-11-11 15:00:00",8.34,,11.19,6.38
"2023-11-11 16:00:00",14.02,,10.65,6.06
"2023-11-11 17:00:00",21.1,,10.09,5.64
"2023-11-11 18:00:00",17.72,,12.98,9.41
"2023-11-11 19:00:00",12.46,,9.23,6.16
"2023-11-11 20:00:00",14.09,,8.36,5.84
"2023-11-11 21:00:00",17.09,,8.34,5.83
"2023-11-11 22:00:00",6.29,,7.76,4.98
"2023-11-11 23:00:00",5.85,,8.66,5.27
"2023-11-12 00:00:00",2.86,,7.78,4.14
"2023-11-12 01:00:00",1.73,,7.07,4.58
"2023-11-12 02:00:00",0.34,,5.43,3.55
"2023-11-12 03:00:00",-0.16,,4.35,3.24
"2023-11-12 04:00:00",-0.58,,3.21,2.26
"2023-11-12 05:00:00",-1.13,,2.46,1.65
"2023-11-12 06:00:00",-1.29,,1.72,1.1
"2023-11-12 07:00:00",-0.84,,1.13,0.76
"2023-11-12 08:00:00",0.02,,1.41,0.77
"2023-11-12 09:00:00",1.64,,2.86,1.9
"2023-11-12 10:00:00",2.41,,5.98,4.08
"2023-11-12 11:00:00",1.56,,7.78,4.73
"2023-11-12 12:00:00",1,,8.66,5.12
"2023-11-12 13:00:00",1.17,,11.44,6.66
"2023-11-12 14:00:00",1.64,,15.86,8.56
"2023-11-12 15:00:00",2.64,,15.88,9.73
"2023-11-12 16:00:00",5.32,,20.56,12.4
"2023-11-12 17:00:00",5.17,,24.2,16.44
"2023-11-12 18:00:00",9.72,,48.96,39.06
"2023-11-12 19:00:00",7.23,,30.92,21.68
"2023-11-12 20:00:00",6.15,,27.5,17.75
"2023-11-12 21:00:00",10.37,,37.29,27.59
"2023-11-12 22:00:00",4.59,,23.65,16.55
"2023-11-12 23:00:00",0.65,,16.46,11.49
"2023-11-13 00:00:00",-0.47,,6.78,4.84
"2023-11-13 01:00:00",0.57,,2.47,1.8
"2023-11-13 02:00:00",-1.27,,1.76,1
"2023-11-13 03:00:00",-1.59,,1.34,0.54
"2023-11-13 04:00:00",-1.81,,2.5,1.06
"2023-11-13 05:00:00",0.74,,5.68,2.9
"2023-11-13 06:00:00",3.12,,6.87,3.23
"2023-11-13 07:00:00",0.61,,9.81,4.36
"2023-11-13 08:00:00",3.57,,10.01,4.98
"2023-11-13 09:00:00",4.86,,11.97,6.35
"2023-11-13 10:00:00",7,,15.33,7.5
"2023-11-13 11:00:00",8.24,,15.62,7.93
"2023-11-13 12:00:00",8.18,,19.15,9.33
"2023-11-13 13:00:00",7.54,,18.9,9.72
"2023-11-13 14:00:00",10.78,,19.31,10.07
"2023-11-13 15:00:00",12.15,,20.46,10.41
"2023-11-13 16:00:00",12.33,,19.17,10.76
"2023-11-13 17:00:00",8.17,,23.96,13.95
"2023-11-13 18:00:00",8.74,,28.42,17.78
"2023-11-13 19:00:00",11.48,,33.31,21.5
"2023-11-13 20:00:00",10.04,,34.03,23.66
"2023-11-13 21:00:00",10.05,,27.11,20.17
"2023-11-13 22:00:00",5.37,,24.48,16.8
"2023-11-13 23:00:00",1.32,,21.86,13.99
"2023-11-14 00:00:00",0.21,,18.93,11.72
"2023-11-14 01:00:00",-0.26,,11.35,7.28
"2023-11-14 02:00:00",-0.3,,11.7,7.02
"2023-11-14 03:00:00",-1.6,,8.61,5.47
"2023-11-14 04:00:00",-1.4,,5.91,4.07
"2023-11-14 05:00:00",-1.56,,6.22,4.06
"2023-11-14 06:00:00",-0.19,,7.78,4.6
"2023-11-14 07:00:00",1.85,,11.56,6.42
"2023-11-14 08:00:00",6.38,,12.15,6.7
"2023-11-14 09:00:00",16.28,,11.29,5.75
"2023-11-14 10:00:00",15.49,,12.62,6.2
"2023-11-14 11:00:00",11.19,,15.56,7.82
"2023-11-14 12:00:00",7.44,,16.15,8
"2023-11-14 13:00:00",7.81,,11.35,5.59
"2023-11-14 14:00:00",14.22,,14.06,6.96
"2023-11-14 15:00:00",8,,15.15,7.9
"2023-11-14 16:00:00",10.64,,14.77,7.57
"2023-11-14 17:00:00",15,,15.07,7.64
"2023-11-14 18:00:00",14.26,,14.95,7.47
"2023-11-14 19:00:00",10.51,,14.33,7.66
"2023-11-14 20:00:00",8.33,,11.33,6.18
"2023-11-14 21:00:00",7.4,,10.64,5.75
"2023-11-14 22:00:00",8.13,,9.75,5.68
"2023-11-14 23:00:00",4.83,,14.33,7.24
"2023-11-15 00:00:00",3.58,,13.52,7.1
"2023-11-15 00:01:00",,,,
"2023-11-15 01:01:00",,,,
"2023-11-15 09:00:00",50.01,,13.32,7.31
"2023-11-15 10:00:00",39.59,,14.23,7.01
"2023-11-15 11:00:00",28.29,,15.64,6.65
"2023-11-15 12:00:00",21.72,,19.03,6.43
"2023-11-15 13:00:00",6.19,,14.26,5.66
"2023-11-15 14:00:00",5.73,,15.49,6.03
"2023-11-15 15:00:00",12.38,,17.12,7.16
"2023-11-15 16:00:00",27.16,,27.07,15.69
"2023-11-15 17:00:00",31.12,,28.72,19.41
"2023-11-15 18:00:00",34.91,,36.25,27.88
"2023-11-15 19:00:00",22.57,,31.15,23.3
"2023-11-15 20:00:00",37.7,,33.84,25.84
"2023-11-15 21:00:00",41.79,,40.03,32.83
"2023-11-15 22:00:00",33.82,,29.95,24.39
"2023-11-15 23:00:00",28.21,,21.92,16.9
"2023-11-16 00:00:00",17.76,,16.67,12.01
"2023-11-16 01:00:00",15.57,,17.39,12.54
"2023-11-16 02:00:00",10.28,,17.12,13.06
"2023-11-16 03:00:00",5.48,,12.11,8.24
"2023-11-16 04:00:00",6.38,,11.02,7.56
"2023-11-16 05:00:00",5.88,,11.6,7.85
"2023-11-16 06:00:00",9.06,,10.66,7.3
"2023-11-16 07:00:00",19.71,,12.12,8.56
"2023-11-16 08:00:00",26.42,,13.28,7.38
"2023-11-16 09:00:00",23.09,,19.03,8.67
"2023-11-16 10:00:00",38.83,,21.47,10.47
"2023-11-16 11:00:00",13.21,,17,8.67
"2023-11-16 12:00:00",8.99,,9.37,5.83
"2023-11-16 13:00:00",5.07,,5.92,3.92
"2023-11-16 14:00:00",5.35,,4.13,2.85
"2023-11-16 15:00:00",14.84,,4.67,2.68
"2023-11-16 16:00:00",18.12,,9.65,3.96
"2023-11-16 17:00:00",19.18,,12.41,7.68
"2023-11-16 18:00:00",18.62,,11.8,6.55
"2023-11-16 19:00:00",10.26,,13.75,10.84
"2023-11-16 20:00:00",12.52,,15.04,10.95
"2023-11-16 21:00:00",14.12,,23.42,17.39
"2023-11-16 22:00:00",6.81,,19.36,11.62
"2023-11-16 23:00:00",4.98,,18.39,10.23
"2023-11-17 00:00:00",2.66,,15.59,8.54
"2023-11-17 01:00:00",0.28,,12.61,7.29
"2023-11-17 02:00:00",0.58,,11.64,6.66
"2023-11-17 03:00:00",-0.05,,10.67,5.89
"2023-11-17 04:00:00",-0.53,,11.01,6.01
"2023-11-17 05:00:00",0.9,,12.02,6.2
"2023-11-17 06:00:00",6.3,,9.2,5.34
"2023-11-17 07:00:00",7.32,,9.19,5.22
"2023-11-17 08:00:00",27.93,,10.15,5.58
"2023-11-17 09:00:00",55.29,,14.26,9.08
"2023-11-17 10:00:00",47.48,,16.22,9.16
"2023-11-17 11:00:00",37.17,,13.66,7.04
"2023-11-17 12:00:00",39.39,,26.53,12.84
"2023-11-17 13:00:00",38.3,,72.53,22.99
"2023-11-17 14:00:00",18.03,,18.15,10.2
"2023-11-17 15:00:00",12.27,,14.62,9.65
"2023-11-17 16:00:00",12.37,,8.21,6.13
"2023-11-17 17:00:00",7.46,,4.58,3.56
"2023-11-17 18:00:00",4.21,,4.19,3.45
"2023-11-17 19:00:00",2.67,,4.13,3.36
"2023-11-17 20:00:00",1.34,,4.1,3.73
"2023-11-17 21:00:00",1.45,,3.53,3.12
"2023-11-17 22:00:00",2.35,,4.84,4.12
"2023-11-17 23:00:00",5.29,,4.26,3.1
"2023-11-18 00:00:00",6.72,,5.75,4.24
"2023-11-18 01:00:00",0.3,,2.57,1.56
"2023-11-18 02:00:00",-0.2,,2.28,1.2
"2023-11-18 03:00:00",-0.57,,2.8,1.77
"2023-11-18 04:00:00",-0.94,,5.44,3.09
"2023-11-18 05:00:00",-1.41,,9.65,5.57
"2023-11-18 06:00:00",-1.12,,8.06,4.89
"2023-11-18 07:00:00",-0.87,,8.56,5.21
"2023-11-18 08:00:00",0.05,,12.48,7.66
"2023-11-18 09:00:00",0.87,,12.19,7.34
"2023-11-18 10:00:00",1.84,,11.3,7.33
"2023-11-18 11:00:00",3.41,,13.26,8.41
"2023-11-18 12:00:00",5.41,,20.38,12.42
"2023-11-18 13:00:00",4.47,,19.24,11.84
"2023-11-18 14:00:00",2.33,,21.97,15.12
"2023-11-18 15:00:00",3.06,,17.95,12.38
"2023-11-18 16:00:00",2.95,,11.38,7.88
"2023-11-18 17:00:00",7.83,,16.42,11.88
"2023-11-18 18:00:00",5.85,,19.65,14.23
"2023-11-18 19:00:00",4.27,,23.91,16.86
"2023-11-18 20:00:00",3.98,,20.99,14.76
"2023-11-18 21:00:00",2.57,,18.33,13.13
"2023-11-18 22:00:00",2.09,,17.86,12.25
"2023-11-18 23:00:00",1.76,,19.77,12.97
"2023-11-19 00:00:00",-0.08,,12.78,8.38
"2023-11-19 01:00:00",-0.47,,13.34,8.3
"2023-11-19 02:00:00",-1.02,,10.22,6.96
"2023-11-19 03:00:00",-1.41,,8.69,5.67
"2023-11-19 04:00:00",-1.7,,10.16,6.02
"2023-11-19 05:00:00",-1.68,,5.05,3.34
"2023-11-19 06:00:00",-1.62,,1.74,1.17
"2023-11-19 07:00:00",3.95,,2.18,1.08
"2023-11-19 08:00:00",1.92,,5.71,3.48
"2023-11-19 09:00:00",0.55,,5.56,3.27
"2023-11-19 10:00:00",1.03,,13.16,6.77
"2023-11-19 11:00:00",1.5,,14.03,7.21
"2023-11-19 12:00:00",2.32,,13.89,7.47
"2023-11-19 13:00:00",1.61,,11,6.71
"2023-11-19 14:00:00",2.2,,17.24,9.22
"2023-11-19 15:00:00",2.06,,22.55,11.54
"2023-11-19 16:00:00",2.07,,21.2,11.71
"2023-11-19 17:00:00",2.82,,20.96,10.8
"2023-11-19 18:00:00",5.59,,21.51,11.82
"2023-11-19 19:00:00",3.8,,25.1,15.17
"2023-11-19 20:00:00",4.3,,20.14,13.54
"2023-11-19 21:00:00",4.05,,13.38,9.8
"2023-11-19 22:00:00",3.11,,9.58,7.59
"2023-11-19 23:00:00",9.58,,7.84,6.32
"2023-11-20 00:00:00",8.99,,9.93,8.65
"2023-11-20 01:00:00",3.56,,4.04,3.11
"2023-11-20 02:00:00",1.42,,8.21,4.39
"2023-11-20 03:00:00",2.52,,7.38,3.74
"2023-11-20 04:00:00",-0.33,,6.01,2.86
"2023-11-20 05:00:00",-0.08,,7.82,3.84
"2023-11-20 06:00:00",0.5,,5.65,3.07
"2023-11-20 07:00:00",1.16,,1.68,0.63
"2023-11-20 08:00:00",8.43,,1.97,1.03
"2023-11-20 09:00:00",14.83,,3.73,1.78
"2023-11-20 10:00:00",10.06,,4.2,2.03
"2023-11-20 11:00:00",7.3,,5.64,2.87
"2023-11-20 12:00:00",7.5,,8.45,4.41
"2023-11-20 13:00:00",6.04,,9.67,4.33
"2023-11-20 14:00:00",5.39,,9.33,4.14
"2023-11-20 15:00:00",6.04,,8.69,4.29
"2023-11-20 16:00:00",8.57,,16.67,4.95
"2023-11-20 17:00:00",12.12,,10.64,5.65
"2023-11-20 18:00:00",13.37,,11.67,7.17
"2023-11-20 19:00:00",9.88,,11.25,6.71
"2023-11-20 20:00:00",7.39,,11.23,7.08
"2023-11-20 21:00:00",6.39,,9.8,5.92
"2023-11-20 22:00:00",4.76,,9.57,5.69
"2023-11-20 23:00:00",2.87,,10.18,5.45
"2023-11-21 00:00:00",2.09,,11.34,5.71
"2023-11-21 01:00:00",1.01,,10.03,4.74
"2023-11-21 02:00:00",3.47,,8.6,4.51
"2023-11-21 03:00:00",0.27,,9.32,5.21
"2023-11-21 04:00:00",-0.82,,7.59,3.29
"2023-11-21 05:00:00",-0.81,,8.06,3.21
"2023-11-21 06:00:00",0.39,,6.57,2.77
"2023-11-21 07:00:00",5.23,,7.55,2.91
"2023-11-21 08:00:00",16.42,,9.03,3.68
"2023-11-21 09:00:00",39.33,,11.22,3.99
"2023-11-21 10:00:00",47.36,,18.88,7.5
"2023-11-21 10:01:00",
"2023-11-21 11:00:00",,,14.1,5.82
"2023-11-21 11:01:00",
"2023-11-21 12:00:00",,,14.87,5.75
"2023-11-21 13:00:00",,,17.67,7.08
"2023-11-21 14:00:00",25.87,,18.07,6.17
"2023-11-21 15:00:00",23.76,,16.91,6.36
"2023-11-21 16:00:00",29.3,,17.68,8.41
"2023-11-21 17:00:00",41.01,,30.9,13.94
"2023-11-21 18:00:00",42.51,,43.81,29.55
"2023-11-21 19:00:00",37.59,,53.18,43.38
"2023-11-21 20:00:00",28.36,,35.7,28.95
"2023-11-21 21:00:00",26.17,,34.46,28.44
"2023-11-21 22:00:00",12.84,,17.9,13.15
"2023-11-21 23:00:00",7.09,,10.34,7.09
"2023-11-22 00:00:00",4.17,,9.72,7.02
"2023-11-22 01:00:00",2.76,,6.69,4.95
"2023-11-22 02:00:00",2.36,,5.54,4.46
"2023-11-22 03:00:00",2.47,,3.55,2.7
"2023-11-22 04:00:00",5.42,,3.51,1.6
"2023-11-22 05:00:00",5.5,,7.27,2.92
"2023-11-22 06:00:00",4.49,,11.37,4.55
"2023-11-22 07:00:00",4.82,,11.87,5.38
"2023-11-22 08:00:00",7.94,,7.46,3.8
"2023-11-22 09:00:00",13.58,58.01,5.33,2.77
"2023-11-22 10:00:00",11.94,59.24,5.96,2.42
"2023-11-22 11:00:00",10.72,62.21,4.95,2.43
"2023-11-22 12:00:00",9.45,63.18,5.2,2.43
"2023-11-22 13:00:00",11.1,60.9,5.79,3.44
"2023-11-22 14:00:00",10.15,62.01,4.3,2.71
"2023-11-22 15:00:00",10.45,62.76,7.65,2.84
"2023-11-22 16:00:00",13.18,56.72,18.09,4.32
"2023-11-22 17:00:00",13.37,57.77,6.47,3.03
"2023-11-22 18:00:00",10.89,64.06,4.56,2.68
"2023-11-22 19:00:00",9.45,65.7,3.76,2.64
"2023-11-22 20:00:00",8.8,63.69,3.87,3.1
"2023-11-22 21:00:00",6.96,68.1,5.89,4.42
"2023-11-22 22:00:00",5.22,69.55,4.67,2.97
"2023-11-22 23:00:00",4.11,68.92,4,2.63
"2023-11-23 00:00:00",3.34,71.24,4.71,2.88
"2023-11-23 01:00:00",2.34,72.64,4.71,2.85
"2023-11-23 02:00:00",2,72.48,11.47,4.89
"2023-11-23 03:00:00",1.95,75.17,13.49,6.39
"2023-11-23 04:00:00",1.33,78.38,9.3,4.72
"2023-11-23 05:00:00",1.28,78.48,5.57,2.91
"2023-11-23 06:00:00",5.57,71.92,5.65,2.37
"2023-11-23 07:00:00",5.88,71.3,5.55,2.42
"2023-11-23 08:00:00",8.88,67.2,8.06,3.19
"2023-11-23 09:00:00",15.33,55.97,6.13,3.05
"2023-11-23 10:00:00",16.11,52.09,9.89,4.41
"2023-11-23 11:00:00",9.06,66.3,11.68,5.23
"2023-11-23 12:00:00",11.18,61.48,10.72,4.69
"2023-11-23 13:00:00",13.2,61.5,12.25,5.54
"2023-11-23 14:00:00",12.34,62.17,12.61,5.33
"2023-11-23 15:00:00",14.1,58.04,16.36,7.72
"2023-11-23 16:00:00",14.92,57.05,20.05,9.47
"2023-11-23 17:00:00",17.6,52.23,20.64,11.4
"2023-11-23 18:00:00",18.9,50.48,20.05,11.51
"2023-11-23 19:00:00",20.19,47.07,21.9,14.62
"2023-11-23 20:00:00",16.96,53.31,20.18,11.88
"2023-11-23 21:00:00",10.45,52.75,15.77,10.01
"2023-11-23 22:00:00",9.21,53.93,14.23,9
"2023-11-23 23:00:00",5.39,57.58,12.92,7.63
"2023-11-24 00:00:00",5.9,54.52,12.3,7.11
"2023-11-24 01:00:00",1.9,62.44,9.16,5.3
"2023-11-24 02:00:00",2.19,60.38,4.3,2.41
"2023-11-24 03:00:00",1.42,59.39,3.55,1.61
"2023-11-24 04:00:00",1.17,59.52,2.93,1.46
"2023-11-24 05:00:00",1.7,56.15,3.07,1.57
"2023-11-24 06:00:00",2.76,52.9,3.38,1.78
"2023-11-24 07:00:00",6.66,44.64,4.57,2.21
"2023-11-24 08:00:00",18.87,41.13,10.79,3.96
"2023-11-24 09:00:00",38.3,21.25,41.64,9.73
"2023-11-24 10:00:00",28.55,29.53,43.78,12.09
"2023-11-24 11:00:00",18.08,44.39,37.86,14.85
"2023-11-24 12:00:00",16.55,49.26,40.79,14.6
"2023-11-24 13:00:00",17.05,54.97,35.06,14.01
"2023-11-24 14:00:00",12.39,59.82,27.72,12.08
"2023-11-24 15:00:00",14.3,60.31,28.43,12.57
"2023-11-24 16:00:00",20.65,53.53,26.05,12.06
"2023-11-24 17:00:00",26.78,46.03,26.46,12.36
"2023-11-24 18:00:00",43.01,28.13,30.32,19.1
"2023-11-24 19:00:00",45.72,24.97,33.91,23.35
"2023-11-24 20:00:00",38.81,31.77,30.74,21.81
"2023-11-24 21:00:00",31.55,38.57,25.99,17.09
"2023-11-24 22:00:00",20.47,45.32,20.91,13.92
"2023-11-24 23:00:00",13.43,51.11,21.32,14.83
"2023-11-25 00:00:00",20.55,41.24,18.96,13.43
"2023-11-25 01:00:00",8.09,53.7,16.9,12.12
"2023-11-25 02:00:00",4.38,52.94,12.2,8.23
"2023-11-25 03:00:00",3.45,48.47,11.93,7.82
"2023-11-25 04:00:00",3.56,46.78,13.97,9.17
"2023-11-25 05:00:00",2.85,49.88,13.66,8.14
"2023-11-25 06:00:00",23.11,34.83,17.7,9.63
"2023-11-25 07:00:00",10.81,42.93,17.24,9.44
"2023-11-25 08:00:00",26.58,21.39,15.78,8.78
"2023-11-25 09:00:00",27.83,23.64,16.18,8.12
"2023-11-25 10:00:00",25.94,25.67,18.36,9.51
"2023-11-25 11:00:00",14.2,35.27,17.06,9.22
"2023-11-25 12:00:00",15.91,28.75,16.66,10.21
"2023-11-25 13:00:00",16.03,26.64,18.51,10.56
"2023-11-25 14:00:00",11.78,40.58,16.46,9.12
"2023-11-25 15:00:00",4.29,58.74,11.47,8.15
"2023-11-25 16:00:00",6.62,51.81,13.54,10.07
"2023-11-25 17:00:00",8.79,50.27,16.2,11.38
"2023-11-25 18:00:00",9.74,53.51,17.49,13.19
"2023-11-25 19:00:00",10.68,51.22,19.1,15.68
"2023-11-25 20:00:00",10.14,52.23,19.63,16.46
"2023-11-25 21:00:00",7.05,56.3,15.34,12.78
"2023-11-25 22:00:00",5.26,58.21,11.03,7.64
"2023-11-25 23:00:00",3.89,60.97,8.24,5.87
"2023-11-26 00:00:00",2.2,63.5,6.71,4.72
"2023-11-26 01:00:00",2.04,60.07,4.56,3.47
"2023-11-26 02:00:00",1.28,62.39,2.98,2.26
"2023-11-26 03:00:00",1.08,63.3,2.53,1.71
"2023-11-26 04:00:00",1.08,62.23,2.23,1.32
"2023-11-26 05:00:00",0.63,60.65,1.58,0.79
"2023-11-26 06:00:00",0.92,56.96,1.24,0.68
"2023-11-26 07:00:00",1.08,53.07,1.2,0.53
"2023-11-26 08:00:00",1.59,49.12,1.13,0.42
"2023-11-26 09:00:00",3.38,42.79,1.78,0.6
"2023-11-26 10:00:00",3.67,41.46,2.41,0.92
"2023-11-26 11:00:00",4.03,47.31,1.94,0.95
"2023-11-26 12:00:00",8.84,34.31,3.02,1.51
"2023-11-26 13:00:00",7.13,45.5,5.19,3.08
"2023-11-26 14:00:00",8.19,53.83,10.41,4.85
"2023-11-26 15:00:00",7.75,53.27,8.07,4.62
"2023-11-26 16:00:00",11.39,51.32,7.48,4.11
"2023-11-26 17:00:00",12.75,48.47,10.62,5.37
"2023-11-26 18:00:00",10.26,49.31,5.85,3.57
"2023-11-26 19:00:00",10.55,44.68,11.27,8.32
"2023-11-26 20:00:00",10.41,40.9,12.75,9.9
"2023-11-26 21:00:00",11.25,43.87,9.88,6.16
"2023-11-26 22:00:00",10.06,40.61,13.77,9.66
"2023-11-26 23:00:00",6.63,41.66,10.55,6.95
"2023-11-27 00:00:00",4.96,41.88,9.02,5.07
"2023-11-27 01:00:00",3.82,42.78,7.59,5
"2023-11-27 02:00:00",2.92,48.23,7.12,3.56
"2023-11-27 03:00:00",3.79,45.88,6.32,2.92
"2023-11-27 04:00:00",4.03,42.79,4.47,2.44
"2023-11-27 05:00:00",4.09,47.4,4.27,2.17
"2023-11-27 06:00:00",3.98,52.5,3.48,1.72
"2023-11-27 07:00:00",4.45,59.32,4.43,1.96
"2023-11-27 08:00:00",15.18,49.18,5.31,2.43
"2023-11-27 09:00:00",22.35,42.2,5.27,2.2
"2023-11-27 10:00:00",15.41,48.67,4.16,1.76
"2023-11-27 11:00:00",11.07,49.31,3.28,1.36
"2023-11-27 12:00:00",7.33,55.25,6.88,2.32
"2023-11-27 13:00:00",7.59,61.67,6.82,2.31
"2023-11-27 14:00:00",9.75,57.95,5.92,2.35
"2023-11-27 15:00:00",10.4,55.94,9.66,3.5
"2023-11-27 16:00:00",13.47,53.46,13.93,5.1
"2023-11-27 17:00:00",22.6,39.67,18.87,8.08
"2023-11-27 18:00:00",24.43,34.38,19.2,13.34
"2023-11-27 19:00:00",33.68,20.66,25.89,21.1
"2023-11-27 20:00:00",27.81,27.93,23.91,18.54
"2023-11-27 21:00:00",15.98,39.32,19.79,14.18
"2023-11-27 22:00:00",24.42,25.16,21.83,15.52
"2023-11-27 23:00:00",21.9,20.84,20.33,15.45
"2023-11-28 00:00:00",15.41,25.66,15.57,10.47
"2023-11-28 01:00:00",22.29,7.4,21.1,17.41
"2023-11-28 02:00:00",19.23,12.07,20.17,15.6
"2023-11-28 03:00:00",12.35,14.16,18.71,14.17
"2023-11-28 04:00:00",9.99,14.33,17.13,12.73
"2023-11-28 05:00:00",12.53,8.17,15.66,10.45
"2023-11-28 06:00:00",17.05,-0.53,16.47,11.12
"2023-11-28 07:00:00",22.24,-0.98,14.99,10.38
"2023-11-28 08:00:00",23.2,2.42,15.06,9.52
"2023-11-28 09:00:00",31.44,-0.64,17.18,10.86
"2023-11-28 10:00:00",37.56,-1.06,23.77,12.85
"2023-11-28 11:00:00",32.84,2.18,23.98,13.57
"2023-11-28 12:00:00",34.02,3.71,28.59,14.66
"2023-11-28 13:00:00",38.92,4.15,28.95,12.01
"2023-11-28 14:00:00",35.6,9.46,30.66,11.94
"2023-11-28 15:00:00",29.46,20.21,27.57,11.57
"2023-11-28 16:00:00",20.26,29.27,22.74,9.88
"2023-11-28 17:00:00",28.51,13.19,28.06,13.67
"2023-11-28 18:00:00",37.59,2.54,30.95,19.94
"2023-11-28 19:00:00",48.02,8.01,124.75,112.25
"2023-11-28 20:00:00",47.83,7.14,147.75,137.42
"2023-11-28 21:00:00",41.83,3.72,78.64,66.11
"2023-11-28 22:00:00",34.15,9.09,45.22,40
"2023-11-28 23:00:00",37.44,3.23,51.76,46.05
"2023-11-29 00:00:00",33.76,2.59,58.19,52.53
"2023-11-29 01:00:00",25.64,11.5,35.67,32.63
"2023-11-29 02:00:00",13.33,21.38,17.51,15.05
"2023-11-29 03:00:00",9.76,22.78,16.51,14.6
"2023-11-29 04:00:00",15.48,7.91,23.03,19.14
"2023-11-29 05:00:00",12.84,10.29,16.36,13.98
"2023-11-29 06:00:00",15.86,8.48,15.21,12.29
"2023-11-29 07:00:00",18.8,2.97,16.22,13.79
"2023-11-29 08:00:00",23.56,-0.24,15.58,12.32
"2023-11-29 09:00:00",31.38,-0.8,16.35,12.68
"2023-11-29 10:00:00",32.1,-0.58,14.13,9.81
"2023-11-29 11:00:00",30.46,0.48,21.41,10.7
"2023-11-29 12:00:00",25.25,11.74,14.92,9.64
"2023-11-29 13:00:00",19.1,27.64,17.84,7.89
"2023-11-29 14:00:00",18.93,26.28,23.31,10.61
"2023-11-29 15:00:00",15.97,26.1,20.14,11.67
"2023-11-29 16:00:00",16.9,19.06,43.6,18.26
"2023-11-29 17:00:00",19.54,15.13,24.6,16.95
"2023-11-29 18:00:00",25.08,7.18,30.62,27.83
"2023-11-29 19:00:00",20.74,14.06,29.48,26.95
"2023-11-29 20:00:00",18.44,22.98,22.13,20.02
"2023-11-29 21:00:00",15.65,21.71,25.09,22.62
"2023-11-29 22:00:00",14.52,22.62,22.46,19.93
"2023-11-29 23:00:00",11.92,28.13,19.24,16.94
"2023-11-30 00:00:00",9.44,33.33,16.05,13.58
"2023-11-30 01:00:00",8.13,30.69,15.55,13.82
"2023-11-30 02:00:00",6.88,29.71,15.71,14.01
"2023-11-30 03:00:00",6.62,28.23,16.28,14.17
"2023-11-30 04:00:00",4.86,35.95,13.73,11.75
"2023-11-30 05:00:00",3.89,37.99,10.21,8.37
"2023-11-30 06:00:00",3.92,37.62,9.02,7.54
"2023-11-30 07:00:00",4.75,36.12,8.16,6.38
"2023-11-30 08:00:00",8.87,32.37,8.73,5.51
"2023-11-30 09:00:00",17.46,22.73,9.36,5.8
"2023-11-30 10:00:00",14.8,25.74,18.31,6.01
"2023-11-30 11:00:00",12.33,27.71,11.71,5.46
"2023-11-30 12:00:00",13.82,27.84,12.86,5.45
"2023-11-30 13:00:00",11.74,30.34,17,5.94
"2023-11-30 14:00:00",10.56,34.28,11.04,4.93
"2023-11-30 15:00:00",11.55,33.9,13.19,5.8
"2023-11-30 16:00:00",18.13,23.27,18.69,8.05
"2023-11-30 17:00:00",21.97,18.42,14.15,8.61
"2023-11-30 18:00:00",26.06,14.31,14.63,11.11
"2023-11-30 19:00:00",27.24,14.77,17.6,14.34
"2023-11-30 20:00:00",25.29,15.14,19.06,15.51
"2023-11-30 21:00:00",25.55,14.35,21.92,18.77
"2023-11-30 22:00:00",26.28,8.03,23.16,20.52
"2023-11-30 23:00:00",33.98,1.51,34.51,32.02
"2023-12-01 00:00:00",30.24,1.08,40.38,37.89
"2023-12-01 01:00:00",30.87,2.5,64.07,61.35
"2023-12-01 02:00:00",24.51,1.76,67.51,64.95
"2023-12-01 03:00:00",20.88,-0.83,35.06,32.39
"2023-12-01 04:00:00",19.18,-0.25,25.61,23.09
"2023-12-01 05:00:00",17.02,0,18.38,16.49
"2023-12-01 06:00:00",14.81,-1.15,19.68,17.63
"2023-12-01 07:00:00",16.68,-1.18,19.27,17.24
"2023-12-01 08:00:00",21.34,-1.05,26.82,23.36
"2023-12-01 09:00:00",37.07,-0.34,31.84,27.31
"2023-12-01 10:00:00",37.88,-0.71,30.77,21.52
"2023-12-01 11:00:00",29.37,0.44,30.64,23.31
"2023-12-01 12:00:00",28.05,2.18,35.05,26.39
"2023-12-01 13:00:00",25.92,5.31,27.41,20.66
"2023-12-01 14:00:00",25.69,4.32,28.59,22.13
"2023-12-01 15:00:00",26.39,5.22,32.76,25.87
"2023-12-01 16:00:00",31.91,3.26,42.39,37.04
"2023-12-01 17:00:00",36.89,1.24,51.18,42.39
"2023-12-01 18:00:00",33.26,3.04,91.75,79.86
"2023-12-01 19:00:00",33.78,2.92,70.15,64.46
"2023-12-01 20:00:00",30.1,1.12,58.69,54.53
"2023-12-01 21:00:00",28.6,1.16,54.06,50.5
"2023-12-01 22:00:00",30.1,3.98,75.47,71.69
"2023-12-01 23:00:00",27.24,3.81,84.13,80.18
"2023-12-02 00:00:00",21.62,0.05,42.24,40.02
"2023-12-02 01:00:00",22.5,1.52,45.72,43.73
"2023-12-02 02:00:00",19.12,0.19,43.59,41.8
"2023-12-02 03:00:00",17,-0.39,36.71,35.09
"2023-12-02 04:00:00",16.39,-0.53,34.48,33.22
"2023-12-02 05:00:00",14.65,-0.98,28.25,27.13
"2023-12-02 06:00:00",14.78,-0.62,22.09,21.01
"2023-12-02 07:00:00",14.61,1.62,14.48,13.01
"2023-12-02 08:00:00",18.27,0.94,13.55,10.93
"2023-12-02 09:00:00",18.63,1.15,11.99,10.32
"2023-12-02 10:00:00",27.45,-0.42,23.01,16.73
"2023-12-02 11:00:00",25.74,0.26,23.64,18.76
"2023-12-02 12:00:00",31.05,0.54,18.86,16.32
"2023-12-02 13:00:00",30.62,1.23,28.22,24.13
"2023-12-02 14:00:00",34.6,0.75,25.19,21.27
"2023-12-02 15:00:00",36.79,1.95,27.96,24.9
"2023-12-02 16:00:00",35.24,3.88,33.62,31.29
"2023-12-02 17:00:00",42.38,1.99,76.37,73.02
"2023-12-02 18:00:00",42.25,1.88,83.02,79.26
"2023-12-02 19:00:00",41.68,2.34,79.45,74.87
"2023-12-02 20:00:00",36.86,2.22,80.39,78.69
"2023-12-02 21:00:00",43.63,5.01,112.53,111.04
"2023-12-02 22:00:00",30.54,1.22,70.08,68.61
"2023-12-02 23:00:00",31.16,2.01,67.49,66.03
"2023-12-03 00:00:00",27.14,0.58,53.46,52.16
"2023-12-03 01:00:00",20.15,0.54,30.35,29.14
"2023-12-03 02:00:00",18.58,0.7,25.11,23.58
"2023-12-03 03:00:00",15.97,1.08,22.26,21.62
"2023-12-03 04:00:00",15.84,3.04,17.85,17.08
"2023-12-03 05:00:00",8.98,9.79,10.62,10.1
"2023-12-03 06:00:00",6.36,15.68,9.44,8.86
"2023-12-03 07:00:00",11.77,13.76,8.69,8.24
"2023-12-03 08:00:00",7.41,24.19,9.25,8.82
"2023-12-03 09:00:00",7.39,21.76,10.1,9.54
"2023-12-03 10:00:00",8.15,24.96,11.38,10.68
"2023-12-03 11:00:00",10.22,24.4,11.26,10.7
"2023-12-03 12:00:00",10.05,26.67,9.56,9.14
"2023-12-03 13:00:00",11.21,25.88,9,8.54
"2023-12-03 14:00:00",10.24,29.33,8.57,8.21
"2023-12-03 15:00:00",10.35,25.6,9.23,8.8
"2023-12-03 16:00:00",12.08,27.64,11.64,11.29
"2023-12-03 17:00:00",12.78,27.25,12.99,12.45
"2023-12-03 18:00:00",12.83,30.18,15.54,15.08
"2023-12-03 19:00:00",12.8,27.65,17.44,16.91
"2023-12-03 20:00:00",13.74,24.93,18.57,17.82
"2023-12-03 21:00:00",11.79,29.48,18.47,17.96
"2023-12-03 22:00:00",9.88,31.86,16.68,15.86
"2023-12-03 23:00:00",7.18,37.07,13.79,12.9
"2023-12-04 00:00:00",5.94,38.17,13.25,12.24
"2023-12-04 01:00:00",5.24,36.29,13.4,12.5
"2023-12-04 02:00:00",4.6,42.22,10.06,9.39
"2023-12-04 03:00:00",3.02,50.81,6.27,5.59
"2023-12-04 04:00:00",3.63,46.87,8.43,7.78
"2023-12-04 05:00:00",4.11,47.64,7.63,7.05
"2023-12-04 06:00:00",4.18,44.25,6.48,5.89
"2023-12-04 07:00:00",4.93,42.12,7.21,6.01
"2023-12-04 08:00:00",12.4,38.44,7.41,5.65
"2023-12-04 09:00:00",34.53,14.91,8.82,5.98
"2023-12-04 10:00:00",29.96,18.92,11.59,8.06
"2023-12-04 11:00:00",15.13,36.26,6.27,4.28
"2023-12-04 12:00:00",14.6,37.07,6.24,3.9
"2023-12-04 13:00:00",12.19,41.34,6.86,3.6
"2023-12-04 14:00:00",10.59,48.31,4.41,2.66
"2023-12-04 15:00:00",10.59,48.87,6.62,3.09
"2023-12-04 16:00:00",14.6,43.74,9.91,4.76
"2023-12-04 17:00:00",21.13,32.86,9.83,6.61
"2023-12-04 18:00:00",27.35,25.65,11.93,10.13
"2023-12-04 19:00:00",29.28,15.02,16.99,14.64
"2023-12-04 20:00:00",30.31,10.06,38.59,35.09
"2023-12-04 21:00:00",33.36,7.43,31.68,29.44
"2023-12-04 22:00:00",31.67,7.83,34.57,33.56
"2023-12-04 23:00:00",34.05,7.17,26.82,25.4
"2023-12-05 00:00:00",15.97,21.31,7.46,5.93
"2023-12-05 01:00:00",10.14,30.32,5.94,4.54
"2023-12-05 02:00:00",8.45,26.24,5.51,4.02
"2023-12-05 03:00:00",13,18.27,6.35,4.72
"2023-12-05 04:00:00",11.27,16.11,7.26,5.14
"2023-12-05 05:00:00",11.85,10.12,8.74,6.96
"2023-12-05 06:00:00",15.1,9.51,6.97,5.42
"2023-12-05 07:00:00",24.76,2.58,7.77,5.24
"2023-12-05 08:00:00",32.41,-1.43,10.9,8.62
"2023-12-05 09:00:00",42,-1.34,11.87,9.66
"2023-12-05 10:00:00",47.96,-0.55,17.26,13.83
"2023-12-05 11:00:00",38.47,0.4,18.09,13.41
"2023-12-05 12:00:00",33.58,3.53,23.47,18.83
"2023-12-05 13:00:00",35.29,3.48,21.47,17.28
"2023-12-05 14:00:00",34.04,2.67,26.26,21.41
"2023-12-05 15:00:00",30.83,1.63,32.5,28.59
"2023-12-05 16:00:00",27.21,1.62,31.9,29
"2023-12-05 17:00:00",33.32,2.3,61.2,56.63
"2023-12-05 18:00:00",39.92,3.07,92.6,83.37
"2023-12-05 19:00:00",33.3,-0.58,36.88,33.94
"2023-12-05 20:00:00",31.42,1.55,55.54,50.59
"2023-12-05 21:00:00",35.68,1.38,45.04,42.42
"2023-12-05 22:00:00",26.77,7.01,15.25,13.4
"2023-12-05 23:00:00",27.61,6.94,17.71,15.25
"2023-12-06 00:00:00",19.2,12.23,14.18,12.66
"2023-12-06 01:00:00",9.96,22.95,10.63,9.58
"2023-12-06 02:00:00",7.93,25.97,9.2,8.24
"2023-12-06 03:00:00",7.47,29,7.67,6.71
"2023-12-06 04:00:00",6.39,32.21,7.25,5.89
"2023-12-06 05:00:00",3.49,45.01,6.34,4.34
"2023-12-06 06:00:00",1.91,57.58,7.45,3.46
"2023-12-06 07:00:00",2.88,60.95,5.27,2.75
"2023-12-06 08:00:00",3.85,65.05,6.7,3.34
"2023-12-06 09:00:00",6.24,65.55,6.35,3.26
"2023-12-06 10:00:00",5.1,67.56,5.4,3.16
"2023-12-06 11:00:00",4.22,70.27,4.6,2.76
"2023-12-06 12:00:00",3.85,72.47,7.09,3.81
"2023-12-06 13:00:00",3.72,72,7.4,4.48
"2023-12-06 14:00:00",4,71.57,6.14,4.36
"2023-12-06 15:00:00",3.42,77.18,5.86,4.43
"2023-12-06 16:00:00",3.71,79.93,5.38,3.79
"2023-12-06 17:00:00",5.48,76.29,7.94,6.63
"2023-12-06 18:00:00",5.56,78.57,8.93,7.6
"2023-12-06 19:00:00",4.39,78.71,5.36,4.7
"2023-12-06 20:00:00",3.55,78.69,4.14,3.76
"2023-12-06 21:00:00",4.06,76.72,7.55,7.04
"2023-12-06 22:00:00",4.18,70.68,5.99,5.47
"2023-12-06 23:00:00",4,64.64,8.29,6.2
"2023-12-07 00:00:00",3.46,60.72,11.71,8.38
"2023-12-07 01:00:00",4.29,50.71,10.45,6.92
"2023-12-07 02:00:00",3.55,47.21,9.28,6.22
"2023-12-07 03:00:00",7.31,38.51,9.53,6.32
"2023-12-07 04:00:00",7.27,42.17,12.34,8.28
"2023-12-07 05:00:00",6.59,57.59,16.75,10.15
"2023-12-07 06:00:00",1.38,73.55,12.18,7.76
"2023-12-07 07:00:00",2.95,70.17,7.29,4.41
"2023-12-07 08:00:00",2.99,74,10.29,6.62
"2023-12-07 09:00:00",6.31,67.77,7.66,5.29
"2023-12-07 10:00:00",5.69,66.87,4.48,2.6
"2023-12-07 11:00:00",11.12,55.51,5.69,3.52
"2023-12-07 12:00:00",11.07,52.99,10.38,6.7
"2023-12-07 13:00:00",6.02,62.2,19.05,9.69
"2023-12-07 14:00:00",5,68.4,22.67,12.31
"2023-12-07 15:00:00",7.47,66.66,18.84,10.15
"2023-12-07 16:00:00",8.18,64.15,19.61,10.82
"2023-12-07 17:00:00",8.33,64.2,10.42,7.76
"2023-12-07 18:00:00",9.21,60.31,14.28,10.58
"2023-12-07 19:00:00",9.39,58.11,15.14,10.82
"2023-12-07 20:00:00",8.17,60.6,9.96,8.2
"2023-12-07 21:00:00",7.1,60.2,10.64,9.42
"2023-12-07 22:00:00",5.05,60.04,10.4,8.77
"2023-12-07 23:00:00",3.6,63.55,6.92,5.39
"2023-12-08 00:00:00",2.61,63.33,10.53,6.66
"2023-12-08 01:00:00",1.36,66.23,12.5,7.17
"2023-12-08 02:00:00",0.84,66.72,12.25,7.12
"2023-12-08 03:00:00",1,62.77,11.31,6.81
"2023-12-08 04:00:00",1.22,65.23,11.84,6.91
"2023-12-08 05:00:00",0.8,70.17,9.31,6.11
"2023-12-08 06:00:00",1.31,70.86,17.85,9.83
"2023-12-08 07:00:00",2.19,70.36,19.44,10.45
"2023-12-08 08:00:00",4.65,67.71,16.35,9.97
"2023-12-08 09:00:00",7.85,64.72,11.94,8.13
"2023-12-08 10:00:00",7.8,65.44,11.53,7.69
"2023-12-08 11:00:00",5.31,66.31,13.06,8.03
"2023-12-08 12:00:00",3.58,67.81,14.56,8.25
"2023-12-08 13:00:00",4.54,66.58,16.92,9.44
"2023-12-08 14:00:00",4.66,68.59,19.1,9.07
"2023-12-08 15:00:00",5.43,68.72,18.99,10.15
"2023-12-08 16:00:00",7.08,69.3,22.36,11.04
"2023-12-08 17:00:00",8.68,70.28,25.95,12.63
"2023-12-08 18:00:00",6.96,71,25.23,12.89
"2023-12-08 19:00:00",6.91,70.2,26.1,13.64
"2023-12-08 20:00:00",8.35,63.74,23.6,16.15
"2023-12-08 21:00:00",9.99,58.62,29.27,17.51
"2023-12-08 22:00:00",8.43,57.22,30.79,19.77
"2023-12-08 23:00:00",4.43,60.3,23.52,13.88
"2023-12-09 00:00:00",2.82,63.06,11.52,8.03
"2023-12-09 01:00:00",3.15,64.29,4.44,3.29
"2023-12-09 02:00:00",2.14,68.46,1.99,1.52
"2023-12-09 03:00:00",0.92,74.62,1.38,0.55
"2023-12-09 04:00:00",0.87,72.98,0.69,0.38
"2023-12-09 05:00:00",2.42,68.6,2.51,1.26
"2023-12-09 06:00:00",0.67,78.07,7.16,4.61
"2023-12-09 07:00:00",1.61,77.11,19.05,9.59
"2023-12-09 08:00:00",1.83,79.08,28.11,14.62
"2023-12-09 09:00:00",2.86,79.63,30.01,15.78
"2023-12-09 10:00:00",4.13,79.05,28.1,15.27
"2023-12-09 11:00:00",3.89,81.66,26.81,14.35
"2023-12-09 12:00:00",4.55,83.25,26.66,14.2
"2023-12-09 13:00:00",5.46,81.43,28.2,14.68
"2023-12-09 14:00:00",3.85,83.14,18.26,10.09
"2023-12-09 15:00:00",3.63,83.39,18.61,10.2
"2023-12-09 16:00:00",3.79,81.74,19.65,10.56
"2023-12-09 17:00:00",5.67,78.96,23.1,12.22
"2023-12-09 18:00:00",5.63,76.52,24.54,13.72
"2023-12-09 19:00:00",5.9,76.85,23.92,12.57
"2023-12-09 20:00:00",16.89,61.25,12.19,7.1
"2023-12-09 21:00:00",9.95,66.16,15.1,8.33
"2023-12-09 22:00:00",10.31,59.26,19.03,13.47
"2023-12-09 23:00:00",11.78,54.72,25.45,16.26
"2023-12-10 00:00:00",6.28,58.36,19.81,11.76
"2023-12-10 01:00:00",6.86,55.45,17.8,9.66
"2023-12-10 02:00:00",2.86,58.29,16.1,8.66
"2023-12-10 03:00:00",4.87,55.26,15.33,7.44
"2023-12-10 04:00:00",3.66,56.19,18.02,8.45
"2023-12-10 05:00:00",0.37,68.11,22.57,12.18
"2023-12-10 06:00:00",0.54,73.59,19.83,11.95
"2023-12-10 07:00:00",0.5,76.37,8.81,6.63
"2023-12-10 08:00:00",1.91,71.65,3.3,2.5
"2023-12-10 09:00:00",3.43,64.85,5.31,2.67
"2023-12-10 10:00:00",3.11,66.6,19.92,10.71
"2023-12-10 11:00:00",2.53,71.68,24.57,13.36
"2023-12-10 12:00:00",3.1,73.35,23.51,12.27
"2023-12-10 13:00:00",3.34,72.24,20.14,11.49
"2023-12-10 14:00:00",3.6,73.66,15.35,9.83
"2023-12-10 15:00:00",1.69,78.01,16.64,10.61
"2023-12-10 16:00:00",2.61,78.55,16.82,11.38
"2023-12-10 17:00:00",6.11,80.19,16.57,10.07
"2023-12-10 18:00:00",2.92,85.24,16.79,10.13
"2023-12-10 19:00:00",3.29,84.05,16.13,9.45
"2023-12-10 20:00:00",3.71,81.74,16.83,10.45
"2023-12-10 21:00:00",4.61,80.07,21.81,11.62
"2023-12-10 22:00:00",3.61,81.02,19.15,10.48
"2023-12-10 23:00:00",1.51,79.52,14.09,6.88
"2023-12-11 00:00:00",1.51,79.26,11.42,5.3
"2023-12-11 01:00:00",1.55,77.59,11.91,5.64
"2023-12-11 02:00:00",1.44,74.38,13.38,5.47
"2023-12-11 03:00:00",1.39,71.37,14,5.98
"2023-12-11 04:00:00",3.67,57.86,13.88,6.34
"2023-12-11 05:00:00",2.63,54.32,14.88,6.92
"2023-12-11 06:00:00",5.33,41.18,12.45,6.69
"2023-12-11 07:00:00",20.39,21.31,11.99,6.08
"2023-12-11 08:00:00",40.05,6.58,10.55,5.41
"2023-12-11 09:00:00",51.05,-1.79,15.08,8.06
"2023-12-11 10:00:00",47.39,-0.14,16.42,8.9
"2023-12-11 11:00:00",37.64,8.38,13.2,7.06
"2023-12-11 12:00:00",38.27,9.46,13.79,7.23
"2023-12-11 13:00:00",21.46,29.65,15.48,7.86
"2023-12-11 14:00:00",20.01,29.97,11.58,6.5
"2023-12-11 15:00:00",16.05,36.42,12.82,8.12
"2023-12-11 16:00:00",14.05,44.38,15.31,9.54
"2023-12-11 17:00:00",8.61,57.43,12.57,9.91
"2023-12-11 18:00:00",11.32,63.14,13.53,11.86
"2023-12-11 19:00:00",30.07,37.93,19.51,17.65
"2023-12-11 20:00:00",31.71,30.09,35.89,32.71
"2023-12-11 21:00:00",16.98,44.04,21.32,19.57
"2023-12-11 22:00:00",8.7,54.24,14.32,11.82
"2023-12-11 23:00:00",4.73,57.14,12.26,8.83
"2023-12-12 00:00:00",4.4,56.96,12.62,8.81
"2023-12-12 01:00:00",2.53,58.36,9.37,6.11
"2023-12-12 02:00:00",1.74,58.85,6.99,4.82
"2023-12-12 03:00:00",1.39,56.24,5.26,3.25
"2023-12-12 04:00:00",1.42,48.47,5.63,3.35
"2023-12-12 05:00:00",4.85,36.13,5.85,3.69
"2023-12-12 06:00:00",12.21,29.66,7.76,4.51
"2023-12-12 07:00:00",32.43,10.05,8.44,4.8
"2023-12-12 08:00:00",42.66,2.72,9.45,5.92
"2023-12-12 09:00:00",47.3,-1.65,12.24,9.34
"2023-12-12 10:00:00",41.93,2.47,11.65,8.05
"2023-12-12 11:00:00",30.83,11.03,12.89,7.96
"2023-12-12 12:00:00",23.55,24.12,13.87,9.79
"2023-12-12 13:00:00",32.59,12.86,10.32,6.66
"2023-12-12 14:00:00",25.4,25.14,5.93,3.83
"2023-12-12 15:00:00",22.54,43.35,7.98,6.14
"2023-12-12 16:00:00",24.84,40.86,14.44,8.59
"2023-12-12 17:00:00",20.64,43.28,9.45,6.9
"2023-12-12 18:00:00",19.18,42.83,7.17,5.77
"2023-12-12 19:00:00",26.45,29.77,12.56,11.24
"2023-12-12 20:00:00",18.54,31.55,11.9,10.63
"2023-12-12 21:00:00",11.22,40.44,7.94,6.81
"2023-12-12 22:00:00",5.89,39.49,4.66,3.75
"2023-12-12 23:00:00",4.68,43.41,5.35,3.82
"2023-12-13 00:00:00",3.6,46.37,5.2,3.59
"2023-12-13 01:00:00",2.63,46.23,4.38,2.69
"2023-12-13 02:00:00",2,46.97,4.75,2.54
"2023-12-13 03:00:00",1.45,45.83,4.7,2.42
"2023-12-13 04:00:00",1.45,45.36,4.06,2.37
"2023-12-13 05:00:00",1.15,45.12,4.98,2.58
"2023-12-13 06:00:00",2.35,40.16,6.26,3.01
"2023-12-13 07:00:00",5.34,34.9,8.45,3.61
"2023-12-13 08:00:00",16.27,19,7.82,3.58
"2023-12-13 09:00:00",24.56,12.54,7.76,3.37
"2023-12-13 10:00:00",27.33,10.08,7.66,3.5
"2023-12-13 11:00:00",22.12,17.96,8.28,3.67
"2023-12-13 12:00:00",18.47,19.5,9.14,4.07
"2023-12-13 13:00:00",20.6,17.38,12.44,4.57
"2023-12-13 14:00:00",15.32,34.63,11.97,4.44
"2023-12-13 15:00:00",17.67,37.19,12.17,4.77
"2023-12-13 16:00:00",31.91,21.58,18.03,6.13
"2023-12-13 17:00:00",22.75,38.4,12.47,6.99
"2023-12-13 18:00:00",33.32,25.57,35.56,29.25
"2023-12-13 19:00:00",26.15,30.81,28.84,22.17
"2023-12-13 20:00:00",24.58,30.94,28.71,21.26
"2023-12-13 21:00:00",21.38,32.98,28.88,21.55
"2023-12-13 22:00:00",12.24,39.53,26.32,20.74
"2023-12-13 23:00:00",6.51,46.11,11.57,9.09
"2023-12-14 00:00:00",3.03,50.45,6.16,4.55
"2023-12-14 01:00:00",2.78,51.28,4.43,3.18
"2023-12-14 02:00:00",3.44,61.26,10.64,6.64
"2023-12-14 03:00:00",2.79,69.03,7.37,5.35
"2023-12-14 04:00:00",1.64,70.72,7.13,4.77
"2023-12-14 05:00:00",2.77,67.05,13.22,6.67
"2023-12-14 06:00:00",1.95,73.05,11.38,6.27
"2023-12-14 07:00:00",11.3,51.26,32.06,15.83
"2023-12-14 08:00:00",29.31,20.07,26.95,14.37
"2023-12-14 09:00:00",37.48,11.72,32.15,16.39
"2023-12-14 10:00:00",40.74,5.95,39.36,17.89
"2023-12-14 11:00:00",22.37,17.8,32.81,17.09
"2023-12-14 12:00:00",30.53,12.86,32.84,15.17
"2023-12-14 13:00:00",30.18,19.62,29.15,13.68
"2023-12-14 14:00:00",24.71,26.19,27.22,12.16
"2023-12-14 15:00:00",21.88,34.69,29.18,12.92
"2023-12-14 16:00:00",22.53,30.62,30,12.88
"2023-12-14 17:00:00",19.81,31.19,33.07,18.8
"2023-12-14 18:00:00",22.57,28.16,33.6,20.31
"2023-12-14 19:00:00",21.06,28.65,35.95,21.8
"2023-12-14 20:00:00",18.43,37.01,30.99,19.23
"2023-12-14 21:00:00",15.86,40.68,30.46,20.23
"2023-12-14 22:00:00",15.37,43.18,26.38,16.2
"2023-12-14 23:00:00",9.02,48.43,25.32,15.09
"2023-12-15 00:00:00",6.52,50.25,18.93,10.84
"2023-12-15 01:00:00",4.45,52.11,18.5,9.74
"2023-12-15 02:00:00",3.87,50.87,18.23,9.15
"2023-12-15 03:00:00",2.12,51.77,16.21,8.43
"2023-12-15 04:00:00",2.54,54.79,16.41,8.77
"2023-12-15 05:00:00",2.91,53.78,17.07,8.68
"2023-12-15 06:00:00",2.62,52.56,15.68,8.14
"2023-12-15 07:00:00",3.92,49.45,17.1,8.45
"2023-12-15 08:00:00",18.02,30.35,17.73,8.81
"2023-12-15 09:00:00",12.5,38.35,16.84,8.44
"2023-12-15 10:00:00",10.08,39.01,14.37,7.53
"2023-12-15 11:00:00",9.3,38.14,10.71,5.53
"2023-12-15 12:00:00",8.5,39.78,7.99,4.63
"2023-12-15 13:00:00",6.85,41.82,4.67,2.97
"2023-12-15 14:00:00",7.49,39.48,4.87,3.38
"2023-12-15 15:00:00",9.12,35.51,5.54,3.8
"2023-12-15 16:00:00",12.14,32.36,6.84,4.85
"2023-12-15 17:00:00",13.15,41.88,9.6,7.4
"2023-12-15 18:00:00",16.65,43.13,14.41,12.43
"2023-12-15 19:00:00",15.17,46.38,14.7,12.72
"2023-12-15 20:00:00",13.23,41.52,20.81,18.84
"2023-12-15 21:00:00",11.29,42.53,16.9,15.69
"2023-12-15 22:00:00",12.87,37.49,15.22,14.18
"2023-12-15 23:00:00",6.65,39.66,9.18,8.24
"2023-12-16 00:00:00",6.38,39.61,7.12,6.28
"2023-12-16 01:00:00",10.11,31.66,6.29,5.57
"2023-12-16 02:00:00",10.79,29.7,4.3,3.8
"2023-12-16 03:00:00",6.06,37.79,2.44,1.98
"2023-12-16 04:00:00",0.83,53.8,0.9,0.51
"2023-12-16 05:00:00",1.16,53.68,0.86,0.54
"2023-12-16 06:00:00",1.2,53.23,0.76,0.31
"2023-12-16 07:00:00",1.8,54.51,1.61,1.11
"2023-12-16 08:00:00",2.86,53.01,1.02,0.6
"2023-12-16 09:00:00",3.29,55.85,0.75,0.42
"2023-12-16 10:00:00",4.72,52.17,0.92,0.49
"2023-12-16 11:00:00",3.16,60.32,0.56,0.39
"2023-12-16 12:00:00",3.13,61.49,0.95,0.61
"2023-12-16 13:00:00",3.71,62.29,1.49,0.95
"2023-12-16 14:00:00",4.06,60.47,2.68,1.84
"2023-12-16 15:00:00",4.35,56.98,2.71,2.15
"2023-12-16 16:00:00",4.74,57.52,4.05,3.27
"2023-12-16 17:00:00",6.33,55.67,7.37,6.47
"2023-12-16 18:00:00",8.16,52.29,9.7,9.2
"2023-12-16 19:00:00",7.3,53.49,13.87,13.38
"2023-12-16 20:00:00",5.28,58.93,10.07,9.6
"2023-12-16 21:00:00",3.72,64.92,5.89,5.42
"2023-12-16 22:00:00",1.91,70.37,3.43,2.93
"2023-12-16 23:00:00",1.97,72.59,4.75,3.8
"2023-12-17 00:00:00",0.96,77.71,3.23,2.58
"2023-12-17 01:00:00",0.94,79.22,3.83,2.69
"2023-12-17 02:00:00",0.58,77.02,2.96,1.98
"2023-12-17 03:00:00",0.57,75.92,2.68,1.65
"2023-12-17 04:00:00",0.44,76.82,2.45,1.35
"2023-12-17 05:00:00",0.21,76.35,2.18,1.36
"2023-12-17 06:00:00",0.32,74.46,1.99,1.31
"2023-12-17 07:00:00",0.7,74.54,3.14,1.96
"2023-12-17 08:00:00",1.23,71.68,6.11,3.83
"2023-12-17 09:00:00",0.83,70.49,10.61,6.2
"2023-12-17 10:00:00",1.59,66.48,9.75,5.93
"2023-12-17 11:00:00",2.2,68.58,9.73,5.9
"2023-12-17 12:00:00",2.14,66.3,10.69,6.63
"2023-12-17 13:00:00",3.55,63.76,11.89,7.57
"2023-12-17 14:00:00",3.83,63.48,13.32,8.73
"2023-12-17 15:00:00",3.2,64.78,14.37,9.82
"2023-12-17 16:00:00",4,62.96,23.05,18.74
"2023-12-17 17:00:00",3.64,64.21,13.27,10.17
"2023-12-17 18:00:00",3.78,62.06,15.03,13.69
"2023-12-17 19:00:00",4.73,58.74,7.89,7.16
"2023-12-17 20:00:00",4.34,58.54,7.8,7.22
"2023-12-17 21:00:00",4.69,58.14,6.77,6.41
"2023-12-17 22:00:00",3.79,57.53,3.82,3.27
"2023-12-17 23:00:00",3.24,59.23,3.32,2.88
"2023-12-18 00:00:00",2,61.33,2.19,1.53
"2023-12-18 01:00:00",2.45,57.62,2.32,1.73
"2023-12-18 02:00:00",2.86,52.57,2.64,1.82
"2023-12-18 03:00:00",1.77,57.53,1.52,0.81
"2023-12-18 04:00:00",0.45,66.45,1.24,0.68
"2023-12-18 05:00:00",0.87,63.77,1.03,0.49
"2023-12-18 06:00:00",2.05,58.3,1.18,0.51
"2023-12-18 07:00:00",10.87,37.11,1.98,0.94
"2023-12-18 08:00:00",10.62,40.33,2.48,0.93
"2023-12-18 09:00:00",25.57,21.73,2.24,1.1
"2023-12-18 10:00:00",17.1,30.67,2.92,1.48
"2023-12-18 11:00:00",15.35,31.54,4.22,2.95
"2023-12-18 12:00:00",12.95,34.91,3.94,2.48
"2023-12-18 13:00:00",10.15,43.06,4.57,2.68
"2023-12-18 14:00:00",13.84,50.9,4.73,2.29
"2023-12-18 15:00:00",15.01,52.13,2.93,1.1
"2023-12-18 16:00:00",21.76,42.33,5.24,2.53
"2023-12-18 17:00:00",19.86,43.96,5.91,4.39
"2023-12-18 18:00:00",22.67,35.44,5.51,4.55
"2023-12-18 19:00:00",17.38,45.09,5.95,4.16
"2023-12-18 20:00:00",13.28,50.15,5.85,4.63
"2023-12-18 21:00:00",11.21,50.62,5.19,3.96
"2023-12-18 22:00:00",12.76,45.83,5.77,4.71
"2023-12-18 23:00:00",8.77,46.48,6.54,4.62
"2023-12-19 00:00:00",8.3,45.24,9.57,5.98
"2023-12-19 01:00:00",6.14,42.35,9.85,4.93
"2023-12-19 02:00:00",4.38,43.43,8.33,4.64
"2023-12-19 03:00:00",2.63,45.49,6.8,4.03
"2023-12-19 04:00:00",1.39,63.83,3.95,1.64
"2023-12-19 05:00:00",0.99,69.09,3.8,1.44
"2023-12-19 06:00:00",2.5,62.86,8.98,3.02
"2023-12-19 07:00:00",9.24,51.96,11.36,4.19
"2023-12-19 08:00:00",14.77,44.37,12.69,4.91
"2023-12-19 09:00:00",31.83,27.96,15.47,5.98
"2023-12-19 10:00:00",41.13,19.79,20.44,9.94
"2023-12-19 11:00:00",21.27,43.04,13.94,5.5
"2023-12-19 12:00:00",13.59,53.31,13.68,6.34
"2023-12-19 13:00:00",12.88,60.08,13.84,7.18
"2023-12-19 14:00:00",12.42,62.87,6.16,3.59
"2023-12-19 15:00:00",19.22,52.98,11.68,7.05
"2023-12-19 16:00:00",22.42,41.26,18.56,8.7
"2023-12-19 17:00:00",24.28,38.21,24.52,13.57
"2023-12-19 18:00:00",24.32,42.44,18.02,11.77
"2023-12-19 19:00:00",12.61,53.17,16.67,10.07
"2023-12-19 20:00:00",11.75,48.21,17.25,10.04
"2023-12-19 21:00:00",7.39,59.55,17.05,9.24
"2023-12-19 22:00:00",6.36,61.68,18.95,10.51
"2023-12-19 23:00:00",4.62,66.35,17.1,9.82
"2023-12-20 00:00:00",12.58,57.25,12.86,6.86
"2023-12-20 01:00:00",2.35,68.89,13.67,7.42
"2023-12-20 02:00:00",2.6,68.53,9.79,5.44
"2023-12-20 03:00:00",1.97,72.06,13.02,6.81
"2023-12-20 04:00:00",1.28,74.02,11.81,5.97
"2023-12-20 05:00:00",1.29,74.31,10.07,5.44
"2023-12-20 06:00:00",2.23,72.69,11.47,5.78
"2023-12-20 07:00:00",4.52,70.44,12.18,6.87
"2023-12-20 08:00:00",4.66,72.21,16.25,9.75
"2023-12-20 09:00:00",7.71,71.47,21.6,12.74
"2023-12-20 10:00:00",8.26,71.59,24.82,14.81
"2023-12-20 11:00:00",9.81,69.45,31.58,17.97
"2023-12-20 12:00:00",9.07,69.96,34.58,20.39
"2023-12-20 13:00:00",9.01,70.22,33.66,20.75
"2023-12-20 14:00:00",8.67,69.74,23.32,15.86
"2023-12-20 15:00:00",10.28,65.4,11.44,8.69
"2023-12-20 16:00:00",12.58,64.25,8.85,6.93
"2023-12-20 17:00:00",11.24,66.36,7.69,5.7
"2023-12-20 18:00:00",9.77,67.44,6.96,5.1
"2023-12-20 19:00:00",8.86,69.84,6.3,4.72
"2023-12-20 20:00:00",6.04,73.07,9.75,6.47
"2023-12-20 21:00:00",6.24,72.08,9.07,6.13
"2023-12-20 22:00:00",5.16,72.73,7.27,5.29
"2023-12-20 23:00:00",3.65,75.11,6.59,4.53
"2023-12-21 00:00:00",2.28,78.45,7.63,5.5
"2023-12-21 01:00:00",1.78,79.66,12.28,8.59
"2023-12-21 02:00:00",1.11,80.02,13.64,9.06
"2023-12-21 03:00:00",1.24,81.11,22.02,13.4
"2023-12-21 04:00:00",1.02,81.57,27.38,17.26
"2023-12-21 05:00:00",0.72,82.55,27.69,17.52
"2023-12-21 06:00:00",0.95,82.78,24.38,15.78
"2023-12-21 07:00:00",2.19,81.06,18.73,12.88
"2023-12-21 08:00:00",4.37,78.07,14,9.74
"2023-12-21 09:00:00",5.23,75.79,11.2,7.93
"2023-12-21 10:00:00",4.61,75.86,7.09,5.17
"2023-12-21 11:00:00",4.46,76.77,9.03,5.82
"2023-12-21 12:00:00",3.91,76.8,9.96,6.33
"2023-12-21 13:00:00",4.05,77.46,11.56,6.78
"2023-12-21 14:00:00",5.2,77.11,11.24,6.94
"2023-12-21 15:00:00",3.56,78.29,12.3,7.48
"2023-12-21 16:00:00",5.07,75.28,9.74,6.17
"2023-12-21 17:00:00",6.25,73.41,8.75,5.96
"2023-12-21 18:00:00",5.53,75.11,10.43,6.47
"2023-12-21 19:00:00",4.9,77.07,11.47,6.93
"2023-12-21 20:00:00",4.79,77.85,11.56,6.96
"2023-12-21 21:00:00",3.69,78.86,9.16,5.91
"2023-12-21 22:00:00",4.13,76.19,5.62,3.84
"2023-12-21 23:00:00",2.3,79.98,4.78,3.57
"2023-12-22 00:00:00",2.12,79.71,7.72,5.29
"2023-12-22 01:00:00",2.48,80.42,13.86,9.21
"2023-12-22 02:00:00",1.44,83.54,26.07,15.6
"2023-12-22 03:00:00",1.66,83.28,25.71,15.01
"2023-12-22 04:00:00",1.65,84.17,24.79,14.17
"2023-12-22 05:00:00",1.39,83.49,25.1,13.92
"2023-12-22 06:00:00",1.65,83.22,22.68,12.45
"2023-12-22 07:00:00",2.8,81.74,19.15,10.48
"2023-12-22 08:00:00",4.9,77.55,15.01,7.96
"2023-12-22 09:00:00",8.13,73.87,12.94,6.34
"2023-12-22 10:00:00",6.68,77.34,13.15,6.73
"2023-12-22 11:00:00",5.92,76.93,10.83,5.57
"2023-12-22 12:00:00",6.61,78.06,11.62,5.87
"2023-12-22 13:00:00",9.2,72.24,12.25,6.5
"2023-12-22 14:00:00",11.47,70.69,13.39,6.7
"2023-12-22 15:00:00",10.48,72.68,13.09,6.73
"2023-12-22 16:00:00",10.15,71.92,11.21,5.69
"2023-12-22 17:00:00",8.33,73.93,10.73,6.02
"2023-12-22 18:00:00",9.75,68.85,16.62,9.09
"2023-12-22 19:00:00",10.39,69.34,21.04,11.67
"2023-12-22 20:00:00",6.51,72.47,12.37,6.88
"2023-12-22 21:00:00",3.78,74.62,7.17,4.26
"2023-12-22 22:00:00",4.27,72.06,5.77,3.27
"2023-12-22 23:00:00",3.83,73.09,6.97,4
"2023-12-23 00:00:00",2.72,75.89,5.69,3.29
"2023-12-23 01:00:00",3.81,75.6,7.62,4.14
"2023-12-23 02:00:00",2.1,82.35,6.71,3.3
"2023-12-23 03:00:00",2.37,84.45,7.07,3.82
"2023-12-23 04:00:00",1.54,82.25,9.19,4.78
"2023-12-23 05:00:00",2.14,80.25,5.36,2.94
"2023-12-23 06:00:00",2.71,78.89,6.4,3.45
"2023-12-23 07:00:00",3.78,79.12,9.62,4.8
"2023-12-23 08:00:00",2.83,79.28,8.57,4.25
"2023-12-23 09:00:00",3.44,77.54,6.81,3.47
"2023-12-23 10:00:00",4.37,75.48,7.27,3.56
"2023-12-23 11:00:00",5.11,74.28,6.68,3.25
"2023-12-23 12:00:00",7.94,70.27,6.16,3.16
"2023-12-23 13:00:00",8.57,68.41,5.43,2.94
"2023-12-23 14:00:00",8.79,68.21,7.34,4.27
"2023-12-23 15:00:00",6.66,65.15,9.12,5.15
"2023-12-23 16:00:00",3.63,68.19,9.03,5.68
"2023-12-23 17:00:00",3.15,72.38,7.18,5.37
"2023-12-23 18:00:00",3.44,71.76,4.86,4.07
"2023-12-23 19:00:00",4.15,68.59,3.89,3.06
"2023-12-23 20:00:00",5.44,66.33,4.32,3.07
"2023-12-23 21:00:00",17.6,54.78,2.71,1.46
"2023-12-23 22:00:00",4.61,73.82,1.64,0.93
"2023-12-23 23:00:00",1.67,75.61,1.25,0.91
"2023-12-24 00:00:00",1.94,75.32,3.29,2.22
"2023-12-24 01:00:00",1.42,74.14,3.17,2.22
"2023-12-24 02:00:00",5.32,68.05,1.59,1.01
"2023-12-24 03:00:00",5.95,69.08,1.66,0.9
"2023-12-24 04:00:00",11.57,59.22,1.57,0.81
"2023-12-24 05:00:00",15.97,54.06,2.46,0.95
"2023-12-24 06:00:00",9.88,60.4,1.55,0.55
"2023-12-24 07:00:00",6.88,64.54,1.17,0.44
"2023-12-24 08:00:00",6.47,70.19,1.34,0.64
"2023-12-24 09:00:00",2.41,74.71,1.81,0.98
"2023-12-24 10:00:00",1.61,75.06,2,1.26
"2023-12-24 11:00:00",2.72,72.27,2.67,1.69
"2023-12-24 12:00:00",3.81,69.61,6.02,3.44
"2023-12-24 13:00:00",3.81,70.65,6.66,3.96
"2023-12-24 14:00:00",4.54,69.53,14.02,7.56
"2023-12-24 15:00:00",4.48,70.47,16.64,9.12
"2023-12-24 16:00:00",4.5,71.14,15.91,8.46
"2023-12-24 17:00:00",4.71,70.67,15.35,8.74
"2023-12-24 18:00:00",4.34,75.73,8.61,5.68
"2023-12-24 19:00:00",5.49,71.11,8.37,4.82
"2023-12-24 20:00:00",11.44,58.48,20.51,11.47
"2023-12-24 21:00:00",4.35,69.48,14.85,7.86
"2023-12-24 22:00:00",8.53,61.92,13.06,7.96
"2023-12-24 23:00:00",7.89,65.81,14.57,7.75
"2023-12-25 00:00:00",4.35,69.21,16.3,8.34
"2023-12-25 01:00:00",5.54,69.97,16.49,8.07
"2023-12-25 02:00:00",9.08,65.81,20.05,9.46
"2023-12-25 03:00:00",9.98,60.88,22.5,10.6
"2023-12-25 04:00:00",1.6,69.32,20.71,10.44
"2023-12-25 05:00:00",8.67,63.69,10.8,6.31
"2023-12-25 06:00:00",1.4,71.01,11.41,6.32
"2023-12-25 07:00:00",3.33,63.22,14.82,7.83
"2023-12-25 08:00:00",2.41,57.82,15.24,7.72
"2023-12-25 09:00:00",1.56,65.79,13.95,7.55
"2023-12-25 10:00:00",1.95,64.71,13.51,7.33
"2023-12-25 11:00:00",2.43,66.75,13.49,8.76
"2023-12-25 12:00:00",6.84,64.71,9.37,6.35
"2023-12-25 13:00:00",9.54,62.42,7.55,4.46
"2023-12-25 14:00:00",7.43,65.83,8.82,5.3
"2023-12-25 15:00:00",2.9,71.66,8.32,5.03
"2023-12-25 16:00:00",3.42,71.88,13.56,7.01
"2023-12-25 17:00:00",4.38,67.9,16.89,8.59
"2023-12-25 18:00:00",4.53,74.15,11.28,6.41
"2023-12-25 19:00:00",4.73,74.52,15.64,7.6
"2023-12-25 20:00:00",4.56,76.26,20.14,10.13
"2023-12-25 21:00:00",3.12,75.88,16.85,8.3
"2023-12-25 22:00:00",4.26,74.86,18.47,8.42
"2023-12-25 23:00:00",3.27,72.72,17.13,7.79
"2023-12-26 00:00:00",2.62,72.74,15.81,7.52
"2023-12-26 01:00:00",2.12,73.29,14.73,6.75
"2023-12-26 02:00:00",1.52,75.62,14.55,6.69
"2023-12-26 03:00:00",1.31,74.17,13.67,6.48
"2023-12-26 04:00:00",1.48,69.68,10.98,4.54
"2023-12-26 05:00:00",6.58,57.52,9.09,3.97
"2023-12-26 06:00:00",11.45,44.8,6.52,2.96
"2023-12-26 07:00:00",12.48,34.04,5.62,3.16
"2023-12-26 08:00:00",14.62,25.11,5.28,3.05
"2023-12-26 09:00:00",24.36,11.72,5.02,2.9
"2023-12-26 10:00:00",26.2,13.28,9.97,6.73
"2023-12-26 11:00:00",20.59,12.71,10.13,6.31
"2023-12-26 12:00:00",22.69,11.25,17.78,13.02
"2023-12-26 13:00:00",24.67,11.38,21.13,15.49
"2023-12-26 14:00:00",23.82,13.99,25.37,20.62
"2023-12-26 15:00:00",12.9,28.71,13.25,9.72
"2023-12-26 16:00:00",10.96,30.02,10.31,6.62
"2023-12-26 17:00:00",7.54,41.07,7.52,5.56
"2023-12-26 18:00:00",8.63,44.83,6.76,5.04
"2023-12-26 19:00:00",8.09,48.34,8.45,6.49
"2023-12-26 20:00:00",3.79,58.28,7.09,5.92
"2023-12-26 21:00:00",3.26,64.65,5.79,4.83
"2023-12-26 22:00:00",1.95,73.92,3.27,2.74
"2023-12-26 23:00:00",1.92,72.73,2.81,2.3
"2023-12-27 00:00:00",2.08,70.38,1.81,1.45
"2023-12-27 01:00:00",0.73,77.17,1.17,0.86
"2023-12-27 02:00:00",0.5,77.71,1.41,1.05
"2023-12-27 03:00:00",0.25,78.18,0.99,0.57
"2023-12-27 04:00:00",0.26,78.52,0.79,0.5
"2023-12-27 05:00:00",0.13,78.65,0.85,0.52
"2023-12-27 06:00:00",1.56,78.41,1.15,0.69
"2023-12-27 07:00:00",5.6,72.41,1.25,0.46
"2023-12-27 08:00:00",3.57,69.35,1.42,0.53
"2023-12-27 09:00:00",3.98,69,1.86,0.86
"2023-12-27 10:00:00",4.88,66.66,2.76,1.18
"2023-12-27 11:00:00",3.16,66.27,2.19,1.2
"2023-12-27 12:00:00",8.28,71.42,2.59,1.42
"2023-12-27 13:00:00",5.65,74.78,3.34,2.31
"2023-12-27 14:00:00",4.87,69.31,4.85,2.84
"2023-12-27 15:00:00",4.68,60.9,9,5.32
"2023-12-27 16:00:00",4.07,68.14,9.69,6.78
"2023-12-27 17:00:00",4.34,75.03,6.34,5.38
"2023-12-27 18:00:00",6.46,68.78,10.37,8.08
"2023-12-27 19:00:00",7.59,61.9,21.86,16.42
"2023-12-27 20:00:00",4.21,64.19,15.36,11.93
"2023-12-27 21:00:00",4.18,78.01,6.92,5.63
"2023-12-27 22:00:00",2.41,74.2,7.33,5.68
"2023-12-27 23:00:00",3.92,80.7,11.42,6.96
"2023-12-28 00:00:00",3.31,81.13,12.01,6.72
"2023-12-28 01:00:00",6.68,74.63,14.04,6.94
"2023-12-28 02:00:00",9.46,66.78,11.31,5.82
"2023-12-28 03:00:00",1.22,73.04,13.36,6.43
"2023-12-28 04:00:00",0.73,70.64,16.96,8.97
"2023-12-28 05:00:00",0.46,77.6,5.09,3.05
"2023-12-28 06:00:00",0.83,77.81,5.64,3.28
"2023-12-28 07:00:00",1,72.53,6.15,3.78
"2023-12-28 08:00:00",2.11,73.08,8.88,5.22
"2023-12-28 09:00:00",4.3,74.68,6.1,3.69
"2023-12-28 10:00:00",2.32,72.87,4.6,2.89
"2023-12-28 11:00:00",4.77,66.66,8.85,4.96
"2023-12-28 12:00:00",3.71,66.91,11.44,5.66
"2023-12-28 13:00:00",2.94,68,12.05,7.09
"2023-12-28 14:00:00",4.46,63.93,11.51,5.85
"2023-12-28 15:00:00",3.84,63.46,10.93,6.28
"2023-12-28 16:00:00",11.75,56.73,12.58,6.32
"2023-12-28 17:00:00",14.09,53.99,17.67,9.37
"2023-12-28 18:00:00",8.72,63.39,22.73,12.6
"2023-12-28 19:00:00",12.22,59.94,24.13,13.18
"2023-12-28 20:00:00",9.56,63.31,23.52,12.57
"2023-12-28 21:00:00",8.68,63.47,17.92,9.62
"2023-12-28 22:00:00",9.56,61.97,16.76,9.34
"2023-12-28 23:00:00",5.61,64.84,17.11,9.24
"2023-12-29 00:00:00",11.14,58.44,22.07,11.25
"2023-12-29 01:00:00",2.12,71.77,21.44,10.49
"2023-12-29 02:00:00",0.84,69.55,19.05,9.52
"2023-12-29 03:00:00",5.37,60.61,19.3,9.07
"2023-12-29 04:00:00",7.06,53.64,17.91,8.28
"2023-12-29 05:00:00",5.29,54.59,18.42,8.06
"2023-12-29 06:00:00",3.57,49.04,17.81,8.37
"2023-12-29 07:00:00",2.93,46.26,14.96,6.62
"2023-12-29 08:00:00",4.49,47.95,12.44,5.86
"2023-12-29 09:00:00",4.23,54.51,9.52,4.53
"2023-12-29 10:00:00",6.95,60.09,3.47,2.12
"2023-12-29 11:00:00",5.76,55.73,4.58,3.01
"2023-12-29 12:00:00",6.45,52.74,6.77,3.4
"2023-12-29 13:00:00",8.12,50.9,9.96,4.97
"2023-12-29 14:00:00",10.53,47.37,10.07,5.06
"2023-12-29 15:00:00",13.47,50.61,6.56,3.95
"2023-12-29 16:00:00",9.98,54.67,9.74,5.89
"2023-12-29 17:00:00",12.34,49.34,16.03,12.18
"2023-12-29 18:00:00",11.13,47.81,16.14,11.06
"2023-12-29 19:00:00",30.28,26.48,34.85,30.37
"2023-12-29 20:00:00",27.12,25.36,51.55,45.26
"2023-12-29 21:00:00",15.24,38.88,18.67,14.88
"2023-12-29 22:00:00",31.41,17.21,31.71,27.72
"2023-12-29 23:00:00",30.15,15.02,28.69,24.67
"2023-12-30 00:00:00",21.12,17.81,20.51,16.06
"2023-12-30 01:00:00",5.92,37.61,13.57,9.56
"2023-12-30 02:00:00",2.62,42.2,7.41,4.64
"2023-12-30 03:00:00",1.38,46.43,5.98,3.78
"2023-12-30 04:00:00",1.01,55.51,3.7,2.54
"2023-12-30 05:00:00",0.21,74.36,2.93,1.84
"2023-12-30 06:00:00",0.22,80.21,3.69,2.48
"2023-12-30 07:00:00",0.09,81.85,4.51,3.07
"2023-12-30 08:00:00",1.63,80.8,2.65,1.94
"2023-12-30 09:00:00",3.04,80.31,3.79,2.19
"2023-12-30 10:00:00",3.11,74.48,7.07,4.39
"2023-12-30 11:00:00",2.69,70.51,12.95,7.57
"2023-12-30 12:00:00",4.07,64.63,19.82,11.48
"2023-12-30 13:00:00",3.77,62.23,22.81,13.38
"2023-12-30 14:00:00",3.35,65.66,16.49,10.63
"2023-12-30 15:00:00",3.57,62.54,22.08,13.43
"2023-12-30 16:00:00",2.87,65.22,22.1,13.32
"2023-12-30 17:00:00",3.08,68.19,20.28,13.78
"2023-12-30 18:00:00",3.85,68.61,17.25,13.3
"2023-12-30 19:00:00",3.46,68.71,19.46,15.06
"2023-12-30 20:00:00",3.25,68.46,15.67,11.81
"2023-12-30 21:00:00",2.59,69.65,10.55,8.21
"2023-12-30 22:00:00",2.07,70.04,20.93,18.52
"2023-12-30 23:00:00",1.96,67.78,9.36,6.62
"2023-12-31 00:00:00",1.09,67.5,12.23,8.14
"2023-12-31 01:00:00",1.15,69.84,7.18,5.06
"2023-12-31 02:00:00",0.99,67.71,4.68,3.25
"2023-12-31 03:00:00",0.57,71.16,4.09,2.82
"2023-12-31 04:00:00",0.77,72.8,5.42,3.48
"2023-12-31 05:00:00",2.64,72.36,8.36,4.43
"2023-12-31 06:00:00",0.31,78.32,10.84,5.28
"2023-12-31 07:00:00",0.42,78.39,8.91,4.98
"2023-12-31 08:00:00",0.68,76.02,10.21,5.4
"2023-12-31 09:00:00",0.83,72.5,11.59,5.57
"2023-12-31 10:00:00",0.99,71.85,10.34,5.19
"2023-12-31 11:00:00",1.82,69.2,9.45,4.77
"2023-12-31 12:00:00",2.54,67.86,9.1,4.91
"2023-12-31 13:00:00",2.12,70.79,10.84,5.81
"2023-12-31 14:00:00",2.84,72.3,10.6,5.98
"2023-12-31 15:00:00",2.53,71.78,13,7.34
"2023-12-31 16:00:00",2.96,71.74,14.68,7.99
"2023-12-31 17:00:00",2.85,73.52,12.06,7.39
"2023-12-31 18:00:00",4.07,71.71,10.63,6.37
"2023-12-31 19:00:00",3.13,69.83,12.13,7.51
"2023-12-31 20:00:00",4.37,70.05,9.89,6.43
"2023-12-31 21:00:00",2.76,72.23,17.64,9.38
"2023-12-31 22:00:00",2.93,70.32,17.85,9.12
"2023-12-31 23:00:00",2.28,71.96,16.46,8.37
"2024-01-01 00:00:00",4.16,70.06,19.44,9.59
"2024-01-01 01:00:00",2.51,72.45,18.93,9.32
"2024-01-01 02:00:00",2.77,67.85,16.48,7.74
"2024-01-01 03:00:00",3.94,60.64,14.27,6.55
"2024-01-01 04:00:00",2.33,59.28,14.19,6.21
"2024-01-01 05:00:00",3.18,54.3,16.09,7.14
"2024-01-01 06:00:00",2.16,46.54,13.7,6.73
"2024-01-01 07:00:00",22.43,21.9,10.66,5.51
"2024-01-01 08:00:00",33.21,11.8,11.7,6.17
"2024-01-01 09:00:00",22.78,22.78,10.13,5.33
"2024-01-01 10:00:00",13.96,33.16,11.58,5.99
"2024-01-01 11:00:00",7.8,44.95,9.54,5.29
"2024-01-01 12:00:00",8.12,45.81,8.51,4.77
"2024-01-01 13:00:00",13.21,41.62,6.67,4.46
"2024-01-01 14:00:00",10.14,53.67,6.23,5.29
"2024-01-01 15:00:00",5.47,63.49,6.18,5.41
"2024-01-01 16:00:00",4.99,71.79,7.94,6.91
"2024-01-01 17:00:00",4.42,74.53,7.49,6.97
"2024-01-01 18:00:00",6.93,66.45,12.24,11.1
"2024-01-01 19:00:00",7.63,68.31,12.33,10.64
"2024-01-01 20:00:00",4.03,76.41,18.25,11.38
"2024-01-01 21:00:00",3.74,73.79,20.44,13.01
"2024-01-01 22:00:00",2.71,77.44,22.71,13.44
"2024-01-01 23:00:00",2.07,79.53,21.15,12.44
"2024-01-02 00:00:00",1.29,82.11,17.76,9.88
"2024-01-02 01:00:00",2.44,70.56,16.95,9.94
"2024-01-02 02:00:00",3.15,63.04,19.18,11.69
"2024-01-02 03:00:00",2.62,64.52,17.81,10.64
"2024-01-02 04:00:00",1.61,72.63,17.07,9.71
"2024-01-02 05:00:00",1.32,65.94,13.42,7.78
"2024-01-02 06:00:00",1.08,64.42,12.92,7.17
"2024-01-02 07:00:00",2.04,63.41,11.15,6.96
"2024-01-02 08:00:00",6.17,60.82,8.07,5.99
"2024-01-02 09:00:00",10.51,55.69,7.11,5.31
"2024-01-02 10:00:00",11.48,57.37,5.69,4.23
"2024-01-02 11:00:00",7.24,56.36,5.19,3.66
"2024-01-02 12:00:00",7.14,58.92,6.73,4.31
"2024-01-02 13:00:00",9.31,65.29,4.47,3.32
"2024-01-02 14:00:00",7.66,69.51,2.77,2.06
"2024-01-02 15:00:00",0.34,70.77,7.89,3.89
"2024-01-02 16:00:00",10.58,66.81,5.5,3.18
"2024-01-02 17:00:00",12.72,52.77,14.34,8.86
"2024-01-02 18:00:00",19.64,44.96,20.93,15.54
"2024-01-02 19:00:00",19.16,43.99,30.21,24.04
"2024-01-02 20:00:00",19.67,38.43,33.47,26.92
"2024-01-02 21:00:00",15.2,42.52,34.38,30.17
"2024-01-02 22:00:00",7.9,53.57,13.25,11.92
"2024-01-02 23:00:00",5.85,51.14,11.08,8.97