"Date and Time","NO<sub>2</sub>","O<sub>3</sub>","PM<sub>10</sub>","PM<sub>2.5</sub>"
"2025-07-05 01:00:00",12.38,32.76,2.66,1.21
"2025-07-05 02:00:00",0,44.38,1.68,0.53
"2025-07-05 03:00:00",-0.51,44.32,2.25,0.57
"2025-07-05 04:00:00",-0.59,44.33,2.1,0.55
"2025-07-05 05:00:00",8.14,35.03,2.64,0.73
"2025-07-05 06:00:00",5.74,40.89,2.13,0.6
"2025-07-05 07:00:00",3.6,45.02,1.9,0.45
"2025-07-05 08:00:00",4.61,47.2,2.62,1.04
"2025-07-05 09:00:00",3.09,50.76,2.04,0.97
"2025-07-05 10:00:00",2.85,54.21,2.48,1.04
"2025-07-05 11:00:00",3.52,53.24,3.24,1.32
"2025-07-05 12:00:00",3.33,52.45,4.69,2.44
"2025-07-05 13:00:00",2.75,52.03,3.15,1.7
"2025-07-05 14:00:00",5.72,50.56,4.34,2.39
"2025-07-05 15:00:00",2.91,54.12,4.92,3.07
"2025-07-05 16:00:00",2.1,52.94,6.2,3.93
"2025-07-05 17:00:00",1.93,53.8,6.91,4.5
"2025-07-05 18:00:00",1.84,53.74,6.84,4.63
"2025-07-05 19:00:00",3.9,52.02,7.4,4.91
"2025-07-05 20:00:00",4.68,50.62,6.37,4.37
"2025-07-05 21:00:00",4.46,49.17,5.9,3.53
"2025-07-05 22:00:00",1.95,50.1,5.15,2.81
"2025-07-05 23:00:00",7.08,42.27,2.83,1.34
"2025-07-06 00:00:00",-0.2,49.48,1.68,1
"2025-07-06 01:00:00",0.43,49.02,1.68,0.87
"2025-07-06 02:00:00",-0.41,50.04,2.82,1.05
"2025-07-06 03:00:00",-0.7,49.95,2.21,1.01
"2025-07-06 04:00:00",-1.08,49.6,3.11,1.14
"2025-07-06 05:00:00",-1.1,48.79,3.45,1.2
"2025-07-06 06:00:00",-0.8,50.17,4.22,1.57
"2025-07-06 07:00:00",0.11,51.46,3.7,1.78
"2025-07-06 08:00:00",0.23,52.18,3.8,1.65
"2025-07-06 09:00:00",0.32,52.94,3.59,1.38
"2025-07-06 10:00:00",0.42,54.12,2.89,0.97
"2025-07-06 11:00:00",0.65,53.33,2.77,1.06
"2025-07-06 12:00:00",1.15,51.58,3.34,1.43
"2025-07-06 13:00:00",0.64,53.83,4.02,2.13
"2025-07-06 14:00:00",1.19,53.75,3.54,1.69
"2025-07-06 15:00:00",0.86,54.48,3.46,1.7
"2025-07-06 16:00:00",1.2,66.33,2.4,1.53
"2025-07-06 17:00:00",1.52,71.97,4.61,2.91
"2025-07-06 18:00:00",2.49,63.65,7.72,4.46
"2025-07-06 19:00:00",2.84,60.24,8.97,4.84
"2025-07-06 20:00:00",3.39,58.79,7.93,4.6
"2025-07-06 21:00:00",2.45,65.32,6.86,3.58
"2025-07-06 22:00:00",1.99,67.89,6.98,3.46
"2025-07-06 23:00:00",0.29,71.38,6.27,3.19
"2025-07-07 00:00:00",0.32,67.82,6.16,3.17
"2025-07-07 01:00:00",-0.23,67.06,6.31,3.44
"2025-07-07 02:00:00",-0.6,69.11,5.89,3.35
"2025-07-07 03:00:00",-0.33,63.33,5.8,3.18
"2025-07-07 04:00:00",0.31,57.49,5.56,2.84
"2025-07-07 05:00:00",0.65,59.67,4.62,2.54
"2025-07-07 06:00:00",2.82,59.72,5.51,2.93
"2025-07-07 07:00:00",4.75,56.98,5.94,3.04
"2025-07-07 08:00:00",6.26,57.11,5.58,2.71
"2025-07-07 09:00:00",5.79,60.7,5.18,2.29
"2025-07-07 10:00:00",3.48,68.34,4.25,2.04
"2025-07-07 11:00:00",2.78,71.54,4.44,2.06
"2025-07-07 12:00:00",3.71,71.04,5.2,2.28
"2025-07-07 13:00:00",3.07,73.71,4.89,2.28
"2025-07-07 14:00:00",2.9,71.76,7.11,3.1
"2025-07-07 15:00:00",4.17,69.87,11.45,3.71
"2025-07-07 16:00:00",3.64,69.95,12.81,3.92
"2025-07-07 17:00:00",3.57,72.77,6.72,2.79
"2025-07-07 18:00:00",2.77,71.48,4.68,2.62
"2025-07-07 19:00:00",3.45,68.6,5.86,3.37
"2025-07-07 20:00:00",2.35,71.71,6.6,3.69
"2025-07-07 21:00:00",2.33,73.48,7.49,3.88
"2025-07-07 22:00:00",0.62,74.28,7.03,3.85
"2025-07-07 23:00:00",2.57,67.99,7.42,4.12
"2025-07-08 00:00:00",1.18,66.31,7.13,3.99
"2025-07-08 01:00:00",1,64.27,3.78,2.48
"2025-07-08 02:00:00",-0.56,56.41,3.04,1.92
"2025-07-08 03:00:00",-0.71,56.05,1.52,0.79
"2025-07-08 04:00:00",1.25,47.67,2.01,1
"2025-07-08 05:00:00",0.55,41.11,1.23,0.67
"2025-07-08 06:00:00",2.98,33.66,1.93,0.7
"2025-07-08 07:00:00",5.51,31.34,1.28,0.46
"2025-07-08 08:00:00",8.45,27.11,4.53,1.09
"2025-07-08 09:00:00",6.6,28.14,5.09,1.24
"2025-07-08 10:00:00",5.76,28.17,3.67,1.37
"2025-07-08 11:00:00",3.86,31.66,3.48,1.64
"2025-07-08 12:00:00",3.91,34.17,4.13,2.02
"2025-07-08 13:00:00",2.19,39.02,5.02,2.62
"2025-07-08 14:00:00",3.15,42.33,7.88,4.71
"2025-07-08 15:00:00",3.59,47.49,11.09,5.9
"2025-07-08 16:00:00",3.76,52.87,13.4,7.27
"2025-07-08 17:00:00",3.63,58.55,12.22,6.32
"2025-07-08 18:00:00",2.15,65.83,13.99,8.42
"2025-07-08 19:00:00",2.57,68.62,12.73,7.83
"2025-07-08 20:00:00",2.67,69.37,11.02,6.54
"2025-07-08 21:00:00",2.69,64.7,6.76,4.11
"2025-07-08 22:00:00",3.41,64.87,6.66,3.8
"2025-07-08 23:00:00",1.14,69.95,6.37,3.91
"2025-07-09 00:00:00",0.96,73.01,8.02,4.53
"2025-07-09 01:00:00",0.82,73.46,9.43,5.38
"2025-07-09 02:00:00",0.38,68.78,7.43,4.12
"2025-07-09 03:00:00",-0.49,62,7.57,3.49
"2025-07-09 04:00:00",1.49,50.74,4.33,2.33
"2025-07-09 05:00:00",1.04,50.61,4.6,2.53
"2025-07-09 06:00:00",2.47,53.43,6.33,2.94
"2025-07-09 07:00:00",6.07,53.37,5.12,2.67
"2025-07-09 08:00:00",6.6,59.76,6.28,3.31
"2025-07-09 09:00:00",5.76,64.83,6.94,3.5
"2025-07-09 10:00:00",4.63,64.66,5.27,3.11
"2025-07-09 11:00:00",5.27,65.18,9.19,4.09
"2025-07-09 12:00:00",3.88,66.1,6.04,3.55
"2025-07-09 13:00:00",2.64,70.36,7.13,2.99
"2025-07-09 14:00:00",3.63,68.91,5.49,2.46
"2025-07-09 15:00:00",3.38,64.95,4.76,2.22
"2025-07-09 16:00:00",3.45,59.53,7.11,3.91
"2025-07-09 17:00:00",4.38,59.43,5.89,3.48
"2025-07-09 18:00:00",3.17,60.46,6.82,4.34
"2025-07-09 19:00:00",2.26,57.72,6.9,4.25
"2025-07-09 20:00:00",2.84,53.72,5.88,3.9
"2025-07-09 21:00:00",4.74,47.99,6.47,3.93
"2025-07-09 22:00:00",6.56,41.22,6.26,3.94
"2025-07-09 23:00:00",3.09,42,4.78,3.15
"2025-07-10 00:00:00",0.7,44.25,4.02,2.71
"2025-07-10 01:00:00",-0.17,44.58,4.08,2.86
"2025-07-10 02:00:00",0.04,44.33,3.98,2.74
"2025-07-10 03:00:00",6.5,36.56,4.18,3.12
"2025-07-10 04:00:00",4.59,35.67,4.81,3.36
"2025-07-10 05:00:00",10.78,29.91,6.59,4.97
"2025-07-10 06:00:00",10.57,30.3,7.61,5.66
"2025-07-10 07:00:00",10.05,30.74,7.69,6.09
"2025-07-10 08:00:00",12.63,29.79,8.3,6.16
"2025-07-10 09:00:00",9.66,31.99,9.89,6.03
"2025-07-10 10:00:00",8.17,37.01,6.14,3.68
"2025-07-10 11:00:00",7.52,42.82,6.84,2.86
"2025-07-10 12:00:00",1.69,53.41,3.85,1.8
"2025-07-10 13:00:00",-0.14,58.09,3.12,1.36
"2025-07-10 14:00:00",0.52,60,3.17,1.31
"2025-07-10 15:00:00",0.28,63.27,3.3,1.46
"2025-07-10 16:00:00",1.06,64.33,4.65,1.81
"2025-07-10 17:00:00",0.47,70.36,5.36,1.86
"2025-07-10 18:00:00",1.5,76.67,5.72,2.23
"2025-07-10 19:00:00",4.21,65.67,13.05,4.72
"2025-07-10 20:00:00",3.84,45.57,5.52,1.96
"2025-07-10 21:00:00",4.21,41.81,4.7,1.8
"2025-07-10 22:00:00",3.75,39.73,3.54,1.64
"2025-07-10 23:00:00",3.6,36.42,4.15,1.77
"2025-07-11 00:00:00",5.84,32.26,6.21,3.74
"2025-07-11 01:00:00",4.31,30.31,17.88,14.31
"2025-07-11 02:00:00",3.31,28.84,31.96,28.87
"2025-07-11 03:00:00",3.28,37.72,15.31,12.63
"2025-07-11 04:00:00",2.71,37.27,6.78,4.72
"2025-07-11 05:00:00",16.99,20.32,6.04,4.21
"2025-07-11 06:00:00",11.36,30.05,6.8,4.87
"2025-07-11 07:00:00",3.13,48.77,5.97,4.51
"2025-07-11 08:00:00",1.51,55.84,5.24,4.02
"2025-07-11 09:00:00",0.88,58.33,5.76,4
"2025-07-11 10:00:00",1.05,61.92,5.32,3.78
"2025-07-11 11:00:00",1.7,69.53,13.2,5.47
"2025-07-11 12:00:00",1.26,83.04,9.13,4.65
"2025-07-11 13:00:00",1.01,98.12,9.9,5.25
"2025-07-11 14:00:00",0.94,110.5,11.88,5.1
"2025-07-11 15:00:00",0.46,97.91,8.36,3.74
"2025-07-11 16:00:00",0.77,96.09,7.16,2.87
"2025-07-11 17:00:00",0.89,110.75,10.15,4.48
"2025-07-11 18:00:00",1.14,104.71,9.26,3.18
"2025-07-11 19:00:00",1.36,108.89,10.55,3.85
"2025-07-11 20:00:00",1.84,107.03,13.57,5.64
"2025-07-11 21:00:00",3.45,90.44,9.74,4.21
"2025-07-11 22:00:00",4.8,94.93,8.91,4.26
"2025-07-11 23:00:00",4.27,95.15,8.6,4.13
"2025-07-12 00:00:00",4.89,86.56,9.55,4.73
"2025-07-12 01:00:00",2.46,88.42,7.21,4.08
"2025-07-12 02:00:00",0.97,94.88,5.13,3.3
"2025-07-12 03:00:00",2.52,85.92,5.25,3.35
"2025-07-12 04:00:00",6.7,70.54,5.9,3.46
"2025-07-12 05:00:00",39.78,49.42,8.91,5.03
"2025-07-12 06:00:00",51.32,37.33,8.71,5.45
"2025-07-12 07:00:00",16.43,72.28,7.88,4.43
"2025-07-12 08:00:00",4.21,88.33,7.19,4.02
"2025-07-12 09:00:00",4.95,91.62,8.23,4.14
"2025-07-12 10:00:00",1.21,103.2,8.1,3.85
"2025-07-12 11:00:00",1.51,104.08,9.87,4.22
"2025-07-12 12:00:00",0.88,110.48,9.94,3.71
"2025-07-12 13:00:00",0.56,110.81,9.63,3.44
"2025-07-12 14:00:00",0.93,117.55,8.77,3.48
"2025-07-12 15:00:00",0.37,121.15,9.52,3.68
"2025-07-12 16:00:00",0.36,115.8,8.34,3.36
"2025-07-12 17:00:00",0.68,98.79,6.99,2.62
"2025-07-12 18:00:00",0.68,106.32,7.64,2.94
"2025-07-12 19:00:00",1.69,116.39,11.3,4.37
"2025-07-12 20:00:00",2.32,118.8,12.4,4.96
"2025-07-12 21:00:00",5.22,109.61,10.99,5.2
"2025-07-12 22:00:00",4.67,110.03,12.55,6.01
"2025-07-12 23:00:00",5.54,107.34,12.36,5.37
"2025-07-13 00:00:00",10.51,97.67,10.78,5.26
"2025-07-13 01:00:00",26.6,83.07,12.42,5.67
"2025-07-13 02:00:00",22.8,81.7,11.13,5.52
"2025-07-13 03:00:00",18.83,85.98,11.2,5.6
"2025-07-13 04:00:00",1.28,98.25,11.04,5.71
"2025-07-13 05:00:00",1.53,96.39,10.85,5.8
"2025-07-13 06:00:00",11.94,87.83,10.96,5.92
"2025-07-13 07:00:00",12.99,91.96,11.05,5.5
"2025-07-13 08:00:00",8.56,106.46,9.58,4.94
"2025-07-13 09:00:00",1.31,109.08,10.32,5.06
"2025-07-13 10:00:00",1.95,113.75,10.59,4.96
"2025-07-13 11:00:00",1.66,113.47,11.07,5.15
"2025-07-13 12:00:00",0.86,115.5,10.48,5.23
"2025-07-13 13:00:00",1.03,120.56,12.94,5.17
"2025-07-13 14:00:00",0.84,124.37,12.49,5.12
"2025-07-13 15:00:00",0.68,100.38,11.57,3.97
"2025-07-13 16:00:00",1.46,101.06,10.1,4.23
"2025-07-13 17:00:00",1.25,101.58,9.98,5.33
"2025-07-13 18:00:00",2.85,88.71,11.15,5.56
"2025-07-13 19:00:00",3.01,82.21,9.45,5.87
"2025-07-13 20:00:00",3.48,78.78,8.96,6.29
"2025-07-13 21:00:00",3.47,70.46,9.24,6.69
"2025-07-13 22:00:00",2.43,70.79,10.84,7.9
"2025-07-13 23:00:00",0.58,56.76,2.7,1.32
"2025-07-14 00:00:00",1.5,50.34,3.34,1.55
"2025-07-14 01:00:00",0.11,54.65,4.51,2.07
"2025-07-14 02:00:00",0.35,54.03,6.38,2.95
"2025-07-14 03:00:00",0.07,55.34,7.11,3.38
"2025-07-14 04:00:00",0.54,53.58,7.08,3.39
"2025-07-14 05:00:00",0.32,56.62,5.73,3.31
"2025-07-14 06:00:00",0.51,60.82,4.45,2.54
"2025-07-14 07:00:00",4.18,57.32,3.06,1.59
"2025-07-14 08:00:00",1.81,53.62,8.02,3.42
"2025-07-14 09:00:00",1.12,62.01,8.71,3.42
"2025-07-14 10:00:00",2.22,61.21,8.48,3.41
"2025-07-14 11:00:00",1.22,68.1,5.87,2.46
"2025-07-14 12:00:00",0.87,67.62,6.58,2.21
"2025-07-14 13:00:00",1.23,66.28,6.14,2.32
"2025-07-14 14:00:00",0.72,62.93,7.2,3.3
"2025-07-14 15:00:00",1.82,57.97,6.46,3.29
"2025-07-14 16:00:00",1.74,63.23,6.37,2.89
"2025-07-14 17:00:00",1.57,72.94,3.67,1.3
"2025-07-14 18:00:00",1.01,66.48,2.68,1.4
"2025-07-14 19:00:00",0.78,62.41,3.59,1.76
"2025-07-14 20:00:00",2.19,54.14,4.81,2.89
"2025-07-14 21:00:00",0.47,54.64,8.01,4.62
"2025-07-14 22:00:00",-0.49,55.85,7.42,4.51
"2025-07-14 23:00:00",-0.87,54.69,5.3,3.29
"2025-07-15 00:00:00",-0.53,52.82,3.57,1.86
"2025-07-15 01:00:00",-1.17,60.19,4.36,2.66
"2025-07-15 02:00:00",-1.32,61.54,2.95,1.44
"2025-07-15 03:00:00",-1.1,59.35,1.53,0.73
"2025-07-15 04:00:00",-0.85,58.94,1.86,0.81
"2025-07-15 05:00:00",-1.11,58.9,1.21,0.65
"2025-07-15 06:00:00",-0.16,63.24,1.09,0.6
"2025-07-15 07:00:00",1,60.39,1.44,0.74
"2025-07-15 08:00:00",4.37,55.47,2.27,0.99
"2025-07-15 09:00:00",5.51,68.03,6.98,3.36
"2025-07-15 10:00:00",3.88,73.21,8.2,3.88
"2025-07-15 11:00:00",3.58,72.52,11.53,4.84
"2025-07-15 12:00:00",3.41,73.93,8.58,4.09
"2025-07-15 13:00:00",3.56,75.2,10.33,4.16
"2025-07-15 14:00:00",4.14,80.16,10.62,4.74
"2025-07-15 15:00:00",3.07,80.59,9.24,4.05
"2025-07-15 16:00:00",3.85,71.78,8.18,2.82
"2025-07-15 17:00:00",2.82,69.49,7.29,3.18
"2025-07-15 18:00:00",2.86,66.52,7.54,3.41
"2025-07-15 19:00:00",2.3,65.89,7.05,3.42
"2025-07-15 20:00:00",2.44,63.54,6.98,3.62
"2025-07-15 21:00:00",3.16,60.38,7.75,3.8
"2025-07-15 22:00:00",2.14,56.26,7.88,3.66
"2025-07-15 23:00:00",1.97,55.01,8.16,3.58
"2025-07-16 00:00:00",1.81,48.64,6.51,3.18
"2025-07-16 01:00:00",2.69,41.9,6.33,3.44
"2025-07-16 02:00:00",1.77,41.47,7.35,4.21
"2025-07-16 03:00:00",1.76,35.47,7.43,4.66
"2025-07-16 04:00:00",1.29,38.02,8.33,5.2
"2025-07-16 05:00:00",21.02,20.86,9.13,4.97
"2025-07-16 06:00:00",19.6,23.95,9.33,4.81
"2025-07-16 07:00:00",12.66,40.12,7.64,4.21
"2025-07-16 08:00:00",7.71,48.16,6.3,3.64
"2025-07-16 09:00:00",6.4,50.23,5.62,3.17
"2025-07-16 10:00:00",5.31,51.62,5.61,3.12
"2025-07-16 11:00:00",4.56,51.97,6.53,3.54
"2025-07-16 12:00:00",3.17,54.97,5.78,3.44
"2025-07-16 13:00:00",4.45,50.11,4.42,2.96
"2025-07-16 14:00:00",5.25,50.21,4.28,2.79
"2025-07-16 15:00:00",4.35,55.6,3.9,2.47
"2025-07-16 16:00:00",6.55,52.31,3.4,2.36
"2025-07-16 17:00:00",9.85,44.96,5.25,3.18
"2025-07-16 18:00:00",5.62,47.14,5.78,3.11
"2025-07-16 19:00:00",5.42,46.72,5.55,2.86
"2025-07-16 20:00:00",7.01,39.73,6.14,2.76
"2025-07-16 21:00:00",5.35,43.03,6.53,3.65
"2025-07-16 22:00:00",3.13,45.2,6.68,3.42
"2025-07-16 23:00:00",3.19,45.3,6.85,3.34
"2025-07-17 00:00:00",1.7,43.72,5.69,3.08
"2025-07-17 01:00:00",5.81,36.36,6.99,3.15
"2025-07-17 02:00:00",5.87,36.31,6.23,3.07
"2025-07-17 03:00:00",13.44,22.78,6.35,3.23
"2025-07-17 04:00:00",10.88,23.71,5,2.95
"2025-07-17 05:00:00",14.3,21.66,7.11,3.47
"2025-07-17 06:00:00",20.34,15.84,6.88,2.97
"2025-07-17 07:00:00",4.11,31.8,4.57,1.94
"2025-07-17 08:00:00",2.78,35.37,3.26,1.33
"2025-07-17 09:00:00",2.07,35.91,2.34,0.88
"2025-07-17 10:00:00",1.13,42.35,3.38,1.86
"2025-07-17 11:00:00",1.35,49.21,3.5,2.48
"2025-07-17 12:00:00",1.45,51.08,4.37,2.71
"2025-07-17 13:00:00",0.14,52.46,3.65,2.24
"2025-07-17 14:00:00",0.14,52.53,2.83,1.27
"2025-07-17 15:00:00",0,53.11,2.87,1.56
"2025-07-17 16:00:00",3.93,49.63,4.04,1.95
"2025-07-17 17:00:00",8.9,41.62,3.66,1.86
"2025-07-17 18:00:00",6.18,51.65,5.09,2.67
"2025-07-17 19:00:00",4.78,58.08,6.11,2.74
"2025-07-17 20:00:00",1.36,60.54,6.81,2.95
"2025-07-17 21:00:00",1.96,58.42,6.84,3.28
"2025-07-17 22:00:00",1.72,58.74,6.72,3.5
"2025-07-17 23:00:00",-0.13,60.73,6.61,3.27
"2025-07-18 00:00:00",-0.33,56.07,5.78,3.05
"2025-07-18 01:00:00",0.1,51.8,7.14,3.33
"2025-07-18 02:00:00",-0.24,49.78,6.77,3.15
"2025-07-18 03:00:00",-0.57,50.12,5.78,2.74
"2025-07-18 04:00:00",-0.27,47.15,4.33,1.88
"2025-07-18 05:00:00",0.12,45.04,3.62,1.35
"2025-07-18 06:00:00",2.56,44.85,2.94,1.21
"2025-07-18 07:00:00",5.15,47.29,4.31,1.95
"2025-07-18 08:00:00",10.6,44.2,5.99,2.37
"2025-07-18 09:00:00",10.36,51.04,6.59,2.01
"2025-07-18 10:00:00",7.23,55.12,4.35,1.12
"2025-07-18 11:00:00",8.93,56.98,3.41,1.17
"2025-07-18 12:00:00",6.09,63.09,5.41,1.78
"2025-07-18 13:00:00",5.79,66.43,5.88,1.93
"2025-07-18 14:00:00",7.17,67.87,6.45,2.35
"2025-07-18 15:00:00",5.03,70.82,5.09,2.05
"2025-07-18 16:00:00",7.5,69.1,5.21,2.26
"2025-07-18 17:00:00",6.48,62.97,4.54,2.18
"2025-07-18 18:00:00",6.16,70.9,4.26,1.99
"2025-07-18 19:00:00",3.58,73.77,3.35,1.9
"2025-07-18 20:00:00",6.71,65.71,3.69,1.87
"2025-07-18 21:00:00",6.04,62.72,4.07,1.88
"2025-07-18 22:00:00",5.09,61.77,4.13,1.85
"2025-07-18 23:00:00",4.26,57.84,4.75,2.02
"2025-07-19 00:00:00",1.91,55.98,4.22,2.22
"2025-07-19 01:00:00",0.32,54.53,4.22,1.83
"2025-07-19 02:00:00",0.78,53.7,4.44,1.87
"2025-07-19 03:00:00",0.5,53,4.09,1.82
"2025-07-19 04:00:00",-0.14,53.86,2.15,1.31
"2025-07-19 05:00:00",0.72,43.21,3.91,1.73
"2025-07-19 06:00:00",14.42,28.73,5.33,2.88
"2025-07-19 07:00:00",6.7,33.52,7.35,3.52
"2025-07-19 08:00:00",3.64,42.66,4.98,2.42
"2025-07-19 09:00:00",0.83,58.99,3.46,1.64
"2025-07-19 10:00:00",0.54,62.45,2.79,1.69
"2025-07-19 11:00:00",1.07,61.48,2.58,1.26
"2025-07-19 12:00:00",1.59,60.57,2.19,1.15
"2025-07-19 13:00:00",1.86,59.78,2.77,1.27
"2025-07-19 14:00:00",2,62.91,2.72,1.41
"2025-07-19 15:00:00",1.29,65.09,2.97,1.61
"2025-07-19 16:00:00",4.62,60.24,3.91,1.97
"2025-07-19 17:00:00",5.63,57.08,3.03,1.84
"2025-07-19 18:00:00",12.88,48.94,2.91,1.9
"2025-07-19 19:00:00",13.51,48.5,3.12,2.01
"2025-07-19 20:00:00",8.72,53.42,3.28,2.24
"2025-07-19 21:00:00",4.11,57.36,3.78,2.26
"2025-07-19 22:00:00",3.25,57.12,3.29,1.81
"2025-07-19 23:00:00",2.84,61.59,2.75,1.36
"2025-07-20 00:00:00",2.23,61.04,2.79,1.59
"2025-07-20 01:00:00",0.95,57.8,4.07,2.04
"2025-07-20 02:00:00",1.1,54.99,3.44,1.76
"2025-07-20 03:00:00",-0.01,59.63,4.04,1.75
"2025-07-20 04:00:00",-0.2,62.06,2.83,1.43
"2025-07-20 05:00:00",0.99,57.17,2.49,1.34
"2025-07-20 06:00:00",0.83,56.36,2.77,1.38
"2025-07-20 07:00:00",1.57,56.58,3.65,2.34
"2025-07-20 08:00:00",1.74,54.45,3.58,2.47
"2025-07-20 09:00:00",1.45,56.19,5.55,3.69
"2025-07-20 10:00:00",2.91,55.66,5.5,3.52
"2025-07-20 11:00:00",3.47,55.94,3.89,2.9
"2025-07-20 12:00:00",5.99,52.24,5.58,4.39
"2025-07-20 13:00:00",7.4,54.63,4.46,3.44
"2025-07-20 14:00:00",4.63,61.87,7.12,5.17
"2025-07-20 15:00:00",3.32,72.38,5.33,3.53
"2025-07-20 16:00:00",2.75,74.56,5.35,3.45
"2025-07-20 17:00:00",2.74,75.7,5.51,3.81
"2025-07-20 18:00:00",4.51,78.58,5.01,3.33
"2025-07-20 19:00:00",4.55,80.39,3.42,1.95
"2025-07-20 20:00:00",5.02,74.39,4.38,2.86
"2025-07-20 21:00:00",21.95,54.53,4.69,3.44
"2025-07-20 22:00:00",11.29,54.74,4.63,3.18
"2025-07-20 23:00:00",4.89,55.93,4.96,3.39
"2025-07-21 00:00:00",0.31,60.25,7.22,4.63
"2025-07-21 01:00:00",-0.2,70.85,6.14,4.16
"2025-07-21 02:00:00",-0.56,70.89,5.99,4.09
"2025-07-21 03:00:00",-0.79,73.16,5.14,3.55
"2025-07-21 04:00:00",-0.35,68.65,6.04,3.61
"2025-07-21 05:00:00",-0.21,66.56,6.2,3.71
"2025-07-21 06:00:00",1.92,65.36,6.78,3.69
"2025-07-21 07:00:00",3.74,71.07,5,2.64
"2025-07-21 08:00:00",6.13,67.51,5.04,2.42
"2025-07-21 09:00:00",4.18,65.4,3.47,2.02
"2025-07-21 10:00:00",3.36,68.95,4.63,2.15
"2025-07-21 11:00:00",3.28,72.3,5.37,2.82
"2025-07-21 12:00:00",3.83,70.53,6.46,3.24
"2025-07-21 13:00:00",3.96,69.53,6.26,2.94
"2025-07-21 14:00:00",3.74,69.97,6.61,2.95
"2025-07-21 15:00:00",2.57,69,4.77,2.34
"2025-07-21 16:00:00",2.42,63.06,4.07,2.4
"2025-07-21 17:00:00",2.52,61.49,5.85,3.11
"2025-07-21 18:00:00",1.5,62.89,6.34,3.11
"2025-07-21 19:00:00",1.14,62,5.24,2.91
"2025-07-21 20:00:00",2.96,60.03,7.11,3.68
"2025-07-21 21:00:00",4.48,58.15,8.4,4.04
"2025-07-21 22:00:00",1.88,59.59,7.94,3.67
"2025-07-21 23:00:00",1.22,54.95,4.63,2.73
"2025-07-22 00:00:00",-0.49,57.53,2.96,1.42
"2025-07-22 01:00:00",-0.71,55.33,2.61,1.18
"2025-07-22 02:00:00",-0.8,53.83,3.52,1.42
"2025-07-22 03:00:00",-0.99,56.22,2.5,1.13
"2025-07-22 04:00:00",-0.85,54.87,1.83,0.8
"2025-07-22 05:00:00",1.08,45.38,2.92,0.98
"2025-07-22 06:00:00",2.5,46.44,4.92,1.59
"2025-07-22 07:00:00",7.5,40.42,5.22,1.82
"2025-07-22 08:00:00",9.95,48.31,3.63,1.64
"2025-07-22 09:00:00",9.25,51.08,4.67,1.79
"2025-07-22 10:00:00",7.47,54.63,5.95,1.6
"2025-07-22 11:00:00",4.34,61.92,1.99,0.69
"2025-07-22 12:00:00",6.52,61.3,3.59,1.61
"2025-07-22 13:00:00",6.85,61.44,6.96,2.19
"2025-07-22 14:00:00",4.83,62.51,8.28,2.55
"2025-07-22 15:00:00",4.62,61.56,3.68,2.2
"2025-07-22 16:00:00",7.19,61.26,5.2,2.68
"2025-07-22 17:00:00",6.17,57.91,5.76,2.95
"2025-07-22 18:00:00",7.42,56.57,4.38,2.76
"2025-07-22 19:00:00",4.78,61.72,4.39,2.74
"2025-07-22 20:00:00",3.86,63.51,4.61,2.93
"2025-07-22 21:00:00",5.92,55.86,5.6,3.66
"2025-07-22 22:00:00",5.85,50.2,6.67,4.56
"2025-07-22 23:00:00",3.7,47.56,8.63,5.93
"2025-07-23 00:00:00",2.04,46.38,10.19,7.71
"2025-07-23 01:00:00",0.73,41.64,12.42,9.09
"2025-07-23 02:00:00",0.66,41.45,16.28,12.81
"2025-07-23 03:00:00",-0.4,49.01,16.28,13.67
"2025-07-23 04:00:00",0.35,42.14,16.22,13.12
"2025-07-23 05:00:00",2.23,39.01,16.46,13.22
"2025-07-23 06:00:00",11.09,30,17.41,13.1
"2025-07-23 07:00:00",13.64,29.62,17.57,12.92
"2025-07-23 08:00:00",12.47,42.08,16.65,13.22
"2025-07-23 09:00:00",6.01,55.24,11.7,8.23
"2025-07-23 10:00:00",8.59,52.83,10.06,6.89
"2025-07-23 11:00:00",5.8,57.27,9.38,5.86
"2025-07-23 12:00:00",3.88,62.88,10.93,7.35
"2025-07-23 13:00:00",3.05,65.2,10.78,8.33
"2025-07-23 14:00:00",3.53,65.88,8.3,6.1
"2025-07-23 15:00:00",3.26,67.44,7.83,4.62
"2025-07-23 16:00:00",3,66.87,6.72,4.7
"2025-07-23 17:00:00",6.09,62.72,10.9,7.75
"2025-07-23 18:00:00",5.43,62.99,12.18,9.35
"2025-07-23 19:00:00",4.4,62.95,14.74,12.48
"2025-07-23 20:00:00",7.78,57.82,17.82,15.08
"2025-07-23 21:00:00",5.25,59.37,21.99,19.15
"2025-07-23 22:00:00",4.93,56.21,23.38,20.27
"2025-07-23 23:00:00",2.94,56.59,22.96,20.17
"2025-07-24 00:00:00",2.28,50.93,24.23,21.49
"2025-07-24 01:00:00",2.11,45.96,26.17,22.71
"2025-07-24 02:00:00",1.48,43.61,25.92,22.77
"2025-07-24 03:00:00",2.7,39.67,29.36,24.7
"2025-07-24 04:00:00",3.22,34.32,28.95,24.41
"2025-07-24 05:00:00",10.66,30.59,28.67,24.14
"2025-07-24 06:00:00",8.59,30.59,28.69,23.89
"2025-07-24 07:00:00",14.1,30.7,29.93,24.56
"2025-07-24 08:00:00",10.24,40.88,28.46,23.41
"2025-07-24 09:00:00",4.64,57.91,23.19,20.39
"2025-07-24 10:00:00",1.87,71.47,21.23,18.3
"2025-07-24 11:00:00",3.64,73.41,22.66,18.41
"2025-07-24 12:00:00",13.46,63.94,26.93,18.93
"2025-07-24 13:00:00",5.45,75.81,23.04,18.33
"2025-07-24 14:00:00",3.97,79.3,20.2,17.13
"2025-07-24 15:00:00",2.51,81.52,22.32,18.24
"2025-07-24 16:00:00",5.32,76.87,22.16,17.86
"2025-07-24 17:00:00",7.18,77.89,21.65,17.34
"2025-07-24 18:00:00",7.63,77.27,20.26,17.31
"2025-07-24 19:00:00",6.74,64.25,11.26,7.9
"2025-07-24 20:00:00",6.98,60.57,8.57,6.06
"2025-07-24 21:00:00",6.03,59.83,7.22,4.84
"2025-07-24 22:00:00",5.68,56.98,6.2,4.03
"2025-07-24 23:00:00",2.29,56.67,5.59,3.57
"2025-07-25 00:00:00",0.82,61.79,6.47,4.21
"2025-07-25 01:00:00",0.55,60.36,6.95,5.01
"2025-07-25 02:00:00",0.58,58.35,6.61,4.59
"2025-07-25 03:00:00",-0.22,69.2,6.3,5.17
"2025-07-25 04:00:00",-0.14,59.55,7.46,6.02
"2025-07-25 05:00:00",0.43,57.67,7.43,5.97
"2025-07-25 06:00:00",2.14,55.13,6.06,4.43
"2025-07-25 07:00:00",8.35,57.58,4.77,2.86
"2025-07-25 08:00:00",9.76,63.93,7.91,4.74
"2025-07-25 09:00:00",11.05,64,8.3,4.58
"2025-07-25 10:00:00",7.86,66.33,6.54,3.56
"2025-07-25 11:00:00",8.1,67.62,7.77,3.66
"2025-07-25 12:00:00",6.9,72.69,13.08,4.43
"2025-07-25 13:00:00",5.2,73.09,6.3,2.7
"2025-07-25 14:00:00",5.6,71.54,4.97,2.26
"2025-07-25 15:00:00",6.12,69.43,5.36,1.8
"2025-07-25 16:00:00",5.15,68.72,5.11,1.52
"2025-07-25 17:00:00",6.31,68.43,6.04,1.87
"2025-07-25 18:00:00",3.98,71.95,3.05,1.88
"2025-07-25 19:00:00",9.08,66.42,4.15,2.94
"2025-07-25 20:00:00",5.53,68.84,6.11,3.56
"2025-07-25 21:00:00",3.15,70.43,3.89,2.52
"2025-07-25 22:00:00",2.44,62.74,3.57,2.03
"2025-07-25 23:00:00",1.41,60.22,4.36,2.67
"2025-07-26 00:00:00",0.69,57.75,5.7,3.23
"2025-07-26 01:00:00",0.77,55.21,7.29,3.97
"2025-07-26 02:00:00",1.6,55.58,8.91,4.86
"2025-07-26 03:00:00",1.72,56.05,10.43,5.68
"2025-07-26 04:00:00",1.71,63.49,10.35,5.29
"2025-07-26 05:00:00",0.96,69.61,11.15,5.17
"2025-07-26 06:00:00",1.22,67.91,10.78,5.46
"2025-07-26 07:00:00",3.38,71.37,7.45,3.94
"2025-07-26 08:00:00",4.07,71.78,8.15,3.23
"2025-07-26 09:00:00",3.7,73.6,8.88,3.8
"2025-07-26 10:00:00",1.92,77.95,12.99,6.59
"2025-07-26 11:00:00",3,78.63,16.28,9.28
"2025-07-26 12:00:00",4.47,77.21,19.91,10.58
"2025-07-26 13:00:00",2.86,80.5,16.35,10.16
"2025-07-26 14:00:00",4.17,80.78,20.29,10.07
"2025-07-26 15:00:00",2.54,84.24,21.02,9.92
"2025-07-26 16:00:00",2.75,82.27,23.54,11.64
"2025-07-26 17:00:00",3.7,81.6,19.82,10.93
"2025-07-26 18:00:00",4.94,75.26,19.08,9.44
"2025-07-26 19:00:00",3.33,78.19,14.85,8.34
"2025-07-26 20:00:00",5.25,74.12,15.72,8.5
"2025-07-26 21:00:00",5.35,71.93,16.8,8.2
"2025-07-26 22:00:00",1.75,71.29,14.96,7.88
"2025-07-26 23:00:00",1.37,70.63,14.67,7.64
"2025-07-27 00:00:00",0,69.44,15.15,7.7
"2025-07-27 01:00:00",-0.31,70.08,14.6,7.56
"2025-07-27 02:00:00",-0.15,69.73,14.48,7.16
"2025-07-27 03:00:00",0.09,67.03,13.03,6.78
"2025-07-27 04:00:00",1.62,72.72,10.35,5.95
"2025-07-27 05:00:00",0.43,74.52,10.25,5.49
"2025-07-27 06:00:00",0.17,84.98,7.29,4.32
"2025-07-27 07:00:00",0.59,81.17,7.33,4.28
"2025-07-27 08:00:00",4.52,75.38,10.54,4.76
"2025-07-27 09:00:00",3.31,78.98,11.24,4.74
"2025-07-27 10:00:00",1.92,91.78,10.54,4.86
"2025-07-27 11:00:00",3.71,89.11,9.25,4.96
"2025-07-27 12:00:00",3.74,89.12,10.94,5.37
"2025-07-27 13:00:00",3.22,89.81,9.86,5.7
"2025-07-27 14:00:00",3.59,86.85,9.44,5.77
"2025-07-27 15:00:00",2.88,92.93,9.12,5.97
"2025-07-27 16:00:00",2.04,95.55,7.92,4.98
"2025-07-27 17:00:00",2.82,96.32,6.28,4.4
"2025-07-27 18:00:00",2.74,94.27,6.41,4.6
"2025-07-27 19:00:00",6.46,85.99,6.2,4.18
"2025-07-27 20:00:00",10.38,78.86,6.05,3.64
"2025-07-27 21:00:00",6.75,80.24,5.65,3.31
"2025-07-27 22:00:00",4.85,80.14,4.65,2.79
"2025-07-27 23:00:00",0.09,79.12,4.11,2.59
"2025-07-28 00:00:00",-0.48,73.44,2.31,1.61
"2025-07-28 01:00:00",0.22,66.59,1.92,1.29
"2025-07-28 02:00:00",-0.7,67.2,3.35,1.5
"2025-07-28 03:00:00",-0.47,71.05,2.68,1.45
"2025-07-28 04:00:00",-0.35,69.2,2.8,1.17
"2025-07-28 05:00:00",0.4,64.78,3.05,1.16
"2025-07-28 06:00:00",2.08,66.41,2.39,1.07
"2025-07-28 07:00:00",6.02,60.23,3.06,1.26
"2025-07-28 08:00:00",11.43,59.81,4.59,1.86
"2025-07-28 09:00:00",7.19,68.47,5.74,2.11
"2025-07-28 10:00:00",3.93,75.14,5.1,2.18
"2025-07-28 11:00:00",7.37,73.43,6.88,2.64
"2025-07-28 12:00:00",6.37,76.53,5.93,2.59
"2025-07-28 13:00:00",7.35,71.61,5.19,2.02
"2025-07-28 14:00:00",7.6,72.4,10.9,2.75
"2025-07-28 15:00:00",5.57,74.49,5.68,1.78
"2025-07-28 16:00:00",6.62,70.56,7.72,2.43
"2025-07-28 17:00:00",7.82,71.35,8,4.08
"2025-07-28 18:00:00",6.58,75.84,8.31,4.99
"2025-07-28 19:00:00",6.07,73.86,3.96,2.2
"2025-07-28 20:00:00",4.51,60.69,2.19,1.36
"2025-07-28 21:00:00",3.88,52.76,1.49,0.65
"2025-07-28 22:00:00",2.81,51.73,1.52,0.52
"2025-07-28 23:00:00",0.66,53.4,1.49,0.52
"2025-07-29 00:00:00",-0.76,55.58,1.59,0.62
"2025-07-29 01:00:00",0.18,58.55,1.7,0.91
"2025-07-29 02:00:00",0.42,60.67,2.22,1.09
"2025-07-29 03:00:00",0.78,61.3,2.2,1.04
"2025-07-29 04:00:00",0.54,63.32,2.6,1.31
"2025-07-29 05:00:00",1.47,63.18,2.49,1.14
"2025-07-29 06:00:00",2.45,60.98,2.6,1.14
"2025-07-29 07:00:00",4.28,59.6,2.41,1.17
"2025-07-29 08:00:00",8.52,56.31,2.42,1.06
"2025-07-29 09:00:00",7.38,60.7,3.23,1.13
"2025-07-29 10:00:00",4.63,69.03,3.17,1.38
"2025-07-29 11:00:00",3.29,72.24,3.74,1.66
"2025-07-29 12:00:00",2.94,71.3,3.96,1.54
"2025-07-29 13:00:00",2.74,71.25,3.24,1.96
"2025-07-29 14:00:00",2.21,70.57,2.75,1.37
"2025-07-29 15:00:00",2.48,72.74,2.73,1.5
"2025-07-29 16:00:00",5.03,67.2,3.83,1.59
"2025-07-29 17:00:00",3.23,72.47,2.74,1.23
"2025-07-29 18:00:00",3.09,81.26,3.5,1.84
"2025-07-29 19:00:00",2.77,87.02,2.2,1.37
"2025-07-29 20:00:00",3.23,83.52,1.97,1
"2025-07-29 21:00:00",8.11,76.01,2.14,1.27
"2025-07-29 22:00:00",1.56,78.54,2.72,1.6
"2025-07-29 23:00:00",1.27,76.38,3.66,1.64
"2025-07-30 00:00:00",-0.08,79.34,2.68,1.22
"2025-07-30 01:00:00",-0.34,77.15,1.84,0.91
"2025-07-30 02:00:00",-0.39,74.31,1.35,0.63
"2025-07-30 03:00:00",-0.75,78.13,1.18,0.47
"2025-07-30 04:00:00",-0.79,79.59,1.58,0.61
"2025-07-30 05:00:00",1.39,73.62,2.59,0.92
"2025-07-30 06:00:00",1.65,69.19,3.84,1.65
"2025-07-30 07:00:00",4.95,65.02,3.26,1.75
"2025-07-30 08:00:00",8.2,56.81,2.28,1.41
"2025-07-30 09:00:00",7.71,52.82,3.97,1.64
"2025-07-30 10:00:00",7.89,53.43,5.54,2.06
"2025-07-30 11:00:00",6.3,57.74,4.56,1.54
"2025-07-30 12:00:00",8.37,59.33,6.61,1.64
"2025-07-30 13:00:00",7.32,58.32,3.6,1.35
"2025-07-30 14:00:00",7.41,58.37,3.9,1.44
"2025-07-30 15:00:00",6.08,60.33,5.83,2.45
"2025-07-30 16:00:00",6.62,60.73,6.4,1.89
"2025-07-30 17:00:00",6.84,58.16,3.09,1.29
"2025-07-30 18:00:00",7.35,58.66,2,1.07
"2025-07-30 19:00:00",6.31,57.42,3.11,1.24
"2025-07-30 20:00:00",5.31,57.7,2.82,1.5
"2025-07-30 21:00:00",5.26,59.47,1.81,0.82
"2025-07-30 22:00:00",4.32,58.74,1.61,0.79
"2025-07-30 23:00:00",2.05,70.16,3.63,2.11
"2025-07-31 00:00:00",2.14,72.35,4.05,2.3
"2025-07-31 01:00:00",1.37,67.5,4.02,2.36
"2025-07-31 02:00:00",0.41,61.69,4.15,2.43
"2025-07-31 03:00:00",-0.48,57.59,2.7,1.5
"2025-07-31 04:00:00",-0.12,55.49,2.96,1.56
"2025-07-31 05:00:00",1.06,54.02,2.91,1.28
"2025-07-31 06:00:00",1.85,51.5,2.53,0.91
"2025-07-31 07:00:00",6.64,50,2.18,0.77
"2025-07-31 08:00:00",4.01,58.09,2.49,0.71
"2025-07-31 09:00:00",3.66,62.59,2.6,0.79
"2025-07-31 10:00:00",4.26,67.57,3.68,1.12
"2025-07-31 11:00:00",3.13,54.76,3.6,1.22
"2025-07-31 12:00:00",3.98,35.34,4.17,1.38
"2025-07-31 13:00:00",5.22,41.55,4.33,1.95
"2025-07-31 14:00:00",7.83,42.46,7.49,3.2
"2025-07-31 15:00:00",6.75,53.29,4.55,2.98
"2025-07-31 16:00:00",4.82,55.6,4.77,2.77
"2025-07-31 17:00:00",4.57,54.8,5.42,2.88
"2025-07-31 18:00:00",3.02,56.35,4.75,2.71
"2025-07-31 19:00:00",2.76,54.24,5.49,3.09
"2025-07-31 20:00:00",2.82,50.76,7.25,3.18
"2025-07-31 21:00:00",2.56,49.62,7.96,3.52
"2025-07-31 22:00:00",3.45,51.54,6.21,3.05
"2025-07-31 23:00:00",3.46,49.71,6.16,3.02
"2025-08-01 00:00:00",1.81,48.11,5.41,2.82
"2025-08-01 01:00:00",1.92,43.49,6.66,2.88
"2025-08-01 02:00:00",0.84,40.59,7.16,2.93
"2025-08-01 03:00:00",0.34,42.38,5.86,2.84
"2025-08-01 04:00:00",0.22,43.14,6.21,2.77
"2025-08-01 05:00:00",2.06,33.07,6.82,2.95
"2025-08-01 06:00:00",4.2,29.68,7.42,3.15
"2025-08-01 07:00:00",7.58,31.12,7.22,3.07
"2025-08-01 08:00:00",8.32,42.04,9.06,3.58
"2025-08-01 09:00:00",6.41,44.29,8.13,3.62
"2025-08-01 10:00:00",5.41,53.08,9.2,4.09
"2025-08-01 11:00:00",4.14,56.81,9.27,4.44
"2025-08-01 12:00:00",2.68,60.13,8.46,4.61
"2025-08-01 13:00:00",2.61,62.39,8.9,4.59
"2025-08-01 14:00:00",3.49,60.96,8.04,4.43
"2025-08-01 15:00:00",3.54,59.54,8.96,4.62
"2025-08-01 16:00:00",4.56,59.33,9.32,4.83
"2025-08-01 17:00:00",3.74,62.23,8.07,4.56
"2025-08-01 18:00:00",4.26,59.64,8.37,4.7
"2025-08-01 19:00:00",4.29,58.97,8.09,4.61
"2025-08-01 20:00:00",3.93,58.14,8.03,4.62
"2025-08-01 21:00:00",3.32,57.2,7.64,4.43
"2025-08-01 22:00:00",3.32,56.27,7.47,4.24
"2025-08-01 23:00:00",3.13,55.76,7.58,4.21
"2025-08-02 00:00:00",1.97,55.26,7.8,4.34
"2025-08-02 01:00:00",0.78,50.03,6.91,4.12
"2025-08-02 02:00:00",0.63,42.91,9.01,4.64
"2025-08-02 03:00:00",1.65,34.74,7.71,4.55
"2025-08-02 04:00:00",1.22,32.8,7.1,4.49
"2025-08-02 05:00:00",1.98,32.02,7,4.46
"2025-08-02 06:00:00",2.59,32.77,7.43,4.63
"2025-08-02 07:00:00",3.79,33.59,8.04,5.16
"2025-08-02 08:00:00",5.7,30.58,8.34,4.9
"2025-08-02 09:00:00",4.02,40.09,7.91,4.53
"2025-08-02 10:00:00",2.02,57.98,6.64,4.09
"2025-08-02 11:00:00",2.82,56.89,6.41,4.27
"2025-08-02 12:00:00",0.99,57.72,5.49,3.97
"2025-08-02 13:00:00",0.77,55.4,5.34,3.67
"2025-08-02 14:00:00",0.75,52.79,5.08,3.6
"2025-08-02 15:00:00",1.35,50.49,4.86,3.41
"2025-08-02 16:00:00",2.33,47.24,5.1,3.24
"2025-08-02 17:00:00",4.89,44.98,5.49,3.32
"2025-08-02 18:00:00",4.71,37.71,4.99,2.58
"2025-08-02 19:00:00",2.63,30.86,3.29,1.7
"2025-08-02 20:00:00",1.91,25.78,2.51,1.49
"2025-08-02 21:00:00",1.59,24.01,3.04,1.65
"2025-08-02 22:00:00",1.83,18.03,2.63,1.31
"2025-08-02 23:00:00",0.17,18.61,2.03,1.14
"2025-08-03 00:00:00",-0.48,19.74,2.54,1.28
"2025-08-03 01:00:00",-0.78,17.78,3.81,1.71
"2025-08-03 02:00:00",-0.62,16.32,3.12,1.31
"2025-08-03 03:00:00",1.76,17.05,2.34,0.72
"2025-08-03 04:00:00",-0.07,23.02,1.95,0.47
"2025-08-03 05:00:00",-1.04,36.87,2.41,1.06
"2025-08-03 06:00:00",-0.58,56.37,7.35,3.63
"2025-08-03 07:00:00",1.18,59.75,7.14,3.92
"2025-08-03 08:00:00",2.39,59.61,4.83,2.64
"2025-08-03 09:00:00",2.84,59.84,3.24,1.81
"2025-08-03 10:00:00",1.05,62.85,4.95,3.44
"2025-08-03 11:00:00",2.08,63.14,8.22,5.52
"2025-08-03 12:00:00",2.22,62.3,8.64,6.09
"2025-08-03 13:00:00",1.5,62.4,10.55,7.35
"2025-08-03 14:00:00",2.43,59.6,9.6,6.84
"2025-08-03 15:00:00",3.02,58.47,12.4,7.98
"2025-08-03 16:00:00",4,51.55,15.82,8.82
"2025-08-03 17:00:00",2.4,53,14.89,8.2
"2025-08-03 18:00:00",3.45,49.47,13.19,8
"2025-08-03 19:00:00",1.8,44,11.11,7.51
"2025-08-03 20:00:00",7.48,34.92,10.08,7.45
"2025-08-03 21:00:00",6.18,29.55,11.04,7.62
"2025-08-03 22:00:00",0.89,41.85,9.32,6.92
"2025-08-03 23:00:00",8.38,36.64,8.91,7.13
"2025-08-04 00:00:00",0.74,39.43,9.35,7.12
"2025-08-04 01:00:00",-0.54,38.29,3.99,2.53
"2025-08-04 02:00:00",-0.58,28.79,2.74,1.08
"2025-08-04 03:00:00",-0.84,23.93,3.61,1.24
"2025-08-04 04:00:00",-1.11,27.65,4.26,2.03
"2025-08-04 05:00:00",-1.03,32,3.82,2.07
"2025-08-04 06:00:00",-0.74,32.09,2.21,1.16
"2025-08-04 07:00:00",0.85,34.56,4.94,2.26
"2025-08-04 08:00:00",0.08,60.56,12.94,6.14
"2025-08-04 09:00:00",0.41,61.81,8.22,4.22
"2025-08-04 10:00:00",0.45,69.55,11.33,4.76
"2025-08-04 11:00:00",0.65,73.98,14.47,6.09
"2025-08-04 12:00:00",1,72.39,12.93,5.83
"2025-08-04 13:00:00",0.6,70.36,12.7,5.89
"2025-08-04 14:00:00",1.03,67.32,15.77,7.06
"2025-08-04 15:00:00",0.98,63.78,12.43,6.14
"2025-08-04 16:00:00",1.27,61.94,15.18,6.64
"2025-08-04 17:00:00",2.16,60.89,15.3,7.37
"2025-08-04 18:00:00",2.35,59.42,14.27,6.58
"2025-08-04 19:00:00",2.15,62.36,14.59,6.71
"2025-08-04 20:00:00",2.31,57.9,15.19,7.07
"2025-08-04 21:00:00",1.15,56.51,14.61,7.09
"2025-08-04 22:00:00",0.99,54.36,16.82,8.05
"2025-08-04 23:00:00",-0.49,56.12,16.92,8.07
"2025-08-05 00:00:00",-0.92,56.55,16.78,8.24
"2025-08-05 01:00:00",-0.11,57.67,12.32,6.49
"2025-08-05 02:00:00",-1,53.4,13.94,7.45
"2025-08-05 03:00:00",-0.52,57.61,16.62,8.22
"2025-08-05 04:00:00",0.22,58.45,17.27,8.73
"2025-08-05 05:00:00",0.67,57.5,14.31,7.02
"2025-08-05 06:00:00",2.47,54.95,14.56,6.75
"2025-08-05 07:00:00",6.45,51.82,17.09,7.66
"2025-08-05 08:00:00",6.3,53.21,18.1,8.27
"2025-08-05 09:00:00",3.92,59.89,17.44,7.66
"2025-08-05 09:01:00",,
"2025-08-05 10:00:00",,,28.03,9.7
"2025-08-05 10:01:00",,
"2025-08-05 11:00:00",6.97,49.76,17.16,8.49
"2025-08-05 12:00:00",5.51,49.18,21.23,9.88
"2025-08-05 13:00:00",2.61,53.15,19.81,10.06
"2025-08-05 14:00:00",4.45,55.03,16.78,8.62
"2025-08-05 15:00:00",3.05,55.06,17.86,8.51
"2025-08-05 16:00:00",3.38,53.08,19.68,9.26
"2025-08-05 17:00:00",5.1,49.94,19.33,9.07
"2025-08-05 18:00:00",2.66,49.82,18.17,9.3
"2025-08-05 19:00:00",5.74,47.1,19.05,9.63
"2025-08-05 20:00:00",5.73,44.45,18.47,9.38
"2025-08-05 21:00:00",6.64,41.5,18.34,9.35
"2025-08-05 22:00:00",3.52,40.89,19.5,9.46
"2025-08-05 23:00:00",0.96,39.8,16.84,9
"2025-08-06 00:00:00",1.04,36.16,18.07,8.94
"2025-08-06 01:00:00",0.7,31.96,15.04,8.31
"2025-08-06 02:00:00",0.98,29.07,15.05,8
"2025-08-06 03:00:00",3.62,24.8,14.2,7.87
"2025-08-06 04:00:00",1.22,26.45,13.69,7.75
"2025-08-06 05:00:00",0.88,22.33,11.67,6.97
"2025-08-06 06:00:00",3.4,18.15,11.78,6.85
"2025-08-06 07:00:00",8.51,16.26,13.13,7.25
"2025-08-06 08:00:00",8.16,19.08,13.94,7.54
"2025-08-06 09:00:00",3.78,27.82,15.58,7.64
"2025-08-06 10:00:00",1.08,34.6,12.78,7.32
"2025-08-06 11:00:00",0.9,38.33,13.08,7.46
"2025-08-06 12:00:00",1.44,37.46,13.35,7.69
"2025-08-06 13:00:00",0.99,39.82,12.08,6.99
"2025-08-06 14:00:00",1.23,42.67,11.73,6.68
"2025-08-06 15:00:00",-0.19,49.01,9.25,5.69
"2025-08-06 16:00:00",0.77,52.98,9.24,5.82
"2025-08-06 17:00:00",1.05,53.64,10.39,6.11
"2025-08-06 18:00:00",0.79,55.17,11.54,6.71
"2025-08-06 19:00:00",0.85,56.22,11.52,6.38
"2025-08-06 20:00:00",0.67,58.61,11.19,6.89
"2025-08-06 21:00:00",0.41,57.66,12.3,7.31
"2025-08-06 22:00:00",0.32,56.03,10.15,6.98
"2025-08-06 23:00:00",-0.47,55.45,5.78,4.21
"2025-08-07 00:00:00",-0.98,57.97,1.83,1.3
"2025-08-07 01:00:00",-1.04,58.93,1.02,0.46
"2025-08-07 02:00:00",-0.33,55.09,0.9,0.26
"2025-08-07 03:00:00",0.18,46.57,1.6,0.76
"2025-08-07 04:00:00",-0.05,49.77,2.74,1.34
"2025-08-07 05:00:00",0.68,51.39,2,0.92
"2025-08-07 06:00:00",4.88,49.09,2.63,1
"2025-08-07 07:00:00",8.49,47.69,3.46,1.42
"2025-08-07 08:00:00",6.18,47.13,4.41,2.31
"2025-08-07 09:00:00",10.26,43.79,7.47,4.88
"2025-08-07 10:00:00",8.71,52.03,13.68,9.48
"2025-08-07 11:00:00",8.35,54.91,21.36,12.17
"2025-08-07 12:00:00",7.77,53.33,19.29,8.05
"2025-08-07 13:00:00",5.38,51.46,15.72,5.58
"2025-08-07 14:00:00",5.59,48.32,11.95,3.45
"2025-08-07 15:00:00",5.47,47.89,27.11,7.63
"2025-08-07 16:00:00",5.89,46.47,14.44,4.53
"2025-08-07 17:00:00",4.2,51.84,10.48,3.81
"2025-08-07 18:00:00",4.31,50.84,13.48,4.78
"2025-08-07 19:00:00",7.1,45.39,11.39,4.37
"2025-08-07 20:00:00",6.58,40.83,6.8,2.79
"2025-08-07 21:00:00",1.41,39.91,4.22,2.17
"2025-08-07 22:00:00",4.41,38.14,6.28,2.73
"2025-08-07 23:00:00",2.32,43.86,7.82,3.57
"2025-08-08 00:00:00",-0.54,47.12,9.19,4.38
"2025-08-08 01:00:00",-0.08,45.99,9.38,4.63
"2025-08-08 02:00:00",-0.07,43.98,8.71,4.32
"2025-08-08 03:00:00",-0.47,44.01,7.7,3.83
"2025-08-08 04:00:00",-0.57,44.78,6.55,3.63
"2025-08-08 05:00:00",3.42,44.2,7.21,3.71
"2025-08-08 06:00:00",1.15,43.27,8.11,4.17
"2025-08-08 07:00:00",4.92,36.48,9.76,4.5
"2025-08-08 08:00:00",7.18,38.6,12.08,5.64
"2025-08-08 09:00:00",4.2,43.17,12.04,5.93
"2025-08-08 10:00:00",1.44,53.32,11.19,5.38
"2025-08-08 11:00:00",2.86,53.47,12.61,5.67
"2025-08-08 12:00:00",3.78,54.33,11.92,5.79
"2025-08-08 13:00:00",4.88,51.81,14.29,6.58
"2025-08-08 14:00:00",4.94,54.01,18.46,7.43
"2025-08-08 15:00:00",8.5,51.36,13.31,7.07
"2025-08-08 16:00:00",1.17,57.87,12.68,7.56
"2025-08-08 17:00:00",3.43,54.69,14.38,8.26
"2025-08-08 18:00:00",2.25,54.62,12.7,7.98
"2025-08-08 19:00:00",6.87,50.11,13.43,8.59
"2025-08-08 20:00:00",7.92,47.39,15.87,9.83
"2025-08-08 21:00:00",1.22,47.69,13.49,9.31
"2025-08-08 22:00:00",0.87,49.17,16.8,11.02
"2025-08-08 23:00:00",1.05,45.88,16.42,10.79
"2025-08-09 00:00:00",-0.1,45.05,15.1,9.8
"2025-08-09 01:00:00",-0.36,43.83,13.23,9.32
"2025-08-09 02:00:00",-0.22,48.02,13.31,8.71
"2025-08-09 03:00:00",-0.11,48.85,12.02,7.44
"2025-08-09 04:00:00",0.16,48.2,10.62,6.71
"2025-08-09 05:00:00",0.11,48.56,10.36,6.49
"2025-08-09 06:00:00",-0.15,51.12,12.67,6.94
"2025-08-09 07:00:00",0.06,51.76,13.3,7.21
"2025-08-09 08:00:00",0.95,48.7,11.6,6.64
"2025-08-09 09:00:00",2.85,45.52,14.44,8.06
"2025-08-09 10:00:00",2.69,45.61,14.51,8.35
"2025-08-09 11:00:00",6.05,43.18,7.6,5.86
"2025-08-09 12:00:00",4.3,46.61,10.12,6.78
"2025-08-09 13:00:00",3.19,54.03,11.84,8.2
"2025-08-09 14:00:00",3.95,58.06,14.53,9.42
"2025-08-09 15:00:00",4.46,59.8,13.77,8.95
"2025-08-09 16:00:00",4.37,60.46,13.45,8.48
"2025-08-09 17:00:00",3.4,59.91,13.82,7.92
"2025-08-09 18:00:00",10.54,53.43,13.04,7.68
"2025-08-09 19:00:00",10.35,52.64,13.86,7.84
"2025-08-09 20:00:00",3.94,57.63,11.74,7.13
"2025-08-09 21:00:00",6.97,48.34,12.4,7.54
"2025-08-09 22:00:00",3.66,47.74,12.63,7.8
"2025-08-09 23:00:00",11.17,31.69,12.3,7.93
"2025-08-10 00:00:00",6.51,36.22,11.57,7.69
"2025-08-10 01:00:00",2.52,38.27,12.48,7.78
"2025-08-10 02:00:00",1.72,37.78,12.62,7.83
"2025-08-10 03:00:00",0.87,34.75,11.59,8.04
"2025-08-10 04:00:00",1.4,28.22,11.61,8.44
"2025-08-10 05:00:00",1.66,27.02,10.63,7.94
"2025-08-10 06:00:00",11.45,14.9,11.87,8.31
"2025-08-10 07:00:00",16.32,13.62,11.69,8.26
"2025-08-10 08:00:00",8.02,21.76,10.14,7.38
"2025-08-10 09:00:00",-0.15,41.1,4.35,3.06
"2025-08-10 10:00:00",-0.3,41.61,2.59,1.65
"2025-08-10 11:00:00",-0.66,44.35,2.75,1.75
"2025-08-10 12:00:00",-0.79,47.13,3,1.86
"2025-08-10 13:00:00",-0.45,53.68,2.62,1.76
"2025-08-10 14:00:00",1.95,56.98,3.51,2.16
"2025-08-10 15:00:00",2.67,53.71,4.13,2.44
"2025-08-10 16:00:00",2.53,50.92,3.45,2.06
"2025-08-10 17:00:00",3.18,50.59,4.1,2.8
"2025-08-10 18:00:00",3.29,49.64,7.58,5.94
"2025-08-10 19:00:00",9.97,42.91,11.31,10.3
"2025-08-10 20:00:00",8.81,38.26,7.94,7.33
"2025-08-10 21:00:00",9.85,36.36,6.03,5.34
"2025-08-10 22:00:00",5.28,35.34,5.22,4.14
"2025-08-10 23:00:00",2.98,31.56,3.46,2.55
"2025-08-11 00:00:00",2.71,28.2,4.41,2.79
"2025-08-11 01:00:00",0.55,27.58,3.31,1.68
"2025-08-11 02:00:00",1.31,26.01,4.35,2.01
"2025-08-11 03:00:00",1.12,22.36,4.67,2.52
"2025-08-11 04:00:00",4.54,18.12,4.86,3.04
"2025-08-11 05:00:00",24.85,3.64,10.8,7.31
"2025-08-11 06:00:00",16.2,7.56,11.4,7.87
"2025-08-11 07:00:00",15.93,9.56,9.13,6.41
"2025-08-11 08:00:00",10.13,15.89,9.35,6.92
"2025-08-11 09:00:00",5.59,25.09,9.57,7.27
"2025-08-11 10:00:00",4.47,32.59,8.52,6.57
"2025-08-11 11:00:00",1.8,45.87,10.68,8.12
"2025-08-11 12:00:00",3.79,46.06,11.57,8.87
"2025-08-11 13:00:00",4.52,47.95,11.08,7.92
"2025-08-11 14:00:00",2.09,52.53,12.47,8.77
"2025-08-11 15:00:00",1.31,66.46,14.1,10.51
"2025-08-11 16:00:00",1.27,85.64,20.66,16.62
"2025-08-11 17:00:00",1.6,83.18,16.78,13.7
"2025-08-11 18:00:00",1.65,85.82,18.19,15.55
"2025-08-11 19:00:00",2.21,82.34,21.67,18.12
"2025-08-11 20:00:00",5.12,75.46,24.24,19.81
"2025-08-11 21:00:00",10.61,65.17,21.72,18.59
"2025-08-11 22:00:00",23.36,51.05,27.44,22.4
"2025-08-11 23:00:00",10.41,60.17,24.25,19.66
"2025-08-12 00:00:00",5.56,62.05,23.12,18.86
"2025-08-12 01:00:00",3.24,68.26,21.43,17.09
"2025-08-12 02:00:00",3.13,55.4,20.45,16.97
"2025-08-12 03:00:00",2.41,53.46,19.23,16.39
"2025-08-12 04:00:00",2.91,51.3,20.04,16.48
"2025-08-12 05:00:00",17.58,30.44,18.12,14.55
"2025-08-12 06:00:00",12.66,30.62,19.32,15.78
"2025-08-12 07:00:00",16.42,31.89,20.26,15.05
"2025-08-12 08:00:00",20.86,30.91,20.44,14.87
"2025-08-12 09:00:00",16.81,39.49,21.53,15.33
"2025-08-12 10:00:00",11.87,53.06,19.78,14.62
"2025-08-12 11:00:00",8.37,74.87,19.2,14.04
"2025-08-12 12:00:00",3.46,94.18,18.98,14.15
"2025-08-12 13:00:00",2.57,93.46,19.12,14.39
"2025-08-12 14:00:00",2.57,103.47,19.89,14.56
"2025-08-12 15:00:00",2.83,112.11,20.85,14.11
"2025-08-12 16:00:00",4.5,112.04,19.39,13.54
"2025-08-12 17:00:00",3.12,116.83,19.02,13.83
"2025-08-12 18:00:00",4.76,117.32,18.93,13.8
"2025-08-12 19:00:00",6.78,117.69,22.22,14.29
"2025-08-12 20:00:00",5.68,102.65,25.22,14.39
"2025-08-12 21:00:00",10.28,73.41,20.18,14.22
"2025-08-12 22:00:00",9.27,64.65,19.66,14.22
"2025-08-12 23:00:00",8.15,65.88,18.74,14.45
"2025-08-13 00:00:00",6.6,63.72,20.22,15.08
"2025-08-13 01:00:00",3.43,77.36,21.23,16.09
"2025-08-13 02:00:00",3.43,70.64,22.76,17.05
"2025-08-13 03:00:00",4.23,61.74,24.09,17.82
"2025-08-13 04:00:00",3.78,53.37,21.84,17.88
"2025-08-13 05:00:00",4.82,54.73,21.56,16.67
"2025-08-13 06:00:00",1.72,59.53,18.45,14.46
"2025-08-13 07:00:00",5.2,54.06,18.13,14.23
"2025-08-13 08:00:00",5.91,53.3,17.51,13.96
"2025-08-13 09:00:00",4.07,57.85,16.51,12.89
"2025-08-13 10:00:00",2.59,56.98,14.02,10.43
"2025-08-13 11:00:00",0.81,55.37,7.67,5.34
"2025-08-13 12:00:00",0.11,54.54,4.42,2.24
"2025-08-13 13:00:00",0.02,51.34,3.08,1.7
"2025-08-13 14:00:00",1.58,48.5,6.26,3.14
"2025-08-13 15:00:00",0.7,54.97,4.05,2.25
"2025-08-13 16:00:00",1.95,46.52,3.89,1.57
"2025-08-13 17:00:00",1.83,47.29,3.19,1.79
"2025-08-13 18:00:00",1.97,45.49,6.13,3.57
"2025-08-13 19:00:00",2.48,40.69,5.76,3.74
"2025-08-13 20:00:00",3.92,36.25,6.46,4.03
"2025-08-13 21:00:00",7.6,29.05,5.07,2.84
"2025-08-13 22:00:00",9.86,22.95,4.86,2.57
"2025-08-13 23:00:00",6.97,25.28,5.84,2.94
"2025-08-14 00:00:00",2.01,32.34,4.16,2.61
"2025-08-14 01:00:00",1.98,29.82,4.79,2.84
"2025-08-14 02:00:00",1.27,29.19,3.91,2.67
"2025-08-14 03:00:00",1.04,27.04,3.62,2.42
"2025-08-14 04:00:00",1.64,25.46,4.34,2.98
"2025-08-14 05:00:00",3.71,23.51,6.04,3.07
"2025-08-14 06:00:00",3.67,30.38,4.22,2.31
"2025-08-14 07:00:00",11.25,21.88,3.43,1.57
"2025-08-14 08:00:00",10.71,29.33,5.51,2.19
"2025-08-14 09:00:00",6.97,46.43,10.28,5.34
"2025-08-14 10:00:00",5.04,53.85,9.86,6.48
"2025-08-14 11:00:00",4.17,53.05,9.16,5.62
"2025-08-14 12:00:00",4.29,49.32,8.32,4.21
"2025-08-14 13:00:00",4.16,50.76,5.77,2.89
"2025-08-14 14:00:00",6.47,47.53,8.63,2.91
"2025-08-14 15:00:00",4.36,58.07,8.01,4.02
"2025-08-14 16:00:00",5.47,64.34,8.62,6.44
"2025-08-14 17:00:00",8.69,63.03,12.22,8.93
"2025-08-14 18:00:00",5.97,65.07,11.81,9.83
"2025-08-14 19:00:00",7.07,62.13,14.81,12.15
"2025-08-14 20:00:00",8.67,58.04,17.43,14.29
"2025-08-14 21:00:00",11.95,46.58,20.19,16.89
"2025-08-14 22:00:00",12.69,38.27,19.93,17.02
"2025-08-14 23:00:00",11.78,31.6,19.19,16.76
"2025-08-15 00:00:00",5.62,35.76,20.41,18.04
"2025-08-15 01:00:00",7.4,23.4,20.02,17.49
"2025-08-15 02:00:00",3.65,28.71,22.98,20.4
"2025-08-15 03:00:00",5.11,17.73,22.72,19.75
"2025-08-15 04:00:00",3.98,16.78,23.38,19.56
"2025-08-15 05:00:00",14.37,7.35,20.4,17.25
"2025-08-15 06:00:00",10.72,11.72,22.36,19.24
"2025-08-15 07:00:00",15.46,4.38,22.74,17.62
"2025-08-15 08:00:00",11.91,28.14,24.75,20.24
"2025-08-15 09:00:00",4.91,43.75,18.3,14.82
"2025-08-15 10:00:00",5.89,45.44,13.86,11.63
"2025-08-15 11:00:00",4.37,48.43,14.69,11.24
"2025-08-15 12:00:00",5.36,50.9,11.49,8.81
"2025-08-15 13:00:00",4.78,53.77,9.98,7.73
"2025-08-15 14:00:00",4.68,56.24,9.86,7.46
"2025-08-15 15:00:00",5.56,64.1,13.63,10.47
"2025-08-15 16:00:00",5.88,63.12,13.48,9.92
"2025-08-15 17:00:00",5.12,68.73,16.76,13.8
"2025-08-15 18:00:00",5.76,66.52,17.37,14.57
"2025-08-15 19:00:00",8.3,60.91,16.58,13.32
"2025-08-15 20:00:00",9.37,56.43,16.15,12.98
"2025-08-15 21:00:00",9.73,51.21,16.26,12.63
"2025-08-15 22:00:00",8.48,45.52,16.87,13.09
"2025-08-15 23:00:00",8.48,42.14,16.38,12.87
"2025-08-16 00:00:00",6.37,41.45,17.08,13.34
"2025-08-16 01:00:00",5.64,41.42,17.13,12.72
"2025-08-16 02:00:00",3.54,43.42,15.77,11.19
"2025-08-16 03:00:00",2.9,43.87,13.72,10.35
"2025-08-16 04:00:00",2.74,41.25,11.98,8.62
"2025-08-16 05:00:00",7.37,38.47,9.61,7.14
"2025-08-16 06:00:00",3.64,42.43,9.56,6.93
"2025-08-16 07:00:00",3.2,36.77,10.67,7.97
"2025-08-16 08:00:00",4.46,39.1,10.68,8.07
"2025-08-16 09:00:00",4.52,41.19,9.92,7.4
"2025-08-16 10:00:00",4.84,42.6,9.84,6.72
"2025-08-16 11:00:00",5.19,42.02,9.49,6.61
"2025-08-16 12:00:00",5.49,47.54,10.89,6.83
"2025-08-16 13:00:00",3.35,58.84,12.01,7.41
"2025-08-16 14:00:00",4.18,65.06,13.91,7.88
"2025-08-16 15:00:00",4.82,67.64,14.25,8.1
"2025-08-16 16:00:00",4.5,73.97,13.15,7.72
"2025-08-16 17:00:00",7.91,72.9,13.13,7.17
"2025-08-16 18:00:00",11.23,73.72,14.73,7.94
"2025-08-16 19:00:00",15.37,68.61,15.83,8.59
"2025-08-16 20:00:00",21.31,59.81,15.06,9.32
"2025-08-16 21:00:00",17.41,59.01,14.25,10.12
"2025-08-16 22:00:00",9.04,64.2,15.47,10.2
"2025-08-16 23:00:00",8.64,58.02,16.97,10.79
"2025-08-17 00:00:00",4.73,59.13,15.23,10.48
"2025-08-17 01:00:00",5.86,58.96,15.08,10.54
"2025-08-17 02:00:00",2.45,67.61,14.31,10.69
"2025-08-17 03:00:00",1.43,69.53,14.62,11.37
"2025-08-17 04:00:00",0.98,68.63,15.91,12.3
"2025-08-17 05:00:00",1.04,65.62,16.88,12.81
"2025-08-17 06:00:00",9.75,52.94,17.75,12.47
"2025-08-17 07:00:00",13.58,42.72,16.12,11.7
"2025-08-17 08:00:00",23.06,35.61,14.92,10.19
"2025-08-17 09:00:00",5.75,53.07,14.11,9.54
"2025-08-17 10:00:00",7.01,53.42,13.64,9.08
"2025-08-17 11:00:00",2.34,60.99,13.48,8.53
"2025-08-17 12:00:00",1.98,68.32,13.55,8.25
"2025-08-17 13:00:00",3.08,71,13.4,7.98
"2025-08-17 14:00:00",2.86,78.59,13.23,7.15
"2025-08-17 15:00:00",1.88,82.77,12.53,6.37
"2025-08-17 16:00:00",5.09,79.13,12.09,6.28
"2025-08-17 17:00:00",2.95,81.93,11.52,6.13
"2025-08-17 18:00:00",2.34,81.13,12.21,6.25
"2025-08-17 19:00:00",5.17,78.18,12.33,6.46
"2025-08-17 20:00:00",5.67,75.83,13.59,6.8
"2025-08-17 21:00:00",9.24,71.89,11.93,6.74
"2025-08-17 22:00:00",11.56,69.55,12.05,7.17
"2025-08-17 23:00:00",7.49,68.73,11.69,7.08
"2025-08-18 00:00:00",3.57,63.66,11.25,6.89
"2025-08-18 01:00:00",2.94,57.86,9.67,6.38
"2025-08-18 02:00:00",2.98,55.56,10.42,6.2
"2025-08-18 03:00:00",1.8,54.16,9.73,5.73
"2025-08-18 04:00:00",2.3,50.89,9.06,5.54
"2025-08-18 05:00:00",4.34,48.26,8.47,5.39
"2025-08-18 06:00:00",11.9,38.73,9.35,5.71
"2025-08-18 07:00:00",24.63,28.85,11.05,6.92
"2025-08-18 08:00:00",28.91,28.62,16.85,7.63
"2025-08-18 09:00:00",20.05,36.33,14.87,7.63
"2025-08-18 10:00:00",10.37,42.16,14.85,8.09
"2025-08-18 11:00:00",9.44,40.3,14.86,8.39
"2025-08-18 12:00:00",9.71,38.28,13.37,8.34
"2025-08-18 13:00:00",9.45,34.77,11.98,7.85
"2025-08-18 14:00:00",10.2,34.9,12.09,8.09
"2025-08-18 15:00:00",9.82,39.45,12.77,8.16
"2025-08-18 16:00:00",8.36,45.11,15.62,9.2
"2025-08-18 17:00:00",14.29,37.61,13.53,8.87
"2025-08-18 18:00:00",14.78,35.61,13.83,9.24
"2025-08-18 19:00:00",11.04,39.04,15.81,9.97
"2025-08-18 20:00:00",10.31,29.62,16.19,9.9
"2025-08-18 21:00:00",18.13,19.41,15.25,10.02
"2025-08-18 22:00:00",7.89,31.46,13.35,9.47
"2025-08-18 23:00:00",6.24,28.92,13.45,9.21
"2025-08-19 00:00:00",5.76,26.52,13.4,9.12
"2025-08-19 01:00:00",5.31,25.11,12.64,9.15
"2025-08-19 02:00:00",5.24,23.66,14.69,9.78
"2025-08-19 03:00:00",3.71,22.31,15.54,10.57
"2025-08-19 04:00:00",4.37,22.82,16.67,11.2
"2025-08-19 05:00:00",6.15,22.87,18.33,13.11
"2025-08-19 06:00:00",4.51,24.26,18.95,13.55
"2025-08-19 07:00:00",6.93,26.28,23.22,16.31
"2025-08-19 08:00:00",11.38,25.15,23.39,16.92
"2025-08-19 09:00:00",8.33,30.27,18.41,14.32
"2025-08-19 10:00:00",9.4,29.92,17.14,12.59
"2025-08-19 11:00:00",11.12,31.55,17.72,11.36
"2025-08-19 12:00:00",9.92,38.43,16.11,9.77
"2025-08-19 13:00:00",10.02,44.05,14.87,8.52
"2025-08-19 14:00:00",11.06,45.73,16.37,9.07
"2025-08-19 15:00:00",6.86,49.11,13.52,8.06
"2025-08-19 16:00:00",9.08,48.73,13.2,8.28
"2025-08-19 17:00:00",9.04,51.09,13.62,7.95
"2025-08-19 18:00:00",7.89,55.12,12.35,7.01
"2025-08-19 19:00:00",7.29,55.45,10.71,6.47
"2025-08-19 20:00:00",8.1,50.41,10.7,6.22
"2025-08-19 21:00:00",7.19,45.43,13.21,8.73
"2025-08-19 22:00:00",6.39,41.5,9.09,5.27
"2025-08-19 23:00:00",5.35,42.19,9.63,4.81
"2025-08-20 00:00:00",5.31,39.5,7.57,4.6
"2025-08-20 01:00:00",3.56,40.17,6.58,4.35
"2025-08-20 02:00:00",4.96,36.34,6.49,4.01
"2025-08-20 03:00:00",1.4,43.29,5.67,3.87
"2025-08-20 04:00:00",2.18,40.17,6.29,3.68
"2025-08-20 05:00:00",3.51,34.95,6.53,4.2
"2025-08-20 06:00:00",5.72,29.98,7.73,4.53
"2025-08-20 07:00:00",8.22,31.08,9.71,5.34
"2025-08-20 08:00:00",10.25,31.39,10.21,4.97
"2025-08-20 09:00:00",8.46,36.39,9.92,4.93
"2025-08-20 10:00:00",8.83,44.75,8.65,4.84
"2025-08-20 11:00:00",8.34,51.36,6.9,3.86
"2025-08-20 12:00:00",7.98,54.37,7.36,3.3
"2025-08-20 13:00:00",6.28,55.32,6.69,3.35
"2025-08-20 14:00:00",6.79,57.77,6.29,3.4
"2025-08-20 15:00:00",9.26,56.97,7.57,4.07
"2025-08-20 16:00:00",8.99,55.06,9.96,4.39
"2025-08-20 17:00:00",10.76,52.38,8.11,4.34
"2025-08-20 18:00:00",6.5,53.36,8.14,4.3
"2025-08-20 19:00:00",8.31,52.78,8.93,4.57
"2025-08-20 20:00:00",6.79,51.7,8.36,4.59
"2025-08-20 21:00:00",6.72,51.63,8.77,4.5
"2025-08-20 22:00:00",7,49.8,8.38,4.62
"2025-08-20 23:00:00",4.67,49.64,8.14,4.58
"2025-08-21 00:00:00",3.54,47.93,9.42,4.96
"2025-08-21 01:00:00",2.53,47.61,8.9,5.06
"2025-08-21 02:00:00",2.07,45.36,8.45,5.13
"2025-08-21 03:00:00",1.73,44.88,7.87,5.12
"2025-08-21 04:00:00",6.64,35.41,8.18,5.21
"2025-08-21 05:00:00",3.77,33.59,9,5.47
"2025-08-21 06:00:00",13.81,24.45,9.4,5.67
"2025-08-21 07:00:00",24.69,20.47,9.65,5.92
"2025-08-21 08:00:00",13.71,52.07,8.07,4.15
"2025-08-21 09:00:00",9.1,60.35,8.28,3.86
"2025-08-21 10:00:00",4.45,63.93,7.19,3.68
"2025-08-21 11:00:00",4.9,65.03,6.81,3.55
"2025-08-21 12:00:00",4.02,69.92,6.17,3.37
"2025-08-21 13:00:00",2.65,73.49,5.81,3.25
"2025-08-21 14:00:00",5.07,73.45,6.73,3.72
"2025-08-21 15:00:00",3.05,77.9,8.29,3.95
"2025-08-21 16:00:00",3.81,79.7,7.26,3.97
"2025-08-21 17:00:00",4.52,80.88,8.41,4.25
"2025-08-21 18:00:00",4.64,80.14,9.25,4.7
"2025-08-21 19:00:00",3.74,75.37,11.35,4.84
"2025-08-21 20:00:00",3.89,70.92,10,5.02
"2025-08-21 21:00:00",14.66,50.69,9.38,4.95
"2025-08-21 22:00:00",39.45,18.07,13.74,8.07
"2025-08-21 23:00:00",32.27,18.4,13.01,7.42
"2025-08-22 00:00:00",7.1,39.98,8.71,5.17
"2025-08-22 01:00:00",5.15,39.52,11.67,6.92
"2025-08-22 02:00:00",5.04,32.09,13.89,8.52
"2025-08-22 03:00:00",10.3,19.32,9.28,5.72
"2025-08-22 04:00:00",22.15,19.55,11.31,6.8
"2025-08-22 05:00:00",6.14,22.62,9.78,5.94
"2025-08-22 06:00:00",23.07,10.43,10.16,6.66
"2025-08-22 07:00:00",15.43,16.03,12.88,7.25
"2025-08-22 08:00:00",29.96,6.22,16.31,7.74
"2025-08-22 09:00:00",35.35,7.95,22.53,9.1
"2025-08-22 10:00:00",26.03,17.85,15.96,8.1
"2025-08-22 11:00:00",14.44,34.74,14.88,7.97
"2025-08-22 12:00:00",4.26,62.03,12.18,7.45
"2025-08-22 13:00:00",5.94,77.89,10.86,7.18
"2025-08-22 14:00:00",6.49,77.11,15.67,8.03
"2025-08-22 15:00:00",6.94,76.03,16.39,8.29
"2025-08-22 16:00:00",7.54,73.34,14.18,8.01
"2025-08-22 17:00:00",8.04,68.52,12.26,7.59
"2025-08-22 18:00:00",8.88,66.22,10.92,7.5
"2025-08-22 19:00:00",12.74,59.84,12.71,8.29
"2025-08-22 20:00:00",7.79,59.79,11.15,7.13
"2025-08-22 21:00:00",6.19,51.46,8.99,6.59
"2025-08-22 22:00:00",5.24,47.43,10.04,6.67
"2025-08-22 23:00:00",7.93,39.58,11.48,8.06
"2025-08-23 00:00:00",5.24,41.74,10.13,7.56
"2025-08-23 01:00:00",1.29,47.8,7.34,5.49
"2025-08-23 02:00:00",0.96,45.51,7.66,5.98
"2025-08-23 03:00:00",0.7,34.49,6.8,5.15
"2025-08-23 04:00:00",0.87,37.78,7.58,5.7
"2025-08-23 05:00:00",0.84,38.97,7.46,5.63
"2025-08-23 06:00:00",1.39,33.39,8.36,5.84
"2025-08-23 07:00:00",3.03,26.51,8.72,5.72
"2025-08-23 08:00:00",5.04,22.34,8.53,5.32
"2025-08-23 09:00:00",3.83,24.9,6.75,4.62
"2025-08-23 10:00:00",5.6,31.5,5.16,3.16
"2025-08-23 11:00:00",7.69,42.52,4.77,2.96
"2025-08-23 12:00:00",6.45,48.18,3.23,2.13
"2025-08-23 13:00:00",2.81,50.39,3.62,2.21
"2025-08-23 14:00:00",4.9,50.21,4.78,2.65
"2025-08-23 15:00:00",5.68,49.08,5.17,2.85
"2025-08-23 16:00:00",0.71,59.99,5.84,3.63
"2025-08-23 17:00:00",1.64,57.61,6.45,3.74
"2025-08-23 18:00:00",1.91,57.15,6,3.63
"2025-08-23 19:00:00",2.48,54.36,8.43,5.07
"2025-08-23 20:00:00",4.63,47.52,7.18,4.45
"2025-08-23 21:00:00",9.29,39.24,7.29,4.2
"2025-08-23 22:00:00",7.08,45.48,9.8,5.41
"2025-08-23 23:00:00",3.7,47.86,9.95,5.73
"2025-08-24 00:00:00",5.79,42.97,8.01,5.38
"2025-08-24 01:00:00",4.66,44.37,8.2,5.68
"2025-08-24 02:00:00",4.84,41.71,7.65,5.82
"2025-08-24 03:00:00",6.26,36.66,8.58,5.75
"2025-08-24 04:00:00",1.86,40.42,8.46,5.74
"2025-08-24 05:00:00",1.52,39.6,8.14,5.95
"2025-08-24 06:00:00",10.86,25.64,9.6,6.51
"2025-08-24 07:00:00",7.24,32.41,9.31,6.45
"2025-08-24 08:00:00",1.65,56.39,8.83,6.06
"2025-08-24 09:00:00",0.11,77.01,8.74,5.78
"2025-08-24 10:00:00",0.19,82.94,9.51,5.96
"2025-08-24 11:00:00",0.46,83.42,9.69,6.05
"2025-08-24 12:00:00",0.78,88.13,9.67,5.71
"2025-08-24 13:00:00",2.1,91.45,10.91,5.76
"2025-08-24 14:00:00",1.57,91.02,11.45,5.67
"2025-08-24 15:00:00",0.74,89.89,11.89,6.1
"2025-08-24 16:00:00",1.22,88.92,10.58,5.9
"2025-08-24 17:00:00",0.98,87.45,10.34,5.81
"2025-08-24 18:00:00",1.24,89.02,10.71,5.6
"2025-08-24 19:00:00",1.21,88.11,9.96,5.83
"2025-08-24 20:00:00",1.28,87.75,11.21,6.26
"2025-08-24 21:00:00",4.58,80.24,12,7.82
"2025-08-24 22:00:00",3.56,73.87,10.93,7.26
"2025-08-24 23:00:00",0.51,74.04,9.54,5.94
"2025-08-25 00:00:00",0.77,70.62,8.17,5.48
"2025-08-25 01:00:00",0.01,71.31,8.25,5.78
"2025-08-25 02:00:00",0.41,72.8,7.9,5.72
"2025-08-25 03:00:00",-0.34,78.09,8.54,5.5
"2025-08-25 04:00:00",-0.54,80.92,8.62,5.53
"2025-08-25 05:00:00",-0.24,83.42,9.01,5.45
"2025-08-25 06:00:00",1.11,77.71,8.36,4.91
"2025-08-25 07:00:00",2.99,70.49,8.24,4.8
"2025-08-25 08:00:00",3.62,68.81,8.15,4.59
"2025-08-25 09:00:00",1.61,72.78,8.91,4.37
"2025-08-25 10:00:00",0.73,73.46,8.32,3.78
"2025-08-25 11:00:00",0.54,73.58,10.17,3.82
"2025-08-25 12:00:00",1.09,71.27,9.39,3.94
"2025-08-25 13:00:00",0.49,67.42,10.31,3.63
"2025-08-25 14:00:00",1.5,60.24,8.9,3.67
"2025-08-25 15:00:00",1.32,57.66,7.13,3.43
"2025-08-25 16:00:00",2.05,53.64,3.62,1.77
"2025-08-25 17:00:00",5.46,44.8,2.89,1.35
"2025-08-25 18:00:00",1.05,53.64,6.5,3.34
"2025-08-25 19:00:00",1.42,53.56,13.95,6.82
"2025-08-25 20:00:00",3.38,50.47,17.63,9.1
"2025-08-25 21:00:00",3.51,47.15,16.21,8.82
"2025-08-25 22:00:00",1.92,49.68,16.87,9.37
"2025-08-25 23:00:00",1.46,47.28,16.88,9.85
"2025-08-26 00:00:00",0.12,51.49,16.43,9.01
"2025-08-26 01:00:00",-0.28,50.8,21.42,10.81
"2025-08-26 02:00:00",-0.29,48.47,19.66,10.34
"2025-08-26 03:00:00",-0.62,54.71,12.48,7.04
"2025-08-26 04:00:00",0.08,50.67,6.47,4.1
"2025-08-26 05:00:00",0.12,49.9,10.22,5.2
"2025-08-26 06:00:00",1.97,44.48,7.88,4.09
"2025-08-26 07:00:00",4.9,40.85,8.08,3.73
"2025-08-26 08:00:00",4.68,42.29,8.66,4.13
"2025-08-26 09:00:00",2.21,51.54,10.31,4.51
"2025-08-26 10:00:00",1.49,53.93,12.56,5.24
"2025-08-26 11:00:00",2.47,54.61,10.73,4.93
"2025-08-26 12:00:00",3.04,53.86,6.77,3.02
"2025-08-26 13:00:00",4.16,54.56,6.8,2.85
"2025-08-26 14:00:00",10.21,48.09,9.44,3.91
"2025-08-26 15:00:00",7.95,45.36,6.95,3.59
"2025-08-26 16:00:00",11.07,41.05,11.68,4.8
"2025-08-26 17:00:00",5.99,49.39,12.21,5.08
"2025-08-26 18:00:00",1.59,56.19,5.55,2.46
"2025-08-26 19:00:00",2.8,50.63,5.76,2.62
"2025-08-26 20:00:00",4.5,47.22,6.92,3.58
"2025-08-26 21:00:00",2.73,56.74,9.09,4.74
"2025-08-26 22:00:00",1.72,56.16,10.31,5.42
"2025-08-26 23:00:00",0.03,63.95,15.3,8.21
"2025-08-27 00:00:00",-0.48,68.76,18.26,10.02
"2025-08-27 01:00:00",-0.56,68.93,20.32,10.74
"2025-08-27 02:00:00",-0.48,67.33,14.87,8.85
"2025-08-27 03:00:00",-0.67,56.7,10.45,6.63
"2025-08-27 04:00:00",-0.1,55.96,4.59,2.59
"2025-08-27 05:00:00",2.18,52.46,5.87,2.62
"2025-08-27 06:00:00",3.92,48.39,6.01,2.31
"2025-08-27 07:00:00",7.97,40.3,7.4,2.97
"2025-08-27 08:00:00",8.97,37.97,9.59,3.97
"2025-08-27 09:00:00",2.96,47.04,10.89,4.15
"2025-08-27 10:00:00",1.85,52.48,9.43,3.62
"2025-08-27 11:00:00",1.23,55.34,6.21,2.61
"2025-08-27 12:00:00",1.37,53.88,5.73,2.53
"2025-08-27 13:00:00",1.42,55.5,4.81,1.96
"2025-08-27 14:00:00",1.73,56.11,4.85,2.07
"2025-08-27 15:00:00",4.95,51.58,5.47,1.91
"2025-08-27 16:00:00",6.98,47.81,4.71,2.01
"2025-08-27 17:00:00",5.08,48.65,4.86,2.41
"2025-08-27 18:00:00",1.73,52.95,7.71,3.51
"2025-08-27 19:00:00",1.76,50.52,6.51,3.05
"2025-08-27 20:00:00",2.7,46.87,7.06,3.25
"2025-08-27 21:00:00",2.76,43.91,7.31,3.76
"2025-08-27 22:00:00",2.07,46.77,5.74,2.77
"2025-08-27 23:00:00",0.16,47.78,5.05,2.37
"2025-08-28 00:00:00",-0.53,45.4,5.75,2.61
"2025-08-28 01:00:00",-0.41,44.26,6.04,2.7
"2025-08-28 02:00:00",-0.38,42.82,4.61,2.37
"2025-08-28 03:00:00",0.05,44.9,3.28,1.64
"2025-08-28 04:00:00",-0.17,47.36,2.75,1.33
"2025-08-28 05:00:00",-0.43,49.33,2.66,1.42
"2025-08-28 06:00:00",0.93,47.08,3.62,1.92
"2025-08-28 07:00:00",8.88,40,5.4,2.44
"2025-08-28 08:00:00",13.9,40.62,8.02,3.2
"2025-08-28 09:00:00",6.85,46.74,8.77,4.08
"2025-08-28 10:00:00",3.17,56.61,9.66,4.84
"2025-08-28 11:00:00",2.76,64.04,13.51,6.09
"2025-08-28 12:00:00",1.81,68.45,13.5,6.23
"2025-08-28 13:00:00",6.3,64.98,16.95,7.1
"2025-08-28 14:00:00",10.52,59.41,23.81,9.15
"2025-08-28 15:00:00",7.02,62.83,21.8,7.97
"2025-08-28 16:00:00",7.1,59.45,18,6.97
"2025-08-28 17:00:00",11.98,53.74,16.97,7.05
"2025-08-28 18:00:00",9.1,50.24,11.07,5.67
"2025-08-28 19:00:00",1.33,51.15,6.99,4.21
"2025-08-28 20:00:00",1.96,48.15,7.8,4.12
"2025-08-28 21:00:00",1.67,45.16,8.57,4.21
"2025-08-28 22:00:00",0.35,45.6,6.61,3.33
"2025-08-28 23:00:00",0.09,44.46,6.73,3.46
"2025-08-29 00:00:00",2.19,47.08,5.5,2.89
"2025-08-29 01:00:00",-0.31,50.76,3.32,1.77
"2025-08-29 02:00:00",-0.6,50.29,4.02,1.85
"2025-08-29 03:00:00",-1.02,51.25,4.05,2.16
"2025-08-29 04:00:00",-0.62,51.84,4.1,2.02
"2025-08-29 05:00:00",1.69,44.31,4.2,1.81
"2025-08-29 06:00:00",2.49,43.83,3.91,1.95
"2025-08-29 07:00:00",6.45,47.35,3.51,1.65
"2025-08-29 08:00:00",10.41,43.69,6.54,2.97
"2025-08-29 09:00:00",6.36,48.55,7.59,3.86
"2025-08-29 10:00:00",5.33,51.51,5.5,2.47
"2025-08-29 11:00:00",4.52,52.93,7.19,2.93
"2025-08-29 12:00:00",4.62,52.99,5.18,2.62
"2025-08-29 13:00:00",3.57,54.53,5.68,2.28
"2025-08-29 14:00:00",6.23,53.12,7.4,3.07
"2025-08-29 15:00:00",6.7,52.15,5.17,2.49
"2025-08-29 16:00:00",5.34,53.19,5.29,2.24
"2025-08-29 17:00:00",5.9,51.37,4.16,2.08
"2025-08-29 18:00:00",5.2,49.08,4.09,2.21
"2025-08-29 19:00:00",6.48,44.96,6.92,3.35
"2025-08-29 20:00:00",5.57,38.15,7.15,3.11
"2025-08-29 21:00:00",7.33,36.46,11.39,4.33
"2025-08-29 22:00:00",6.3,32.71,8.89,3.77
"2025-08-29 23:00:00",4.2,32.91,9.34,4.19
"2025-08-30 00:00:00",1.36,36.63,9.11,4.44
"2025-08-30 01:00:00",1.14,35.98,7.32,3.18
"2025-08-30 02:00:00",0.36,34.89,6.23,2.76
"2025-08-30 03:00:00",0.73,34.59,6.57,2.9
"2025-08-30 04:00:00",0.3,37.71,4.78,2.16
"2025-08-30 05:00:00",0.04,38.75,4.16,1.95
"2025-08-30 06:00:00",0.09,40.9,3.19,1.73
"2025-08-30 07:00:00",1.32,39.08,2.63,1.32
"2025-08-30 08:00:00",0.13,45.3,4.44,2.23
"2025-08-30 09:00:00",0,46.59,2.97,1.61
"2025-08-30 10:00:00",0.96,44.56,1.46,0.79
"2025-08-30 11:00:00",0.13,53.16,2.83,1.74
"2025-08-30 12:00:00",-0.13,47.76,1.62,0.86
"2025-08-30 13:00:00",0.61,44.27,2.5,1.28
"2025-08-30 14:00:00",5.99,38.61,9.48,4.31
"2025-08-30 15:00:00",6.52,41.06,6.7,3.5
"2025-08-30 16:00:00",6.68,40.65,8.37,4.18
"2025-08-30 17:00:00",7.42,39.33,8.63,4.62
"2025-08-30 18:00:00",0.73,53,9.81,5.19
"2025-08-30 19:00:00",0.1,59.79,8.1,4.56
"2025-08-30 20:00:00",1.82,55.19,11.22,6.19
"2025-08-30 21:00:00",0.46,53.51,11.33,5.68
"2025-08-30 22:00:00",0.12,50.89,10.06,5.47
"2025-08-30 23:00:00",-0.4,51.23,9.84,5.5
"2025-08-31 00:00:00",-0.54,51.74,10.11,5.58
"2025-08-31 01:00:00",-1.24,52.22,10.84,5.55
"2025-08-31 02:00:00",-0.57,52.24,9.97,5.36
"2025-08-31 03:00:00",-1.29,52.99,9.97,5.2
"2025-08-31 04:00:00",-1.45,53.35,9.76,5.1
"2025-08-31 05:00:00",-1.12,53.71,8.69,4.7
"2025-08-31 06:00:00",-1.26,53.42,9.69,5.14
"2025-08-31 07:00:00",-0.71,51.41,9.67,5.46
"2025-08-31 08:00:00",-0.81,51.73,8.75,5.08
"2025-08-31 09:00:00",-0.93,53.23,5.8,3.54
"2025-08-31 10:00:00",-1.03,55.23,5.1,3.16
"2025-08-31 11:00:00",-0.69,60.56,4.67,2.47
"2025-08-31 12:00:00",-0.65,61.61,5.07,2.76
"2025-08-31 13:00:00",-0.12,60.52,5.92,2.82
"2025-08-31 14:00:00",0.06,62.33,5.19,2.79
"2025-08-31 15:00:00",1.44,60.45,5.11,3.13
"2025-08-31 16:00:00",1.64,56.44,5.66,3.57
"2025-08-31 17:00:00",1.44,54.28,5.74,3.83
"2025-08-31 18:00:00",2.41,50.24,6.62,5.19
"2025-08-31 19:00:00",1.95,49.09,5.34,3.5
"2025-08-31 20:00:00",0.93,49.62,3.41,2.21
"2025-08-31 21:00:00",2.23,44.71,2.78,1.73
"2025-08-31 22:00:00",2.38,44.88,5.57,2.89
"2025-08-31 23:00:00",-0.11,48.27,5.18,2.99
"2025-09-01 00:00:00",1.92,48.64,7.81,3.77
"2025-09-01 01:00:00",0.59,56.03,8.96,4.43
"2025-09-01 02:00:00",-1.24,62.1,11.03,5.54
"2025-09-01 03:00:00",-0.33,66.82,10.21,5.34
"2025-09-01 04:00:00",-0.7,62.93,16.02,8.12
"2025-09-01 05:00:00",0.2,65.34,10.06,5.82
"2025-09-01 06:00:00",2.46,58.11,11.24,6.58
"2025-09-01 07:00:00",11.15,47.69,17.26,8.6
"2025-09-01 08:00:00",15.69,45.94,13.02,6.45
"2025-09-01 09:00:00",11.23,49.98,15,6.99
"2025-09-01 10:00:00",7.15,59.26,16.53,7.52
"2025-09-01 11:00:00",7.39,60.05,11.42,5.08
"2025-09-01 12:00:00",6.4,60.17,12.78,5.75
"2025-09-01 13:00:00",4.46,65.48,15.27,6.53
"2025-09-01 14:00:00",5.48,67.15,16.96,6.98
"2025-09-01 15:00:00",6.87,67.69,14.71,6.2
"2025-09-01 16:00:00",9.73,61.4,8.11,3.55
"2025-09-01 17:00:00",7.13,64.09,7.6,3.45
"2025-09-01 18:00:00",13.82,52.49,6.32,3.45
"2025-09-01 19:00:00",11.2,55.1,7.13,3.51
"2025-09-01 20:00:00",3.5,58.28,7.25,3.85
"2025-09-01 21:00:00",10.24,51.42,4.26,2.62
"2025-09-01 22:00:00",2.99,51.25,4.49,2.43
"2025-09-01 23:00:00",1.36,45.74,3.34,2.09
"2025-09-02 00:00:00",0.05,44.29,4.35,2.28
"2025-09-02 01:00:00",0.5,39.32,5,2.62
"2025-09-02 02:00:00",1.31,33.46,5.26,2.57
"2025-09-02 03:00:00",3.03,28.74,6.08,2.65
"2025-09-02 04:00:00",0.64,28.29,4.88,2.43
"2025-09-02 05:00:00",16.31,18.13,6.05,3
"2025-09-02 06:00:00",14.23,13.13,5.64,2.82
"2025-09-02 07:00:00",22.18,8.1,6.07,3.23
"2025-09-02 08:00:00",22.33,13.96,6.82,3.37
"2025-09-02 09:00:00",12.85,24.8,6.78,3.23
"2025-09-02 10:00:00",11.34,34.54,8.02,3.47
"2025-09-02 11:00:00",1.48,52.52,6.49,3.03
"2025-09-02 12:00:00",0.75,51.97,4.68,2.09
"2025-09-02 13:00:00",0.78,52.02,4.21,1.93
"2025-09-02 14:00:00",0.6,53.29,5.47,2.45
"2025-09-02 15:00:00",1.78,50.62,5.41,2.33
"2025-09-02 16:00:00",8.69,41.95,5.48,2.5
"2025-09-02 17:00:00",11.3,33.52,4.85,2.36
"2025-09-02 18:00:00",4.96,41.05,4.53,3.29
"2025-09-02 19:00:00",4.37,40.75,3.89,2.6
"2025-09-02 20:00:00",7.96,31.83,5,2.77
"2025-09-02 21:00:00",7.7,33.13,5.22,2.73
"2025-09-02 22:00:00",5.81,38.52,5.5,3.2
"2025-09-02 23:00:00",0.56,48.97,4.34,2.97
"2025-09-03 00:00:00",-0.04,44.32,2.54,1.3
"2025-09-03 01:00:00",0.13,39.13,2.57,1.07
"2025-09-03 02:00:00",0.62,34.92,2.68,1.39
"2025-09-03 03:00:00",0.75,31.65,5.18,2.77
"2025-09-03 04:00:00",0.24,31.7,2.75,1.18
"2025-09-03 05:00:00",0.82,32.09,3.34,1.14
"2025-09-03 06:00:00",2.05,31.16,2.37,0.83
"2025-09-03 07:00:00",7.47,27.02,2.74,0.95
"2025-09-03 08:00:00",13.2,22.47,3.88,1.11
"2025-09-03 09:00:00",7.91,35.28,3.55,1.02
"2025-09-03 10:00:00",2.86,49.69,3.73,1.24
"2025-09-03 11:00:00",2.62,58.36,4.35,1.47
"2025-09-03 12:00:00",4.03,64.13,6.71,1.85
"2025-09-03 13:00:00",4.08,66.1,5.04,1.44
"2025-09-03 14:00:00",4.14,66.02,4.85,1.63
"2025-09-03 15:00:00",4.57,65.13,4.96,1.55
"2025-09-03 16:00:00",6.61,65.68,6.3,1.64
"2025-09-03 17:00:00",6.97,66.78,4.48,1.63
"2025-09-03 18:00:00",9.44,59.3,4.12,1.73
"2025-09-03 19:00:00",9.07,58.53,4.98,2.01
"2025-09-03 20:00:00",7.09,51.95,5.31,1.98
"2025-09-03 21:00:00",3.04,45.81,4.23,2.11
"2025-09-03 22:00:00",6.85,38.13,5.05,2.81
"2025-09-03 23:00:00",6.54,33.27,4.58,2.65
"2025-09-04 00:00:00",4.59,31.17,4.65,2.48
"2025-09-04 01:00:00",1.42,30.53,3.99,2.02
"2025-09-04 02:00:00",1.21,28.48,4.34,2.11
"2025-09-04 03:00:00",1.82,20.08,4.27,2
"2025-09-04 04:00:00",2.29,21.42,3.81,1.94
"2025-09-04 05:00:00",4.22,16.25,4.28,1.99
"2025-09-04 06:00:00",4.36,23.41,3.89,2.03
"2025-09-04 07:00:00",13,26.84,4.52,2.03
"2025-09-04 08:00:00",20.09,22.68,5.37,2.31
"2025-09-04 09:00:00",18.38,26.41,8.61,3.31
"2025-09-04 10:00:00",6.67,53.11,7.17,3.21
"2025-09-04 11:00:00",8.77,52.26,5.81,2.85
"2025-09-04 12:00:00",6.21,58.3,4.47,2.24
"2025-09-04 13:00:00",4.62,62.38,4.19,2.09
"2025-09-04 14:00:00",6.07,60.97,6.79,3.14
"2025-09-04 15:00:00",5.71,57.99,6.01,2.66
"2025-09-04 16:00:00",4.78,58.27,8.7,3.53
"2025-09-04 17:00:00",5.2,59.86,9.54,4.05
"2025-09-04 18:00:00",4.82,60.89,9.7,4.12
"2025-09-04 19:00:00",9.08,56.04,7.28,3.49
"2025-09-04 20:00:00",8.9,51.64,8.2,3.73
"2025-09-04 21:00:00",8.99,49.17,9.25,3.95
"2025-09-04 22:00:00",1.94,46.96,7.46,3.54
"2025-09-04 23:00:00",1.17,46.01,7.98,3.65
"2025-09-05 00:00:00",0.34,44.01,8.49,3.5
"2025-09-05 01:00:00",-0.85,45.28,6.53,2.91
"2025-09-05 02:00:00",-0.52,41.68,4.58,2.27
"2025-09-05 03:00:00",-0.48,45.18,4.58,2.08
"2025-09-05 04:00:00",-0.74,53.59,3.36,1.54
"2025-09-05 05:00:00",0.06,39.71,4.33,1.81
"2025-09-05 06:00:00",3.02,32.18,4.16,1.67
"2025-09-05 07:00:00",10.17,26.02,4.93,1.84
"2025-09-05 08:00:00",11.47,28.67,5.44,2.03
"2025-09-05 09:00:00",8.35,35.7,9.59,3.74
"2025-09-05 10:00:00",3.44,50.28,6.02,2.08
"2025-09-05 11:00:00",2.1,59.8,6.05,2.11
"2025-09-05 12:00:00",1.6,61.08,4.97,1.86
"2025-09-05 13:00:00",2.88,61.64,4.54,1.8
"2025-09-05 14:00:00",2.14,63.45,4.56,2.04
"2025-09-05 15:00:00",1.59,64.52,4.36,2.19
"2025-09-05 16:00:00",3.16,60.73,4.37,2.1
"2025-09-05 17:00:00",2.4,62.36,4.23,2.08
"2025-09-05 18:00:00",2.08,63,4.24,1.7
"2025-09-05 19:00:00",3.5,57.07,4.78,2.83
"2025-09-05 20:00:00",3.92,53.72,4.12,2.59
"2025-09-05 21:00:00",3.75,52.46,4.72,2.55
"2025-09-05 22:00:00",2.07,49.9,3.41,1.82
"2025-09-05 23:00:00",1.06,50.01,2.65,1.4
"2025-09-06 00:00:00",0.2,50.21,3.21,1.58
"2025-09-06 01:00:00",-0.12,54.52,3.67,1.87
"2025-09-06 02:00:00",0.32,57.55,3.84,2.49
"2025-09-06 03:00:00",-0.54,59.09,4.52,2.87
"2025-09-06 04:00:00",-0.58,59.45,4.26,2.86
"2025-09-06 05:00:00",-0.59,61.74,5.37,3.26
"2025-09-06 06:00:00",12.84,50.23,5.27,3.27
"2025-09-06 07:00:00",0.47,62.36,6.94,4.04
"2025-09-06 08:00:00",6.73,54.61,8.49,4.6
"2025-09-06 09:00:00",0.26,63.31,6.53,3.63
"2025-09-06 10:00:00",0.63,63.62,7.01,3.77
"2025-09-06 11:00:00",0.27,65.32,7.5,4.17
"2025-09-06 12:00:00",0.89,65.31,8.1,4.17
"2025-09-06 13:00:00",0.63,65.69,7.61,4.26
"2025-09-06 14:00:00",0.9,68.8,8.35,4.64
"2025-09-06 15:00:00",0.97,72.78,10.38,5.81
"2025-09-06 16:00:00",0.95,75.63,10.67,5.86
"2025-09-06 17:00:00",0.74,78.94,12.9,6.39
"2025-09-06 18:00:00",0.57,80.74,11.53,5.81
"2025-09-06 19:00:00",1.35,79.24,11.78,6.21
"2025-09-06 20:00:00",0.45,79.26,10.44,6
"2025-09-06 21:00:00",-0.09,79.41,12.54,7.13
"2025-09-06 22:00:00",0.21,77.83,10.01,6.58
"2025-09-06 23:00:00",-0.31,73.23,8.29,6.38
"2025-09-07 00:00:00",-0.69,74.03,8.21,6.2
"2025-09-07 01:00:00",-0.82,77.03,9.05,7.06
"2025-09-07 02:00:00",-0.75,77.77,8.16,6.6
"2025-09-07 03:00:00",-0.64,75.97,4.92,3.95
"2025-09-07 04:00:00",-0.81,69.53,1.8,1.28
"2025-09-07 05:00:00",-0.49,64.82,1.21,0.45
"2025-09-07 06:00:00",0.56,58.8,1.63,0.77
"2025-09-07 07:00:00",2.66,63.26,3.49,1.34
"2025-09-07 08:00:00",3.88,60.28,5.14,2.07
"2025-09-07 09:00:00",5.46,64.59,7.77,3.44
"2025-09-07 10:00:00",4.55,66.21,6.29,2.85
"2025-09-07 11:00:00",4.5,64.66,7.27,3.27
"2025-09-07 12:00:00",3.95,63.49,6.12,2.88
"2025-09-07 13:00:00",4.63,62.67,8.36,3.76
"2025-09-07 14:00:00",6.62,57.09,14.68,6.21
"2025-09-07 15:00:00",3.19,64.17,15.79,6.7
"2025-09-07 16:00:00",3.25,64.47,13.92,6.31
"2025-09-07 17:00:00",3.97,61.53,13.94,6.41
"2025-09-07 18:00:00",3.89,56.05,13.86,6.92
"2025-09-07 19:00:00",2.95,53.08,13.84,6.91
"2025-09-07 20:00:00",4.07,48.92,14.7,6.77
"2025-09-07 21:00:00",3.96,50.49,14.66,6.51
"2025-09-07 22:00:00",3.49,48.07,9.89,5.33
"2025-09-07 23:00:00",1.92,47.71,9.02,4.81
"2025-09-08 00:00:00",1.17,42.29,9.7,4.96
"2025-09-08 01:00:00",1.03,39.56,9.07,4.55
"2025-09-08 02:00:00",1.24,35.61,8.94,4.61
"2025-09-08 03:00:00",0.19,33.46,8.44,4.33
"2025-09-08 04:00:00",0.12,32.62,9.48,4.49
"2025-09-08 05:00:00",0.7,33.69,8.42,4.05
"2025-09-08 06:00:00",2.99,32.88,8.2,3.78
"2025-09-08 07:00:00",13.69,18.38,7.5,3.64
"2025-09-08 08:00:00",12.19,24.45,6.26,3.24
"2025-09-08 09:00:00",6.06,41.72,4,1.86
"2025-09-08 10:00:00",2.53,55.84,2.42,0.99
"2025-09-08 11:00:00",1.88,58.74,4.86,1.88
"2025-09-08 12:00:00",1.67,62.21,6.37,2.56
"2025-09-08 13:00:00",3.62,61.53,7.53,3.13
"2025-09-08 14:00:00",6.09,54.92,7.95,3.47
"2025-09-08 15:00:00",9.01,54.75,8.03,3.17
"2025-09-08 16:00:00",2.77,61.07,6.26,2.73
"2025-09-08 17:00:00",2.24,59.64,5.98,2.84
"2025-09-08 18:00:00",2.5,57.22,5.35,2.75
"2025-09-08 19:00:00",2.56,57.05,5.52,2.7
"2025-09-08 20:00:00",4.67,53.79,7.85,4.93
"2025-09-08 21:00:00",2.51,55.58,7.32,3.93
"2025-09-08 22:00:00",0.36,57.45,7.75,3.75
"2025-09-08 23:00:00",-0.5,59.16,7.49,3.67
"2025-09-09 00:00:00",-0.85,60.19,5.05,2.75
"2025-09-09 01:00:00",-0.68,57.9,3.98,2.32
"2025-09-09 02:00:00",-1.1,62.25,3.39,1.74
"2025-09-09 03:00:00",-1.51,67.26,2.79,1.63
"2025-09-09 04:00:00",-1.38,69.13,4.57,2.45
"2025-09-09 05:00:00",-0.8,67.42,3.48,1.99
"2025-09-09 06:00:00",-0.43,66.84,1.48,0.81
"2025-09-09 07:00:00",2.48,56.61,1.61,0.76
"2025-09-09 08:00:00",9.33,43.4,2.11,0.93
"2025-09-09 09:00:00",20.96,29.92,2.47,1.12
"2025-09-09 10:00:00",4.06,44.92,2.99,1.17
"2025-09-09 11:00:00",4.62,47.94,4.03,1.51
"2025-09-09 12:00:00",1.25,50.76,4.67,1.45
"2025-09-09 13:00:00",0.24,54.26,3.32,1.11
"2025-09-09 14:00:00",0.06,63.71,2.92,1.05
"2025-09-09 15:00:00",1.71,68.96,2.38,1.13
"2025-09-09 16:00:00",1.93,70.57,3.35,1.65
"2025-09-09 17:00:00",2.41,69.91,3.66,1.69
"2025-09-09 18:00:00",2.04,69.8,4.37,2.27
"2025-09-09 19:00:00",2.82,61.72,4.93,2.84
"2025-09-09 20:00:00",3.48,54.55,5.48,3.13
"2025-09-09 21:00:00",2.44,51.02,5.42,2.89
"2025-09-09 22:00:00",1.18,47.77,4.54,2.39
"2025-09-09 23:00:00",0.21,49.52,4.83,2.49
"2025-09-10 00:00:00",0.06,48.89,4.75,2.63
"2025-09-10 01:00:00",-0.09,44.98,3.39,1.91
"2025-09-10 02:00:00",-0.31,44.86,2.02,0.99
"2025-09-10 03:00:00",-0.1,44.62,1.72,0.91
"2025-09-10 04:00:00",-0.35,41.12,2.73,1.1
"2025-09-10 05:00:00",0.1,43.34,3.16,1.12
"2025-09-10 06:00:00",0.96,45.31,2.73,1.01
"2025-09-10 07:00:00",4.29,41.55,3.01,1.02
"2025-09-10 08:00:00",6.16,40.93,2.62,0.88
"2025-09-10 09:00:00",6.24,43.27,4.32,1.04
"2025-09-10 10:00:00",3.65,43.41,5.59,2.08
"2025-09-10 11:00:00",5.96,48.64,5.78,2.65
"2025-09-10 12:00:00",5.04,59.05,7.64,4.02
"2025-09-10 13:00:00",3.64,61.28,8.13,4.05
"2025-09-10 14:00:00",3.71,61.52,9.05,4.08
"2025-09-10 15:00:00",3.84,60.29,12.15,5.1
"2025-09-10 16:00:00",5.37,57.71,15.65,5.75
"2025-09-10 17:00:00",7.02,51.72,12.35,5.95
"2025-09-10 18:00:00",6.17,48.71,9.7,5.03
"2025-09-10 19:00:00",6.17,48.93,7.84,4.14
"2025-09-10 20:00:00",6.72,41.2,12.01,5.1
"2025-09-10 21:00:00",1.03,50.3,7.02,3.8
"2025-09-10 22:00:00",0.26,51.53,5.55,3.05
"2025-09-10 23:00:00",-0.15,51.89,6.94,3.97
"2025-09-11 00:00:00",-0.72,49,6.98,3.96
"2025-09-11 01:00:00",-0.81,47.18,6.85,3.76
"2025-09-11 02:00:00",-1.06,45.2,6.25,3.65
"2025-09-11 03:00:00",-1.02,41.84,6.31,3.61
"2025-09-11 04:00:00",-1.2,40.76,7.2,3.91
"2025-09-11 05:00:00",-0.83,41.04,6.7,3.72
"2025-09-11 06:00:00",0.04,40.29,5.64,3.07
"2025-09-11 07:00:00",3,38.82,5.9,3.08
"2025-09-11 08:00:00",6.08,42.07,6.39,3.11
"2025-09-11 09:00:00",6.43,40.07,6.91,3.54
"2025-09-11 10:00:00",4.47,44.83,7.15,3.54
"2025-09-11 11:00:00",2.24,47.74,7.18,3.3
"2025-09-11 12:00:00",4.79,50.19,8.9,3.88
"2025-09-11 13:00:00",6.77,53.03,6.69,3.67
"2025-09-11 14:00:00",7.55,52.67,8.31,3.58
"2025-09-11 15:00:00",5.61,50.68,6.38,3.02
"2025-09-11 16:00:00",6.38,48.62,7.13,3.4
"2025-09-11 17:00:00",10.75,45.36,8.51,3.65
"2025-09-11 18:00:00",8.67,43.38,10.28,5.19
"2025-09-11 19:00:00",8.08,44.43,11.14,5.11
"2025-09-11 20:00:00",6.88,41.84,8.65,4.27
"2025-09-11 21:00:00",6.99,39.73,9.29,4.54
"2025-09-11 22:00:00",1.79,46.07,8.93,4.16
"2025-09-11 23:00:00",0.1,50.03,8.36,4.33
"2025-09-12 00:00:00",-0.58,52.4,6.24,3.54
"2025-09-12 01:00:00",-0.49,49.45,6.45,3.54
"2025-09-12 02:00:00",-0.34,48.51,6.22,3.21
"2025-09-12 03:00:00",-0.67,52.45,6.95,3.2
"2025-09-12 04:00:00",-0.91,53.94,6.49,3.48
"2025-09-12 05:00:00",-0.29,51.64,7.27,3.57
"2025-09-12 06:00:00",0.64,49.35,6.33,3.36
"2025-09-12 07:00:00",6.74,39.89,8.62,4.01
"2025-09-12 08:00:00",7.15,41.4,7.28,3.58
"2025-09-12 09:00:00",6.57,42.11,6.58,3.24
"2025-09-12 10:00:00",3.76,50.58,9.03,4.83
"2025-09-12 11:00:00",1.98,57.9,9.03,4.43
"2025-09-12 12:00:00",2.52,56.86,10.05,4.88
"2025-09-12 13:00:00",6.15,49.19,5.98,3.3
"2025-09-12 14:00:00",4.66,47.11,5.19,3.37
"2025-09-12 15:00:00",2.72,52.17,4.15,2.42
"2025-09-12 16:00:00",6.46,47.54,3.97,2.63
"2025-09-12 17:00:00",4.81,47.42,5.87,3.79
"2025-09-12 18:00:00",3.75,47.28,6.69,4.6
"2025-09-12 19:00:00",3.93,45.76,5.7,4.44
"2025-09-12 20:00:00",6.15,52.83,5.59,3.52
"2025-09-12 21:00:00",3.36,57,6.33,3.88
"2025-09-12 22:00:00",2.28,54.86,7.4,4.86
"2025-09-12 23:00:00",0.86,52.7,7.08,3.99
"2025-09-13 00:00:00",-0.01,54.32,7.71,3.82
"2025-09-13 01:00:00",-0.39,51.72,8.06,4.05
"2025-09-13 02:00:00",-0.74,50.99,8.9,4.66
"2025-09-13 03:00:00",-0.88,51.66,8.14,4.25
"2025-09-13 04:00:00",-0.7,50.38,7.51,3.84
"2025-09-13 05:00:00",-0.58,57.8,6.86,3.5
"2025-09-13 06:00:00",-0.16,60.73,5.04,2.7
"2025-09-13 07:00:00",-0.14,57.97,5.13,2.54
"2025-09-13 08:00:00",0.93,55.84,4.81,2.23
"2025-09-13 09:00:00",1.32,52.44,5.22,2.87
"2025-09-13 10:00:00",1.56,52.24,6.62,3.54
"2025-09-13 11:00:00",8.11,54.14,8.4,4.29
"2025-09-13 12:00:00",3.62,60.12,6.9,3.38
"2025-09-13 13:00:00",4.57,62.65,6.52,3.2
"2025-09-13 14:00:00",5.18,61.1,6.97,3.36
"2025-09-13 15:00:00",4.26,61.96,9.18,4.29
"2025-09-13 16:00:00",5.16,62.9,9.52,4.6
"2025-09-13 17:00:00",5.07,62.3,8.82,4.36
"2025-09-13 18:00:00",7.22,57.42,12.96,5.84
"2025-09-13 19:00:00",7.76,50.6,16.1,6.81
"2025-09-13 20:00:00",6.58,45.64,15.82,6.82
"2025-09-13 21:00:00",7.31,39.89,14.45,8.58
"2025-09-13 22:00:00",10.41,31.39,13.05,8.29
"2025-09-13 23:00:00",7.55,32.79,11.42,6.62
"2025-09-14 00:00:00",4.16,30.81,9.12,4.99
"2025-09-14 01:00:00",3.56,30.36,8.24,4.5
"2025-09-14 02:00:00",1.48,35.63,7.36,3.56
"2025-09-14 03:00:00",1.21,36.02,7.76,3.39
"2025-09-14 04:00:00",1.63,34.51,8.07,3.35
"2025-09-14 05:00:00",-0.14,50.07,8.13,3.46
"2025-09-14 06:00:00",12.23,36.38,9.46,3.93
"2025-09-14 07:00:00",21.53,28.41,8.49,3.85
"2025-09-14 08:00:00",12.86,41.86,6.94,3.94
"2025-09-14 09:00:00",3.26,50.83,4.41,2.86
"2025-09-14 10:00:00",-0.09,66.72,2.48,1.63
"2025-09-14 11:00:00",-0.37,70.19,1.41,0.71
"2025-09-14 12:00:00",-0.1,61.79,1.39,0.76
"2025-09-14 13:00:00",2.45,56.24,4.69,2.43
"2025-09-14 14:00:00",0.93,58.35,9.98,5.46
"2025-09-14 15:00:00",3.04,60.89,8.36,4.18
"2025-09-14 16:00:00",1.1,62.68,10.99,5.82
"2025-09-14 17:00:00",-0.03,60.73,7.14,3.94
"2025-09-14 18:00:00",0.21,62.02,14.25,7.75
"2025-09-14 19:00:00",1.45,62.1,9,5.95
"2025-09-14 20:00:00",1.12,73.3,11.47,6.1
"2025-09-14 21:00:00",0.33,73.71,7.68,5.12
"2025-09-14 22:00:00",1.6,80.89,9.63,5.69
"2025-09-14 23:00:00",0.95,80.08,9.09,5.66
"2025-09-15 00:00:00",-0.58,84.55,16.63,9.1
"2025-09-15 01:00:00",-0.38,79.81,15.66,8.6
"2025-09-15 02:00:00",-0.57,77.53,14.95,8.43
"2025-09-15 03:00:00",-0.26,76.51,13.93,7.37
"2025-09-15 04:00:00",-0.52,74.47,16.73,8.32
"2025-09-15 05:00:00",-0.13,73.17,15.5,8.16
"2025-09-15 06:00:00",0.87,71.31,16.36,8.39
"2025-09-15 07:00:00",4.6,68.35,16.83,8.18
"2025-09-15 08:00:00",8.48,62.78,13.62,7
"2025-09-15 09:00:00",8.9,62.65,12.96,6.63
"2025-09-15 10:00:00",6.4,64.87,15.96,7.2
"2025-09-15 11:00:00",9.04,63.17,17.49,7.57
"2025-09-15 12:00:00",7.04,64.35,18.85,8.15
"2025-09-15 13:00:00",3.99,62.05,14.68,6.72
"2025-09-15 14:00:00",4.55,61.2,13.32,6.03
"2025-09-15 15:00:00",4.16,61.04,16.44,6.93
"2025-09-15 16:00:00",5.37,59.05,15.55,6.29
"2025-09-15 17:00:00",5.41,60.26,10.17,5.66
"2025-09-15 18:00:00",6.34,59.09,12.66,6.16
"2025-09-15 19:00:00",5.17,60.13,12.79,6.78
"2025-09-15 20:00:00",5.14,59.39,12.18,5.83
"2025-09-15 21:00:00",5.63,58.02,12.9,6.6
"2025-09-15 22:00:00",2.6,61.36,11.73,5.94
"2025-09-15 23:00:00",0.65,58.65,12.2,5.96
"2025-09-16 00:00:00",-0.49,60.88,13.76,5.66
"2025-09-16 01:00:00",1.72,60.39,12.11,5.64
"2025-09-16 02:00:00",-0.15,60.1,12.65,5.9
"2025-09-16 03:00:00",-0.36,58.26,13.1,5.76
"2025-09-16 04:00:00",1.01,57.66,11.78,5.48
"2025-09-16 05:00:00",2.26,46.91,11,4.98
"2025-09-16 06:00:00",4.85,40.74,10.23,4.64
"2025-09-16 07:00:00",8.79,38.07,9.05,4.32
"2025-09-16 08:00:00",15.88,29.33,8.47,3.79
"2025-09-16 09:00:00",18.99,32.58,8.06,3.36
"2025-09-16 10:00:00",7.46,45.22,8.8,3.71
"2025-09-16 11:00:00",3.82,53.98,8.75,3.52
"2025-09-16 12:00:00",2.49,59.08,8.4,3.06
"2025-09-16 13:00:00",6.87,55.73,6.3,2.29
"2025-09-16 14:00:00",7.89,55.17,8.69,2.83
"2025-09-16 15:00:00",3.32,58.68,6.74,2.44
"2025-09-16 16:00:00",2.75,59.58,5.82,2.68
"2025-09-16 17:00:00",5.98,54.8,6.18,4
"2025-09-16 18:00:00",7.53,49.31,5.06,3.87
"2025-09-16 19:00:00",6.44,48.99,5.01,4.03
"2025-09-16 20:00:00",4.33,54.45,4.15,2.84
"2025-09-16 21:00:00",2.45,62.64,2.98,1.98
"2025-09-16 22:00:00",-0.2,73.68,1.82,0.9
"2025-09-16 23:00:00",-0.75,75.45,1.44,0.62
"2025-09-17 00:00:00",-0.87,74.62,0.68,0.29
"2025-09-17 01:00:00",-1.05,67.98,0.9,0.29
"2025-09-17 02:00:00",-0.99,63.42,1.07,0.25
"2025-09-17 03:00:00",-1.12,52.83,2.13,0.42
"2025-09-17 04:00:00",-0.85,48.35,2.35,0.62
"2025-09-17 05:00:00",-0.47,49.3,2.62,0.63
"2025-09-17 06:00:00",-0.55,51.51,2,0.84
"2025-09-17 07:00:00",1.5,56.69,2.84,1.36
"2025-09-17 08:00:00",3,59.7,9.3,4.66
"2025-09-17 09:00:00",3.16,61.71,12.65,6.67
"2025-09-17 10:00:00",4.62,66.35,18.33,9.66
"2025-09-17 11:00:00",5.41,67.25,19.56,9.54
"2025-09-17 12:00:00",4.58,69.38,17.29,8.78
"2025-09-17 13:00:00",3.28,72.91,14.89,7.29
"2025-09-17 14:00:00",4.54,73.34,13.49,6.67
"2025-09-17 15:00:00",3.93,73.79,14.82,6.9
"2025-09-17 16:00:00",6.76,73.81,13.65,6.07
"2025-09-17 17:00:00",7.2,70.44,13.74,6.47
"2025-09-17 18:00:00",6.61,72.17,14.39,6.96
"2025-09-17 19:00:00",3.6,65.37,17.55,8.49
"2025-09-17 20:00:00",4.76,58.18,18.22,8.64
"2025-09-17 21:00:00",3.7,58.63,18.31,9.13
"2025-09-17 22:00:00",4.73,61.01,19.46,9.54
"2025-09-17 23:00:00",2.44,53.93,16.5,8.09
"2025-09-18 00:00:00",0.59,52.26,15.04,7.54
"2025-09-18 01:00:00",0.01,52.47,15.58,7.8
"2025-09-18 02:00:00",0.93,52.74,14.24,7.08
"2025-09-18 03:00:00",0.59,49.39,13.37,6.31
"2025-09-18 04:00:00",0.29,50.89,11.82,5.65
"2025-09-18 05:00:00",3.98,39.29,11.21,5.58
"2025-09-18 06:00:00",10.52,25.68,10.96,5.41
"2025-09-18 07:00:00",31.37,7.36,11.3,5.98
"2025-09-18 08:00:00",31.78,12.9,6.95,4.48
"2025-09-18 09:00:00",30.02,13.78,5.78,3.74
"2025-09-18 10:00:00",18.81,24.06,4.09,2.32
"2025-09-18 11:00:00",3.67,45.32,2.01,1.27
"2025-09-18 12:00:00",6.1,36.11,4.27,2.65
"2025-09-18 13:00:00",1.87,39.32,3.1,2.27
"2025-09-18 14:00:00",2.88,41.18,2.65,1.87
"2025-09-18 15:00:00",2.13,45.97,2.78,1.83
"2025-09-18 16:00:00",1.39,46.51,2.25,1.43
"2025-09-18 17:00:00",2.54,48.47,5.13,3.81
"2025-09-18 18:00:00",2.36,49.32,5.94,4.35
"2025-09-18 19:00:00",2.44,47.52,5.61,4.18
"2025-09-18 20:00:00",2.17,46.47,4.97,3.68
"2025-09-18 21:00:00",0.73,49.7,2.82,1.62
"2025-09-18 22:00:00",1.05,54.55,3.79,2.03
"2025-09-18 23:00:00",-0.27,59.1,5.44,3.2
"2025-09-19 00:00:00",-0.26,56.52,6.79,3.7
"2025-09-19 01:00:00",0.97,47.61,7.3,3.86
"2025-09-19 02:00:00",-0.33,48.64,6.58,3.18
"2025-09-19 03:00:00",5.19,39.48,7.31,3.85
"2025-09-19 04:00:00",2.28,55.51,7.71,4.45
"2025-09-19 05:00:00",1.46,57.32,4.18,2.09
"2025-09-19 06:00:00",3.1,55.34,3.89,1.82
"2025-09-19 07:00:00",8.17,45.74,3.66,1.56
"2025-09-19 08:00:00",18.32,33.1,4.9,1.8
"2025-09-19 09:00:00",17.22,32.66,5.72,2.08
"2025-09-19 10:00:00",3.97,55.18,3.69,1.68
"2025-09-19 11:00:00",4.96,51.62,3.67,1.54
"2025-09-19 12:00:00",6.7,49.93,4.35,1.94
"2025-09-19 13:00:00",5.85,52.19,5.54,2.17
"2025-09-19 14:00:00",6.2,57.95,5.89,2.59
"2025-09-19 15:00:00",13.13,55.67,7.86,3.47
"2025-09-19 16:00:00",12.53,52.44,8.03,3.18
"2025-09-19 17:00:00",12.52,53.02,7.77,3.35
"2025-09-19 18:00:00",11.63,47.44,13.16,5.61
"2025-09-19 19:00:00",16.14,39.86,12.37,6.14
"2025-09-19 20:00:00",21.15,26.11,11.76,6.4
"2025-09-19 21:00:00",18.73,28.22,11.5,7.12
"2025-09-19 22:00:00",13.23,27.81,10.21,5.34
"2025-09-19 23:00:00",13.08,27.91,11.46,5.48
"2025-09-20 00:00:00",11.37,27.13,11.63,5.92
"2025-09-20 01:00:00",9.31,28.32,11.76,6.17
"2025-09-20 02:00:00",5,27.79,10.44,5.46
"2025-09-20 03:00:00",7.95,24.87,10.21,5.41
"2025-09-20 04:00:00",5.54,28.28,10.29,5.13
"2025-09-20 05:00:00",9.59,20.31,9.75,4.63
"2025-09-20 06:00:00",12.48,11.64,9.36,4.3
"2025-09-20 07:00:00",14.15,7.54,9.04,4.47
"2025-09-20 08:00:00",16.5,8.61,9.18,4.46
"2025-09-20 09:00:00",20.58,12.07,11.58,5.71
"2025-09-20 10:00:00",15.45,34.35,15.06,7.74
"2025-09-20 11:00:00",8.9,43.56,13.15,6.73
"2025-09-20 12:00:00",6.7,51.33,12.27,5.44
"2025-09-20 13:00:00",5.22,55.86,11.4,5.13
"2025-09-20 14:00:00",6.01,59.88,10.6,4.87
"2025-09-20 15:00:00",5.49,62,7.75,4.2
"2025-09-20 16:00:00",4.46,62.27,7.45,3.97
"2025-09-20 17:00:00",3.15,60.25,5.11,2.43
"2025-09-20 18:00:00",4.1,59.81,5.19,3.33
"2025-09-20 19:00:00",5.64,54.14,7.49,4.81
"2025-09-20 20:00:00",5.85,54.78,7.02,4.36
"2025-09-20 21:00:00",5.54,51.27,8.66,4.67
"2025-09-20 22:00:00",2.87,53.69,8.93,4.42
"2025-09-20 23:00:00",1.91,55.88,7.79,3.94
"2025-09-21 00:00:00",0.9,58.38,6.77,3.51
"2025-09-21 01:00:00",0.42,57.25,7.41,3.48
"2025-09-21 02:00:00",0.59,58.35,7.9,3.38
"2025-09-21 03:00:00",0.46,59.29,8.3,3.58
"2025-09-21 04:00:00",-0.48,59.7,7.4,3.45
"2025-09-21 05:00:00",-0.7,59.71,8.25,3.57
"2025-09-21 06:00:00",0.61,58.26,8.93,3.71
"2025-09-21 07:00:00",1.06,56.7,8.84,3.49
"2025-09-21 08:00:00",1.38,54.86,7.04,3.07
"2025-09-21 09:00:00",2.82,55.23,6.57,2.81
"2025-09-21 10:00:00",1.44,62.97,6.42,2.79
"2025-09-21 11:00:00",2.19,63.06,5.98,2.81
"2025-09-21 12:00:00",3.32,62.03,6.04,2.99
"2025-09-21 13:00:00",1.7,65.08,7.24,3.33
"2025-09-21 14:00:00",2.62,65.74,6.91,3.67
"2025-09-21 15:00:00",3.41,63.35,4.4,2.66
"2025-09-21 16:00:00",3.36,64.36,5.46,2.87
"2025-09-21 17:00:00",3.81,62.16,6.03,3.19
"2025-09-21 18:00:00",3.48,64.16,5.08,3.26
"2025-09-21 19:00:00",9.97,53.14,11.63,7.56
"2025-09-21 20:00:00",6.42,52.18,10.56,6.57
"2025-09-21 21:00:00",5.46,54.03,8.25,4.44
"2025-09-21 22:00:00",3.88,53.08,8.7,4.6
"2025-09-21 23:00:00",2.24,51.55,7.71,3.82
"2025-09-22 00:00:00",4,50.47,8.45,3.91
"2025-09-22 01:00:00",4.45,41.88,7.7,4.1
"2025-09-22 02:00:00",1.29,44.26,6.93,3.39
"2025-09-22 03:00:00",4.09,27.99,6.97,3.96
"2025-09-22 04:00:00",3.88,25,5.86,3.4
"2025-09-22 05:00:00",11.06,19.58,5.75,3.04
"2025-09-22 06:00:00",13.56,9.13,5.78,3.42
"2025-09-22 07:00:00",16.02,7.32,6.6,3.62
"2025-09-22 08:00:00",21.66,8.11,11.19,4.96
"2025-09-22 09:00:00",28.13,9.1,19.75,7.71
"2025-09-22 10:00:00",24.47,27.06,12,5.18
"2025-09-22 11:00:00",9.12,52.22,9.54,3.92
"2025-09-22 12:00:00",2.65,69.54,7.19,3.44
"2025-09-22 13:00:00",2.01,70.17,5.7,2.7
"2025-09-22 14:00:00",2.43,70.44,6.26,2.77
"2025-09-22 15:00:00",3.13,69.44,5.81,2.67
"2025-09-22 16:00:00",5.56,67.18,5.96,2.84
"2025-09-22 17:00:00",4.09,68.19,6.38,3.08
"2025-09-22 18:00:00",6.71,61.12,8.02,4.37
"2025-09-22 19:00:00",16.53,45.57,8.22,5.26
"2025-09-22 20:00:00",29.57,28.18,13.28,9.53
"2025-09-22 21:00:00",23.18,30.12,13.84,10.19
"2025-09-22 22:00:00",13.3,28.02,9.83,6.56
"2025-09-22 23:00:00",10.26,26.25,9.6,6.35
"2025-09-23 00:00:00",8.92,20.94,8.96,6.73
"2025-09-23 01:00:00",12.89,14.35,10.24,7.46
"2025-09-23 02:00:00",6.89,17.07,9.14,6.51
"2025-09-23 03:00:00",3.97,20.14,7.79,5.16
"2025-09-23 04:00:00",3.38,18.15,6.41,4.42
"2025-09-23 05:00:00",9.89,17.11,6.71,4.42
"2025-09-23 06:00:00",15.95,9.09,7.13,4.99
"2025-09-23 07:00:00",16.24,9.04,7.88,5.06
"2025-09-23 08:00:00",20.01,9.91,11.63,6.14
"2025-09-23 09:00:00",22.84,17.95,10.87,5.75
"2025-09-23 10:00:00",17.08,33.16,11.92,6.46
"2025-09-23 11:00:00",9.48,47,12.27,6.44
"2025-09-23 12:00:00",1.38,71.27,8.17,4.62
"2025-09-23 13:00:00",0.41,75.24,7.77,4.12
"2025-09-23 14:00:00",0.53,77.52,6.91,3.83
"2025-09-23 15:00:00",1.07,75.98,6.48,3.64
"2025-09-23 16:00:00",2.13,74.83,7.65,4.11
"2025-09-23 17:00:00",9,66.16,10.86,5.97
"2025-09-23 18:00:00",14.27,55.42,12.78,7.65
"2025-09-23 19:00:00",17.26,50.62,14.5,10.07
"2025-09-23 20:00:00",12.07,53.22,12.68,8.14
"2025-09-23 21:00:00",8.88,53.17,12.46,9.14
"2025-09-23 22:00:00",14.38,43.44,10.34,7.2
"2025-09-23 23:00:00",16.71,36.54,9.77,6.89
"2025-09-24 00:00:00",13.02,37.79,11.54,7.98
"2025-09-24 01:00:00",5.35,44.29,8.3,5.62
"2025-09-24 02:00:00",3.75,39.53,7.97,5.46
"2025-09-24 03:00:00",2.98,40.24,6.77,4.93
"2025-09-24 04:00:00",6.24,34.4,6.82,4.86
"2025-09-24 05:00:00",21.83,19.27,7.74,5.21
"2025-09-24 06:00:00",13.34,22.38,6.72,4.63
"2025-09-24 07:00:00",23.63,15.87,7.52,5.01
"2025-09-24 08:00:00",28.89,12.68,9.11,5.6
"2025-09-24 09:00:00",28.76,16.11,13.19,6.76
"2025-09-24 10:00:00",16.16,35.65,10.16,5.1
"2025-09-24 11:00:00",4.67,61.22,6.74,3.21
"2025-09-24 12:00:00",1.89,68.78,5.33,2.73
"2025-09-24 13:00:00",0.84,74,4.21,2.34
"2025-09-24 14:00:00",0.87,74,5.11,2.83
"2025-09-24 15:00:00",3.2,75.14,7.77,4.29
"2025-09-24 16:00:00",3.23,76.51,6.34,2.99
"2025-09-24 17:00:00",3.82,75.57,5.74,3.57
"2025-09-24 18:00:00",12.63,60.03,10.94,5.25
"2025-09-24 19:00:00",14.7,52.58,13.9,7.95
"2025-09-24 20:00:00",15.33,48.19,14.16,9.65
"2025-09-24 21:00:00",14.38,48.09,10.47,7.88
"2025-09-24 22:00:00",7.62,52.87,8.98,6.68
"2025-09-24 23:00:00",4.8,55.72,6.84,4.99
"2025-09-25 00:00:00",6.89,48.79,7.7,5.28
"2025-09-25 01:00:00",4.38,48.84,7.35,5.38
"2025-09-25 02:00:00",2.23,52.66,5.66,4.41
"2025-09-25 03:00:00",2.17,51.34,5.87,4.48
"2025-09-25 04:00:00",4.2,39.56,6.98,5.16
"2025-09-25 05:00:00",39.46,12.79,9.36,7.46
"2025-09-25 06:00:00",37.02,12.95,11.8,8.78
"2025-09-25 07:00:00",34.99,11.76,12.02,8.09
"2025-09-25 08:00:00",36.46,17.45,11.83,7.39
"2025-09-25 09:00:00",22.19,31.73,10.09,6.21
"2025-09-25 10:00:00",8.96,56.29,7.76,4.83
"2025-09-25 11:00:00",2.02,81.94,6.24,3.52
"2025-09-25 12:00:00",2.15,82.83,5.97,2.91
"2025-09-25 13:00:00",1.12,80.82,6.55,2.83
"2025-09-25 14:00:00",1.4,79.59,5.87,2.6
"2025-09-25 15:00:00",2.61,78.98,6.67,2.88
"2025-09-25 16:00:00",2.44,80.37,5.84,2.62
"2025-09-25 17:00:00",4.41,76,7.31,3.05
"2025-09-25 18:00:00",7.33,69.41,6.04,3.77
"2025-09-25 19:00:00",9.19,64,9.69,6.65
"2025-09-25 20:00:00",10.68,61,8.74,5.58
"2025-09-25 21:00:00",18.71,48.87,9.38,6.51
"2025-09-25 22:00:00",25.4,37.22,9.05,5.57
"2025-09-25 23:00:00",18.94,41.09,8.39,5.27
"2025-09-26 00:00:00",6.97,45,7.67,4.95
"2025-09-26 01:00:00",5.96,47.26,7.46,4.8
"2025-09-26 02:00:00",3.28,53.15,6.08,3.32
"2025-09-26 03:00:00",1.61,57.22,5.42,2.81
"2025-09-26 04:00:00",9.05,45.82,5.52,3.13
"2025-09-26 05:00:00",36.63,25.09,5.43,3.18
"2025-09-26 06:00:00",47.48,16.95,7.41,3.59
"2025-09-26 07:00:00",40.33,21.15,7.53,3.27
"2025-09-26 08:00:00",40.47,26.01,7.98,3.5
"2025-09-26 09:00:00",27.59,39.89,8.32,3.57
"2025-09-26 10:00:00",3.24,79.5,6.89,2.92
"2025-09-26 11:00:00",2.1,80.36,7.27,2.92
"2025-09-26 12:00:00",1.69,83.65,7.09,2.7
"2025-09-26 13:00:00",1.81,86.49,7.24,2.9
"2025-09-26 14:00:00",2.02,87.74,7.96,2.96
"2025-09-26 15:00:00",2.48,86.88,8.56,3.05
"2025-09-26 16:00:00",3.4,83.94,7.99,3.68
"2025-09-26 17:00:00",3.78,82.12,8.79,4.96
"2025-09-26 18:00:00",3.6,82.45,8.81,5.09
"2025-09-26 19:00:00",3.72,84.77,8.2,5.04
"2025-09-26 20:00:00",2.49,87.05,8.59,4.79
"2025-09-26 21:00:00",2.02,85.34,8.23,4.57
"2025-09-26 22:00:00",0.64,89.13,8.22,4.89
"2025-09-26 23:00:00",0.07,90.82,8.95,4.47
"2025-09-27 00:00:00",-0.31,90.15,8.65,4.3
"2025-09-27 01:00:00",-0.44,92.03,9.28,4.41
"2025-09-27 02:00:00",-0.55,91.83,8.42,4.34
"2025-09-27 03:00:00",-0.81,91.61,6.76,3.86
"2025-09-27 04:00:00",-0.47,82.56,3.72,2.27
"2025-09-27 05:00:00",-0.52,75.15,1.66,0.97
"2025-09-27 06:00:00",1.02,73.47,2.75,1.37
"2025-09-27 07:00:00",3.51,67.44,7.54,3.37
"2025-09-27 08:00:00",9.36,51.47,9.33,3.84
"2025-09-27 09:00:00",10.61,62.86,9.56,3.31
"2025-09-27 10:00:00",8.96,63.88,5.44,2.41
"2025-09-27 11:00:00",11.28,59.47,5.66,2.42
"2025-09-27 12:00:00",4.46,67.41,8.63,4.01
"2025-09-27 13:00:00",3.6,69.17,8.24,4
"2025-09-27 14:00:00",4.59,70.99,9.03,4.47
"2025-09-27 15:00:00",2.69,73.55,9.14,4
"2025-09-27 16:00:00",2.81,72.35,8.49,3.98
"2025-09-27 17:00:00",3.2,71.34,8.53,4.24
"2025-09-27 18:00:00",4.26,68.46,9.57,4.49
"2025-09-27 19:00:00",9.15,55.56,8.57,4.4
"2025-09-27 20:00:00",12.92,43.77,10.25,5.95
"2025-09-27 21:00:00",14.11,37.63,15.11,10.49
"2025-09-27 22:00:00",25.81,21.78,33.73,28.09
"2025-09-27 23:00:00",10.97,32.88,12.55,8.75
"2025-09-28 00:00:00",2.85,38.7,10.72,6.43
"2025-09-28 01:00:00",1.96,41.73,12.21,7.03
"2025-09-28 02:00:00",1.34,43.93,10.83,6.69
"2025-09-28 03:00:00",0.25,41.77,7.47,4.17
"2025-09-28 04:00:00",-0.13,39.39,6.6,3.81
"2025-09-28 05:00:00",0.31,36.17,5.49,3.13
"2025-09-28 06:00:00",2.18,29.75,4.97,2.9
"2025-09-28 07:00:00",3.56,27.44,4.82,2.94
"2025-09-28 08:00:00",4.02,24.33,5.46,3.45
"2025-09-28 09:00:00",5.65,27.94,8.42,4.94
"2025-09-28 10:00:00",5.68,44.06,10.21,4.82
"2025-09-28 11:00:00",2.66,63.76,6.43,2.75
"2025-09-28 12:00:00",3.23,66.19,4.91,2.34
"2025-09-28 13:00:00",2.73,67.77,3.65,1.68
"2025-09-28 14:00:00",3.66,68.08,3.26,1.67
"2025-09-28 15:00:00",3.29,67.75,3.15,1.47
"2025-09-28 16:00:00",3.19,68.86,3.59,1.87
"2025-09-28 17:00:00",3.78,67.38,4.43,2.37
"2025-09-28 18:00:00",9.15,57.19,6.27,3.32
"2025-09-28 19:00:00",14.44,45.91,7.61,3.97
"2025-09-28 20:00:00",17.49,35.88,11.43,7.77
"2025-09-28 21:00:00",34.09,15.63,16.51,12.87
"2025-09-28 22:00:00",31.51,14.85,27.91,23.39
"2025-09-28 23:00:00",14,24.21,15.31,12.11
"2025-09-29 00:00:00",14.35,23.1,10.82,7.5
"2025-09-29 01:00:00",12.14,15.91,10.09,7.24
"2025-09-29 02:00:00",6,20.51,8.23,5.9
"2025-09-29 03:00:00",3.98,21.9,7.89,5.66
"2025-09-29 04:00:00",4.88,20.96,7.75,5.36
"2025-09-29 05:00:00",14.15,14.2,8.54,5.57
"2025-09-29 06:00:00",9.7,16.86,7.59,4.94
"2025-09-29 07:00:00",13.57,13.06,6.84,4.3
"2025-09-29 08:00:00",16.79,11.94,9.54,4.84
"2025-09-29 09:00:00",17.85,12.99,9.52,5.13
"2025-09-29 10:00:00",21.62,13.12,12.64,6.56
"2025-09-29 11:00:00",15.51,29.3,12.18,5.9
"2025-09-29 12:00:00",2.31,51.44,7.41,4.61
"2025-09-29 13:00:00",1.86,55.59,8.16,4.81
"2025-09-29 14:00:00",1.85,59.44,8.56,4.89
"2025-09-29 15:00:00",2.13,60.48,9.37,5.42
"2025-09-29 16:00:00",2.24,63.49,10.17,6.04
"2025-09-29 17:00:00",3.64,60.77,10.94,6.64
"2025-09-29 18:00:00",4.39,57.59,11.9,7.74
"2025-09-29 19:00:00",4.72,54.47,14.64,9.54
"2025-09-29 20:00:00",3.74,54.69,14.12,9.71
"2025-09-29 21:00:00",2.59,55.55,11.94,8.11
"2025-09-29 22:00:00",1.55,56.6,11.79,7.92
"2025-09-29 23:00:00",0.56,57.83,11.62,7.63
"2025-09-30 00:00:00",0.18,58.82,9.45,6.16
"2025-09-30 01:00:00",-0.19,58.87,9.47,5.97
"2025-09-30 02:00:00",-0.31,59.52,8.57,5.23
"2025-09-30 03:00:00",-0.35,60.52,7.33,4.37
"2025-09-30 04:00:00",-0.9,60.27,6.86,4.22
"2025-09-30 05:00:00",-0.58,59.45,6.6,3.85
"2025-09-30 06:00:00",0.74,60.02,4.43,2.46
"2025-09-30 07:00:00",3.82,56.36,4.33,2.47
"2025-09-30 08:00:00",5.45,57.03,3.04,1.75
"2025-09-30 09:00:00",3.52,59.26,2.1,0.96
"2025-09-30 10:00:00",1.38,61.86,1.8,0.97
"2025-09-30 11:00:00",0.99,61.61,2.12,0.9
"2025-09-30 12:00:00",0.96,62.36,2.19,0.93
"2025-09-30 13:00:00",1.89,59.25,1.87,0.97
"2025-09-30 14:00:00",2.75,55.39,3.04,1.45
"2025-09-30 15:00:00",3.46,53.69,2.58,1.63
"2025-09-30 16:00:00",4.43,50.02,4.26,2.59
"2025-09-30 17:00:00",5.48,47.08,4.83,3.51
"2025-09-30 18:00:00",6.67,43.99,5.32,4
"2025-09-30 19:00:00",6.16,43.22,7.92,6.12
"2025-09-30 20:00:00",4.59,46.44,5.49,4.04
"2025-09-30 21:00:00",3.61,48.93,6.1,4.17
"2025-09-30 22:00:00",1.25,54.15,4.85,3.17
"2025-09-30 23:00:00",0.49,55.83,4.27,2.33
"2025-10-01 00:00:00",-0.2,56.08,5.15,2.59
"2025-10-01 01:00:00",-0.37,57.62,4.58,2.14
"2025-10-01 02:00:00",-0.1,57.55,7.15,4.35
"2025-10-01 03:00:00",-0.43,55.13,4.84,2.32
"2025-10-01 04:00:00",-0.58,56.88,5.94,3
"2025-10-01 05:00:00",-0.38,59.43,5.67,3.06
"2025-10-01 06:00:00",0.86,57.31,7.02,3.45
"2025-10-01 07:00:00",2.55,58.1,6.84,3.6
"2025-10-01 08:00:00",4.69,53.96,7.31,3.88
"2025-10-01 09:00:00",3.07,54.26,8.41,4.44
"2025-10-01 10:00:00",1.34,55.89,7.63,4.37
"2025-10-01 11:00:00",1,57.23,7.06,3.92
"2025-10-01 12:00:00",0.99,57.89,5.92,3.29
"2025-10-01 13:00:00",1.84,55.73,5.3,3.06
"2025-10-01 14:00:00",2.67,56.73,4.05,2.23
"2025-10-01 15:00:00",1.56,62.43,5.3,2.95
"2025-10-01 16:00:00",1.71,64.87,6.71,3.5
"2025-10-01 17:00:00",3.28,61.03,7.87,4.27
"2025-10-01 18:00:00",4.01,58.9,10.5,7.17
"2025-10-01 19:00:00",4.72,56.92,9.47,6.28
"2025-10-01 20:00:00",2.53,59.28,8.57,5.81
"2025-10-01 21:00:00",1.82,58.29,8.38,5.4
"2025-10-01 22:00:00",1.27,59.46,7.77,4.97
"2025-10-01 23:00:00",0.21,64.07,7.1,4.62
"2025-10-02 00:00:00",-0.64,64.99,5.23,3.51
"2025-10-02 01:00:00",-0.87,64.3,3.37,2
"2025-10-02 02:00:00",-0.8,65.19,1.66,0.87
"2025-10-02 03:00:00",-0.99,67.35,1.28,0.6
"2025-10-02 04:00:00",-0.56,66.69,1.41,0.84
"2025-10-02 05:00:00",-0.19,62.49,1.54,0.7
"2025-10-02 06:00:00",0.22,63.06,1.66,0.82
"2025-10-02 07:00:00",2.36,63.8,3.45,2.24
"2025-10-02 08:00:00",4.14,62.98,4.59,2.87
"2025-10-02 09:00:00",3.04,63.62,3.95,2.4
"2025-10-02 10:00:00",2.17,66.03,3.66,2.46
"2025-10-02 11:00:00",2.85,66.76,2.78,1.83
"2025-10-02 12:00:00",2.03,72.2,2.84,1.7
"2025-10-02 13:00:00",2.36,76.06,2.46,1.45
"2025-10-02 14:00:00",1.6,78.96,1.82,1.15
"2025-10-02 15:00:00",2.41,72.7,2.46,1.92
"2025-10-02 16:00:00",4.27,65.65,3.13,2.09
"2025-10-02 17:00:00",5.01,58.38,5.04,3.2
"2025-10-02 18:00:00",4.85,50.98,4.48,2.64
"2025-10-02 19:00:00",6.35,50.54,4.27,2.46
"2025-10-02 20:00:00",5.23,56.79,5.05,2.69
"2025-10-02 21:00:00",7.26,55.02,4.63,2.52
"2025-10-02 22:00:00",1.56,59.94,3.81,1.58
"2025-10-02 23:00:00",0.81,60.77,8.58,3.58
"2025-10-03 00:00:00",-0.45,63.82,10.74,5.06
"2025-10-03 01:00:00",-0.76,65,12.56,5.83
"2025-10-03 02:00:00",-0.72,66.39,10.58,4.94
"2025-10-03 03:00:00",1.11,61.36,11.49,5.11
"2025-10-03 04:00:00",-0.1,54.98,10.01,4.52
"2025-10-03 05:00:00",-0.09,59.18,9.51,4.38
"2025-10-03 06:00:00",1.36,59.71,8.17,3.87
"2025-10-03 07:00:00",2.99,59.99,6.16,3.43
"2025-10-03 08:00:00",4.31,60.79,4.59,2.72
"2025-10-03 09:00:00",3.25,67.74,1.98,1.11
"2025-10-03 10:00:00",1.73,66.48,1.21,0.58
"2025-10-03 11:00:00",0.82,60.12,1.34,0.66
"2025-10-03 12:00:00",0.5,54.05,1.62,0.9
"2025-10-03 13:00:00",1.3,45.37,1.76,1.04
"2025-10-03 14:00:00",1.25,42.52,3.44,1.5
"2025-10-03 15:00:00",1.74,63.14,22.27,9.05
"2025-10-03 16:00:00",2.74,73.94,26.03,12.04
"2025-10-03 17:00:00",2.49,77.08,20.76,9.21
"2025-10-03 18:00:00",3.19,76.91,19.18,8.37
"2025-10-03 19:00:00",3.51,75.38,16.79,8.07
"2025-10-03 20:00:00",3.39,71.99,17.42,8.87
"2025-10-03 21:00:00",4.18,73.04,14.78,6.77
"2025-10-03 22:00:00",-0.03,72.41,13.22,6.95
"2025-10-03 23:00:00",-0.54,76.71,11.56,5.91
"2025-10-04 00:00:00",0.05,79.97,14.42,6.79
"2025-10-04 01:00:00",-0.99,79.79,13.97,7.3
"2025-10-04 02:00:00",-1.11,81.05,14.17,7.03
"2025-10-04 03:00:00",-1.1,79.07,14.21,6.7
"2025-10-04 04:00:00",-1.2,80,16.7,8.32
"2025-10-04 05:00:00",-1.23,82.63,17.79,8.77
"2025-10-04 06:00:00",-0.94,86.18,13.75,6.47
"2025-10-04 07:00:00",0.4,82.63,11.72,6.32
"2025-10-04 08:00:00",1.75,76.7,15.78,7.55
"2025-10-04 09:00:00",2.7,75.39,15.73,7.62
"2025-10-04 10:00:00",1.07,76.26,16.65,8.24
"2025-10-04 11:00:00",0.86,76.41,15.56,7.86
"2025-10-04 12:00:00",0.98,76.5,18.2,8.37
"2025-10-04 13:00:00",1.41,76.55,17.11,8.54
"2025-10-04 14:00:00",2.19,74.94,19.06,8.95
"2025-10-04 15:00:00",1.72,75.08,15.1,7.78
"2025-10-04 16:00:00",1.33,75.41,11.18,6.33
"2025-10-04 17:00:00",2.13,73.25,13.41,7.51
"2025-10-04 18:00:00",3.34,68.78,13.55,7.45
"2025-10-04 19:00:00",2.54,70.07,13.64,7.4
"2025-10-04 20:00:00",3.13,70.64,15.38,8.5
"2025-10-04 21:00:00",4.96,67.82,16.88,8.69
"2025-10-04 22:00:00",3.76,68.77,16.94,7.95
"2025-10-04 23:00:00",2.66,68.68,17.08,7.99
"2025-10-05 00:00:00",0.19,72.52,12.94,6.64
"2025-10-05 01:00:00",-0.11,74.32,7.69,4.1
"2025-10-05 02:00:00",-0.25,74.85,11.76,6.21
"2025-10-05 03:00:00",-0.79,74.93,10.34,4.79
"2025-10-05 04:00:00",-0.85,75.98,12.12,5.56
"2025-10-05 05:00:00",-0.53,75.27,12.86,6.03
"2025-10-05 06:00:00",-0.4,76.62,15.05,6.72
"2025-10-05 07:00:00",1.08,73.48,16.68,7.77
"2025-10-05 08:00:00",7.03,60.78,16.06,7.31
"2025-10-05 09:00:00",3.36,68.02,17.34,7.41
"2025-10-05 10:00:00",2.66,68.5,13.84,6.21
"2025-10-05 11:00:00",1.37,73.15,16.47,7.64
"2025-10-05 12:00:00",1.86,71.82,13.68,6.64
"2025-10-05 13:00:00",2,70.52,8.33,4.23
"2025-10-05 14:00:00",2.49,67.43,6.71,2.74
"2025-10-05 15:00:00",3.56,63.07,4.91,2.27
"2025-10-05 16:00:00",2.06,67.26,6.21,3.05
"2025-10-05 17:00:00",7.6,60.58,9.72,4.39
"2025-10-05 18:00:00",6.14,63.53,10.27,4.59
"2025-10-05 19:00:00",6.61,56.89,12.89,6.1
"2025-10-05 20:00:00",3.54,57.36,16.75,8.32
"2025-10-05 21:00:00",5.01,51.1,14.67,7.56
"2025-10-05 22:00:00",3.47,52.26,11.2,5.85
"2025-10-05 23:00:00",1.85,52.85,13.05,6.51
"2025-10-06 00:00:00",3.13,44.22,14.56,8.05
"2025-10-06 01:00:00",0.7,49.36,13.32,6.93
"2025-10-06 02:00:00",1.06,44.3,12.19,6.52
"2025-10-06 03:00:00",0.38,53.16,12.04,6.39
"2025-10-06 04:00:00",0.12,52.3,11.38,5.85
"2025-10-06 05:00:00",0.69,46.04,10.61,5.41
"2025-10-06 06:00:00",2.2,49.57,10.42,5.42
"2025-10-06 07:00:00",5.26,49.51,11.03,5.63
"2025-10-06 08:00:00",10.57,42.57,11.01,5.75
"2025-10-06 09:00:00",5.64,48.91,10.73,5.65
"2025-10-06 10:00:00",2.4,56.62,10.61,5.63
"2025-10-06 11:00:00",1.8,56.88,10.77,5.77
"2025-10-06 12:00:00",2.03,57.51,10.97,5.54
"2025-10-06 13:00:00",2.74,57.49,10.16,5.54
"2025-10-06 14:00:00",2.65,61.01,11.44,6.05
"2025-10-06 15:00:00",1.99,66.68,10.58,5.36
"2025-10-06 16:00:00",2.61,65.46,10.01,5.33
"2025-10-06 17:00:00",4.28,61.25,11.14,5.89
"2025-10-06 18:00:00",4.19,62.97,12.74,7.22
"2025-10-06 19:00:00",4.98,60.02,12.69,7.89
"2025-10-06 20:00:00",8.17,56.92,11.46,7.34
"2025-10-06 21:00:00",4.4,61.03,10.86,6.42
"2025-10-06 22:00:00",2.21,61.79,12.92,8.71
"2025-10-06 23:00:00",1.23,63,10.29,6.26
"2025-10-07 00:00:00",0.91,61.43,9.19,5.4
"2025-10-07 01:00:00",0,62.76,8.01,4.71
"2025-10-07 02:00:00",-0.43,63.59,6.5,3.64
"2025-10-07 03:00:00",-0.86,63.98,5.39,3.02
"2025-10-07 04:00:00",-0.35,64.02,5.73,2.84
"2025-10-07 05:00:00",-0.17,64.77,4.84,2.51
"2025-10-07 06:00:00",1.2,60.7,4.63,2.32
"2025-10-07 07:00:00",4.13,56.09,5.21,2.5
"2025-10-07 08:00:00",16.97,42.28,6.17,2.68
"2025-10-07 09:00:00",8.1,55.58,4.76,2.15
"2025-10-07 10:00:00",5.98,55.78,4.71,2.16
"2025-10-07 11:00:00",4.15,58.07,3.23,1.25
"2025-10-07 12:00:00",13.42,49.01,6.49,2.87
"2025-10-07 13:00:00",5.19,51.31,2.44,0.89
"2025-10-07 14:00:00",13.56,48.66,2.83,1.52
"2025-10-07 15:00:00",7.06,58.47,2.83,1.27
"2025-10-07 16:00:00",9.44,58.29,6.94,3.15
"2025-10-07 17:00:00",11.67,55.32,13.01,5.43
"2025-10-07 18:00:00",10.3,57.22,11.11,4.78
"2025-10-07 19:00:00",15.7,49.12,14.75,6.56
"2025-10-07 20:00:00",12.45,57.78,11.34,5.39
"2025-10-07 21:00:00",14.44,53.14,14.22,7.37
"2025-10-07 22:00:00",8.68,59.02,17.13,7.83
"2025-10-07 23:00:00",5.15,57.89,14.25,6.45
"2025-10-08 00:00:00",4.61,52.71,12.47,5.8
"2025-10-08 01:00:00",2.7,63.66,13.79,5.86
"2025-10-08 02:00:00",1.11,66.45,12.38,5.45
"2025-10-08 03:00:00",0.3,71.28,13.52,6.05
"2025-10-08 04:00:00",1.37,60.8,13.18,5.92
"2025-10-08 05:00:00",5.38,52.77,12.32,5.82
"2025-10-08 06:00:00",7.23,47.81,11.74,5.62
"2025-10-08 07:00:00",20.93,36.03,12.7,5.83
"2025-10-08 08:00:00",23.6,33.39,14.68,6.36
"2025-10-08 09:00:00",31.85,28.86,19.88,7.99
"2025-10-08 10:00:00",17.29,55.6,20.78,8.55
"2025-10-08 11:00:00",8.91,73.12,19.34,8.22
"2025-10-08 12:00:00",11.96,70.68,18.26,7.93
"2025-10-08 13:00:00",7.59,75.88,17.37,7.91
"2025-10-08 14:00:00",9.27,74.38,18.36,8.13
"2025-10-08 15:00:00",9.55,74,21.62,8.66
"2025-10-08 16:00:00",9.5,73.93,18.91,7.38
"2025-10-08 17:00:00",11.69,71.8,20.52,7.71
"2025-10-08 18:00:00",9.36,74.51,15.05,7.52
"2025-10-08 19:00:00",17.41,65.75,15.77,7.73
"2025-10-08 20:00:00",11.2,68.72,14.75,7.28
"2025-10-08 21:00:00",11.19,67.82,16.53,7.82
"2025-10-08 22:00:00",5.41,68.23,15.67,7.57
"2025-10-08 23:00:00",2.26,79.77,15.04,7.24
"2025-10-09 00:00:00",-0.04,83.47,13.85,7
"2025-10-09 01:00:00",0.23,78.16,13.58,6.61
"2025-10-09 02:00:00",-0.21,78.21,14.16,6.78
"2025-10-09 03:00:00",-0.61,75.46,14.93,7.06
"2025-10-09 04:00:00",0.05,71.81,15.76,7.29
"2025-10-09 05:00:00",0.98,76.64,16.42,7.48
"2025-10-09 06:00:00",2.94,73.64,16.92,7.36
"2025-10-09 07:00:00",8.41,68.18,18.75,7.27
"2025-10-09 08:00:00",15.95,63.95,17.94,7.25
"2025-10-09 09:00:00",13,69.3,16.03,6.78
"2025-10-09 10:00:00",13.13,66.26,20.21,7.2
"2025-10-09 11:00:00",8.75,75.08,17.92,8.15
"2025-10-09 12:00:00",6.44,79.63,13.84,6.02
"2025-10-09 13:00:00",6.53,80.37,11.48,5.27
"2025-10-09 14:00:00",8.63,77.98,11.16,5.12
"2025-10-09 15:00:00",11.74,75.61,12.16,5.43
"2025-10-09 16:00:00",8.68,79.96,14.47,6.09
"2025-10-09 17:00:00",10.87,76.37,11.58,5.2
"2025-10-09 18:00:00",9.64,76.72,12.7,5.22
"2025-10-09 19:00:00",11.34,76.85,10.68,5.57
"2025-10-09 20:00:00",11.59,73.65,10.81,5.3
"2025-10-09 21:00:00",6.2,81.85,10.41,4.89
"2025-10-09 22:00:00",4.53,81.84,9.47,4.71
"2025-10-09 23:00:00",2.65,82.61,8.1,4
"2025-10-10 00:00:00",0.89,83.72,8.82,3.96
"2025-10-10 01:00:00",0.43,82.58,6.76,3.05
"2025-10-10 02:00:00",-0.28,79.07,6.95,2.89
"2025-10-10 03:00:00",-0.39,77.17,7.36,3.28
"2025-10-10 04:00:00",-0.05,84.06,9.59,4.07
"2025-10-10 05:00:00",1.03,82.98,9.3,4.08
"2025-10-10 06:00:00",3.64,74.26,8.03,3.88
"2025-10-10 07:00:00",12.17,65.98,9.45,4.18
"2025-10-10 08:00:00",22.25,56.75,11.22,4.38
"2025-10-10 09:00:00",21.23,62.02,15.54,5.19
"2025-10-10 10:00:00",13.14,72.77,15.74,5.06
"2025-10-10 11:00:00",10.72,79.07,13.69,4.67
"2025-10-10 12:00:00",7.86,79.18,9.97,4.11
"2025-10-10 13:00:00",7.01,80.77,10.35,4.33
"2025-10-10 14:00:00",6.95,78.89,10.25,4.39
"2025-10-10 15:00:00",7.95,80.87,9.59,4.19
"2025-10-10 16:00:00",14.66,75.03,10.38,4.88
"2025-10-10 17:00:00",7.77,79.56,9.43,4.65
"2025-10-10 18:00:00",5.13,80.05,8.25,4.06
"2025-10-10 19:00:00",6.49,76.26,8.91,4.58
"2025-10-10 20:00:00",5.03,77.78,9.58,5.64
"2025-10-10 21:00:00",5.09,76.31,10.01,6.09
"2025-10-10 22:00:00",5.87,74.14,9.78,5.61
"2025-10-10 23:00:00",5.35,76.13,11.03,6.61
"2025-10-11 00:00:00",3.98,78.4,10.05,6.48
"2025-10-11 01:00:00",2.19,78.31,12.35,8.01
"2025-10-11 02:00:00",1.51,76.45,11.14,7.38
"2025-10-11 03:00:00",1.11,73.43,11.32,7.64
"2025-10-11 04:00:00",6.36,68.89,12.72,8.46
"2025-10-11 05:00:00",7.77,69.84,12.81,9.14
"2025-10-11 06:00:00",12.5,64.23,12.91,8.68
"2025-10-11 07:00:00",13.24,65.3,11.09,6.69
"2025-10-11 08:00:00",8.62,67.88,9.69,5.53
"2025-10-11 09:00:00",12.14,60.75,9.54,5.39
"2025-10-11 10:00:00",5.47,69.73,12.79,7.06
"2025-10-11 11:00:00",2.14,71.66,9.73,6.06
"2025-10-11 12:00:00",2.17,70.12,9.66,6.15
"2025-10-11 13:00:00",9.12,62.52,10.1,6.25
"2025-10-11 14:00:00",6.17,64.02,10.16,6.7
"2025-10-11 15:00:00",5.69,63.83,10.23,6.42
"2025-10-11 16:00:00",5.27,64.67,9.72,6.05
"2025-10-11 17:00:00",8.04,61.75,10.31,7.21
"2025-10-11 18:00:00",8.87,60.81,13.73,9.89
"2025-10-11 19:00:00",11.56,55.04,15.94,11.72
"2025-10-11 20:00:00",13.95,52.56,10.72,7.54
"2025-10-11 21:00:00",10.9,55.35,11.84,9.32
"2025-10-11 22:00:00",6.6,56.99,11.92,9.16
"2025-10-11 23:00:00",4.64,59.02,12,8.96
"2025-10-12 00:00:00",3.45,60.12,11.74,9.19
"2025-10-12 01:00:00",2.56,61.06,12.12,9.44
"2025-10-12 02:00:00",2.16,61.41,12.54,9.78
"2025-10-12 03:00:00",0.99,62.3,12.68,10.26
"2025-10-12 04:00:00",0.93,59.62,13.89,11.59
"2025-10-12 05:00:00",0.73,60.95,13.65,11.49
"2025-10-12 06:00:00",3.44,57.26,14.38,11.67
"2025-10-12 07:00:00",5.64,54.04,14.27,11.6
"2025-10-12 08:00:00",8.05,52.04,15.31,12.44
"2025-10-12 09:00:00",5.64,52.57,15.85,13.35
"2025-10-12 10:00:00",7.66,52.23,15.81,12.31
"2025-10-12 11:00:00",4.9,57.51,14.09,11.23
"2025-10-12 12:00:00",5.82,58.15,13.82,11.1
"2025-10-12 13:00:00",6.34,60.34,13.14,10.43
"2025-10-12 14:00:00",1.49,71.87,11.41,8.87
"2025-10-12 15:00:00",8.43,66.29,10.55,7.85
"2025-10-12 16:00:00",7.74,67.13,10.25,7.53
"2025-10-12 17:00:00",10.34,63.23,11.01,7.74
"2025-10-12 18:00:00",12.13,59.08,12.2,9
"2025-10-12 19:00:00",12.68,56.08,12.13,9.47
"2025-10-12 20:00:00",14.39,48.51,13.53,10.56
"2025-10-12 21:00:00",6.47,56.21,14.35,11.41
"2025-10-12 22:00:00",5.92,63.22,14.94,12.05
"2025-10-12 23:00:00",2.38,68.64,13.36,11.11
"2025-10-13 00:00:00",1.44,72.64,14.89,12.3
"2025-10-13 01:00:00",0.66,72.09,14.82,12.52
"2025-10-13 02:00:00",0.25,73.74,14.63,12.48
"2025-10-13 03:00:00",0.76,70.01,14.81,12.72
"2025-10-13 04:00:00",1.61,65.65,15.22,13.3
"2025-10-13 05:00:00",2.4,65.76,14.94,13.5
"2025-10-13 06:00:00",6.17,64.43,13.74,12.39
"2025-10-13 07:00:00",25.8,51.08,14.53,12.26
"2025-10-13 08:00:00",34.15,35.65,17.55,13.29
"2025-10-13 09:00:00",22.76,43.07,16.5,13.04
"2025-10-13 10:00:00",18.72,42.87,19.69,15.43
"2025-10-13 11:00:00",14.94,43.88,26.88,20.78
"2025-10-13 12:00:00",11.5,43.32,30.91,24.89
"2025-10-13 13:00:00",10.51,45.68,28.17,22.52
"2025-10-13 14:00:00",9.92,47.11,23.9,19.57
"2025-10-13 15:00:00",11.24,46.87,18.6,15.21
"2025-10-13 16:00:00",11.83,49.37,20.62,16.29
"2025-10-13 17:00:00",16.07,44.13,20.76,15.84
"2025-10-13 18:00:00",23.44,39.05,19.72,15.37
"2025-10-13 19:00:00",29.01,31.62,20.58,15.08
"2025-10-13 20:00:00",23.08,32.99,15.3,11.94
"2025-10-13 21:00:00",13.67,38.73,12.53,9.79
"2025-10-13 22:00:00",20.8,29.69,12.97,10.64
"2025-10-13 23:00:00",16.17,29.48,13.04,10.8
"2025-10-14 00:00:00",7.68,33.7,10.62,9.35
"2025-10-14 01:00:00",3.91,42.54,7.14,5.66
"2025-10-14 02:00:00",3.43,40.34,6.8,5.47
"2025-10-14 03:00:00",1.72,45.54,7.06,5.82
"2025-10-14 04:00:00",10.02,40.02,7.27,6.11
"2025-10-14 05:00:00",28.16,26.54,6.41,4.95
"2025-10-14 06:00:00",26.77,25.43,4.78,3
"2025-10-14 07:00:00",27.57,28.45,5.61,3.17
"2025-10-14 08:00:00",19.43,31.13,7.18,3
"2025-10-14 09:00:00",20.19,29.5,5.69,2.85
"2025-10-14 10:00:00",13.56,33.5,5.53,3.08
"2025-10-14 11:00:00",12.91,35.09,5.67,3.17
"2025-10-14 11:01:00",,,,
"2025-10-14 12:01:00",,,,
"2025-10-20 12:00:00",4.29,68.93,6.08,3.11
"2025-10-20 13:00:00",4.76,70.82,6.12,2.91
"2025-10-20 14:00:00",4.56,77.86,5.74,2.55
"2025-10-20 15:00:00",4.77,83.2,7.7,3.11
"2025-10-20 16:00:00",11.19,78.25,6.98,2.25
"2025-10-20 17:00:00",8.86,77.24,3.02,1.14
"2025-10-20 18:00:00",11.05,73.43,2.58,1.36
"2025-10-20 19:00:00",13.95,65.74,3.85,2
"2025-10-20 20:00:00",7.94,62.28,6.73,4.8
"2025-10-20 21:00:00",4.83,60.91,4.57,3.35
"2025-10-20 22:00:00",5.59,54.68,4.14,2.69
"2025-10-20 23:00:00",3.88,56.56,6.17,3.21
"2025-10-21 00:00:00",0.81,68.23,4.07,2.59
"2025-10-21 01:00:00",1.47,67.72,5.56,2.9
"2025-10-21 02:00:00",3.32,67.63,7.96,3.69
"2025-10-21 03:00:00",1.04,77.49,4.34,1.96
"2025-10-21 04:00:00",0.08,74.28,3.21,1.52
"2025-10-21 05:00:00",0.24,74.49,8.03,3.81
"2025-10-21 06:00:00",2.4,78.04,11.3,5.46
"2025-10-21 07:00:00",15.21,66.87,8.49,4.21
"2025-10-21 08:00:00",19.1,62.03,10.18,5.07
"2025-10-21 09:00:00",16.42,65.63,7.92,3.83
"2025-10-21 10:00:00",12.2,70.96,10.72,4.75
"2025-10-21 11:00:00",7.78,79.39,12.76,5.99
"2025-10-21 12:00:00",6.05,82.64,11.68,5.05
"2025-10-21 13:00:00",5.91,83.84,10.63,4.72
"2025-10-21 14:00:00",3.35,87.67,9.24,3.91
"2025-10-21 15:00:00",4.5,87.81,9.46,3.9
"2025-10-21 16:00:00",6.93,87.6,11.64,4.89
"2025-10-21 17:00:00",13.33,80.09,11.46,5.14
"2025-10-21 18:00:00",11.41,77.85,11.51,5.03
"2025-10-21 19:00:00",13.25,72.03,14,6.05
"2025-10-21 20:00:00",9.61,79.98,8.04,3.78
"2025-10-21 21:00:00",12.23,68.29,7.3,3.25
"2025-10-21 22:00:00",9.03,69.91,7.67,3.48
"2025-10-21 23:00:00",5.45,65.59,7.89,3.7
"2025-10-22 00:00:00",1.89,62.82,6.91,3.49
"2025-10-22 01:00:00",1.06,58.09,7.22,3.77
"2025-10-22 02:00:00",0.61,57.3,7.42,3.81
"2025-10-22 03:00:00",1.02,53.24,6.6,3.53
"2025-10-22 04:00:00",1.83,53.08,6.71,3.48
"2025-10-22 05:00:00",3.81,48.24,7.37,3.38
"2025-10-22 06:00:00",11.82,42.52,6.42,3.17
"2025-10-22 07:00:00",32.17,21.6,7.51,4.04
"2025-10-22 08:00:00",36.8,21.22,8.14,3.59
"2025-10-22 09:00:00",40.03,23.22,11.28,5.62
"2025-10-22 10:00:00",33.41,27.51,14.42,5.63
"2025-10-22 11:00:00",7.4,64.72,8.04,3.46
"2025-10-22 12:00:00",2.64,78.54,6.88,2.8
"2025-10-22 13:00:00",2.02,85.3,5.14,2.48
"2025-10-22 14:00:00",3.11,81.82,5.29,2.84
"2025-10-22 15:00:00",6.56,77.6,5.05,3.11
"2025-10-22 16:00:00",17.03,64.91,10.39,7.76
"2025-10-22 17:00:00",19.41,64.56,11.16,9.92
"2025-10-22 18:00:00",24.7,53.84,10.4,9.43
"2025-10-22 19:00:00",48.36,36.16,17.44,16.45
"2025-10-22 20:00:00",39.09,41.49,9.53,8.53
"2025-10-22 21:00:00",21.6,51.93,10.28,9.58
"2025-10-22 22:00:00",25.11,45.62,11.54,10.91
"2025-10-22 23:00:00",7.37,65.89,6.41,5.65
"2025-10-23 00:00:00",4.27,71.66,3.15,2.71
"2025-10-23 01:00:00",0.34,83.96,1.55,0.91
"2025-10-23 02:00:00",0.65,85.9,1.13,0.59
"2025-10-23 03:00:00",-0.25,81.42,1.42,0.74
"2025-10-23 04:00:00",-0.18,77.15,2.5,1.35
"2025-10-23 05:00:00",0.46,76.48,3.97,1.76
"2025-10-23 06:00:00",0.4,90.02,1.21,0.66
"2025-10-23 07:00:00",8.32,79.43,2.19,1.31
"2025-10-23 08:00:00",18.58,64.14,3.13,1.44
"2025-10-23 09:00:00",22.43,59.39,3.89,1.63
"2025-10-23 10:00:00",13.41,69.35,6.34,2.53
"2025-10-23 11:00:00",6.17,83.19,9.46,3.54
"2025-10-23 12:00:00",5.1,95.59,6.07,2.09
"2025-10-23 13:00:00",7.2,88.18,5.51,2.21
"2025-10-23 14:00:00",9.06,82.17,8.69,2.92
"2025-10-23 15:00:00",5.96,87.63,9.96,4.25
"2025-10-23 16:00:00",7.46,84.65,9.62,3.83
"2025-10-23 17:00:00",7.26,85.89,8.43,3.77
"2025-10-23 18:00:00",9.8,85.41,8.94,4.85
"2025-10-23 19:00:00",16.01,70.16,14.2,7.67
"2025-10-23 20:00:00",12.59,73.73,16.24,7.66
"2025-10-23 21:00:00",9.16,79.3,12.58,7.29
"2025-10-23 22:00:00",6.12,80.12,12.18,7.15
"2025-10-23 23:00:00",4.16,78.54,11.13,6.49
"2025-10-24 00:00:00",2.3,76.04,8.77,4.78
"2025-10-24 01:00:00",1.92,79.72,7.5,3.75
"2025-10-24 02:00:00",4.63,70.35,7.89,3.76
"2025-10-24 03:00:00",2.89,70.38,9.75,4.5
"2025-10-24 04:00:00",1.99,73.88,8.05,3.79
"2025-10-24 05:00:00",5.14,67.72,10.09,4.94
"2025-10-24 06:00:00",2.67,71.46,10.81,5.4
"2025-10-24 07:00:00",9.68,65.19,9.88,5.25
"2025-10-24 08:00:00",20.47,56.9,10.98,6.4
"2025-10-24 09:00:00",19.57,59.68,14.61,7.53
"2025-10-24 10:00:00",14.74,64.12,10.49,5.57
"2025-10-24 11:00:00",9.72,73.51,12.71,7.78
"2025-10-24 12:00:00",4.92,79.02,5.86,3.15
"2025-10-24 13:00:00",5.74,74.25,3.2,1.91
"2025-10-24 14:00:00",5.17,69.7,3.06,2.13
"2025-10-24 15:00:00",6.19,71.05,4.96,3.03
"2025-10-24 16:00:00",7.23,69.51,4.88,2.75
"2025-10-24 17:00:00",12.7,59.06,5.18,3.48
"2025-10-24 18:00:00",15.87,53.8,7.45,5.16
"2025-10-24 19:00:00",20.67,51.27,10.43,6.67
"2025-10-24 20:00:00",10.02,64.86,9.67,6.01
"2025-10-24 21:00:00",3.82,72.94,5.72,3.8
"2025-10-24 22:00:00",4.01,73.29,10.01,5.87
"2025-10-24 23:00:00",3.03,74.46,9.24,4.69
"2025-10-25 00:00:00",1.71,74.64,9.43,4.25
"2025-10-25 01:00:00",0.91,75.09,8.23,3.72
"2025-10-25 02:00:00",0.12,77.31,6.07,2.74
"2025-10-25 03:00:00",-0.23,82.51,6.16,2.68
"2025-10-25 04:00:00",-0.27,79.15,7.08,3.11
"2025-10-25 05:00:00",-0.05,82.56,7.57,3.06
"2025-10-25 06:00:00",2.82,81.71,5.57,2.47
"2025-10-25 07:00:00",6.23,70.21,6.22,2.68
"2025-10-25 08:00:00",5.1,83.56,7.61,3.22
"2025-10-25 09:00:00",6.35,81.09,8.44,3.68
"2025-10-25 10:00:00",4.73,82.24,8.52,3.68
"2025-10-25 11:00:00",4.52,81.73,7.99,3.33
"2025-10-25 12:00:00",3.59,85.03,6.33,2.77
"2025-10-25 13:00:00",3.52,86.14,5.82,2.57
"2025-10-25 14:00:00",3.07,88.44,5.43,2.28
"2025-10-25 15:00:00",3.64,85.44,5.44,2.52
"2025-10-25 16:00:00",2.65,84.88,6.91,3.08
"2025-10-25 17:00:00",3.35,79.68,7.86,3.87
"2025-10-25 18:00:00",5.86,76.13,8.64,4.49
"2025-10-25 19:00:00",9.3,74.56,6.66,3.77
"2025-10-25 20:00:00",12.56,65.46,8.84,5.11
"2025-10-25 21:00:00",12.15,62.94,12.37,6.6
"2025-10-25 22:00:00",9.95,67.61,14.31,6.96
"2025-10-25 23:00:00",10.38,72.28,16.08,8.35
"2025-10-26 00:00:00",2.94,83.96,7.12,3.51
"2025-10-26 00:01:00",,,,
"2025-10-26 01:01:00",,,,
"2025-10-26 02:00:00",1.03,81.82,4.99,2.1
"2025-10-26 03:00:00",0.44,80.84,4.16,1.75
"2025-10-26 04:00:00",0.51,72.46,5.59,2.49
"2025-10-26 05:00:00",0.94,64.69,4.9,2.38
"2025-10-26 06:00:00",0.92,66.29,4.5,1.94
"2025-10-26 07:00:00",4.89,55.25,5.66,2.11
"2025-10-26 08:00:00",8.46,48.38,5.37,2.52
"2025-10-26 09:00:00",3.33,60.91,5.46,2.9
"2025-10-26 10:00:00",2.7,78.89,5.52,2.67
"2025-10-26 11:00:00",2.64,83.12,4.85,2.59
"2025-10-26 12:00:00",3.11,85.23,3.42,2.09
"2025-10-26 13:00:00",2.63,85.84,2.32,1.62
"2025-10-26 14:00:00",2.21,85.51,2.57,1.96
"2025-10-26 15:00:00",2.35,84.68,2.73,1.95
"2025-10-26 16:00:00",4.23,83.1,3.48,2.59
"2025-10-26 17:00:00",3.55,86.19,3.89,2.47
"2025-10-26 18:00:00",2.27,90.34,6.67,3.89
"2025-10-26 19:00:00",3.21,89.72,7.88,4.81
"2025-10-26 20:00:00",3.06,91.6,10.71,5.72
"2025-10-26 21:00:00",3.44,89.8,13.23,7.15
"2025-10-26 22:00:00",2.32,89.51,15.64,8
"2025-10-26 23:00:00",2,89.29,16.86,8.61
"2025-10-27 00:00:00",0.78,91.74,17.32,8.82
"2025-10-27 01:00:00",-0.01,94.23,16.79,8.78
"2025-10-27 02:00:00",-0.21,94.38,18.56,9.47
"2025-10-27 03:00:00",-0.46,91.41,20.83,10.35
"2025-10-27 04:00:00",0.03,86.37,20.71,10.62
"2025-10-27 05:00:00",0.08,82.47,18.32,9.61
"2025-10-27 06:00:00",0.69,81.29,19.69,9.39
"2025-10-27 07:00:00",6.25,76,18.32,8.91
"2025-10-27 08:00:00",5.52,78.67,18.71,9.11
"2025-10-27 09:00:00",4.96,84.95,13.48,6.83
"2025-10-27 10:00:00",5.54,81.28,7.97,4.17
"2025-10-27 11:00:00",8.26,74.28,3.21,2.07
"2025-10-27 12:00:00",3.54,89.58,7.35,4.57
"2025-10-27 13:00:00",4.18,86.65,6.47,4.12
"2025-10-27 14:00:00",4.84,86.79,3.41,2.33
"2025-10-27 15:00:00",3.77,87.28,4.71,3.13
"2025-10-27 16:00:00",4.01,87.03,6.13,3.71
"2025-10-27 17:00:00",3.57,87.68,13.8,7.01
"2025-10-27 18:00:00",3.23,87.8,13.22,6.9
"2025-10-27 19:00:00",14.37,75.32,15.47,7.74
"2025-10-27 20:00:00",20.71,69.35,10.73,6.12
"2025-10-27 21:00:00",8.97,82.92,9.52,5.64
"2025-10-27 22:00:00",1.92,97.66,8.71,4.93
"2025-10-27 23:00:00",1.29,92.55,19.96,10.38
"2025-10-28 00:00:00",0.48,94.38,19.08,9.89
"2025-10-28 01:00:00",0.02,90.48,17.34,8.88
"2025-10-28 02:00:00",0.63,86.15,16.33,7.78
"2025-10-28 03:00:00",2.33,80.99,21.31,9.72
"2025-10-28 04:00:00",1.64,79.55,17.79,8.83
"2025-10-28 05:00:00",0.19,88.99,13.54,7.24
"2025-10-28 06:00:00",1.37,83.72,14.48,7.04
"2025-10-28 07:00:00",3.41,77.19,19.02,9.06
"2025-10-28 08:00:00",5.58,73.75,17.15,8.41
"2025-10-28 09:00:00",7,71.28,17.61,8.14
"2025-10-28 10:00:00",5.11,73.62,15.97,8.08
"2025-10-28 11:00:00",5.56,76.68,16.62,7.93
"2025-10-28 12:00:00",5.58,81.41,16.64,7.97
"2025-10-28 13:00:00",4.59,87.45,15.12,6.82
"2025-10-28 14:00:00",7.08,89.08,14.93,6.75
"2025-10-28 15:00:00",7.73,85.28,16.22,7.31
"2025-10-28 16:00:00",8.9,81.72,17.68,8.23
"2025-10-28 17:00:00",8.73,78.61,16.21,7.4
"2025-10-28 18:00:00",10.06,75.06,12.87,7.63
"2025-10-28 19:00:00",9.02,74.67,14.62,9.23
"2025-10-28 20:00:00",6.29,82.92,13.99,8.21
"2025-10-28 21:00:00",4.61,80.37,10.23,6.6
"2025-10-28 22:00:00",4.62,74.39,13.33,7.42
"2025-10-28 23:00:00",1.14,81.16,9.04,4.95
"2025-10-29 00:00:00",0.84,78.99,8.78,4.87
"2025-10-29 01:00:00",0.56,79.26,11.81,5.99
"2025-10-29 02:00:00",-0.11,77.25,12.07,5.7
"2025-10-29 03:00:00",0.48,70.35,10.96,5.48
"2025-10-29 04:00:00",-0.53,78.19,10.35,5.12
"2025-10-29 05:00:00",-0.19,77.72,10.63,4.86
"2025-10-29 06:00:00",3.15,69.74,10.72,4.79
"2025-10-29 07:00:00",11.52,58.94,9.68,4.58
"2025-10-29 08:00:00",15.39,57.5,10.75,5.28
"2025-10-29 09:00:00",17.78,54.8,10.36,4.65
"2025-10-29 10:00:00",12.15,65.61,9.01,4.4
"2025-10-29 11:00:00",5.64,73.79,7.62,4.21
"2025-10-29 12:00:00",9.8,76.5,6.97,3.38
"2025-10-29 13:00:00",10.2,83.34,10.71,4.8
"2025-10-29 14:00:00",6.81,88.61,6.49,3.24
"2025-10-29 15:00:00",6.3,91.06,7.49,3.26
"2025-10-29 16:00:00",12.7,78.79,7.69,3.55
"2025-10-29 17:00:00",18.34,69.69,13.24,5.61
"2025-10-29 18:00:00",17.31,60.69,13.54,6.75
"2025-10-29 19:00:00",21.94,54.49,19.47,11.39
"2025-10-29 20:00:00",14.46,57.91,14.27,8.48
"2025-10-29 21:00:00",14.58,54.98,17.4,11.69
"2025-10-29 22:00:00",15.41,51.7,18.43,13.19
"2025-10-29 23:00:00",26.43,40.34,18.27,14.2
"2025-10-30 00:00:00",13.78,48.47,13.77,9.84
"2025-10-30 01:00:00",13.53,44.24,12.58,8.51
"2025-10-30 02:00:00",6.6,42.43,10.07,6.44
"2025-10-30 03:00:00",5.21,42.91,8.75,5.42
"2025-10-30 04:00:00",1.9,50.09,7.78,4.29
"2025-10-30 05:00:00",3.44,49.85,6.9,3.61
"2025-10-30 06:00:00",27.59,30.52,6.98,3.93
"2025-10-30 07:00:00",15.69,49.61,6.44,3.4
"2025-10-30 08:00:00",16.43,55.65,5.99,3.21
"2025-10-30 09:00:00",3.5,87.69,2.98,1.53
"2025-10-30 10:00:00",4.02,86.39,1.66,0.89
"2025-10-30 11:00:00",3.25,87.25,1.4,0.85
"2025-10-30 12:00:00",1.62,71.39,2.86,1.9
"2025-10-30 13:00:00",1.55,70.41,3.7,2.55
"2025-10-30 14:00:00",1.28,72.88,5.84,4.04
"2025-10-30 15:00:00",1.02,74.76,6.78,4.81
"2025-10-30 16:00:00",1.31,78.73,9.22,6.04
"2025-10-30 17:00:00",1.36,80.26,6.47,4.79
"2025-10-30 18:00:00",3.77,81.65,5.35,4.25
"2025-10-30 19:00:00",3.78,79.43,7.86,6.51
"2025-10-30 20:00:00",3.7,75.55,18.1,12.88
"2025-10-30 21:00:00",3.62,72.1,22.84,14.72
"2025-10-30 22:00:00",2.2,71.02,20.68,12.22
"2025-10-30 23:00:00",0.86,73.76,18.97,11.31
"2025-10-31 00:00:00",0,77.21,16.87,9.45
"2025-10-31 01:00:00",0.02,77.52,14.67,8.29
"2025-10-31 02:00:00",-0.41,78.11,16,8.88
"2025-10-31 03:00:00",-0.49,77.2,17.55,9.59
"2025-10-31 04:00:00",-0.66,75.79,15.74,8.4
"2025-10-31 05:00:00",-0.87,74.24,18.1,9
"2025-10-31 06:00:00",-0.59,76.76,14.15,8.27
"2025-10-31 07:00:00",-0.13,76.52,5.5,3.78
"2025-10-31 08:00:00",2.7,69.47,6.32,4.37
"2025-10-31 09:00:00",6.4,65.93,4.97,3.2
"2025-10-31 10:00:00",4.3,65.52,3.88,2.48
"2025-10-31 11:00:00",3.15,66.61,1.91,1.16
"2025-10-31 12:00:00",2.62,67.43,2.09,1.09
"2025-10-31 13:00:00",2.87,68.64,5.98,2.65
"2025-10-31 14:00:00",2.32,70.05,7.87,3.5
"2025-10-31 15:00:00",3.09,69.58,7.61,3.84
"2025-10-31 16:00:00",4.49,66.65,9.77,5.46
"2025-10-31 17:00:00",7.42,61.78,13.61,8.09
"2025-10-31 18:00:00",11.84,52.25,19.21,13.21
"2025-10-31 19:00:00",27.57,34.67,22.41,15.09
"2025-10-31 20:00:00",19.09,45.27,19.28,16.6
"2025-10-31 21:00:00",17.51,52.87,10.21,8.89
"2025-10-31 22:00:00",5.42,60.02,8.42,7.58
"2025-10-31 23:00:00",4.73,56.69,4.59,4.08
"2025-11-01 00:00:00",4.11,53.72,4.75,3.91
"2025-11-01 01:00:00",1.24,55.98,3.52,2.34
"2025-11-01 02:00:00",1.31,58.75,4.27,2.42
"2025-11-01 03:00:00",0.38,63.71,3.81,1.96
"2025-11-01 04:00:00",0.73,62.74,6.07,2.83
"2025-11-01 05:00:00",0.61,65.82,6.04,3.09
"2025-11-01 06:00:00",0.12,65.49,8.68,4.54
"2025-11-01 07:00:00",0.67,59.03,10.13,5.45
"2025-11-01 08:00:00",2.94,57.14,10.43,5.44
"2025-11-01 09:00:00",6.38,52.23,10.67,5.6
"2025-11-01 10:00:00",3.74,50.9,12.73,6.03
"2025-11-01 11:00:00",6.23,53.28,8.39,4.46
"2025-11-01 12:00:00",2.51,58.79,5.48,3.23
"2025-11-01 13:00:00",4.01,63.82,5.45,3.51
"2025-11-01 14:00:00",2.54,65.23,8.86,5.34
"2025-11-01 15:00:00",2.1,69.22,9.85,4.76
"2025-11-01 16:00:00",4.18,65.64,12.23,9.18
"2025-11-01 17:00:00",10.06,52.26,9.93,7.71
"2025-11-01 18:00:00",5.4,60.19,11.79,9.51
"2025-11-01 19:00:00",4.77,61.74,12.65,10.2
"2025-11-01 20:00:00",8.37,58.92,9.51,8.17
"2025-11-01 21:00:00",6.26,61.95,6.22,5.25
"2025-11-01 22:00:00",5.34,70.94,4.96,4.18
"2025-11-01 23:00:00",3.77,66.75,5.69,4.99
"2025-11-02 00:00:00",3.64,58.31,5.61,3.76
"2025-11-02 01:00:00",2.93,57.35,5.57,3.36
"2025-11-02 02:00:00",2.18,57.37,5.54,3.22
"2025-11-02 03:00:00",3.69,57.14,6.39,3.17
"2025-11-02 04:00:00",2.65,52.64,5.81,3.22
"2025-11-02 05:00:00",0.8,54.63,5.48,2.96
"2025-11-02 06:00:00",0.42,63.46,5.26,2.68
"2025-11-02 07:00:00",0.73,58.54,5.22,2.59
"2025-11-02 08:00:00",2.13,50.88,5.38,2.81
"2025-11-02 09:00:00",5.94,51.06,6.26,2.97
"2025-11-02 10:00:00",2.37,63.45,7.39,3.4
"2025-11-02 11:00:00",2.34,64.41,9.35,4.17
"2025-11-02 12:00:00",1.28,69.47,8.48,4.07
"2025-11-02 13:00:00",0.97,68.21,9.69,4.82
"2025-11-02 14:00:00",2.51,69.96,8.94,4.64
"2025-11-02 15:00:00",3.77,66.1,14.26,7.62
"2025-11-02 16:00:00",4.05,63.91,13.65,8.66
"2025-11-02 17:00:00",6.2,53.97,13.28,9.56
"2025-11-02 18:00:00",6.43,54.14,15.16,11.54
"2025-11-02 19:00:00",6.26,53.99,18.51,14.23
"2025-11-02 20:00:00",4.03,56.51,18.61,14.52
"2025-11-02 21:00:00",2.53,58.3,8.26,6.72
"2025-11-02 22:00:00",1.92,58.77,5.24,4.33
"2025-11-02 23:00:00",1.78,62.23,6.06,3.99
"2025-11-03 00:00:00",-0.45,70.87,8.77,5.04
"2025-11-03 01:00:00",-0.5,71.29,6.98,4.16
"2025-11-03 02:00:00",-0.81,73.8,3.07,1.83
"2025-11-03 03:00:00",-1.11,75.56,1.2,0.51
"2025-11-03 04:00:00",-0.67,71.76,0.92,0.33
"2025-11-03 05:00:00",-0.57,71.01,0.98,0.31
"2025-11-03 06:00:00",-0.47,72.44,1.37,0.68
"2025-11-03 07:00:00",0.81,66.62,1.57,0.63
"2025-11-03 08:00:00",2.01,65.46,1.26,0.54
"2025-11-03 09:00:00",4.38,63.51,1.16,0.52
"2025-11-03 10:00:00",3.15,64.87,1.28,0.52
"2025-11-03 11:00:00",1.71,68.53,1.69,0.9
"2025-11-03 12:00:00",0.72,71.01,2.79,1.44
"2025-11-03 13:00:00",0.42,72.25,5.1,2.98
"2025-11-03 14:00:00",1.67,68.31,5.02,3.15
"2025-11-03 15:00:00",3.09,65.17,2.64,1.67
"2025-11-03 16:00:00",3.02,65.88,3.76,2.51
"2025-11-03 17:00:00",3.39,67.18,3.13,2.41
"2025-11-03 18:00:00",4.2,67.76,3.99,3.31
"2025-11-03 19:00:00",3.56,68.83,5.05,4.23
"2025-11-03 20:00:00",3.93,63.94,3.82,2.88
"2025-11-03 21:00:00",4.51,62.23,6.46,5.02
"2025-11-03 22:00:00",3,64.92,7.67,5.62
"2025-11-03 23:00:00",3.43,59.62,6.71,4.1
"2025-11-04 00:00:00",1.12,57.63,5.29,3.64
"2025-11-04 01:00:00",0.28,61.6,3.92,2.57
"2025-11-04 02:00:00",-0.17,58.63,5.47,2.96
"2025-11-04 03:00:00",-0.97,60.23,5.45,2.99
"2025-11-04 04:00:00",-0.4,56.17,6.77,3.77
"2025-11-04 05:00:00",4.71,44.13,6.49,3.69
"2025-11-04 06:00:00",7.59,44.71,5.32,2.78
"2025-11-04 07:00:00",24.26,21.03,5.1,3.13
"2025-11-04 08:00:00",36.18,22.37,3.67,2.31
"2025-11-04 09:00:00",39.15,17.44,3.16,1.23
"2025-11-04 10:00:00",32.68,28.94,5.92,2.55
"2025-11-04 11:00:00",10.3,46.35,2.87,1.72
"2025-11-04 12:00:00",4.55,55.07,3.08,1.28
"2025-11-04 13:00:00",3.36,57.56,3.9,2.06
"2025-11-04 14:00:00",3.15,57.88,3.83,2.42
"2025-11-04 15:00:00",4.51,60.37,5.29,3.41
"2025-11-04 16:00:00",15.05,43.31,4.5,2.85
"2025-11-04 17:00:00",35.12,19.19,8.18,6.69
"2025-11-04 18:00:00",45.11,6.86,12.41,10.84
"2025-11-04 19:00:00",38.03,12.32,8.52,6.57
"2025-11-04 20:00:00",25.81,21.31,13.01,11.04
"2025-11-04 21:00:00",10.63,40.07,8.58,7.12
"2025-11-04 22:00:00",16.09,33.68,7.48,6.01
"2025-11-04 23:00:00",11.98,35.12,7.53,5.27
"2025-11-05 00:00:00",10.94,36.84,6.04,3.52
"2025-11-05 01:00:00",1.79,46.88,4.58,2.03
"2025-11-05 02:00:00",0.49,61.67,2.44,0.97
"2025-11-05 03:00:00",0.17,55.49,2.79,0.83
"2025-11-05 04:00:00",0.17,56.24,2.08,0.78
"2025-11-05 05:00:00",0.2,59.21,2.29,0.76
"2025-11-05 06:00:00",4.86,49.67,2.24,0.66
"2025-11-05 07:00:00",15.2,32.4,2.89,0.95
"2025-11-05 08:00:00",40.85,9.98,5.12,2.32
"2025-11-05 09:00:00",50.39,4.53,4.82,2.63
"2025-11-05 10:00:00",44.34,7.37,6.91,3.99
"2025-11-05 11:00:00",28.54,25.19,5.5,3.48
"2025-11-05 12:00:00",21.18,37.72,4.48,2.29
"2025-11-05 13:00:00",20.3,34.52,5.73,3.07
"2025-11-05 14:00:00",6.78,52.54,2.91,1.69
"2025-11-05 15:00:00",6.21,58.14,4.25,2.14
"2025-11-05 16:00:00",7.5,57.55,4.79,3.18
"2025-11-05 17:00:00",12.1,48.1,7.44,5.97
"2025-11-05 18:00:00",26.11,27.26,15.57,14.04
"2025-11-05 19:00:00",25.39,33.19,11,9.27
"2025-11-05 20:00:00",30.59,26.7,7.2,5.4
"2025-11-05 21:00:00",26.69,15.2,8.78,6.18
"2025-11-05 22:00:00",17.65,24.73,10.76,8.02
"2025-11-05 23:00:00",16.21,34.8,7.05,4.88
"2025-11-06 00:00:00",14.85,38.34,5.83,3.8
"2025-11-06 01:00:00",2.07,52.74,3.84,1.91
"2025-11-06 02:00:00",1.12,51.08,4.46,2.32
"2025-11-06 03:00:00",0.89,47.11,6.17,3.9
"2025-11-06 04:00:00",1.32,45.68,5.75,3.5
"2025-11-06 05:00:00",1.31,56.18,5.68,3.22
"2025-11-06 06:00:00",9.44,48.82,5.97,3.91
"2025-11-06 07:00:00",9.7,50.61,8.13,5.4
"2025-11-06 08:00:00",10.72,46.39,7.58,4.86
"2025-11-06 09:00:00",11.33,50.05,5.56,3.49
"2025-11-06 10:00:00",6.19,58.03,3.05,2.12
"2025-11-06 11:00:00",4.02,62.83,3.82,2.35
"2025-11-06 12:00:00",4.15,64.62,3.72,2.37
"2025-11-06 13:00:00",3.02,69.7,5.43,3.2
"2025-11-06 14:00:00",3.62,68.59,5.58,3.21
"2025-11-06 15:00:00",7.73,61.55,8.7,5.56
"2025-11-06 16:00:00",6.81,62.42,10.69,5.78
"2025-11-06 17:00:00",7.7,58.6,13.06,8.74
"2025-11-06 18:00:00",14.12,46.33,14.14,10.87
"2025-11-06 19:00:00",18.04,39.85,11.72,9
"2025-11-06 20:00:00",16.7,37.07,11.45,8.78
"2025-11-06 21:00:00",10.72,48.7,10.24,8.08
"2025-11-06 22:00:00",4.24,62.65,8.71,6.57
"2025-11-06 23:00:00",1.71,68.14,6.69,4.65
"2025-11-07 00:00:00",0,74.3,3.44,2.41
"2025-11-07 01:00:00",0.06,66.28,2.19,1.39
"2025-11-07 02:00:00",-0.18,57.32,2.07,1.22
"2025-11-07 03:00:00",-0.74,57.96,1.73,0.98
"2025-11-07 04:00:00",-0.48,53.47,1.61,0.69
"2025-11-07 05:00:00",0.32,51.44,1.8,0.68
"2025-11-07 06:00:00",-0.2,58.61,0.96,0.43
"2025-11-07 07:00:00",2.31,57.63,1.68,0.62
"2025-11-07 08:00:00",5.19,58.14,1.75,0.74
"2025-11-07 09:00:00",5.79,64.22,2.12,0.9
"2025-11-07 10:00:00",10.32,69.64,2.96,1.48
"2025-11-07 11:00:00",15.98,53.7,3.59,1.7
"2025-11-07 12:00:00",8.2,63.08,3.27,1.37
"2025-11-07 13:00:00",10.11,51.26,2.6,1.52
"2025-11-07 14:00:00",23.76,37.29,2.6,1.92
"2025-11-07 15:00:00",27.25,36.51,6.65,4.45
"2025-11-07 16:00:00",16.19,55.56,7.83,3.36
"2025-11-07 17:00:00",17.47,58.87,10.13,5.54
"2025-11-07 18:00:00",16.43,53.81,11.4,5.91
"2025-11-07 19:00:00",16.94,48.5,13.56,7.87
"2025-11-07 20:00:00",14.4,48.22,16.5,8.09
"2025-11-07 21:00:00",15.46,40.78,17.41,8.62
"2025-11-07 22:00:00",10.86,36.9,20.3,12.32
"2025-11-07 23:00:00",8.88,33.33,20.81,12.74
"2025-11-08 00:00:00",7.33,30.19,18.84,11.79
"2025-11-08 01:00:00",5.89,26.85,16.71,10.13
"2025-11-08 02:00:00",10.35,20.08,15.54,9.49
"2025-11-08 03:00:00",6.31,22.19,11.68,6.67
"2025-11-08 04:00:00",2.34,25.27,10.82,6.2
"2025-11-08 05:00:00",3.87,21.65,11.22,6.48
"2025-11-08 06:00:00",17.32,10.2,10.56,6.17
"2025-11-08 07:00:00",21.45,11.08,10.72,6.04
"2025-11-08 08:00:00",24.73,7.3,9.39,5.38
"2025-11-08 09:00:00",20.4,11.55,12.21,7.65
"2025-11-08 10:00:00",5.92,31.69,11.21,6.33
"2025-11-08 11:00:00",5.46,35.19,8.54,4.4
"2025-11-08 12:00:00",2.77,45.21,10.48,5.41
"2025-11-08 13:00:00",3.28,46.85,10.38,5.91
"2025-11-08 14:00:00",3.38,46.35,9.04,5.37
"2025-11-08 15:00:00",3.19,54.91,6.56,4.7
"2025-11-08 16:00:00",4.03,58.46,7.01,5.69
"2025-11-08 17:00:00",4.53,55.67,7.79,6.46
"2025-11-08 18:00:00",6.59,53.19,19.04,14.74
"2025-11-08 19:00:00",4.38,57.09,16.9,11.83
"2025-11-08 20:00:00",3.35,55.55,15.86,10.91
"2025-11-08 21:00:00",1.92,59.16,16.88,10.82
"2025-11-08 22:00:00",0.5,63,17.92,10.92
"2025-11-08 23:00:00",0.23,66.14,18.21,11.15
"2025-11-09 00:00:00",-0.53,70.2,17.28,10.46
"2025-11-09 01:00:00",-0.67,73.52,10.21,6.97
"2025-11-09 02:00:00",-0.15,68.05,4.31,3.09
"2025-11-09 03:00:00",-0.02,65.22,1.4,0.6
"2025-11-09 04:00:00",0.32,51.73,2.92,1.09
"2025-11-09 05:00:00",0.14,53.95,8.85,4.67
"2025-11-09 06:00:00",-0.12,54.97,12.53,7.06
"2025-11-09 07:00:00",0.13,54.53,12.79,6.15
"2025-11-09 08:00:00",1.45,49.92,11.31,5.82
"2025-11-09 09:00:00",8.53,37.27,9.89,5.5
"2025-11-09 10:00:00",3.99,48.34,9.93,5.04
"2025-11-09 11:00:00",2.75,53.29,9.63,5.12
"2025-11-09 12:00:00",2.77,58.8,12.2,5.57
"2025-11-09 13:00:00",3.08,62.64,12.37,5.48
"2025-11-09 14:00:00",3.06,61.43,13.02,6.8
"2025-11-09 15:00:00",3.07,57.49,13.12,7.89
"2025-11-09 16:00:00",7.11,50.48,16.5,10.58
"2025-11-09 17:00:00",28.69,20.93,15.22,9.84
"2025-11-09 18:00:00",27.83,23.39,17.34,12
"2025-11-09 19:00:00",32.61,13.43,22.61,17.52
"2025-11-09 20:00:00",28.7,19.83,23.27,19.89
"2025-11-09 21:00:00",19.49,33.77,12.63,10.51
"2025-11-09 22:00:00",9.2,47.54,7.91,6.32
"2025-11-09 23:00:00",6.48,52.93,5.93,3.95
"2025-11-10 00:00:00",2.25,56.9,5.01,3.53
"2025-11-10 01:00:00",0.7,62.85,3.73,2.65
"2025-11-10 02:00:00",1.07,56.93,4.48,2.67
"2025-11-10 03:00:00",2.94,47.97,4.47,2.58
"2025-11-10 04:00:00",1.4,42.38,4.1,2.52
"2025-11-10 05:00:00",3.02,37.44,3.37,2.57
"2025-11-10 06:00:00",39.11,7.58,4.8,4.1
"2025-11-10 07:00:00",20.63,22.6,3.46,3.19
"2025-11-10 08:00:00",34.22,10.15,4.04,3.71
"2025-11-10 09:00:00",35.48,5.81,5.23,4.08
"2025-11-10 10:00:00",36.65,12,6.3,3.64
"2025-11-10 11:00:00",15.16,37.13,5.06,2.67
"2025-11-10 12:00:00",4.52,50.3,4.39,2.23
"2025-11-10 13:00:00",2.85,54.28,3.2,1.69
"2025-11-10 14:00:00",2.48,54.85,3.62,2.06
"2025-11-10 15:00:00",5.11,50.71,4.34,2.27
"2025-11-10 16:00:00",6.23,48.25,5.03,2.94
"2025-11-10 17:00:00",14.12,36.22,9.29,6.76
"2025-11-10 18:00:00",22.11,29.29,16.39,13.28
"2025-11-10 19:00:00",24.68,19.98,22.32,18.78
"2025-11-10 20:00:00",22.77,21.42,18.73,15.99
"2025-11-10 21:00:00",13.62,32.02,12.94,10.76
"2025-11-10 22:00:00",32.37,10.29,25.21,21.81
"2025-11-10 23:00:00",25.94,20.91,10.85,8.04
"2025-11-11 00:00:00",12.54,33.15,6.88,4.03
"2025-11-11 01:00:00",6.62,38.06,6,3.39
"2025-11-11 02:00:00",3.7,48.6,5.42,3.04
"2025-11-11 03:00:00",2.31,59.32,2.93,1.86
"2025-11-11 04:00:00",-0.05,68.23,2.03,1.16
"2025-11-11 05:00:00",2.47,62.93,2.55,1.62
"2025-11-11 06:00:00",-0.53,78.19,3.07,2.17
"2025-11-11 07:00:00",1.14,81.03,1.59,0.81
"2025-11-11 08:00:00",5.13,68.08,6.19,3.58
"2025-11-11 09:00:00",6.22,70.86,5.37,3.87
"2025-11-11 10:00:00",5.61,71.68,3.82,2.32
"2025-11-11 11:00:00",8.6,67.96,3.14,2.07
"2025-11-11 12:00:00",2.6,80.68,2.92,1.96
"2025-11-11 13:00:00",4.08,75.99,4.01,2.5
"2025-11-11 14:00:00",4.09,72.92,3.2,2.26
"2025-11-11 15:00:00",7.37,65.55,3.16,2.12
"2025-11-11 16:00:00",11.03,62.69,4.69,2.84
"2025-11-11 17:00:00",16.48,55.57,6.43,4.3
"2025-11-11 18:00:00",21.7,40.66,13.16,10.76
"2025-11-11 19:00:00",24.09,35.54,17.19,13.66
"2025-11-11 20:00:00",9.35,48.48,16.47,12.8
"2025-11-11 21:00:00",9.54,45.8,14.72,10.1
"2025-11-11 22:00:00",9.88,43.22,19.89,14.23
"2025-11-11 23:00:00",8.03,41.28,20.47,14.43
"2025-11-12 00:00:00",9.44,35.21,14.78,10
"2025-11-12 01:00:00",9.36,36.12,11.2,7.21
"2025-11-12 02:00:00",7.96,33.69,11.23,7.51
"2025-11-12 03:00:00",9.1,26.81,10.29,7.26
"2025-11-12 04:00:00",5.25,29.95,9.33,5.96
"2025-11-12 05:00:00",2.97,32.6,6.25,4.9
"2025-11-12 06:00:00",12.24,23.82,5.67,4.32
"2025-11-12 07:00:00",25.88,10.68,5.54,4.42
"2025-11-12 08:00:00",39.32,5.3,7.29,4.79
"2025-11-12 09:00:00",32.84,5.91,7.38,5.36
"2025-11-12 10:00:00",38.32,5.74,8.16,5.18
"2025-11-12 11:00:00",31.2,11.3,8.69,5.35
"2025-11-12 12:00:00",24.63,14.29,6.85,4.29
"2025-11-12 13:00:00",21.36,26.55,7.89,4.3
"2025-11-12 14:00:00",19.04,32.06,8.16,5.02
"2025-11-12 15:00:00",19.16,35.3,10.03,6.04
"2025-11-12 16:00:00",18.06,32.55,7.21,5.08
"2025-11-12 17:00:00",14.61,48.6,4.9,3.73
"2025-11-12 18:00:00",14.66,53.24,4.26,3.42
"2025-11-12 19:00:00",11.34,49.97,3.45,2.96
"2025-11-12 20:00:00",12.08,47.63,3.85,3.42
"2025-11-12 21:00:00",7.74,60.84,2.94,2.55
"2025-11-12 22:00:00",8.58,59.34,3.14,2.57
"2025-11-12 23:00:00",8.71,58.27,3.07,2.49
"2025-11-13 00:00:00",10.51,49.76,3.03,2.15
"2025-11-13 01:00:00",7.41,46.47,3.56,2.31
"2025-11-13 02:00:00",10.1,35.55,7.47,6.11
"2025-11-13 03:00:00",2.38,42.26,5.65,5.26
"2025-11-13 04:00:00",3.72,37.01,7,6.45
"2025-11-13 05:00:00",2.72,36.63,6.83,6.21
"2025-11-13 06:00:00",4.24,32.17,5.9,5.46
"2025-11-13 07:00:00",15.56,18.48,5.5,5.17
"2025-11-13 08:00:00",24.34,15.02,6.5,5.82
"2025-11-13 09:00:00",26.93,13.28,6.2,5.09
"2025-11-13 10:00:00",27.15,11.58,8.75,6.24
"2025-11-13 11:00:00",29.94,12.61,10.39,6.18
"2025-11-13 12:00:00",10.77,48.34,9.36,4.56
"2025-11-13 13:00:00",4.31,59,6.55,3.61
"2025-11-13 14:00:00",5.5,62.12,6.55,3.4
"2025-11-13 15:00:00",10.17,53.19,9.69,4.49
"2025-11-13 16:00:00",27.1,34.48,10.14,6.08
"2025-11-13 17:00:00",33.46,22.86,11.05,7.44
"2025-11-13 18:00:00",26.76,20.92,11.8,8.28
"2025-11-13 19:00:00",14.87,22.55,9.48,7.66
"2025-11-13 20:00:00",10.12,26.92,9.26,7.34
"2025-11-13 21:00:00",8.47,25.49,12.12,9.76
"2025-11-13 22:00:00",7.71,23.49,11.96,9.93
"2025-11-13 23:00:00",6.27,23.92,12.44,9.85
"2025-11-14 00:00:00",4.95,25.95,10.78,8.92
"2025-11-14 01:00:00",4.06,30.36,8.7,7.3
"2025-11-14 02:00:00",2.42,39.34,2.58,1.72
"2025-11-14 03:00:00",1.07,51.44,3.66,2.82
"2025-11-14 04:00:00",0.17,56.84,5.16,3.86
"2025-11-14 05:00:00",0.02,60.91,5.75,3.66
"2025-11-14 06:00:00",0.19,63.05,3.93,2.62
"2025-11-14 07:00:00",1.56,60.33,1.67,0.94
"2025-11-14 08:00:00",6.68,57.98,2.03,1.28
"2025-11-14 09:00:00",8.73,56.24,2.58,1.5
"2025-11-14 10:00:00",8.82,56.43,2.34,1.28
"2025-11-14 11:00:00",7.22,58.71,2.16,1.09
"2025-11-14 12:00:00",9.31,59.87,2.75,1.67
"2025-11-14 13:00:00",8.13,61.58,3.81,2.06
"2025-11-14 14:00:00",6.61,64.17,3.46,2.15
"2025-11-14 15:00:00",6.25,65.82,4.46,2.57
"2025-11-14 16:00:00",7.27,64.57,4.84,2.72
"2025-11-14 17:00:00",7.13,65.91,5.26,2.91
"2025-11-14 18:00:00",7.04,66.49,5.19,3.2
"2025-11-14 19:00:00",5.82,66.52,3.75,2.69
"2025-11-14 20:00:00",5.05,65.88,3.95,2.97
"2025-11-14 21:00:00",5.21,66.43,4.46,3.39
"2025-11-14 22:00:00",4.05,67.53,4.81,3.48
"2025-11-14 23:00:00",4.42,66,4.52,3.2
"2025-11-15 00:00:00",2.49,68.4,3.49,2.49
"2025-11-15 01:00:00",1.02,69.41,3.07,2.12
"2025-11-15 02:00:00",0.87,68.7,2.6,1.81
"2025-11-15 03:00:00",0.66,68.37,2.22,1.55
"2025-11-15 04:00:00",0.35,68.05,1.83,1.2
"2025-11-15 05:00:00",0.04,68.3,1.85,1.11
"2025-11-15 06:00:00",0.97,65.88,1.93,1.12
"2025-11-15 07:00:00",3.1,62.09,1.67,0.92
"2025-11-15 08:00:00",4.68,59.63,1.59,0.9
"2025-11-15 09:00:00",7.23,54.43,1.93,1.38
"2025-11-15 10:00:00",9.32,48.25,2.55,1.57
"2025-11-15 11:00:00",10.98,44.08,2.48,1.46
"2025-11-15 12:00:00",10.29,43.44,2.48,1.61
"2025-11-15 13:00:00",10.5,41.4,2.32,1.48
"2025-11-15 14:00:00",10.84,40.01,2.93,1.89
"2025-11-15 15:00:00",11.24,39.62,3.08,2.18
"2025-11-15 16:00:00",10.17,38.6,4.6,2.92
"2025-11-15 17:00:00",12.76,34.79,6.19,4.34
"2025-11-15 18:00:00",16.82,29.88,8.04,6.57
"2025-11-15 19:00:00",13.01,31.05,9.23,7.57
"2025-11-15 20:00:00",13.51,29.19,13.22,11.35
"2025-11-15 21:00:00",20.61,23.38,15.76,14.05
"2025-11-15 22:00:00",13.18,29.27,12.64,11.35
"2025-11-15 23:00:00",8.37,36.66,12.34,10.5
"2025-11-16 00:00:00",6.05,42.77,9.2,7.94
"2025-11-16 01:00:00",6.8,38.15,9.14,7.53
"2025-11-16 02:00:00",13.2,27.94,12.21,10.47
"2025-11-16 03:00:00",9.22,31.49,12.91,10.65
"2025-11-16 04:00:00",4.78,36.77,12.1,9.66
"2025-11-16 05:00:00",3.78,34.84,9.89,7.95
"2025-11-16 06:00:00",3.46,36.24,9.33,6.94
"2025-11-16 07:00:00",3.12,42.28,6.39,4.34
"2025-11-16 08:00:00",2.22,45.7,4.93,3.3
"2025-11-16 09:00:00",5.41,43.66,5.88,3.49
"2025-11-16 10:00:00",3.97,46.41,7.84,4.32
"2025-11-16 11:00:00",4.68,50.07,7.02,3.95
"2025-11-16 12:00:00",5.31,46.82,9.2,5.08
"2025-11-16 13:00:00",6.69,46.53,10.65,5.49
"2025-11-16 14:00:00",5.93,51.28,9.46,5.07
"2025-11-16 15:00:00",6.67,53.14,8.95,5.05
"2025-11-16 16:00:00",7.68,52.67,10.36,5.48
"2025-11-16 17:00:00",9.98,57.13,9.24,5.44
"2025-11-16 18:00:00",12.92,58.49,10.71,6.12
"2025-11-16 19:00:00",11.91,63.27,13.46,8.28
"2025-11-16 20:00:00",11.78,64.02,14.43,9.6
"2025-11-16 21:00:00",12.83,59.49,14.7,9.8
"2025-11-16 22:00:00",16.83,52.07,17.94,13.6
"2025-11-16 23:00:00",12.8,51.97,13.55,9.96
"2025-11-17 00:00:00",5.14,55.15,8.09,5.25
"2025-11-17 01:00:00",4.58,49.84,6.03,4.24
"2025-11-17 02:00:00",13.03,23.65,14.72,12.47
"2025-11-17 03:00:00",18.51,12.66,16.68,13.81
"2025-11-17 04:00:00",15.36,12.62,14.12,11.77
"2025-11-17 05:00:00",11.32,26.16,6.45,4.81
"2025-11-17 06:00:00",10.94,20.18,5.85,4.26
"2025-11-17 07:00:00",21.8,4.33,8.07,5.28
"2025-11-17 08:00:00",29.79,3.13,8.44,5.88
"2025-11-17 09:00:00",32.11,9.24,10.47,6.55
"2025-11-17 10:00:00",22.92,20.52,8.41,5.58
"2025-11-17 11:00:00",19.83,26.31,7.8,5.44
"2025-11-17 11:01:00",,
"2025-11-17 12:00:00",,,9.68,6.48
"2025-11-17 12:01:00",,
"2025-11-17 13:00:00",,,10.77,6.94
"2025-11-17 14:00:00",,,9.68,6.2
"2025-11-17 15:00:00",18.46,38.61,9.19,4.84
"2025-11-17 16:00:00",20.57,40.55,10.46,4.2
"2025-11-17 17:00:00",25.03,31.43,17.3,5.51
"2025-11-17 18:00:00",41.89,9.81,12.93,7.45
"2025-11-17 19:00:00",44.35,6.48,21.82,14.64
"2025-11-17 20:00:00",47,6.61,56.25,50.23
"2025-11-17 21:00:00",42.91,5.85,56.77,52.6
"2025-11-17 22:00:00",39.46,6.67,76.34,71.22
"2025-11-17 23:00:00",28.61,6.49,30.06,27
"2025-11-18 00:00:00",31.29,5.52,22.92,19.98
"2025-11-18 01:00:00",23.27,7.94,23.03,20.88
"2025-11-18 02:00:00",13.86,13.43,15.73,13.89
"2025-11-18 03:00:00",11.69,15.21,14.04,12.02
"2025-11-18 04:00:00",5.43,22.67,9.29,7.85
"2025-11-18 05:00:00",7.13,22.43,6.84,5.69
"2025-11-18 06:00:00",11.47,25.63,5.69,4.2
"2025-11-18 07:00:00",13.87,28.31,3.74,2.45
"2025-11-18 08:00:00",24.58,19.9,3.4,2.45
"2025-11-18 09:00:00",44.42,13.37,3.99,1.85
"2025-11-18 10:00:00",39.3,26.23,7.09,2.93
"2025-11-18 11:00:00",19.82,47.35,4.9,2.22
"2025-11-18 12:00:00",12.51,58.85,6.69,3.44
"2025-11-18 13:00:00",11.59,60.44,4.21,1.98
"2025-11-18 14:00:00",9.67,64.75,5.95,2.43
"2025-11-18 15:00:00",9.27,66.43,5.22,2.54
"2025-11-18 16:00:00",13.92,62.5,6.94,3.56
"2025-11-18 17:00:00",18.62,58.72,7.87,4.33
"2025-11-18 18:00:00",26.43,48.26,11.5,6.93
"2025-11-18 19:00:00",19.72,51.13,18.57,9.58
"2025-11-18 20:00:00",12.98,57.31,16.15,9.34
"2025-11-18 21:00:00",13.99,55.65,17.41,10.57
"2025-11-18 22:00:00",8.73,61.01,13.3,8.17
"2025-11-18 23:00:00",9.13,56.22,12.9,6.27
"2025-11-19 00:00:00",3.36,61.21,8.21,4.43
"2025-11-19 01:00:00",2.36,61.1,5.23,2.96
"2025-11-19 02:00:00",0.98,67.6,4.67,2.35
"2025-11-19 03:00:00",0.89,70.98,5.99,2.99
"2025-11-19 04:00:00",0.94,71.7,5.63,2.62
"2025-11-19 05:00:00",2.05,70.24,5.38,2.69
"2025-11-19 06:00:00",3.75,70.85,6.61,2.99
"2025-11-19 07:00:00",6.26,66.91,7.04,3.18
"2025-11-19 08:00:00",11.78,63.77,6.84,3.51
"2025-11-19 09:00:00",25.94,44.08,8.57,3.75
"2025-11-19 10:00:00",16.93,56.95,6.95,3.3
"2025-11-19 11:00:00",8.31,69.32,5.52,2.85
"2025-11-19 12:00:00",8.78,68.37,5.74,3
"2025-11-19 13:00:00",10.87,67.78,7.52,3.58
"2025-11-19 14:00:00",9.86,68.9,8.61,4.31
"2025-11-19 15:00:00",8.93,70.74,8.15,4.26
"2025-11-19 16:00:00",19.33,56.36,10.77,4.83
"2025-11-19 17:00:00",20.21,56.03,8.47,5
"2025-11-19 18:00:00",24.32,51.19,7.13,5.61
"2025-11-19 19:00:00",30.91,38.08,13.77,12.68
"2025-11-19 20:00:00",36.6,32.75,20.49,18.46
"2025-11-19 21:00:00",31.1,29.62,16.3,13.98
"2025-11-19 22:00:00",25.93,37.98,14.8,13.46
"2025-11-19 23:00:00",14.42,49.41,11.66,9.93
"2025-11-20 00:00:00",8.93,51.32,6.09,4.57
"2025-11-20 01:00:00",6.34,53.15,5.36,3.84
"2025-11-20 02:00:00",4.11,53.17,5.39,3.46
"2025-11-20 03:00:00",2.69,58.08,4.19,2.6
"2025-11-20 04:00:00",1.8,59.59,3.14,1.94
"2025-11-20 05:00:00",2.44,56.79,3.25,1.72
"2025-11-20 06:00:00",4.37,52.28,3.07,1.79
"2025-11-20 07:00:00",8.77,49.16,3.43,2
"2025-11-20 08:00:00",20.75,40.3,3.5,1.87
"2025-11-20 09:00:00",33.28,27.77,3.43,2.02
"2025-11-20 10:00:00",30.8,28.51,4.95,2.37
"2025-11-20 11:00:00",17.6,50.7,6.92,2.69
"2025-11-20 12:00:00",12.76,58.45,3.98,1.87
"2025-11-20 13:00:00",10.33,60.97,3.6,1.85
"2025-11-20 14:00:00",11.86,62.84,4.21,2.08
"2025-11-20 15:00:00",9.69,68.24,5.44,2.49
"2025-11-20 16:00:00",16.67,57.76,7.41,4.49
"2025-11-20 17:00:00",30.3,38.63,10.61,6.17
"2025-11-20 18:00:00",34.71,31.44,12.46,9.12
"2025-11-20 19:00:00",30.88,40.51,19.45,16.11
"2025-11-20 20:00:00",36.68,25.56,22.79,20.32
"2025-11-20 21:00:00",56.44,7.2,59.03,55.38
"2025-11-20 22:00:00",52.47,6.27,61.24,56.86
"2025-11-20 23:00:00",44.63,6,45,39.18
"2025-11-21 00:00:00",27.89,11.02,25.07,22.6
"2025-11-21 01:00:00",29.82,7.58,25.95,23.59
"2025-11-21 02:00:00",23.72,11.61,22.16,20.52
"2025-11-21 03:00:00",23.09,9.25,14.19,12.44
"2025-11-21 04:00:00",24.9,3.53,18.73,17.22
"2025-11-21 05:00:00",22.57,4.38,15.99,14.04
"2025-11-21 06:00:00",20.93,5,15.02,13.56
"2025-11-21 07:00:00",15.44,6.84,16.75,15.15
"2025-11-21 08:00:00",25.41,5.71,12.82,11.13
"2025-11-21 09:00:00",31.29,3.72,14.99,11.66
"2025-11-21 10:00:00",36.48,4.52,14.37,11.37
"2025-11-21 11:00:00",32.82,7.14,16.49,12.58
"2025-11-21 12:00:00",31.14,19.47,12.37,8.62
"2025-11-21 13:00:00",9.76,50.18,9.84,6.02
"2025-11-21 14:00:00",9.44,53.32,9.71,6.19
"2025-11-21 15:00:00",7.45,57.43,8.38,5.93
"2025-11-21 16:00:00",8.95,55.56,8.8,7.15
"2025-11-21 17:00:00",10.13,50.69,9.73,7.48
"2025-11-21 18:00:00",9.72,53.22,10.62,8.68
"2025-11-21 19:00:00",7.87,57.41,10.19,8.81
"2025-11-21 20:00:00",6.59,57.32,9,7.76
"2025-11-21 21:00:00",5.82,62.66,8.7,7.89
"2025-11-21 22:00:00",4.6,62.2,5.03,4.45
"2025-11-21 23:00:00",8.15,54.3,3.51,2.87
"2025-11-22 00:00:00",11.07,44.84,3.82,2.98
"2025-11-22 01:00:00",13.57,35.35,4.83,3.24
"2025-11-22 02:00:00",13.75,34.5,5.2,4.04
"2025-11-22 03:00:00",7.73,38.82,4.67,3.47
"2025-11-22 04:00:00",9.23,26.87,5.32,4.57
"2025-11-22 05:00:00",15.1,16.82,9.09,8.36
"2025-11-22 06:00:00",10.52,24.59,5.62,4.57
"2025-11-22 07:00:00",18.55,19.14,7.75,5.71
"2025-11-22 08:00:00",21.8,17,7.1,4.27
"2025-11-22 09:00:00",32.28,9.94,7.81,4.61
"2025-11-22 10:00:00",32.85,7.72,13.2,7.37
"2025-11-22 11:00:00",34.25,9.02,14.68,9.95
"2025-11-22 12:00:00",36.82,11.8,14.38,9.3
"2025-11-22 13:00:00",32.59,14.44,17.95,13.03
"2025-11-22 14:00:00",20.02,28.89,16.66,11.87
"2025-11-22 15:00:00",13.41,38.73,17.54,13.01
"2025-11-22 16:00:00",15.45,35.99,15.97,11.75
"2025-11-22 17:00:00",15.1,33,19.88,17.65
"2025-11-22 18:00:00",16.99,33.42,21.44,20.21
"2025-11-22 19:00:00",15.34,31.35,19.83,18.48
"2025-11-22 20:00:00",11.17,35.37,14.95,13.31
"2025-11-22 21:00:00",6.13,45.97,9.51,8.31
"2025-11-22 22:00:00",3.28,55.09,8.08,6.92
"2025-11-22 23:00:00",2.15,62.57,5.46,4.53
"2025-11-23 00:00:00",3.22,62.86,4.16,2.55
"2025-11-23 01:00:00",2.54,72.56,10.06,5.08
"2025-11-23 02:00:00",3.3,76.67,8.1,4.01
"2025-11-23 03:00:00",2.09,71.42,6.63,3.18
"2025-11-23 04:00:00",1.98,72.04,9.31,4.07
"2025-11-23 05:00:00",1.28,70.36,6.84,3.1
"2025-11-23 06:00:00",1.22,68.01,12.52,5.66
"2025-11-23 07:00:00",2.15,68.12,13.19,5.9
"2025-11-23 08:00:00",4.08,64.38,13.53,6.23
"2025-11-23 09:00:00",3.59,66.49,10.07,4.78
"2025-11-23 10:00:00",4.01,64.9,11.67,5.66
"2025-11-23 11:00:00",4.4,66.24,10.61,4.93
"2025-11-23 12:00:00",4.27,66.12,9.7,4.47
"2025-11-23 13:00:00",5.12,63.72,8.45,4.43
"2025-11-23 14:00:00",6.36,59.6,5.73,3.72
"2025-11-23 15:00:00",5.38,63.32,7,3.8
"2025-11-23 16:00:00",6.98,61.81,6.99,3.64
"2025-11-23 17:00:00",7.11,61.43,11.2,5.88
"2025-11-23 18:00:00",7.92,60.74,11.21,6.05
"2025-11-23 19:00:00",6.71,61.73,12.06,6.25
"2025-11-23 20:00:00",4.23,64.86,12.76,6.26
"2025-11-23 21:00:00",3.49,67.41,8.9,4.87
"2025-11-23 22:00:00",2.56,68.36,9.49,5.64
"2025-11-23 23:00:00",2.46,71.48,9.96,6.28
"2025-11-24 00:00:00",2.04,75.84,11.78,5.45
"2025-11-24 01:00:00",1.47,76.3,11.24,5.4
"2025-11-24 02:00:00",1.27,75.06,9.68,4.89
"2025-11-24 03:00:00",0.92,70.77,7.33,3.6
"2025-11-24 04:00:00",1.08,67.01,6.13,3.26
"2025-11-24 05:00:00",1.41,63.51,8.14,4.22
"2025-11-24 06:00:00",2.39,62.92,5.66,2.73
"2025-11-24 07:00:00",5.41,57.12,4.02,1.9
"2025-11-24 08:00:00",15.98,45.93,4.33,2.04
"2025-11-24 09:00:00",24.1,37.4,8.91,2.87
"2025-11-24 10:00:00",23.57,37.87,7.54,2.85
"2025-11-24 11:00:00",15.09,42.43,6.18,2.74
"2025-11-24 12:00:00",15.3,44.98,8.62,4.33
"2025-11-24 13:00:00",9.61,51.53,8.63,4.44
"2025-11-24 14:00:00",12.1,49.8,8.64,4.05
"2025-11-24 15:00:00",14,49.13,7.77,3.86
"2025-11-24 16:00:00",14.69,48.56,9.04,4.55
"2025-11-24 17:00:00",15.31,46.81,10.04,6.15
"2025-11-24 18:00:00",11.83,49.69,11.46,7.18
"2025-11-24 19:00:00",9.9,53.81,12.37,8.15
"2025-11-24 20:00:00",11.33,53.44,16.73,11.83
"2025-11-24 21:00:00",13.74,48.55,18.45,13.55
"2025-11-24 22:00:00",22.87,33.77,16.54,11.72
"2025-11-24 23:00:00",14.05,33.26,12.51,7.77
"2025-11-25 00:00:00",8.62,37.61,12.49,7.58
"2025-11-25 01:00:00",6.95,41.66,12.12,6.77
"2025-11-25 02:00:00",4.16,48.16,11.09,5.76
"2025-11-25 03:00:00",3.83,46.32,11.56,6.04
"2025-11-25 04:00:00",3.07,48.1,8.53,3.97
"2025-11-25 05:00:00",3.57,43.49,19.69,15.32
"2025-11-25 06:00:00",14.87,14.6,13.64,10.56
"2025-11-25 07:00:00",22.42,6.05,9.15,5.81
"2025-11-25 08:00:00",29.45,3.92,8.86,5
"2025-11-25 09:00:00",36.25,3.4,10.78,7.18
"2025-11-25 10:00:00",45.55,3.95,19.52,12.08
"2025-11-25 11:00:00",32.08,9.94,15.26,9.64
"2025-11-25 12:00:00",30.07,12.73,12.76,7.27
"2025-11-25 13:00:00",25.44,16.97,15.49,8.32
"2025-11-25 14:00:00",29.85,19.46,15.91,6.2
"2025-11-25 15:00:00",32.5,20.19,18.88,11.34
"2025-11-25 16:00:00",36.23,17.46,15.02,9.32
"2025-11-25 17:00:00",43.78,8.52,38.77,32.82
"2025-11-25 18:00:00",53.08,5.9,47.99,41.13
"2025-11-25 19:00:00",47.32,5.18,30.65,26.35
"2025-11-25 20:00:00",40.78,4.94,28.93,25.6
"2025-11-25 21:00:00",39.3,5.47,43.79,37.42
"2025-11-25 22:00:00",34.13,7.75,33.56,27.49
"2025-11-25 23:00:00",33.86,6.19,31.99,27.18
"2025-11-26 00:00:00",30.79,6.24,28.4,20.18
"2025-11-26 01:00:00",9.01,39.41,11.86,8.38
"2025-11-26 02:00:00",10.94,31.72,10.27,7.46
"2025-11-26 03:00:00",2.92,50.48,6.88,4.91
"2025-11-26 04:00:00",0.53,60.71,2.82,1.86
"2025-11-26 05:00:00",0.06,62.98,1.18,0.86
"2025-11-26 06:00:00",0.27,63,0.84,0.53
"2025-11-26 07:00:00",0.89,61.68,0.44,0.27
"2025-11-26 08:00:00",2.92,59.35,0.69,0.29
"2025-11-26 09:00:00",6.55,53.2,0.94,0.46
"2025-11-26 10:00:00",7.81,50.6,1.89,0.86
"2025-11-26 11:00:00",7.87,44.36,3.12,1.21
"2025-11-26 12:00:00",13.17,34.33,4.04,1.84
"2025-11-26 13:00:00",14.01,46.63,3.65,1.95
"2025-11-26 14:00:00",11.08,45.79,5.99,3.12
"2025-11-26 15:00:00",13.79,39.95,13.77,7.18
"2025-11-26 16:00:00",16.88,39.24,10.96,8.52
"2025-11-26 17:00:00",11.98,53.27,5.86,4.37
"2025-11-26 18:00:00",12.87,52.17,7.31,5.93
"2025-11-26 19:00:00",8.64,49.94,7.54,6.22
"2025-11-26 20:00:00",7.75,50.61,6.55,5.12
"2025-11-26 21:00:00",12,42.66,10.07,8.67
"2025-11-26 22:00:00",9.08,43.95,10.66,9.47
"2025-11-26 23:00:00",7.15,43.58,7.3,6.12
"2025-11-27 00:00:00",2.19,55.28,2.32,1.73
"2025-11-27 01:00:00",1.24,58.57,2.16,1.31
"2025-11-27 02:00:00",0.8,56.65,1.55,0.77
"2025-11-27 03:00:00",0.35,59.82,1.52,0.43
"2025-11-27 04:00:00",-0.03,62.13,1,0.23
"2025-11-27 05:00:00",-0.09,60.27,0.85,0.26
"2025-11-27 06:00:00",0.3,60.02,0.49,0.18
"2025-11-27 07:00:00",1.46,60.51,0.79,0.2
"2025-11-27 08:00:00",4.42,56.24,1.01,0.22
"2025-11-27 09:00:00",8.57,52.83,1.48,0.61
"2025-11-27 10:00:00",5.46,59.06,3.55,1.95
"2025-11-27 11:00:00",2.58,61.95,4.08,2.34
"2025-11-27 12:00:00",4.1,62.26,4.88,2.13
"2025-11-27 13:00:00",4.46,63.37,10.79,4.76
"2025-11-27 14:00:00",9.25,60.35,13.59,7.27
"2025-11-27 15:00:00",16.37,48.12,20.44,10.28
"2025-11-27 16:00:00",12.78,56.9,24.75,12.33
"2025-11-27 17:00:00",6.3,62.4,23.91,13.14
"2025-11-27 18:00:00",7.1,64.59,24.1,14.31
"2025-11-27 19:00:00",8.13,64.18,25.72,15.39
"2025-11-27 20:00:00",6.79,67.82,29.99,15.32
"2025-11-27 21:00:00",6.24,69.57,28.64,16.61
"2025-11-27 22:00:00",3.21,73.04,26.39,14.76
"2025-11-27 23:00:00",2.25,72.83,24.6,12.67
"2025-11-28 00:00:00",0.93,72.85,22.29,12.09
"2025-11-28 01:00:00",0.71,72.44,22.37,11.97
"2025-11-28 02:00:00",1.36,72.11,17.86,10.16
"2025-11-28 03:00:00",0.82,72.31,5.92,4.03
"2025-11-28 04:00:00",-0.05,71.45,9.43,5.06
"2025-11-28 05:00:00",0.32,71.69,8.9,4.93
"2025-11-28 06:00:00",1.63,71.52,4.63,2.7
"2025-11-28 07:00:00",4.07,70.06,5.04,3.12
"2025-11-28 08:00:00",8.35,68.37,2.74,1.48
"2025-11-28 09:00:00",5.49,70.98,3.69,1.85
"2025-11-28 10:00:00",6.35,63.75,6.09,2.84
"2025-11-28 11:00:00",8.57,61.76,11.53,5.7
"2025-11-28 12:00:00",13.11,62.91,14.07,6.81
"2025-11-28 13:00:00",11.75,64.74,13.97,6.65
"2025-11-28 14:00:00",7.8,69.7,12.26,6.19
"2025-11-28 15:00:00",7.44,66.46,13.43,6.27
"2025-11-28 16:00:00",10.16,62.78,15.2,7.39
"2025-11-28 17:00:00",13.28,56.87,19.43,11.5
"2025-11-28 18:00:00",16.48,54.77,20.52,14.31
"2025-11-28 19:00:00",14.49,57.21,15.19,11.06
"2025-11-28 20:00:00",13.26,60.05,15.18,11.17
"2025-11-28 21:00:00",13.02,57.35,12.44,9.86
"2025-11-28 22:00:00",10.49,59.61,11.97,9.78
"2025-11-28 23:00:00",14.38,46.41,11.67,9.9
"2025-11-29 00:00:00",14.09,40.87,12.57,10.81
"2025-11-29 01:00:00",10.47,43.33,10.36,8.15
"2025-11-29 02:00:00",9.16,38.03,10.88,8.56
"2025-11-29 03:00:00",6.56,40.45,8.83,5.89
"2025-11-29 04:00:00",4.99,45.18,7.04,4.04
"2025-11-29 05:00:00",9.05,33.94,5.3,3.53
"2025-11-29 06:00:00",12.6,30.99,4.73,3.28
"2025-11-29 07:00:00",6.66,43.2,3.09,1.86
"2025-11-29 08:00:00",8.92,51.55,1.83,1.09
"2025-11-29 09:00:00",8.2,61.25,1.82,1.26
"2025-11-29 10:00:00",12.3,53.13,3.03,1.73
"2025-11-29 11:00:00",11.24,49.87,5.84,2.83
"2025-11-29 12:00:00",8.98,53.02,5.08,3.14
"2025-11-29 13:00:00",7.28,59.67,6.75,3.68
"2025-11-29 14:00:00",7.37,66.53,8.5,3.99
"2025-11-29 15:00:00",8.76,66.52,8.05,4.15
"2025-11-29 16:00:00",17.45,54.47,8.45,4.77
"2025-11-29 17:00:00",23.42,45.42,10.94,6.35
"2025-11-29 18:00:00",21.7,42.15,12.3,7.39
"2025-11-29 19:00:00",18.34,44.78,15.51,10.93
"2025-11-29 20:00:00",33.51,27.49,26,20.71
"2025-11-29 21:00:00",48.66,10.53,40.52,36.21
"2025-11-29 22:00:00",45.92,10.22,57.83,51.69
"2025-11-29 23:00:00",42.63,10.67,57.61,53.27
"2025-11-30 00:00:00",40.16,7.4,45.8,42.06
"2025-11-30 01:00:00",31.31,11.95,31,27.03
"2025-11-30 02:00:00",28.01,9.61,26.71,23.46
"2025-11-30 03:00:00",28.21,4.34,43.94,41.24
"2025-11-30 04:00:00",23.33,8.56,23.1,20.29
"2025-11-30 05:00:00",17.23,12.45,14.65,11.38
"2025-11-30 06:00:00",10.92,20.24,10.7,7.68
"2025-11-30 07:00:00",13.92,14.69,11.17,8.24
"2025-11-30 08:00:00",14.28,11.75,10.79,8.1
"2025-11-30 09:00:00",21.52,5.13,12.36,9.82
"2025-11-30 10:00:00",24.53,6.49,12.5,9.88
"2025-11-30 11:00:00",27.27,13.2,9.8,7.91
"2025-11-30 12:00:00",28.75,12.93,8.24,6.36
"2025-11-30 13:00:00",9.73,45.49,7.39,5.23
"2025-11-30 14:00:00",5.3,59.73,10.08,7.15
"2025-11-30 15:00:00",5.16,60.08,9.33,6.55
"2025-11-30 16:00:00",5.5,60.24,9.33,7.42
"2025-11-30 17:00:00",3.96,66.08,6.48,5.43
"2025-11-30 18:00:00",3.44,69.72,8.45,7.79
"2025-11-30 19:00:00",3.71,70.53,5.47,4.98
"2025-11-30 20:00:00",3.58,69.73,5.49,4.82
"2025-11-30 21:00:00",3.45,69.03,5.59,5.03
"2025-11-30 22:00:00",2.81,67.93,5.65,5
"2025-11-30 23:00:00",3.15,63.68,5.87,5.48
"2025-12-01 00:00:00",2.33,61.34,8.07,7.05
"2025-12-01 01:00:00",1.56,69.18,1.93,1.02
"2025-12-01 02:00:00",1.16,80.83,2.39,1.32
"2025-12-01 03:00:00",1.68,67.8,4.15,1.93
"2025-12-01 04:00:00",2.04,66.46,3.91,2.27
"2025-12-01 05:00:00",1.09,66.09,2.57,1.44
"2025-12-01 06:00:00",1.84,67.3,2.03,1.09
"2025-12-01 07:00:00",6.08,57.84,2.43,1.1
"2025-12-01 08:00:00",8.2,57.97,2.82,1.31
"2025-12-01 09:00:00",20.95,48.43,2.62,1.49
"2025-12-01 10:00:00",24.54,40.56,3.21,1.74
"2025-12-01 11:00:00",9.62,57.17,2.42,1.23
"2025-12-01 12:00:00",8.01,58.23,3.03,1.8
"2025-12-01 13:00:00",6.34,62.56,4.11,3.07
"2025-12-01 14:00:00",21.44,44.1,4.36,2.34
"2025-12-01 15:00:00",16.07,55.55,5.16,2.77
"2025-12-01 16:00:00",13.05,64.09,4.18,2.69
"2025-12-01 17:00:00",20.52,49.2,7.18,4.35
"2025-12-01 18:00:00",27.41,35.65,21.94,19.5
"2025-12-01 19:00:00",14.44,47.96,13.07,10.52
"2025-12-01 20:00:00",13.75,45.2,14.11,10.22
"2025-12-01 21:00:00",19.63,35.77,20.38,16.46
"2025-12-01 22:00:00",13.12,37.84,17.6,14.8
"2025-12-01 23:00:00",13.17,37.96,13.8,11.23
"2025-12-02 00:00:00",2.61,56.43,8.9,5.85
"2025-12-02 01:00:00",2.27,58.52,7.57,4.55
"2025-12-02 02:00:00",2,60.73,7.15,3.96
"2025-12-02 03:00:00",1.21,55.94,7.83,3.99
"2025-12-02 04:00:00",0.71,60.13,7.27,3.58
"2025-12-02 05:00:00",0.36,58.69,6.3,3.44
"2025-12-02 06:00:00",0.74,57.76,6.87,3.7
"2025-12-02 07:00:00",2.4,56.59,7.24,4
"2025-12-02 08:00:00",5.98,55.99,7.12,3.82
"2025-12-02 09:00:00",12.45,49.46,7.83,3.88
"2025-12-02 10:00:00",9.92,50.79,7.72,4.1
"2025-12-02 11:00:00",7.75,50.44,8.5,4.61
"2025-12-02 12:00:00",5.07,54.4,7.63,4.27
"2025-12-02 13:00:00",5.94,59.4,6.26,2.87
"2025-12-02 14:00:00",4.1,63.38,6.45,2.72
"2025-12-02 15:00:00",6.67,58.35,6.83,3.64
"2025-12-02 16:00:00",8.82,50.89,8.56,5.82
"2025-12-02 17:00:00",17.41,37.32,11.99,9.2
"2025-12-02 18:00:00",32.07,22.12,20.04,16.89
"2025-12-02 19:00:00",47.88,6.92,53.42,48.82
"2025-12-02 20:00:00",46.48,8.31,41.9,38.23
"2025-12-02 21:00:00",42.83,9.28,22.01,19.34
"2025-12-02 22:00:00",36.58,16,23.29,21.03
"2025-12-02 23:00:00",25.48,24.42,17.44,15.48
"2025-12-03 00:00:00",25.8,19.74,16.49,14.74
"2025-12-03 01:00:00",10.54,42.47,11.88,10.54
"2025-12-03 02:00:00",1.71,61.69,2.29,1.61
"2025-12-03 03:00:00",0.77,58.2,2.43,1.53
"2025-12-03 04:00:00",0.56,52.79,3.65,2.18
"2025-12-03 05:00:00",0.7,49.05,4.53,2.33
"2025-12-03 06:00:00",2.76,42.07,4.28,2.18
"2025-12-03 07:00:00",8.73,35.77,4.33,2.69
"2025-12-03 08:00:00",20.93,26.27,7.21,4.58
"2025-12-03 09:00:00",38.68,9.06,6.76,4.17
"2025-12-03 10:00:00",13.7,37.8,8.32,4.6
"2025-12-03 11:00:00",6.99,45.88,7.18,4.09
"2025-12-03 12:00:00",7.61,44.49,10.67,4.94
"2025-12-03 13:00:00",6.8,48.02,8.03,5.09
"2025-12-03 14:00:00",6.99,51.28,10.69,7.16
"2025-12-03 15:00:00",6.72,51.58,13.71,8.64
"2025-12-03 16:00:00",7.85,55.48,16.54,10.92
"2025-12-03 17:00:00",9.89,54.92,16.98,11.9
"2025-12-03 18:00:00",7.61,62.46,14.81,10.29
"2025-12-03 19:00:00",5.74,67.95,10.64,8
"2025-12-03 20:00:00",4.71,71.57,6.91,5.77
"2025-12-03 21:00:00",6.55,72.63,5.8,4.85
"2025-12-03 22:00:00",11.33,61.41,6.05,4.3
"2025-12-03 23:00:00",5.43,61.08,10.38,7.02
"2025-12-04 00:00:00",6.42,55.56,10.64,7.22
"2025-12-04 01:00:00",3.61,53.96,11.9,6.98
"2025-12-04 02:00:00",1.24,63.82,10.39,5.37
"2025-12-04 03:00:00",1.48,62.87,10.4,5.4
"2025-12-04 04:00:00",1.27,66.15,8.9,4.55
"2025-12-04 05:00:00",1.55,70.89,5.82,2.87
"2025-12-04 06:00:00",3.79,60.94,6.17,3.14
"2025-12-04 07:00:00",17.11,39.18,6.49,3.34
"2025-12-04 08:00:00",22.42,36.01,7.32,3.49
"2025-12-04 09:00:00",45.33,10.94,8.05,3.92
"2025-12-04 10:00:00",56.57,3.96,10.94,7.23
"2025-12-04 11:00:00",42.22,18.86,11.39,7.09
"2025-12-04 12:00:00",27.07,37.57,11.69,5.95
"2025-12-04 13:00:00",13.08,58.14,10.28,4.44
"2025-12-04 14:00:00",9.71,63.92,9.68,5.26
"2025-12-04 15:00:00",9.5,62.48,7.95,4.92
"2025-12-04 16:00:00",13.75,54.27,10.69,6.23
"2025-12-04 17:00:00",15.46,49.7,11.72,7.49
"2025-12-04 18:00:00",17.71,44.24,10.66,7.81
"2025-12-04 19:00:00",15.62,47.07,13.13,10.79
"2025-12-04 20:00:00",13.66,54.33,11.39,9.73
"2025-12-04 21:00:00",9.67,50.84,11.87,10.33
"2025-12-04 22:00:00",9.97,51.45,14.17,11.46
"2025-12-04 23:00:00",4.86,57.67,10.34,8.12
"2025-12-05 00:00:00",2.63,54.16,10.27,7.29
"2025-12-05 01:00:00",2,59.66,8.8,6.42
"2025-12-05 02:00:00",1.62,54.69,10.08,6.45
"2025-12-05 03:00:00",0.44,58.64,9.96,5.1
"2025-12-05 04:00:00",0.36,56.83,9.89,5.42
"2025-12-05 05:00:00",0.9,59.35,11.33,5.85
"2025-12-05 06:00:00",0.48,71.43,7.33,4.41
"2025-12-05 07:00:00",2.2,74.65,4.34,2.86
"2025-12-05 08:00:00",3.02,78.7,2.47,1.62
"2025-12-05 09:00:00",3.82,79.79,2.44,0.95
"2025-12-05 10:00:00",2.27,82.4,1.43,0.82
"2025-12-05 11:00:00",1.59,83.66,0.92,0.61
"2025-12-05 12:00:00",3.62,79.51,1.63,1.07
"2025-12-05 13:00:00",11.39,65.41,1.92,1.3
"2025-12-05 14:00:00",10.64,62.47,3.09,2.29
"2025-12-05 15:00:00",6.15,66.13,8.04,6.12
"2025-12-05 16:00:00",10.13,60.2,12.12,8.68
"2025-12-05 17:00:00",10.75,61.26,11.82,9.37
"2025-12-05 18:00:00",8.83,68.12,7.99,6.62
"2025-12-05 19:00:00",7.63,70.74,9.31,7.72
"2025-12-05 20:00:00",7.71,72.13,17.49,12.52
"2025-12-05 21:00:00",6.95,72.85,23.22,14.08
"2025-12-05 22:00:00",6.87,65.66,19.97,14.35
"2025-12-05 23:00:00",4.79,65.48,13.9,10.15
"2025-12-06 00:00:00",8.86,56.62,10.08,7.78
"2025-12-06 01:00:00",14.53,40.71,10.42,8.28
"2025-12-06 02:00:00",2.65,61.23,6.16,4.49
"2025-12-06 03:00:00",0.98,68.53,3.37,2.33
"2025-12-06 04:00:00",0.07,74.93,10.99,5.74
"2025-12-06 05:00:00",0.33,77.13,10.11,5.12
"2025-12-06 06:00:00",1.58,81.19,8.8,4.97
"2025-12-06 07:00:00",4.79,83.79,10.87,5.99
"2025-12-06 08:00:00",5.12,81.02,13.64,7.57
"2025-12-06 09:00:00",6.56,75.29,15.86,8.32
"2025-12-06 10:00:00",7.1,69.53,18.81,9.69
"2025-12-06 11:00:00",7.13,71.94,18.43,9.88
"2025-12-06 12:00:00",6.52,73.37,16.05,8.81
"2025-12-06 13:00:00",7.25,71.62,13.05,7.36
"2025-12-06 14:00:00",6.42,71.9,15.16,8.29
"2025-12-06 15:00:00",6.95,69.97,12.66,7.14
"2025-12-06 16:00:00",6.26,70.65,13.09,6.96
"2025-12-06 17:00:00",6.46,67.53,16.13,8.65
"2025-12-06 18:00:00",7.01,64.54,18.52,10.19
"2025-12-06 19:00:00",14.93,53.4,22.25,14.07
"2025-12-06 20:00:00",14.48,48.76,22.25,17.17
"2025-12-06 21:00:00",9.68,54.68,24.67,17.98
"2025-12-06 22:00:00",6.73,60.71,21.8,14.58
"2025-12-06 23:00:00",4.66,59.94,21.76,14.26
"2025-12-07 00:00:00",2.91,61.71,18.99,11.26
"2025-12-07 01:00:00",2.59,63.21,16.81,10.13
"2025-12-07 02:00:00",1.77,66.89,11.69,7.33
"2025-12-07 03:00:00",4.54,51.53,8.81,5.76
"2025-12-07 04:00:00",3.3,52.48,8.07,5.25
"2025-12-07 05:00:00",5.91,49.63,5.96,3.84
"2025-12-07 06:00:00",7.18,47.89,2.65,1.84
"2025-12-07 07:00:00",20.49,30.57,2.64,1.52
"2025-12-07 08:00:00",25.39,11.46,3.38,1.95
"2025-12-07 09:00:00",18.06,35.96,3.87,2.75
"2025-12-07 10:00:00",6.19,69.54,12.1,8.91
"2025-12-07 11:00:00",10.37,65.7,11.51,8.93
"2025-12-07 12:00:00",8.68,71.98,7.23,5.14
"2025-12-07 13:00:00",10.8,70.45,6.46,4.99
"2025-12-07 14:00:00",10.17,68.47,7.26,5.09
"2025-12-07 15:00:00",11.67,62.77,8.62,5.33
"2025-12-07 16:00:00",8.57,60.3,9.91,7.56
"2025-12-07 17:00:00",12.38,59.71,13.06,11.02
"2025-12-07 18:00:00",15.54,52.25,25.71,23.78
"2025-12-07 19:00:00",15.53,48.71,20.7,18.77
"2025-12-07 20:00:00",14.32,50.01,21.44,19.51
"2025-12-07 21:00:00",8.61,54.79,14.2,10.91
"2025-12-07 22:00:00",3.92,61.96,13.31,9.14
"2025-12-07 23:00:00",2.2,67.01,16.96,11.14
"2025-12-08 00:00:00",0.47,77.81,11.61,7.86
"2025-12-08 01:00:00",0.16,83.72,2.43,1.7
"2025-12-08 02:00:00",0.21,82.69,1.86,1.08
"2025-12-08 03:00:00",-0.09,84.2,3.18,1.63
"2025-12-08 04:00:00",-0.07,86.44,5.27,2.71
"2025-12-08 05:00:00",1.01,82.12,10.27,5.43
"2025-12-08 06:00:00",1.23,77.93,12.34,6.42
"2025-12-08 07:00:00",2.11,76.42,18.47,9
"2025-12-08 08:00:00",6.15,68.98,20.58,10.16
"2025-12-08 09:00:00",16.32,53.71,22.64,12
"2025-12-08 10:00:00",11.83,56.95,24.59,12.46
"2025-12-08 11:00:00",5.59,64.85,25.8,13.73
"2025-12-08 12:00:00",4.37,67.39,24.37,13.96
"2025-12-08 13:00:00",3.11,69.57,18.28,10.93
"2025-12-08 14:00:00",3.72,71.86,12.41,8.32
"2025-12-08 15:00:00",7.33,67.91,12.16,8.7
"2025-12-08 16:00:00",13.23,52.95,17.86,11.52
"2025-12-08 17:00:00",16.58,47.9,22.5,14.91
"2025-12-08 18:00:00",11.64,58.4,21.98,16.01
"2025-12-08 19:00:00",7.71,64.72,18.59,13.49
"2025-12-08 20:00:00",8.08,64.59,19.77,14.58
"2025-12-08 21:00:00",8.88,59.91,18.07,11.9
"2025-12-08 22:00:00",5.64,64.87,18.99,13.17
"2025-12-08 23:00:00",3.49,70.56,15.33,10.18
"2025-12-09 00:00:00",8.38,65,12.95,8.1
"2025-12-09 01:00:00",2.63,76.96,6.07,3.94
"2025-12-09 02:00:00",2.95,69.99,1.47,0.95
"2025-12-09 03:00:00",1.17,71.03,0.77,0.3
"2025-12-09 04:00:00",-0.34,75.75,0.56,0.26
"2025-12-09 05:00:00",-0.44,74.99,0.96,0.55
"2025-12-09 06:00:00",-0.3,71.95,2.43,1.58
"2025-12-09 07:00:00",0.31,71.13,1.26,0.93
"2025-12-09 08:00:00",1.32,70.38,1.22,0.67
"2025-12-09 09:00:00",1.73,72.62,1.67,0.92
"2025-12-09 10:00:00",1.72,72.4,1.48,0.94
"2025-12-09 11:00:00",1.09,75.04,3.1,2.34
"2025-12-09 12:00:00",1.02,79.25,10.12,7.12
"2025-12-09 13:00:00",1.04,83.19,6.9,4.96
"2025-12-09 14:00:00",1.97,76.93,3.72,2.53
"2025-12-09 15:00:00",4.41,81.09,5.85,3.3
"2025-12-09 16:00:00",4.98,85.01,9.8,5.97
"2025-12-09 17:00:00",5.11,79.53,15.06,9.22
"2025-12-09 18:00:00",4.49,76.26,20.38,12.08
"2025-12-09 19:00:00",5.05,74.29,20.79,12.07
"2025-12-09 20:00:00",7,70.68,22.72,13.68
"2025-12-09 21:00:00",4.89,73.34,16.08,9.76
"2025-12-09 22:00:00",4.57,69.29,11.59,8.39
"2025-12-09 23:00:00",2.57,67.59,10.48,6.52
"2025-12-10 00:00:00",1.18,69.84,10.36,5.75
"2025-12-10 01:00:00",0.39,71.47,9.42,5.07
"2025-12-10 02:00:00",0.5,69.71,9.09,4.8
"2025-12-10 03:00:00",-0.21,72.14,6.73,3.62
"2025-12-10 04:00:00",-0.31,71.87,5.88,3.66
"2025-12-10 05:00:00",0.63,63.86,6.95,3.63
"2025-12-10 06:00:00",0.47,74.59,8.98,4.9
"2025-12-10 07:00:00",1.89,76.5,14.11,7.68
"2025-12-10 08:00:00",5.81,71.65,19.26,9.86
"2025-12-10 09:00:00",10.72,67.67,18.58,9.03
"2025-12-10 10:00:00",8.24,63.61,21.7,10.97
"2025-12-10 11:00:00",5.41,66.83,23.28,12.26
"2025-12-10 12:00:00",6.64,68.07,27.41,13.84
"2025-12-10 13:00:00",7.48,66.71,28.06,14.8
"2025-12-10 14:00:00",7.08,66.95,29.37,16.05
"2025-12-10 15:00:00",7.66,64.67,28.75,15.56
"2025-12-10 16:00:00",12.02,53.35,32.91,19.94
"2025-12-10 17:00:00",13.39,52.19,33.71,22.3
"2025-12-10 18:00:00",10.04,58.69,29.85,19.15
"2025-12-10 19:00:00",8.6,61.34,30.05,19.14
"2025-12-10 20:00:00",5.43,64.63,27.23,16.92
"2025-12-10 21:00:00",3.82,70.23,27.64,16.88
"2025-12-10 22:00:00",1.98,74.95,25.84,15.06
"2025-12-10 23:00:00",1.47,78.71,24.13,13.66
"2025-12-11 00:00:00",0.14,81.45,18.96,11.08
"2025-12-11 01:00:00",-0.3,82.13,16.04,9.68
"2025-12-11 02:00:00",-0.34,80.77,16.67,9.67
"2025-12-11 03:00:00",-0.56,82,18.43,10.87
"2025-12-11 04:00:00",-0.48,82.95,19.17,11.99
"2025-12-11 05:00:00",-0.45,82.75,22.79,13.19
"2025-12-11 06:00:00",-0.19,83.73,19.49,12.09
"2025-12-11 07:00:00",0.4,83.9,20.55,12.71
"2025-12-11 08:00:00",1.76,81.6,19.22,11.96
"2025-12-11 09:00:00",2.4,79.7,17.32,11.07
"2025-12-11 10:00:00",7.71,74.76,10.25,6.76
"2025-12-11 11:00:00",12.34,68.2,3.9,2.32
"2025-12-11 12:00:00",12.6,61.67,7.75,3.31
"2025-12-11 13:00:00",15.66,54.5,5.2,3.64
"2025-12-11 14:00:00",16.42,48.6,5.48,4.18
"2025-12-11 15:00:00",21.88,38.6,8.43,6.6
"2025-12-11 16:00:00",29.04,27.84,8.64,5.66
"2025-12-11 17:00:00",35.7,19.52,18.6,16.01
"2025-12-11 18:00:00",51.12,7.18,16.11,14.34
"2025-12-11 19:00:00",46.53,9.29,19.13,17.46
"2025-12-11 20:00:00",43.71,8,22.63,20.43
"2025-12-11 21:00:00",40.86,9.25,22.91,21.27
"2025-12-11 22:00:00",43.99,8.5,20.05,17.04
"2025-12-11 23:00:00",24.54,23.39,20.5,16.06
"2025-12-12 00:00:00",28.67,18.3,18,13.49
"2025-12-12 01:00:00",25.97,15.97,19.73,15.36
"2025-12-12 02:00:00",11.2,32.33,16.91,11.66
"2025-12-12 03:00:00",8.36,37.64,15.21,10.76
"2025-12-12 04:00:00",2.24,51.42,11.47,6.85
"2025-12-12 05:00:00",1.56,53.79,8.42,5.17
"2025-12-12 06:00:00",2.79,52,5.7,3.58
"2025-12-12 07:00:00",6.7,49.73,6,3.58
"2025-12-12 08:00:00",19.82,37.67,6.37,3.29
"2025-12-12 09:00:00",34.66,24.92,7.45,4.04
"2025-12-12 10:00:00",26.6,33.88,9.03,5.17
"2025-12-12 11:00:00",9.08,49,11.65,5.8
"2025-12-12 12:00:00",7.55,52.94,10.25,5.87
"2025-12-12 13:00:00",8.11,50.26,10.36,5.64
"2025-12-12 14:00:00",8.15,51.69,10.41,6.05
"2025-12-12 15:00:00",8.79,52,11.81,6.39
"2025-12-12 16:00:00",15.54,44.7,20.64,12.42
"2025-12-12 17:00:00",24.8,26.03,25.38,21.48
"2025-12-12 18:00:00",20.03,30.24,24.84,21.48
"2025-12-12 19:00:00",19.27,30.9,34.87,29.32
"2025-12-12 20:00:00",16.47,32.97,23.38,19.06
"2025-12-12 21:00:00",14.61,36.01,25.38,19.61
"2025-12-12 22:00:00",10.08,42.26,21.11,16.27
"2025-12-12 23:00:00",6.81,47.68,20.59,15.18
"2025-12-13 00:00:00",6.1,47.32,18.5,12.73
"2025-12-13 01:00:00",2.54,55.83,16.27,9.51
"2025-12-13 02:00:00",1.81,56.76,13.47,7.61
"2025-12-13 03:00:00",1.16,57.07,12.09,6.66
"2025-12-13 04:00:00",0.54,58.07,10.14,5.91
"2025-12-13 05:00:00",0.02,59.37,8.87,5.22
"2025-12-13 06:00:00",0.27,58.24,7.84,4.61
"2025-12-13 07:00:00",0.62,58.83,8.33,4.66
"2025-12-13 08:00:00",1.12,59.87,9.26,5.4
"2025-12-13 09:00:00",2.05,60.97,10.77,5.97
"2025-12-13 10:00:00",2.54,63.22,11.88,6.55
"2025-12-13 11:00:00",2.55,63.96,10.74,6.38
"2025-12-13 12:00:00",2.39,64.51,10.11,5.75
"2025-12-13 13:00:00",2.94,64.94,8.29,5.18
"2025-12-13 14:00:00",2.03,67.6,10.14,5.84
"2025-12-13 15:00:00",2.13,66.37,10.69,6.52
"2025-12-13 16:00:00",2.62,66.07,13.41,9.65
"2025-12-13 17:00:00",3.2,65.32,10.73,7.93
"2025-12-13 18:00:00",3.04,65.95,10.97,7.96
"2025-12-13 19:00:00",4.2,63.2,11.76,9.48
"2025-12-13 20:00:00",2.96,66.9,9.97,7.91
"2025-12-13 21:00:00",1.83,69.16,7.46,5.95
"2025-12-13 22:00:00",1.01,71.86,6.26,4.48
"2025-12-13 23:00:00",0.53,71.74,2.6,2.06
"2025-12-14 00:00:00",0.44,70.33,3.18,2.62
"2025-12-14 01:00:00",0.17,69.75,1.49,0.85
"2025-12-14 02:00:00",0.06,69.46,0.81,0.49
"2025-12-14 03:00:00",-0.17,69.39,1.12,0.49
"2025-12-14 04:00:00",-0.11,68.47,1.08,0.48
"2025-12-14 05:00:00",-0.29,69.12,1.19,0.45
"2025-12-14 06:00:00",-0.37,69.73,1.31,0.74
"2025-12-14 07:00:00",-0.47,71.54,0.71,0.33
"2025-12-14 08:00:00",-0.12,72.45,0.86,0.56
"2025-12-14 09:00:00",0.16,73.3,0.82,0.5
"2025-12-14 10:00:00",0.41,71.81,1.49,1.17
"2025-12-14 11:00:00",0.6,70.69,0.9,0.56
"2025-12-14 12:00:00",0.81,67.41,1.13,0.69
"2025-12-14 13:00:00",1.04,66.68,1.13,0.71
"2025-12-14 14:00:00",1.27,68.35,1.56,1.3
"2025-12-14 15:00:00",1.73,67.46,1.56,1.3
"2025-12-14 16:00:00",2.44,66.85,3.28,2.97
"2025-12-14 17:00:00",2.9,64.69,3.49,3.11
"2025-12-14 18:00:00",3.02,64.37,3.66,3.37
"2025-12-14 19:00:00",4.56,73.87,3.63,3.1
"2025-12-14 20:00:00",7.96,75.54,2.11,1.63
"2025-12-14 21:00:00",11.58,68.4,4.32,3.35
"2025-12-14 22:00:00",10.22,62.71,7.24,5.96
"2025-12-14 23:00:00",8.27,59.75,7.46,6.19
"2025-12-15 00:00:00",4.58,64.39,5.06,3.21
"2025-12-15 01:00:00",4.57,55.49,4.57,3.11
"2025-12-15 02:00:00",6.01,50.49,4.68,3.16
"2025-12-15 03:00:00",2.46,51.36,3.89,2.04
"2025-12-15 04:00:00",3.19,49.26,4.87,2.49
"2025-12-15 05:00:00",6.06,39.39,4.96,3.11
"2025-12-15 06:00:00",3.95,43.64,3.89,2.25
"2025-12-15 07:00:00",8.61,37.58,5.08,2.36
"2025-12-15 08:00:00",28.7,13.52,4.53,2.77
"2025-12-15 09:00:00",37.8,3.33,9.04,7.01
"2025-12-15 10:00:00",37.88,4.21,10.39,8.39
"2025-12-15 11:00:00",36.65,5.12,14.57,10.74
"2025-12-15 12:00:00",40.56,6.41,18.72,10.61
"2025-12-15 13:00:00",31.35,17.47,13.81,8.36
"2025-12-15 14:00:00",25.85,27.39,15.24,8.05
"2025-12-15 15:00:00",16.28,39.63,14.35,6.68
"2025-12-15 16:00:00",16.02,37,11.88,6.93
"2025-12-15 17:00:00",35.35,15.33,15.25,10.96
"2025-12-15 18:00:00",52.11,5.96,61.51,54.73
"2025-12-15 19:00:00",47.66,5.03,53,47.35
"2025-12-15 20:00:00",50.95,7.64,99.6,94.4
"2025-12-15 21:00:00",48.61,8.12,117.94,113.45
"2025-12-15 22:00:00",37.84,5.76,61.74,58.3
"2025-12-15 23:00:00",28.19,5.01,45.86,43.24
"2025-12-16 00:00:00",22,3.92,34.95,33.22
"2025-12-16 01:00:00",19.15,3.56,25.72,23.91
"2025-12-16 02:00:00",16.31,3.2,22.14,20.7
"2025-12-16 03:00:00",14,3.67,15.23,13.74
"2025-12-16 04:00:00",12.12,4.66,12.61,11.55
"2025-12-16 05:00:00",13.44,6,12.38,10.61
"2025-12-16 06:00:00",16.08,3.91,11.55,10.05
"2025-12-16 07:00:00",13.98,3.19,11.48,9.94
"2025-12-16 08:00:00",18.27,2.69,10.76,9.03
"2025-12-16 09:00:00",30.47,2.74,10.05,7.47
"2025-12-16 10:00:00",23.86,3.17,14.14,11.86
"2025-12-16 11:00:00",25.62,4.12,15.99,12.41
"2025-12-16 12:00:00",31.46,6.25,16.56,12.66
"2025-12-16 13:00:00",29.85,11.62,13.95,9.33
"2025-12-16 14:00:00",24.09,17.97,9.7,6.34
"2025-12-16 15:00:00",9.8,39.9,10.34,6.96
"2025-12-16 16:00:00",12.28,42.46,18.7,14.61
"2025-12-16 17:00:00",24.14,26.33,27.66,24.35
"2025-12-16 18:00:00",29.55,20.76,21.77,17.76
"2025-12-16 19:00:00",18.44,30.49,17.06,14.21
"2025-12-16 20:00:00",19.59,26.7,21.12,16.37
"2025-12-16 21:00:00",14.98,38.4,13.63,11.25
"2025-12-16 22:00:00",7.77,51.48,10.39,8.52
"2025-12-16 23:00:00",2.55,66.9,5.3,3.81
"2025-12-17 00:00:00",0.8,72.36,5.3,3.05
"2025-12-17 01:00:00",0.15,74.6,5.32,3.26
"2025-12-17 02:00:00",-0.03,77.76,4.49,2.56
"2025-12-17 03:00:00",-0.28,80.09,4.23,2.61
"2025-12-17 04:00:00",-0.51,80.67,4,2.68
"2025-12-17 05:00:00",-0.58,80.23,2.11,1.52
"2025-12-17 06:00:00",-0.37,79.77,1.14,0.8
"2025-12-17 07:00:00",0.21,77.74,0.54,0.32
"2025-12-17 08:00:00",1.9,73.9,0.56,0.34
"2025-12-17 09:00:00",3.86,69.06,1.07,0.59
"2025-12-17 10:00:00",8.33,57.41,1.85,0.64
"2025-12-17 11:00:00",8.25,55.79,7.02,3.43
"2025-12-17 12:00:00",23.09,39.91,14.62,6.87
"2025-12-17 13:00:00",12.21,49.26,12.44,6.9
"2025-12-17 14:00:00",10.62,47.72,13.65,8.37
"2025-12-17 15:00:00",8.97,60.51,16.77,10.67
"2025-12-17 16:00:00",11.29,59.47,14.01,10.11
"2025-12-17 17:00:00",13.39,59.76,18.82,12.97
"2025-12-17 18:00:00",23.05,43.06,28.1,23.09
"2025-12-17 19:00:00",11.02,55.54,18.88,14.65
"2025-12-17 20:00:00",9.06,56.18,19.73,13.81
"2025-12-17 21:00:00",8.75,63.86,20.81,15.25
"2025-12-17 22:00:00",8.6,61.8,11.56,8.56
"2025-12-17 23:00:00",6.52,55.72,15.84,12.08
"2025-12-18 00:00:00",4.3,57.12,15.09,9.68
"2025-12-18 01:00:00",2.67,58.17,12.04,7.32
"2025-12-18 02:00:00",1.16,62.67,11.63,6.49
"2025-12-18 03:00:00",0.9,62.03,11.43,5.83
"2025-12-18 04:00:00",0.26,64.47,13.24,7.27
"2025-12-18 05:00:00",0.62,62.32,15.91,7.89
"2025-12-18 06:00:00",0.39,66.59,14.63,7.49
"2025-12-18 07:00:00",1.67,66.15,13.46,6.9
"2025-12-18 08:00:00",3.51,67.98,17,8.36
"2025-12-18 09:00:00",4.06,72.04,12.93,7.9
"2025-12-18 10:00:00",4.97,71.94,14.61,8.85
"2025-12-18 11:00:00",3.59,72.29,15.77,9.7
"2025-12-18 12:00:00",6.71,73.72,5.15,3.26
"2025-12-18 13:00:00",8.97,68.3,5.18,3.04
"2025-12-18 14:00:00",13.37,62.92,5.17,3.26
"2025-12-18 15:00:00",14.37,57.46,7.6,5.24
"2025-12-18 16:00:00",16.05,47.42,9.41,6.78
"2025-12-18 17:00:00",14.88,55.77,9.48,5.81
"2025-12-18 18:00:00",26.01,41.47,18.85,13.41
"2025-12-18 19:00:00",21.9,43.35,29.02,23.58
"2025-12-18 20:00:00",14.19,49.69,20.93,16.67
"2025-12-18 21:00:00",6.6,60.69,13.32,9.13
"2025-12-18 22:00:00",4.16,64.54,12.89,9.6
"2025-12-18 23:00:00",1.9,68.48,8.24,5.12
"2025-12-19 00:00:00",1.38,71.91,6.63,4.47
"2025-12-19 01:00:00",0.51,74.26,5.87,3.63
"2025-12-19 02:00:00",0.53,71.53,5.95,3.78
"2025-12-19 03:00:00",0.29,70.14,7.59,4.47
"2025-12-19 04:00:00",0.35,70.62,5.52,3.44
"2025-12-19 05:00:00",-0.36,70.14,5.93,3.44
"2025-12-19 06:00:00",0.34,67.79,8.68,4.81
"2025-12-19 07:00:00",2.23,65.02,7.74,4.47
"2025-12-19 08:00:00",8.35,57.64,7.06,4.28
"2025-12-19 09:00:00",12.33,55.28,7.79,4.4
"2025-12-19 10:00:00",12.31,56.81,8.52,4.82
"2025-12-19 11:00:00",9.37,54.82,11.19,6.23
"2025-12-19 12:00:00",7.73,61.32,10.9,5.96
"2025-12-19 13:00:00",4.42,69.24,10.43,5.87
"2025-12-19 14:00:00",4.33,71.76,13.35,6.75
"2025-12-19 15:00:00",6.27,68.97,14.08,7.7
"2025-12-19 16:00:00",11.08,56.48,14.38,8.61
"2025-12-19 17:00:00",11.55,53.33,13.98,9.15
"2025-12-19 18:00:00",12.09,53.43,19.22,15.35
"2025-12-19 19:00:00",8.14,58.49,16.07,12.95
"2025-12-19 20:00:00",7.01,60.57,12.88,10.52
"2025-12-19 21:00:00",6.86,56.52,12.88,10.13
"2025-12-19 22:00:00",4.09,64,9.37,6.54
"2025-12-19 23:00:00",5.25,64.05,10.14,6.67
"2025-12-20 00:00:00",2.47,70.4,9.58,6
"2025-12-20 01:00:00",1,73.79,9.19,5.02
"2025-12-20 02:00:00",0.08,76.47,10.61,5.25
"2025-12-20 03:00:00",-0.08,78.43,8.66,4.64
"2025-12-20 04:00:00",-0.19,79.98,8.77,4.66
"2025-12-20 05:00:00",-0.37,83.24,7.61,3.9
"2025-12-20 06:00:00",-0.54,84.78,7.33,4.03
"2025-12-20 07:00:00",-0.34,83.87,7.18,4.02
"2025-12-20 08:00:00",0.19,81.4,5.75,3.67
"2025-12-20 09:00:00",0.62,81.15,8.55,5.14
"2025-12-20 10:00:00",1.45,79.85,14.47,7.21
"2025-12-20 11:00:00",1.7,79.02,11.94,7.01
"2025-12-20 12:00:00",2.12,78.55,10.85,6.86
"2025-12-20 13:00:00",1.94,81.97,5.96,4.34
"2025-12-20 14:00:00",2.29,82.5,4.86,3.19
"2025-12-20 15:00:00",2.58,79.68,6.85,4.37
"2025-12-20 16:00:00",5.08,74.81,8.18,5.5
"2025-12-20 17:00:00",9.79,60.8,14.17,11.99
"2025-12-20 18:00:00",35.39,24.1,21.64,20.33
"2025-12-20 19:00:00",41.13,19.66,14.67,13.46
"2025-12-20 20:00:00",21.32,35,15.27,13.33
"2025-12-20 21:00:00",28.74,26.97,24.05,21.98
"2025-12-20 22:00:00",24.75,32.01,14.18,12.37
"2025-12-20 23:00:00",25.81,30.18,17.31,14.58
"2025-12-21 00:00:00",13.56,47.58,7.45,5.33
"2025-12-21 01:00:00",10.99,43.69,7.7,6.53
"2025-12-21 02:00:00",9.85,44.51,5.92,5.09
"2025-12-21 03:00:00",16.54,26.74,7.11,6.17
"2025-12-21 04:00:00",9.85,24.62,8.29,6.57
"2025-12-21 05:00:00",5.46,25.74,11.37,8.41
"2025-12-21 06:00:00",6.46,21.63,12.55,10.35
"2025-12-21 07:00:00",7.23,21.65,13.22,11.01
"2025-12-21 08:00:00",15.7,17.44,9.33,6.8
"2025-12-21 09:00:00",29.98,8.6,6.83,5.39
"2025-12-21 10:00:00",25.83,9.18,10.06,7.73
"2025-12-21 11:00:00",30.78,19.45,7.28,6.21
"2025-12-21 12:00:00",18.31,25.36,6.33,5.15
"2025-12-21 13:00:00",18.24,28.65,7.63,6.41
"2025-12-21 14:00:00",16.66,32.34,6.6,5
"2025-12-21 15:00:00",16.83,34.03,7.79,5.87
"2025-12-21 16:00:00",17.95,32.27,8.92,6.84
"2025-12-21 17:00:00",19.17,26.78,13.8,11.36
"2025-12-21 18:00:00",21.05,22.44,16.03,13.88
"2025-12-21 19:00:00",22.38,16.3,16.52,14.43
"2025-12-21 20:00:00",35.85,6.34,18.83,17.02
"2025-12-21 21:00:00",27.02,14.7,17.35,15.4
"2025-12-21 22:00:00",27.25,17.12,19.52,17.46
"2025-12-21 23:00:00",12.51,28.6,18.27,16.33
"2025-12-22 00:00:00",8.48,31.24,16.26,14.7
"2025-12-22 01:00:00",7.75,29.46,14.67,13.96
"2025-12-22 02:00:00",6.57,27.71,12.61,11.92
"2025-12-22 03:00:00",9.75,20.32,13.64,12.78
"2025-12-22 04:00:00",7.21,26.72,13.15,12.35
"2025-12-22 05:00:00",10.73,17.65,11.81,10.75
"2025-12-22 06:00:00",7.73,18.59,12.83,11.69
"2025-12-22 07:00:00",18.55,7.2,12.51,11.46
"2025-12-22 08:00:00",18.23,6.21,15.28,13.17
"2025-12-22 09:00:00",21.32,3.25,15.84,13.57
"2025-12-22 10:00:00",23.85,5.89,16.14,12.85
"2025-12-22 11:00:00",25.42,5.48,13.32,10.96
"2025-12-22 12:00:00",23.66,4.97,12.72,10.35
"2025-12-22 13:00:00",20.68,8.55,9.99,8.96
"2025-12-22 14:00:00",22.21,8.2,8.7,7.45
"2025-12-22 15:00:00",15.72,12.22,6.4,5.37
"2025-12-22 16:00:00",16.23,8.73,6.03,5.01
"2025-12-22 17:00:00",21.53,5.02,8.12,6.8
"2025-12-22 18:00:00",30.29,4.64,13.82,11.37
"2025-12-22 19:00:00",52.56,17.47,25.28,21.56
"2025-12-22 20:00:00",50.14,16.03,24.09,20.13
"2025-12-22 21:00:00",31.35,27.48,17.44,13.5
"2025-12-22 22:00:00",16.92,39.47,16.21,11.86
"2025-12-22 23:00:00",15.91,33.29,16.54,12.29
"2025-12-23 00:00:00",9.29,44.05,16.03,11.69
"2025-12-23 01:00:00",9.28,41.41,12.55,9.45
"2025-12-23 02:00:00",8.02,39.74,13.08,9.95
"2025-12-23 03:00:00",4.97,43.96,10.77,7.72
"2025-12-23 04:00:00",4.16,45.78,9.72,6.73
"2025-12-23 05:00:00",3.98,46,9.2,6.49
"2025-12-23 06:00:00",17.01,22.93,16.53,13.83
"2025-12-23 07:00:00",10.71,23.73,20.99,18.73
"2025-12-23 08:00:00",17.08,16.65,18.99,17.5
"2025-12-23 09:00:00",19.01,8.73,20.43,19.09
"2025-12-23 10:00:00",19.98,6.48,22.25,20.88
"2025-12-23 11:00:00",15.83,8.86,25.45,23.06
"2025-12-23 12:00:00",15.75,12.04,24.61,22.05
"2025-12-23 13:00:00",14.44,14.55,22.42,20.55
"2025-12-23 14:00:00",15.38,14.12,28.02,24.42
"2025-12-23 15:00:00",16.41,13.09,30.68,25.65
"2025-12-23 16:00:00",19.66,11.01,28.74,25.27
"2025-12-23 17:00:00",22.49,8.66,28.19,25.24
"2025-12-23 18:00:00",15.89,17.74,28.17,24.77
"2025-12-23 19:00:00",15.19,19.98,27.82,24.26
"2025-12-23 20:00:00",13.07,26.27,26.3,23.55
"2025-12-23 21:00:00",12.29,26.03,27.01,24.46
"2025-12-23 22:00:00",10.89,32.88,23.37,21.04
"2025-12-23 23:00:00",8.14,38.32,20.26,17.72
"2025-12-24 00:00:00",8.17,36.45,19.5,17.06
"2025-12-24 01:00:00",6.75,39.44,16.29,13.8
"2025-12-24 02:00:00",3.28,45.56,14.32,11.68
"2025-12-24 03:00:00",2.91,46.31,13.8,10.91
"2025-12-24 04:00:00",2.02,48.2,11.01,8.63
"2025-12-24 05:00:00",3.17,49.46,11.38,8.57
"2025-12-24 06:00:00",3.5,50.01,12.84,9.59
"2025-12-24 07:00:00",5.57,48.13,12.52,9.19
"2025-12-24 08:00:00",9.83,48.59,12.55,8.22
"2025-12-24 09:00:00",11.86,45.55,14.27,9.46
"2025-12-24 10:00:00",16.07,44.88,16.9,11.27
"2025-12-24 11:00:00",15.22,41.4,17.09,11.01
"2025-12-24 12:00:00",14.52,44.56,18.02,11.46
"2025-12-24 13:00:00",17.81,40.92,17.6,12.67
"2025-12-24 14:00:00",8.78,50.33,16.26,12.06
"2025-12-24 15:00:00",16.29,41.51,17.04,12.85
"2025-12-24 16:00:00",13.15,41.45,18.32,13.49
"2025-12-24 17:00:00",27.8,22.78,23.61,18.09
"2025-12-24 18:00:00",34.96,16.9,30.37,24.68
"2025-12-24 19:00:00",36.64,15.63,40.47,34.08
"2025-12-24 20:00:00",32,17.91,33.74,29.07
"2025-12-24 21:00:00",19.36,31.04,23.76,18.91
"2025-12-24 22:00:00",13.16,36.99,20.36,15.69
"2025-12-24 23:00:00",11.34,39.29,18.33,13.57
"2025-12-25 00:00:00",7.91,42.41,15.59,11.27
"2025-12-25 01:00:00",5.28,43.66,15.47,10.71
"2025-12-25 02:00:00",5.95,43.1,15.13,10.72
"2025-12-25 03:00:00",4.93,45.15,13.4,9.17
"2025-12-25 04:00:00",6.25,43.98,13.54,9.16
"2025-12-25 05:00:00",4.78,42.86,12.69,8.87
"2025-12-25 06:00:00",5.07,39.69,14.11,10.22
"2025-12-25 07:00:00",6.35,39.15,12.46,9.21
"2025-12-25 08:00:00",7.58,37.53,11.2,8.41
"2025-12-25 09:00:00",7.4,38.58,10.92,8.11
"2025-12-25 10:00:00",8.74,39.78,14.87,11.2
"2025-12-25 11:00:00",6.81,50.74,11.54,7.02
"2025-12-25 12:00:00",4.98,55.66,10.96,6.76
"2025-12-25 13:00:00",6.59,55.61,11.4,7.24
"2025-12-25 14:00:00",7.05,56.44,11.1,6.43
"2025-12-25 15:00:00",5.09,59.1,11.36,6.9
"2025-12-25 16:00:00",4.13,62.63,11.71,6.46
"2025-12-25 17:00:00",7.39,57.16,12.89,7.29
"2025-12-25 18:00:00",14.02,47.25,19.97,14.26
"2025-12-25 19:00:00",12.45,48.93,20.17,14.18
"2025-12-25 20:00:00",13.35,46.47,21.9,16.19
"2025-12-25 21:00:00",9.87,48.42,18.07,11.54
"2025-12-25 22:00:00",6.59,49.41,15.26,10.53
"2025-12-25 23:00:00",4.64,50.73,15.03,9.8
"2025-12-26 00:00:00",4.31,51.71,14.25,9.03
"2025-12-26 01:00:00",2.88,54.54,13.02,7.68
"2025-12-26 02:00:00",2.05,56.11,13.44,7.68
"2025-12-26 03:00:00",1.45,59.98,12.52,7.18
"2025-12-26 04:00:00",1.35,61.43,11.43,6.32
"2025-12-26 05:00:00",1.54,63.38,11.26,6.04
"2025-12-26 06:00:00",1.69,58.14,10.72,5.72
"2025-12-26 07:00:00",4.46,58.36,11.8,5.99
"2025-12-26 08:00:00",5.77,53.47,10.76,5.9
"2025-12-26 09:00:00",5.36,54.59,11.32,6.13
"2025-12-26 10:00:00",6.56,47.85,11.66,6.5
"2025-12-26 11:00:00",8.2,46.67,12.15,7.01
"2025-12-26 12:00:00",8.75,43.71,11.89,7.29
"2025-12-26 13:00:00",10.18,39.97,13.37,8.42
"2025-12-26 14:00:00",12.37,35.28,15.06,9.14
"2025-12-26 15:00:00",12.74,36.7,15.41,10.26
"2025-12-26 16:00:00",14.31,32.47,15.55,10.84
"2025-12-26 17:00:00",18.18,24.13,18.91,13.95
"2025-12-26 18:00:00",23.4,14.16,22.73,18.39
"2025-12-26 19:00:00",27.38,15.13,30.28,26.1
"2025-12-26 20:00:00",18.94,34.04,21.85,17.53
"2025-12-26 21:00:00",18.43,40.31,20.62,15.51
"2025-12-26 22:00:00",20.82,35.56,24.5,19.46
"2025-12-26 23:00:00",12.38,43.65,17.59,12.87
"2025-12-27 00:00:00",7.53,45.52,16.55,12.01
"2025-12-27 01:00:00",5.35,44.62,12.75,9.49
"2025-12-27 02:00:00",6.13,45.44,12.72,8.94
"2025-12-27 03:00:00",7.12,42.64,12.82,9.33
"2025-12-27 04:00:00",5.57,41.8,12.48,8.86
"2025-12-27 05:00:00",7.02,40.14,12.34,8.7
"2025-12-27 06:00:00",4.42,41.41,11.84,8.18
"2025-12-27 07:00:00",8.02,37.22,10.85,7.9
"2025-12-27 08:00:00",9.34,35.76,10.58,7.21
"2025-12-27 09:00:00",7.91,39.24,8.32,5.97
"2025-12-27 10:00:00",10.91,36.86,9.2,5.93
"2025-12-27 11:00:00",9.96,40.8,8.79,5.83
"2025-12-27 12:00:00",8.47,45.34,9.25,6.29
"2025-12-27 13:00:00",7.87,46.04,8.39,6.18
"2025-12-27 14:00:00",10.28,42.75,10.04,7.25
"2025-12-27 15:00:00",12.23,39.18,11.69,8.58
"2025-12-27 16:00:00",14.17,38.24,12.63,8.72
"2025-12-27 17:00:00",23.7,27.81,14.99,11.46
"2025-12-27 18:00:00",19.7,32.47,15.92,11.84
"2025-12-27 19:00:00",17.04,43.06,15.99,12.36
"2025-12-27 20:00:00",16.65,44.3,17.03,12.89
"2025-12-27 21:00:00",20.1,42.88,15.47,12.71
"2025-12-27 22:00:00",9.45,54.6,13.44,10.65
"2025-12-27 23:00:00",9.65,52.24,11.69,8.6
"2025-12-28 00:00:00",5.87,55.21,10.35,7.45
"2025-12-28 01:00:00",7.59,51.23,10.1,7.63
"2025-12-28 02:00:00",8.31,46.71,10.15,7.42
"2025-12-28 03:00:00",16.39,36.8,10.49,7.8
"2025-12-28 04:00:00",12.26,42.79,9.84,7.43
"2025-12-28 05:00:00",4.15,50.55,8.74,6.61
"2025-12-28 06:00:00",2.52,48.73,9.03,7.16
"2025-12-28 07:00:00",4.7,48.12,8.18,6.55
"2025-12-28 08:00:00",8.53,46.02,8.43,6.46
"2025-12-28 09:00:00",12.32,43.98,8.14,6.2
"2025-12-28 10:00:00",12.08,41.59,8.57,6.37
"2025-12-28 11:00:00",11.61,39.48,9.57,7.37
"2025-12-28 12:00:00",15.47,33.86,10.52,8.12
"2025-12-28 13:00:00",18.12,33.56,11.27,8.18
"2025-12-28 14:00:00",18.12,33.68,12.43,9.53
"2025-12-28 15:00:00",21.37,37.14,13.23,10.59
"2025-12-28 16:00:00",19.16,37.99,12.55,10.1
"2025-12-28 17:00:00",23.01,33.9,16.1,12.1
"2025-12-28 18:00:00",20.98,28.37,19.8,16.77
"2025-12-28 19:00:00",18.27,29.82,22.5,19.62
"2025-12-28 20:00:00",18.13,37.06,28.84,23.77
"2025-12-28 21:00:00",21.24,30.31,30.23,24.85
"2025-12-28 22:00:00",22.41,32.83,31.99,26.87
"2025-12-28 23:00:00",18.87,40.09,30.55,24.19
"2025-12-29 00:00:00",12.32,42.07,30.64,24.46
"2025-12-29 01:00:00",12.77,40.19,28.45,22.42
"2025-12-29 02:00:00",8.28,44.9,23.17,18.35
"2025-12-29 03:00:00",9,45.98,20.09,15.82
"2025-12-29 04:00:00",5.25,53.86,19.74,15.03
"2025-12-29 05:00:00",4.08,58.97,21.13,16.25
"2025-12-29 06:00:00",22.74,43.99,19.18,14.81
"2025-12-29 07:00:00",46.96,21.3,16.55,12.1
"2025-12-29 08:00:00",22.07,47.66,16.7,11.73
"2025-12-29 09:00:00",18.97,43.74,18.94,13.5
"2025-12-29 10:00:00",21.46,38.78,17.67,13.34
"2025-12-29 11:00:00",15.22,38.54,15.14,10.86
"2025-12-29 12:00:00",12.74,40.25,14.71,9.73
"2025-12-29 13:00:00",12.53,42.15,14.78,9.53
"2025-12-29 14:00:00",16.65,39.26,16.42,10.35
"2025-12-29 15:00:00",16.1,36.78,17.75,12.54
"2025-12-29 16:00:00",19.19,35.72,19.4,14.29
"2025-12-29 17:00:00",19.41,34.04,21.87,17.31
"2025-12-29 18:00:00",16.19,34.42,20.44,15.8
"2025-12-29 19:00:00",13.83,35.97,22.9,16.97
"2025-12-29 20:00:00",12.34,37.83,22.8,17.41
"2025-12-29 21:00:00",12.19,39.66,24.94,19.09
"2025-12-29 22:00:00",10.88,40.86,22.21,17.8
"2025-12-29 23:00:00",12.27,42.23,20.76,17.21
"2025-12-30 00:00:00",16.13,51.84,19.72,16.32
"2025-12-30 01:00:00",2.97,67.5,17.94,14.87
"2025-12-30 02:00:00",3.32,64.43,19.07,15.61
"2025-12-30 03:00:00",3.19,61.86,18.81,15.64
"2025-12-30 04:00:00",3.57,55.47,18.9,15.69
"2025-12-30 05:00:00",4.18,55.63,17.58,14.76
"2025-12-30 06:00:00",4.27,56.42,14.97,11.65
"2025-12-30 07:00:00",11.41,52.98,12.65,9.25
"2025-12-30 08:00:00",12.71,50.91,10.27,7.82
"2025-12-30 09:00:00",12.72,46.38,11.96,8.46
"2025-12-30 10:00:00",16.86,39.74,11.96,9.27
"2025-12-30 11:00:00",15.67,39.16,11.32,8.4
"2025-12-30 12:00:00",17.38,36.35,10.98,8.07
"2025-12-30 13:00:00",19.35,37.34,9.44,7.15
"2025-12-30 14:00:00",15.27,48.2,8.9,6.18
"2025-12-30 15:00:00",18.92,47.63,10.43,6.04
"2025-12-30 16:00:00",14.65,53.51,10.67,6.79
"2025-12-30 17:00:00",41.92,21.04,14.56,11.17
"2025-12-30 18:00:00",39.68,24.3,22.3,19.98
"2025-12-30 19:00:00",26.28,36.72,16.4,13.93
"2025-12-30 20:00:00",25.36,38.38,19.35,16.66
"2025-12-30 21:00:00",32.7,28.02,15.06,12.17
"2025-12-30 22:00:00",26.8,36.77,15.01,12.28
"2025-12-30 23:00:00",21.96,39.7,14.9,12.06
"2025-12-31 00:00:00",11.73,46.33,15.79,13.01
"2025-12-31 01:00:00",7.78,49.21,13.37,10.77
"2025-12-31 02:00:00",7.72,50.28,12.75,10.01
"2025-12-31 03:00:00",5.74,52.39,10.66,8.15
"2025-12-31 04:00:00",3.68,53.18,10.66,8.68
"2025-12-31 05:00:00",4.68,51.02,12.62,10.25
"2025-12-31 06:00:00",5.28,50.41,12.87,9.6
"2025-12-31 07:00:00",14.31,38.2,11.46,8.71
"2025-12-31 08:00:00",13.63,40.29,10.37,7.63
"2025-12-31 09:00:00",10.94,40.04,12.21,8.96
"2025-12-31 10:00:00",13.86,34.3,12.58,10.32
"2025-12-31 11:00:00",31.19,19.43,11.95,8.6
"2025-12-31 12:00:00",29.37,26.3,15.38,8.87
"2025-12-31 13:00:00",26.63,28.96,18.08,9.94
"2025-12-31 14:00:00",17.26,51.01,17.25,8.99
"2025-12-31 15:00:00",8.53,59.76,13.32,9.34
"2025-12-31 16:00:00",14.34,50.11,18.64,13.87
"2025-12-31 17:00:00",26.3,36.74,23.93,17.41
"2025-12-31 18:00:00",51.64,10.52,56.07,47.68
"2025-12-31 19:00:00",54.13,7.96,75.32,66.39
"2025-12-31 20:00:00",45.51,8.98,75.31,69.92
"2025-12-31 21:00:00",51.5,9.35,94.92,88.64
"2025-12-31 22:00:00",46.17,9.18,72.63,68.2
"2025-12-31 23:00:00",37.18,9.05,48.43,44.37