"Date and Time","NO<sub>2</sub>","O<sub>3</sub>","PM<sub>10</sub>","PM<sub>2.5</sub>"
"2022-01-01 01:00:00",1.96,62.5,30.83,19.57
"2022-01-01 02:00:00",1.88,62.63,30.06,17.6
"2022-01-01 03:00:00",1.66,63.11,31.67,18.01
"2022-01-01 04:00:00",1.37,66.84,31.93,19.4
"2022-01-01 05:00:00",0.88,73.57,30.53,19.33
"2022-01-01 06:00:00",0.31,82.46,21.01,14.59
"2022-01-01 07:00:00",0.36,90.87,19.19,11.23
"2022-01-01 08:00:00",0.58,89.06,19.86,11.3
"2022-01-01 09:00:00",0.96,84.97,20.31,11.86
"2022-01-01 10:00:00",0.8,82.9,19.57,12.19
"2022-01-01 11:00:00",0.91,83.36,17.2,11.33
"2022-01-01 12:00:00",1.08,82.72,17.18,10.79
"2022-01-01 13:00:00",1.25,82.77,14.59,9.47
"2022-01-01 14:00:00",1.55,81.87,14.41,10.06
"2022-01-01 15:00:00",1.82,82.16,14.53,9.87
"2022-01-01 16:00:00",3.19,81.15,14.74,10.2
"2022-01-01 17:00:00",4.04,77.22,13.72,9.51
"2022-01-01 18:00:00",6.13,72.15,19.66,14.76
"2022-01-01 19:00:00",9.26,62.82,34.43,25.96
"2022-01-01 20:00:00",10.42,62.85,42.79,32.51
"2022-01-01 21:00:00",9.07,63.49,33.88,27.39
"2022-01-01 22:00:00",6.84,63.64,30.09,22.32
"2022-01-01 23:00:00",3.86,66.51,24.46,15.58
"2022-01-02 00:00:00",2.42,66.41,20.76,12.73
"2022-01-02 01:00:00",2.61,63.59,19.2,11.03
"2022-01-02 02:00:00",1.37,67.37,16.55,9.43
"2022-01-02 03:00:00",0.45,69.42,12.62,7.22
"2022-01-02 04:00:00",0.26,72.42,12.3,6.63
"2022-01-02 05:00:00",0.21,73.01,9.89,5.63
"2022-01-02 06:00:00",0.32,72.47,8.37,4.57
"2022-01-02 07:00:00",0.75,75.27,8.48,4.26
"2022-01-02 08:00:00",1.19,75.38,9.12,4.76
"2022-01-02 09:00:00",1.78,83.78,5.56,3.36
"2022-01-02 10:00:00",1.56,81.02,3.4,2.03
"2022-01-02 11:00:00",2.08,76.69,5.9,3.36
"2022-01-02 12:00:00",2.53,73.56,8.69,5.09
"2022-01-02 13:00:00",3.58,77.09,15.99,10.08
"2022-01-02 14:00:00",5.17,76.16,10.84,7.76
"2022-01-02 15:00:00",4.81,72.91,14.88,10.22
"2022-01-02 16:00:00",4.33,71.16,20.42,12.91
"2022-01-02 17:00:00",8.29,65.31,20.99,13.53
"2022-01-02 18:00:00",6.45,69.42,25.58,17.48
"2022-01-02 19:00:00",6.53,72.51,23.89,15.3
"2022-01-02 20:00:00",6.16,74.76,19.69,13.45
"2022-01-02 21:00:00",5.67,73.84,24.02,15.3
"2022-01-02 22:00:00",4.28,76.33,19.67,13.1
"2022-01-02 23:00:00",4.09,75.02,23.72,14.39
"2022-01-03 00:00:00",2.23,77.15,18.05,10.9
"2022-01-03 01:00:00",1.24,78.91,13.32,7.93
"2022-01-03 02:00:00",0.93,79.03,15.35,8.46
"2022-01-03 03:00:00",0.43,78.92,14.33,8.19
"2022-01-03 04:00:00",0.28,79.54,16.2,8.79
"2022-01-03 05:00:00",0.23,79.93,17.77,9.06
"2022-01-03 06:00:00",0.74,78.34,19.56,10.2
"2022-01-03 07:00:00",1.82,77.26,18.18,9.65
"2022-01-03 08:00:00",3.86,75,16.79,8.89
"2022-01-03 09:00:00",4.8,71.53,16.9,9.91
"2022-01-03 10:00:00",5.43,69.08,19.55,11.37
"2022-01-03 11:00:00",4.17,69.89,12.23,7.42
"2022-01-03 12:00:00",2.8,71.37,12.88,8.36
"2022-01-03 13:00:00",4.18,72.12,13.37,6.96
"2022-01-03 14:00:00",4.66,71.39,16.5,8.61
"2022-01-03 15:00:00",5.31,70.59,16.45,9.54
"2022-01-03 16:00:00",5.6,72.02,13.71,8.85
"2022-01-03 17:00:00",6.38,73.14,15.82,10.11
"2022-01-03 18:00:00",6,73.47,13.39,9.92
"2022-01-03 19:00:00",6.63,67.57,13.39,8.47
"2022-01-03 20:00:00",7.85,58.88,9.13,5.64
"2022-01-03 21:00:00",5.57,67.65,2.52,1.97
"2022-01-03 22:00:00",4.02,72.31,2.06,1.78
"2022-01-03 23:00:00",3.58,75.77,6.93,4.27
"2022-01-04 00:00:00",4.34,73.21,9,5.21
"2022-01-04 01:00:00",3.45,69.41,10.13,5.28
"2022-01-04 02:00:00",3.57,59.55,9.1,5.09
"2022-01-04 03:00:00",2.01,67.03,11.47,5.49
"2022-01-04 04:00:00",1.63,70.02,8.97,4.29
"2022-01-04 05:00:00",1.62,71.43,7.34,3.65
"2022-01-04 06:00:00",2.26,70.88,5.33,2.98
"2022-01-04 07:00:00",4.96,66.44,6.28,3.35
"2022-01-04 08:00:00",14.14,57.49,7.99,4.21
"2022-01-04 09:00:00",18.82,49.9,8.73,4.78
"2022-01-04 10:00:00",21.14,46.12,9.18,5.06
"2022-01-04 11:00:00",19.8,49.94,12.21,6.39
"2022-01-04 12:00:00",17.51,53.06,12.19,6.65
"2022-01-04 13:00:00",14.13,55.73,12.3,6.4
"2022-01-04 14:00:00",14.28,58.44,14.25,6.72
"2022-01-04 15:00:00",14.75,59.13,14.8,6.92
"2022-01-04 16:00:00",17,55.24,16.02,8.32
"2022-01-04 17:00:00",24.51,43.99,15.64,8.46
"2022-01-04 18:00:00",47.74,20.99,37.42,19.56
"2022-01-04 19:00:00",18.7,50.31,19.61,11.77
"2022-01-04 20:00:00",21.64,48.25,20.85,13.75
"2022-01-04 21:00:00",28.66,37.73,23.85,17.24
"2022-01-04 22:00:00",21.4,41.63,28.38,21.15
"2022-01-04 23:00:00",11.28,53.36,15.36,10.28
"2022-01-05 00:00:00",24.78,31.71,30.5,26.18
"2022-01-05 01:00:00",18.5,41.53,29.17,25.96
"2022-01-05 02:00:00",6.57,51.89,12.44,9.14
"2022-01-05 03:00:00",6.17,47.56,12.58,8.84
"2022-01-05 04:00:00",11.98,30.99,13.91,10.5
"2022-01-05 05:00:00",14.6,24.66,12.15,9.06
"2022-01-05 06:00:00",8.83,34.01,11.01,7.46
"2022-01-05 07:00:00",20.53,16.43,9.72,6.31
"2022-01-05 08:00:00",37.85,5.77,10.97,7.11
"2022-01-05 09:00:00",42.81,6.05,15.68,11.05
"2022-01-05 10:00:00",36.04,6.33,21.26,12.22
"2022-01-05 11:00:00",33.14,7.01,37.2,18.51
"2022-01-05 12:00:00",40.72,8.96,53.59,28.3
"2022-01-05 13:00:00",34.99,10.87,29.49,22.14
"2022-01-05 14:00:00",35.67,10.39,28.36,20.68
"2022-01-05 15:00:00",38.49,12.14,39.78,29.62
"2022-01-05 16:00:00",37.45,10.19,24.02,17.11
"2022-01-05 17:00:00",46.36,6.72,37.53,30.01
"2022-01-05 18:00:00",53,7.55,62.17,53.33
"2022-01-05 19:00:00",55.75,9.83,92.81,84.31
"2022-01-05 20:00:00",71.35,10.14,128.61,120
"2022-01-05 21:00:00",59.02,9.86,132.58,124.8
"2022-01-05 22:00:00",54.04,8.75,87.78,81.93
"2022-01-05 23:00:00",35.13,25.33,46.59,41.41
"2022-01-06 00:00:00",7.95,55.2,16.35,11.59
"2022-01-06 01:00:00",3.94,64.26,10.45,7.32
"2022-01-06 02:00:00",1.82,69.57,8.06,4.9
"2022-01-06 03:00:00",0.88,71.82,7.33,4.01
"2022-01-06 04:00:00",0.68,74.8,7.78,4
"2022-01-06 05:00:00",0.7,76.43,7.13,3.9
"2022-01-06 06:00:00",0.87,76.43,2.97,1.98
"2022-01-06 07:00:00",1.33,77.56,2.26,1.38
"2022-01-06 08:00:00",2.01,78.23,1.56,1.16
"2022-01-06 09:00:00",6.87,73.17,1.96,1.33
"2022-01-06 10:00:00",8.94,76.84,7.71,4.34
"2022-01-06 11:00:00",12.58,73.29,13.36,7.27
"2022-01-06 12:00:00",8.21,76.3,14.38,7.46
"2022-01-06 13:00:00",15.38,71.17,10.55,5.25
"2022-01-06 14:00:00",11.88,69.96,9.47,5.25
"2022-01-06 15:00:00",19.98,68.16,18.51,8.86
"2022-01-06 16:00:00",18.53,65.38,17.3,7.83
"2022-01-06 17:00:00",16.47,65.44,20.67,12.32
"2022-01-06 18:00:00",11.18,77.36,11.7,8.6
"2022-01-06 19:00:00",14.6,72.46,13.94,10.21
"2022-01-06 20:00:00",12.28,75.41,12.65,8.56
"2022-01-06 21:00:00",10.24,77.29,16.82,11.79
"2022-01-06 22:00:00",13.57,73.8,8.97,5.71
"2022-01-06 23:00:00",8.57,74.2,16.02,10.43
"2022-01-07 00:00:00",6.46,74.98,12.51,6.65
"2022-01-07 01:00:00",5.58,78.55,8.23,3.78
"2022-01-07 02:00:00",6.79,76.93,7.84,3.73
"2022-01-07 03:00:00",7.74,75.79,5.68,2.91
"2022-01-07 04:00:00",5.34,79.59,8.22,4.04
"2022-01-07 05:00:00",7.23,80.24,6.2,3.03
"2022-01-07 06:00:00",5.31,76.7,14.71,6.1
"2022-01-07 07:00:00",7.38,69.94,14.27,6.85
"2022-01-07 08:00:00",15.86,64.81,14.98,8
"2022-01-07 09:00:00",14.88,69.29,12.28,7.59
"2022-01-07 10:00:00",15.53,62.53,8.09,6.09
"2022-01-07 11:00:00",18.55,52.92,7.82,5.59
"2022-01-07 12:00:00",18.9,54.86,9.03,5.6
"2022-01-07 13:00:00",16.46,62.49,16.75,6.29
"2022-01-07 14:00:00",19.76,57.43,20.3,7.66
"2022-01-07 15:00:00",20.43,55.93,26.58,11.65
"2022-01-07 16:00:00",20.48,56.54,14.03,5.36
"2022-01-07 17:00:00",31.94,33.58,26.79,19.3
"2022-01-07 18:00:00",29.33,35.16,52.9,42.79
"2022-01-07 19:00:00",20.34,45.31,43.87,34.85
"2022-01-07 20:00:00",17.12,56.93,24.92,21.05
"2022-01-07 21:00:00",15.16,57.17,33.88,26.51
"2022-01-07 22:00:00",10.63,64.62,40.88,26.16
"2022-01-07 23:00:00",6.23,73.37,27.83,18.15
"2022-01-08 00:00:00",2.77,76.1,14.11,9.54
"2022-01-08 01:00:00",1.42,82.48,12.67,7.63
"2022-01-08 02:00:00",1.16,80.51,5.17,3.76
"2022-01-08 03:00:00",0.84,81.47,5.17,3.56
"2022-01-08 04:00:00",0.72,82.89,2.91,2.18
"2022-01-08 05:00:00",0.48,84.4,1.05,0.59
"2022-01-08 06:00:00",0.48,83.02,3.14,2.14
"2022-01-08 07:00:00",4.74,85.11,11.15,8.19
"2022-01-08 08:00:00",5.76,81.42,22.58,16.07
"2022-01-08 09:00:00",12.84,70.97,20.57,13.2
"2022-01-08 10:00:00",22,59.08,26.57,12.29
"2022-01-08 11:00:00",13.34,71.98,29.93,14.09
"2022-01-08 12:00:00",7.62,80.87,16.64,8.84
"2022-01-08 13:00:00",9.42,77.41,19.24,8.75
"2022-01-08 14:00:00",9.91,77.05,11.81,6.13
"2022-01-08 15:00:00",14.3,70.52,10.59,5.48
"2022-01-08 16:00:00",9.3,75.81,14.55,7.61
"2022-01-08 17:00:00",10.7,74.77,11.92,7.16
"2022-01-08 18:00:00",13.86,69.98,19.34,11.36
"2022-01-08 19:00:00",10.72,73.64,21.03,11.32
"2022-01-08 20:00:00",15.81,63.76,33.14,23.89
"2022-01-08 21:00:00",7.13,83.61,18.88,10.52
"2022-01-08 22:00:00",9.74,79.08,13.45,9.56
"2022-01-08 23:00:00",4.99,85.98,9.31,5.98
"2022-01-09 00:00:00",5.21,83.97,10.36,6.12
"2022-01-09 01:00:00",3.84,82.06,13.88,8.02
"2022-01-09 02:00:00",2.27,85.43,10.37,6.01
"2022-01-09 03:00:00",3.82,84.78,13.52,6.96
"2022-01-09 04:00:00",2.12,89.1,11.33,6.35
"2022-01-09 05:00:00",2.77,86.66,11.75,6.53
"2022-01-09 06:00:00",4.39,82.55,11.09,5.84
"2022-01-09 07:00:00",4.88,82.93,9.38,5.54
"2022-01-09 08:00:00",6.47,74.11,13.13,7.49
"2022-01-09 09:00:00",6.49,73.21,12.38,7.59
"2022-01-09 10:00:00",21.32,46.93,21.15,15.17
"2022-01-09 11:00:00",15.33,54.74,21.69,14.02
"2022-01-09 12:00:00",8.51,61.23,28.23,15.66
"2022-01-09 13:00:00",10.03,73.44,22.64,13.24
"2022-01-09 14:00:00",7.61,79.03,14.37,9.25
"2022-01-09 15:00:00",13.53,69.68,15.79,11.93
"2022-01-09 16:00:00",16.96,64.81,25.27,20.64
"2022-01-09 17:00:00",26.79,50.96,35.98,31.45
"2022-01-09 18:00:00",19.23,55.28,30.12,27.3
"2022-01-09 19:00:00",23.4,51.48,24.62,23.15
"2022-01-09 20:00:00",23.17,54.55,11.44,10.74
"2022-01-09 21:00:00",33.41,37.14,11.98,11.34
"2022-01-09 22:00:00",45.67,20.7,29.73,28.52
"2022-01-09 23:00:00",53.36,7.56,46.61,45.33
"2022-01-10 00:00:00",44.21,6.4,53.04,51.72
"2022-01-10 01:00:00",44.06,6.76,54.65,51.72
"2022-01-10 02:00:00",14.62,43.12,40.5,28.51
"2022-01-10 03:00:00",7.13,53.94,23.47,12.98
"2022-01-10 04:00:00",15.24,47.56,12.33,6.73
"2022-01-10 05:00:00",4.85,59.9,7.86,4.13
"2022-01-10 06:00:00",2.79,57.58,4.94,2.62
"2022-01-10 07:00:00",3.15,66.47,5.33,2.97
"2022-01-10 08:00:00",8.94,62.15,3.8,2.02
"2022-01-10 09:00:00",19.77,54.14,5.67,3.85
"2022-01-10 10:00:00",10.48,60.89,3.94,1.98
"2022-01-10 11:00:00",6.28,60.23,2.59,1.57
"2022-01-10 12:00:00",6.57,58.35,5.89,3.65
"2022-01-10 13:00:00",8.13,54.4,5.83,3.54
"2022-01-10 14:00:00",12.6,53.96,7.96,5.31
"2022-01-10 15:00:00",12.03,62.12,9.45,5.3
"2022-01-10 16:00:00",16.52,67.93,5.37,3.64
"2022-01-10 17:00:00",25.88,55.48,12.84,8.92
"2022-01-10 18:00:00",32.41,45.99,20.03,12.64
"2022-01-10 19:00:00",29.05,45.24,30.74,22.28
"2022-01-10 20:00:00",28.38,40.08,30.61,21.77
"2022-01-10 21:00:00",35.23,30.5,33.64,24
"2022-01-10 22:00:00",27.06,33.84,31.36,21.28
"2022-01-10 23:00:00",23.39,37.26,29.16,17.09
"2022-01-11 00:00:00",25.15,36.37,30.76,18.03
"2022-01-11 01:00:00",23.25,30.64,26.93,16.7
"2022-01-11 02:00:00",17.77,29.64,31.87,21.96
"2022-01-11 03:00:00",9.53,36.52,24.06,15.52
"2022-01-11 04:00:00",8.03,36.27,20.94,12.42
"2022-01-11 05:00:00",10.21,26.66,19.21,12.68
"2022-01-11 06:00:00",14.47,23.72,18.26,11.13
"2022-01-11 07:00:00",22.09,13.98,15.2,9.19
"2022-01-11 08:00:00",39.42,6.02,15.07,8.99
"2022-01-11 09:00:00",38.41,6.51,19.83,14.78
"2022-01-11 10:00:00",47.38,6.54,19.44,12.86
"2022-01-11 11:00:00",46.14,7.53,25.46,15.76
"2022-01-11 12:00:00",35.9,13.83,22.31,13.3
"2022-01-11 13:00:00",27.61,26.88,21.91,11.58
"2022-01-11 14:00:00",21.18,39.64,21.63,11.53
"2022-01-11 15:00:00",37.53,28.68,23.3,11.6
"2022-01-11 16:00:00",41.26,34.73,23.34,10.93
"2022-01-11 17:00:00",40.64,30.3,28,17.22
"2022-01-11 18:00:00",48.52,18.54,64.99,55.57
"2022-01-11 19:00:00",60.77,10.15,77.04,67.38
"2022-01-11 20:00:00",62.06,9.8,110.61,99.42
"2022-01-11 21:00:00",53.38,9.42,99.72,90.73
"2022-01-11 22:00:00",50.7,9.45,110.83,101.91
"2022-01-11 23:00:00",41.09,10.1,71.99,65.4
"2022-01-12 00:00:00",38.22,9,75.83,70.16
"2022-01-12 01:00:00",28.93,11.07,37.05,32.35
"2022-01-12 02:00:00",20.35,14.73,27.9,24.52
"2022-01-12 03:00:00",22.8,9.15,29.08,26.05
"2022-01-12 04:00:00",18.24,12.87,21.25,17.96
"2022-01-12 05:00:00",21.6,8.05,18.19,16.09
"2022-01-12 06:00:00",17.27,8.35,19.04,17.19
"2022-01-12 07:00:00",15.36,10.02,15.5,13.85
"2022-01-12 08:00:00",26.24,7.11,12.58,10.37
"2022-01-12 09:00:00",34.14,6.9,15.97,10.91
"2022-01-12 10:00:00",34.91,7.35,15.76,11.13
"2022-01-12 11:00:00",34.3,9.2,14.94,10.57
"2022-01-12 12:00:00",36.75,10.85,20.76,15.12
"2022-01-12 13:00:00",33.37,14.73,16.81,11.76
"2022-01-12 14:00:00",14.25,41.1,12.58,7.89
"2022-01-12 15:00:00",8.68,51.79,11.04,7.26
"2022-01-12 16:00:00",13.2,49.45,24.97,19.98
"2022-01-12 17:00:00",30.18,28.12,53.99,47.92
"2022-01-12 18:00:00",49.02,11.37,84.86,78.27
"2022-01-12 19:00:00",46.09,8.59,96.09,88.18
"2022-01-12 20:00:00",45.61,8.28,91.23,84.81
"2022-01-12 21:00:00",49.4,8,89.54,83.91
"2022-01-12 22:00:00",46.08,7.48,74.95,69.77
"2022-01-12 23:00:00",46.34,8.56,133.08,127.14
"2022-01-13 00:00:00",34.78,6.83,81.83,77.7
"2022-01-13 01:00:00",32.84,6.85,75.6,72.1
"2022-01-13 02:00:00",21.33,6.96,45.17,43.29
"2022-01-13 03:00:00",19.59,7.16,31.24,30.3
"2022-01-13 04:00:00",12.86,11.06,18.93,18.27
"2022-01-13 05:00:00",12.45,13.29,15.91,15.06
"2022-01-13 06:00:00",21.36,8.71,15.93,14.83
"2022-01-13 07:00:00",19.16,9.22,14.99,13.61
"2022-01-13 08:00:00",28.31,5.28,15.9,14.37
"2022-01-13 09:00:00",38.22,5.38,16.15,14.36
"2022-01-13 10:00:00",44.29,5.53,22.6,18.77
"2022-01-13 11:00:00",45.39,5.63,27.42,20.69
"2022-01-13 12:00:00",45.33,6.43,28.95,22.8
"2022-01-13 13:00:00",18.82,42.16,17.56,13.94
"2022-01-13 14:00:00",9.94,57.64,12.25,9.48
"2022-01-13 15:00:00",11.67,55.57,13.15,10.04
"2022-01-13 16:00:00",29.12,40.19,17.13,13.97
"2022-01-13 17:00:00",53.53,17.7,40.19,34.62
"2022-01-13 18:00:00",69.92,7.35,86.21,78.24
"2022-01-13 19:00:00",70.56,9.75,111.61,102.57
"2022-01-13 20:00:00",70.5,12.29,123.57,116.27
"2022-01-13 21:00:00",50.88,18.66,111.92,106.27
"2022-01-13 22:00:00",23.11,36.98,46.64,43.25
"2022-01-13 23:00:00",13.7,50.25,25.13,22.31
"2022-01-14 00:00:00",20.63,40.51,29.82,26.59
"2022-01-14 01:00:00",24.58,36.24,26.69,24.17
"2022-01-14 02:00:00",8.45,49.82,17.97,15.47
"2022-01-14 03:00:00",6.22,48.13,14.81,12.8
"2022-01-14 04:00:00",3.97,51.56,12.84,11.19
"2022-01-14 05:00:00",3.42,49.22,11.75,10.08
"2022-01-14 06:00:00",49.65,15.76,10.55,8.39
"2022-01-14 07:00:00",36.88,26.67,10.86,8.6
"2022-01-14 08:00:00",45.79,18.63,12.13,9.62
"2022-01-14 09:00:00",55.01,13.02,14.92,10.54
"2022-01-14 10:00:00",46.75,19.11,17.24,11.97
"2022-01-14 11:00:00",38.32,19.77,15.99,11.27
"2022-01-14 12:00:00",34.68,28.07,18.86,12.66
"2022-01-14 13:00:00",26.96,36.2,18.84,14.15
"2022-01-14 14:00:00",15.66,47.94,19.05,14.9
"2022-01-14 15:00:00",24.74,35.84,21.56,16.29
"2022-01-14 16:00:00",32.16,30.42,25.22,19.56
"2022-01-14 17:00:00",43.09,23.49,25.64,19.65
"2022-01-14 18:00:00",43.31,20.96,39.98,34.47
"2022-01-14 19:00:00",47.61,17.03,42.52,37.16
"2022-01-14 20:00:00",41.65,17.57,47.22,42.52
"2022-01-14 21:00:00",44.82,15.06,54.09,50.24
"2022-01-14 22:00:00",31.06,23.19,32.53,28.68
"2022-01-14 23:00:00",28.34,22.9,34.76,30.89
"2022-01-15 00:00:00",23.31,25.09,37.97,34.38
"2022-01-15 01:00:00",14.39,30.94,29.61,26.69
"2022-01-15 02:00:00",10.46,36.66,23.63,20.69
"2022-01-15 03:00:00",17.15,24.66,23.1,20.99
"2022-01-15 04:00:00",10.9,30.34,22.68,20.3
"2022-01-15 05:00:00",12.82,22.31,22.42,20.67
"2022-01-15 06:00:00",32.96,13.18,19.89,17.53
"2022-01-15 07:00:00",19.22,19.01,17.25,15.11
"2022-01-15 08:00:00",24.84,15.89,18.09,15.24
"2022-01-15 09:00:00",28.32,12.45,18.88,16.55
"2022-01-15 10:00:00",31.73,11.51,21.26,18.39
"2022-01-15 11:00:00",32.17,13.27,22.33,18.48
"2022-01-15 12:00:00",31.49,18.07,17.9,14.89
"2022-01-15 13:00:00",35.61,15.78,21.87,16.96
"2022-01-15 14:00:00",22.71,35.03,24.37,19.61
"2022-01-15 15:00:00",9.31,53.88,17.86,14.99
"2022-01-15 16:00:00",15.87,47.53,26.19,23.63
"2022-01-15 17:00:00",47.58,17.87,36.94,32.78
"2022-01-15 18:00:00",53.52,13.35,50.74,47.32
"2022-01-15 19:00:00",51.7,13.39,42.72,39.54
"2022-01-15 20:00:00",50.95,13.95,81.55,77.02
"2022-01-15 21:00:00",49.63,14.79,86.06,81.58
"2022-01-15 22:00:00",41.55,15.43,52.9,49.3
"2022-01-15 23:00:00",39.39,17.96,68.93,63.98
"2022-01-16 00:00:00",36.12,17.19,52.83,49.9
"2022-01-16 01:00:00",34,14.5,44.58,41.9
"2022-01-16 02:00:00",29.16,15.63,56.05,54.5
"2022-01-16 03:00:00",16.73,21.54,31.25,29.74
"2022-01-16 04:00:00",8.4,28.59,22.41,20.96
"2022-01-16 05:00:00",8.31,24.58,20.88,19.51
"2022-01-16 06:00:00",9.75,25.93,17.53,16.04
"2022-01-16 07:00:00",8.14,34.41,12.04,8.97
"2022-01-16 08:00:00",11.58,41.31,10.38,8.19
"2022-01-16 09:00:00",5.46,67.83,6.41,4.09
"2022-01-16 10:00:00",9.86,68.54,10.5,5.69
"2022-01-16 11:00:00",12.15,63.21,11.11,5.63
"2022-01-16 12:00:00",11.06,66.84,11.1,5.58
"2022-01-16 13:00:00",13.07,76.12,11.79,6.08
"2022-01-16 14:00:00",13.43,80.76,13.42,6.46
"2022-01-16 15:00:00",10.03,84.21,15.52,7.01
"2022-01-16 16:00:00",11.84,79.42,17.29,8.39
"2022-01-16 17:00:00",31.33,58,29.27,19.43
"2022-01-16 18:00:00",50.61,33.11,44.17,34.89
"2022-01-16 19:00:00",68.77,17.25,88.62,78.15
"2022-01-16 20:00:00",52.1,22.96,68.8,60.42
"2022-01-16 21:00:00",52.12,17.62,83.16,75.02
"2022-01-16 22:00:00",50.86,15.83,91.58,82.89
"2022-01-16 23:00:00",35.56,16.49,65.96,59.53
"2022-01-17 00:00:00",30.02,14.9,53.91,48.78
"2022-01-17 01:00:00",28.87,14.32,43.38,39.26
"2022-01-17 02:00:00",18.78,18.07,32.37,29.61
"2022-01-17 03:00:00",13.32,21.62,22.33,19.89
"2022-01-17 04:00:00",12.15,21.97,20.22,18.01
"2022-01-17 05:00:00",9.4,24.8,17.32,15.17
"2022-01-17 06:00:00",9.93,30.44,15.43,12.56
"2022-01-17 07:00:00",20.21,27.68,17.05,12.73
"2022-01-17 08:00:00",33.79,20.05,16.77,12.24
"2022-01-17 09:00:00",51.38,13.95,18.53,12.17
"2022-01-17 10:00:00",54.31,14.8,25.07,17.91
"2022-01-17 11:00:00",46.19,17.25,24.16,16.88
"2022-01-17 12:00:00",45.15,17.75,25.38,19.17
"2022-01-17 13:00:00",42.31,20.31,22.94,15.66
"2022-01-17 14:00:00",36.88,29.02,23.82,16.61
"2022-01-17 15:00:00",17.12,58.92,16.73,13.47
"2022-01-17 16:00:00",12.15,65.25,19.62,16.2
"2022-01-17 17:00:00",11.75,67.42,19.89,16.67
"2022-01-17 18:00:00",31.91,47.99,18.4,15.32
"2022-01-17 19:00:00",10.11,73.33,20.95,18.06
"2022-01-17 20:00:00",12.79,69.65,22.61,19.77
"2022-01-17 21:00:00",38.63,39.95,18.22,15.5
"2022-01-17 22:00:00",20.37,54.67,21.32,18.77
"2022-01-17 23:00:00",19.3,59.31,15.99,13.88
"2022-01-18 00:00:00",2.82,81.42,13.67,11.01
"2022-01-18 01:00:00",2.63,82.94,10.95,8.25
"2022-01-18 02:00:00",1.58,82.81,10.45,7.69
"2022-01-18 03:00:00",1.5,80.93,10.7,7.33
"2022-01-18 04:00:00",0.91,83.1,10.52,6.88
"2022-01-18 05:00:00",1.21,83.57,9.66,7.27
"2022-01-18 06:00:00",2.78,79.96,10.77,7.58
"2022-01-18 07:00:00",3.41,81.71,10.4,7.21
"2022-01-18 08:00:00",4.93,80.16,10.73,7.15
"2022-01-18 09:00:00",7.77,75.34,9.63,6.84
"2022-01-18 10:00:00",6.55,77.3,12.3,8.27
"2022-01-18 11:00:00",9.65,72.33,10.36,7.04
"2022-01-18 12:00:00",5.45,77.97,10.03,7
"2022-01-18 13:00:00",5.3,77.43,11.8,7.74
"2022-01-18 14:00:00",5.6,74.78,15.03,10.17
"2022-01-18 15:00:00",5.76,73.68,15.34,11.29
"2022-01-18 16:00:00",6.65,70.12,16.82,12.11
"2022-01-18 17:00:00",10.39,63.61,15.21,12.42
"2022-01-18 18:00:00",12.92,58.64,19.11,16.99
"2022-01-18 19:00:00",15.69,51.86,30.18,27.78
"2022-01-18 20:00:00",14.79,51.41,24.36,20.91
"2022-01-18 21:00:00",12.48,52.2,23.96,19.74
"2022-01-18 22:00:00",10.23,53.88,23.78,18.86
"2022-01-18 23:00:00",9.54,49.78,21.11,16.33
"2022-01-19 00:00:00",9.78,46.6,18.29,14.22
"2022-01-19 01:00:00",11.03,38.25,18.85,14.53
"2022-01-19 02:00:00",4.33,54.2,19.95,14.24
"2022-01-19 03:00:00",3.19,61.97,17.24,10.43
"2022-01-19 04:00:00",2.24,77.4,10.32,5.76
"2022-01-19 05:00:00",2.25,78.09,8.57,4.5
"2022-01-19 06:00:00",4.58,74.04,8.21,4.42
"2022-01-19 07:00:00",7.54,74.6,7.69,4.48
"2022-01-19 08:00:00",11.88,73.53,5.58,2.9
"2022-01-19 09:00:00",34.36,47.22,10.41,4.7
"2022-01-19 10:00:00",30.64,49.8,13.49,6.06
"2022-01-19 11:00:00",12.77,78.96,13.71,5.59
"2022-01-19 12:00:00",15.73,75.98,12.31,5.26
"2022-01-19 13:00:00",16.2,71.83,13.46,5.64
"2022-01-19 14:00:00",15.39,75.76,11.25,4.72
"2022-01-19 15:00:00",15.94,76.33,14.07,5.73
"2022-01-19 16:00:00",17.37,73.65,12.63,6.39
"2022-01-19 17:00:00",23.33,66.92,14.69,7.69
"2022-01-19 18:00:00",30.75,59.82,17.74,10
"2022-01-19 19:00:00",21.59,67.89,19.59,12.93
"2022-01-19 20:00:00",18.63,70.35,18.15,11.22
"2022-01-19 21:00:00",27.7,55.01,25.69,16.1
"2022-01-19 22:00:00",30.57,44.37,27.44,20.75
"2022-01-19 23:00:00",20.33,58.08,19.23,13.31
"2022-01-20 00:00:00",15.27,60.65,14.73,8.93
"2022-01-20 01:00:00",7.49,69.27,12.46,7.08
"2022-01-20 02:00:00",7.22,65.94,12.82,7.86
"2022-01-20 03:00:00",3.21,83.48,10.01,4.5
"2022-01-20 04:00:00",2.47,81.13,10.96,4.54
"2022-01-20 05:00:00",3.9,69.95,9.91,4.67
"2022-01-20 06:00:00",12.31,50.54,9.8,5.06
"2022-01-20 07:00:00",29.44,30.81,8.9,4.9
"2022-01-20 08:00:00",43.52,15.04,12.33,8.07
"2022-01-20 09:00:00",56.17,12.33,22.12,15.93
"2022-01-20 10:00:00",56.26,12.83,20.1,11.19
"2022-01-20 11:00:00",48.78,14.13,19.6,12.18
"2022-01-20 12:00:00",52.15,20.94,31.83,12.85
"2022-01-20 13:00:00",23.88,68.5,19.67,7.34
"2022-01-20 14:00:00",23.82,64.37,16.9,6.49
"2022-01-20 15:00:00",14.67,70.97,14.45,6.49
"2022-01-20 16:00:00",27.69,68.27,21.68,8.75
"2022-01-20 17:00:00",28.57,61.73,23.09,10.89
"2022-01-20 18:00:00",38.29,39.64,29.88,15.72
"2022-01-20 19:00:00",55.96,22.35,66.94,49.1
"2022-01-20 20:00:00",53.85,20.65,64.52,56.38
"2022-01-20 21:00:00",63.9,16.74,98.93,87.49
"2022-01-20 22:00:00",55.55,18.04,73.27,64.54
"2022-01-20 23:00:00",50.46,16.14,74.63,66.15
"2022-01-21 00:00:00",50.56,17.38,91.86,82.42
"2022-01-21 01:00:00",48.62,16.97,86.96,78.14
"2022-01-21 02:00:00",48.23,16.35,72.34,63.69
"2022-01-21 03:00:00",43.46,16.77,52.13,44.62
"2022-01-21 04:00:00",27.96,25.02,32.79,27.96
"2022-01-21 05:00:00",17.15,39.02,21.96,18.22
"2022-01-21 06:00:00",21.88,35.6,23.53,17.66
"2022-01-21 07:00:00",29.51,28.52,30.1,23.84
"2022-01-21 08:00:00",22.86,42.19,20.38,15.44
"2022-01-21 09:00:00",38.07,35.23,22.05,11.1
"2022-01-21 10:00:00",20.38,49.46,27.99,21.18
"2022-01-21 11:00:00",13.74,61.74,17.63,11.75
"2022-01-21 12:00:00",7.25,79.12,17.98,10.02
"2022-01-21 13:00:00",5.19,82.28,13.48,8.3
"2022-01-21 14:00:00",8.07,76.75,14.88,9.72
"2022-01-21 15:00:00",11.18,70.72,18.77,13.26
"2022-01-21 16:00:00",14.21,64.74,22.58,17.03
"2022-01-21 17:00:00",16.22,57.4,21.98,16.63
"2022-01-21 18:00:00",28.5,42.71,40.93,34.24
"2022-01-21 19:00:00",33.94,33.4,46,39.29
"2022-01-21 20:00:00",42.24,26.23,58.73,52.58
"2022-01-21 21:00:00",49.48,23.92,90.44,83.13
"2022-01-21 22:00:00",45.27,23.84,79.59,72.93
"2022-01-21 23:00:00",37.79,35.04,55.76,49.09
"2022-01-22 00:00:00",17.95,53.6,20.8,16.67
"2022-01-22 01:00:00",14.03,56.32,22.27,18.45
"2022-01-22 02:00:00",11.18,54.09,19.96,15.87
"2022-01-22 03:00:00",8.43,54.68,13.22,11.11
"2022-01-22 04:00:00",5.64,67.01,8.03,6.25
"2022-01-22 05:00:00",5.3,66.36,6.01,4.25
"2022-01-22 06:00:00",7.6,59.66,6.29,4.38
"2022-01-22 07:00:00",8.37,60.4,5.37,3.8
"2022-01-22 08:00:00",10.12,58.19,5.48,3.58
"2022-01-22 09:00:00",12.42,58.73,6.21,3.55
"2022-01-22 10:00:00",17.89,56.05,8.98,4.75
"2022-01-22 11:00:00",19.96,64.74,9.51,5.21
"2022-01-22 12:00:00",13.36,71.25,9.76,5.16
"2022-01-22 13:00:00",9.83,76.53,12.09,7.25
"2022-01-22 14:00:00",9.45,76.97,10.7,6.07
"2022-01-22 15:00:00",8.58,78.01,13.02,9.36
"2022-01-22 16:00:00",9.84,71.64,15.91,12.66
"2022-01-22 17:00:00",14.52,65.31,33.89,29.77
"2022-01-22 18:00:00",18.46,64.62,23.8,20.18
"2022-01-22 19:00:00",17.58,72.57,28.51,25.8
"2022-01-22 20:00:00",15.43,78.02,23.55,21.24
"2022-01-22 21:00:00",14.79,79.23,29.29,27.11
"2022-01-22 22:00:00",13.48,76.92,33.6,30.76
"2022-01-22 23:00:00",9.67,78.36,20.61,18.59
"2022-01-23 00:00:00",6.93,79.42,14.52,11.79
"2022-01-23 01:00:00",5.34,79.65,12.91,10.84
"2022-01-23 02:00:00",5.08,77.25,17.04,13.77
"2022-01-23 03:00:00",2.85,79.82,8.34,6.58
"2022-01-23 04:00:00",2.12,81.52,7.54,6.01
"2022-01-23 05:00:00",1.31,85.11,5.95,4.53
"2022-01-23 06:00:00",1.22,89.91,5.42,4.3
"2022-01-23 07:00:00",2.25,84.78,5.69,4.42
"2022-01-23 08:00:00",2.81,78.31,6.35,4.55
"2022-01-23 09:00:00",5.78,74.82,7.37,5.4
"2022-01-23 10:00:00",6.79,77.97,6.05,4.26
"2022-01-23 11:00:00",5.37,80.95,10.17,5.24
"2022-01-23 12:00:00",4.6,85.75,14.32,8.47
"2022-01-23 13:00:00",4.2,84.65,14.36,9.3
"2022-01-23 14:00:00",5.26,82.51,15.67,9.85
"2022-01-23 15:00:00",6.33,79.75,21.17,14.14
"2022-01-23 16:00:00",4.77,82.03,19.36,13.39
"2022-01-23 17:00:00",6.15,77.54,20.22,13.53
"2022-01-23 18:00:00",9.02,72.88,29.1,20.61
"2022-01-23 19:00:00",8.63,75.14,30.23,21.41
"2022-01-23 20:00:00",8.26,75.03,25.71,17.85
"2022-01-23 21:00:00",10.11,71.13,31.23,22.05
"2022-01-23 22:00:00",4.24,74.79,23.74,15.73
"2022-01-23 23:00:00",4,73.67,24.97,15.34
"2022-01-24 00:00:00",3.12,73.52,23.62,14.09
"2022-01-24 01:00:00",3.19,70.32,23.16,12.83
"2022-01-24 02:00:00",2.51,70.19,24.48,12.57
"2022-01-24 03:00:00",1.78,71.36,23.86,12.11
"2022-01-24 04:00:00",1.59,69.72,24.54,11.85
"2022-01-24 05:00:00",4.75,63.54,24.76,11.85
"2022-01-24 06:00:00",9.15,62.58,26.99,13.14
"2022-01-24 07:00:00",28.61,37.87,27.69,14.13
"2022-01-24 08:00:00",40.19,22.84,28.85,14.72
"2022-01-24 09:00:00",43.99,19.27,32.33,16.12
"2022-01-24 10:00:00",32.74,31.57,37.59,17.87
"2022-01-24 11:00:00",11.7,55.25,40.73,20.05
"2022-01-24 12:00:00",5.23,63.75,43.97,23
"2022-01-24 13:00:00",5.21,67.37,42.16,22.72
"2022-01-24 14:00:00",4.71,67.84,41.99,23.72
"2022-01-24 15:00:00",5.97,65.1,42.59,25.07
"2022-01-24 16:00:00",10.45,61.49,42.9,25.45
"2022-01-24 17:00:00",13.7,59.42,47.35,29.52
"2022-01-24 18:00:00",12.81,62.78,48.96,34.3
"2022-01-24 19:00:00",14.78,60.11,50.7,36.17
"2022-01-24 20:00:00",12.52,61.99,49.07,37.47
"2022-01-24 21:00:00",10.61,64.12,39.6,29.68
"2022-01-24 22:00:00",9.67,67.24,33.56,26.36
"2022-01-24 23:00:00",14.23,61.98,32.87,26.51
"2022-01-25 00:00:00",14.9,60.06,24.23,19.32
"2022-01-25 01:00:00",9.1,60.7,21.93,18.17
"2022-01-25 02:00:00",5.24,54.64,26.05,20.02
"2022-01-25 03:00:00",5.2,57.71,23.47,18.47
"2022-01-25 04:00:00",3.77,58.94,18.8,15.94
"2022-01-25 05:00:00",3.4,56.74,17.5,15.18
"2022-01-25 06:00:00",21.93,36.34,18.34,15.1
"2022-01-25 07:00:00",13.32,42.59,17.94,14.99
"2022-01-25 08:00:00",35.83,18.84,18.46,15.09
"2022-01-25 09:00:00",42.87,15.59,23.32,17.46
"2022-01-25 10:00:00",41.84,16.15,27.44,18.89
"2022-01-25 11:00:00",36.99,21.81,25.76,18.63
"2022-01-25 12:00:00",15.36,48.18,21.59,14.37
"2022-01-25 13:00:00",6.58,64.27,20.74,12.69
"2022-01-25 14:00:00",8.33,63.76,22.6,12.47
"2022-01-25 15:00:00",17.67,51.37,24.21,12.76
"2022-01-25 16:00:00",17.3,50.62,26.86,13.41
"2022-01-25 17:00:00",25.54,43.28,24.57,14.35
"2022-01-25 18:00:00",43.31,28.33,42.62,25.02
"2022-01-25 19:00:00",50.78,19.13,50.78,39.67
"2022-01-25 20:00:00",57.82,19.26,89.52,75.72
"2022-01-25 21:00:00",49.07,19.88,78.71,69.29
"2022-01-25 22:00:00",31.2,25.3,55.11,48.46
"2022-01-25 23:00:00",28.81,24.43,52.37,45.16
"2022-01-26 00:00:00",29.38,21.45,48.42,41.91
"2022-01-26 01:00:00",23.23,26.84,39.09,33.26
"2022-01-26 02:00:00",13.69,35.33,32.06,26.37
"2022-01-26 03:00:00",12.9,36.37,28.04,22.16
"2022-01-26 04:00:00",4.65,48.57,19.72,14.36
"2022-01-26 05:00:00",2.63,60.93,13.03,8.91
"2022-01-26 06:00:00",3,64.49,13.81,9.41
"2022-01-26 07:00:00",5.15,67.36,13.43,8.65
"2022-01-26 08:00:00",10.5,61.89,13.57,9.01
"2022-01-26 09:00:00",19.72,48.66,14.74,9.99
"2022-01-26 10:00:00",13.48,53.52,18.32,11.44
"2022-01-26 11:00:00",7.5,62.23,16.85,9.57
"2022-01-26 12:00:00",7.93,63.05,19.27,10.44
"2022-01-26 13:00:00",6.76,64.7,19.56,10.87
"2022-01-26 14:00:00",5.95,66.11,17.96,9.96
"2022-01-26 15:00:00",8.27,70.6,15.56,8.63
"2022-01-26 16:00:00",9.14,72.7,14.96,8.55
"2022-01-26 17:00:00",13.79,65.44,16.09,11.73
"2022-01-26 18:00:00",11.44,71.82,15.48,11.93
"2022-01-26 19:00:00",7.82,80.89,10.93,9.43
"2022-01-26 20:00:00",10.98,73.75,14.51,13.03
"2022-01-26 21:00:00",8.63,76.24,12.04,10.55
"2022-01-26 22:00:00",7.8,71.98,9.55,7.86
"2022-01-26 23:00:00",4.4,76.28,9.37,7.85
"2022-01-27 00:00:00",2.92,71.88,7.12,5.19
"2022-01-27 01:00:00",7.3,63.22,5.96,3.74
"2022-01-27 02:00:00",13.49,61.91,2.73,0.95
"2022-01-27 03:00:00",3.03,78.95,1.63,1.02
"2022-01-27 04:00:00",5.77,78.25,2.92,1.99
"2022-01-27 05:00:00",8.68,72.44,1.71,1.04
"2022-01-27 06:00:00",7.61,75.46,1.31,0.57
"2022-01-27 07:00:00",6.06,84.59,2,0.93
"2022-01-27 08:00:00",19.26,69.64,4.35,2.26
"2022-01-27 09:00:00",54.76,30.15,9.31,4.56
"2022-01-27 10:00:00",46.52,36.36,12.71,6.91
"2022-01-27 11:00:00",28.66,58.22,7.58,3.71
"2022-01-27 12:00:00",19.12,72.28,5.13,2.5
"2022-01-27 13:00:00",14.23,82.14,4.53,2.08
"2022-01-27 14:00:00",16.4,82.65,5.88,2.92
"2022-01-27 15:00:00",20.11,79.21,10.51,4.14
"2022-01-27 16:00:00",38.77,57.29,23.1,7.58
"2022-01-27 17:00:00",47.62,44.72,16.56,5.18
"2022-01-27 18:00:00",45.37,40.62,19.42,11.09
"2022-01-27 19:00:00",47.25,33.06,23.55,17.71
"2022-01-27 20:00:00",40.53,38.03,21.52,17.43
"2022-01-27 21:00:00",55.91,21.35,88.05,81.24
"2022-01-27 22:00:00",35.69,28.62,62.03,56.55
"2022-01-27 23:00:00",26.16,34.89,36.6,33.06
"2022-01-28 00:00:00",27.11,31.94,26.03,23.4
"2022-01-28 01:00:00",31.64,24.18,28.86,26.35
"2022-01-28 02:00:00",25.51,25.08,23.72,21.35
"2022-01-28 03:00:00",20.27,28.52,19.06,17.28
"2022-01-28 04:00:00",13.99,31.3,16.64,15.16
"2022-01-28 05:00:00",10.24,38.76,13.02,11.73
"2022-01-28 06:00:00",8.51,43,9.57,8.41
"2022-01-28 07:00:00",20.34,29.94,9.09,8.34
"2022-01-28 08:00:00",32.22,21.12,9.76,8.79
"2022-01-28 09:00:00",24.73,31.96,7.31,5.92
"2022-01-28 10:00:00",10.01,50.7,2.23,1.6
"2022-01-28 11:00:00",7.58,51.45,2.42,1.82
"2022-01-28 12:00:00",8.34,55.8,2.56,2.03
"2022-01-28 13:00:00",7.45,71.35,7.48,4.73
"2022-01-28 14:00:00",12.1,74.59,7.34,4.1
"2022-01-28 15:00:00",13.52,81.97,6.76,2.13
"2022-01-28 16:00:00",14.65,81.28,8.35,3.54
"2022-01-28 17:00:00",14.19,71.84,5.7,3.66
"2022-01-28 18:00:00",19.06,58.04,8.91,7.39
"2022-01-28 19:00:00",18.94,59.67,6.04,4.13
"2022-01-28 20:00:00",17.91,60.13,7.46,6.03
"2022-01-28 21:00:00",12.76,71.49,5.33,3.95
"2022-01-28 22:00:00",5.67,80.04,7.45,4.05
"2022-01-28 23:00:00",5.77,79.59,6.72,3.55
"2022-01-29 00:00:00",3.27,80.84,10.47,4.89
"2022-01-29 01:00:00",2.38,81.53,10.3,4.75
"2022-01-29 02:00:00",11.8,70.94,11.36,5.41
"2022-01-29 03:00:00",8.77,77.41,12.67,6.04
"2022-01-29 04:00:00",9.65,77.2,14.69,6.64
"2022-01-29 05:00:00",14.32,69.06,14.04,6.42
"2022-01-29 06:00:00",9.09,74.2,13.45,6.22
"2022-01-29 07:00:00",3.31,89.71,15.25,7.27
"2022-01-29 08:00:00",4.26,85.89,17.97,8.73
"2022-01-29 09:00:00",6.6,83.9,16.66,8.47
"2022-01-29 10:00:00",8.85,85.15,20.04,10.34
"2022-01-29 11:00:00",7.74,91.33,36.92,18.3
"2022-01-29 12:00:00",6.86,93.32,30.23,14.27
"2022-01-29 13:00:00",8.22,92.61,29.95,14.25
"2022-01-29 14:00:00",8.68,95.74,24.67,11.92
"2022-01-29 15:00:00",9.48,93.27,25.75,12.2
"2022-01-29 15:01:00",,,,
"2022-01-29 16:01:00",,,,
"2022-01-29 17:00:00",12.48,90.73,22,10.72
"2022-01-29 18:00:00",26.28,71.02,37.22,19.76
"2022-01-29 19:00:00",25.89,63.48,31.49,17.61
"2022-01-29 20:00:00",31.97,53.29,40.24,26.87
"2022-01-29 21:00:00",42.53,35.94,47.99,32.34
"2022-01-29 22:00:00",52.46,26.99,79.54,65.74
"2022-01-29 23:00:00",48.08,26.24,104.02,91.26
"2022-01-30 00:00:00",37.53,29.04,92.97,82.31
"2022-01-30 01:00:00",24.61,35.23,46.4,37.83
"2022-01-30 02:00:00",14.73,41.76,31.7,23.63
"2022-01-30 03:00:00",29.47,20.59,39.92,32.54
"2022-01-30 04:00:00",18.28,26.09,29.5,23.47
"2022-01-30 05:00:00",13.32,31.16,25.55,19.29
"2022-01-30 06:00:00",9.83,31.31,23.62,17.47
"2022-01-30 07:00:00",9.98,32.99,20.12,14.51
"2022-01-30 08:00:00",16.05,34.29,18.04,11.78
"2022-01-30 09:00:00",16.64,33.97,18.72,12.74
"2022-01-30 10:00:00",20.01,33.17,18.18,12.71
"2022-01-30 11:00:00",34.7,25.38,22.81,17.8
"2022-01-30 12:00:00",5.77,73.68,16.07,10.33
"2022-01-30 13:00:00",4.06,76.71,10.18,7.4
"2022-01-30 14:00:00",4.29,80.5,5.78,4.68
"2022-01-30 15:00:00",7.78,80.37,5.44,4.05
"2022-01-30 16:00:00",17.55,74.27,4.15,2.92
"2022-01-30 17:00:00",5.57,94.27,7.61,4.39
"2022-01-30 18:00:00",6.87,96,13.33,7.32
"2022-01-30 19:00:00",10.28,93.08,18.29,10.4
"2022-01-30 20:00:00",9.1,91.75,23.14,12.66
"2022-01-30 21:00:00",11.08,86.22,32.76,20.04
"2022-01-30 22:00:00",8.86,91.43,25.76,14.89
"2022-01-30 23:00:00",3.9,98.94,15.43,7.46
"2022-01-31 00:00:00",3.01,99.06,20.26,9.59
"2022-01-31 01:00:00",2.59,96.73,23.12,10.68
"2022-01-31 02:00:00",1.73,94.19,19.39,8.79
"2022-01-31 03:00:00",1.33,93.78,17.04,7.9
"2022-01-31 04:00:00",1.03,94.51,13.03,6.3
"2022-01-31 05:00:00",1.71,91.26,14.67,7.28
"2022-01-31 06:00:00",3.2,86.52,18.93,8.57
"2022-01-31 07:00:00",5.31,87.41,21.69,10.07
"2022-01-31 08:00:00",13.02,80.06,20.82,9.62
"2022-01-31 09:00:00",19.3,72.39,21.62,9.55
"2022-01-31 10:00:00",20.6,68.09,23.44,10.55
"2022-01-31 11:00:00",16.07,74.06,22.35,9.48
"2022-01-31 12:00:00",11.32,83.04,20.48,8.97
"2022-01-31 13:00:00",13.83,81.43,19.39,8.26
"2022-01-31 14:00:00",12.6,84.56,22.49,8.62
"2022-01-31 15:00:00",14.13,84.67,19.84,8.55
"2022-01-31 16:00:00",13.66,84.05,21.22,9.45
"2022-01-31 17:00:00",15.34,79.62,20.13,8.83
"2022-01-31 18:00:00",11.26,84.27,20.93,10.52
"2022-01-31 19:00:00",10.01,85.99,23.88,12.59
"2022-01-31 20:00:00",7.22,91.4,24.11,11.79
"2022-01-31 21:00:00",5.31,94.31,24.18,11.51
"2022-01-31 22:00:00",4.84,97.41,20.56,10.27
"2022-01-31 23:00:00",2.81,101.86,17.13,8.44
"2022-02-01 00:00:00",2.2,103.57,16.46,8.01
"2022-02-01 01:00:00",1.87,102.46,15.57,7.93
"2022-02-01 02:00:00",1.4,102.43,12.05,6.04
"2022-02-01 03:00:00",1.3,102.9,20.74,9.51
"2022-02-01 04:00:00",1.31,101.51,22.11,11.13
"2022-02-01 05:00:00",1.57,97.54,10.97,7.13
"2022-02-01 06:00:00",3.28,92.97,3.34,2.48
"2022-02-01 07:00:00",7.84,86.71,3.64,2.76
"2022-02-01 08:00:00",6.9,86.65,4.72,2.67
"2022-02-01 09:00:00",13.08,79.08,2.93,1.63
"2022-02-01 10:00:00",11.58,77.37,3.87,1.58
"2022-02-01 11:00:00",8.68,79.95,3.26,1.49
"2022-02-01 12:00:00",10.43,77.82,12.02,4.24
"2022-02-01 13:00:00",10.34,79.06,11.21,4.25
"2022-02-01 14:00:00",8.79,82.05,9.79,3.56
"2022-02-01 15:00:00",9.38,82.54,10.37,4.52
"2022-02-01 16:00:00",15.16,76.38,18.44,6.01
"2022-02-01 17:00:00",15.05,76.76,14.53,5.69
"2022-02-01 18:00:00",15.72,75.01,18.11,7.03
"2022-02-01 19:00:00",10.91,76.87,20.33,7.42
"2022-02-01 20:00:00",8.5,77.41,14.62,6.47
"2022-02-01 21:00:00",9.2,78.92,17.95,6.63
"2022-02-01 22:00:00",4.82,90.32,8.35,4.74
"2022-02-01 23:00:00",3.62,88.69,6.55,4.31
"2022-02-02 00:00:00",4.38,86.05,7.81,4.35
"2022-02-02 01:00:00",3.28,90.78,12.5,6.05
"2022-02-02 02:00:00",1.98,92.11,14.48,7.18
"2022-02-02 03:00:00",1.45,91.84,15.05,8.1
"2022-02-02 04:00:00",1.8,91.72,17.82,8.94
"2022-02-02 05:00:00",2.24,92.34,20.13,10.01
"2022-02-02 06:00:00",3.08,88.95,19.68,10.03
"2022-02-02 07:00:00",9.25,83.87,19.85,9.85
"2022-02-02 08:00:00",23.2,67.24,40.92,14.49
"2022-02-02 09:00:00",36.92,47.12,24.34,11.06
"2022-02-02 10:00:00",24.86,56.09,14.51,9.04
"2022-02-02 11:00:00",21.35,63.4,15.89,7.31
"2022-02-02 12:00:00",19.44,70.34,15.34,6.83
"2022-02-02 13:00:00",14.83,79.53,15.33,6.59
"2022-02-02 14:00:00",12.06,83,10.04,4.35
"2022-02-02 15:00:00",17.04,76.93,7.24,3.45
"2022-02-02 16:00:00",8.31,78.53,11.87,8.03
"2022-02-02 17:00:00",24.11,63.3,8.21,4.77
"2022-02-02 18:00:00",27.39,57.33,14.88,9.29
"2022-02-02 19:00:00",25.81,58.75,16.13,11.1
"2022-02-02 20:00:00",24.29,59.57,15.45,8.39
"2022-02-02 21:00:00",21.15,54.9,20.73,17.48
"2022-02-02 22:00:00",16.9,56.4,33.75,30.24
"2022-02-02 23:00:00",7.48,64.11,9.16,7.5
"2022-02-03 00:00:00",4.98,68.74,7.63,6.63
"2022-02-03 01:00:00",2.87,69.43,5.38,4.46
"2022-02-03 02:00:00",1.94,71.89,5.85,4.17
"2022-02-03 03:00:00",1.8,70.99,5.07,3.25
"2022-02-03 04:00:00",2.24,72.68,4.54,2.62
"2022-02-03 05:00:00",2.31,71.78,3.4,1.98
"2022-02-03 06:00:00",2.88,68.88,2.94,1.95
"2022-02-03 07:00:00",4.18,70.34,2.47,1.5
"2022-02-03 08:00:00",7.18,68.66,3.26,1.83
"2022-02-03 09:00:00",15.19,58.87,4.01,2.19
"2022-02-03 10:00:00",11.74,66.19,5.1,2.71
"2022-02-03 11:00:00",11.24,75.21,7.05,4.02
"2022-02-03 12:00:00",5.27,86.45,4.46,3.21
"2022-02-03 13:00:00",6.17,86.96,6.98,4.34
"2022-02-03 14:00:00",4.79,88.43,9.35,5.49
"2022-02-03 15:00:00",5.66,86.9,14.67,6.55
"2022-02-03 16:00:00",5.07,85.66,30.96,12.71
"2022-02-03 17:00:00",4.43,85.57,30.31,13.18
"2022-02-03 18:00:00",6.94,80.79,28.76,14.49
"2022-02-03 19:00:00",8.87,80.97,29.77,16.45
"2022-02-03 20:00:00",10.71,85.69,4.21,3.29
"2022-02-03 21:00:00",12.89,79.64,5.79,4.6
"2022-02-03 22:00:00",11.45,78.73,5.44,4.08
"2022-02-03 23:00:00",7.8,82.88,5.96,4.46
"2022-02-03 23:01:00",,,,
"2022-02-04 00:01:00",,,,
"2022-02-04 01:00:00",8.72,80.38,11.12,5.63
"2022-02-04 02:00:00",2.33,90.85,12.18,5.57
"2022-02-04 03:00:00",4.2,92.51,4.26,2.47
"2022-02-04 04:00:00",2.8,84.15,5.97,3.02
"2022-02-04 05:00:00",7.52,75.22,8.93,3.79
"2022-02-04 06:00:00",5.86,89.18,6.08,2.85
"2022-02-04 07:00:00",8.26,91.67,3.38,1.86
"2022-02-04 08:00:00",15.37,80.99,3.96,2.16
"2022-02-04 09:00:00",33.36,58.79,11.79,5.04
"2022-02-04 10:00:00",22.77,69.48,11.34,4.24
"2022-02-04 11:00:00",16.93,73.4,6.26,2.99
"2022-02-04 12:00:00",14.65,78.4,7.35,3.4
"2022-02-04 13:00:00",14.59,80.78,5.05,2.55
"2022-02-04 14:00:00",10.57,84.37,4.41,2.24
"2022-02-04 15:00:00",13.67,79.69,8.37,3.79
"2022-02-04 16:00:00",8.73,86.03,8.51,3.95
"2022-02-04 17:00:00",13.57,80.82,9.41,4.78
"2022-02-04 18:00:00",27.13,61.21,13.47,7.51
"2022-02-04 19:00:00",25.56,56.69,27.52,19.67
"2022-02-04 20:00:00",26.5,51.86,31.74,22.66
"2022-02-04 21:00:00",28.84,47.06,43.92,34.53
"2022-02-04 22:00:00",35.52,39.74,44,36.49
"2022-02-04 23:00:00",14.53,59.88,21.55,17.55
"2022-02-05 00:00:00",11.17,63.62,14.31,10.03
"2022-02-05 01:00:00",7.53,63.46,14.12,9.05
"2022-02-05 02:00:00",4.62,67.58,11.37,6.05
"2022-02-05 03:00:00",2.22,75,9.66,5.19
"2022-02-05 04:00:00",1.31,80.97,7.48,4.26
"2022-02-05 05:00:00",0.79,85.58,8.58,4.08
"2022-02-05 06:00:00",1.44,87.09,5.95,3.39
"2022-02-05 07:00:00",2.05,87.11,5.42,3.21
"2022-02-05 08:00:00",2.71,87.29,7.82,4.47
"2022-02-05 09:00:00",20.54,73.16,19.01,9.46
"2022-02-05 10:00:00",20.74,74.39,19.92,9.42
"2022-02-05 11:00:00",20.98,74,17.64,9.43
"2022-02-05 12:00:00",21.35,73.31,17.81,9.93
"2022-02-05 13:00:00",20.36,72.11,15.87,10.55
"2022-02-05 14:00:00",8.68,85.63,16.36,10.48
"2022-02-05 15:00:00",13.96,79.89,16.51,10.4
"2022-02-05 16:00:00",20.61,74.33,15.44,9.42
"2022-02-05 17:00:00",18,79.01,15.02,9.32
"2022-02-05 18:00:00",18.73,78.06,11.85,8.45
"2022-02-05 19:00:00",19.47,79.25,12.91,8.78
"2022-02-05 20:00:00",9.15,92.73,13.17,8.63
"2022-02-05 21:00:00",7.22,95.58,14.06,9.15
"2022-02-05 22:00:00",6.36,95.46,15.37,9.58
"2022-02-05 23:00:00",3.23,99.24,9.97,6.72
"2022-02-06 00:00:00",16.76,83.21,13.17,8.42
"2022-02-06 01:00:00",10.33,92.58,13.52,8.46
"2022-02-06 02:00:00",3.2,98.51,10.91,6.92
"2022-02-06 03:00:00",2.07,97.35,11.58,7.45
"2022-02-06 04:00:00",4.51,89.15,9,5.42
"2022-02-06 05:00:00",4.24,87.15,7.88,4.57
"2022-02-06 06:00:00",4.52,85.83,12.46,6.05
"2022-02-06 07:00:00",5.32,85.78,12.43,6.49
"2022-02-06 08:00:00",5.57,84.81,14.85,7.22
"2022-02-06 09:00:00",5.95,84.6,13.32,6.67
"2022-02-06 10:00:00",8.97,80.81,12.9,6.68
"2022-02-06 11:00:00",9.14,80.84,11.74,6.48
"2022-02-06 12:00:00",7.99,81.38,13.29,7.21
"2022-02-06 13:00:00",6.24,85.76,12.58,7.11
"2022-02-06 14:00:00",5.35,89.64,10.35,5.86
"2022-02-06 15:00:00",5.3,91.75,14.01,7.31
"2022-02-06 16:00:00",4.61,92.61,13.58,7.14
"2022-02-06 17:00:00",7.18,91.33,15.09,8.75
"2022-02-06 18:00:00",9.29,89.19,16.11,9.99
"2022-02-06 19:00:00",10.48,87.18,20.26,12.18
"2022-02-06 20:00:00",21.34,71.65,22.68,12.25
"2022-02-06 21:00:00",39.18,49.51,24.19,12.59
"2022-02-06 22:00:00",39.1,43.67,45.48,32.32
"2022-02-06 23:00:00",12.87,78.79,22.09,11.83
"2022-02-07 00:00:00",6.9,76.65,15.63,8.26
"2022-02-07 01:00:00",12.27,61.26,20.66,13.7
"2022-02-07 02:00:00",6.77,61.76,16.05,10.25
"2022-02-07 03:00:00",3.55,61.81,15.81,8.14
"2022-02-07 04:00:00",1.57,62.97,12.53,6.89
"2022-02-07 05:00:00",1.74,64.66,4.98,3.48
"2022-02-07 06:00:00",2.63,60.1,2.5,1.8
"2022-02-07 07:00:00",11.55,48.4,2.45,1.49
"2022-02-07 08:00:00",14.67,62.96,4.75,2.54
"2022-02-07 09:00:00",13.84,73.54,7.63,3.59
"2022-02-07 10:00:00",14.65,75.63,9.67,4.84
"2022-02-07 11:00:00",20.4,64.27,7.21,3.3
"2022-02-07 12:00:00",13.42,81.18,9.46,4.28
"2022-02-07 13:00:00",21.96,75.42,15.88,7.56
"2022-02-07 14:00:00",8.92,87.1,14.76,8.49
"2022-02-07 15:00:00",9.13,88.65,13.55,7.17
"2022-02-07 16:00:00",6.16,88.76,15.29,8.93
"2022-02-07 17:00:00",7.8,83.46,13.18,7.89
"2022-02-07 18:00:00",10.2,81.9,14.23,8.47
"2022-02-07 19:00:00",7.47,83.58,17.97,11.57
"2022-02-07 20:00:00",5.78,87.15,16.45,10.97
"2022-02-07 21:00:00",5.16,86.97,11.59,7.71
"2022-02-07 22:00:00",5.83,85.75,13.56,8.08
"2022-02-07 23:00:00",2.77,90.34,15.16,9.03
"2022-02-08 00:00:00",1.73,90.12,15.6,8.23
"2022-02-08 01:00:00",1.32,89.96,12.44,6.41
"2022-02-08 02:00:00",0.98,88.13,10.46,6.34
"2022-02-08 03:00:00",0.83,90.54,11.14,6.21
"2022-02-08 04:00:00",0.73,89.29,7.05,4.06
"2022-02-08 05:00:00",0.51,88.18,6.04,3.46
"2022-02-08 06:00:00",0.88,86.84,6.64,3.81
"2022-02-08 07:00:00",1.8,85.33,7.59,4.33
"2022-02-08 08:00:00",3.96,84.32,6.24,4.26
"2022-02-08 09:00:00",18.82,72.13,5.44,2.9
"2022-02-08 10:00:00",23.58,62.02,9.87,3.63
"2022-02-08 11:00:00",21.69,64.21,5.09,1.95
"2022-02-08 12:00:00",24.66,59.5,5.02,2.26
"2022-02-08 13:00:00",21.64,60.85,6.04,4.31
"2022-02-08 14:00:00",19.39,62.69,6.21,4.6
"2022-02-08 15:00:00",21.59,59.47,5.31,3.48
"2022-02-08 16:00:00",28.3,56.25,6.24,3.96
"2022-02-08 17:00:00",33.29,50.63,8.34,5.82
"2022-02-08 18:00:00",23.31,59.56,7.03,5.21
"2022-02-08 19:00:00",14.88,68.89,5.02,4.33
"2022-02-08 20:00:00",13.92,66.84,5,4.28
"2022-02-08 21:00:00",13.31,66.5,9.59,8.02
"2022-02-08 22:00:00",16.99,59.72,15.09,13.33
"2022-02-08 23:00:00",13.28,57.99,10.21,8.79
"2022-02-09 00:00:00",11.43,68.98,9.24,4.37
"2022-02-09 01:00:00",4.58,82.84,5.41,2.63
"2022-02-09 02:00:00",4.98,78.74,8.51,4.18
"2022-02-09 03:00:00",2.07,87.1,10.8,5.28
"2022-02-09 04:00:00",2.36,89.85,10.89,5.9
"2022-02-09 05:00:00",1.5,88.76,11.21,5.39
"2022-02-09 06:00:00",3.56,80.54,8.68,4.15
"2022-02-09 07:00:00",6.97,70.63,12.82,5.59
"2022-02-09 08:00:00",13.37,64.1,14.7,6.51
"2022-02-09 09:00:00",30.11,45.21,14.97,7.13
"2022-02-09 10:00:00",22.04,56.64,16.39,8.46
"2022-02-09 11:00:00",17.82,65.32,16.21,7.99
"2022-02-09 12:00:00",15.52,72.45,17.35,8.31
"2022-02-09 13:00:00",9.64,86.44,8.92,4.19
"2022-02-09 14:00:00",9.45,85.91,9.14,4.5
"2022-02-09 15:00:00",14.65,80.68,16.85,6.89
"2022-02-09 16:00:00",11.28,84.17,11.11,4.66
"2022-02-09 16:01:00",,
"2022-02-09 17:00:00",,,15.89,9.68
"2022-02-09 17:01:00",,
"2022-02-09 18:00:00",25.16,34.57,23.79,16.53
"2022-02-09 19:00:00",17.4,54.74,13.8,8.17
"2022-02-09 20:00:00",19.79,54.03,14.19,8.35
"2022-02-09 21:00:00",17.81,54.57,15.15,8.86
"2022-02-09 22:00:00",14.81,60.77,17.54,9.7
"2022-02-09 23:00:00",9.25,66.07,8.91,5.16
"2022-02-10 00:00:00",6.13,64.18,10.99,5.54
"2022-02-10 01:00:00",4.41,70.98,9.97,4.43
"2022-02-10 02:00:00",2.99,70.49,8.56,4.15
"2022-02-10 03:00:00",2.44,67.96,8.74,4.27
"2022-02-10 04:00:00",2.07,73.92,8,4.48
"2022-02-10 05:00:00",3.48,65.9,8.57,4.36
"2022-02-10 06:00:00",3.95,65.94,10.42,4.76
"2022-02-10 07:00:00",7.37,55.85,9.01,4.32
"2022-02-10 08:00:00",17.67,55.47,12.97,5.63
"2022-02-10 09:00:00",29.07,49.63,12.38,5.83
"2022-02-10 10:00:00",25.32,54.14,15.68,6.05
"2022-02-10 11:00:00",20.25,57.42,22.11,8.64
"2022-02-10 12:00:00",14.67,67.42,21.25,8.47
"2022-02-10 13:00:00",7.52,79.99,13.16,5.88
"2022-02-10 14:00:00",10.3,73.09,9.37,4.15
"2022-02-10 15:00:00",10.79,68.43,10.45,4.79
"2022-02-10 16:00:00",10.39,71.67,8.91,4.22
"2022-02-10 17:00:00",15.26,65.82,8.97,4.91
"2022-02-10 18:00:00",28.83,49.6,16.19,10.02
"2022-02-10 19:00:00",29.68,44.76,19.22,14.66
"2022-02-10 20:00:00",29.24,41.84,19.47,13.45
"2022-02-10 21:00:00",34.52,30.44,31.39,24.85
"2022-02-10 22:00:00",48.93,12.87,66.57,59.81
"2022-02-10 23:00:00",37.3,20.48,44.37,38.62
"2022-02-11 00:00:00",33.87,21.21,23.78,19.65
"2022-02-11 01:00:00",40.69,9.19,35.94,32.59
"2022-02-11 02:00:00",20.89,22.26,24.8,20.46
"2022-02-11 03:00:00",21.84,12.54,22.91,19.16
"2022-02-11 04:00:00",16.03,14.22,17.71,15.36
"2022-02-11 05:00:00",10.11,21.53,12.75,10.61
"2022-02-11 06:00:00",10.51,19.98,12.96,10.1
"2022-02-11 07:00:00",14.06,18.82,11.58,8.78
"2022-02-11 08:00:00",40.47,7.44,10.89,7.68
"2022-02-11 09:00:00",48.51,7.59,12.25,7.28
"2022-02-11 10:00:00",40.35,25.63,14.67,8.27
"2022-02-11 11:00:00",8.01,60.44,10.84,6.29
"2022-02-11 12:00:00",4.97,71.46,9.63,5.95
"2022-02-11 13:00:00",5.37,69.15,10.07,7.11
"2022-02-11 14:00:00",3.9,74.61,8.17,5.43
"2022-02-11 15:00:00",3.5,77.75,5.45,3.62
"2022-02-11 16:00:00",4.8,75.03,8.88,6.83
"2022-02-11 17:00:00",6.19,74.76,15.2,12.12
"2022-02-11 18:00:00",6.28,76.08,17.19,13.51
"2022-02-11 19:00:00",6.85,75.39,17.93,13.12
"2022-02-11 20:00:00",4.53,79.52,13.79,10.08
"2022-02-11 21:00:00",3.79,80.54,12.38,8.46
"2022-02-11 22:00:00",2.87,80.3,11.19,7.98
"2022-02-11 23:00:00",2.23,79.79,9.15,6.95
"2022-02-12 00:00:00",1.24,80.28,6.53,5.36
"2022-02-12 01:00:00",1.22,82.2,5.46,4.32
"2022-02-12 02:00:00",1.22,80.89,3.16,2.28
"2022-02-12 03:00:00",0.59,81.72,2,1.5
"2022-02-12 04:00:00",0.5,80.02,1.46,1.08
"2022-02-12 05:00:00",0.42,78.76,0.99,0.66
"2022-02-12 06:00:00",0.63,76.96,0.66,0.42
"2022-02-12 07:00:00",1.62,77.5,2.09,1.17
"2022-02-12 08:00:00",4.59,73.88,5.99,3.36
"2022-02-12 09:00:00",5.28,69.39,9.39,5.2
"2022-02-12 10:00:00",5.57,71.86,7.06,4.93
"2022-02-12 11:00:00",6.14,68.11,6.28,4.54
"2022-02-12 12:00:00",6.12,69.25,9.99,5.87
"2022-02-12 13:00:00",4.95,73.2,9.69,6.03
"2022-02-12 14:00:00",9.34,71.38,9.29,5.48
"2022-02-12 15:00:00",9.52,74.56,13.69,7.61
"2022-02-12 16:00:00",10.54,73.34,19.01,8.98
"2022-02-12 17:00:00",10.29,68.31,19.97,11.3
"2022-02-12 18:00:00",14.59,63.79,25.92,16.45
"2022-02-12 19:00:00",18.69,55.04,34.56,24.57
"2022-02-12 20:00:00",16.8,52.35,37.3,28.55
"2022-02-12 21:00:00",10.7,53.61,28.08,23.18
"2022-02-12 22:00:00",8.11,57.39,15.35,12.6
"2022-02-12 23:00:00",8.11,56.37,16.42,13.27
"2022-02-13 00:00:00",3.83,61.84,11.44,8.83
"2022-02-13 01:00:00",2.31,63.53,12.33,8.05
"2022-02-13 02:00:00",5.55,60.49,11.46,7.29
"2022-02-13 03:00:00",9.18,53.44,11.53,7.24
"2022-02-13 04:00:00",10.63,52.3,8.51,6.37
"2022-02-13 05:00:00",2.76,61.93,4.34,3.62
"2022-02-13 06:00:00",3.19,62.72,2,1.34
"2022-02-13 07:00:00",7.19,50.74,2.2,1.55
"2022-02-13 08:00:00",12.7,43.98,6.04,3.96
"2022-02-13 09:00:00",6.85,68.07,1.54,1.11
"2022-02-13 10:00:00",9.46,67.71,1.67,1.18
"2022-02-13 11:00:00",15.06,56.02,7.47,3.6
"2022-02-13 12:00:00",8.69,71.17,7.76,3.14
"2022-02-13 13:00:00",6.07,81.72,4.24,1.67
"2022-02-13 14:00:00",6.66,81.24,3.69,1.99
"2022-02-13 15:00:00",5.42,86.54,3.71,1.96
"2022-02-13 16:00:00",6.26,86.52,5.04,2.59
"2022-02-13 17:00:00",8.59,81.75,5.8,3.61
"2022-02-13 18:00:00",14.37,71.91,22.05,12.56
"2022-02-13 19:00:00",20.11,57.33,10.11,7.73
"2022-02-13 20:00:00",27.13,41.14,31.57,23.05
"2022-02-13 21:00:00",51.41,13.88,94.41,89.02
"2022-02-13 22:00:00",48.94,19.07,81.14,75.25
"2022-02-13 23:00:00",14.07,59.52,12.17,8.41
"2022-02-14 00:00:00",10.17,56.83,10.73,7.9
"2022-02-14 01:00:00",13.63,51.29,10,7.42
"2022-02-14 02:00:00",10.01,56.27,7.37,4.78
"2022-02-14 03:00:00",4.01,58.64,7.36,3.77
"2022-02-14 04:00:00",3.64,67.38,6.1,3.03
"2022-02-14 05:00:00",17.1,55.42,5.44,2.76
"2022-02-14 06:00:00",3.48,69.3,6.52,2.7
"2022-02-14 07:00:00",5.54,65.26,4.91,2.43
"2022-02-14 08:00:00",18.03,44.99,11.65,4.37
"2022-02-14 09:00:00",29.6,37.71,7.82,3.53
"2022-02-14 10:00:00",16.1,57.99,8.43,4.2
"2022-02-14 11:00:00",10.04,69.36,7.35,3.47
"2022-02-14 12:00:00",8.28,74.85,7.74,3.25
"2022-02-14 13:00:00",8.2,80.42,8.94,3.87
"2022-02-14 14:00:00",7.17,82.98,10.49,4.26
"2022-02-14 15:00:00",9.95,81.7,10.59,4.3
"2022-02-14 16:00:00",8.19,82.94,12.41,4.66
"2022-02-14 17:00:00",11.96,77.61,11.94,4.8
"2022-02-14 18:00:00",28.58,56.07,29.79,11.87
"2022-02-14 19:00:00",24.38,54.53,29.08,19.72
"2022-02-14 20:00:00",20.81,51.56,24.09,18.41
"2022-02-14 21:00:00",13.19,53.04,23.7,18.52
"2022-02-14 22:00:00",7.21,59.28,15.48,11.65
"2022-02-14 23:00:00",4.68,63.97,12.72,9.72
"2022-02-15 00:00:00",1.92,70.24,8.28,5.86
"2022-02-15 01:00:00",1.88,70.82,7.67,5.16
"2022-02-15 02:00:00",0.9,79.88,5.94,3.87
"2022-02-15 03:00:00",0.54,91.26,5.14,3.81
"2022-02-15 04:00:00",3.83,85.53,2.67,1.91
"2022-02-15 05:00:00",10.42,81.41,9.9,5.12
"2022-02-15 06:00:00",9.29,82.87,27.68,13.78
"2022-02-15 07:00:00",6.8,81.5,30.84,15.38
"2022-02-15 08:00:00",15.27,72.13,36.29,16.7
"2022-02-15 09:00:00",27.61,55.17,32.01,15.84
"2022-02-15 10:00:00",21.37,60.91,32.57,15.51
"2022-02-15 11:00:00",12.04,64.19,30.08,14.58
"2022-02-15 12:00:00",19.02,58.93,32.59,15.48
"2022-02-15 13:00:00",17.73,65.65,30.64,14.69
"2022-02-15 14:00:00",10.68,70.93,22.55,12.71
"2022-02-15 15:00:00",10.05,71.6,32.46,18.99
"2022-02-15 16:00:00",9.06,72.21,29.26,17.52
"2022-02-15 17:00:00",15.08,61.35,31.67,24.83
"2022-02-15 18:00:00",12.9,59.32,26.85,21.96
"2022-02-15 19:00:00",9.91,72.39,21.46,19.56
"2022-02-15 20:00:00",7.44,80.6,12.63,11.43
"2022-02-15 21:00:00",8.57,71.95,6.57,6.22
"2022-02-15 22:00:00",10.23,59.73,5.05,3.62
"2022-02-15 23:00:00",3.26,65.22,5.63,4.1
"2022-02-16 00:00:00",1.64,68.73,5.77,4.11
"2022-02-16 01:00:00",2.21,71.55,10.79,7.69
"2022-02-16 02:00:00",2.08,77.38,23.22,15.17
"2022-02-16 03:00:00",1.62,79.91,29.18,18.26
"2022-02-16 04:00:00",1.31,82.39,31.46,19.38
"2022-02-16 05:00:00",4.43,77.08,32.5,19.46
"2022-02-16 06:00:00",8.37,71.87,31,18.64
"2022-02-16 07:00:00",7.14,71.84,26.72,16.73
"2022-02-16 08:00:00",5.04,72.49,21.28,14.47
"2022-02-16 09:00:00",8.33,60.02,6.09,4.69
"2022-02-16 10:00:00",5.48,56.71,2.17,1.31
"2022-02-16 11:00:00",7.7,56.89,2.75,1.35
"2022-02-16 12:00:00",15.09,55.49,5.74,3.32
"2022-02-16 13:00:00",8.88,61.89,5.57,3.7
"2022-02-16 14:00:00",6.37,83.12,12.21,7.81
"2022-02-16 15:00:00",7.67,88.01,24.76,14.32
"2022-02-16 16:00:00",8.36,87.03,34.34,18.86
"2022-02-16 17:00:00",7.28,87.2,41.55,23.16
"2022-02-16 18:00:00",7.41,86.94,40.48,23.11
"2022-02-16 19:00:00",7.06,89.6,33.18,19.22
"2022-02-16 20:00:00",6.25,90.06,32.13,17.88
"2022-02-16 21:00:00",6.06,87.98,26.67,15.7
"2022-02-16 22:00:00",5.41,88.69,24.46,13.41
"2022-02-16 23:00:00",5.01,86.83,23.39,13.05
"2022-02-17 00:00:00",4.77,84.97,16.98,8.48
"2022-02-17 01:00:00",3.02,85.21,16.78,7.2
"2022-02-17 02:00:00",1.85,84.93,15.79,7.37
"2022-02-17 03:00:00",2.38,83.68,13.43,6.43
"2022-02-17 04:00:00",3.23,81.04,14.88,6.91
"2022-02-17 05:00:00",2.61,82.54,15.79,7.72
"2022-02-17 06:00:00",7.6,72,18.86,8.19
"2022-02-17 07:00:00",5.82,70.45,16.56,7.31
"2022-02-17 08:00:00",9.53,72.83,10.58,4.69
"2022-02-17 09:00:00",12.71,67.15,5.77,3.96
"2022-02-17 10:00:00",23.05,53.43,7.4,4.18
"2022-02-17 11:00:00",11.27,74.74,8.9,4.48
"2022-02-17 12:00:00",13.92,75.64,17.37,6.92
"2022-02-17 13:00:00",11.78,80.67,17.46,7.78
"2022-02-17 14:00:00",12.7,79.91,17.62,8.07
"2022-02-17 15:00:00",11.42,79.45,17.27,7.97
"2022-02-17 16:00:00",16.04,72.27,18.85,8.6
"2022-02-17 17:00:00",23.92,56.19,27.28,14.16
"2022-02-17 18:00:00",28.11,45.56,45.26,31.74
"2022-02-17 19:00:00",34.19,39.94,51.05,39.05
"2022-02-17 20:00:00",15.58,65.16,34.76,26.77
"2022-02-17 21:00:00",11.09,70.48,18.55,15.47
"2022-02-17 22:00:00",5.34,84.09,7.31,6.27
"2022-02-17 23:00:00",3.85,83.14,3.66,3.01
"2022-02-18 00:00:00",3.15,85.16,1.82,1.46
"2022-02-18 01:00:00",1.25,85.78,1.7,1.3
"2022-02-18 02:00:00",1.82,83.11,19.52,8.92
"2022-02-18 03:00:00",1.14,81.02,28.4,13.16
"2022-02-18 04:00:00",3.61,82.82,6.54,4.41
"2022-02-18 05:00:00",0.34,85.91,7.58,4.11
"2022-02-18 06:00:00",0.47,86.73,14.61,6.97
"2022-02-18 07:00:00",5.14,77.23,16.65,9
"2022-02-18 08:00:00",18.55,65.49,9.68,5.68
"2022-02-18 09:00:00",6.65,84.34,1.22,0.62
"2022-02-18 10:00:00",5.19,85.5,4.26,2.27
"2022-02-18 11:00:00",5.09,82.18,14.13,6.64
"2022-02-18 12:00:00",6.46,81.41,15.08,6.94
"2022-02-18 13:00:00",8.28,85.9,11.4,4.98
"2022-02-18 14:00:00",8.11,78.16,7.92,3.93
"2022-02-18 15:00:00",8.1,80.79,5.65,2.58
"2022-02-18 16:00:00",9.57,76.96,6.25,3.56
"2022-02-18 17:00:00",10.02,73.76,7.74,4.28
"2022-02-18 17:01:00",,,,
"2022-02-18 18:01:00",,,,
"2022-02-18 19:00:00",14.97,64.71,16.22,8.41
"2022-02-18 20:00:00",10.8,77.75,10.67,5.93
"2022-02-18 21:00:00",15.63,62.94,21.66,14.92
"2022-02-18 22:00:00",13.6,65.64,18.52,11.35
"2022-02-18 23:00:00",8.07,72.93,9.98,5.87
"2022-02-19 00:00:00",6.78,69.23,12.52,8.01
"2022-02-19 01:00:00",3.72,76.45,6.58,3.79
"2022-02-19 02:00:00",5.04,75.31,7.27,4.87
"2022-02-19 03:00:00",2.19,70.57,6.76,4.8
"2022-02-19 04:00:00",1.13,69.55,5.41,3.58
"2022-02-19 05:00:00",0.37,72.16,6.31,3.62
"2022-02-19 06:00:00",0.32,74.88,4.37,2.79
"2022-02-19 07:00:00",1.32,74.96,3.3,2.39
"2022-02-19 08:00:00",10.25,75.67,14.93,7.22
"2022-02-19 09:00:00",11.98,81.25,26.51,12.96
"2022-02-19 10:00:00",7.44,83.58,21.98,11.14
"2022-02-19 11:00:00",5.36,83.12,15.59,7.32
"2022-02-19 12:00:00",7.15,80.77,14.07,6.79
"2022-02-19 13:00:00",8.19,82.5,13.22,6.33
"2022-02-19 14:00:00",9.27,78.57,12.58,6.93
"2022-02-19 15:00:00",10.1,78.12,17.91,8.83
"2022-02-19 16:00:00",17.35,65.65,22.84,13.11
"2022-02-19 17:00:00",17.71,61.7,16.49,10.56
"2022-02-19 18:00:00",9.99,63.31,16.31,14.11
"2022-02-19 19:00:00",5.24,82.93,12.27,9.13
"2022-02-19 20:00:00",4.28,85.47,21.84,14.71
"2022-02-19 21:00:00",3.44,86.29,36.25,21.83
"2022-02-19 22:00:00",4.87,83.84,34.42,20.64
"2022-02-19 23:00:00",11.27,78.1,32.75,19.23
"2022-02-20 00:00:00",10.78,80.79,29.29,17.72
"2022-02-20 01:00:00",10.72,83.13,27.92,16.93
"2022-02-20 02:00:00",9.8,85.12,29.74,17.65
"2022-02-20 03:00:00",14.44,78.65,20.67,13.66
"2022-02-20 04:00:00",11.74,82.64,11.24,7.95
"2022-02-20 05:00:00",13.57,80.43,10.92,8.13
"2022-02-20 06:00:00",16.11,78.08,10.4,7.49
"2022-02-20 07:00:00",14.44,80.18,10.15,7.19
"2022-02-20 08:00:00",15.36,78.78,15.02,10.11
"2022-02-20 09:00:00",11.58,82.01,10.55,7.24
"2022-02-20 10:00:00",4.68,87.33,11.13,8.03
"2022-02-20 11:00:00",1.63,87.89,4.44,3.66
"2022-02-20 12:00:00",4.9,85.92,3.95,2.94
"2022-02-20 13:00:00",5.95,93.76,10.86,6.61
"2022-02-20 14:00:00",5.51,89.39,20.97,12.36
"2022-02-20 15:00:00",4.25,87.08,26.55,14.3
"2022-02-20 16:00:00",3.26,85.38,20.15,10.5
"2022-02-20 17:00:00",3.14,83.14,17.54,9.86
"2022-02-20 18:00:00",3.73,85.3,27.22,14.31
"2022-02-20 19:00:00",3.79,84.71,21.59,11.21
"2022-02-20 20:00:00",3.06,86.61,16.61,9.45
"2022-02-20 21:00:00",2.72,88.33,9.71,5.85
"2022-02-20 22:00:00",2.46,90.66,15.13,8.24
"2022-02-20 23:00:00",2.16,90.81,16.48,8.56
"2022-02-21 00:00:00",1.96,89.9,18.93,10.06
"2022-02-21 01:00:00",1.35,92.47,29.52,15.17
"2022-02-21 02:00:00",1.05,95.42,28.56,16.16
"2022-02-21 03:00:00",0.95,97.44,32.95,17.88
"2022-02-21 04:00:00",0.81,99.52,30.04,18.55
"2022-02-21 05:00:00",0.59,97.74,31.62,18.33
"2022-02-21 06:00:00",1.1,97.16,33.03,18.89
"2022-02-21 07:00:00",2.22,95.88,34.2,19.15
"2022-02-21 08:00:00",4.7,95.48,28.87,16.76
"2022-02-21 09:00:00",7.38,89.26,35.7,19.56
"2022-02-21 10:00:00",7.1,88.31,40.96,22.27
"2022-02-21 11:00:00",8.43,86.24,42.08,21.35
"2022-02-21 12:00:00",6.31,88.65,36.62,18.65
"2022-02-21 13:00:00",9.09,84.35,43.63,20.13
"2022-02-21 14:00:00",8.64,83.28,38.87,18.67
"2022-02-21 15:00:00",11.64,81.82,44.4,19.51
"2022-02-21 16:00:00",10.8,81.06,39.25,17.09
"2022-02-21 17:00:00",16.56,71.37,38.72,18.2
"2022-02-21 18:00:00",9.37,72.64,34.94,19.15
"2022-02-21 19:00:00",11.64,61.71,35.8,26.23
"2022-02-21 20:00:00",11.56,59.18,14.59,12.78
"2022-02-21 21:00:00",10.13,59.83,12.79,11.26
"2022-02-21 22:00:00",8.08,58.95,13.05,10.6
"2022-02-21 23:00:00",9.21,57.19,17.92,13.79
"2022-02-22 00:00:00",3.91,78.93,24.08,16.22
"2022-02-22 01:00:00",1.07,89.29,19.01,12.11
"2022-02-22 02:00:00",0.68,91.66,17.71,11.14
"2022-02-22 03:00:00",0.75,90.19,15.42,9.69
"2022-02-22 04:00:00",0.37,90.45,17.22,10.55
"2022-02-22 05:00:00",0.11,90.88,18.05,11.46
"2022-02-22 06:00:00",0.96,91.56,11.43,7.49
"2022-02-22 07:00:00",3.59,99.32,9.73,6.08
"2022-02-22 08:00:00",8,87.01,21.24,10.76
"2022-02-22 09:00:00",16.69,75.87,24.62,12.71
"2022-02-22 10:00:00",11.71,87.72,22.56,12.12
"2022-02-22 11:00:00",8.49,86.98,15.96,8.95
"2022-02-22 12:00:00",8.73,83.73,13.63,7.22
"2022-02-22 13:00:00",9.03,80.99,23.07,9.24
"2022-02-22 14:00:00",6.14,82.25,15.16,5.93
"2022-02-22 15:00:00",7.45,79.96,13.11,6.19
"2022-02-22 16:00:00",8.32,80.83,21.08,9.15
"2022-02-22 17:00:00",10.59,75.51,20.01,8.99
"2022-02-22 18:00:00",13.88,71.92,21.61,8.71
"2022-02-22 19:00:00",9.6,74.4,20.07,9.1
"2022-02-22 20:00:00",13.72,63.28,27.5,18.08
"2022-02-22 21:00:00",8.98,70.44,30.99,19
"2022-02-22 22:00:00",6.4,77.66,27.24,14.78
"2022-02-22 23:00:00",6.11,78.46,28.43,15.82
"2022-02-23 00:00:00",4.03,81.84,20.69,11.19
"2022-02-23 01:00:00",2.05,77.81,16.44,9.13
"2022-02-23 02:00:00",1.64,76.13,13.61,7.72
"2022-02-23 03:00:00",1.54,80.08,10.69,5.74
"2022-02-23 04:00:00",1.17,77.28,9.2,5.28
"2022-02-23 05:00:00",0.57,76.12,8.53,4.8
"2022-02-23 06:00:00",1.18,75.03,6.6,3.8
"2022-02-23 07:00:00",3.23,79.27,5.35,3.06
"2022-02-23 08:00:00",5.91,69.14,5.12,3.15
"2022-02-23 09:00:00",10.97,68.4,6.81,3.59
"2022-02-23 10:00:00",5.76,79.78,9.3,5.09
"2022-02-23 11:00:00",3.54,85.6,9.98,6.07
"2022-02-23 12:00:00",2.82,85,11.73,6.91
"2022-02-23 13:00:00",4.27,82.82,13.93,7.99
"2022-02-23 14:00:00",5.24,83.08,17.62,11.35
"2022-02-23 15:00:00",7.48,82.51,11.81,7.56
"2022-02-23 16:00:00",9.4,78.84,12.83,7.85
"2022-02-23 17:00:00",9.18,75.46,14.88,9.36
"2022-02-23 18:00:00",12.89,73.9,15.25,8.93
"2022-02-23 19:00:00",6.7,81.56,11.64,7.3
"2022-02-23 20:00:00",10.13,76.25,17.14,10.32
"2022-02-23 21:00:00",7.67,76.52,13.34,8.55
"2022-02-23 22:00:00",8.19,71.75,16.52,10.26
"2022-02-23 23:00:00",4.88,74.5,14.97,9.09
"2022-02-24 00:00:00",3.26,77.17,10.03,5.92
"2022-02-24 01:00:00",1.36,81.38,7.94,4.48
"2022-02-24 02:00:00",1.7,81.7,8.18,4.4
"2022-02-24 03:00:00",1.68,83.45,3.63,2.36
"2022-02-24 04:00:00",2.79,77.48,4.45,2.56
"2022-02-24 05:00:00",2.32,79.76,4.01,2.18
"2022-02-24 06:00:00",9.64,66.26,5.74,3.35
"2022-02-24 07:00:00",6.81,75.69,5.73,2.87
"2022-02-24 08:00:00",11.28,68.01,6.44,3.02
"2022-02-24 09:00:00",12.32,72.93,10.75,4.43
"2022-02-24 10:00:00",12.76,70.43,9.65,4.01
"2022-02-24 11:00:00",10.22,74.72,13.46,6.39
"2022-02-24 12:00:00",8.37,78.23,14.33,7.16
"2022-02-24 13:00:00",11.5,71.65,15.26,7.94
"2022-02-24 14:00:00",7.95,76.37,16.94,7.57
"2022-02-24 15:00:00",10.07,72.36,14.01,7.22
"2022-02-24 16:00:00",10.13,72.51,15.6,7.17
"2022-02-24 17:00:00",8.33,74.55,17.23,8.65
"2022-02-24 18:00:00",9.42,73.61,16.84,9.74
"2022-02-24 19:00:00",9.87,74.85,22.26,12.59
"2022-02-24 20:00:00",8.14,80.23,11.68,7.4
"2022-02-24 21:00:00",6.59,80.15,18.33,10.21
"2022-02-24 22:00:00",5.16,82.86,17.87,10.87
"2022-02-24 23:00:00",5.82,79.2,20.68,11.3
"2022-02-25 00:00:00",8.8,72.85,23.08,12.82
"2022-02-25 01:00:00",2.73,84.78,17.03,9.16
"2022-02-25 02:00:00",2.32,85.42,12.85,7.49
"2022-02-25 03:00:00",3.34,69.71,16.99,8.46
"2022-02-25 04:00:00",3.16,65.27,23.2,11.79
"2022-02-25 05:00:00",6.99,58.23,21.58,10.3
"2022-02-25 06:00:00",8.67,54,18.76,10.03
"2022-02-25 07:00:00",16.31,49.13,14.65,7.97
"2022-02-25 08:00:00",23.37,42.09,14.94,8.91
"2022-02-25 09:00:00",41.55,24.78,18.72,9.62
"2022-02-25 10:00:00",26.54,40.86,21.47,10.29
"2022-02-25 11:00:00",6.45,62.15,13.93,7.44
"2022-02-25 12:00:00",5.85,72.05,14.17,7.3
"2022-02-25 13:00:00",3.75,80.15,11.32,6.31
"2022-02-25 14:00:00",4.54,79.98,9.13,5.26
"2022-02-25 15:00:00",4.33,80.94,7.57,3.98
"2022-02-25 16:00:00",6.13,74.94,11.21,7.07
"2022-02-25 17:00:00",8.52,69.67,13.98,10.34
"2022-02-25 18:00:00",9.38,70.05,14.89,11.62
"2022-02-25 19:00:00",9.01,69.98,16.19,13.84
"2022-02-25 20:00:00",7.16,72.42,13.97,11.43
"2022-02-25 21:00:00",6.82,71.72,14.25,11.42
"2022-02-25 22:00:00",5.27,74.51,12.52,10.19
"2022-02-25 23:00:00",3.47,78.19,8.7,7.04
"2022-02-26 00:00:00",2.58,79.96,7.63,4.94
"2022-02-26 01:00:00",1.27,82.31,6.06,3.77
"2022-02-26 02:00:00",0.77,84.65,6.9,3.6
"2022-02-26 03:00:00",0.38,84.82,5.63,3.15
"2022-02-26 04:00:00",0.23,86.23,7.41,3.76
"2022-02-26 05:00:00",0.04,87.67,5.96,3.05
"2022-02-26 06:00:00",0.37,86.47,5.07,2.83
"2022-02-26 07:00:00",0.54,85.54,4.86,2.8
"2022-02-26 08:00:00",1.18,86.23,6.45,3.61
"2022-02-26 09:00:00",2.21,84.66,7.22,4.06
"2022-02-26 10:00:00",1.48,85.17,8.6,4.36
"2022-02-26 11:00:00",1.74,84.62,8.34,4.8
"2022-02-26 12:00:00",2,84.1,7.72,4.87
"2022-02-26 13:00:00",2.71,82.6,10.68,6.18
"2022-02-26 14:00:00",2.62,84.53,9.89,6.17
"2022-02-26 15:00:00",2.6,83.34,10.47,6.76
"2022-02-26 16:00:00",2.77,85.07,12.58,8.67
"2022-02-26 17:00:00",3.1,86.53,14.92,10.31
"2022-02-26 18:00:00",4.01,86.21,20.25,14.49
"2022-02-26 19:00:00",3.43,89.76,20.88,13.82
"2022-02-26 20:00:00",3.44,89.2,19.91,13.63
"2022-02-26 21:00:00",2.67,87.97,17.64,12.1
"2022-02-26 22:00:00",2.04,87.82,19.63,13.04
"2022-02-26 23:00:00",1.47,89.23,21.74,13.63
"2022-02-27 00:00:00",1.23,89.04,21.82,13.15
"2022-02-27 01:00:00",0.88,90.51,21.82,12.84
"2022-02-27 02:00:00",0.72,92.18,22.28,12.7
"2022-02-27 03:00:00",0.7,93.39,20.87,11.84
"2022-02-27 04:00:00",0.69,91.41,17.82,10.36
"2022-02-27 05:00:00",0.66,89.11,14.3,8.73
"2022-02-27 06:00:00",0.55,86.67,9.81,6.32
"2022-02-27 07:00:00",0.5,84.8,8.86,5.58
"2022-02-27 08:00:00",1.01,82.03,4.24,2.81
"2022-02-27 09:00:00",1.51,78.12,4.99,2.88
"2022-02-27 10:00:00",1.27,80.72,3.71,2.44
"2022-02-27 11:00:00",1.26,78.63,2.98,2.12
"2022-02-27 12:00:00",1.51,82.08,4.55,2.97
"2022-02-27 13:00:00",1.61,83.54,4.8,2.76
"2022-02-27 14:00:00",1.49,85.86,4.63,2.75
"2022-02-27 15:00:00",1.62,88.41,6.28,3.81
"2022-02-27 16:00:00",1.77,87.83,8.82,5.63
"2022-02-27 17:00:00",2.45,84.44,10.19,7.22
"2022-02-27 18:00:00",3.5,82.46,12.99,9.38
"2022-02-27 19:00:00",4.6,78.94,15.42,11.66
"2022-02-27 20:00:00",3.42,80.29,13.42,10.26
"2022-02-27 21:00:00",2.85,81.16,9.7,8.16
"2022-02-27 22:00:00",2.21,80.9,6.56,5.51
"2022-02-27 23:00:00",2.08,79.97,5.34,4.65
"2022-02-28 00:00:00",1.42,78.83,3.89,3.47
"2022-02-28 01:00:00",1.09,77.19,2.07,1.72
"2022-02-28 02:00:00",1.14,73.77,3.92,2.59
"2022-02-28 03:00:00",0.92,70.31,3.94,1.89
"2022-02-28 04:00:00",1.42,68.42,11.87,5.94
"2022-02-28 05:00:00",2.01,64.54,17.52,8.97
"2022-02-28 06:00:00",2.55,62.78,19.59,10.28
"2022-02-28 07:00:00",5.1,62.28,20.61,11.15
"2022-02-28 08:00:00",17.54,47.42,20.45,11.05
"2022-02-28 09:00:00",28.46,41.74,21.5,10.95
"2022-02-28 10:00:00",28.39,43.99,14.07,7.91
"2022-02-28 11:00:00",22.69,45.73,19.52,11.05
"2022-02-28 12:00:00",13.26,61.34,16.91,8.39
"2022-02-28 13:00:00",20.15,59.85,12.08,6.96
"2022-02-28 14:00:00",12.48,72.09,13.1,6.7
"2022-02-28 15:00:00",12.08,79.58,13.35,5.88
"2022-02-28 16:00:00",8.29,84.02,14.67,5.99
"2022-02-28 17:00:00",11.7,79.42,16.91,7.07
"2022-02-28 18:00:00",19.79,70.61,19.18,9.49
"2022-02-28 19:00:00",31.45,53.78,25.31,15.24
"2022-02-28 20:00:00",38.15,41.35,35.67,23.99
"2022-02-28 21:00:00",43.78,33.85,46.65,35.81
"2022-02-28 22:00:00",64.32,13.37,129.82,113.8
"2022-02-28 23:00:00",65.72,9.18,163.25,145.33
"2022-03-01 00:00:00",53.82,8.03,91.96,81.3
"2022-03-01 01:00:00",46.05,8.11,81.28,71.64
"2022-03-01 02:00:00",31.62,12,45.7,38.7
"2022-03-01 03:00:00",32.51,7.13,39.09,31.74
"2022-03-01 04:00:00",22.88,8.39,25.53,20.58
"2022-03-01 05:00:00",17.38,14.51,21.63,17.1
"2022-03-01 06:00:00",22.73,8.22,18.96,15.18
"2022-03-01 07:00:00",29.96,4.91,16.88,13.18
"2022-03-01 08:00:00",25.11,5.67,15.47,11
"2022-03-01 09:00:00",37.36,6.38,19.46,12.18
"2022-03-01 10:00:00",35.09,10.85,16.18,9.87
"2022-03-01 11:00:00",25.04,28.83,16.43,8.35
"2022-03-01 12:00:00",14.98,52.77,14.26,6.51
"2022-03-01 13:00:00",9.19,77.59,10.15,4.5
"2022-03-01 14:00:00",8.74,79.4,8.13,3.81
"2022-03-01 15:00:00",8.31,80.48,7.26,3.88
"2022-03-01 16:00:00",7.79,81.5,6.75,3.62
"2022-03-01 17:00:00",13.84,75.46,8.22,4.88
"2022-03-01 18:00:00",22.36,63.74,13.44,8.99
"2022-03-01 19:00:00",28.81,55.11,19.74,14.56
"2022-03-01 20:00:00",35.21,40.23,21.38,14.84
"2022-03-01 21:00:00",35.97,41.39,24.93,19.29
"2022-03-01 22:00:00",28.88,49.82,24.37,19.78
"2022-03-01 23:00:00",21.16,55.33,18.93,15.39
"2022-03-02 00:00:00",14.14,59.03,13.44,10.28
"2022-03-02 01:00:00",13.22,54.52,14.06,10.13
"2022-03-02 02:00:00",7.04,57.18,15.09,11.27
"2022-03-02 03:00:00",5.44,56.48,15.25,11.41
"2022-03-02 04:00:00",3.83,58.08,14.25,10.89
"2022-03-02 05:00:00",8.46,52.85,14.18,10.24
"2022-03-02 06:00:00",31.15,31.26,9.54,7.63
"2022-03-02 07:00:00",31.28,31.32,6.94,5.56
"2022-03-02 08:00:00",21.86,37.98,4.42,3.31
"2022-03-02 09:00:00",17.88,37.46,4.1,2.28
"2022-03-02 10:00:00",16.14,33.77,5.37,2.65
"2022-03-02 11:00:00",11.59,33.18,4.64,2.43
"2022-03-02 12:00:00",12.81,30.31,3.92,2.68
"2022-03-02 13:00:00",13,32.76,4.52,3.15
"2022-03-02 14:00:00",12.45,41.81,5.71,3.69
"2022-03-02 15:00:00",12.34,58.82,6.5,4.62
"2022-03-02 16:00:00",6.56,59.81,6.41,5.05
"2022-03-02 17:00:00",7.15,59.08,12.33,11.07
"2022-03-02 18:00:00",8.47,63.13,11.45,10.07
"2022-03-02 19:00:00",7.54,69.24,11.87,10.85
"2022-03-02 20:00:00",7.75,68.4,11.86,10.93
"2022-03-02 21:00:00",5.83,77.28,11.38,10.23
"2022-03-02 22:00:00",3.85,90.82,9.05,6.57
"2022-03-02 23:00:00",5.22,90.07,11.04,6.05
"2022-03-03 00:00:00",3.67,91.5,17.43,7.64
"2022-03-03 01:00:00",4.27,88.94,17.23,7.1
"2022-03-03 02:00:00",3.53,80.58,19.33,7.76
"2022-03-03 03:00:00",3.9,69.13,17.05,7.48
"2022-03-03 04:00:00",5.16,65.57,17.45,7.81
"2022-03-03 05:00:00",8.83,53.46,16.71,7.83
"2022-03-03 06:00:00",11.45,46.49,15.3,7.09
"2022-03-03 07:00:00",25.4,27.53,15.8,7.97
"2022-03-03 08:00:00",47.12,7.67,17.18,9.4
"2022-03-03 09:00:00",49.43,7.98,20.39,10.07
"2022-03-03 10:00:00",52.05,17.81,26.08,10.83
"2022-03-03 11:00:00",35.28,36.13,26.64,11.87
"2022-03-03 12:00:00",26.93,54.18,28.26,10.62
"2022-03-03 13:00:00",15.37,71.86,16.95,6.76
"2022-03-03 14:00:00",12.81,79.15,12.5,4.32
"2022-03-03 15:00:00",12.64,82.75,13.26,3.09
"2022-03-03 16:00:00",12.62,82.24,13.49,3.26
"2022-03-03 17:00:00",9.75,85.53,6.39,2.13
"2022-03-03 18:00:00",14.67,78.47,8.83,3.62
"2022-03-03 19:00:00",15.35,75.2,13.55,7.48
"2022-03-03 20:00:00",17.36,67.01,16.9,9.61
"2022-03-03 21:00:00",18.56,60.73,21.21,11.81
"2022-03-03 22:00:00",27.69,45.29,26.76,14.86
"2022-03-03 23:00:00",20.81,48.79,23.39,12.13
"2022-03-04 00:00:00",12.57,56.65,16.97,9.49
"2022-03-04 01:00:00",7.64,65.72,16.38,7.75
"2022-03-04 02:00:00",7.5,61.9,14.65,7.39
"2022-03-04 03:00:00",6.46,58.86,11.67,5.82
"2022-03-04 04:00:00",7.74,52.03,14.43,10.29
"2022-03-04 05:00:00",9.12,50.54,11.41,5.91
"2022-03-04 06:00:00",11.49,40.17,10.2,5.4
"2022-03-04 07:00:00",26.44,16.53,9.36,5.27
"2022-03-04 08:00:00",39.05,7.42,15,11.1
"2022-03-04 09:00:00",52.48,7.83,14.61,8.94
"2022-03-04 10:00:00",49.69,15.22,20.68,9.79
"2022-03-04 11:00:00",35.97,35.81,32.92,9.27
"2022-03-04 12:00:00",12.32,64.61,16.36,4.86
"2022-03-04 13:00:00",10.07,74.73,9.53,3.14
"2022-03-04 14:00:00",8.2,77.29,10.96,3.45
"2022-03-04 15:00:00",10.42,74.97,7.33,2.92
"2022-03-04 16:00:00",13.81,71.77,10.65,3.86
"2022-03-04 17:00:00",16.01,70.25,10.53,4.14
"2022-03-04 18:00:00",22.14,63.4,10.65,5.15
"2022-03-04 19:00:00",28.01,52.95,17.98,12.38
"2022-03-04 20:00:00",41.54,33.42,30.37,25.5
"2022-03-04 21:00:00",36.49,37.7,38.61,31.94
"2022-03-04 22:00:00",28.41,42.03,31.63,27.59
"2022-03-04 23:00:00",34.31,30.28,39.12,34.39
"2022-03-05 00:00:00",41.75,18.09,32.19,27.52
"2022-03-05 01:00:00",35.95,21.34,32,27.32
"2022-03-05 02:00:00",20.88,32.2,17.37,14.86
"2022-03-05 03:00:00",20.06,34.29,19.16,16.15
"2022-03-05 04:00:00",15.87,32.5,13.59,10.66
"2022-03-05 05:00:00",27.92,9.82,20.14,17.34
"2022-03-05 06:00:00",18.1,23.64,12.45,10.45
"2022-03-05 07:00:00",35.04,7.06,11.03,8.86
"2022-03-05 08:00:00",38.02,6.01,18.4,10.06
"2022-03-05 09:00:00",33.94,9.42,28.94,14.63
"2022-03-05 10:00:00",19.51,37.98,15.84,10.48
"2022-03-05 11:00:00",13.06,48.65,12.09,6.95
"2022-03-05 12:00:00",8.46,65.54,10.73,4.95
"2022-03-05 13:00:00",10.76,71.69,10.13,4.36
"2022-03-05 14:00:00",7.97,76.54,8.19,4.51
"2022-03-05 15:00:00",8.81,77.18,8.55,4.66
"2022-03-05 16:00:00",11.1,74.77,8.89,4.99
"2022-03-05 17:00:00",11.5,75.87,9.01,5.63
"2022-03-05 18:00:00",15.25,73.5,9.01,5.55
"2022-03-05 19:00:00",27.83,57.15,19.31,15
"2022-03-05 20:00:00",34.01,47.7,33.24,28.27
"2022-03-05 21:00:00",48.86,31.01,39.02,34.37
"2022-03-05 22:00:00",74.77,13.6,144.87,134.47
"2022-03-05 23:00:00",54.31,24.12,64.48,58.21
"2022-03-06 00:00:00",28.24,41.02,38.63,33.19
"2022-03-06 01:00:00",35.31,28.8,39.93,35.12
"2022-03-06 02:00:00",30.21,27.4,25.88,22.13
"2022-03-06 03:00:00",28.96,26.25,29.83,26.3
"2022-03-06 04:00:00",27.35,21.46,28.84,25.04
"2022-03-06 05:00:00",30.47,13.12,32.64,28.71
"2022-03-06 06:00:00",25.13,13.13,29.97,26.76
"2022-03-06 07:00:00",23.49,12.42,26.59,23.42
"2022-03-06 08:00:00",26.03,12.31,24.94,20.37
"2022-03-06 09:00:00",25.85,25.06,15.85,13.8
"2022-03-06 10:00:00",14.94,37.46,14.35,11.28
"2022-03-06 11:00:00",18.47,48.67,15.49,10.7
"2022-03-06 12:00:00",4.44,88.02,8.12,4.85
"2022-03-06 13:00:00",3.7,91.73,7.19,4.18
"2022-03-06 14:00:00",3.93,90.96,8.72,5.58
"2022-03-06 15:00:00",4.99,89.78,9.59,6.31
"2022-03-06 16:00:00",4.31,90.82,9.23,6.37
"2022-03-06 17:00:00",6.53,89.5,8.61,5.52
"2022-03-06 18:00:00",8.58,84.56,11.91,8.93
"2022-03-06 19:00:00",11.6,76.69,23.36,19.83
"2022-03-06 20:00:00",13.64,70.15,26.84,23.23
"2022-03-06 21:00:00",34.09,46.8,35.48,31.51
"2022-03-06 22:00:00",56.72,27.9,32.24,28.05
"2022-03-06 23:00:00",46.41,36.12,33.22,29.35
"2022-03-07 00:00:00",27.11,47.07,25.37,22.12
"2022-03-07 01:00:00",8.56,62.31,15.25,12.5
"2022-03-07 02:00:00",4.42,69.37,11.98,9.99
"2022-03-07 03:00:00",3.67,72.43,9.36,7.15
"2022-03-07 04:00:00",3.15,70.28,9.5,7.66
"2022-03-07 05:00:00",4.35,65.2,10.23,8.04
"2022-03-07 06:00:00",10.36,56.81,10.26,7.99
"2022-03-07 07:00:00",8.82,68.73,10.46,7.19
"2022-03-07 08:00:00",4.9,85.27,10.13,6.51
"2022-03-07 09:00:00",6.79,83.75,10.63,6.45
"2022-03-07 10:00:00",7.51,83.24,12.84,6.91
"2022-03-07 11:00:00",3.5,88.06,12.25,6.36
"2022-03-07 12:00:00",3.25,89.58,11.9,6.35
"2022-03-07 13:00:00",3.6,91.04,10.38,6
"2022-03-07 14:00:00",3.59,93.53,13.07,5.7
"2022-03-07 15:00:00",4.32,92.59,12.49,6.84
"2022-03-07 16:00:00",5.55,91.42,15.76,8.72
"2022-03-07 17:00:00",8.09,87.64,18.62,11.25
"2022-03-07 18:00:00",11.07,81.96,17.91,11.83
"2022-03-07 19:00:00",13.74,78.11,17.07,11.87
"2022-03-07 20:00:00",18.55,73.62,15.7,10.27
"2022-03-07 21:00:00",20.72,71.14,15.36,10.76
"2022-03-07 22:00:00",7.29,88.84,15.12,9.79
"2022-03-07 23:00:00",3.45,95.75,15.85,11
"2022-03-08 00:00:00",3.27,93.67,17.79,13.36
"2022-03-08 01:00:00",2.7,96.75,21.64,16.66
"2022-03-08 02:00:00",2.72,90.54,22.99,18.62
"2022-03-08 03:00:00",2.47,87.82,25.94,21.16
"2022-03-08 04:00:00",1.75,90.96,19.27,17.88
"2022-03-08 05:00:00",1.96,85.22,20.52,17.25
"2022-03-08 06:00:00",2.14,90.45,23.33,19.18
"2022-03-08 07:00:00",2.9,92.38,25.06,20.68
"2022-03-08 08:00:00",4.76,90.05,23.37,19.98
"2022-03-08 09:00:00",5.59,90.41,17.58,14.96
"2022-03-08 10:00:00",4.4,91.87,10.91,9.17
"2022-03-08 11:00:00",3.42,91.63,9.68,6.5
"2022-03-08 12:00:00",3.03,92.96,12.1,7.42
"2022-03-08 13:00:00",2.14,92.18,7.74,4.87
"2022-03-08 14:00:00",3.15,90.56,6.85,4.62
"2022-03-08 15:00:00",2.4,96.55,6.05,3.64
"2022-03-08 16:00:00",2.68,95.5,10.75,6.12
"2022-03-08 17:00:00",5.81,88.8,16.98,9.32
"2022-03-08 18:00:00",8.09,83.75,22.36,14.39
"2022-03-08 19:00:00",8.38,82.14,24.3,16.59
"2022-03-08 20:00:00",9.54,79.43,31.05,24.15
"2022-03-08 21:00:00",6.79,80.39,21.2,14.64
"2022-03-08 22:00:00",4.27,83.65,21.81,14.09
"2022-03-08 23:00:00",2.18,89.88,17.73,10.22
"2022-03-09 00:00:00",0.96,94.04,14.47,8.38
"2022-03-09 01:00:00",0.54,94.85,14.38,8.13
"2022-03-09 02:00:00",0.42,94.52,10.38,6.35
"2022-03-09 03:00:00",0.36,94.19,10.69,6.7
"2022-03-09 04:00:00",0.1,96.32,9.64,6.44
"2022-03-09 05:00:00",0.26,96.66,8.61,5.7
"2022-03-09 06:00:00",0.49,96.05,7.4,5.18
"2022-03-09 07:00:00",4.07,91.74,5.06,3.01
"2022-03-09 08:00:00",12.8,82.89,3.45,1.64
"2022-03-09 09:00:00",25.93,71.67,1.54,0.96
"2022-03-09 10:00:00",31.25,63.3,2.13,1.18
"2022-03-09 11:00:00",22.58,70.62,2.39,1.68
"2022-03-09 12:00:00",24.41,64.79,4.3,2.43
"2022-03-09 13:00:00",26.53,61.47,3.34,2.61
"2022-03-09 14:00:00",16.97,72.48,4.01,3.42
"2022-03-09 15:00:00",12,76.01,5.3,3.32
"2022-03-09 16:00:00",11.52,79.89,8.23,4.75
"2022-03-09 17:00:00",16.42,72.99,10.14,6.21
"2022-03-09 18:00:00",20.99,64.54,13.32,8.34
"2022-03-09 19:00:00",53.5,26.02,27.61,22.85
"2022-03-09 20:00:00",67.62,14.05,58,51.96
"2022-03-09 21:00:00",69.83,13.09,63,57.54
"2022-03-09 22:00:00",59.67,15.82,81.6,77.13
"2022-03-09 23:00:00",56.31,13.06,80.37,74.74
"2022-03-10 00:00:00",50.45,12.45,67.33,62.89
"2022-03-10 01:00:00",39.45,13.95,40.19,37.14
"2022-03-10 02:00:00",27.09,15.34,26.85,25.19
"2022-03-10 03:00:00",27.03,12.56,24.97,24.63
"2022-03-10 04:00:00",23.67,13.63,21.68,21.38
"2022-03-10 05:00:00",16.12,19.33,17.69,17.38
"2022-03-10 06:00:00",13.12,21.3,14.84,14.51
"2022-03-10 07:00:00",13.35,23.12,11.33,10.47
"2022-03-10 08:00:00",41.81,15.21,11.23,8.22
"2022-03-10 09:00:00",43.97,25.59,11.71,6.63
"2022-03-10 10:00:00",33.92,34.33,11.88,6.97
"2022-03-10 11:00:00",7.21,76.85,9.51,4.38
"2022-03-10 12:00:00",3.75,85.79,9.02,4.79
"2022-03-10 13:00:00",2.6,91.21,8.97,4.66
"2022-03-10 14:00:00",3.65,91.74,10.83,6.2
"2022-03-10 15:00:00",3.39,91.79,12.18,7.44
"2022-03-10 16:00:00",3.5,90.98,12.91,7.52
"2022-03-10 17:00:00",3.55,92.67,14.32,9.15
"2022-03-10 18:00:00",4.57,94.54,15.82,9.84
"2022-03-10 19:00:00",4.17,96.19,18.97,12.6
"2022-03-10 20:00:00",3.61,97.89,16.98,10.9
"2022-03-10 21:00:00",3.42,101.74,18.44,11.98
"2022-03-10 22:00:00",3.07,101.8,18.73,12.41
"2022-03-10 23:00:00",1.83,100.22,16.39,9.64
"2022-03-11 00:00:00",1.51,96.99,14.26,8.58
"2022-03-11 01:00:00",0.93,97.29,10.8,6.26
"2022-03-11 02:00:00",0.59,96.79,11.6,7.12
"2022-03-11 03:00:00",0.5,96.71,4.43,2.79
"2022-03-11 04:00:00",0.5,91.67,3.73,2.54
"2022-03-11 05:00:00",0.84,91.02,6.74,4.39
"2022-03-11 06:00:00",14.73,75.05,3.95,2.55
"2022-03-11 07:00:00",7.33,80.94,2.49,1.85
"2022-03-11 08:00:00",3.74,94.6,2.97,2.01
"2022-03-11 09:00:00",9.04,83.98,4.61,2.76
"2022-03-11 10:00:00",11.9,72.67,6.29,3.53
"2022-03-11 11:00:00",12.08,66.94,5.69,3.83
"2022-03-11 12:00:00",10.48,73.51,11.51,6.27
"2022-03-11 13:00:00",9,85.26,8.33,4.54
"2022-03-11 14:00:00",17.52,77.9,9.67,4.23
"2022-03-11 15:00:00",20.12,73.89,9.89,4.99
"2022-03-11 16:00:00",13.78,76.89,8.5,6.53
"2022-03-11 17:00:00",22.63,62.14,14.97,12.31
"2022-03-11 18:00:00",23.41,55.59,27.57,23.91
"2022-03-11 19:00:00",30.08,44.88,32.94,27.35
"2022-03-11 20:00:00",43.68,30.11,61.28,52.14
"2022-03-11 21:00:00",35.38,30.86,60.35,53.85
"2022-03-11 22:00:00",22.78,37.17,32.63,28.87
"2022-03-11 23:00:00",23.76,33.53,41.88,37.43
"2022-03-12 00:00:00",13.36,45.13,23.22,19.47
"2022-03-12 01:00:00",11.12,43.88,18.42,15.41
"2022-03-12 02:00:00",4.38,63.82,11.61,8.33
"2022-03-12 03:00:00",3.6,75.64,4.25,2.69
"2022-03-12 04:00:00",1.88,79.13,5.21,2.39
"2022-03-12 05:00:00",2.56,73.15,6.78,3.14
"2022-03-12 06:00:00",5,64.7,7.76,4.01
"2022-03-12 07:00:00",11.8,57.36,6.44,3.59
"2022-03-12 08:00:00",18.58,50.58,7.96,4.64
"2022-03-12 09:00:00",10.32,58.88,7.07,4.18
"2022-03-12 10:00:00",20.34,54.3,7.66,4.2
"2022-03-12 11:00:00",7.82,70.76,8.4,4.27
"2022-03-12 12:00:00",13.29,69.66,10.51,4.57
"2022-03-12 13:00:00",15.61,73.82,13.2,6.43
"2022-03-12 14:00:00",12.61,80.21,14.12,7.37
"2022-03-12 15:00:00",9.99,88.68,11.59,6.59
"2022-03-12 16:00:00",12.48,87.88,6.98,5.47
"2022-03-12 17:00:00",9.77,90.58,5.19,4.54
"2022-03-12 18:00:00",21.45,74.56,6.98,6.35
"2022-03-12 19:00:00",17.1,82.88,13.41,10.43
"2022-03-12 20:00:00",17.03,83.28,16.34,11.18
"2022-03-12 21:00:00",16.74,89.01,11.64,7.78
"2022-03-12 22:00:00",8.65,95.52,11.42,8.08
"2022-03-12 23:00:00",11.13,88.84,21.43,13.12
"2022-03-13 00:00:00",1.54,100.04,9.23,6.24
"2022-03-13 01:00:00",0.93,101.57,7.4,4.87
"2022-03-13 02:00:00",0.63,101.07,8.14,5.16
"2022-03-13 03:00:00",0.45,99.72,4.81,3.1
"2022-03-13 04:00:00",0.41,102.04,6.61,4
"2022-03-13 05:00:00",0.21,96.12,3.57,2.18
"2022-03-13 06:00:00",0.57,90.77,1.99,1.33
"2022-03-13 07:00:00",0.68,95.71,3.98,2.14
"2022-03-13 08:00:00",2.36,92.64,7.04,3.9
"2022-03-13 09:00:00",3.97,88.75,9.13,5.26
"2022-03-13 10:00:00",3.64,92.74,11.14,6.1
"2022-03-13 11:00:00",3.85,92.93,9.76,5.99
"2022-03-13 12:00:00",5.11,95.5,7.94,4.26
"2022-03-13 13:00:00",4.29,97.91,7.99,4.41
"2022-03-13 14:00:00",4.79,98.49,8.1,4.37
"2022-03-13 15:00:00",6.64,95.96,10.29,5.03
"2022-03-13 16:00:00",5.06,99.18,13.28,6.42
"2022-03-13 17:00:00",5.72,96.37,12.29,6.75
"2022-03-13 18:00:00",5.27,96.8,12.07,6.19
"2022-03-13 19:00:00",9.37,85.21,18.69,12.37
"2022-03-13 20:00:00",11.41,81.2,21.36,11.67
"2022-03-13 21:00:00",21.7,64.55,34.89,27
"2022-03-13 22:00:00",12.88,69.33,25.87,18.35
"2022-03-13 23:00:00",9.38,68.95,19.81,12.9
"2022-03-14 00:00:00",5.54,74.97,16.86,8.97
"2022-03-14 01:00:00",4.08,77.21,17.33,8.54
"2022-03-14 02:00:00",4.8,69.39,14.16,6.93
"2022-03-14 03:00:00",2.89,70.76,13.5,6.13
"2022-03-14 04:00:00",3.59,61.53,11.83,5.82
"2022-03-14 05:00:00",3.85,63.44,12.38,5.87
"2022-03-14 06:00:00",3.47,62.89,11.33,5.24
"2022-03-14 07:00:00",9.71,60.66,9.59,4.37
"2022-03-14 08:00:00",19.49,53.06,9.56,4.54
"2022-03-14 09:00:00",32.6,45.65,16.88,6.78
"2022-03-14 10:00:00",21.07,70.4,24.9,9.02
"2022-03-14 11:00:00",13.14,81.86,24.48,8.79
"2022-03-14 12:00:00",9.53,89.83,24.21,8.19
"2022-03-14 13:00:00",10.58,90.22,25.8,8.77
"2022-03-14 14:00:00",11.55,89.84,24.03,7.14
"2022-03-14 15:00:00",10.55,90.94,17.29,6.48
"2022-03-14 16:00:00",13.19,89.31,16.1,5.61
"2022-03-14 17:00:00",10.08,90.05,16.03,7.04
"2022-03-14 18:00:00",20.47,78.91,21.44,7.69
"2022-03-14 19:00:00",33.57,59.45,33.98,14.6
"2022-03-14 20:00:00",32.25,55.8,25.96,12.85
"2022-03-14 21:00:00",60.03,30.61,102.07,90.1
"2022-03-14 22:00:00",61.77,20.51,117.46,106.76
"2022-03-14 23:00:00",32.5,36.23,57.35,47.88
"2022-03-15 00:00:00",26.51,34.84,45.91,38.13
"2022-03-15 01:00:00",20.14,41.37,24.2,18.38
"2022-03-15 02:00:00",12.74,53.62,18.36,13.25
"2022-03-15 03:00:00",9.21,54.54,16.53,11.12
"2022-03-15 04:00:00",6.08,62,12.81,8.25
"2022-03-15 05:00:00",3.99,71.55,10.53,5.98
"2022-03-15 06:00:00",30.41,36.75,10.53,6.49
"2022-03-15 07:00:00",8.26,73.69,7.87,4.05
"2022-03-15 08:00:00",16.98,64.73,8.49,4.57
"2022-03-15 09:00:00",17.85,63.87,9.33,5.18
"2022-03-15 10:00:00",7.6,79.26,8.29,4.02
"2022-03-15 11:00:00",3.29,87.03,7.82,4.41
"2022-03-15 12:00:00",2.92,90.2,7.64,4.34
"2022-03-15 13:00:00",4.36,87.02,7.12,4.14
"2022-03-15 14:00:00",5.45,87.95,7.85,4.87
"2022-03-15 15:00:00",6.06,86.85,9.89,6.58
"2022-03-15 16:00:00",7.07,84.24,11.75,7.8
"2022-03-15 17:00:00",6.87,85.39,9.98,7.26
"2022-03-15 18:00:00",10.06,83.43,10.76,8.97
"2022-03-15 19:00:00",13.33,76.99,13.47,11.53
"2022-03-15 20:00:00",14.97,80.55,8.86,6.45
"2022-03-15 21:00:00",15.06,82.93,9.34,6.81
"2022-03-15 22:00:00",17.02,73.97,10.85,8.24
"2022-03-15 23:00:00",14.57,70.81,17.59,15.32
"2022-03-16 00:00:00",9.37,73.21,9.05,6.75
"2022-03-16 01:00:00",9,80.28,7.83,4.89
"2022-03-16 02:00:00",6.66,78.94,9.52,5.46
"2022-03-16 03:00:00",6.03,71.99,13.32,6.34
"2022-03-16 04:00:00",9.15,55.89,11.94,6.37
"2022-03-16 05:00:00",25.11,40.23,16.13,7.85
"2022-03-16 06:00:00",14.85,38.39,13.17,7.65
"2022-03-16 07:00:00",25.7,22.98,10.36,7.03
"2022-03-16 08:00:00",37.07,14.05,10.47,7.17
"2022-03-16 09:00:00",44.71,13.64,12.26,8.28
"2022-03-16 10:00:00",46.64,22.41,16.24,8.65
"2022-03-16 11:00:00",19.08,63.81,18.21,9.03
"2022-03-16 12:00:00",13.03,91.1,14.15,5.76
"2022-03-16 13:00:00",9.99,92.13,12.81,5.07
"2022-03-16 14:00:00",7.56,93.39,12.01,4.94
"2022-03-16 15:00:00",11.08,88.57,12.61,4.83
"2022-03-16 16:00:00",11.95,87.64,13.72,5.39
"2022-03-16 17:00:00",27.5,69.56,16.96,6.42
"2022-03-16 18:00:00",24.73,71.03,20.48,7.16
"2022-03-16 19:00:00",17.67,69.24,12.67,8.37
"2022-03-16 20:00:00",17.85,65.38,17.8,15.3
"2022-03-16 21:00:00",25.64,54.39,25.61,22.01
"2022-03-16 22:00:00",27.92,46.99,29.24,24.38
"2022-03-16 23:00:00",23.59,42.28,43.48,38.64
"2022-03-17 00:00:00",10.29,56.66,20.98,18.2
"2022-03-17 01:00:00",5.88,61,11.71,9.33
"2022-03-17 02:00:00",3.28,68.18,9.25,6.77
"2022-03-17 03:00:00",1.75,72.9,4.98,3.22
"2022-03-17 04:00:00",1.04,75.52,5.66,3.11
"2022-03-17 05:00:00",0.74,79.11,5.9,3.21
"2022-03-17 06:00:00",1.43,79.8,6.25,3.15
"2022-03-17 07:00:00",1.42,81.14,5.53,2.97
"2022-03-17 08:00:00",2.01,80.27,4.37,2.57
"2022-03-17 09:00:00",4.35,79.59,6.58,4.05
"2022-03-17 10:00:00",2.91,90.37,13.74,9.03
"2022-03-17 11:00:00",7.04,86.98,19.86,10.8
"2022-03-17 12:00:00",8.53,91.14,17.6,9.54
"2022-03-17 13:00:00",7.23,93.09,17.24,8.94
"2022-03-17 14:00:00",10.13,93.14,23.56,10.39
"2022-03-17 15:00:00",7.11,100.2,23.88,11.45
"2022-03-17 16:00:00",6.71,98.14,16.89,8.65
"2022-03-17 17:00:00",18.39,82.66,25.99,11.72
"2022-03-17 18:00:00",8.17,94.71,25.16,13.1
"2022-03-17 19:00:00",21.82,76.48,36.95,17.95
"2022-03-17 20:00:00",40.24,50.37,51,23.41
"2022-03-17 21:00:00",46.11,40.54,70.63,48.86
"2022-03-17 22:00:00",48.3,33.96,109.17,91.59
"2022-03-17 23:00:00",34.13,36.36,63.02,48.54
"2022-03-18 00:00:00",34.9,33.83,55.96,42.39
"2022-03-18 01:00:00",14.76,44.28,36.88,25.64
"2022-03-18 02:00:00",16.12,39.05,32.61,22.19
"2022-03-18 03:00:00",11.66,41.84,30.87,21.41
"2022-03-18 04:00:00",10.91,39.15,28.15,18.91
"2022-03-18 05:00:00",6.66,45.15,23.72,15.74
"2022-03-18 06:00:00",8,44,19.71,13.16
"2022-03-18 07:00:00",16.36,41.18,19.11,12.28
"2022-03-18 08:00:00",22.47,40.96,17.74,10.87
"2022-03-18 09:00:00",9.19,61.27,14.52,8.82
"2022-03-18 10:00:00",7.58,68.34,12.65,7.75
"2022-03-18 11:00:00",1.78,91.9,9.82,6.14
"2022-03-18 12:00:00",1.75,95.49,9.96,6.54
"2022-03-18 13:00:00",1.59,100.42,10.37,6.48
"2022-03-18 14:00:00",1.42,104.79,9.95,6.36
"2022-03-18 15:00:00",1.7,103.7,10.31,5.8
"2022-03-18 16:00:00",1.69,103.96,9.84,6.22
"2022-03-18 17:00:00",2.26,98.33,8.09,5.68
"2022-03-18 18:00:00",3.74,94.05,13.48,10.77
"2022-03-18 19:00:00",5.02,92.71,12.95,10.42
"2022-03-18 20:00:00",10.28,80.22,20.33,17.23
"2022-03-18 21:00:00",17.36,68.67,19.49,16.16
"2022-03-18 22:00:00",11.58,78.64,12.76,9.63
"2022-03-18 23:00:00",8.2,80.63,11.76,8.32
"2022-03-19 00:00:00",4.39,85.55,9.41,6.92
"2022-03-19 01:00:00",4.49,84.12,10.37,7.69
"2022-03-19 02:00:00",3.13,80.88,10.45,7.86
"2022-03-19 03:00:00",4.86,76.16,11.31,8.72
"2022-03-19 04:00:00",5.81,75.05,12.13,8.99
"2022-03-19 05:00:00",5.81,74.04,12.24,9.05
"2022-03-19 06:00:00",17.93,63.58,12.94,9.75
"2022-03-19 07:00:00",7.79,73.51,16.38,12.32
"2022-03-19 08:00:00",8.26,75.38,17.72,12.83
"2022-03-19 09:00:00",8.58,76.06,16.13,11.57
"2022-03-19 10:00:00",6.48,80.31,17.8,13.45
"2022-03-19 11:00:00",5.81,85.37,19.25,13.89
"2022-03-19 12:00:00",5.77,93.63,24.31,16.35
"2022-03-19 13:00:00",7.91,92.7,23.08,15.99
"2022-03-19 14:00:00",6.04,100.75,24.8,18.12
"2022-03-19 15:00:00",6.8,102.58,27.58,20.84
"2022-03-19 16:00:00",6.51,104.39,28.22,21.97
"2022-03-19 17:00:00",7.3,104.64,28.9,23.6
"2022-03-19 18:00:00",7.68,108.73,32.23,25.49
"2022-03-19 19:00:00",8.61,106.83,34.27,27.69
"2022-03-19 20:00:00",9.11,103.62,41.48,34.79
"2022-03-19 21:00:00",7.52,101.88,41.35,34.07
"2022-03-19 22:00:00",5.85,106.57,40.94,33.52
"2022-03-19 23:00:00",4.78,105.27,41.9,34.75
"2022-03-20 00:00:00",4.6,103.42,41.33,35.09
"2022-03-20 01:00:00",4.37,102.17,41.81,34.98
"2022-03-20 02:00:00",6.48,88.61,41.18,33.61
"2022-03-20 03:00:00",5.29,88.34,39.78,31.57
"2022-03-20 04:00:00",4.17,89.08,35.08,27.12
"2022-03-20 05:00:00",3.97,83.11,30.47,21.52
"2022-03-20 06:00:00",5.13,74.47,29.7,21.32
"2022-03-20 07:00:00",5.63,69.64,30.59,21.27
"2022-03-20 08:00:00",6.14,64.76,31.28,21.35
"2022-03-20 09:00:00",7.64,62,30.8,20.89
"2022-03-20 10:00:00",8.33,60.62,29.22,19.24
"2022-03-20 11:00:00",11.87,56.27,28.67,18.3
"2022-03-20 12:00:00",12.92,56.78,28.84,18.5
"2022-03-20 13:00:00",10.92,62.09,28.56,18.08
"2022-03-20 14:00:00",10.72,64.51,31.78,20.31
"2022-03-20 15:00:00",8.48,69.15,32.39,21.52
"2022-03-20 16:00:00",6.74,74.39,34.34,25
"2022-03-20 17:00:00",6.72,76.37,35.87,26.43
"2022-03-20 18:00:00",7.05,77.81,35.35,26.78
"2022-03-20 19:00:00",10.81,74.07,43.97,35.26
"2022-03-20 20:00:00",14.29,64.15,34.88,24.35
"2022-03-20 21:00:00",20.08,54.94,27.54,18.64
"2022-03-20 22:00:00",23.37,49.19,27.24,19.18
"2022-03-20 23:00:00",21.68,49.12,26.41,18.9
"2022-03-21 00:00:00",12.39,57.61,26.31,19.51
"2022-03-21 01:00:00",7.78,64.91,27.71,20.86
"2022-03-21 02:00:00",4.92,76.13,35.31,25.98
"2022-03-21 03:00:00",4.13,74.3,29.54,21.57
"2022-03-21 04:00:00",3.44,72.8,26.88,19.08
"2022-03-21 05:00:00",4.01,67.9,22.63,15.32
"2022-03-21 06:00:00",38.45,37.88,22.15,15.11
"2022-03-21 07:00:00",47.77,33.91,20.86,14.07
"2022-03-21 08:00:00",16.97,59.64,19.79,13.09
"2022-03-21 09:00:00",20.51,54.28,21.67,14.28
"2022-03-21 10:00:00",15.96,61.44,23.83,16.59
"2022-03-21 11:00:00",8.79,73.17,27.07,18.07
"2022-03-21 12:00:00",6.13,81.44,25.47,18.53
"2022-03-21 13:00:00",4.03,92.05,25.62,17.9
"2022-03-21 14:00:00",4.54,94.43,23.05,16.08
"2022-03-21 15:00:00",6.48,93.37,25.03,15.6
"2022-03-21 16:00:00",7.13,94.64,25.55,16.44
"2022-03-21 17:00:00",11.5,86.15,29.17,20.68
"2022-03-21 18:00:00",14.15,81.67,32.56,23.82
"2022-03-21 19:00:00",13.04,80.89,35.1,27.75
"2022-03-21 20:00:00",18.63,70.79,39.87,31.18
"2022-03-21 21:00:00",31.72,55.18,40.96,33.19
"2022-03-21 22:00:00",24.08,60.84,40.33,30.91
"2022-03-21 23:00:00",10.38,77.46,28.4,20.76
"2022-03-22 00:00:00",8.93,70.55,20.55,15.29
"2022-03-22 01:00:00",6.15,79.95,17.58,11.74
"2022-03-22 02:00:00",2.9,87.22,12.59,8.34
"2022-03-22 03:00:00",2.35,84.54,12.86,8.68
"2022-03-22 04:00:00",2.62,83.52,12.57,8.61
"2022-03-22 05:00:00",3.01,81.83,14.05,9.79
"2022-03-22 06:00:00",22.54,58.52,18.97,14.65
"2022-03-22 07:00:00",35.14,45.65,22.89,17.82
"2022-03-22 08:00:00",32.51,48.36,23.55,17.99
"2022-03-22 09:00:00",17.99,62.84,23.53,17.6
"2022-03-22 10:00:00",16.8,60.98,25.56,18.75
"2022-03-22 11:00:00",9.75,66.43,23.54,17.74
"2022-03-22 12:00:00",6.85,76.59,21.51,15
"2022-03-22 13:00:00",8.21,75.44,18.07,13.27
"2022-03-22 14:00:00",7.12,82.61,18.88,13.71
"2022-03-22 15:00:00",6.97,90.51,18.41,11.37
"2022-03-22 16:00:00",4.97,98.05,17.62,10.53
"2022-03-22 17:00:00",9.08,90.54,20.01,13.21
"2022-03-22 18:00:00",14.4,86.17,22.88,16.35
"2022-03-22 19:00:00",15.11,86.82,28.14,21.32
"2022-03-22 20:00:00",24.65,75.56,29.69,23.57
"2022-03-22 21:00:00",39.87,60.77,31.56,24.27
"2022-03-22 22:00:00",16.5,83.45,27.81,21.13
"2022-03-22 23:00:00",11.93,90.31,26.39,19.11
"2022-03-23 00:00:00",6.45,96.55,23.44,16.76
"2022-03-23 01:00:00",3.58,96.08,22.9,17.2
"2022-03-23 02:00:00",3.11,99.63,22.86,16.5
"2022-03-23 03:00:00",3.05,98.56,22.9,16.5
"2022-03-23 04:00:00",3.21,96.06,22.71,16.83
"2022-03-23 05:00:00",8.78,89.29,21.97,16.26
"2022-03-23 06:00:00",63,35.83,22.47,16.81
"2022-03-23 07:00:00",56.86,41.51,22.43,17
"2022-03-23 08:00:00",39,56.54,23.7,16.73
"2022-03-23 09:00:00",27.72,68.58,25.65,17.36
"2022-03-23 10:00:00",15.95,80.05,23.78,17.09
"2022-03-23 11:00:00",7.68,92.24,21.81,15.82
"2022-03-23 12:00:00",8.87,93.52,22.51,15.85
"2022-03-23 13:00:00",4.16,109.93,19.81,12.45
"2022-03-23 14:00:00",3.54,112.73,18.52,11.59
"2022-03-23 15:00:00",3.79,113.74,17.25,11.33
"2022-03-23 16:00:00",3.75,114.05,18.02,11.23
"2022-03-23 17:00:00",4.75,112.24,18.42,12.33
"2022-03-23 18:00:00",6.42,106.8,21.47,15.43
"2022-03-23 19:00:00",10.26,96.56,27.28,19.98
"2022-03-23 20:00:00",13.11,89.8,32.46,25.83
"2022-03-23 21:00:00",9.81,88.9,30.73,22.83
"2022-03-23 22:00:00",9.67,86.06,33.35,26.04
"2022-03-23 23:00:00",11.39,84.14,30.17,23.86
"2022-03-24 00:00:00",8.73,83.59,29.97,23.43
"2022-03-24 01:00:00",16.97,68.54,32.76,26.74
"2022-03-24 02:00:00",23.69,49.52,40.99,34.09
"2022-03-24 03:00:00",4.6,81.13,28.69,23.66
"2022-03-24 04:00:00",3.2,80.63,19.18,17.75
"2022-03-24 05:00:00",2.77,78.4,15,14.62
"2022-03-24 06:00:00",7.55,69,15.44,15.03
"2022-03-24 07:00:00",17.23,53.53,14.95,14.42
"2022-03-24 08:00:00",19.64,53.87,15.02,14.21
"2022-03-24 09:00:00",11.64,69.19,14.7,12.86
"2022-03-24 10:00:00",18.62,60.53,20.38,14.99
"2022-03-24 11:00:00",21.05,57.7,24.2,16.82
"2022-03-24 12:00:00",20.72,62.62,31.07,20.2
"2022-03-24 13:00:00",17.22,63.22,44.95,29.88
"2022-03-24 14:00:00",20.29,65.14,34.97,27.87
"2022-03-24 15:00:00",17.06,72.82,28.44,24.12
"2022-03-24 16:00:00",13.64,84.65,23.21,18.33
"2022-03-24 17:00:00",15.53,87.2,16.48,13.01
"2022-03-24 18:00:00",13.64,84.05,15.01,11.22
"2022-03-24 19:00:00",20.75,70.96,17.99,13.97
"2022-03-24 20:00:00",27.64,54.68,28.75,25.02
"2022-03-24 21:00:00",39.59,38.72,37.96,34.48
"2022-03-24 22:00:00",62.01,22.94,132.22,123.66
"2022-03-24 23:00:00",37.03,33.07,60.43,55.57
"2022-03-25 00:00:00",15.51,48.96,20.54,18.08
"2022-03-25 01:00:00",17.61,39.86,21.98,19.16
"2022-03-25 02:00:00",21.51,25.82,28.02,25.01
"2022-03-25 03:00:00",19.14,22.48,28.67,27
"2022-03-25 04:00:00",15.58,25.5,23.46,22.4
"2022-03-25 05:00:00",10.53,31.39,22.86,22.13
"2022-03-25 06:00:00",18.06,26.05,20.52,19.52
"2022-03-25 07:00:00",15.61,29.37,16.82,16.25
"2022-03-25 08:00:00",22.21,23.56,17.25,16.06
"2022-03-25 09:00:00",27.81,27.06,23.46,18.31
"2022-03-25 10:00:00",24.76,28.34,24.19,16.74
"2022-03-25 11:00:00",28.62,36.29,23.03,15.73
"2022-03-25 12:00:00",30.68,45.4,27.79,17.87
"2022-03-25 13:00:00",24.97,72.67,25.39,17.06
"2022-03-25 14:00:00",21.56,92.02,24.14,16.08
"2022-03-25 15:00:00",16.5,116.61,27.84,18.51
"2022-03-25 16:00:00",7.85,138.21,31.45,21.69
"2022-03-25 17:00:00",6.54,131.29,27.82,20.68
"2022-03-25 18:00:00",24.1,108.7,33.14,21.6
"2022-03-25 19:00:00",21.72,103.7,28.9,18.03
"2022-03-25 20:00:00",28.28,91.46,33.27,23.73
"2022-03-25 21:00:00",27.68,85.62,35.6,27.06
"2022-03-25 22:00:00",26.66,76.75,38.52,29.03
"2022-03-25 23:00:00",41.35,52.18,39.82,32.59
"2022-03-26 00:00:00",52.53,36.57,38.31,32.12
"2022-03-26 01:00:00",50.64,30.57,52.91,46.6
"2022-03-26 02:00:00",16.82,56.35,32.32,26.95
"2022-03-26 03:00:00",12.16,58.35,31.35,25.06
"2022-03-26 04:00:00",11.75,58.33,31.02,24.63
"2022-03-26 05:00:00",10.05,56,29.55,24.38
"2022-03-26 06:00:00",37.71,27.5,29.83,24.16
"2022-03-26 07:00:00",20.46,53.79,31.97,24.69
"2022-03-26 08:00:00",21.31,61.93,42.6,27.61
"2022-03-26 09:00:00",20.79,71.77,36.88,28.09
"2022-03-26 10:00:00",24.09,79.06,39.01,28.78
"2022-03-26 11:00:00",11.54,106.49,44.11,32.25
"2022-03-26 12:00:00",8.19,122.74,40.73,27.34
"2022-03-26 13:00:00",5.95,131.2,38.43,24.98
"2022-03-26 14:00:00",6.07,129.2,29.75,16.59
"2022-03-26 15:00:00",5.82,125.99,28.38,15.42
"2022-03-26 16:00:00",4.5,126.34,22.88,10.45
"2022-03-26 17:00:00",6.49,126.34,22.29,11.58
"2022-03-26 18:00:00",8.43,119.47,26.05,14.82
"2022-03-26 19:00:00",14.61,108.07,29.2,16.19
"2022-03-26 20:00:00",61.75,54.05,37.31,23.22
"2022-03-26 21:00:00",62.85,54.54,56.19,40.42
"2022-03-26 22:00:00",34.87,73.35,43.94,32.82
"2022-03-26 23:00:00",31.09,86.35,49.43,38.21
"2022-03-27 00:00:00",23.74,89.36,42.82,32.64
"2022-03-27 02:00:00",14.43,90.85,40.83,30.61
"2022-03-27 03:00:00",10.88,90.48,39.59,31.48
"2022-03-27 04:00:00",9.92,90.28,39.02,30.18
"2022-03-27 05:00:00",8.23,87.74,37.13,29.42
"2022-03-27 06:00:00",7.44,88.85,38.25,30.63
"2022-03-27 07:00:00",16.4,71.49,39.65,31.6
"2022-03-27 08:00:00",30.61,58.53,40.26,32.33
"2022-03-27 09:00:00",19.39,73.56,38.02,31.45
"2022-03-27 10:00:00",13.67,82.75,36.1,29.31
"2022-03-27 11:00:00",9.52,101.53,30.76,24.37
"2022-03-27 12:00:00",5.01,117.89,29.05,22.56
"2022-03-27 13:00:00",5.43,125.33,30.27,23.08
"2022-03-27 14:00:00",5.99,123.01,23.96,19.08
"2022-03-27 15:00:00",5.05,122.06,19.47,15.49
"2022-03-27 16:00:00",5.27,125.32,17.75,12.49
"2022-03-27 17:00:00",5.13,127.57,21.25,14.25
"2022-03-27 18:00:00",6.39,135.26,38.64,26.3
"2022-03-27 19:00:00",14.04,124.45,52.66,37.43
"2022-03-27 20:00:00",35.67,92.8,56.54,42.13
"2022-03-27 21:00:00",17.25,107.82,52.79,41.18
"2022-03-27 22:00:00",40.28,80.38,44.78,35.92
"2022-03-27 23:00:00",45.27,63.85,54.16,44.62
"2022-03-28 00:00:00",25.23,75.98,48.97,39.07
"2022-03-28 01:00:00",18.09,73.35,40.46,31.58
"2022-03-28 02:00:00",14.03,73.66,40.6,32.44
"2022-03-28 03:00:00",13.04,65.72,37.15,29.85
"2022-03-28 04:00:00",18.05,59.73,32.1,26.63
"2022-03-28 05:00:00",42.35,38.32,29.02,24.27
"2022-03-28 06:00:00",36.86,40.23,31.09,25.31
"2022-03-28 07:00:00",38.68,37.34,31.72,24.13
"2022-03-28 08:00:00",47.38,37.03,40.5,25.86
"2022-03-28 09:00:00",32.88,61.57,36.81,22.59
"2022-03-28 10:00:00",17.02,76.71,29.77,19.22
"2022-03-28 11:00:00",19.57,85.44,27.16,19.19
"2022-03-28 12:00:00",14.8,106.6,29.47,20.62
"2022-03-28 13:00:00",7.25,130.3,29.83,21.46
"2022-03-28 14:00:00",4.87,150.44,30.08,20.36
"2022-03-28 15:00:00",6.97,151.31,31.7,20.7
"2022-03-28 16:00:00",5.66,155.32,29.97,20.52
"2022-03-28 17:00:00",4.14,159.9,30.39,20.61
"2022-03-28 18:00:00",4.92,154.88,29.91,21.27
"2022-03-28 19:00:00",13.99,133.54,37.41,25.78
"2022-03-28 20:00:00",21.24,108.39,47.5,35.61
"2022-03-28 21:00:00",29.86,92.19,57.26,46.71
"2022-03-28 22:00:00",54.79,58.87,64.5,52.08
"2022-03-28 23:00:00",30.84,79.8,53.41,41.93
"2022-03-29 00:00:00",19.41,83.62,39.91,30.9
"2022-03-29 01:00:00",16.52,80.61,36.97,28.32
"2022-03-29 02:00:00",18.37,68.44,37.89,30.39
"2022-03-29 03:00:00",9.45,75.15,32.97,26.01
"2022-03-29 04:00:00",8.11,75.74,32.62,25.51
"2022-03-29 05:00:00",15.58,64.37,28.82,22.95
"2022-03-29 06:00:00",25.63,45.67,30.32,24.19
"2022-03-29 07:00:00",34.46,43,35.96,25.54
"2022-03-29 08:00:00",40.08,43.73,43.2,29.85
"2022-03-29 09:00:00",43.56,47.23,41.8,29.76
"2022-03-29 10:00:00",45.55,51.71,72.88,35.22
"2022-03-29 11:00:00",46.06,68.47,68.22,33.67
"2022-03-29 12:00:00",34.23,92.22,55.77,30.72
"2022-03-29 13:00:00",19.9,130.53,42.89,27.57
"2022-03-29 14:00:00",10.88,176.02,27.48,19.27
"2022-03-29 15:00:00",11.92,181.17,23.79,16.68
"2022-03-29 16:00:00",13.86,175.7,23.11,15.27
"2022-03-29 17:00:00",13.15,171.94,21.77,14.59
"2022-03-29 18:00:00",15.03,163.81,20.45,14.39
"2022-03-29 19:00:00",19.21,158.35,26.24,16.98
"2022-03-29 20:00:00",21.04,151.19,31.97,21.58
"2022-03-29 21:00:00",29.37,133.13,35.37,25.38
"2022-03-29 22:00:00",32.21,122.62,46.71,36.73
"2022-03-29 23:00:00",34.92,104.32,52.45,43.78
"2022-03-30 00:00:00",11.28,149.09,36.01,27.76
"2022-03-30 01:00:00",11.04,140.54,37.34,28.81
"2022-03-30 02:00:00",6.75,136.8,36.27,27.7
"2022-03-30 03:00:00",12.32,127.08,34.46,26.82
"2022-03-30 04:00:00",10.14,125.01,31.65,25.26
"2022-03-30 05:00:00",20.98,97.96,33.56,27.07
"2022-03-30 06:00:00",19.36,99.24,28.27,25.22
"2022-03-30 07:00:00",23.43,100.47,20.75,17.41
"2022-03-30 08:00:00",48.19,78.91,28.29,19.78
"2022-03-30 09:00:00",53.07,78.95,34.64,24.16
"2022-03-30 10:00:00",45.08,93.98,42.67,26.5
"2022-03-30 11:00:00",19.61,141.06,32.04,21.51
"2022-03-30 12:00:00",10.9,163.65,27.77,18.94
"2022-03-30 13:00:00",14.75,128.2,38.94,27.72
"2022-03-30 14:00:00",14.83,106.92,53.33,38.45
"2022-03-30 15:00:00",14.81,112.87,38.5,32.95
"2022-03-30 15:01:00",,
"2022-03-30 16:00:00",13.95,,27.8,20.88
"2022-03-30 16:01:00",,
"2022-03-30 17:00:00",16.96,,23.83,16.62
"2022-03-30 18:00:00",13.29,,22.09,13.61
"2022-03-30 19:00:00",9.89,,13.45,7.02
"2022-03-30 20:00:00",9.82,,11.14,6.76
"2022-03-30 21:00:00",10.15,,12.19,7.69
"2022-03-30 22:00:00",6.72,,8.28,5.75
"2022-03-30 23:00:00",5.5,,7.91,5.03
"2022-03-31 00:00:00",5.37,,7.04,4.59
"2022-03-31 01:00:00",4,,7.99,5.24
"2022-03-31 02:00:00",4.18,,7.96,5.32
"2022-03-31 03:00:00",3.23,,7.72,5.52
"2022-03-31 04:00:00",12.55,,8.39,6.34
"2022-03-31 05:00:00",14.2,,7.41,5.19
"2022-03-31 06:00:00",6.41,,7.24,4.67
"2022-03-31 07:00:00",17.15,,7.88,4.38
"2022-03-31 08:00:00",26.07,,12.98,5.33
"2022-03-31 09:00:00",14.61,,10.95,4.4
"2022-03-31 10:00:00",8.05,,11.69,3.65
"2022-03-31 11:00:00",9.66,,15.82,3.64
"2022-03-31 12:00:00",8.42,,9.36,2.78
"2022-03-31 13:00:00",7.07,,6.06,2.21
"2022-03-31 14:00:00",8.55,,6.63,2.62
"2022-03-31 15:00:00",12.09,,7.15,2.69
"2022-03-31 16:00:00",11.95,,11.96,3.9
"2022-03-31 17:00:00",13.98,,10.28,3.92
"2022-03-31 18:00:00",13.72,,9.98,6.01
"2022-03-31 19:00:00",12.86,,10.63,5.83
"2022-03-31 20:00:00",14.12,,14.89,10.09
"2022-03-31 21:00:00",10.84,,10.67,6.77
"2022-03-31 22:00:00",9.35,,9.37,5.99
"2022-03-31 23:00:00",7.32,,9.09,5.78
"2022-04-01 00:00:00",6.07,,8.47,5.55
"2022-04-01 01:00:00",5.8,,8.7,5.96
"2022-04-01 02:00:00",4.98,,7.19,4.83
"2022-04-01 03:00:00",3.59,,6.54,4.14
"2022-04-01 04:00:00",11.01,,8.38,4.15
"2022-04-01 05:00:00",17.22,,9.41,5.38
"2022-04-01 06:00:00",28.91,,11.1,6.13
"2022-04-01 07:00:00",45.11,,15.46,8.13
"2022-04-01 08:00:00",46.95,,17.02,6.51
"2022-04-01 09:00:00",20.52,,12.42,4.52
"2022-04-01 10:00:00",9.02,,9.14,3.8
"2022-04-01 11:00:00",12.68,,9.76,3.66
"2022-04-01 12:00:00",9.1,,6.55,2.95
"2022-04-01 13:00:00",8.33,,5.52,2.59
"2022-04-01 14:00:00",10.88,,9.09,3.07
"2022-04-01 15:00:00",11.25,,9,2.9
"2022-04-01 16:00:00",11.59,,7.89,2.92
"2022-04-01 17:00:00",11.46,,7.3,3.01
"2022-04-01 18:00:00",9.39,,7.57,3.2
"2022-04-01 19:00:00",11.21,,7.89,4.76
"2022-04-01 20:00:00",13.25,,7.37,4.55
"2022-04-01 21:00:00",15.75,,8.79,6.22
"2022-04-01 22:00:00",15.9,,7.86,5.72
"2022-04-01 23:00:00",13.69,,7.84,5
"2022-04-02 00:00:00",9.01,,6.63,4.57
"2022-04-02 01:00:00",7.55,,5.74,4.03
"2022-04-02 02:00:00",5.78,,4.99,3.43
"2022-04-02 03:00:00",3.87,,5.11,3.22
"2022-04-02 04:00:00",4.38,,3.96,2.38
"2022-04-02 05:00:00",12.32,,6.21,4.51
"2022-04-02 06:00:00",20.17,,6.66,4.06
"2022-04-02 07:00:00",26.98,,8.24,5.02
"2022-04-02 08:00:00",31.22,,12.18,6.41
"2022-04-02 09:00:00",11.75,,4.07,1.54
"2022-04-02 10:00:00",8.7,,4.92,1.76
"2022-04-02 11:00:00",10.58,,5.1,1.78
"2022-04-02 12:00:00",10.4,,5.77,2.28
"2022-04-02 13:00:00",9.91,,4.44,2.15
"2022-04-02 14:00:00",8.66,,4.68,2
"2022-04-02 15:00:00",9.04,,5.69,2.37
"2022-04-02 16:00:00",12.51,,6.19,3.71
"2022-04-02 17:00:00",12.24,,5.45,3.47
"2022-04-02 18:00:00",15.57,,6.72,5.05
"2022-04-02 19:00:00",19.67,,12.78,11.01
"2022-04-02 20:00:00",24.42,,13.86,11.32
"2022-04-02 21:00:00",28.4,,17.83,14.83
"2022-04-02 22:00:00",18.33,,12.68,8.64
"2022-04-02 23:00:00",20.11,,18.84,15.77
"2022-04-03 00:00:00",14.36,,17.93,15.66
"2022-04-03 01:00:00",11.79,,16.6,14.88
"2022-04-03 02:00:00",20.78,,19.31,17.31
"2022-04-03 03:00:00",13.63,,13.33,11.63
"2022-04-03 04:00:00",13.37,,9.88,8.41
"2022-04-03 05:00:00",10.27,,10.75,9.58
"2022-04-03 06:00:00",16.34,,10.68,9.33
"2022-04-03 07:00:00",12.65,,11.85,10.5
"2022-04-03 08:00:00",10.41,,13.27,12.49
"2022-04-03 09:00:00",9.53,,15.64,14.96
"2022-04-03 10:00:00",10.81,,13.63,12
"2022-04-03 11:00:00",9.61,,10.39,8.14
"2022-04-03 12:00:00",6.22,,8.54,5.13
"2022-04-03 13:00:00",5.42,,5.53,3.33
"2022-04-03 14:00:00",6.36,,5.15,3.03
"2022-04-03 15:00:00",6.73,,6.01,3.1
"2022-04-03 16:00:00",6.34,,4.95,2.5
"2022-04-03 17:00:00",7.24,,6.13,3.31
"2022-04-03 18:00:00",9,,8.37,5.26
"2022-04-03 19:00:00",10.5,,7.74,5.21
"2022-04-03 20:00:00",15.28,,6.15,4.71
"2022-04-03 21:00:00",7.32,,4.65,4.12
"2022-04-03 22:00:00",12.7,,4.07,3.27
"2022-04-03 23:00:00",6.76,,3.05,2.5
"2022-04-04 00:00:00",3.97,,1.68,1.18
"2022-04-04 01:00:00",3.52,,2.41,1.47
"2022-04-04 02:00:00",2.42,,3.97,2.53
"2022-04-04 03:00:00",2.5,,3.29,2.14
"2022-04-04 04:00:00",2.06,,6.53,4.07
"2022-04-04 05:00:00",3.11,,6.94,3.94
"2022-04-04 06:00:00",5.39,,4.9,3.04
"2022-04-04 07:00:00",13.24,,29.99,6.66
"2022-04-04 08:00:00",26.52,,15.92,3.75
"2022-04-04 09:00:00",15.35,,32.88,5.69
"2022-04-04 10:00:00",8.84,,9.94,2.63
"2022-04-04 11:00:00",8.02,,6.22,3.12
"2022-04-04 12:00:00",7.69,,7.53,3.14
"2022-04-04 13:00:00",6.52,,7.63,3.82
"2022-04-04 14:00:00",7.46,,15.44,5.53
"2022-04-04 15:00:00",11.09,,33.14,6.71
"2022-04-04 16:00:00",11.81,,25.71,7.03
"2022-04-04 17:00:00",13.39,,16.15,6.71
"2022-04-04 18:00:00",8.65,,10.01,6.74
"2022-04-04 19:00:00",7.5,,17.16,10.5
"2022-04-04 20:00:00",6.65,,20.02,11.91
"2022-04-04 21:00:00",7.11,,22.96,13.05
"2022-04-04 22:00:00",5.22,,22.62,12.34
"2022-04-04 23:00:00",3.26,,21.18,11.88
"2022-04-05 00:00:00",2.71,,19.87,10.7
"2022-04-05 01:00:00",2.09,,18.38,9.74
"2022-04-05 02:00:00",2.16,,18.65,9.55
"2022-04-05 03:00:00",2.17,,17.78,8.91
"2022-04-05 04:00:00",1.94,,7.96,4.24
"2022-04-05 05:00:00",2.81,,7.39,3.28
"2022-04-05 06:00:00",7.07,,6.48,3.33
"2022-04-05 07:00:00",16.58,,36.7,7.76
"2022-04-05 08:00:00",18.09,,16.68,5.42
"2022-04-05 09:00:00",15.38,,16.69,6.15
"2022-04-05 10:00:00",10.94,,13.76,5.18
"2022-04-05 11:00:00",12.42,,11.66,4.12
"2022-04-05 12:00:00",10.53,,9.51,3.98
"2022-04-05 13:00:00",8.79,,12.52,4.62
"2022-04-05 14:00:00",12.98,,16.59,5.56
"2022-04-05 15:00:00",18.79,,16.51,5.75
"2022-04-05 16:00:00",15.91,,13.63,4.81
"2022-04-05 17:00:00",6.8,,8.69,5.78
"2022-04-05 18:00:00",6.04,,6.94,5.94
"2022-04-05 19:00:00",10.87,,7.3,6.1
"2022-04-05 20:00:00",18.79,,8.16,4.94
"2022-04-05 21:00:00",15.6,,12.21,7.4
"2022-04-05 22:00:00",12.34,,11.89,6.6
"2022-04-05 23:00:00",10.67,,11.67,6.06
"2022-04-06 00:00:00",8.25,,6.56,3.57
"2022-04-06 01:00:00",14.83,,7.93,3.36
"2022-04-06 02:00:00",15.75,,10,4.28
"2022-04-06 03:00:00",1.64,,10.79,4.7
"2022-04-06 04:00:00",1.38,,6.35,3.03
"2022-04-06 05:00:00",2.29,,6.2,2.97
"2022-04-06 06:00:00",9.62,,4.04,1.8
"2022-04-06 07:00:00",3.96,,3.47,2.19
"2022-04-06 08:00:00",8.72,,3.92,2.3
"2022-04-06 09:00:00",15.76,,5.19,2.39
"2022-04-06 10:00:00",17.85,,8,3.55
"2022-04-06 11:00:00",11.02,,12.02,5.07
"2022-04-06 12:00:00",8.74,,13.53,5.46
"2022-04-06 13:00:00",8.02,,17.64,7.21
"2022-04-06 14:00:00",8.86,,17.44,6.55
"2022-04-06 15:00:00",13.35,,20.85,6.98
"2022-04-06 16:00:00",14.23,,11.98,5.73
"2022-04-06 17:00:00",10.91,,10.88,5.53
"2022-04-06 18:00:00",7.85,,12.23,6.05
"2022-04-06 19:00:00",7.27,,18.39,8.88
"2022-04-06 20:00:00",7.33,,21.77,10.64
"2022-04-06 21:00:00",6.27,,14.89,7.83
"2022-04-06 22:00:00",5.2,,13.41,6.44
"2022-04-06 23:00:00",3.45,,13.57,7
"2022-04-07 00:00:00",3.39,,14.22,7.18
"2022-04-07 01:00:00",3.28,,15.86,7.65
"2022-04-07 02:00:00",2.36,,15.52,8.03
"2022-04-07 03:00:00",1.84,,15.4,8.06
"2022-04-07 04:00:00",1.5,,10.02,5.28
"2022-04-07 05:00:00",2.15,,9.01,4.85
"2022-04-07 06:00:00",5.12,,10.8,4.94
"2022-04-07 07:00:00",19.03,,11.57,5.45
"2022-04-07 08:00:00",15.85,,9.4,4.5
"2022-04-07 09:00:00",15.94,,12.54,5.79
"2022-04-07 10:00:00",11.99,,12.17,5.03
"2022-04-07 11:00:00",10.92,,13.8,4.59
"2022-04-07 12:00:00",10.68,,12.65,3.71
"2022-04-07 13:00:00",10.66,,8.87,3.58
"2022-04-07 14:00:00",16.32,,9.84,3.94
"2022-04-07 15:00:00",11.83,,7.12,2.88
"2022-04-07 16:00:00",9.73,,5.02,2.24
"2022-04-07 17:00:00",12.96,,10.04,4.09
"2022-04-07 18:00:00",10.22,,8.89,4.63
"2022-04-07 19:00:00",13.62,,9.91,5.32
"2022-04-07 20:00:00",17.62,,14.73,10.32
"2022-04-07 21:00:00",23.63,,15.32,9.56
"2022-04-07 22:00:00",31.75,,20.7,15.92
"2022-04-07 23:00:00",40.11,,28.09,23.06
"2022-04-08 00:00:00",28.26,,29.21,23.86
"2022-04-08 01:00:00",25.53,,18.93,14.34
"2022-04-08 02:00:00",23.55,,17.57,14.09
"2022-04-08 03:00:00",16.8,,12.6,9.9
"2022-04-08 04:00:00",8.79,,8.43,6.38
"2022-04-08 05:00:00",26.37,,7.75,5.48
"2022-04-08 06:00:00",21.69,,13.76,5.73
"2022-04-08 07:00:00",32.11,,12.54,7.47
"2022-04-08 08:00:00",41.53,,28.7,9.67
"2022-04-08 09:00:00",19.35,,17.51,5.58
"2022-04-08 10:00:00",12.26,,7.93,3.13
"2022-04-08 11:00:00",13.25,,8,2.86
"2022-04-08 12:00:00",10.41,,7.98,2.79
"2022-04-08 13:00:00",8.65,,7.53,2.47
"2022-04-08 14:00:00",9.67,,8.07,2.71
"2022-04-08 15:00:00",9.49,,10.41,3.45
"2022-04-08 16:00:00",9.67,,8.17,3.02
"2022-04-08 17:00:00",10.73,,8.53,3.64
"2022-04-08 18:00:00",10.4,,6.71,3.21
"2022-04-08 19:00:00",11.75,,8.19,5.36
"2022-04-08 20:00:00",11.89,,12.24,9.24
"2022-04-08 21:00:00",16.35,,16.91,13.05
"2022-04-08 22:00:00",16.63,,12.31,8.73
"2022-04-08 23:00:00",11.91,,8.45,4.83
"2022-04-09 00:00:00",10.97,,9.21,5.49
"2022-04-09 01:00:00",11.13,,9.41,5.87
"2022-04-09 02:00:00",9.2,,8.6,5.08
"2022-04-09 03:00:00",10.73,,8.44,5.76
"2022-04-09 04:00:00",16.27,,10.57,7.61
"2022-04-09 05:00:00",13.18,,11.08,7.63
"2022-04-09 06:00:00",11.55,,8.57,5.66
"2022-04-09 07:00:00",25.23,,11.77,5.76
"2022-04-09 08:00:00",15.18,,10.18,5.52
"2022-04-09 09:00:00",15.36,,10.34,6.37
"2022-04-09 10:00:00",18.1,,18.54,7.23
"2022-04-09 11:00:00",9.81,,15.57,5.5
"2022-04-09 12:00:00",8.07,,8.49,3.45
"2022-04-09 13:00:00",3.41,,5.79,3.08
"2022-04-09 14:00:00",3.59,,5.48,3.05
"2022-04-09 15:00:00",1.75,,5.31,2.83
"2022-04-09 16:00:00",2.6,,5.53,3.07
"2022-04-09 17:00:00",3.56,,6.29,3.74
"2022-04-09 18:00:00",3.41,,6.74,4.78
"2022-04-09 19:00:00",8.21,,19.09,15.21
"2022-04-09 20:00:00",7.3,,13.3,10.31
"2022-04-09 21:00:00",7.11,,13.24,10.48
"2022-04-09 22:00:00",7.1,,10.23,7.64
"2022-04-09 23:00:00",10.92,,9.05,6.57
"2022-04-10 00:00:00",4.46,,6.62,4.38
"2022-04-10 01:00:00",3.75,,6.38,4.37
"2022-04-10 02:00:00",3.64,,6.33,4.14
"2022-04-10 03:00:00",2.73,,5.41,3.61
"2022-04-10 04:00:00",1.87,,5.66,3.52
"2022-04-10 05:00:00",2.1,,5.49,3.35
"2022-04-10 06:00:00",4.94,,6.93,3.79
"2022-04-10 07:00:00",1.82,,8.73,4.66
"2022-04-10 08:00:00",2.23,,8.47,4.87
"2022-04-10 09:00:00",2.21,,8.02,4.42
"2022-04-10 10:00:00",2.72,,9.05,4.91
"2022-04-10 11:00:00",2.87,,9.94,5.3
"2022-04-10 12:00:00",3.04,,10.99,6.02
"2022-04-10 13:00:00",3.32,,12.74,7.25
"2022-04-10 14:00:00",3.32,,13.16,8.09
"2022-04-10 15:00:00",2.96,,14.71,9.01
"2022-04-10 16:00:00",2.77,,14.24,8.75
"2022-04-10 17:00:00",3.35,,15.51,10.04
"2022-04-10 18:00:00",3.34,,15.48,10.7
"2022-04-10 19:00:00",4.86,,15.82,10.13
"2022-04-10 20:00:00",6.9,,16.95,10.66
"2022-04-10 21:00:00",4.35,,13.06,8.97
"2022-04-10 22:00:00",2.74,,8.51,5.39
"2022-04-10 23:00:00",2.52,,7.94,5.12
"2022-04-11 00:00:00",2.37,,7.83,5.03
"2022-04-11 01:00:00",1.85,,8.56,5.53
"2022-04-11 02:00:00",2.31,,10.86,6.37
"2022-04-11 03:00:00",2.15,,11.42,6.97
"2022-04-11 04:00:00",8.13,,13.17,7.16
"2022-04-11 05:00:00",33.53,,12.81,7.39
"2022-04-11 06:00:00",23.51,,13.27,7.92
"2022-04-11 07:00:00",15.02,,13.93,8.01
"2022-04-11 08:00:00",12.91,,14.43,7.68
"2022-04-11 09:00:00",12.53,,14.81,8.46
"2022-04-11 10:00:00",10.68,,13.75,8.74
"2022-04-11 11:00:00",8.13,,10.61,7.81
"2022-04-11 12:00:00",9.48,,10.6,7.53
"2022-04-11 13:00:00",10.52,,10.33,7.42
"2022-04-11 14:00:00",10.53,,21.49,12.45
"2022-04-11 15:00:00",5.58,,21.32,13.16
"2022-04-11 16:00:00",3.78,,13.36,8.95
"2022-04-11 17:00:00",4.37,,10.07,7.5
"2022-04-11 18:00:00",4.24,,13.14,9.23
"2022-04-11 19:00:00",6.49,,15.73,11.89
"2022-04-11 20:00:00",7.42,,14.97,12.06
"2022-04-11 21:00:00",6.03,,12.59,10.14
"2022-04-11 22:00:00",4.09,,13.59,10.32
"2022-04-11 23:00:00",2.72,,12.33,8.54
"2022-04-12 00:00:00",3.79,,10.64,7.36
"2022-04-12 01:00:00",2.6,,13.87,9.04
"2022-04-12 02:00:00",1.68,,16.34,10.15
"2022-04-12 03:00:00",1.55,,14.97,9.59
"2022-04-12 04:00:00",3.39,,17.19,11.07
"2022-04-12 05:00:00",18.96,,11.42,7.26
"2022-04-12 06:00:00",38.69,,11.39,7.84
"2022-04-12 07:00:00",32.27,,11.06,7.38
"2022-04-12 08:00:00",35.05,,11.82,7.92
"2022-04-12 09:00:00",33.07,,11.57,7.58
"2022-04-12 10:00:00",23.14,,11.41,7.74
"2022-04-12 11:00:00",19.96,,8.36,6.23
"2022-04-12 12:00:00",12.59,,6.37,4.55
"2022-04-12 13:00:00",7.81,,4.39,3.25
"2022-04-12 14:00:00",7.32,,3.36,2.13
"2022-04-12 15:00:00",10.26,,4.29,2.18
"2022-04-12 16:00:00",15.13,,5.2,3.32
"2022-04-12 17:00:00",19.91,,6.69,5.14
"2022-04-12 18:00:00",19.8,,9,7.4
"2022-04-12 19:00:00",19.81,,12.68,11.05
"2022-04-12 20:00:00",24.36,,12.96,10.35
"2022-04-12 21:00:00",23.65,,12,10.34
"2022-04-12 22:00:00",27.67,,15.51,13.9
"2022-04-12 23:00:00",31,,25.55,23.82
"2022-04-13 00:00:00",26.93,,25.21,23.5
"2022-04-13 01:00:00",23.39,,16.01,14.24
"2022-04-13 02:00:00",9.69,,11.71,10.71
"2022-04-13 03:00:00",8.77,,12.17,11.16
"2022-04-13 04:00:00",8.8,,9.79,9.24
"2022-04-13 05:00:00",14.55,,7.29,6.82
"2022-04-13 06:00:00",14.57,,6.4,5.73
"2022-04-13 07:00:00",16.6,,5.31,4.89
"2022-04-13 08:00:00",20.34,16.1,5.5,4.48
"2022-04-13 09:00:00",25.38,16.44,7.6,4.39
"2022-04-13 10:00:00",20.19,37.41,17.5,7.42
"2022-04-13 11:00:00",17.11,56.55,14.9,7.9
"2022-04-13 12:00:00",11.12,64.43,9.38,4.88
"2022-04-13 13:00:00",8.65,72.15,7.88,4.15
"2022-04-13 14:00:00",11.57,73.37,8.19,4.52
"2022-04-13 15:00:00",10.72,76.18,9.26,3.89
"2022-04-13 16:00:00",4.25,80.16,4.65,2.42
"2022-04-13 17:00:00",8.58,74.94,5.85,2.7
"2022-04-13 18:00:00",11.25,73.81,9.86,3.5
"2022-04-13 19:00:00",12.07,65.98,13.51,8.77
"2022-04-13 20:00:00",17.02,53.88,9.9,6.15
"2022-04-13 21:00:00",18.39,48.26,13.75,9.6
"2022-04-13 22:00:00",11.35,53.64,13.55,9.96
"2022-04-13 23:00:00",4.35,57.33,10.45,7.97
"2022-04-14 00:00:00",3.92,53.6,8.11,6.38
"2022-04-14 01:00:00",2.77,47.76,7.35,5.29
"2022-04-14 02:00:00",1.97,55.17,5.9,4.28
"2022-04-14 03:00:00",1.1,63.09,4.87,3.79
"2022-04-14 04:00:00",1.23,68.29,3.65,3.05
"2022-04-14 05:00:00",1.23,70.97,3.21,2.43
"2022-04-14 06:00:00",2.44,71.19,3.46,2.34
"2022-04-14 07:00:00",5.35,64.61,4.58,2.8
"2022-04-14 08:00:00",6.25,60.56,4.07,3.07
"2022-04-14 09:00:00",4.64,61.69,4.29,3.35
"2022-04-14 10:00:00",3.24,67.09,4.55,2.95
"2022-04-14 11:00:00",3.41,66.5,3.99,2.44
"2022-04-14 12:00:00",2.98,68.21,3.73,1.96
"2022-04-14 13:00:00",3.68,67.61,4.55,3.13
"2022-04-14 14:00:00",4.06,68.98,6.48,4.71
"2022-04-14 15:00:00",4.33,68.8,6.49,5.3
"2022-04-14 16:00:00",5.27,69.45,7.72,5.34
"2022-04-14 17:00:00",6.18,66.18,8.89,6.3
"2022-04-14 18:00:00",5.05,67.93,8.8,7.21
"2022-04-14 19:00:00",5.58,66.4,7.51,6.29
"2022-04-14 20:00:00",5.89,64.57,9.03,7.44
"2022-04-14 21:00:00",4.98,65.19,7.49,6.27
"2022-04-14 22:00:00",3.76,66.19,5.33,4.62
"2022-04-14 23:00:00",2.26,68.52,4.33,3.54
"2022-04-15 00:00:00",1.82,68.03,1.68,1.44
"2022-04-15 01:00:00",1.74,64.6,1.35,0.97
"2022-04-15 02:00:00",1.35,66.19,3.19,2.11
"2022-04-15 03:00:00",0.96,66.19,4.71,3.18
"2022-04-15 04:00:00",1.03,63.08,5.29,3.32
"2022-04-15 05:00:00",1.86,66.17,5.32,3.45
"2022-04-15 06:00:00",4.23,57.76,6.33,3.91
"2022-04-15 07:00:00",8.36,53.44,4.62,2.96
"2022-04-15 08:00:00",5,66.78,2.98,1.2
"2022-04-15 09:00:00",5.17,64.33,3.13,1.02
"2022-04-15 10:00:00",3.76,68.21,1.63,0.8
"2022-04-15 11:00:00",12.38,63.38,3.48,1.43
"2022-04-15 12:00:00",13.37,66.64,9.26,3.91
"2022-04-15 13:00:00",9.37,74.39,13.99,6.54
"2022-04-15 14:00:00",8.16,75.95,11.37,5.42
"2022-04-15 15:00:00",6.9,76.3,12.63,5.27
"2022-04-15 16:00:00",6.67,79.75,10.04,3.94
"2022-04-15 17:00:00",10.03,79.6,10.09,5.42
"2022-04-15 18:00:00",8.23,79.68,9.68,5.66
"2022-04-15 19:00:00",10.67,76.74,8,4.6
"2022-04-15 20:00:00",15.69,65.56,10.86,6.69
"2022-04-15 21:00:00",26.7,46.92,18.23,12.34
"2022-04-15 22:00:00",67.03,2.82,58.58,49.71
"2022-04-15 23:00:00",26.5,29.04,31.51,25.91
"2022-04-16 00:00:00",4.66,44.12,16.54,12.75
"2022-04-16 01:00:00",3.56,40.76,12.11,8.34
"2022-04-16 02:00:00",2.94,48.38,9.64,7.27
"2022-04-16 03:00:00",8.84,44.61,9.41,6.57
"2022-04-16 04:00:00",10.15,43.93,8.83,6
"2022-04-16 05:00:00",21.08,34.03,7.93,5.24
"2022-04-16 06:00:00",14.6,43.5,9.38,5.49
"2022-04-16 07:00:00",8.56,52.71,9.65,5.88
"2022-04-16 08:00:00",12.63,52.58,9.49,6.14
"2022-04-16 09:00:00",2.4,71.79,7.5,4.8
"2022-04-16 10:00:00",2.37,78.15,6.22,3.74
"2022-04-16 11:00:00",2.52,81.85,5.77,3.37
"2022-04-16 12:00:00",2.17,86.63,5.93,3.8
"2022-04-16 13:00:00",2.2,86.44,6.3,3.72
"2022-04-16 14:00:00",2.68,80.4,5.86,4.27
"2022-04-16 15:00:00",2.91,75.04,6.06,4.25
"2022-04-16 16:00:00",2.32,75.46,5.31,4.07
"2022-04-16 17:00:00",3.39,72.44,8.57,6.55
"2022-04-16 18:00:00",4.59,67.73,9.74,8.36
"2022-04-16 19:00:00",5.36,62.27,11.65,9.68
"2022-04-16 20:00:00",5.8,60.7,13.19,11.71
"2022-04-16 21:00:00",4.95,62.94,13.54,12.51
"2022-04-16 22:00:00",3.38,63.29,7.24,6.72
"2022-04-16 23:00:00",2.83,59.85,6.24,5.12
"2022-04-17 00:00:00",2.5,58.94,3.3,2.44
"2022-04-17 01:00:00",2.91,58.98,3.12,2.52
"2022-04-17 02:00:00",2.18,65.88,2.31,1.48
"2022-04-17 03:00:00",1.28,70.98,1.9,0.81
"2022-04-17 04:00:00",1.14,71.52,1.37,0.54
"2022-04-17 05:00:00",1.1,70.55,1.46,0.54
"2022-04-17 06:00:00",1.95,66.83,1.46,0.52
"2022-04-17 07:00:00",3.25,65.3,1.51,0.38
"2022-04-17 08:00:00",3.31,65.48,1.24,0.43
"2022-04-17 09:00:00",1.75,66.46,1.19,0.53
"2022-04-17 10:00:00",2.4,66.28,2.02,1.47
"2022-04-17 11:00:00",3.28,65.84,1.7,0.96
"2022-04-17 12:00:00",3.13,74.08,2.61,2.06
"2022-04-17 13:00:00",3.3,74.56,3.73,3.08
"2022-04-17 14:00:00",3.37,75.91,5.72,4.87
"2022-04-17 15:00:00",5.03,68.64,9.53,8.32
"2022-04-17 16:00:00",7.94,71.85,5.28,3.02
"2022-04-17 17:00:00",5.52,70.61,4.69,2.99
"2022-04-17 18:00:00",7.11,66.45,7.31,5.35
"2022-04-17 19:00:00",12.34,70.18,6.96,3.89
"2022-04-17 20:00:00",9.73,70.03,14.76,8.21
"2022-04-17 21:00:00",10.24,66.16,17.42,10.26
"2022-04-17 22:00:00",5.81,62.13,15.63,8.65
"2022-04-17 23:00:00",4.3,65.95,13.36,7.8
"2022-04-18 00:00:00",4.86,57.11,12.64,7.09
"2022-04-18 01:00:00",6.58,44.87,11.99,7.63
"2022-04-18 02:00:00",6.56,47.06,8.13,4.79
"2022-04-18 03:00:00",5.13,48.02,7.36,4.33
"2022-04-18 04:00:00",4.84,46.99,6.32,3.75
"2022-04-18 05:00:00",3.8,41.19,6.83,3.64
"2022-04-18 06:00:00",3.16,33.79,5.99,3.25
"2022-04-18 07:00:00",7.47,32.96,7.51,3.96
"2022-04-18 08:00:00",7.56,42.73,8.27,4.97
"2022-04-18 09:00:00",5.15,61.22,6.76,3.01
"2022-04-18 10:00:00",6.01,84.24,4.4,2.05
"2022-04-18 11:00:00",5.23,88.41,6.47,2.57
"2022-04-18 12:00:00",4.99,88.49,4.91,1.99
"2022-04-18 13:00:00",4.98,91.55,7.55,2.32
"2022-04-18 14:00:00",5.03,92.38,5.61,2.26
"2022-04-18 15:00:00",4.99,90.57,6.98,2.74
"2022-04-18 16:00:00",5.48,90.57,7.99,3.31
"2022-04-18 17:00:00",6.22,88.79,9.28,4
"2022-04-18 18:00:00",6.47,89.31,8.72,3.95
"2022-04-18 19:00:00",8.09,83.53,12.45,6.37
"2022-04-18 20:00:00",9.79,72.34,9.62,4.79
"2022-04-18 21:00:00",12.96,60.97,21.33,15.82
"2022-04-18 22:00:00",16.22,45.95,17.24,13.03
"2022-04-18 23:00:00",12.8,48.62,14.35,10.72
"2022-04-19 00:00:00",10.6,42.42,13.43,9.84
"2022-04-19 01:00:00",9.25,39.56,11.46,9.05
"2022-04-19 02:00:00",6.08,35.37,9.21,6.65
"2022-04-19 03:00:00",5.68,29.49,7.71,5.15
"2022-04-19 04:00:00",7.17,21.3,7.92,5.5
"2022-04-19 05:00:00",15.59,14.97,6.89,5.15
"2022-04-19 06:00:00",21.51,1.61,8.9,6.62
"2022-04-19 07:00:00",26.62,2.75,8.88,6.24
"2022-04-19 08:00:00",30.87,11.83,10.71,6.37
"2022-04-19 09:00:00",30.05,24.51,16.14,6.46
"2022-04-19 10:00:00",14.59,60.87,15.24,5.29
"2022-04-19 11:00:00",10.45,73.87,8.98,2.95
"2022-04-19 12:00:00",14.76,69.9,5.65,2.1
"2022-04-19 13:00:00",11.98,70.91,2.7,1.36
"2022-04-19 14:00:00",8.66,75.47,2.08,1.27
"2022-04-19 15:00:00",16.49,65.37,8.04,2.26
"2022-04-19 16:00:00",11.34,63.53,8.36,6.79
"2022-04-19 17:00:00",11.9,67.48,5.52,4.4
"2022-04-19 18:00:00",18.21,55.7,7.32,5.92
"2022-04-19 19:00:00",20.27,56.76,9.01,7.05
"2022-04-19 20:00:00",17.69,54,9,7.21
"2022-04-19 21:00:00",19.61,46.42,12.62,9.69
"2022-04-19 22:00:00",22.63,31.05,13.64,9.62
"2022-04-19 23:00:00",19.77,33.22,13.6,8.36
"2022-04-20 00:00:00",17.68,23.87,13.5,9.76
"2022-04-20 01:00:00",15.1,21.32,13.54,10.4
"2022-04-20 02:00:00",8.54,23.11,11.81,8.39
"2022-04-20 03:00:00",12.78,18.18,8.2,6.01
"2022-04-20 04:00:00",18.2,9.66,7.82,5.44
"2022-04-20 05:00:00",10.02,8.57,6.54,5.58
"2022-04-20 06:00:00",18.43,7.05,4.67,4.44
"2022-04-20 07:00:00",22.17,5.75,6.95,5.05
"2022-04-20 08:00:00",18.3,21.04,5.25,3.62
"2022-04-20 09:00:00",22.28,19.96,8.82,5.7
"2022-04-20 10:00:00",12.93,39.29,7,4.42
"2022-04-20 11:00:00",2.97,69.29,3.46,2.29
"2022-04-20 12:00:00",2.31,75.08,2.99,1.84
"2022-04-20 13:00:00",2.25,73.84,3.27,2.2
"2022-04-20 14:00:00",3.85,77.83,5.15,3.11
"2022-04-20 15:00:00",3.72,81.7,6.95,5.32
"2022-04-20 16:00:00",3.68,82.94,6.25,4.72
"2022-04-20 17:00:00",4.83,82.52,7.08,5.27
"2022-04-20 18:00:00",4.92,84.56,6.49,4.96
"2022-04-20 19:00:00",7.07,78.29,12.15,9.23
"2022-04-20 20:00:00",11.53,71.43,12.09,8.94
"2022-04-20 21:00:00",10.58,71.32,10.98,8.44
"2022-04-20 22:00:00",6.64,75.18,9.77,7.52
"2022-04-20 23:00:00",5.71,75.46,8.59,6.56
"2022-04-21 00:00:00",4.09,70.96,6.2,4.47
"2022-04-21 01:00:00",2.51,65.39,5.95,4.36
"2022-04-21 02:00:00",2.3,67.93,6,4.41
"2022-04-21 03:00:00",2,73.85,6.53,4.79
"2022-04-21 04:00:00",7.32,70.94,8.06,5.86
"2022-04-21 05:00:00",7.2,77.87,9,6.77
"2022-04-21 06:00:00",6.87,75.1,10.51,7.82
"2022-04-21 07:00:00",15.7,66.87,11.74,8.62
"2022-04-21 08:00:00",11.96,70.83,13.75,10.22
"2022-04-21 09:00:00",10.76,75.77,15.21,11.24
"2022-04-21 10:00:00",8.46,79.97,17.88,13.69
"2022-04-21 11:00:00",10.02,77.95,22.89,17.2
"2022-04-21 12:00:00",9.7,85.71,23.34,17.71
"2022-04-21 13:00:00",8.19,96.29,23.42,17.47
"2022-04-21 14:00:00",7.86,102.95,22.2,15.14
"2022-04-21 15:00:00",7.77,103.06,22.39,14.54
"2022-04-21 16:00:00",9.97,102.24,19.38,12.91
"2022-04-21 17:00:00",12.67,102.83,16.96,10.28
"2022-04-21 18:00:00",12.9,107.18,21.26,14.02
"2022-04-21 19:00:00",20.51,96.21,25.06,16.46
"2022-04-21 20:00:00",21.44,88.32,28.64,19.4
"2022-04-21 21:00:00",16.39,81.14,28.85,20.36
"2022-04-21 22:00:00",10.77,82.32,27.54,19.94
"2022-04-21 23:00:00",10.12,82.58,24.48,17.46
"2022-04-22 00:00:00",8.24,85.06,22.29,15.74
"2022-04-22 01:00:00",7.12,81.3,21.58,15.79
"2022-04-22 02:00:00",5.94,78.92,19.56,14.44
"2022-04-22 03:00:00",5.38,73.51,18.47,13.96
"2022-04-22 04:00:00",4.95,71.36,17.92,14.23
"2022-04-22 05:00:00",6.05,67.58,20.86,15.6
"2022-04-22 06:00:00",7.13,64.19,21.31,15.83
"2022-04-22 07:00:00",12.92,59.57,19.32,14.58
"2022-04-22 08:00:00",13.24,58.95,27.11,15.68
"2022-04-22 09:00:00",11.18,65.48,21.35,14.41
"2022-04-22 10:00:00",10.3,72.76,19.62,13.53
"2022-04-22 11:00:00",10.06,71.3,19.69,12.72
"2022-04-22 12:00:00",9.63,75.55,17.78,10.14
"2022-04-22 13:00:00",8.71,74.72,16.95,10.51
"2022-04-22 14:00:00",10.53,79.34,19.11,10.91
"2022-04-22 15:00:00",14.35,73.6,18.37,10.6
"2022-04-22 16:00:00",15.95,70.55,21.07,12.02
"2022-04-22 17:00:00",12.8,78.18,23.33,13.13
"2022-04-22 18:00:00",11.82,83.04,20.47,11.47
"2022-04-22 19:00:00",16.04,82.58,20.42,11.75
"2022-04-22 20:00:00",14.83,83.39,20.46,11.58
"2022-04-22 21:00:00",11.09,81.61,15.97,8.91
"2022-04-22 22:00:00",8.67,83.02,13.69,7.55
"2022-04-22 23:00:00",7.68,83.44,12.95,7.16
"2022-04-23 00:00:00",7.09,81.1,13.4,7.59
"2022-04-23 01:00:00",5.98,78.77,12.77,7.53
"2022-04-23 02:00:00",4.79,75.07,12.73,6.88
"2022-04-23 03:00:00",3.19,74.65,10.91,5.89
"2022-04-23 04:00:00",3.12,73.76,10.34,5.53
"2022-04-23 05:00:00",7.52,68.25,11.94,6.11
"2022-04-23 06:00:00",5.69,70.83,13.9,7.4
"2022-04-23 07:00:00",8.11,73.6,14.17,8.05
"2022-04-23 08:00:00",6.78,71.26,14.51,8.04
"2022-04-23 09:00:00",7.65,69.51,15.63,9.22
"2022-04-23 10:00:00",7.42,68.36,17.41,10.61
"2022-04-23 11:00:00",7.65,71.67,18.31,10.93
"2022-04-23 12:00:00",7.96,75.41,17.57,11.25
"2022-04-23 13:00:00",8.74,79.75,18.01,10.06
"2022-04-23 14:00:00",8.58,84.28,15.06,6.88
"2022-04-23 15:00:00",7.49,93.38,14.06,6.5
"2022-04-23 16:00:00",8.71,89.58,17,7.79
"2022-04-23 17:00:00",10.51,81.21,15.68,8.99
"2022-04-23 18:00:00",10.31,80.96,15.85,9.92
"2022-04-23 19:00:00",8.98,80.2,14.67,9.62
"2022-04-23 20:00:00",10.32,74.98,15.02,10.35
"2022-04-23 21:00:00",13.54,69.24,15.6,11.67
"2022-04-23 22:00:00",11.95,71.23,15.27,11.88
"2022-04-23 23:00:00",8.21,71.9,16.75,12.93
"2022-04-24 00:00:00",7.67,68.98,14.97,11.24
"2022-04-24 01:00:00",7.66,70.15,14.22,9.69
"2022-04-24 02:00:00",7.53,73.47,13.58,9.64
"2022-04-24 03:00:00",7.7,74.45,14.97,10.29
"2022-04-24 04:00:00",6.37,68.41,16.13,11.4
"2022-04-24 05:00:00",3.31,68.95,16.03,12.01
"2022-04-24 06:00:00",3.86,70.59,15.95,11.49
"2022-04-24 07:00:00",3.68,74.77,18.37,12.78
"2022-04-24 08:00:00",4.68,73.62,18.01,13
"2022-04-24 09:00:00",3.69,76.25,17.1,12.6
"2022-04-24 10:00:00",5.27,76.85,16.82,12.48
"2022-04-24 11:00:00",6.9,81.72,16.61,11.99
"2022-04-24 12:00:00",6.85,86.8,16.13,11.19
"2022-04-24 13:00:00",8.28,91.76,15.63,10.27
"2022-04-24 14:00:00",7.78,95.75,14.05,9.63
"2022-04-24 15:00:00",8.36,94.92,12.33,7.97
"2022-04-24 16:00:00",8.77,95.28,11.56,7.11
"2022-04-24 17:00:00",7.56,94.88,11.6,6.84
"2022-04-24 18:00:00",9.16,87.89,11.17,6.05
"2022-04-24 19:00:00",6.73,89.14,11.29,6.34
"2022-04-24 20:00:00",9.88,84.29,13.01,7.86
"2022-04-24 21:00:00",16.02,71.61,14.65,9.29
"2022-04-24 22:00:00",10.55,69.42,14.94,9.58
"2022-04-24 23:00:00",9.56,65.44,13.49,9.13
"2022-04-25 00:00:00",7.75,65.09,11.94,7.66
"2022-04-25 01:00:00",5.32,68.6,10.69,6.43
"2022-04-25 02:00:00",4.75,66.8,9.9,6.01
"2022-04-25 03:00:00",3.78,65.86,9.51,6.31
"2022-04-25 04:00:00",4.19,61.87,11.33,7.13
"2022-04-25 05:00:00",4.12,60.46,11.25,7.98
"2022-04-25 06:00:00",5.6,53.71,13.15,8.92
"2022-04-25 07:00:00",9.2,46.66,14.94,10.05
"2022-04-25 08:00:00",16.14,43.5,16.65,9.97
"2022-04-25 09:00:00",11.54,50.8,15.26,9.52
"2022-04-25 10:00:00",10.21,59.74,16.22,9.66
"2022-04-25 11:00:00",10.19,64.83,17.6,10.23
"2022-04-25 12:00:00",12.18,77.88,15.25,8.18
"2022-04-25 13:00:00",8.22,81.73,12.81,7.34
"2022-04-25 14:00:00",5.23,85.69,11.53,7.73
"2022-04-25 15:00:00",9.48,80.82,11.85,7.76
"2022-04-25 16:00:00",12.31,77.4,11.97,8.17
"2022-04-25 17:00:00",15.02,74.46,13.77,8.2
"2022-04-25 18:00:00",11.94,74.69,14.52,7.58
"2022-04-25 19:00:00",16.7,64.55,12.91,7.1
"2022-04-25 20:00:00",27.42,54.3,13.18,8.42
"2022-04-25 21:00:00",14.01,63.58,17.42,11.54
"2022-04-25 22:00:00",10.27,63.57,17.22,12.06
"2022-04-25 23:00:00",8.4,64.91,13.3,9.54
"2022-04-26 00:00:00",7.73,64.94,11.38,7.69
"2022-04-26 01:00:00",4.08,67.41,8.68,5.92
"2022-04-26 02:00:00",10.98,54.87,8.55,5.84
"2022-04-26 03:00:00",5.18,55.77,8.26,5.88
"2022-04-26 04:00:00",10.43,48.04,8.91,5.98
"2022-04-26 05:00:00",13.38,47.81,8.04,5.86
"2022-04-26 06:00:00",10.84,54.47,9.2,6.5
"2022-04-26 07:00:00",19.5,50.5,11.29,7.17
"2022-04-26 08:00:00",23.42,45.61,19.34,8.37
"2022-04-26 09:00:00",17.27,54.63,13.16,6.97
"2022-04-26 10:00:00",8.75,73.73,11.38,6.9
"2022-04-26 11:00:00",6.2,86.95,9.52,5.5
"2022-04-26 12:00:00",5.54,87.66,13.34,7.75
"2022-04-26 13:00:00",6.8,80.83,15.21,9.83
"2022-04-26 14:00:00",4.2,92.44,12.81,8.41
"2022-04-26 15:00:00",5.7,90.73,11.94,7.86
"2022-04-26 16:00:00",8.01,86.83,13.24,8.42
"2022-04-26 17:00:00",14.02,75.82,13.12,8.5
"2022-04-26 18:00:00",16.09,70.97,14.46,9.78
"2022-04-26 19:00:00",17.2,67.87,17.66,11.06
"2022-04-26 20:00:00",18.14,64.24,17.76,11.51
"2022-04-26 21:00:00",13.32,64.22,19.47,13.66
"2022-04-26 22:00:00",14.13,59.97,18.74,13.26
"2022-04-26 23:00:00",14.75,58.06,18.97,13.42
"2022-04-27 00:00:00",7.9,62.9,20.23,14.85
"2022-04-27 01:00:00",6.68,61.58,17.5,13.54
"2022-04-27 02:00:00",10.07,51.7,15.97,12.67
"2022-04-27 03:00:00",5.72,51.64,12.28,9.63
"2022-04-27 04:00:00",8.87,41.75,12.8,9.91
"2022-04-27 05:00:00",8.88,48.19,13.3,10.35
"2022-04-27 06:00:00",25.68,32.54,14.65,11.18
"2022-04-27 07:00:00",36.23,20.34,16.34,11.29
"2022-04-27 08:00:00",42.34,17.75,22.2,13.45
"2022-04-27 09:00:00",20.31,46.25,21.82,13.61
"2022-04-27 10:00:00",12.16,61.33,21.13,12.92
"2022-04-27 11:00:00",7.24,80.12,14.31,10.19
"2022-04-27 12:00:00",20.09,74.21,17.17,10.8
"2022-04-27 13:00:00",8.42,85.11,14.06,9.59
"2022-04-27 14:00:00",13.13,86.3,11.94,7.74
"2022-04-27 15:00:00",9.19,92.79,11.54,7.15
"2022-04-27 16:00:00",9.83,91.18,13.35,8.01
"2022-04-27 17:00:00",11.03,89.28,12.1,7.9
"2022-04-27 18:00:00",16.83,83.04,15.91,9.21
"2022-04-27 19:00:00",24.52,64.7,18.71,11.73
"2022-04-27 20:00:00",11.1,70.65,21.72,13.88
"2022-04-27 21:00:00",9.46,78.46,20.87,15.31
"2022-04-27 22:00:00",15.21,67.74,20.96,14.86
"2022-04-27 23:00:00",24.24,58.52,21.95,15.08
"2022-04-28 00:00:00",18.26,59.86,19.57,14.75
"2022-04-28 01:00:00",16.16,59.05,18.74,14.04
"2022-04-28 02:00:00",6.85,63.3,18.31,13.98
"2022-04-28 03:00:00",7.15,53.87,17.17,13.88
"2022-04-28 04:00:00",10.4,54.12,17.42,13.64
"2022-04-28 05:00:00",42.54,20.57,17.63,14.27
"2022-04-28 06:00:00",19.89,28.12,18.47,13.95
"2022-04-28 07:00:00",21.79,26.63,19.24,13.19
"2022-04-28 08:00:00",23.57,23.61,23.25,14.77
"2022-04-28 09:00:00",18.45,41.47,21.99,14.22
"2022-04-28 10:00:00",9.55,75,18.29,12.64
"2022-04-28 11:00:00",6.77,88.59,16.27,11.36
"2022-04-28 12:00:00",7.8,86.14,14.85,9.53
"2022-04-28 13:00:00",5.18,91.16,12.45,7.74
"2022-04-28 14:00:00",8.35,87.66,12.78,7.36
"2022-04-28 15:00:00",9.62,87.65,11.66,7.07
"2022-04-28 16:00:00",7.56,91.86,12.88,7.35
"2022-04-28 17:00:00",8.77,90.53,12.01,7.17
"2022-04-28 18:00:00",8.22,89.68,14.81,9.58
"2022-04-28 19:00:00",9.07,87.21,15.08,8.65
"2022-04-28 20:00:00",6.61,76.93,22.23,15.22
"2022-04-28 21:00:00",8.73,74.09,27.33,19.95
"2022-04-28 22:00:00",9.44,68.76,23.29,16.51
"2022-04-28 23:00:00",6.15,69.6,24.32,17.93
"2022-04-29 00:00:00",5.69,66.66,22.05,15.68
"2022-04-29 01:00:00",5.87,63.28,21.08,14.93
"2022-04-29 02:00:00",6.87,56.31,20.73,14.98
"2022-04-29 03:00:00",6.11,55.55,19.92,15.14
"2022-04-29 04:00:00",7.88,46.25,19.59,15.19
"2022-04-29 05:00:00",40.52,7.32,20.13,15.49
"2022-04-29 06:00:00",22.92,17.95,20.4,15.49
"2022-04-29 07:00:00",30.86,15.43,21.75,15.62
"2022-04-29 08:00:00",16.61,33.18,23.64,15.37
"2022-04-29 09:00:00",20.47,32.33,23.23,16.34
"2022-04-29 10:00:00",9.07,49.38,20.27,16.01
"2022-04-29 11:00:00",13.31,51.75,25.92,18.56
"2022-04-29 12:00:00",15.07,66.66,27.81,17.48
"2022-04-29 13:00:00",5.84,83.34,24.67,15.3
"2022-04-29 14:00:00",6.93,88.9,22.26,13.91
"2022-04-29 15:00:00",6.54,93.05,17.41,11.44
"2022-04-29 16:00:00",8.06,92.5,18.47,11.35
"2022-04-29 17:00:00",12.15,86.13,18.08,12.11
"2022-04-29 18:00:00",20.27,75.42,17.68,12.62
"2022-04-29 19:00:00",18.66,73.67,16.85,12.24
"2022-04-29 20:00:00",11.78,76.53,15.69,10.73
"2022-04-29 21:00:00",21.2,58.61,19.33,13.99
"2022-04-29 22:00:00",27.77,45.22,19.22,14.17
"2022-04-29 23:00:00",24.9,49.53,18.27,13.83
"2022-04-30 00:00:00",16.23,60.24,16.36,12.33
"2022-04-30 01:00:00",9.88,61.33,15.05,11.48
"2022-04-30 02:00:00",13.58,50.19,14.39,11.23
"2022-04-30 03:00:00",12.32,49.96,14.12,11.32
"2022-04-30 04:00:00",19.31,43.49,15.62,12.97
"2022-04-30 05:00:00",7.84,56.04,13.02,11.4
"2022-04-30 06:00:00",4.76,54.75,12.16,10.41
"2022-04-30 07:00:00",11.71,54.26,11.84,10.5
"2022-04-30 08:00:00",6.89,54.52,12.28,10.99
"2022-04-30 09:00:00",6.64,59.34,12.07,10.56
"2022-04-30 10:00:00",3.67,68.98,11.98,10.43
"2022-04-30 11:00:00",3.08,72.04,13.93,12.22
"2022-04-30 12:00:00",3.72,69.29,16.32,14.24
"2022-04-30 13:00:00",3.36,68.91,17.62,14.35
"2022-04-30 14:00:00",4.79,69.67,17.39,13.68
"2022-04-30 15:00:00",12.63,69.24,16.77,12.57
"2022-04-30 16:00:00",11.55,71.52,16.38,11.71
"2022-04-30 17:00:00",13.07,72.98,17.5,12.66
"2022-04-30 18:00:00",14.46,72.14,18.3,14.31
"2022-04-30 19:00:00",20.37,64.35,18.81,15.79
"2022-04-30 20:00:00",16.39,72.18,17.03,14.15
"2022-04-30 21:00:00",6.13,81.92,15.55,13.05
"2022-04-30 22:00:00",8.96,77.8,17.18,13.7
"2022-04-30 23:00:00",6.87,71.77,22.79,15.11
"2022-05-01 00:00:00",3.35,68.14,18.18,15.41
"2022-05-01 01:00:00",3.58,68.15,15.35,13.32
"2022-05-01 02:00:00",3.43,62.03,19.19,17.34
"2022-05-01 03:00:00",3.14,64.01,15.42,13.83
"2022-05-01 04:00:00",2.05,62.46,13.75,12.13
"2022-05-01 05:00:00",1.93,60.32,13.07,11.17
"2022-05-01 06:00:00",2.42,61.96,12.65,10.82
"2022-05-01 07:00:00",3.83,64.39,14.78,11.19
"2022-05-01 08:00:00",4.77,71.49,14.06,10.91
"2022-05-01 09:00:00",4.71,78.72,13.28,9.92
"2022-05-01 10:00:00",6.39,82.15,13.45,10.14
"2022-05-01 11:00:00",9,81.02,10.99,8.28
"2022-05-01 12:00:00",9.51,74.21,11.02,8.16
"2022-05-01 13:00:00",24.75,60.67,8.85,6.84
"2022-05-01 14:00:00",18.85,58.85,10.39,8.03
"2022-05-01 15:00:00",8.59,70.34,4.84,3.58
"2022-05-01 16:00:00",10.88,63.26,3.97,2.96
"2022-05-01 17:00:00",14.22,57.39,5.36,3.75
"2022-05-01 18:00:00",12.35,61.69,4.15,2.96
"2022-05-01 19:00:00",10.85,63.26,8.48,6.04
"2022-05-01 20:00:00",11.47,62.44,8.09,5.81
"2022-05-01 21:00:00",18.74,51.69,8.3,5.16
"2022-05-01 22:00:00",15.21,55.21,8.02,4.85
"2022-05-01 23:00:00",12.2,58.03,6.19,4
"2022-05-02 00:00:00",8.4,56.53,4.03,3.06
"2022-05-02 01:00:00",7.2,53.26,3.84,2.86
"2022-05-02 02:00:00",11.25,37.94,4.82,3.91
"2022-05-02 03:00:00",5.59,46.09,4.4,3.53
"2022-05-02 04:00:00",9.85,37.34,4.09,3.35
"2022-05-02 05:00:00",5.27,37.13,4.32,3.62
"2022-05-02 06:00:00",9.29,36.83,4.42,3.48
"2022-05-02 07:00:00",7.57,38.16,5.04,4.01
"2022-05-02 08:00:00",9.52,36.34,5.33,4.72
"2022-05-02 09:00:00",6.37,44.63,4.59,3.65
"2022-05-02 10:00:00",3.77,57.95,4.51,3.19
"2022-05-02 11:00:00",4.99,52.8,4.51,3.32
"2022-05-02 12:00:00",5.14,49.16,5.2,3.87
"2022-05-02 13:00:00",5.06,53.31,4.9,4.13
"2022-05-02 14:00:00",5.26,56.81,4.98,3.93
"2022-05-02 15:00:00",9.67,54.7,6.56,4.74
"2022-05-02 16:00:00",6.8,55.61,5.42,3.9
"2022-05-02 17:00:00",6.67,55.21,5.85,4.34
"2022-05-02 18:00:00",9.31,50.13,7.1,5.81
"2022-05-02 19:00:00",17.55,38.19,6.67,4.62
"2022-05-02 20:00:00",13.42,41.16,6.22,4.28
"2022-05-02 21:00:00",13.32,46.54,6.14,4.92
"2022-05-02 22:00:00",9.26,48.59,5.87,4.62
"2022-05-02 23:00:00",8.72,36.72,8.27,5.77
"2022-05-03 00:00:00",3.93,44.47,8.59,6.41
"2022-05-03 01:00:00",4.7,47.56,9.06,7.11
"2022-05-03 02:00:00",4.03,49.48,10.65,8.53
"2022-05-03 03:00:00",2.95,50.18,10.71,8.71
"2022-05-03 04:00:00",3.3,47.35,10.27,8.55
"2022-05-03 05:00:00",4.65,50.12,9.18,7.72
"2022-05-03 06:00:00",9.08,45.77,7.72,6.31
"2022-05-03 07:00:00",17.06,36.82,8.88,6.58
"2022-05-03 08:00:00",15.43,41.55,11.98,7.36
"2022-05-03 09:00:00",13.3,44.23,14.59,7.48
"2022-05-03 10:00:00",7.65,53.67,9.11,5.34
"2022-05-03 11:00:00",7.22,58.9,9.14,4.19
"2022-05-03 12:00:00",7.27,63.15,6.77,3.13
"2022-05-03 13:00:00",6.72,68.21,5.19,3.22
"2022-05-03 14:00:00",8.87,65.97,8.47,4.87
"2022-05-03 15:00:00",6.9,70.21,7.15,4.41
"2022-05-03 16:00:00",6.47,70.35,7.45,3.76
"2022-05-03 17:00:00",10.74,63.42,6.52,3.87
"2022-05-03 18:00:00",8.23,58.72,7.78,3.73
"2022-05-03 19:00:00",8.11,57.74,5.6,3.63
"2022-05-03 20:00:00",7.76,58.07,4.16,2.29
"2022-05-03 21:00:00",7.85,60.05,4.21,2.55
"2022-05-03 22:00:00",8.88,56.59,4.59,2.97
"2022-05-03 23:00:00",3.43,56,3.83,2.26
"2022-05-04 00:00:00",2.12,51.75,5.19,2.53
"2022-05-04 01:00:00",2.05,49.76,4.27,2.01
"2022-05-04 02:00:00",1.95,48.6,2.41,1.33
"2022-05-04 03:00:00",2.62,56.97,1.83,1.01
"2022-05-04 04:00:00",3.11,59.8,2.58,1.48
"2022-05-04 05:00:00",3.23,57.29,2.33,1.24
"2022-05-04 06:00:00",5.29,53.62,3.42,1.69
"2022-05-04 07:00:00",10.32,60.4,6.98,3.33
"2022-05-04 08:00:00",15.83,64.31,7.59,3.42
"2022-05-04 09:00:00",11.8,67.65,9.41,2.79
"2022-05-04 10:00:00",9.48,74.9,11.48,4.96
"2022-05-04 11:00:00",8.44,78.14,14.73,6.52
"2022-05-04 12:00:00",10.03,76.26,15.9,6.88
"2022-05-04 13:00:00",6.79,80.6,13.36,6.33
"2022-05-04 14:00:00",10.57,75.92,16.67,7.13
"2022-05-04 15:00:00",9.57,77.01,13.93,6.9
"2022-05-04 16:00:00",11.47,73.28,16.85,7.42
"2022-05-04 17:00:00",10.1,74.24,17.96,7.7
"2022-05-04 18:00:00",7.05,75.8,13.6,7.26
"2022-05-04 19:00:00",10.62,70.28,13.58,7.61
"2022-05-04 20:00:00",26.95,51.53,13.58,8.08
"2022-05-04 21:00:00",12.26,66.14,13.55,8.58
"2022-05-04 22:00:00",8.16,67.94,11.88,7.1
"2022-05-04 23:00:00",5.24,72.7,10.49,6.33
"2022-05-05 00:00:00",3.01,66.57,11.64,6.46
"2022-05-05 01:00:00",1.86,66.17,9.87,6.88
"2022-05-05 02:00:00",2.35,62.33,12.48,7.38
"2022-05-05 03:00:00",2.98,52.25,10.42,6.93
"2022-05-05 04:00:00",3.92,44.7,9.42,6.66
"2022-05-05 05:00:00",2.96,56.85,9.34,6.01
"2022-05-05 06:00:00",4.78,47.42,7.91,5.21
"2022-05-05 07:00:00",10.51,39.33,9.43,5.98
"2022-05-05 08:00:00",11.2,48.41,11.04,7.3
"2022-05-05 09:00:00",8.95,49.6,8.92,5.39
"2022-05-05 10:00:00",4.99,52.06,6.54,3.8
"2022-05-05 11:00:00",5.79,51.92,7.87,3.62
"2022-05-05 12:00:00",13.57,40.38,8.14,3.44
"2022-05-05 13:00:00",11.6,49.14,9.11,3.79
"2022-05-05 14:00:00",13.77,52.55,12.45,5.27
"2022-05-05 15:00:00",5.81,55.75,7.79,2.85
"2022-05-05 16:00:00",9.13,53.47,8.1,2.8
"2022-05-05 17:00:00",16.61,45.16,12.57,4.01
"2022-05-05 18:00:00",16.64,41.08,11.68,4.26
"2022-05-05 19:00:00",13.23,42.59,10.17,4.31
"2022-05-05 20:00:00",11.61,43.82,8.39,4.12
"2022-05-05 21:00:00",13.03,37.96,7.81,4.4
"2022-05-05 22:00:00",5.36,41.59,8.45,4.14
"2022-05-05 23:00:00",3.73,45.92,5.01,3.17
"2022-05-06 00:00:00",3.37,45.78,4.32,2.81
"2022-05-06 01:00:00",1.79,48.79,3.36,1.83
"2022-05-06 02:00:00",1.09,45.76,3.15,2.09
"2022-05-06 03:00:00",1.71,38.08,4.07,2.45
"2022-05-06 04:00:00",2.68,34.63,3.27,2.15
"2022-05-06 05:00:00",2.4,39.77,2.49,1.44
"2022-05-06 06:00:00",2.81,41.2,2.08,1.2
"2022-05-06 07:00:00",7.49,33.3,3.03,1.28
"2022-05-06 08:00:00",12.17,28.56,3.35,1.33
"2022-05-06 09:00:00",8.52,36.98,4.67,2.51
"2022-05-06 10:00:00",6.43,38.44,3.82,2.32
"2022-05-06 11:00:00",6.25,35.9,4.46,2.42
"2022-05-06 12:00:00",11.17,43.76,5.19,2.6
"2022-05-06 13:00:00",9.89,57.39,4.35,1.85
"2022-05-06 14:00:00",14.74,58.25,3.9,1.8
"2022-05-06 15:00:00",9.93,74.56,5.43,1.98
"2022-05-06 16:00:00",11.89,73.02,8.19,2.78
"2022-05-06 17:00:00",10.16,74.22,6.69,2.67
"2022-05-06 18:00:00",7.57,73.82,6.05,2.96
"2022-05-06 19:00:00",8.87,71.93,5.29,3.14
"2022-05-06 20:00:00",8.98,69.36,5.78,3.43
"2022-05-06 21:00:00",8.88,66.62,6.31,3.86
"2022-05-06 22:00:00",14.26,46.58,7.62,4.56
"2022-05-06 23:00:00",10.84,41.96,7.89,5.74
"2022-05-07 00:00:00",26.18,22.64,9.88,7.01
"2022-05-07 01:00:00",22.49,23.8,8.95,6.61
"2022-05-07 02:00:00",19.84,16.99,8.95,6.44
"2022-05-07 03:00:00",13.08,23.58,11.37,8.31
"2022-05-07 04:00:00",6.49,29.02,10.7,7.88
"2022-05-07 05:00:00",2.97,44.2,5.4,4.64
"2022-05-07 06:00:00",7.4,47.09,3.2,3
"2022-05-07 07:00:00",10.97,37.2,4.04,3.44
"2022-05-07 08:00:00",9.22,41.46,5.33,3.82
"2022-05-07 09:00:00",9.61,46.02,6.95,4.82
"2022-05-07 10:00:00",5.96,49.14,6.75,4.56
"2022-05-07 11:00:00",4.07,52.63,6.2,4.27
"2022-05-07 12:00:00",5.13,56.22,5.76,3.98
"2022-05-07 13:00:00",2.75,61.54,5.91,3.7
"2022-05-07 14:00:00",2.5,69.2,6.18,3.34
"2022-05-07 15:00:00",1.89,73.61,4.02,2.59
"2022-05-07 16:00:00",2.16,73.34,4.64,2.76
"2022-05-07 17:00:00",2.7,71.94,5.24,2.76
"2022-05-07 18:00:00",3.74,69.33,4.59,2.96
"2022-05-07 19:00:00",4.61,63.75,8,4.63
"2022-05-07 20:00:00",4.32,57.49,8.27,5.27
"2022-05-07 21:00:00",5.68,49,9.08,6.95
"2022-05-07 22:00:00",5.83,47.11,10.73,8.66
"2022-05-07 23:00:00",5.07,44.73,10.71,8.18
"2022-05-08 00:00:00",4.25,44.81,9.18,6.94
"2022-05-08 01:00:00",3.75,45.16,8.47,6.96
"2022-05-08 02:00:00",2.07,45.13,7.67,6.44
"2022-05-08 03:00:00",2.12,41.76,8.26,7.19
"2022-05-08 04:00:00",2.65,38.22,11.82,10.48
"2022-05-08 05:00:00",3.44,40.32,13.07,11.98
"2022-05-08 06:00:00",2.95,43.09,10.33,9.08
"2022-05-08 07:00:00",5.04,41.18,8.78,7.49
"2022-05-08 08:00:00",2.27,52.29,8.27,6.86
"2022-05-08 09:00:00",0.87,63.14,5.65,4.27
"2022-05-08 10:00:00",1.34,64.78,4.9,3.79
"2022-05-08 11:00:00",1.51,69.12,5.52,3.86
"2022-05-08 12:00:00",2.31,67.76,5.4,4.15
"2022-05-08 13:00:00",2.94,67.25,5.45,3.9
"2022-05-08 14:00:00",2.46,65,5.38,3.82
"2022-05-08 15:00:00",2.39,64.28,4.85,3.1
"2022-05-08 16:00:00",2.57,67.51,4.68,3.22
"2022-05-08 17:00:00",2.55,64.99,5.82,3.76
"2022-05-08 18:00:00",3.41,58.86,6.64,4.24
"2022-05-08 19:00:00",2.75,56.17,7.71,5.37
"2022-05-08 20:00:00",3.11,55.26,7.86,5.74
"2022-05-08 21:00:00",2.86,55.19,6.98,5.34
"2022-05-08 22:00:00",2.46,57.11,7.05,5.15
"2022-05-08 23:00:00",1.52,60.45,7.45,5.35
"2022-05-09 00:00:00",1.12,61.62,5.92,4.39
"2022-05-09 01:00:00",0.9,69.74,6.1,4.39
"2022-05-09 02:00:00",0.67,75.33,5.84,4.05
"2022-05-09 03:00:00",0.78,76.32,6,4.11
"2022-05-09 04:00:00",0.87,75.16,6.15,4.11
"2022-05-09 05:00:00",1.29,76.49,6.8,4.78
"2022-05-09 06:00:00",1.4,70.96,6.39,3.98
"2022-05-09 07:00:00",2.59,68.2,5.75,3.62
"2022-05-09 08:00:00",4.39,62.99,5.31,2.86
"2022-05-09 09:00:00",4.3,60.3,6.51,3.81
"2022-05-09 10:00:00",3.66,59.26,6.59,4.19
"2022-05-09 11:00:00",3.13,61.49,4.77,3.12
"2022-05-09 12:00:00",2.71,65.67,4.04,2.47
"2022-05-09 13:00:00",2.87,63.22,2.97,1.84
"2022-05-09 14:00:00",3.36,60.48,2.67,1.6
"2022-05-09 15:00:00",4.93,56.65,2.03,1.24
"2022-05-09 16:00:00",6.88,61.51,3.13,2.16
"2022-05-09 17:00:00",9.4,55.75,3.14,2.02
"2022-05-09 18:00:00",11.42,52.21,3.81,2.07
"2022-05-09 19:00:00",7.2,76.12,7.33,3.41
"2022-05-09 20:00:00",6.15,70.45,13.07,6.36
"2022-05-09 21:00:00",6.64,65.46,14.51,6.82
"2022-05-09 22:00:00",4.69,60.77,13.87,7.2
"2022-05-09 23:00:00",2.8,63.82,13.89,7.38
"2022-05-10 00:00:00",1.85,62.91,14.24,7.18
"2022-05-10 01:00:00",1.45,58.86,15.87,7.39
"2022-05-10 02:00:00",0.74,62.56,14.38,7.02
"2022-05-10 03:00:00",1.18,63.58,14.09,6.92
"2022-05-10 04:00:00",1.03,64.11,13.23,6.68
"2022-05-10 05:00:00",1.31,60.02,10.91,6.29
"2022-05-10 06:00:00",2.16,59.1,10.87,6.25
"2022-05-10 07:00:00",4.71,59.47,13.01,6.78
"2022-05-10 08:00:00",9.42,57.59,15.22,6.98
"2022-05-10 09:00:00",6.98,66.61,18.38,7.41
"2022-05-10 10:00:00",8.03,68.51,17.45,7.13
"2022-05-10 11:00:00",4.96,69.31,13.81,6.09
"2022-05-10 12:00:00",8.56,67.69,13.16,4.88
"2022-05-10 13:00:00",11.87,32.63,24.65,9.87
"2022-05-10 14:00:00",4.72,52.14,12.1,5.67
"2022-05-10 15:00:00",2.32,60.65,10.21,4.23
"2022-05-10 16:00:00",2.55,63.07,8.4,3.78
"2022-05-10 17:00:00",2.89,67.06,8.28,3.77
"2022-05-10 18:00:00",3.29,66.51,9.41,4.62
"2022-05-10 19:00:00",3.76,64.28,9.28,5.69
"2022-05-10 20:00:00",3.73,62.24,8.03,5.12
"2022-05-10 21:00:00",3.01,63.96,7.83,4.96
"2022-05-10 22:00:00",2.01,63.48,9.14,5.75
"2022-05-10 23:00:00",0.98,64.71,7.25,4.32
"2022-05-11 00:00:00",0.43,62.03,6.9,4.2
"2022-05-11 01:00:00",0.54,61.33,7.57,4.25
"2022-05-11 02:00:00",0.13,67.2,6.45,3.86
"2022-05-11 03:00:00",1.08,54.49,9.39,4.9
"2022-05-11 04:00:00",0.98,52.7,8.73,4.71
"2022-05-11 05:00:00",1.17,58.01,10.18,5.55
"2022-05-11 06:00:00",9.03,47.37,9.53,5.07
"2022-05-11 07:00:00",9.08,52.99,8.68,4.35
"2022-05-11 08:00:00",12.06,55.6,13.38,4.89
"2022-05-11 09:00:00",10.33,59.89,12.44,4.55
"2022-05-11 10:00:00",6.63,65.9,11.26,5.07
"2022-05-11 11:00:00",7.45,65.31,9.22,4.23
"2022-05-11 12:00:00",6.31,65.83,12.79,4.34
"2022-05-11 13:00:00",4.09,64.43,14.24,4.95
"2022-05-11 14:00:00",4.95,61.65,12.2,4.56
"2022-05-11 15:00:00",6.1,65.23,14.52,3.58
"2022-05-11 16:00:00",7.19,72.42,16.72,4.28
"2022-05-11 17:00:00",5.54,75.37,14.72,5.44
"2022-05-11 18:00:00",4.79,73.14,11.82,4.76
"2022-05-11 19:00:00",4.53,68.89,8.58,3.88
"2022-05-11 20:00:00",5.02,68.62,12.77,6.1
"2022-05-11 21:00:00",6,66.61,15.52,8
"2022-05-11 22:00:00",4,65.09,16.38,7.19
"2022-05-11 23:00:00",3.8,61.49,16.11,7.07
"2022-05-12 00:00:00",1.92,57.67,15.63,7.82
"2022-05-12 01:00:00",0.7,56.63,11.25,5.56
"2022-05-12 02:00:00",0.49,54.91,12.48,5.37
"2022-05-12 03:00:00",0.31,55.13,12.64,5.51
"2022-05-12 04:00:00",0.52,56.99,10.59,4.64
"2022-05-12 05:00:00",1.12,59.37,9.37,4.29
"2022-05-12 06:00:00",4.02,61.48,10.04,4.43
"2022-05-12 07:00:00",6.53,54.85,10.3,4.36
"2022-05-12 08:00:00",7.02,57.59,10.79,4.79
"2022-05-12 09:00:00",3.31,68.99,11.84,5.09
"2022-05-12 10:00:00",0.96,72.1,5.41,2.83
"2022-05-12 11:00:00",2.19,68.29,4.47,1.77
"2022-05-12 12:00:00",3.56,64.96,3.74,1.45
"2022-05-12 13:00:00",6.74,64.58,5.1,1.76
"2022-05-12 14:00:00",6.13,73.16,7.26,1.78
"2022-05-12 15:00:00",6.29,71.41,8.81,2.28
"2022-05-12 16:00:00",7.92,68.97,16.7,4.35
"2022-05-12 17:00:00",7.78,78.6,16.78,5.75
"2022-05-12 18:00:00",5.64,79.59,12.76,6.6
"2022-05-12 19:00:00",6.24,72.57,16.06,9.07
"2022-05-12 20:00:00",4.9,69.93,20.83,10.91
"2022-05-12 21:00:00",3.34,71.54,26.15,12.19
"2022-05-12 22:00:00",2.96,74.74,26.32,13.34
"2022-05-12 23:00:00",0.9,72.89,21.79,11.94
"2022-05-13 00:00:00",0.63,68.52,16.83,8.76
"2022-05-13 01:00:00",-0.27,72.16,18.99,9.56
"2022-05-13 02:00:00",0.11,72.41,19.07,9.18
"2022-05-13 03:00:00",-0.46,72.52,17.39,8.43
"2022-05-13 04:00:00",0.17,71.83,15.96,7.96
"2022-05-13 05:00:00",0.05,77.66,18.41,8.69
"2022-05-13 06:00:00",1.42,78.79,18.6,9.3
"2022-05-13 07:00:00",3.12,78.15,22.05,10.94
"2022-05-13 08:00:00",7.94,77.27,25.1,12.07
"2022-05-13 09:00:00",6.24,80.73,32.26,13.93
"2022-05-13 10:00:00",5.76,84.69,32.4,13.5
"2022-05-13 11:00:00",6.21,86.25,34.54,14.16
"2022-05-13 12:00:00",7.7,85.01,33.19,15.16
"2022-05-13 13:00:00",5.78,86.79,28.82,14.85
"2022-05-13 14:00:00",6.54,86.93,32.4,15.19
"2022-05-13 15:00:00",7.37,84.57,30.59,15.14
"2022-05-13 16:00:00",7.92,84.62,29.74,14.35
"2022-05-13 17:00:00",8.69,84.77,27.07,13.56
"2022-05-13 18:00:00",8.01,84.63,28.68,14.02
"2022-05-13 19:00:00",9.23,80.02,26.68,14.2
"2022-05-13 20:00:00",7.84,73.09,25.78,14.16
"2022-05-13 21:00:00",14.63,66.09,27.56,14.91
"2022-05-13 22:00:00",6.9,70.49,28.01,14.35
"2022-05-13 23:00:00",6.81,66.73,27.08,13.71
"2022-05-14 00:00:00",4.38,62.97,26.15,14.04
"2022-05-14 01:00:00",2.95,55.77,22.07,12.41
"2022-05-14 02:00:00",4.39,49.85,19.95,11.42
"2022-05-14 03:00:00",2.99,46.6,18.62,10.84
"2022-05-14 04:00:00",3.65,39.35,18.2,10.97
"2022-05-14 05:00:00",4.46,37.47,17.23,9.98
"2022-05-14 06:00:00",6.35,34.88,16.15,9.81
"2022-05-14 07:00:00",5.69,40.9,15.92,8.97
"2022-05-14 08:00:00",6.76,46.53,16.37,8.98
"2022-05-14 09:00:00",3.12,63.95,16.87,8.74
"2022-05-14 10:00:00",4.13,77.69,19.21,9.57
"2022-05-14 11:00:00",2.2,84.91,15.93,8.39
"2022-05-14 12:00:00",7.33,80.58,16.51,8.57
"2022-05-14 13:00:00",5.53,86.84,16.43,8.96
"2022-05-14 14:00:00",2.09,89.5,14.46,8.01
"2022-05-14 15:00:00",0.83,91.4,13.54,7.35
"2022-05-14 16:00:00",0.51,94.71,12.85,6.98
"2022-05-14 17:00:00",1.3,92.02,11.96,6.84
"2022-05-14 18:00:00",0.46,91.66,12.05,6.99
"2022-05-14 19:00:00",4.52,90.65,11.37,6.76
"2022-05-14 20:00:00",7.01,80.33,14.01,7.73
"2022-05-14 21:00:00",11.45,72.24,14.49,8.6
"2022-05-14 22:00:00",10.44,71.88,13.35,8.38
"2022-05-14 23:00:00",9.24,67.65,13.28,8.48
"2022-05-15 00:00:00",18.11,41.53,15.42,10.98
"2022-05-15 01:00:00",18.88,31.79,14.05,9.63
"2022-05-15 02:00:00",15.14,26.43,12.64,8.95
"2022-05-15 03:00:00",8.33,39.49,11.86,7.43
"2022-05-15 04:00:00",3.53,32.44,11.88,7.85
"2022-05-15 05:00:00",2.95,36.45,12.49,8.15
"2022-05-15 06:00:00",6.91,31.12,13.74,9.19
"2022-05-15 07:00:00",11.46,31.97,12.51,8.54
"2022-05-15 08:00:00",12.22,46.62,12.95,7.88
"2022-05-15 09:00:00",3.81,66.52,11.79,7.12
"2022-05-15 10:00:00",2.21,76.79,9.67,5.74
"2022-05-15 11:00:00",2.3,81.37,9.91,6.02
"2022-05-15 12:00:00",1.55,81.13,12.61,7.26
"2022-05-15 13:00:00",1.83,84.7,15.19,8.38
"2022-05-15 14:00:00",1.21,83.35,13.67,8.07
"2022-05-15 15:00:00",2.41,80.38,12.18,8.52
"2022-05-15 16:00:00",2.6,77.39,14.62,10.03
"2022-05-15 17:00:00",3.99,78.33,13.53,9.32
"2022-05-15 18:00:00",6.45,79.16,14.29,9.14
"2022-05-15 19:00:00",5.65,84.39,13.76,8.66
"2022-05-15 20:00:00",6.8,83.34,12.87,8.46
"2022-05-15 21:00:00",7.48,81.94,13.35,8.92
"2022-05-15 22:00:00",4.77,82.24,14.45,9.82
"2022-05-15 23:00:00",3.43,81.92,19.31,12.25
"2022-05-16 00:00:00",2.48,79.79,17.08,11.86
"2022-05-16 01:00:00",2.12,72.77,16.59,12.42
"2022-05-16 02:00:00",1.43,66.65,13.24,10.97
"2022-05-16 03:00:00",1.64,62.69,12.65,10.44
"2022-05-16 04:00:00",1.94,61.73,9.19,7.38
"2022-05-16 05:00:00",2.06,64.84,5.94,4.46
"2022-05-16 06:00:00",1.65,67.11,9.38,6.97
"2022-05-16 07:00:00",4.15,57.18,6.44,4.7
"2022-05-16 08:00:00",4.57,57.84,5.29,3.51
"2022-05-16 09:00:00",3.1,66.31,10.32,6.28
"2022-05-16 10:00:00",1.39,78.41,10.56,6.32
"2022-05-16 11:00:00",1.39,82.09,9.81,5.8
"2022-05-16 12:00:00",2,80.95,6.7,4.14
"2022-05-16 13:00:00",1.05,80.48,7.57,4.12
"2022-05-16 14:00:00",1.82,75.45,6.54,3.51
"2022-05-16 15:00:00",1.54,77.75,9.74,4.7
"2022-05-16 16:00:00",1.36,78.3,10.61,5.51
"2022-05-16 17:00:00",1.46,80.99,12.69,6.92
"2022-05-16 18:00:00",1.61,83.01,15.12,8.07
"2022-05-16 19:00:00",1.94,81.32,16.07,8.68
"2022-05-16 20:00:00",2.04,78.57,19.35,10.82
"2022-05-16 21:00:00",1.91,77.61,21.88,12.47
"2022-05-16 22:00:00",2.25,80.81,22.15,12.78
"2022-05-16 23:00:00",0.07,89.23,21.29,12.27
"2022-05-17 00:00:00",-0.39,91.42,20.17,11.78
"2022-05-17 01:00:00",-0.52,89.78,18.21,10.98
"2022-05-17 02:00:00",-0.64,89.2,13.2,8.27
"2022-05-17 03:00:00",-0.5,81.96,3.36,2.12
"2022-05-17 04:00:00",-0.37,75.1,7.02,3.76
"2022-05-17 05:00:00",-0.11,70.21,14.95,8.84
"2022-05-17 06:00:00",0.98,68.76,19.16,10.88
"2022-05-17 07:00:00",2.53,66.06,24.07,13.44
"2022-05-17 08:00:00",2.99,70.11,26.98,14.65
"2022-05-17 09:00:00",2.38,75.54,29.35,14.79
"2022-05-17 10:00:00",1.36,79.84,27.86,14.18
"2022-05-17 11:00:00",1.58,79.83,26.51,13.17
"2022-05-17 12:00:00",2.49,77.83,25.3,13
"2022-05-17 13:00:00",3.49,75.32,24.44,12.33
"2022-05-17 14:00:00",2.28,79.18,12.13,7.05
"2022-05-17 15:00:00",6.35,72.59,9.41,5.4
"2022-05-17 16:00:00",2.83,76.6,6.47,4.36
"2022-05-17 17:00:00",2.47,76.6,8.38,5.39
"2022-05-17 18:00:00",2.32,77.96,8.67,5.07
"2022-05-17 19:00:00",2.27,77.35,8.48,5.67
"2022-05-17 20:00:00",2.65,80.48,8.72,5.92
"2022-05-17 21:00:00",2.36,76.83,6.01,4.22
"2022-05-17 22:00:00",1.61,80.07,7.15,4.56
"2022-05-17 23:00:00",1.52,74.69,11.08,7.42
"2022-05-18 00:00:00",0.24,80.45,8.24,4.26
"2022-05-18 01:00:00",-0.14,77.34,10.68,5.29
"2022-05-18 02:00:00",0.05,72.23,10.13,5.44
"2022-05-18 03:00:00",-0.09,75.05,11.86,5.65
"2022-05-18 04:00:00",0.14,75.01,13.09,6.3
"2022-05-18 05:00:00",1.23,71.95,13.89,6.47
"2022-05-18 06:00:00",1.5,75.59,12.77,6.68
"2022-05-18 07:00:00",2.38,77.6,15.53,7.27
"2022-05-18 08:00:00",3.32,78.43,17,7.81
"2022-05-18 09:00:00",1.69,85.37,15.05,7.63
"2022-05-18 10:00:00",0.83,89.69,13.48,6.52
"2022-05-18 11:00:00",1.15,88.04,14.33,6.93
"2022-05-18 12:00:00",1.45,86.2,12.95,7.02
"2022-05-18 13:00:00",0.61,84.28,13.02,6.97
"2022-05-18 14:00:00",2.18,77.87,14.21,7.64
"2022-05-18 15:00:00",3.94,77.83,14.48,7.98
"2022-05-18 16:00:00",2.02,75.28,10.87,6.94
"2022-05-18 17:00:00",4.67,84.53,4.35,2.89
"2022-05-18 18:00:00",3.36,80.96,6.34,3.95
"2022-05-18 19:00:00",1.32,86.19,10.47,6.04
"2022-05-18 20:00:00",1.72,89.54,7.33,4.57
"2022-05-18 21:00:00",2.02,87.38,4.76,2.79
"2022-05-18 22:00:00",2.61,75.92,7.9,3.82
"2022-05-18 23:00:00",2.48,63.87,11.67,6.05
"2022-05-19 00:00:00",1.67,55.59,10.49,5.72
"2022-05-19 01:00:00",0.75,56.25,9.75,4.56
"2022-05-19 02:00:00",0.44,56.78,10.82,4.6
"2022-05-19 03:00:00",0.71,53.47,11.52,5.07
"2022-05-19 04:00:00",0.46,52.5,11.13,5.11
"2022-05-19 05:00:00",14.63,44.93,13.68,5.65
"2022-05-19 06:00:00",16.94,40.78,13.43,5.58
"2022-05-19 07:00:00",4.26,60.21,13.13,5.66
"2022-05-19 08:00:00",2.78,66.07,11.3,5.55
"2022-05-19 09:00:00",1.62,72.06,10.54,5.23
"2022-05-19 10:00:00",1.16,80.27,9.02,4.3
"2022-05-19 11:00:00",1.36,80.95,7.74,4.05
"2022-05-19 12:00:00",0.57,83.9,7.79,3.74
"2022-05-19 13:00:00",0.29,83.81,7.81,3.57
"2022-05-19 14:00:00",0.82,88.6,7.97,3.53
"2022-05-19 15:00:00",1.22,93.07,8.84,3.59
"2022-05-19 16:00:00",1.44,90.08,8.38,3.56
"2022-05-19 17:00:00",3.28,84.51,8.05,3.88
"2022-05-19 18:00:00",2.04,84.44,7.56,4
"2022-05-19 19:00:00",2.06,78.9,8.34,4.84
"2022-05-19 20:00:00",2.35,75.35,9.39,5.38
"2022-05-19 21:00:00",2.55,73.92,8.99,5.59
"2022-05-19 22:00:00",1.96,73.62,12.61,7.41
"2022-05-19 23:00:00",0.75,75.4,11.27,6.04
"2022-05-20 00:00:00",0.2,75.36,9.51,5.37
"2022-05-20 01:00:00",-0.21,77.77,9.37,4.93
"2022-05-20 02:00:00",-0.4,77.39,9.39,4.87
"2022-05-20 03:00:00",-0.42,77.84,10.45,5.03
"2022-05-20 04:00:00",-0.41,78.15,9.36,4.75
"2022-05-20 05:00:00",-0.38,77.95,8.59,4.59
"2022-05-20 06:00:00",0.63,71.22,6.86,4.05
"2022-05-20 07:00:00",2.19,68.98,5.1,3.26
"2022-05-20 08:00:00",5.02,66.03,7.14,4.44
"2022-05-20 09:00:00",4.73,67.46,5.2,3.23
"2022-05-20 10:00:00",4.01,69.4,3.24,2
"2022-05-20 11:00:00",9.9,60.08,6.71,2.33
"2022-05-20 12:00:00",6,61.17,7.38,4.16
"2022-05-20 13:00:00",8.91,62.69,14.19,7.12
"2022-05-20 14:00:00",7.94,64.36,17.4,6.87
"2022-05-20 15:00:00",9.03,64.54,21.17,6.51
"2022-05-20 16:00:00",7.58,64.81,18.32,6.57
"2022-05-20 17:00:00",7.21,64.91,18.29,6.89
"2022-05-20 18:00:00",6.04,64.57,15.56,6.25
"2022-05-20 19:00:00",5.22,65.6,16.01,6.91
"2022-05-20 20:00:00",6.63,64.69,16.46,7.35
"2022-05-20 21:00:00",12.4,56.71,13.57,6.59
"2022-05-20 22:00:00",7.88,54.39,14.99,6.77
"2022-05-20 23:00:00",1.57,58.53,12.78,6.23
"2022-05-21 00:00:00",1.87,54.24,12.02,6.08
"2022-05-21 01:00:00",0.96,55.22,13.29,6.73
"2022-05-21 02:00:00",0.2,54.18,11.82,6.15
"2022-05-21 03:00:00",0.47,48,11.17,5.73
"2022-05-21 04:00:00",0.2,47.72,12.08,6.32
"2022-05-21 05:00:00",-0.05,50.88,11.75,6.09
"2022-05-21 06:00:00",0.96,50.22,11,5.75
"2022-05-21 07:00:00",1.72,49.4,10.46,5.76
"2022-05-21 08:00:00",1.67,49.86,7.5,4.43
"2022-05-21 09:00:00",0.97,56.05,6.81,3.61
"2022-05-21 10:00:00",1.41,62.54,5.44,2.92
"2022-05-21 11:00:00",1.63,66.25,6.89,3.55
"2022-05-21 12:00:00",3.39,64.57,8.66,4.85
"2022-05-21 13:00:00",3.5,64.61,9.36,4.99
"2022-05-21 14:00:00",2.36,71.56,10.38,4.11
"2022-05-21 15:00:00",1.01,75.28,10.31,3.77
"2022-05-21 16:00:00",0.72,76.72,7.57,3.5
"2022-05-21 17:00:00",1.46,72.09,7.71,3.9
"2022-05-21 18:00:00",1.34,71.32,6.48,3.55
"2022-05-21 19:00:00",1.05,70.56,5.74,3.58
"2022-05-21 20:00:00",1.76,69.57,4.74,3.05
"2022-05-21 21:00:00",2.75,63.87,6.41,4.46
"2022-05-21 22:00:00",3.86,57.68,8.26,5.74
"2022-05-21 23:00:00",2.26,59.08,7.33,5.38
"2022-05-22 00:00:00",1.22,58.89,5.23,3.81
"2022-05-22 01:00:00",0.37,61.6,2.85,1.98
"2022-05-22 02:00:00",-0.22,59.98,2.04,1.16
"2022-05-22 03:00:00",0.15,54.29,1.58,0.91
"2022-05-22 04:00:00",-0.18,62.98,3,1.77
"2022-05-22 05:00:00",-0.38,67.17,6.11,3.79
"2022-05-22 06:00:00",0.81,62.09,6.39,3.73
"2022-05-22 07:00:00",0.64,57.25,6.04,3.57
"2022-05-22 08:00:00",0.25,59.37,6.91,4.12
"2022-05-22 09:00:00",0.15,60.56,8.8,4.82
"2022-05-22 10:00:00",0.3,62.42,8.57,5.39
"2022-05-22 11:00:00",1.37,67.38,9.47,5.14
"2022-05-22 12:00:00",0.8,69.66,8.53,4.73
"2022-05-22 13:00:00",0.73,69,7.95,4.68
"2022-05-22 14:00:00",1.2,69.75,5.74,3.33
"2022-05-22 15:00:00",3.7,66.57,7.11,3.73
"2022-05-22 16:00:00",2.78,68.16,6.76,3.81
"2022-05-22 17:00:00",4.04,60.23,9.12,4.22
"2022-05-22 18:00:00",1.5,59.18,8.46,3.71
"2022-05-22 19:00:00",4.95,55.8,9.03,4.33
"2022-05-22 20:00:00",5.87,53.8,8.31,4.29
"2022-05-22 21:00:00",2.03,56.65,5.78,3.86
"2022-05-22 22:00:00",4.94,65.79,6.19,3.29
"2022-05-22 23:00:00",0.96,70.44,6.95,3.29
"2022-05-23 00:00:00",2.31,62.23,9.97,5.7
"2022-05-23 01:00:00",2.36,58.1,5.73,3.15
"2022-05-23 02:00:00",2.21,60.22,4.25,2.34
"2022-05-23 03:00:00",0.62,65.5,2.47,1.28
"2022-05-23 04:00:00",1.67,61.28,2.19,1.15
"2022-05-23 05:00:00",1.13,60.56,4.88,2.26
"2022-05-23 06:00:00",4.63,58.51,4.46,2.36
"2022-05-23 07:00:00",10.96,53.45,4.07,2.22
"2022-05-23 08:00:00",14.7,53.95,4.72,2.28
"2022-05-23 09:00:00",13.45,58.95,3.3,1.63
"2022-05-23 10:00:00",8.64,66.43,3.08,1.62
"2022-05-23 11:00:00",6.97,64.87,2.07,0.91
"2022-05-23 12:00:00",8.44,63.08,2.46,1.15
"2022-05-23 13:00:00",4.89,71.19,2.12,0.86
"2022-05-23 14:00:00",4.74,70.92,3.43,1.17
"2022-05-23 15:00:00",6.6,69.29,3.69,1.32
"2022-05-23 16:00:00",5.94,68.82,6.65,1.71
"2022-05-23 17:00:00",5.47,70.9,6.8,1.92
"2022-05-23 18:00:00",5.66,70.88,4.41,1.65
"2022-05-23 19:00:00",3.49,73.06,4.08,1.76
"2022-05-23 20:00:00",4.23,69.3,4.46,2.01
"2022-05-23 21:00:00",6.12,64.08,5.02,2.06
"2022-05-23 22:00:00",4.58,63.48,4.51,2.09
"2022-05-23 23:00:00",5.62,59.24,4.31,1.82
"2022-05-24 00:00:00",12.37,51.94,4.69,2.11
"2022-05-24 01:00:00",1.05,59.28,5.19,1.88
"2022-05-24 02:00:00",0.26,59.55,3.45,1.48
"2022-05-24 03:00:00",1.07,54.58,3.15,1.26
"2022-05-24 04:00:00",1.01,49.29,3.58,1.68
"2022-05-24 05:00:00",2,45.33,3.82,1.61
"2022-05-24 06:00:00",6.88,38.48,5.25,1.82
"2022-05-24 07:00:00",9.46,46.75,6.69,2.07
"2022-05-24 08:00:00",9.69,49.93,8.24,2.36
"2022-05-24 09:00:00",7.93,55.3,6.59,2.01
"2022-05-24 10:00:00",5.72,62.12,3.8,1.22
"2022-05-24 11:00:00",5.19,61.77,4.83,1.4
"2022-05-24 12:00:00",7.54,54.4,4.82,2.03
"2022-05-24 13:00:00",4.58,61.08,4.9,1.85
"2022-05-24 14:00:00",6.46,60.93,7.19,2.48
"2022-05-24 15:00:00",6.28,62.5,8.66,2.64
"2022-05-24 16:00:00",6.26,68.46,9.51,2.66
"2022-05-24 17:00:00",6.95,77.08,10.28,3.7
"2022-05-24 18:00:00",7.43,76.97,7.91,3.33
"2022-05-24 19:00:00",6.08,72.46,7.13,2.94
"2022-05-24 20:00:00",17.55,57.29,10.66,4.94
"2022-05-24 21:00:00",3.65,65.72,7.26,3.5
"2022-05-24 22:00:00",2.71,59.97,5.65,2.93
"2022-05-24 23:00:00",0.82,62.58,2.94,1.56
"2022-05-25 00:00:00",-0.22,58.56,2.65,1.44
"2022-05-25 01:00:00",-0.19,66.99,2.81,1.87
"2022-05-25 02:00:00",0.25,67.38,2.84,1.93
"2022-05-25 03:00:00",-0.27,61.93,1.77,1.14
"2022-05-25 04:00:00",7.95,50.91,1.39,0.83
"2022-05-25 05:00:00",0.87,70.37,3.69,2.22
"2022-05-25 06:00:00",3.26,68.2,6.74,3.87
"2022-05-25 07:00:00",6.01,63.37,11.73,6.12
"2022-05-25 08:00:00",6.82,58.29,4.69,2.61
"2022-05-25 09:00:00",7.01,54.25,8.35,3.86
"2022-05-25 10:00:00",5.59,58.48,5.14,2.92
"2022-05-25 11:00:00",5.04,57.87,7.77,3.22
"2022-05-25 12:00:00",5.4,58.88,6.49,2.45
"2022-05-25 13:00:00",4.9,60.02,9.13,3.3
"2022-05-25 14:00:00",7.21,58.07,9.94,3.02
"2022-05-25 15:00:00",6.36,58.09,9,3.2
"2022-05-25 16:00:00",6.5,56.54,11.92,3.57
"2022-05-25 17:00:00",6.76,56.72,9.09,3.01
"2022-05-25 18:00:00",5.95,57.37,8.63,3.46
"2022-05-25 19:00:00",3.86,56.53,8.55,3.63
"2022-05-25 20:00:00",6.15,52.2,6.75,2.98
"2022-05-25 21:00:00",4.13,52.66,6.62,3.12
"2022-05-25 22:00:00",4.46,54.78,9.04,3.96
"2022-05-25 23:00:00",11.76,47.4,11.06,5.16
"2022-05-26 00:00:00",3.86,55.91,9.3,5.2
"2022-05-26 01:00:00",-0.25,56.63,5.3,3.23
"2022-05-26 02:00:00",-0.91,51.31,3.92,2.51
"2022-05-26 03:00:00",-0.57,48.22,7.45,4.91
"2022-05-26 04:00:00",-0.35,52.98,8.97,5.76
"2022-05-26 05:00:00",5.25,47.05,4.91,3.58
"2022-05-26 06:00:00",17.64,36.71,3.36,2.02
"2022-05-26 07:00:00",17.11,38.57,3.01,1.46
"2022-05-26 08:00:00",22.21,32.75,2.54,1.09
"2022-05-26 09:00:00",11.93,44.79,3.02,1.01
"2022-05-26 10:00:00",8.32,48.51,2.99,1.44
"2022-05-26 11:00:00",6.93,51.02,3.01,1.51
"2022-05-26 12:00:00",7.56,56.72,1.82,0.85
"2022-05-26 13:00:00",7.85,59.25,1.91,0.94
"2022-05-26 14:00:00",7.72,55.48,4.46,2.08
"2022-05-26 15:00:00",6.62,58.54,8.51,2.76
"2022-05-26 16:00:00",4.8,64.09,15.33,4.61
"2022-05-26 17:00:00",6.14,68.57,17.42,6.56
"2022-05-26 18:00:00",4.37,71.66,15.63,7.02
"2022-05-26 19:00:00",4.6,73.66,15.98,7.68
"2022-05-26 20:00:00",5.11,77.64,18.02,8.24
"2022-05-26 21:00:00",6.26,78.79,16.81,8.36
"2022-05-26 22:00:00",5.94,74.59,18.46,8.54
"2022-05-26 23:00:00",6.64,66.72,18.22,8.36
"2022-05-27 00:00:00",2.92,65.84,18.58,8.43
"2022-05-27 01:00:00",1.35,61.95,17.84,8.6
"2022-05-27 02:00:00",3.52,61.18,18.29,8.63
"2022-05-27 03:00:00",1.32,62.92,18.65,8.52
"2022-05-27 04:00:00",2.67,60.14,18.51,8.75
"2022-05-27 05:00:00",4.69,59.02,17.93,8.93
"2022-05-27 06:00:00",9.17,47.66,16.22,8.56
"2022-05-27 07:00:00",16.66,34.49,17.56,8.53
"2022-05-27 08:00:00",17.08,53.7,22.98,9.28
"2022-05-27 09:00:00",8.8,72.85,18.4,8.71
"2022-05-27 10:00:00",6.85,77.25,18.65,8.55
"2022-05-27 11:00:00",4.56,81.39,16.09,7.9
"2022-05-27 12:00:00",4.91,80.14,18.78,8.03
"2022-05-27 13:00:00",5.5,79.79,17.93,7.86
"2022-05-27 14:00:00",5.99,80.37,18.89,8.2
"2022-05-27 15:00:00",5.81,80.12,17.8,8.42
"2022-05-27 16:00:00",6.72,78.31,19.9,8.5
"2022-05-27 17:00:00",6.27,76.9,19.16,8.25
"2022-05-27 18:00:00",6.21,74.25,17.47,7.83
"2022-05-27 19:00:00",5.55,76.31,13.67,7.49
"2022-05-27 20:00:00",9.09,67.95,14.54,7.96
"2022-05-27 21:00:00",8.87,63.95,15.96,8
"2022-05-27 22:00:00",7.52,56.33,14.84,7.4
"2022-05-27 23:00:00",8.85,51.98,16.13,8.36
"2022-05-28 00:00:00",5.44,50.87,13.23,7.59
"2022-05-28 01:00:00",4.45,47.21,12.72,7.07
"2022-05-28 02:00:00",7.76,40.05,14.55,8.21
"2022-05-28 03:00:00",2.85,51.93,12.44,6.37
"2022-05-28 04:00:00",1.48,48.63,11.98,6.12
"2022-05-28 05:00:00",29.65,15.15,12.2,6.46
"2022-05-28 06:00:00",11.2,35.38,13.63,7
"2022-05-28 07:00:00",7.74,43.54,13.97,6.94
"2022-05-28 08:00:00",8.28,44.37,12.14,6.76
"2022-05-28 09:00:00",6.35,50.75,12.73,6.85
"2022-05-28 10:00:00",2.5,63.49,12.12,6.51
"2022-05-28 11:00:00",3.14,65.3,10.85,6.33
"2022-05-28 12:00:00",4.89,67.54,11.44,6.73
"2022-05-28 13:00:00",2.49,73.4,11.35,6.69
"2022-05-28 14:00:00",3.9,78.72,11.33,6.23
"2022-05-28 15:00:00",3.43,83.47,9.19,5.46
"2022-05-28 16:00:00",3.6,83.96,9.21,5.16
"2022-05-28 17:00:00",3.95,87.06,10.78,6.7
"2022-05-28 18:00:00",5.66,86.66,12.99,8.46
"2022-05-28 19:00:00",5.38,82.24,8.94,4.62
"2022-05-28 20:00:00",7.79,73.97,9.44,5.48
"2022-05-28 21:00:00",7.1,72.49,10.62,6.37
"2022-05-28 22:00:00",6.62,68.41,9.1,5.81
"2022-05-28 23:00:00",7.26,60.45,11.96,7.53
"2022-05-29 00:00:00",8.17,52.78,10.18,6.43
"2022-05-29 01:00:00",7.61,48.2,9.91,5.67
"2022-05-29 02:00:00",6.36,48.66,10.75,6.24
"2022-05-29 03:00:00",3.94,46.78,8.62,5.14
"2022-05-29 04:00:00",3.26,45.19,8.54,5.35
"2022-05-29 05:00:00",1.75,50.61,7.16,4.2
"2022-05-29 06:00:00",1.89,50.54,6.9,3.77
"2022-05-29 07:00:00",1.96,52.31,7.37,3.59
"2022-05-29 08:00:00",1.43,57.13,6.14,3.43
"2022-05-29 09:00:00",1.73,59.37,8.04,4.05
"2022-05-29 10:00:00",2.63,59.43,7.23,3.84
"2022-05-29 11:00:00",2.35,62.22,7.28,3.65
"2022-05-29 12:00:00",3.24,64.32,7.57,3.22
"2022-05-29 13:00:00",2.71,67.72,6.31,3.23
"2022-05-29 14:00:00",3.53,67.66,7.5,3.54
"2022-05-29 15:00:00",2.87,67.78,6.92,3.45
"2022-05-29 16:00:00",3.34,70.44,6.07,3.28
"2022-05-29 17:00:00",3.5,73.06,6.08,3.43
"2022-05-29 18:00:00",3.56,71.05,7.29,3.74
"2022-05-29 19:00:00",4.12,69.18,8.04,4
"2022-05-29 20:00:00",4.16,69.9,7.47,3.85
"2022-05-29 21:00:00",8.18,60.84,8.19,4.88
"2022-05-29 22:00:00",9.19,59.79,8.74,5.63
"2022-05-29 23:00:00",4.12,64.53,7.35,3.47
"2022-05-30 00:00:00",3.1,61.46,5.18,2.51
"2022-05-30 01:00:00",1.26,62.5,4.64,2.24
"2022-05-30 02:00:00",1.28,62.93,4.12,2.2
"2022-05-30 03:00:00",0.63,63.16,4.68,2.4
"2022-05-30 04:00:00",0.72,61.52,4.97,2.61
"2022-05-30 05:00:00",1.97,57.13,6.93,3.4
"2022-05-30 06:00:00",7.47,42.37,7.66,3.26
"2022-05-30 07:00:00",9.45,41.9,14.94,5.07
"2022-05-30 08:00:00",13.49,42.89,12.72,4.9
"2022-05-30 09:00:00",7.39,53.09,11.89,4.6
"2022-05-30 10:00:00",5.14,67.05,9.37,3.81
"2022-05-30 11:00:00",5.65,73.26,6.93,3.14
"2022-05-30 12:00:00",5.05,72.72,7.61,2.97
"2022-05-30 13:00:00",5.79,72.87,6.95,2.71
"2022-05-30 14:00:00",6.8,70.75,8.49,3.35
"2022-05-30 15:00:00",9.42,65.24,11.52,4.23
"2022-05-30 16:00:00",6.77,68.99,12,4.41
"2022-05-30 17:00:00",11.07,62.67,11.18,4.43
"2022-05-30 18:00:00",7.81,66.71,13.03,4.56
"2022-05-30 19:00:00",6.91,64.25,5.94,3.35
"2022-05-30 20:00:00",7.7,59.39,4.29,2.77
"2022-05-30 21:00:00",8.02,54.1,4.3,2.69
"2022-05-30 22:00:00",6.24,54.74,4.62,2.76
"2022-05-30 23:00:00",4.33,55.91,4.25,2.41
"2022-05-31 00:00:00",3.4,54.97,4.33,2.64
"2022-05-31 01:00:00",1.84,51.78,4.65,2.68
"2022-05-31 01:01:00",,
"2022-05-31 02:00:00",1.21,,4.89,2.53
"2022-05-31 02:01:00",,
"2022-05-31 03:00:00",0.68,,4.88,2.3
"2022-05-31 04:00:00",0.4,,5.24,2.24
"2022-05-31 05:00:00",10.34,,4.36,2.27
"2022-05-31 06:00:00",2.97,,4.8,2.33
"2022-05-31 07:00:00",8.89,,11.42,3.8
"2022-05-31 08:00:00",10.13,50.02,14.27,4.27
"2022-05-31 09:00:00",8.44,52.27,15.25,3.66
"2022-05-31 10:00:00",5.92,54.05,7.19,2.4
"2022-05-31 11:00:00",8.19,54.43,12.77,3.1
"2022-05-31 12:00:00",5.93,57.74,9.24,2.5
"2022-05-31 13:00:00",5.98,59.34,5.48,1.81
"2022-05-31 14:00:00",9.15,56.03,9.22,2.9
"2022-05-31 15:00:00",8.57,53.77,7.95,2.57
"2022-05-31 16:00:00",9.26,53.81,6.76,2.71
"2022-05-31 17:00:00",8.95,56.51,7.77,3.13
"2022-05-31 18:00:00",6.89,59.38,6.95,3.29
"2022-05-31 19:00:00",5.6,59.89,5.14,2.76
"2022-05-31 20:00:00",6.25,56.95,6.01,3
"2022-05-31 21:00:00",9.23,48.98,6.01,2.82
"2022-05-31 22:00:00",5.72,51.89,6.31,2.91
"2022-05-31 22:01:00",,
"2022-05-31 23:00:00",6.48,,5.01,2.4
"2022-05-31 23:01:00",,
"2022-06-01 00:00:00",3.82,,5.65,2.69
"2022-06-01 01:00:00",3.33,,7.64,3.73
"2022-06-01 02:00:00",4.52,,7,3.65
"2022-06-01 03:00:00",2.81,,7.74,3.93
"2022-06-01 04:00:00",4.95,,8.27,4.21
"2022-06-01 05:00:00",5.45,,8.04,4.09
"2022-06-01 06:00:00",4.9,,7.89,3.86
"2022-06-01 07:00:00",10.16,,9.18,4.26
"2022-06-01 08:00:00",10.19,51.34,12.36,3.57
"2022-06-01 09:00:00",7.18,58.78,3.06,1.38
"2022-06-01 09:01:00",,,,
"2022-06-01 10:01:00",,,,
"2022-06-01 11:00:00",4.27,66.26,3.71,1.04
"2022-06-01 12:00:00",3.45,66.75,12.26,2.43
"2022-06-01 13:00:00",2.44,67.33,15.3,3.16
"2022-06-01 14:00:00",5.61,66.37,12.21,2.75
"2022-06-01 15:00:00",6.13,67,12.21,2.81
"2022-06-01 16:00:00",8.2,67.19,5.88,2.03
"2022-06-01 17:00:00",7.04,70.8,5.74,2.1
"2022-06-01 18:00:00",4.3,74.55,5.65,1.94
"2022-06-01 19:00:00",3.22,75.9,4.08,1.76
"2022-06-01 20:00:00",5.72,69,5.03,2.47
"2022-06-01 21:00:00",9.47,57.56,7.29,3.03
"2022-06-01 22:00:00",10.14,52.57,6.09,3.51
"2022-06-01 23:00:00",8.34,46.14,5.4,3.09
"2022-06-01 23:01:00",,
"2022-06-02 00:00:00",3.07,,6.15,3.59
"2022-06-02 00:01:00",,
"2022-06-02 01:00:00",3.34,,7.41,5.08
"2022-06-02 02:00:00",2.46,,4.53,2.93
"2022-06-02 03:00:00",4.52,,7.35,5.16
"2022-06-02 04:00:00",4.74,,5.83,3.21
"2022-06-02 05:00:00",14.62,,5.14,3.38
"2022-06-02 06:00:00",19.22,,7.83,4.16
"2022-06-02 07:00:00",24.14,,8.84,4.64
"2022-06-02 08:00:00",11.56,,6.83,4.33
"2022-06-02 09:00:00",6.43,,6.02,3.25
"2022-06-02 10:00:00",8.64,,5.13,2.54
"2022-06-02 11:00:00",3.51,,6.55,3.09
"2022-06-02 12:00:00",7.38,,6.46,3.09
"2022-06-02 13:00:00",4.25,47.46,4.42,2.45
"2022-06-02 14:00:00",12.83,38.47,5.82,4.03
"2022-06-02 15:00:00",11.96,49.71,4.38,1.7
"2022-06-02 16:00:00",6.86,58.83,3.83,1.43
"2022-06-02 17:00:00",7.2,59.49,4.97,1.8
"2022-06-02 18:00:00",6.92,57.6,3.44,1.84
"2022-06-02 18:01:00",,
"2022-06-02 19:00:00",6.37,,4.65,2.1
"2022-06-02 19:01:00",,
"2022-06-02 20:00:00",7.72,,4.27,1.88
"2022-06-02 21:00:00",7.11,,4.51,2.03
"2022-06-02 22:00:00",8,,6.52,3.3
"2022-06-02 23:00:00",7.74,,7.08,3.7
"2022-06-03 00:00:00",4.34,,4.06,2.26
"2022-06-03 01:00:00",5.82,,4.16,2.47
"2022-06-03 02:00:00",2.62,,5.83,2.86
"2022-06-03 03:00:00",1.23,,4.81,2.65
"2022-06-03 04:00:00",3.28,,4.63,2.67
"2022-06-03 05:00:00",6.99,,7,3.61
"2022-06-03 06:00:00",8.1,,6.62,3.13
"2022-06-03 07:00:00",12.95,,8.32,3.4
"2022-06-03 08:00:00",16.08,,72.75,12.62
"2022-06-03 09:00:00",8.61,,9.44,3.12
"2022-06-03 10:00:00",6.65,,4.8,2.21
"2022-06-03 11:00:00",6.6,58.01,10.52,3.07
"2022-06-03 12:00:00",7.72,61.43,4.49,2.31
"2022-06-03 13:00:00",7.13,60.6,5.13,2.33
"2022-06-03 14:00:00",6.94,62.23,6.75,4.26
"2022-06-03 15:00:00",9.58,65.58,7.98,5.31
"2022-06-03 16:00:00",9.31,67.89,8.18,5.04
"2022-06-03 17:00:00",12.65,67.93,9.7,5.6
"2022-06-03 18:00:00",8.51,77.98,8.13,5.34
"2022-06-03 19:00:00",8.12,81.98,5.67,3.51
"2022-06-03 20:00:00",8.12,83.23,6.13,3.66
"2022-06-03 20:01:00",,
"2022-06-03 21:00:00",8.81,,6.46,4.22
"2022-06-03 21:01:00",,
"2022-06-03 22:00:00",13.27,,9.55,6.21
"2022-06-03 23:00:00",8.17,,8.06,5.73
"2022-06-04 00:00:00",6.85,,6.92,5.09
"2022-06-04 01:00:00",4,,7.84,5.41
"2022-06-04 02:00:00",3.25,,8.62,6.12
"2022-06-04 03:00:00",2.61,,9.39,6.47
"2022-06-04 04:00:00",2.39,,9.1,6.9
"2022-06-04 05:00:00",2.92,,10.61,7.48
"2022-06-04 06:00:00",3.85,,10.79,7.8
"2022-06-04 07:00:00",5.51,,12.23,7.87
"2022-06-04 08:00:00",5.27,,12.52,8.7
"2022-06-04 09:00:00",6.43,64.45,16.1,10.02
"2022-06-04 10:00:00",6.05,75.66,17.51,10.65
"2022-06-04 11:00:00",6.55,85.18,18.26,11.29
"2022-06-04 12:00:00",6.63,89.44,18.5,10.86
"2022-06-04 13:00:00",8.22,89.2,17.01,10.23
"2022-06-04 14:00:00",7.91,89.53,15.34,7.91
"2022-06-04 15:00:00",7.52,90.8,13.63,6.91
"2022-06-04 16:00:00",7.94,86.48,13.8,6.82
"2022-06-04 17:00:00",9.03,82.73,12,7.45
"2022-06-04 17:01:00",,
"2022-06-04 18:00:00",9.53,,12.24,8.34
"2022-06-04 18:01:00",,
"2022-06-04 19:00:00",11.42,,13.2,8.82
"2022-06-04 20:00:00",12.94,,13.74,9.52
"2022-06-04 21:00:00",9.79,,14.35,9.55
"2022-06-04 22:00:00",7.47,,13.99,9.66
"2022-06-04 23:00:00",7.9,,14.48,9.89
"2022-06-05 00:00:00",7.76,,13.37,9.35
"2022-06-05 01:00:00",6.47,,13.37,9.62
"2022-06-05 02:00:00",5.1,,13.65,9.77
"2022-06-05 03:00:00",3.91,,13.04,9.66
"2022-06-05 04:00:00",3.13,,13.55,9.99
"2022-06-05 05:00:00",3.03,,13.31,10.31
"2022-06-05 06:00:00",3.3,,13.78,10.66
"2022-06-05 07:00:00",4.82,,13.27,10.69
"2022-06-05 08:00:00",3.68,,13.86,10.85
"2022-06-05 09:00:00",4.18,,14.37,11.42
"2022-06-05 10:00:00",7.29,,17.21,12.44
"2022-06-05 11:00:00",5.84,,16.44,12.36
"2022-06-05 12:00:00",12.52,,16.12,11.34
"2022-06-05 13:00:00",10.79,,15.87,12.04
"2022-06-05 14:00:00",12.07,,11.39,9.37
"2022-06-05 15:00:00",8.27,,6.19,5.5
"2022-06-05 16:00:00",7.74,,7.26,6.33
"2022-06-05 17:00:00",7.16,,7.2,6.24
"2022-06-05 18:00:00",7.81,,9.12,7.9
"2022-06-05 19:00:00",11.04,,10.03,8.89
"2022-06-05 20:00:00",10.97,,10.67,9.66
"2022-06-05 21:00:00",12.29,,11.27,10.11
"2022-06-05 22:00:00",11.65,,10.33,9.1
"2022-06-05 23:00:00",9.75,,10.45,8.64
"2022-06-06 00:00:00",8.21,,10.01,8.09
"2022-06-06 01:00:00",6.8,,11.61,9.42
"2022-06-06 02:00:00",6.11,,12.4,10.26
"2022-06-06 03:00:00",4.84,,12.24,10.23
"2022-06-06 04:00:00",4.18,,11.02,9.29
"2022-06-06 05:00:00",3.84,,13.08,10.97
"2022-06-06 06:00:00",3.79,,11.9,9.99
"2022-06-06 07:00:00",7.45,,12.01,10.07
"2022-06-06 08:00:00",12.87,,9.22,7.62
"2022-06-06 09:00:00",8.78,,5.42,4.14
"2022-06-06 10:00:00",3.93,,2.93,2.09
"2022-06-06 11:00:00",3.85,,3.47,2.77
"2022-06-06 12:00:00",3.66,,4.01,2.9
"2022-06-06 13:00:00",2.85,,4.29,3.16
"2022-06-06 14:00:00",4.3,,4.76,3.35
"2022-06-06 15:00:00",8.18,,5.74,4.71
"2022-06-06 16:00:00",9.74,,7.56,5.51
"2022-06-06 17:00:00",7.8,,7.57,5.63
"2022-06-06 18:00:00",6.99,,7.69,5.77
"2022-06-06 19:00:00",10.45,,8.78,6.78
"2022-06-06 20:00:00",20.88,,9.86,7.19
"2022-06-06 21:00:00",11.51,,10.68,8.21
"2022-06-06 22:00:00",10.26,,11.89,9.88
"2022-06-06 23:00:00",4.46,,8.53,7
"2022-06-07 00:00:00",2.34,,8.68,6.85
"2022-06-07 01:00:00",1.01,,8.47,6.52
"2022-06-07 02:00:00",0.38,,9.01,6.67
"2022-06-07 03:00:00",0.11,,8.52,6.97
"2022-06-07 04:00:00",2.21,,9.61,7.5
"2022-06-07 05:00:00",10.09,,9.83,7.7
"2022-06-07 06:00:00",14.72,,10.1,7.84
"2022-06-07 07:00:00",13.24,,10.28,7.21
"2022-06-07 08:00:00",5.01,,9.14,6.98
"2022-06-07 09:00:00",1.87,,7.67,6.14
"2022-06-07 10:00:00",1.33,,7.51,5.22
"2022-06-07 11:00:00",1.2,,8.59,6.03
"2022-06-07 12:00:00",1.55,79.62,7.89,5.24
"2022-06-07 13:00:00",1.62,,7.06,4.28
"2022-06-07 14:00:00",1.37,,6.38,3.85
"2022-06-07 15:00:00",1.42,,6.47,3.68
"2022-06-07 16:00:00",3.26,,6.41,3.97
"2022-06-07 17:00:00",4.79,,5.9,3.98
"2022-06-07 18:00:00",4.48,,4.21,3.12
"2022-06-07 19:00:00",5.14,,3.57,2.74
"2022-06-07 20:00:00",6.92,,3.51,2.29
"2022-06-07 21:00:00",1.73,,1.68,1
"2022-06-07 22:00:00",1.47,,2.13,1.48
"2022-06-07 23:00:00",0.7,,3.47,2.27
"2022-06-08 00:00:00",8.14,,4.67,2.04
"2022-06-08 01:00:00",11.6,,9.07,3.6
"2022-06-08 02:00:00",14.18,,9.74,3.96
"2022-06-08 03:00:00",7.51,,7.26,3.44
"2022-06-08 04:00:00",5.31,,4.65,2.31
"2022-06-08 05:00:00",14.66,,8.82,3.91
"2022-06-08 06:00:00",17.19,,10.37,4.81
"2022-06-08 07:00:00",15.34,,10.21,4.78
"2022-06-08 08:00:00",16.23,,11.09,4.84
"2022-06-08 09:00:00",9.29,,15.4,5.69
"2022-06-08 10:00:00",6.1,,15.25,5.69
"2022-06-08 11:00:00",5.87,,27.63,8.4
"2022-06-08 12:00:00",5.83,,34.51,9.66
"2022-06-08 13:00:00",4.16,,21.93,7.36
"2022-06-08 14:00:00",5.85,,33.4,9.34
"2022-06-08 15:00:00",5.03,,34.28,8.71
"2022-06-08 16:00:00",5.87,,23.32,7.19
"2022-06-08 17:00:00",6.3,,18.84,7.04
"2022-06-08 18:00:00",4.8,,16.95,6.71
"2022-06-08 19:00:00",2.62,,15.5,6.63
"2022-06-08 20:00:00",4.09,,13.91,6.26
"2022-06-08 21:00:00",4.69,,15.51,6.96
"2022-06-08 22:00:00",7.26,,17.25,7.43
"2022-06-08 23:00:00",1.77,,16.24,7.62
"2022-06-09 00:00:00",0.96,,14.84,7.14
"2022-06-09 01:00:00",1.35,,13.27,6.6
"2022-06-09 02:00:00",0.56,,13.27,6.99
"2022-06-09 03:00:00",0.08,,9.67,5.09
"2022-06-09 04:00:00",0.43,,8,4.94
"2022-06-09 05:00:00",0.63,,5.73,3.78
"2022-06-09 06:00:00",1.67,,5.55,3.34
"2022-06-09 07:00:00",2.6,,5.55,3.33
"2022-06-09 08:00:00",3.81,,3.92,2.14
"2022-06-09 09:00:00",2.37,,1.41,0.74
"2022-06-09 10:00:00",1.57,,2,0.6
"2022-06-09 11:00:00",6.94,,6.27,3.01
"2022-06-09 12:00:00",2.64,,14.23,7.34
"2022-06-09 13:00:00",1.79,,14.87,8.35
"2022-06-09 14:00:00",3.73,,20.62,10.37
"2022-06-09 15:00:00",3.23,,22.22,11.96
"2022-06-09 16:00:00",2.52,,25.25,13.21
"2022-06-09 17:00:00",2.49,,22.87,12.3
"2022-06-09 18:00:00",1.9,,21.27,11.94
"2022-06-09 19:00:00",1.2,,18.64,10.95
"2022-06-09 20:00:00",1.17,,18.03,10.42
"2022-06-09 21:00:00",2.57,,18.61,11
"2022-06-09 22:00:00",3.47,,22.23,12.76
"2022-06-09 23:00:00",2.08,,23.52,13.66
"2022-06-10 00:00:00",0.88,,21.93,12.37
"2022-06-10 01:00:00",0.41,,22.66,12.51
"2022-06-10 02:00:00",-0.19,,21.54,11.96
"2022-06-10 03:00:00",-0.2,,20.57,11.3
"2022-06-10 04:00:00",-0.37,,20.68,11.28
"2022-06-10 05:00:00",0.26,,19.97,10.49
"2022-06-10 06:00:00",0.82,,18.21,9.69
"2022-06-10 07:00:00",1.22,,16.11,8.76
"2022-06-10 08:00:00",2.22,,16,8.1
"2022-06-10 09:00:00",1.87,,14.89,7.51
"2022-06-10 10:00:00",1.54,,11.8,6.21
"2022-06-10 11:00:00",1.36,,10.89,6.08
"2022-06-10 12:00:00",2.09,,10.32,6.22
"2022-06-10 13:00:00",0.99,,7.91,4.88
"2022-06-10 14:00:00",0.96,,10.19,5.39
"2022-06-10 15:00:00",1.02,,13.6,6.04
"2022-06-10 16:00:00",0.61,,11.93,5.59
"2022-06-10 17:00:00",0.52,,13.16,6.4
"2022-06-10 18:00:00",2.64,,13.69,6.63
"2022-06-10 19:00:00",4.52,,11.85,6.51
"2022-06-10 20:00:00",1.16,,13.99,7.44
"2022-06-10 21:00:00",1.07,,14.32,8.19
"2022-06-10 22:00:00",0.36,,13.23,7.61
"2022-06-10 23:00:00",-0.2,,14.31,8.16
"2022-06-11 00:00:00",-0.2,,12.54,7.67
"2022-06-11 01:00:00",-0.23,,10.37,6.91
"2022-06-11 02:00:00",-0.5,,7.73,5.17
"2022-06-11 03:00:00",-0.44,,10.17,6.61
"2022-06-11 04:00:00",0.15,,11.49,7.08
"2022-06-11 05:00:00",0.09,,12.11,6.71
"2022-06-11 06:00:00",0.43,,12.21,6.84
"2022-06-11 07:00:00",0.79,,10.8,6.24
"2022-06-11 08:00:00",0.79,,12.87,7.33
"2022-06-11 09:00:00",11.42,,14.91,7.86
"2022-06-11 10:00:00",9.96,,12.28,6.81
"2022-06-11 11:00:00",13.58,,11.52,6.2
"2022-06-11 12:00:00",8.72,,20.55,7.78
"2022-06-11 13:00:00",7.15,,16.38,8.22
"2022-06-11 14:00:00",5.86,,15.63,8
"2022-06-11 15:00:00",10.12,,16.07,8.29
"2022-06-11 16:00:00",4.99,,16.9,7.68
"2022-06-11 17:00:00",1.77,,21.94,9.44
"2022-06-11 18:00:00",2.23,,20.77,9.9
"2022-06-11 19:00:00",4.31,,22.47,10.65
"2022-06-11 20:00:00",3.23,,15.17,8.23
"2022-06-11 21:00:00",5.97,,20.94,11.04
"2022-06-11 22:00:00",5.9,,22.27,11.38
"2022-06-11 23:00:00",5.29,,21.39,11.73
"2022-06-12 00:00:00",5.05,,25.27,13.43
"2022-06-12 01:00:00",1.5,,25.72,13.39
"2022-06-12 02:00:00",4.12,,24.91,12.91
"2022-06-12 03:00:00",0.71,,25.65,13.02
"2022-06-12 04:00:00",0.86,,23.55,12.42
"2022-06-12 05:00:00",2.22,,22.25,11.84
"2022-06-12 06:00:00",0.72,,22.01,11.35
"2022-06-12 07:00:00",1.34,,18.33,10.2
"2022-06-12 08:00:00",7.76,,15.75,8.44
"2022-06-12 09:00:00",2.46,,12.43,6.38
"2022-06-12 10:00:00",0.95,,7.93,4.15
"2022-06-12 11:00:00",2.23,,8.88,4.17
"2022-06-12 12:00:00",2.11,,9.32,4.16
"2022-06-12 13:00:00",2.65,,7.68,3.5
"2022-06-12 14:00:00",2.7,,8.61,4.1
"2022-06-12 15:00:00",2.27,,8.65,4.57
"2022-06-12 16:00:00",2.8,,8.4,4
"2022-06-12 17:00:00",2.89,,8.86,3.92
"2022-06-12 18:00:00",2.23,,8.18,3.74
"2022-06-12 19:00:00",3.27,,9.06,4.08
"2022-06-12 20:00:00",3.58,,9.42,4.42
"2022-06-12 21:00:00",4.48,,11.1,4.64
"2022-06-12 22:00:00",4.39,,9.31,4.16
"2022-06-12 23:00:00",3.26,,12.1,4.97
"2022-06-13 00:00:00",3.09,,12.75,5.03
"2022-06-13 01:00:00",2.44,,11.07,4.81
"2022-06-13 02:00:00",3.95,,9.47,4.29
"2022-06-13 03:00:00",0.07,,12.33,5.31
"2022-06-13 04:00:00",1.77,,13.54,5.29
"2022-06-13 05:00:00",0.48,,11.27,5.04
"2022-06-13 06:00:00",2.2,,10.84,4.76
"2022-06-13 07:00:00",8.27,,11.5,4.44
"2022-06-13 08:00:00",7.89,,13.42,5.1
"2022-06-13 09:00:00",9.38,,12.13,4.9
"2022-06-13 10:00:00",8.32,,13.26,5.28
"2022-06-13 11:00:00",12.87,,15.65,6.24
"2022-06-13 12:00:00",11.31,,14.88,5.27
"2022-06-13 13:00:00",6.67,,12.44,5.41
"2022-06-13 14:00:00",8.05,,14.26,5.66
"2022-06-13 15:00:00",9.8,,12.96,5.36
"2022-06-13 16:00:00",9.42,,11.71,4.58
"2022-06-13 17:00:00",11.94,,12.56,4.21
"2022-06-13 18:00:00",10.69,,12.18,4.36
"2022-06-13 19:00:00",9.2,,10.11,3.95
"2022-06-13 20:00:00",7.01,,6.94,3
"2022-06-13 21:00:00",9.94,,8.35,3.36
"2022-06-13 22:00:00",5.15,,7.14,3.26
"2022-06-13 23:00:00",6.04,,8.05,3.76
"2022-06-14 00:00:00",1.83,,7.57,3.23
"2022-06-14 01:00:00",3.94,,6.33,3.56
"2022-06-14 02:00:00",1.25,,7.37,3.63
"2022-06-14 03:00:00",1.33,,6.87,3.59
"2022-06-14 04:00:00",1.14,,5.55,2.86
"2022-06-14 05:00:00",2.21,,5.21,2.72
"2022-06-14 06:00:00",3.92,,4.83,2.64
"2022-06-14 07:00:00",5.16,,5.19,2.57
"2022-06-14 08:00:00",3.46,,5.69,2.76
"2022-06-14 09:00:00",4.58,,8.35,3.76
"2022-06-14 10:00:00",4.33,,14.75,5.27
"2022-06-14 11:00:00",9.86,,26.28,7.44
"2022-06-14 12:00:00",1.71,,8.64,3.81
"2022-06-14 13:00:00",1.31,,7.68,3.56
"2022-06-14 14:00:00",12.81,,16.14,5.47
"2022-06-14 15:00:00",7.78,,20.65,6.23
"2022-06-14 16:00:00",6.96,,14.92,4.89
"2022-06-14 17:00:00",5.73,,9.3,3.97
"2022-06-14 18:00:00",9.98,,9.21,4.18
"2022-06-14 19:00:00",13,,10.38,4.46
"2022-06-14 20:00:00",6.81,,10.17,4.59
"2022-06-14 21:00:00",7.73,,8.68,3.92
"2022-06-14 22:00:00",8.52,,8.57,3.69
"2022-06-14 23:00:00",6.53,,8.89,4.37
"2022-06-15 00:00:00",5.24,,8.96,4.17
"2022-06-15 01:00:00",4.11,,7.76,3.96
"2022-06-15 02:00:00",4.94,,8.99,4.89
"2022-06-15 03:00:00",4.58,,9.75,5.99
"2022-06-15 04:00:00",7.17,,8.85,5.52
"2022-06-15 05:00:00",28.93,,8.63,5.42
"2022-06-15 06:00:00",15.04,,9.07,4.94
"2022-06-15 07:00:00",19.42,,9.58,4.77
"2022-06-15 08:00:00",9.42,,7.82,3.83
"2022-06-15 09:00:00",1.71,,6.48,2.76
"2022-06-15 10:00:00",0.77,,5.6,2.49
"2022-06-15 11:00:00",0.95,,6.18,2.81
"2022-06-15 12:00:00",1.44,,7.1,2.83
"2022-06-15 13:00:00",3.04,,6.59,2.93
"2022-06-15 14:00:00",4.64,,8.7,3.35
"2022-06-15 15:00:00",5.39,,9.68,3.66
"2022-06-15 16:00:00",6.38,,8.07,3.46
"2022-06-15 17:00:00",8.25,,7.45,3.39
"2022-06-15 18:00:00",6.53,,7.35,3.46
"2022-06-15 19:00:00",5.84,,6.91,3.55
"2022-06-15 20:00:00",6.92,,7.72,3.75
"2022-06-15 21:00:00",11.82,,8.09,3.64
"2022-06-15 22:00:00",6.98,,6.81,3.34
"2022-06-15 23:00:00",8.46,,7.81,3.87
"2022-06-16 00:00:00",9.12,,8.3,4.37
"2022-06-16 01:00:00",8.05,,9.07,5.13
"2022-06-16 02:00:00",5.24,,7.65,5.14
"2022-06-16 03:00:00",3.36,,7.28,4.37
"2022-06-16 04:00:00",2.62,,5.98,3.69
"2022-06-16 05:00:00",5.66,,5.54,3.47
"2022-06-16 06:00:00",7.79,,5.84,3.57
"2022-06-16 07:00:00",11.63,,6.6,3.54
"2022-06-16 08:00:00",5.47,,5.19,2.82
"2022-06-16 09:00:00",2.92,,4.91,2.68
"2022-06-16 10:00:00",1.64,,4.9,2.78
"2022-06-16 11:00:00",1.93,,5.23,2.92
"2022-06-16 12:00:00",1.56,,5.06,2.83
"2022-06-16 13:00:00",1.03,,7.19,3.15
"2022-06-16 14:00:00",1.05,,9.48,3.37
"2022-06-16 15:00:00",1.19,,10.12,3.4
"2022-06-16 16:00:00",1.59,,8.15,2.8
"2022-06-16 17:00:00",1.48,,7.66,2.41
"2022-06-16 18:00:00",1.69,,7.9,2.5
"2022-06-16 19:00:00",2.32,,7.62,2.89
"2022-06-16 20:00:00",2.1,,8.16,2.84
"2022-06-16 21:00:00",3.35,,6.95,2.74
"2022-06-16 22:00:00",3.4,,7.01,3.19
"2022-06-16 23:00:00",2.64,,7.98,4.22
"2022-06-17 00:00:00",2.05,,8.47,4.2
"2022-06-17 01:00:00",1.15,,8.43,4.83
"2022-06-17 02:00:00",0.46,,8.44,4.9
"2022-06-17 03:00:00",0.54,,9.09,5.36
"2022-06-17 04:00:00",0.66,,10.24,6.15
"2022-06-17 05:00:00",0.93,,11.71,7.18
"2022-06-17 06:00:00",1.74,,12.36,7.53
"2022-06-17 07:00:00",5.53,,12.51,7.67
"2022-06-17 08:00:00",9.86,,14.64,8.04
"2022-06-17 09:00:00",17.69,,33.57,10.37
"2022-06-17 10:00:00",13.22,,10.29,4.11
"2022-06-17 11:00:00",9.28,,4.14,1.32
"2022-06-17 12:00:00",8.13,,5.8,1.37
"2022-06-17 13:00:00",6.23,,4.27,1.29
"2022-06-17 14:00:00",9.15,,4.38,1.37
"2022-06-17 15:00:00",8.92,,5.27,1.39
"2022-06-17 16:00:00",7.35,,5.34,2.22
"2022-06-17 17:00:00",5.87,,7.45,3.55
"2022-06-17 18:00:00",7.56,,11.66,5.15
"2022-06-17 19:00:00",8.26,,13.05,5.96
"2022-06-17 20:00:00",6.48,,14.4,6.01
"2022-06-17 21:00:00",5.78,,17.02,7.13
"2022-06-17 22:00:00",6.77,,15.62,7.14
"2022-06-17 23:00:00",4.99,,18.27,8.09
"2022-06-18 00:00:00",3.71,,21.34,8.3
"2022-06-18 01:00:00",3.27,,18.4,7.86
"2022-06-18 02:00:00",3.99,,15.88,7.22
"2022-06-18 03:00:00",5.11,,12.14,6.04
"2022-06-18 04:00:00",1.4,,12.22,5.69
"2022-06-18 05:00:00",1.17,,16.12,6.2
"2022-06-18 06:00:00",2.97,,15.56,6.46
"2022-06-18 07:00:00",3.53,,17.54,7.48
"2022-06-18 08:00:00",3.07,,17.88,7.53
"2022-06-18 09:00:00",5.87,,22.32,8.29
"2022-06-18 10:00:00",6.1,,26.32,8.88
"2022-06-18 11:00:00",6.35,,18.68,7.97
"2022-06-18 12:00:00",5.45,,15.53,7.2
"2022-06-18 13:00:00",3.9,,12.27,5.92
"2022-06-18 14:00:00",4.24,,11.18,4.99
"2022-06-18 15:00:00",2.75,,10.84,4.9
"2022-06-18 16:00:00",2.72,,10.61,4.71
"2022-06-18 17:00:00",2.55,,11.86,5.27
"2022-06-18 18:00:00",3.01,,12.5,5.53
"2022-06-18 19:00:00",3.32,,12.3,5.85
"2022-06-18 20:00:00",3.31,,11.34,5.3
"2022-06-18 21:00:00",4.12,,13.39,6.2
"2022-06-18 22:00:00",7.2,,13.81,6.68
"2022-06-18 23:00:00",8.06,,12.07,5.98
"2022-06-19 00:00:00",5.29,,10.93,5.15
"2022-06-19 01:00:00",2.51,,10.68,4.97
"2022-06-19 02:00:00",1.6,,9.93,5.18
"2022-06-19 03:00:00",2.36,,12.24,5.58
"2022-06-19 04:00:00",1.32,,10.87,5.09
"2022-06-19 05:00:00",0.78,,9.75,4.33
"2022-06-19 06:00:00",1.24,,10.42,5.35
"2022-06-19 07:00:00",1.22,,10.76,5.04
"2022-06-19 08:00:00",0.95,,8.16,4.11
"2022-06-19 09:00:00",1.56,,16.28,6.95
"2022-06-19 10:00:00",2.44,,16.59,7.19
"2022-06-19 11:00:00",2.55,,16.28,7.01
"2022-06-19 12:00:00",3.34,,16.61,7.02
"2022-06-19 13:00:00",3.22,,14.57,6.24
"2022-06-19 14:00:00",3.42,,16.91,7.67
"2022-06-19 15:00:00",3.93,,14.87,7.15
"2022-06-19 16:00:00",4.12,,10.43,5.09
"2022-06-19 17:00:00",3.94,,13.06,6.22
"2022-06-19 18:00:00",3,,10.05,5.43
"2022-06-19 19:00:00",3.32,,8.72,4.91
"2022-06-19 20:00:00",3.52,,9.67,5.58
"2022-06-19 21:00:00",3.78,,10.5,6.04
"2022-06-19 22:00:00",4.61,,10.31,6.54
"2022-06-19 23:00:00",3.73,,8.96,5.45
"2022-06-20 00:00:00",2.5,,9.35,5.55
"2022-06-20 01:00:00",2.12,,10.28,5.69
"2022-06-20 02:00:00",1.22,,11.09,6
"2022-06-20 03:00:00",0.55,,10.13,5.52
"2022-06-20 04:00:00",0.56,,10.28,5.58
"2022-06-20 05:00:00",1.54,,10.88,5.47
"2022-06-20 06:00:00",3.06,,9.64,5.33
"2022-06-20 07:00:00",7.42,,10.28,5.33
"2022-06-20 08:00:00",8.58,,11.51,5.73
"2022-06-20 09:00:00",4.15,,10.4,5.72
"2022-06-20 10:00:00",2.53,,9.48,5.67
"2022-06-20 11:00:00",4.19,,12.57,6.07
"2022-06-20 12:00:00",5.37,,11.35,5.54
"2022-06-20 13:00:00",4.03,,12.95,5.53
"2022-06-20 14:00:00",4.62,,14.39,5.48
"2022-06-20 15:00:00",12.16,,16.29,5.96
"2022-06-20 16:00:00",14.71,,20.36,7.61
"2022-06-20 17:00:00",9.33,,17.28,6.82
"2022-06-20 18:00:00",10.36,,15.65,5.87
"2022-06-20 19:00:00",7.64,,18.12,5.72
"2022-06-20 20:00:00",11.49,,11.64,4.78
"2022-06-20 21:00:00",17.33,,7.86,4.34
"2022-06-20 22:00:00",15.05,,11.42,6.39
"2022-06-20 23:00:00",11,,12.06,7.63
"2022-06-21 00:00:00",6.17,,11,6.83
"2022-06-21 01:00:00",6.23,,7.16,4.56
"2022-06-21 02:00:00",2.26,,13.29,7.6
"2022-06-21 03:00:00",1.21,,11.16,7.58
"2022-06-21 04:00:00",0.78,,6.52,5.1
"2022-06-21 05:00:00",1.44,,4.13,2.94
"2022-06-21 06:00:00",3.73,,1.79,1.13
"2022-06-21 07:00:00",15.09,,6.02,3.74
"2022-06-21 08:00:00",12.11,,6.39,4.13
"2022-06-21 09:00:00",8.07,,4.59,2.45
"2022-06-21 10:00:00",8.44,,6.82,4.14
"2022-06-21 11:00:00",6.05,,8.19,6.2
"2022-06-21 12:00:00",7.99,,7.24,4.27
"2022-06-21 13:00:00",6.82,,8.43,5.43
"2022-06-21 14:00:00",7.05,,9.29,4.76
"2022-06-21 15:00:00",7.25,,6.24,2.59
"2022-06-21 16:00:00",7.51,,5.32,3.04
"2022-06-21 17:00:00",11.5,,6.74,2.98
"2022-06-21 18:00:00",6.83,,3.92,1.94
"2022-06-21 19:00:00",10.47,,6.06,2.76
"2022-06-21 20:00:00",15.28,,4.74,2.57
"2022-06-21 21:00:00",7.13,,4.21,2.72
"2022-06-21 22:00:00",10.55,,5.45,3.45
"2022-06-21 23:00:00",18.25,,4.69,2.68
"2022-06-22 00:00:00",5.97,,4.93,2.48
"2022-06-22 01:00:00",11.36,,5.37,2.61
"2022-06-22 02:00:00",3.18,,5.24,2.76
"2022-06-22 03:00:00",9.97,,6.37,3.22
"2022-06-22 04:00:00",6.23,,6.83,3.48
"2022-06-22 05:00:00",8.21,,7.07,3.89
"2022-06-22 06:00:00",8.91,,7.71,4.25
"2022-06-22 07:00:00",6.83,,8.96,4.63
"2022-06-22 08:00:00",13.38,,15.59,5.67
"2022-06-22 09:00:00",14.66,,15.69,5.19
"2022-06-22 10:00:00",10.36,,11.06,5.8
"2022-06-22 11:00:00",8.92,,9.8,5.04
"2022-06-22 12:00:00",5.21,,7.82,3.65
"2022-06-22 13:00:00",11.38,,7.2,3.45
"2022-06-22 14:00:00",16.85,,14.13,7.21
"2022-06-22 15:00:00",10.41,,8.06,4.46
"2022-06-22 16:00:00",9.19,,7.01,3.69
"2022-06-22 17:00:00",11.78,,8.91,3.53
"2022-06-22 18:00:00",7.96,,5.18,2.93
"2022-06-22 19:00:00",9.94,,4.9,2.68
"2022-06-22 20:00:00",12.33,,5.52,2.42
"2022-06-22 21:00:00",11.05,,7.15,5.16
"2022-06-22 22:00:00",8.78,,6.21,4.38
"2022-06-22 23:00:00",4.8,,3.81,2.12
"2022-06-23 00:00:00",3.41,,3.85,2.14
"2022-06-23 01:00:00",4.55,,3.64,2.67
"2022-06-23 02:00:00",5.03,,8.31,7.35
"2022-06-23 03:00:00",2.1,,6.41,5.18
"2022-06-23 04:00:00",4.19,,6.55,4.84
"2022-06-23 05:00:00",4.6,,6.43,4.59
"2022-06-23 06:00:00",4.36,,5.18,3.42
"2022-06-23 07:00:00",6.97,,3.8,2.93
"2022-06-23 08:00:00",14.69,,7.26,4.29
"2022-06-23 09:00:00",14.61,,5.85,3.26
"2022-06-23 10:00:00",7.66,,5.59,4.03
"2022-06-23 11:00:00",9.31,,6.59,4.31
"2022-06-23 12:00:00",1.77,,4.57,3.33
"2022-06-23 13:00:00",4.9,,4.84,2.73
"2022-06-23 14:00:00",4.37,,4.48,2.71
"2022-06-23 15:00:00",6.39,,9.92,4.84
"2022-06-23 16:00:00",6.98,,8.24,4.76
"2022-06-23 17:00:00",7.09,,4.75,2.43
"2022-06-23 18:00:00",8.52,,4.07,2.43
"2022-06-23 19:00:00",10.88,,4.02,2.21
"2022-06-23 20:00:00",9.99,,4.48,1.67
"2022-06-23 21:00:00",6.75,,3.65,1.64
"2022-06-23 22:00:00",7.08,,3.19,1.41
"2022-06-23 23:00:00",7.85,,3.22,1.34
"2022-06-24 00:00:00",10.17,,6.32,3.72
"2022-06-24 01:00:00",4.45,,6.38,3.76
"2022-06-24 02:00:00",1.18,,3.7,1.84
"2022-06-24 03:00:00",0.33,,2.14,1.23
"2022-06-24 04:00:00",0.23,,1.67,1.11
"2022-06-24 05:00:00",0.62,,2.37,1.74
"2022-06-24 06:00:00",2.15,,3.39,2.28
"2022-06-24 07:00:00",2.58,,3.49,1.67
"2022-06-24 08:00:00",6.44,,2.18,1.12
"2022-06-24 09:00:00",10.86,,2.44,1.42
"2022-06-24 10:00:00",3.93,,3.1,1.3
"2022-06-24 11:00:00",3.62,,4.26,1.74
"2022-06-24 12:00:00",4.33,,2.72,1.45
"2022-06-24 13:00:00",3.75,,2.06,1.36
"2022-06-24 14:00:00",15.06,,3.55,1.65
"2022-06-24 15:00:00",8.94,,4.05,1.77
"2022-06-24 16:00:00",6.27,,2.01,0.92
"2022-06-24 17:00:00",4.38,,5.29,1.81
"2022-06-24 18:00:00",4.5,,4.87,1.91
"2022-06-24 19:00:00",3.61,,5.36,2.11
"2022-06-24 20:00:00",5.34,,3.93,1.95
"2022-06-24 21:00:00",3.26,,3.77,1.96
"2022-06-24 22:00:00",6.92,,4.12,2.4
"2022-06-24 23:00:00",6.73,,5.42,3.27
"2022-06-25 00:00:00",-0.3,,3.95,2.63
"2022-06-25 01:00:00",0.81,,5.58,3.38
"2022-06-25 02:00:00",-0.4,,5.08,3.11
"2022-06-25 03:00:00",-0.48,,3.39,2.06
"2022-06-25 04:00:00",-0.42,,3.92,2.13
"2022-06-25 05:00:00",-0.13,,3.52,1.93
"2022-06-25 06:00:00",0.22,,3.15,1.96
"2022-06-25 07:00:00",0.67,,3.68,2.05
"2022-06-25 08:00:00",0.16,,3.9,2.01
"2022-06-25 08:01:00",,,,
"2022-06-25 09:01:00",,,,
"2022-06-25 10:00:00",2.31,,3.34,1.87
"2022-06-25 11:00:00",1.3,,3.86,2.12
"2022-06-25 12:00:00",0.32,,4.6,2.02
"2022-06-25 13:00:00",0.51,,4.81,2.09
"2022-06-25 14:00:00",0.53,,4.08,1.91
"2022-06-25 15:00:00",0.69,,3.8,2.4
"2022-06-25 16:00:00",1.16,,3.6,2.49
"2022-06-25 17:00:00",1.44,,4.95,3.62
"2022-06-25 18:00:00",1.55,,4.36,3.27
"2022-06-25 19:00:00",1.28,,4.12,3.17
"2022-06-25 20:00:00",1.26,,4.38,3.47
"2022-06-25 21:00:00",0.85,,3.7,2.59
"2022-06-25 22:00:00",0.93,,4.02,2.84
"2022-06-25 23:00:00",0.14,,1.63,0.98
"2022-06-26 00:00:00",-0.27,,3.86,2.13
"2022-06-26 01:00:00",-0.41,,4.36,2.54
"2022-06-26 02:00:00",-0.23,,3.33,1.91
"2022-06-26 03:00:00",-0.41,,2.44,1.33
"2022-06-26 04:00:00",-0.23,,2.06,0.95
"2022-06-26 05:00:00",1.15,,4.44,2.46
"2022-06-26 06:00:00",0.75,,5.72,2.97
"2022-06-26 07:00:00",-0.34,,4.31,2.36
"2022-06-26 08:00:00",-0.26,,3.56,1.87
"2022-06-26 09:00:00",-0.35,,1.79,0.97
"2022-06-26 10:00:00",5.79,,4.26,2.18
"2022-06-26 11:00:00",7.37,,5.74,3.11
"2022-06-26 12:00:00",3.84,,5.34,2.93
"2022-06-26 13:00:00",3.69,,5.55,2.8
"2022-06-26 14:00:00",3.97,,7.31,3.52
"2022-06-26 15:00:00",3.13,,7.87,4.02
"2022-06-26 16:00:00",3.61,,11.88,6.41
"2022-06-26 17:00:00",3.06,,8.31,4.89
"2022-06-26 18:00:00",2.6,,10,5.37
"2022-06-26 19:00:00",4.3,,8.02,4.21
"2022-06-26 20:00:00",2.79,,8.16,3.81
"2022-06-26 21:00:00",2.75,,11.79,5.27
"2022-06-26 22:00:00",4.06,,9.27,4.14
"2022-06-26 23:00:00",2.28,,13.55,4.95
"2022-06-27 00:00:00",6.04,,17.95,6.8
"2022-06-27 01:00:00",2.21,,9.51,4.78
"2022-06-27 02:00:00",1.06,,7.4,3.63
"2022-06-27 03:00:00",0.73,,9.62,4.35
"2022-06-27 04:00:00",0.53,,7.59,3.49
"2022-06-27 05:00:00",1.89,,6.14,2.98
"2022-06-27 06:00:00",4.54,,8.78,3.91
"2022-06-27 07:00:00",6.9,,8.78,4.11
"2022-06-27 08:00:00",6.85,,8.99,3.93
"2022-06-27 09:00:00",3.99,,7.56,3.52
"2022-06-27 10:00:00",1.28,,5.94,2.96
"2022-06-27 11:00:00",1.74,,6.55,3.07
"2022-06-27 12:00:00",1.23,,9.22,3.95
"2022-06-27 13:00:00",1.88,,8.55,3.96
"2022-06-27 14:00:00",2.63,,8.95,4.01
"2022-06-27 15:00:00",1.6,,8.15,3.84
"2022-06-27 16:00:00",2.41,,7.28,4.3
"2022-06-27 17:00:00",3.49,,9.78,5.9
"2022-06-27 18:00:00",2.44,,11.86,6.77
"2022-06-27 19:00:00",1.66,,12.67,6.97
"2022-06-27 20:00:00",1.55,,14.94,8.21
"2022-06-27 21:00:00",0.75,,13.19,7.87
"2022-06-27 22:00:00",0,,7.39,4.84
"2022-06-27 23:00:00",-0.21,,5.36,3.21
"2022-06-28 00:00:00",-0.49,,2.98,1.88
"2022-06-28 01:00:00",-0.71,,1.45,0.72
"2022-06-28 02:00:00",-0.99,,0.9,0.43
"2022-06-28 03:00:00",-0.91,,1.07,0.63
"2022-06-28 04:00:00",-0.76,,0.94,0.44
"2022-06-28 05:00:00",-0.63,,1.2,0.34
"2022-06-28 06:00:00",-0.05,,1.16,0.32
"2022-06-28 07:00:00",1.82,,1.71,0.49
"2022-06-28 08:00:00",2.7,,5.41,2.73
"2022-06-28 09:00:00",1.11,,10.9,5.73
"2022-06-28 10:00:00",1.62,,11.71,6.7
"2022-06-28 11:00:00",0.94,,7.74,4.6
"2022-06-28 12:00:00",0.27,,6.82,3.2
"2022-06-28 13:00:00",1.22,,4.63,2.62
"2022-06-28 14:00:00",0.67,,6.44,2.87
"2022-06-28 15:00:00",0.42,,6.24,2.73
"2022-06-28 16:00:00",1.39,,5.81,2.33
"2022-06-28 17:00:00",7.11,,10.37,4.06
"2022-06-28 18:00:00",3.79,,9.15,3.66
"2022-06-28 19:00:00",2.7,,8.86,3.7
"2022-06-28 20:00:00",1.58,,7.73,3.88
"2022-06-28 21:00:00",3.39,,8.06,3.94
"2022-06-28 22:00:00",2.28,,9.13,4.99
"2022-06-28 23:00:00",0.33,,6.05,2.95
"2022-06-29 00:00:00",0.31,,5.06,2.39
"2022-06-29 01:00:00",-0.09,,7.3,3.16
"2022-06-29 02:00:00",0.91,,7.61,3.49
"2022-06-29 03:00:00",2.67,,7.51,3.29
"2022-06-29 04:00:00",2.42,,3.9,2.29
"2022-06-29 05:00:00",0.68,,4.65,2.39
"2022-06-29 06:00:00",2.78,,5.68,2.58
"2022-06-29 07:00:00",4.56,,7.12,2.98
"2022-06-29 08:00:00",8.07,,7.91,3.65
"2022-06-29 09:00:00",14.27,,8.5,3.57
"2022-06-29 10:00:00",6.03,,4.85,2.36
"2022-06-29 11:00:00",7.8,,8.27,3.39
"2022-06-29 12:00:00",7.29,,7.94,2.88
"2022-06-29 13:00:00",6.02,,6.95,3
"2022-06-29 14:00:00",6.07,,8.29,3.47
"2022-06-29 15:00:00",6.27,,11.29,4.1
"2022-06-29 16:00:00",6.19,,11.95,4.42
"2022-06-29 17:00:00",5,,11.24,4.8
"2022-06-29 18:00:00",4.12,,10.74,4.38
"2022-06-29 19:00:00",5.51,,7.48,3.46
"2022-06-29 20:00:00",2.72,,10.49,4.52
"2022-06-29 21:00:00",4.46,,8.89,4.31
"2022-06-29 22:00:00",5.75,,9.56,4.45
"2022-06-29 23:00:00",8.16,,8.59,4.25
"2022-06-30 00:00:00",5.85,,9.2,4.23
"2022-06-30 01:00:00",2.13,,8.62,3.74
"2022-06-30 02:00:00",5.61,,7.86,3.82
"2022-06-30 03:00:00",3.21,,7.23,4
"2022-06-30 04:00:00",4.07,,8.57,4.33
"2022-06-30 05:00:00",7.17,,8.37,3.98
"2022-06-30 06:00:00",6.26,,9.19,4.22
"2022-06-30 07:00:00",10.51,,9.98,4.94
"2022-06-30 08:00:00",7.09,,9.84,4.5
"2022-06-30 09:00:00",5.91,,8.72,4.02
"2022-06-30 10:00:00",7,,10.68,4.4
"2022-06-30 11:00:00",5.51,,10.14,4.12
"2022-06-30 12:00:00",5.02,,9.97,4.22
"2022-06-30 13:00:00",3.86,,8.44,3.77
"2022-06-30 14:00:00",4.98,,9.55,3.96
"2022-06-30 15:00:00",6.62,,9.85,3.03
"2022-06-30 16:00:00",6.32,,9.64,2.98
"2022-06-30 17:00:00",7.33,,9.77,3.61
"2022-06-30 18:00:00",4,,9.25,4.18
"2022-06-30 19:00:00",7.21,,11.26,4.91
"2022-06-30 20:00:00",5.02,,5.89,3.19
"2022-06-30 21:00:00",3.99,,5.97,3.3
"2022-06-30 22:00:00",8.27,,6.12,3.02
"2022-06-30 23:00:00",4.78,,5.92,2.89
"2022-07-01 00:00:00",3.4,,5.09,2.57
"2022-07-01 01:00:00",1.15,,6.4,3.11
"2022-07-01 02:00:00",1,,6.43,3.38
"2022-07-01 03:00:00",2,,6.25,3.27
"2022-07-01 04:00:00",2.95,,5.96,3.46
"2022-07-01 05:00:00",2.42,,6.19,3.02
"2022-07-01 06:00:00",1.88,,5.48,2.59
"2022-07-01 07:00:00",4.45,,4.23,2.17
"2022-07-01 08:00:00",3.98,,4.57,2.17
"2022-07-01 09:00:00",1.65,,4.17,1.73
"2022-07-01 10:00:00",1.74,,3.86,1.86
"2022-07-01 11:00:00",2.84,,3.78,1.95
"2022-07-01 12:00:00",3.83,,2.51,1.36
"2022-07-01 13:00:00",3.13,,2.37,1.46
"2022-07-01 14:00:00",3.99,,2.1,1.02
"2022-07-01 15:00:00",4.09,,2.37,1.16
"2022-07-01 16:00:00",7.37,,4.07,2.22
"2022-07-01 17:00:00",5.48,,4.7,2.94
"2022-07-01 18:00:00",5.87,,4.64,2.35
"2022-07-01 19:00:00",5.63,,6.93,3.81
"2022-07-01 20:00:00",7.05,,8.08,3.49
"2022-07-01 21:00:00",6.48,,6.62,3
"2022-07-01 22:00:00",4.11,,7.85,3.21
"2022-07-01 23:00:00",4.21,,8.24,3.88
"2022-07-02 00:00:00",0.53,,5.93,3.49
"2022-07-02 01:00:00",0.45,,4.26,2.11
"2022-07-02 02:00:00",0.03,,4.08,2.04
"2022-07-02 03:00:00",0.05,,5.32,2.38
"2022-07-02 04:00:00",-0.01,,4.91,2.36
"2022-07-02 05:00:00",0.49,,6.21,2.71
"2022-07-02 06:00:00",2.02,,6,2.74
"2022-07-02 07:00:00",2.19,,5.52,2.63
"2022-07-02 08:00:00",1.12,,6.11,2.77
"2022-07-02 09:00:00",1.68,,5.62,2.75
"2022-07-02 10:00:00",2.43,,3.86,2.04
"2022-07-02 11:00:00",4.67,,5.29,2.66
"2022-07-02 12:00:00",3.52,,4.55,1.93
"2022-07-02 13:00:00",2.66,,6.27,2.75
"2022-07-02 14:00:00",3.5,,5.11,2.28
"2022-07-02 15:00:00",2.85,,3.32,1.61
"2022-07-02 16:00:00",3.49,,3.07,1.42
"2022-07-02 17:00:00",3.09,,3.68,1.51
"2022-07-02 18:00:00",2.17,,4.6,2.02
"2022-07-02 19:00:00",2.79,,4.08,1.94
"2022-07-02 20:00:00",3.29,,5.05,2.32
"2022-07-02 21:00:00",3.54,,4.97,2.61
"2022-07-02 22:00:00",3.45,,6.32,3.22
"2022-07-02 23:00:00",4.7,,9.8,4.58