Country,B-G Namespace,Year,Air Quality Network,Air Quality Network Name,Timezone,Air Quality Station EoI Code,Air Quality Station Nat Code,Air Quality Station Name,Sampling Point Id,Air Pollutant,Longitude,Latitude,Altitude,Altitude Unit,Air Quality Station Area,Air Quality Station Type,Operational Activity Begin,Operational Activity End,Sample Id,Inlet Height,Inlet Height Unit,Building Distance,Building Distance Unit,Kerb Distance,Kerb Distance Unit,Distance Source,Distance Source Unit,Main Emission Sources,Heating Emissions,Heating Emissions Unit,Mobile,Traffic Emissions,Traffic Emissions Unit,Industrial Emissions,Industrial Emissions Unit,Municipality,Dispersion Local,Dispersion Regional,Distance Junction,Distance Junction Unit,Heavy Duty Fraction,Height Facades,Street Width,Traffic Speed,Traffic Volume,Process Id,Process Activity Begin,Process Activity End,Measurement Type,Measurement Method,Other Measurement Method,Measurement Equipment,Other Measurement Equipment,Sampling Method,Other Sampling Method,Analytical Technique,Other Analytical Technique,Equivalence Demonstrated,Demonstration Report,Detection Limit,Detection Limit Unit,Documentation,QA Report,Duration,Duration Unit,Cadence,Cadence Unit,Source Data URL,Imported
"Denmark","DK.NERI.AQ","2014","NET-DK002A","""Danish Background Monitoring Network""","UTC+01","DK0005R","9005","""Keldsnor""","SPO-DK0005R_00001_100","SO2","10.736390","54.746390","10.000000","","rural","background","01/01/1979 00:00:00","","SPO_F-DK0005R_00001_100_100","2.0","","","","","","","","","","","0","","","","","","","","","","","","","","","SPP-DK_N_IC_danishLMP-FP-POLL","01/01/1979 00:00:00","","active","","","","","","","IC","","","","","","","","","","","","http://cdr.eionet.europa.eu/dk/eu/aqd/d/envv0wp_g/REP_D-DK_NERI_201600505_D-001.xml","09/11/2024 01:20:34"
"Denmark","DK.NERI.AQ","2014","NET-DK002A","""Danish Background Monitoring Network""","UTC+01","DK0005R","9005","""Keldsnor""","SPO-DK0005R_00012_100","Pb","10.736390","54.746390","10.000000","","rural","background","01/01/1979 00:00:00","","SPO_F-DK0005R_00012_100_100","2.0","","","","","","","","","","","0","","","","","","","","","","","","","","","SPP-DK_N_00012danishLMP-FP-ELEM","01/01/1979 00:00:00","","active","","","","","","","other","","","","","","","","","","","","http://cdr.eionet.europa.eu/dk/eu/aqd/d/envv0wp_g/REP_D-DK_NERI_201600505_D-001.xml","09/11/2024 01:20:34"
"Denmark","DK.NERI.AQ","2014","NET-DK002A","""Danish Background Monitoring Network""","UTC+01","DK0005R","9005","""Keldsnor""","SPO-DK0005R_00014_100","Cd","10.736390","54.746390","10.000000","","rural","background","01/01/1979 00:00:00","","SPO_F-DK0005R_00014_100_100","2.0","","","","","","","","","","","0","","","","","","","","","","","","","","","SPP-DK_N_00012danishLMP-FP-ELEM","01/01/1979 00:00:00","","active","","","","","","","other","","","","","","","","","","","","http://cdr.eionet.europa.eu/dk/eu/aqd/d/envv0wp_g/REP_D-DK_NERI_201600505_D-001.xml","09/11/2024 01:20:34"
"Denmark","DK.NERI.AQ","2014","NET-DK002A","""Danish Background Monitoring Network""","UTC+01","DK0005R","9005","""Keldsnor""","SPO-DK0005R_00015_100","Ni","10.736390","54.746390","10.000000","","rural","background","01/01/1979 00:00:00","","SPO_F-DK0005R_00015_100_100","2.0","","","","","","","","","","","0","","","","","","","","","","","","","","","SPP-DK_N_00012danishLMP-FP-ELEM","01/01/1979 00:00:00","","active","","","","","","","other","","","","","","","","","","","","http://cdr.eionet.europa.eu/dk/eu/aqd/d/envv0wp_g/REP_D-DK_NERI_201600505_D-001.xml","09/11/2024 01:20:34"
"Denmark","DK.NERI.AQ","2014","NET-DK002A","""Danish Background Monitoring Network""","UTC+01","DK0005R","9005","""Keldsnor""","SPO-DK0005R_00016_100","Cr","10.736390","54.746390","10.000000","","rural","background","01/01/1979 00:00:00","","SPO_F-DK0005R_00016_100_100","2.0","","","","","","","","","","","0","","","","","","","","","","","","","","","SPP-DK_N_00012danishLMP-FP-ELEM","01/01/1979 00:00:00","","active","","","","","","","other","","","","","","","","","","","","http://cdr.eionet.europa.eu/dk/eu/aqd/d/envv0wp_g/REP_D-DK_NERI_201600505_D-001.xml","09/11/2024 01:20:34"
"Denmark","DK.NERI.AQ","2014","NET-DK002A","""Danish Background Monitoring Network""","UTC+01","DK0005R","9005","""Keldsnor""","SPO-DK0005R_00017_100","Mn","10.736390","54.746390","10.000000","","rural","background","01/01/1979 00:00:00","","SPO_F-DK0005R_00017_100_100","2.0","","","","","","","","","","","0","","","","","","","","","","","","","","","SPP-DK_N_00012danishLMP-FP-ELEM","01/01/1979 00:00:00","","active","","","","","","","other","","","","","","","","","","","","http://cdr.eionet.europa.eu/dk/eu/aqd/d/envv0wp_g/REP_D-DK_NERI_201600505_D-001.xml","09/11/2024 01:20:34"
"Denmark","DK.NERI.AQ","2014","NET-DK002A","""Danish Background Monitoring Network""","UTC+01","DK0005R","9005","""Keldsnor""","SPO-DK0005R_00018_100","As","10.736390","54.746390","10.000000","","rural","background","01/01/1979 00:00:00","","SPO_F-DK0005R_00018_100_100","2.0","","","","","","","","","","","0","","","","","","","","","","","","","","","SPP-DK_N_00012danishLMP-FP-ELEM","01/01/1979 00:00:00","","active","","","","","","","other","","","","","","","","","","","","http://cdr.eionet.europa.eu/dk/eu/aqd/d/envv0wp_g/REP_D-DK_NERI_201600505_D-001.xml","09/11/2024 01:20:34"
"Denmark","DK.NERI.AQ","2014","NET-DK002A","""Danish Background Monitoring Network""","UTC+01","DK0005R","9005","""Keldsnor""","SPO-DK0005R_00035_100","NH3","10.736390","54.746390","10.000000","","rural","background","01/01/1985 00:00:00","","SPO_F-DK0005R_00035_100_100","3.0","","","","","","","","","","","0","","","","","","","","","","","","","","","SPP-DK_N_IC_danishLMP-FP-POLL","01/01/1985 00:00:00","","active","","","","","","","IC","","","","","","","","","","","","http://cdr.eionet.europa.eu/dk/eu/aqd/d/envv0wp_g/REP_D-DK_NERI_201600505_D-001.xml","09/11/2024 01:20:34"
"Denmark","DK.NERI.AQ","2014","NET-DK002A","""Danish Background Monitoring Network""","UTC+01","DK0005R","9005","""Keldsnor""","SPO-DK0005R_00047_100","SO4 (H2SO4 aerosols) (SO4--)","10.736390","54.746390","10.000000","","rural","background","01/01/1979 00:00:00","","SPO_F-DK0005R_00047_100_100","2.0","","","","","","","","","","","0","","","","","","","","","","","","","","","SPP-DK_N_00012danishLMP-FP-ELEM","01/01/1979 00:00:00","","active","","","","","","","other","","","","","","","","","","","","http://cdr.eionet.europa.eu/dk/eu/aqd/d/envv0wp_g/REP_D-DK_NERI_201600505_D-001.xml","09/11/2024 01:20:34"
"Denmark","DK.NERI.AQ","2014","NET-DK002A","""Danish Background Monitoring Network""","UTC+01","DK0005R","9005","""Keldsnor""","SPO-DK0005R_00048_100","Se","10.736390","54.746390","10.000000","","rural","background","01/01/1979 00:00:00","","SPO_F-DK0005R_00048_100_100","2.0","","","","","","","","","","","0","","","","","","","","","","","","","","","SPP-DK_N_00012danishLMP-FP-ELEM","01/01/1979 00:00:00","","active","","","","","","","other","","","","","","","","","","","","http://cdr.eionet.europa.eu/dk/eu/aqd/d/envv0wp_g/REP_D-DK_NERI_201600505_D-001.xml","09/11/2024 01:20:34"
"Denmark","DK.NERI.AQ","2014","NET-DK002A","""Danish Background Monitoring Network""","UTC+01","DK0005R","9005","""Keldsnor""","SPO-DK0005R_00049_100","V","10.736390","54.746390","10.000000","","rural","background","01/01/1979 00:00:00","","SPO_F-DK0005R_00049_100_100","2.0","","","","","","","","","","","0","","","","","","","","","","","","","","","SPP-DK_N_00012danishLMP-FP-ELEM","01/01/1979 00:00:00","","active","","","","","","","other","","","","","","","","","","","","http://cdr.eionet.europa.eu/dk/eu/aqd/d/envv0wp_g/REP_D-DK_NERI_201600505_D-001.xml","09/11/2024 01:20:34"
"Denmark","DK.NERI.AQ","2025","NET-DK002A","""Danish Background Monitoring Network""","UTC+01","DK0008R","6001","""Anholt""","SPO-DK0008R_00001_100","SO2","11.533610","56.711670","10.000000","","rural","background","01/01/1987 00:00:00","","SPO_F-DK0008R_00001_100_100","2.0","","","","","","","","","","","0","","","","","","","","","","","","","","","SPP-DK_N_IC_danishLMP-FP-POLL","01/01/1987 00:00:00","","active","","","","","","","IC","","","","","","","","","","","","http://cdr.eionet.europa.eu/dk/eu/aqd/d/colarw97g/envarw_cw/REP_D-DK_NERI_20251124_D-001.xml","05/12/2025 14:00:17"
"Denmark","DK.NERI.AQ","2025","NET-DK002A","""Danish Background Monitoring Network""","UTC+01","DK0008R","6001","""Anholt""","SPO-DK0008R_00001_100","SO2","11.533610","56.711670","10.000000","","rural","background","01/01/1987 00:00:00","01/01/2010 00:00:00","SPO_F-DK0008R_00001_100_100","2.0","","","","","","","","","","","0","","","","","","","","","","","","","","","SPP-DK_N_IC_danishLMP-FP-POLL","01/01/1987 00:00:00","01/01/2010 00:00:00","active","","","","","other","","IC","","","","","","","","","","","","http://cdr.eionet.europa.eu/dk/eu/aqd/d/colarw97g/envarw_cw/REP_D-DK_NERI_20251124_D-001.xml","05/12/2025 14:00:17"
"Denmark","DK.NERI.AQ","2025","NET-DK002A","""Danish Background Monitoring Network""","UTC+01","DK0008R","6001","""Anholt""","SPO-DK0008R_00001_100","SO2","11.521000","56.717400","10.000000","m","rural","background","01/01/1989 00:00:00","01/01/2014 00:00:00","SPO_F-DK0008R_00001_100_100","20.0","m","","","","","","","Transport","","","0","","","","","Anholt","","","","","","","","","","SPP-DK_N_IC_danishLMP-FP-POLL","01/01/1989 00:00:00","01/01/2014 00:00:00","active","","","","","","","IC","","ref","","","","","In preparation","1","day","1","day","http://cdr.eionet.europa.eu/dk/eu/aqd/d/colarw97g/envarw_cw/REP_D-DK_NERI_20251124_D-001.xml","05/12/2025 14:00:17"
"Denmark","DK.NERI.AQ","2025","NET-DK002A","""Danish Background Monitoring Network""","UTC+01","DK0008R","6001","""Anholt""","SPO-DK0008R_00001_101","SO2","11.521000","56.717400","10.000000","m","rural","background","01/01/2014 00:00:00","","SPO_F-DK0008R_00001_101_101","3.7","m","","","","","","","Transport","","","0","","","","","Anholt","","","","","","","","","","SPP-DK_N_IC_danishLMP-FP-POLL","01/01/2014 00:00:00","","active","","","","","","","IC","","ref","","","","","In preparation","1","day","1","day","http://cdr.eionet.europa.eu/dk/eu/aqd/d/colarw97g/envarw_cw/REP_D-DK_NERI_20251124_D-001.xml","05/12/2025 14:00:17"
"Denmark","DK.NERI.AQ","2025","NET-DK002A","""Danish Background Monitoring Network""","UTC+01","DK0008R","6001","""Anholt""","SPO-DK0008R_00008_100","NO2","11.533610","56.711670","10.000000","","rural","background","01/01/2013 00:00:00","","SPO_F-DK0008R_00008_100_100","3.0","","","","","","","","","","","0","","","","","","","","","","","","","","","SPP-DK_A_chemi_API","01/01/2013 00:00:00","","automatic","chemi","","API","","","","","","","","","","","","","","","","http://cdr.eionet.europa.eu/dk/eu/aqd/d/colarw97g/envarw_cw/REP_D-DK_NERI_20251124_D-001.xml","05/12/2025 14:00:17"
"Denmark","DK.NERI.AQ","2025","NET-DK002A","""Danish Background Monitoring Network""","UTC+01","DK0008R","6001","""Anholt""","SPO-DK0008R_00008_100","NO2","11.521000","56.717400","10.000000","m","rural","background","01/01/2013 00:00:00","","SPO_F-DK0008R_00008_100_100","3.7","m","","","","","","","Transport","","","0","","","","","Anholt","","","","","","","","","","SPP-DK_A_chemi_API","01/01/2013 00:00:00","","automatic","chemi","","API200","","","","","","ref","","","","","In preparation","1","hour","1","second","http://cdr.eionet.europa.eu/dk/eu/aqd/d/colarw97g/envarw_cw/REP_D-DK_NERI_20251124_D-001.xml","05/12/2025 14:00:17"
"Denmark","DK.NERI.AQ","2025","NET-DK002A","""Danish Background Monitoring Network""","UTC+01","DK0008R","6001","""Anholt""","SPO-DK0008R_00008_100","NO2","11.533610","56.711670","10.000000","","rural","background","01/01/2013 00:00:00","","SPO_F-DK0008R_00008_100_100","3.0","","","","","","","","","","","0","","","","","","","","","","","","","","","SPP-DK_A_chemi_API","01/01/2013 00:00:00","","automatic","chemi","","","","","","","","","","","","","","","","","","http://cdr.eionet.europa.eu/dk/eu/aqd/d/colarw97g/envarw_cw/REP_D-DK_NERI_20251124_D-001.xml","05/12/2025 14:00:17"
"Denmark","DK.NERI.AQ","2025","NET-DK002A","""Danish Background Monitoring Network""","UTC+01","DK0008R","6001","""Anholt""","SPO-DK0008R_00009_100","NOX as NO2","11.533610","56.711670","10.000000","","rural","background","01/01/2013 00:00:00","","SPO_F-DK0008R_00009_100_100","3.0","","","","","","","","","","","0","","","","","","","","","","","","","","","SPP-DK_A_chemi_API","01/01/2013 00:00:00","","automatic","chemi","","","","","","","","","","","","","","","","","","http://cdr.eionet.europa.eu/dk/eu/aqd/d/colarw97g/envarw_cw/REP_D-DK_NERI_20251124_D-001.xml","05/12/2025 14:00:17"
"Denmark","DK.NERI.AQ","2025","NET-DK002A","""Danish Background Monitoring Network""","UTC+01","DK0008R","6001","""Anholt""","SPO-DK0008R_00009_100","NOX as NO2","11.533610","56.711670","10.000000","","rural","background","01/01/2013 00:00:00","","SPO_F-DK0008R_00009_100_100","3.0","","","","","","","","","","","0","","","","","","","","","","","","","","","SPP-DK_A_chemi_API","01/01/2013 00:00:00","","automatic","chemi","","API","","","","","","","","","","","","","","","","http://cdr.eionet.europa.eu/dk/eu/aqd/d/colarw97g/envarw_cw/REP_D-DK_NERI_20251124_D-001.xml","05/12/2025 14:00:17"
"Denmark","DK.NERI.AQ","2025","NET-DK002A","""Danish Background Monitoring Network""","UTC+01","DK0008R","6001","""Anholt""","SPO-DK0008R_00009_100","NOX as NO2","11.521000","56.717400","10.000000","m","rural","background","01/01/2013 00:00:00","","SPO_F-DK0008R_00009_100_100","3.7","m","","","","","","","Transport","","","0","","","","","Anholt","","","","","","","","","","SPP-DK_A_chemi_API","01/01/2013 00:00:00","","automatic","chemi","","API200","","","","","","ref","","","","","In preparation","1","hour","1","second","http://cdr.eionet.europa.eu/dk/eu/aqd/d/colarw97g/envarw_cw/REP_D-DK_NERI_20251124_D-001.xml","05/12/2025 14:00:17"
"Denmark","DK.NERI.AQ","","NET-DK002A","""Danish Background Monitoring Network""","UTC+01","DK0008R","6001","""Anholt""","SPO-DK0008R_00012_100","Pb","11.533610","56.711670","10.000000","","rural","background","01/01/1987 00:00:00","01/01/2010 00:00:00","SPO_F-DK0008R_00012_100_100","2.0","","","","","","","","","","","0","","","","","","","","","","","","","","","SPP-DK_N_00528_danishLMP-FP-ELEM","01/01/1987 00:00:00","01/01/2010 00:00:00","active","","","","","other","","other","","","","","","","","","","","","",""
"Denmark","DK.NERI.AQ","","NET-DK002A","""Danish Background Monitoring Network""","UTC+01","DK0008R","6001","""Anholt""","SPO-DK0008R_00012_100","Pb","11.533610","56.711670","10.000000","","rural","background","01/01/1987 00:00:00","01/01/2010 00:00:00","SPO_F-DK0008R_00012_100_100","2.0","","","","","","","","","","","0","","","","","","","","","","","","","","","SPP-Unknown","01/01/1987 00:00:00","01/01/2010 00:00:00","","","","","","","","","","","","","","","","","","","","",""
"Denmark","DK.NERI.AQ","2025","NET-DK002A","""Danish Background Monitoring Network""","UTC+01","DK0008R","6001","""Anholt""","SPO-DK0008R_00012_101","Pb","11.533610","56.711670","10.000000","","rural","background","01/01/2010 00:00:00","","SPO_F-DK0008R_00012_101_101","3.0","","","","","","","","","","","0","","","","","","","","","","","","","","","SPP-DK_N_ICP-MS_danishLMP-FP-ELEM","01/01/2010 00:00:00","","active","","","","","","","ICP-MS","","","","","","","","","","","","http://cdr.eionet.europa.eu/dk/eu/aqd/d/colarw97g/envarw_cw/REP_D-DK_NERI_20251124_D-001.xml","05/12/2025 14:00:17"
"Denmark","DK.NERI.AQ","2025","NET-DK002A","""Danish Background Monitoring Network""","UTC+01","DK0008R","6001","""Anholt""","SPO-DK0008R_00012_101","Pb","11.533610","56.711670","10.000000","","rural","background","01/01/2010 00:00:00","","SPO_F-DK0008R_00012_101_101","3.0","","","","","","","","","","","0","","","","","","","","","","","","","","","SPP-DK_N_ICP-MS_danishLMP-FP-ELEM","01/01/2010 00:00:00","","active","","","","","other","","ICP-MS","","","","","","","","","","","","http://cdr.eionet.europa.eu/dk/eu/aqd/d/colarw97g/envarw_cw/REP_D-DK_NERI_20251124_D-001.xml","05/12/2025 14:00:17"
"Denmark","DK.NERI.AQ","2025","NET-DK002A","""Danish Background Monitoring Network""","UTC+01","DK0008R","6001","""Anholt""","SPO-DK0008R_00012_101","Pb","11.521000","56.717400","10.000000","m","rural","background","01/01/2010 00:00:00","","SPO_F-DK0008R_00012_101_101","3.7","m","","","","","","","Long-range transboundary transport","","","0","","","","","Anholt","","","","","","","","","","SPP-DK_N_ICP-MS_opsisSM200","01/01/2010 00:00:00","","active","","","","","","","ICP-MS","","ref","","","","","In preparation","1","day","1","day","http://cdr.eionet.europa.eu/dk/eu/aqd/d/colarw97g/envarw_cw/REP_D-DK_NERI_20251124_D-001.xml","05/12/2025 14:00:17"
"Denmark","DK.NERI.AQ","","NET-DK002A","""Danish Background Monitoring Network""","UTC+01","DK0008R","6001","""Anholt""","SPO-DK0008R_00014_100","Cd","11.533610","56.711670","10.000000","","rural","background","01/01/1987 00:00:00","01/01/2010 00:00:00","SPO_F-DK0008R_00014_100_100","2.0","","","","","","","","","","","0","","","","","","","","","","","","","","","SPP-DK_N_00528_danishLMP-FP-ELEM","01/01/1987 00:00:00","01/01/2010 00:00:00","active","","","","","other","","other","","","","","","","","","","","","",""
"Denmark","DK.NERI.AQ","","NET-DK002A","""Danish Background Monitoring Network""","UTC+01","DK0008R","6001","""Anholt""","SPO-DK0008R_00014_100","Cd","11.533610","56.711670","10.000000","","rural","background","01/01/1987 00:00:00","01/01/2010 00:00:00","SPO_F-DK0008R_00014_100_100","2.0","","","","","","","","","","","0","","","","","","","","","","","","","","","SPP-Unknown","01/01/1987 00:00:00","01/01/2010 00:00:00","","","","","","","","","","","","","","","","","","","","",""
"Denmark","DK.NERI.AQ","2025","NET-DK002A","""Danish Background Monitoring Network""","UTC+01","DK0008R","6001","""Anholt""","SPO-DK0008R_00014_101","Cd","11.533610","56.711670","10.000000","","rural","background","01/01/2010 00:00:00","","SPO_F-DK0008R_00014_101_101","3.0","","","","","","","","","","","0","","","","","","","","","","","","","","","SPP-DK_N_ICP-MS_danishLMP-FP-ELEM","01/01/2010 00:00:00","","active","","","","","other","","ICP-MS","","","","","","","","","","","","http://cdr.eionet.europa.eu/dk/eu/aqd/d/colarw97g/envarw_cw/REP_D-DK_NERI_20251124_D-001.xml","05/12/2025 14:00:17"
"Denmark","DK.NERI.AQ","2025","NET-DK002A","""Danish Background Monitoring Network""","UTC+01","DK0008R","6001","""Anholt""","SPO-DK0008R_00014_101","Cd","11.533610","56.711670","10.000000","","rural","background","01/01/2010 00:00:00","","SPO_F-DK0008R_00014_101_101","3.0","","","","","","","","","","","0","","","","","","","","","","","","","","","SPP-DK_N_ICP-MS_danishLMP-FP-ELEM","01/01/2010 00:00:00","","active","","","","","","","ICP-MS","","","","","","","","","","","","http://cdr.eionet.europa.eu/dk/eu/aqd/d/colarw97g/envarw_cw/REP_D-DK_NERI_20251124_D-001.xml","05/12/2025 14:00:17"
"Denmark","DK.NERI.AQ","2025","NET-DK002A","""Danish Background Monitoring Network""","UTC+01","DK0008R","6001","""Anholt""","SPO-DK0008R_00014_101","Cd","11.521000","56.717400","10.000000","m","rural","background","01/01/2010 00:00:00","","SPO_F-DK0008R_00014_101_101","3.7","m","","","","","","","Long-range transboundary transport","","","0","","","","","Anholt","","","","","","","","","","SPP-DK_N_ICP-MS_opsisSM200","01/01/2010 00:00:00","","active","","","","","","","ICP-MS","","ref","","","","","In preparation","1","day","1","day","http://cdr.eionet.europa.eu/dk/eu/aqd/d/colarw97g/envarw_cw/REP_D-DK_NERI_20251124_D-001.xml","05/12/2025 14:00:17"
"Denmark","DK.NERI.AQ","","NET-DK002A","""Danish Background Monitoring Network""","UTC+01","DK0008R","6001","""Anholt""","SPO-DK0008R_00015_100","Ni","11.533610","56.711670","10.000000","","rural","background","01/01/1987 00:00:00","01/01/2010 00:00:00","SPO_F-DK0008R_00015_100_100","2.0","","","","","","","","","","","0","","","","","","","","","","","","","","","SPP-DK_N_00528_danishLMP-FP-ELEM","01/01/1987 00:00:00","01/01/2010 00:00:00","active","","","","","other","","other","","","","","","","","","","","","",""
"Denmark","DK.NERI.AQ","","NET-DK002A","""Danish Background Monitoring Network""","UTC+01","DK0008R","6001","""Anholt""","SPO-DK0008R_00015_100","Ni","11.533610","56.711670","10.000000","","rural","background","01/01/1987 00:00:00","01/01/2010 00:00:00","SPO_F-DK0008R_00015_100_100","2.0","","","","","","","","","","","0","","","","","","","","","","","","","","","SPP-Unknown","01/01/1987 00:00:00","01/01/2010 00:00:00","","","","","","","","","","","","","","","","","","","","",""
"Denmark","DK.NERI.AQ","2025","NET-DK002A","""Danish Background Monitoring Network""","UTC+01","DK0008R","6001","""Anholt""","SPO-DK0008R_00015_101","Ni","11.533610","56.711670","10.000000","","rural","background","01/01/2010 00:00:00","","SPO_F-DK0008R_00015_101_101","3.0","","","","","","","","","","","0","","","","","","","","","","","","","","","SPP-DK_N_ICP-MS_danishLMP-FP-ELEM","01/01/2010 00:00:00","","active","","","","","","","ICP-MS","","","","","","","","","","","","http://cdr.eionet.europa.eu/dk/eu/aqd/d/colarw97g/envarw_cw/REP_D-DK_NERI_20251124_D-001.xml","05/12/2025 14:00:17"
"Denmark","DK.NERI.AQ","2025","NET-DK002A","""Danish Background Monitoring Network""","UTC+01","DK0008R","6001","""Anholt""","SPO-DK0008R_00015_101","Ni","11.533610","56.711670","10.000000","","rural","background","01/01/2010 00:00:00","","SPO_F-DK0008R_00015_101_101","3.0","","","","","","","","","","","0","","","","","","","","","","","","","","","SPP-DK_N_ICP-MS_danishLMP-FP-ELEM","01/01/2010 00:00:00","","active","","","","","other","","ICP-MS","","","","","","","","","","","","http://cdr.eionet.europa.eu/dk/eu/aqd/d/colarw97g/envarw_cw/REP_D-DK_NERI_20251124_D-001.xml","05/12/2025 14:00:17"
"Denmark","DK.NERI.AQ","2025","NET-DK002A","""Danish Background Monitoring Network""","UTC+01","DK0008R","6001","""Anholt""","SPO-DK0008R_00015_101","Ni","11.521000","56.717400","10.000000","m","rural","background","01/01/2010 00:00:00","","SPO_F-DK0008R_00015_101_101","3.7","m","","","","","","","Long-range transboundary transport","","","0","","","","","Anholt","","","","","","","","","","SPP-DK_N_ICP-MS_opsisSM200","01/01/2010 00:00:00","","active","","","","","","","ICP-MS","","ref","","","","","In preparation","1","day","1","day","http://cdr.eionet.europa.eu/dk/eu/aqd/d/colarw97g/envarw_cw/REP_D-DK_NERI_20251124_D-001.xml","05/12/2025 14:00:17"
"Denmark","DK.NERI.AQ","","NET-DK002A","""Danish Background Monitoring Network""","UTC+01","DK0008R","6001","""Anholt""","SPO-DK0008R_00016_100","Cr","11.533610","56.711670","10.000000","","rural","background","01/01/1987 00:00:00","01/01/2010 00:00:00","SPO_F-DK0008R_00016_100_100","2.0","","","","","","","","","","","0","","","","","","","","","","","","","","","SPP-DK_N_00528_danishLMP-FP-ELEM","01/01/1987 00:00:00","01/01/2010 00:00:00","active","","","","","other","","other","","","","","","","","","","","","",""
"Denmark","DK.NERI.AQ","","NET-DK002A","""Danish Background Monitoring Network""","UTC+01","DK0008R","6001","""Anholt""","SPO-DK0008R_00016_100","Cr","11.533610","56.711670","10.000000","","rural","background","01/01/1987 00:00:00","01/01/2010 00:00:00","SPO_F-DK0008R_00016_100_100","2.0","","","","","","","","","","","0","","","","","","","","","","","","","","","SPP-Unknown","01/01/1987 00:00:00","01/01/2010 00:00:00","","","","","","","","","","","","","","","","","","","","",""
"Denmark","DK.NERI.AQ","","NET-DK002A","""Danish Background Monitoring Network""","UTC+01","DK0008R","6001","""Anholt""","SPO-DK0008R_00017_100","Mn","11.533610","56.711670","10.000000","","rural","background","01/01/1987 00:00:00","01/01/2010 00:00:00","SPO_F-DK0008R_00017_100_100","2.0","","","","","","","","","","","0","","","","","","","","","","","","","","","SPP-DK_N_00528_danishLMP-FP-ELEM","01/01/1987 00:00:00","01/01/2010 00:00:00","active","","","","","other","","other","","","","","","","","","","","","",""
"Denmark","DK.NERI.AQ","","NET-DK002A","""Danish Background Monitoring Network""","UTC+01","DK0008R","6001","""Anholt""","SPO-DK0008R_00017_100","Mn","11.533610","56.711670","10.000000","","rural","background","01/01/1987 00:00:00","01/01/2010 00:00:00","SPO_F-DK0008R_00017_100_100","2.0","","","","","","","","","","","0","","","","","","","","","","","","","","","SPP-Unknown","01/01/1987 00:00:00","01/01/2010 00:00:00","","","","","","","","","","","","","","","","","","","","",""
"Denmark","DK.NERI.AQ","","NET-DK002A","""Danish Background Monitoring Network""","UTC+01","DK0008R","6001","""Anholt""","SPO-DK0008R_00018_100","As","11.533610","56.711670","10.000000","","rural","background","01/01/1987 00:00:00","01/01/2010 00:00:00","SPO_F-DK0008R_00018_100_100","2.0","","","","","","","","","","","0","","","","","","","","","","","","","","","SPP-DK_N_00528_danishLMP-FP-ELEM","01/01/1987 00:00:00","01/01/2010 00:00:00","active","","","","","other","","other","","","","","","","","","","","","",""
"Denmark","DK.NERI.AQ","","NET-DK002A","""Danish Background Monitoring Network""","UTC+01","DK0008R","6001","""Anholt""","SPO-DK0008R_00018_100","As","11.533610","56.711670","10.000000","","rural","background","01/01/1987 00:00:00","01/01/2010 00:00:00","SPO_F-DK0008R_00018_100_100","2.0","","","","","","","","","","","0","","","","","","","","","","","","","","","SPP-Unknown","01/01/1987 00:00:00","01/01/2010 00:00:00","","","","","","","","","","","","","","","","","","","","",""
"Denmark","DK.NERI.AQ","2025","NET-DK002A","""Danish Background Monitoring Network""","UTC+01","DK0008R","6001","""Anholt""","SPO-DK0008R_00018_101","As","11.533610","56.711670","10.000000","","rural","background","01/01/2010 00:00:00","","SPO_F-DK0008R_00018_101_101","3.0","","","","","","","","","","","0","","","","","","","","","","","","","","","SPP-DK_N_ICP-MS_danishLMP-FP-ELEM","01/01/2010 00:00:00","","active","","","","","other","","ICP-MS","","","","","","","","","","","","http://cdr.eionet.europa.eu/dk/eu/aqd/d/colarw97g/envarw_cw/REP_D-DK_NERI_20251124_D-001.xml","05/12/2025 14:00:17"
"Denmark","DK.NERI.AQ","2025","NET-DK002A","""Danish Background Monitoring Network""","UTC+01","DK0008R","6001","""Anholt""","SPO-DK0008R_00018_101","As","11.533610","56.711670","10.000000","","rural","background","01/01/2010 00:00:00","","SPO_F-DK0008R_00018_101_101","3.0","","","","","","","","","","","0","","","","","","","","","","","","","","","SPP-DK_N_ICP-MS_danishLMP-FP-ELEM","01/01/2010 00:00:00","","active","","","","","","","ICP-MS","","","","","","","","","","","","http://cdr.eionet.europa.eu/dk/eu/aqd/d/colarw97g/envarw_cw/REP_D-DK_NERI_20251124_D-001.xml","05/12/2025 14:00:17"
"Denmark","DK.NERI.AQ","2025","NET-DK002A","""Danish Background Monitoring Network""","UTC+01","DK0008R","6001","""Anholt""","SPO-DK0008R_00018_101","As","11.521000","56.717400","10.000000","m","rural","background","01/01/2010 00:00:00","","SPO_F-DK0008R_00018_101_101","3.7","m","","","","","","","Long-range transboundary transport","","","0","","","","","Anholt","","","","","","","","","","SPP-DK_N_ICP-MS_opsisSM200","01/01/2010 00:00:00","","active","","","","","","","ICP-MS","","ref","","","","","In preparation","1","day","1","day","http://cdr.eionet.europa.eu/dk/eu/aqd/d/colarw97g/envarw_cw/REP_D-DK_NERI_20251124_D-001.xml","05/12/2025 14:00:17"
"Denmark","DK.NERI.AQ","2025","NET-DK002A","""Danish Background Monitoring Network""","UTC+01","DK0008R","6001","""Anholt""","SPO-DK0008R_00038_100","NO","11.533610","56.711670","10.000000","","rural","background","01/01/2013 00:00:00","","SPO_F-DK0008R_00038_100_100","3.0","","","","","","","","","","","0","","","","","","","","","","","","","","","SPP-DK_A_chemi_API","01/01/2013 00:00:00","","automatic","chemi","","","","","","","","","","","","","","","","","","http://cdr.eionet.europa.eu/dk/eu/aqd/d/colarw97g/envarw_cw/REP_D-DK_NERI_20251124_D-001.xml","05/12/2025 14:00:17"
"Denmark","DK.NERI.AQ","2025","NET-DK002A","""Danish Background Monitoring Network""","UTC+01","DK0008R","6001","""Anholt""","SPO-DK0008R_00038_100","NO","11.521000","56.717400","10.000000","m","rural","background","01/01/2013 00:00:00","","SPO_F-DK0008R_00038_100_100","20.0","m","","","","","","","Transport","","","0","","","","","Anholt","","","","","","","","","","SPP-DK_A_chemi_API","01/01/2013 00:00:00","","automatic","chemi","","API200","","","","","","ref","","","","","In preparation","1","hour","1","second","http://cdr.eionet.europa.eu/dk/eu/aqd/d/colarw97g/envarw_cw/REP_D-DK_NERI_20251124_D-001.xml","05/12/2025 14:00:17"
"Denmark","DK.NERI.AQ","2025","NET-DK002A","""Danish Background Monitoring Network""","UTC+01","DK0008R","6001","""Anholt""","SPO-DK0008R_00038_100","NO","11.533610","56.711670","10.000000","","rural","background","01/01/2013 00:00:00","","SPO_F-DK0008R_00038_100_100","3.0","","","","","","","","","","","0","","","","","","","","","","","","","","","SPP-DK_A_chemi_API","01/01/2013 00:00:00","","automatic","chemi","","API","","","","","","","","","","","","","","","","http://cdr.eionet.europa.eu/dk/eu/aqd/d/colarw97g/envarw_cw/REP_D-DK_NERI_20251124_D-001.xml","05/12/2025 14:00:17"
"Denmark","DK.NERI.AQ","","NET-DK002A","""Danish Background Monitoring Network""","UTC+01","DK0008R","6001","""Anholt""","SPO-DK0008R_00047_100","SO4 (H2SO4 aerosols) (SO4--)","11.533610","56.711670","10.000000","","rural","background","01/01/1987 00:00:00","01/01/2010 00:00:00","SPO_F-DK0008R_00047_100_100","2.0","","","","","","","","","","","0","","","","","","","","","","","","","","","SPP-DK_N_00528_danishLMP-FP-ELEM","01/01/1987 00:00:00","01/01/2010 00:00:00","active","","","","","other","","other","","","","","","","","","","","","",""
"Denmark","DK.NERI.AQ","","NET-DK002A","""Danish Background Monitoring Network""","UTC+01","DK0008R","6001","""Anholt""","SPO-DK0008R_00047_100","SO4 (H2SO4 aerosols) (SO4--)","11.533610","56.711670","10.000000","","rural","background","01/01/1987 00:00:00","01/01/2010 00:00:00","SPO_F-DK0008R_00047_100_100","2.0","","","","","","","","","","","0","","","","","","","","","","","","","","","SPP-Unknown","01/01/1987 00:00:00","01/01/2010 00:00:00","","","","","","","","","","","","","","","","","","","","",""
"Denmark","DK.NERI.AQ","","NET-DK002A","""Danish Background Monitoring Network""","UTC+01","DK0008R","6001","""Anholt""","SPO-DK0008R_00048_100","Se","11.533610","56.711670","10.000000","","rural","background","01/01/1987 00:00:00","01/01/2010 00:00:00","SPO_F-DK0008R_00048_100_100","2.0","","","","","","","","","","","0","","","","","","","","","","","","","","","SPP-DK_N_00528_danishLMP-FP-ELEM","01/01/1987 00:00:00","01/01/2010 00:00:00","active","","","","","other","","other","","","","","","","","","","","","",""
"Denmark","DK.NERI.AQ","","NET-DK002A","""Danish Background Monitoring Network""","UTC+01","DK0008R","6001","""Anholt""","SPO-DK0008R_00048_100","Se","11.533610","56.711670","10.000000","","rural","background","01/01/1987 00:00:00","01/01/2010 00:00:00","SPO_F-DK0008R_00048_100_100","2.0","","","","","","","","","","","0","","","","","","","","","","","","","","","SPP-Unknown","01/01/1987 00:00:00","01/01/2010 00:00:00","","","","","","","","","","","","","","","","","","","","",""
"Denmark","DK.NERI.AQ","","NET-DK002A","""Danish Background Monitoring Network""","UTC+01","DK0008R","6001","""Anholt""","SPO-DK0008R_00049_100","V","11.533610","56.711670","10.000000","","rural","background","01/01/1987 00:00:00","01/01/2010 00:00:00","SPO_F-DK0008R_00049_100_100","2.0","","","","","","","","","","","0","","","","","","","","","","","","","","","SPP-DK_N_00528_danishLMP-FP-ELEM","01/01/1987 00:00:00","01/01/2010 00:00:00","active","","","","","other","","other","","","","","","","","","","","","",""
"Denmark","DK.NERI.AQ","","NET-DK002A","""Danish Background Monitoring Network""","UTC+01","DK0008R","6001","""Anholt""","SPO-DK0008R_00049_100","V","11.533610","56.711670","10.000000","","rural","background","01/01/1987 00:00:00","01/01/2010 00:00:00","SPO_F-DK0008R_00049_100_100","2.0","","","","","","","","","","","0","","","","","","","","","","","","","","","SPP-Unknown","01/01/1987 00:00:00","01/01/2010 00:00:00","","","","","","","","","","","","","","","","","","","","",""
"Denmark","DK.NERI.AQ","2025","NET-DK002A","""Danish Background Monitoring Network""","UTC+01","DK0031R","7001","""Ulborg""","SPO-DK0003R_00001_100","SO2","8.427400","56.290400","37.000000","m","rural","background","01/01/1995 00:00:00","01/01/2014 00:00:00","SPO_F-DK0003R_00001_100_100","20.0","m","","","","","","","Transport","","","0","","","","","Holsterbro","","","","","","","","","","SPP-DK_N_IC_danishLMP-FP-POLL","01/01/1995 00:00:00","01/01/2014 00:00:00","active","","","","","","","IC","","ref","","","","","In preparation","1","day","1","day","http://cdr.eionet.europa.eu/dk/eu/aqd/d/colarw97g/envarw_cw/REP_D-DK_NERI_20251124_D-001.xml","05/12/2025 14:00:17"
"Denmark","DK.NERI.AQ","2025","NET-DK002A","""Danish Background Monitoring Network""","UTC+01","DK0031R","7001","""Ulborg""","SPO-DK0031R_00001_100","SO2","8.427400","56.290400","37.000000","m","rural","background","01/01/1985 00:00:00","","SPO_F-DK0031R_00001_100_100","20.0","m","","","","","","","Transport","","","0","","","","","Holsterbro","","","","","","","","","","SPP-DK_N_IC_danishLMP-FP-POLL","01/01/1985 00:00:00","","active","","","","","","","IC","","ref","","","","","In preparation","1","day","1","day","http://cdr.eionet.europa.eu/dk/eu/aqd/d/colarw97g/envarw_cw/REP_D-DK_NERI_20251124_D-001.xml","05/12/2025 14:00:17"
"Denmark","DK.NERI.AQ","2025","NET-DK002A","""Danish Background Monitoring Network""","UTC+01","DK0031R","7001","""Ulborg""","SPO-DK0031R_00001_100","SO2","8.433330","56.283330","37.000000","","rural","background","01/01/1985 00:00:00","","SPO_F-DK0031R_00001_100_100","18.0","","","","","","","","","","","0","","","","","","","","","","","","","","","SPP-DK_N_IC_danishLMP-FP-POLL","01/01/1985 00:00:00","","active","","","","","other","","IC","","","","","","","","","","","","http://cdr.eionet.europa.eu/dk/eu/aqd/d/colarw97g/envarw_cw/REP_D-DK_NERI_20251124_D-001.xml","05/12/2025 14:00:17"
"Denmark","DK.NERI.AQ","2025","NET-DK002A","""Danish Background Monitoring Network""","UTC+01","DK0031R","7001","""Ulborg""","SPO-DK0031R_00001_100","SO2","8.433330","56.283330","37.000000","","rural","background","01/01/1985 00:00:00","","SPO_F-DK0031R_00001_100_100","18.0","","","","","","","","","","","0","","","","","","","","","","","","","","","SPP-DK_N_IC_danishLMP-FP-POLL","01/01/1985 00:00:00","","active","","","","","","","IC","","","","","","","","","","","","http://cdr.eionet.europa.eu/dk/eu/aqd/d/colarw97g/envarw_cw/REP_D-DK_NERI_20251124_D-001.xml","05/12/2025 14:00:17"
"Denmark","DK.NERI.AQ","2025","NET-DK002A","""Danish Background Monitoring Network""","UTC+01","DK0031R","7001","""Ulborg""","SPO-DK0031R_00007_100","O3","8.427400","56.290400","37.000000","m","rural","background","01/01/1988 00:00:00","","SPO_F-DK0031R_00007_100_100","20.0","m","","","","","","","Long-range transboundary transport","","","0","","","","","Holsterbro","","","","","","","","","","SPP-DK_A_UV-P_ML8810","01/01/1988 00:00:00","","automatic","UV-P","","ML8810","","","","","","ref","","","","","In preparation","1","hour","0","other","http://cdr.eionet.europa.eu/dk/eu/aqd/d/colarw97g/envarw_cw/REP_D-DK_NERI_20251124_D-001.xml","05/12/2025 14:00:17"
"Denmark","DK.NERI.AQ","2025","NET-DK002A","""Danish Background Monitoring Network""","UTC+01","DK0031R","7001","""Ulborg""","SPO-DK0031R_00007_100","O3","8.433330","56.283330","37.000000","","rural","background","01/01/1988 00:00:00","","SPO_F-DK0031R_00007_100_100","18.0","","","","","","","","","","","0","","","","","","","","","","","","","","","SPP-DK_A_UV-P_ML8810","01/01/1988 00:00:00","","automatic","UV-P","","","","","","","","","","","","","","","","","","http://cdr.eionet.europa.eu/dk/eu/aqd/d/colarw97g/envarw_cw/REP_D-DK_NERI_20251124_D-001.xml","05/12/2025 14:00:17"
"Denmark","DK.NERI.AQ","2025","NET-DK002A","""Danish Background Monitoring Network""","UTC+01","DK0031R","7001","""Ulborg""","SPO-DK0031R_00007_100","O3","8.433330","56.283330","37.000000","","rural","background","01/01/1988 00:00:00","","SPO_F-DK0031R_00007_100_100","18.0","","","","","","","","","","","0","","","","","","","","","","","","","","","SPP-DK_A_UV-P_ML8810","01/01/1988 00:00:00","","automatic","UV-P","","ML8810","","","","","","","","","","","","","","","","http://cdr.eionet.europa.eu/dk/eu/aqd/d/colarw97g/envarw_cw/REP_D-DK_NERI_20251124_D-001.xml","05/12/2025 14:00:17"
"Denmark","DK.NERI.AQ","","NET-DK002A","""Danish Background Monitoring Network""","UTC+01","DK0031R","7001","""Ulborg""","SPO-DK0031R_00008_100","NO2","8.433330","56.283330","37.000000","","rural","background","01/01/1989 00:00:00","31/12/2003 00:00:00","SPO_F-DK0031R_00008_100_101","18.0","","","","","","","","","","","0","","","","","","","","","","","","","","","SPP-DK_A_chemi_API","01/01/1989 00:00:00","31/12/2003 00:00:00","automatic","chemi","","API","","","","","","","","","","","","","","","","",""
"Denmark","DK.NERI.AQ","","NET-DK002A","""Danish Background Monitoring Network""","UTC+01","DK0031R","7001","""Ulborg""","SPO-DK0031R_00008_100","NO2","8.433330","56.283330","37.000000","","rural","background","01/01/1989 00:00:00","31/12/2003 00:00:00","SPO_F-DK0031R_00008_100_100","18.0","","","","","","","","","","","0","","","","","","","","","","","","","","","SPP-DK_N_IC_danishLMP-FP-POLL","01/01/1989 00:00:00","31/12/2003 00:00:00","active","","","","","other","","IC","","","","","","","","","","","","",""
"Denmark","DK.NERI.AQ","","NET-DK002A","""Danish Background Monitoring Network""","UTC+01","DK0031R","7001","""Ulborg""","SPO-DK0031R_00008_100","NO2","8.433330","56.283330","37.000000","","rural","background","01/01/1989 00:00:00","31/12/2003 00:00:00","SPO_F-DK0031R_00008_100_100","18.0","","","","","","","","","","","0","","","","","","","","","","","","","","","SPP-Unknown","01/01/1989 00:00:00","31/12/2003 00:00:00","","","","","","","","","","","","","","","","","","","","",""
"Denmark","DK.NERI.AQ","2025","NET-DK002A","""Danish Background Monitoring Network""","UTC+01","DK0031R","7001","""Ulborg""","SPO-DK0031R_00008_101","NO2","8.427400","56.290400","37.000000","m","rural","background","01/01/1989 00:00:00","","SPO_F-DK0031R_00008_101_101","20.0","m","","","","","","","Transport","","","0","","","","","Holsterbro","","","","","","","","","","SPP-DK_A_chemi_API","01/01/1989 00:00:00","","automatic","chemi","","API200","","","","","","ref","","","","","In preparation","1","hour","1","second","http://cdr.eionet.europa.eu/dk/eu/aqd/d/colarw97g/envarw_cw/REP_D-DK_NERI_20251124_D-001.xml","05/12/2025 14:00:17"
"Denmark","DK.NERI.AQ","2025","NET-DK002A","""Danish Background Monitoring Network""","UTC+01","DK0031R","7001","""Ulborg""","SPO-DK0031R_00008_101","NO2","8.433330","56.283330","37.000000","","rural","background","01/01/1989 00:00:00","","SPO_F-DK0031R_00008_101_101","18.0","","","","","","","","","","","0","","","","","","","","","","","","","","","SPP-DK_A_chemi_API","01/01/1989 00:00:00","","automatic","chemi","","","","","","","","","","","","","","","","","","http://cdr.eionet.europa.eu/dk/eu/aqd/d/colarw97g/envarw_cw/REP_D-DK_NERI_20251124_D-001.xml","05/12/2025 14:00:17"
"Denmark","DK.NERI.AQ","2025","NET-DK002A","""Danish Background Monitoring Network""","UTC+01","DK0031R","7001","""Ulborg""","SPO-DK0031R_00009_100","NOX as NO2","8.433330","56.283330","37.000000","","rural","background","01/01/1989 00:00:00","","SPO_F-DK0031R_00009_100_100","18.0","","","","","","","","","","","0","","","","","","","","","","","","","","","SPP-DK_A_chemi_API","01/01/1989 00:00:00","","automatic","chemi","","","","","","","","","","","","","","","","","","http://cdr.eionet.europa.eu/dk/eu/aqd/d/colarw97g/envarw_cw/REP_D-DK_NERI_20251124_D-001.xml","05/12/2025 14:00:17"
"Denmark","DK.NERI.AQ","2025","NET-DK002A","""Danish Background Monitoring Network""","UTC+01","DK0031R","7001","""Ulborg""","SPO-DK0031R_00009_100","NOX as NO2","8.427400","56.290400","37.000000","m","rural","background","01/01/1989 00:00:00","","SPO_F-DK0031R_00009_100_100","20.0","m","","","","","","","Transport","","","0","","","","","Holsterbro","","","","","","","","","","SPP-DK_A_chemi_API","01/01/1989 00:00:00","","automatic","chemi","","API200","","","","","","ref","","","","","In preparation","1","hour","1","second","http://cdr.eionet.europa.eu/dk/eu/aqd/d/colarw97g/envarw_cw/REP_D-DK_NERI_20251124_D-001.xml","05/12/2025 14:00:17"
"Denmark","DK.NERI.AQ","2025","NET-DK002A","""Danish Background Monitoring Network""","UTC+01","DK0031R","7001","""Ulborg""","SPO-DK0031R_00009_100","NOX as NO2","8.433330","56.283330","37.000000","","rural","background","01/01/1989 00:00:00","","SPO_F-DK0031R_00009_100_100","18.0","","","","","","","","","","","0","","","","","","","","","","","","","","","SPP-DK_A_chemi_API","01/01/1989 00:00:00","","automatic","chemi","","API","","","","","","","","","","","","","","","","http://cdr.eionet.europa.eu/dk/eu/aqd/d/colarw97g/envarw_cw/REP_D-DK_NERI_20251124_D-001.xml","05/12/2025 14:00:17"
"Denmark","DK.NERI.AQ","","NET-DK002A","""Danish Background Monitoring Network""","UTC+01","DK0031R","7001","""Ulborg""","SPO-DK0031R_00012_100","Pb","8.433330","56.283330","37.000000","","rural","background","01/01/1985 00:00:00","01/01/2010 00:00:00","SPO_F-DK0031R_00012_100_100","18.0","","","","","","","","","","","0","","","","","","","","","","","","","","","SPP-DK_N_00528_danishLMP-FP-ELEM","01/01/1985 00:00:00","01/01/2010 00:00:00","active","","","","","other","","other","","","","","","","","","","","","",""
"Denmark","DK.NERI.AQ","","NET-DK002A","""Danish Background Monitoring Network""","UTC+01","DK0031R","7001","""Ulborg""","SPO-DK0031R_00012_100","Pb","8.433330","56.283330","37.000000","","rural","background","01/01/1985 00:00:00","01/01/2010 00:00:00","SPO_F-DK0031R_00012_100_100","18.0","","","","","","","","","","","0","","","","","","","","","","","","","","","SPP-Unknown","01/01/1985 00:00:00","01/01/2010 00:00:00","","","","","","","","","","","","","","","","","","","","",""
"Denmark","DK.NERI.AQ","","NET-DK002A","""Danish Background Monitoring Network""","UTC+01","DK0031R","7001","""Ulborg""","SPO-DK0031R_00014_100","Cd","8.433330","56.283330","37.000000","","rural","background","01/01/1985 00:00:00","01/01/2010 00:00:00","SPO_F-DK0031R_00014_100_100","18.0","","","","","","","","","","","0","","","","","","","","","","","","","","","SPP-DK_N_00528_danishLMP-FP-ELEM","01/01/1985 00:00:00","01/01/2010 00:00:00","active","","","","","other","","other","","","","","","","","","","","","",""
"Denmark","DK.NERI.AQ","","NET-DK002A","""Danish Background Monitoring Network""","UTC+01","DK0031R","7001","""Ulborg""","SPO-DK0031R_00014_100","Cd","8.433330","56.283330","37.000000","","rural","background","01/01/1985 00:00:00","01/01/2010 00:00:00","SPO_F-DK0031R_00014_100_100","18.0","","","","","","","","","","","0","","","","","","","","","","","","","","","SPP-Unknown","01/01/1985 00:00:00","01/01/2010 00:00:00","","","","","","","","","","","","","","","","","","","","",""
"Denmark","DK.NERI.AQ","","NET-DK002A","""Danish Background Monitoring Network""","UTC+01","DK0031R","7001","""Ulborg""","SPO-DK0031R_00015_100","Ni","8.433330","56.283330","37.000000","","rural","background","01/01/1985 00:00:00","01/01/2010 00:00:00","SPO_F-DK0031R_00015_100_100","18.0","","","","","","","","","","","0","","","","","","","","","","","","","","","SPP-DK_N_00528_danishLMP-FP-ELEM","01/01/1985 00:00:00","01/01/2010 00:00:00","active","","","","","other","","other","","","","","","","","","","","","",""
"Denmark","DK.NERI.AQ","","NET-DK002A","""Danish Background Monitoring Network""","UTC+01","DK0031R","7001","""Ulborg""","SPO-DK0031R_00015_100","Ni","8.433330","56.283330","37.000000","","rural","background","01/01/1985 00:00:00","01/01/2010 00:00:00","SPO_F-DK0031R_00015_100_100","18.0","","","","","","","","","","","0","","","","","","","","","","","","","","","SPP-Unknown","01/01/1985 00:00:00","01/01/2010 00:00:00","","","","","","","","","","","","","","","","","","","","",""
"Denmark","DK.NERI.AQ","","NET-DK002A","""Danish Background Monitoring Network""","UTC+01","DK0031R","7001","""Ulborg""","SPO-DK0031R_00016_100","Cr","8.433330","56.283330","37.000000","","rural","background","01/01/1985 00:00:00","01/01/2010 00:00:00","SPO_F-DK0031R_00016_100_100","18.0","","","","","","","","","","","0","","","","","","","","","","","","","","","SPP-DK_N_00528_danishLMP-FP-ELEM","01/01/1985 00:00:00","01/01/2010 00:00:00","active","","","","","other","","other","","","","","","","","","","","","",""
"Denmark","DK.NERI.AQ","","NET-DK002A","""Danish Background Monitoring Network""","UTC+01","DK0031R","7001","""Ulborg""","SPO-DK0031R_00016_100","Cr","8.433330","56.283330","37.000000","","rural","background","01/01/1985 00:00:00","01/01/2010 00:00:00","SPO_F-DK0031R_00016_100_100","18.0","","","","","","","","","","","0","","","","","","","","","","","","","","","SPP-Unknown","01/01/1985 00:00:00","01/01/2010 00:00:00","","","","","","","","","","","","","","","","","","","","",""
"Denmark","DK.NERI.AQ","","NET-DK002A","""Danish Background Monitoring Network""","UTC+01","DK0031R","7001","""Ulborg""","SPO-DK0031R_00017_100","Mn","8.433330","56.283330","37.000000","","rural","background","01/01/1982 00:00:00","01/01/2010 00:00:00","SPO_F-DK0031R_00017_100_100","18.0","","","","","","","","","","","0","","","","","","","","","","","","","","","SPP-DK_N_00528_danishLMP-FP-ELEM","01/01/1982 00:00:00","01/01/2010 00:00:00","active","","","","","other","","other","","","","","","","","","","","","",""
"Denmark","DK.NERI.AQ","","NET-DK002A","""Danish Background Monitoring Network""","UTC+01","DK0031R","7001","""Ulborg""","SPO-DK0031R_00017_100","Mn","8.433330","56.283330","37.000000","","rural","background","01/01/1982 00:00:00","01/01/2010 00:00:00","SPO_F-DK0031R_00017_100_100","18.0","","","","","","","","","","","0","","","","","","","","","","","","","","","SPP-Unknown","01/01/1982 00:00:00","01/01/2010 00:00:00","","","","","","","","","","","","","","","","","","","","",""
"Denmark","DK.NERI.AQ","","NET-DK002A","""Danish Background Monitoring Network""","UTC+01","DK0031R","7001","""Ulborg""","SPO-DK0031R_00018_100","As","8.433330","56.283330","37.000000","","rural","background","01/01/1985 00:00:00","01/01/2010 00:00:00","SPO_F-DK0031R_00018_100_100","18.0","","","","","","","","","","","0","","","","","","","","","","","","","","","SPP-DK_N_00528_danishLMP-FP-ELEM","01/01/1985 00:00:00","01/01/2010 00:00:00","active","","","","","other","","other","","","","","","","","","","","","",""
"Denmark","DK.NERI.AQ","","NET-DK002A","""Danish Background Monitoring Network""","UTC+01","DK0031R","7001","""Ulborg""","SPO-DK0031R_00018_100","As","8.433330","56.283330","37.000000","","rural","background","01/01/1985 00:00:00","01/01/2010 00:00:00","SPO_F-DK0031R_00018_100_100","18.0","","","","","","","","","","","0","","","","","","","","","","","","","","","SPP-Unknown","01/01/1985 00:00:00","01/01/2010 00:00:00","","","","","","","","","","","","","","","","","","","","",""
"Denmark","DK.NERI.AQ","2025","NET-DK002A","""Danish Background Monitoring Network""","UTC+01","DK0031R","7001","""Ulborg""","SPO-DK0031R_00038_100","NO","8.433330","56.283330","37.000000","","rural","background","01/01/1989 00:00:00","","SPO_F-DK0031R_00038_100_100","18.0","","","","","","","","","","","0","","","","","","","","","","","","","","","SPP-DK_A_chemi_API","01/01/1989 00:00:00","","automatic","chemi","","API","","","","","","","","","","","","","","","","http://cdr.eionet.europa.eu/dk/eu/aqd/d/colarw97g/envarw_cw/REP_D-DK_NERI_20251124_D-001.xml","05/12/2025 14:00:17"
"Denmark","DK.NERI.AQ","2025","NET-DK002A","""Danish Background Monitoring Network""","UTC+01","DK0031R","7001","""Ulborg""","SPO-DK0031R_00038_100","NO","8.427400","56.290400","37.000000","m","rural","background","01/01/1989 00:00:00","","SPO_F-DK0031R_00038_100_100","20.0","m","","","","","","","Transport","","","0","","","","","Holsterbro","","","","","","","","","","SPP-DK_A_chemi_API","01/01/1989 00:00:00","","automatic","chemi","","API200","","","","","","ref","","","","","In preparation","1","hour","1","second","http://cdr.eionet.europa.eu/dk/eu/aqd/d/colarw97g/envarw_cw/REP_D-DK_NERI_20251124_D-001.xml","05/12/2025 14:00:17"
"Denmark","DK.NERI.AQ","2025","NET-DK002A","""Danish Background Monitoring Network""","UTC+01","DK0031R","7001","""Ulborg""","SPO-DK0031R_00038_100","NO","8.433330","56.283330","37.000000","","rural","background","01/01/1989 00:00:00","","SPO_F-DK0031R_00038_100_100","18.0","","","","","","","","","","","0","","","","","","","","","","","","","","","SPP-DK_A_chemi_API","01/01/1989 00:00:00","","automatic","chemi","","","","","","","","","","","","","","","","","","http://cdr.eionet.europa.eu/dk/eu/aqd/d/colarw97g/envarw_cw/REP_D-DK_NERI_20251124_D-001.xml","05/12/2025 14:00:17"
"Denmark","DK.NERI.AQ","","NET-DK002A","""Danish Background Monitoring Network""","UTC+01","DK0031R","7001","""Ulborg""","SPO-DK0031R_00047_100","SO4 (H2SO4 aerosols) (SO4--)","8.433330","56.283330","37.000000","","rural","background","01/01/1985 00:00:00","01/01/2010 00:00:00","SPO_F-DK0031R_00047_100_100","18.0","","","","","","","","","","","0","","","","","","","","","","","","","","","SPP-DK_N_00528_danishLMP-FP-ELEM","01/01/1985 00:00:00","01/01/2010 00:00:00","active","","","","","other","","other","","","","","","","","","","","","",""
"Denmark","DK.NERI.AQ","","NET-DK002A","""Danish Background Monitoring Network""","UTC+01","DK0031R","7001","""Ulborg""","SPO-DK0031R_00047_100","SO4 (H2SO4 aerosols) (SO4--)","8.433330","56.283330","37.000000","","rural","background","01/01/1985 00:00:00","01/01/2010 00:00:00","SPO_F-DK0031R_00047_100_100","18.0","","","","","","","","","","","0","","","","","","","","","","","","","","","SPP-Unknown","01/01/1985 00:00:00","01/01/2010 00:00:00","","","","","","","","","","","","","","","","","","","","",""
"Denmark","DK.NERI.AQ","","NET-DK002A","""Danish Background Monitoring Network""","UTC+01","DK0031R","7001","""Ulborg""","SPO-DK0031R_00048_100","Se","8.433330","56.283330","37.000000","","rural","background","01/01/1985 00:00:00","01/01/2010 00:00:00","SPO_F-DK0031R_00048_100_100","18.0","","","","","","","","","","","0","","","","","","","","","","","","","","","SPP-DK_N_00528_danishLMP-FP-ELEM","01/01/1985 00:00:00","01/01/2010 00:00:00","active","","","","","other","","other","","","","","","","","","","","","",""
"Denmark","DK.NERI.AQ","","NET-DK002A","""Danish Background Monitoring Network""","UTC+01","DK0031R","7001","""Ulborg""","SPO-DK0031R_00048_100","Se","8.433330","56.283330","37.000000","","rural","background","01/01/1985 00:00:00","01/01/2010 00:00:00","SPO_F-DK0031R_00048_100_100","18.0","","","","","","","","","","","0","","","","","","","","","","","","","","","SPP-Unknown","01/01/1985 00:00:00","01/01/2010 00:00:00","","","","","","","","","","","","","","","","","","","","",""
"Denmark","DK.NERI.AQ","","NET-DK002A","""Danish Background Monitoring Network""","UTC+01","DK0031R","7001","""Ulborg""","SPO-DK0031R_00049_100","V","8.433330","56.283330","37.000000","","rural","background","01/01/1985 00:00:00","01/01/2010 00:00:00","SPO_F-DK0031R_00049_100_100","18.0","","","","","","","","","","","0","","","","","","","","","","","","","","","SPP-DK_N_00528_danishLMP-FP-ELEM","01/01/1985 00:00:00","01/01/2010 00:00:00","active","","","","","other","","other","","","","","","","","","","","","",""
"Denmark","DK.NERI.AQ","","NET-DK002A","""Danish Background Monitoring Network""","UTC+01","DK0031R","7001","""Ulborg""","SPO-DK0031R_00049_100","V","8.433330","56.283330","37.000000","","rural","background","01/01/1985 00:00:00","01/01/2010 00:00:00","SPO_F-DK0031R_00049_100_100","18.0","","","","","","","","","","","0","","","","","","","","","","","","","","","SPP-Unknown","01/01/1985 00:00:00","01/01/2010 00:00:00","","","","","","","","","","","","","","","","","","","","",""
"Denmark","DK.NERI.AQ","2025","NET-DK002A","""Danish Background Monitoring Network""","UTC+01","DK0031R","7001","""Ulborg""","SPO-DK0031R_07012_100","Pb","8.427400","56.290400","37.000000","m","rural","background","01/01/2015 00:00:00","","SPO_F-DK0031R_07012_100_100","3.7","m","","","","","","","Long-range transboundary transport","","","0","","","","","Holsterbro","","","","","","","","","","SPP-DK_N_IC_03986","01/01/2015 00:00:00","","active","","","","","deposition-wetdry","","IC","","ref","","","","","In preparation","0","variable","0","other","http://cdr.eionet.europa.eu/dk/eu/aqd/d/colarw97g/envarw_cw/REP_D-DK_NERI_20251124_D-001.xml","05/12/2025 14:00:17"
"Denmark","DK.NERI.AQ","2025","NET-DK002A","""Danish Background Monitoring Network""","UTC+01","DK0031R","7001","""Ulborg""","SPO-DK0031R_07014_100","Cd","8.433330","56.283330","37.000000","","rural","background","01/01/2013 00:00:00","","SPO_F-DK0031R_07014_100_100","1.0","","","","","","","","","","","0","","","","","","","","","","","","","","","SPP-DK_N_00000_00000","01/01/2013 00:00:00","","active","","","","","other","","other","","","","","","","","","","","","http://cdr.eionet.europa.eu/dk/eu/aqd/d/colarw97g/envarw_cw/REP_D-DK_NERI_20251124_D-001.xml","05/12/2025 14:00:17"
"Denmark","DK.NERI.AQ","2025","NET-DK002A","""Danish Background Monitoring Network""","UTC+01","DK0031R","7001","""Ulborg""","SPO-DK0031R_07014_100","Cd","8.427400","56.290400","37.000000","m","rural","background","01/01/2013 00:00:00","","SPO_F-DK0031R_07014_100_100","3.7","m","","","","","","","Long-range transboundary transport","","","0","","","","","Holsterbro","","","","","","","","","","SPP-DK_N_IC_03986","01/01/2013 00:00:00","","active","","","","","deposition-wetdry","","IC","","ref","","","","","In preparation","0","variable","0","other","http://cdr.eionet.europa.eu/dk/eu/aqd/d/colarw97g/envarw_cw/REP_D-DK_NERI_20251124_D-001.xml","05/12/2025 14:00:17"
"Denmark","DK.NERI.AQ","2025","NET-DK002A","""Danish Background Monitoring Network""","UTC+01","DK0031R","7001","""Ulborg""","SPO-DK0031R_07014_100","Cd","8.433330","56.283330","37.000000","","rural","background","01/01/2013 00:00:00","","SPO_F-DK0031R_07014_100_100","1.0","","","","","","","","","","","0","","","","","","","","","","","","","","","SPP-DK_N_IC_danishLMP-FP-POLL","01/01/2013 00:00:00","","active","","","","","","","IC","","","","","","","","","","","","http://cdr.eionet.europa.eu/dk/eu/aqd/d/colarw97g/envarw_cw/REP_D-DK_NERI_20251124_D-001.xml","05/12/2025 14:00:17"
"Denmark","DK.NERI.AQ","2025","NET-DK002A","""Danish Background Monitoring Network""","UTC+01","DK0031R","7001","""Ulborg""","SPO-DK0031R_07015_100","Ni","8.433330","56.283330","37.000000","","rural","background","01/01/2013 00:00:00","","SPO_F-DK0031R_07015_100_100","1.0","","","","","","","","","","","0","","","","","","","","","","","","","","","SPP-DK_N_00000_00000","01/01/2013 00:00:00","","active","","","","","other","","other","","","","","","","","","","","","http://cdr.eionet.europa.eu/dk/eu/aqd/d/colarw97g/envarw_cw/REP_D-DK_NERI_20251124_D-001.xml","05/12/2025 14:00:17"
"Denmark","DK.NERI.AQ","2025","NET-DK002A","""Danish Background Monitoring Network""","UTC+01","DK0031R","7001","""Ulborg""","SPO-DK0031R_07015_100","Ni","8.427400","56.290400","37.000000","m","rural","background","01/01/2013 00:00:00","","SPO_F-DK0031R_07015_100_100","3.7","m","","","","","","","Long-range transboundary transport","","","0","","","","","Holsterbro","","","","","","","","","","SPP-DK_N_IC_03986","01/01/2013 00:00:00","","active","","","","","deposition-wetdry","","IC","","ref","","","","","In preparation","0","variable","0","other","http://cdr.eionet.europa.eu/dk/eu/aqd/d/colarw97g/envarw_cw/REP_D-DK_NERI_20251124_D-001.xml","05/12/2025 14:00:17"
"Denmark","DK.NERI.AQ","2025","NET-DK002A","""Danish Background Monitoring Network""","UTC+01","DK0031R","7001","""Ulborg""","SPO-DK0031R_07015_100","Ni","8.433330","56.283330","37.000000","","rural","background","01/01/2013 00:00:00","","SPO_F-DK0031R_07015_100_100","1.0","","","","","","","","","","","0","","","","","","","","","","","","","","","SPP-DK_N_IC_danishLMP-FP-POLL","01/01/2013 00:00:00","","active","","","","","","","IC","","","","","","","","","","","","http://cdr.eionet.europa.eu/dk/eu/aqd/d/colarw97g/envarw_cw/REP_D-DK_NERI_20251124_D-001.xml","05/12/2025 14:00:17"
"Denmark","DK.NERI.AQ","2025","NET-DK002A","""Danish Background Monitoring Network""","UTC+01","DK0031R","7001","""Ulborg""","SPO-DK0031R_07018_100","As","8.433330","56.283330","37.000000","","rural","background","01/01/2013 00:00:00","","SPO_F-DK0031R_07018_100_100","1.0","","","","","","","","","","","0","","","","","","","","","","","","","","","SPP-DK_N_00000_00000","01/01/2013 00:00:00","","active","","","","","other","","other","","","","","","","","","","","","http://cdr.eionet.europa.eu/dk/eu/aqd/d/colarw97g/envarw_cw/REP_D-DK_NERI_20251124_D-001.xml","05/12/2025 14:00:17"
"Denmark","DK.NERI.AQ","2025","NET-DK002A","""Danish Background Monitoring Network""","UTC+01","DK0031R","7001","""Ulborg""","SPO-DK0031R_07018_100","As","8.427400","56.290400","37.000000","m","rural","background","01/01/2013 00:00:00","","SPO_F-DK0031R_07018_100_100","3.7","m","","","","","","","Long-range transboundary transport","","","0","","","","","Holsterbro","","","","","","","","","","SPP-DK_N_IC_03986","01/01/2013 00:00:00","","active","","","","","deposition-wetdry","","IC","","ref","","","","","In preparation","0","variable","0","other","http://cdr.eionet.europa.eu/dk/eu/aqd/d/colarw97g/envarw_cw/REP_D-DK_NERI_20251124_D-001.xml","05/12/2025 14:00:17"
"Denmark","DK.NERI.AQ","2025","NET-DK002A","""Danish Background Monitoring Network""","UTC+01","DK0031R","7001","""Ulborg""","SPO-DK0031R_07018_100","As","8.433330","56.283330","37.000000","","rural","background","01/01/2013 00:00:00","","SPO_F-DK0031R_07018_100_100","1.0","","","","","","","","","","","0","","","","","","","","","","","","","","","SPP-DK_N_IC_danishLMP-FP-POLL","01/01/2013 00:00:00","","active","","","","","","","IC","","","","","","","","","","","","http://cdr.eionet.europa.eu/dk/eu/aqd/d/colarw97g/envarw_cw/REP_D-DK_NERI_20251124_D-001.xml","05/12/2025 14:00:17"
"Denmark","DK.NERI.AQ","2014","NET-DK002A","""Danish Background Monitoring Network""","UTC+01","DK0032A","4001","""Lindet""","SPO-DK0032A_00001_100","SO2","8.966670","55.205000","30.000000","","rural","background","01/01/1987 00:00:00","","SPO_F-DK0032A_00001_100_100","10.0","","","","","","","","","","","0","","","","","","","","","","","","","","","SPP-DK_N_IC_danishLMP-FP-POLL","01/01/1987 00:00:00","","active","","","","","","","IC","","","","","","","","","","","","http://cdr.eionet.europa.eu/dk/eu/aqd/d/envv0wp_g/REP_D-DK_NERI_201600505_D-001.xml","09/11/2024 01:20:34"
"Denmark","DK.NERI.AQ","2014","NET-DK002A","""Danish Background Monitoring Network""","UTC+01","DK0032A","4001","""Lindet""","SPO-DK0032A_00001_100","SO2","8.966670","55.205000","30.000000","","rural","background","01/01/1987 00:00:00","","SPO_F-DK0032A_00001_100_100","10.0","","","","","","","","","","","0","","","","","","","","","","","","","","","SPP-DK_N_IC_danishLMP-FP-POLL","01/01/1987 00:00:00","","active","","","","","other","","IC","","","","","","","","","","","","http://cdr.eionet.europa.eu/dk/eu/aqd/d/envv0wp_g/REP_D-DK_NERI_201600505_D-001.xml","09/11/2024 01:20:34"
"Denmark","DK.NERI.AQ","2014","NET-DK002A","""Danish Background Monitoring Network""","UTC+01","DK0032R","2002","""Frederiksborg""","SPO-DK0032R_00001_100","SO2","12.322230","55.954450","25.000000","","rural","background","01/01/1985 00:00:00","","SPO_F-DK0032R_00001_100_100","18.0","","","","","","","","","","","0","","","","","","","","","","","","","","","SPP-DK_N_IC_danishLMP-FP-POLL","01/01/1985 00:00:00","","active","","","","","other","","IC","","","","","","","","","","","","http://cdr.eionet.europa.eu/dk/eu/aqd/d/envv0wp_g/REP_D-DK_NERI_201600505_D-001.xml","09/11/2024 01:20:34"
"Denmark","DK.NERI.AQ","2014","NET-DK002A","""Danish Background Monitoring Network""","UTC+01","DK0032R","2002","""Frederiksborg""","SPO-DK0032R_00001_100","SO2","12.322230","55.954450","25.000000","","rural","background","01/01/1985 00:00:00","","SPO_F-DK0032R_00001_100_100","18.0","","","","","","","","","","","0","","","","","","","","","","","","","","","SPP-DK_N_IC_danishLMP-FP-POLL","01/01/1985 00:00:00","","active","","","","","","","IC","","","","","","","","","","","","http://cdr.eionet.europa.eu/dk/eu/aqd/d/envv0wp_g/REP_D-DK_NERI_201600505_D-001.xml","09/11/2024 01:20:34"
"Denmark","DK.NERI.AQ","","NET-DK002A","""Danish Background Monitoring Network""","UTC+01","DK0032R","2002","""Frederiksborg""","SPO-DK0032R_00007_100","O3","12.322230","55.954450","25.000000","","rural","background","01/01/1988 00:00:00","30/06/2002 00:00:00","SPO_F-DK0032R_00007_100_100","18.0","","","","","","","","","","","0","","","","","","","","","","","","","","","SPP-DK_A_UV-P_ML8810","01/01/1988 00:00:00","30/06/2002 00:00:00","automatic","UV-P","","ML8810","","","","","","","","","","","","","","","","",""
"Denmark","DK.NERI.AQ","","NET-DK002A","""Danish Background Monitoring Network""","UTC+01","DK0032R","2002","""Frederiksborg""","SPO-DK0032R_00007_100","O3","12.322230","55.954450","25.000000","","rural","background","01/01/1988 00:00:00","30/06/2002 00:00:00","SPO_F-DK0032R_00007_100_100","18.0","","","","","","","","","","","0","","","","","","","","","","","","","","","SPP-Unknown","01/01/1988 00:00:00","30/06/2002 00:00:00","","","","","","","","","","","","","","","","","","","","",""
"Denmark","DK.NERI.AQ","2025","NET-DK004A","""Danish Air Quality Monitoring Programme""","UTC+01","DK0012R","","""Risoe""","SPO-DK0012R_00001_100","SO2","12.088900","55.694200","3.000000","m","rural-regional","background","01/01/2014 00:00:00","","SPO_F-DK0012R_00001_100_100","4.1","m","","","","","","","Transport","","","0","","","","","Roskilde","","","","","","","","","","SPP-DK_N_IC_danishLMP-FP-ELEM","01/01/2014 00:00:00","","active","","","","","","","IC","","ref","","","","","In preparation","0","variable","0","other","http://cdr.eionet.europa.eu/dk/eu/aqd/d/colarw97g/envarw_cw/REP_D-DK_NERI_20251124_D-001.xml","05/12/2025 14:00:17"
"Denmark","DK.NERI.AQ","2014","NET-DK004A","""Danish Air Quality Monitoring Programme""","UTC+01","DK0012R","","""Risoe""","SPO-DK0012R_00005_100","PM10","12.088670","55.694110","3.000000","","rural-regional","background","06/07/2010 00:00:00","","SPO_F-DK0012R_00005_100_100","3.0","","","","","","","","","","","0","","","","","","","","","","","","","","","SPP-DK_A_BETA_01112","06/07/2010 00:00:00","","automatic","BETA","","other","","","","","","","","","","","","","","","","http://cdr.eionet.europa.eu/dk/eu/aqd/d/envv0wp_g/REP_D-DK_NERI_201600505_D-001.xml","09/11/2024 01:20:34"
"Denmark","DK.NERI.AQ","2014","NET-DK004A","""Danish Air Quality Monitoring Programme""","UTC+01","DK0012R","","""Risoe""","SPO-DK0012R_00005_100","PM10","12.088670","55.694110","3.000000","","rural-regional","background","06/07/2010 00:00:00","","SPO_F-DK0012R_00005_100_100","3.0","","","","","","","","","","","0","","","","","","","","","","","","","","","SPP-DK_A_BETA_01112","06/07/2010 00:00:00","","automatic","BETA","","","","","","","","","","","","","","","","","","http://cdr.eionet.europa.eu/dk/eu/aqd/d/envv0wp_g/REP_D-DK_NERI_201600505_D-001.xml","09/11/2024 01:20:34"
"Denmark","DK.NERI.AQ","2025","NET-DK004A","""Danish Air Quality Monitoring Programme""","UTC+01","DK0012R","","""Risoe""","SPO-DK0012R_00005_101","PM10","12.088670","55.694110","3.000000","","rural-regional","background","06/07/2010 00:00:00","","SPO_F-DK0012R_00005_101_101","3.0","","","","","","","","","","","0","","","","","","","","","","","","","","","SPP-DK_A_TEOM_TEOM1400A","06/07/2010 00:00:00","","automatic","TEOM","","TEOM1400A","","","","","","","","","","","","","","","","http://cdr.eionet.europa.eu/dk/eu/aqd/d/colarw97g/envarw_cw/REP_D-DK_NERI_20251124_D-001.xml","05/12/2025 14:00:17"
"Denmark","DK.NERI.AQ","2025","NET-DK004A","""Danish Air Quality Monitoring Programme""","UTC+01","DK0012R","","""Risoe""","SPO-DK0012R_00005_101","PM10","12.088670","55.694110","3.000000","","rural-regional","background","06/07/2010 00:00:00","","SPO_F-DK0012R_00005_101_101","3.0","","","","","","","","","","","0","","","","","","","","","","","","","","","SPP-DK_A_TEOM_TEOM1400A","06/07/2010 00:00:00","","automatic","TEOM","","","","","","","","","","","","","","","","","","http://cdr.eionet.europa.eu/dk/eu/aqd/d/colarw97g/envarw_cw/REP_D-DK_NERI_20251124_D-001.xml","05/12/2025 14:00:17"
"Denmark","DK.NERI.AQ","2025","NET-DK004A","""Danish Air Quality Monitoring Programme""","UTC+01","DK0012R","","""Risoe""","SPO-DK0012R_00005_101","PM10","12.088900","55.694200","3.000000","m","rural-regional","background","06/07/2010 00:00:00","01/01/2024 00:00:00","SPO_F-DK0012R_00005_101_101","4.1","m","","","","","","","Long-range transboundary transport","","","0","","","","","Roskilde","","","","","","","","","","SPP-DK_A_TEOM_TEOM1400A","06/07/2010 00:00:00","01/01/2024 00:00:00","automatic","TEOM","","TEOM1400A","","","","","","no","","","","","In preparation","0","variable","30","minute","http://cdr.eionet.europa.eu/dk/eu/aqd/d/colarw97g/envarw_cw/REP_D-DK_NERI_20251124_D-001.xml","05/12/2025 14:00:17"
"Denmark","DK.NERI.AQ","2025","NET-DK004A","""Danish Air Quality Monitoring Programme""","UTC+01","DK0012R","","""Risoe""","SPO-DK0012R_00005_102","PM10","12.088670","55.694110","3.000000","","rural-regional","background","01/01/2011 00:00:00","","SPO_F-DK0012R_00005_102_102","3.0","","","","","","","","","","","0","","","","","","","","","","","","","","","SPP-DK_N_00519_leckelSEQ-LVS","01/01/2011 00:00:00","","active","","","","","other","","other","","","","","","","","","","","","http://cdr.eionet.europa.eu/dk/eu/aqd/d/colarw97g/envarw_cw/REP_D-DK_NERI_20251124_D-001.xml","05/12/2025 14:00:17"
"Denmark","DK.NERI.AQ","2025","NET-DK004A","""Danish Air Quality Monitoring Programme""","UTC+01","DK0012R","","""Risoe""","SPO-DK0012R_00005_102","PM10","12.088900","55.694200","3.000000","m","rural-regional","background","01/01/2011 00:00:00","","SPO_F-DK0012R_00005_102_102","4.1","m","","","","","","","Long-range transboundary transport","","","0","","","","","Roskilde","","","","","","","","","","SPP-DK_N_06052leckelSEQ-LVS","01/01/2011 00:00:00","","active","","","","","LVSauto2.3","","gravi","","no","","","","","In preparation","1","day","1","day","http://cdr.eionet.europa.eu/dk/eu/aqd/d/colarw97g/envarw_cw/REP_D-DK_NERI_20251124_D-001.xml","05/12/2025 14:00:17"
"Denmark","DK.NERI.AQ","2025","NET-DK004A","""Danish Air Quality Monitoring Programme""","UTC+01","DK0012R","","""Risoe""","SPO-DK0012R_00005_102","PM10","12.088670","55.694110","3.000000","","rural-regional","background","01/01/2011 00:00:00","","SPO_F-DK0012R_00005_102_102","3.0","","","","","","","","","","","0","","","","","","","","","","","","","","","SPP-DK_N_06052leckelSEQ-LVS","01/01/2011 00:00:00","","active","","","","","","","other","","","","","","","","","","","","http://cdr.eionet.europa.eu/dk/eu/aqd/d/colarw97g/envarw_cw/REP_D-DK_NERI_20251124_D-001.xml","05/12/2025 14:00:17"
"Denmark","DK.NERI.AQ","2025","NET-DK004A","""Danish Air Quality Monitoring Programme""","UTC+01","DK0012R","","""Risoe""","SPO-DK0012R_00005_103","PM10","12.088900","55.694200","3.000000","m","rural-regional","background","01/09/2024 00:00:00","","SPO_F-DK0012R_00005_103_100","4.1","m","","","","","","","Long-range transboundary transport","","","0","","","","","Roskilde","","","","","","","","","","SPP-DK-N-Bam_PM","01/09/2024 00:00:00","","automatic","BETA","","BAM1020","","","","","","no","","","","","In preparation","1","hour","1","hour","http://cdr.eionet.europa.eu/dk/eu/aqd/d/colarw97g/envarw_cw/REP_D-DK_NERI_20251124_D-001.xml","05/12/2025 14:00:17"
"Denmark","DK.NERI.AQ","2025","NET-DK004A","""Danish Air Quality Monitoring Programme""","UTC+01","DK0012R","","""Risoe""","SPO-DK0012R_00007_100","O3","12.088670","55.694110","3.000000","","rural-regional","background","06/07/2010 00:00:00","","SPO_F-DK0012R_00007_100_100","3.0","","","","","","","","","","","0","","","","","","","","","","","","","","","SPP-DK_A_UV-P_API400A","06/07/2010 00:00:00","","automatic","UV-P","","","","","","","","","","","","","","","","","","http://cdr.eionet.europa.eu/dk/eu/aqd/d/colarw97g/envarw_cw/REP_D-DK_NERI_20251124_D-001.xml","05/12/2025 14:00:17"
"Denmark","DK.NERI.AQ","2025","NET-DK004A","""Danish Air Quality Monitoring Programme""","UTC+01","DK0012R","","""Risoe""","SPO-DK0012R_00007_100","O3","12.088900","55.694200","3.000000","m","rural-regional","background","06/07/2010 00:00:00","","SPO_F-DK0012R_00007_100_100","4.1","m","","","","","","","Long-range transboundary transport","","","0","","","","","Roskilde","","","","","","","","","","SPP-DK_A_UV-P_API400A","06/07/2010 00:00:00","","automatic","UV-P","","API400A","","","","","","ref","","","","","In preparation","0","variable","30","minute","http://cdr.eionet.europa.eu/dk/eu/aqd/d/colarw97g/envarw_cw/REP_D-DK_NERI_20251124_D-001.xml","05/12/2025 14:00:17"
"Denmark","DK.NERI.AQ","2025","NET-DK004A","""Danish Air Quality Monitoring Programme""","UTC+01","DK0012R","","""Risoe""","SPO-DK0012R_00007_100","O3","12.088670","55.694110","3.000000","","rural-regional","background","06/07/2010 00:00:00","","SPO_F-DK0012R_00007_100_100","3.0","","","","","","","","","","","0","","","","","","","","","","","","","","","SPP-DK_A_UV-P_API400A","06/07/2010 00:00:00","","automatic","UV-P","","API400A","","","","","","","","","","","","","","","","http://cdr.eionet.europa.eu/dk/eu/aqd/d/colarw97g/envarw_cw/REP_D-DK_NERI_20251124_D-001.xml","05/12/2025 14:00:17"
"Denmark","DK.NERI.AQ","2025","NET-DK004A","""Danish Air Quality Monitoring Programme""","UTC+01","DK0012R","","""Risoe""","SPO-DK0012R_00008_100","NO2","12.088900","55.694200","3.000000","m","rural-regional","background","06/07/2010 00:00:00","","SPO_F-DK0012R_00008_100_100","4.1","m","","","","","","","Transport","","","0","","","","","Roskilde","","","","","","","","","","SPP-DK_A_chemi_ML8840","06/07/2010 00:00:00","","automatic","chemi","","ML8840","","","","","","ref","","","","","In preparation","1","day","0","other","http://cdr.eionet.europa.eu/dk/eu/aqd/d/colarw97g/envarw_cw/REP_D-DK_NERI_20251124_D-001.xml","05/12/2025 14:00:17"
"Denmark","DK.NERI.AQ","2025","NET-DK004A","""Danish Air Quality Monitoring Programme""","UTC+01","DK0012R","","""Risoe""","SPO-DK0012R_00008_100","NO2","12.088670","55.694110","3.000000","","rural-regional","background","06/07/2010 00:00:00","","SPO_F-DK0012R_00008_100_100","3.0","","","","","","","","","","","0","","","","","","","","","","","","","","","SPP-DK_A_chemi_ML8840","06/07/2010 00:00:00","","automatic","chemi","","ML8840","","","","","","","","","","","","","","","","http://cdr.eionet.europa.eu/dk/eu/aqd/d/colarw97g/envarw_cw/REP_D-DK_NERI_20251124_D-001.xml","05/12/2025 14:00:17"
"Denmark","DK.NERI.AQ","2025","NET-DK004A","""Danish Air Quality Monitoring Programme""","UTC+01","DK0012R","","""Risoe""","SPO-DK0012R_00008_100","NO2","12.088670","55.694110","3.000000","","rural-regional","background","06/07/2010 00:00:00","","SPO_F-DK0012R_00008_100_100","3.0","","","","","","","","","","","0","","","","","","","","","","","","","","","SPP-DK_A_chemi_ML8840","06/07/2010 00:00:00","","automatic","chemi","","","","","","","","","","","","","","","","","","http://cdr.eionet.europa.eu/dk/eu/aqd/d/colarw97g/envarw_cw/REP_D-DK_NERI_20251124_D-001.xml","05/12/2025 14:00:17"
"Denmark","DK.NERI.AQ","2025","NET-DK004A","""Danish Air Quality Monitoring Programme""","UTC+01","DK0012R","","""Risoe""","SPO-DK0012R_00009_100","NOX as NO2","12.088900","55.694200","3.000000","m","rural-regional","background","06/07/2010 00:00:00","","SPO_F-DK0012R_00009_100_100","4.1","m","","","","","","","Transport","","","0","","","","","Roskilde","","","","","","","","","","SPP-DK_A_chemi_ML8840","06/07/2010 00:00:00","","automatic","chemi","","ML8840","","","","","","ref","","","","","In preparation","1","day","0","other","http://cdr.eionet.europa.eu/dk/eu/aqd/d/colarw97g/envarw_cw/REP_D-DK_NERI_20251124_D-001.xml","05/12/2025 14:00:17"
"Denmark","DK.NERI.AQ","2025","NET-DK004A","""Danish Air Quality Monitoring Programme""","UTC+01","DK0012R","","""Risoe""","SPO-DK0012R_00010_100","CO","12.088900","55.694200","3.000000","m","rural-regional","background","06/07/2010 00:00:00","","SPO_F-DK0012R_00010_100_100","4.1","m","","","","","","","Transport","","","0","","","","","Roskilde","","","","","","","","","","SPP-DK_A_NDIR_API300","06/07/2010 00:00:00","","automatic","NDIR","","API300","","","","","","ref","","","","","In preparation","0","variable","30","minute","http://cdr.eionet.europa.eu/dk/eu/aqd/d/colarw97g/envarw_cw/REP_D-DK_NERI_20251124_D-001.xml","05/12/2025 14:00:17"
"Denmark","DK.NERI.AQ","2025","NET-DK004A","""Danish Air Quality Monitoring Programme""","UTC+01","DK0012R","","""Risoe""","SPO-DK0012R_00010_100","CO","12.088670","55.694110","3.000000","","rural-regional","background","06/07/2010 00:00:00","","SPO_F-DK0012R_00010_100_100","3.0","","","","","","","","","","","0","","","","","","","","","","","","","","","SPP-DK_A_NDIR_API300","06/07/2010 00:00:00","","automatic","NDIR","","","","","","","","","","","","","","","","","","http://cdr.eionet.europa.eu/dk/eu/aqd/d/colarw97g/envarw_cw/REP_D-DK_NERI_20251124_D-001.xml","05/12/2025 14:00:17"
"Denmark","DK.NERI.AQ","2025","NET-DK004A","""Danish Air Quality Monitoring Programme""","UTC+01","DK0012R","","""Risoe""","SPO-DK0012R_00010_100","CO","12.088670","55.694110","3.000000","","rural-regional","background","06/07/2010 00:00:00","","SPO_F-DK0012R_00010_100_100","3.0","","","","","","","","","","","0","","","","","","","","","","","","","","","SPP-DK_A_NDIR_API300","06/07/2010 00:00:00","","automatic","NDIR","","API300","","","","","","","","","","","","","","","","http://cdr.eionet.europa.eu/dk/eu/aqd/d/colarw97g/envarw_cw/REP_D-DK_NERI_20251124_D-001.xml","05/12/2025 14:00:17"
"Denmark","DK.NERI.AQ","2025","NET-DK004A","""Danish Air Quality Monitoring Programme""","UTC+01","DK0012R","","""Risoe""","SPO-DK0012R_00012_100","Pb","12.088670","55.694110","3.000000","","rural-regional","background","06/07/2010 00:00:00","","SPO_F-DK0012R_00012_100_100","3.0","","","","","","","","","","","0","","","","","","","","","","","","","","","SPP-DK_N_ICP-MS_danishLMP-FP-ELEM","06/07/2010 00:00:00","","active","","","","","other","","ICP-MS","","","","","","","","","","","","http://cdr.eionet.europa.eu/dk/eu/aqd/d/colarw97g/envarw_cw/REP_D-DK_NERI_20251124_D-001.xml","05/12/2025 14:00:17"
"Denmark","DK.NERI.AQ","2025","NET-DK004A","""Danish Air Quality Monitoring Programme""","UTC+01","DK0012R","","""Risoe""","SPO-DK0012R_00012_100","Pb","12.088670","55.694110","3.000000","","rural-regional","background","06/07/2010 00:00:00","","SPO_F-DK0012R_00012_100_100","3.0","","","","","","","","","","","0","","","","","","","","","","","","","","","SPP-DK_N_ICP-MS_danishLMP-FP-ELEM","06/07/2010 00:00:00","","active","","","","","","","ICP-MS","","","","","","","","","","","","http://cdr.eionet.europa.eu/dk/eu/aqd/d/colarw97g/envarw_cw/REP_D-DK_NERI_20251124_D-001.xml","05/12/2025 14:00:17"
"Denmark","DK.NERI.AQ","2025","NET-DK004A","""Danish Air Quality Monitoring Programme""","UTC+01","DK0012R","","""Risoe""","SPO-DK0012R_00012_100","Pb","12.088900","55.694200","3.000000","m","rural-regional","background","06/07/2010 00:00:00","","SPO_F-DK0012R_00012_100_100","4.1","m","","","","","","","Long-range transboundary transport","","","0","","","","","Roskilde","","","","","","","","","","SPP-DK_N_ICP-MS_danishLMP-FP-ELEM","06/07/2010 00:00:00","","active","","","","","","","ICP-MS","","ref","","","","","In preparation","1","day","1","hour","http://cdr.eionet.europa.eu/dk/eu/aqd/d/colarw97g/envarw_cw/REP_D-DK_NERI_20251124_D-001.xml","05/12/2025 14:00:17"
"Denmark","DK.NERI.AQ","2025","NET-DK004A","""Danish Air Quality Monitoring Programme""","UTC+01","DK0012R","","""Risoe""","SPO-DK0012R_00014_100","Cd","12.088670","55.694110","3.000000","","rural-regional","background","06/07/2010 00:00:00","","SPO_F-DK0012R_00014_100_100","3.0","","","","","","","","","","","0","","","","","","","","","","","","","","","SPP-DK_N_ICP-MS_danishLMP-FP-ELEM","06/07/2010 00:00:00","","active","","","","","","","ICP-MS","","","","","","","","","","","","http://cdr.eionet.europa.eu/dk/eu/aqd/d/colarw97g/envarw_cw/REP_D-DK_NERI_20251124_D-001.xml","05/12/2025 14:00:17"
"Denmark","DK.NERI.AQ","2025","NET-DK004A","""Danish Air Quality Monitoring Programme""","UTC+01","DK0012R","","""Risoe""","SPO-DK0012R_00014_100","Cd","12.088670","55.694110","3.000000","","rural-regional","background","06/07/2010 00:00:00","","SPO_F-DK0012R_00014_100_100","3.0","","","","","","","","","","","0","","","","","","","","","","","","","","","SPP-DK_N_ICP-MS_danishLMP-FP-ELEM","06/07/2010 00:00:00","","active","","","","","other","","ICP-MS","","","","","","","","","","","","http://cdr.eionet.europa.eu/dk/eu/aqd/d/colarw97g/envarw_cw/REP_D-DK_NERI_20251124_D-001.xml","05/12/2025 14:00:17"
"Denmark","DK.NERI.AQ","2025","NET-DK004A","""Danish Air Quality Monitoring Programme""","UTC+01","DK0012R","","""Risoe""","SPO-DK0012R_00014_100","Cd","12.088900","55.694200","3.000000","m","rural-regional","background","06/07/2010 00:00:00","","SPO_F-DK0012R_00014_100_100","4.1","m","","","","","","","Long-range transboundary transport","","","0","","","","","Roskilde","","","","","","","","","","SPP-DK_N_ICP-MS_danishLMP-FP-ELEM","06/07/2010 00:00:00","","active","","","","","","","ICP-MS","","ref","","","","","In preparation","1","day","1","hour","http://cdr.eionet.europa.eu/dk/eu/aqd/d/colarw97g/envarw_cw/REP_D-DK_NERI_20251124_D-001.xml","05/12/2025 14:00:17"
"Denmark","DK.NERI.AQ","2025","NET-DK004A","""Danish Air Quality Monitoring Programme""","UTC+01","DK0012R","","""Risoe""","SPO-DK0012R_00015_100","Ni","12.088900","55.694200","3.000000","m","rural-regional","background","06/07/2010 00:00:00","","SPO_F-DK0012R_00015_100_100","4.1","m","","","","","","","Long-range transboundary transport","","","0","","","","","Roskilde","","","","","","","","","","SPP-DK_N_ICP-MS_danishLMP-FP-ELEM","06/07/2010 00:00:00","","active","","","","","","","ICP-MS","","ref","","","","","In preparation","1","day","1","hour","http://cdr.eionet.europa.eu/dk/eu/aqd/d/colarw97g/envarw_cw/REP_D-DK_NERI_20251124_D-001.xml","05/12/2025 14:00:17"
"Denmark","DK.NERI.AQ","2025","NET-DK004A","""Danish Air Quality Monitoring Programme""","UTC+01","DK0012R","","""Risoe""","SPO-DK0012R_00015_100","Ni","12.088670","55.694110","3.000000","","rural-regional","background","06/07/2010 00:00:00","","SPO_F-DK0012R_00015_100_100","3.0","","","","","","","","","","","0","","","","","","","","","","","","","","","SPP-DK_N_ICP-MS_danishLMP-FP-ELEM","06/07/2010 00:00:00","","active","","","","","","","ICP-MS","","","","","","","","","","","","http://cdr.eionet.europa.eu/dk/eu/aqd/d/colarw97g/envarw_cw/REP_D-DK_NERI_20251124_D-001.xml","05/12/2025 14:00:17"
"Denmark","DK.NERI.AQ","2025","NET-DK004A","""Danish Air Quality Monitoring Programme""","UTC+01","DK0012R","","""Risoe""","SPO-DK0012R_00015_100","Ni","12.088670","55.694110","3.000000","","rural-regional","background","06/07/2010 00:00:00","","SPO_F-DK0012R_00015_100_100","3.0","","","","","","","","","","","0","","","","","","","","","","","","","","","SPP-DK_N_ICP-MS_danishLMP-FP-ELEM","06/07/2010 00:00:00","","active","","","","","other","","ICP-MS","","","","","","","","","","","","http://cdr.eionet.europa.eu/dk/eu/aqd/d/colarw97g/envarw_cw/REP_D-DK_NERI_20251124_D-001.xml","05/12/2025 14:00:17"
"Denmark","DK.NERI.AQ","2025","NET-DK004A","""Danish Air Quality Monitoring Programme""","UTC+01","DK0012R","","""Risoe""","SPO-DK0012R_00018_100","As","12.088670","55.694110","3.000000","","rural-regional","background","06/07/2010 00:00:00","","SPO_F-DK0012R_00018_100_100","3.0","","","","","","","","","","","0","","","","","","","","","","","","","","","SPP-DK_N_ICP-MS_danishLMP-FP-ELEM","06/07/2010 00:00:00","","active","","","","","other","","ICP-MS","","","","","","","","","","","","http://cdr.eionet.europa.eu/dk/eu/aqd/d/colarw97g/envarw_cw/REP_D-DK_NERI_20251124_D-001.xml","05/12/2025 14:00:17"
"Denmark","DK.NERI.AQ","2025","NET-DK004A","""Danish Air Quality Monitoring Programme""","UTC+01","DK0012R","","""Risoe""","SPO-DK0012R_00018_100","As","12.088900","55.694200","3.000000","m","rural-regional","background","06/07/2010 00:00:00","","SPO_F-DK0012R_00018_100_100","4.1","m","","","","","","","Long-range transboundary transport","","","0","","","","","Roskilde","","","","","","","","","","SPP-DK_N_ICP-MS_danishLMP-FP-ELEM","06/07/2010 00:00:00","","active","","","","","","","ICP-MS","","ref","","","","","In preparation","1","day","1","hour","http://cdr.eionet.europa.eu/dk/eu/aqd/d/colarw97g/envarw_cw/REP_D-DK_NERI_20251124_D-001.xml","05/12/2025 14:00:17"
"Denmark","DK.NERI.AQ","2025","NET-DK004A","""Danish Air Quality Monitoring Programme""","UTC+01","DK0012R","","""Risoe""","SPO-DK0012R_00018_100","As","12.088670","55.694110","3.000000","","rural-regional","background","06/07/2010 00:00:00","","SPO_F-DK0012R_00018_100_100","3.0","","","","","","","","","","","0","","","","","","","","","","","","","","","SPP-DK_N_ICP-MS_danishLMP-FP-ELEM","06/07/2010 00:00:00","","active","","","","","","","ICP-MS","","","","","","","","","","","","http://cdr.eionet.europa.eu/dk/eu/aqd/d/colarw97g/envarw_cw/REP_D-DK_NERI_20251124_D-001.xml","05/12/2025 14:00:17"
"Denmark","DK.NERI.AQ","2025","NET-DK004A","""Danish Air Quality Monitoring Programme""","UTC+01","DK0012R","","""Risoe""","SPO-DK0012R_00038_100","NO","12.088670","55.694110","3.000000","","rural-regional","background","06/07/2010 00:00:00","","SPO_F-DK0012R_00038_100_100","3.0","","","","","","","","","","","0","","","","","","","","","","","","","","","SPP-DK_A_chemi_ML8840","06/07/2010 00:00:00","","automatic","chemi","","","","","","","","","","","","","","","","","","http://cdr.eionet.europa.eu/dk/eu/aqd/d/colarw97g/envarw_cw/REP_D-DK_NERI_20251124_D-001.xml","05/12/2025 14:00:17"
"Denmark","DK.NERI.AQ","2025","NET-DK004A","""Danish Air Quality Monitoring Programme""","UTC+01","DK0012R","","""Risoe""","SPO-DK0012R_00038_100","NO","12.088670","55.694110","3.000000","","rural-regional","background","06/07/2010 00:00:00","","SPO_F-DK0012R_00038_100_100","3.0","","","","","","","","","","","0","","","","","","","","","","","","","","","SPP-DK_A_chemi_ML8840","06/07/2010 00:00:00","","automatic","chemi","","ML8840","","","","","","","","","","","","","","","","http://cdr.eionet.europa.eu/dk/eu/aqd/d/colarw97g/envarw_cw/REP_D-DK_NERI_20251124_D-001.xml","05/12/2025 14:00:17"
"Denmark","DK.NERI.AQ","2025","NET-DK004A","""Danish Air Quality Monitoring Programme""","UTC+01","DK0012R","","""Risoe""","SPO-DK0012R_00038_100","NO","12.088900","55.694200","3.000000","m","rural-regional","background","06/07/2010 00:00:00","","SPO_F-DK0012R_00038_100_100","4.1","m","","","","","","","Transport","","","0","","","","","Roskilde","","","","","","","","","","SPP-DK_A_chemi_ML8840","06/07/2010 00:00:00","","automatic","chemi","","ML8840","","","","","","ref","","","","","In preparation","1","day","0","other","http://cdr.eionet.europa.eu/dk/eu/aqd/d/colarw97g/envarw_cw/REP_D-DK_NERI_20251124_D-001.xml","05/12/2025 14:00:17"
"Denmark","DK.NERI.AQ","2025","NET-DK004A","""Danish Air Quality Monitoring Programme""","UTC+01","DK0012R","","""Risoe""","SPO-DK0012R_00611_100","Benzo(a)anthracene","12.088670","55.694110","3.000000","","rural-regional","background","01/01/2013 00:00:00","","SPO_F-DK0012R_00611_100_100","1.0","","","","","","","","","","","0","","","","","","","","","","","","","","","SPP-DK_N_GC-MS_00000","01/01/2013 00:00:00","","active","","","","","other","","GC-MS","","","","","","","","","","","","http://cdr.eionet.europa.eu/dk/eu/aqd/d/colarw97g/envarw_cw/REP_D-DK_NERI_20251124_D-001.xml","05/12/2025 14:00:17"
"Denmark","DK.NERI.AQ","2025","NET-DK004A","""Danish Air Quality Monitoring Programme""","UTC+01","DK0012R","","""Risoe""","SPO-DK0012R_00611_100","Benzo(a)anthracene","12.088900","55.694200","3.000000","m","rural-regional","background","01/01/2013 00:00:00","","SPO_F-DK0012R_00611_100_100","4.1","m","","","","","","","Long-range transboundary transport","","","0","","","","","Roskilde","","","","","","","","","","SPP-DK_N_GC-MS_01969","01/01/2013 00:00:00","","active","","","","","LVSauto2.3","","GC-MS","","ref","","","","","In preparation","5","day","5","day","http://cdr.eionet.europa.eu/dk/eu/aqd/d/colarw97g/envarw_cw/REP_D-DK_NERI_20251124_D-001.xml","05/12/2025 14:00:17"
"Denmark","DK.NERI.AQ","2025","NET-DK004A","""Danish Air Quality Monitoring Programme""","UTC+01","DK0012R","","""Risoe""","SPO-DK0012R_00611_100","Benzo(a)anthracene","12.088670","55.694110","3.000000","","rural-regional","background","01/01/2013 00:00:00","","SPO_F-DK0012R_00611_100_100","1.0","","","","","","","","","","","0","","","","","","","","","","","","","","","SPP-DK_N_GC-MS_01969","01/01/2013 00:00:00","","active","","","","","","","GC-MS","","","","","","","","","","","","http://cdr.eionet.europa.eu/dk/eu/aqd/d/colarw97g/envarw_cw/REP_D-DK_NERI_20251124_D-001.xml","05/12/2025 14:00:17"
"Denmark","DK.NERI.AQ","2025","NET-DK004A","""Danish Air Quality Monitoring Programme""","UTC+01","DK0012R","","""Risoe""","SPO-DK0012R_00617_100","Benzo(b)fluoranthene","12.088900","55.694200","3.000000","m","rural-regional","background","01/01/2024 00:00:00","","SPO_F-DK0012R_00617_100_100","4.1","m","","","","","","","Long-range transboundary transport","","","0","","","","","Roskilde","","","","","","","","","","SPP-DK_N_GC-MS_01969","01/01/2024 00:00:00","","active","","","","","LVSauto2.3","","GC-MS","","ref","","","","","In preparation","5","day","5","day","http://cdr.eionet.europa.eu/dk/eu/aqd/d/colarw97g/envarw_cw/REP_D-DK_NERI_20251124_D-001.xml","05/12/2025 14:00:17"
"Denmark","DK.NERI.AQ","2025","NET-DK004A","""Danish Air Quality Monitoring Programme""","UTC+01","DK0012R","","""Risoe""","SPO-DK0012R_00626_100","Benzo(k)fluoranthene","12.088900","55.694200","3.000000","m","rural-regional","background","01/01/2024 00:00:00","","SPO_F-DK0012R_00626_100_100","4.1","m","","","","","","","Long-range transboundary transport","","","0","","","","","Roskilde","","","","","","","","","","SPP-DK_N_GC-MS_01969","01/01/2024 00:00:00","","active","","","","","LVSauto2.3","","GC-MS","","ref","","","","","In preparation","5","day","5","day","http://cdr.eionet.europa.eu/dk/eu/aqd/d/colarw97g/envarw_cw/REP_D-DK_NERI_20251124_D-001.xml","05/12/2025 14:00:17"
"Denmark","DK.NERI.AQ","2025","NET-DK004A","""Danish Air Quality Monitoring Programme""","UTC+01","DK0012R","","""Risoe""","SPO-DK0012R_00656_100","Indeno-(1,2,3-cd)pyrene","12.088670","55.694110","3.000000","","rural-regional","background","01/01/2013 00:00:00","","SPO_F-DK0012R_00656_100_100","1.0","","","","","","","","","","","0","","","","","","","","","","","","","","","SPP-DK_N_GC-MS_00000","01/01/2013 00:00:00","","active","","","","","other","","GC-MS","","","","","","","","","","","","http://cdr.eionet.europa.eu/dk/eu/aqd/d/colarw97g/envarw_cw/REP_D-DK_NERI_20251124_D-001.xml","05/12/2025 14:00:17"
"Denmark","DK.NERI.AQ","2025","NET-DK004A","""Danish Air Quality Monitoring Programme""","UTC+01","DK0012R","","""Risoe""","SPO-DK0012R_00656_100","Indeno-(1,2,3-cd)pyrene","12.088900","55.694200","3.000000","m","rural-regional","background","01/01/2013 00:00:00","","SPO_F-DK0012R_00656_100_100","4.1","m","","","","","","","Long-range transboundary transport","","","0","","","","","Roskilde","","","","","","","","","","SPP-DK_N_GC-MS_01969","01/01/2013 00:00:00","","active","","","","","LVSauto2.3","","GC-MS","","ref","","","","","In preparation","5","day","5","day","http://cdr.eionet.europa.eu/dk/eu/aqd/d/colarw97g/envarw_cw/REP_D-DK_NERI_20251124_D-001.xml","05/12/2025 14:00:17"
"Denmark","DK.NERI.AQ","2025","NET-DK004A","""Danish Air Quality Monitoring Programme""","UTC+01","DK0012R","","""Risoe""","SPO-DK0012R_00656_100","Indeno-(1,2,3-cd)pyrene","12.088670","55.694110","3.000000","","rural-regional","background","01/01/2013 00:00:00","","SPO_F-DK0012R_00656_100_100","1.0","","","","","","","","","","","0","","","","","","","","","","","","","","","SPP-DK_N_GC-MS_01969","01/01/2013 00:00:00","","active","","","","","","","GC-MS","","","","","","","","","","","","http://cdr.eionet.europa.eu/dk/eu/aqd/d/colarw97g/envarw_cw/REP_D-DK_NERI_20251124_D-001.xml","05/12/2025 14:00:17"
"Denmark","DK.NERI.AQ","2025","NET-DK004A","""Danish Air Quality Monitoring Programme""","UTC+01","DK0012R","","""Risoe""","SPO-DK0012R_00759_100","Benzo(j)fluoranthene","12.088900","55.694200","3.000000","m","rural-regional","background","01/01/2024 00:00:00","","SPO_F-DK0012R_00759_100_100","4.1","m","","","","","","","Long-range transboundary transport","","","0","","","","","Roskilde","","","","","","","","","","SPP-DK_N_GC-MS_01969","01/01/2024 00:00:00","","active","","","","","LVSauto2.3","","GC-MS","","ref","","","","","In preparation","5","day","5","day","http://cdr.eionet.europa.eu/dk/eu/aqd/d/colarw97g/envarw_cw/REP_D-DK_NERI_20251124_D-001.xml","05/12/2025 14:00:17"
"Denmark","DK.NERI.AQ","2025","NET-DK004A","""Danish Air Quality Monitoring Programme""","UTC+01","DK0012R","","""Risoe""","SPO-DK0012R_01045_100","NH4+ in PM2.5","12.088900","55.694200","3.000000","m","rural-regional","background","01/01/2011 00:00:00","","SPO_F-DK0012R_01045_100_100","4.1","m","","","","","","","Secondary aerosols","","","0","","","","","Roskilde","","","","","","","","","","SPP-DK_N_IC_dionex3000","01/01/2011 00:00:00","","active","","","","","","","IC","","ref","","","","","In preparation","1","day","1","day","http://cdr.eionet.europa.eu/dk/eu/aqd/d/colarw97g/envarw_cw/REP_D-DK_NERI_20251124_D-001.xml","05/12/2025 14:00:17"
"Denmark","DK.NERI.AQ","2025","NET-DK004A","""Danish Air Quality Monitoring Programme""","UTC+01","DK0012R","","""Risoe""","SPO-DK0012R_01045_100","NH4+ in PM2.5","12.088670","55.694110","3.000000","","rural-regional","background","01/01/2011 00:00:00","","SPO_F-DK0012R_01045_100_100","3.0","","","","","","","","","","","0","","","","","","","","","","","","","","","SPP-DK_N_IC_dionex3000","01/01/2011 00:00:00","","active","","","","","","","IC","","","","","","","","","","","","http://cdr.eionet.europa.eu/dk/eu/aqd/d/colarw97g/envarw_cw/REP_D-DK_NERI_20251124_D-001.xml","05/12/2025 14:00:17"
"Denmark","DK.NERI.AQ","2025","NET-DK004A","""Danish Air Quality Monitoring Programme""","UTC+01","DK0012R","","""Risoe""","SPO-DK0012R_01045_100","NH4+ in PM2.5","12.088670","55.694110","3.000000","","rural-regional","background","01/01/2011 00:00:00","","SPO_F-DK0012R_01045_100_100","3.0","","","","","","","","","","","0","","","","","","","","","","","","","","","SPP-DK_N_IC_dionex3000","01/01/2011 00:00:00","","active","","","","","other","","IC","","","","","","","","","","","","http://cdr.eionet.europa.eu/dk/eu/aqd/d/colarw97g/envarw_cw/REP_D-DK_NERI_20251124_D-001.xml","05/12/2025 14:00:17"
"Denmark","DK.NERI.AQ","2025","NET-DK004A","""Danish Air Quality Monitoring Programme""","UTC+01","DK0012R","","""Risoe""","SPO-DK0012R_01046_100","NO3- in PM2.5","12.088670","55.694110","3.000000","","rural-regional","background","01/01/2011 00:00:00","","SPO_F-DK0012R_01046_100_100","3.0","","","","","","","","","","","0","","","","","","","","","","","","","","","SPP-DK_N_IC_dionex3000","01/01/2011 00:00:00","","active","","","","","","","IC","","","","","","","","","","","","http://cdr.eionet.europa.eu/dk/eu/aqd/d/colarw97g/envarw_cw/REP_D-DK_NERI_20251124_D-001.xml","05/12/2025 14:00:17"
"Denmark","DK.NERI.AQ","2025","NET-DK004A","""Danish Air Quality Monitoring Programme""","UTC+01","DK0012R","","""Risoe""","SPO-DK0012R_01046_100","NO3- in PM2.5","12.088670","55.694110","3.000000","","rural-regional","background","01/01/2011 00:00:00","","SPO_F-DK0012R_01046_100_100","3.0","","","","","","","","","","","0","","","","","","","","","","","","","","","SPP-DK_N_IC_dionex3000","01/01/2011 00:00:00","","active","","","","","other","","IC","","","","","","","","","","","","http://cdr.eionet.europa.eu/dk/eu/aqd/d/colarw97g/envarw_cw/REP_D-DK_NERI_20251124_D-001.xml","05/12/2025 14:00:17"
"Denmark","DK.NERI.AQ","2025","NET-DK004A","""Danish Air Quality Monitoring Programme""","UTC+01","DK0012R","","""Risoe""","SPO-DK0012R_01046_100","NO3- in PM2.5","12.088900","55.694200","3.000000","m","rural-regional","background","01/01/2011 00:00:00","","SPO_F-DK0012R_01046_100_100","4.1","m","","","","","","","Secondary aerosols","","","0","","","","","Roskilde","","","","","","","","","","SPP-DK_N_IC_dionex3000","01/01/2011 00:00:00","","active","","","","","","","IC","","ref","","","","","In preparation","1","day","1","day","http://cdr.eionet.europa.eu/dk/eu/aqd/d/colarw97g/envarw_cw/REP_D-DK_NERI_20251124_D-001.xml","05/12/2025 14:00:17"
"Denmark","DK.NERI.AQ","2025","NET-DK004A","""Danish Air Quality Monitoring Programme""","UTC+01","DK0012R","","""Risoe""","SPO-DK0012R_01047_100","SO42- in PM2.5","12.088670","55.694110","3.000000","","rural-regional","background","01/01/2011 00:00:00","","SPO_F-DK0012R_01047_100_100","3.0","","","","","","","","","","","0","","","","","","","","","","","","","","","SPP-DK_N_IC_dionex3000","01/01/2011 00:00:00","","active","","","","","other","","IC","","","","","","","","","","","","http://cdr.eionet.europa.eu/dk/eu/aqd/d/colarw97g/envarw_cw/REP_D-DK_NERI_20251124_D-001.xml","05/12/2025 14:00:17"
"Denmark","DK.NERI.AQ","2025","NET-DK004A","""Danish Air Quality Monitoring Programme""","UTC+01","DK0012R","","""Risoe""","SPO-DK0012R_01047_100","SO42- in PM2.5","12.088900","55.694200","3.000000","m","rural-regional","background","01/01/2011 00:00:00","","SPO_F-DK0012R_01047_100_100","4.1","m","","","","","","","Secondary aerosols","","","0","","","","","Roskilde","","","","","","","","","","SPP-DK_N_IC_dionex3000","01/01/2011 00:00:00","","active","","","","","","","IC","","ref","","","","","In preparation","1","day","1","day","http://cdr.eionet.europa.eu/dk/eu/aqd/d/colarw97g/envarw_cw/REP_D-DK_NERI_20251124_D-001.xml","05/12/2025 14:00:17"
"Denmark","DK.NERI.AQ","2025","NET-DK004A","""Danish Air Quality Monitoring Programme""","UTC+01","DK0012R","","""Risoe""","SPO-DK0012R_01047_100","SO42- in PM2.5","12.088670","55.694110","3.000000","","rural-regional","background","01/01/2011 00:00:00","","SPO_F-DK0012R_01047_100_100","3.0","","","","","","","","","","","0","","","","","","","","","","","","","","","SPP-DK_N_IC_dionex3000","01/01/2011 00:00:00","","active","","","","","","","IC","","","","","","","","","","","","http://cdr.eionet.europa.eu/dk/eu/aqd/d/colarw97g/envarw_cw/REP_D-DK_NERI_20251124_D-001.xml","05/12/2025 14:00:17"
"Denmark","DK.NERI.AQ","2025","NET-DK004A","""Danish Air Quality Monitoring Programme""","UTC+01","DK0012R","","""Risoe""","SPO-DK0012R_01629_100","Ca2+ in PM2.5","12.088900","55.694200","3.000000","m","rural-regional","background","01/01/2011 00:00:00","","SPO_F-DK0012R_01629_100_100","4.1","m","","","","","","","Transport","","","0","","","","","Roskilde","","","","","","","","","","SPP-DK_N_IC_dionex3000","01/01/2011 00:00:00","","active","","","","","","","IC","","ref","","","","","In preparation","1","day","1","day","http://cdr.eionet.europa.eu/dk/eu/aqd/d/colarw97g/envarw_cw/REP_D-DK_NERI_20251124_D-001.xml","05/12/2025 14:00:17"
"Denmark","DK.NERI.AQ","2025","NET-DK004A","""Danish Air Quality Monitoring Programme""","UTC+01","DK0012R","","""Risoe""","SPO-DK0012R_01629_100","Ca2+ in PM2.5","12.088670","55.694110","3.000000","","rural-regional","background","01/01/2011 00:00:00","","SPO_F-DK0012R_01629_100_100","3.0","","","","","","","","","","","0","","","","","","","","","","","","","","","SPP-DK_N_IC_dionex3000","01/01/2011 00:00:00","","active","","","","","","","IC","","","","","","","","","","","","http://cdr.eionet.europa.eu/dk/eu/aqd/d/colarw97g/envarw_cw/REP_D-DK_NERI_20251124_D-001.xml","05/12/2025 14:00:17"
"Denmark","DK.NERI.AQ","2025","NET-DK004A","""Danish Air Quality Monitoring Programme""","UTC+01","DK0012R","","""Risoe""","SPO-DK0012R_01629_100","Ca2+ in PM2.5","12.088670","55.694110","3.000000","","rural-regional","background","01/01/2011 00:00:00","","SPO_F-DK0012R_01629_100_100","3.0","","","","","","","","","","","0","","","","","","","","","","","","","","","SPP-DK_N_IC_dionex3000","01/01/2011 00:00:00","","active","","","","","other","","IC","","","","","","","","","","","","http://cdr.eionet.europa.eu/dk/eu/aqd/d/colarw97g/envarw_cw/REP_D-DK_NERI_20251124_D-001.xml","05/12/2025 14:00:17"
"Denmark","DK.NERI.AQ","2025","NET-DK004A","""Danish Air Quality Monitoring Programme""","UTC+01","DK0012R","","""Risoe""","SPO-DK0012R_01631_100","Cl- in PM2.5","12.088670","55.694110","3.000000","","rural-regional","background","01/01/2011 00:00:00","","SPO_F-DK0012R_01631_100_100","3.0","","","","","","","","","","","0","","","","","","","","","","","","","","","SPP-DK_N_IC_dionex3000","01/01/2011 00:00:00","","active","","","","","other","","IC","","","","","","","","","","","","http://cdr.eionet.europa.eu/dk/eu/aqd/d/colarw97g/envarw_cw/REP_D-DK_NERI_20251124_D-001.xml","05/12/2025 14:00:17"
"Denmark","DK.NERI.AQ","2025","NET-DK004A","""Danish Air Quality Monitoring Programme""","UTC+01","DK0012R","","""Risoe""","SPO-DK0012R_01631_100","Cl- in PM2.5","12.088670","55.694110","3.000000","","rural-regional","background","01/01/2011 00:00:00","","SPO_F-DK0012R_01631_100_100","3.0","","","","","","","","","","","0","","","","","","","","","","","","","","","SPP-DK_N_IC_dionex3000","01/01/2011 00:00:00","","active","","","","","","","IC","","","","","","","","","","","","http://cdr.eionet.europa.eu/dk/eu/aqd/d/colarw97g/envarw_cw/REP_D-DK_NERI_20251124_D-001.xml","05/12/2025 14:00:17"
"Denmark","DK.NERI.AQ","2025","NET-DK004A","""Danish Air Quality Monitoring Programme""","UTC+01","DK0012R","","""Risoe""","SPO-DK0012R_01631_100","Cl- in PM2.5","12.088900","55.694200","3.000000","m","rural-regional","background","01/01/2011 00:00:00","","SPO_F-DK0012R_01631_100_100","4.1","m","","","","","","","Other","","","0","","","","","Roskilde","","","","","","","","","","SPP-DK_N_IC_dionex3000","01/01/2011 00:00:00","","active","","","","","","","IC","","ref","","","","","In preparation","1","day","1","day","http://cdr.eionet.europa.eu/dk/eu/aqd/d/colarw97g/envarw_cw/REP_D-DK_NERI_20251124_D-001.xml","05/12/2025 14:00:17"
"Denmark","DK.NERI.AQ","2025","NET-DK004A","""Danish Air Quality Monitoring Programme""","UTC+01","DK0012R","","""Risoe""","SPO-DK0012R_01657_100","K+ in PM2.5","12.088900","55.694200","3.000000","m","rural-regional","background","01/01/2011 00:00:00","","SPO_F-DK0012R_01657_100_100","4.1","m","","","","","","","Secondary aerosols","","","0","","","","","Roskilde","","","","","","","","","","SPP-DK_N_IC_dionex3000","01/01/2011 00:00:00","","active","","","","","","","IC","","ref","","","","","In preparation","1","day","1","day","http://cdr.eionet.europa.eu/dk/eu/aqd/d/colarw97g/envarw_cw/REP_D-DK_NERI_20251124_D-001.xml","05/12/2025 14:00:17"
"Denmark","DK.NERI.AQ","2025","NET-DK004A","""Danish Air Quality Monitoring Programme""","UTC+01","DK0012R","","""Risoe""","SPO-DK0012R_01657_100","K+ in PM2.5","12.088670","55.694110","3.000000","","rural-regional","background","01/01/2011 00:00:00","","SPO_F-DK0012R_01657_100_100","3.0","","","","","","","","","","","0","","","","","","","","","","","","","","","SPP-DK_N_IC_dionex3000","01/01/2011 00:00:00","","active","","","","","other","","IC","","","","","","","","","","","","http://cdr.eionet.europa.eu/dk/eu/aqd/d/colarw97g/envarw_cw/REP_D-DK_NERI_20251124_D-001.xml","05/12/2025 14:00:17"
"Denmark","DK.NERI.AQ","2025","NET-DK004A","""Danish Air Quality Monitoring Programme""","UTC+01","DK0012R","","""Risoe""","SPO-DK0012R_01657_100","K+ in PM2.5","12.088670","55.694110","3.000000","","rural-regional","background","01/01/2011 00:00:00","","SPO_F-DK0012R_01657_100_100","3.0","","","","","","","","","","","0","","","","","","","","","","","","","","","SPP-DK_N_IC_dionex3000","01/01/2011 00:00:00","","active","","","","","","","IC","","","","","","","","","","","","http://cdr.eionet.europa.eu/dk/eu/aqd/d/colarw97g/envarw_cw/REP_D-DK_NERI_20251124_D-001.xml","05/12/2025 14:00:17"
"Denmark","DK.NERI.AQ","2025","NET-DK004A","""Danish Air Quality Monitoring Programme""","UTC+01","DK0012R","","""Risoe""","SPO-DK0012R_01659_100","Mg2+ in PM2.5","12.088900","55.694200","3.000000","m","rural-regional","background","01/01/2011 00:00:00","","SPO_F-DK0012R_01659_100_100","4.1","m","","","","","","","Other","","","0","","","","","Roskilde","","","","","","","","","","SPP-DK_N_IC_dionex3000","01/01/2011 00:00:00","","active","","","","","","","IC","","ref","","","","","In preparation","1","day","1","day","http://cdr.eionet.europa.eu/dk/eu/aqd/d/colarw97g/envarw_cw/REP_D-DK_NERI_20251124_D-001.xml","05/12/2025 14:00:17"
"Denmark","DK.NERI.AQ","2025","NET-DK004A","""Danish Air Quality Monitoring Programme""","UTC+01","DK0012R","","""Risoe""","SPO-DK0012R_01659_100","Mg2+ in PM2.5","12.088670","55.694110","3.000000","","rural-regional","background","01/01/2011 00:00:00","","SPO_F-DK0012R_01659_100_100","3.0","","","","","","","","","","","0","","","","","","","","","","","","","","","SPP-DK_N_IC_dionex3000","01/01/2011 00:00:00","","active","","","","","","","IC","","","","","","","","","","","","http://cdr.eionet.europa.eu/dk/eu/aqd/d/colarw97g/envarw_cw/REP_D-DK_NERI_20251124_D-001.xml","05/12/2025 14:00:17"
"Denmark","DK.NERI.AQ","2025","NET-DK004A","""Danish Air Quality Monitoring Programme""","UTC+01","DK0012R","","""Risoe""","SPO-DK0012R_01659_100","Mg2+ in PM2.5","12.088670","55.694110","3.000000","","rural-regional","background","01/01/2011 00:00:00","","SPO_F-DK0012R_01659_100_100","3.0","","","","","","","","","","","0","","","","","","","","","","","","","","","SPP-DK_N_IC_dionex3000","01/01/2011 00:00:00","","active","","","","","other","","IC","","","","","","","","","","","","http://cdr.eionet.europa.eu/dk/eu/aqd/d/colarw97g/envarw_cw/REP_D-DK_NERI_20251124_D-001.xml","05/12/2025 14:00:17"
"Denmark","DK.NERI.AQ","2025","NET-DK004A","""Danish Air Quality Monitoring Programme""","UTC+01","DK0012R","","""Risoe""","SPO-DK0012R_01668_100","Na+  in PM2.5","12.088670","55.694110","3.000000","","rural-regional","background","01/01/2011 00:00:00","","SPO_F-DK0012R_01668_100_100","3.0","","","","","","","","","","","0","","","","","","","","","","","","","","","SPP-DK_N_IC_dionex3000","01/01/2011 00:00:00","","active","","","","","other","","IC","","","","","","","","","","","","http://cdr.eionet.europa.eu/dk/eu/aqd/d/colarw97g/envarw_cw/REP_D-DK_NERI_20251124_D-001.xml","05/12/2025 14:00:17"
"Denmark","DK.NERI.AQ","2025","NET-DK004A","""Danish Air Quality Monitoring Programme""","UTC+01","DK0012R","","""Risoe""","SPO-DK0012R_01668_100","Na+  in PM2.5","12.088670","55.694110","3.000000","","rural-regional","background","01/01/2011 00:00:00","","SPO_F-DK0012R_01668_100_100","3.0","","","","","","","","","","","0","","","","","","","","","","","","","","","SPP-DK_N_IC_dionex3000","01/01/2011 00:00:00","","active","","","","","","","IC","","","","","","","","","","","","http://cdr.eionet.europa.eu/dk/eu/aqd/d/colarw97g/envarw_cw/REP_D-DK_NERI_20251124_D-001.xml","05/12/2025 14:00:17"
"Denmark","DK.NERI.AQ","2025","NET-DK004A","""Danish Air Quality Monitoring Programme""","UTC+01","DK0012R","","""Risoe""","SPO-DK0012R_01668_100","Na+  in PM2.5","12.088900","55.694200","3.000000","m","rural-regional","background","01/01/2011 00:00:00","","SPO_F-DK0012R_01668_100_100","4.1","m","","","","","","","Other","","","0","","","","","Roskilde","","","","","","","","","","SPP-DK_N_IC_dionex3000","01/01/2011 00:00:00","","active","","","","","","","IC","","ref","","","","","In preparation","1","day","1","day","http://cdr.eionet.europa.eu/dk/eu/aqd/d/colarw97g/envarw_cw/REP_D-DK_NERI_20251124_D-001.xml","05/12/2025 14:00:17"
"Denmark","DK.NERI.AQ","2025","NET-DK004A","""Danish Air Quality Monitoring Programme""","UTC+01","DK0012R","","""Risoe""","SPO-DK0012R_01771_100","EC in PM2.5","12.088670","55.694110","3.000000","","rural-regional","background","01/01/2010 00:00:00","","SPO_F-DK0012R_01771_100_100","3.0","","","","","","","","","","","0","","","","","","","","","","","","","","","SPP-DK_N_TOCA_sunset","01/01/2010 00:00:00","","active","","","","","","","TOCA","","","","","","","","","","","","http://cdr.eionet.europa.eu/dk/eu/aqd/d/colarw97g/envarw_cw/REP_D-DK_NERI_20251124_D-001.xml","05/12/2025 14:00:17"
"Denmark","DK.NERI.AQ","2025","NET-DK004A","""Danish Air Quality Monitoring Programme""","UTC+01","DK0012R","","""Risoe""","SPO-DK0012R_01771_100","EC in PM2.5","12.088670","55.694110","3.000000","","rural-regional","background","01/01/2010 00:00:00","","SPO_F-DK0012R_01771_100_100","3.0","","","","","","","","","","","0","","","","","","","","","","","","","","","SPP-DK_N_TOCA_sunset","01/01/2010 00:00:00","","active","","","","","other","","TOCA","","","","","","","","","","","","http://cdr.eionet.europa.eu/dk/eu/aqd/d/colarw97g/envarw_cw/REP_D-DK_NERI_20251124_D-001.xml","05/12/2025 14:00:17"
"Denmark","DK.NERI.AQ","2025","NET-DK004A","""Danish Air Quality Monitoring Programme""","UTC+01","DK0012R","","""Risoe""","SPO-DK0012R_01771_100","EC in PM2.5","12.088900","55.694200","3.000000","m","rural-regional","background","01/01/2011 00:00:00","","SPO_F-DK0012R_01771_100_100","4.1","m","","","","","","","Transport","","","0","","","","","Roskilde","","","","","","","","","","SPP-DK_N_TOCA_sunset","01/01/2011 00:00:00","","active","","","","","LVSauto2.3","","TOCA","","ref","","","","","In preparation","1","day","24","hour","http://cdr.eionet.europa.eu/dk/eu/aqd/d/colarw97g/envarw_cw/REP_D-DK_NERI_20251124_D-001.xml","05/12/2025 14:00:17"
"Denmark","DK.NERI.AQ","2025","NET-DK004A","""Danish Air Quality Monitoring Programme""","UTC+01","DK0012R","","""Risoe""","SPO-DK0012R_01772_100","OC in PM2.5","12.088670","55.694110","3.000000","","rural-regional","background","01/01/2010 00:00:00","","SPO_F-DK0012R_01772_100_100","3.0","","","","","","","","","","","0","","","","","","","","","","","","","","","SPP-DK_N_TOCA_sunset","01/01/2010 00:00:00","","active","","","","","","","TOCA","","","","","","","","","","","","http://cdr.eionet.europa.eu/dk/eu/aqd/d/colarw97g/envarw_cw/REP_D-DK_NERI_20251124_D-001.xml","05/12/2025 14:00:17"
"Denmark","DK.NERI.AQ","2025","NET-DK004A","""Danish Air Quality Monitoring Programme""","UTC+01","DK0012R","","""Risoe""","SPO-DK0012R_01772_100","OC in PM2.5","12.088670","55.694110","3.000000","","rural-regional","background","01/01/2010 00:00:00","","SPO_F-DK0012R_01772_100_100","3.0","","","","","","","","","","","0","","","","","","","","","","","","","","","SPP-DK_N_TOCA_sunset","01/01/2010 00:00:00","","active","","","","","other","","TOCA","","","","","","","","","","","","http://cdr.eionet.europa.eu/dk/eu/aqd/d/colarw97g/envarw_cw/REP_D-DK_NERI_20251124_D-001.xml","05/12/2025 14:00:17"
"Denmark","DK.NERI.AQ","2025","NET-DK004A","""Danish Air Quality Monitoring Programme""","UTC+01","DK0012R","","""Risoe""","SPO-DK0012R_01772_100","OC in PM2.5","12.088900","55.694200","3.000000","m","rural-regional","background","01/01/2011 00:00:00","","SPO_F-DK0012R_01772_100_100","4.1","m","","","","","","","Other sectors","","","0","","","","","Roskilde","","","","","","","","","","SPP-DK_N_TOCA_sunset","01/01/2011 00:00:00","","active","","","","","LVSauto2.3","","TOCA","","ref","","","","","In preparation","1","day","24","hour","http://cdr.eionet.europa.eu/dk/eu/aqd/d/colarw97g/envarw_cw/REP_D-DK_NERI_20251124_D-001.xml","05/12/2025 14:00:17"
"Denmark","DK.NERI.AQ","2025","NET-DK004A","""Danish Air Quality Monitoring Programme""","UTC+01","DK0012R","","""Risoe""","SPO-DK0012R_02380_100","Benzo(b,j,k)fluoranthene","12.088900","55.694200","3.000000","m","rural-regional","background","01/01/2022 00:00:00","01/01/2024 00:00:00","SPO_F-DK0012R_02380_100_100","4.1","m","","","","","","","Long-range transboundary transport","","","0","","","","","Roskilde","","","","","","","","","","SPP-DK_N_GC-MS_01969","01/01/2022 00:00:00","01/01/2024 00:00:00","active","","","","","LVSauto2.3","","GC-MS","","ref","","","","","In preparation","5","day","5","day","http://cdr.eionet.europa.eu/dk/eu/aqd/d/colarw97g/envarw_cw/REP_D-DK_NERI_20251124_D-001.xml","05/12/2025 14:00:17"
"Denmark","DK.NERI.AQ","2025","NET-DK004A","""Danish Air Quality Monitoring Programme""","UTC+01","DK0012R","","""Risoe""","SPO-DK0012R_06001_100","PM2.5","12.088900","55.694200","3.000000","m","rural-regional","background","06/07/2010 00:00:00","01/01/2013 00:00:00","SPO_F-DK0012R_06001_100_100","4.1","m","","","","","","","Long-range transboundary transport","","","0","","","","","Roskilde","","","","","","","","","","SPP-DK_A_BETA_01112","06/07/2010 00:00:00","01/01/2013 00:00:00","automatic","BETA","","opsisSM200","","","","","","yes","http://envs2.au.dk/Metodedokumentation/SM200_PM10_comp_with_the_stand_method.pdf","","","","In preparation","1","day","1","hour","http://cdr.eionet.europa.eu/dk/eu/aqd/d/colarw97g/envarw_cw/REP_D-DK_NERI_20251124_D-001.xml","05/12/2025 14:00:17"
"Denmark","DK.NERI.AQ","2025","NET-DK004A","""Danish Air Quality Monitoring Programme""","UTC+01","DK0012R","","""Risoe""","SPO-DK0012R_06001_100","PM2.5","12.088670","55.694110","3.000000","","rural-regional","background","06/07/2010 00:00:00","","SPO_F-DK0012R_06001_100_100","3.0","","","","","","","","","","","0","","","","","","","","","","","","","","","SPP-DK_A_BETA_01112","06/07/2010 00:00:00","","automatic","BETA","","other","","","","","","","","","","","","","","","","http://cdr.eionet.europa.eu/dk/eu/aqd/d/colarw97g/envarw_cw/REP_D-DK_NERI_20251124_D-001.xml","05/12/2025 14:00:17"
"Denmark","DK.NERI.AQ","2025","NET-DK004A","""Danish Air Quality Monitoring Programme""","UTC+01","DK0012R","","""Risoe""","SPO-DK0012R_06001_100","PM2.5","12.088670","55.694110","3.000000","","rural-regional","background","06/07/2010 00:00:00","","SPO_F-DK0012R_06001_100_102","3.0","","","","","","","","","","","0","","","","","","","","","","","","","","","SPP-DK_N_gravi_00107","06/07/2010 00:00:00","","active","","","","","other","","gravi","","","","","","","","","","","","http://cdr.eionet.europa.eu/dk/eu/aqd/d/colarw97g/envarw_cw/REP_D-DK_NERI_20251124_D-001.xml","05/12/2025 14:00:17"
"Denmark","DK.NERI.AQ","2025","NET-DK004A","""Danish Air Quality Monitoring Programme""","UTC+01","DK0012R","","""Risoe""","SPO-DK0012R_06001_100","PM2.5","12.088900","55.694200","3.000000","m","rural-regional","background","06/07/2010 00:00:00","01/01/2013 00:00:00","SPO_F-DK0012R_06001_100_102","4.1","m","","","","","","","Long-range transboundary transport","","","0","","","","","Roskilde","","","","","","","","","","SPP-DK_N_gravi_01788","06/07/2010 00:00:00","01/01/2013 00:00:00","active","","","","","","","gravi","","ref","","","","","In preparation","1","day","1","hour","http://cdr.eionet.europa.eu/dk/eu/aqd/d/colarw97g/envarw_cw/REP_D-DK_NERI_20251124_D-001.xml","05/12/2025 14:00:17"
"Denmark","DK.NERI.AQ","2025","NET-DK004A","""Danish Air Quality Monitoring Programme""","UTC+01","DK0012R","","""Risoe""","SPO-DK0012R_06001_100","PM2.5","12.088670","55.694110","3.000000","","rural-regional","background","06/07/2010 00:00:00","","SPO_F-DK0012R_06001_100_100","3.0","","","","","","","","","","","0","","","","","","","","","","","","","","","SPP-Unknown","06/07/2010 00:00:00","","","","","","","","","","","","","","","","","","","","","http://cdr.eionet.europa.eu/dk/eu/aqd/d/colarw97g/envarw_cw/REP_D-DK_NERI_20251124_D-001.xml","05/12/2025 14:00:17"
"Denmark","DK.NERI.AQ","2025","NET-DK004A","""Danish Air Quality Monitoring Programme""","UTC+01","DK0012R","","""Risoe""","SPO-DK0012R_06001_100","PM2.5","12.088670","55.694110","3.000000","","rural-regional","background","06/07/2010 00:00:00","","SPO_F-DK0012R_06001_100_102","3.0","","","","","","","","","","","0","","","","","","","","","","","","","","","SPP-Unknown","06/07/2010 00:00:00","","","","","","","","","","","","","","","","","","","","","http://cdr.eionet.europa.eu/dk/eu/aqd/d/colarw97g/envarw_cw/REP_D-DK_NERI_20251124_D-001.xml","05/12/2025 14:00:17"
"Denmark","DK.NERI.AQ","2025","NET-DK004A","""Danish Air Quality Monitoring Programme""","UTC+01","DK0012R","","""Risoe""","SPO-DK0012R_06001_101","PM2.5","12.088670","55.694110","3.000000","","rural-regional","background","06/07/2010 00:00:00","","SPO_F-DK0012R_06001_101_101","3.0","","","","","","","","","","","0","","","","","","","","","","","","","","","SPP-DK_A_TEOM_TEOM1400A","06/07/2010 00:00:00","","automatic","TEOM","","TEOM1400A","","","","","","","","","","","","","","","","http://cdr.eionet.europa.eu/dk/eu/aqd/d/colarw97g/envarw_cw/REP_D-DK_NERI_20251124_D-001.xml","05/12/2025 14:00:17"
"Denmark","DK.NERI.AQ","2025","NET-DK004A","""Danish Air Quality Monitoring Programme""","UTC+01","DK0012R","","""Risoe""","SPO-DK0012R_06001_101","PM2.5","12.088900","55.694200","3.000000","m","rural-regional","background","06/07/2010 00:00:00","","SPO_F-DK0012R_06001_101_101","4.1","m","","","","","","","Long-range transboundary transport","","","0","","","","","Roskilde","","","","","","","","","","SPP-DK_A_TEOM_TEOM1400A","06/07/2010 00:00:00","","automatic","TEOM","","TEOM1400A","","","","","","no","","","","","In preparation","0","variable","30","minute","http://cdr.eionet.europa.eu/dk/eu/aqd/d/colarw97g/envarw_cw/REP_D-DK_NERI_20251124_D-001.xml","05/12/2025 14:00:17"
"Denmark","DK.NERI.AQ","2025","NET-DK004A","""Danish Air Quality Monitoring Programme""","UTC+01","DK0012R","","""Risoe""","SPO-DK0012R_06001_101","PM2.5","12.088670","55.694110","3.000000","","rural-regional","background","06/07/2010 00:00:00","","SPO_F-DK0012R_06001_101_101","3.0","","","","","","","","","","","0","","","","","","","","","","","","","","","SPP-DK_A_TEOM_TEOM1400A","06/07/2010 00:00:00","","automatic","TEOM","","","","","","","","","","","","","","","","","","http://cdr.eionet.europa.eu/dk/eu/aqd/d/colarw97g/envarw_cw/REP_D-DK_NERI_20251124_D-001.xml","05/12/2025 14:00:17"
"Denmark","DK.NERI.AQ","2025","NET-DK004A","""Danish Air Quality Monitoring Programme""","UTC+01","DK0012R","","""Risoe""","SPO-DK0012R_06001_103","PM2.5","12.088670","55.694110","3.000000","","rural-regional","background","01/01/2013 00:00:00","","SPO_F-DK0012R_06001_103_103","3.0","","","","","","","","","","","0","","","","","","","","","","","","","","","SPP-DK_N_gravi_00107","01/01/2013 00:00:00","","active","","","","","other","","gravi","","","","","","","","","","","","http://cdr.eionet.europa.eu/dk/eu/aqd/d/colarw97g/envarw_cw/REP_D-DK_NERI_20251124_D-001.xml","05/12/2025 14:00:17"
"Denmark","DK.NERI.AQ","2025","NET-DK004A","""Danish Air Quality Monitoring Programme""","UTC+01","DK0012R","","""Risoe""","SPO-DK0012R_06001_103","PM2.5","12.088900","55.694200","3.000000","m","rural-regional","background","01/01/2013 00:00:00","","SPO_F-DK0012R_06001_103_103","4.1","m","","","","","","","Long-range transboundary transport","","","0","","","","","Roskilde","","","","","","","","","","SPP-DK_N_gravi_01788","01/01/2013 00:00:00","","active","","","","","","","gravi","","ref","","","","","In preparation","1","day","1","hour","http://cdr.eionet.europa.eu/dk/eu/aqd/d/colarw97g/envarw_cw/REP_D-DK_NERI_20251124_D-001.xml","05/12/2025 14:00:17"
"Denmark","DK.NERI.AQ","2025","NET-DK004A","""Danish Air Quality Monitoring Programme""","UTC+01","DK0012R","","""Risoe""","SPO-DK0012R_06001_103","PM2.5","12.088670","55.694110","3.000000","","rural-regional","background","01/01/2013 00:00:00","","SPO_F-DK0012R_06001_103_103","3.0","","","","","","","","","","","0","","","","","","","","","","","","","","","SPP-DK_N_gravi_01788","01/01/2013 00:00:00","","active","","","","","","","gravi","","","","","","","","","","","","http://cdr.eionet.europa.eu/dk/eu/aqd/d/colarw97g/envarw_cw/REP_D-DK_NERI_20251124_D-001.xml","05/12/2025 14:00:17"
"Denmark","DK.NERI.AQ","2025","NET-DK004A","""Danish Air Quality Monitoring Programme""","UTC+01","DK0012R","","""Risoe""","SPO-DK0012R_07012_100","Pb","12.088900","55.694200","3.000000","m","rural-regional","background","01/01/2015 00:00:00","","SPO_F-DK0012R_07012_100_100","4.1","m","","","","","","","Long-range transboundary transport","","","0","","","","","Roskilde","","","","","","","","","","SPP-DK_N_IC_03986","01/01/2015 00:00:00","","active","","","","","deposition-wetdry","","IC","","ref","","","","","In preparation","0","variable","0","other","http://cdr.eionet.europa.eu/dk/eu/aqd/d/colarw97g/envarw_cw/REP_D-DK_NERI_20251124_D-001.xml","05/12/2025 14:00:17"
"Denmark","DK.NERI.AQ","2025","NET-DK004A","""Danish Air Quality Monitoring Programme""","UTC+01","DK0012R","","""Risoe""","SPO-DK0012R_07014_100","Cd","12.088670","55.694110","3.000000","","rural-regional","background","01/01/2013 00:00:00","","SPO_F-DK0012R_07014_100_100","1.0","","","","","","","","","","","0","","","","","","","","","","","","","","","SPP-DK_N_IC_00000","01/01/2013 00:00:00","","active","","","","","other","","IC","","","","","","","","","","","","http://cdr.eionet.europa.eu/dk/eu/aqd/d/colarw97g/envarw_cw/REP_D-DK_NERI_20251124_D-001.xml","05/12/2025 14:00:17"
"Denmark","DK.NERI.AQ","2025","NET-DK004A","""Danish Air Quality Monitoring Programme""","UTC+01","DK0012R","","""Risoe""","SPO-DK0012R_07014_100","Cd","12.088670","55.694110","3.000000","","rural-regional","background","01/01/2013 00:00:00","","SPO_F-DK0012R_07014_100_100","1.0","","","","","","","","","","","0","","","","","","","","","","","","","","","SPP-DK_N_IC_03986","01/01/2013 00:00:00","","active","","","","","","","IC","","","","","","","","","","","","http://cdr.eionet.europa.eu/dk/eu/aqd/d/colarw97g/envarw_cw/REP_D-DK_NERI_20251124_D-001.xml","05/12/2025 14:00:17"
"Denmark","DK.NERI.AQ","2025","NET-DK004A","""Danish Air Quality Monitoring Programme""","UTC+01","DK0012R","","""Risoe""","SPO-DK0012R_07014_100","Cd","12.088900","55.694200","3.000000","m","rural-regional","background","01/01/2013 00:00:00","","SPO_F-DK0012R_07014_100_100","4.1","m","","","","","","","Long-range transboundary transport","","","0","","","","","Roskilde","","","","","","","","","","SPP-DK_N_IC_03986","01/01/2013 00:00:00","","active","","","","","deposition-wetdry","","IC","","ref","","","","","In preparation","0","variable","0","other","http://cdr.eionet.europa.eu/dk/eu/aqd/d/colarw97g/envarw_cw/REP_D-DK_NERI_20251124_D-001.xml","05/12/2025 14:00:17"
"Denmark","DK.NERI.AQ","2025","NET-DK004A","""Danish Air Quality Monitoring Programme""","UTC+01","DK0012R","","""Risoe""","SPO-DK0012R_07015_100","Ni","12.088670","55.694110","3.000000","","rural-regional","background","01/01/2013 00:00:00","","SPO_F-DK0012R_07015_100_100","1.0","","","","","","","","","","","0","","","","","","","","","","","","","","","SPP-DK_N_IC_00000","01/01/2013 00:00:00","","active","","","","","other","","IC","","","","","","","","","","","","http://cdr.eionet.europa.eu/dk/eu/aqd/d/colarw97g/envarw_cw/REP_D-DK_NERI_20251124_D-001.xml","05/12/2025 14:00:17"
"Denmark","DK.NERI.AQ","2025","NET-DK004A","""Danish Air Quality Monitoring Programme""","UTC+01","DK0012R","","""Risoe""","SPO-DK0012R_07015_100","Ni","12.088670","55.694110","3.000000","","rural-regional","background","01/01/2013 00:00:00","","SPO_F-DK0012R_07015_100_100","1.0","","","","","","","","","","","0","","","","","","","","","","","","","","","SPP-DK_N_IC_03986","01/01/2013 00:00:00","","active","","","","","","","IC","","","","","","","","","","","","http://cdr.eionet.europa.eu/dk/eu/aqd/d/colarw97g/envarw_cw/REP_D-DK_NERI_20251124_D-001.xml","05/12/2025 14:00:17"
"Denmark","DK.NERI.AQ","2025","NET-DK004A","""Danish Air Quality Monitoring Programme""","UTC+01","DK0012R","","""Risoe""","SPO-DK0012R_07015_100","Ni","12.088900","55.694200","3.000000","m","rural-regional","background","01/01/2013 00:00:00","","SPO_F-DK0012R_07015_100_100","4.1","m","","","","","","","Long-range transboundary transport","","","0","","","","","Roskilde","","","","","","","","","","SPP-DK_N_IC_03986","01/01/2013 00:00:00","","active","","","","","deposition-wetdry","","IC","","ref","","","","","In preparation","0","variable","0","other","http://cdr.eionet.europa.eu/dk/eu/aqd/d/colarw97g/envarw_cw/REP_D-DK_NERI_20251124_D-001.xml","05/12/2025 14:00:17"
"Denmark","DK.NERI.AQ","2025","NET-DK004A","""Danish Air Quality Monitoring Programme""","UTC+01","DK0012R","","""Risoe""","SPO-DK0012R_07018_100","As","12.088670","55.694110","3.000000","","rural-regional","background","01/01/2013 00:00:00","","SPO_F-DK0012R_07018_100_100","1.0","","","","","","","","","","","0","","","","","","","","","","","","","","","SPP-DK_N_IC_00000","01/01/2013 00:00:00","","active","","","","","other","","IC","","","","","","","","","","","","http://cdr.eionet.europa.eu/dk/eu/aqd/d/colarw97g/envarw_cw/REP_D-DK_NERI_20251124_D-001.xml","05/12/2025 14:00:17"
"Denmark","DK.NERI.AQ","2025","NET-DK004A","""Danish Air Quality Monitoring Programme""","UTC+01","DK0012R","","""Risoe""","SPO-DK0012R_07018_100","As","12.088670","55.694110","3.000000","","rural-regional","background","01/01/2013 00:00:00","","SPO_F-DK0012R_07018_100_100","1.0","","","","","","","","","","","0","","","","","","","","","","","","","","","SPP-DK_N_IC_03986","01/01/2013 00:00:00","","active","","","","","","","IC","","","","","","","","","","","","http://cdr.eionet.europa.eu/dk/eu/aqd/d/colarw97g/envarw_cw/REP_D-DK_NERI_20251124_D-001.xml","05/12/2025 14:00:17"
"Denmark","DK.NERI.AQ","2025","NET-DK004A","""Danish Air Quality Monitoring Programme""","UTC+01","DK0012R","","""Risoe""","SPO-DK0012R_07018_100","As","12.088900","55.694200","3.000000","m","rural-regional","background","01/01/2013 00:00:00","","SPO_F-DK0012R_07018_100_100","4.1","m","","","","","","","Long-range transboundary transport","","","0","","","","","Roskilde","","","","","","","","","","SPP-DK_N_IC_03986","01/01/2013 00:00:00","","active","","","","","deposition-wetdry","","IC","","ref","","","","","In preparation","0","variable","0","other","http://cdr.eionet.europa.eu/dk/eu/aqd/d/colarw97g/envarw_cw/REP_D-DK_NERI_20251124_D-001.xml","05/12/2025 14:00:17"
"Denmark","DK.NERI.AQ","2025","NET-DK004A","""Danish Air Quality Monitoring Programme""","UTC+01","DK0012R","","""Risoe""","SPO-DK0012R_07029_100","BaP","12.088900","55.694200","3.000000","m","rural-regional","background","01/01/2015 00:00:00","","SPO_F-DK0012R_07029_100_100","4.1","m","","","","","","","Long-range transboundary transport","","","0","","","","","Roskilde","","","","","","","","","","SPP-DK_N_GC-MS_01969","01/01/2015 00:00:00","","active","","","","","LVSauto2.3","","GC-MS","","ref","","","","","In preparation","5","day","5","day","http://cdr.eionet.europa.eu/dk/eu/aqd/d/colarw97g/envarw_cw/REP_D-DK_NERI_20251124_D-001.xml","05/12/2025 14:00:17"
"Denmark","DK.NERI.AQ","2025","NET-DK004A","""Danish Air Quality Monitoring Programme""","UTC+01","DK0012R","","""Risoe""","SPO-DK0012R_07380_100","Benzo(b,j,k)fluoranthene","12.088670","55.694110","3.000000","","rural-regional","background","01/01/2013 00:00:00","","SPO_F-DK0012R_07380_100_100","1.0","","","","","","","","","","","0","","","","","","","","","","","","","","","SPP-DK_N_GC-MS_00000","01/01/2013 00:00:00","","active","","","","","other","","GC-MS","","","","","","","","","","","","http://cdr.eionet.europa.eu/dk/eu/aqd/d/colarw97g/envarw_cw/REP_D-DK_NERI_20251124_D-001.xml","05/12/2025 14:00:17"
"Denmark","DK.NERI.AQ","2025","NET-DK004A","""Danish Air Quality Monitoring Programme""","UTC+01","DK0012R","","""Risoe""","SPO-DK0012R_07380_100","Benzo(b,j,k)fluoranthene","12.088900","55.694200","3.000000","m","rural-regional","background","01/01/2013 00:00:00","","SPO_F-DK0012R_07380_100_100","4.1","m","","","","","","","Long-range transboundary transport","","","0","","","","","Roskilde","","","","","","","","","","SPP-DK_N_GC-MS_01969","01/01/2013 00:00:00","","active","","","","","LVSauto2.3","","GC-MS","","ref","","","","","In preparation","5","day","5","day","http://cdr.eionet.europa.eu/dk/eu/aqd/d/colarw97g/envarw_cw/REP_D-DK_NERI_20251124_D-001.xml","05/12/2025 14:00:17"
"Denmark","DK.NERI.AQ","2025","NET-DK004A","""Danish Air Quality Monitoring Programme""","UTC+01","DK0012R","","""Risoe""","SPO-DK0012R_07380_100","Benzo(b,j,k)fluoranthene","12.088670","55.694110","3.000000","","rural-regional","background","01/01/2013 00:00:00","","SPO_F-DK0012R_07380_100_100","1.0","","","","","","","","","","","0","","","","","","","","","","","","","","","SPP-DK_N_GC-MS_01969","01/01/2013 00:00:00","","active","","","","","","","GC-MS","","","","","","","","","","","","http://cdr.eionet.europa.eu/dk/eu/aqd/d/colarw97g/envarw_cw/REP_D-DK_NERI_20251124_D-001.xml","05/12/2025 14:00:17"
"Denmark","DK.NERI.AQ","2025","NET-DK004A","""Danish Air Quality Monitoring Programme""","UTC+01","DK0012R","","""Risoe""","SPO-DK0012R_07419_100","Dibenzo(ah)anthracene","12.088670","55.694110","3.000000","","rural-regional","background","01/01/2013 00:00:00","","SPO_F-DK0012R_07419_100_100","1.0","","","","","","","","","","","0","","","","","","","","","","","","","","","SPP-DK_N_GC-MS_00000","01/01/2013 00:00:00","","active","","","","","other","","GC-MS","","","","","","","","","","","","http://cdr.eionet.europa.eu/dk/eu/aqd/d/colarw97g/envarw_cw/REP_D-DK_NERI_20251124_D-001.xml","05/12/2025 14:00:17"
"Denmark","DK.NERI.AQ","2025","NET-DK004A","""Danish Air Quality Monitoring Programme""","UTC+01","DK0012R","","""Risoe""","SPO-DK0012R_07419_100","Dibenzo(ah)anthracene","12.088900","55.694200","3.000000","m","rural-regional","background","01/01/2013 00:00:00","","SPO_F-DK0012R_07419_100_100","4.1","m","","","","","","","Long-range transboundary transport","","","0","","","","","Roskilde","","","","","","","","","","SPP-DK_N_GC-MS_01969","01/01/2013 00:00:00","","active","","","","","LVSauto2.3","","GC-MS","","ref","","","","","In preparation","5","day","5","day","http://cdr.eionet.europa.eu/dk/eu/aqd/d/colarw97g/envarw_cw/REP_D-DK_NERI_20251124_D-001.xml","05/12/2025 14:00:17"
"Denmark","DK.NERI.AQ","2025","NET-DK004A","""Danish Air Quality Monitoring Programme""","UTC+01","DK0012R","","""Risoe""","SPO-DK0012R_07419_100","Dibenzo(ah)anthracene","12.088670","55.694110","3.000000","","rural-regional","background","01/01/2013 00:00:00","","SPO_F-DK0012R_07419_100_100","1.0","","","","","","","","","","","0","","","","","","","","","","","","","","","SPP-DK_N_GC-MS_01969","01/01/2013 00:00:00","","active","","","","","","","GC-MS","","","","","","","","","","","","http://cdr.eionet.europa.eu/dk/eu/aqd/d/colarw97g/envarw_cw/REP_D-DK_NERI_20251124_D-001.xml","05/12/2025 14:00:17"
"Denmark","DK.NERI.AQ","2025","NET-DK004A","""Danish Air Quality Monitoring Programme""","UTC+01","DK0021A","8151","""Aalborg/8151""","SPO-DK0021A_00001_100","SO2","9.917510","57.052220","5.000000","","urban","traffic","01/01/1982 00:00:00","","SPO_F-DK0021A_00001_100_100","0.0","","","","","","","","","","","0","","","","","","","","","","","","","","","SPP-DK_N_00000_00063","01/01/1982 00:00:00","","active","","","","","other","","other","","","","","","","","","","","","http://cdr.eionet.europa.eu/dk/eu/aqd/d/colarw97g/envarw_cw/REP_D-DK_NERI_20251124_D-001.xml","05/12/2025 14:00:17"
"Denmark","DK.NERI.AQ","2025","NET-DK004A","""Danish Air Quality Monitoring Programme""","UTC+01","DK0021A","8151","""Aalborg/8151""","SPO-DK0021A_00001_100","SO2","9.917510","57.052220","5.000000","","urban","traffic","01/01/1982 00:00:00","","SPO_F-DK0021A_00001_100_100","0.0","","","","","","","","","","","0","","","","","","","","","","","","","","","SPP-DK_N_0020200202","01/01/1982 00:00:00","","active","","","","","","","other","","","","","","","","","","","","http://cdr.eionet.europa.eu/dk/eu/aqd/d/colarw97g/envarw_cw/REP_D-DK_NERI_20251124_D-001.xml","05/12/2025 14:00:17"
"Denmark","DK.NERI.AQ","2025","NET-DK004A","""Danish Air Quality Monitoring Programme""","UTC+01","DK0021A","8151","""Aalborg/8151""","SPO-DK0021A_00001_100","SO2","9.917510","57.052220","5.000000","m","urban","traffic","01/01/1983 00:00:00","01/01/2015 00:00:00","SPO_F-DK0021A_00001_100_100","3.7","m","4.5","m","4.0","m","","","Transport","","","0","","","","","Aalborg","","","","","","","","","6000","SPP-DK_N_0020200202","01/01/1983 00:00:00","01/01/2015 00:00:00","active","","","","","","","gravi","","no","","","","","In preparation","0","variable","0","other","http://cdr.eionet.europa.eu/dk/eu/aqd/d/colarw97g/envarw_cw/REP_D-DK_NERI_20251124_D-001.xml","05/12/2025 14:00:17"
"Denmark","DK.NERI.AQ","","NET-DK004A","""Danish Air Quality Monitoring Programme""","UTC+01","DK0021A","8151","""Aalborg/8151""","SPO-DK0021A_00001_110","SO2","9.917510","57.052220","5.000000","","urban","traffic","01/01/1982 00:00:00","31/12/1996 00:00:00","SPO_F-DK0021A_00001_110_110","0.0","","","","","","","","","","","0","","","","","","","","","","","","","","","SPP-DK_A_UV-FL_11000","01/01/1982 00:00:00","31/12/1996 00:00:00","automatic","UV-FL","","other","","","","","","","","","","","","","","","","",""
"Denmark","DK.NERI.AQ","","NET-DK004A","""Danish Air Quality Monitoring Programme""","UTC+01","DK0021A","8151","""Aalborg/8151""","SPO-DK0021A_00001_110","SO2","9.917510","57.052220","5.000000","","urban","traffic","01/01/1982 00:00:00","31/12/1996 00:00:00","SPO_F-DK0021A_00001_110_110","0.0","","","","","","","","","","","0","","","","","","","","","","","","","","","SPP-Unknown","01/01/1982 00:00:00","31/12/1996 00:00:00","","","","","","","","","","","","","","","","","","","","",""
"Denmark","DK.NERI.AQ","2014","NET-DK004A","""Danish Air Quality Monitoring Programme""","UTC+01","DK0021A","8151","""Aalborg/8151""","SPO-DK0021A_00001_120","SO2","9.917510","57.052220","5.000000","","urban","traffic","01/01/1987 00:00:00","","SPO_F-DK0021A_00001_120_120","3.0","","","","","","","","","","","0","","","","","","","","","","","","","","","SPP-DK_A_UV-FL_ML8850","01/01/1987 00:00:00","","automatic","UV-FL","","","","","","","","","","","","","","","","","","http://cdr.eionet.europa.eu/dk/eu/aqd/d/envv0wp_g/REP_D-DK_NERI_201600505_D-001.xml","09/11/2024 01:20:34"
"Denmark","DK.NERI.AQ","2014","NET-DK004A","""Danish Air Quality Monitoring Programme""","UTC+01","DK0021A","8151","""Aalborg/8151""","SPO-DK0021A_00001_120","SO2","9.917510","57.052220","5.000000","","urban","traffic","01/01/1987 00:00:00","","SPO_F-DK0021A_00001_120_120","3.0","","","","","","","","","","","0","","","","","","","","","","","","","","","SPP-DK_A_UV-FL_ML8850","01/01/1987 00:00:00","","automatic","UV-FL","","ML8850","","","","","","","","","","","","","","","","http://cdr.eionet.europa.eu/dk/eu/aqd/d/envv0wp_g/REP_D-DK_NERI_201600505_D-001.xml","09/11/2024 01:20:34"
"Denmark","DK.NERI.AQ","","NET-DK004A","""Danish Air Quality Monitoring Programme""","UTC+01","DK0021A","8151","""Aalborg/8151""","SPO-DK0021A_00001_130","SO2","9.917510","57.052220","5.000000","","urban","traffic","01/01/1983 00:00:00","31/12/1999 00:00:00","SPO_F-DK0021A_00001_130_130","3.0","","","","","","","","","","","0","","","","","","","","","","","","","","","SPP-DK_N_IC_danishLMP-FP-POLL","01/01/1983 00:00:00","31/12/1999 00:00:00","active","","","","","other","","IC","","","","","","","","","","","","",""
"Denmark","DK.NERI.AQ","","NET-DK004A","""Danish Air Quality Monitoring Programme""","UTC+01","DK0021A","8151","""Aalborg/8151""","SPO-DK0021A_00001_130","SO2","9.917510","57.052220","5.000000","","urban","traffic","01/01/1983 00:00:00","31/12/1999 00:00:00","SPO_F-DK0021A_00001_130_130","3.0","","","","","","","","","","","0","","","","","","","","","","","","","","","SPP-Unknown","01/01/1983 00:00:00","31/12/1999 00:00:00","","","","","","","","","","","","","","","","","","","","",""
"Denmark","DK.NERI.AQ","","NET-DK004A","""Danish Air Quality Monitoring Programme""","UTC+01","DK0021A","8151","""Aalborg/8151""","SPO-DK0021A_00001_140","SO2","9.917510","57.052220","5.000000","","urban","traffic","01/01/1982 00:00:00","31/12/1989 00:00:00","SPO_F-DK0021A_00001_140_140","0.0","","","","","","","","","","","0","","","","","","","","","","","","","","","SPP-DK_N_00000_00000","01/01/1982 00:00:00","31/12/1989 00:00:00","active","","","","","other","","other","","","","","","","","","","","","",""
"Denmark","DK.NERI.AQ","","NET-DK004A","""Danish Air Quality Monitoring Programme""","UTC+01","DK0021A","8151","""Aalborg/8151""","SPO-DK0021A_00001_140","SO2","9.917510","57.052220","5.000000","","urban","traffic","01/01/1982 00:00:00","31/12/1989 00:00:00","SPO_F-DK0021A_00001_140_140","0.0","","","","","","","","","","","0","","","","","","","","","","","","","","","SPP-Unknown","01/01/1982 00:00:00","31/12/1989 00:00:00","","","","","","","","","","","","","","","","","","","","",""
"Denmark","DK.NERI.AQ","2014","NET-DK004A","""Danish Air Quality Monitoring Programme""","UTC+01","DK0021A","8151","""Aalborg/8151""","SPO-DK0021A_00004_100","SPM","9.917510","57.052220","5.000000","","urban","traffic","01/01/1987 00:00:00","","SPO_F-DK0021A_00004_100_100","3.0","","","","","","","","","","","0","","","","","","","","","","","","","","","SPP-DK_N_gravi_danishLMP-FP-SPM","01/01/1987 00:00:00","","active","","","","","","","gravi","","","","","","","","","","","","http://cdr.eionet.europa.eu/dk/eu/aqd/d/envv0wp_g/REP_D-DK_NERI_201600505_D-001.xml","09/11/2024 01:20:34"
"Denmark","DK.NERI.AQ","2014","NET-DK004A","""Danish Air Quality Monitoring Programme""","UTC+01","DK0021A","8151","""Aalborg/8151""","SPO-DK0021A_00004_100","SPM","9.917510","57.052220","5.000000","","urban","traffic","01/01/1987 00:00:00","","SPO_F-DK0021A_00004_100_100","3.0","","","","","","","","","","","0","","","","","","","","","","","","","","","SPP-DK_N_gravi_danishLMP-FP-SPM","01/01/1987 00:00:00","","active","","","","","other","","gravi","","","","","","","","","","","","http://cdr.eionet.europa.eu/dk/eu/aqd/d/envv0wp_g/REP_D-DK_NERI_201600505_D-001.xml","09/11/2024 01:20:34"
"Denmark","DK.NERI.AQ","","NET-DK004A","""Danish Air Quality Monitoring Programme""","UTC+01","DK0021A","8151","""Aalborg/8151""","SPO-DK0021A_00004_110","SPM","9.917510","57.052220","5.000000","","urban","traffic","01/01/1982 00:00:00","31/12/1996 00:00:00","SPO_F-DK0021A_00004_110_110","0.0","","","","","","","","","","","0","","","","","","","","","","","","","","","SPP-DK_N_gravi_00063","01/01/1982 00:00:00","31/12/1996 00:00:00","active","","","","","other","","gravi","","","","","","","","","","","","",""
"Denmark","DK.NERI.AQ","","NET-DK004A","""Danish Air Quality Monitoring Programme""","UTC+01","DK0021A","8151","""Aalborg/8151""","SPO-DK0021A_00004_110","SPM","9.917510","57.052220","5.000000","","urban","traffic","01/01/1982 00:00:00","31/12/1996 00:00:00","SPO_F-DK0021A_00004_110_110","0.0","","","","","","","","","","","0","","","","","","","","","","","","","","","SPP-Unknown","01/01/1982 00:00:00","31/12/1996 00:00:00","","","","","","","","","","","","","","","","","","","","",""
"Denmark","DK.NERI.AQ","","NET-DK004A","""Danish Air Quality Monitoring Programme""","UTC+01","DK0021A","8151","""Aalborg/8151""","SPO-DK0021A_00005_100","PM10","9.917510","57.052220","5.000000","","urban","traffic","01/01/2001 00:00:00","31/12/2005 00:00:00","SPO_F-DK0021A_00005_100_100","3.0","","","","","","","","","","","0","","","","","","","","","","","","","","","SPP-DK_N_gravi_opsisSM200","01/01/2001 00:00:00","31/12/2005 00:00:00","active","","","","","other","","gravi","","","","","","","","","","","","",""
"Denmark","DK.NERI.AQ","","NET-DK004A","""Danish Air Quality Monitoring Programme""","UTC+01","DK0021A","8151","""Aalborg/8151""","SPO-DK0021A_00005_100","PM10","9.917510","57.052220","5.000000","","urban","traffic","01/01/2001 00:00:00","31/12/2005 00:00:00","SPO_F-DK0021A_00005_100_100","3.0","","","","","","","","","","","0","","","","","","","","","","","","","","","SPP-Unknown","01/01/2001 00:00:00","31/12/2005 00:00:00","","","","","","","","","","","","","","","","","","","","",""
"Denmark","DK.NERI.AQ","2025","NET-DK004A","""Danish Air Quality Monitoring Programme""","UTC+01","DK0021A","8151","""Aalborg/8151""","SPO-DK0021A_00005_101","PM10","9.917510","57.052220","5.000000","","urban","traffic","01/01/1983 00:00:00","","SPO_F-DK0021A_00005_101_101","3.0","","","","","","","","","","","0","","","","","","","","","","","","","","","SPP-DK_A_BETA_01112","01/01/1983 00:00:00","","automatic","BETA","","","","","","","","","","","","","","","","","","http://cdr.eionet.europa.eu/dk/eu/aqd/d/colarw97g/envarw_cw/REP_D-DK_NERI_20251124_D-001.xml","05/12/2025 14:00:17"
"Denmark","DK.NERI.AQ","2025","NET-DK004A","""Danish Air Quality Monitoring Programme""","UTC+01","DK0021A","8151","""Aalborg/8151""","SPO-DK0021A_00005_101","PM10","9.917510","57.052220","5.000000","","urban","traffic","01/01/1983 00:00:00","","SPO_F-DK0021A_00005_101_101","3.0","","","","","","","","","","","0","","","","","","","","","","","","","","","SPP-DK_A_BETA_01112","01/01/1983 00:00:00","","automatic","BETA","","other","","","","","","","","","","","","","","","","http://cdr.eionet.europa.eu/dk/eu/aqd/d/colarw97g/envarw_cw/REP_D-DK_NERI_20251124_D-001.xml","05/12/2025 14:00:17"
"Denmark","DK.NERI.AQ","2025","NET-DK004A","""Danish Air Quality Monitoring Programme""","UTC+01","DK0021A","8151","""Aalborg/8151""","SPO-DK0021A_00005_101","PM10","9.917510","57.052220","5.000000","m","urban","traffic","01/01/1983 00:00:00","01/01/2015 00:00:00","SPO_F-DK0021A_00005_101_101","3.7","m","4.5","m","4.0","m","","","Long-range transboundary transport","","","0","","","","","Aalborg","","","","","","","","","6000","SPP-DK_A_BETA_01112","01/01/1983 00:00:00","01/01/2015 00:00:00","automatic","BETA","","opsisSM200","","","","","","yes","http://envs2.au.dk/Metodedokumentation/SM200_PM10_comp_with_the_stand_method.pdf","","","","In preparation","1","day","1","hour","http://cdr.eionet.europa.eu/dk/eu/aqd/d/colarw97g/envarw_cw/REP_D-DK_NERI_20251124_D-001.xml","05/12/2025 14:00:17"
"Denmark","DK.NERI.AQ","","NET-DK004A","""Danish Air Quality Monitoring Programme""","UTC+01","DK0021A","8151","""Aalborg/8151""","SPO-DK0021A_00008_100","NO2","9.917510","57.052220","5.000000","","urban","traffic","01/01/1982 00:00:00","31/12/1996 00:00:00","SPO_F-DK0021A_00008_100_100","0.0","","","","","","","","","","","0","","","","","","","","","","","","","","","SPP-DK_A_chemi_11000","01/01/1982 00:00:00","31/12/1996 00:00:00","automatic","chemi","","other","","","","","","","","","","","","","","","","",""
"Denmark","DK.NERI.AQ","","NET-DK004A","""Danish Air Quality Monitoring Programme""","UTC+01","DK0021A","8151","""Aalborg/8151""","SPO-DK0021A_00008_100","NO2","9.917510","57.052220","5.000000","","urban","traffic","01/01/1982 00:00:00","31/12/1996 00:00:00","SPO_F-DK0021A_00008_100_100","0.0","","","","","","","","","","","0","","","","","","","","","","","","","","","SPP-Unknown","01/01/1982 00:00:00","31/12/1996 00:00:00","","","","","","","","","","","","","","","","","","","","",""
"Denmark","DK.NERI.AQ","2025","NET-DK004A","""Danish Air Quality Monitoring Programme""","UTC+01","DK0021A","8151","""Aalborg/8151""","SPO-DK0021A_00008_110","NO2","9.917510","57.052220","5.000000","m","urban","traffic","01/01/1983 00:00:00","01/01/2015 00:00:00","SPO_F-DK0021A_00008_110_110","3.7","m","4.5","m","4.0","m","","","Transport","","","0","","","","","Aalborg","","","","","","","","","6000","SPP-DK_A_chemi_API","01/01/1983 00:00:00","01/01/2015 00:00:00","automatic","chemi","","API200","","","","","","ref","","","","","In preparation","1","hour","1","second","http://cdr.eionet.europa.eu/dk/eu/aqd/d/colarw97g/envarw_cw/REP_D-DK_NERI_20251124_D-001.xml","05/12/2025 14:00:17"
"Denmark","DK.NERI.AQ","2025","NET-DK004A","""Danish Air Quality Monitoring Programme""","UTC+01","DK0021A","8151","""Aalborg/8151""","SPO-DK0021A_00008_110","NO2","9.917510","57.052220","5.000000","","urban","traffic","01/01/1983 00:00:00","","SPO_F-DK0021A_00008_110_110","300.0","","","","","","","","","","","0","","","","","","","","","","","","","","","SPP-DK_A_chemi_API","01/01/1983 00:00:00","","automatic","chemi","","","","","","","","","","","","","","","","","","http://cdr.eionet.europa.eu/dk/eu/aqd/d/colarw97g/envarw_cw/REP_D-DK_NERI_20251124_D-001.xml","05/12/2025 14:00:17"
"Denmark","DK.NERI.AQ","2025","NET-DK004A","""Danish Air Quality Monitoring Programme""","UTC+01","DK0021A","8151","""Aalborg/8151""","SPO-DK0021A_00008_110","NO2","9.917510","57.052220","5.000000","","urban","traffic","01/01/1983 00:00:00","","SPO_F-DK0021A_00008_110_110","300.0","","","","","","","","","","","0","","","","","","","","","","","","","","","SPP-DK_A_chemi_API","01/01/1983 00:00:00","","automatic","chemi","","API","","","","","","","","","","","","","","","","http://cdr.eionet.europa.eu/dk/eu/aqd/d/colarw97g/envarw_cw/REP_D-DK_NERI_20251124_D-001.xml","05/12/2025 14:00:17"
"Denmark","DK.NERI.AQ","2025","NET-DK004A","""Danish Air Quality Monitoring Programme""","UTC+01","DK0021A","8151","""Aalborg/8151""","SPO-DK0021A_00009_100","NOX as NO2","9.917510","57.052220","5.000000","","urban","traffic","01/01/1983 00:00:00","","SPO_F-DK0021A_00009_100_100","3.0","","","","","","","","","","","0","","","","","","","","","","","","","","","SPP-DK_A_chemi_API","01/01/1983 00:00:00","","automatic","chemi","","API","","","","","","","","","","","","","","","","http://cdr.eionet.europa.eu/dk/eu/aqd/d/colarw97g/envarw_cw/REP_D-DK_NERI_20251124_D-001.xml","05/12/2025 14:00:17"
"Denmark","DK.NERI.AQ","2025","NET-DK004A","""Danish Air Quality Monitoring Programme""","UTC+01","DK0021A","8151","""Aalborg/8151""","SPO-DK0021A_00009_100","NOX as NO2","9.917510","57.052220","5.000000","m","urban","traffic","01/01/1983 00:00:00","01/01/2015 00:00:00","SPO_F-DK0021A_00009_100_100","3.7","m","4.5","m","4.0","m","","","Transport","","","0","","","","","Aalborg","","","","","","","","","6000","SPP-DK_A_chemi_API","01/01/1983 00:00:00","01/01/2015 00:00:00","automatic","chemi","","API200","","","","","","ref","","","","","In preparation","1","hour","1","second","http://cdr.eionet.europa.eu/dk/eu/aqd/d/colarw97g/envarw_cw/REP_D-DK_NERI_20251124_D-001.xml","05/12/2025 14:00:17"
"Denmark","DK.NERI.AQ","2025","NET-DK004A","""Danish Air Quality Monitoring Programme""","UTC+01","DK0021A","8151","""Aalborg/8151""","SPO-DK0021A_00009_100","NOX as NO2","9.917510","57.052220","5.000000","","urban","traffic","01/01/1983 00:00:00","","SPO_F-DK0021A_00009_100_100","3.0","","","","","","","","","","","0","","","","","","","","","","","","","","","SPP-DK_A_chemi_API","01/01/1983 00:00:00","","automatic","chemi","","","","","","","","","","","","","","","","","","http://cdr.eionet.europa.eu/dk/eu/aqd/d/colarw97g/envarw_cw/REP_D-DK_NERI_20251124_D-001.xml","05/12/2025 14:00:17"
"Denmark","DK.NERI.AQ","2025","NET-DK004A","""Danish Air Quality Monitoring Programme""","UTC+01","DK0021A","8151","""Aalborg/8151""","SPO-DK0021A_00010_100","CO","9.917510","57.052220","5.000000","","urban","traffic","01/01/1995 00:00:00","","SPO_F-DK0021A_00010_100_100","3.0","","","","","","","","","","","0","","","","","","","","","","","","","","","SPP-DK_A_NDIR_07056","01/01/1995 00:00:00","","automatic","NDIR","","","","","","","","","","","","","","","","","","http://cdr.eionet.europa.eu/dk/eu/aqd/d/colarw97g/envarw_cw/REP_D-DK_NERI_20251124_D-001.xml","05/12/2025 14:00:17"
"Denmark","DK.NERI.AQ","2025","NET-DK004A","""Danish Air Quality Monitoring Programme""","UTC+01","DK0021A","8151","""Aalborg/8151""","SPO-DK0021A_00010_100","CO","9.917510","57.052220","5.000000","","urban","traffic","01/01/1995 00:00:00","","SPO_F-DK0021A_00010_100_100","3.0","","","","","","","","","","","0","","","","","","","","","","","","","","","SPP-DK_A_NDIR_07056","01/01/1995 00:00:00","","automatic","NDIR","","other","","","","","","","","","","","","","","","","http://cdr.eionet.europa.eu/dk/eu/aqd/d/colarw97g/envarw_cw/REP_D-DK_NERI_20251124_D-001.xml","05/12/2025 14:00:17"
"Denmark","DK.NERI.AQ","2025","NET-DK004A","""Danish Air Quality Monitoring Programme""","UTC+01","DK0021A","8151","""Aalborg/8151""","SPO-DK0021A_00010_100","CO","9.917510","57.052220","5.000000","m","urban","traffic","01/01/1995 00:00:00","01/01/2015 00:00:00","SPO_F-DK0021A_00010_100_100","3.7","m","4.5","m","4.0","m","","","Transport","","","0","","","","","Aalborg","","","","","","","","","6000","SPP-DK_A_NDIR_07056","01/01/1995 00:00:00","01/01/2015 00:00:00","automatic","NDIR","","thermo48","","","","","","ref","","","","","In preparation","0","variable","0","other","http://cdr.eionet.europa.eu/dk/eu/aqd/d/colarw97g/envarw_cw/REP_D-DK_NERI_20251124_D-001.xml","05/12/2025 14:00:17"
"Denmark","DK.NERI.AQ","","NET-DK004A","""Danish Air Quality Monitoring Programme""","UTC+01","DK0021A","8151","""Aalborg/8151""","SPO-DK0021A_00012_100","Pb","9.917510","57.052220","5.000000","","urban","traffic","01/01/1983 00:00:00","31/12/2003 00:00:00","SPO_F-DK0021A_00012_100_100","3.0","","","","","","","","","","","0","","","","","","","","","","","","","","","SPP-DK_N_00528_danishLMP-FP-ELEM","01/01/1983 00:00:00","31/12/2003 00:00:00","active","","","","","other","","other","","","","","","","","","","","","",""
"Denmark","DK.NERI.AQ","","NET-DK004A","""Danish Air Quality Monitoring Programme""","UTC+01","DK0021A","8151","""Aalborg/8151""","SPO-DK0021A_00012_100","Pb","9.917510","57.052220","5.000000","","urban","traffic","01/01/1983 00:00:00","31/12/2003 00:00:00","SPO_F-DK0021A_00012_100_100","3.0","","","","","","","","","","","0","","","","","","","","","","","","","","","SPP-Unknown","01/01/1983 00:00:00","31/12/2003 00:00:00","","","","","","","","","","","","","","","","","","","","",""
"Denmark","DK.NERI.AQ","","NET-DK004A","""Danish Air Quality Monitoring Programme""","UTC+01","DK0021A","8151","""Aalborg/8151""","SPO-DK0021A_00012_101","Pb","9.917510","57.052220","5.000000","","urban","traffic","01/01/2001 00:00:00","01/01/2010 00:00:00","SPO_F-DK0021A_00012_101_101","3.0","","","","","","","","","","","0","","","","","","","","","","","","","","","SPP-DK_N_00528_opsisSM200","01/01/2001 00:00:00","01/01/2010 00:00:00","active","","","","","other","","other","","","","","","","","","","","","",""
"Denmark","DK.NERI.AQ","","NET-DK004A","""Danish Air Quality Monitoring Programme""","UTC+01","DK0021A","8151","""Aalborg/8151""","SPO-DK0021A_00012_101","Pb","9.917510","57.052220","5.000000","","urban","traffic","01/01/2001 00:00:00","01/01/2010 00:00:00","SPO_F-DK0021A_00012_101_101","3.0","","","","","","","","","","","0","","","","","","","","","","","","","","","SPP-Unknown","01/01/2001 00:00:00","01/01/2010 00:00:00","","","","","","","","","","","","","","","","","","","","",""
"Denmark","DK.NERI.AQ","","NET-DK004A","""Danish Air Quality Monitoring Programme""","UTC+01","DK0021A","8151","""Aalborg/8151""","SPO-DK0021A_00012_110","Pb","9.917510","57.052220","5.000000","","urban","traffic","01/01/1982 00:00:00","31/12/1996 00:00:00","SPO_F-DK0021A_00012_110_110","0.0","","","","","","","","","","","0","","","","","","","","","","","","","","","SPP-DK_N_00000_00063","01/01/1982 00:00:00","31/12/1996 00:00:00","active","","","","","other","","other","","","","","","","","","","","","",""
"Denmark","DK.NERI.AQ","","NET-DK004A","""Danish Air Quality Monitoring Programme""","UTC+01","DK0021A","8151","""Aalborg/8151""","SPO-DK0021A_00012_110","Pb","9.917510","57.052220","5.000000","","urban","traffic","01/01/1982 00:00:00","31/12/1996 00:00:00","SPO_F-DK0021A_00012_110_110","0.0","","","","","","","","","","","0","","","","","","","","","","","","","","","SPP-Unknown","01/01/1982 00:00:00","31/12/1996 00:00:00","","","","","","","","","","","","","","","","","","","","",""
"Denmark","DK.NERI.AQ","","NET-DK004A","""Danish Air Quality Monitoring Programme""","UTC+01","DK0021A","8151","""Aalborg/8151""","SPO-DK0021A_00014_100","Cd","9.917510","57.052220","5.000000","","urban","traffic","01/01/1983 00:00:00","31/12/2003 00:00:00","SPO_F-DK0021A_00014_100_100","3.0","","","","","","","","","","","0","","","","","","","","","","","","","","","SPP-DK_N_00528_danishLMP-FP-ELEM","01/01/1983 00:00:00","31/12/2003 00:00:00","active","","","","","other","","other","","","","","","","","","","","","",""
"Denmark","DK.NERI.AQ","","NET-DK004A","""Danish Air Quality Monitoring Programme""","UTC+01","DK0021A","8151","""Aalborg/8151""","SPO-DK0021A_00014_100","Cd","9.917510","57.052220","5.000000","","urban","traffic","01/01/1983 00:00:00","31/12/2003 00:00:00","SPO_F-DK0021A_00014_100_100","3.0","","","","","","","","","","","0","","","","","","","","","","","","","","","SPP-Unknown","01/01/1983 00:00:00","31/12/2003 00:00:00","","","","","","","","","","","","","","","","","","","","",""
"Denmark","DK.NERI.AQ","","NET-DK004A","""Danish Air Quality Monitoring Programme""","UTC+01","DK0021A","8151","""Aalborg/8151""","SPO-DK0021A_00014_101","Cd","9.917510","57.052220","5.000000","","urban","traffic","01/01/2001 00:00:00","01/01/2010 00:00:00","SPO_F-DK0021A_00014_101_101","3.0","","","","","","","","","","","0","","","","","","","","","","","","","","","SPP-DK_N_00528_opsisSM200","01/01/2001 00:00:00","01/01/2010 00:00:00","active","","","","","other","","other","","","","","","","","","","","","",""
"Denmark","DK.NERI.AQ","","NET-DK004A","""Danish Air Quality Monitoring Programme""","UTC+01","DK0021A","8151","""Aalborg/8151""","SPO-DK0021A_00014_110","Cd","9.917510","57.052220","5.000000","","urban","traffic","01/01/1982 00:00:00","31/12/1996 00:00:00","SPO_F-DK0021A_00014_110_110","0.0","","","","","","","","","","","0","","","","","","","","","","","","","","","SPP-DK_N_00000_00063","01/01/1982 00:00:00","31/12/1996 00:00:00","active","","","","","other","","other","","","","","","","","","","","","",""
"Denmark","DK.NERI.AQ","","NET-DK004A","""Danish Air Quality Monitoring Programme""","UTC+01","DK0021A","8151","""Aalborg/8151""","SPO-DK0021A_00014_110","Cd","9.917510","57.052220","5.000000","","urban","traffic","01/01/1982 00:00:00","31/12/1996 00:00:00","SPO_F-DK0021A_00014_110_110","0.0","","","","","","","","","","","0","","","","","","","","","","","","","","","SPP-Unknown","01/01/1982 00:00:00","31/12/1996 00:00:00","","","","","","","","","","","","","","","","","","","","",""
"Denmark","DK.NERI.AQ","","NET-DK004A","""Danish Air Quality Monitoring Programme""","UTC+01","DK0021A","8151","""Aalborg/8151""","SPO-DK0021A_00015_100","Ni","9.917510","57.052220","5.000000","","urban","traffic","01/01/1983 00:00:00","31/12/2003 00:00:00","SPO_F-DK0021A_00015_100_100","3.0","","","","","","","","","","","0","","","","","","","","","","","","","","","SPP-DK_N_00528_danishLMP-FP-ELEM","01/01/1983 00:00:00","31/12/2003 00:00:00","active","","","","","other","","other","","","","","","","","","","","","",""
"Denmark","DK.NERI.AQ","","NET-DK004A","""Danish Air Quality Monitoring Programme""","UTC+01","DK0021A","8151","""Aalborg/8151""","SPO-DK0021A_00015_100","Ni","9.917510","57.052220","5.000000","","urban","traffic","01/01/1983 00:00:00","31/12/2003 00:00:00","SPO_F-DK0021A_00015_100_100","3.0","","","","","","","","","","","0","","","","","","","","","","","","","","","SPP-Unknown","01/01/1983 00:00:00","31/12/2003 00:00:00","","","","","","","","","","","","","","","","","","","","",""
"Denmark","DK.NERI.AQ","","NET-DK004A","""Danish Air Quality Monitoring Programme""","UTC+01","DK0021A","8151","""Aalborg/8151""","SPO-DK0021A_00015_101","Ni","9.917510","57.052220","5.000000","","urban","traffic","01/01/2001 00:00:00","01/01/2010 00:00:00","SPO_F-DK0021A_00015_101_101","3.0","","","","","","","","","","","0","","","","","","","","","","","","","","","SPP-DK_N_00528_opsisSM200","01/01/2001 00:00:00","01/01/2010 00:00:00","active","","","","","other","","other","","","","","","","","","","","","",""
"Denmark","DK.NERI.AQ","","NET-DK004A","""Danish Air Quality Monitoring Programme""","UTC+01","DK0021A","8151","""Aalborg/8151""","SPO-DK0021A_00016_100","Cr","9.917510","57.052220","5.000000","","urban","traffic","01/01/1983 00:00:00","31/12/2003 00:00:00","SPO_F-DK0021A_00016_100_100","3.0","","","","","","","","","","","0","","","","","","","","","","","","","","","SPP-DK_N_00528_danishLMP-FP-ELEM","01/01/1983 00:00:00","31/12/2003 00:00:00","active","","","","","other","","other","","","","","","","","","","","","",""
"Denmark","DK.NERI.AQ","","NET-DK004A","""Danish Air Quality Monitoring Programme""","UTC+01","DK0021A","8151","""Aalborg/8151""","SPO-DK0021A_00016_100","Cr","9.917510","57.052220","5.000000","","urban","traffic","01/01/1983 00:00:00","31/12/2003 00:00:00","SPO_F-DK0021A_00016_100_100","3.0","","","","","","","","","","","0","","","","","","","","","","","","","","","SPP-Unknown","01/01/1983 00:00:00","31/12/2003 00:00:00","","","","","","","","","","","","","","","","","","","","",""
"Denmark","DK.NERI.AQ","","NET-DK004A","""Danish Air Quality Monitoring Programme""","UTC+01","DK0021A","8151","""Aalborg/8151""","SPO-DK0021A_00016_101","Cr","9.917510","57.052220","5.000000","","urban","traffic","01/01/2001 00:00:00","01/01/2010 00:00:00","SPO_F-DK0021A_00016_101_101","3.0","","","","","","","","","","","0","","","","","","","","","","","","","","","SPP-DK_N_00528_opsisSM200","01/01/2001 00:00:00","01/01/2010 00:00:00","active","","","","","other","","other","","","","","","","","","","","","",""
"Denmark","DK.NERI.AQ","","NET-DK004A","""Danish Air Quality Monitoring Programme""","UTC+01","DK0021A","8151","""Aalborg/8151""","SPO-DK0021A_00017_100","Mn","9.917510","57.052220","5.000000","","urban","traffic","01/01/1983 00:00:00","31/12/2003 00:00:00","SPO_F-DK0021A_00017_100_100","3.0","","","","","","","","","","","0","","","","","","","","","","","","","","","SPP-DK_N_00528_danishLMP-FP-ELEM","01/01/1983 00:00:00","31/12/2003 00:00:00","active","","","","","other","","other","","","","","","","","","","","","",""
"Denmark","DK.NERI.AQ","","NET-DK004A","""Danish Air Quality Monitoring Programme""","UTC+01","DK0021A","8151","""Aalborg/8151""","SPO-DK0021A_00017_100","Mn","9.917510","57.052220","5.000000","","urban","traffic","01/01/1983 00:00:00","31/12/2003 00:00:00","SPO_F-DK0021A_00017_100_100","3.0","","","","","","","","","","","0","","","","","","","","","","","","","","","SPP-Unknown","01/01/1983 00:00:00","31/12/2003 00:00:00","","","","","","","","","","","","","","","","","","","","",""
"Denmark","DK.NERI.AQ","","NET-DK004A","""Danish Air Quality Monitoring Programme""","UTC+01","DK0021A","8151","""Aalborg/8151""","SPO-DK0021A_00017_101","Mn","9.917510","57.052220","5.000000","","urban","traffic","01/01/2001 00:00:00","01/01/2010 00:00:00","SPO_F-DK0021A_00017_101_101","3.0","","","","","","","","","","","0","","","","","","","","","","","","","","","SPP-DK_N_00528_opsisSM200","01/01/2001 00:00:00","01/01/2010 00:00:00","active","","","","","other","","other","","","","","","","","","","","","",""
"Denmark","DK.NERI.AQ","","NET-DK004A","""Danish Air Quality Monitoring Programme""","UTC+01","DK0021A","8151","""Aalborg/8151""","SPO-DK0021A_00018_100","As","9.917510","57.052220","5.000000","","urban","traffic","01/01/1983 00:00:00","31/12/2003 00:00:00","SPO_F-DK0021A_00018_100_100","3.0","","","","","","","","","","","0","","","","","","","","","","","","","","","SPP-DK_N_00528_danishLMP-FP-ELEM","01/01/1983 00:00:00","31/12/2003 00:00:00","active","","","","","other","","other","","","","","","","","","","","","",""
"Denmark","DK.NERI.AQ","","NET-DK004A","""Danish Air Quality Monitoring Programme""","UTC+01","DK0021A","8151","""Aalborg/8151""","SPO-DK0021A_00018_100","As","9.917510","57.052220","5.000000","","urban","traffic","01/01/1983 00:00:00","31/12/2003 00:00:00","SPO_F-DK0021A_00018_100_100","3.0","","","","","","","","","","","0","","","","","","","","","","","","","","","SPP-Unknown","01/01/1983 00:00:00","31/12/2003 00:00:00","","","","","","","","","","","","","","","","","","","","",""
"Denmark","DK.NERI.AQ","","NET-DK004A","""Danish Air Quality Monitoring Programme""","UTC+01","DK0021A","8151","""Aalborg/8151""","SPO-DK0021A_00018_101","As","9.917510","57.052220","5.000000","","urban","traffic","01/01/2001 00:00:00","01/01/2010 00:00:00","SPO_F-DK0021A_00018_101_101","3.0","","","","","","","","","","","0","","","","","","","","","","","","","","","SPP-DK_N_00528_opsisSM200","01/01/2001 00:00:00","01/01/2010 00:00:00","active","","","","","other","","other","","","","","","","","","","","","",""
"Denmark","DK.NERI.AQ","","NET-DK004A","""Danish Air Quality Monitoring Programme""","UTC+01","DK0021A","8151","""Aalborg/8151""","SPO-DK0021A_00038_100","NO","9.917510","57.052220","5.000000","","urban","traffic","01/01/1982 00:00:00","31/12/1996 00:00:00","SPO_F-DK0021A_00038_100_100","0.0","","","","","","","","","","","0","","","","","","","","","","","","","","","SPP-DK_A_chemi_11000","01/01/1982 00:00:00","31/12/1996 00:00:00","automatic","chemi","","other","","","","","","","","","","","","","","","","",""
"Denmark","DK.NERI.AQ","","NET-DK004A","""Danish Air Quality Monitoring Programme""","UTC+01","DK0021A","8151","""Aalborg/8151""","SPO-DK0021A_00038_100","NO","9.917510","57.052220","5.000000","","urban","traffic","01/01/1982 00:00:00","31/12/1996 00:00:00","SPO_F-DK0021A_00038_100_100","0.0","","","","","","","","","","","0","","","","","","","","","","","","","","","SPP-Unknown","01/01/1982 00:00:00","31/12/1996 00:00:00","","","","","","","","","","","","","","","","","","","","",""
"Denmark","DK.NERI.AQ","2025","NET-DK004A","""Danish Air Quality Monitoring Programme""","UTC+01","DK0021A","8151","""Aalborg/8151""","SPO-DK0021A_00038_110","NO","9.917510","57.052220","5.000000","","urban","traffic","01/01/1983 00:00:00","","SPO_F-DK0021A_00038_110_110","3.0","","","","","","","","","","","0","","","","","","","","","","","","","","","SPP-DK_A_chemi_API","01/01/1983 00:00:00","","automatic","chemi","","API","","","","","","","","","","","","","","","","http://cdr.eionet.europa.eu/dk/eu/aqd/d/colarw97g/envarw_cw/REP_D-DK_NERI_20251124_D-001.xml","05/12/2025 14:00:17"
"Denmark","DK.NERI.AQ","2025","NET-DK004A","""Danish Air Quality Monitoring Programme""","UTC+01","DK0021A","8151","""Aalborg/8151""","SPO-DK0021A_00038_110","NO","9.917510","57.052220","5.000000","","urban","traffic","01/01/1983 00:00:00","","SPO_F-DK0021A_00038_110_110","3.0","","","","","","","","","","","0","","","","","","","","","","","","","","","SPP-DK_A_chemi_API","01/01/1983 00:00:00","","automatic","chemi","","","","","","","","","","","","","","","","","","http://cdr.eionet.europa.eu/dk/eu/aqd/d/colarw97g/envarw_cw/REP_D-DK_NERI_20251124_D-001.xml","05/12/2025 14:00:17"
"Denmark","DK.NERI.AQ","2025","NET-DK004A","""Danish Air Quality Monitoring Programme""","UTC+01","DK0021A","8151","""Aalborg/8151""","SPO-DK0021A_00038_110","NO","9.917510","57.052220","5.000000","m","urban","traffic","01/01/1983 00:00:00","01/01/2015 00:00:00","SPO_F-DK0021A_00038_110_110","3.7","m","4.5","m","4.0","m","","","Transport","","","0","","","","","Aalborg","","","","","","","","","6000","SPP-DK_A_chemi_API","01/01/1983 00:00:00","01/01/2015 00:00:00","automatic","chemi","","API200","","","","","","ref","","","","","In preparation","1","hour","1","second","http://cdr.eionet.europa.eu/dk/eu/aqd/d/colarw97g/envarw_cw/REP_D-DK_NERI_20251124_D-001.xml","05/12/2025 14:00:17"
"Denmark","DK.NERI.AQ","2025","NET-DK004A","""Danish Air Quality Monitoring Programme""","UTC+01","DK0021A","8151","""Aalborg/8151""","SPO-DK0021A_00047_100","SO4 (H2SO4 aerosols) (SO4--)","9.917510","57.052220","5.000000","","urban","traffic","01/01/1982 00:00:00","","SPO_F-DK0021A_00047_100_100","3.0","","","","","","","","","","","0","","","","","","","","","","","","","","","SPP-DK_N_00528_opsisSM200","01/01/1982 00:00:00","","active","","","","","other","","other","","","","","","","","","","","","http://cdr.eionet.europa.eu/dk/eu/aqd/d/colarw97g/envarw_cw/REP_D-DK_NERI_20251124_D-001.xml","05/12/2025 14:00:17"
"Denmark","DK.NERI.AQ","2025","NET-DK004A","""Danish Air Quality Monitoring Programme""","UTC+01","DK0021A","8151","""Aalborg/8151""","SPO-DK0021A_00047_100","SO4 (H2SO4 aerosols) (SO4--)","9.917510","57.052220","5.000000","m","urban","traffic","01/01/1983 00:00:00","01/01/2015 00:00:00","SPO_F-DK0021A_00047_100_100","3.7","m","4.5","m","4.0","m","","","Long-range transboundary transport","","","0","","","","","Aalborg","","","","","","","","","6000","SPP-DK_N_01306opsisSM200","01/01/1983 00:00:00","01/01/2015 00:00:00","active","","","","","","","gravi","","no","","","","","In preparation","1","day","1","day","http://cdr.eionet.europa.eu/dk/eu/aqd/d/colarw97g/envarw_cw/REP_D-DK_NERI_20251124_D-001.xml","05/12/2025 14:00:17"
"Denmark","DK.NERI.AQ","2025","NET-DK004A","""Danish Air Quality Monitoring Programme""","UTC+01","DK0021A","8151","""Aalborg/8151""","SPO-DK0021A_00047_100","SO4 (H2SO4 aerosols) (SO4--)","9.917510","57.052220","5.000000","","urban","traffic","01/01/1982 00:00:00","","SPO_F-DK0021A_00047_100_100","3.0","","","","","","","","","","","0","","","","","","","","","","","","","","","SPP-DK_N_01306opsisSM200","01/01/1982 00:00:00","","active","","","","","","","other","","","","","","","","","","","","http://cdr.eionet.europa.eu/dk/eu/aqd/d/colarw97g/envarw_cw/REP_D-DK_NERI_20251124_D-001.xml","05/12/2025 14:00:17"
"Denmark","DK.NERI.AQ","","NET-DK004A","""Danish Air Quality Monitoring Programme""","UTC+01","DK0021A","8151","""Aalborg/8151""","SPO-DK0021A_00048_100","Se","9.917510","57.052220","5.000000","","urban","traffic","01/01/1982 00:00:00","01/01/2010 00:00:00","SPO_F-DK0021A_00048_100_100","3.0","","","","","","","","","","","0","","","","","","","","","","","","","","","SPP-DK_N_00528_danishLMP-FP-ELEM","01/01/1982 00:00:00","01/01/2010 00:00:00","active","","","","","other","","other","","","","","","","","","","","","",""
"Denmark","DK.NERI.AQ","","NET-DK004A","""Danish Air Quality Monitoring Programme""","UTC+01","DK0021A","8151","""Aalborg/8151""","SPO-DK0021A_00048_101","Se","9.917510","57.052220","5.000000","","urban","traffic","01/01/2001 00:00:00","01/01/2010 00:00:00","SPO_F-DK0021A_00048_101_101","3.0","","","","","","","","","","","0","","","","","","","","","","","","","","","SPP-DK_N_00528_opsisSM200","01/01/2001 00:00:00","01/01/2010 00:00:00","active","","","","","other","","other","","","","","","","","","","","","",""
"Denmark","DK.NERI.AQ","","NET-DK004A","""Danish Air Quality Monitoring Programme""","UTC+01","DK0021A","8151","""Aalborg/8151""","SPO-DK0021A_00049_100","V","9.917510","57.052220","5.000000","","urban","traffic","01/01/1982 00:00:00","01/01/2010 00:00:00","SPO_F-DK0021A_00049_100_100","3.0","","","","","","","","","","","0","","","","","","","","","","","","","","","SPP-DK_N_00528_danishLMP-FP-ELEM","01/01/1982 00:00:00","01/01/2010 00:00:00","active","","","","","other","","other","","","","","","","","","","","","",""
"Denmark","DK.NERI.AQ","","NET-DK004A","""Danish Air Quality Monitoring Programme""","UTC+01","DK0021A","8151","""Aalborg/8151""","SPO-DK0021A_00049_101","V","9.917510","57.052220","5.000000","","urban","traffic","01/01/2001 00:00:00","01/01/2010 00:00:00","SPO_F-DK0021A_00049_101_101","3.0","","","","","","","","","","","0","","","","","","","","","","","","","","","SPP-DK_N_gravi_opsisSM200","01/01/2001 00:00:00","01/01/2010 00:00:00","active","","","","","other","","gravi","","","","","","","","","","","","",""
"Denmark","DK.NERI.AQ","2025","NET-DK004A","""Danish Air Quality Monitoring Programme""","UTC+01","DK0021A","8151","""Aalborg/8151""","SPO-DK0021A_06001_100","PM2.5","9.917510","57.052220","5.000000","","urban","traffic","01/01/2008 00:00:00","","SPO_F-DK0021A_06001_100_100","3.0","","","","","","","","","","","0","","","","","","","","","","","","","","","SPP-DK_N_00502_adamSM200","01/01/2008 00:00:00","","active","","","","","other","","other","","","","","","","","","","","","http://cdr.eionet.europa.eu/dk/eu/aqd/d/colarw97g/envarw_cw/REP_D-DK_NERI_20251124_D-001.xml","05/12/2025 14:00:17"
"Denmark","DK.NERI.AQ","2025","NET-DK004A","""Danish Air Quality Monitoring Programme""","UTC+01","DK0021A","8151","""Aalborg/8151""","SPO-DK0021A_06001_100","PM2.5","9.917510","57.052220","5.000000","m","urban","traffic","01/01/2008 00:00:00","01/01/2015 00:00:00","SPO_F-DK0021A_06001_100_100","3.7","m","4.5","m","4.0","m","","","Long-range transboundary transport","","","0","","","","","Aalborg","","","","","","","","","6000","SPP-DK_N_02359adamSM200","01/01/2008 00:00:00","01/01/2015 00:00:00","active","","","","","","","gravi","","yes","http://envs2.au.dk/Metodedokumentation/SM200_PM10_comp_with_the_stand_method.pdf","","","","In preparation","1","day","24","hour","http://cdr.eionet.europa.eu/dk/eu/aqd/d/colarw97g/envarw_cw/REP_D-DK_NERI_20251124_D-001.xml","05/12/2025 14:00:17"
"Denmark","DK.NERI.AQ","2025","NET-DK004A","""Danish Air Quality Monitoring Programme""","UTC+01","DK0021A","8151","""Aalborg/8151""","SPO-DK0021A_06001_100","PM2.5","9.917510","57.052220","5.000000","","urban","traffic","01/01/2008 00:00:00","","SPO_F-DK0021A_06001_100_100","3.0","","","","","","","","","","","0","","","","","","","","","","","","","","","SPP-DK_N_02359adamSM200","01/01/2008 00:00:00","","active","","","","","","","other","","","","","","","","","","","","http://cdr.eionet.europa.eu/dk/eu/aqd/d/colarw97g/envarw_cw/REP_D-DK_NERI_20251124_D-001.xml","05/12/2025 14:00:17"
"Denmark","DK.NERI.AQ","","NET-DK004A","""Danish Air Quality Monitoring Programme""","UTC+01","DK0022A","9154","""Odense/9154""","SPO-DK0022A_00001_100","SO2","10.396120","55.381940","10.000000","","urban","traffic","01/01/1983 00:00:00","31/12/2000 00:00:00","SPO_F-DK0022A_00001_100_100","3.0","","","","","","","","","","","0","","","","","","","","","","","","","","","SPP-DK_N_IC_danishLMP-FP-POLL","01/01/1983 00:00:00","31/12/2000 00:00:00","active","","","","","other","","IC","","","","","","","","","","","","",""
"Denmark","DK.NERI.AQ","","NET-DK004A","""Danish Air Quality Monitoring Programme""","UTC+01","DK0022A","9154","""Odense/9154""","SPO-DK0022A_00004_100","SPM","10.396120","55.381940","10.000000","","urban","traffic","01/01/1983 00:00:00","31/12/2000 00:00:00","SPO_F-DK0022A_00004_100_100","3.0","","","","","","","","","","","0","","","","","","","","","","","","","","","SPP-DK_N_gravi_danishLMP-FP-SPM","01/01/1983 00:00:00","31/12/2000 00:00:00","active","","","","","other","","gravi","","","","","","","","","","","","",""
"Denmark","DK.NERI.AQ","","NET-DK004A","""Danish Air Quality Monitoring Programme""","UTC+01","DK0022A","9154","""Odense/9154""","SPO-DK0022A_00012_100","Pb","10.396120","55.381940","10.000000","","urban","traffic","01/01/1983 00:00:00","31/12/2000 00:00:00","SPO_F-DK0022A_00012_100_100","3.0","","","","","","","","","","","0","","","","","","","","","","","","","","","SPP-DK_N_00528_danishLMP-FP-ELEM","01/01/1983 00:00:00","31/12/2000 00:00:00","active","","","","","other","","other","","","","","","","","","","","","",""
"Denmark","DK.NERI.AQ","","NET-DK004A","""Danish Air Quality Monitoring Programme""","UTC+01","DK0022A","9154","""Odense/9154""","SPO-DK0022A_00014_100","Cd","10.396120","55.381940","10.000000","","urban","traffic","01/01/1983 00:00:00","31/12/2000 00:00:00","SPO_F-DK0022A_00014_100_100","3.0","","","","","","","","","","","0","","","","","","","","","","","","","","","SPP-DK_N_00528_danishLMP-FP-ELEM","01/01/1983 00:00:00","31/12/2000 00:00:00","active","","","","","other","","other","","","","","","","","","","","","",""
"Denmark","DK.NERI.AQ","","NET-DK004A","""Danish Air Quality Monitoring Programme""","UTC+01","DK0022A","9154","""Odense/9154""","SPO-DK0022A_00015_100","Ni","10.396120","55.381940","10.000000","","urban","traffic","01/01/1983 00:00:00","31/12/2000 00:00:00","SPO_F-DK0022A_00015_100_100","3.0","","","","","","","","","","","0","","","","","","","","","","","","","","","SPP-DK_N_00528_danishLMP-FP-ELEM","01/01/1983 00:00:00","31/12/2000 00:00:00","active","","","","","other","","other","","","","","","","","","","","","",""
"Denmark","DK.NERI.AQ","","NET-DK004A","""Danish Air Quality Monitoring Programme""","UTC+01","DK0022A","9154","""Odense/9154""","SPO-DK0022A_00016_100","Cr","10.396120","55.381940","10.000000","","urban","traffic","01/01/1983 00:00:00","31/12/2000 00:00:00","SPO_F-DK0022A_00016_100_100","3.0","","","","","","","","","","","0","","","","","","","","","","","","","","","SPP-DK_N_00528_danishLMP-FP-ELEM","01/01/1983 00:00:00","31/12/2000 00:00:00","active","","","","","other","","other","","","","","","","","","","","","",""
"Denmark","DK.NERI.AQ","","NET-DK004A","""Danish Air Quality Monitoring Programme""","UTC+01","DK0022A","9154","""Odense/9154""","SPO-DK0022A_00017_100","Mn","10.396120","55.381940","10.000000","","urban","traffic","01/01/1983 00:00:00","31/12/2000 00:00:00","SPO_F-DK0022A_00017_100_100","3.0","","","","","","","","","","","0","","","","","","","","","","","","","","","SPP-DK_N_00528_danishLMP-FP-ELEM","01/01/1983 00:00:00","31/12/2000 00:00:00","active","","","","","other","","other","","","","","","","","","","","","",""
"Denmark","DK.NERI.AQ","","NET-DK004A","""Danish Air Quality Monitoring Programme""","UTC+01","DK0022A","9154","""Odense/9154""","SPO-DK0022A_00018_100","As","10.396120","55.381940","10.000000","","urban","traffic","01/01/1983 00:00:00","31/12/2000 00:00:00","SPO_F-DK0022A_00018_100_100","3.0","","","","","","","","","","","0","","","","","","","","","","","","","","","SPP-DK_N_00528_danishLMP-FP-ELEM","01/01/1983 00:00:00","31/12/2000 00:00:00","active","","","","","other","","other","","","","","","","","","","","","",""
"Denmark","DK.NERI.AQ","2025","NET-DK004A","""Danish Air Quality Monitoring Programme""","UTC+01","DK0030A","1257","""Copenhagen/1257""","SPO-DK0030A_00001_100","SO2","12.553340","55.698330","5.000000","","urban","traffic","01/01/1987 00:00:00","","SPO_F-DK0030A_00001_100_100","0.0","","","","","","","","","","","0","","","","","","","","","","","","","","","SPP-DK_N_0020200202","01/01/1987 00:00:00","","active","","","","","","","other","","","","","","","","","","","","http://cdr.eionet.europa.eu/dk/eu/aqd/d/colarw97g/envarw_cw/REP_D-DK_NERI_20251124_D-001.xml","05/12/2025 14:00:17"
"Denmark","DK.NERI.AQ","2025","NET-DK004A","""Danish Air Quality Monitoring Programme""","UTC+01","DK0030A","1257","""Copenhagen/1257""","SPO-DK0030A_00001_100","SO2","12.553340","55.698330","5.000000","m","urban","traffic","01/01/1987 00:00:00","01/01/2001 00:00:00","SPO_F-DK0030A_00001_100_100","3.7","m","5.5","m","1.0","m","","","Transport","","","0","","","","","Copenhagen","","","","","","","","","18000","SPP-DK_N_0020200202","01/01/1987 00:00:00","01/01/2001 00:00:00","active","","","","","","","gravi","","no","","","","","In preparation","0","variable","0","other","http://cdr.eionet.europa.eu/dk/eu/aqd/d/colarw97g/envarw_cw/REP_D-DK_NERI_20251124_D-001.xml","05/12/2025 14:00:17"
"Denmark","DK.NERI.AQ","","NET-DK004A","""Danish Air Quality Monitoring Programme""","UTC+01","DK0030A","1257","""Copenhagen/1257""","SPO-DK0030A_00001_110","SO2","12.553340","55.698330","5.000000","","urban","traffic","01/01/1987 00:00:00","31/12/1996 00:00:00","SPO_F-DK0030A_00001_110_110","0.0","","","","","","","","","","","0","","","","","","","","","","","","","","","SPP-DK_A_UV-FL_11000","01/01/1987 00:00:00","31/12/1996 00:00:00","automatic","UV-FL","","other","","","","","","","","","","","","","","","","",""
"Denmark","DK.NERI.AQ","","NET-DK004A","""Danish Air Quality Monitoring Programme""","UTC+01","DK0030A","1257","""Copenhagen/1257""","SPO-DK0030A_00001_110","SO2","12.553340","55.698330","5.000000","","urban","traffic","01/01/1987 00:00:00","31/12/1996 00:00:00","SPO_F-DK0030A_00001_110_130","3.0","","","","","","","","","","","0","","","","","","","","","","","","","","","SPP-DK_N_IC_danishLMP-FP-POLL","01/01/1987 00:00:00","31/12/1996 00:00:00","active","","","","","other","","IC","","","","","","","","","","","","",""
"Denmark","DK.NERI.AQ","","NET-DK004A","""Danish Air Quality Monitoring Programme""","UTC+01","DK0030A","1257","""Copenhagen/1257""","SPO-DK0030A_00001_110","SO2","12.553340","55.698330","5.000000","","urban","traffic","01/01/1987 00:00:00","31/12/1996 00:00:00","SPO_F-DK0030A_00001_110_110","0.0","","","","","","","","","","","0","","","","","","","","","","","","","","","SPP-Unknown","01/01/1987 00:00:00","31/12/1996 00:00:00","","","","","","","","","","","","","","","","","","","","",""
"Denmark","DK.NERI.AQ","","NET-DK004A","""Danish Air Quality Monitoring Programme""","UTC+01","DK0030A","1257","""Copenhagen/1257""","SPO-DK0030A_00001_140","SO2","12.553340","55.698330","5.000000","","urban","traffic","01/01/1987 00:00:00","31/12/1989 00:00:00","SPO_F-DK0030A_00001_140_140","0.0","","","","","","","","","","","0","","","","","","","","","","","","","","","SPP-DK_N_00000_00000","01/01/1987 00:00:00","31/12/1989 00:00:00","active","","","","","other","","other","","","","","","","","","","","","",""
"Denmark","DK.NERI.AQ","","NET-DK004A","""Danish Air Quality Monitoring Programme""","UTC+01","DK0030A","1257","""Copenhagen/1257""","SPO-DK0030A_00001_140","SO2","12.553340","55.698330","5.000000","","urban","traffic","01/01/1987 00:00:00","31/12/1989 00:00:00","SPO_F-DK0030A_00001_140_140","0.0","","","","","","","","","","","0","","","","","","","","","","","","","","","SPP-Unknown","01/01/1987 00:00:00","31/12/1989 00:00:00","","","","","","","","","","","","","","","","","","","","",""
"Denmark","DK.NERI.AQ","","NET-DK004A","""Danish Air Quality Monitoring Programme""","UTC+01","DK0030A","1257","""Copenhagen/1257""","SPO-DK0030A_00004_100","SPM","12.553340","55.698330","5.000000","","urban","traffic","01/01/1987 00:00:00","31/12/1999 00:00:00","SPO_F-DK0030A_00004_100_100","3.0","","","","","","","","","","","0","","","","","","","","","","","","","","","SPP-DK_N_gravi_danishLMP-FP-SPM","01/01/1987 00:00:00","31/12/1999 00:00:00","active","","","","","other","","gravi","","","","","","","","","","","","",""
"Denmark","DK.NERI.AQ","","NET-DK004A","""Danish Air Quality Monitoring Programme""","UTC+01","DK0030A","1257","""Copenhagen/1257""","SPO-DK0030A_00004_100","SPM","12.553340","55.698330","5.000000","","urban","traffic","01/01/1987 00:00:00","31/12/1999 00:00:00","SPO_F-DK0030A_00004_100_100","3.0","","","","","","","","","","","0","","","","","","","","","","","","","","","SPP-Unknown","01/01/1987 00:00:00","31/12/1999 00:00:00","","","","","","","","","","","","","","","","","","","","",""
"Denmark","DK.NERI.AQ","","NET-DK004A","""Danish Air Quality Monitoring Programme""","UTC+01","DK0030A","1257","""Copenhagen/1257""","SPO-DK0030A_00004_110","SPM","12.553340","55.698330","5.000000","","urban","traffic","01/01/1987 00:00:00","31/12/1996 00:00:00","SPO_F-DK0030A_00004_110_110","0.0","","","","","","","","","","","0","","","","","","","","","","","","","","","SPP-DK_N_gravi_00063","01/01/1987 00:00:00","31/12/1996 00:00:00","active","","","","","other","","gravi","","","","","","","","","","","","",""
"Denmark","DK.NERI.AQ","","NET-DK004A","""Danish Air Quality Monitoring Programme""","UTC+01","DK0030A","1257","""Copenhagen/1257""","SPO-DK0030A_00004_110","SPM","12.553340","55.698330","5.000000","","urban","traffic","01/01/1987 00:00:00","31/12/1996 00:00:00","SPO_F-DK0030A_00004_110_110","0.0","","","","","","","","","","","0","","","","","","","","","","","","","","","SPP-Unknown","01/01/1987 00:00:00","31/12/1996 00:00:00","","","","","","","","","","","","","","","","","","","","",""
"Denmark","DK.NERI.AQ","","NET-DK004A","""Danish Air Quality Monitoring Programme""","UTC+01","DK0030A","1257","""Copenhagen/1257""","SPO-DK0030A_00005_100","PM10","12.553340","55.698330","5.000000","","urban","traffic","01/01/2001 00:00:00","31/12/2005 00:00:00","SPO_F-DK0030A_00005_100_100","3.0","","","","","","","","","","","0","","","","","","","","","","","","","","","SPP-DK_N_gravi_opsisSM200","01/01/2001 00:00:00","31/12/2005 00:00:00","active","","","","","other","","gravi","","","","","","","","","","","","",""
"Denmark","DK.NERI.AQ","","NET-DK004A","""Danish Air Quality Monitoring Programme""","UTC+01","DK0030A","1257","""Copenhagen/1257""","SPO-DK0030A_00005_100","PM10","12.553340","55.698330","5.000000","","urban","traffic","01/01/2001 00:00:00","31/12/2005 00:00:00","SPO_F-DK0030A_00005_100_100","3.0","","","","","","","","","","","0","","","","","","","","","","","","","","","SPP-Unknown","01/01/2001 00:00:00","31/12/2005 00:00:00","","","","","","","","","","","","","","","","","","","","",""
"Denmark","DK.NERI.AQ","","NET-DK004A","""Danish Air Quality Monitoring Programme""","UTC+01","DK0030A","1257","""Copenhagen/1257""","SPO-DK0030A_00005_102","PM10","12.553340","55.698330","5.000000","","urban","traffic","01/01/2004 00:00:00","01/01/2011 00:00:00","SPO_F-DK0030A_00005_102_102","3.0","","","","","","","","","","","0","","","","","","","","","","","","","","","SPP-DK_A_TEOM_TEOM1400A","01/01/2004 00:00:00","01/01/2011 00:00:00","automatic","TEOM","","TEOM1400A","","","","","","","","","","","","","","","","",""
"Denmark","DK.NERI.AQ","","NET-DK004A","""Danish Air Quality Monitoring Programme""","UTC+01","DK0030A","1257","""Copenhagen/1257""","SPO-DK0030A_00005_102","PM10","12.553340","55.698330","5.000000","","urban","traffic","01/01/2004 00:00:00","01/01/2011 00:00:00","SPO_F-DK0030A_00005_102_102","3.0","","","","","","","","","","","0","","","","","","","","","","","","","","","SPP-Unknown","01/01/2004 00:00:00","01/01/2011 00:00:00","","","","","","","","","","","","","","","","","","","","",""
"Denmark","DK.NERI.AQ","2025","NET-DK004A","""Danish Air Quality Monitoring Programme""","UTC+01","DK0030A","1257","""Copenhagen/1257""","SPO-DK0030A_00005_103","PM10","12.553340","55.698330","5.000000","","urban","traffic","01/01/2006 00:00:00","","SPO_F-DK0030A_00005_103_103","3.0","","","","","","","","","","","0","","","","","","","","","","","","","","","SPP-DK_A_BETA_01112","01/01/2006 00:00:00","","automatic","BETA","","other","","","","","","","","","","","","","","","","http://cdr.eionet.europa.eu/dk/eu/aqd/d/colarw97g/envarw_cw/REP_D-DK_NERI_20251124_D-001.xml","05/12/2025 14:00:17"
"Denmark","DK.NERI.AQ","2025","NET-DK004A","""Danish Air Quality Monitoring Programme""","UTC+01","DK0030A","1257","""Copenhagen/1257""","SPO-DK0030A_00005_103","PM10","12.553340","55.698330","5.000000","m","urban","traffic","01/01/2006 00:00:00","28/08/2012 00:00:00","SPO_F-DK0030A_00005_103_103","3.7","m","5.5","m","1.0","m","","","Long-range transboundary transport","","","0","","","","","Copenhagen","","","","","","","","","18000","SPP-DK_A_BETA_01112","01/01/2006 00:00:00","28/08/2012 00:00:00","automatic","BETA","","opsisSM200","","","","","","yes","http://envs2.au.dk/Metodedokumentation/SM200_PM10_comp_with_the_stand_method.pdf","","","","In preparation","1","day","1","hour","http://cdr.eionet.europa.eu/dk/eu/aqd/d/colarw97g/envarw_cw/REP_D-DK_NERI_20251124_D-001.xml","05/12/2025 14:00:17"
"Denmark","DK.NERI.AQ","2025","NET-DK004A","""Danish Air Quality Monitoring Programme""","UTC+01","DK0030A","1257","""Copenhagen/1257""","SPO-DK0030A_00005_103","PM10","12.553340","55.698330","5.000000","","urban","traffic","01/01/2006 00:00:00","","SPO_F-DK0030A_00005_103_104","3.0","","","","","","","","","","","0","","","","","","","","","","","","","","","SPP-DK_N_gravi_00107","01/01/2006 00:00:00","","active","","","","","other","","gravi","","","","","","","","","","","","http://cdr.eionet.europa.eu/dk/eu/aqd/d/colarw97g/envarw_cw/REP_D-DK_NERI_20251124_D-001.xml","05/12/2025 14:00:17"
"Denmark","DK.NERI.AQ","2025","NET-DK004A","""Danish Air Quality Monitoring Programme""","UTC+01","DK0030A","1257","""Copenhagen/1257""","SPO-DK0030A_00005_103","PM10","12.553340","55.698330","5.000000","","urban","traffic","01/01/2006 00:00:00","","SPO_F-DK0030A_00005_103_103","3.0","","","","","","","","","","","0","","","","","","","","","","","","","","","SPP-Unknown","01/01/2006 00:00:00","","","","","","","","","","","","","","","","","","","","","http://cdr.eionet.europa.eu/dk/eu/aqd/d/colarw97g/envarw_cw/REP_D-DK_NERI_20251124_D-001.xml","05/12/2025 14:00:17"
"Denmark","DK.NERI.AQ","2025","NET-DK004A","""Danish Air Quality Monitoring Programme""","UTC+01","DK0030A","1257","""Copenhagen/1257""","SPO-DK0030A_00005_103","PM10","12.553340","55.698330","5.000000","","urban","traffic","01/01/2006 00:00:00","","SPO_F-DK0030A_00005_103_104","3.0","","","","","","","","","","","0","","","","","","","","","","","","","","","SPP-Unknown","01/01/2006 00:00:00","","","","","","","","","","","","","","","","","","","","","http://cdr.eionet.europa.eu/dk/eu/aqd/d/colarw97g/envarw_cw/REP_D-DK_NERI_20251124_D-001.xml","05/12/2025 14:00:17"
"Denmark","DK.NERI.AQ","2025","NET-DK004A","""Danish Air Quality Monitoring Programme""","UTC+01","DK0030A","1257","""Copenhagen/1257""","SPO-DK0030A_00005_105","PM10","12.553340","55.698330","5.000000","","urban","traffic","01/01/2013 00:00:00","","SPO_F-DK0030A_00005_105_105","3.0","","","","","","","","","","","0","","","","","","","","","","","","","","","SPP-DK_N_gravi_00107","01/01/2013 00:00:00","","active","","","","","other","","gravi","","","","","","","","","","","","http://cdr.eionet.europa.eu/dk/eu/aqd/d/colarw97g/envarw_cw/REP_D-DK_NERI_20251124_D-001.xml","05/12/2025 14:00:17"
"Denmark","DK.NERI.AQ","2025","NET-DK004A","""Danish Air Quality Monitoring Programme""","UTC+01","DK0030A","1257","""Copenhagen/1257""","SPO-DK0030A_00005_105","PM10","12.553340","55.698330","5.000000","","urban","traffic","01/01/2013 00:00:00","","SPO_F-DK0030A_00005_105_105","3.0","","","","","","","","","","","0","","","","","","","","","","","","","","","SPP-DK_N_gravi_01788","01/01/2013 00:00:00","","active","","","","","","","gravi","","","","","","","","","","","","http://cdr.eionet.europa.eu/dk/eu/aqd/d/colarw97g/envarw_cw/REP_D-DK_NERI_20251124_D-001.xml","05/12/2025 14:00:17"
"Denmark","DK.NERI.AQ","2025","NET-DK004A","""Danish Air Quality Monitoring Programme""","UTC+01","DK0030A","1257","""Copenhagen/1257""","SPO-DK0030A_00005_105","PM10","12.553340","55.698330","5.000000","m","urban","traffic","01/01/2013 00:00:00","","SPO_F-DK0030A_00005_105_105","3.7","m","5.5","m","1.0","m","","","Long-range transboundary transport","","","0","","","","","Copenhagen","","","","","","","","","18000","SPP-DK_N_gravi_01788","01/01/2013 00:00:00","","active","","","","","","","gravi","","ref","","","","","In preparation","1","day","1","hour","http://cdr.eionet.europa.eu/dk/eu/aqd/d/colarw97g/envarw_cw/REP_D-DK_NERI_20251124_D-001.xml","05/12/2025 14:00:17"
"Denmark","DK.NERI.AQ","","NET-DK004A","""Danish Air Quality Monitoring Programme""","UTC+01","DK0030A","1257","""Copenhagen/1257""","SPO-DK0030A_00007_100","O3","12.553340","55.698330","5.000000","","urban","traffic","01/01/1998 00:00:00","15/01/2011 00:00:00","SPO_F-DK0030A_00007_100_100","2.0","","","","","","","","","","","0","","","","","","","","","","","","","","","SPP-DK_A_UV-P_API400A","01/01/1998 00:00:00","15/01/2011 00:00:00","automatic","UV-P","","API400A","","","","","","","","","","","","","","","","",""
"Denmark","DK.NERI.AQ","","NET-DK004A","""Danish Air Quality Monitoring Programme""","UTC+01","DK0030A","1257","""Copenhagen/1257""","SPO-DK0030A_00007_100","O3","12.553340","55.698330","5.000000","","urban","traffic","01/01/1998 00:00:00","15/01/2011 00:00:00","SPO_F-DK0030A_00007_100_100","2.0","","","","","","","","","","","0","","","","","","","","","","","","","","","SPP-Unknown","01/01/1998 00:00:00","15/01/2011 00:00:00","","","","","","","","","","","","","","","","","","","","",""
"Denmark","DK.NERI.AQ","","NET-DK004A","""Danish Air Quality Monitoring Programme""","UTC+01","DK0030A","1257","""Copenhagen/1257""","SPO-DK0030A_00008_100","NO2","12.553340","55.698330","5.000000","","urban","traffic","01/01/1987 00:00:00","31/08/1996 00:00:00","SPO_F-DK0030A_00008_100_100","0.0","","","","","","","","","","","0","","","","","","","","","","","","","","","SPP-DK_A_chemi_11000","01/01/1987 00:00:00","31/08/1996 00:00:00","automatic","chemi","","other","","","","","","","","","","","","","","","","",""
"Denmark","DK.NERI.AQ","","NET-DK004A","""Danish Air Quality Monitoring Programme""","UTC+01","DK0030A","1257","""Copenhagen/1257""","SPO-DK0030A_00008_100","NO2","12.553340","55.698330","5.000000","","urban","traffic","01/01/1987 00:00:00","31/08/1996 00:00:00","SPO_F-DK0030A_00008_100_100","0.0","","","","","","","","","","","0","","","","","","","","","","","","","","","SPP-Unknown","01/01/1987 00:00:00","31/08/1996 00:00:00","","","","","","","","","","","","","","","","","","","","",""
"Denmark","DK.NERI.AQ","2025","NET-DK004A","""Danish Air Quality Monitoring Programme""","UTC+01","DK0030A","1257","""Copenhagen/1257""","SPO-DK0030A_00008_110","NO2","12.553340","55.698330","5.000000","","urban","traffic","01/01/1990 00:00:00","","SPO_F-DK0030A_00008_110_110","3.0","","","","","","","","","","","0","","","","","","","","","","","","","","","SPP-DK_A_chemi_API","01/01/1990 00:00:00","","automatic","chemi","","","","","","","","","","","","","","","","","","http://cdr.eionet.europa.eu/dk/eu/aqd/d/colarw97g/envarw_cw/REP_D-DK_NERI_20251124_D-001.xml","05/12/2025 14:00:17"
"Denmark","DK.NERI.AQ","2025","NET-DK004A","""Danish Air Quality Monitoring Programme""","UTC+01","DK0030A","1257","""Copenhagen/1257""","SPO-DK0030A_00008_110","NO2","12.553340","55.698330","5.000000","","urban","traffic","01/01/1990 00:00:00","","SPO_F-DK0030A_00008_110_110","3.0","","","","","","","","","","","0","","","","","","","","","","","","","","","SPP-DK_A_chemi_API","01/01/1990 00:00:00","","automatic","chemi","","API","","","","","","","","","","","","","","","","http://cdr.eionet.europa.eu/dk/eu/aqd/d/colarw97g/envarw_cw/REP_D-DK_NERI_20251124_D-001.xml","05/12/2025 14:00:17"
"Denmark","DK.NERI.AQ","2025","NET-DK004A","""Danish Air Quality Monitoring Programme""","UTC+01","DK0030A","1257","""Copenhagen/1257""","SPO-DK0030A_00008_110","NO2","12.553340","55.698330","5.000000","m","urban","traffic","01/01/1990 00:00:00","","SPO_F-DK0030A_00008_110_110","3.7","m","5.5","m","1.0","m","","","Transport","","","0","","","","","Copenhagen","","","","","","","","","18000","SPP-DK_A_chemi_API","01/01/1990 00:00:00","","automatic","chemi","","API200","","","","","","ref","","","","","In preparation","1","hour","1","second","http://cdr.eionet.europa.eu/dk/eu/aqd/d/colarw97g/envarw_cw/REP_D-DK_NERI_20251124_D-001.xml","05/12/2025 14:00:17"
"Denmark","DK.NERI.AQ","2025","NET-DK004A","""Danish Air Quality Monitoring Programme""","UTC+01","DK0030A","1257","""Copenhagen/1257""","SPO-DK0030A_00009_100","NOX as NO2","12.553340","55.698330","5.000000","","urban","traffic","01/01/1987 00:00:00","","SPO_F-DK0030A_00009_100_100","3.0","","","","","","","","","","","0","","","","","","","","","","","","","","","SPP-DK_A_chemi_API","01/01/1987 00:00:00","","automatic","chemi","","API","","","","","","","","","","","","","","","","http://cdr.eionet.europa.eu/dk/eu/aqd/d/colarw97g/envarw_cw/REP_D-DK_NERI_20251124_D-001.xml","05/12/2025 14:00:17"
"Denmark","DK.NERI.AQ","2025","NET-DK004A","""Danish Air Quality Monitoring Programme""","UTC+01","DK0030A","1257","""Copenhagen/1257""","SPO-DK0030A_00009_100","NOX as NO2","12.553340","55.698330","5.000000","m","urban","traffic","01/01/1987 00:00:00","","SPO_F-DK0030A_00009_100_100","3.7","m","5.5","m","1.0","m","","","Transport","","","0","","","","","Copenhagen","","","","","","","","","18000","SPP-DK_A_chemi_API","01/01/1987 00:00:00","","automatic","chemi","","API200","","","","","","ref","","","","","In preparation","1","hour","1","second","http://cdr.eionet.europa.eu/dk/eu/aqd/d/colarw97g/envarw_cw/REP_D-DK_NERI_20251124_D-001.xml","05/12/2025 14:00:17"
"Denmark","DK.NERI.AQ","2025","NET-DK004A","""Danish Air Quality Monitoring Programme""","UTC+01","DK0030A","1257","""Copenhagen/1257""","SPO-DK0030A_00009_100","NOX as NO2","12.553340","55.698330","5.000000","","urban","traffic","01/01/1987 00:00:00","","SPO_F-DK0030A_00009_100_100","3.0","","","","","","","","","","","0","","","","","","","","","","","","","","","SPP-DK_A_chemi_API","01/01/1987 00:00:00","","automatic","chemi","","","","","","","","","","","","","","","","","","http://cdr.eionet.europa.eu/dk/eu/aqd/d/colarw97g/envarw_cw/REP_D-DK_NERI_20251124_D-001.xml","05/12/2025 14:00:17"
"Denmark","DK.NERI.AQ","","NET-DK004A","""Danish Air Quality Monitoring Programme""","UTC+01","DK0030A","1257","""Copenhagen/1257""","SPO-DK0030A_00010_100","CO","12.553340","55.698330","5.000000","","urban","traffic","01/01/1994 00:00:00","01/01/2010 00:00:00","SPO_F-DK0030A_00010_100_100","3.0","","","","","","","","","","","0","","","","","","","","","","","","","","","SPP-DK_A_NDIR_07056","01/01/1994 00:00:00","01/01/2010 00:00:00","automatic","NDIR","","other","","","","","","","","","","","","","","","","",""
"Denmark","DK.NERI.AQ","","NET-DK004A","""Danish Air Quality Monitoring Programme""","UTC+01","DK0030A","1257","""Copenhagen/1257""","SPO-DK0030A_00010_100","CO","12.553340","55.698330","5.000000","","urban","traffic","01/01/1994 00:00:00","01/01/2010 00:00:00","SPO_F-DK0030A_00010_100_100","3.0","","","","","","","","","","","0","","","","","","","","","","","","","","","SPP-Unknown","01/01/1994 00:00:00","01/01/2010 00:00:00","","","","","","","","","","","","","","","","","","","","",""
"Denmark","DK.NERI.AQ","","NET-DK004A","""Danish Air Quality Monitoring Programme""","UTC+01","DK0030A","1257","""Copenhagen/1257""","SPO-DK0030A_00012_100","Pb","12.553340","55.698330","5.000000","","urban","traffic","01/01/1987 00:00:00","31/12/2000 00:00:00","SPO_F-DK0030A_00012_100_100","3.0","","","","","","","","","","","0","","","","","","","","","","","","","","","SPP-DK_N_00528_danishLMP-FP-ELEM","01/01/1987 00:00:00","31/12/2000 00:00:00","active","","","","","other","","other","","","","","","","","","","","","",""
"Denmark","DK.NERI.AQ","","NET-DK004A","""Danish Air Quality Monitoring Programme""","UTC+01","DK0030A","1257","""Copenhagen/1257""","SPO-DK0030A_00012_100","Pb","12.553340","55.698330","5.000000","","urban","traffic","01/01/1987 00:00:00","31/12/2000 00:00:00","SPO_F-DK0030A_00012_100_100","3.0","","","","","","","","","","","0","","","","","","","","","","","","","","","SPP-Unknown","01/01/1987 00:00:00","31/12/2000 00:00:00","","","","","","","","","","","","","","","","","","","","",""
"Denmark","DK.NERI.AQ","","NET-DK004A","""Danish Air Quality Monitoring Programme""","UTC+01","DK0030A","1257","""Copenhagen/1257""","SPO-DK0030A_00012_101","Pb","12.553340","55.698330","5.000000","","urban","traffic","01/01/2001 00:00:00","01/01/2010 00:00:00","SPO_F-DK0030A_00012_101_101","3.0","","","","","","","","","","","0","","","","","","","","","","","","","","","SPP-DK_N_00528_opsisSM200","01/01/2001 00:00:00","01/01/2010 00:00:00","active","","","","","other","","other","","","","","","","","","","","","",""
"Denmark","DK.NERI.AQ","","NET-DK004A","""Danish Air Quality Monitoring Programme""","UTC+01","DK0030A","1257","""Copenhagen/1257""","SPO-DK0030A_00012_101","Pb","12.553340","55.698330","5.000000","","urban","traffic","01/01/2001 00:00:00","01/01/2010 00:00:00","SPO_F-DK0030A_00012_101_101","3.0","","","","","","","","","","","0","","","","","","","","","","","","","","","SPP-Unknown","01/01/2001 00:00:00","01/01/2010 00:00:00","","","","","","","","","","","","","","","","","","","","",""
"Denmark","DK.NERI.AQ","","NET-DK004A","""Danish Air Quality Monitoring Programme""","UTC+01","DK0030A","1257","""Copenhagen/1257""","SPO-DK0030A_00012_110","Pb","12.553340","55.698330","5.000000","","urban","traffic","01/01/1987 00:00:00","31/12/1996 00:00:00","SPO_F-DK0030A_00012_110_110","0.0","","","","","","","","","","","0","","","","","","","","","","","","","","","SPP-DK_N_00000_00063","01/01/1987 00:00:00","31/12/1996 00:00:00","active","","","","","other","","other","","","","","","","","","","","","",""
"Denmark","DK.NERI.AQ","","NET-DK004A","""Danish Air Quality Monitoring Programme""","UTC+01","DK0030A","1257","""Copenhagen/1257""","SPO-DK0030A_00012_110","Pb","12.553340","55.698330","5.000000","","urban","traffic","01/01/1987 00:00:00","31/12/1996 00:00:00","SPO_F-DK0030A_00012_110_110","0.0","","","","","","","","","","","0","","","","","","","","","","","","","","","SPP-Unknown","01/01/1987 00:00:00","31/12/1996 00:00:00","","","","","","","","","","","","","","","","","","","","",""
"Denmark","DK.NERI.AQ","","NET-DK004A","""Danish Air Quality Monitoring Programme""","UTC+01","DK0030A","1257","""Copenhagen/1257""","SPO-DK0030A_00014_100","Cd","12.553340","55.698330","5.000000","","urban","traffic","01/01/1987 00:00:00","31/12/2000 00:00:00","SPO_F-DK0030A_00014_100_100","3.0","","","","","","","","","","","0","","","","","","","","","","","","","","","SPP-DK_N_00528_danishLMP-FP-ELEM","01/01/1987 00:00:00","31/12/2000 00:00:00","active","","","","","other","","other","","","","","","","","","","","","",""
"Denmark","DK.NERI.AQ","","NET-DK004A","""Danish Air Quality Monitoring Programme""","UTC+01","DK0030A","1257","""Copenhagen/1257""","SPO-DK0030A_00014_100","Cd","12.553340","55.698330","5.000000","","urban","traffic","01/01/1987 00:00:00","31/12/2000 00:00:00","SPO_F-DK0030A_00014_100_100","3.0","","","","","","","","","","","0","","","","","","","","","","","","","","","SPP-Unknown","01/01/1987 00:00:00","31/12/2000 00:00:00","","","","","","","","","","","","","","","","","","","","",""
"Denmark","DK.NERI.AQ","","NET-DK004A","""Danish Air Quality Monitoring Programme""","UTC+01","DK0030A","1257","""Copenhagen/1257""","SPO-DK0030A_00014_101","Cd","12.553340","55.698330","5.000000","","urban","traffic","01/01/2001 00:00:00","01/01/2010 00:00:00","SPO_F-DK0030A_00014_101_101","3.0","","","","","","","","","","","0","","","","","","","","","","","","","","","SPP-DK_N_00528_opsisSM200","01/01/2001 00:00:00","01/01/2010 00:00:00","active","","","","","other","","other","","","","","","","","","","","","",""
"Denmark","DK.NERI.AQ","","NET-DK004A","""Danish Air Quality Monitoring Programme""","UTC+01","DK0030A","1257","""Copenhagen/1257""","SPO-DK0030A_00014_101","Cd","12.553340","55.698330","5.000000","","urban","traffic","01/01/2001 00:00:00","01/01/2010 00:00:00","SPO_F-DK0030A_00014_101_101","3.0","","","","","","","","","","","0","","","","","","","","","","","","","","","SPP-Unknown","01/01/2001 00:00:00","01/01/2010 00:00:00","","","","","","","","","","","","","","","","","","","","",""
"Denmark","DK.NERI.AQ","","NET-DK004A","""Danish Air Quality Monitoring Programme""","UTC+01","DK0030A","1257","""Copenhagen/1257""","SPO-DK0030A_00014_110","Cd","12.553340","55.698330","5.000000","","urban","traffic","01/01/1987 00:00:00","31/12/1996 00:00:00","SPO_F-DK0030A_00014_110_110","0.0","","","","","","","","","","","0","","","","","","","","","","","","","","","SPP-DK_N_00000_00063","01/01/1987 00:00:00","31/12/1996 00:00:00","active","","","","","other","","other","","","","","","","","","","","","",""
"Denmark","DK.NERI.AQ","","NET-DK004A","""Danish Air Quality Monitoring Programme""","UTC+01","DK0030A","1257","""Copenhagen/1257""","SPO-DK0030A_00014_110","Cd","12.553340","55.698330","5.000000","","urban","traffic","01/01/1987 00:00:00","31/12/1996 00:00:00","SPO_F-DK0030A_00014_110_110","0.0","","","","","","","","","","","0","","","","","","","","","","","","","","","SPP-Unknown","01/01/1987 00:00:00","31/12/1996 00:00:00","","","","","","","","","","","","","","","","","","","","",""
"Denmark","DK.NERI.AQ","","NET-DK004A","""Danish Air Quality Monitoring Programme""","UTC+01","DK0030A","1257","""Copenhagen/1257""","SPO-DK0030A_00015_100","Ni","12.553340","55.698330","5.000000","","urban","traffic","01/01/1987 00:00:00","31/12/2000 00:00:00","SPO_F-DK0030A_00015_100_100","3.0","","","","","","","","","","","0","","","","","","","","","","","","","","","SPP-DK_N_00528_danishLMP-FP-ELEM","01/01/1987 00:00:00","31/12/2000 00:00:00","active","","","","","other","","other","","","","","","","","","","","","",""
"Denmark","DK.NERI.AQ","","NET-DK004A","""Danish Air Quality Monitoring Programme""","UTC+01","DK0030A","1257","""Copenhagen/1257""","SPO-DK0030A_00015_100","Ni","12.553340","55.698330","5.000000","","urban","traffic","01/01/1987 00:00:00","31/12/2000 00:00:00","SPO_F-DK0030A_00015_100_100","3.0","","","","","","","","","","","0","","","","","","","","","","","","","","","SPP-Unknown","01/01/1987 00:00:00","31/12/2000 00:00:00","","","","","","","","","","","","","","","","","","","","",""
"Denmark","DK.NERI.AQ","","NET-DK004A","""Danish Air Quality Monitoring Programme""","UTC+01","DK0030A","1257","""Copenhagen/1257""","SPO-DK0030A_00015_101","Ni","12.553340","55.698330","5.000000","","urban","traffic","01/01/2001 00:00:00","01/01/2010 00:00:00","SPO_F-DK0030A_00015_101_101","3.0","","","","","","","","","","","0","","","","","","","","","","","","","","","SPP-DK_N_00528_opsisSM200","01/01/2001 00:00:00","01/01/2010 00:00:00","active","","","","","other","","other","","","","","","","","","","","","",""
"Denmark","DK.NERI.AQ","","NET-DK004A","""Danish Air Quality Monitoring Programme""","UTC+01","DK0030A","1257","""Copenhagen/1257""","SPO-DK0030A_00015_101","Ni","12.553340","55.698330","5.000000","","urban","traffic","01/01/2001 00:00:00","01/01/2010 00:00:00","SPO_F-DK0030A_00015_101_101","3.0","","","","","","","","","","","0","","","","","","","","","","","","","","","SPP-Unknown","01/01/2001 00:00:00","01/01/2010 00:00:00","","","","","","","","","","","","","","","","","","","","",""
"Denmark","DK.NERI.AQ","","NET-DK004A","""Danish Air Quality Monitoring Programme""","UTC+01","DK0030A","1257","""Copenhagen/1257""","SPO-DK0030A_00016_100","Cr","12.553340","55.698330","5.000000","","urban","traffic","01/01/1987 00:00:00","31/12/2000 00:00:00","SPO_F-DK0030A_00016_100_100","3.0","","","","","","","","","","","0","","","","","","","","","","","","","","","SPP-DK_N_00528_danishLMP-FP-ELEM","01/01/1987 00:00:00","31/12/2000 00:00:00","active","","","","","other","","other","","","","","","","","","","","","",""
"Denmark","DK.NERI.AQ","","NET-DK004A","""Danish Air Quality Monitoring Programme""","UTC+01","DK0030A","1257","""Copenhagen/1257""","SPO-DK0030A_00016_100","Cr","12.553340","55.698330","5.000000","","urban","traffic","01/01/1987 00:00:00","31/12/2000 00:00:00","SPO_F-DK0030A_00016_100_100","3.0","","","","","","","","","","","0","","","","","","","","","","","","","","","SPP-Unknown","01/01/1987 00:00:00","31/12/2000 00:00:00","","","","","","","","","","","","","","","","","","","","",""
"Denmark","DK.NERI.AQ","","NET-DK004A","""Danish Air Quality Monitoring Programme""","UTC+01","DK0030A","1257","""Copenhagen/1257""","SPO-DK0030A_00016_101","Cr","12.553340","55.698330","5.000000","","urban","traffic","01/01/2001 00:00:00","01/01/2010 00:00:00","SPO_F-DK0030A_00016_101_101","3.0","","","","","","","","","","","0","","","","","","","","","","","","","","","SPP-DK_N_00528_opsisSM200","01/01/2001 00:00:00","01/01/2010 00:00:00","active","","","","","other","","other","","","","","","","","","","","","",""
"Denmark","DK.NERI.AQ","","NET-DK004A","""Danish Air Quality Monitoring Programme""","UTC+01","DK0030A","1257","""Copenhagen/1257""","SPO-DK0030A_00016_101","Cr","12.553340","55.698330","5.000000","","urban","traffic","01/01/2001 00:00:00","01/01/2010 00:00:00","SPO_F-DK0030A_00016_101_101","3.0","","","","","","","","","","","0","","","","","","","","","","","","","","","SPP-Unknown","01/01/2001 00:00:00","01/01/2010 00:00:00","","","","","","","","","","","","","","","","","","","","",""
"Denmark","DK.NERI.AQ","","NET-DK004A","""Danish Air Quality Monitoring Programme""","UTC+01","DK0030A","1257","""Copenhagen/1257""","SPO-DK0030A_00017_100","Mn","12.553340","55.698330","5.000000","","urban","traffic","01/01/1987 00:00:00","31/12/2000 00:00:00","SPO_F-DK0030A_00017_100_100","3.0","","","","","","","","","","","0","","","","","","","","","","","","","","","SPP-DK_N_00528_danishLMP-FP-ELEM","01/01/1987 00:00:00","31/12/2000 00:00:00","active","","","","","other","","other","","","","","","","","","","","","",""
"Denmark","DK.NERI.AQ","","NET-DK004A","""Danish Air Quality Monitoring Programme""","UTC+01","DK0030A","1257","""Copenhagen/1257""","SPO-DK0030A_00017_100","Mn","12.553340","55.698330","5.000000","","urban","traffic","01/01/1987 00:00:00","31/12/2000 00:00:00","SPO_F-DK0030A_00017_100_100","3.0","","","","","","","","","","","0","","","","","","","","","","","","","","","SPP-Unknown","01/01/1987 00:00:00","31/12/2000 00:00:00","","","","","","","","","","","","","","","","","","","","",""
"Denmark","DK.NERI.AQ","","NET-DK004A","""Danish Air Quality Monitoring Programme""","UTC+01","DK0030A","1257","""Copenhagen/1257""","SPO-DK0030A_00017_101","Mn","12.553340","55.698330","5.000000","","urban","traffic","01/01/2001 00:00:00","01/01/2010 00:00:00","SPO_F-DK0030A_00017_101_101","3.0","","","","","","","","","","","0","","","","","","","","","","","","","","","SPP-DK_N_00528_opsisSM200","01/01/2001 00:00:00","01/01/2010 00:00:00","active","","","","","other","","other","","","","","","","","","","","","",""
"Denmark","DK.NERI.AQ","","NET-DK004A","""Danish Air Quality Monitoring Programme""","UTC+01","DK0030A","1257","""Copenhagen/1257""","SPO-DK0030A_00017_101","Mn","12.553340","55.698330","5.000000","","urban","traffic","01/01/2001 00:00:00","01/01/2010 00:00:00","SPO_F-DK0030A_00017_101_101","3.0","","","","","","","","","","","0","","","","","","","","","","","","","","","SPP-Unknown","01/01/2001 00:00:00","01/01/2010 00:00:00","","","","","","","","","","","","","","","","","","","","",""
"Denmark","DK.NERI.AQ","","NET-DK004A","""Danish Air Quality Monitoring Programme""","UTC+01","DK0030A","1257","""Copenhagen/1257""","SPO-DK0030A_00018_100","As","12.553340","55.698330","5.000000","","urban","traffic","01/01/1987 00:00:00","31/12/2000 00:00:00","SPO_F-DK0030A_00018_100_100","3.0","","","","","","","","","","","0","","","","","","","","","","","","","","","SPP-DK_N_00528_danishLMP-FP-ELEM","01/01/1987 00:00:00","31/12/2000 00:00:00","active","","","","","other","","other","","","","","","","","","","","","",""
"Denmark","DK.NERI.AQ","","NET-DK004A","""Danish Air Quality Monitoring Programme""","UTC+01","DK0030A","1257","""Copenhagen/1257""","SPO-DK0030A_00018_100","As","12.553340","55.698330","5.000000","","urban","traffic","01/01/1987 00:00:00","31/12/2000 00:00:00","SPO_F-DK0030A_00018_100_100","3.0","","","","","","","","","","","0","","","","","","","","","","","","","","","SPP-Unknown","01/01/1987 00:00:00","31/12/2000 00:00:00","","","","","","","","","","","","","","","","","","","","",""
"Denmark","DK.NERI.AQ","","NET-DK004A","""Danish Air Quality Monitoring Programme""","UTC+01","DK0030A","1257","""Copenhagen/1257""","SPO-DK0030A_00018_101","As","12.553340","55.698330","5.000000","","urban","traffic","01/01/2001 00:00:00","01/01/2010 00:00:00","SPO_F-DK0030A_00018_101_101","3.0","","","","","","","","","","","0","","","","","","","","","","","","","","","SPP-DK_N_00528_opsisSM200","01/01/2001 00:00:00","01/01/2010 00:00:00","active","","","","","other","","other","","","","","","","","","","","","",""
"Denmark","DK.NERI.AQ","","NET-DK004A","""Danish Air Quality Monitoring Programme""","UTC+01","DK0030A","1257","""Copenhagen/1257""","SPO-DK0030A_00018_101","As","12.553340","55.698330","5.000000","","urban","traffic","01/01/2001 00:00:00","01/01/2010 00:00:00","SPO_F-DK0030A_00018_101_101","3.0","","","","","","","","","","","0","","","","","","","","","","","","","","","SPP-Unknown","01/01/2001 00:00:00","01/01/2010 00:00:00","","","","","","","","","","","","","","","","","","","","",""
"Denmark","DK.NERI.AQ","2025","NET-DK004A","""Danish Air Quality Monitoring Programme""","UTC+01","DK0030A","1257","""Copenhagen/1257""","SPO-DK0030A_00020_100","C6H6","12.553340","55.698330","5.000000","","urban","traffic","01/01/2002 00:00:00","","SPO_F-DK0030A_00020_100_100","4.0","","","","","","","","","","","0","","","","","","","","","","","","","","","SPP-DK_A_00506_50603","01/01/2002 00:00:00","","automatic","other","","other","","","","","","","","","","","","","","","","http://cdr.eionet.europa.eu/dk/eu/aqd/d/colarw97g/envarw_cw/REP_D-DK_NERI_20251124_D-001.xml","05/12/2025 14:00:17"
"Denmark","DK.NERI.AQ","2025","NET-DK004A","""Danish Air Quality Monitoring Programme""","UTC+01","DK0030A","1257","""Copenhagen/1257""","SPO-DK0030A_00020_100","C6H6","12.553340","55.698330","5.000000","m","urban","traffic","01/01/2002 00:00:00","01/01/2014 00:00:00","SPO_F-DK0030A_00020_100_100","3.7","m","5.5","m","1.0","m","","","Transport","","","0","","","","","Copenhagen","","","","","","","","","18000","SPP-DK_A_5060350603","01/01/2002 00:00:00","01/01/2014 00:00:00","automatic","GC-FID","","airmoVOC_BTX","","","","","","no","","","","","In preparation","0","variable","30","minute","http://cdr.eionet.europa.eu/dk/eu/aqd/d/colarw97g/envarw_cw/REP_D-DK_NERI_20251124_D-001.xml","05/12/2025 14:00:17"
"Denmark","DK.NERI.AQ","2025","NET-DK004A","""Danish Air Quality Monitoring Programme""","UTC+01","DK0030A","1257","""Copenhagen/1257""","SPO-DK0030A_00020_100","C6H6","12.553340","55.698330","5.000000","","urban","traffic","01/01/2002 00:00:00","","SPO_F-DK0030A_00020_100_100","4.0","","","","","","","","","","","0","","","","","","","","","","","","","","","SPP-DK_A_5060350603","01/01/2002 00:00:00","","automatic","other","","","","","","","","","","","","","","","","","","http://cdr.eionet.europa.eu/dk/eu/aqd/d/colarw97g/envarw_cw/REP_D-DK_NERI_20251124_D-001.xml","05/12/2025 14:00:17"
"Denmark","DK.NERI.AQ","2025","NET-DK004A","""Danish Air Quality Monitoring Programme""","UTC+01","DK0030A","1257","""Copenhagen/1257""","SPO-DK0030A_00020_101","C6H6","12.553340","55.698330","5.000000","","urban","traffic","01/07/2008 00:00:00","","SPO_F-DK0030A_00020_101_101","4.0","","","","","","","","","","","0","","","","","","","","","","","","","","","SPP-DK_N_GC-MS_00000","01/07/2008 00:00:00","","active","","","","","other","","GC-MS","","","","","","","","","","","","http://cdr.eionet.europa.eu/dk/eu/aqd/d/colarw97g/envarw_cw/REP_D-DK_NERI_20251124_D-001.xml","05/12/2025 14:00:17"
"Denmark","DK.NERI.AQ","2025","NET-DK004A","""Danish Air Quality Monitoring Programme""","UTC+01","DK0030A","1257","""Copenhagen/1257""","SPO-DK0030A_00020_101","C6H6","12.553340","55.698330","5.000000","","urban","traffic","01/07/2008 00:00:00","","SPO_F-DK0030A_00020_101_101","4.0","","","","","","","","","","","0","","","","","","","","","","","","","","","SPP-DK_N_GC-MS_01969","01/07/2008 00:00:00","","active","","","","","","","GC-MS","","","","","","","","","","","","http://cdr.eionet.europa.eu/dk/eu/aqd/d/colarw97g/envarw_cw/REP_D-DK_NERI_20251124_D-001.xml","05/12/2025 14:00:17"
"Denmark","DK.NERI.AQ","2025","NET-DK004A","""Danish Air Quality Monitoring Programme""","UTC+01","DK0030A","1257","""Copenhagen/1257""","SPO-DK0030A_00020_101","C6H6","12.553340","55.698330","5.000000","m","urban","traffic","01/07/2008 00:00:00","","SPO_F-DK0030A_00020_101_101","3.7","m","5.5","m","1.0","m","","","Transport","","","0","","","","","Copenhagen","","","","","","","","","18000","SPP-DK_N_GC-MS_01969","01/07/2008 00:00:00","","active","","","","","LVSauto2.3","","GC-MS","","ref","","","","","In preparation","5","day","5","day","http://cdr.eionet.europa.eu/dk/eu/aqd/d/colarw97g/envarw_cw/REP_D-DK_NERI_20251124_D-001.xml","05/12/2025 14:00:17"
"Denmark","DK.NERI.AQ","2025","NET-DK004A","""Danish Air Quality Monitoring Programme""","UTC+01","DK0030A","1257","""Copenhagen/1257""","SPO-DK0030A_00021_100","C6H5-CH3","12.553340","55.698330","5.000000","","urban","traffic","01/01/2002 00:00:00","","SPO_F-DK0030A_00021_100_100","4.0","","","","","","","","","","","0","","","","","","","","","","","","","","","SPP-DK_A_00506_11000","01/01/2002 00:00:00","","automatic","other","","other","","","","","","","","","","","","","","","","http://cdr.eionet.europa.eu/dk/eu/aqd/d/colarw97g/envarw_cw/REP_D-DK_NERI_20251124_D-001.xml","05/12/2025 14:00:17"
"Denmark","DK.NERI.AQ","2025","NET-DK004A","""Danish Air Quality Monitoring Programme""","UTC+01","DK0030A","1257","""Copenhagen/1257""","SPO-DK0030A_00021_100","C6H5-CH3","12.553340","55.698330","5.000000","m","urban","traffic","01/01/2002 00:00:00","01/01/2014 00:00:00","SPO_F-DK0030A_00021_100_100","3.7","m","5.5","m","1.0","m","","","Fugitive Emissions from Fuels","","","0","","","","","Copenhagen","","","","","","","","","18000","SPP-DK_A_5060050600","01/01/2002 00:00:00","01/01/2014 00:00:00","automatic","GC-FID","","airmoVOC_BTX","","","","","","no","","","","","In preparation","0","variable","30","minute","http://cdr.eionet.europa.eu/dk/eu/aqd/d/colarw97g/envarw_cw/REP_D-DK_NERI_20251124_D-001.xml","05/12/2025 14:00:17"
"Denmark","DK.NERI.AQ","2025","NET-DK004A","""Danish Air Quality Monitoring Programme""","UTC+01","DK0030A","1257","""Copenhagen/1257""","SPO-DK0030A_00021_100","C6H5-CH3","12.553340","55.698330","5.000000","","urban","traffic","01/01/2002 00:00:00","","SPO_F-DK0030A_00021_100_100","4.0","","","","","","","","","","","0","","","","","","","","","","","","","","","SPP-DK_A_5060050600","01/01/2002 00:00:00","","automatic","other","","","","","","","","","","","","","","","","","","http://cdr.eionet.europa.eu/dk/eu/aqd/d/colarw97g/envarw_cw/REP_D-DK_NERI_20251124_D-001.xml","05/12/2025 14:00:17"
"Denmark","DK.NERI.AQ","2025","NET-DK004A","""Danish Air Quality Monitoring Programme""","UTC+01","DK0030A","1257","""Copenhagen/1257""","SPO-DK0030A_00021_102","C6H5-CH3","12.553340","55.698330","5.000000","","urban","traffic","01/07/2008 00:00:00","","SPO_F-DK0030A_00021_102_102","4.0","","","","","","","","","","","0","","","","","","","","","","","","","","","SPP-DK_N_GC-MS_00000","01/07/2008 00:00:00","","active","","","","","other","","GC-MS","","","","","","","","","","","","http://cdr.eionet.europa.eu/dk/eu/aqd/d/colarw97g/envarw_cw/REP_D-DK_NERI_20251124_D-001.xml","05/12/2025 14:00:17"
"Denmark","DK.NERI.AQ","2025","NET-DK004A","""Danish Air Quality Monitoring Programme""","UTC+01","DK0030A","1257","""Copenhagen/1257""","SPO-DK0030A_00021_102","C6H5-CH3","12.553340","55.698330","5.000000","","urban","traffic","01/07/2008 00:00:00","","SPO_F-DK0030A_00021_102_102","4.0","","","","","","","","","","","0","","","","","","","","","","","","","","","SPP-DK_N_GC-MS_01969","01/07/2008 00:00:00","","active","","","","","","","GC-MS","","","","","","","","","","","","http://cdr.eionet.europa.eu/dk/eu/aqd/d/colarw97g/envarw_cw/REP_D-DK_NERI_20251124_D-001.xml","05/12/2025 14:00:17"
"Denmark","DK.NERI.AQ","2025","NET-DK004A","""Danish Air Quality Monitoring Programme""","UTC+01","DK0030A","1257","""Copenhagen/1257""","SPO-DK0030A_00021_102","C6H5-CH3","12.553340","55.698330","5.000000","m","urban","traffic","01/07/2008 00:00:00","","SPO_F-DK0030A_00021_102_102","3.7","m","5.5","m","1.0","m","","","Fugitive Emissions from Fuels","","","0","","","","","Copenhagen","","","","","","","","","18000","SPP-DK_N_GC-MS_01969","01/07/2008 00:00:00","","active","","","","","LVSauto2.3","","GC-MS","","ref","","","","","In preparation","5","day","5","day","http://cdr.eionet.europa.eu/dk/eu/aqd/d/colarw97g/envarw_cw/REP_D-DK_NERI_20251124_D-001.xml","05/12/2025 14:00:17"
"Denmark","DK.NERI.AQ","","NET-DK004A","""Danish Air Quality Monitoring Programme""","UTC+01","DK0030A","1257","""Copenhagen/1257""","SPO-DK0030A_00038_100","NO","12.553340","55.698330","5.000000","","urban","traffic","01/01/1987 00:00:00","31/08/1996 00:00:00","SPO_F-DK0030A_00038_100_100","0.0","","","","","","","","","","","0","","","","","","","","","","","","","","","SPP-DK_A_chemi_11000","01/01/1987 00:00:00","31/08/1996 00:00:00","automatic","chemi","","other","","","","","","","","","","","","","","","","",""
"Denmark","DK.NERI.AQ","","NET-DK004A","""Danish Air Quality Monitoring Programme""","UTC+01","DK0030A","1257","""Copenhagen/1257""","SPO-DK0030A_00038_100","NO","12.553340","55.698330","5.000000","","urban","traffic","01/01/1987 00:00:00","31/08/1996 00:00:00","SPO_F-DK0030A_00038_100_100","0.0","","","","","","","","","","","0","","","","","","","","","","","","","","","SPP-Unknown","01/01/1987 00:00:00","31/08/1996 00:00:00","","","","","","","","","","","","","","","","","","","","",""
"Denmark","DK.NERI.AQ","2025","NET-DK004A","""Danish Air Quality Monitoring Programme""","UTC+01","DK0030A","1257","""Copenhagen/1257""","SPO-DK0030A_00038_110","NO","12.553340","55.698330","5.000000","","urban","traffic","01/01/1987 00:00:00","","SPO_F-DK0030A_00038_110_110","3.0","","","","","","","","","","","0","","","","","","","","","","","","","","","SPP-DK_A_chemi_API","01/01/1987 00:00:00","","automatic","chemi","","API","","","","","","","","","","","","","","","","http://cdr.eionet.europa.eu/dk/eu/aqd/d/colarw97g/envarw_cw/REP_D-DK_NERI_20251124_D-001.xml","05/12/2025 14:00:17"
"Denmark","DK.NERI.AQ","2025","NET-DK004A","""Danish Air Quality Monitoring Programme""","UTC+01","DK0030A","1257","""Copenhagen/1257""","SPO-DK0030A_00038_110","NO","12.553340","55.698330","5.000000","m","urban","traffic","01/01/1987 00:00:00","","SPO_F-DK0030A_00038_110_110","3.7","m","5.5","m","1.0","m","","","Transport","","","0","","","","","Copenhagen","","","","","","","","","18000","SPP-DK_A_chemi_API","01/01/1987 00:00:00","","automatic","chemi","","API200","","","","","","ref","","","","","In preparation","1","hour","1","second","http://cdr.eionet.europa.eu/dk/eu/aqd/d/colarw97g/envarw_cw/REP_D-DK_NERI_20251124_D-001.xml","05/12/2025 14:00:17"
"Denmark","DK.NERI.AQ","2025","NET-DK004A","""Danish Air Quality Monitoring Programme""","UTC+01","DK0030A","1257","""Copenhagen/1257""","SPO-DK0030A_00038_110","NO","12.553340","55.698330","5.000000","","urban","traffic","01/01/1987 00:00:00","","SPO_F-DK0030A_00038_110_110","3.0","","","","","","","","","","","0","","","","","","","","","","","","","","","SPP-DK_A_chemi_API","01/01/1987 00:00:00","","automatic","chemi","","","","","","","","","","","","","","","","","","http://cdr.eionet.europa.eu/dk/eu/aqd/d/colarw97g/envarw_cw/REP_D-DK_NERI_20251124_D-001.xml","05/12/2025 14:00:17"
"Denmark","DK.NERI.AQ","","NET-DK004A","""Danish Air Quality Monitoring Programme""","UTC+01","DK0030A","1257","""Copenhagen/1257""","SPO-DK0030A_00047_100","SO4 (H2SO4 aerosols) (SO4--)","12.553340","55.698330","5.000000","","urban","traffic","01/01/1987 00:00:00","31/12/2000 00:00:00","SPO_F-DK0030A_00047_100_100","3.0","","","","","","","","","","","0","","","","","","","","","","","","","","","SPP-DK_N_00528_danishLMP-FP-ELEM","01/01/1987 00:00:00","31/12/2000 00:00:00","active","","","","","other","","other","","","","","","","","","","","","",""
"Denmark","DK.NERI.AQ","2025","NET-DK004A","""Danish Air Quality Monitoring Programme""","UTC+01","DK0030A","1257","""Copenhagen/1257""","SPO-DK0030A_00047_101","SO4 (H2SO4 aerosols) (SO4--)","12.553340","55.698330","5.000000","","urban","traffic","01/01/2001 00:00:00","","SPO_F-DK0030A_00047_101_101","3.0","","","","","","","","","","","0","","","","","","","","","","","","","","","SPP-DK_N_00528_opsisSM200","01/01/2001 00:00:00","","active","","","","","other","","other","","","","","","","","","","","","http://cdr.eionet.europa.eu/dk/eu/aqd/d/colarw97g/envarw_cw/REP_D-DK_NERI_20251124_D-001.xml","05/12/2025 14:00:17"
"Denmark","DK.NERI.AQ","2025","NET-DK004A","""Danish Air Quality Monitoring Programme""","UTC+01","DK0030A","1257","""Copenhagen/1257""","SPO-DK0030A_00047_101","SO4 (H2SO4 aerosols) (SO4--)","12.553340","55.698330","5.000000","m","urban","traffic","01/01/2001 00:00:00","01/01/2010 00:00:00","SPO_F-DK0030A_00047_101_101","3.7","m","5.5","m","1.0","m","","","Long-range transboundary transport","","","0","","","","","Copenhagen","","","","","","","","","18000","SPP-DK_N_01306opsisSM200","01/01/2001 00:00:00","01/01/2010 00:00:00","active","","","","","","","gravi","","no","","","","","In preparation","1","day","1","day","http://cdr.eionet.europa.eu/dk/eu/aqd/d/colarw97g/envarw_cw/REP_D-DK_NERI_20251124_D-001.xml","05/12/2025 14:00:17"
"Denmark","DK.NERI.AQ","2025","NET-DK004A","""Danish Air Quality Monitoring Programme""","UTC+01","DK0030A","1257","""Copenhagen/1257""","SPO-DK0030A_00047_101","SO4 (H2SO4 aerosols) (SO4--)","12.553340","55.698330","5.000000","","urban","traffic","01/01/2001 00:00:00","","SPO_F-DK0030A_00047_101_101","3.0","","","","","","","","","","","0","","","","","","","","","","","","","","","SPP-DK_N_01306opsisSM200","01/01/2001 00:00:00","","active","","","","","","","other","","","","","","","","","","","","http://cdr.eionet.europa.eu/dk/eu/aqd/d/colarw97g/envarw_cw/REP_D-DK_NERI_20251124_D-001.xml","05/12/2025 14:00:17"
"Denmark","DK.NERI.AQ","","NET-DK004A","""Danish Air Quality Monitoring Programme""","UTC+01","DK0030A","1257","""Copenhagen/1257""","SPO-DK0030A_00048_100","Se","12.553340","55.698330","5.000000","","urban","traffic","01/01/1987 00:00:00","31/12/2000 00:00:00","SPO_F-DK0030A_00048_100_100","3.0","","","","","","","","","","","0","","","","","","","","","","","","","","","SPP-DK_N_00528_danishLMP-FP-ELEM","01/01/1987 00:00:00","31/12/2000 00:00:00","active","","","","","other","","other","","","","","","","","","","","","",""
"Denmark","DK.NERI.AQ","","NET-DK004A","""Danish Air Quality Monitoring Programme""","UTC+01","DK0030A","1257","""Copenhagen/1257""","SPO-DK0030A_00048_101","Se","12.553340","55.698330","5.000000","","urban","traffic","01/01/2001 00:00:00","01/01/2010 00:00:00","SPO_F-DK0030A_00048_101_101","3.0","","","","","","","","","","","0","","","","","","","","","","","","","","","SPP-DK_N_00528_opsisSM200","01/01/2001 00:00:00","01/01/2010 00:00:00","active","","","","","other","","other","","","","","","","","","","","","",""
"Denmark","DK.NERI.AQ","","NET-DK004A","""Danish Air Quality Monitoring Programme""","UTC+01","DK0030A","1257","""Copenhagen/1257""","SPO-DK0030A_00048_101","Se","12.553340","55.698330","5.000000","","urban","traffic","01/01/2001 00:00:00","01/01/2010 00:00:00","SPO_F-DK0030A_00048_101_101","3.0","","","","","","","","","","","0","","","","","","","","","","","","","","","SPP-Unknown","01/01/2001 00:00:00","01/01/2010 00:00:00","","","","","","","","","","","","","","","","","","","","",""
"Denmark","DK.NERI.AQ","","NET-DK004A","""Danish Air Quality Monitoring Programme""","UTC+01","DK0030A","1257","""Copenhagen/1257""","SPO-DK0030A_00049_100","V","12.553340","55.698330","5.000000","","urban","traffic","01/01/1987 00:00:00","31/12/2000 00:00:00","SPO_F-DK0030A_00049_100_100","3.0","","","","","","","","","","","0","","","","","","","","","","","","","","","SPP-DK_N_00528_danishLMP-FP-ELEM","01/01/1987 00:00:00","31/12/2000 00:00:00","active","","","","","other","","other","","","","","","","","","","","","",""
"Denmark","DK.NERI.AQ","","NET-DK004A","""Danish Air Quality Monitoring Programme""","UTC+01","DK0030A","1257","""Copenhagen/1257""","SPO-DK0030A_00049_101","V","12.553340","55.698330","5.000000","","urban","traffic","01/01/2001 00:00:00","01/01/2010 00:00:00","SPO_F-DK0030A_00049_101_101","3.0","","","","","","","","","","","0","","","","","","","","","","","","","","","SPP-DK_N_00528_opsisSM200","01/01/2001 00:00:00","01/01/2010 00:00:00","active","","","","","other","","other","","","","","","","","","","","","",""
"Denmark","DK.NERI.AQ","","NET-DK004A","""Danish Air Quality Monitoring Programme""","UTC+01","DK0030A","1257","""Copenhagen/1257""","SPO-DK0030A_00049_101","V","12.553340","55.698330","5.000000","","urban","traffic","01/01/2001 00:00:00","01/01/2010 00:00:00","SPO_F-DK0030A_00049_101_101","3.0","","","","","","","","","","","0","","","","","","","","","","","","","","","SPP-Unknown","01/01/2001 00:00:00","01/01/2010 00:00:00","","","","","","","","","","","","","","","","","","","","",""
"Denmark","DK.NERI.AQ","","NET-DK004A","""Danish Air Quality Monitoring Programme""","UTC+01","DK0030A","1257","""Copenhagen/1257""","SPO-DK0030A_06001_100","PM2.5","12.553340","55.698330","5.000000","","urban","traffic","01/01/2006 00:00:00","01/01/2009 00:00:00","SPO_F-DK0030A_06001_100_100","3.0","","","","","","","","","","","0","","","","","","","","","","","","","","","SPP-DK_A_TEOM_TEOM1400A","01/01/2006 00:00:00","01/01/2009 00:00:00","automatic","TEOM","","TEOM1400A","","","","","","","","","","","","","","","","",""
"Denmark","DK.NERI.AQ","","NET-DK004A","""Danish Air Quality Monitoring Programme""","UTC+01","DK0030A","1257","""Copenhagen/1257""","SPO-DK0030A_06001_100","PM2.5","12.553340","55.698330","5.000000","","urban","traffic","01/01/2006 00:00:00","01/01/2009 00:00:00","SPO_F-DK0030A_06001_100_100","3.0","","","","","","","","","","","0","","","","","","","","","","","","","","","SPP-Unknown","01/01/2006 00:00:00","01/01/2009 00:00:00","","","","","","","","","","","","","","","","","","","","",""
"Denmark","DK.NERI.AQ","2025","NET-DK004A","""Danish Air Quality Monitoring Programme""","UTC+01","DK0030A","1257","""Copenhagen/1257""","SPO-DK0030A_06001_101","PM2.5","12.553340","55.698330","5.000000","m","urban","traffic","01/01/2010 00:00:00","13/11/2013 00:00:00","SPO_F-DK0030A_06001_101_101","3.7","m","5.5","m","1.0","m","","","Long-range transboundary transport","","","0","","","","","Copenhagen","","","","","","","","","18000","SPP-DK_A_BETA_01111","01/01/2010 00:00:00","13/11/2013 00:00:00","automatic","BETA","","opsisSM200","","","","","","yes","http://envs2.au.dk/Metodedokumentation/SM200_PM10_comp_with_the_stand_method.pdf","","","","In preparation","1","hour","0","other","http://cdr.eionet.europa.eu/dk/eu/aqd/d/colarw97g/envarw_cw/REP_D-DK_NERI_20251124_D-001.xml","05/12/2025 14:00:17"
"Denmark","DK.NERI.AQ","2025","NET-DK004A","""Danish Air Quality Monitoring Programme""","UTC+01","DK0030A","1257","""Copenhagen/1257""","SPO-DK0030A_06001_101","PM2.5","12.553340","55.698330","5.000000","","urban","traffic","01/01/2010 00:00:00","","SPO_F-DK0030A_06001_101_103","3.0","","","","","","","","","","","0","","","","","","","","","","","","","","","SPP-DK_A_BETA_01111","01/01/2010 00:00:00","","automatic","BETA","","other","","","","","","","","","","","","","","","","http://cdr.eionet.europa.eu/dk/eu/aqd/d/colarw97g/envarw_cw/REP_D-DK_NERI_20251124_D-001.xml","05/12/2025 14:00:17"
"Denmark","DK.NERI.AQ","2025","NET-DK004A","""Danish Air Quality Monitoring Programme""","UTC+01","DK0030A","1257","""Copenhagen/1257""","SPO-DK0030A_06001_101","PM2.5","12.553340","55.698330","5.000000","","urban","traffic","01/01/2010 00:00:00","","SPO_F-DK0030A_06001_101_101","3.0","","","","","","","","","","","0","","","","","","","","","","","","","","","SPP-DK_A_BETA_01112","01/01/2010 00:00:00","","automatic","BETA","","other","","","","","","","","","","","","","","","","http://cdr.eionet.europa.eu/dk/eu/aqd/d/colarw97g/envarw_cw/REP_D-DK_NERI_20251124_D-001.xml","05/12/2025 14:00:17"
"Denmark","DK.NERI.AQ","2025","NET-DK004A","""Danish Air Quality Monitoring Programme""","UTC+01","DK0030A","1257","""Copenhagen/1257""","SPO-DK0030A_06001_101","PM2.5","12.553340","55.698330","5.000000","","urban","traffic","01/01/2010 00:00:00","","SPO_F-DK0030A_06001_101_102","3.0","","","","","","","","","","","0","","","","","","","","","","","","","","","SPP-DK_N_gravi_00107","01/01/2010 00:00:00","","active","","","","","other","","gravi","","","","","","","","","","","","http://cdr.eionet.europa.eu/dk/eu/aqd/d/colarw97g/envarw_cw/REP_D-DK_NERI_20251124_D-001.xml","05/12/2025 14:00:17"
"Denmark","DK.NERI.AQ","2025","NET-DK004A","""Danish Air Quality Monitoring Programme""","UTC+01","DK0030A","1257","""Copenhagen/1257""","SPO-DK0030A_06001_101","PM2.5","12.553340","55.698330","5.000000","m","urban","traffic","01/01/2010 00:00:00","13/11/2013 00:00:00","SPO_F-DK0030A_06001_101_103","3.7","m","5.5","m","1.0","m","","","Long-range transboundary transport","","","0","","","","","Copenhagen","","","","","","","","","18000","SPP-DK_N_gravi_01788","01/01/2010 00:00:00","13/11/2013 00:00:00","active","","","","","","","gravi","","ref","","","","","In preparation","1","day","1","hour","http://cdr.eionet.europa.eu/dk/eu/aqd/d/colarw97g/envarw_cw/REP_D-DK_NERI_20251124_D-001.xml","05/12/2025 14:00:17"
"Denmark","DK.NERI.AQ","2025","NET-DK004A","""Danish Air Quality Monitoring Programme""","UTC+01","DK0030A","1257","""Copenhagen/1257""","SPO-DK0030A_06001_101","PM2.5","12.553340","55.698330","5.000000","","urban","traffic","01/01/2010 00:00:00","","SPO_F-DK0030A_06001_101_101","3.0","","","","","","","","","","","0","","","","","","","","","","","","","","","SPP-Unknown","01/01/2010 00:00:00","","","","","","","","","","","","","","","","","","","","","http://cdr.eionet.europa.eu/dk/eu/aqd/d/colarw97g/envarw_cw/REP_D-DK_NERI_20251124_D-001.xml","05/12/2025 14:00:17"
"Denmark","DK.NERI.AQ","2025","NET-DK004A","""Danish Air Quality Monitoring Programme""","UTC+01","DK0030A","1257","""Copenhagen/1257""","SPO-DK0030A_06001_101","PM2.5","12.553340","55.698330","5.000000","","urban","traffic","01/01/2010 00:00:00","","SPO_F-DK0030A_06001_101_102","3.0","","","","","","","","","","","0","","","","","","","","","","","","","","","SPP-Unknown","01/01/2010 00:00:00","","","","","","","","","","","","","","","","","","","","","http://cdr.eionet.europa.eu/dk/eu/aqd/d/colarw97g/envarw_cw/REP_D-DK_NERI_20251124_D-001.xml","05/12/2025 14:00:17"
"Denmark","DK.NERI.AQ","2025","NET-DK004A","""Danish Air Quality Monitoring Programme""","UTC+01","DK0030A","1257","""Copenhagen/1257""","SPO-DK0030A_06001_101","PM2.5","12.553340","55.698330","5.000000","","urban","traffic","01/01/2010 00:00:00","","SPO_F-DK0030A_06001_101_103","3.0","","","","","","","","","","","0","","","","","","","","","","","","","","","SPP-Unknown","01/01/2010 00:00:00","","","","","","","","","","","","","","","","","","","","","http://cdr.eionet.europa.eu/dk/eu/aqd/d/colarw97g/envarw_cw/REP_D-DK_NERI_20251124_D-001.xml","05/12/2025 14:00:17"
"Denmark","DK.NERI.AQ","2025","NET-DK004A","""Danish Air Quality Monitoring Programme""","UTC+01","DK0030A","1257","""Copenhagen/1257""","SPO-DK0030A_06001_104","PM2.5","12.553340","55.698330","5.000000","","urban","traffic","13/11/2013 00:00:00","","SPO_F-DK0030A_06001_104_104","3.0","","","","","","","","","","","0","","","","","","","","","","","","","","","SPP-DK_N_gravi_00107","13/11/2013 00:00:00","","active","","","","","other","","gravi","","","","","","","","","","","","http://cdr.eionet.europa.eu/dk/eu/aqd/d/colarw97g/envarw_cw/REP_D-DK_NERI_20251124_D-001.xml","05/12/2025 14:00:17"
"Denmark","DK.NERI.AQ","2025","NET-DK004A","""Danish Air Quality Monitoring Programme""","UTC+01","DK0030A","1257","""Copenhagen/1257""","SPO-DK0030A_06001_104","PM2.5","12.553340","55.698330","5.000000","m","urban","traffic","13/11/2013 00:00:00","","SPO_F-DK0030A_06001_104_104","3.7","m","5.5","m","1.0","m","","","Long-range transboundary transport","","","0","","","","","Copenhagen","","","","","","","","","18000","SPP-DK_N_gravi_01788","13/11/2013 00:00:00","","active","","","","","","","gravi","","ref","","","","","In preparation","1","day","1","hour","http://cdr.eionet.europa.eu/dk/eu/aqd/d/colarw97g/envarw_cw/REP_D-DK_NERI_20251124_D-001.xml","05/12/2025 14:00:17"
"Denmark","DK.NERI.AQ","2025","NET-DK004A","""Danish Air Quality Monitoring Programme""","UTC+01","DK0030A","1257","""Copenhagen/1257""","SPO-DK0030A_06001_104","PM2.5","12.553340","55.698330","5.000000","","urban","traffic","13/11/2013 00:00:00","","SPO_F-DK0030A_06001_104_104","3.0","","","","","","","","","","","0","","","","","","","","","","","","","","","SPP-DK_N_gravi_01788","13/11/2013 00:00:00","","active","","","","","","","gravi","","","","","","","","","","","","http://cdr.eionet.europa.eu/dk/eu/aqd/d/colarw97g/envarw_cw/REP_D-DK_NERI_20251124_D-001.xml","05/12/2025 14:00:17"
"Denmark","DK.NERI.AQ","2025","NET-DK004A","""Danish Air Quality Monitoring Programme""","UTC+01","DK0031A","9155","""Odense/9155""","SPO-DK0031A_00001_100","SO2","10.393900","55.394450","10.000000","","urban","traffic","01/01/1987 00:00:00","","SPO_F-DK0031A_00001_100_100","0.0","","","","","","","","","","","0","","","","","","","","","","","","","","","SPP-DK_N_0020200202","01/01/1987 00:00:00","","active","","","","","","","other","","","","","","","","","","","","http://cdr.eionet.europa.eu/dk/eu/aqd/d/colarw97g/envarw_cw/REP_D-DK_NERI_20251124_D-001.xml","05/12/2025 14:00:17"
"Denmark","DK.NERI.AQ","2025","NET-DK004A","""Danish Air Quality Monitoring Programme""","UTC+01","DK0031A","9155","""Odense/9155""","SPO-DK0031A_00001_100","SO2","10.393800","55.394450","10.000000","m","urban","traffic","01/01/1987 00:00:00","01/01/2016 00:00:00","SPO_F-DK0031A_00001_100_100","3.7","m","4.0","m","2.0","m","","","Transport","","","0","","","","","Odense","","","","","","","","","5700","SPP-DK_N_0020200202","01/01/1987 00:00:00","01/01/2016 00:00:00","active","","","","","","","gravi","","no","","","","","In preparation","0","variable","0","other","http://cdr.eionet.europa.eu/dk/eu/aqd/d/colarw97g/envarw_cw/REP_D-DK_NERI_20251124_D-001.xml","05/12/2025 14:00:17"
"Denmark","DK.NERI.AQ","","NET-DK004A","""Danish Air Quality Monitoring Programme""","UTC+01","DK0031A","9155","""Odense/9155""","SPO-DK0031A_00001_110","SO2","10.393900","55.394450","10.000000","","urban","traffic","01/01/1987 00:00:00","31/12/1992 00:00:00","SPO_F-DK0031A_00001_110_110","0.0","","","","","","","","","","","0","","","","","","","","","","","","","","","SPP-DK_A_UV-FL_11000","01/01/1987 00:00:00","31/12/1992 00:00:00","automatic","UV-FL","","other","","","","","","","","","","","","","","","","",""
"Denmark","DK.NERI.AQ","","NET-DK004A","""Danish Air Quality Monitoring Programme""","UTC+01","DK0031A","9155","""Odense/9155""","SPO-DK0031A_00001_110","SO2","10.393900","55.394450","10.000000","","urban","traffic","01/01/1987 00:00:00","31/12/1992 00:00:00","SPO_F-DK0031A_00001_110_110","0.0","","","","","","","","","","","0","","","","","","","","","","","","","","","SPP-Unknown","01/01/1987 00:00:00","31/12/1992 00:00:00","","","","","","","","","","","","","","","","","","","","",""
"Denmark","DK.NERI.AQ","","NET-DK004A","""Danish Air Quality Monitoring Programme""","UTC+01","DK0031A","9155","""Odense/9155""","SPO-DK0031A_00001_130","SO2","10.393900","55.394450","10.000000","","urban","traffic","01/01/1987 00:00:00","31/12/2000 00:00:00","SPO_F-DK0031A_00001_130_130","3.0","","","","","","","","","","","0","","","","","","","","","","","","","","","SPP-DK_N_IC_danishLMP-FP-POLL","01/01/1987 00:00:00","31/12/2000 00:00:00","active","","","","","other","","IC","","","","","","","","","","","","",""
"Denmark","DK.NERI.AQ","","NET-DK004A","""Danish Air Quality Monitoring Programme""","UTC+01","DK0031A","9155","""Odense/9155""","SPO-DK0031A_00001_130","SO2","10.393900","55.394450","10.000000","","urban","traffic","01/01/1987 00:00:00","31/12/2000 00:00:00","SPO_F-DK0031A_00001_130_130","3.0","","","","","","","","","","","0","","","","","","","","","","","","","","","SPP-Unknown","01/01/1987 00:00:00","31/12/2000 00:00:00","","","","","","","","","","","","","","","","","","","","",""
"Denmark","DK.NERI.AQ","","NET-DK004A","""Danish Air Quality Monitoring Programme""","UTC+01","DK0031A","9155","""Odense/9155""","SPO-DK0031A_00001_140","SO2","10.393900","55.394450","10.000000","","urban","traffic","01/01/1987 00:00:00","31/12/1989 00:00:00","SPO_F-DK0031A_00001_140_140","0.0","","","","","","","","","","","0","","","","","","","","","","","","","","","SPP-DK_N_00000_00000","01/01/1987 00:00:00","31/12/1989 00:00:00","active","","","","","other","","other","","","","","","","","","","","","",""
"Denmark","DK.NERI.AQ","","NET-DK004A","""Danish Air Quality Monitoring Programme""","UTC+01","DK0031A","9155","""Odense/9155""","SPO-DK0031A_00001_140","SO2","10.393900","55.394450","10.000000","","urban","traffic","01/01/1987 00:00:00","31/12/1989 00:00:00","SPO_F-DK0031A_00001_140_140","0.0","","","","","","","","","","","0","","","","","","","","","","","","","","","SPP-Unknown","01/01/1987 00:00:00","31/12/1989 00:00:00","","","","","","","","","","","","","","","","","","","","",""
"Denmark","DK.NERI.AQ","2014","NET-DK004A","""Danish Air Quality Monitoring Programme""","UTC+01","DK0031A","9155","""Odense/9155""","SPO-DK0031A_00004_100","SPM","10.393900","55.394450","10.000000","","urban","traffic","01/01/1987 00:00:00","","SPO_F-DK0031A_00004_100_100","3.0","","","","","","","","","","","0","","","","","","","","","","","","","","","SPP-DK_N_gravi_danishLMP-FP-SPM","01/01/1987 00:00:00","","active","","","","","","","gravi","","","","","","","","","","","","http://cdr.eionet.europa.eu/dk/eu/aqd/d/envv0wp_g/REP_D-DK_NERI_201600505_D-001.xml","09/11/2024 01:20:34"
"Denmark","DK.NERI.AQ","2014","NET-DK004A","""Danish Air Quality Monitoring Programme""","UTC+01","DK0031A","9155","""Odense/9155""","SPO-DK0031A_00004_100","SPM","10.393900","55.394450","10.000000","","urban","traffic","01/01/1987 00:00:00","","SPO_F-DK0031A_00004_100_100","3.0","","","","","","","","","","","0","","","","","","","","","","","","","","","SPP-DK_N_gravi_danishLMP-FP-SPM","01/01/1987 00:00:00","","active","","","","","other","","gravi","","","","","","","","","","","","http://cdr.eionet.europa.eu/dk/eu/aqd/d/envv0wp_g/REP_D-DK_NERI_201600505_D-001.xml","09/11/2024 01:20:34"
"Denmark","DK.NERI.AQ","","NET-DK004A","""Danish Air Quality Monitoring Programme""","UTC+01","DK0031A","9155","""Odense/9155""","SPO-DK0031A_00004_110","SPM","10.393900","55.394450","10.000000","","urban","traffic","01/01/1987 00:00:00","31/12/1989 00:00:00","SPO_F-DK0031A_00004_110_110","0.0","","","","","","","","","","","0","","","","","","","","","","","","","","","SPP-DK_N_gravi_00063","01/01/1987 00:00:00","31/12/1989 00:00:00","active","","","","","other","","gravi","","","","","","","","","","","","",""
"Denmark","DK.NERI.AQ","","NET-DK004A","""Danish Air Quality Monitoring Programme""","UTC+01","DK0031A","9155","""Odense/9155""","SPO-DK0031A_00004_110","SPM","10.393900","55.394450","10.000000","","urban","traffic","01/01/1987 00:00:00","31/12/1989 00:00:00","SPO_F-DK0031A_00004_110_110","0.0","","","","","","","","","","","0","","","","","","","","","","","","","","","SPP-Unknown","01/01/1987 00:00:00","31/12/1989 00:00:00","","","","","","","","","","","","","","","","","","","","",""
"Denmark","DK.NERI.AQ","","NET-DK004A","""Danish Air Quality Monitoring Programme""","UTC+01","DK0031A","9155","""Odense/9155""","SPO-DK0031A_00005_100","PM10","10.393900","55.394450","10.000000","","urban","traffic","01/02/2001 00:00:00","31/12/2005 00:00:00","SPO_F-DK0031A_00005_100_100","3.0","","","","","","","","","","","0","","","","","","","","","","","","","","","SPP-DK_N_gravi_opsisSM200","01/02/2001 00:00:00","31/12/2005 00:00:00","active","","","","","other","","gravi","","","","","","","","","","","","",""
"Denmark","DK.NERI.AQ","","NET-DK004A","""Danish Air Quality Monitoring Programme""","UTC+01","DK0031A","9155","""Odense/9155""","SPO-DK0031A_00005_100","PM10","10.393900","55.394450","10.000000","","urban","traffic","01/02/2001 00:00:00","31/12/2005 00:00:00","SPO_F-DK0031A_00005_100_100","3.0","","","","","","","","","","","0","","","","","","","","","","","","","","","SPP-Unknown","01/02/2001 00:00:00","31/12/2005 00:00:00","","","","","","","","","","","","","","","","","","","","",""
"Denmark","DK.NERI.AQ","2025","NET-DK004A","""Danish Air Quality Monitoring Programme""","UTC+01","DK0031A","9155","""Odense/9155""","SPO-DK0031A_00005_101","PM10","10.393900","55.394450","10.000000","","urban","traffic","01/01/2006 00:00:00","","SPO_F-DK0031A_00005_101_101","3.0","","","","","","","","","","","0","","","","","","","","","","","","","","","SPP-DK_A_BETA_01112","01/01/2006 00:00:00","","automatic","BETA","","","","","","","","","","","","","","","","","","http://cdr.eionet.europa.eu/dk/eu/aqd/d/colarw97g/envarw_cw/REP_D-DK_NERI_20251124_D-001.xml","05/12/2025 14:00:17"
"Denmark","DK.NERI.AQ","2025","NET-DK004A","""Danish Air Quality Monitoring Programme""","UTC+01","DK0031A","9155","""Odense/9155""","SPO-DK0031A_00005_101","PM10","10.393800","55.394450","10.000000","m","urban","traffic","01/01/2006 00:00:00","01/01/2016 00:00:00","SPO_F-DK0031A_00005_101_101","3.7","m","4.0","m","2.0","m","","","Long-range transboundary transport","","","0","","","","","Odense","","","","","","","","","5700","SPP-DK_A_BETA_01112","01/01/2006 00:00:00","01/01/2016 00:00:00","automatic","BETA","","opsisSM200","","","","","","yes","http://envs2.au.dk/Metodedokumentation/SM200_PM10_comp_with_the_stand_method.pdf","","","","In preparation","1","day","1","hour","http://cdr.eionet.europa.eu/dk/eu/aqd/d/colarw97g/envarw_cw/REP_D-DK_NERI_20251124_D-001.xml","05/12/2025 14:00:17"
"Denmark","DK.NERI.AQ","2025","NET-DK004A","""Danish Air Quality Monitoring Programme""","UTC+01","DK0031A","9155","""Odense/9155""","SPO-DK0031A_00005_101","PM10","10.393900","55.394450","10.000000","","urban","traffic","01/01/2006 00:00:00","","SPO_F-DK0031A_00005_101_101","3.0","","","","","","","","","","","0","","","","","","","","","","","","","","","SPP-DK_A_BETA_01112","01/01/2006 00:00:00","","automatic","BETA","","other","","","","","","","","","","","","","","","","http://cdr.eionet.europa.eu/dk/eu/aqd/d/colarw97g/envarw_cw/REP_D-DK_NERI_20251124_D-001.xml","05/12/2025 14:00:17"
"Denmark","DK.NERI.AQ","","NET-DK004A","""Danish Air Quality Monitoring Programme""","UTC+01","DK0031A","9155","""Odense/9155""","SPO-DK0031A_00008_100","NO2","10.393900","55.394450","10.000000","","urban","traffic","01/01/1987 00:00:00","31/12/1992 00:00:00","SPO_F-DK0031A_00008_100_100","0.0","","","","","","","","","","","0","","","","","","","","","","","","","","","SPP-DK_A_chemi_11000","01/01/1987 00:00:00","31/12/1992 00:00:00","automatic","chemi","","other","","","","","","","","","","","","","","","","",""
"Denmark","DK.NERI.AQ","","NET-DK004A","""Danish Air Quality Monitoring Programme""","UTC+01","DK0031A","9155","""Odense/9155""","SPO-DK0031A_00008_100","NO2","10.393900","55.394450","10.000000","","urban","traffic","01/01/1987 00:00:00","31/12/1992 00:00:00","SPO_F-DK0031A_00008_100_100","0.0","","","","","","","","","","","0","","","","","","","","","","","","","","","SPP-Unknown","01/01/1987 00:00:00","31/12/1992 00:00:00","","","","","","","","","","","","","","","","","","","","",""
"Denmark","DK.NERI.AQ","2025","NET-DK004A","""Danish Air Quality Monitoring Programme""","UTC+01","DK0031A","9155","""Odense/9155""","SPO-DK0031A_00008_110","NO2","10.393800","55.394450","10.000000","m","urban","traffic","01/01/1987 00:00:00","01/01/2016 00:00:00","SPO_F-DK0031A_00008_110_110","3.7","m","4.0","m","2.0","m","","","Transport","","","0","","","","","Odense","","","","","","","","","5700","SPP-DK_A_chemi_API","01/01/1987 00:00:00","01/01/2016 00:00:00","automatic","chemi","","API200","","","","","","ref","","","","","In preparation","1","hour","1","second","http://cdr.eionet.europa.eu/dk/eu/aqd/d/colarw97g/envarw_cw/REP_D-DK_NERI_20251124_D-001.xml","05/12/2025 14:00:17"
"Denmark","DK.NERI.AQ","2025","NET-DK004A","""Danish Air Quality Monitoring Programme""","UTC+01","DK0031A","9155","""Odense/9155""","SPO-DK0031A_00008_110","NO2","10.393900","55.394450","10.000000","","urban","traffic","01/01/1987 00:00:00","","SPO_F-DK0031A_00008_110_110","3.0","","","","","","","","","","","0","","","","","","","","","","","","","","","SPP-DK_A_chemi_API","01/01/1987 00:00:00","","automatic","chemi","","API","","","","","","","","","","","","","","","","http://cdr.eionet.europa.eu/dk/eu/aqd/d/colarw97g/envarw_cw/REP_D-DK_NERI_20251124_D-001.xml","05/12/2025 14:00:17"
"Denmark","DK.NERI.AQ","2025","NET-DK004A","""Danish Air Quality Monitoring Programme""","UTC+01","DK0031A","9155","""Odense/9155""","SPO-DK0031A_00008_110","NO2","10.393900","55.394450","10.000000","","urban","traffic","01/01/1987 00:00:00","","SPO_F-DK0031A_00008_110_110","3.0","","","","","","","","","","","0","","","","","","","","","","","","","","","SPP-DK_A_chemi_API","01/01/1987 00:00:00","","automatic","chemi","","","","","","","","","","","","","","","","","","http://cdr.eionet.europa.eu/dk/eu/aqd/d/colarw97g/envarw_cw/REP_D-DK_NERI_20251124_D-001.xml","05/12/2025 14:00:17"
"Denmark","DK.NERI.AQ","2025","NET-DK004A","""Danish Air Quality Monitoring Programme""","UTC+01","DK0031A","9155","""Odense/9155""","SPO-DK0031A_00009_100","NOX as NO2","10.393900","55.394450","10.000000","","urban","traffic","01/01/1987 00:00:00","","SPO_F-DK0031A_00009_100_100","3.0","","","","","","","","","","","0","","","","","","","","","","","","","","","SPP-DK_A_chemi_API","01/01/1987 00:00:00","","automatic","chemi","","API","","","","","","","","","","","","","","","","http://cdr.eionet.europa.eu/dk/eu/aqd/d/colarw97g/envarw_cw/REP_D-DK_NERI_20251124_D-001.xml","05/12/2025 14:00:17"
"Denmark","DK.NERI.AQ","2025","NET-DK004A","""Danish Air Quality Monitoring Programme""","UTC+01","DK0031A","9155","""Odense/9155""","SPO-DK0031A_00009_100","NOX as NO2","10.393900","55.394450","10.000000","","urban","traffic","01/01/1987 00:00:00","","SPO_F-DK0031A_00009_100_100","3.0","","","","","","","","","","","0","","","","","","","","","","","","","","","SPP-DK_A_chemi_API","01/01/1987 00:00:00","","automatic","chemi","","","","","","","","","","","","","","","","","","http://cdr.eionet.europa.eu/dk/eu/aqd/d/colarw97g/envarw_cw/REP_D-DK_NERI_20251124_D-001.xml","05/12/2025 14:00:17"
"Denmark","DK.NERI.AQ","2025","NET-DK004A","""Danish Air Quality Monitoring Programme""","UTC+01","DK0031A","9155","""Odense/9155""","SPO-DK0031A_00009_100","NOX as NO2","10.393800","55.394450","10.000000","m","urban","traffic","01/01/1987 00:00:00","01/01/2016 00:00:00","SPO_F-DK0031A_00009_100_100","3.7","m","4.0","m","2.0","m","","","Transport","","","0","","","","","Odense","","","","","","","","","5700","SPP-DK_A_chemi_API","01/01/1987 00:00:00","01/01/2016 00:00:00","automatic","chemi","","API200","","","","","","ref","","","","","In preparation","1","hour","1","second","http://cdr.eionet.europa.eu/dk/eu/aqd/d/colarw97g/envarw_cw/REP_D-DK_NERI_20251124_D-001.xml","05/12/2025 14:00:17"
"Denmark","DK.NERI.AQ","2025","NET-DK004A","""Danish Air Quality Monitoring Programme""","UTC+01","DK0031A","9155","""Odense/9155""","SPO-DK0031A_00010_100","CO","10.393800","55.394450","10.000000","m","urban","traffic","01/01/1995 00:00:00","01/01/2016 00:00:00","SPO_F-DK0031A_00010_100_100","3.7","m","4.0","m","2.0","m","","","Transport","","","0","","","","","Odense","","","","","","","","","5700","SPP-DK_A_NDIR_07056","01/01/1995 00:00:00","01/01/2016 00:00:00","automatic","NDIR","","thermo48","","","","","","ref","","","","","In preparation","0","variable","0","other","http://cdr.eionet.europa.eu/dk/eu/aqd/d/colarw97g/envarw_cw/REP_D-DK_NERI_20251124_D-001.xml","05/12/2025 14:00:17"
"Denmark","DK.NERI.AQ","2025","NET-DK004A","""Danish Air Quality Monitoring Programme""","UTC+01","DK0031A","9155","""Odense/9155""","SPO-DK0031A_00010_100","CO","10.393900","55.394450","10.000000","","urban","traffic","01/01/1995 00:00:00","","SPO_F-DK0031A_00010_100_100","3.0","","","","","","","","","","","0","","","","","","","","","","","","","","","SPP-DK_A_NDIR_07056","01/01/1995 00:00:00","","automatic","NDIR","","","","","","","","","","","","","","","","","","http://cdr.eionet.europa.eu/dk/eu/aqd/d/colarw97g/envarw_cw/REP_D-DK_NERI_20251124_D-001.xml","05/12/2025 14:00:17"
"Denmark","DK.NERI.AQ","2025","NET-DK004A","""Danish Air Quality Monitoring Programme""","UTC+01","DK0031A","9155","""Odense/9155""","SPO-DK0031A_00010_100","CO","10.393900","55.394450","10.000000","","urban","traffic","01/01/1995 00:00:00","","SPO_F-DK0031A_00010_100_100","3.0","","","","","","","","","","","0","","","","","","","","","","","","","","","SPP-DK_A_NDIR_07056","01/01/1995 00:00:00","","automatic","NDIR","","other","","","","","","","","","","","","","","","","http://cdr.eionet.europa.eu/dk/eu/aqd/d/colarw97g/envarw_cw/REP_D-DK_NERI_20251124_D-001.xml","05/12/2025 14:00:17"
"Denmark","DK.NERI.AQ","","NET-DK004A","""Danish Air Quality Monitoring Programme""","UTC+01","DK0031A","9155","""Odense/9155""","SPO-DK0031A_00012_100","Pb","10.393900","55.394450","10.000000","","urban","traffic","01/01/1987 00:00:00","31/12/2003 00:00:00","SPO_F-DK0031A_00012_100_100","3.0","","","","","","","","","","","0","","","","","","","","","","","","","","","SPP-DK_N_00528_danishLMP-FP-ELEM","01/01/1987 00:00:00","31/12/2003 00:00:00","active","","","","","other","","other","","","","","","","","","","","","",""
"Denmark","DK.NERI.AQ","","NET-DK004A","""Danish Air Quality Monitoring Programme""","UTC+01","DK0031A","9155","""Odense/9155""","SPO-DK0031A_00012_100","Pb","10.393900","55.394450","10.000000","","urban","traffic","01/01/1987 00:00:00","31/12/2003 00:00:00","SPO_F-DK0031A_00012_100_100","3.0","","","","","","","","","","","0","","","","","","","","","","","","","","","SPP-Unknown","01/01/1987 00:00:00","31/12/2003 00:00:00","","","","","","","","","","","","","","","","","","","","",""
"Denmark","DK.NERI.AQ","","NET-DK004A","""Danish Air Quality Monitoring Programme""","UTC+01","DK0031A","9155","""Odense/9155""","SPO-DK0031A_00012_101","Pb","10.393900","55.394450","10.000000","","urban","traffic","01/02/2001 00:00:00","01/01/2010 00:00:00","SPO_F-DK0031A_00012_101_101","3.0","","","","","","","","","","","0","","","","","","","","","","","","","","","SPP-DK_N_00528_opsisSM200","01/02/2001 00:00:00","01/01/2010 00:00:00","active","","","","","other","","other","","","","","","","","","","","","",""
"Denmark","DK.NERI.AQ","","NET-DK004A","""Danish Air Quality Monitoring Programme""","UTC+01","DK0031A","9155","""Odense/9155""","SPO-DK0031A_00012_101","Pb","10.393900","55.394450","10.000000","","urban","traffic","01/02/2001 00:00:00","01/01/2010 00:00:00","SPO_F-DK0031A_00012_101_101","3.0","","","","","","","","","","","0","","","","","","","","","","","","","","","SPP-Unknown","01/02/2001 00:00:00","01/01/2010 00:00:00","","","","","","","","","","","","","","","","","","","","",""
"Denmark","DK.NERI.AQ","","NET-DK004A","""Danish Air Quality Monitoring Programme""","UTC+01","DK0031A","9155","""Odense/9155""","SPO-DK0031A_00012_110","Pb","10.393900","55.394450","10.000000","","urban","traffic","01/01/1987 00:00:00","31/12/1989 00:00:00","SPO_F-DK0031A_00012_110_110","0.0","","","","","","","","","","","0","","","","","","","","","","","","","","","SPP-DK_N_00000_00063","01/01/1987 00:00:00","31/12/1989 00:00:00","active","","","","","other","","other","","","","","","","","","","","","",""
"Denmark","DK.NERI.AQ","","NET-DK004A","""Danish Air Quality Monitoring Programme""","UTC+01","DK0031A","9155","""Odense/9155""","SPO-DK0031A_00012_110","Pb","10.393900","55.394450","10.000000","","urban","traffic","01/01/1987 00:00:00","31/12/1989 00:00:00","SPO_F-DK0031A_00012_110_110","0.0","","","","","","","","","","","0","","","","","","","","","","","","","","","SPP-Unknown","01/01/1987 00:00:00","31/12/1989 00:00:00","","","","","","","","","","","","","","","","","","","","",""
"Denmark","DK.NERI.AQ","2025","NET-DK004A","""Danish Air Quality Monitoring Programme""","UTC+01","DK0031A","9155","""Odense/9155""","SPO-DK0031A_00012_111","Pb","10.393900","55.394450","10.000000","","urban","traffic","01/01/2010 00:00:00","","SPO_F-DK0031A_00012_111_111","3.0","","","","","","","","","","","0","","","","","","","","","","","","","","","SPP-DK_N_ICP-MS_opsisSM200","01/01/2010 00:00:00","","active","","","","","","","ICP-MS","","","","","","","","","","","","http://cdr.eionet.europa.eu/dk/eu/aqd/d/colarw97g/envarw_cw/REP_D-DK_NERI_20251124_D-001.xml","05/12/2025 14:00:17"
"Denmark","DK.NERI.AQ","2025","NET-DK004A","""Danish Air Quality Monitoring Programme""","UTC+01","DK0031A","9155","""Odense/9155""","SPO-DK0031A_00012_111","Pb","10.393900","55.394450","10.000000","","urban","traffic","01/01/2010 00:00:00","","SPO_F-DK0031A_00012_111_111","3.0","","","","","","","","","","","0","","","","","","","","","","","","","","","SPP-DK_N_ICP-MS_opsisSM200","01/01/2010 00:00:00","","active","","","","","other","","ICP-MS","","","","","","","","","","","","http://cdr.eionet.europa.eu/dk/eu/aqd/d/colarw97g/envarw_cw/REP_D-DK_NERI_20251124_D-001.xml","05/12/2025 14:00:17"
"Denmark","DK.NERI.AQ","2025","NET-DK004A","""Danish Air Quality Monitoring Programme""","UTC+01","DK0031A","9155","""Odense/9155""","SPO-DK0031A_00012_111","Pb","10.393800","55.394450","10.000000","m","urban","traffic","01/01/2010 00:00:00","01/01/2015 00:00:00","SPO_F-DK0031A_00012_111_111","3.7","m","4.0","m","2.0","m","","","Transport","","","0","","","","","Odense","","","","","","","","","5700","SPP-DK_N_ICP-MS_opsisSM200","01/01/2010 00:00:00","01/01/2015 00:00:00","active","","","","","","","ICP-MS","","ref","","","","","In preparation","1","day","1","day","http://cdr.eionet.europa.eu/dk/eu/aqd/d/colarw97g/envarw_cw/REP_D-DK_NERI_20251124_D-001.xml","05/12/2025 14:00:17"
"Denmark","DK.NERI.AQ","","NET-DK004A","""Danish Air Quality Monitoring Programme""","UTC+01","DK0031A","9155","""Odense/9155""","SPO-DK0031A_00014_100","Cd","10.393900","55.394450","10.000000","","urban","traffic","01/01/1987 00:00:00","31/12/2003 00:00:00","SPO_F-DK0031A_00014_100_100","3.0","","","","","","","","","","","0","","","","","","","","","","","","","","","SPP-DK_N_00528_danishLMP-FP-ELEM","01/01/1987 00:00:00","31/12/2003 00:00:00","active","","","","","other","","other","","","","","","","","","","","","",""
"Denmark","DK.NERI.AQ","","NET-DK004A","""Danish Air Quality Monitoring Programme""","UTC+01","DK0031A","9155","""Odense/9155""","SPO-DK0031A_00014_100","Cd","10.393900","55.394450","10.000000","","urban","traffic","01/01/1987 00:00:00","31/12/2003 00:00:00","SPO_F-DK0031A_00014_100_100","3.0","","","","","","","","","","","0","","","","","","","","","","","","","","","SPP-Unknown","01/01/1987 00:00:00","31/12/2003 00:00:00","","","","","","","","","","","","","","","","","","","","",""
"Denmark","DK.NERI.AQ","","NET-DK004A","""Danish Air Quality Monitoring Programme""","UTC+01","DK0031A","9155","""Odense/9155""","SPO-DK0031A_00014_101","Cd","10.393900","55.394450","10.000000","","urban","traffic","01/02/2001 00:00:00","01/01/2010 00:00:00","SPO_F-DK0031A_00014_101_101","3.0","","","","","","","","","","","0","","","","","","","","","","","","","","","SPP-DK_N_00528_opsisSM200","01/02/2001 00:00:00","01/01/2010 00:00:00","active","","","","","other","","other","","","","","","","","","","","","",""
"Denmark","DK.NERI.AQ","","NET-DK004A","""Danish Air Quality Monitoring Programme""","UTC+01","DK0031A","9155","""Odense/9155""","SPO-DK0031A_00014_110","Cd","10.393900","55.394450","10.000000","","urban","traffic","01/01/1987 00:00:00","31/12/1989 00:00:00","SPO_F-DK0031A_00014_110_110","0.0","","","","","","","","","","","0","","","","","","","","","","","","","","","SPP-DK_N_00000_00063","01/01/1987 00:00:00","31/12/1989 00:00:00","active","","","","","other","","other","","","","","","","","","","","","",""
"Denmark","DK.NERI.AQ","","NET-DK004A","""Danish Air Quality Monitoring Programme""","UTC+01","DK0031A","9155","""Odense/9155""","SPO-DK0031A_00014_110","Cd","10.393900","55.394450","10.000000","","urban","traffic","01/01/1987 00:00:00","31/12/1989 00:00:00","SPO_F-DK0031A_00014_110_110","0.0","","","","","","","","","","","0","","","","","","","","","","","","","","","SPP-Unknown","01/01/1987 00:00:00","31/12/1989 00:00:00","","","","","","","","","","","","","","","","","","","","",""
"Denmark","DK.NERI.AQ","2025","NET-DK004A","""Danish Air Quality Monitoring Programme""","UTC+01","DK0031A","9155","""Odense/9155""","SPO-DK0031A_00014_111","Cd","10.393900","55.394450","10.000000","","urban","traffic","01/01/2010 00:00:00","","SPO_F-DK0031A_00014_111_111","3.0","","","","","","","","","","","0","","","","","","","","","","","","","","","SPP-DK_N_ICP-MS_opsisSM200","01/01/2010 00:00:00","","active","","","","","other","","ICP-MS","","","","","","","","","","","","http://cdr.eionet.europa.eu/dk/eu/aqd/d/colarw97g/envarw_cw/REP_D-DK_NERI_20251124_D-001.xml","05/12/2025 14:00:17"
"Denmark","DK.NERI.AQ","2025","NET-DK004A","""Danish Air Quality Monitoring Programme""","UTC+01","DK0031A","9155","""Odense/9155""","SPO-DK0031A_00014_111","Cd","10.393800","55.394450","10.000000","m","urban","traffic","01/01/2010 00:00:00","01/01/2015 00:00:00","SPO_F-DK0031A_00014_111_111","3.7","m","4.0","m","2.0","m","","","Other sectors","","","0","","","","","Odense","","","","","","","","","5700","SPP-DK_N_ICP-MS_opsisSM200","01/01/2010 00:00:00","01/01/2015 00:00:00","active","","","","","","","ICP-MS","","ref","","","","","In preparation","1","day","1","day","http://cdr.eionet.europa.eu/dk/eu/aqd/d/colarw97g/envarw_cw/REP_D-DK_NERI_20251124_D-001.xml","05/12/2025 14:00:17"
"Denmark","DK.NERI.AQ","2025","NET-DK004A","""Danish Air Quality Monitoring Programme""","UTC+01","DK0031A","9155","""Odense/9155""","SPO-DK0031A_00014_111","Cd","10.393900","55.394450","10.000000","","urban","traffic","01/01/2010 00:00:00","","SPO_F-DK0031A_00014_111_111","3.0","","","","","","","","","","","0","","","","","","","","","","","","","","","SPP-DK_N_ICP-MS_opsisSM200","01/01/2010 00:00:00","","active","","","","","","","ICP-MS","","","","","","","","","","","","http://cdr.eionet.europa.eu/dk/eu/aqd/d/colarw97g/envarw_cw/REP_D-DK_NERI_20251124_D-001.xml","05/12/2025 14:00:17"
"Denmark","DK.NERI.AQ","","NET-DK004A","""Danish Air Quality Monitoring Programme""","UTC+01","DK0031A","9155","""Odense/9155""","SPO-DK0031A_00015_100","Ni","10.393900","55.394450","10.000000","","urban","traffic","01/01/1987 00:00:00","31/12/2003 00:00:00","SPO_F-DK0031A_00015_100_100","3.0","","","","","","","","","","","0","","","","","","","","","","","","","","","SPP-DK_N_00528_danishLMP-FP-ELEM","01/01/1987 00:00:00","31/12/2003 00:00:00","active","","","","","other","","other","","","","","","","","","","","","",""
"Denmark","DK.NERI.AQ","","NET-DK004A","""Danish Air Quality Monitoring Programme""","UTC+01","DK0031A","9155","""Odense/9155""","SPO-DK0031A_00015_100","Ni","10.393900","55.394450","10.000000","","urban","traffic","01/01/1987 00:00:00","31/12/2003 00:00:00","SPO_F-DK0031A_00015_100_100","3.0","","","","","","","","","","","0","","","","","","","","","","","","","","","SPP-Unknown","01/01/1987 00:00:00","31/12/2003 00:00:00","","","","","","","","","","","","","","","","","","","","",""
"Denmark","DK.NERI.AQ","","NET-DK004A","""Danish Air Quality Monitoring Programme""","UTC+01","DK0031A","9155","""Odense/9155""","SPO-DK0031A_00015_101","Ni","10.393900","55.394450","10.000000","","urban","traffic","01/02/2001 00:00:00","01/01/2010 00:00:00","SPO_F-DK0031A_00015_101_101","3.0","","","","","","","","","","","0","","","","","","","","","","","","","","","SPP-DK_N_00528_opsisSM200","01/02/2001 00:00:00","01/01/2010 00:00:00","active","","","","","other","","other","","","","","","","","","","","","",""
"Denmark","DK.NERI.AQ","2025","NET-DK004A","""Danish Air Quality Monitoring Programme""","UTC+01","DK0031A","9155","""Odense/9155""","SPO-DK0031A_00015_102","Ni","10.393800","55.394450","10.000000","m","urban","traffic","01/01/2010 00:00:00","01/01/2015 00:00:00","SPO_F-DK0031A_00015_102_102","3.7","m","4.0","m","2.0","m","","","Other sectors","","","0","","","","","Odense","","","","","","","","","5700","SPP-DK_N_ICP-MS_opsisSM200","01/01/2010 00:00:00","01/01/2015 00:00:00","active","","","","","","","ICP-MS","","ref","","","","","In preparation","1","day","1","day","http://cdr.eionet.europa.eu/dk/eu/aqd/d/colarw97g/envarw_cw/REP_D-DK_NERI_20251124_D-001.xml","05/12/2025 14:00:17"
"Denmark","DK.NERI.AQ","2025","NET-DK004A","""Danish Air Quality Monitoring Programme""","UTC+01","DK0031A","9155","""Odense/9155""","SPO-DK0031A_00015_102","Ni","10.393900","55.394450","10.000000","","urban","traffic","01/01/2010 00:00:00","","SPO_F-DK0031A_00015_102_102","3.0","","","","","","","","","","","0","","","","","","","","","","","","","","","SPP-DK_N_ICP-MS_opsisSM200","01/01/2010 00:00:00","","active","","","","","","","ICP-MS","","","","","","","","","","","","http://cdr.eionet.europa.eu/dk/eu/aqd/d/colarw97g/envarw_cw/REP_D-DK_NERI_20251124_D-001.xml","05/12/2025 14:00:17"
"Denmark","DK.NERI.AQ","2025","NET-DK004A","""Danish Air Quality Monitoring Programme""","UTC+01","DK0031A","9155","""Odense/9155""","SPO-DK0031A_00015_102","Ni","10.393900","55.394450","10.000000","","urban","traffic","01/01/2010 00:00:00","","SPO_F-DK0031A_00015_102_102","3.0","","","","","","","","","","","0","","","","","","","","","","","","","","","SPP-DK_N_ICP-MS_opsisSM200","01/01/2010 00:00:00","","active","","","","","other","","ICP-MS","","","","","","","","","","","","http://cdr.eionet.europa.eu/dk/eu/aqd/d/colarw97g/envarw_cw/REP_D-DK_NERI_20251124_D-001.xml","05/12/2025 14:00:17"
"Denmark","DK.NERI.AQ","","NET-DK004A","""Danish Air Quality Monitoring Programme""","UTC+01","DK0031A","9155","""Odense/9155""","SPO-DK0031A_00016_100","Cr","10.393900","55.394450","10.000000","","urban","traffic","01/01/1987 00:00:00","31/12/2003 00:00:00","SPO_F-DK0031A_00016_100_100","3.0","","","","","","","","","","","0","","","","","","","","","","","","","","","SPP-DK_N_00528_danishLMP-FP-ELEM","01/01/1987 00:00:00","31/12/2003 00:00:00","active","","","","","other","","other","","","","","","","","","","","","",""
"Denmark","DK.NERI.AQ","","NET-DK004A","""Danish Air Quality Monitoring Programme""","UTC+01","DK0031A","9155","""Odense/9155""","SPO-DK0031A_00016_100","Cr","10.393900","55.394450","10.000000","","urban","traffic","01/01/1987 00:00:00","31/12/2003 00:00:00","SPO_F-DK0031A_00016_100_100","3.0","","","","","","","","","","","0","","","","","","","","","","","","","","","SPP-Unknown","01/01/1987 00:00:00","31/12/2003 00:00:00","","","","","","","","","","","","","","","","","","","","",""
"Denmark","DK.NERI.AQ","","NET-DK004A","""Danish Air Quality Monitoring Programme""","UTC+01","DK0031A","9155","""Odense/9155""","SPO-DK0031A_00016_101","Cr","10.393900","55.394450","10.000000","","urban","traffic","01/02/2001 00:00:00","01/01/2010 00:00:00","SPO_F-DK0031A_00016_101_101","3.0","","","","","","","","","","","0","","","","","","","","","","","","","","","SPP-DK_N_00528_opsisSM200","01/02/2001 00:00:00","01/01/2010 00:00:00","active","","","","","other","","other","","","","","","","","","","","","",""
"Denmark","DK.NERI.AQ","","NET-DK004A","""Danish Air Quality Monitoring Programme""","UTC+01","DK0031A","9155","""Odense/9155""","SPO-DK0031A_00017_100","Mn","10.393900","55.394450","10.000000","","urban","traffic","01/01/1987 00:00:00","31/12/2003 00:00:00","SPO_F-DK0031A_00017_100_100","3.0","","","","","","","","","","","0","","","","","","","","","","","","","","","SPP-DK_N_00528_danishLMP-FP-ELEM","01/01/1987 00:00:00","31/12/2003 00:00:00","active","","","","","other","","other","","","","","","","","","","","","",""
"Denmark","DK.NERI.AQ","","NET-DK004A","""Danish Air Quality Monitoring Programme""","UTC+01","DK0031A","9155","""Odense/9155""","SPO-DK0031A_00017_100","Mn","10.393900","55.394450","10.000000","","urban","traffic","01/01/1987 00:00:00","31/12/2003 00:00:00","SPO_F-DK0031A_00017_100_100","3.0","","","","","","","","","","","0","","","","","","","","","","","","","","","SPP-Unknown","01/01/1987 00:00:00","31/12/2003 00:00:00","","","","","","","","","","","","","","","","","","","","",""
"Denmark","DK.NERI.AQ","2025","NET-DK004A","""Danish Air Quality Monitoring Programme""","UTC+01","DK0031A","9155","""Odense/9155""","SPO-DK0031A_00017_101","Mn","10.393900","55.394450","10.000000","","urban","traffic","01/02/2001 00:00:00","","SPO_F-DK0031A_00017_101_101","3.0","","","","","","","","","","","0","","","","","","","","","","","","","","","SPP-DK_N_00528_opsisSM200","01/02/2001 00:00:00","","active","","","","","other","","other","","","","","","","","","","","","http://cdr.eionet.europa.eu/dk/eu/aqd/d/colarw97g/envarw_cw/REP_D-DK_NERI_20251124_D-001.xml","05/12/2025 14:00:17"
"Denmark","DK.NERI.AQ","2025","NET-DK004A","""Danish Air Quality Monitoring Programme""","UTC+01","DK0031A","9155","""Odense/9155""","SPO-DK0031A_00017_101","Mn","10.393900","55.394450","10.000000","","urban","traffic","01/02/2001 00:00:00","","SPO_F-DK0031A_00017_101_101","3.0","","","","","","","","","","","0","","","","","","","","","","","","","","","SPP-DK_N_01306opsisSM200","01/02/2001 00:00:00","","active","","","","","","","other","","","","","","","","","","","","http://cdr.eionet.europa.eu/dk/eu/aqd/d/colarw97g/envarw_cw/REP_D-DK_NERI_20251124_D-001.xml","05/12/2025 14:00:17"
"Denmark","DK.NERI.AQ","2025","NET-DK004A","""Danish Air Quality Monitoring Programme""","UTC+01","DK0031A","9155","""Odense/9155""","SPO-DK0031A_00017_101","Mn","10.393800","55.394450","10.000000","m","urban","traffic","01/02/2001 00:00:00","01/01/2015 00:00:00","SPO_F-DK0031A_00017_101_101","3.7","m","4.0","m","2.0","m","","","Other sectors","","","0","","","","","Odense","","","","","","","","","5700","SPP-DK_N_01306opsisSM200","01/02/2001 00:00:00","01/01/2015 00:00:00","active","","","","","","","gravi","","no","","","","","In preparation","1","day","1","day","http://cdr.eionet.europa.eu/dk/eu/aqd/d/colarw97g/envarw_cw/REP_D-DK_NERI_20251124_D-001.xml","05/12/2025 14:00:17"
"Denmark","DK.NERI.AQ","","NET-DK004A","""Danish Air Quality Monitoring Programme""","UTC+01","DK0031A","9155","""Odense/9155""","SPO-DK0031A_00018_100","As","10.393900","55.394450","10.000000","","urban","traffic","01/01/1987 00:00:00","31/12/2003 00:00:00","SPO_F-DK0031A_00018_100_100","3.0","","","","","","","","","","","0","","","","","","","","","","","","","","","SPP-DK_N_00528_danishLMP-FP-ELEM","01/01/1987 00:00:00","31/12/2003 00:00:00","active","","","","","other","","other","","","","","","","","","","","","",""
"Denmark","DK.NERI.AQ","","NET-DK004A","""Danish Air Quality Monitoring Programme""","UTC+01","DK0031A","9155","""Odense/9155""","SPO-DK0031A_00018_100","As","10.393900","55.394450","10.000000","","urban","traffic","01/01/1987 00:00:00","31/12/2003 00:00:00","SPO_F-DK0031A_00018_100_100","3.0","","","","","","","","","","","0","","","","","","","","","","","","","","","SPP-Unknown","01/01/1987 00:00:00","31/12/2003 00:00:00","","","","","","","","","","","","","","","","","","","","",""
"Denmark","DK.NERI.AQ","","NET-DK004A","""Danish Air Quality Monitoring Programme""","UTC+01","DK0031A","9155","""Odense/9155""","SPO-DK0031A_00018_101","As","10.393900","55.394450","10.000000","","urban","traffic","01/02/2001 00:00:00","01/01/2010 00:00:00","SPO_F-DK0031A_00018_101_101","3.0","","","","","","","","","","","0","","","","","","","","","","","","","","","SPP-DK_N_00528_opsisSM200","01/02/2001 00:00:00","01/01/2010 00:00:00","active","","","","","other","","other","","","","","","","","","","","","",""
"Denmark","DK.NERI.AQ","2025","NET-DK004A","""Danish Air Quality Monitoring Programme""","UTC+01","DK0031A","9155","""Odense/9155""","SPO-DK0031A_00018_102","As","10.393800","55.394450","10.000000","m","urban","traffic","01/01/2010 00:00:00","01/01/2015 00:00:00","SPO_F-DK0031A_00018_102_102","3.7","m","4.0","m","2.0","m","","","Other sectors","","","0","","","","","Odense","","","","","","","","","5700","SPP-DK_N_ICP-MS_opsisSM200","01/01/2010 00:00:00","01/01/2015 00:00:00","active","","","","","","","ICP-MS","","ref","","","","","In preparation","1","day","1","day","http://cdr.eionet.europa.eu/dk/eu/aqd/d/colarw97g/envarw_cw/REP_D-DK_NERI_20251124_D-001.xml","05/12/2025 14:00:17"
"Denmark","DK.NERI.AQ","2025","NET-DK004A","""Danish Air Quality Monitoring Programme""","UTC+01","DK0031A","9155","""Odense/9155""","SPO-DK0031A_00018_102","As","10.393900","55.394450","10.000000","","urban","traffic","01/01/2010 00:00:00","","SPO_F-DK0031A_00018_102_102","3.0","","","","","","","","","","","0","","","","","","","","","","","","","","","SPP-DK_N_ICP-MS_opsisSM200","01/01/2010 00:00:00","","active","","","","","other","","ICP-MS","","","","","","","","","","","","http://cdr.eionet.europa.eu/dk/eu/aqd/d/colarw97g/envarw_cw/REP_D-DK_NERI_20251124_D-001.xml","05/12/2025 14:00:17"
"Denmark","DK.NERI.AQ","2025","NET-DK004A","""Danish Air Quality Monitoring Programme""","UTC+01","DK0031A","9155","""Odense/9155""","SPO-DK0031A_00018_102","As","10.393900","55.394450","10.000000","","urban","traffic","01/01/2010 00:00:00","","SPO_F-DK0031A_00018_102_102","3.0","","","","","","","","","","","0","","","","","","","","","","","","","","","SPP-DK_N_ICP-MS_opsisSM200","01/01/2010 00:00:00","","active","","","","","","","ICP-MS","","","","","","","","","","","","http://cdr.eionet.europa.eu/dk/eu/aqd/d/colarw97g/envarw_cw/REP_D-DK_NERI_20251124_D-001.xml","05/12/2025 14:00:17"
"Denmark","DK.NERI.AQ","","NET-DK004A","""Danish Air Quality Monitoring Programme""","UTC+01","DK0031A","9155","""Odense/9155""","SPO-DK0031A_00038_100","NO","10.393900","55.394450","10.000000","","urban","traffic","01/01/1987 00:00:00","31/12/1992 00:00:00","SPO_F-DK0031A_00038_100_100","0.0","","","","","","","","","","","0","","","","","","","","","","","","","","","SPP-DK_A_chemi_11000","01/01/1987 00:00:00","31/12/1992 00:00:00","automatic","chemi","","other","","","","","","","","","","","","","","","","",""
"Denmark","DK.NERI.AQ","","NET-DK004A","""Danish Air Quality Monitoring Programme""","UTC+01","DK0031A","9155","""Odense/9155""","SPO-DK0031A_00038_100","NO","10.393900","55.394450","10.000000","","urban","traffic","01/01/1987 00:00:00","31/12/1992 00:00:00","SPO_F-DK0031A_00038_100_100","0.0","","","","","","","","","","","0","","","","","","","","","","","","","","","SPP-Unknown","01/01/1987 00:00:00","31/12/1992 00:00:00","","","","","","","","","","","","","","","","","","","","",""
"Denmark","DK.NERI.AQ","2025","NET-DK004A","""Danish Air Quality Monitoring Programme""","UTC+01","DK0031A","9155","""Odense/9155""","SPO-DK0031A_00038_110","NO","10.393900","55.394450","10.000000","","urban","traffic","01/01/1987 00:00:00","","SPO_F-DK0031A_00038_110_110","3.0","","","","","","","","","","","0","","","","","","","","","","","","","","","SPP-DK_A_chemi_API","01/01/1987 00:00:00","","automatic","chemi","","","","","","","","","","","","","","","","","","http://cdr.eionet.europa.eu/dk/eu/aqd/d/colarw97g/envarw_cw/REP_D-DK_NERI_20251124_D-001.xml","05/12/2025 14:00:17"
"Denmark","DK.NERI.AQ","2025","NET-DK004A","""Danish Air Quality Monitoring Programme""","UTC+01","DK0031A","9155","""Odense/9155""","SPO-DK0031A_00038_110","NO","10.393800","55.394450","10.000000","m","urban","traffic","01/01/1987 00:00:00","01/01/2016 00:00:00","SPO_F-DK0031A_00038_110_110","3.7","m","4.0","m","2.0","m","","","Transport","","","0","","","","","Odense","","","","","","","","","5700","SPP-DK_A_chemi_API","01/01/1987 00:00:00","01/01/2016 00:00:00","automatic","chemi","","API200","","","","","","ref","","","","","In preparation","1","hour","1","second","http://cdr.eionet.europa.eu/dk/eu/aqd/d/colarw97g/envarw_cw/REP_D-DK_NERI_20251124_D-001.xml","05/12/2025 14:00:17"
"Denmark","DK.NERI.AQ","2025","NET-DK004A","""Danish Air Quality Monitoring Programme""","UTC+01","DK0031A","9155","""Odense/9155""","SPO-DK0031A_00038_110","NO","10.393900","55.394450","10.000000","","urban","traffic","01/01/1987 00:00:00","","SPO_F-DK0031A_00038_110_110","3.0","","","","","","","","","","","0","","","","","","","","","","","","","","","SPP-DK_A_chemi_API","01/01/1987 00:00:00","","automatic","chemi","","API","","","","","","","","","","","","","","","","http://cdr.eionet.europa.eu/dk/eu/aqd/d/colarw97g/envarw_cw/REP_D-DK_NERI_20251124_D-001.xml","05/12/2025 14:00:17"
"Denmark","DK.NERI.AQ","2025","NET-DK004A","""Danish Air Quality Monitoring Programme""","UTC+01","DK0031A","9155","""Odense/9155""","SPO-DK0031A_00047_100","SO4 (H2SO4 aerosols) (SO4--)","10.393900","55.394450","10.000000","","urban","traffic","01/01/1987 00:00:00","","SPO_F-DK0031A_00047_100_100","3.0","","","","","","","","","","","0","","","","","","","","","","","","","","","SPP-DK_N_00012danishLMP-FP-ELEM","01/01/1987 00:00:00","","active","","","","","","","other","","","","","","","","","","","","http://cdr.eionet.europa.eu/dk/eu/aqd/d/colarw97g/envarw_cw/REP_D-DK_NERI_20251124_D-001.xml","05/12/2025 14:00:17"
"Denmark","DK.NERI.AQ","2025","NET-DK004A","""Danish Air Quality Monitoring Programme""","UTC+01","DK0031A","9155","""Odense/9155""","SPO-DK0031A_00047_100","SO4 (H2SO4 aerosols) (SO4--)","10.393900","55.394450","10.000000","","urban","traffic","01/01/1987 00:00:00","","SPO_F-DK0031A_00047_100_100","3.0","","","","","","","","","","","0","","","","","","","","","","","","","","","SPP-DK_N_00528_danishLMP-FP-ELEM","01/01/1987 00:00:00","","active","","","","","other","","other","","","","","","","","","","","","http://cdr.eionet.europa.eu/dk/eu/aqd/d/colarw97g/envarw_cw/REP_D-DK_NERI_20251124_D-001.xml","05/12/2025 14:00:17"
"Denmark","DK.NERI.AQ","2025","NET-DK004A","""Danish Air Quality Monitoring Programme""","UTC+01","DK0031A","9155","""Odense/9155""","SPO-DK0031A_00047_100","SO4 (H2SO4 aerosols) (SO4--)","10.393800","55.394450","10.000000","m","urban","traffic","01/01/1987 00:00:00","01/01/2016 00:00:00","SPO_F-DK0031A_00047_100_100","3.7","m","4.0","m","2.0","m","","","Long-range transboundary transport","","","0","","","","","Odense","","","","","","","","","5700","SPP-DK_N_01306opsisSM200","01/01/1987 00:00:00","01/01/2016 00:00:00","active","","","","","","","gravi","","no","","","","","In preparation","1","day","1","day","http://cdr.eionet.europa.eu/dk/eu/aqd/d/colarw97g/envarw_cw/REP_D-DK_NERI_20251124_D-001.xml","05/12/2025 14:00:17"
"Denmark","DK.NERI.AQ","2025","NET-DK004A","""Danish Air Quality Monitoring Programme""","UTC+01","DK0031A","9155","""Odense/9155""","SPO-DK0031A_00047_101","SO4 (H2SO4 aerosols) (SO4--)","10.393900","55.394450","10.000000","","urban","traffic","01/02/2001 00:00:00","","SPO_F-DK0031A_00047_101_101","3.0","","","","","","","","","","","0","","","","","","","","","","","","","","","SPP-DK_N_00528_opsisSM200","01/02/2001 00:00:00","","active","","","","","other","","other","","","","","","","","","","","","http://cdr.eionet.europa.eu/dk/eu/aqd/d/colarw97g/envarw_cw/REP_D-DK_NERI_20251124_D-001.xml","05/12/2025 14:00:17"
"Denmark","DK.NERI.AQ","2025","NET-DK004A","""Danish Air Quality Monitoring Programme""","UTC+01","DK0031A","9155","""Odense/9155""","SPO-DK0031A_00047_101","SO4 (H2SO4 aerosols) (SO4--)","10.393800","55.394450","10.000000","m","urban","traffic","01/02/2001 00:00:00","01/01/2016 00:00:00","SPO_F-DK0031A_00047_101_101","3.7","m","4.0","m","2.0","m","","","Long-range transboundary transport","","","0","","","","","Odense","","","","","","","","","5700","SPP-DK_N_01306opsisSM200","01/02/2001 00:00:00","01/01/2016 00:00:00","active","","","","","","","gravi","","no","","","","","In preparation","1","day","1","day","http://cdr.eionet.europa.eu/dk/eu/aqd/d/colarw97g/envarw_cw/REP_D-DK_NERI_20251124_D-001.xml","05/12/2025 14:00:17"
"Denmark","DK.NERI.AQ","2025","NET-DK004A","""Danish Air Quality Monitoring Programme""","UTC+01","DK0031A","9155","""Odense/9155""","SPO-DK0031A_00047_101","SO4 (H2SO4 aerosols) (SO4--)","10.393900","55.394450","10.000000","","urban","traffic","01/02/2001 00:00:00","","SPO_F-DK0031A_00047_101_101","3.0","","","","","","","","","","","0","","","","","","","","","","","","","","","SPP-DK_N_01306opsisSM200","01/02/2001 00:00:00","","active","","","","","","","other","","","","","","","","","","","","http://cdr.eionet.europa.eu/dk/eu/aqd/d/colarw97g/envarw_cw/REP_D-DK_NERI_20251124_D-001.xml","05/12/2025 14:00:17"
"Denmark","DK.NERI.AQ","","NET-DK004A","""Danish Air Quality Monitoring Programme""","UTC+01","DK0031A","9155","""Odense/9155""","SPO-DK0031A_00048_100","Se","10.393900","55.394450","10.000000","","urban","traffic","01/01/1987 00:00:00","31/12/2003 00:00:00","SPO_F-DK0031A_00048_100_100","3.0","","","","","","","","","","","0","","","","","","","","","","","","","","","SPP-DK_N_00528_danishLMP-FP-ELEM","01/01/1987 00:00:00","31/12/2003 00:00:00","active","","","","","other","","other","","","","","","","","","","","","",""
"Denmark","DK.NERI.AQ","","NET-DK004A","""Danish Air Quality Monitoring Programme""","UTC+01","DK0031A","9155","""Odense/9155""","SPO-DK0031A_00048_101","Se","10.393900","55.394450","10.000000","","urban","traffic","01/02/2001 00:00:00","01/01/2010 00:00:00","SPO_F-DK0031A_00048_101_101","3.0","","","","","","","","","","","0","","","","","","","","","","","","","","","SPP-DK_N_00528_opsisSM200","01/02/2001 00:00:00","01/01/2010 00:00:00","active","","","","","other","","other","","","","","","","","","","","","",""
"Denmark","DK.NERI.AQ","","NET-DK004A","""Danish Air Quality Monitoring Programme""","UTC+01","DK0031A","9155","""Odense/9155""","SPO-DK0031A_00049_100","V","10.393900","55.394450","10.000000","","urban","traffic","01/01/1987 00:00:00","31/12/2003 00:00:00","SPO_F-DK0031A_00049_100_100","3.0","","","","","","","","","","","0","","","","","","","","","","","","","","","SPP-DK_N_00528_danishLMP-FP-ELEM","01/01/1987 00:00:00","31/12/2003 00:00:00","active","","","","","other","","other","","","","","","","","","","","","",""
"Denmark","DK.NERI.AQ","","NET-DK004A","""Danish Air Quality Monitoring Programme""","UTC+01","DK0031A","9155","""Odense/9155""","SPO-DK0031A_00049_101","V","10.393900","55.394450","10.000000","","urban","traffic","01/02/2001 00:00:00","01/01/2010 00:00:00","SPO_F-DK0031A_00049_101_101","3.0","","","","","","","","","","","0","","","","","","","","","","","","","","","SPP-DK_N_00528_opsisSM200","01/02/2001 00:00:00","01/01/2010 00:00:00","active","","","","","other","","other","","","","","","","","","","","","",""
"Denmark","DK.NERI.AQ","2025","NET-DK004A","""Danish Air Quality Monitoring Programme""","UTC+01","DK0031A","9155","""Odense/9155""","SPO-DK0031A_05012_100","Pb in PM10","10.393800","55.394450","10.000000","m","urban","traffic","01/01/2010 00:00:00","01/01/2016 00:00:00","SPO_F-DK0031A_05012_100_100","3.7","m","4.0","m","2.0","m","","","Transport","","","0","","","","","Odense","","","","","","","","","5700","SPP-DK_N_ICP-MS_opsisSM200","01/01/2010 00:00:00","01/01/2016 00:00:00","active","","","","","","","ICP-MS","","ref","","","","","In preparation","1","day","1","day","http://cdr.eionet.europa.eu/dk/eu/aqd/d/colarw97g/envarw_cw/REP_D-DK_NERI_20251124_D-001.xml","05/12/2025 14:00:17"
"Denmark","DK.NERI.AQ","2025","NET-DK004A","""Danish Air Quality Monitoring Programme""","UTC+01","DK0031A","9155","""Odense/9155""","SPO-DK0031A_05014_100","Cd in PM10","10.393800","55.394450","10.000000","m","urban","traffic","01/01/2010 00:00:00","01/01/2016 00:00:00","SPO_F-DK0031A_05014_100_100","3.7","m","4.0","m","2.0","m","","","Long-range transboundary transport","","","0","","","","","Odense","","","","","","","","","5700","SPP-DK_N_ICP-MS_opsisSM200","01/01/2010 00:00:00","01/01/2016 00:00:00","active","","","","","","","ICP-MS","","ref","","","","","In preparation","1","day","1","day","http://cdr.eionet.europa.eu/dk/eu/aqd/d/colarw97g/envarw_cw/REP_D-DK_NERI_20251124_D-001.xml","05/12/2025 14:00:17"
"Denmark","DK.NERI.AQ","2025","NET-DK004A","""Danish Air Quality Monitoring Programme""","UTC+01","DK0031A","9155","""Odense/9155""","SPO-DK0031A_05015_100","Ni in PM10","10.393800","55.394450","10.000000","m","urban","traffic","01/01/2010 00:00:00","01/01/2016 00:00:00","SPO_F-DK0031A_05015_100_100","3.7","m","4.0","m","2.0","m","","","Long-range transboundary transport","","","0","","","","","Odense","","","","","","","","","5700","SPP-DK_N_ICP-MS_opsisSM200","01/01/2010 00:00:00","01/01/2016 00:00:00","active","","","","","","","ICP-MS","","ref","","","","","In preparation","1","day","1","day","http://cdr.eionet.europa.eu/dk/eu/aqd/d/colarw97g/envarw_cw/REP_D-DK_NERI_20251124_D-001.xml","05/12/2025 14:00:17"
"Denmark","DK.NERI.AQ","2025","NET-DK004A","""Danish Air Quality Monitoring Programme""","UTC+01","DK0031A","9155","""Odense/9155""","SPO-DK0031A_05018_100","As in PM10","10.393800","55.394450","10.000000","m","urban","traffic","01/01/2010 00:00:00","01/01/2016 00:00:00","SPO_F-DK0031A_05018_100_100","3.7","m","4.0","m","2.0","m","","","Long-range transboundary transport","","","0","","","","","Odense","","","","","","","","","5700","SPP-DK_N_ICP-MS_opsisSM200","01/01/2010 00:00:00","01/01/2016 00:00:00","active","","","","","","","ICP-MS","","ref","","","","","In preparation","1","day","1","day","http://cdr.eionet.europa.eu/dk/eu/aqd/d/colarw97g/envarw_cw/REP_D-DK_NERI_20251124_D-001.xml","05/12/2025 14:00:17"
"Denmark","DK.NERI.AQ","2025","NET-DK004A","""Danish Air Quality Monitoring Programme""","UTC+01","DK0034A","1103","""Copenhagen/1103""","SPO-DK0034A_00001_100","SO2","12.571100","55.674300","5.000000","m","urban","traffic","01/01/1987 00:00:00","","SPO_F-DK0034A_00001_100_100","3.7","m","10.0","m","5.0","m","","","Transport","","","0","","","","","Copenhagen","","","","","","","","","51000","SPP-DK_N_0020200202","01/01/1987 00:00:00","","active","","","","","","","gravi","","no","","","","","In preparation","0","variable","0","other","http://cdr.eionet.europa.eu/dk/eu/aqd/d/colarw97g/envarw_cw/REP_D-DK_NERI_20251124_D-001.xml","05/12/2025 14:00:17"
"Denmark","DK.NERI.AQ","2025","NET-DK004A","""Danish Air Quality Monitoring Programme""","UTC+01","DK0034A","1103","""Copenhagen/1103""","SPO-DK0034A_00001_100","SO2","12.571110","55.669170","5.000000","","urban","traffic","01/01/1987 00:00:00","","SPO_F-DK0034A_00001_100_100","0.0","","","","","","","","","","","0","","","","","","","","","","","","","","","SPP-DK_N_0020200202","01/01/1987 00:00:00","","active","","","","","","","other","","","","","","","","","","","","http://cdr.eionet.europa.eu/dk/eu/aqd/d/colarw97g/envarw_cw/REP_D-DK_NERI_20251124_D-001.xml","05/12/2025 14:00:17"
"Denmark","DK.NERI.AQ","2014","NET-DK004A","""Danish Air Quality Monitoring Programme""","UTC+01","DK0034A","1103","""Copenhagen/1103""","SPO-DK0034A_00001_110","SO2","12.571110","55.669170","5.000000","","urban","traffic","01/01/1987 00:00:00","","SPO_F-DK0034A_00001_110_131","3.0","","","","","","","","","","","0","","","","","","","","","","","","","","","SPP-DK_A_UV-FL_API100","01/01/1987 00:00:00","","automatic","UV-FL","","","","","","","","","","","","","","","","","","http://cdr.eionet.europa.eu/dk/eu/aqd/d/envv0wp_g/REP_D-DK_NERI_201600505_D-001.xml","09/11/2024 01:20:34"
"Denmark","DK.NERI.AQ","2014","NET-DK004A","""Danish Air Quality Monitoring Programme""","UTC+01","DK0034A","1103","""Copenhagen/1103""","SPO-DK0034A_00001_110","SO2","12.571110","55.669170","5.000000","","urban","traffic","01/01/1987 00:00:00","","SPO_F-DK0034A_00001_110_110","3.0","","","","","","","","","","","0","","","","","","","","","","","","","","","SPP-DK_A_UV-FL_thermo43a","01/01/1987 00:00:00","","automatic","UV-FL","","","","","","","","","","","","","","","","","","http://cdr.eionet.europa.eu/dk/eu/aqd/d/envv0wp_g/REP_D-DK_NERI_201600505_D-001.xml","09/11/2024 01:20:34"
"Denmark","DK.NERI.AQ","2025","NET-DK004A","""Danish Air Quality Monitoring Programme""","UTC+01","DK0034A","1103","""Copenhagen/1103""","SPO-DK0034A_00005_100","PM10","12.571110","55.669170","5.000000","","urban","traffic","01/01/2004 00:00:00","","SPO_F-DK0034A_00005_100_100","3.0","","","","","","","","","","","0","","","","","","","","","","","","","","","SPP-DK_A_TEOM_TEOM1400A","01/01/2004 00:00:00","","automatic","TEOM","","","","","","","","","","","","","","","","","","http://cdr.eionet.europa.eu/dk/eu/aqd/d/colarw97g/envarw_cw/REP_D-DK_NERI_20251124_D-001.xml","05/12/2025 14:00:17"
"Denmark","DK.NERI.AQ","2025","NET-DK004A","""Danish Air Quality Monitoring Programme""","UTC+01","DK0034A","1103","""Copenhagen/1103""","SPO-DK0034A_00005_100","PM10","12.571100","55.674300","5.000000","m","urban","traffic","01/01/2004 00:00:00","01/01/2024 00:00:00","SPO_F-DK0034A_00005_100_100","3.7","m","10.0","m","5.0","m","","","Long-range transboundary transport","","","0","","","","","Copenhagen","","","","","","","","","51000","SPP-DK_A_TEOM_TEOM1400A","01/01/2004 00:00:00","01/01/2024 00:00:00","automatic","TEOM","","TEOM1400A","","","","","","no","","","","","In preparation","0","variable","30","minute","http://cdr.eionet.europa.eu/dk/eu/aqd/d/colarw97g/envarw_cw/REP_D-DK_NERI_20251124_D-001.xml","05/12/2025 14:00:17"
"Denmark","DK.NERI.AQ","2025","NET-DK004A","""Danish Air Quality Monitoring Programme""","UTC+01","DK0034A","1103","""Copenhagen/1103""","SPO-DK0034A_00005_101","PM10","12.571100","55.674300","5.000000","m","urban","traffic","01/01/2006 00:00:00","01/01/2013 00:00:00","SPO_F-DK0034A_00005_101_101","3.7","m","10.0","m","5.0","m","","","Long-range transboundary transport","","","0","","","","","Copenhagen","","","","","","","","","51000","SPP-DK_A_BETA_01112","01/01/2006 00:00:00","01/01/2013 00:00:00","automatic","BETA","","opsisSM200","","","","","","yes","http://envs2.au.dk/Metodedokumentation/SM200_PM10_comp_with_the_stand_method.pdf","","","","In preparation","1","day","1","hour","http://cdr.eionet.europa.eu/dk/eu/aqd/d/colarw97g/envarw_cw/REP_D-DK_NERI_20251124_D-001.xml","05/12/2025 14:00:17"
"Denmark","DK.NERI.AQ","2025","NET-DK004A","""Danish Air Quality Monitoring Programme""","UTC+01","DK0034A","1103","""Copenhagen/1103""","SPO-DK0034A_00005_101","PM10","12.571100","55.674300","5.000000","m","urban","traffic","01/01/2006 00:00:00","01/01/2013 00:00:00","SPO_F-DK0034A_00005_101_102","3.7","m","10.0","m","5.0","m","","","Long-range transboundary transport","","","0","","","","","Copenhagen","","","","","","","","","51000","SPP-DK_N_gravi_01788","01/01/2006 00:00:00","01/01/2013 00:00:00","active","","","","","","","gravi","","ref","","","","","In preparation","1","day","1","hour","http://cdr.eionet.europa.eu/dk/eu/aqd/d/colarw97g/envarw_cw/REP_D-DK_NERI_20251124_D-001.xml","05/12/2025 14:00:17"
"Denmark","DK.NERI.AQ","2025","NET-DK004A","""Danish Air Quality Monitoring Programme""","UTC+01","DK0034A","1103","""Copenhagen/1103""","SPO-DK0034A_00005_103","PM10","12.571100","55.674300","5.000000","m","urban","traffic","01/01/2013 00:00:00","","SPO_F-DK0034A_00005_103_103","3.7","m","10.0","m","5.0","m","","","Long-range transboundary transport","","","0","","","","","Copenhagen","","","","","","","","","51000","SPP-DK_N_gravi_01788","01/01/2013 00:00:00","","active","","","","","","","gravi","","ref","","","","","In preparation","1","day","1","hour","http://cdr.eionet.europa.eu/dk/eu/aqd/d/colarw97g/envarw_cw/REP_D-DK_NERI_20251124_D-001.xml","05/12/2025 14:00:17"
"Denmark","DK.NERI.AQ","2025","NET-DK004A","""Danish Air Quality Monitoring Programme""","UTC+01","DK0034A","1103","""Copenhagen/1103""","SPO-DK0034A_00005_103","PM10","12.571110","55.669170","5.000000","","urban","traffic","01/01/2013 00:00:00","","SPO_F-DK0034A_00005_103_103","3.0","","","","","","","","","","","0","","","","","","","","","","","","","","","SPP-DK_N_gravi_01788","01/01/2013 00:00:00","","active","","","","","","","gravi","","","","","","","","","","","","http://cdr.eionet.europa.eu/dk/eu/aqd/d/colarw97g/envarw_cw/REP_D-DK_NERI_20251124_D-001.xml","05/12/2025 14:00:17"
"Denmark","DK.NERI.AQ","2025","NET-DK004A","""Danish Air Quality Monitoring Programme""","UTC+01","DK0034A","1103","""Copenhagen/1103""","SPO-DK0034A_00005_105","PM10","12.571100","55.674300","5.000000","m","urban","traffic","01/09/2024 00:00:00","","SPO_F-DK0034A_00005_105_100","3.7","m","10.0","m","5.0","m","","","Long-range transboundary transport","","","0","","","","","Copenhagen","","","","","","","","","51000","SPP-DK-N-Bam_PM","01/09/2024 00:00:00","","automatic","BETA","","BAM1020","","","","","","no","","","","","In preparation","1","hour","1","hour","http://cdr.eionet.europa.eu/dk/eu/aqd/d/colarw97g/envarw_cw/REP_D-DK_NERI_20251124_D-001.xml","05/12/2025 14:00:17"
"Denmark","DK.NERI.AQ","2025","NET-DK004A","""Danish Air Quality Monitoring Programme""","UTC+01","DK0034A","1103","""Copenhagen/1103""","SPO-DK0034A_00007_100","O3","12.571100","55.674300","5.000000","m","urban","traffic","01/01/1987 00:00:00","","SPO_F-DK0034A_00007_100_100","3.7","m","10.0","m","5.0","m","","","Long-range transboundary transport","","","0","","","","","Copenhagen","","","","","","","","","51000","SPP-DK_A_UV-P_ML8810","01/01/1987 00:00:00","","automatic","UV-P","","ML8810","","","","","","ref","","","","","In preparation","1","hour","0","other","http://cdr.eionet.europa.eu/dk/eu/aqd/d/colarw97g/envarw_cw/REP_D-DK_NERI_20251124_D-001.xml","05/12/2025 14:00:17"
"Denmark","DK.NERI.AQ","2025","NET-DK004A","""Danish Air Quality Monitoring Programme""","UTC+01","DK0034A","1103","""Copenhagen/1103""","SPO-DK0034A_00007_100","O3","12.571110","55.669170","5.000000","","urban","traffic","01/01/1987 00:00:00","","SPO_F-DK0034A_00007_100_100","3.0","","","","","","","","","","","0","","","","","","","","","","","","","","","SPP-DK_A_UV-P_ML8810","01/01/1987 00:00:00","","automatic","UV-P","","","","","","","","","","","","","","","","","","http://cdr.eionet.europa.eu/dk/eu/aqd/d/colarw97g/envarw_cw/REP_D-DK_NERI_20251124_D-001.xml","05/12/2025 14:00:17"
"Denmark","DK.NERI.AQ","2025","NET-DK004A","""Danish Air Quality Monitoring Programme""","UTC+01","DK0034A","1103","""Copenhagen/1103""","SPO-DK0034A_00008_110","NO2","12.571100","55.674300","5.000000","m","urban","traffic","01/01/1987 00:00:00","","SPO_F-DK0034A_00008_110_110","3.7","m","10.0","m","5.0","m","","","Transport","","","0","","","","","Copenhagen","","","","","","","","","51000","SPP-DK_A_chemi_API","01/01/1987 00:00:00","","automatic","chemi","","API200","","","","","","ref","","","","","In preparation","1","hour","1","second","http://cdr.eionet.europa.eu/dk/eu/aqd/d/colarw97g/envarw_cw/REP_D-DK_NERI_20251124_D-001.xml","05/12/2025 14:00:17"
"Denmark","DK.NERI.AQ","2025","NET-DK004A","""Danish Air Quality Monitoring Programme""","UTC+01","DK0034A","1103","""Copenhagen/1103""","SPO-DK0034A_00008_110","NO2","12.571110","55.669170","5.000000","","urban","traffic","01/01/1987 00:00:00","","SPO_F-DK0034A_00008_110_110","3.0","","","","","","","","","","","0","","","","","","","","","","","","","","","SPP-DK_A_chemi_API","01/01/1987 00:00:00","","automatic","chemi","","","","","","","","","","","","","","","","","","http://cdr.eionet.europa.eu/dk/eu/aqd/d/colarw97g/envarw_cw/REP_D-DK_NERI_20251124_D-001.xml","05/12/2025 14:00:17"
"Denmark","DK.NERI.AQ","2025","NET-DK004A","""Danish Air Quality Monitoring Programme""","UTC+01","DK0034A","1103","""Copenhagen/1103""","SPO-DK0034A_00009_100","NOX as NO2","12.571110","55.669170","5.000000","","urban","traffic","01/01/1987 00:00:00","","SPO_F-DK0034A_00009_100_100","3.0","","","","","","","","","","","0","","","","","","","","","","","","","","","SPP-DK_A_chemi_API","01/01/1987 00:00:00","","automatic","chemi","","","","","","","","","","","","","","","","","","http://cdr.eionet.europa.eu/dk/eu/aqd/d/colarw97g/envarw_cw/REP_D-DK_NERI_20251124_D-001.xml","05/12/2025 14:00:17"
"Denmark","DK.NERI.AQ","2025","NET-DK004A","""Danish Air Quality Monitoring Programme""","UTC+01","DK0034A","1103","""Copenhagen/1103""","SPO-DK0034A_00009_100","NOX as NO2","12.571100","55.674300","5.000000","m","urban","traffic","01/01/1987 00:00:00","","SPO_F-DK0034A_00009_100_100","3.7","m","10.0","m","5.0","m","","","Transport","","","0","","","","","Copenhagen","","","","","","","","","51000","SPP-DK_A_chemi_API","01/01/1987 00:00:00","","automatic","chemi","","API200","","","","","","ref","","","","","In preparation","1","hour","1","second","http://cdr.eionet.europa.eu/dk/eu/aqd/d/colarw97g/envarw_cw/REP_D-DK_NERI_20251124_D-001.xml","05/12/2025 14:00:17"
"Denmark","DK.NERI.AQ","2025","NET-DK004A","""Danish Air Quality Monitoring Programme""","UTC+01","DK0034A","1103","""Copenhagen/1103""","SPO-DK0034A_00010_100","CO","12.571110","55.669170","5.000000","","urban","traffic","01/01/1987 00:00:00","","SPO_F-DK0034A_00010_100_100","3.0","","","","","","","","","","","0","","","","","","","","","","","","","","","SPP-DK_A_NDIR_07088","01/01/1987 00:00:00","","automatic","NDIR","","","","","","","","","","","","","","","","","","http://cdr.eionet.europa.eu/dk/eu/aqd/d/colarw97g/envarw_cw/REP_D-DK_NERI_20251124_D-001.xml","05/12/2025 14:00:17"
"Denmark","DK.NERI.AQ","2025","NET-DK004A","""Danish Air Quality Monitoring Programme""","UTC+01","DK0034A","1103","""Copenhagen/1103""","SPO-DK0034A_00010_100","CO","12.571100","55.674300","5.000000","m","urban","traffic","01/01/1987 00:00:00","","SPO_F-DK0034A_00010_100_100","3.7","m","10.0","m","5.0","m","","","Transport","","","0","","","","","Copenhagen","","","","","","","","","51000","SPP-DK_A_NDIR_07088","01/01/1987 00:00:00","","automatic","NDIR","","thermo48","","","","","","ref","","","","","In preparation","1","hour","0","other","http://cdr.eionet.europa.eu/dk/eu/aqd/d/colarw97g/envarw_cw/REP_D-DK_NERI_20251124_D-001.xml","05/12/2025 14:00:17"
"Denmark","DK.NERI.AQ","2025","NET-DK004A","""Danish Air Quality Monitoring Programme""","UTC+01","DK0034A","1103","""Copenhagen/1103""","SPO-DK0034A_00010_100","CO","12.571110","55.669170","5.000000","","urban","traffic","01/01/1987 00:00:00","","SPO_F-DK0034A_00010_100_101","3.0","","","","","","","","","","","0","","","","","","","","","","","","","","","SPP-DK_A_NDIR_API","01/01/1987 00:00:00","","automatic","NDIR","","","","","","","","","","","","","","","","","","http://cdr.eionet.europa.eu/dk/eu/aqd/d/colarw97g/envarw_cw/REP_D-DK_NERI_20251124_D-001.xml","05/12/2025 14:00:17"
"Denmark","DK.NERI.AQ","2025","NET-DK004A","""Danish Air Quality Monitoring Programme""","UTC+01","DK0034A","1103","""Copenhagen/1103""","SPO-DK0034A_00010_100","CO","12.571100","55.674300","5.000000","m","urban","traffic","01/01/1987 00:00:00","","SPO_F-DK0034A_00010_100_101","3.7","m","10.0","m","5.0","m","","","Transport","","","0","","","","","Copenhagen","","","","","","","","","51000","SPP-DK_A_NDIR_API","01/01/1987 00:00:00","","automatic","NDIR","","API","","","","","","ref","","","","","In preparation","1","hour","0","other","http://cdr.eionet.europa.eu/dk/eu/aqd/d/colarw97g/envarw_cw/REP_D-DK_NERI_20251124_D-001.xml","05/12/2025 14:00:17"
"Denmark","DK.NERI.AQ","2025","NET-DK004A","""Danish Air Quality Monitoring Programme""","UTC+01","DK0034A","1103","""Copenhagen/1103""","SPO-DK0034A_00012_112","Pb","12.571110","55.669170","5.000000","","urban","traffic","01/01/2010 00:00:00","","SPO_F-DK0034A_00012_112_112","3.0","","","","","","","","","","","0","","","","","","","","","","","","","","","SPP-DK_N_ICP-MS_opsisSM200","01/01/2010 00:00:00","","active","","","","","","","ICP-MS","","","","","","","","","","","","http://cdr.eionet.europa.eu/dk/eu/aqd/d/colarw97g/envarw_cw/REP_D-DK_NERI_20251124_D-001.xml","05/12/2025 14:00:17"
"Denmark","DK.NERI.AQ","2025","NET-DK004A","""Danish Air Quality Monitoring Programme""","UTC+01","DK0034A","1103","""Copenhagen/1103""","SPO-DK0034A_00012_112","Pb","12.571100","55.674300","5.000000","m","urban","traffic","01/01/2010 00:00:00","01/01/2015 00:00:00","SPO_F-DK0034A_00012_112_112","3.7","m","10.0","m","5.0","m","","","Transport","","","0","","","","","Copenhagen","","","","","","","","","51000","SPP-DK_N_ICP-MS_opsisSM200","01/01/2010 00:00:00","01/01/2015 00:00:00","active","","","","","","","ICP-MS","","ref","","","","","In preparation","1","day","1","day","http://cdr.eionet.europa.eu/dk/eu/aqd/d/colarw97g/envarw_cw/REP_D-DK_NERI_20251124_D-001.xml","05/12/2025 14:00:17"
"Denmark","DK.NERI.AQ","2025","NET-DK004A","""Danish Air Quality Monitoring Programme""","UTC+01","DK0034A","1103","""Copenhagen/1103""","SPO-DK0034A_00014_112","Cd","12.571100","55.674300","5.000000","m","urban","traffic","01/01/2010 00:00:00","01/01/2015 00:00:00","SPO_F-DK0034A_00014_112_112","3.7","m","10.0","m","5.0","m","","","Long-range transboundary transport","","","0","","","","","Copenhagen","","","","","","","","","51000","SPP-DK_N_ICP-MS_opsisSM200","01/01/2010 00:00:00","01/01/2015 00:00:00","active","","","","","","","ICP-MS","","ref","","","","","In preparation","1","day","1","day","http://cdr.eionet.europa.eu/dk/eu/aqd/d/colarw97g/envarw_cw/REP_D-DK_NERI_20251124_D-001.xml","05/12/2025 14:00:17"
"Denmark","DK.NERI.AQ","2025","NET-DK004A","""Danish Air Quality Monitoring Programme""","UTC+01","DK0034A","1103","""Copenhagen/1103""","SPO-DK0034A_00014_112","Cd","12.571110","55.669170","5.000000","","urban","traffic","01/01/2010 00:00:00","","SPO_F-DK0034A_00014_112_112","3.0","","","","","","","","","","","0","","","","","","","","","","","","","","","SPP-DK_N_ICP-MS_opsisSM200","01/01/2010 00:00:00","","active","","","","","","","ICP-MS","","","","","","","","","","","","http://cdr.eionet.europa.eu/dk/eu/aqd/d/colarw97g/envarw_cw/REP_D-DK_NERI_20251124_D-001.xml","05/12/2025 14:00:17"
"Denmark","DK.NERI.AQ","2025","NET-DK004A","""Danish Air Quality Monitoring Programme""","UTC+01","DK0034A","1103","""Copenhagen/1103""","SPO-DK0034A_00015_102","Ni","12.571110","55.669170","5.000000","","urban","traffic","01/01/2010 00:00:00","","SPO_F-DK0034A_00015_102_102","3.0","","","","","","","","","","","0","","","","","","","","","","","","","","","SPP-DK_N_ICP-MS_opsisSM200","01/01/2010 00:00:00","","active","","","","","","","ICP-MS","","","","","","","","","","","","http://cdr.eionet.europa.eu/dk/eu/aqd/d/colarw97g/envarw_cw/REP_D-DK_NERI_20251124_D-001.xml","05/12/2025 14:00:17"
"Denmark","DK.NERI.AQ","2025","NET-DK004A","""Danish Air Quality Monitoring Programme""","UTC+01","DK0034A","1103","""Copenhagen/1103""","SPO-DK0034A_00015_102","Ni","12.571100","55.674300","5.000000","m","urban","traffic","01/01/2010 00:00:00","01/01/2015 00:00:00","SPO_F-DK0034A_00015_102_102","3.7","m","10.0","m","5.0","m","","","Long-range transboundary transport","","","0","","","","","Copenhagen","","","","","","","","","51000","SPP-DK_N_ICP-MS_opsisSM200","01/01/2010 00:00:00","01/01/2015 00:00:00","active","","","","","","","ICP-MS","","ref","","","","","In preparation","1","day","1","day","http://cdr.eionet.europa.eu/dk/eu/aqd/d/colarw97g/envarw_cw/REP_D-DK_NERI_20251124_D-001.xml","05/12/2025 14:00:17"
"Denmark","DK.NERI.AQ","2025","NET-DK004A","""Danish Air Quality Monitoring Programme""","UTC+01","DK0034A","1103","""Copenhagen/1103""","SPO-DK0034A_00016_101","Cr","12.571110","55.669170","5.000000","","urban","traffic","01/01/2006 00:00:00","","SPO_F-DK0034A_00016_101_101","3.0","","","","","","","","","","","0","","","","","","","","","","","","","","","SPP-DK_N_01306opsisSM200","01/01/2006 00:00:00","","active","","","","","","","other","","","","","","","","","","","","http://cdr.eionet.europa.eu/dk/eu/aqd/d/colarw97g/envarw_cw/REP_D-DK_NERI_20251124_D-001.xml","05/12/2025 14:00:17"
"Denmark","DK.NERI.AQ","2025","NET-DK004A","""Danish Air Quality Monitoring Programme""","UTC+01","DK0034A","1103","""Copenhagen/1103""","SPO-DK0034A_00016_101","Cr","12.571100","55.674300","5.000000","m","urban","traffic","01/01/2006 00:00:00","01/01/2010 00:00:00","SPO_F-DK0034A_00016_101_101","3.7","m","10.0","m","5.0","m","","","Long-range transboundary transport","","","0","","","","","Copenhagen","","","","","","","","","51000","SPP-DK_N_01306opsisSM200","01/01/2006 00:00:00","01/01/2010 00:00:00","active","","","","","","","gravi","","no","","","","","In preparation","1","day","1","day","http://cdr.eionet.europa.eu/dk/eu/aqd/d/colarw97g/envarw_cw/REP_D-DK_NERI_20251124_D-001.xml","05/12/2025 14:00:17"
"Denmark","DK.NERI.AQ","2025","NET-DK004A","""Danish Air Quality Monitoring Programme""","UTC+01","DK0034A","1103","""Copenhagen/1103""","SPO-DK0034A_00018_102","As","12.571110","55.669170","5.000000","","urban","traffic","01/01/2010 00:00:00","","SPO_F-DK0034A_00018_102_102","3.0","","","","","","","","","","","0","","","","","","","","","","","","","","","SPP-DK_N_ICP-MS_opsisSM200","01/01/2010 00:00:00","","active","","","","","","","ICP-MS","","","","","","","","","","","","http://cdr.eionet.europa.eu/dk/eu/aqd/d/colarw97g/envarw_cw/REP_D-DK_NERI_20251124_D-001.xml","05/12/2025 14:00:17"
"Denmark","DK.NERI.AQ","2025","NET-DK004A","""Danish Air Quality Monitoring Programme""","UTC+01","DK0034A","1103","""Copenhagen/1103""","SPO-DK0034A_00018_102","As","12.571100","55.674300","5.000000","m","urban","traffic","01/01/2010 00:00:00","01/01/2015 00:00:00","SPO_F-DK0034A_00018_102_102","3.7","m","10.0","m","5.0","m","","","Long-range transboundary transport","","","0","","","","","Copenhagen","","","","","","","","","51000","SPP-DK_N_ICP-MS_opsisSM200","01/01/2010 00:00:00","01/01/2015 00:00:00","active","","","","","","","ICP-MS","","ref","","","","","In preparation","1","day","1","day","http://cdr.eionet.europa.eu/dk/eu/aqd/d/colarw97g/envarw_cw/REP_D-DK_NERI_20251124_D-001.xml","05/12/2025 14:00:17"
"Denmark","DK.NERI.AQ","2025","NET-DK004A","""Danish Air Quality Monitoring Programme""","UTC+01","DK0034A","1103","""Copenhagen/1103""","SPO-DK0034A_00020_100","C6H6","12.571100","55.674300","5.000000","m","urban","traffic","01/01/2006 00:00:00","01/01/2015 00:00:00","SPO_F-DK0034A_00020_100_100","3.7","m","10.0","m","5.0","m","","","Transport","","","0","","","","","Copenhagen","","","","","","","","","51000","SPP-DK_A_5060350603","01/01/2006 00:00:00","01/01/2015 00:00:00","automatic","GC-FID","","airmoVOC_BTX","","","","","","no","","","","","In preparation","0","variable","30","minute","http://cdr.eionet.europa.eu/dk/eu/aqd/d/colarw97g/envarw_cw/REP_D-DK_NERI_20251124_D-001.xml","05/12/2025 14:00:17"
"Denmark","DK.NERI.AQ","2025","NET-DK004A","""Danish Air Quality Monitoring Programme""","UTC+01","DK0034A","1103","""Copenhagen/1103""","SPO-DK0034A_00020_100","C6H6","12.571110","55.669170","5.000000","","urban","traffic","01/01/2006 00:00:00","","SPO_F-DK0034A_00020_100_100","3.0","","","","","","","","","","","0","","","","","","","","","","","","","","","SPP-DK_A_5060350603","01/01/2006 00:00:00","","automatic","other","","","","","","","","","","","","","","","","","","http://cdr.eionet.europa.eu/dk/eu/aqd/d/colarw97g/envarw_cw/REP_D-DK_NERI_20251124_D-001.xml","05/12/2025 14:00:17"
"Denmark","DK.NERI.AQ","2025","NET-DK004A","""Danish Air Quality Monitoring Programme""","UTC+01","DK0034A","1103","""Copenhagen/1103""","SPO-DK0034A_00020_101","C6H6","12.571100","55.674300","5.000000","m","urban","traffic","01/07/2008 00:00:00","","SPO_F-DK0034A_00020_101_101","3.7","m","10.0","m","5.0","m","","","Transport","","","0","","","","","Copenhagen","","","","","","","","","51000","SPP-DK_N_GC-MS_01969","01/07/2008 00:00:00","","active","","","","","LVSauto2.3","","GC-MS","","ref","","","","","In preparation","5","day","5","day","http://cdr.eionet.europa.eu/dk/eu/aqd/d/colarw97g/envarw_cw/REP_D-DK_NERI_20251124_D-001.xml","05/12/2025 14:00:17"
"Denmark","DK.NERI.AQ","2025","NET-DK004A","""Danish Air Quality Monitoring Programme""","UTC+01","DK0034A","1103","""Copenhagen/1103""","SPO-DK0034A_00020_101","C6H6","12.571110","55.669170","5.000000","","urban","traffic","01/07/2008 00:00:00","","SPO_F-DK0034A_00020_101_101","4.0","","","","","","","","","","","0","","","","","","","","","","","","","","","SPP-DK_N_GC-MS_01969","01/07/2008 00:00:00","","active","","","","","","","GC-MS","","","","","","","","","","","","http://cdr.eionet.europa.eu/dk/eu/aqd/d/colarw97g/envarw_cw/REP_D-DK_NERI_20251124_D-001.xml","05/12/2025 14:00:17"
"Denmark","DK.NERI.AQ","2025","NET-DK004A","""Danish Air Quality Monitoring Programme""","UTC+01","DK0034A","1103","""Copenhagen/1103""","SPO-DK0034A_00021_100","C6H5-CH3","12.571100","55.674300","5.000000","m","urban","traffic","01/01/2006 00:00:00","01/01/2015 00:00:00","SPO_F-DK0034A_00021_100_100","3.7","m","10.0","m","5.0","m","","","Fugitive Emissions from Fuels","","","0","","","","","Copenhagen","","","","","","","","","51000","SPP-DK_A_5060350603","01/01/2006 00:00:00","01/01/2015 00:00:00","automatic","GC-FID","","airmoVOC_BTX","","","","","","no","","","","","In preparation","0","variable","30","minute","http://cdr.eionet.europa.eu/dk/eu/aqd/d/colarw97g/envarw_cw/REP_D-DK_NERI_20251124_D-001.xml","05/12/2025 14:00:17"
"Denmark","DK.NERI.AQ","2025","NET-DK004A","""Danish Air Quality Monitoring Programme""","UTC+01","DK0034A","1103","""Copenhagen/1103""","SPO-DK0034A_00021_100","C6H5-CH3","12.571110","55.669170","5.000000","","urban","traffic","01/01/2006 00:00:00","","SPO_F-DK0034A_00021_100_100","3.0","","","","","","","","","","","0","","","","","","","","","","","","","","","SPP-DK_A_5140151401","01/01/2006 00:00:00","","automatic","other","","","","","","","","","","","","","","","","","","http://cdr.eionet.europa.eu/dk/eu/aqd/d/colarw97g/envarw_cw/REP_D-DK_NERI_20251124_D-001.xml","05/12/2025 14:00:17"
"Denmark","DK.NERI.AQ","2025","NET-DK004A","""Danish Air Quality Monitoring Programme""","UTC+01","DK0034A","1103","""Copenhagen/1103""","SPO-DK0034A_00021_101","C6H5-CH3","12.571110","55.669170","5.000000","","urban","traffic","01/07/2008 00:00:00","","SPO_F-DK0034A_00021_101_101","4.0","","","","","","","","","","","0","","","","","","","","","","","","","","","SPP-DK_N_GC-MS_01969","01/07/2008 00:00:00","","active","","","","","","","GC-MS","","","","","","","","","","","","http://cdr.eionet.europa.eu/dk/eu/aqd/d/colarw97g/envarw_cw/REP_D-DK_NERI_20251124_D-001.xml","05/12/2025 14:00:17"
"Denmark","DK.NERI.AQ","2025","NET-DK004A","""Danish Air Quality Monitoring Programme""","UTC+01","DK0034A","1103","""Copenhagen/1103""","SPO-DK0034A_00021_101","C6H5-CH3","12.571100","55.674300","5.000000","m","urban","traffic","01/07/2008 00:00:00","","SPO_F-DK0034A_00021_101_101","3.7","m","10.0","m","5.0","m","","","Fugitive Emissions from Fuels","","","0","","","","","Copenhagen","","","","","","","","","51000","SPP-DK_N_GC-MS_01969","01/07/2008 00:00:00","","active","","","","","LVSauto2.3","","GC-MS","","ref","","","","","In preparation","5","day","5","day","http://cdr.eionet.europa.eu/dk/eu/aqd/d/colarw97g/envarw_cw/REP_D-DK_NERI_20251124_D-001.xml","05/12/2025 14:00:17"
"Denmark","DK.NERI.AQ","2025","NET-DK004A","""Danish Air Quality Monitoring Programme""","UTC+01","DK0034A","1103","""Copenhagen/1103""","SPO-DK0034A_00038_110","NO","12.571100","55.674300","5.000000","m","urban","traffic","01/01/1987 00:00:00","","SPO_F-DK0034A_00038_110_110","3.7","m","10.0","m","5.0","m","","","Transport","","","0","","","","","Copenhagen","","","","","","","","","51000","SPP-DK_A_chemi_API","01/01/1987 00:00:00","","automatic","chemi","","API200","","","","","","ref","","","","","In preparation","1","hour","1","second","http://cdr.eionet.europa.eu/dk/eu/aqd/d/colarw97g/envarw_cw/REP_D-DK_NERI_20251124_D-001.xml","05/12/2025 14:00:17"
"Denmark","DK.NERI.AQ","2025","NET-DK004A","""Danish Air Quality Monitoring Programme""","UTC+01","DK0034A","1103","""Copenhagen/1103""","SPO-DK0034A_00038_110","NO","12.571110","55.669170","5.000000","","urban","traffic","01/01/1987 00:00:00","","SPO_F-DK0034A_00038_110_110","3.0","","","","","","","","","","","0","","","","","","","","","","","","","","","SPP-DK_A_chemi_thermo14B","01/01/1987 00:00:00","","automatic","chemi","","","","","","","","","","","","","","","","","","http://cdr.eionet.europa.eu/dk/eu/aqd/d/colarw97g/envarw_cw/REP_D-DK_NERI_20251124_D-001.xml","05/12/2025 14:00:17"
"Denmark","DK.NERI.AQ","2025","NET-DK004A","""Danish Air Quality Monitoring Programme""","UTC+01","DK0034A","1103","""Copenhagen/1103""","SPO-DK0034A_00047_101","SO4 (H2SO4 aerosols) (SO4--)","12.571100","55.674300","5.000000","m","urban","traffic","01/01/2006 00:00:00","01/01/2014 00:00:00","SPO_F-DK0034A_00047_101_101","3.7","m","10.0","m","5.0","m","","","Long-range transboundary transport","","","0","","","","","Copenhagen","","","","","","","","","51000","SPP-DK_N_01306opsisSM200","01/01/2006 00:00:00","01/01/2014 00:00:00","active","","","","","","","gravi","","no","","","","","In preparation","1","day","1","day","http://cdr.eionet.europa.eu/dk/eu/aqd/d/colarw97g/envarw_cw/REP_D-DK_NERI_20251124_D-001.xml","05/12/2025 14:00:17"
"Denmark","DK.NERI.AQ","2025","NET-DK004A","""Danish Air Quality Monitoring Programme""","UTC+01","DK0034A","1103","""Copenhagen/1103""","SPO-DK0034A_00047_101","SO4 (H2SO4 aerosols) (SO4--)","12.571110","55.669170","5.000000","","urban","traffic","01/01/2006 00:00:00","","SPO_F-DK0034A_00047_101_101","3.0","","","","","","","","","","","0","","","","","","","","","","","","","","","SPP-DK_N_01306opsisSM200","01/01/2006 00:00:00","","active","","","","","","","other","","","","","","","","","","","","http://cdr.eionet.europa.eu/dk/eu/aqd/d/colarw97g/envarw_cw/REP_D-DK_NERI_20251124_D-001.xml","05/12/2025 14:00:17"
"Denmark","DK.NERI.AQ","2025","NET-DK004A","""Danish Air Quality Monitoring Programme""","UTC+01","DK0034A","1103","""Copenhagen/1103""","SPO-DK0034A_01045_100","NH4+ in PM2.5","12.571100","55.674300","5.000000","m","urban","traffic","01/01/2011 00:00:00","01/01/2016 00:00:00","SPO_F-DK0034A_01045_100_100","3.7","m","10.0","m","5.0","m","","","Secondary aerosols","","","0","","","","","Copenhagen","","","","","","","","","51000","SPP-DK_N_IC_dionex3000","01/01/2011 00:00:00","01/01/2016 00:00:00","active","","","","","","","IC","","ref","","","","","In preparation","1","day","1","day","http://cdr.eionet.europa.eu/dk/eu/aqd/d/colarw97g/envarw_cw/REP_D-DK_NERI_20251124_D-001.xml","05/12/2025 14:00:17"
"Denmark","DK.NERI.AQ","2025","NET-DK004A","""Danish Air Quality Monitoring Programme""","UTC+01","DK0034A","1103","""Copenhagen/1103""","SPO-DK0034A_01045_100","NH4+ in PM2.5","12.571110","55.669170","5.000000","","urban","traffic","01/01/2011 00:00:00","","SPO_F-DK0034A_01045_100_100","3.0","","","","","","","","","","","0","","","","","","","","","","","","","","","SPP-DK_N_IC_dionex3000","01/01/2011 00:00:00","","active","","","","","","","IC","","","","","","","","","","","","http://cdr.eionet.europa.eu/dk/eu/aqd/d/colarw97g/envarw_cw/REP_D-DK_NERI_20251124_D-001.xml","05/12/2025 14:00:17"
"Denmark","DK.NERI.AQ","2025","NET-DK004A","""Danish Air Quality Monitoring Programme""","UTC+01","DK0034A","1103","""Copenhagen/1103""","SPO-DK0034A_01046_100","NO3- in PM2.5","12.571100","55.674300","5.000000","m","urban","traffic","01/01/2011 00:00:00","01/01/2016 00:00:00","SPO_F-DK0034A_01046_100_100","3.7","m","10.0","m","5.0","m","","","Secondary aerosols","","","0","","","","","Copenhagen","","","","","","","","","51000","SPP-DK_N_IC_dionex3000","01/01/2011 00:00:00","01/01/2016 00:00:00","active","","","","","","","IC","","ref","","","","","In preparation","1","day","1","day","http://cdr.eionet.europa.eu/dk/eu/aqd/d/colarw97g/envarw_cw/REP_D-DK_NERI_20251124_D-001.xml","05/12/2025 14:00:17"
"Denmark","DK.NERI.AQ","2025","NET-DK004A","""Danish Air Quality Monitoring Programme""","UTC+01","DK0034A","1103","""Copenhagen/1103""","SPO-DK0034A_01046_100","NO3- in PM2.5","12.571110","55.669170","5.000000","","urban","traffic","01/01/2011 00:00:00","","SPO_F-DK0034A_01046_100_100","3.0","","","","","","","","","","","0","","","","","","","","","","","","","","","SPP-DK_N_IC_dionex3000","01/01/2011 00:00:00","","active","","","","","","","IC","","","","","","","","","","","","http://cdr.eionet.europa.eu/dk/eu/aqd/d/colarw97g/envarw_cw/REP_D-DK_NERI_20251124_D-001.xml","05/12/2025 14:00:17"
"Denmark","DK.NERI.AQ","2025","NET-DK004A","""Danish Air Quality Monitoring Programme""","UTC+01","DK0034A","1103","""Copenhagen/1103""","SPO-DK0034A_01047_100","SO42- in PM2.5","12.571110","55.669170","5.000000","","urban","traffic","01/01/2011 00:00:00","","SPO_F-DK0034A_01047_100_100","3.0","","","","","","","","","","","0","","","","","","","","","","","","","","","SPP-DK_N_IC_dionex3000","01/01/2011 00:00:00","","active","","","","","","","IC","","","","","","","","","","","","http://cdr.eionet.europa.eu/dk/eu/aqd/d/colarw97g/envarw_cw/REP_D-DK_NERI_20251124_D-001.xml","05/12/2025 14:00:17"
"Denmark","DK.NERI.AQ","2025","NET-DK004A","""Danish Air Quality Monitoring Programme""","UTC+01","DK0034A","1103","""Copenhagen/1103""","SPO-DK0034A_01047_100","SO42- in PM2.5","12.571100","55.674300","5.000000","m","urban","traffic","01/01/2011 00:00:00","01/01/2016 00:00:00","SPO_F-DK0034A_01047_100_100","3.7","m","10.0","m","5.0","m","","","Secondary aerosols","","","0","","","","","Copenhagen","","","","","","","","","51000","SPP-DK_N_IC_dionex3000","01/01/2011 00:00:00","01/01/2016 00:00:00","active","","","","","","","IC","","ref","","","","","In preparation","1","day","1","day","http://cdr.eionet.europa.eu/dk/eu/aqd/d/colarw97g/envarw_cw/REP_D-DK_NERI_20251124_D-001.xml","05/12/2025 14:00:17"
"Denmark","DK.NERI.AQ","2025","NET-DK004A","""Danish Air Quality Monitoring Programme""","UTC+01","DK0034A","1103","""Copenhagen/1103""","SPO-DK0034A_01629_100","Ca2+ in PM2.5","12.571110","55.669170","5.000000","","urban","traffic","01/01/2011 00:00:00","","SPO_F-DK0034A_01629_100_100","3.0","","","","","","","","","","","0","","","","","","","","","","","","","","","SPP-DK_N_IC_dionex2010I","01/01/2011 00:00:00","","active","","","","","","","IC","","","","","","","","","","","","http://cdr.eionet.europa.eu/dk/eu/aqd/d/colarw97g/envarw_cw/REP_D-DK_NERI_20251124_D-001.xml","05/12/2025 14:00:17"
"Denmark","DK.NERI.AQ","2025","NET-DK004A","""Danish Air Quality Monitoring Programme""","UTC+01","DK0034A","1103","""Copenhagen/1103""","SPO-DK0034A_01629_100","Ca2+ in PM2.5","12.571100","55.674300","5.000000","m","urban","traffic","01/01/2011 00:00:00","01/01/2016 00:00:00","SPO_F-DK0034A_01629_100_100","3.7","m","10.0","m","5.0","m","","","Other","","","0","","","","","Copenhagen","","","","","","","","","51000","SPP-DK_N_IC_dionex3000","01/01/2011 00:00:00","01/01/2016 00:00:00","active","","","","","","","IC","","ref","","","","","In preparation","1","day","1","day","http://cdr.eionet.europa.eu/dk/eu/aqd/d/colarw97g/envarw_cw/REP_D-DK_NERI_20251124_D-001.xml","05/12/2025 14:00:17"
"Denmark","DK.NERI.AQ","2025","NET-DK004A","""Danish Air Quality Monitoring Programme""","UTC+01","DK0034A","1103","""Copenhagen/1103""","SPO-DK0034A_01631_100","Cl- in PM2.5","12.571110","55.669170","5.000000","","urban","traffic","01/01/2011 00:00:00","","SPO_F-DK0034A_01631_100_100","3.0","","","","","","","","","","","0","","","","","","","","","","","","","","","SPP-DK_N_IC_dionex3000","01/01/2011 00:00:00","","active","","","","","","","IC","","","","","","","","","","","","http://cdr.eionet.europa.eu/dk/eu/aqd/d/colarw97g/envarw_cw/REP_D-DK_NERI_20251124_D-001.xml","05/12/2025 14:00:17"
"Denmark","DK.NERI.AQ","2025","NET-DK004A","""Danish Air Quality Monitoring Programme""","UTC+01","DK0034A","1103","""Copenhagen/1103""","SPO-DK0034A_01631_100","Cl- in PM2.5","12.571100","55.674300","5.000000","m","urban","traffic","01/01/2011 00:00:00","01/01/2016 00:00:00","SPO_F-DK0034A_01631_100_100","3.7","m","10.0","m","5.0","m","","","Other","","","0","","","","","Copenhagen","","","","","","","","","51000","SPP-DK_N_IC_dionex3000","01/01/2011 00:00:00","01/01/2016 00:00:00","active","","","","","","","IC","","ref","","","","","In preparation","1","day","1","day","http://cdr.eionet.europa.eu/dk/eu/aqd/d/colarw97g/envarw_cw/REP_D-DK_NERI_20251124_D-001.xml","05/12/2025 14:00:17"
"Denmark","DK.NERI.AQ","2025","NET-DK004A","""Danish Air Quality Monitoring Programme""","UTC+01","DK0034A","1103","""Copenhagen/1103""","SPO-DK0034A_01657_100","K+ in PM2.5","12.571100","55.674300","5.000000","m","urban","traffic","01/01/2011 00:00:00","01/01/2016 00:00:00","SPO_F-DK0034A_01657_100_100","3.7","m","10.0","m","5.0","m","","","Secondary aerosols","","","0","","","","","Copenhagen","","","","","","","","","51000","SPP-DK_N_IC_dionex3000","01/01/2011 00:00:00","01/01/2016 00:00:00","active","","","","","","","IC","","ref","","","","","In preparation","1","day","1","day","http://cdr.eionet.europa.eu/dk/eu/aqd/d/colarw97g/envarw_cw/REP_D-DK_NERI_20251124_D-001.xml","05/12/2025 14:00:17"
"Denmark","DK.NERI.AQ","2025","NET-DK004A","""Danish Air Quality Monitoring Programme""","UTC+01","DK0034A","1103","""Copenhagen/1103""","SPO-DK0034A_01657_100","K+ in PM2.5","12.571110","55.669170","5.000000","","urban","traffic","01/01/2011 00:00:00","","SPO_F-DK0034A_01657_100_100","3.0","","","","","","","","","","","0","","","","","","","","","","","","","","","SPP-DK_N_IC_dionex3000","01/01/2011 00:00:00","","active","","","","","","","IC","","","","","","","","","","","","http://cdr.eionet.europa.eu/dk/eu/aqd/d/colarw97g/envarw_cw/REP_D-DK_NERI_20251124_D-001.xml","05/12/2025 14:00:17"
"Denmark","DK.NERI.AQ","2025","NET-DK004A","""Danish Air Quality Monitoring Programme""","UTC+01","DK0034A","1103","""Copenhagen/1103""","SPO-DK0034A_01659_100","Mg2+ in PM2.5","12.571110","55.669170","5.000000","","urban","traffic","01/01/2011 00:00:00","","SPO_F-DK0034A_01659_100_100","3.0","","","","","","","","","","","0","","","","","","","","","","","","","","","SPP-DK_N_IC_dionex3000","01/01/2011 00:00:00","","active","","","","","","","IC","","","","","","","","","","","","http://cdr.eionet.europa.eu/dk/eu/aqd/d/colarw97g/envarw_cw/REP_D-DK_NERI_20251124_D-001.xml","05/12/2025 14:00:17"
"Denmark","DK.NERI.AQ","2025","NET-DK004A","""Danish Air Quality Monitoring Programme""","UTC+01","DK0034A","1103","""Copenhagen/1103""","SPO-DK0034A_01659_100","Mg2+ in PM2.5","12.571100","55.674300","5.000000","m","urban","traffic","01/01/2011 00:00:00","01/01/2016 00:00:00","SPO_F-DK0034A_01659_100_100","3.7","m","10.0","m","5.0","m","","","Other","","","0","","","","","Copenhagen","","","","","","","","","51000","SPP-DK_N_IC_dionex3000","01/01/2011 00:00:00","01/01/2016 00:00:00","active","","","","","","","IC","","ref","","","","","In preparation","1","day","1","day","http://cdr.eionet.europa.eu/dk/eu/aqd/d/colarw97g/envarw_cw/REP_D-DK_NERI_20251124_D-001.xml","05/12/2025 14:00:17"
"Denmark","DK.NERI.AQ","2025","NET-DK004A","""Danish Air Quality Monitoring Programme""","UTC+01","DK0034A","1103","""Copenhagen/1103""","SPO-DK0034A_01668_100","Na+  in PM2.5","12.571110","55.669170","5.000000","","urban","traffic","01/01/2011 00:00:00","","SPO_F-DK0034A_01668_100_100","3.0","","","","","","","","","","","0","","","","","","","","","","","","","","","SPP-DK_N_IC_dionex3000","01/01/2011 00:00:00","","active","","","","","","","IC","","","","","","","","","","","","http://cdr.eionet.europa.eu/dk/eu/aqd/d/colarw97g/envarw_cw/REP_D-DK_NERI_20251124_D-001.xml","05/12/2025 14:00:17"
"Denmark","DK.NERI.AQ","2025","NET-DK004A","""Danish Air Quality Monitoring Programme""","UTC+01","DK0034A","1103","""Copenhagen/1103""","SPO-DK0034A_01668_100","Na+  in PM2.5","12.571100","55.674300","5.000000","m","urban","traffic","01/01/2011 00:00:00","01/01/2016 00:00:00","SPO_F-DK0034A_01668_100_100","3.7","m","10.0","m","5.0","m","","","Other","","","0","","","","","Copenhagen","","","","","","","","","51000","SPP-DK_N_IC_dionex3000","01/01/2011 00:00:00","01/01/2016 00:00:00","active","","","","","","","IC","","ref","","","","","In preparation","1","day","1","day","http://cdr.eionet.europa.eu/dk/eu/aqd/d/colarw97g/envarw_cw/REP_D-DK_NERI_20251124_D-001.xml","05/12/2025 14:00:17"
"Denmark","DK.NERI.AQ","2025","NET-DK004A","""Danish Air Quality Monitoring Programme""","UTC+01","DK0034A","1103","""Copenhagen/1103""","SPO-DK0034A_01771_100","EC in PM2.5","12.571110","55.669170","5.000000","","urban","traffic","01/01/2010 00:00:00","","SPO_F-DK0034A_01771_100_100","3.0","","","","","","","","","","","0","","","","","","","","","","","","","","","SPP-DK_N_TOCA_sunset","01/01/2010 00:00:00","","active","","","","","","","TOCA","","","","","","","","","","","","http://cdr.eionet.europa.eu/dk/eu/aqd/d/colarw97g/envarw_cw/REP_D-DK_NERI_20251124_D-001.xml","05/12/2025 14:00:17"
"Denmark","DK.NERI.AQ","2025","NET-DK004A","""Danish Air Quality Monitoring Programme""","UTC+01","DK0034A","1103","""Copenhagen/1103""","SPO-DK0034A_01771_100","EC in PM2.5","12.571100","55.674300","5.000000","m","urban","traffic","01/01/2010 00:00:00","","SPO_F-DK0034A_01771_100_100","3.7","m","10.0","m","5.0","m","","","Transport","","","0","","","","","Copenhagen","","","","","","","","","51000","SPP-DK_N_TOCA_sunset","01/01/2010 00:00:00","","active","","","","","LVSauto2.3","","TOCA","","ref","","","","","In preparation","1","day","24","hour","http://cdr.eionet.europa.eu/dk/eu/aqd/d/colarw97g/envarw_cw/REP_D-DK_NERI_20251124_D-001.xml","05/12/2025 14:00:17"
"Denmark","DK.NERI.AQ","2025","NET-DK004A","""Danish Air Quality Monitoring Programme""","UTC+01","DK0034A","1103","""Copenhagen/1103""","SPO-DK0034A_01772_100","OC in PM2.5","12.571100","55.674300","5.000000","m","urban","traffic","01/01/2010 00:00:00","","SPO_F-DK0034A_01772_100_100","3.7","m","10.0","m","5.0","m","","","Other sectors","","","0","","","","","Copenhagen","","","","","","","","","51000","SPP-DK_N_TOCA_sunset","01/01/2010 00:00:00","","active","","","","","LVSauto2.3","","TOCA","","ref","","","","","In preparation","1","day","24","hour","http://cdr.eionet.europa.eu/dk/eu/aqd/d/colarw97g/envarw_cw/REP_D-DK_NERI_20251124_D-001.xml","05/12/2025 14:00:17"
"Denmark","DK.NERI.AQ","2025","NET-DK004A","""Danish Air Quality Monitoring Programme""","UTC+01","DK0034A","1103","""Copenhagen/1103""","SPO-DK0034A_01772_100","OC in PM2.5","12.571110","55.669170","5.000000","","urban","traffic","01/01/2010 00:00:00","","SPO_F-DK0034A_01772_100_100","3.0","","","","","","","","","","","0","","","","","","","","","","","","","","","SPP-DK_N_TOCA_sunset","01/01/2010 00:00:00","","active","","","","","","","TOCA","","","","","","","","","","","","http://cdr.eionet.europa.eu/dk/eu/aqd/d/colarw97g/envarw_cw/REP_D-DK_NERI_20251124_D-001.xml","05/12/2025 14:00:17"
"Denmark","DK.NERI.AQ","2025","NET-DK004A","""Danish Air Quality Monitoring Programme""","UTC+01","DK0034A","1103","""Copenhagen/1103""","SPO-DK0034A_05012_100","Pb in PM10","12.571100","55.674300","5.000000","m","urban","traffic","01/01/2010 00:00:00","","SPO_F-DK0034A_05012_100_101","3.7","m","10.0","m","5.0","m","","","Transport","","","0","","","","","Copenhagen","","","","","","","","","51000","SPP-DK_N_ICPMS_gravi_01788","01/01/2010 00:00:00","","active","","","","","","","ICP-MS","","ref","","","","","In preparation","1","day","1","hour","http://cdr.eionet.europa.eu/dk/eu/aqd/d/colarw97g/envarw_cw/REP_D-DK_NERI_20251124_D-001.xml","05/12/2025 14:00:17"
"Denmark","DK.NERI.AQ","2025","NET-DK004A","""Danish Air Quality Monitoring Programme""","UTC+01","DK0034A","1103","""Copenhagen/1103""","SPO-DK0034A_05012_100","Pb in PM10","12.571100","55.674300","5.000000","m","urban","traffic","01/01/2010 00:00:00","","SPO_F-DK0034A_05012_100_100","3.7","m","10.0","m","5.0","m","","","Transport","","","0","","","","","Copenhagen","","","","","","","","","51000","SPP-DK_N_ICP-MS_opsisSM200","01/01/2010 00:00:00","","active","","","","","","","ICP-MS","","ref","","","","","In preparation","1","day","1","day","http://cdr.eionet.europa.eu/dk/eu/aqd/d/colarw97g/envarw_cw/REP_D-DK_NERI_20251124_D-001.xml","05/12/2025 14:00:17"
"Denmark","DK.NERI.AQ","2025","NET-DK004A","""Danish Air Quality Monitoring Programme""","UTC+01","DK0034A","1103","""Copenhagen/1103""","SPO-DK0034A_05014_100","Cd in PM10","12.571100","55.674300","5.000000","m","urban","traffic","01/01/2010 00:00:00","","SPO_F-DK0034A_05014_100_101","3.7","m","10.0","m","5.0","m","","","Long-range transboundary transport","","","0","","","","","Copenhagen","","","","","","","","","51000","SPP-DK_N_ICPMS_gravi_01788","01/01/2010 00:00:00","","active","","","","","","","ICP-MS","","ref","","","","","In preparation","1","day","1","hour","http://cdr.eionet.europa.eu/dk/eu/aqd/d/colarw97g/envarw_cw/REP_D-DK_NERI_20251124_D-001.xml","05/12/2025 14:00:17"
"Denmark","DK.NERI.AQ","2025","NET-DK004A","""Danish Air Quality Monitoring Programme""","UTC+01","DK0034A","1103","""Copenhagen/1103""","SPO-DK0034A_05014_100","Cd in PM10","12.571100","55.674300","5.000000","m","urban","traffic","01/01/2010 00:00:00","","SPO_F-DK0034A_05014_100_100","3.7","m","10.0","m","5.0","m","","","Long-range transboundary transport","","","0","","","","","Copenhagen","","","","","","","","","51000","SPP-DK_N_ICP-MS_opsisSM200","01/01/2010 00:00:00","","active","","","","","","","ICP-MS","","ref","","","","","In preparation","1","day","1","day","http://cdr.eionet.europa.eu/dk/eu/aqd/d/colarw97g/envarw_cw/REP_D-DK_NERI_20251124_D-001.xml","05/12/2025 14:00:17"
"Denmark","DK.NERI.AQ","2025","NET-DK004A","""Danish Air Quality Monitoring Programme""","UTC+01","DK0034A","1103","""Copenhagen/1103""","SPO-DK0034A_05015_100","Ni in PM10","12.571100","55.674300","5.000000","m","urban","traffic","01/01/2010 00:00:00","","SPO_F-DK0034A_05015_100_101","3.7","m","10.0","m","5.0","m","","","Long-range transboundary transport","","","0","","","","","Copenhagen","","","","","","","","","51000","SPP-DK_N_ICPMS_gravi_01788","01/01/2010 00:00:00","","active","","","","","","","ICP-MS","","ref","","","","","In preparation","1","day","1","hour","http://cdr.eionet.europa.eu/dk/eu/aqd/d/colarw97g/envarw_cw/REP_D-DK_NERI_20251124_D-001.xml","05/12/2025 14:00:17"
"Denmark","DK.NERI.AQ","2025","NET-DK004A","""Danish Air Quality Monitoring Programme""","UTC+01","DK0034A","1103","""Copenhagen/1103""","SPO-DK0034A_05015_100","Ni in PM10","12.571100","55.674300","5.000000","m","urban","traffic","01/01/2010 00:00:00","","SPO_F-DK0034A_05015_100_100","3.7","m","10.0","m","5.0","m","","","Long-range transboundary transport","","","0","","","","","Copenhagen","","","","","","","","","51000","SPP-DK_N_ICP-MS_opsisSM200","01/01/2010 00:00:00","","active","","","","","","","ICP-MS","","ref","","","","","In preparation","1","day","1","day","http://cdr.eionet.europa.eu/dk/eu/aqd/d/colarw97g/envarw_cw/REP_D-DK_NERI_20251124_D-001.xml","05/12/2025 14:00:17"
"Denmark","DK.NERI.AQ","2025","NET-DK004A","""Danish Air Quality Monitoring Programme""","UTC+01","DK0034A","1103","""Copenhagen/1103""","SPO-DK0034A_05018_100","As in PM10","12.571100","55.674300","5.000000","m","urban","traffic","01/01/2010 00:00:00","","SPO_F-DK0034A_05018_100_101","3.7","m","10.0","m","5.0","m","","","Long-range transboundary transport","","","0","","","","","Copenhagen","","","","","","","","","51000","SPP-DK_N_ICPMS_gravi_01788","01/01/2010 00:00:00","","active","","","","","","","ICP-MS","","ref","","","","","In preparation","1","day","1","hour","http://cdr.eionet.europa.eu/dk/eu/aqd/d/colarw97g/envarw_cw/REP_D-DK_NERI_20251124_D-001.xml","05/12/2025 14:00:17"
"Denmark","DK.NERI.AQ","2025","NET-DK004A","""Danish Air Quality Monitoring Programme""","UTC+01","DK0034A","1103","""Copenhagen/1103""","SPO-DK0034A_05018_100","As in PM10","12.571100","55.674300","5.000000","m","urban","traffic","01/01/2010 00:00:00","","SPO_F-DK0034A_05018_100_100","3.7","m","10.0","m","5.0","m","","","Long-range transboundary transport","","","0","","","","","Copenhagen","","","","","","","","","51000","SPP-DK_N_ICP-MS_opsisSM200","01/01/2010 00:00:00","","active","","","","","","","ICP-MS","","ref","","","","","In preparation","1","day","1","day","http://cdr.eionet.europa.eu/dk/eu/aqd/d/colarw97g/envarw_cw/REP_D-DK_NERI_20251124_D-001.xml","05/12/2025 14:00:17"
"Denmark","DK.NERI.AQ","2025","NET-DK004A","""Danish Air Quality Monitoring Programme""","UTC+01","DK0034A","1103","""Copenhagen/1103""","SPO-DK0034A_05029_100","BaP in PM10","12.571100","55.674300","5.000000","m","urban","traffic","01/06/2007 00:00:00","","SPO_F-DK0034A_05029_100_100","3.7","m","10.0","m","5.0","m","","","Other sectors","","","0","","","","","Copenhagen","","","","","","","","","51000","SPP-DK_N_GC-MS_02465","01/06/2007 00:00:00","","active","","","","","LVSauto2.3","","GC-MS","","ref","","","","","In preparation","1","day","1","day","http://cdr.eionet.europa.eu/dk/eu/aqd/d/colarw97g/envarw_cw/REP_D-DK_NERI_20251124_D-001.xml","05/12/2025 14:00:17"
"Denmark","DK.NERI.AQ","2025","NET-DK004A","""Danish Air Quality Monitoring Programme""","UTC+01","DK0034A","1103","""Copenhagen/1103""","SPO-DK0034A_05029_100","BaP in PM10","12.571110","55.669170","5.000000","","urban","traffic","01/06/2007 00:00:00","","SPO_F-DK0034A_05029_100_100","0.0","","","","","","","","","","","0","","","","","","","","","","","","","","","SPP-DK_N_GC-MS_02465","01/06/2007 00:00:00","","active","","","","","","","GC-MS","","","","","","","","","","","","http://cdr.eionet.europa.eu/dk/eu/aqd/d/colarw97g/envarw_cw/REP_D-DK_NERI_20251124_D-001.xml","05/12/2025 14:00:17"
"Denmark","DK.NERI.AQ","2025","NET-DK004A","""Danish Air Quality Monitoring Programme""","UTC+01","DK0034A","1103","""Copenhagen/1103""","SPO-DK0034A_05419_100","Dibenzo(ah)anthracene in PM10","12.571100","55.674300","5.000000","m","urban","traffic","01/06/2007 00:00:00","","SPO_F-DK0034A_05419_100_100","3.7","m","10.0","m","5.0","m","","","Other sectors","","","0","","","","","Copenhagen","","","","","","","","","51000","SPP-DK_N_GC-MS_02465","01/06/2007 00:00:00","","active","","","","","LVSauto2.3","","GC-MS","","ref","","","","","In preparation","1","day","1","day","http://cdr.eionet.europa.eu/dk/eu/aqd/d/colarw97g/envarw_cw/REP_D-DK_NERI_20251124_D-001.xml","05/12/2025 14:00:17"
"Denmark","DK.NERI.AQ","2025","NET-DK004A","""Danish Air Quality Monitoring Programme""","UTC+01","DK0034A","1103","""Copenhagen/1103""","SPO-DK0034A_05419_100","Dibenzo(ah)anthracene in PM10","12.571110","55.669170","5.000000","","urban","traffic","01/06/2007 00:00:00","","SPO_F-DK0034A_05419_100_100","3.0","","","","","","","","","","","0","","","","","","","","","","","","","","","SPP-DK_N_GC-MS_02465","01/06/2007 00:00:00","","active","","","","","","","GC-MS","","","","","","","","","","","","http://cdr.eionet.europa.eu/dk/eu/aqd/d/colarw97g/envarw_cw/REP_D-DK_NERI_20251124_D-001.xml","05/12/2025 14:00:17"
"Denmark","DK.NERI.AQ","2025","NET-DK004A","""Danish Air Quality Monitoring Programme""","UTC+01","DK0034A","1103","""Copenhagen/1103""","SPO-DK0034A_05610_100","Benzo(a)anthracene in PM10","12.571110","55.669170","5.000000","","urban","traffic","01/06/2007 00:00:00","","SPO_F-DK0034A_05610_100_100","3.0","","","","","","","","","","","0","","","","","","","","","","","","","","","SPP-DK_N_0000000000","01/06/2007 00:00:00","","active","","","","","","","other","","","","","","","","","","","","http://cdr.eionet.europa.eu/dk/eu/aqd/d/colarw97g/envarw_cw/REP_D-DK_NERI_20251124_D-001.xml","05/12/2025 14:00:17"
"Denmark","DK.NERI.AQ","2025","NET-DK004A","""Danish Air Quality Monitoring Programme""","UTC+01","DK0034A","1103","""Copenhagen/1103""","SPO-DK0034A_05610_100","Benzo(a)anthracene in PM10","12.571100","55.674300","5.000000","m","urban","traffic","01/06/2007 00:00:00","","SPO_F-DK0034A_05610_100_100","3.7","m","10.0","m","5.0","m","","","Other sectors","","","0","","","","","Copenhagen","","","","","","","","","51000","SPP-DK_N_GC-MS_02465","01/06/2007 00:00:00","","active","","","","","LVSauto2.3","","GC-MS","","ref","","","","","In preparation","1","day","1","day","http://cdr.eionet.europa.eu/dk/eu/aqd/d/colarw97g/envarw_cw/REP_D-DK_NERI_20251124_D-001.xml","05/12/2025 14:00:17"
"Denmark","DK.NERI.AQ","2025","NET-DK004A","""Danish Air Quality Monitoring Programme""","UTC+01","DK0034A","1103","""Copenhagen/1103""","SPO-DK0034A_05617_100","Benzo(b)fluoranthene in PM10","12.571100","55.674300","5.000000","m","urban","traffic","01/01/2022 00:00:00","","SPO_F-DK0034A_05617_100_100","3.7","m","10.0","m","5.0","m","","","Other sectors","","","0","","","","","Copenhagen","","","","","","","","","51000","SPP-DK_N_GC-MS_02465","01/01/2022 00:00:00","","active","","","","","LVSauto2.3","","GC-MS","","ref","","","","","In preparation","1","day","1","day","http://cdr.eionet.europa.eu/dk/eu/aqd/d/colarw97g/envarw_cw/REP_D-DK_NERI_20251124_D-001.xml","05/12/2025 14:00:17"
"Denmark","DK.NERI.AQ","2025","NET-DK004A","""Danish Air Quality Monitoring Programme""","UTC+01","DK0034A","1103","""Copenhagen/1103""","SPO-DK0034A_05626_100","Benzo(k)fluoranthene in PM10","12.571100","55.674300","5.000000","m","urban","traffic","01/06/2007 00:00:00","","SPO_F-DK0034A_05626_100_100","3.7","m","10.0","m","5.0","m","","","Other sectors","","","0","","","","","Copenhagen","","","","","","","","","51000","SPP-DK_N_GC-MS_02465","01/06/2007 00:00:00","","active","","","","","LVSauto2.3","","GC-MS","","ref","","","","","In preparation","1","day","1","day","http://cdr.eionet.europa.eu/dk/eu/aqd/d/colarw97g/envarw_cw/REP_D-DK_NERI_20251124_D-001.xml","05/12/2025 14:00:17"
"Denmark","DK.NERI.AQ","2025","NET-DK004A","""Danish Air Quality Monitoring Programme""","UTC+01","DK0034A","1103","""Copenhagen/1103""","SPO-DK0034A_05626_100","Benzo(k)fluoranthene in PM10","12.571110","55.669170","5.000000","","urban","traffic","01/06/2007 00:00:00","","SPO_F-DK0034A_05626_100_100","3.0","","","","","","","","","","","0","","","","","","","","","","","","","","","SPP-DK_N_GC-MS_02465","01/06/2007 00:00:00","","active","","","","","","","GC-MS","","","","","","","","","","","","http://cdr.eionet.europa.eu/dk/eu/aqd/d/colarw97g/envarw_cw/REP_D-DK_NERI_20251124_D-001.xml","05/12/2025 14:00:17"
"Denmark","DK.NERI.AQ","2025","NET-DK004A","""Danish Air Quality Monitoring Programme""","UTC+01","DK0034A","1103","""Copenhagen/1103""","SPO-DK0034A_05655_100","Indeno-(1,2,3-cd)pyrene in PM","12.571110","55.669170","5.000000","","urban","traffic","01/06/2007 00:00:00","","SPO_F-DK0034A_05655_100_100","3.0","","","","","","","","","","","0","","","","","","","","","","","","","","","SPP-DK_N_GC-MS_02465","01/06/2007 00:00:00","","active","","","","","","","GC-MS","","","","","","","","","","","","http://cdr.eionet.europa.eu/dk/eu/aqd/d/colarw97g/envarw_cw/REP_D-DK_NERI_20251124_D-001.xml","05/12/2025 14:00:17"
"Denmark","DK.NERI.AQ","2025","NET-DK004A","""Danish Air Quality Monitoring Programme""","UTC+01","DK0034A","1103","""Copenhagen/1103""","SPO-DK0034A_05655_100","Indeno-(1,2,3-cd)pyrene in PM","12.571100","55.674300","5.000000","m","urban","traffic","01/06/2007 00:00:00","","SPO_F-DK0034A_05655_100_100","3.7","m","10.0","m","5.0","m","","","Other sectors","","","0","","","","","Copenhagen","","","","","","","","","51000","SPP-DK_N_GC-MS_02465","01/06/2007 00:00:00","","active","","","","","LVSauto2.3","","GC-MS","","ref","","","","","In preparation","1","day","1","day","http://cdr.eionet.europa.eu/dk/eu/aqd/d/colarw97g/envarw_cw/REP_D-DK_NERI_20251124_D-001.xml","05/12/2025 14:00:17"
"Denmark","DK.NERI.AQ","2025","NET-DK004A","""Danish Air Quality Monitoring Programme""","UTC+01","DK0034A","1103","""Copenhagen/1103""","SPO-DK0034A_05759_100","Benzo(j)fluoranthene in PM10","12.571100","55.674300","5.000000","m","urban","traffic","01/01/2022 00:00:00","","SPO_F-DK0034A_05759_100_100","3.7","m","10.0","m","5.0","m","","","Other sectors","","","0","","","","","Copenhagen","","","","","","","","","51000","SPP-DK_N_GC-MS_02465","01/01/2022 00:00:00","","active","","","","","LVSauto2.3","","GC-MS","","ref","","","","","In preparation","1","day","1","day","http://cdr.eionet.europa.eu/dk/eu/aqd/d/colarw97g/envarw_cw/REP_D-DK_NERI_20251124_D-001.xml","05/12/2025 14:00:17"
"Denmark","DK.NERI.AQ","2025","NET-DK004A","""Danish Air Quality Monitoring Programme""","UTC+01","DK0034A","1103","""Copenhagen/1103""","SPO-DK0034A_06001_100","PM2.5","12.571100","55.674300","5.000000","m","urban","traffic","01/01/2004 00:00:00","01/09/2024 00:00:00","SPO_F-DK0034A_06001_100_100","3.7","m","10.0","m","5.0","m","","","Long-range transboundary transport","","","0","","","","","Copenhagen","","","","","","","","","51000","SPP-DK_A_TEOM_TEOM1400A","01/01/2004 00:00:00","01/09/2024 00:00:00","automatic","TEOM","","TEOM1400A","","","","","","no","","","","","In preparation","0","variable","30","minute","http://cdr.eionet.europa.eu/dk/eu/aqd/d/colarw97g/envarw_cw/REP_D-DK_NERI_20251124_D-001.xml","05/12/2025 14:00:17"
"Denmark","DK.NERI.AQ","2025","NET-DK004A","""Danish Air Quality Monitoring Programme""","UTC+01","DK0034A","1103","""Copenhagen/1103""","SPO-DK0034A_06001_100","PM2.5","12.571110","55.669170","5.000000","","urban","traffic","01/01/2004 00:00:00","","SPO_F-DK0034A_06001_100_100","3.0","","","","","","","","","","","0","","","","","","","","","","","","","","","SPP-DK_A_TEOM_TEOM1400A","01/01/2004 00:00:00","","automatic","TEOM","","","","","","","","","","","","","","","","","","http://cdr.eionet.europa.eu/dk/eu/aqd/d/colarw97g/envarw_cw/REP_D-DK_NERI_20251124_D-001.xml","05/12/2025 14:00:17"
"Denmark","DK.NERI.AQ","2025","NET-DK004A","""Danish Air Quality Monitoring Programme""","UTC+01","DK0034A","1103","""Copenhagen/1103""","SPO-DK0034A_06001_101","PM2.5","12.571100","55.674300","5.000000","m","urban","traffic","20/02/2007 00:00:00","01/01/2013 00:00:00","SPO_F-DK0034A_06001_101_101","3.7","m","10.0","m","5.0","m","","","Long-range transboundary transport","","","0","","","","","Copenhagen","","","","","","","","","51000","SPP-DK_A_BETA_01112","20/02/2007 00:00:00","01/01/2013 00:00:00","automatic","BETA","","opsisSM200","","","","","","yes","http://envs2.au.dk/Metodedokumentation/SM200_PM10_comp_with_the_stand_method.pdf","","","","In preparation","1","day","1","hour","http://cdr.eionet.europa.eu/dk/eu/aqd/d/colarw97g/envarw_cw/REP_D-DK_NERI_20251124_D-001.xml","05/12/2025 14:00:17"
"Denmark","DK.NERI.AQ","2025","NET-DK004A","""Danish Air Quality Monitoring Programme""","UTC+01","DK0034A","1103","""Copenhagen/1103""","SPO-DK0034A_06001_101","PM2.5","12.571100","55.674300","5.000000","m","urban","traffic","20/02/2007 00:00:00","01/01/2013 00:00:00","SPO_F-DK0034A_06001_101_102","3.7","m","10.0","m","5.0","m","","","Long-range transboundary transport","","","0","","","","","Copenhagen","","","","","","","","","51000","SPP-DK_N_gravi_01788","20/02/2007 00:00:00","01/01/2013 00:00:00","active","","","","","","","gravi","","ref","","","","","In preparation","1","day","1","hour","http://cdr.eionet.europa.eu/dk/eu/aqd/d/colarw97g/envarw_cw/REP_D-DK_NERI_20251124_D-001.xml","05/12/2025 14:00:17"
"Denmark","DK.NERI.AQ","2025","NET-DK004A","""Danish Air Quality Monitoring Programme""","UTC+01","DK0034A","1103","""Copenhagen/1103""","SPO-DK0034A_06001_103","PM2.5","12.571100","55.674300","5.000000","m","urban","traffic","01/01/2013 00:00:00","","SPO_F-DK0034A_06001_103_103","3.7","m","10.0","m","5.0","m","","","Long-range transboundary transport","","","0","","","","","Copenhagen","","","","","","","","","51000","SPP-DK_N_gravi_01788","01/01/2013 00:00:00","","active","","","","","","","gravi","","ref","","","","","In preparation","1","day","1","hour","http://cdr.eionet.europa.eu/dk/eu/aqd/d/colarw97g/envarw_cw/REP_D-DK_NERI_20251124_D-001.xml","05/12/2025 14:00:17"
"Denmark","DK.NERI.AQ","2025","NET-DK004A","""Danish Air Quality Monitoring Programme""","UTC+01","DK0034A","1103","""Copenhagen/1103""","SPO-DK0034A_06001_103","PM2.5","12.571110","55.669170","5.000000","","urban","traffic","01/01/2013 00:00:00","","SPO_F-DK0034A_06001_103_103","3.0","","","","","","","","","","","0","","","","","","","","","","","","","","","SPP-DK_N_gravi_01788","01/01/2013 00:00:00","","active","","","","","","","gravi","","","","","","","","","","","","http://cdr.eionet.europa.eu/dk/eu/aqd/d/colarw97g/envarw_cw/REP_D-DK_NERI_20251124_D-001.xml","05/12/2025 14:00:17"
"Denmark","DK.NERI.AQ","2025","NET-DK004A","""Danish Air Quality Monitoring Programme""","UTC+01","DK0034A","1103","""Copenhagen/1103""","SPO-DK0034A_06001_104","PM2.5","12.571100","55.674300","5.000000","m","urban","traffic","01/01/2024 00:00:00","","SPO_F-DK0034A_06001_104_100","3.7","m","10.0","m","5.0","m","","","Long-range transboundary transport","","","0","","","","","Copenhagen","","","","","","","","","51000","SPP-DK-N-Bam_PM","01/01/2024 00:00:00","","automatic","BETA","","BAM1020","","","","","","no","","","","","In preparation","1","hour","1","hour","http://cdr.eionet.europa.eu/dk/eu/aqd/d/colarw97g/envarw_cw/REP_D-DK_NERI_20251124_D-001.xml","05/12/2025 14:00:17"
"Denmark","DK.NERI.AQ","","NET-DK004A","""Danish Air Quality Monitoring Programme""","UTC+01","DK0036A","5155","""Fredericia(5155)""","SPO-DK0036A_00001_110","SO2","9.750840","55.569440","5.000000","","urban","traffic","01/01/1987 00:00:00","31/12/1987 00:00:00","SPO_F-DK0036A_00001_110_110","0.0","","","","","","","","","","","0","","","","","","","","","","","","","","","SPP-DK_A_UV-FL_11000","01/01/1987 00:00:00","31/12/1987 00:00:00","automatic","UV-FL","","other","","","","","","","","","","","","","","","","",""
"Denmark","DK.NERI.AQ","","NET-DK004A","""Danish Air Quality Monitoring Programme""","UTC+01","DK0036A","5155","""Fredericia(5155)""","SPO-DK0036A_00001_110","SO2","9.750840","55.569440","5.000000","","urban","traffic","01/01/1987 00:00:00","31/12/1987 00:00:00","SPO_F-DK0036A_00001_110_110","0.0","","","","","","","","","","","0","","","","","","","","","","","","","","","SPP-Unknown","01/01/1987 00:00:00","31/12/1987 00:00:00","","","","","","","","","","","","","","","","","","","","",""
"Denmark","DK.NERI.AQ","","NET-DK004A","""Danish Air Quality Monitoring Programme""","UTC+01","DK0036A","5155","""Fredericia(5155)""","SPO-DK0036A_00001_140","SO2","9.750840","55.569440","5.000000","","urban","traffic","01/01/1987 00:00:00","31/12/1987 00:00:00","SPO_F-DK0036A_00001_140_140","0.0","","","","","","","","","","","0","","","","","","","","","","","","","","","SPP-DK_N_00000_00000","01/01/1987 00:00:00","31/12/1987 00:00:00","active","","","","","other","","other","","","","","","","","","","","","",""
"Denmark","DK.NERI.AQ","","NET-DK004A","""Danish Air Quality Monitoring Programme""","UTC+01","DK0036A","5155","""Fredericia(5155)""","SPO-DK0036A_00001_140","SO2","9.750840","55.569440","5.000000","","urban","traffic","01/01/1987 00:00:00","31/12/1987 00:00:00","SPO_F-DK0036A_00001_140_140","0.0","","","","","","","","","","","0","","","","","","","","","","","","","","","SPP-Unknown","01/01/1987 00:00:00","31/12/1987 00:00:00","","","","","","","","","","","","","","","","","","","","",""
"Denmark","DK.NERI.AQ","","NET-DK004A","""Danish Air Quality Monitoring Programme""","UTC+01","DK0036A","5155","""Fredericia(5155)""","SPO-DK0036A_00004_110","SPM","9.750840","55.569440","5.000000","","urban","traffic","01/01/1987 00:00:00","31/12/1987 00:00:00","SPO_F-DK0036A_00004_110_110","0.0","","","","","","","","","","","0","","","","","","","","","","","","","","","SPP-DK_N_gravi_00063","01/01/1987 00:00:00","31/12/1987 00:00:00","active","","","","","other","","gravi","","","","","","","","","","","","",""
"Denmark","DK.NERI.AQ","","NET-DK004A","""Danish Air Quality Monitoring Programme""","UTC+01","DK0036A","5155","""Fredericia(5155)""","SPO-DK0036A_00004_110","SPM","9.750840","55.569440","5.000000","","urban","traffic","01/01/1987 00:00:00","31/12/1987 00:00:00","SPO_F-DK0036A_00004_110_110","0.0","","","","","","","","","","","0","","","","","","","","","","","","","","","SPP-Unknown","01/01/1987 00:00:00","31/12/1987 00:00:00","","","","","","","","","","","","","","","","","","","","",""
"Denmark","DK.NERI.AQ","","NET-DK004A","""Danish Air Quality Monitoring Programme""","UTC+01","DK0036A","5155","""Fredericia(5155)""","SPO-DK0036A_00008_100","NO2","9.750840","55.569440","5.000000","","urban","traffic","01/01/1987 00:00:00","31/12/1987 00:00:00","SPO_F-DK0036A_00008_100_100","0.0","","","","","","","","","","","0","","","","","","","","","","","","","","","SPP-DK_A_chemi_11000","01/01/1987 00:00:00","31/12/1987 00:00:00","automatic","chemi","","other","","","","","","","","","","","","","","","","",""
"Denmark","DK.NERI.AQ","","NET-DK004A","""Danish Air Quality Monitoring Programme""","UTC+01","DK0036A","5155","""Fredericia(5155)""","SPO-DK0036A_00008_100","NO2","9.750840","55.569440","5.000000","","urban","traffic","01/01/1987 00:00:00","31/12/1987 00:00:00","SPO_F-DK0036A_00008_100_100","0.0","","","","","","","","","","","0","","","","","","","","","","","","","","","SPP-Unknown","01/01/1987 00:00:00","31/12/1987 00:00:00","","","","","","","","","","","","","","","","","","","","",""
"Denmark","DK.NERI.AQ","","NET-DK004A","""Danish Air Quality Monitoring Programme""","UTC+01","DK0036A","5155","""Fredericia(5155)""","SPO-DK0036A_00012_110","Pb","9.750840","55.569440","5.000000","","urban","traffic","01/01/1987 00:00:00","31/12/1987 00:00:00","SPO_F-DK0036A_00012_110_110","0.0","","","","","","","","","","","0","","","","","","","","","","","","","","","SPP-DK_N_00000_00063","01/01/1987 00:00:00","31/12/1987 00:00:00","active","","","","","other","","other","","","","","","","","","","","","",""
"Denmark","DK.NERI.AQ","","NET-DK004A","""Danish Air Quality Monitoring Programme""","UTC+01","DK0036A","5155","""Fredericia(5155)""","SPO-DK0036A_00012_110","Pb","9.750840","55.569440","5.000000","","urban","traffic","01/01/1987 00:00:00","31/12/1987 00:00:00","SPO_F-DK0036A_00012_110_110","0.0","","","","","","","","","","","0","","","","","","","","","","","","","","","SPP-Unknown","01/01/1987 00:00:00","31/12/1987 00:00:00","","","","","","","","","","","","","","","","","","","","",""
"Denmark","DK.NERI.AQ","","NET-DK004A","""Danish Air Quality Monitoring Programme""","UTC+01","DK0036A","5155","""Fredericia(5155)""","SPO-DK0036A_00014_110","Cd","9.750840","55.569440","5.000000","","urban","traffic","01/01/1987 00:00:00","31/12/1987 00:00:00","SPO_F-DK0036A_00014_110_110","0.0","","","","","","","","","","","0","","","","","","","","","","","","","","","SPP-DK_N_00000_00063","01/01/1987 00:00:00","31/12/1987 00:00:00","active","","","","","other","","other","","","","","","","","","","","","",""
"Denmark","DK.NERI.AQ","","NET-DK004A","""Danish Air Quality Monitoring Programme""","UTC+01","DK0036A","5155","""Fredericia(5155)""","SPO-DK0036A_00014_110","Cd","9.750840","55.569440","5.000000","","urban","traffic","01/01/1987 00:00:00","31/12/1987 00:00:00","SPO_F-DK0036A_00014_110_110","0.0","","","","","","","","","","","0","","","","","","","","","","","","","","","SPP-Unknown","01/01/1987 00:00:00","31/12/1987 00:00:00","","","","","","","","","","","","","","","","","","","","",""
"Denmark","DK.NERI.AQ","","NET-DK004A","""Danish Air Quality Monitoring Programme""","UTC+01","DK0036A","5155","""Fredericia(5155)""","SPO-DK0036A_00038_100","NO","9.750840","55.569440","5.000000","","urban","traffic","01/01/1987 00:00:00","31/12/1987 00:00:00","SPO_F-DK0036A_00038_100_100","0.0","","","","","","","","","","","0","","","","","","","","","","","","","","","SPP-DK_A_chemi_11000","01/01/1987 00:00:00","31/12/1987 00:00:00","automatic","chemi","","other","","","","","","","","","","","","","","","","",""
"Denmark","DK.NERI.AQ","","NET-DK004A","""Danish Air Quality Monitoring Programme""","UTC+01","DK0036A","5155","""Fredericia(5155)""","SPO-DK0036A_00038_100","NO","9.750840","55.569440","5.000000","","urban","traffic","01/01/1987 00:00:00","31/12/1987 00:00:00","SPO_F-DK0036A_00038_100_100","0.0","","","","","","","","","","","0","","","","","","","","","","","","","","","SPP-Unknown","01/01/1987 00:00:00","31/12/1987 00:00:00","","","","","","","","","","","","","","","","","","","","",""
"Denmark","DK.NERI.AQ","","NET-DK004A","""Danish Air Quality Monitoring Programme""","UTC+01","DK0037A","6155","""Aboulevarden""","SPO-DK0037A_00001_110","SO2","10.207230","56.156940","10.000000","","urban","traffic","01/01/1987 00:00:00","31/12/1987 00:00:00","SPO_F-DK0037A_00001_110_110","0.0","","","","","","","","","","","0","","","","","","","","","","","","","","","SPP-DK_A_UV-FL_11000","01/01/1987 00:00:00","31/12/1987 00:00:00","automatic","UV-FL","","other","","","","","","","","","","","","","","","","",""
"Denmark","DK.NERI.AQ","","NET-DK004A","""Danish Air Quality Monitoring Programme""","UTC+01","DK0037A","6155","""Aboulevarden""","SPO-DK0037A_00001_110","SO2","10.207230","56.156940","10.000000","","urban","traffic","01/01/1987 00:00:00","31/12/1987 00:00:00","SPO_F-DK0037A_00001_110_110","0.0","","","","","","","","","","","0","","","","","","","","","","","","","","","SPP-Unknown","01/01/1987 00:00:00","31/12/1987 00:00:00","","","","","","","","","","","","","","","","","","","","",""
"Denmark","DK.NERI.AQ","","NET-DK004A","""Danish Air Quality Monitoring Programme""","UTC+01","DK0037A","6155","""Aboulevarden""","SPO-DK0037A_00001_140","SO2","10.207230","56.156940","10.000000","","urban","traffic","01/01/1987 00:00:00","31/12/1987 00:00:00","SPO_F-DK0037A_00001_140_140","0.0","","","","","","","","","","","0","","","","","","","","","","","","","","","SPP-DK_N_00000_00000","01/01/1987 00:00:00","31/12/1987 00:00:00","active","","","","","other","","other","","","","","","","","","","","","",""
"Denmark","DK.NERI.AQ","","NET-DK004A","""Danish Air Quality Monitoring Programme""","UTC+01","DK0037A","6155","""Aboulevarden""","SPO-DK0037A_00001_140","SO2","10.207230","56.156940","10.000000","","urban","traffic","01/01/1987 00:00:00","31/12/1987 00:00:00","SPO_F-DK0037A_00001_140_140","0.0","","","","","","","","","","","0","","","","","","","","","","","","","","","SPP-Unknown","01/01/1987 00:00:00","31/12/1987 00:00:00","","","","","","","","","","","","","","","","","","","","",""
"Denmark","DK.NERI.AQ","","NET-DK004A","""Danish Air Quality Monitoring Programme""","UTC+01","DK0037A","6155","""Aboulevarden""","SPO-DK0037A_00004_110","SPM","10.207230","56.156940","10.000000","","urban","traffic","01/01/1987 00:00:00","31/12/1987 00:00:00","SPO_F-DK0037A_00004_110_110","0.0","","","","","","","","","","","0","","","","","","","","","","","","","","","SPP-DK_N_gravi_00063","01/01/1987 00:00:00","31/12/1987 00:00:00","active","","","","","other","","gravi","","","","","","","","","","","","",""
"Denmark","DK.NERI.AQ","","NET-DK004A","""Danish Air Quality Monitoring Programme""","UTC+01","DK0037A","6155","""Aboulevarden""","SPO-DK0037A_00004_110","SPM","10.207230","56.156940","10.000000","","urban","traffic","01/01/1987 00:00:00","31/12/1987 00:00:00","SPO_F-DK0037A_00004_110_110","0.0","","","","","","","","","","","0","","","","","","","","","","","","","","","SPP-Unknown","01/01/1987 00:00:00","31/12/1987 00:00:00","","","","","","","","","","","","","","","","","","","","",""
"Denmark","DK.NERI.AQ","","NET-DK004A","""Danish Air Quality Monitoring Programme""","UTC+01","DK0037A","6155","""Aboulevarden""","SPO-DK0037A_00008_100","NO2","10.207230","56.156940","10.000000","","urban","traffic","01/01/1987 00:00:00","31/12/1987 00:00:00","SPO_F-DK0037A_00008_100_100","0.0","","","","","","","","","","","0","","","","","","","","","","","","","","","SPP-DK_A_chemi_11000","01/01/1987 00:00:00","31/12/1987 00:00:00","automatic","chemi","","other","","","","","","","","","","","","","","","","",""
"Denmark","DK.NERI.AQ","","NET-DK004A","""Danish Air Quality Monitoring Programme""","UTC+01","DK0037A","6155","""Aboulevarden""","SPO-DK0037A_00008_100","NO2","10.207230","56.156940","10.000000","","urban","traffic","01/01/1987 00:00:00","31/12/1987 00:00:00","SPO_F-DK0037A_00008_100_100","0.0","","","","","","","","","","","0","","","","","","","","","","","","","","","SPP-Unknown","01/01/1987 00:00:00","31/12/1987 00:00:00","","","","","","","","","","","","","","","","","","","","",""
"Denmark","DK.NERI.AQ","","NET-DK004A","""Danish Air Quality Monitoring Programme""","UTC+01","DK0037A","6155","""Aboulevarden""","SPO-DK0037A_00012_110","Pb","10.207230","56.156940","10.000000","","urban","traffic","01/01/1987 00:00:00","31/12/1987 00:00:00","SPO_F-DK0037A_00012_110_110","0.0","","","","","","","","","","","0","","","","","","","","","","","","","","","SPP-DK_N_00000_00063","01/01/1987 00:00:00","31/12/1987 00:00:00","active","","","","","other","","other","","","","","","","","","","","","",""
"Denmark","DK.NERI.AQ","","NET-DK004A","""Danish Air Quality Monitoring Programme""","UTC+01","DK0037A","6155","""Aboulevarden""","SPO-DK0037A_00012_110","Pb","10.207230","56.156940","10.000000","","urban","traffic","01/01/1987 00:00:00","31/12/1987 00:00:00","SPO_F-DK0037A_00012_110_110","0.0","","","","","","","","","","","0","","","","","","","","","","","","","","","SPP-Unknown","01/01/1987 00:00:00","31/12/1987 00:00:00","","","","","","","","","","","","","","","","","","","","",""
"Denmark","DK.NERI.AQ","","NET-DK004A","""Danish Air Quality Monitoring Programme""","UTC+01","DK0037A","6155","""Aboulevarden""","SPO-DK0037A_00014_110","Cd","10.207230","56.156940","10.000000","","urban","traffic","01/01/1987 00:00:00","31/12/1987 00:00:00","SPO_F-DK0037A_00014_110_110","0.0","","","","","","","","","","","0","","","","","","","","","","","","","","","SPP-DK_N_00000_00063","01/01/1987 00:00:00","31/12/1987 00:00:00","active","","","","","other","","other","","","","","","","","","","","","",""
"Denmark","DK.NERI.AQ","","NET-DK004A","""Danish Air Quality Monitoring Programme""","UTC+01","DK0037A","6155","""Aboulevarden""","SPO-DK0037A_00014_110","Cd","10.207230","56.156940","10.000000","","urban","traffic","01/01/1987 00:00:00","31/12/1987 00:00:00","SPO_F-DK0037A_00014_110_110","0.0","","","","","","","","","","","0","","","","","","","","","","","","","","","SPP-Unknown","01/01/1987 00:00:00","31/12/1987 00:00:00","","","","","","","","","","","","","","","","","","","","",""
"Denmark","DK.NERI.AQ","","NET-DK004A","""Danish Air Quality Monitoring Programme""","UTC+01","DK0037A","6155","""Aboulevarden""","SPO-DK0037A_00038_100","NO","10.207230","56.156940","10.000000","","urban","traffic","01/01/1987 00:00:00","31/12/1987 00:00:00","SPO_F-DK0037A_00038_100_100","0.0","","","","","","","","","","","0","","","","","","","","","","","","","","","SPP-DK_A_chemi_11000","01/01/1987 00:00:00","31/12/1987 00:00:00","automatic","chemi","","other","","","","","","","","","","","","","","","","",""
"Denmark","DK.NERI.AQ","","NET-DK004A","""Danish Air Quality Monitoring Programme""","UTC+01","DK0037A","6155","""Aboulevarden""","SPO-DK0037A_00038_100","NO","10.207230","56.156940","10.000000","","urban","traffic","01/01/1987 00:00:00","31/12/1987 00:00:00","SPO_F-DK0037A_00038_100_100","0.0","","","","","","","","","","","0","","","","","","","","","","","","","","","SPP-Unknown","01/01/1987 00:00:00","31/12/1987 00:00:00","","","","","","","","","","","","","","","","","","","","",""
"Denmark","DK.NERI.AQ","","NET-DK004A","""Danish Air Quality Monitoring Programme""","UTC+01","DK0041A","2090","""Lille Valby/2090""","SPO-DK0041A_00001_100","SO2","12.118610","55.694450","10.000000","","rural","background","01/01/1990 00:00:00","06/07/2010 00:00:00","SPO_F-DK0041A_00001_100_100","3.0","","","","","","","","","","","0","","","","","","","","","","","","","","","SPP-DK_N_IC_danishLMP-FP-POLL","01/01/1990 00:00:00","06/07/2010 00:00:00","active","","","","","other","","IC","","","","","","","","","","","","",""
"Denmark","DK.NERI.AQ","","NET-DK004A","""Danish Air Quality Monitoring Programme""","UTC+01","DK0041A","2090","""Lille Valby/2090""","SPO-DK0041A_00001_100","SO2","12.118610","55.694450","10.000000","","rural","background","01/01/1990 00:00:00","06/07/2010 00:00:00","SPO_F-DK0041A_00001_100_100","3.0","","","","","","","","","","","0","","","","","","","","","","","","","","","SPP-Unknown","01/01/1990 00:00:00","06/07/2010 00:00:00","","","","","","","","","","","","","","","","","","","","",""
"Denmark","DK.NERI.AQ","","NET-DK004A","""Danish Air Quality Monitoring Programme""","UTC+01","DK0041A","2090","""Lille Valby/2090""","SPO-DK0041A_00004_100","SPM","12.118610","55.694450","10.000000","","rural","background","01/01/1990 00:00:00","06/07/2010 00:00:00","SPO_F-DK0041A_00004_100_100","3.0","","","","","","","","","","","0","","","","","","","","","","","","","","","SPP-DK_N_gravi_danishLMP-FP-SPM","01/01/1990 00:00:00","06/07/2010 00:00:00","active","","","","","other","","gravi","","","","","","","","","","","","",""
"Denmark","DK.NERI.AQ","","NET-DK004A","""Danish Air Quality Monitoring Programme""","UTC+01","DK0041A","2090","""Lille Valby/2090""","SPO-DK0041A_00004_100","SPM","12.118610","55.694450","10.000000","","rural","background","01/01/1990 00:00:00","06/07/2010 00:00:00","SPO_F-DK0041A_00004_100_100","3.0","","","","","","","","","","","0","","","","","","","","","","","","","","","SPP-Unknown","01/01/1990 00:00:00","06/07/2010 00:00:00","","","","","","","","","","","","","","","","","","","","",""
"Denmark","DK.NERI.AQ","","NET-DK004A","""Danish Air Quality Monitoring Programme""","UTC+01","DK0041A","2090","""Lille Valby/2090""","SPO-DK0041A_00005_100","PM10","12.118610","55.694450","10.000000","","rural","background","01/01/2001 00:00:00","31/12/2005 00:00:00","SPO_F-DK0041A_00005_100_100","3.0","","","","","","","","","","","0","","","","","","","","","","","","","","","SPP-DK_N_gravi_opsisSM200","01/01/2001 00:00:00","31/12/2005 00:00:00","active","","","","","other","","gravi","","","","","","","","","","","","",""
"Denmark","DK.NERI.AQ","","NET-DK004A","""Danish Air Quality Monitoring Programme""","UTC+01","DK0041A","2090","""Lille Valby/2090""","SPO-DK0041A_00005_100","PM10","12.118610","55.694450","10.000000","","rural","background","01/01/2001 00:00:00","31/12/2005 00:00:00","SPO_F-DK0041A_00005_100_100","3.0","","","","","","","","","","","0","","","","","","","","","","","","","","","SPP-Unknown","01/01/2001 00:00:00","31/12/2005 00:00:00","","","","","","","","","","","","","","","","","","","","",""
"Denmark","DK.NERI.AQ","","NET-DK004A","""Danish Air Quality Monitoring Programme""","UTC+01","DK0041A","2090","""Lille Valby/2090""","SPO-DK0041A_00005_101","PM10","12.118610","55.694450","10.000000","","rural","background","01/01/2006 00:00:00","06/07/2010 00:00:00","SPO_F-DK0041A_00005_101_101","3.0","","","","","","","","","","","0","","","","","","","","","","","","","","","SPP-DK_A_BETA_01112","01/01/2006 00:00:00","06/07/2010 00:00:00","automatic","BETA","","other","","","","","","","","","","","","","","","","",""
"Denmark","DK.NERI.AQ","","NET-DK004A","""Danish Air Quality Monitoring Programme""","UTC+01","DK0041A","2090","""Lille Valby/2090""","SPO-DK0041A_00005_101","PM10","12.118610","55.694450","10.000000","","rural","background","01/01/2006 00:00:00","06/07/2010 00:00:00","SPO_F-DK0041A_00005_101_101","3.0","","","","","","","","","","","0","","","","","","","","","","","","","","","SPP-Unknown","01/01/2006 00:00:00","06/07/2010 00:00:00","","","","","","","","","","","","","","","","","","","","",""
"Denmark","DK.NERI.AQ","","NET-DK004A","""Danish Air Quality Monitoring Programme""","UTC+01","DK0041A","2090","""Lille Valby/2090""","SPO-DK0041A_00007_100","O3","12.118610","55.694450","10.000000","","rural","background","01/01/1991 00:00:00","06/07/2010 00:00:00","SPO_F-DK0041A_00007_100_100","3.0","","","","","","","","","","","0","","","","","","","","","","","","","","","SPP-DK_A_UV-P_API400A","01/01/1991 00:00:00","06/07/2010 00:00:00","automatic","UV-P","","API400A","","","","","","","","","","","","","","","","",""
"Denmark","DK.NERI.AQ","","NET-DK004A","""Danish Air Quality Monitoring Programme""","UTC+01","DK0041A","2090","""Lille Valby/2090""","SPO-DK0041A_00007_100","O3","12.118610","55.694450","10.000000","","rural","background","01/01/1991 00:00:00","06/07/2010 00:00:00","SPO_F-DK0041A_00007_100_100","3.0","","","","","","","","","","","0","","","","","","","","","","","","","","","SPP-Unknown","01/01/1991 00:00:00","06/07/2010 00:00:00","","","","","","","","","","","","","","","","","","","","",""
"Denmark","DK.NERI.AQ","","NET-DK004A","""Danish Air Quality Monitoring Programme""","UTC+01","DK0041A","2090","""Lille Valby/2090""","SPO-DK0041A_00008_100","NO2","12.118610","55.694450","10.000000","","rural","background","01/01/1990 00:00:00","06/07/2010 00:00:00","SPO_F-DK0041A_00008_100_100","3.0","","","","","","","","","","","0","","","","","","","","","","","","","","","SPP-DK_A_chemi_ML8840","01/01/1990 00:00:00","06/07/2010 00:00:00","automatic","chemi","","ML8840","","","","","","","","","","","","","","","","",""
"Denmark","DK.NERI.AQ","","NET-DK004A","""Danish Air Quality Monitoring Programme""","UTC+01","DK0041A","2090","""Lille Valby/2090""","SPO-DK0041A_00008_100","NO2","12.118610","55.694450","10.000000","","rural","background","01/01/1990 00:00:00","06/07/2010 00:00:00","SPO_F-DK0041A_00008_100_100","3.0","","","","","","","","","","","0","","","","","","","","","","","","","","","SPP-Unknown","01/01/1990 00:00:00","06/07/2010 00:00:00","","","","","","","","","","","","","","","","","","","","",""
"Denmark","DK.NERI.AQ","","NET-DK004A","""Danish Air Quality Monitoring Programme""","UTC+01","DK0041A","2090","""Lille Valby/2090""","SPO-DK0041A_00009_100","NOX as NO2","12.118610","55.694450","10.000000","","rural","background","01/01/1990 00:00:00","06/07/2010 00:00:00","SPO_F-DK0041A_00009_100_100","3.0","","","","","","","","","","","0","","","","","","","","","","","","","","","SPP-DK_A_chemi_API","01/01/1990 00:00:00","06/07/2010 00:00:00","automatic","chemi","","API","","","","","","","","","","","","","","","","",""
"Denmark","DK.NERI.AQ","","NET-DK004A","""Danish Air Quality Monitoring Programme""","UTC+01","DK0041A","2090","""Lille Valby/2090""","SPO-DK0041A_00009_100","NOX as NO2","12.118610","55.694450","10.000000","","rural","background","01/01/1990 00:00:00","06/07/2010 00:00:00","SPO_F-DK0041A_00009_100_100","3.0","","","","","","","","","","","0","","","","","","","","","","","","","","","SPP-Unknown","01/01/1990 00:00:00","06/07/2010 00:00:00","","","","","","","","","","","","","","","","","","","","",""
"Denmark","DK.NERI.AQ","","NET-DK004A","""Danish Air Quality Monitoring Programme""","UTC+01","DK0041A","2090","""Lille Valby/2090""","SPO-DK0041A_00010_100","CO","12.118610","55.694450","10.000000","","rural","background","01/01/2005 00:00:00","06/07/2010 00:00:00","SPO_F-DK0041A_00010_100_100","3.0","","","","","","","","","","","0","","","","","","","","","","","","","","","SPP-DK_A_NDIR_API300","01/01/2005 00:00:00","06/07/2010 00:00:00","automatic","NDIR","","API300","","","","","","","","","","","","","","","","",""
"Denmark","DK.NERI.AQ","","NET-DK004A","""Danish Air Quality Monitoring Programme""","UTC+01","DK0041A","2090","""Lille Valby/2090""","SPO-DK0041A_00010_100","CO","12.118610","55.694450","10.000000","","rural","background","01/01/2005 00:00:00","06/07/2010 00:00:00","SPO_F-DK0041A_00010_100_100","3.0","","","","","","","","","","","0","","","","","","","","","","","","","","","SPP-Unknown","01/01/2005 00:00:00","06/07/2010 00:00:00","","","","","","","","","","","","","","","","","","","","",""
"Denmark","DK.NERI.AQ","","NET-DK004A","""Danish Air Quality Monitoring Programme""","UTC+01","DK0041A","2090","""Lille Valby/2090""","SPO-DK0041A_00012_100","Pb","12.118610","55.694450","10.000000","","rural","background","01/01/1990 00:00:00","31/12/2003 00:00:00","SPO_F-DK0041A_00012_100_100","3.0","","","","","","","","","","","0","","","","","","","","","","","","","","","SPP-DK_N_00528_danishLMP-FP-ELEM","01/01/1990 00:00:00","31/12/2003 00:00:00","active","","","","","other","","other","","","","","","","","","","","","",""
"Denmark","DK.NERI.AQ","","NET-DK004A","""Danish Air Quality Monitoring Programme""","UTC+01","DK0041A","2090","""Lille Valby/2090""","SPO-DK0041A_00012_100","Pb","12.118610","55.694450","10.000000","","rural","background","01/01/1990 00:00:00","31/12/2003 00:00:00","SPO_F-DK0041A_00012_100_100","3.0","","","","","","","","","","","0","","","","","","","","","","","","","","","SPP-Unknown","01/01/1990 00:00:00","31/12/2003 00:00:00","","","","","","","","","","","","","","","","","","","","",""
"Denmark","DK.NERI.AQ","","NET-DK004A","""Danish Air Quality Monitoring Programme""","UTC+01","DK0041A","2090","""Lille Valby/2090""","SPO-DK0041A_00012_101","Pb","12.118610","55.694450","10.000000","","rural","background","01/01/2001 00:00:00","06/07/2010 00:00:00","SPO_F-DK0041A_00012_101_101","3.0","","","","","","","","","","","0","","","","","","","","","","","","","","","SPP-DK_N_00528_opsisSM200","01/01/2001 00:00:00","06/07/2010 00:00:00","active","","","","","other","","other","","","","","","","","","","","","",""
"Denmark","DK.NERI.AQ","","NET-DK004A","""Danish Air Quality Monitoring Programme""","UTC+01","DK0041A","2090","""Lille Valby/2090""","SPO-DK0041A_00012_101","Pb","12.118610","55.694450","10.000000","","rural","background","01/01/2001 00:00:00","06/07/2010 00:00:00","SPO_F-DK0041A_00012_101_101","3.0","","","","","","","","","","","0","","","","","","","","","","","","","","","SPP-Unknown","01/01/2001 00:00:00","06/07/2010 00:00:00","","","","","","","","","","","","","","","","","","","","",""
"Denmark","DK.NERI.AQ","","NET-DK004A","""Danish Air Quality Monitoring Programme""","UTC+01","DK0041A","2090","""Lille Valby/2090""","SPO-DK0041A_00014_100","Cd","12.118610","55.694450","10.000000","","rural","background","01/01/1990 00:00:00","31/12/2003 00:00:00","SPO_F-DK0041A_00014_100_100","3.0","","","","","","","","","","","0","","","","","","","","","","","","","","","SPP-DK_N_00528_danishLMP-FP-ELEM","01/01/1990 00:00:00","31/12/2003 00:00:00","active","","","","","other","","other","","","","","","","","","","","","",""
"Denmark","DK.NERI.AQ","","NET-DK004A","""Danish Air Quality Monitoring Programme""","UTC+01","DK0041A","2090","""Lille Valby/2090""","SPO-DK0041A_00014_100","Cd","12.118610","55.694450","10.000000","","rural","background","01/01/1990 00:00:00","31/12/2003 00:00:00","SPO_F-DK0041A_00014_100_100","3.0","","","","","","","","","","","0","","","","","","","","","","","","","","","SPP-Unknown","01/01/1990 00:00:00","31/12/2003 00:00:00","","","","","","","","","","","","","","","","","","","","",""
"Denmark","DK.NERI.AQ","","NET-DK004A","""Danish Air Quality Monitoring Programme""","UTC+01","DK0041A","2090","""Lille Valby/2090""","SPO-DK0041A_00014_101","Cd","12.118610","55.694450","10.000000","","rural","background","01/01/2001 00:00:00","06/07/2010 00:00:00","SPO_F-DK0041A_00014_101_101","3.0","","","","","","","","","","","0","","","","","","","","","","","","","","","SPP-DK_N_00528_opsisSM200","01/01/2001 00:00:00","06/07/2010 00:00:00","active","","","","","other","","other","","","","","","","","","","","","",""
"Denmark","DK.NERI.AQ","","NET-DK004A","""Danish Air Quality Monitoring Programme""","UTC+01","DK0041A","2090","""Lille Valby/2090""","SPO-DK0041A_00014_101","Cd","12.118610","55.694450","10.000000","","rural","background","01/01/2001 00:00:00","06/07/2010 00:00:00","SPO_F-DK0041A_00014_101_101","3.0","","","","","","","","","","","0","","","","","","","","","","","","","","","SPP-Unknown","01/01/2001 00:00:00","06/07/2010 00:00:00","","","","","","","","","","","","","","","","","","","","",""
"Denmark","DK.NERI.AQ","","NET-DK004A","""Danish Air Quality Monitoring Programme""","UTC+01","DK0041A","2090","""Lille Valby/2090""","SPO-DK0041A_00015_100","Ni","12.118610","55.694450","10.000000","","rural","background","01/01/1990 00:00:00","31/12/2003 00:00:00","SPO_F-DK0041A_00015_100_100","3.0","","","","","","","","","","","0","","","","","","","","","","","","","","","SPP-DK_N_00528_danishLMP-FP-ELEM","01/01/1990 00:00:00","31/12/2003 00:00:00","active","","","","","other","","other","","","","","","","","","","","","",""
"Denmark","DK.NERI.AQ","","NET-DK004A","""Danish Air Quality Monitoring Programme""","UTC+01","DK0041A","2090","""Lille Valby/2090""","SPO-DK0041A_00015_100","Ni","12.118610","55.694450","10.000000","","rural","background","01/01/1990 00:00:00","31/12/2003 00:00:00","SPO_F-DK0041A_00015_100_100","3.0","","","","","","","","","","","0","","","","","","","","","","","","","","","SPP-Unknown","01/01/1990 00:00:00","31/12/2003 00:00:00","","","","","","","","","","","","","","","","","","","","",""
"Denmark","DK.NERI.AQ","","NET-DK004A","""Danish Air Quality Monitoring Programme""","UTC+01","DK0041A","2090","""Lille Valby/2090""","SPO-DK0041A_00015_101","Ni","12.118610","55.694450","10.000000","","rural","background","01/01/2001 00:00:00","06/07/2010 00:00:00","SPO_F-DK0041A_00015_101_101","3.0","","","","","","","","","","","0","","","","","","","","","","","","","","","SPP-DK_N_00528_opsisSM200","01/01/2001 00:00:00","06/07/2010 00:00:00","active","","","","","other","","other","","","","","","","","","","","","",""
"Denmark","DK.NERI.AQ","","NET-DK004A","""Danish Air Quality Monitoring Programme""","UTC+01","DK0041A","2090","""Lille Valby/2090""","SPO-DK0041A_00015_101","Ni","12.118610","55.694450","10.000000","","rural","background","01/01/2001 00:00:00","06/07/2010 00:00:00","SPO_F-DK0041A_00015_101_101","3.0","","","","","","","","","","","0","","","","","","","","","","","","","","","SPP-Unknown","01/01/2001 00:00:00","06/07/2010 00:00:00","","","","","","","","","","","","","","","","","","","","",""
"Denmark","DK.NERI.AQ","","NET-DK004A","""Danish Air Quality Monitoring Programme""","UTC+01","DK0041A","2090","""Lille Valby/2090""","SPO-DK0041A_00016_100","Cr","12.118610","55.694450","10.000000","","rural","background","01/01/1990 00:00:00","31/12/2003 00:00:00","SPO_F-DK0041A_00016_100_100","3.0","","","","","","","","","","","0","","","","","","","","","","","","","","","SPP-DK_N_00528_danishLMP-FP-ELEM","01/01/1990 00:00:00","31/12/2003 00:00:00","active","","","","","other","","other","","","","","","","","","","","","",""
"Denmark","DK.NERI.AQ","","NET-DK004A","""Danish Air Quality Monitoring Programme""","UTC+01","DK0041A","2090","""Lille Valby/2090""","SPO-DK0041A_00016_100","Cr","12.118610","55.694450","10.000000","","rural","background","01/01/1990 00:00:00","31/12/2003 00:00:00","SPO_F-DK0041A_00016_100_100","3.0","","","","","","","","","","","0","","","","","","","","","","","","","","","SPP-Unknown","01/01/1990 00:00:00","31/12/2003 00:00:00","","","","","","","","","","","","","","","","","","","","",""
"Denmark","DK.NERI.AQ","","NET-DK004A","""Danish Air Quality Monitoring Programme""","UTC+01","DK0041A","2090","""Lille Valby/2090""","SPO-DK0041A_00016_101","Cr","12.118610","55.694450","10.000000","","rural","background","01/01/2001 00:00:00","06/07/2010 00:00:00","SPO_F-DK0041A_00016_101_101","3.0","","","","","","","","","","","0","","","","","","","","","","","","","","","SPP-DK_N_00528_opsisSM200","01/01/2001 00:00:00","06/07/2010 00:00:00","active","","","","","other","","other","","","","","","","","","","","","",""
"Denmark","DK.NERI.AQ","","NET-DK004A","""Danish Air Quality Monitoring Programme""","UTC+01","DK0041A","2090","""Lille Valby/2090""","SPO-DK0041A_00016_101","Cr","12.118610","55.694450","10.000000","","rural","background","01/01/2001 00:00:00","06/07/2010 00:00:00","SPO_F-DK0041A_00016_101_101","3.0","","","","","","","","","","","0","","","","","","","","","","","","","","","SPP-Unknown","01/01/2001 00:00:00","06/07/2010 00:00:00","","","","","","","","","","","","","","","","","","","","",""
"Denmark","DK.NERI.AQ","","NET-DK004A","""Danish Air Quality Monitoring Programme""","UTC+01","DK0041A","2090","""Lille Valby/2090""","SPO-DK0041A_00017_100","Mn","12.118610","55.694450","10.000000","","rural","background","01/01/1990 00:00:00","31/12/2003 00:00:00","SPO_F-DK0041A_00017_100_100","3.0","","","","","","","","","","","0","","","","","","","","","","","","","","","SPP-DK_N_00528_danishLMP-FP-ELEM","01/01/1990 00:00:00","31/12/2003 00:00:00","active","","","","","other","","other","","","","","","","","","","","","",""
"Denmark","DK.NERI.AQ","","NET-DK004A","""Danish Air Quality Monitoring Programme""","UTC+01","DK0041A","2090","""Lille Valby/2090""","SPO-DK0041A_00017_100","Mn","12.118610","55.694450","10.000000","","rural","background","01/01/1990 00:00:00","31/12/2003 00:00:00","SPO_F-DK0041A_00017_100_100","3.0","","","","","","","","","","","0","","","","","","","","","","","","","","","SPP-Unknown","01/01/1990 00:00:00","31/12/2003 00:00:00","","","","","","","","","","","","","","","","","","","","",""
"Denmark","DK.NERI.AQ","","NET-DK004A","""Danish Air Quality Monitoring Programme""","UTC+01","DK0041A","2090","""Lille Valby/2090""","SPO-DK0041A_00017_101","Mn","12.118610","55.694450","10.000000","","rural","background","01/01/2001 00:00:00","06/07/2010 00:00:00","SPO_F-DK0041A_00017_101_101","3.0","","","","","","","","","","","0","","","","","","","","","","","","","","","SPP-DK_N_00528_opsisSM200","01/01/2001 00:00:00","06/07/2010 00:00:00","active","","","","","other","","other","","","","","","","","","","","","",""
"Denmark","DK.NERI.AQ","","NET-DK004A","""Danish Air Quality Monitoring Programme""","UTC+01","DK0041A","2090","""Lille Valby/2090""","SPO-DK0041A_00017_101","Mn","12.118610","55.694450","10.000000","","rural","background","01/01/2001 00:00:00","06/07/2010 00:00:00","SPO_F-DK0041A_00017_101_101","3.0","","","","","","","","","","","0","","","","","","","","","","","","","","","SPP-Unknown","01/01/2001 00:00:00","06/07/2010 00:00:00","","","","","","","","","","","","","","","","","","","","",""
"Denmark","DK.NERI.AQ","","NET-DK004A","""Danish Air Quality Monitoring Programme""","UTC+01","DK0041A","2090","""Lille Valby/2090""","SPO-DK0041A_00018_100","As","12.118610","55.694450","10.000000","","rural","background","01/01/1990 00:00:00","31/12/2000 00:00:00","SPO_F-DK0041A_00018_100_100","3.0","","","","","","","","","","","0","","","","","","","","","","","","","","","SPP-DK_N_00528_danishLMP-FP-ELEM","01/01/1990 00:00:00","31/12/2000 00:00:00","active","","","","","other","","other","","","","","","","","","","","","",""
"Denmark","DK.NERI.AQ","","NET-DK004A","""Danish Air Quality Monitoring Programme""","UTC+01","DK0041A","2090","""Lille Valby/2090""","SPO-DK0041A_00018_100","As","12.118610","55.694450","10.000000","","rural","background","01/01/1990 00:00:00","31/12/2000 00:00:00","SPO_F-DK0041A_00018_100_100","3.0","","","","","","","","","","","0","","","","","","","","","","","","","","","SPP-Unknown","01/01/1990 00:00:00","31/12/2000 00:00:00","","","","","","","","","","","","","","","","","","","","",""
"Denmark","DK.NERI.AQ","","NET-DK004A","""Danish Air Quality Monitoring Programme""","UTC+01","DK0041A","2090","""Lille Valby/2090""","SPO-DK0041A_00018_101","As","12.118610","55.694450","10.000000","","rural","background","01/01/2001 00:00:00","06/07/2010 00:00:00","SPO_F-DK0041A_00018_101_101","3.0","","","","","","","","","","","0","","","","","","","","","","","","","","","SPP-DK_N_00528_opsisSM200","01/01/2001 00:00:00","06/07/2010 00:00:00","active","","","","","other","","other","","","","","","","","","","","","",""
"Denmark","DK.NERI.AQ","","NET-DK004A","""Danish Air Quality Monitoring Programme""","UTC+01","DK0041A","2090","""Lille Valby/2090""","SPO-DK0041A_00018_101","As","12.118610","55.694450","10.000000","","rural","background","01/01/2001 00:00:00","06/07/2010 00:00:00","SPO_F-DK0041A_00018_101_101","3.0","","","","","","","","","","","0","","","","","","","","","","","","","","","SPP-Unknown","01/01/2001 00:00:00","06/07/2010 00:00:00","","","","","","","","","","","","","","","","","","","","",""
"Denmark","DK.NERI.AQ","","NET-DK004A","""Danish Air Quality Monitoring Programme""","UTC+01","DK0041A","2090","""Lille Valby/2090""","SPO-DK0041A_00038_100","NO","12.118610","55.694450","10.000000","","rural","background","01/01/1990 00:00:00","06/07/2010 00:00:00","SPO_F-DK0041A_00038_100_100","3.0","","","","","","","","","","","0","","","","","","","","","","","","","","","SPP-DK_A_chemi_ML8840","01/01/1990 00:00:00","06/07/2010 00:00:00","automatic","chemi","","ML8840","","","","","","","","","","","","","","","","",""
"Denmark","DK.NERI.AQ","","NET-DK004A","""Danish Air Quality Monitoring Programme""","UTC+01","DK0041A","2090","""Lille Valby/2090""","SPO-DK0041A_00038_100","NO","12.118610","55.694450","10.000000","","rural","background","01/01/1990 00:00:00","06/07/2010 00:00:00","SPO_F-DK0041A_00038_100_100","3.0","","","","","","","","","","","0","","","","","","","","","","","","","","","SPP-Unknown","01/01/1990 00:00:00","06/07/2010 00:00:00","","","","","","","","","","","","","","","","","","","","",""
"Denmark","DK.NERI.AQ","","NET-DK004A","""Danish Air Quality Monitoring Programme""","UTC+01","DK0041A","2090","""Lille Valby/2090""","SPO-DK0041A_00047_100","SO4 (H2SO4 aerosols) (SO4--)","12.118610","55.694450","10.000000","","rural","background","01/01/1990 00:00:00","06/07/2010 00:00:00","SPO_F-DK0041A_00047_100_100","3.0","","","","","","","","","","","0","","","","","","","","","","","","","","","SPP-DK_N_00528_danishLMP-FP-ELEM","01/01/1990 00:00:00","06/07/2010 00:00:00","active","","","","","other","","other","","","","","","","","","","","","",""
"Denmark","DK.NERI.AQ","","NET-DK004A","""Danish Air Quality Monitoring Programme""","UTC+01","DK0041A","2090","""Lille Valby/2090""","SPO-DK0041A_00047_100","SO4 (H2SO4 aerosols) (SO4--)","12.118610","55.694450","10.000000","","rural","background","01/01/1990 00:00:00","06/07/2010 00:00:00","SPO_F-DK0041A_00047_100_100","3.0","","","","","","","","","","","0","","","","","","","","","","","","","","","SPP-Unknown","01/01/1990 00:00:00","06/07/2010 00:00:00","","","","","","","","","","","","","","","","","","","","",""
"Denmark","DK.NERI.AQ","","NET-DK004A","""Danish Air Quality Monitoring Programme""","UTC+01","DK0041A","2090","""Lille Valby/2090""","SPO-DK0041A_00047_101","SO4 (H2SO4 aerosols) (SO4--)","12.118610","55.694450","10.000000","","rural","background","01/01/2001 00:00:00","06/07/2010 00:00:00","SPO_F-DK0041A_00047_101_101","3.0","","","","","","","","","","","0","","","","","","","","","","","","","","","SPP-DK_N_00528_opsisSM200","01/01/2001 00:00:00","06/07/2010 00:00:00","active","","","","","other","","other","","","","","","","","","","","","",""
"Denmark","DK.NERI.AQ","","NET-DK004A","""Danish Air Quality Monitoring Programme""","UTC+01","DK0041A","2090","""Lille Valby/2090""","SPO-DK0041A_00047_101","SO4 (H2SO4 aerosols) (SO4--)","12.118610","55.694450","10.000000","","rural","background","01/01/2001 00:00:00","06/07/2010 00:00:00","SPO_F-DK0041A_00047_101_101","3.0","","","","","","","","","","","0","","","","","","","","","","","","","","","SPP-Unknown","01/01/2001 00:00:00","06/07/2010 00:00:00","","","","","","","","","","","","","","","","","","","","",""
"Denmark","DK.NERI.AQ","","NET-DK004A","""Danish Air Quality Monitoring Programme""","UTC+01","DK0041A","2090","""Lille Valby/2090""","SPO-DK0041A_00048_100","Se","12.118610","55.694450","10.000000","","rural","background","01/01/1990 00:00:00","31/12/2003 00:00:00","SPO_F-DK0041A_00048_100_100","3.0","","","","","","","","","","","0","","","","","","","","","","","","","","","SPP-DK_N_00528_danishLMP-FP-ELEM","01/01/1990 00:00:00","31/12/2003 00:00:00","active","","","","","other","","other","","","","","","","","","","","","",""
"Denmark","DK.NERI.AQ","","NET-DK004A","""Danish Air Quality Monitoring Programme""","UTC+01","DK0041A","2090","""Lille Valby/2090""","SPO-DK0041A_00048_101","Se","12.118610","55.694450","10.000000","","rural","background","01/01/2001 00:00:00","06/07/2010 00:00:00","SPO_F-DK0041A_00048_101_101","3.0","","","","","","","","","","","0","","","","","","","","","","","","","","","SPP-DK_N_00528_opsisSM200","01/01/2001 00:00:00","06/07/2010 00:00:00","active","","","","","other","","other","","","","","","","","","","","","",""
"Denmark","DK.NERI.AQ","","NET-DK004A","""Danish Air Quality Monitoring Programme""","UTC+01","DK0041A","2090","""Lille Valby/2090""","SPO-DK0041A_00048_101","Se","12.118610","55.694450","10.000000","","rural","background","01/01/2001 00:00:00","06/07/2010 00:00:00","SPO_F-DK0041A_00048_101_101","3.0","","","","","","","","","","","0","","","","","","","","","","","","","","","SPP-Unknown","01/01/2001 00:00:00","06/07/2010 00:00:00","","","","","","","","","","","","","","","","","","","","",""
"Denmark","DK.NERI.AQ","","NET-DK004A","""Danish Air Quality Monitoring Programme""","UTC+01","DK0041A","2090","""Lille Valby/2090""","SPO-DK0041A_00049_100","V","12.118610","55.694450","10.000000","","rural","background","01/01/1990 00:00:00","31/12/2003 00:00:00","SPO_F-DK0041A_00049_100_100","3.0","","","","","","","","","","","0","","","","","","","","","","","","","","","SPP-DK_N_00528_danishLMP-FP-ELEM","01/01/1990 00:00:00","31/12/2003 00:00:00","active","","","","","other","","other","","","","","","","","","","","","",""
"Denmark","DK.NERI.AQ","","NET-DK004A","""Danish Air Quality Monitoring Programme""","UTC+01","DK0041A","2090","""Lille Valby/2090""","SPO-DK0041A_00049_101","V","12.118610","55.694450","10.000000","","rural","background","01/01/2001 00:00:00","06/07/2010 00:00:00","SPO_F-DK0041A_00049_101_101","3.0","","","","","","","","","","","0","","","","","","","","","","","","","","","SPP-DK_N_00528_opsisSM200","01/01/2001 00:00:00","06/07/2010 00:00:00","active","","","","","other","","other","","","","","","","","","","","","",""
"Denmark","DK.NERI.AQ","","NET-DK004A","""Danish Air Quality Monitoring Programme""","UTC+01","DK0041A","2090","""Lille Valby/2090""","SPO-DK0041A_00049_101","V","12.118610","55.694450","10.000000","","rural","background","01/01/2001 00:00:00","06/07/2010 00:00:00","SPO_F-DK0041A_00049_101_101","3.0","","","","","","","","","","","0","","","","","","","","","","","","","","","SPP-Unknown","01/01/2001 00:00:00","06/07/2010 00:00:00","","","","","","","","","","","","","","","","","","","","",""
"Denmark","DK.NERI.AQ","","NET-DK004A","""Danish Air Quality Monitoring Programme""","UTC+01","DK0041A","2090","""Lille Valby/2090""","SPO-DK0041A_06001_100","PM2.5","12.118610","55.694450","10.000000","","rural","background","01/01/2005 00:00:00","06/07/2010 00:00:00","SPO_F-DK0041A_06001_100_100","3.0","","","","","","","","","","","0","","","","","","","","","","","","","","","SPP-DK_A_TEOM_TEOM1400A","01/01/2005 00:00:00","06/07/2010 00:00:00","automatic","TEOM","","TEOM1400A","","","","","","","","","","","","","","","","",""
"Denmark","DK.NERI.AQ","","NET-DK004A","""Danish Air Quality Monitoring Programme""","UTC+01","DK0041A","2090","""Lille Valby/2090""","SPO-DK0041A_06001_100","PM2.5","12.118610","55.694450","10.000000","","rural","background","01/01/2005 00:00:00","06/07/2010 00:00:00","SPO_F-DK0041A_06001_100_100","3.0","","","","","","","","","","","0","","","","","","","","","","","","","","","SPP-Unknown","01/01/2005 00:00:00","06/07/2010 00:00:00","","","","","","","","","","","","","","","","","","","","",""
"Denmark","DK.NERI.AQ","","NET-DK004A","""Danish Air Quality Monitoring Programme""","UTC+01","DK0041A","2090","""Lille Valby/2090""","SPO-DK0041A_06001_101","PM2.5","12.118610","55.694450","10.000000","","rural","background","01/01/2008 00:00:00","06/07/2010 00:00:00","SPO_F-DK0041A_06001_101_101","3.0","","","","","","","","","","","0","","","","","","","","","","","","","","","SPP-DK_N_00502_adamSM200","01/01/2008 00:00:00","06/07/2010 00:00:00","active","","","","","other","","other","","","","","","","","","","","","",""
"Denmark","DK.NERI.AQ","","NET-DK004A","""Danish Air Quality Monitoring Programme""","UTC+01","DK0041A","2090","""Lille Valby/2090""","SPO-DK0041A_06001_101","PM2.5","12.118610","55.694450","10.000000","","rural","background","01/01/2008 00:00:00","06/07/2010 00:00:00","SPO_F-DK0041A_06001_101_101","3.0","","","","","","","","","","","0","","","","","","","","","","","","","","","SPP-Unknown","01/01/2008 00:00:00","06/07/2010 00:00:00","","","","","","","","","","","","","","","","","","","","",""
"Denmark","DK.NERI.AQ","","NET-DK004A","""Danish Air Quality Monitoring Programme""","UTC+01","DK0045A","1259","""Copenhagen/1259""","SPO-DK0045A_00005_100","PM10","12.561400","55.700280","25.000000","","urban","background","01/01/2001 00:00:00","31/12/2005 00:00:00","SPO_F-DK0045A_00005_100_100","3.0","","","","","","","","","","","0","","","","","","","","","","","","","","","SPP-DK_N_gravi_opsisSM200","01/01/2001 00:00:00","31/12/2005 00:00:00","active","","","","","other","","gravi","","","","","","","","","","","","",""
"Denmark","DK.NERI.AQ","","NET-DK004A","""Danish Air Quality Monitoring Programme""","UTC+01","DK0045A","1259","""Copenhagen/1259""","SPO-DK0045A_00005_100","PM10","12.561400","55.700280","25.000000","","urban","background","01/01/2001 00:00:00","31/12/2005 00:00:00","SPO_F-DK0045A_00005_100_100","3.0","","","","","","","","","","","0","","","","","","","","","","","","","","","SPP-Unknown","01/01/2001 00:00:00","31/12/2005 00:00:00","","","","","","","","","","","","","","","","","","","","",""
"Denmark","DK.NERI.AQ","","NET-DK004A","""Danish Air Quality Monitoring Programme""","UTC+01","DK0045A","1259","""Copenhagen/1259""","SPO-DK0045A_00005_102","PM10","12.561400","55.700280","25.000000","","urban","background","01/01/2004 00:00:00","01/01/2011 00:00:00","SPO_F-DK0045A_00005_102_102","3.0","","","","","","","","","","","0","","","","","","","","","","","","","","","SPP-DK_A_TEOM_TEOM1400A","01/01/2004 00:00:00","01/01/2011 00:00:00","automatic","TEOM","","TEOM1400A","","","","","","","","","","","","","","","","",""
"Denmark","DK.NERI.AQ","","NET-DK004A","""Danish Air Quality Monitoring Programme""","UTC+01","DK0045A","1259","""Copenhagen/1259""","SPO-DK0045A_00005_102","PM10","12.561400","55.700280","25.000000","","urban","background","01/01/2004 00:00:00","01/01/2011 00:00:00","SPO_F-DK0045A_00005_102_102","3.0","","","","","","","","","","","0","","","","","","","","","","","","","","","SPP-Unknown","01/01/2004 00:00:00","01/01/2011 00:00:00","","","","","","","","","","","","","","","","","","","","",""
"Denmark","DK.NERI.AQ","2025","NET-DK004A","""Danish Air Quality Monitoring Programme""","UTC+01","DK0045A","1259","""Copenhagen/1259""","SPO-DK0045A_00005_103","PM10","12.561400","55.700280","25.000000","m","urban","background","01/01/2006 00:00:00","","SPO_F-DK0045A_00005_103_103","20.0","m","","","","","","","Long-range transboundary transport","","","0","","","","","Copenhagen","","","","","","","","","","SPP-DK_A_BETA_01112","01/01/2006 00:00:00","","automatic","BETA","","opsisSM200","","","","","","yes","http://envs2.au.dk/Metodedokumentation/SM200_PM10_comp_with_the_stand_method.pdf","","","","In preparation","1","day","1","hour","http://cdr.eionet.europa.eu/dk/eu/aqd/d/colarw97g/envarw_cw/REP_D-DK_NERI_20251124_D-001.xml","05/12/2025 14:00:17"
"Denmark","DK.NERI.AQ","2025","NET-DK004A","""Danish Air Quality Monitoring Programme""","UTC+01","DK0045A","1259","""Copenhagen/1259""","SPO-DK0045A_00005_103","PM10","12.561400","55.700280","25.000000","","urban","background","01/01/2006 00:00:00","","SPO_F-DK0045A_00005_103_103","3.0","","","","","","","","","","","0","","","","","","","","","","","","","","","SPP-DK_A_BETA_01112","01/01/2006 00:00:00","","automatic","BETA","","other","","","","","","","","","","","","","","","","http://cdr.eionet.europa.eu/dk/eu/aqd/d/colarw97g/envarw_cw/REP_D-DK_NERI_20251124_D-001.xml","05/12/2025 14:00:17"
"Denmark","DK.NERI.AQ","2025","NET-DK004A","""Danish Air Quality Monitoring Programme""","UTC+01","DK0045A","1259","""Copenhagen/1259""","SPO-DK0045A_00005_103","PM10","12.561400","55.700280","25.000000","","urban","background","01/01/2006 00:00:00","","SPO_F-DK0045A_00005_103_103","3.0","","","","","","","","","","","0","","","","","","","","","","","","","","","SPP-Unknown","01/01/2006 00:00:00","","","","","","","","","","","","","","","","","","","","","http://cdr.eionet.europa.eu/dk/eu/aqd/d/colarw97g/envarw_cw/REP_D-DK_NERI_20251124_D-001.xml","05/12/2025 14:00:17"
"Denmark","DK.NERI.AQ","2025","NET-DK004A","""Danish Air Quality Monitoring Programme""","UTC+01","DK0045A","1259","""Copenhagen/1259""","SPO-DK0045A_00005_104","PM10","12.561400","55.700280","25.000000","","urban","background","26/06/2013 00:00:00","","SPO_F-DK0045A_00005_104_104","3.0","","","","","","","","","","","0","","","","","","","","","","","","","","","SPP-DK_N_gravi_00107","26/06/2013 00:00:00","","active","","","","","other","","gravi","","","","","","","","","","","","http://cdr.eionet.europa.eu/dk/eu/aqd/d/colarw97g/envarw_cw/REP_D-DK_NERI_20251124_D-001.xml","05/12/2025 14:00:17"
"Denmark","DK.NERI.AQ","2025","NET-DK004A","""Danish Air Quality Monitoring Programme""","UTC+01","DK0045A","1259","""Copenhagen/1259""","SPO-DK0045A_00005_104","PM10","12.561400","55.700280","25.000000","m","urban","background","26/06/2013 00:00:00","","SPO_F-DK0045A_00005_104_104","20.0","m","","","","","","","Long-range transboundary transport","","","0","","","","","Copenhagen","","","","","","","","","","SPP-DK_N_gravi_01788","26/06/2013 00:00:00","","active","","","","","","","gravi","","ref","","","","","In preparation","1","day","1","hour","http://cdr.eionet.europa.eu/dk/eu/aqd/d/colarw97g/envarw_cw/REP_D-DK_NERI_20251124_D-001.xml","05/12/2025 14:00:17"
"Denmark","DK.NERI.AQ","2025","NET-DK004A","""Danish Air Quality Monitoring Programme""","UTC+01","DK0045A","1259","""Copenhagen/1259""","SPO-DK0045A_00005_104","PM10","12.561400","55.700280","25.000000","","urban","background","26/06/2013 00:00:00","","SPO_F-DK0045A_00005_104_104","3.0","","","","","","","","","","","0","","","","","","","","","","","","","","","SPP-DK_N_gravi_01788","26/06/2013 00:00:00","","active","","","","","","","gravi","","","","","","","","","","","","http://cdr.eionet.europa.eu/dk/eu/aqd/d/colarw97g/envarw_cw/REP_D-DK_NERI_20251124_D-001.xml","05/12/2025 14:00:17"
"Denmark","DK.NERI.AQ","","NET-DK004A","""Danish Air Quality Monitoring Programme""","UTC+01","DK0045A","1259","""Copenhagen/1259""","SPO-DK0045A_00007_100","O3","12.561400","55.700280","25.000000","","urban","background","01/01/1994 00:00:00","20/07/1999 00:00:00","SPO_F-DK0045A_00007_100_100","2.0","","","","","","","","","","","0","","","","","","","","","","","","","","","SPP-DK_A_UV-P_API400A","01/01/1994 00:00:00","20/07/1999 00:00:00","automatic","UV-P","","API400A","","","","","","","","","","","","","","","","",""
"Denmark","DK.NERI.AQ","","NET-DK004A","""Danish Air Quality Monitoring Programme""","UTC+01","DK0045A","1259","""Copenhagen/1259""","SPO-DK0045A_00007_100","O3","12.561400","55.700280","25.000000","","urban","background","01/01/1994 00:00:00","20/07/1999 00:00:00","SPO_F-DK0045A_00007_100_100","2.0","","","","","","","","","","","0","","","","","","","","","","","","","","","SPP-Unknown","01/01/1994 00:00:00","20/07/1999 00:00:00","","","","","","","","","","","","","","","","","","","","",""
"Denmark","DK.NERI.AQ","2025","NET-DK004A","""Danish Air Quality Monitoring Programme""","UTC+01","DK0045A","1259","""Copenhagen/1259""","SPO-DK0045A_00007_101","O3","12.561400","55.700280","25.000000","","urban","background","01/07/2003 00:00:00","","SPO_F-DK0045A_00007_101_101","20.0","","","","","","","","","","","0","","","","","","","","","","","","","","","SPP-DK_A_UV-P_API400","01/07/2003 00:00:00","","automatic","UV-P","","API400","","","","","","","","","","","","","","","","http://cdr.eionet.europa.eu/dk/eu/aqd/d/colarw97g/envarw_cw/REP_D-DK_NERI_20251124_D-001.xml","05/12/2025 14:00:17"
"Denmark","DK.NERI.AQ","2025","NET-DK004A","""Danish Air Quality Monitoring Programme""","UTC+01","DK0045A","1259","""Copenhagen/1259""","SPO-DK0045A_00007_101","O3","12.561400","55.700280","25.000000","","urban","background","01/07/2003 00:00:00","","SPO_F-DK0045A_00007_101_101","20.0","","","","","","","","","","","0","","","","","","","","","","","","","","","SPP-DK_A_UV-P_API400","01/07/2003 00:00:00","","automatic","UV-P","","","","","","","","","","","","","","","","","","http://cdr.eionet.europa.eu/dk/eu/aqd/d/colarw97g/envarw_cw/REP_D-DK_NERI_20251124_D-001.xml","05/12/2025 14:00:17"
"Denmark","DK.NERI.AQ","2025","NET-DK004A","""Danish Air Quality Monitoring Programme""","UTC+01","DK0045A","1259","""Copenhagen/1259""","SPO-DK0045A_00007_101","O3","12.561400","55.700280","25.000000","m","urban","background","01/07/2003 00:00:00","","SPO_F-DK0045A_00007_101_101","20.0","m","","","","","","","Long-range transboundary transport","","","0","","","","","Copenhagen","","","","","","","","","","SPP-DK_A_UV-P_API400A","01/07/2003 00:00:00","","automatic","UV-P","","API400A","","","","","","ref","","","","","In preparation","0","variable","30","minute","http://cdr.eionet.europa.eu/dk/eu/aqd/d/colarw97g/envarw_cw/REP_D-DK_NERI_20251124_D-001.xml","05/12/2025 14:00:17"
"Denmark","DK.NERI.AQ","2025","NET-DK004A","""Danish Air Quality Monitoring Programme""","UTC+01","DK0045A","1259","""Copenhagen/1259""","SPO-DK0045A_00008_100","NO2","12.561400","55.700280","25.000000","","urban","background","01/01/1995 00:00:00","","SPO_F-DK0045A_00008_100_100","2.0","","","","","","","","","","","0","","","","","","","","","","","","","","","SPP-DK_A_chemi_API200A","01/01/1995 00:00:00","","automatic","chemi","","API200A","","","","","","","","","","","","","","","","http://cdr.eionet.europa.eu/dk/eu/aqd/d/colarw97g/envarw_cw/REP_D-DK_NERI_20251124_D-001.xml","05/12/2025 14:00:17"
"Denmark","DK.NERI.AQ","2025","NET-DK004A","""Danish Air Quality Monitoring Programme""","UTC+01","DK0045A","1259","""Copenhagen/1259""","SPO-DK0045A_00008_100","NO2","12.561400","55.700280","25.000000","m","urban","background","01/01/1995 00:00:00","","SPO_F-DK0045A_00008_100_100","20.0","m","","","","","","","Transport","","","0","","","","","Copenhagen","","","","","","","","","","SPP-DK_A_chemi_API200A","01/01/1995 00:00:00","","automatic","chemi","","API200A","","","","","","ref","","","","","In preparation","0","variable","0","other","http://cdr.eionet.europa.eu/dk/eu/aqd/d/colarw97g/envarw_cw/REP_D-DK_NERI_20251124_D-001.xml","05/12/2025 14:00:17"
"Denmark","DK.NERI.AQ","2025","NET-DK004A","""Danish Air Quality Monitoring Programme""","UTC+01","DK0045A","1259","""Copenhagen/1259""","SPO-DK0045A_00008_100","NO2","12.561400","55.700280","25.000000","","urban","background","01/01/1995 00:00:00","","SPO_F-DK0045A_00008_100_100","2.0","","","","","","","","","","","0","","","","","","","","","","","","","","","SPP-DK_A_chemi_API200A","01/01/1995 00:00:00","","automatic","chemi","","","","","","","","","","","","","","","","","","http://cdr.eionet.europa.eu/dk/eu/aqd/d/colarw97g/envarw_cw/REP_D-DK_NERI_20251124_D-001.xml","05/12/2025 14:00:17"
"Denmark","DK.NERI.AQ","2025","NET-DK004A","""Danish Air Quality Monitoring Programme""","UTC+01","DK0045A","1259","""Copenhagen/1259""","SPO-DK0045A_00009_100","NOX as NO2","12.561400","55.700280","25.000000","","urban","background","01/01/1995 00:00:00","","SPO_F-DK0045A_00009_100_100","3.0","","","","","","","","","","","0","","","","","","","","","","","","","","","SPP-DK_A_chemi_API","01/01/1995 00:00:00","","automatic","chemi","","","","","","","","","","","","","","","","","","http://cdr.eionet.europa.eu/dk/eu/aqd/d/colarw97g/envarw_cw/REP_D-DK_NERI_20251124_D-001.xml","05/12/2025 14:00:17"
"Denmark","DK.NERI.AQ","2025","NET-DK004A","""Danish Air Quality Monitoring Programme""","UTC+01","DK0045A","1259","""Copenhagen/1259""","SPO-DK0045A_00009_100","NOX as NO2","12.561400","55.700280","25.000000","","urban","background","01/01/1995 00:00:00","","SPO_F-DK0045A_00009_100_100","3.0","","","","","","","","","","","0","","","","","","","","","","","","","","","SPP-DK_A_chemi_API","01/01/1995 00:00:00","","automatic","chemi","","API","","","","","","","","","","","","","","","","http://cdr.eionet.europa.eu/dk/eu/aqd/d/colarw97g/envarw_cw/REP_D-DK_NERI_20251124_D-001.xml","05/12/2025 14:00:17"
"Denmark","DK.NERI.AQ","2025","NET-DK004A","""Danish Air Quality Monitoring Programme""","UTC+01","DK0045A","1259","""Copenhagen/1259""","SPO-DK0045A_00009_100","NOX as NO2","12.561400","55.700280","25.000000","m","urban","background","01/01/1995 00:00:00","","SPO_F-DK0045A_00009_100_100","20.0","m","","","","","","","Transport","","","0","","","","","Copenhagen","","","","","","","","","","SPP-DK_A_chemi_API200A","01/01/1995 00:00:00","","automatic","chemi","","API200A","","","","","","ref","","","","","In preparation","0","variable","0","other","http://cdr.eionet.europa.eu/dk/eu/aqd/d/colarw97g/envarw_cw/REP_D-DK_NERI_20251124_D-001.xml","05/12/2025 14:00:17"
"Denmark","DK.NERI.AQ","2025","NET-DK004A","""Danish Air Quality Monitoring Programme""","UTC+01","DK0045A","1259","""Copenhagen/1259""","SPO-DK0045A_00010_100","CO","12.561400","55.700280","25.000000","","urban","background","01/01/1998 00:00:00","","SPO_F-DK0045A_00010_100_100","2.0","","","","","","","","","","","0","","","","","","","","","","","","","","","SPP-DK_A_NDIR_07056","01/01/1998 00:00:00","","automatic","NDIR","","other","","","","","","","","","","","","","","","","http://cdr.eionet.europa.eu/dk/eu/aqd/d/colarw97g/envarw_cw/REP_D-DK_NERI_20251124_D-001.xml","05/12/2025 14:00:17"
"Denmark","DK.NERI.AQ","2025","NET-DK004A","""Danish Air Quality Monitoring Programme""","UTC+01","DK0045A","1259","""Copenhagen/1259""","SPO-DK0045A_00010_100","CO","12.561400","55.700280","25.000000","m","urban","background","01/01/1998 00:00:00","","SPO_F-DK0045A_00010_100_100","20.0","m","","","","","","","Transport","","","0","","","","","Copenhagen","","","","","","","","","","SPP-DK_A_NDIR_07056","01/01/1998 00:00:00","","automatic","NDIR","","thermo48","","","","","","ref","","","","","In preparation","0","variable","0","other","http://cdr.eionet.europa.eu/dk/eu/aqd/d/colarw97g/envarw_cw/REP_D-DK_NERI_20251124_D-001.xml","05/12/2025 14:00:17"
"Denmark","DK.NERI.AQ","2025","NET-DK004A","""Danish Air Quality Monitoring Programme""","UTC+01","DK0045A","1259","""Copenhagen/1259""","SPO-DK0045A_00010_100","CO","12.561400","55.700280","25.000000","","urban","background","01/01/1998 00:00:00","","SPO_F-DK0045A_00010_100_100","2.0","","","","","","","","","","","0","","","","","","","","","","","","","","","SPP-DK_A_NDIR_07056","01/01/1998 00:00:00","","automatic","NDIR","","","","","","","","","","","","","","","","","","http://cdr.eionet.europa.eu/dk/eu/aqd/d/colarw97g/envarw_cw/REP_D-DK_NERI_20251124_D-001.xml","05/12/2025 14:00:17"
"Denmark","DK.NERI.AQ","","NET-DK004A","""Danish Air Quality Monitoring Programme""","UTC+01","DK0045A","1259","""Copenhagen/1259""","SPO-DK0045A_00012_100","Pb","12.561400","55.700280","25.000000","","urban","background","01/01/2001 00:00:00","01/01/2010 00:00:00","SPO_F-DK0045A_00012_100_100","3.0","","","","","","","","","","","0","","","","","","","","","","","","","","","SPP-DK_N_00528_opsisSM200","01/01/2001 00:00:00","01/01/2010 00:00:00","active","","","","","other","","other","","","","","","","","","","","","",""
"Denmark","DK.NERI.AQ","","NET-DK004A","""Danish Air Quality Monitoring Programme""","UTC+01","DK0045A","1259","""Copenhagen/1259""","SPO-DK0045A_00012_100","Pb","12.561400","55.700280","25.000000","","urban","background","01/01/2001 00:00:00","01/01/2010 00:00:00","SPO_F-DK0045A_00012_100_100","3.0","","","","","","","","","","","0","","","","","","","","","","","","","","","SPP-Unknown","01/01/2001 00:00:00","01/01/2010 00:00:00","","","","","","","","","","","","","","","","","","","","",""
"Denmark","DK.NERI.AQ","2014","NET-DK004A","""Danish Air Quality Monitoring Programme""","UTC+01","DK0045A","1259","""Copenhagen/1259""","SPO-DK0045A_00012_101","Pb","12.561400","55.700280","25.000000","","urban","background","01/01/2010 00:00:00","","SPO_F-DK0045A_00012_101_101","3.0","","","","","","","","","","","0","","","","","","","","","","","","","","","SPP-DK_N_ICP-MS_opsisSM200","01/01/2010 00:00:00","","active","","","","","","","ICP-MS","","","","","","","","","","","","http://cdr.eionet.europa.eu/dk/eu/aqd/d/envv0wp_g/REP_D-DK_NERI_201600505_D-001.xml","09/11/2024 01:20:34"
"Denmark","DK.NERI.AQ","2014","NET-DK004A","""Danish Air Quality Monitoring Programme""","UTC+01","DK0045A","1259","""Copenhagen/1259""","SPO-DK0045A_00012_101","Pb","12.561400","55.700280","25.000000","","urban","background","01/01/2010 00:00:00","","SPO_F-DK0045A_00012_101_101","3.0","","","","","","","","","","","0","","","","","","","","","","","","","","","SPP-DK_N_ICP-MS_opsisSM200","01/01/2010 00:00:00","","active","","","","","other","","ICP-MS","","","","","","","","","","","","http://cdr.eionet.europa.eu/dk/eu/aqd/d/envv0wp_g/REP_D-DK_NERI_201600505_D-001.xml","09/11/2024 01:20:34"
"Denmark","DK.NERI.AQ","","NET-DK004A","""Danish Air Quality Monitoring Programme""","UTC+01","DK0045A","1259","""Copenhagen/1259""","SPO-DK0045A_00014_100","Cd","12.561400","55.700280","25.000000","","urban","background","01/01/2001 00:00:00","01/01/2010 00:00:00","SPO_F-DK0045A_00014_100_100","3.0","","","","","","","","","","","0","","","","","","","","","","","","","","","SPP-DK_N_00528_opsisSM200","01/01/2001 00:00:00","01/01/2010 00:00:00","active","","","","","other","","other","","","","","","","","","","","","",""
"Denmark","DK.NERI.AQ","","NET-DK004A","""Danish Air Quality Monitoring Programme""","UTC+01","DK0045A","1259","""Copenhagen/1259""","SPO-DK0045A_00014_100","Cd","12.561400","55.700280","25.000000","","urban","background","01/01/2001 00:00:00","01/01/2010 00:00:00","SPO_F-DK0045A_00014_100_100","3.0","","","","","","","","","","","0","","","","","","","","","","","","","","","SPP-Unknown","01/01/2001 00:00:00","01/01/2010 00:00:00","","","","","","","","","","","","","","","","","","","","",""
"Denmark","DK.NERI.AQ","2025","NET-DK004A","""Danish Air Quality Monitoring Programme""","UTC+01","DK0045A","1259","""Copenhagen/1259""","SPO-DK0045A_00014_101","Cd","12.561400","55.700280","25.000000","","urban","background","01/01/2010 00:00:00","","SPO_F-DK0045A_00014_101_101","3.0","","","","","","","","","","","0","","","","","","","","","","","","","","","SPP-DK_N_ICP-MS_opsisSM200","01/01/2010 00:00:00","","active","","","","","other","","ICP-MS","","","","","","","","","","","","http://cdr.eionet.europa.eu/dk/eu/aqd/d/colarw97g/envarw_cw/REP_D-DK_NERI_20251124_D-001.xml","05/12/2025 14:00:17"
"Denmark","DK.NERI.AQ","2025","NET-DK004A","""Danish Air Quality Monitoring Programme""","UTC+01","DK0045A","1259","""Copenhagen/1259""","SPO-DK0045A_00014_101","Cd","12.561400","55.700280","25.000000","m","urban","background","01/01/2010 00:00:00","01/01/2015 00:00:00","SPO_F-DK0045A_00014_101_101","20.0","m","","","","","","","Long-range transboundary transport","","","0","","","","","Copenhagen","","","","","","","","","","SPP-DK_N_ICP-MS_opsisSM200","01/01/2010 00:00:00","01/01/2015 00:00:00","active","","","","","","","ICP-MS","","ref","","","","","In preparation","1","day","1","day","http://cdr.eionet.europa.eu/dk/eu/aqd/d/colarw97g/envarw_cw/REP_D-DK_NERI_20251124_D-001.xml","05/12/2025 14:00:17"
"Denmark","DK.NERI.AQ","2025","NET-DK004A","""Danish Air Quality Monitoring Programme""","UTC+01","DK0045A","1259","""Copenhagen/1259""","SPO-DK0045A_00014_101","Cd","12.561400","55.700280","25.000000","","urban","background","01/01/2010 00:00:00","","SPO_F-DK0045A_00014_101_101","3.0","","","","","","","","","","","0","","","","","","","","","","","","","","","SPP-DK_N_ICP-MS_opsisSM200","01/01/2010 00:00:00","","active","","","","","","","ICP-MS","","","","","","","","","","","","http://cdr.eionet.europa.eu/dk/eu/aqd/d/colarw97g/envarw_cw/REP_D-DK_NERI_20251124_D-001.xml","05/12/2025 14:00:17"
"Denmark","DK.NERI.AQ","","NET-DK004A","""Danish Air Quality Monitoring Programme""","UTC+01","DK0045A","1259","""Copenhagen/1259""","SPO-DK0045A_00015_100","Ni","12.561400","55.700280","25.000000","","urban","background","01/01/2001 00:00:00","01/01/2010 00:00:00","SPO_F-DK0045A_00015_100_100","3.0","","","","","","","","","","","0","","","","","","","","","","","","","","","SPP-DK_N_00528_opsisSM200","01/01/2001 00:00:00","01/01/2010 00:00:00","active","","","","","other","","other","","","","","","","","","","","","",""
"Denmark","DK.NERI.AQ","","NET-DK004A","""Danish Air Quality Monitoring Programme""","UTC+01","DK0045A","1259","""Copenhagen/1259""","SPO-DK0045A_00015_100","Ni","12.561400","55.700280","25.000000","","urban","background","01/01/2001 00:00:00","01/01/2010 00:00:00","SPO_F-DK0045A_00015_100_100","3.0","","","","","","","","","","","0","","","","","","","","","","","","","","","SPP-Unknown","01/01/2001 00:00:00","01/01/2010 00:00:00","","","","","","","","","","","","","","","","","","","","",""
"Denmark","DK.NERI.AQ","2025","NET-DK004A","""Danish Air Quality Monitoring Programme""","UTC+01","DK0045A","1259","""Copenhagen/1259""","SPO-DK0045A_00015_101","Ni","12.561400","55.700280","25.000000","","urban","background","01/01/2010 00:00:00","","SPO_F-DK0045A_00015_101_101","3.0","","","","","","","","","","","0","","","","","","","","","","","","","","","SPP-DK_N_ICP-MS_opsisSM200","01/01/2010 00:00:00","","active","","","","","","","ICP-MS","","","","","","","","","","","","http://cdr.eionet.europa.eu/dk/eu/aqd/d/colarw97g/envarw_cw/REP_D-DK_NERI_20251124_D-001.xml","05/12/2025 14:00:17"
"Denmark","DK.NERI.AQ","2025","NET-DK004A","""Danish Air Quality Monitoring Programme""","UTC+01","DK0045A","1259","""Copenhagen/1259""","SPO-DK0045A_00015_101","Ni","12.561400","55.700280","25.000000","","urban","background","01/01/2010 00:00:00","","SPO_F-DK0045A_00015_101_101","3.0","","","","","","","","","","","0","","","","","","","","","","","","","","","SPP-DK_N_ICP-MS_opsisSM200","01/01/2010 00:00:00","","active","","","","","other","","ICP-MS","","","","","","","","","","","","http://cdr.eionet.europa.eu/dk/eu/aqd/d/colarw97g/envarw_cw/REP_D-DK_NERI_20251124_D-001.xml","05/12/2025 14:00:17"
"Denmark","DK.NERI.AQ","2025","NET-DK004A","""Danish Air Quality Monitoring Programme""","UTC+01","DK0045A","1259","""Copenhagen/1259""","SPO-DK0045A_00015_101","Ni","12.561400","55.700280","25.000000","m","urban","background","01/01/2010 00:00:00","01/01/2015 00:00:00","SPO_F-DK0045A_00015_101_101","20.0","m","","","","","","","Long-range transboundary transport","","","0","","","","","Copenhagen","","","","","","","","","","SPP-DK_N_ICP-MS_opsisSM200","01/01/2010 00:00:00","01/01/2015 00:00:00","active","","","","","","","ICP-MS","","ref","","","","","In preparation","1","day","1","day","http://cdr.eionet.europa.eu/dk/eu/aqd/d/colarw97g/envarw_cw/REP_D-DK_NERI_20251124_D-001.xml","05/12/2025 14:00:17"
"Denmark","DK.NERI.AQ","","NET-DK004A","""Danish Air Quality Monitoring Programme""","UTC+01","DK0045A","1259","""Copenhagen/1259""","SPO-DK0045A_00016_100","Cr","12.561400","55.700280","25.000000","","urban","background","01/01/2001 00:00:00","01/01/2010 00:00:00","SPO_F-DK0045A_00016_100_100","3.0","","","","","","","","","","","0","","","","","","","","","","","","","","","SPP-DK_N_00528_opsisSM200","01/01/2001 00:00:00","01/01/2010 00:00:00","active","","","","","other","","other","","","","","","","","","","","","",""
"Denmark","DK.NERI.AQ","","NET-DK004A","""Danish Air Quality Monitoring Programme""","UTC+01","DK0045A","1259","""Copenhagen/1259""","SPO-DK0045A_00016_100","Cr","12.561400","55.700280","25.000000","","urban","background","01/01/2001 00:00:00","01/01/2010 00:00:00","SPO_F-DK0045A_00016_100_100","3.0","","","","","","","","","","","0","","","","","","","","","","","","","","","SPP-Unknown","01/01/2001 00:00:00","01/01/2010 00:00:00","","","","","","","","","","","","","","","","","","","","",""
"Denmark","DK.NERI.AQ","","NET-DK004A","""Danish Air Quality Monitoring Programme""","UTC+01","DK0045A","1259","""Copenhagen/1259""","SPO-DK0045A_00017_100","Mn","12.561400","55.700280","25.000000","","urban","background","01/01/2001 00:00:00","01/01/2010 00:00:00","SPO_F-DK0045A_00017_100_100","3.0","","","","","","","","","","","0","","","","","","","","","","","","","","","SPP-DK_N_00528_opsisSM200","01/01/2001 00:00:00","01/01/2010 00:00:00","active","","","","","other","","other","","","","","","","","","","","","",""
"Denmark","DK.NERI.AQ","","NET-DK004A","""Danish Air Quality Monitoring Programme""","UTC+01","DK0045A","1259","""Copenhagen/1259""","SPO-DK0045A_00017_100","Mn","12.561400","55.700280","25.000000","","urban","background","01/01/2001 00:00:00","01/01/2010 00:00:00","SPO_F-DK0045A_00017_100_100","3.0","","","","","","","","","","","0","","","","","","","","","","","","","","","SPP-Unknown","01/01/2001 00:00:00","01/01/2010 00:00:00","","","","","","","","","","","","","","","","","","","","",""
"Denmark","DK.NERI.AQ","","NET-DK004A","""Danish Air Quality Monitoring Programme""","UTC+01","DK0045A","1259","""Copenhagen/1259""","SPO-DK0045A_00018_100","As","12.561400","55.700280","25.000000","","urban","background","01/01/2001 00:00:00","01/01/2010 00:00:00","SPO_F-DK0045A_00018_100_100","3.0","","","","","","","","","","","0","","","","","","","","","","","","","","","SPP-DK_N_00528_opsisSM200","01/01/2001 00:00:00","01/01/2010 00:00:00","active","","","","","other","","other","","","","","","","","","","","","",""
"Denmark","DK.NERI.AQ","","NET-DK004A","""Danish Air Quality Monitoring Programme""","UTC+01","DK0045A","1259","""Copenhagen/1259""","SPO-DK0045A_00018_100","As","12.561400","55.700280","25.000000","","urban","background","01/01/2001 00:00:00","01/01/2010 00:00:00","SPO_F-DK0045A_00018_100_100","3.0","","","","","","","","","","","0","","","","","","","","","","","","","","","SPP-Unknown","01/01/2001 00:00:00","01/01/2010 00:00:00","","","","","","","","","","","","","","","","","","","","",""
"Denmark","DK.NERI.AQ","2025","NET-DK004A","""Danish Air Quality Monitoring Programme""","UTC+01","DK0045A","1259","""Copenhagen/1259""","SPO-DK0045A_00018_101","As","12.561400","55.700280","25.000000","m","urban","background","01/01/2010 00:00:00","01/01/2015 00:00:00","SPO_F-DK0045A_00018_101_101","20.0","m","","","","","","","Long-range transboundary transport","","","0","","","","","Copenhagen","","","","","","","","","","SPP-DK_N_ICP-MS_opsisSM200","01/01/2010 00:00:00","01/01/2015 00:00:00","active","","","","","","","ICP-MS","","ref","","","","","In preparation","1","day","1","day","http://cdr.eionet.europa.eu/dk/eu/aqd/d/colarw97g/envarw_cw/REP_D-DK_NERI_20251124_D-001.xml","05/12/2025 14:00:17"
"Denmark","DK.NERI.AQ","2025","NET-DK004A","""Danish Air Quality Monitoring Programme""","UTC+01","DK0045A","1259","""Copenhagen/1259""","SPO-DK0045A_00018_101","As","12.561400","55.700280","25.000000","","urban","background","01/01/2010 00:00:00","","SPO_F-DK0045A_00018_101_101","3.0","","","","","","","","","","","0","","","","","","","","","","","","","","","SPP-DK_N_ICP-MS_opsisSM200","01/01/2010 00:00:00","","active","","","","","other","","ICP-MS","","","","","","","","","","","","http://cdr.eionet.europa.eu/dk/eu/aqd/d/colarw97g/envarw_cw/REP_D-DK_NERI_20251124_D-001.xml","05/12/2025 14:00:17"
"Denmark","DK.NERI.AQ","2025","NET-DK004A","""Danish Air Quality Monitoring Programme""","UTC+01","DK0045A","1259","""Copenhagen/1259""","SPO-DK0045A_00018_101","As","12.561400","55.700280","25.000000","","urban","background","01/01/2010 00:00:00","","SPO_F-DK0045A_00018_101_101","3.0","","","","","","","","","","","0","","","","","","","","","","","","","","","SPP-DK_N_ICP-MS_opsisSM200","01/01/2010 00:00:00","","active","","","","","","","ICP-MS","","","","","","","","","","","","http://cdr.eionet.europa.eu/dk/eu/aqd/d/colarw97g/envarw_cw/REP_D-DK_NERI_20251124_D-001.xml","05/12/2025 14:00:17"
"Denmark","DK.NERI.AQ","2025","NET-DK004A","""Danish Air Quality Monitoring Programme""","UTC+01","DK0045A","1259","""Copenhagen/1259""","SPO-DK0045A_00020_100","C6H6","12.561400","55.700280","25.000000","","urban","background","21/01/2009 00:00:00","","SPO_F-DK0045A_00020_100_100","20.0","","","","","","","","","","","0","","","","","","","","","","","","","","","SPP-DK_N_GC-MSa_00114","21/01/2009 00:00:00","","active","","","","","other","","GC-MSa","","","","","","","","","","","","http://cdr.eionet.europa.eu/dk/eu/aqd/d/colarw97g/envarw_cw/REP_D-DK_NERI_20251124_D-001.xml","05/12/2025 14:00:17"
"Denmark","DK.NERI.AQ","2025","NET-DK004A","""Danish Air Quality Monitoring Programme""","UTC+01","DK0045A","1259","""Copenhagen/1259""","SPO-DK0045A_00020_100","C6H6","12.561400","55.700280","25.000000","m","urban","background","21/01/2009 00:00:00","","SPO_F-DK0045A_00020_100_100","20.0","m","","","","","","","Transport","","","0","","","","","Copenhagen","","","","","","","","","","SPP-DK_N_GC-MSa_03618","21/01/2009 00:00:00","","active","","","","","LVSauto2.3","","GC-MSa","","ref","","","","","In preparation","1","day","1","hour","http://cdr.eionet.europa.eu/dk/eu/aqd/d/colarw97g/envarw_cw/REP_D-DK_NERI_20251124_D-001.xml","05/12/2025 14:00:17"
"Denmark","DK.NERI.AQ","2025","NET-DK004A","""Danish Air Quality Monitoring Programme""","UTC+01","DK0045A","1259","""Copenhagen/1259""","SPO-DK0045A_00020_100","C6H6","12.561400","55.700280","25.000000","","urban","background","21/01/2009 00:00:00","","SPO_F-DK0045A_00020_100_100","20.0","","","","","","","","","","","0","","","","","","","","","","","","","","","SPP-DK_N_GC-MSa_03618","21/01/2009 00:00:00","","active","","","","","","","GC-MSa","","","","","","","","","","","","http://cdr.eionet.europa.eu/dk/eu/aqd/d/colarw97g/envarw_cw/REP_D-DK_NERI_20251124_D-001.xml","05/12/2025 14:00:17"
"Denmark","DK.NERI.AQ","2025","NET-DK004A","""Danish Air Quality Monitoring Programme""","UTC+01","DK0045A","1259","""Copenhagen/1259""","SPO-DK0045A_00021_100","C6H5-CH3","12.561400","55.700280","25.000000","","urban","background","21/01/2009 00:00:00","","SPO_F-DK0045A_00021_100_100","20.0","","","","","","","","","","","0","","","","","","","","","","","","","","","SPP-DK_N_GC-MSa_00114","21/01/2009 00:00:00","","active","","","","","other","","GC-MSa","","","","","","","","","","","","http://cdr.eionet.europa.eu/dk/eu/aqd/d/colarw97g/envarw_cw/REP_D-DK_NERI_20251124_D-001.xml","05/12/2025 14:00:17"
"Denmark","DK.NERI.AQ","2025","NET-DK004A","""Danish Air Quality Monitoring Programme""","UTC+01","DK0045A","1259","""Copenhagen/1259""","SPO-DK0045A_00021_100","C6H5-CH3","12.561400","55.700280","25.000000","","urban","background","21/01/2009 00:00:00","","SPO_F-DK0045A_00021_100_100","20.0","","","","","","","","","","","0","","","","","","","","","","","","","","","SPP-DK_N_GC-MSa_03618","21/01/2009 00:00:00","","active","","","","","","","GC-MSa","","","","","","","","","","","","http://cdr.eionet.europa.eu/dk/eu/aqd/d/colarw97g/envarw_cw/REP_D-DK_NERI_20251124_D-001.xml","05/12/2025 14:00:17"
"Denmark","DK.NERI.AQ","2025","NET-DK004A","""Danish Air Quality Monitoring Programme""","UTC+01","DK0045A","1259","""Copenhagen/1259""","SPO-DK0045A_00021_100","C6H5-CH3","12.561400","55.700280","25.000000","m","urban","background","21/01/2009 00:00:00","","SPO_F-DK0045A_00021_100_100","20.0","m","","","","","","","Fugitive Emissions from Fuels","","","0","","","","","Copenhagen","","","","","","","","","","SPP-DK_N_GC-MSa_03618","21/01/2009 00:00:00","","active","","","","","LVSauto2.3","","GC-MSa","","ref","","","","","In preparation","1","day","1","hour","http://cdr.eionet.europa.eu/dk/eu/aqd/d/colarw97g/envarw_cw/REP_D-DK_NERI_20251124_D-001.xml","05/12/2025 14:00:17"
"Denmark","DK.NERI.AQ","2025","NET-DK004A","""Danish Air Quality Monitoring Programme""","UTC+01","DK0045A","1259","""Copenhagen/1259""","SPO-DK0045A_00038_100","NO","12.561400","55.700280","25.000000","","urban","background","01/01/1995 00:00:00","","SPO_F-DK0045A_00038_100_100","2.0","","","","","","","","","","","0","","","","","","","","","","","","","","","SPP-DK_A_chemi_API200A","01/01/1995 00:00:00","","automatic","chemi","","API200A","","","","","","","","","","","","","","","","http://cdr.eionet.europa.eu/dk/eu/aqd/d/colarw97g/envarw_cw/REP_D-DK_NERI_20251124_D-001.xml","05/12/2025 14:00:17"
"Denmark","DK.NERI.AQ","2025","NET-DK004A","""Danish Air Quality Monitoring Programme""","UTC+01","DK0045A","1259","""Copenhagen/1259""","SPO-DK0045A_00038_100","NO","12.561400","55.700280","25.000000","","urban","background","01/01/1995 00:00:00","","SPO_F-DK0045A_00038_100_100","2.0","","","","","","","","","","","0","","","","","","","","","","","","","","","SPP-DK_A_chemi_API200A","01/01/1995 00:00:00","","automatic","chemi","","","","","","","","","","","","","","","","","","http://cdr.eionet.europa.eu/dk/eu/aqd/d/colarw97g/envarw_cw/REP_D-DK_NERI_20251124_D-001.xml","05/12/2025 14:00:17"
"Denmark","DK.NERI.AQ","2025","NET-DK004A","""Danish Air Quality Monitoring Programme""","UTC+01","DK0045A","1259","""Copenhagen/1259""","SPO-DK0045A_00038_100","NO","12.561400","55.700280","25.000000","m","urban","background","01/01/1995 00:00:00","","SPO_F-DK0045A_00038_100_100","20.0","m","","","","","","","Transport","","","0","","","","","Copenhagen","","","","","","","","","","SPP-DK_A_chemi_API200A","01/01/1995 00:00:00","","automatic","chemi","","API200A","","","","","","ref","","","","","In preparation","0","variable","0","other","http://cdr.eionet.europa.eu/dk/eu/aqd/d/colarw97g/envarw_cw/REP_D-DK_NERI_20251124_D-001.xml","05/12/2025 14:00:17"
"Denmark","DK.NERI.AQ","","NET-DK004A","""Danish Air Quality Monitoring Programme""","UTC+01","DK0045A","1259","""Copenhagen/1259""","SPO-DK0045A_00047_100","SO4 (H2SO4 aerosols) (SO4--)","12.561400","55.700280","25.000000","","urban","background","01/01/2001 00:00:00","01/01/2010 00:00:00","SPO_F-DK0045A_00047_100_100","3.0","","","","","","","","","","","0","","","","","","","","","","","","","","","SPP-DK_N_00528_opsisSM200","01/01/2001 00:00:00","01/01/2010 00:00:00","active","","","","","other","","other","","","","","","","","","","","","",""
"Denmark","DK.NERI.AQ","","NET-DK004A","""Danish Air Quality Monitoring Programme""","UTC+01","DK0045A","1259","""Copenhagen/1259""","SPO-DK0045A_00047_100","SO4 (H2SO4 aerosols) (SO4--)","12.561400","55.700280","25.000000","","urban","background","01/01/2001 00:00:00","01/01/2010 00:00:00","SPO_F-DK0045A_00047_100_100","3.0","","","","","","","","","","","0","","","","","","","","","","","","","","","SPP-Unknown","01/01/2001 00:00:00","01/01/2010 00:00:00","","","","","","","","","","","","","","","","","","","","",""
"Denmark","DK.NERI.AQ","","NET-DK004A","""Danish Air Quality Monitoring Programme""","UTC+01","DK0045A","1259","""Copenhagen/1259""","SPO-DK0045A_00048_100","Se","12.561400","55.700280","25.000000","","urban","background","01/01/2001 00:00:00","01/01/2010 00:00:00","SPO_F-DK0045A_00048_100_100","3.0","","","","","","","","","","","0","","","","","","","","","","","","","","","SPP-DK_N_00528_opsisSM200","01/01/2001 00:00:00","01/01/2010 00:00:00","active","","","","","other","","other","","","","","","","","","","","","",""
"Denmark","DK.NERI.AQ","","NET-DK004A","""Danish Air Quality Monitoring Programme""","UTC+01","DK0045A","1259","""Copenhagen/1259""","SPO-DK0045A_00048_100","Se","12.561400","55.700280","25.000000","","urban","background","01/01/2001 00:00:00","01/01/2010 00:00:00","SPO_F-DK0045A_00048_100_100","3.0","","","","","","","","","","","0","","","","","","","","","","","","","","","SPP-Unknown","01/01/2001 00:00:00","01/01/2010 00:00:00","","","","","","","","","","","","","","","","","","","","",""
"Denmark","DK.NERI.AQ","","NET-DK004A","""Danish Air Quality Monitoring Programme""","UTC+01","DK0045A","1259","""Copenhagen/1259""","SPO-DK0045A_00049_100","V","12.561400","55.700280","25.000000","","urban","background","01/01/2001 00:00:00","01/01/2010 00:00:00","SPO_F-DK0045A_00049_100_100","3.0","","","","","","","","","","","0","","","","","","","","","","","","","","","SPP-DK_N_00528_opsisSM200","01/01/2001 00:00:00","01/01/2010 00:00:00","active","","","","","other","","other","","","","","","","","","","","","",""
"Denmark","DK.NERI.AQ","","NET-DK004A","""Danish Air Quality Monitoring Programme""","UTC+01","DK0045A","1259","""Copenhagen/1259""","SPO-DK0045A_00049_100","V","12.561400","55.700280","25.000000","","urban","background","01/01/2001 00:00:00","01/01/2010 00:00:00","SPO_F-DK0045A_00049_100_100","3.0","","","","","","","","","","","0","","","","","","","","","","","","","","","SPP-Unknown","01/01/2001 00:00:00","01/01/2010 00:00:00","","","","","","","","","","","","","","","","","","","","",""
"Denmark","DK.NERI.AQ","2025","NET-DK004A","""Danish Air Quality Monitoring Programme""","UTC+01","DK0045A","1259","""Copenhagen/1259""","SPO-DK0045A_00316_100","(CH3)2-CH-CH2-CH2-CH3","12.561400","55.700280","25.000000","","urban","background","21/01/2009 00:00:00","","SPO_F-DK0045A_00316_100_100","20.0","","","","","","","","","","","0","","","","","","","","","","","","","","","SPP-DK_N_GC-MSa_00114","21/01/2009 00:00:00","","active","","","","","other","","GC-MSa","","","","","","","","","","","","http://cdr.eionet.europa.eu/dk/eu/aqd/d/colarw97g/envarw_cw/REP_D-DK_NERI_20251124_D-001.xml","05/12/2025 14:00:17"
"Denmark","DK.NERI.AQ","2025","NET-DK004A","""Danish Air Quality Monitoring Programme""","UTC+01","DK0045A","1259","""Copenhagen/1259""","SPO-DK0045A_00316_100","(CH3)2-CH-CH2-CH2-CH3","12.561400","55.700280","25.000000","","urban","background","21/01/2009 00:00:00","","SPO_F-DK0045A_00316_100_100","20.0","","","","","","","","","","","0","","","","","","","","","","","","","","","SPP-DK_N_GC-MSa_03618","21/01/2009 00:00:00","","active","","","","","","","GC-MSa","","","","","","","","","","","","http://cdr.eionet.europa.eu/dk/eu/aqd/d/colarw97g/envarw_cw/REP_D-DK_NERI_20251124_D-001.xml","05/12/2025 14:00:17"
"Denmark","DK.NERI.AQ","2025","NET-DK004A","""Danish Air Quality Monitoring Programme""","UTC+01","DK0045A","1259","""Copenhagen/1259""","SPO-DK0045A_00316_100","(CH3)2-CH-CH2-CH2-CH3","12.561400","55.700280","25.000000","m","urban","background","21/01/2009 00:00:00","","SPO_F-DK0045A_00316_100_100","20.0","m","","","","","","","Secondary aerosols","","","0","","","","","Copenhagen","","","","","","","","","","SPP-DK_N_GC-MSa_03618","21/01/2009 00:00:00","","active","","","","","LVSauto2.3","","GC-MSa","","ref","","","","","In preparation","1","day","1","hour","http://cdr.eionet.europa.eu/dk/eu/aqd/d/colarw97g/envarw_cw/REP_D-DK_NERI_20251124_D-001.xml","05/12/2025 14:00:17"
"Denmark","DK.NERI.AQ","2025","NET-DK004A","""Danish Air Quality Monitoring Programme""","UTC+01","DK0045A","1259","""Copenhagen/1259""","SPO-DK0045A_00431_100","C6H5-C2H5","12.561400","55.700280","25.000000","","urban","background","21/01/2009 00:00:00","","SPO_F-DK0045A_00431_100_100","20.0","","","","","","","","","","","0","","","","","","","","","","","","","","","SPP-DK_N_GC-MSa_00114","21/01/2009 00:00:00","","active","","","","","other","","GC-MSa","","","","","","","","","","","","http://cdr.eionet.europa.eu/dk/eu/aqd/d/colarw97g/envarw_cw/REP_D-DK_NERI_20251124_D-001.xml","05/12/2025 14:00:17"
"Denmark","DK.NERI.AQ","2025","NET-DK004A","""Danish Air Quality Monitoring Programme""","UTC+01","DK0045A","1259","""Copenhagen/1259""","SPO-DK0045A_00431_100","C6H5-C2H5","12.561400","55.700280","25.000000","m","urban","background","01/01/2015 00:00:00","","SPO_F-DK0045A_00431_100_100","20.0","m","","","","","","","Transport","","","0","","","","","Copenhagen","","","","","","","","","","SPP-DK_N_GC-MSa_03618","01/01/2015 00:00:00","","active","","","","","LVSauto2.3","","GC-MSa","","ref","","","","","In preparation","1","day","1","hour","http://cdr.eionet.europa.eu/dk/eu/aqd/d/colarw97g/envarw_cw/REP_D-DK_NERI_20251124_D-001.xml","05/12/2025 14:00:17"
"Denmark","DK.NERI.AQ","2025","NET-DK004A","""Danish Air Quality Monitoring Programme""","UTC+01","DK0045A","1259","""Copenhagen/1259""","SPO-DK0045A_00431_100","C6H5-C2H5","12.561400","55.700280","25.000000","","urban","background","21/01/2009 00:00:00","","SPO_F-DK0045A_00431_100_100","20.0","","","","","","","","","","","0","","","","","","","","","","","","","","","SPP-DK_N_GC-MSa_03618","21/01/2009 00:00:00","","active","","","","","","","GC-MSa","","","","","","","","","","","","http://cdr.eionet.europa.eu/dk/eu/aqd/d/colarw97g/envarw_cw/REP_D-DK_NERI_20251124_D-001.xml","05/12/2025 14:00:17"
"Denmark","DK.NERI.AQ","2025","NET-DK004A","""Danish Air Quality Monitoring Programme""","UTC+01","DK0045A","1259","""Copenhagen/1259""","SPO-DK0045A_00441_100","C7H16","12.561400","55.700280","25.000000","","urban","background","21/01/2009 00:00:00","","SPO_F-DK0045A_00441_100_100","20.0","","","","","","","","","","","0","","","","","","","","","","","","","","","SPP-DK_N_GC-MSa_00114","21/01/2009 00:00:00","","active","","","","","other","","GC-MSa","","","","","","","","","","","","http://cdr.eionet.europa.eu/dk/eu/aqd/d/colarw97g/envarw_cw/REP_D-DK_NERI_20251124_D-001.xml","05/12/2025 14:00:17"
"Denmark","DK.NERI.AQ","2025","NET-DK004A","""Danish Air Quality Monitoring Programme""","UTC+01","DK0045A","1259","""Copenhagen/1259""","SPO-DK0045A_00441_100","C7H16","12.561400","55.700280","25.000000","","urban","background","21/01/2009 00:00:00","","SPO_F-DK0045A_00441_100_100","20.0","","","","","","","","","","","0","","","","","","","","","","","","","","","SPP-DK_N_GC-MSa_03618","21/01/2009 00:00:00","","active","","","","","","","GC-MSa","","","","","","","","","","","","http://cdr.eionet.europa.eu/dk/eu/aqd/d/colarw97g/envarw_cw/REP_D-DK_NERI_20251124_D-001.xml","05/12/2025 14:00:17"
"Denmark","DK.NERI.AQ","2025","NET-DK004A","""Danish Air Quality Monitoring Programme""","UTC+01","DK0045A","1259","""Copenhagen/1259""","SPO-DK0045A_00441_100","C7H16","12.561400","55.700280","25.000000","m","urban","background","21/01/2009 00:00:00","","SPO_F-DK0045A_00441_100_100","20.0","m","","","","","","","Fugitive Emissions from Fuels","","","0","","","","","Copenhagen","","","","","","","","","","SPP-DK_N_GC-MSa_03618","21/01/2009 00:00:00","","active","","","","","LVSauto2.3","","GC-MSa","","ref","","","","","In preparation","1","day","1","hour","http://cdr.eionet.europa.eu/dk/eu/aqd/d/colarw97g/envarw_cw/REP_D-DK_NERI_20251124_D-001.xml","05/12/2025 14:00:17"
"Denmark","DK.NERI.AQ","2025","NET-DK004A","""Danish Air Quality Monitoring Programme""","UTC+01","DK0045A","1259","""Copenhagen/1259""","SPO-DK0045A_00443_100","C6H14","12.561400","55.700280","25.000000","","urban","background","21/01/2009 00:00:00","","SPO_F-DK0045A_00443_100_100","20.0","","","","","","","","","","","0","","","","","","","","","","","","","","","SPP-DK_N_GC-MSa_00114","21/01/2009 00:00:00","","active","","","","","other","","GC-MSa","","","","","","","","","","","","http://cdr.eionet.europa.eu/dk/eu/aqd/d/colarw97g/envarw_cw/REP_D-DK_NERI_20251124_D-001.xml","05/12/2025 14:00:17"
"Denmark","DK.NERI.AQ","2025","NET-DK004A","""Danish Air Quality Monitoring Programme""","UTC+01","DK0045A","1259","""Copenhagen/1259""","SPO-DK0045A_00443_100","C6H14","12.561400","55.700280","25.000000","","urban","background","21/01/2009 00:00:00","","SPO_F-DK0045A_00443_100_100","20.0","","","","","","","","","","","0","","","","","","","","","","","","","","","SPP-DK_N_GC-MSa_03618","21/01/2009 00:00:00","","active","","","","","","","GC-MSa","","","","","","","","","","","","http://cdr.eionet.europa.eu/dk/eu/aqd/d/colarw97g/envarw_cw/REP_D-DK_NERI_20251124_D-001.xml","05/12/2025 14:00:17"
"Denmark","DK.NERI.AQ","2025","NET-DK004A","""Danish Air Quality Monitoring Programme""","UTC+01","DK0045A","1259","""Copenhagen/1259""","SPO-DK0045A_00443_100","C6H14","12.561400","55.700280","25.000000","m","urban","background","21/01/2009 00:00:00","","SPO_F-DK0045A_00443_100_100","20.0","m","","","","","","","Solvent and Other Product Use (Secondary solvents)","","","0","","","","","Copenhagen","","","","","","","","","","SPP-DK_N_GC-MSa_03618","21/01/2009 00:00:00","","active","","","","","LVSauto2.3","","GC-MSa","","ref","","","","","In preparation","1","day","1","hour","http://cdr.eionet.europa.eu/dk/eu/aqd/d/colarw97g/envarw_cw/REP_D-DK_NERI_20251124_D-001.xml","05/12/2025 14:00:17"
"Denmark","DK.NERI.AQ","2025","NET-DK004A","""Danish Air Quality Monitoring Programme""","UTC+01","DK0045A","1259","""Copenhagen/1259""","SPO-DK0045A_00449_100","(CH3)3-C-CH2-CH-(CH3)2","12.561400","55.700280","25.000000","","urban","background","21/01/2009 00:00:00","","SPO_F-DK0045A_00449_100_100","20.0","","","","","","","","","","","0","","","","","","","","","","","","","","","SPP-DK_N_GC-MSa_00114","21/01/2009 00:00:00","","active","","","","","other","","GC-MSa","","","","","","","","","","","","http://cdr.eionet.europa.eu/dk/eu/aqd/d/colarw97g/envarw_cw/REP_D-DK_NERI_20251124_D-001.xml","05/12/2025 14:00:17"
"Denmark","DK.NERI.AQ","2025","NET-DK004A","""Danish Air Quality Monitoring Programme""","UTC+01","DK0045A","1259","""Copenhagen/1259""","SPO-DK0045A_00449_100","(CH3)3-C-CH2-CH-(CH3)2","12.561400","55.700280","25.000000","m","urban","background","21/01/2009 00:00:00","","SPO_F-DK0045A_00449_100_100","20.0","m","","","","","","","Transport","","","0","","","","","Copenhagen","","","","","","","","","","SPP-DK_N_GC-MSa_03618","21/01/2009 00:00:00","","active","","","","","LVSauto2.3","","GC-MSa","","ref","","","","","In preparation","1","day","1","hour","http://cdr.eionet.europa.eu/dk/eu/aqd/d/colarw97g/envarw_cw/REP_D-DK_NERI_20251124_D-001.xml","05/12/2025 14:00:17"
"Denmark","DK.NERI.AQ","2025","NET-DK004A","""Danish Air Quality Monitoring Programme""","UTC+01","DK0045A","1259","""Copenhagen/1259""","SPO-DK0045A_00449_100","(CH3)3-C-CH2-CH-(CH3)2","12.561400","55.700280","25.000000","","urban","background","21/01/2009 00:00:00","","SPO_F-DK0045A_00449_100_100","20.0","","","","","","","","","","","0","","","","","","","","","","","","","","","SPP-DK_N_GC-MSa_03618","21/01/2009 00:00:00","","active","","","","","","","GC-MSa","","","","","","","","","","","","http://cdr.eionet.europa.eu/dk/eu/aqd/d/colarw97g/envarw_cw/REP_D-DK_NERI_20251124_D-001.xml","05/12/2025 14:00:17"
"Denmark","DK.NERI.AQ","2025","NET-DK004A","""Danish Air Quality Monitoring Programme""","UTC+01","DK0045A","1259","""Copenhagen/1259""","SPO-DK0045A_00451_100","CH2=CH-C(CH3)=CH2","12.561400","55.700280","25.000000","","urban","background","21/01/2009 00:00:00","","SPO_F-DK0045A_00451_100_100","20.0","","","","","","","","","","","0","","","","","","","","","","","","","","","SPP-DK_N_GC-MSa_00114","21/01/2009 00:00:00","","active","","","","","other","","GC-MSa","","","","","","","","","","","","http://cdr.eionet.europa.eu/dk/eu/aqd/d/colarw97g/envarw_cw/REP_D-DK_NERI_20251124_D-001.xml","05/12/2025 14:00:17"
"Denmark","DK.NERI.AQ","2025","NET-DK004A","""Danish Air Quality Monitoring Programme""","UTC+01","DK0045A","1259","""Copenhagen/1259""","SPO-DK0045A_00451_100","CH2=CH-C(CH3)=CH2","12.561400","55.700280","25.000000","","urban","background","21/01/2009 00:00:00","","SPO_F-DK0045A_00451_100_100","20.0","","","","","","","","","","","0","","","","","","","","","","","","","","","SPP-DK_N_GC-MSa_03618","21/01/2009 00:00:00","","active","","","","","","","GC-MSa","","","","","","","","","","","","http://cdr.eionet.europa.eu/dk/eu/aqd/d/colarw97g/envarw_cw/REP_D-DK_NERI_20251124_D-001.xml","05/12/2025 14:00:17"
"Denmark","DK.NERI.AQ","2025","NET-DK004A","""Danish Air Quality Monitoring Programme""","UTC+01","DK0045A","1259","""Copenhagen/1259""","SPO-DK0045A_00451_100","CH2=CH-C(CH3)=CH2","12.561400","55.700280","25.000000","m","urban","background","21/01/2009 00:00:00","","SPO_F-DK0045A_00451_100_100","20.0","m","","","","","","","Other","","","0","","","","","Copenhagen","","","","","","","","","","SPP-DK_N_GC-MSa_03618","21/01/2009 00:00:00","","active","","","","","LVSauto2.3","","GC-MSa","","ref","","","","","In preparation","1","day","1","hour","http://cdr.eionet.europa.eu/dk/eu/aqd/d/colarw97g/envarw_cw/REP_D-DK_NERI_20251124_D-001.xml","05/12/2025 14:00:17"
"Denmark","DK.NERI.AQ","2025","NET-DK004A","""Danish Air Quality Monitoring Programme""","UTC+01","DK0045A","1259","""Copenhagen/1259""","SPO-DK0045A_00464_100","m,p-C6H4(CH3)2","12.561400","55.700280","25.000000","","urban","background","21/01/2009 00:00:00","","SPO_F-DK0045A_00464_100_100","0.0","","","","","","","","","","","0","","","","","","","","","","","","","","","SPP-DK_N_GC-MSa_00114","21/01/2009 00:00:00","","active","","","","","other","","GC-MSa","","","","","","","","","","","","http://cdr.eionet.europa.eu/dk/eu/aqd/d/colarw97g/envarw_cw/REP_D-DK_NERI_20251124_D-001.xml","05/12/2025 14:00:17"
"Denmark","DK.NERI.AQ","2025","NET-DK004A","""Danish Air Quality Monitoring Programme""","UTC+01","DK0045A","1259","""Copenhagen/1259""","SPO-DK0045A_00464_100","m,p-C6H4(CH3)2","12.561400","55.700280","25.000000","m","urban","background","21/01/2009 00:00:00","","SPO_F-DK0045A_00464_100_100","20.0","m","","","","","","","Secondary aerosols","","","0","","","","","Copenhagen","","","","","","","","","","SPP-DK_N_GC-MSa_03618","21/01/2009 00:00:00","","active","","","","","LVSauto2.3","","GC-MSa","","ref","","","","","In preparation","1","day","1","hour","http://cdr.eionet.europa.eu/dk/eu/aqd/d/colarw97g/envarw_cw/REP_D-DK_NERI_20251124_D-001.xml","05/12/2025 14:00:17"
"Denmark","DK.NERI.AQ","2025","NET-DK004A","""Danish Air Quality Monitoring Programme""","UTC+01","DK0045A","1259","""Copenhagen/1259""","SPO-DK0045A_00464_100","m,p-C6H4(CH3)2","12.561400","55.700280","25.000000","","urban","background","21/01/2009 00:00:00","","SPO_F-DK0045A_00464_100_100","0.0","","","","","","","","","","","0","","","","","","","","","","","","","","","SPP-DK_N_GC-MSa_03618","21/01/2009 00:00:00","","active","","","","","","","GC-MSa","","","","","","","","","","","","http://cdr.eionet.europa.eu/dk/eu/aqd/d/colarw97g/envarw_cw/REP_D-DK_NERI_20251124_D-001.xml","05/12/2025 14:00:17"
"Denmark","DK.NERI.AQ","2025","NET-DK004A","""Danish Air Quality Monitoring Programme""","UTC+01","DK0045A","1259","""Copenhagen/1259""","SPO-DK0045A_00475_100","C8H18","12.561400","55.700280","25.000000","","urban","background","21/01/2009 00:00:00","","SPO_F-DK0045A_00475_100_100","20.0","","","","","","","","","","","0","","","","","","","","","","","","","","","SPP-DK_N_GC-MSa_00114","21/01/2009 00:00:00","","active","","","","","other","","GC-MSa","","","","","","","","","","","","http://cdr.eionet.europa.eu/dk/eu/aqd/d/colarw97g/envarw_cw/REP_D-DK_NERI_20251124_D-001.xml","05/12/2025 14:00:17"
"Denmark","DK.NERI.AQ","2025","NET-DK004A","""Danish Air Quality Monitoring Programme""","UTC+01","DK0045A","1259","""Copenhagen/1259""","SPO-DK0045A_00475_100","C8H18","12.561400","55.700280","25.000000","","urban","background","21/01/2009 00:00:00","","SPO_F-DK0045A_00475_100_100","20.0","","","","","","","","","","","0","","","","","","","","","","","","","","","SPP-DK_N_GC-MSa_03618","21/01/2009 00:00:00","","active","","","","","","","GC-MSa","","","","","","","","","","","","http://cdr.eionet.europa.eu/dk/eu/aqd/d/colarw97g/envarw_cw/REP_D-DK_NERI_20251124_D-001.xml","05/12/2025 14:00:17"
"Denmark","DK.NERI.AQ","2025","NET-DK004A","""Danish Air Quality Monitoring Programme""","UTC+01","DK0045A","1259","""Copenhagen/1259""","SPO-DK0045A_00475_100","C8H18","12.561400","55.700280","25.000000","m","urban","background","21/01/2009 00:00:00","","SPO_F-DK0045A_00475_100_100","20.0","m","","","","","","","Fugitive Emissions from Fuels","","","0","","","","","Copenhagen","","","","","","","","","","SPP-DK_N_GC-MSa_03618","21/01/2009 00:00:00","","active","","","","","LVSauto2.3","","GC-MSa","","ref","","","","","In preparation","1","day","1","hour","http://cdr.eionet.europa.eu/dk/eu/aqd/d/colarw97g/envarw_cw/REP_D-DK_NERI_20251124_D-001.xml","05/12/2025 14:00:17"
"Denmark","DK.NERI.AQ","2025","NET-DK004A","""Danish Air Quality Monitoring Programme""","UTC+01","DK0045A","1259","""Copenhagen/1259""","SPO-DK0045A_00482_100","o-C6H4-(CH3)2","12.561400","55.700280","25.000000","","urban","background","21/01/2009 00:00:00","","SPO_F-DK0045A_00482_100_100","20.0","","","","","","","","","","","0","","","","","","","","","","","","","","","SPP-DK_N_GC-MSa_00114","21/01/2009 00:00:00","","active","","","","","other","","GC-MSa","","","","","","","","","","","","http://cdr.eionet.europa.eu/dk/eu/aqd/d/colarw97g/envarw_cw/REP_D-DK_NERI_20251124_D-001.xml","05/12/2025 14:00:17"
"Denmark","DK.NERI.AQ","2025","NET-DK004A","""Danish Air Quality Monitoring Programme""","UTC+01","DK0045A","1259","""Copenhagen/1259""","SPO-DK0045A_00482_100","o-C6H4-(CH3)2","12.561400","55.700280","25.000000","m","urban","background","21/01/2009 00:00:00","","SPO_F-DK0045A_00482_100_100","20.0","m","","","","","","","Transport","","","0","","","","","Copenhagen","","","","","","","","","","SPP-DK_N_GC-MSa_03618","21/01/2009 00:00:00","","active","","","","","LVSauto2.3","","GC-MSa","","ref","","","","","In preparation","1","day","1","hour","http://cdr.eionet.europa.eu/dk/eu/aqd/d/colarw97g/envarw_cw/REP_D-DK_NERI_20251124_D-001.xml","05/12/2025 14:00:17"
"Denmark","DK.NERI.AQ","2025","NET-DK004A","""Danish Air Quality Monitoring Programme""","UTC+01","DK0045A","1259","""Copenhagen/1259""","SPO-DK0045A_00482_100","o-C6H4-(CH3)2","12.561400","55.700280","25.000000","","urban","background","21/01/2009 00:00:00","","SPO_F-DK0045A_00482_100_100","20.0","","","","","","","","","","","0","","","","","","","","","","","","","","","SPP-DK_N_GC-MSa_03618","21/01/2009 00:00:00","","active","","","","","","","GC-MSa","","","","","","","","","","","","http://cdr.eionet.europa.eu/dk/eu/aqd/d/colarw97g/envarw_cw/REP_D-DK_NERI_20251124_D-001.xml","05/12/2025 14:00:17"
"Denmark","DK.NERI.AQ","2025","NET-DK004A","""Danish Air Quality Monitoring Programme""","UTC+01","DK0045A","1259","""Copenhagen/1259""","SPO-DK0045A_00486_100","H3C-(CH2)3-CH3","12.561400","55.700280","25.000000","","urban","background","21/01/2009 00:00:00","","SPO_F-DK0045A_00486_100_100","20.0","","","","","","","","","","","0","","","","","","","","","","","","","","","SPP-DK_N_GC-MSa_00114","21/01/2009 00:00:00","","active","","","","","other","","GC-MSa","","","","","","","","","","","","http://cdr.eionet.europa.eu/dk/eu/aqd/d/colarw97g/envarw_cw/REP_D-DK_NERI_20251124_D-001.xml","05/12/2025 14:00:17"
"Denmark","DK.NERI.AQ","2025","NET-DK004A","""Danish Air Quality Monitoring Programme""","UTC+01","DK0045A","1259","""Copenhagen/1259""","SPO-DK0045A_00486_100","H3C-(CH2)3-CH3","12.561400","55.700280","25.000000","","urban","background","21/01/2009 00:00:00","","SPO_F-DK0045A_00486_100_100","20.0","","","","","","","","","","","0","","","","","","","","","","","","","","","SPP-DK_N_GC-MSa_03618","21/01/2009 00:00:00","","active","","","","","","","GC-MSa","","","","","","","","","","","","http://cdr.eionet.europa.eu/dk/eu/aqd/d/colarw97g/envarw_cw/REP_D-DK_NERI_20251124_D-001.xml","05/12/2025 14:00:17"
"Denmark","DK.NERI.AQ","2025","NET-DK004A","""Danish Air Quality Monitoring Programme""","UTC+01","DK0045A","1259","""Copenhagen/1259""","SPO-DK0045A_00486_100","H3C-(CH2)3-CH3","12.561400","55.700280","25.000000","m","urban","background","21/01/2009 00:00:00","","SPO_F-DK0045A_00486_100_100","20.0","m","","","","","","","Fugitive Emissions from Fuels","","","0","","","","","Copenhagen","","","","","","","","","","SPP-DK_N_GC-MSa_03618","21/01/2009 00:00:00","","active","","","","","LVSauto2.3","","GC-MSa","","ref","","","","","In preparation","1","day","1","hour","http://cdr.eionet.europa.eu/dk/eu/aqd/d/colarw97g/envarw_cw/REP_D-DK_NERI_20251124_D-001.xml","05/12/2025 14:00:17"
"Denmark","DK.NERI.AQ","2025","NET-DK004A","""Danish Air Quality Monitoring Programme""","UTC+01","DK0045A","1259","""Copenhagen/1259""","SPO-DK0045A_01771_100","EC in PM2.5","12.561400","55.700280","25.000000","m","urban","background","01/01/2022 00:00:00","","SPO_F-DK0045A_01771_100_100","20.0","m","","","","","","","Transport","","","0","","","","","Copenhagen","","","","","","","","","","SPP-DK_N_TOCA_sunset","01/01/2022 00:00:00","","active","","","","","LVSauto2.3","","TOCA","","ref","","","","","In preparation","1","day","24","hour","http://cdr.eionet.europa.eu/dk/eu/aqd/d/colarw97g/envarw_cw/REP_D-DK_NERI_20251124_D-001.xml","05/12/2025 14:00:17"
"Denmark","DK.NERI.AQ","2025","NET-DK004A","""Danish Air Quality Monitoring Programme""","UTC+01","DK0045A","1259","""Copenhagen/1259""","SPO-DK0045A_01772_100","OC in PM2.5","12.561400","55.700280","25.000000","m","urban","background","01/01/2022 00:00:00","","SPO_F-DK0045A_01772_100_100","20.0","m","","","","","","","Other sectors","","","0","","","","","Copenhagen","","","","","","","","","","SPP-DK_N_TOCA_sunset","01/01/2022 00:00:00","","active","","","","","LVSauto2.3","","TOCA","","ref","","","","","In preparation","1","day","24","hour","http://cdr.eionet.europa.eu/dk/eu/aqd/d/colarw97g/envarw_cw/REP_D-DK_NERI_20251124_D-001.xml","05/12/2025 14:00:17"
"Denmark","DK.NERI.AQ","2025","NET-DK004A","""Danish Air Quality Monitoring Programme""","UTC+01","DK0045A","1259","""Copenhagen/1259""","SPO-DK0045A_05012_100","Pb in PM10","12.561400","55.700280","25.000000","m","urban","background","01/01/2010 00:00:00","","SPO_F-DK0045A_05012_100_101","20.0","m","","","","","","","Transport","","","0","","","","","Copenhagen","","","","","","","","","","SPP-DK_N_ICPMS_gravi_01788","01/01/2010 00:00:00","","active","","","","","","","ICP-MS","","ref","","","","","In preparation","1","day","1","hour","http://cdr.eionet.europa.eu/dk/eu/aqd/d/colarw97g/envarw_cw/REP_D-DK_NERI_20251124_D-001.xml","05/12/2025 14:00:17"
"Denmark","DK.NERI.AQ","2025","NET-DK004A","""Danish Air Quality Monitoring Programme""","UTC+01","DK0045A","1259","""Copenhagen/1259""","SPO-DK0045A_05012_100","Pb in PM10","12.561400","55.700280","25.000000","m","urban","background","01/01/2010 00:00:00","","SPO_F-DK0045A_05012_100_100","20.0","m","","","","","","","Transport","","","0","","","","","Copenhagen","","","","","","","","","","SPP-DK_N_ICP-MS_opsisSM200","01/01/2010 00:00:00","","active","","","","","","","ICP-MS","","ref","","","","","In preparation","1","day","1","day","http://cdr.eionet.europa.eu/dk/eu/aqd/d/colarw97g/envarw_cw/REP_D-DK_NERI_20251124_D-001.xml","05/12/2025 14:00:17"
"Denmark","DK.NERI.AQ","2025","NET-DK004A","""Danish Air Quality Monitoring Programme""","UTC+01","DK0045A","1259","""Copenhagen/1259""","SPO-DK0045A_05014_100","Cd in PM10","12.561400","55.700280","25.000000","m","urban","background","01/01/2010 00:00:00","","SPO_F-DK0045A_05014_100_101","20.0","m","","","","","","","Long-range transboundary transport","","","0","","","","","Copenhagen","","","","","","","","","","SPP-DK_N_ICPMS_gravi_01788","01/01/2010 00:00:00","","active","","","","","","","ICP-MS","","ref","","","","","In preparation","1","day","1","hour","http://cdr.eionet.europa.eu/dk/eu/aqd/d/colarw97g/envarw_cw/REP_D-DK_NERI_20251124_D-001.xml","05/12/2025 14:00:17"
"Denmark","DK.NERI.AQ","2025","NET-DK004A","""Danish Air Quality Monitoring Programme""","UTC+01","DK0045A","1259","""Copenhagen/1259""","SPO-DK0045A_05014_100","Cd in PM10","12.561400","55.700280","25.000000","m","urban","background","01/01/2010 00:00:00","","SPO_F-DK0045A_05014_100_100","20.0","m","","","","","","","Long-range transboundary transport","","","0","","","","","Copenhagen","","","","","","","","","","SPP-DK_N_ICP-MS_opsisSM200","01/01/2010 00:00:00","","active","","","","","","","ICP-MS","","ref","","","","","In preparation","1","day","1","day","http://cdr.eionet.europa.eu/dk/eu/aqd/d/colarw97g/envarw_cw/REP_D-DK_NERI_20251124_D-001.xml","05/12/2025 14:00:17"
"Denmark","DK.NERI.AQ","2025","NET-DK004A","""Danish Air Quality Monitoring Programme""","UTC+01","DK0045A","1259","""Copenhagen/1259""","SPO-DK0045A_05015_100","Ni in PM10","12.561400","55.700280","25.000000","m","urban","background","01/01/2010 00:00:00","","SPO_F-DK0045A_05015_100_101","20.0","m","","","","","","","Long-range transboundary transport","","","0","","","","","Copenhagen","","","","","","","","","","SPP-DK_N_ICPMS_gravi_01788","01/01/2010 00:00:00","","active","","","","","","","ICP-MS","","ref","","","","","In preparation","1","day","1","hour","http://cdr.eionet.europa.eu/dk/eu/aqd/d/colarw97g/envarw_cw/REP_D-DK_NERI_20251124_D-001.xml","05/12/2025 14:00:17"
"Denmark","DK.NERI.AQ","2025","NET-DK004A","""Danish Air Quality Monitoring Programme""","UTC+01","DK0045A","1259","""Copenhagen/1259""","SPO-DK0045A_05015_100","Ni in PM10","12.561400","55.700280","25.000000","m","urban","background","01/01/2010 00:00:00","","SPO_F-DK0045A_05015_100_100","20.0","m","","","","","","","Long-range transboundary transport","","","0","","","","","Copenhagen","","","","","","","","","","SPP-DK_N_ICP-MS_opsisSM200","01/01/2010 00:00:00","","active","","","","","","","ICP-MS","","ref","","","","","In preparation","1","day","1","day","http://cdr.eionet.europa.eu/dk/eu/aqd/d/colarw97g/envarw_cw/REP_D-DK_NERI_20251124_D-001.xml","05/12/2025 14:00:17"
"Denmark","DK.NERI.AQ","2025","NET-DK004A","""Danish Air Quality Monitoring Programme""","UTC+01","DK0045A","1259","""Copenhagen/1259""","SPO-DK0045A_05018_100","As in PM10","12.561400","55.700280","25.000000","m","urban","background","01/01/2010 00:00:00","","SPO_F-DK0045A_05018_100_101","20.0","m","","","","","","","Long-range transboundary transport","","","0","","","","","Copenhagen","","","","","","","","","","SPP-DK_N_ICPMS_gravi_01788","01/01/2010 00:00:00","","active","","","","","","","ICP-MS","","ref","","","","","In preparation","1","day","1","hour","http://cdr.eionet.europa.eu/dk/eu/aqd/d/colarw97g/envarw_cw/REP_D-DK_NERI_20251124_D-001.xml","05/12/2025 14:00:17"
"Denmark","DK.NERI.AQ","2025","NET-DK004A","""Danish Air Quality Monitoring Programme""","UTC+01","DK0045A","1259","""Copenhagen/1259""","SPO-DK0045A_05018_100","As in PM10","12.561400","55.700280","25.000000","m","urban","background","01/01/2010 00:00:00","","SPO_F-DK0045A_05018_100_100","20.0","m","","","","","","","Long-range transboundary transport","","","0","","","","","Copenhagen","","","","","","","","","","SPP-DK_N_ICP-MS_opsisSM200","01/01/2010 00:00:00","","active","","","","","","","ICP-MS","","ref","","","","","In preparation","1","day","1","day","http://cdr.eionet.europa.eu/dk/eu/aqd/d/colarw97g/envarw_cw/REP_D-DK_NERI_20251124_D-001.xml","05/12/2025 14:00:17"
"Denmark","DK.NERI.AQ","2025","NET-DK004A","""Danish Air Quality Monitoring Programme""","UTC+01","DK0045A","1259","""Copenhagen/1259""","SPO-DK0045A_06001_100","PM2.5","12.561400","55.700280","25.000000","","urban","background","01/01/2004 00:00:00","","SPO_F-DK0045A_06001_100_100","3.0","","","","","","","","","","","0","","","","","","","","","","","","","","","SPP-DK_A_TEOM_TEOM1400A","01/01/2004 00:00:00","","automatic","TEOM","","TEOM1400A","","","","","","","","","","","","","","","","http://cdr.eionet.europa.eu/dk/eu/aqd/d/colarw97g/envarw_cw/REP_D-DK_NERI_20251124_D-001.xml","05/12/2025 14:00:17"
"Denmark","DK.NERI.AQ","2025","NET-DK004A","""Danish Air Quality Monitoring Programme""","UTC+01","DK0045A","1259","""Copenhagen/1259""","SPO-DK0045A_06001_100","PM2.5","12.561400","55.700280","25.000000","m","urban","background","01/01/2004 00:00:00","01/01/2014 00:00:00","SPO_F-DK0045A_06001_100_100","20.0","m","","","","","","","Long-range transboundary transport","","","0","","","","","Copenhagen","","","","","","","","","","SPP-DK_A_TEOM_TEOM1400A","01/01/2004 00:00:00","01/01/2014 00:00:00","automatic","TEOM","","TEOM1400A","","","","","","no","","","","","In preparation","0","variable","30","minute","http://cdr.eionet.europa.eu/dk/eu/aqd/d/colarw97g/envarw_cw/REP_D-DK_NERI_20251124_D-001.xml","05/12/2025 14:00:17"
"Denmark","DK.NERI.AQ","2025","NET-DK004A","""Danish Air Quality Monitoring Programme""","UTC+01","DK0045A","1259","""Copenhagen/1259""","SPO-DK0045A_06001_100","PM2.5","12.561400","55.700280","25.000000","","urban","background","01/01/2004 00:00:00","","SPO_F-DK0045A_06001_100_100","3.0","","","","","","","","","","","0","","","","","","","","","","","","","","","SPP-DK_A_TEOM_TEOM1400A","01/01/2004 00:00:00","","automatic","TEOM","","","","","","","","","","","","","","","","","","http://cdr.eionet.europa.eu/dk/eu/aqd/d/colarw97g/envarw_cw/REP_D-DK_NERI_20251124_D-001.xml","05/12/2025 14:00:17"
"Denmark","DK.NERI.AQ","2025","NET-DK004A","""Danish Air Quality Monitoring Programme""","UTC+01","DK0045A","1259","""Copenhagen/1259""","SPO-DK0045A_06001_101","PM2.5","12.561400","55.700280","25.000000","","urban","background","01/01/2008 00:00:00","","SPO_F-DK0045A_06001_101_101","3.0","","","","","","","","","","","0","","","","","","","","","","","","","","","SPP-DK_N_00502_adamSM200","01/01/2008 00:00:00","","active","","","","","other","","other","","","","","","","","","","","","http://cdr.eionet.europa.eu/dk/eu/aqd/d/colarw97g/envarw_cw/REP_D-DK_NERI_20251124_D-001.xml","05/12/2025 14:00:17"
"Denmark","DK.NERI.AQ","2025","NET-DK004A","""Danish Air Quality Monitoring Programme""","UTC+01","DK0045A","1259","""Copenhagen/1259""","SPO-DK0045A_06001_101","PM2.5","12.561400","55.700280","25.000000","m","urban","background","01/01/2008 00:00:00","01/01/2013 00:00:00","SPO_F-DK0045A_06001_101_101","20.0","m","","","","","","","Long-range transboundary transport","","","0","","","","","Copenhagen","","","","","","","","","","SPP-DK_N_02359adamSM200","01/01/2008 00:00:00","01/01/2013 00:00:00","active","","","","","","","gravi","","yes","http://envs2.au.dk/Metodedokumentation/SM200_PM10_comp_with_the_stand_method.pdf","","","","In preparation","1","day","24","hour","http://cdr.eionet.europa.eu/dk/eu/aqd/d/colarw97g/envarw_cw/REP_D-DK_NERI_20251124_D-001.xml","05/12/2025 14:00:17"
"Denmark","DK.NERI.AQ","2025","NET-DK004A","""Danish Air Quality Monitoring Programme""","UTC+01","DK0045A","1259","""Copenhagen/1259""","SPO-DK0045A_06001_101","PM2.5","12.561400","55.700280","25.000000","","urban","background","01/01/2008 00:00:00","","SPO_F-DK0045A_06001_101_102","3.0","","","","","","","","","","","0","","","","","","","","","","","","","","","SPP-DK_N_gravi_00107","01/01/2008 00:00:00","","active","","","","","other","","gravi","","","","","","","","","","","","http://cdr.eionet.europa.eu/dk/eu/aqd/d/colarw97g/envarw_cw/REP_D-DK_NERI_20251124_D-001.xml","05/12/2025 14:00:17"
"Denmark","DK.NERI.AQ","2025","NET-DK004A","""Danish Air Quality Monitoring Programme""","UTC+01","DK0045A","1259","""Copenhagen/1259""","SPO-DK0045A_06001_101","PM2.5","12.561400","55.700280","25.000000","m","urban","background","01/01/2008 00:00:00","01/01/2013 00:00:00","SPO_F-DK0045A_06001_101_102","20.0","m","","","","","","","Long-range transboundary transport","","","0","","","","","Copenhagen","","","","","","","","","","SPP-DK_N_gravi_01788","01/01/2008 00:00:00","01/01/2013 00:00:00","active","","","","","","","gravi","","ref","","","","","In preparation","1","day","1","hour","http://cdr.eionet.europa.eu/dk/eu/aqd/d/colarw97g/envarw_cw/REP_D-DK_NERI_20251124_D-001.xml","05/12/2025 14:00:17"
"Denmark","DK.NERI.AQ","2025","NET-DK004A","""Danish Air Quality Monitoring Programme""","UTC+01","DK0045A","1259","""Copenhagen/1259""","SPO-DK0045A_06001_101","PM2.5","12.561400","55.700280","25.000000","","urban","background","01/01/2008 00:00:00","","SPO_F-DK0045A_06001_101_101","3.0","","","","","","","","","","","0","","","","","","","","","","","","","","","SPP-Unknown","01/01/2008 00:00:00","","","","","","","","","","","","","","","","","","","","","http://cdr.eionet.europa.eu/dk/eu/aqd/d/colarw97g/envarw_cw/REP_D-DK_NERI_20251124_D-001.xml","05/12/2025 14:00:17"
"Denmark","DK.NERI.AQ","2025","NET-DK004A","""Danish Air Quality Monitoring Programme""","UTC+01","DK0045A","1259","""Copenhagen/1259""","SPO-DK0045A_06001_103","PM2.5","12.561400","55.700280","25.000000","","urban","background","01/01/2013 00:00:00","","SPO_F-DK0045A_06001_103_103","3.0","","","","","","","","","","","0","","","","","","","","","","","","","","","SPP-DK_N_gravi_00107","01/01/2013 00:00:00","","active","","","","","other","","gravi","","","","","","","","","","","","http://cdr.eionet.europa.eu/dk/eu/aqd/d/colarw97g/envarw_cw/REP_D-DK_NERI_20251124_D-001.xml","05/12/2025 14:00:17"
"Denmark","DK.NERI.AQ","2025","NET-DK004A","""Danish Air Quality Monitoring Programme""","UTC+01","DK0045A","1259","""Copenhagen/1259""","SPO-DK0045A_06001_103","PM2.5","12.561400","55.700280","25.000000","","urban","background","01/01/2013 00:00:00","","SPO_F-DK0045A_06001_103_103","3.0","","","","","","","","","","","0","","","","","","","","","","","","","","","SPP-DK_N_gravi_01788","01/01/2013 00:00:00","","active","","","","","","","gravi","","","","","","","","","","","","http://cdr.eionet.europa.eu/dk/eu/aqd/d/colarw97g/envarw_cw/REP_D-DK_NERI_20251124_D-001.xml","05/12/2025 14:00:17"
"Denmark","DK.NERI.AQ","2025","NET-DK004A","""Danish Air Quality Monitoring Programme""","UTC+01","DK0045A","1259","""Copenhagen/1259""","SPO-DK0045A_06001_103","PM2.5","12.561400","55.700280","25.000000","m","urban","background","01/01/2013 00:00:00","","SPO_F-DK0045A_06001_103_103","20.0","m","","","","","","","Long-range transboundary transport","","","0","","","","","Copenhagen","","","","","","","","","","SPP-DK_N_gravi_01788","01/01/2013 00:00:00","","active","","","","","","","gravi","","ref","","","","","In preparation","1","day","1","hour","http://cdr.eionet.europa.eu/dk/eu/aqd/d/colarw97g/envarw_cw/REP_D-DK_NERI_20251124_D-001.xml","05/12/2025 14:00:17"
"Denmark","DK.NERI.AQ","2025","NET-DK004A","""Danish Air Quality Monitoring Programme""","UTC+01","DK0045A","1259","""Copenhagen/1259""","SPO-DK0045A_06008_100","H2C=CH-CH2-CH2-CH3","12.561400","55.700280","25.000000","","urban","background","21/01/2009 00:00:00","","SPO_F-DK0045A_06008_100_100","20.0","","","","","","","","","","","0","","","","","","","","","","","","","","","SPP-DK_N_GC-MSa_00114","21/01/2009 00:00:00","","active","","","","","other","","GC-MSa","","","","","","","","","","","","http://cdr.eionet.europa.eu/dk/eu/aqd/d/colarw97g/envarw_cw/REP_D-DK_NERI_20251124_D-001.xml","05/12/2025 14:00:17"
"Denmark","DK.NERI.AQ","2025","NET-DK004A","""Danish Air Quality Monitoring Programme""","UTC+01","DK0045A","1259","""Copenhagen/1259""","SPO-DK0045A_06008_100","H2C=CH-CH2-CH2-CH3","12.561400","55.700280","25.000000","","urban","background","21/01/2009 00:00:00","","SPO_F-DK0045A_06008_100_100","20.0","","","","","","","","","","","0","","","","","","","","","","","","","","","SPP-DK_N_GC-MSa_03618","21/01/2009 00:00:00","","active","","","","","","","GC-MSa","","","","","","","","","","","","http://cdr.eionet.europa.eu/dk/eu/aqd/d/colarw97g/envarw_cw/REP_D-DK_NERI_20251124_D-001.xml","05/12/2025 14:00:17"
"Denmark","DK.NERI.AQ","2025","NET-DK004A","""Danish Air Quality Monitoring Programme""","UTC+01","DK0045A","1259","""Copenhagen/1259""","SPO-DK0045A_06008_100","H2C=CH-CH2-CH2-CH3","12.561400","55.700280","25.000000","m","urban","background","21/01/2009 00:00:00","","SPO_F-DK0045A_06008_100_100","20.0","m","","","","","","","Transport","","","0","","","","","Copenhagen","","","","","","","","","","SPP-DK_N_GC-MSa_03618","21/01/2009 00:00:00","","active","","","","","LVSauto2.3","","GC-MSa","","ref","","","","","In preparation","1","day","1","hour","http://cdr.eionet.europa.eu/dk/eu/aqd/d/colarw97g/envarw_cw/REP_D-DK_NERI_20251124_D-001.xml","05/12/2025 14:00:17"
"Denmark","DK.NERI.AQ","2025","NET-DK004A","""Danish Air Quality Monitoring Programme""","UTC+01","DK0045A","1259","""Copenhagen/1259""","SPO-DK0045A_06009_100","H3C-HC=CH-CH2-CH3","12.561400","55.700280","25.000000","","urban","background","21/01/2009 00:00:00","","SPO_F-DK0045A_06009_100_100","20.0","","","","","","","","","","","0","","","","","","","","","","","","","","","SPP-DK_N_GC-MSa_00114","21/01/2009 00:00:00","","active","","","","","other","","GC-MSa","","","","","","","","","","","","http://cdr.eionet.europa.eu/dk/eu/aqd/d/colarw97g/envarw_cw/REP_D-DK_NERI_20251124_D-001.xml","05/12/2025 14:00:17"
"Denmark","DK.NERI.AQ","2025","NET-DK004A","""Danish Air Quality Monitoring Programme""","UTC+01","DK0045A","1259","""Copenhagen/1259""","SPO-DK0045A_06009_100","H3C-HC=CH-CH2-CH3","12.561400","55.700280","25.000000","","urban","background","21/01/2009 00:00:00","","SPO_F-DK0045A_06009_100_100","20.0","","","","","","","","","","","0","","","","","","","","","","","","","","","SPP-DK_N_GC-MSa_03618","21/01/2009 00:00:00","","active","","","","","","","GC-MSa","","","","","","","","","","","","http://cdr.eionet.europa.eu/dk/eu/aqd/d/colarw97g/envarw_cw/REP_D-DK_NERI_20251124_D-001.xml","05/12/2025 14:00:17"
"Denmark","DK.NERI.AQ","2025","NET-DK004A","""Danish Air Quality Monitoring Programme""","UTC+01","DK0045A","1259","""Copenhagen/1259""","SPO-DK0045A_06009_100","H3C-HC=CH-CH2-CH3","12.561400","55.700280","25.000000","m","urban","background","21/01/2009 00:00:00","","SPO_F-DK0045A_06009_100_100","20.0","m","","","","","","","Solvent and Other Product Use (Secondary solvents)","","","0","","","","","Copenhagen","","","","","","","","","","SPP-DK_N_GC-MSa_03618","21/01/2009 00:00:00","","active","","","","","LVSauto2.3","","GC-MSa","","ref","","","","","In preparation","1","day","1","hour","http://cdr.eionet.europa.eu/dk/eu/aqd/d/colarw97g/envarw_cw/REP_D-DK_NERI_20251124_D-001.xml","05/12/2025 14:00:17"
"Denmark","DK.NERI.AQ","2025","NET-DK004A","""Danish Air Quality Monitoring Programme""","UTC+01","DK0045A","1259","""Copenhagen/1259""","SPO-DK0045A_06011_100","1,2,4-C6H3(CH3)3","12.561400","55.700280","25.000000","","urban","background","21/01/2009 00:00:00","","SPO_F-DK0045A_06011_100_100","20.0","","","","","","","","","","","0","","","","","","","","","","","","","","","SPP-DK_N_GC-MSa_00114","21/01/2009 00:00:00","","active","","","","","other","","GC-MSa","","","","","","","","","","","","http://cdr.eionet.europa.eu/dk/eu/aqd/d/colarw97g/envarw_cw/REP_D-DK_NERI_20251124_D-001.xml","05/12/2025 14:00:17"
"Denmark","DK.NERI.AQ","2025","NET-DK004A","""Danish Air Quality Monitoring Programme""","UTC+01","DK0045A","1259","""Copenhagen/1259""","SPO-DK0045A_06011_100","1,2,4-C6H3(CH3)3","12.561400","55.700280","25.000000","","urban","background","21/01/2009 00:00:00","","SPO_F-DK0045A_06011_100_100","20.0","","","","","","","","","","","0","","","","","","","","","","","","","","","SPP-DK_N_GC-MSa_03618","21/01/2009 00:00:00","","active","","","","","","","GC-MSa","","","","","","","","","","","","http://cdr.eionet.europa.eu/dk/eu/aqd/d/colarw97g/envarw_cw/REP_D-DK_NERI_20251124_D-001.xml","05/12/2025 14:00:17"
"Denmark","DK.NERI.AQ","2025","NET-DK004A","""Danish Air Quality Monitoring Programme""","UTC+01","DK0045A","1259","""Copenhagen/1259""","SPO-DK0045A_06011_100","1,2,4-C6H3(CH3)3","12.561400","55.700280","25.000000","m","urban","background","21/01/2009 00:00:00","","SPO_F-DK0045A_06011_100_100","20.0","m","","","","","","","Transport","","","0","","","","","Copenhagen","","","","","","","","","","SPP-DK_N_GC-MSa_03618","21/01/2009 00:00:00","","active","","","","","LVSauto2.3","","GC-MSa","","ref","","","","","In preparation","1","day","1","hour","http://cdr.eionet.europa.eu/dk/eu/aqd/d/colarw97g/envarw_cw/REP_D-DK_NERI_20251124_D-001.xml","05/12/2025 14:00:17"
"Denmark","DK.NERI.AQ","2025","NET-DK004A","""Danish Air Quality Monitoring Programme""","UTC+01","DK0045A","1259","""Copenhagen/1259""","SPO-DK0045A_06012_100","1,2,3-C6H3(CH3)3","12.561400","55.700280","25.000000","","urban","background","21/01/2009 00:00:00","","SPO_F-DK0045A_06012_100_100","20.0","","","","","","","","","","","0","","","","","","","","","","","","","","","SPP-DK_N_GC-MSa_00114","21/01/2009 00:00:00","","active","","","","","other","","GC-MSa","","","","","","","","","","","","http://cdr.eionet.europa.eu/dk/eu/aqd/d/colarw97g/envarw_cw/REP_D-DK_NERI_20251124_D-001.xml","05/12/2025 14:00:17"
"Denmark","DK.NERI.AQ","2025","NET-DK004A","""Danish Air Quality Monitoring Programme""","UTC+01","DK0045A","1259","""Copenhagen/1259""","SPO-DK0045A_06012_100","1,2,3-C6H3(CH3)3","12.561400","55.700280","25.000000","","urban","background","21/01/2009 00:00:00","","SPO_F-DK0045A_06012_100_100","20.0","","","","","","","","","","","0","","","","","","","","","","","","","","","SPP-DK_N_GC-MSa_03618","21/01/2009 00:00:00","","active","","","","","","","GC-MSa","","","","","","","","","","","","http://cdr.eionet.europa.eu/dk/eu/aqd/d/colarw97g/envarw_cw/REP_D-DK_NERI_20251124_D-001.xml","05/12/2025 14:00:17"
"Denmark","DK.NERI.AQ","2025","NET-DK004A","""Danish Air Quality Monitoring Programme""","UTC+01","DK0045A","1259","""Copenhagen/1259""","SPO-DK0045A_06012_100","1,2,3-C6H3(CH3)3","12.561400","55.700280","25.000000","m","urban","background","21/01/2009 00:00:00","","SPO_F-DK0045A_06012_100_100","20.0","m","","","","","","","Fugitive Emissions from Fuels","","","0","","","","","Copenhagen","","","","","","","","","","SPP-DK_N_GC-MSa_03618","21/01/2009 00:00:00","","active","","","","","LVSauto2.3","","GC-MSa","","ref","","","","","In preparation","1","day","1","hour","http://cdr.eionet.europa.eu/dk/eu/aqd/d/colarw97g/envarw_cw/REP_D-DK_NERI_20251124_D-001.xml","05/12/2025 14:00:17"
"Denmark","DK.NERI.AQ","2025","NET-DK004A","""Danish Air Quality Monitoring Programme""","UTC+01","DK0045A","1259","""Copenhagen/1259""","SPO-DK0045A_06013_100","1,3,5-C6H3(CH3)3","12.561400","55.700280","25.000000","","urban","background","21/01/2009 00:00:00","","SPO_F-DK0045A_06013_100_100","20.0","","","","","","","","","","","0","","","","","","","","","","","","","","","SPP-DK_N_GC-MSa_00114","21/01/2009 00:00:00","","active","","","","","other","","GC-MSa","","","","","","","","","","","","http://cdr.eionet.europa.eu/dk/eu/aqd/d/colarw97g/envarw_cw/REP_D-DK_NERI_20251124_D-001.xml","05/12/2025 14:00:17"
"Denmark","DK.NERI.AQ","2025","NET-DK004A","""Danish Air Quality Monitoring Programme""","UTC+01","DK0045A","1259","""Copenhagen/1259""","SPO-DK0045A_06013_100","1,3,5-C6H3(CH3)3","12.561400","55.700280","25.000000","","urban","background","21/01/2009 00:00:00","","SPO_F-DK0045A_06013_100_100","20.0","","","","","","","","","","","0","","","","","","","","","","","","","","","SPP-DK_N_GC-MSa_03618","21/01/2009 00:00:00","","active","","","","","","","GC-MSa","","","","","","","","","","","","http://cdr.eionet.europa.eu/dk/eu/aqd/d/colarw97g/envarw_cw/REP_D-DK_NERI_20251124_D-001.xml","05/12/2025 14:00:17"
"Denmark","DK.NERI.AQ","2025","NET-DK004A","""Danish Air Quality Monitoring Programme""","UTC+01","DK0045A","1259","""Copenhagen/1259""","SPO-DK0045A_06013_100","1,3,5-C6H3(CH3)3","12.561400","55.700280","25.000000","m","urban","background","21/01/2009 00:00:00","","SPO_F-DK0045A_06013_100_100","20.0","m","","","","","","","Transport","","","0","","","","","Copenhagen","","","","","","","","","","SPP-DK_N_GC-MSa_03618","21/01/2009 00:00:00","","active","","","","","LVSauto2.3","","GC-MSa","","ref","","","","","In preparation","1","day","1","hour","http://cdr.eionet.europa.eu/dk/eu/aqd/d/colarw97g/envarw_cw/REP_D-DK_NERI_20251124_D-001.xml","05/12/2025 14:00:17"
"Denmark","DK.NERI.AQ","","NET-DK004A","""Danish Air Quality Monitoring Programme""","UTC+01","DK0046A","9159","""Odense/9159""","SPO-DK0046A_00005_100","PM10","10.389170","55.396390","25.000000","","urban","background","01/09/2004 00:00:00","31/12/2005 00:00:00","SPO_F-DK0046A_00005_100_100","3.0","","","","","","","","","","","0","","","","","","","","","","","","","","","SPP-DK_N_gravi_opsisSM200","01/09/2004 00:00:00","31/12/2005 00:00:00","active","","","","","other","","gravi","","","","","","","","","","","","",""
"Denmark","DK.NERI.AQ","","NET-DK004A","""Danish Air Quality Monitoring Programme""","UTC+01","DK0046A","9159","""Odense/9159""","SPO-DK0046A_00005_100","PM10","10.389170","55.396390","25.000000","","urban","background","01/09/2004 00:00:00","31/12/2005 00:00:00","SPO_F-DK0046A_00005_100_100","3.0","","","","","","","","","","","0","","","","","","","","","","","","","","","SPP-Unknown","01/09/2004 00:00:00","31/12/2005 00:00:00","","","","","","","","","","","","","","","","","","","","",""
"Denmark","DK.NERI.AQ","2025","NET-DK004A","""Danish Air Quality Monitoring Programme""","UTC+01","DK0046A","9159","""Odense/9159""","SPO-DK0046A_00005_101","PM10","10.389170","55.396390","25.000000","m","urban","background","01/01/2006 00:00:00","01/01/2008 00:00:00","SPO_F-DK0046A_00005_101_101","18.0","m","","","","","","","Long-range transboundary transport","","","0","","","","","Odense","","","","","","","","","","SPP-DK_A_BETA_01112","01/01/2006 00:00:00","01/01/2008 00:00:00","automatic","BETA","","opsisSM200","","","","","","yes","http://envs2.au.dk/Metodedokumentation/SM200_PM10_comp_with_the_stand_method.pdf","","","","In preparation","1","day","1","hour","http://cdr.eionet.europa.eu/dk/eu/aqd/d/colarw97g/envarw_cw/REP_D-DK_NERI_20251124_D-001.xml","05/12/2025 14:00:17"
"Denmark","DK.NERI.AQ","2025","NET-DK004A","""Danish Air Quality Monitoring Programme""","UTC+01","DK0046A","9159","""Odense/9159""","SPO-DK0046A_00005_101","PM10","10.389170","55.396390","25.000000","","urban","background","01/01/2006 00:00:00","","SPO_F-DK0046A_00005_101_101","3.0","","","","","","","","","","","0","","","","","","","","","","","","","","","SPP-DK_A_BETA_01112","01/01/2006 00:00:00","","automatic","BETA","","","","","","","","","","","","","","","","","","http://cdr.eionet.europa.eu/dk/eu/aqd/d/colarw97g/envarw_cw/REP_D-DK_NERI_20251124_D-001.xml","05/12/2025 14:00:17"
"Denmark","DK.NERI.AQ","2025","NET-DK004A","""Danish Air Quality Monitoring Programme""","UTC+01","DK0046A","9159","""Odense/9159""","SPO-DK0046A_00005_101","PM10","10.389170","55.396390","25.000000","","urban","background","01/01/2006 00:00:00","","SPO_F-DK0046A_00005_101_101","3.0","","","","","","","","","","","0","","","","","","","","","","","","","","","SPP-DK_A_BETA_01112","01/01/2006 00:00:00","","automatic","BETA","","other","","","","","","","","","","","","","","","","http://cdr.eionet.europa.eu/dk/eu/aqd/d/colarw97g/envarw_cw/REP_D-DK_NERI_20251124_D-001.xml","05/12/2025 14:00:17"
"Denmark","DK.NERI.AQ","2025","NET-DK004A","""Danish Air Quality Monitoring Programme""","UTC+01","DK0046A","9159","""Odense/9159""","SPO-DK0046A_00007_100","O3","10.389170","55.396390","25.000000","","urban","background","01/01/1994 00:00:00","","SPO_F-DK0046A_00007_100_100","2.0","","","","","","","","","","","0","","","","","","","","","","","","","","","SPP-DK_A_UV-P_API400A","01/01/1994 00:00:00","","automatic","UV-P","","","","","","","","","","","","","","","","","","http://cdr.eionet.europa.eu/dk/eu/aqd/d/colarw97g/envarw_cw/REP_D-DK_NERI_20251124_D-001.xml","05/12/2025 14:00:17"
"Denmark","DK.NERI.AQ","2025","NET-DK004A","""Danish Air Quality Monitoring Programme""","UTC+01","DK0046A","9159","""Odense/9159""","SPO-DK0046A_00007_100","O3","10.389170","55.396390","25.000000","m","urban","background","01/01/1994 00:00:00","","SPO_F-DK0046A_00007_100_100","18.0","m","","","","","","","Long-range transboundary transport","","","0","","","","","Odense","","","","","","","","","","SPP-DK_A_UV-P_API400A","01/01/1994 00:00:00","","automatic","UV-P","","API400A","","","","","","ref","","","","","In preparation","0","variable","30","minute","http://cdr.eionet.europa.eu/dk/eu/aqd/d/colarw97g/envarw_cw/REP_D-DK_NERI_20251124_D-001.xml","05/12/2025 14:00:17"
"Denmark","DK.NERI.AQ","2025","NET-DK004A","""Danish Air Quality Monitoring Programme""","UTC+01","DK0046A","9159","""Odense/9159""","SPO-DK0046A_00007_100","O3","10.389170","55.396390","25.000000","","urban","background","01/01/1994 00:00:00","","SPO_F-DK0046A_00007_100_100","2.0","","","","","","","","","","","0","","","","","","","","","","","","","","","SPP-DK_A_UV-P_API400A","01/01/1994 00:00:00","","automatic","UV-P","","API400A","","","","","","","","","","","","","","","","http://cdr.eionet.europa.eu/dk/eu/aqd/d/colarw97g/envarw_cw/REP_D-DK_NERI_20251124_D-001.xml","05/12/2025 14:00:17"
"Denmark","DK.NERI.AQ","2025","NET-DK004A","""Danish Air Quality Monitoring Programme""","UTC+01","DK0046A","9159","""Odense/9159""","SPO-DK0046A_00008_100","NO2","10.389170","55.396390","25.000000","","urban","background","01/01/1995 00:00:00","","SPO_F-DK0046A_00008_100_100","0.0","","","","","","","","","","","0","","","","","","","","","","","","","","","SPP-DK_A_chemi_API200A","01/01/1995 00:00:00","","automatic","chemi","","","","","","","","","","","","","","","","","","http://cdr.eionet.europa.eu/dk/eu/aqd/d/colarw97g/envarw_cw/REP_D-DK_NERI_20251124_D-001.xml","05/12/2025 14:00:17"
"Denmark","DK.NERI.AQ","2025","NET-DK004A","""Danish Air Quality Monitoring Programme""","UTC+01","DK0046A","9159","""Odense/9159""","SPO-DK0046A_00008_100","NO2","10.389170","55.396390","25.000000","","urban","background","01/01/1995 00:00:00","","SPO_F-DK0046A_00008_100_100","0.0","","","","","","","","","","","0","","","","","","","","","","","","","","","SPP-DK_A_chemi_API200A","01/01/1995 00:00:00","","automatic","chemi","","API200A","","","","","","","","","","","","","","","","http://cdr.eionet.europa.eu/dk/eu/aqd/d/colarw97g/envarw_cw/REP_D-DK_NERI_20251124_D-001.xml","05/12/2025 14:00:17"
"Denmark","DK.NERI.AQ","2025","NET-DK004A","""Danish Air Quality Monitoring Programme""","UTC+01","DK0046A","9159","""Odense/9159""","SPO-DK0046A_00008_100","NO2","10.389170","55.396390","25.000000","m","urban","background","01/01/1995 00:00:00","","SPO_F-DK0046A_00008_100_100","18.0","m","","","","","","","Transport","","","0","","","","","Odense","","","","","","","","","","SPP-DK_A_chemi_API200A","01/01/1995 00:00:00","","automatic","chemi","","API200A","","","","","","ref","","","","","In preparation","0","variable","0","other","http://cdr.eionet.europa.eu/dk/eu/aqd/d/colarw97g/envarw_cw/REP_D-DK_NERI_20251124_D-001.xml","05/12/2025 14:00:17"
"Denmark","DK.NERI.AQ","2025","NET-DK004A","""Danish Air Quality Monitoring Programme""","UTC+01","DK0046A","9159","""Odense/9159""","SPO-DK0046A_00009_100","NOX as NO2","10.389170","55.396390","25.000000","","urban","background","01/01/1995 00:00:00","","SPO_F-DK0046A_00009_100_100","3.0","","","","","","","","","","","0","","","","","","","","","","","","","","","SPP-DK_A_chemi_API","01/01/1995 00:00:00","","automatic","chemi","","API","","","","","","","","","","","","","","","","http://cdr.eionet.europa.eu/dk/eu/aqd/d/colarw97g/envarw_cw/REP_D-DK_NERI_20251124_D-001.xml","05/12/2025 14:00:17"
"Denmark","DK.NERI.AQ","2025","NET-DK004A","""Danish Air Quality Monitoring Programme""","UTC+01","DK0046A","9159","""Odense/9159""","SPO-DK0046A_00009_100","NOX as NO2","10.389170","55.396390","25.000000","","urban","background","01/01/1995 00:00:00","","SPO_F-DK0046A_00009_100_100","3.0","","","","","","","","","","","0","","","","","","","","","","","","","","","SPP-DK_A_chemi_API","01/01/1995 00:00:00","","automatic","chemi","","","","","","","","","","","","","","","","","","http://cdr.eionet.europa.eu/dk/eu/aqd/d/colarw97g/envarw_cw/REP_D-DK_NERI_20251124_D-001.xml","05/12/2025 14:00:17"
"Denmark","DK.NERI.AQ","2025","NET-DK004A","""Danish Air Quality Monitoring Programme""","UTC+01","DK0046A","9159","""Odense/9159""","SPO-DK0046A_00009_100","NOX as NO2","10.389170","55.396390","25.000000","m","urban","background","01/01/1995 00:00:00","","SPO_F-DK0046A_00009_100_100","18.0","m","","","","","","","Transport","","","0","","","","","Odense","","","","","","","","","","SPP-DK_A_chemi_API200A","01/01/1995 00:00:00","","automatic","chemi","","API200A","","","","","","ref","","","","","In preparation","0","variable","0","other","http://cdr.eionet.europa.eu/dk/eu/aqd/d/colarw97g/envarw_cw/REP_D-DK_NERI_20251124_D-001.xml","05/12/2025 14:00:17"
"Denmark","DK.NERI.AQ","","NET-DK004A","""Danish Air Quality Monitoring Programme""","UTC+01","DK0046A","9159","""Odense/9159""","SPO-DK0046A_00012_100","Pb","10.389170","55.396390","25.000000","","urban","background","01/09/2004 00:00:00","01/01/2010 00:00:00","SPO_F-DK0046A_00012_100_100","3.0","","","","","","","","","","","0","","","","","","","","","","","","","","","SPP-DK_N_00528_opsisSM200","01/09/2004 00:00:00","01/01/2010 00:00:00","active","","","","","other","","other","","","","","","","","","","","","",""
"Denmark","DK.NERI.AQ","","NET-DK004A","""Danish Air Quality Monitoring Programme""","UTC+01","DK0046A","9159","""Odense/9159""","SPO-DK0046A_00014_100","Cd","10.389170","55.396390","25.000000","","urban","background","01/09/2004 00:00:00","01/01/2010 00:00:00","SPO_F-DK0046A_00014_100_100","3.0","","","","","","","","","","","0","","","","","","","","","","","","","","","SPP-DK_N_00528_opsisSM200","01/09/2004 00:00:00","01/01/2010 00:00:00","active","","","","","other","","other","","","","","","","","","","","","",""
"Denmark","DK.NERI.AQ","","NET-DK004A","""Danish Air Quality Monitoring Programme""","UTC+01","DK0046A","9159","""Odense/9159""","SPO-DK0046A_00015_100","Ni","10.389170","55.396390","25.000000","","urban","background","01/09/2004 00:00:00","01/01/2010 00:00:00","SPO_F-DK0046A_00015_100_100","3.0","","","","","","","","","","","0","","","","","","","","","","","","","","","SPP-DK_N_00528_opsisSM200","01/09/2004 00:00:00","01/01/2010 00:00:00","active","","","","","other","","other","","","","","","","","","","","","",""
"Denmark","DK.NERI.AQ","","NET-DK004A","""Danish Air Quality Monitoring Programme""","UTC+01","DK0046A","9159","""Odense/9159""","SPO-DK0046A_00016_100","Cr","10.389170","55.396390","25.000000","","urban","background","01/09/2004 00:00:00","01/01/2010 00:00:00","SPO_F-DK0046A_00016_100_100","3.0","","","","","","","","","","","0","","","","","","","","","","","","","","","SPP-DK_N_00528_opsisSM200","01/09/2004 00:00:00","01/01/2010 00:00:00","active","","","","","other","","other","","","","","","","","","","","","",""
"Denmark","DK.NERI.AQ","","NET-DK004A","""Danish Air Quality Monitoring Programme""","UTC+01","DK0046A","9159","""Odense/9159""","SPO-DK0046A_00017_100","Mn","10.389170","55.396390","25.000000","","urban","background","01/09/2004 00:00:00","01/01/2010 00:00:00","SPO_F-DK0046A_00017_100_100","3.0","","","","","","","","","","","0","","","","","","","","","","","","","","","SPP-DK_N_00528_opsisSM200","01/09/2004 00:00:00","01/01/2010 00:00:00","active","","","","","other","","other","","","","","","","","","","","","",""
"Denmark","DK.NERI.AQ","","NET-DK004A","""Danish Air Quality Monitoring Programme""","UTC+01","DK0046A","9159","""Odense/9159""","SPO-DK0046A_00018_100","As","10.389170","55.396390","25.000000","","urban","background","01/01/2001 00:00:00","01/01/2010 00:00:00","SPO_F-DK0046A_00018_100_100","3.0","","","","","","","","","","","0","","","","","","","","","","","","","","","SPP-DK_N_00528_opsisSM200","01/01/2001 00:00:00","01/01/2010 00:00:00","active","","","","","other","","other","","","","","","","","","","","","",""
"Denmark","DK.NERI.AQ","2025","NET-DK004A","""Danish Air Quality Monitoring Programme""","UTC+01","DK0046A","9159","""Odense/9159""","SPO-DK0046A_00038_100","NO","10.389170","55.396390","25.000000","","urban","background","01/01/1995 00:00:00","","SPO_F-DK0046A_00038_100_100","2.0","","","","","","","","","","","0","","","","","","","","","","","","","","","SPP-DK_A_chemi_API200A","01/01/1995 00:00:00","","automatic","chemi","","","","","","","","","","","","","","","","","","http://cdr.eionet.europa.eu/dk/eu/aqd/d/colarw97g/envarw_cw/REP_D-DK_NERI_20251124_D-001.xml","05/12/2025 14:00:17"
"Denmark","DK.NERI.AQ","2025","NET-DK004A","""Danish Air Quality Monitoring Programme""","UTC+01","DK0046A","9159","""Odense/9159""","SPO-DK0046A_00038_100","NO","10.389170","55.396390","25.000000","m","urban","background","01/01/1995 00:00:00","","SPO_F-DK0046A_00038_100_100","18.0","m","","","","","","","Transport","","","0","","","","","Odense","","","","","","","","","","SPP-DK_A_chemi_API200A","01/01/1995 00:00:00","","automatic","chemi","","API200A","","","","","","ref","","","","","In preparation","0","variable","0","other","http://cdr.eionet.europa.eu/dk/eu/aqd/d/colarw97g/envarw_cw/REP_D-DK_NERI_20251124_D-001.xml","05/12/2025 14:00:17"
"Denmark","DK.NERI.AQ","2025","NET-DK004A","""Danish Air Quality Monitoring Programme""","UTC+01","DK0046A","9159","""Odense/9159""","SPO-DK0046A_00038_100","NO","10.389170","55.396390","25.000000","","urban","background","01/01/1995 00:00:00","","SPO_F-DK0046A_00038_100_100","2.0","","","","","","","","","","","0","","","","","","","","","","","","","","","SPP-DK_A_chemi_API200A","01/01/1995 00:00:00","","automatic","chemi","","API200A","","","","","","","","","","","","","","","","http://cdr.eionet.europa.eu/dk/eu/aqd/d/colarw97g/envarw_cw/REP_D-DK_NERI_20251124_D-001.xml","05/12/2025 14:00:17"
"Denmark","DK.NERI.AQ","2025","NET-DK004A","""Danish Air Quality Monitoring Programme""","UTC+01","DK0046A","9159","""Odense/9159""","SPO-DK0046A_00047_100","SO4 (H2SO4 aerosols) (SO4--)","10.389170","55.396390","25.000000","","urban","background","01/09/2004 00:00:00","","SPO_F-DK0046A_00047_100_100","3.0","","","","","","","","","","","0","","","","","","","","","","","","","","","SPP-DK_N_00528_opsisSM200","01/09/2004 00:00:00","","active","","","","","other","","other","","","","","","","","","","","","http://cdr.eionet.europa.eu/dk/eu/aqd/d/colarw97g/envarw_cw/REP_D-DK_NERI_20251124_D-001.xml","05/12/2025 14:00:17"
"Denmark","DK.NERI.AQ","2025","NET-DK004A","""Danish Air Quality Monitoring Programme""","UTC+01","DK0046A","9159","""Odense/9159""","SPO-DK0046A_00047_100","SO4 (H2SO4 aerosols) (SO4--)","10.389170","55.396390","25.000000","","urban","background","01/09/2004 00:00:00","","SPO_F-DK0046A_00047_100_100","3.0","","","","","","","","","","","0","","","","","","","","","","","","","","","SPP-DK_N_01306opsisSM200","01/09/2004 00:00:00","","active","","","","","","","other","","","","","","","","","","","","http://cdr.eionet.europa.eu/dk/eu/aqd/d/colarw97g/envarw_cw/REP_D-DK_NERI_20251124_D-001.xml","05/12/2025 14:00:17"
"Denmark","DK.NERI.AQ","2025","NET-DK004A","""Danish Air Quality Monitoring Programme""","UTC+01","DK0046A","9159","""Odense/9159""","SPO-DK0046A_00047_100","SO4 (H2SO4 aerosols) (SO4--)","10.389170","55.396390","25.000000","m","urban","background","01/09/2004 00:00:00","01/01/2005 00:00:00","SPO_F-DK0046A_00047_100_100","18.0","m","","","","","","","Long-range transboundary transport","","","0","","","","","Odense","","","","","","","","","","SPP-DK_N_01306opsisSM200","01/09/2004 00:00:00","01/01/2005 00:00:00","active","","","","","","","gravi","","no","","","","","In preparation","1","day","1","day","http://cdr.eionet.europa.eu/dk/eu/aqd/d/colarw97g/envarw_cw/REP_D-DK_NERI_20251124_D-001.xml","05/12/2025 14:00:17"
"Denmark","DK.NERI.AQ","","NET-DK004A","""Danish Air Quality Monitoring Programme""","UTC+01","DK0046A","9159","""Odense/9159""","SPO-DK0046A_00048_100","Se","10.389170","55.396390","25.000000","","urban","background","01/09/2004 00:00:00","01/01/2010 00:00:00","SPO_F-DK0046A_00048_100_100","3.0","","","","","","","","","","","0","","","","","","","","","","","","","","","SPP-DK_N_00528_opsisSM200","01/09/2004 00:00:00","01/01/2010 00:00:00","active","","","","","other","","other","","","","","","","","","","","","",""
"Denmark","DK.NERI.AQ","","NET-DK004A","""Danish Air Quality Monitoring Programme""","UTC+01","DK0046A","9159","""Odense/9159""","SPO-DK0046A_00049_100","V","10.389170","55.396390","25.000000","","urban","background","01/09/2004 00:00:00","01/01/2010 00:00:00","SPO_F-DK0046A_00049_100_100","3.0","","","","","","","","","","","0","","","","","","","","","","","","","","","SPP-DK_N_00528_opsisSM200","01/09/2004 00:00:00","01/01/2010 00:00:00","active","","","","","other","","other","","","","","","","","","","","","",""
"Denmark","DK.NERI.AQ","","NET-DK004A","""Danish Air Quality Monitoring Programme""","UTC+01","DK0047A","8159","""Aalborg/8159""","SPO-DK0047A_00005_100","PM10","9.915010","57.045280","25.000000","","urban","background","01/01/2001 00:00:00","30/06/2004 00:00:00","SPO_F-DK0047A_00005_100_100","3.0","","","","","","","","","","","0","","","","","","","","","","","","","","","SPP-DK_N_gravi_opsisSM200","01/01/2001 00:00:00","30/06/2004 00:00:00","active","","","","","other","","gravi","","","","","","","","","","","","",""
"Denmark","DK.NERI.AQ","","NET-DK004A","""Danish Air Quality Monitoring Programme""","UTC+01","DK0047A","8159","""Aalborg/8159""","SPO-DK0047A_00005_100","PM10","9.915010","57.045280","25.000000","","urban","background","01/01/2001 00:00:00","30/06/2004 00:00:00","SPO_F-DK0047A_00005_100_100","3.0","","","","","","","","","","","0","","","","","","","","","","","","","","","SPP-Unknown","01/01/2001 00:00:00","30/06/2004 00:00:00","","","","","","","","","","","","","","","","","","","","",""
"Denmark","DK.NERI.AQ","","NET-DK004A","""Danish Air Quality Monitoring Programme""","UTC+01","DK0047A","8159","""Aalborg/8159""","SPO-DK0047A_00007_100","O3","9.915010","57.045280","25.000000","","urban","background","01/01/1994 00:00:00","30/06/2004 00:00:00","SPO_F-DK0047A_00007_100_100","2.0","","","","","","","","","","","0","","","","","","","","","","","","","","","SPP-DK_A_UV-P_API400A","01/01/1994 00:00:00","30/06/2004 00:00:00","automatic","UV-P","","API400A","","","","","","","","","","","","","","","","",""
"Denmark","DK.NERI.AQ","","NET-DK004A","""Danish Air Quality Monitoring Programme""","UTC+01","DK0047A","8159","""Aalborg/8159""","SPO-DK0047A_00007_100","O3","9.915010","57.045280","25.000000","","urban","background","01/01/1994 00:00:00","30/06/2004 00:00:00","SPO_F-DK0047A_00007_100_100","2.0","","","","","","","","","","","0","","","","","","","","","","","","","","","SPP-Unknown","01/01/1994 00:00:00","30/06/2004 00:00:00","","","","","","","","","","","","","","","","","","","","",""
"Denmark","DK.NERI.AQ","","NET-DK004A","""Danish Air Quality Monitoring Programme""","UTC+01","DK0047A","8159","""Aalborg/8159""","SPO-DK0047A_00008_100","NO2","9.915010","57.045280","25.000000","","urban","background","01/01/1995 00:00:00","30/06/2004 00:00:00","SPO_F-DK0047A_00008_100_100","2.0","","","","","","","","","","","0","","","","","","","","","","","","","","","SPP-DK_A_chemi_API200A","01/01/1995 00:00:00","30/06/2004 00:00:00","automatic","chemi","","API200A","","","","","","","","","","","","","","","","",""
"Denmark","DK.NERI.AQ","","NET-DK004A","""Danish Air Quality Monitoring Programme""","UTC+01","DK0047A","8159","""Aalborg/8159""","SPO-DK0047A_00008_100","NO2","9.915010","57.045280","25.000000","","urban","background","01/01/1995 00:00:00","30/06/2004 00:00:00","SPO_F-DK0047A_00008_100_100","2.0","","","","","","","","","","","0","","","","","","","","","","","","","","","SPP-Unknown","01/01/1995 00:00:00","30/06/2004 00:00:00","","","","","","","","","","","","","","","","","","","","",""
"Denmark","DK.NERI.AQ","","NET-DK004A","""Danish Air Quality Monitoring Programme""","UTC+01","DK0047A","8159","""Aalborg/8159""","SPO-DK0047A_00012_100","Pb","9.915010","57.045280","25.000000","","urban","background","01/01/2001 00:00:00","31/12/2005 00:00:00","SPO_F-DK0047A_00012_100_100","3.0","","","","","","","","","","","0","","","","","","","","","","","","","","","SPP-DK_N_00528_opsisSM200","01/01/2001 00:00:00","31/12/2005 00:00:00","active","","","","","other","","other","","","","","","","","","","","","",""
"Denmark","DK.NERI.AQ","","NET-DK004A","""Danish Air Quality Monitoring Programme""","UTC+01","DK0047A","8159","""Aalborg/8159""","SPO-DK0047A_00012_100","Pb","9.915010","57.045280","25.000000","","urban","background","01/01/2001 00:00:00","31/12/2005 00:00:00","SPO_F-DK0047A_00012_100_100","3.0","","","","","","","","","","","0","","","","","","","","","","","","","","","SPP-Unknown","01/01/2001 00:00:00","31/12/2005 00:00:00","","","","","","","","","","","","","","","","","","","","",""
"Denmark","DK.NERI.AQ","","NET-DK004A","""Danish Air Quality Monitoring Programme""","UTC+01","DK0047A","8159","""Aalborg/8159""","SPO-DK0047A_00014_100","Cd","9.915010","57.045280","25.000000","","urban","background","01/01/2001 00:00:00","31/12/2005 00:00:00","SPO_F-DK0047A_00014_100_100","3.0","","","","","","","","","","","0","","","","","","","","","","","","","","","SPP-DK_N_00528_opsisSM200","01/01/2001 00:00:00","31/12/2005 00:00:00","active","","","","","other","","other","","","","","","","","","","","","",""
"Denmark","DK.NERI.AQ","","NET-DK004A","""Danish Air Quality Monitoring Programme""","UTC+01","DK0047A","8159","""Aalborg/8159""","SPO-DK0047A_00015_100","Ni","9.915010","57.045280","25.000000","","urban","background","01/01/2001 00:00:00","31/12/2005 00:00:00","SPO_F-DK0047A_00015_100_100","3.0","","","","","","","","","","","0","","","","","","","","","","","","","","","SPP-DK_N_00528_opsisSM200","01/01/2001 00:00:00","31/12/2005 00:00:00","active","","","","","other","","other","","","","","","","","","","","","",""
"Denmark","DK.NERI.AQ","","NET-DK004A","""Danish Air Quality Monitoring Programme""","UTC+01","DK0047A","8159","""Aalborg/8159""","SPO-DK0047A_00016_100","Cr","9.915010","57.045280","25.000000","","urban","background","01/01/2001 00:00:00","31/12/2005 00:00:00","SPO_F-DK0047A_00016_100_100","3.0","","","","","","","","","","","0","","","","","","","","","","","","","","","SPP-DK_N_00528_opsisSM200","01/01/2001 00:00:00","31/12/2005 00:00:00","active","","","","","other","","other","","","","","","","","","","","","",""
"Denmark","DK.NERI.AQ","","NET-DK004A","""Danish Air Quality Monitoring Programme""","UTC+01","DK0047A","8159","""Aalborg/8159""","SPO-DK0047A_00017_100","Mn","9.915010","57.045280","25.000000","","urban","background","01/01/2001 00:00:00","31/12/2005 00:00:00","SPO_F-DK0047A_00017_100_100","3.0","","","","","","","","","","","0","","","","","","","","","","","","","","","SPP-DK_N_00528_opsisSM200","01/01/2001 00:00:00","31/12/2005 00:00:00","active","","","","","other","","other","","","","","","","","","","","","",""
"Denmark","DK.NERI.AQ","","NET-DK004A","""Danish Air Quality Monitoring Programme""","UTC+01","DK0047A","8159","""Aalborg/8159""","SPO-DK0047A_00018_100","As","9.915010","57.045280","25.000000","","urban","background","01/01/2001 00:00:00","31/12/2005 00:00:00","SPO_F-DK0047A_00018_100_100","3.0","","","","","","","","","","","0","","","","","","","","","","","","","","","SPP-DK_N_00528_opsisSM200","01/01/2001 00:00:00","31/12/2005 00:00:00","active","","","","","other","","other","","","","","","","","","","","","",""
"Denmark","DK.NERI.AQ","","NET-DK004A","""Danish Air Quality Monitoring Programme""","UTC+01","DK0047A","8159","""Aalborg/8159""","SPO-DK0047A_00038_100","NO","9.915010","57.045280","25.000000","","urban","background","01/01/1995 00:00:00","30/06/2004 00:00:00","SPO_F-DK0047A_00038_100_100","2.0","","","","","","","","","","","0","","","","","","","","","","","","","","","SPP-DK_A_chemi_API200A","01/01/1995 00:00:00","30/06/2004 00:00:00","automatic","chemi","","API200A","","","","","","","","","","","","","","","","",""
"Denmark","DK.NERI.AQ","","NET-DK004A","""Danish Air Quality Monitoring Programme""","UTC+01","DK0047A","8159","""Aalborg/8159""","SPO-DK0047A_00038_100","NO","9.915010","57.045280","25.000000","","urban","background","01/01/1995 00:00:00","30/06/2004 00:00:00","SPO_F-DK0047A_00038_100_100","2.0","","","","","","","","","","","0","","","","","","","","","","","","","","","SPP-Unknown","01/01/1995 00:00:00","30/06/2004 00:00:00","","","","","","","","","","","","","","","","","","","","",""
"Denmark","DK.NERI.AQ","","NET-DK004A","""Danish Air Quality Monitoring Programme""","UTC+01","DK0047A","8159","""Aalborg/8159""","SPO-DK0047A_00038_101","NO","9.915010","57.045280","25.000000","","urban","background","01/09/2004 00:00:00","31/12/2005 00:00:00","SPO_F-DK0047A_00038_101_101","3.0","","","","","","","","","","","0","","","","","","","","","","","","","","","SPP-DK_A_chemi_API","01/09/2004 00:00:00","31/12/2005 00:00:00","automatic","chemi","","API","","","","","","","","","","","","","","","","",""
"Denmark","DK.NERI.AQ","","NET-DK004A","""Danish Air Quality Monitoring Programme""","UTC+01","DK0047A","8159","""Aalborg/8159""","SPO-DK0047A_00047_100","SO4 (H2SO4 aerosols) (SO4--)","9.915010","57.045280","25.000000","","urban","background","01/01/2001 00:00:00","31/12/2005 00:00:00","SPO_F-DK0047A_00047_100_100","3.0","","","","","","","","","","","0","","","","","","","","","","","","","","","SPP-DK_N_00528_opsisSM200","01/01/2001 00:00:00","31/12/2005 00:00:00","active","","","","","other","","other","","","","","","","","","","","","",""
"Denmark","DK.NERI.AQ","","NET-DK004A","""Danish Air Quality Monitoring Programme""","UTC+01","DK0047A","8159","""Aalborg/8159""","SPO-DK0047A_00048_100","Se","9.915010","57.045280","25.000000","","urban","background","01/01/2001 00:00:00","31/12/2005 00:00:00","SPO_F-DK0047A_00048_100_100","3.0","","","","","","","","","","","0","","","","","","","","","","","","","","","SPP-DK_N_00528_opsisSM200","01/01/2001 00:00:00","31/12/2005 00:00:00","active","","","","","other","","other","","","","","","","","","","","","",""
"Denmark","DK.NERI.AQ","","NET-DK004A","""Danish Air Quality Monitoring Programme""","UTC+01","DK0047A","8159","""Aalborg/8159""","SPO-DK0047A_00049_100","V","9.915010","57.045280","25.000000","","urban","background","01/01/2001 00:00:00","31/12/2005 00:00:00","SPO_F-DK0047A_00049_100_100","3.0","","","","","","","","","","","0","","","","","","","","","","","","","","","SPP-DK_N_00528_opsisSM200","01/01/2001 00:00:00","31/12/2005 00:00:00","active","","","","","other","","other","","","","","","","","","","","","",""
"Denmark","DK.NERI.AQ","","NET-DK004A","""Danish Air Quality Monitoring Programme""","UTC+01","DK0048A","9055","""Keldsnor/9055""","SPO-DK0048A_00005_100","PM10","10.735580","54.747780","10.000000","","rural","background","01/10/2001 00:00:00","31/12/2004 00:00:00","SPO_F-DK0048A_00005_100_100","3.0","","","","","","","","","","","0","","","","","","","","","","","","","","","SPP-DK_N_gravi_opsisSM200","01/10/2001 00:00:00","31/12/2004 00:00:00","active","","","","","other","","gravi","","","","","","","","","","","","",""
"Denmark","DK.NERI.AQ","","NET-DK004A","""Danish Air Quality Monitoring Programme""","UTC+01","DK0048A","9055","""Keldsnor/9055""","SPO-DK0048A_00005_100","PM10","10.735580","54.747780","10.000000","","rural","background","01/10/2001 00:00:00","31/12/2004 00:00:00","SPO_F-DK0048A_00005_100_100","3.0","","","","","","","","","","","0","","","","","","","","","","","","","","","SPP-Unknown","01/10/2001 00:00:00","31/12/2004 00:00:00","","","","","","","","","","","","","","","","","","","","",""
"Denmark","DK.NERI.AQ","","NET-DK004A","""Danish Air Quality Monitoring Programme""","UTC+01","DK0048A","9055","""Keldsnor/9055""","SPO-DK0048A_00007_100","O3","10.735580","54.747780","10.000000","","rural","background","01/01/1993 00:00:00","11/10/2004 00:00:00","SPO_F-DK0048A_00007_100_100","2.0","","","","","","","","","","","0","","","","","","","","","","","","","","","SPP-DK_A_UV-P_API400A","01/01/1993 00:00:00","11/10/2004 00:00:00","automatic","UV-P","","API400A","","","","","","","","","","","","","","","","",""
"Denmark","DK.NERI.AQ","","NET-DK004A","""Danish Air Quality Monitoring Programme""","UTC+01","DK0048A","9055","""Keldsnor/9055""","SPO-DK0048A_00007_100","O3","10.735580","54.747780","10.000000","","rural","background","01/01/1993 00:00:00","11/10/2004 00:00:00","SPO_F-DK0048A_00007_100_100","2.0","","","","","","","","","","","0","","","","","","","","","","","","","","","SPP-Unknown","01/01/1993 00:00:00","11/10/2004 00:00:00","","","","","","","","","","","","","","","","","","","","",""
"Denmark","DK.NERI.AQ","","NET-DK004A","""Danish Air Quality Monitoring Programme""","UTC+01","DK0048A","9055","""Keldsnor/9055""","SPO-DK0048A_00008_100","NO2","10.735580","54.747780","10.000000","","rural","background","01/01/1993 00:00:00","11/10/2004 00:00:00","SPO_F-DK0048A_00008_100_100","2.0","","","","","","","","","","","0","","","","","","","","","","","","","","","SPP-DK_A_chemi_API200A","01/01/1993 00:00:00","11/10/2004 00:00:00","automatic","chemi","","API200A","","","","","","","","","","","","","","","","",""
"Denmark","DK.NERI.AQ","","NET-DK004A","""Danish Air Quality Monitoring Programme""","UTC+01","DK0048A","9055","""Keldsnor/9055""","SPO-DK0048A_00008_100","NO2","10.735580","54.747780","10.000000","","rural","background","01/01/1993 00:00:00","11/10/2004 00:00:00","SPO_F-DK0048A_00008_100_100","2.0","","","","","","","","","","","0","","","","","","","","","","","","","","","SPP-Unknown","01/01/1993 00:00:00","11/10/2004 00:00:00","","","","","","","","","","","","","","","","","","","","",""
"Denmark","DK.NERI.AQ","","NET-DK004A","""Danish Air Quality Monitoring Programme""","UTC+01","DK0048A","9055","""Keldsnor/9055""","SPO-DK0048A_00012_100","Pb","10.735580","54.747780","10.000000","","rural","background","01/10/2001 00:00:00","31/12/2005 00:00:00","SPO_F-DK0048A_00012_100_100","3.0","","","","","","","","","","","0","","","","","","","","","","","","","","","SPP-DK_N_00528_opsisSM200","01/10/2001 00:00:00","31/12/2005 00:00:00","active","","","","","other","","other","","","","","","","","","","","","",""
"Denmark","DK.NERI.AQ","","NET-DK004A","""Danish Air Quality Monitoring Programme""","UTC+01","DK0048A","9055","""Keldsnor/9055""","SPO-DK0048A_00014_100","Cd","10.735580","54.747780","10.000000","","rural","background","01/10/2001 00:00:00","31/12/2005 00:00:00","SPO_F-DK0048A_00014_100_100","3.0","","","","","","","","","","","0","","","","","","","","","","","","","","","SPP-DK_N_00528_opsisSM200","01/10/2001 00:00:00","31/12/2005 00:00:00","active","","","","","other","","other","","","","","","","","","","","","",""
"Denmark","DK.NERI.AQ","","NET-DK004A","""Danish Air Quality Monitoring Programme""","UTC+01","DK0048A","9055","""Keldsnor/9055""","SPO-DK0048A_00015_100","Ni","10.735580","54.747780","10.000000","","rural","background","01/10/2001 00:00:00","31/12/2005 00:00:00","SPO_F-DK0048A_00015_100_100","3.0","","","","","","","","","","","0","","","","","","","","","","","","","","","SPP-DK_N_00528_opsisSM200","01/10/2001 00:00:00","31/12/2005 00:00:00","active","","","","","other","","other","","","","","","","","","","","","",""
"Denmark","DK.NERI.AQ","","NET-DK004A","""Danish Air Quality Monitoring Programme""","UTC+01","DK0048A","9055","""Keldsnor/9055""","SPO-DK0048A_00016_100","Cr","10.735580","54.747780","10.000000","","rural","background","01/10/2001 00:00:00","31/12/2005 00:00:00","SPO_F-DK0048A_00016_100_100","3.0","","","","","","","","","","","0","","","","","","","","","","","","","","","SPP-DK_N_00528_opsisSM200","01/10/2001 00:00:00","31/12/2005 00:00:00","active","","","","","other","","other","","","","","","","","","","","","",""
"Denmark","DK.NERI.AQ","","NET-DK004A","""Danish Air Quality Monitoring Programme""","UTC+01","DK0048A","9055","""Keldsnor/9055""","SPO-DK0048A_00017_100","Mn","10.735580","54.747780","10.000000","","rural","background","01/10/2001 00:00:00","31/12/2005 00:00:00","SPO_F-DK0048A_00017_100_100","3.0","","","","","","","","","","","0","","","","","","","","","","","","","","","SPP-DK_N_00528_opsisSM200","01/10/2001 00:00:00","31/12/2005 00:00:00","active","","","","","other","","other","","","","","","","","","","","","",""
"Denmark","DK.NERI.AQ","","NET-DK004A","""Danish Air Quality Monitoring Programme""","UTC+01","DK0048A","9055","""Keldsnor/9055""","SPO-DK0048A_00018_100","As","10.735580","54.747780","10.000000","","rural","background","01/10/2001 00:00:00","31/12/2005 00:00:00","SPO_F-DK0048A_00018_100_100","3.0","","","","","","","","","","","0","","","","","","","","","","","","","","","SPP-DK_N_00528_opsisSM200","01/10/2001 00:00:00","31/12/2005 00:00:00","active","","","","","other","","other","","","","","","","","","","","","",""
"Denmark","DK.NERI.AQ","","NET-DK004A","""Danish Air Quality Monitoring Programme""","UTC+01","DK0048A","9055","""Keldsnor/9055""","SPO-DK0048A_00038_100","NO","10.735580","54.747780","10.000000","","rural","background","01/01/1993 00:00:00","11/10/2004 00:00:00","SPO_F-DK0048A_00038_100_100","2.0","","","","","","","","","","","0","","","","","","","","","","","","","","","SPP-DK_A_chemi_API200A","01/01/1993 00:00:00","11/10/2004 00:00:00","automatic","chemi","","API200A","","","","","","","","","","","","","","","","",""
"Denmark","DK.NERI.AQ","","NET-DK004A","""Danish Air Quality Monitoring Programme""","UTC+01","DK0048A","9055","""Keldsnor/9055""","SPO-DK0048A_00038_100","NO","10.735580","54.747780","10.000000","","rural","background","01/01/1993 00:00:00","11/10/2004 00:00:00","SPO_F-DK0048A_00038_100_100","2.0","","","","","","","","","","","0","","","","","","","","","","","","","","","SPP-Unknown","01/01/1993 00:00:00","11/10/2004 00:00:00","","","","","","","","","","","","","","","","","","","","",""
"Denmark","DK.NERI.AQ","","NET-DK004A","""Danish Air Quality Monitoring Programme""","UTC+01","DK0048A","9055","""Keldsnor/9055""","SPO-DK0048A_00047_100","SO4 (H2SO4 aerosols) (SO4--)","10.735580","54.747780","10.000000","","rural","background","01/10/2001 00:00:00","31/12/2005 00:00:00","SPO_F-DK0048A_00047_100_100","3.0","","","","","","","","","","","0","","","","","","","","","","","","","","","SPP-DK_N_00528_opsisSM200","01/10/2001 00:00:00","31/12/2005 00:00:00","active","","","","","other","","other","","","","","","","","","","","","",""
"Denmark","DK.NERI.AQ","","NET-DK004A","""Danish Air Quality Monitoring Programme""","UTC+01","DK0048A","9055","""Keldsnor/9055""","SPO-DK0048A_00048_100","Se","10.735580","54.747780","10.000000","","rural","background","01/10/2001 00:00:00","31/12/2005 00:00:00","SPO_F-DK0048A_00048_100_100","3.0","","","","","","","","","","","0","","","","","","","","","","","","","","","SPP-DK_N_00528_opsisSM200","01/10/2001 00:00:00","31/12/2005 00:00:00","active","","","","","other","","other","","","","","","","","","","","","",""
"Denmark","DK.NERI.AQ","","NET-DK004A","""Danish Air Quality Monitoring Programme""","UTC+01","DK0048A","9055","""Keldsnor/9055""","SPO-DK0048A_00049_100","V","10.735580","54.747780","10.000000","","rural","background","01/10/2001 00:00:00","31/12/2005 00:00:00","SPO_F-DK0048A_00049_100_100","3.0","","","","","","","","","","","0","","","","","","","","","","","","","","","SPP-DK_N_00528_opsisSM200","01/10/2001 00:00:00","31/12/2005 00:00:00","active","","","","","other","","other","","","","","","","","","","","","",""
"Denmark","DK.NERI.AQ","","NET-DK004A","""Danish Air Quality Monitoring Programme""","UTC+01","DK0051A","6153","""Århus/6153""","SPO-DK0051A_00005_100","PM10","10.200840","56.150560","10.000000","","urban","traffic","01/01/2001 00:00:00","31/12/2005 00:00:00","SPO_F-DK0051A_00005_100_100","4.0","","0.5","","","","","","","","","0","","","","","","","","","","","","","","","SPP-DK_N_gravi_00000","01/01/2001 00:00:00","31/12/2005 00:00:00","active","","","","","other","","gravi","","","","","","","","","","","","",""
"Denmark","DK.NERI.AQ","","NET-DK004A","""Danish Air Quality Monitoring Programme""","UTC+01","DK0051A","6153","""Århus/6153""","SPO-DK0051A_00005_100","PM10","10.200840","56.150560","10.000000","","urban","traffic","01/01/2001 00:00:00","31/12/2005 00:00:00","SPO_F-DK0051A_00005_100_100","4.0","","0.5","","","","","","","","","0","","","","","","","","","","","","","","","SPP-Unknown","01/01/2001 00:00:00","31/12/2005 00:00:00","","","","","","","","","","","","","","","","","","","","",""
"Denmark","DK.NERI.AQ","2025","NET-DK004A","""Danish Air Quality Monitoring Programme""","UTC+01","DK0051A","6153","""Århus/6153""","SPO-DK0051A_00005_101","PM10","10.200840","56.150560","10.000000","","urban","traffic","01/09/2004 00:00:00","","SPO_F-DK0051A_00005_101_101","3.0","","0.5","","","","","","","","","0","","","","","","","","","","","","","","","SPP-DK_N_gravi_opsisSM200","01/09/2004 00:00:00","","active","","","","","other","","gravi","","","","","","","","","","","","http://cdr.eionet.europa.eu/dk/eu/aqd/d/colarw97g/envarw_cw/REP_D-DK_NERI_20251124_D-001.xml","05/12/2025 14:00:17"
"Denmark","DK.NERI.AQ","2025","NET-DK004A","""Danish Air Quality Monitoring Programme""","UTC+01","DK0051A","6153","""Århus/6153""","SPO-DK0051A_00005_101","PM10","10.200840","56.150560","10.000000","","urban","traffic","01/09/2004 00:00:00","","SPO_F-DK0051A_00005_101_101","3.0","","0.5","","","","","","","","","0","","","","","","","","","","","","","","","SPP-DK_N_gravi_opsisSM200","01/09/2004 00:00:00","","active","","","","","","","gravi","","","","","","","","","","","","http://cdr.eionet.europa.eu/dk/eu/aqd/d/colarw97g/envarw_cw/REP_D-DK_NERI_20251124_D-001.xml","05/12/2025 14:00:17"
"Denmark","DK.NERI.AQ","2025","NET-DK004A","""Danish Air Quality Monitoring Programme""","UTC+01","DK0051A","6153","""Århus/6153""","SPO-DK0051A_00005_101","PM10","10.200840","56.150560","10.000000","m","urban","traffic","01/09/2004 00:00:00","01/01/2014 00:00:00","SPO_F-DK0051A_00005_101_101","18.0","m","3.0","m","1.0","m","","","Long-range transboundary transport","","","0","","","","","Aarhus","","","","","","","","","6000","SPP-DK_N_gravi_opsisSM200","01/09/2004 00:00:00","01/01/2014 00:00:00","active","","","","","","","gravi","","yes","http://envs2.au.dk/Metodedokumentation/SM200_PM10_comp_with_the_stand_method.pdf","","","","In preparation","1","day","1","day","http://cdr.eionet.europa.eu/dk/eu/aqd/d/colarw97g/envarw_cw/REP_D-DK_NERI_20251124_D-001.xml","05/12/2025 14:00:17"
"Denmark","DK.NERI.AQ","2025","NET-DK004A","""Danish Air Quality Monitoring Programme""","UTC+01","DK0051A","6153","""Århus/6153""","SPO-DK0051A_00005_102","PM10","10.200840","56.150560","10.000000","","urban","traffic","01/01/2006 00:00:00","","SPO_F-DK0051A_00005_102_102","3.0","","0.5","","","","","","","","","0","","","","","","","","","","","","","","","SPP-DK_A_BETA_01112","01/01/2006 00:00:00","","automatic","BETA","","","","","","","","","","","","","","","","","","http://cdr.eionet.europa.eu/dk/eu/aqd/d/colarw97g/envarw_cw/REP_D-DK_NERI_20251124_D-001.xml","05/12/2025 14:00:17"
"Denmark","DK.NERI.AQ","2025","NET-DK004A","""Danish Air Quality Monitoring Programme""","UTC+01","DK0051A","6153","""Århus/6153""","SPO-DK0051A_00005_102","PM10","10.200840","56.150560","10.000000","m","urban","traffic","01/01/2006 00:00:00","","SPO_F-DK0051A_00005_102_102","3.7","m","3.0","m","1.0","m","","","Long-range transboundary transport","","","0","","","","","Aarhus","","","","","","","","","6000","SPP-DK_A_BETA_01112","01/01/2006 00:00:00","","automatic","BETA","","opsisSM200","","","","","","yes","http://envs2.au.dk/Metodedokumentation/SM200_PM10_comp_with_the_stand_method.pdf","","","","In preparation","1","day","1","hour","http://cdr.eionet.europa.eu/dk/eu/aqd/d/colarw97g/envarw_cw/REP_D-DK_NERI_20251124_D-001.xml","05/12/2025 14:00:17"
"Denmark","DK.NERI.AQ","2025","NET-DK004A","""Danish Air Quality Monitoring Programme""","UTC+01","DK0051A","6153","""Århus/6153""","SPO-DK0051A_00005_102","PM10","10.200840","56.150560","10.000000","","urban","traffic","01/01/2006 00:00:00","","SPO_F-DK0051A_00005_102_102","3.0","","0.5","","","","","","","","","0","","","","","","","","","","","","","","","SPP-DK_A_BETA_01112","01/01/2006 00:00:00","","automatic","BETA","","other","","","","","","","","","","","","","","","","http://cdr.eionet.europa.eu/dk/eu/aqd/d/colarw97g/envarw_cw/REP_D-DK_NERI_20251124_D-001.xml","05/12/2025 14:00:17"
"Denmark","DK.NERI.AQ","2025","NET-DK004A","""Danish Air Quality Monitoring Programme""","UTC+01","DK0051A","6153","""Århus/6153""","SPO-DK0051A_00005_103","PM10","10.200840","56.150560","10.000000","","urban","traffic","14/09/2014 00:00:00","","SPO_F-DK0051A_00005_103_103","3.0","","0.5","","","","","","","","","0","","","","","","","","","","","","","","","SPP-DK_N_gravi_00000","14/09/2014 00:00:00","","active","","","","","other","","gravi","","","","","","","","","","","","http://cdr.eionet.europa.eu/dk/eu/aqd/d/colarw97g/envarw_cw/REP_D-DK_NERI_20251124_D-001.xml","05/12/2025 14:00:17"
"Denmark","DK.NERI.AQ","2025","NET-DK004A","""Danish Air Quality Monitoring Programme""","UTC+01","DK0051A","6153","""Århus/6153""","SPO-DK0051A_00005_103","PM10","10.200840","56.150560","10.000000","m","urban","traffic","14/09/2014 00:00:00","","SPO_F-DK0051A_00005_103_103","3.7","m","3.0","m","1.0","m","","","Long-range transboundary transport","","","0","","","","","Aarhus","","","","","","","","","6000","SPP-DK_N_gravi_00714","14/09/2014 00:00:00","","active","","","","","","","gravi","","ref","","","","","In preparation","1","day","24","hour","http://cdr.eionet.europa.eu/dk/eu/aqd/d/colarw97g/envarw_cw/REP_D-DK_NERI_20251124_D-001.xml","05/12/2025 14:00:17"
"Denmark","DK.NERI.AQ","2025","NET-DK004A","""Danish Air Quality Monitoring Programme""","UTC+01","DK0051A","6153","""Århus/6153""","SPO-DK0051A_00005_104","PM10","10.200840","56.150560","10.000000","m","urban","traffic","01/01/2015 00:00:00","","SPO_F-DK0051A_00005_104_104","3.7","m","3.0","m","1.0","m","","","Transport","","","0","","","","","Aarhus","","","","","","","","","6000","SPP-DK_A_TEOM_TEOM1400A","01/01/2015 00:00:00","","automatic","TEOM","","TEOM1400A","","","","","","no","","","","","In preparation","0","variable","30","minute","http://cdr.eionet.europa.eu/dk/eu/aqd/d/colarw97g/envarw_cw/REP_D-DK_NERI_20251124_D-001.xml","05/12/2025 14:00:17"
"Denmark","DK.NERI.AQ","2025","NET-DK004A","""Danish Air Quality Monitoring Programme""","UTC+01","DK0051A","6153","""Århus/6153""","SPO-DK0051A_00005_105","PM10","10.200840","56.150560","10.000000","m","urban","traffic","01/04/2025 00:00:00","","SPO_F-DK0051A_00005_105_100","3.7","m","3.0","m","1.0","m","","","Transport","","","0","","","","","Aarhus","","","","","","","","","6000","SPP-DK-N-Bam_PM","01/04/2025 00:00:00","","automatic","BETA","","BAM1020","","","","","","no","","","","","In preparation","1","hour","1","hour","http://cdr.eionet.europa.eu/dk/eu/aqd/d/colarw97g/envarw_cw/REP_D-DK_NERI_20251124_D-001.xml","05/12/2025 14:00:17"
"Denmark","DK.NERI.AQ","2025","NET-DK004A","""Danish Air Quality Monitoring Programme""","UTC+01","DK0051A","6153","""Århus/6153""","SPO-DK0051A_00008_100","NO2","10.200840","56.150560","10.000000","","urban","traffic","01/06/2000 00:00:00","","SPO_F-DK0051A_00008_100_100","0.0","","0.5","","","","","","","","","0","","","","","","","","","","","","","","","SPP-DK_A_chemi_API","01/06/2000 00:00:00","","automatic","chemi","","","","","","","","","","","","","","","","","","http://cdr.eionet.europa.eu/dk/eu/aqd/d/colarw97g/envarw_cw/REP_D-DK_NERI_20251124_D-001.xml","05/12/2025 14:00:17"
"Denmark","DK.NERI.AQ","2025","NET-DK004A","""Danish Air Quality Monitoring Programme""","UTC+01","DK0051A","6153","""Århus/6153""","SPO-DK0051A_00008_100","NO2","10.200840","56.150560","10.000000","m","urban","traffic","01/06/2000 00:00:00","","SPO_F-DK0051A_00008_100_100","3.7","m","3.0","m","1.0","m","","","Transport","","","0","","","","","Aarhus","","","","","","","","","6000","SPP-DK_A_chemi_API","01/06/2000 00:00:00","","automatic","chemi","","API200","","","","","","ref","","","","","In preparation","1","hour","1","second","http://cdr.eionet.europa.eu/dk/eu/aqd/d/colarw97g/envarw_cw/REP_D-DK_NERI_20251124_D-001.xml","05/12/2025 14:00:17"
"Denmark","DK.NERI.AQ","2025","NET-DK004A","""Danish Air Quality Monitoring Programme""","UTC+01","DK0051A","6153","""Århus/6153""","SPO-DK0051A_00008_100","NO2","10.200840","56.150560","10.000000","","urban","traffic","01/06/2000 00:00:00","","SPO_F-DK0051A_00008_100_100","0.0","","0.5","","","","","","","","","0","","","","","","","","","","","","","","","SPP-DK_A_chemi_API","01/06/2000 00:00:00","","automatic","chemi","","API","","","","","","","","","","","","","","","","http://cdr.eionet.europa.eu/dk/eu/aqd/d/colarw97g/envarw_cw/REP_D-DK_NERI_20251124_D-001.xml","05/12/2025 14:00:17"
"Denmark","DK.NERI.AQ","2025","NET-DK004A","""Danish Air Quality Monitoring Programme""","UTC+01","DK0051A","6153","""Århus/6153""","SPO-DK0051A_00009_100","NOX as NO2","10.200840","56.150560","10.000000","","urban","traffic","01/06/2000 00:00:00","","SPO_F-DK0051A_00009_100_100","3.0","","0.5","","","","","","","","","0","","","","","","","","","","","","","","","SPP-DK_A_chemi_API","01/06/2000 00:00:00","","automatic","chemi","","","","","","","","","","","","","","","","","","http://cdr.eionet.europa.eu/dk/eu/aqd/d/colarw97g/envarw_cw/REP_D-DK_NERI_20251124_D-001.xml","05/12/2025 14:00:17"
"Denmark","DK.NERI.AQ","2025","NET-DK004A","""Danish Air Quality Monitoring Programme""","UTC+01","DK0051A","6153","""Århus/6153""","SPO-DK0051A_00009_100","NOX as NO2","10.200840","56.150560","10.000000","m","urban","traffic","01/06/2000 00:00:00","","SPO_F-DK0051A_00009_100_100","3.7","m","3.0","m","1.0","m","","","Transport","","","0","","","","","Aarhus","","","","","","","","","6000","SPP-DK_A_chemi_API","01/06/2000 00:00:00","","automatic","chemi","","API200","","","","","","ref","","","","","In preparation","1","hour","1","second","http://cdr.eionet.europa.eu/dk/eu/aqd/d/colarw97g/envarw_cw/REP_D-DK_NERI_20251124_D-001.xml","05/12/2025 14:00:17"
"Denmark","DK.NERI.AQ","2025","NET-DK004A","""Danish Air Quality Monitoring Programme""","UTC+01","DK0051A","6153","""Århus/6153""","SPO-DK0051A_00009_100","NOX as NO2","10.200840","56.150560","10.000000","","urban","traffic","01/06/2000 00:00:00","","SPO_F-DK0051A_00009_100_100","3.0","","0.5","","","","","","","","","0","","","","","","","","","","","","","","","SPP-DK_A_chemi_API","01/06/2000 00:00:00","","automatic","chemi","","API","","","","","","","","","","","","","","","","http://cdr.eionet.europa.eu/dk/eu/aqd/d/colarw97g/envarw_cw/REP_D-DK_NERI_20251124_D-001.xml","05/12/2025 14:00:17"
"Denmark","DK.NERI.AQ","2025","NET-DK004A","""Danish Air Quality Monitoring Programme""","UTC+01","DK0051A","6153","""Århus/6153""","SPO-DK0051A_00010_100","CO","10.200840","56.150560","10.000000","m","urban","traffic","01/06/2000 00:00:00","","SPO_F-DK0051A_00010_100_100","3.7","m","3.0","m","1.0","m","","","Transport","","","0","","","","","Aarhus","","","","","","","","","6000","SPP-DK_A_NDIR_API","01/06/2000 00:00:00","","automatic","NDIR","","API","","","","","","ref","","","","","In preparation","1","hour","0","other","http://cdr.eionet.europa.eu/dk/eu/aqd/d/colarw97g/envarw_cw/REP_D-DK_NERI_20251124_D-001.xml","05/12/2025 14:00:17"
"Denmark","DK.NERI.AQ","2025","NET-DK004A","""Danish Air Quality Monitoring Programme""","UTC+01","DK0051A","6153","""Århus/6153""","SPO-DK0051A_00010_100","CO","10.200840","56.150560","10.000000","","urban","traffic","01/06/2000 00:00:00","","SPO_F-DK0051A_00010_100_100","3.0","","0.5","","","","","","","","","0","","","","","","","","","","","","","","","SPP-DK_A_NDIR_API300","01/06/2000 00:00:00","","automatic","NDIR","","","","","","","","","","","","","","","","","","http://cdr.eionet.europa.eu/dk/eu/aqd/d/colarw97g/envarw_cw/REP_D-DK_NERI_20251124_D-001.xml","05/12/2025 14:00:17"
"Denmark","DK.NERI.AQ","2025","NET-DK004A","""Danish Air Quality Monitoring Programme""","UTC+01","DK0051A","6153","""Århus/6153""","SPO-DK0051A_00010_100","CO","10.200840","56.150560","10.000000","","urban","traffic","01/06/2000 00:00:00","","SPO_F-DK0051A_00010_100_100","3.0","","0.5","","","","","","","","","0","","","","","","","","","","","","","","","SPP-DK_A_NDIR_API300","01/06/2000 00:00:00","","automatic","NDIR","","API300","","","","","","","","","","","","","","","","http://cdr.eionet.europa.eu/dk/eu/aqd/d/colarw97g/envarw_cw/REP_D-DK_NERI_20251124_D-001.xml","05/12/2025 14:00:17"
"Denmark","DK.NERI.AQ","","NET-DK004A","""Danish Air Quality Monitoring Programme""","UTC+01","DK0051A","6153","""Århus/6153""","SPO-DK0051A_00012_100","Pb","10.200840","56.150560","10.000000","","urban","traffic","01/01/2001 00:00:00","01/01/2010 00:00:00","SPO_F-DK0051A_00012_100_100","4.0","","0.5","","","","","","","","","0","","","","","","","","","","","","","","","SPP-DK_N_00528_danishLMP-FP-ELEM","01/01/2001 00:00:00","01/01/2010 00:00:00","active","","","","","other","","other","","","","","","","","","","","","",""
"Denmark","DK.NERI.AQ","","NET-DK004A","""Danish Air Quality Monitoring Programme""","UTC+01","DK0051A","6153","""Århus/6153""","SPO-DK0051A_00012_100","Pb","10.200840","56.150560","10.000000","","urban","traffic","01/01/2001 00:00:00","01/01/2010 00:00:00","SPO_F-DK0051A_00012_100_100","4.0","","0.5","","","","","","","","","0","","","","","","","","","","","","","","","SPP-Unknown","01/01/2001 00:00:00","01/01/2010 00:00:00","","","","","","","","","","","","","","","","","","","","",""
"Denmark","DK.NERI.AQ","","NET-DK004A","""Danish Air Quality Monitoring Programme""","UTC+01","DK0051A","6153","""Århus/6153""","SPO-DK0051A_00012_101","Pb","10.200840","56.150560","10.000000","","urban","traffic","01/09/2004 00:00:00","01/01/2010 00:00:00","SPO_F-DK0051A_00012_101_101","3.0","","0.5","","","","","","","","","0","","","","","","","","","","","","","","","SPP-DK_N_00528_opsisSM200","01/09/2004 00:00:00","01/01/2010 00:00:00","active","","","","","other","","other","","","","","","","","","","","","",""
"Denmark","DK.NERI.AQ","","NET-DK004A","""Danish Air Quality Monitoring Programme""","UTC+01","DK0051A","6153","""Århus/6153""","SPO-DK0051A_00012_101","Pb","10.200840","56.150560","10.000000","","urban","traffic","01/09/2004 00:00:00","01/01/2010 00:00:00","SPO_F-DK0051A_00012_101_101","3.0","","0.5","","","","","","","","","0","","","","","","","","","","","","","","","SPP-Unknown","01/09/2004 00:00:00","01/01/2010 00:00:00","","","","","","","","","","","","","","","","","","","","",""
"Denmark","DK.NERI.AQ","2025","NET-DK004A","""Danish Air Quality Monitoring Programme""","UTC+01","DK0051A","6153","""Århus/6153""","SPO-DK0051A_00012_102","Pb","10.200840","56.150560","10.000000","","urban","traffic","01/01/2010 00:00:00","","SPO_F-DK0051A_00012_102_102","3.0","","0.5","","","","","","","","","0","","","","","","","","","","","","","","","SPP-DK_N_ICP-MS_opsisSM200","01/01/2010 00:00:00","","active","","","","","other","","ICP-MS","","","","","","","","","","","","http://cdr.eionet.europa.eu/dk/eu/aqd/d/colarw97g/envarw_cw/REP_D-DK_NERI_20251124_D-001.xml","05/12/2025 14:00:17"
"Denmark","DK.NERI.AQ","2025","NET-DK004A","""Danish Air Quality Monitoring Programme""","UTC+01","DK0051A","6153","""Århus/6153""","SPO-DK0051A_00012_102","Pb","10.200840","56.150560","10.000000","m","urban","traffic","01/01/2010 00:00:00","01/01/2015 00:00:00","SPO_F-DK0051A_00012_102_102","3.7","m","3.0","m","1.0","m","","","Transport","","","0","","","","","Aarhus","","","","","","","","","6000","SPP-DK_N_ICP-MS_opsisSM200","01/01/2010 00:00:00","01/01/2015 00:00:00","active","","","","","","","ICP-MS","","ref","","","","","In preparation","1","day","1","day","http://cdr.eionet.europa.eu/dk/eu/aqd/d/colarw97g/envarw_cw/REP_D-DK_NERI_20251124_D-001.xml","05/12/2025 14:00:17"
"Denmark","DK.NERI.AQ","2025","NET-DK004A","""Danish Air Quality Monitoring Programme""","UTC+01","DK0051A","6153","""Århus/6153""","SPO-DK0051A_00012_102","Pb","10.200840","56.150560","10.000000","","urban","traffic","01/01/2010 00:00:00","","SPO_F-DK0051A_00012_102_102","3.0","","0.5","","","","","","","","","0","","","","","","","","","","","","","","","SPP-DK_N_ICP-MS_opsisSM200","01/01/2010 00:00:00","","active","","","","","","","ICP-MS","","","","","","","","","","","","http://cdr.eionet.europa.eu/dk/eu/aqd/d/colarw97g/envarw_cw/REP_D-DK_NERI_20251124_D-001.xml","05/12/2025 14:00:17"
"Denmark","DK.NERI.AQ","","NET-DK004A","""Danish Air Quality Monitoring Programme""","UTC+01","DK0051A","6153","""Århus/6153""","SPO-DK0051A_00014_100","Cd","10.200840","56.150560","10.000000","","urban","traffic","01/01/2001 00:00:00","01/01/2010 00:00:00","SPO_F-DK0051A_00014_100_100","4.0","","0.5","","","","","","","","","0","","","","","","","","","","","","","","","SPP-DK_N_00528_opsisSM200","01/01/2001 00:00:00","01/01/2010 00:00:00","active","","","","","other","","other","","","","","","","","","","","","",""
"Denmark","DK.NERI.AQ","","NET-DK004A","""Danish Air Quality Monitoring Programme""","UTC+01","DK0051A","6153","""Århus/6153""","SPO-DK0051A_00014_100","Cd","10.200840","56.150560","10.000000","","urban","traffic","01/01/2001 00:00:00","01/01/2010 00:00:00","SPO_F-DK0051A_00014_100_100","4.0","","0.5","","","","","","","","","0","","","","","","","","","","","","","","","SPP-Unknown","01/01/2001 00:00:00","01/01/2010 00:00:00","","","","","","","","","","","","","","","","","","","","",""
"Denmark","DK.NERI.AQ","2025","NET-DK004A","""Danish Air Quality Monitoring Programme""","UTC+01","DK0051A","6153","""Århus/6153""","SPO-DK0051A_00014_101","Cd","10.200840","56.150560","10.000000","m","urban","traffic","01/01/2010 00:00:00","01/01/2015 00:00:00","SPO_F-DK0051A_00014_101_101","3.7","m","3.0","m","1.0","m","","","Long-range transboundary transport","","","0","","","","","Aarhus","","","","","","","","","6000","SPP-DK_N_ICP-MS_opsisSM200","01/01/2010 00:00:00","01/01/2015 00:00:00","active","","","","","","","ICP-MS","","ref","","","","","In preparation","1","day","1","day","http://cdr.eionet.europa.eu/dk/eu/aqd/d/colarw97g/envarw_cw/REP_D-DK_NERI_20251124_D-001.xml","05/12/2025 14:00:17"
"Denmark","DK.NERI.AQ","2025","NET-DK004A","""Danish Air Quality Monitoring Programme""","UTC+01","DK0051A","6153","""Århus/6153""","SPO-DK0051A_00014_101","Cd","10.200840","56.150560","10.000000","","urban","traffic","01/01/2010 00:00:00","","SPO_F-DK0051A_00014_101_101","3.0","","0.5","","","","","","","","","0","","","","","","","","","","","","","","","SPP-DK_N_ICP-MS_opsisSM200","01/01/2010 00:00:00","","active","","","","","","","ICP-MS","","","","","","","","","","","","http://cdr.eionet.europa.eu/dk/eu/aqd/d/colarw97g/envarw_cw/REP_D-DK_NERI_20251124_D-001.xml","05/12/2025 14:00:17"
"Denmark","DK.NERI.AQ","2025","NET-DK004A","""Danish Air Quality Monitoring Programme""","UTC+01","DK0051A","6153","""Århus/6153""","SPO-DK0051A_00014_101","Cd","10.200840","56.150560","10.000000","","urban","traffic","01/01/2010 00:00:00","","SPO_F-DK0051A_00014_101_101","3.0","","0.5","","","","","","","","","0","","","","","","","","","","","","","","","SPP-DK_N_ICP-MS_opsisSM200","01/01/2010 00:00:00","","active","","","","","other","","ICP-MS","","","","","","","","","","","","http://cdr.eionet.europa.eu/dk/eu/aqd/d/colarw97g/envarw_cw/REP_D-DK_NERI_20251124_D-001.xml","05/12/2025 14:00:17"
"Denmark","DK.NERI.AQ","","NET-DK004A","""Danish Air Quality Monitoring Programme""","UTC+01","DK0051A","6153","""Århus/6153""","SPO-DK0051A_00015_100","Ni","10.200840","56.150560","10.000000","","urban","traffic","01/01/2001 00:00:00","01/01/2010 00:00:00","SPO_F-DK0051A_00015_100_100","4.0","","0.5","","","","","","","","","0","","","","","","","","","","","","","","","SPP-DK_N_00528_danishLMP-FP-ELEM","01/01/2001 00:00:00","01/01/2010 00:00:00","active","","","","","other","","other","","","","","","","","","","","","",""
"Denmark","DK.NERI.AQ","","NET-DK004A","""Danish Air Quality Monitoring Programme""","UTC+01","DK0051A","6153","""Århus/6153""","SPO-DK0051A_00015_100","Ni","10.200840","56.150560","10.000000","","urban","traffic","01/01/2001 00:00:00","01/01/2010 00:00:00","SPO_F-DK0051A_00015_100_100","4.0","","0.5","","","","","","","","","0","","","","","","","","","","","","","","","SPP-Unknown","01/01/2001 00:00:00","01/01/2010 00:00:00","","","","","","","","","","","","","","","","","","","","",""
"Denmark","DK.NERI.AQ","","NET-DK004A","""Danish Air Quality Monitoring Programme""","UTC+01","DK0051A","6153","""Århus/6153""","SPO-DK0051A_00015_101","Ni","10.200840","56.150560","10.000000","","urban","traffic","01/09/2004 00:00:00","01/01/2010 00:00:00","SPO_F-DK0051A_00015_101_101","3.0","","0.5","","","","","","","","","0","","","","","","","","","","","","","","","SPP-DK_N_00528_opsisSM200","01/09/2004 00:00:00","01/01/2010 00:00:00","active","","","","","other","","other","","","","","","","","","","","","",""
"Denmark","DK.NERI.AQ","2025","NET-DK004A","""Danish Air Quality Monitoring Programme""","UTC+01","DK0051A","6153","""Århus/6153""","SPO-DK0051A_00015_102","Ni","10.200840","56.150560","10.000000","","urban","traffic","01/01/2010 00:00:00","","SPO_F-DK0051A_00015_102_102","3.0","","0.5","","","","","","","","","0","","","","","","","","","","","","","","","SPP-DK_N_ICP-MS_opsisSM200","01/01/2010 00:00:00","","active","","","","","","","ICP-MS","","","","","","","","","","","","http://cdr.eionet.europa.eu/dk/eu/aqd/d/colarw97g/envarw_cw/REP_D-DK_NERI_20251124_D-001.xml","05/12/2025 14:00:17"
"Denmark","DK.NERI.AQ","2025","NET-DK004A","""Danish Air Quality Monitoring Programme""","UTC+01","DK0051A","6153","""Århus/6153""","SPO-DK0051A_00015_102","Ni","10.200840","56.150560","10.000000","m","urban","traffic","01/01/2010 00:00:00","01/01/2015 00:00:00","SPO_F-DK0051A_00015_102_102","3.7","m","3.0","m","1.0","m","","","Long-range transboundary transport","","","0","","","","","Aarhus","","","","","","","","","6000","SPP-DK_N_ICP-MS_opsisSM200","01/01/2010 00:00:00","01/01/2015 00:00:00","active","","","","","","","ICP-MS","","ref","","","","","In preparation","1","day","1","day","http://cdr.eionet.europa.eu/dk/eu/aqd/d/colarw97g/envarw_cw/REP_D-DK_NERI_20251124_D-001.xml","05/12/2025 14:00:17"
"Denmark","DK.NERI.AQ","2025","NET-DK004A","""Danish Air Quality Monitoring Programme""","UTC+01","DK0051A","6153","""Århus/6153""","SPO-DK0051A_00015_102","Ni","10.200840","56.150560","10.000000","","urban","traffic","01/01/2010 00:00:00","","SPO_F-DK0051A_00015_102_102","3.0","","0.5","","","","","","","","","0","","","","","","","","","","","","","","","SPP-DK_N_ICP-MS_opsisSM200","01/01/2010 00:00:00","","active","","","","","other","","ICP-MS","","","","","","","","","","","","http://cdr.eionet.europa.eu/dk/eu/aqd/d/colarw97g/envarw_cw/REP_D-DK_NERI_20251124_D-001.xml","05/12/2025 14:00:17"
"Denmark","DK.NERI.AQ","","NET-DK004A","""Danish Air Quality Monitoring Programme""","UTC+01","DK0051A","6153","""Århus/6153""","SPO-DK0051A_00016_100","Cr","10.200840","56.150560","10.000000","","urban","traffic","01/01/2001 00:00:00","01/01/2010 00:00:00","SPO_F-DK0051A_00016_100_100","4.0","","0.5","","","","","","","","","0","","","","","","","","","","","","","","","SPP-DK_N_00528_danishLMP-FP-ELEM","01/01/2001 00:00:00","01/01/2010 00:00:00","active","","","","","other","","other","","","","","","","","","","","","",""
"Denmark","DK.NERI.AQ","","NET-DK004A","""Danish Air Quality Monitoring Programme""","UTC+01","DK0051A","6153","""Århus/6153""","SPO-DK0051A_00016_100","Cr","10.200840","56.150560","10.000000","","urban","traffic","01/01/2001 00:00:00","01/01/2010 00:00:00","SPO_F-DK0051A_00016_100_100","4.0","","0.5","","","","","","","","","0","","","","","","","","","","","","","","","SPP-Unknown","01/01/2001 00:00:00","01/01/2010 00:00:00","","","","","","","","","","","","","","","","","","","","",""
"Denmark","DK.NERI.AQ","","NET-DK004A","""Danish Air Quality Monitoring Programme""","UTC+01","DK0051A","6153","""Århus/6153""","SPO-DK0051A_00016_101","Cr","10.200840","56.150560","10.000000","","urban","traffic","01/09/2004 00:00:00","01/01/2010 00:00:00","SPO_F-DK0051A_00016_101_101","3.0","","0.5","","","","","","","","","0","","","","","","","","","","","","","","","SPP-DK_N_00528_opsisSM200","01/09/2004 00:00:00","01/01/2010 00:00:00","active","","","","","other","","other","","","","","","","","","","","","",""
"Denmark","DK.NERI.AQ","","NET-DK004A","""Danish Air Quality Monitoring Programme""","UTC+01","DK0051A","6153","""Århus/6153""","SPO-DK0051A_00017_100","Mn","10.200840","56.150560","10.000000","","urban","traffic","01/01/2001 00:00:00","01/01/2010 00:00:00","SPO_F-DK0051A_00017_100_100","4.0","","0.5","","","","","","","","","0","","","","","","","","","","","","","","","SPP-DK_N_00528_danishLMP-FP-ELEM","01/01/2001 00:00:00","01/01/2010 00:00:00","active","","","","","other","","other","","","","","","","","","","","","",""
"Denmark","DK.NERI.AQ","","NET-DK004A","""Danish Air Quality Monitoring Programme""","UTC+01","DK0051A","6153","""Århus/6153""","SPO-DK0051A_00017_100","Mn","10.200840","56.150560","10.000000","","urban","traffic","01/01/2001 00:00:00","01/01/2010 00:00:00","SPO_F-DK0051A_00017_100_100","4.0","","0.5","","","","","","","","","0","","","","","","","","","","","","","","","SPP-Unknown","01/01/2001 00:00:00","01/01/2010 00:00:00","","","","","","","","","","","","","","","","","","","","",""
"Denmark","DK.NERI.AQ","","NET-DK004A","""Danish Air Quality Monitoring Programme""","UTC+01","DK0051A","6153","""Århus/6153""","SPO-DK0051A_00017_101","Mn","10.200840","56.150560","10.000000","","urban","traffic","01/09/2004 00:00:00","01/01/2010 00:00:00","SPO_F-DK0051A_00017_101_101","3.0","","0.5","","","","","","","","","0","","","","","","","","","","","","","","","SPP-DK_N_00528_opsisSM200","01/09/2004 00:00:00","01/01/2010 00:00:00","active","","","","","other","","other","","","","","","","","","","","","",""
"Denmark","DK.NERI.AQ","","NET-DK004A","""Danish Air Quality Monitoring Programme""","UTC+01","DK0051A","6153","""Århus/6153""","SPO-DK0051A_00018_100","As","10.200840","56.150560","10.000000","","urban","traffic","01/01/2001 00:00:00","01/01/2010 00:00:00","SPO_F-DK0051A_00018_100_100","4.0","","0.5","","","","","","","","","0","","","","","","","","","","","","","","","SPP-DK_N_00528_danishLMP-FP-ELEM","01/01/2001 00:00:00","01/01/2010 00:00:00","active","","","","","other","","other","","","","","","","","","","","","",""
"Denmark","DK.NERI.AQ","","NET-DK004A","""Danish Air Quality Monitoring Programme""","UTC+01","DK0051A","6153","""Århus/6153""","SPO-DK0051A_00018_100","As","10.200840","56.150560","10.000000","","urban","traffic","01/01/2001 00:00:00","01/01/2010 00:00:00","SPO_F-DK0051A_00018_100_100","4.0","","0.5","","","","","","","","","0","","","","","","","","","","","","","","","SPP-Unknown","01/01/2001 00:00:00","01/01/2010 00:00:00","","","","","","","","","","","","","","","","","","","","",""
"Denmark","DK.NERI.AQ","2025","NET-DK004A","""Danish Air Quality Monitoring Programme""","UTC+01","DK0051A","6153","""Århus/6153""","SPO-DK0051A_00018_102","As","10.200840","56.150560","10.000000","","urban","traffic","01/01/2010 00:00:00","","SPO_F-DK0051A_00018_102_102","3.0","","0.5","","","","","","","","","0","","","","","","","","","","","","","","","SPP-DK_N_ICP-MS_opsisSM200","01/01/2010 00:00:00","","active","","","","","other","","ICP-MS","","","","","","","","","","","","http://cdr.eionet.europa.eu/dk/eu/aqd/d/colarw97g/envarw_cw/REP_D-DK_NERI_20251124_D-001.xml","05/12/2025 14:00:17"
"Denmark","DK.NERI.AQ","2025","NET-DK004A","""Danish Air Quality Monitoring Programme""","UTC+01","DK0051A","6153","""Århus/6153""","SPO-DK0051A_00018_102","As","10.200840","56.150560","10.000000","","urban","traffic","01/01/2010 00:00:00","","SPO_F-DK0051A_00018_102_102","3.0","","0.5","","","","","","","","","0","","","","","","","","","","","","","","","SPP-DK_N_ICP-MS_opsisSM200","01/01/2010 00:00:00","","active","","","","","","","ICP-MS","","","","","","","","","","","","http://cdr.eionet.europa.eu/dk/eu/aqd/d/colarw97g/envarw_cw/REP_D-DK_NERI_20251124_D-001.xml","05/12/2025 14:00:17"
"Denmark","DK.NERI.AQ","2025","NET-DK004A","""Danish Air Quality Monitoring Programme""","UTC+01","DK0051A","6153","""Århus/6153""","SPO-DK0051A_00018_102","As","10.200840","56.150560","10.000000","m","urban","traffic","01/01/2010 00:00:00","01/01/2015 00:00:00","SPO_F-DK0051A_00018_102_102","3.7","m","3.0","m","1.0","m","","","Long-range transboundary transport","","","0","","","","","Aarhus","","","","","","","","","6000","SPP-DK_N_ICP-MS_opsisSM200","01/01/2010 00:00:00","01/01/2015 00:00:00","active","","","","","","","ICP-MS","","ref","","","","","In preparation","1","day","1","day","http://cdr.eionet.europa.eu/dk/eu/aqd/d/colarw97g/envarw_cw/REP_D-DK_NERI_20251124_D-001.xml","05/12/2025 14:00:17"
"Denmark","DK.NERI.AQ","2025","NET-DK004A","""Danish Air Quality Monitoring Programme""","UTC+01","DK0051A","6153","""Århus/6153""","SPO-DK0051A_00038_100","NO","10.200840","56.150560","10.000000","","urban","traffic","01/06/2000 00:00:00","","SPO_F-DK0051A_00038_100_100","3.0","","0.5","","","","","","","","","0","","","","","","","","","","","","","","","SPP-DK_A_chemi_API","01/06/2000 00:00:00","","automatic","chemi","","","","","","","","","","","","","","","","","","http://cdr.eionet.europa.eu/dk/eu/aqd/d/colarw97g/envarw_cw/REP_D-DK_NERI_20251124_D-001.xml","05/12/2025 14:00:17"
"Denmark","DK.NERI.AQ","2025","NET-DK004A","""Danish Air Quality Monitoring Programme""","UTC+01","DK0051A","6153","""Århus/6153""","SPO-DK0051A_00038_100","NO","10.200840","56.150560","10.000000","","urban","traffic","01/06/2000 00:00:00","","SPO_F-DK0051A_00038_100_100","3.0","","0.5","","","","","","","","","0","","","","","","","","","","","","","","","SPP-DK_A_chemi_API","01/06/2000 00:00:00","","automatic","chemi","","API","","","","","","","","","","","","","","","","http://cdr.eionet.europa.eu/dk/eu/aqd/d/colarw97g/envarw_cw/REP_D-DK_NERI_20251124_D-001.xml","05/12/2025 14:00:17"
"Denmark","DK.NERI.AQ","2025","NET-DK004A","""Danish Air Quality Monitoring Programme""","UTC+01","DK0051A","6153","""Århus/6153""","SPO-DK0051A_00038_100","NO","10.200840","56.150560","10.000000","m","urban","traffic","01/01/2010 00:00:00","","SPO_F-DK0051A_00038_100_100","3.7","m","3.0","m","1.0","m","","","Transport","","","0","","","","","Aarhus","","","","","","","","","6000","SPP-DK_A_chemi_API200A","01/01/2010 00:00:00","","automatic","chemi","","API200A","","","","","","ref","","","","","In preparation","0","variable","0","other","http://cdr.eionet.europa.eu/dk/eu/aqd/d/colarw97g/envarw_cw/REP_D-DK_NERI_20251124_D-001.xml","05/12/2025 14:00:17"
"Denmark","DK.NERI.AQ","2025","NET-DK004A","""Danish Air Quality Monitoring Programme""","UTC+01","DK0051A","6153","""Århus/6153""","SPO-DK0051A_00047_100","SO4 (H2SO4 aerosols) (SO4--)","10.200840","56.150560","10.000000","","urban","traffic","01/01/2001 00:00:00","","SPO_F-DK0051A_00047_100_100","4.0","","0.5","","","","","","","","","0","","","","","","","","","","","","","","","SPP-DK_N_00528_00000","01/01/2001 00:00:00","","active","","","","","other","","other","","","","","","","","","","","","http://cdr.eionet.europa.eu/dk/eu/aqd/d/colarw97g/envarw_cw/REP_D-DK_NERI_20251124_D-001.xml","05/12/2025 14:00:17"
"Denmark","DK.NERI.AQ","2025","NET-DK004A","""Danish Air Quality Monitoring Programme""","UTC+01","DK0051A","6153","""Århus/6153""","SPO-DK0051A_00047_100","SO4 (H2SO4 aerosols) (SO4--)","10.200840","56.150560","10.000000","m","urban","traffic","01/01/2001 00:00:00","01/01/2010 00:00:00","SPO_F-DK0051A_00047_100_100","3.7","m","3.0","m","1.0","m","","","Long-range transboundary transport","","","0","","","","","Aarhus","","","","","","","","","6000","SPP-DK_N_0168201682","01/01/2001 00:00:00","01/01/2010 00:00:00","active","","","","","","","gravi","","no","","","","","In preparation","1","day","1","day","http://cdr.eionet.europa.eu/dk/eu/aqd/d/colarw97g/envarw_cw/REP_D-DK_NERI_20251124_D-001.xml","05/12/2025 14:00:17"
"Denmark","DK.NERI.AQ","2025","NET-DK004A","""Danish Air Quality Monitoring Programme""","UTC+01","DK0051A","6153","""Århus/6153""","SPO-DK0051A_00047_100","SO4 (H2SO4 aerosols) (SO4--)","10.200840","56.150560","10.000000","","urban","traffic","01/01/2001 00:00:00","","SPO_F-DK0051A_00047_100_100","4.0","","0.5","","","","","","","","","0","","","","","","","","","","","","","","","SPP-DK_N_0168201682","01/01/2001 00:00:00","","active","","","","","","","other","","","","","","","","","","","","http://cdr.eionet.europa.eu/dk/eu/aqd/d/colarw97g/envarw_cw/REP_D-DK_NERI_20251124_D-001.xml","05/12/2025 14:00:17"
"Denmark","DK.NERI.AQ","","NET-DK004A","""Danish Air Quality Monitoring Programme""","UTC+01","DK0051A","6153","""Århus/6153""","SPO-DK0051A_00047_101","SO4 (H2SO4 aerosols) (SO4--)","10.200840","56.150560","10.000000","","urban","traffic","01/09/2004 00:00:00","01/01/2010 00:00:00","SPO_F-DK0051A_00047_101_101","3.0","","0.5","","","","","","","","","0","","","","","","","","","","","","","","","SPP-DK_N_00528_opsisSM200","01/09/2004 00:00:00","01/01/2010 00:00:00","active","","","","","other","","other","","","","","","","","","","","","",""
"Denmark","DK.NERI.AQ","","NET-DK004A","""Danish Air Quality Monitoring Programme""","UTC+01","DK0051A","6153","""Århus/6153""","SPO-DK0051A_00047_101","SO4 (H2SO4 aerosols) (SO4--)","10.200840","56.150560","10.000000","","urban","traffic","01/09/2004 00:00:00","01/01/2010 00:00:00","SPO_F-DK0051A_00047_101_101","3.0","","0.5","","","","","","","","","0","","","","","","","","","","","","","","","SPP-Unknown","01/09/2004 00:00:00","01/01/2010 00:00:00","","","","","","","","","","","","","","","","","","","","",""
"Denmark","DK.NERI.AQ","","NET-DK004A","""Danish Air Quality Monitoring Programme""","UTC+01","DK0051A","6153","""Århus/6153""","SPO-DK0051A_00048_100","Se","10.200840","56.150560","10.000000","","urban","traffic","01/01/2001 00:00:00","01/01/2006 00:00:00","SPO_F-DK0051A_00048_100_100","4.0","","0.5","","","","","","","","","0","","","","","","","","","","","","","","","SPP-DK_N_00528_00000","01/01/2001 00:00:00","01/01/2006 00:00:00","active","","","","","other","","other","","","","","","","","","","","","",""
"Denmark","DK.NERI.AQ","","NET-DK004A","""Danish Air Quality Monitoring Programme""","UTC+01","DK0051A","6153","""Århus/6153""","SPO-DK0051A_00048_101","Se","10.200840","56.150560","10.000000","","urban","traffic","01/09/2004 00:00:00","01/01/2010 00:00:00","SPO_F-DK0051A_00048_101_101","3.0","","0.5","","","","","","","","","0","","","","","","","","","","","","","","","SPP-DK_N_00528_opsisSM200","01/09/2004 00:00:00","01/01/2010 00:00:00","active","","","","","other","","other","","","","","","","","","","","","",""
"Denmark","DK.NERI.AQ","","NET-DK004A","""Danish Air Quality Monitoring Programme""","UTC+01","DK0051A","6153","""Århus/6153""","SPO-DK0051A_00048_101","Se","10.200840","56.150560","10.000000","","urban","traffic","01/09/2004 00:00:00","01/01/2010 00:00:00","SPO_F-DK0051A_00048_101_101","3.0","","0.5","","","","","","","","","0","","","","","","","","","","","","","","","SPP-Unknown","01/09/2004 00:00:00","01/01/2010 00:00:00","","","","","","","","","","","","","","","","","","","","",""
"Denmark","DK.NERI.AQ","","NET-DK004A","""Danish Air Quality Monitoring Programme""","UTC+01","DK0051A","6153","""Århus/6153""","SPO-DK0051A_00049_100","V","10.200840","56.150560","10.000000","","urban","traffic","01/01/2001 00:00:00","01/01/2010 00:00:00","SPO_F-DK0051A_00049_100_100","4.0","","0.5","","","","","","","","","0","","","","","","","","","","","","","","","SPP-DK_N_00528_danishLMP-FP-ELEM","01/01/2001 00:00:00","01/01/2010 00:00:00","active","","","","","other","","other","","","","","","","","","","","","",""
"Denmark","DK.NERI.AQ","","NET-DK004A","""Danish Air Quality Monitoring Programme""","UTC+01","DK0051A","6153","""Århus/6153""","SPO-DK0051A_00049_100","V","10.200840","56.150560","10.000000","","urban","traffic","01/01/2001 00:00:00","01/01/2010 00:00:00","SPO_F-DK0051A_00049_100_100","4.0","","0.5","","","","","","","","","0","","","","","","","","","","","","","","","SPP-Unknown","01/01/2001 00:00:00","01/01/2010 00:00:00","","","","","","","","","","","","","","","","","","","","",""
"Denmark","DK.NERI.AQ","","NET-DK004A","""Danish Air Quality Monitoring Programme""","UTC+01","DK0051A","6153","""Århus/6153""","SPO-DK0051A_00049_101","V","10.200840","56.150560","10.000000","","urban","traffic","01/09/2004 00:00:00","01/01/2010 00:00:00","SPO_F-DK0051A_00049_101_101","3.0","","0.5","","","","","","","","","0","","","","","","","","","","","","","","","SPP-DK_N_00528_opsisSM200","01/09/2004 00:00:00","01/01/2010 00:00:00","active","","","","","other","","other","","","","","","","","","","","","",""
"Denmark","DK.NERI.AQ","2025","NET-DK004A","""Danish Air Quality Monitoring Programme""","UTC+01","DK0051A","6153","""Århus/6153""","SPO-DK0051A_05012_100","Pb in PM10","10.200840","56.150560","10.000000","m","urban","traffic","01/01/2010 00:00:00","","SPO_F-DK0051A_05012_100_101","3.7","m","3.0","m","1.0","m","","","Transport","","","0","","","","","Aarhus","","","","","","","","","6000","SPP-DK_N_ICPMS_gravi_01788","01/01/2010 00:00:00","","active","","","","","","","ICP-MS","","ref","","","","","In preparation","1","day","1","hour","http://cdr.eionet.europa.eu/dk/eu/aqd/d/colarw97g/envarw_cw/REP_D-DK_NERI_20251124_D-001.xml","05/12/2025 14:00:17"
"Denmark","DK.NERI.AQ","2025","NET-DK004A","""Danish Air Quality Monitoring Programme""","UTC+01","DK0051A","6153","""Århus/6153""","SPO-DK0051A_05012_100","Pb in PM10","10.200840","56.150560","10.000000","m","urban","traffic","01/01/2010 00:00:00","","SPO_F-DK0051A_05012_100_100","3.7","m","3.0","m","1.0","m","","","Transport","","","0","","","","","Aarhus","","","","","","","","","6000","SPP-DK_N_ICP-MS_opsisSM200","01/01/2010 00:00:00","","active","","","","","","","ICP-MS","","ref","","","","","In preparation","1","day","1","day","http://cdr.eionet.europa.eu/dk/eu/aqd/d/colarw97g/envarw_cw/REP_D-DK_NERI_20251124_D-001.xml","05/12/2025 14:00:17"
"Denmark","DK.NERI.AQ","2025","NET-DK004A","""Danish Air Quality Monitoring Programme""","UTC+01","DK0051A","6153","""Århus/6153""","SPO-DK0051A_05014_100","Cd in PM10","10.200840","56.150560","10.000000","m","urban","traffic","01/01/2010 00:00:00","","SPO_F-DK0051A_05014_100_101","3.7","m","3.0","m","1.0","m","","","Long-range transboundary transport","","","0","","","","","Aarhus","","","","","","","","","6000","SPP-DK_N_ICPMS_gravi_01788","01/01/2010 00:00:00","","active","","","","","","","ICP-MS","","ref","","","","","In preparation","1","day","1","hour","http://cdr.eionet.europa.eu/dk/eu/aqd/d/colarw97g/envarw_cw/REP_D-DK_NERI_20251124_D-001.xml","05/12/2025 14:00:17"
"Denmark","DK.NERI.AQ","2025","NET-DK004A","""Danish Air Quality Monitoring Programme""","UTC+01","DK0051A","6153","""Århus/6153""","SPO-DK0051A_05014_100","Cd in PM10","10.200840","56.150560","10.000000","m","urban","traffic","01/01/2010 00:00:00","","SPO_F-DK0051A_05014_100_100","3.7","m","3.0","m","1.0","m","","","Long-range transboundary transport","","","0","","","","","Aarhus","","","","","","","","","6000","SPP-DK_N_ICP-MS_opsisSM200","01/01/2010 00:00:00","","active","","","","","","","ICP-MS","","ref","","","","","In preparation","1","day","1","day","http://cdr.eionet.europa.eu/dk/eu/aqd/d/colarw97g/envarw_cw/REP_D-DK_NERI_20251124_D-001.xml","05/12/2025 14:00:17"
"Denmark","DK.NERI.AQ","2025","NET-DK004A","""Danish Air Quality Monitoring Programme""","UTC+01","DK0051A","6153","""Århus/6153""","SPO-DK0051A_05015_100","Ni in PM10","10.200840","56.150560","10.000000","m","urban","traffic","01/01/2010 00:00:00","","SPO_F-DK0051A_05015_100_101","3.7","m","3.0","m","1.0","m","","","Long-range transboundary transport","","","0","","","","","Aarhus","","","","","","","","","6000","SPP-DK_N_ICPMS_gravi_01788","01/01/2010 00:00:00","","active","","","","","","","ICP-MS","","ref","","","","","In preparation","1","day","1","hour","http://cdr.eionet.europa.eu/dk/eu/aqd/d/colarw97g/envarw_cw/REP_D-DK_NERI_20251124_D-001.xml","05/12/2025 14:00:17"
"Denmark","DK.NERI.AQ","2025","NET-DK004A","""Danish Air Quality Monitoring Programme""","UTC+01","DK0051A","6153","""Århus/6153""","SPO-DK0051A_05015_100","Ni in PM10","10.200840","56.150560","10.000000","m","urban","traffic","01/01/2010 00:00:00","","SPO_F-DK0051A_05015_100_100","3.7","m","3.0","m","1.0","m","","","Long-range transboundary transport","","","0","","","","","Aarhus","","","","","","","","","6000","SPP-DK_N_ICP-MS_opsisSM200","01/01/2010 00:00:00","","active","","","","","","","ICP-MS","","ref","","","","","In preparation","1","day","1","day","http://cdr.eionet.europa.eu/dk/eu/aqd/d/colarw97g/envarw_cw/REP_D-DK_NERI_20251124_D-001.xml","05/12/2025 14:00:17"
"Denmark","DK.NERI.AQ","2025","NET-DK004A","""Danish Air Quality Monitoring Programme""","UTC+01","DK0051A","6153","""Århus/6153""","SPO-DK0051A_05018_100","As in PM10","10.200840","56.150560","10.000000","m","urban","traffic","01/01/2010 00:00:00","","SPO_F-DK0051A_05018_100_101","3.7","m","3.0","m","1.0","m","","","Long-range transboundary transport","","","0","","","","","Aarhus","","","","","","","","","6000","SPP-DK_N_ICPMS_gravi_01788","01/01/2010 00:00:00","","active","","","","","","","ICP-MS","","ref","","","","","In preparation","1","day","1","hour","http://cdr.eionet.europa.eu/dk/eu/aqd/d/colarw97g/envarw_cw/REP_D-DK_NERI_20251124_D-001.xml","05/12/2025 14:00:17"
"Denmark","DK.NERI.AQ","2025","NET-DK004A","""Danish Air Quality Monitoring Programme""","UTC+01","DK0051A","6153","""Århus/6153""","SPO-DK0051A_05018_100","As in PM10","10.200840","56.150560","10.000000","m","urban","traffic","01/01/2010 00:00:00","","SPO_F-DK0051A_05018_100_100","3.7","m","3.0","m","1.0","m","","","Long-range transboundary transport","","","0","","","","","Aarhus","","","","","","","","","6000","SPP-DK_N_ICP-MS_opsisSM200","01/01/2010 00:00:00","","active","","","","","","","ICP-MS","","ref","","","","","In preparation","1","day","1","day","http://cdr.eionet.europa.eu/dk/eu/aqd/d/colarw97g/envarw_cw/REP_D-DK_NERI_20251124_D-001.xml","05/12/2025 14:00:17"
"Denmark","DK.NERI.AQ","2025","NET-DK004A","""Danish Air Quality Monitoring Programme""","UTC+01","DK0051A","6153","""Århus/6153""","SPO-DK0051A_06001_100","PM2.5","10.200840","56.150560","10.000000","m","urban","traffic","01/01/2008 00:00:00","01/01/2014 00:00:00","SPO_F-DK0051A_06001_100_100","18.0","m","3.0","m","1.0","m","","","Long-range transboundary transport","","","0","","","","","Aarhus","","","","","","","","","6000","SPP-DK_A_BETA_01112","01/01/2008 00:00:00","01/01/2014 00:00:00","automatic","BETA","","opsisSM200","","","","","","yes","http://envs2.au.dk/Metodedokumentation/SM200_PM10_comp_with_the_stand_method.pdf","","","","In preparation","1","day","1","hour","http://cdr.eionet.europa.eu/dk/eu/aqd/d/colarw97g/envarw_cw/REP_D-DK_NERI_20251124_D-001.xml","05/12/2025 14:00:17"
"Denmark","DK.NERI.AQ","2025","NET-DK004A","""Danish Air Quality Monitoring Programme""","UTC+01","DK0051A","6153","""Århus/6153""","SPO-DK0051A_06001_100","PM2.5","10.200840","56.150560","10.000000","","urban","traffic","01/01/2008 00:00:00","","SPO_F-DK0051A_06001_100_100","3.0","","0.5","","","","","","","","","0","","","","","","","","","","","","","","","SPP-DK_N_00502_adamSM200","01/01/2008 00:00:00","","active","","","","","other","","other","","","","","","","","","","","","http://cdr.eionet.europa.eu/dk/eu/aqd/d/colarw97g/envarw_cw/REP_D-DK_NERI_20251124_D-001.xml","05/12/2025 14:00:17"
"Denmark","DK.NERI.AQ","2025","NET-DK004A","""Danish Air Quality Monitoring Programme""","UTC+01","DK0051A","6153","""Århus/6153""","SPO-DK0051A_06001_100","PM2.5","10.200840","56.150560","10.000000","","urban","traffic","01/01/2008 00:00:00","","SPO_F-DK0051A_06001_100_100","3.0","","0.5","","","","","","","","","0","","","","","","","","","","","","","","","SPP-DK_N_02359adamSM200","01/01/2008 00:00:00","","active","","","","","","","other","","","","","","","","","","","","http://cdr.eionet.europa.eu/dk/eu/aqd/d/colarw97g/envarw_cw/REP_D-DK_NERI_20251124_D-001.xml","05/12/2025 14:00:17"
"Denmark","DK.NERI.AQ","2025","NET-DK004A","""Danish Air Quality Monitoring Programme""","UTC+01","DK0051A","6153","""Århus/6153""","SPO-DK0051A_06001_101","PM2.5","10.200840","56.150560","10.000000","","urban","traffic","24/08/2014 00:00:00","","SPO_F-DK0051A_06001_101_101","3.0","","0.5","","","","","","","","","0","","","","","","","","","","","","","","","SPP-DK_N_gravi_00000","24/08/2014 00:00:00","","active","","","","","other","","gravi","","","","","","","","","","","","http://cdr.eionet.europa.eu/dk/eu/aqd/d/colarw97g/envarw_cw/REP_D-DK_NERI_20251124_D-001.xml","05/12/2025 14:00:17"
"Denmark","DK.NERI.AQ","2025","NET-DK004A","""Danish Air Quality Monitoring Programme""","UTC+01","DK0051A","6153","""Århus/6153""","SPO-DK0051A_06001_101","PM2.5","10.200840","56.150560","10.000000","m","urban","traffic","24/08/2014 00:00:00","","SPO_F-DK0051A_06001_101_101","3.7","m","3.0","m","1.0","m","","","Long-range transboundary transport","","","0","","","","","Aarhus","","","","","","","","","6000","SPP-DK_N_gravi_00714","24/08/2014 00:00:00","","active","","","","","","","gravi","","ref","","","","","In preparation","1","day","24","hour","http://cdr.eionet.europa.eu/dk/eu/aqd/d/colarw97g/envarw_cw/REP_D-DK_NERI_20251124_D-001.xml","05/12/2025 14:00:17"
"Denmark","DK.NERI.AQ","","NET-DK004A","""Danish Air Quality Monitoring Programme""","UTC+01","DK0052A","6159","""Århus/6159""","SPO-DK0052A_00005_100","PM10","10.197240","56.151110","20.000000","","urban","background","01/01/2001 00:00:00","31/12/2005 00:00:00","SPO_F-DK0052A_00005_100_100","3.0","","0.5","","","","","","","","","0","","","","","","","","","","","","","","","SPP-DK_N_gravi_opsisSM200","01/01/2001 00:00:00","31/12/2005 00:00:00","active","","","","","other","","gravi","","","","","","","","","","","","",""
"Denmark","DK.NERI.AQ","","NET-DK004A","""Danish Air Quality Monitoring Programme""","UTC+01","DK0052A","6159","""Århus/6159""","SPO-DK0052A_00005_100","PM10","10.197240","56.151110","20.000000","","urban","background","01/01/2001 00:00:00","31/12/2005 00:00:00","SPO_F-DK0052A_00005_100_100","3.0","","0.5","","","","","","","","","0","","","","","","","","","","","","","","","SPP-Unknown","01/01/2001 00:00:00","31/12/2005 00:00:00","","","","","","","","","","","","","","","","","","","","",""
"Denmark","DK.NERI.AQ","2025","NET-DK004A","""Danish Air Quality Monitoring Programme""","UTC+01","DK0052A","6159","""Århus/6159""","SPO-DK0052A_00005_101","PM10","10.197240","56.151110","20.000000","","urban","background","01/01/2006 00:00:00","","SPO_F-DK0052A_00005_101_101","3.0","","0.5","","","","","","","","","0","","","","","","","","","","","","","","","SPP-DK_A_BETA_01112","01/01/2006 00:00:00","","automatic","BETA","","other","","","","","","","","","","","","","","","","http://cdr.eionet.europa.eu/dk/eu/aqd/d/colarw97g/envarw_cw/REP_D-DK_NERI_20251124_D-001.xml","05/12/2025 14:00:17"
"Denmark","DK.NERI.AQ","2025","NET-DK004A","""Danish Air Quality Monitoring Programme""","UTC+01","DK0052A","6159","""Århus/6159""","SPO-DK0052A_00005_101","PM10","10.197240","56.151110","20.000000","","urban","background","01/01/2006 00:00:00","","SPO_F-DK0052A_00005_101_101","3.0","","0.5","","","","","","","","","0","","","","","","","","","","","","","","","SPP-DK_A_BETA_01112","01/01/2006 00:00:00","","automatic","BETA","","","","","","","","","","","","","","","","","","http://cdr.eionet.europa.eu/dk/eu/aqd/d/colarw97g/envarw_cw/REP_D-DK_NERI_20251124_D-001.xml","05/12/2025 14:00:17"
"Denmark","DK.NERI.AQ","2025","NET-DK004A","""Danish Air Quality Monitoring Programme""","UTC+01","DK0052A","6159","""Århus/6159""","SPO-DK0052A_00005_101","PM10","10.197240","56.151110","20.000000","m","urban","background","01/01/2006 00:00:00","01/01/2015 00:00:00","SPO_F-DK0052A_00005_101_101","3.7","m","","","","","","","Long-range transboundary transport","","","0","","","","","Aarhus","","","","","","","","","","SPP-DK_A_BETA_01112","01/01/2006 00:00:00","01/01/2015 00:00:00","automatic","BETA","","opsisSM200","","","","","","yes","http://envs2.au.dk/Metodedokumentation/SM200_PM10_comp_with_the_stand_method.pdf","","","","In preparation","1","day","1","hour","http://cdr.eionet.europa.eu/dk/eu/aqd/d/colarw97g/envarw_cw/REP_D-DK_NERI_20251124_D-001.xml","05/12/2025 14:00:17"
"Denmark","DK.NERI.AQ","2025","NET-DK004A","""Danish Air Quality Monitoring Programme""","UTC+01","DK0052A","6159","""Århus/6159""","SPO-DK0052A_00007_100","O3","10.197240","56.151110","20.000000","","urban","background","01/10/2000 00:00:00","","SPO_F-DK0052A_00007_100_100","3.0","","0.5","","","","","","","","","0","","","","","","","","","","","","","","","SPP-DK_A_UV-P_API400A","01/10/2000 00:00:00","","automatic","UV-P","","","","","","","","","","","","","","","","","","http://cdr.eionet.europa.eu/dk/eu/aqd/d/colarw97g/envarw_cw/REP_D-DK_NERI_20251124_D-001.xml","05/12/2025 14:00:17"
"Denmark","DK.NERI.AQ","2025","NET-DK004A","""Danish Air Quality Monitoring Programme""","UTC+01","DK0052A","6159","""Århus/6159""","SPO-DK0052A_00007_100","O3","10.197240","56.151110","20.000000","m","urban","background","01/10/2000 00:00:00","01/01/2015 00:00:00","SPO_F-DK0052A_00007_100_100","3.7","m","","","","","","","Long-range transboundary transport","","","0","","","","","Aarhus","","","","","","","","","","SPP-DK_A_UV-P_API400A","01/10/2000 00:00:00","01/01/2015 00:00:00","automatic","UV-P","","API400A","","","","","","ref","","","","","In preparation","0","variable","30","minute","http://cdr.eionet.europa.eu/dk/eu/aqd/d/colarw97g/envarw_cw/REP_D-DK_NERI_20251124_D-001.xml","05/12/2025 14:00:17"
"Denmark","DK.NERI.AQ","2025","NET-DK004A","""Danish Air Quality Monitoring Programme""","UTC+01","DK0052A","6159","""Århus/6159""","SPO-DK0052A_00007_100","O3","10.197240","56.151110","20.000000","","urban","background","01/10/2000 00:00:00","","SPO_F-DK0052A_00007_100_100","3.0","","0.5","","","","","","","","","0","","","","","","","","","","","","","","","SPP-DK_A_UV-P_API400A","01/10/2000 00:00:00","","automatic","UV-P","","API400A","","","","","","","","","","","","","","","","http://cdr.eionet.europa.eu/dk/eu/aqd/d/colarw97g/envarw_cw/REP_D-DK_NERI_20251124_D-001.xml","05/12/2025 14:00:17"
"Denmark","DK.NERI.AQ","2025","NET-DK004A","""Danish Air Quality Monitoring Programme""","UTC+01","DK0052A","6159","""Århus/6159""","SPO-DK0052A_00008_100","NO2","10.197240","56.151110","20.000000","","urban","background","01/10/2000 00:00:00","","SPO_F-DK0052A_00008_100_100","3.0","","0.5","","","","","","","","","0","","","","","","","","","","","","","","","SPP-DK_A_chemi_API","01/10/2000 00:00:00","","automatic","chemi","","API","","","","","","","","","","","","","","","","http://cdr.eionet.europa.eu/dk/eu/aqd/d/colarw97g/envarw_cw/REP_D-DK_NERI_20251124_D-001.xml","05/12/2025 14:00:17"
"Denmark","DK.NERI.AQ","2025","NET-DK004A","""Danish Air Quality Monitoring Programme""","UTC+01","DK0052A","6159","""Århus/6159""","SPO-DK0052A_00008_100","NO2","10.197240","56.151110","20.000000","m","urban","background","01/10/2000 00:00:00","01/01/2015 00:00:00","SPO_F-DK0052A_00008_100_100","3.7","m","","","","","","","Transport","","","0","","","","","Aarhus","","","","","","","","","","SPP-DK_A_chemi_API","01/10/2000 00:00:00","01/01/2015 00:00:00","automatic","chemi","","API200","","","","","","ref","","","","","In preparation","1","hour","1","second","http://cdr.eionet.europa.eu/dk/eu/aqd/d/colarw97g/envarw_cw/REP_D-DK_NERI_20251124_D-001.xml","05/12/2025 14:00:17"
"Denmark","DK.NERI.AQ","2025","NET-DK004A","""Danish Air Quality Monitoring Programme""","UTC+01","DK0052A","6159","""Århus/6159""","SPO-DK0052A_00008_100","NO2","10.197240","56.151110","20.000000","","urban","background","01/10/2000 00:00:00","","SPO_F-DK0052A_00008_100_100","3.0","","0.5","","","","","","","","","0","","","","","","","","","","","","","","","SPP-DK_A_chemi_API","01/10/2000 00:00:00","","automatic","chemi","","","","","","","","","","","","","","","","","","http://cdr.eionet.europa.eu/dk/eu/aqd/d/colarw97g/envarw_cw/REP_D-DK_NERI_20251124_D-001.xml","05/12/2025 14:00:17"
"Denmark","DK.NERI.AQ","2025","NET-DK004A","""Danish Air Quality Monitoring Programme""","UTC+01","DK0052A","6159","""Århus/6159""","SPO-DK0052A_00009_100","NOX as NO2","10.197240","56.151110","20.000000","m","urban","background","01/10/2000 00:00:00","01/01/2015 00:00:00","SPO_F-DK0052A_00009_100_100","3.7","m","","","","","","","Transport","","","0","","","","","Aarhus","","","","","","","","","","SPP-DK_A_chemi_API","01/10/2000 00:00:00","01/01/2015 00:00:00","automatic","chemi","","API200","","","","","","ref","","","","","In preparation","1","hour","1","second","http://cdr.eionet.europa.eu/dk/eu/aqd/d/colarw97g/envarw_cw/REP_D-DK_NERI_20251124_D-001.xml","05/12/2025 14:00:17"
"Denmark","DK.NERI.AQ","2025","NET-DK004A","""Danish Air Quality Monitoring Programme""","UTC+01","DK0052A","6159","""Århus/6159""","SPO-DK0052A_00009_100","NOX as NO2","10.197240","56.151110","20.000000","","urban","background","01/10/2000 00:00:00","","SPO_F-DK0052A_00009_100_100","3.0","","0.5","","","","","","","","","0","","","","","","","","","","","","","","","SPP-DK_A_chemi_API","01/10/2000 00:00:00","","automatic","chemi","","","","","","","","","","","","","","","","","","http://cdr.eionet.europa.eu/dk/eu/aqd/d/colarw97g/envarw_cw/REP_D-DK_NERI_20251124_D-001.xml","05/12/2025 14:00:17"
"Denmark","DK.NERI.AQ","2025","NET-DK004A","""Danish Air Quality Monitoring Programme""","UTC+01","DK0052A","6159","""Århus/6159""","SPO-DK0052A_00009_100","NOX as NO2","10.197240","56.151110","20.000000","","urban","background","01/10/2000 00:00:00","","SPO_F-DK0052A_00009_100_100","3.0","","0.5","","","","","","","","","0","","","","","","","","","","","","","","","SPP-DK_A_chemi_API","01/10/2000 00:00:00","","automatic","chemi","","API","","","","","","","","","","","","","","","","http://cdr.eionet.europa.eu/dk/eu/aqd/d/colarw97g/envarw_cw/REP_D-DK_NERI_20251124_D-001.xml","05/12/2025 14:00:17"
"Denmark","DK.NERI.AQ","","NET-DK004A","""Danish Air Quality Monitoring Programme""","UTC+01","DK0052A","6159","""Århus/6159""","SPO-DK0052A_00012_100","Pb","10.197240","56.151110","20.000000","","urban","background","01/01/2001 00:00:00","01/01/2010 00:00:00","SPO_F-DK0052A_00012_100_100","3.0","","0.5","","","","","","","","","0","","","","","","","","","","","","","","","SPP-DK_N_00528_opsisSM200","01/01/2001 00:00:00","01/01/2010 00:00:00","active","","","","","other","","other","","","","","","","","","","","","",""
"Denmark","DK.NERI.AQ","","NET-DK004A","""Danish Air Quality Monitoring Programme""","UTC+01","DK0052A","6159","""Århus/6159""","SPO-DK0052A_00014_100","Cd","10.197240","56.151110","20.000000","","urban","background","01/01/2001 00:00:00","01/01/2010 00:00:00","SPO_F-DK0052A_00014_100_100","3.0","","0.5","","","","","","","","","0","","","","","","","","","","","","","","","SPP-DK_N_00528_opsisSM200","01/01/2001 00:00:00","01/01/2010 00:00:00","active","","","","","other","","other","","","","","","","","","","","","",""
"Denmark","DK.NERI.AQ","","NET-DK004A","""Danish Air Quality Monitoring Programme""","UTC+01","DK0052A","6159","""Århus/6159""","SPO-DK0052A_00015_100","Ni","10.197240","56.151110","20.000000","","urban","background","01/01/2001 00:00:00","01/01/2010 00:00:00","SPO_F-DK0052A_00015_100_100","3.0","","0.5","","","","","","","","","0","","","","","","","","","","","","","","","SPP-DK_N_00528_opsisSM200","01/01/2001 00:00:00","01/01/2010 00:00:00","active","","","","","other","","other","","","","","","","","","","","","",""
"Denmark","DK.NERI.AQ","","NET-DK004A","""Danish Air Quality Monitoring Programme""","UTC+01","DK0052A","6159","""Århus/6159""","SPO-DK0052A_00016_100","Cr","10.197240","56.151110","20.000000","","urban","background","01/01/2001 00:00:00","01/01/2010 00:00:00","SPO_F-DK0052A_00016_100_100","3.0","","0.5","","","","","","","","","0","","","","","","","","","","","","","","","SPP-DK_N_00528_opsisSM200","01/01/2001 00:00:00","01/01/2010 00:00:00","active","","","","","other","","other","","","","","","","","","","","","",""
"Denmark","DK.NERI.AQ","","NET-DK004A","""Danish Air Quality Monitoring Programme""","UTC+01","DK0052A","6159","""Århus/6159""","SPO-DK0052A_00017_100","Mn","10.197240","56.151110","20.000000","","urban","background","01/01/2001 00:00:00","01/01/2010 00:00:00","SPO_F-DK0052A_00017_100_100","3.0","","0.5","","","","","","","","","0","","","","","","","","","","","","","","","SPP-DK_N_00528_opsisSM200","01/01/2001 00:00:00","01/01/2010 00:00:00","active","","","","","other","","other","","","","","","","","","","","","",""
"Denmark","DK.NERI.AQ","","NET-DK004A","""Danish Air Quality Monitoring Programme""","UTC+01","DK0052A","6159","""Århus/6159""","SPO-DK0052A_00018_100","As","10.197240","56.151110","20.000000","","urban","background","01/01/2001 00:00:00","01/01/2010 00:00:00","SPO_F-DK0052A_00018_100_100","3.0","","0.5","","","","","","","","","0","","","","","","","","","","","","","","","SPP-DK_N_00528_opsisSM200","01/01/2001 00:00:00","01/01/2010 00:00:00","active","","","","","other","","other","","","","","","","","","","","","",""
"Denmark","DK.NERI.AQ","2025","NET-DK004A","""Danish Air Quality Monitoring Programme""","UTC+01","DK0052A","6159","""Århus/6159""","SPO-DK0052A_00038_100","NO","10.197240","56.151110","20.000000","","urban","background","01/10/2000 00:00:00","","SPO_F-DK0052A_00038_100_100","3.0","","0.5","","","","","","","","","0","","","","","","","","","","","","","","","SPP-DK_A_chemi_API","01/10/2000 00:00:00","","automatic","chemi","","API","","","","","","","","","","","","","","","","http://cdr.eionet.europa.eu/dk/eu/aqd/d/colarw97g/envarw_cw/REP_D-DK_NERI_20251124_D-001.xml","05/12/2025 14:00:17"
"Denmark","DK.NERI.AQ","2025","NET-DK004A","""Danish Air Quality Monitoring Programme""","UTC+01","DK0052A","6159","""Århus/6159""","SPO-DK0052A_00038_100","NO","10.197240","56.151110","20.000000","","urban","background","01/10/2000 00:00:00","","SPO_F-DK0052A_00038_100_100","3.0","","0.5","","","","","","","","","0","","","","","","","","","","","","","","","SPP-DK_A_chemi_API","01/10/2000 00:00:00","","automatic","chemi","","","","","","","","","","","","","","","","","","http://cdr.eionet.europa.eu/dk/eu/aqd/d/colarw97g/envarw_cw/REP_D-DK_NERI_20251124_D-001.xml","05/12/2025 14:00:17"
"Denmark","DK.NERI.AQ","2025","NET-DK004A","""Danish Air Quality Monitoring Programme""","UTC+01","DK0052A","6159","""Århus/6159""","SPO-DK0052A_00038_100","NO","10.197240","56.151110","20.000000","m","urban","background","01/10/2000 00:00:00","01/01/2015 00:00:00","SPO_F-DK0052A_00038_100_100","3.7","m","","","","","","","Transport","","","0","","","","","Aarhus","","","","","","","","","","SPP-DK_A_chemi_API","01/10/2000 00:00:00","01/01/2015 00:00:00","automatic","chemi","","API200","","","","","","ref","","","","","In preparation","1","hour","1","second","http://cdr.eionet.europa.eu/dk/eu/aqd/d/colarw97g/envarw_cw/REP_D-DK_NERI_20251124_D-001.xml","05/12/2025 14:00:17"
"Denmark","DK.NERI.AQ","2025","NET-DK004A","""Danish Air Quality Monitoring Programme""","UTC+01","DK0052A","6159","""Århus/6159""","SPO-DK0052A_00047_100","SO4 (H2SO4 aerosols) (SO4--)","10.197240","56.151110","20.000000","","urban","background","01/01/2001 00:00:00","","SPO_F-DK0052A_00047_100_100","3.0","","0.5","","","","","","","","","0","","","","","","","","","","","","","","","SPP-DK_N_00528_opsisSM200","01/01/2001 00:00:00","","active","","","","","other","","other","","","","","","","","","","","","http://cdr.eionet.europa.eu/dk/eu/aqd/d/colarw97g/envarw_cw/REP_D-DK_NERI_20251124_D-001.xml","05/12/2025 14:00:17"
"Denmark","DK.NERI.AQ","2025","NET-DK004A","""Danish Air Quality Monitoring Programme""","UTC+01","DK0052A","6159","""Århus/6159""","SPO-DK0052A_00047_100","SO4 (H2SO4 aerosols) (SO4--)","10.197240","56.151110","20.000000","","urban","background","01/01/2001 00:00:00","","SPO_F-DK0052A_00047_100_100","3.0","","0.5","","","","","","","","","0","","","","","","","","","","","","","","","SPP-DK_N_01306opsisSM200","01/01/2001 00:00:00","","active","","","","","","","other","","","","","","","","","","","","http://cdr.eionet.europa.eu/dk/eu/aqd/d/colarw97g/envarw_cw/REP_D-DK_NERI_20251124_D-001.xml","05/12/2025 14:00:17"
"Denmark","DK.NERI.AQ","2025","NET-DK004A","""Danish Air Quality Monitoring Programme""","UTC+01","DK0052A","6159","""Århus/6159""","SPO-DK0052A_00047_100","SO4 (H2SO4 aerosols) (SO4--)","10.197240","56.151110","20.000000","m","urban","background","01/01/2001 00:00:00","01/01/2015 00:00:00","SPO_F-DK0052A_00047_100_100","3.7","m","","","","","","","Long-range transboundary transport","","","0","","","","","Aarhus","","","","","","","","","","SPP-DK_N_01306opsisSM200","01/01/2001 00:00:00","01/01/2015 00:00:00","active","","","","","","","gravi","","no","","","","","In preparation","1","day","1","day","http://cdr.eionet.europa.eu/dk/eu/aqd/d/colarw97g/envarw_cw/REP_D-DK_NERI_20251124_D-001.xml","05/12/2025 14:00:17"
"Denmark","DK.NERI.AQ","","NET-DK004A","""Danish Air Quality Monitoring Programme""","UTC+01","DK0052A","6159","""Århus/6159""","SPO-DK0052A_00048_100","Se","10.197240","56.151110","20.000000","","urban","background","01/01/2001 00:00:00","01/01/2010 00:00:00","SPO_F-DK0052A_00048_100_100","3.0","","0.5","","","","","","","","","0","","","","","","","","","","","","","","","SPP-DK_N_00528_opsisSM200","01/01/2001 00:00:00","01/01/2010 00:00:00","active","","","","","other","","other","","","","","","","","","","","","",""
"Denmark","DK.NERI.AQ","","NET-DK004A","""Danish Air Quality Monitoring Programme""","UTC+01","DK0052A","6159","""Århus/6159""","SPO-DK0052A_00049_100","V","10.197240","56.151110","20.000000","","urban","background","01/01/2001 00:00:00","01/01/2010 00:00:00","SPO_F-DK0052A_00049_100_100","3.0","","0.5","","","","","","","","","0","","","","","","","","","","","","","","","SPP-DK_N_00528_opsisSM200","01/01/2001 00:00:00","01/01/2010 00:00:00","active","","","","","other","","other","","","","","","","","","","","","",""
"Denmark","DK.NERI.AQ","2025","NET-DK004A","""Danish Air Quality Monitoring Programme""","UTC+01","DK0052A","6159","""Århus/6159""","SPO-DK0052A_06001_100","PM2.5","10.197240","56.151110","20.000000","m","urban","background","01/01/2008 00:00:00","01/01/2015 00:00:00","SPO_F-DK0052A_06001_100_100","3.7","m","","","","","","","Long-range transboundary transport","","","0","","","","","Aarhus","","","","","","","","","","SPP-DK_A_BETA_01112","01/01/2008 00:00:00","01/01/2015 00:00:00","automatic","BETA","","opsisSM200","","","","","","yes","http://envs2.au.dk/Metodedokumentation/SM200_PM10_comp_with_the_stand_method.pdf","","","","In preparation","1","day","1","hour","http://cdr.eionet.europa.eu/dk/eu/aqd/d/colarw97g/envarw_cw/REP_D-DK_NERI_20251124_D-001.xml","05/12/2025 14:00:17"
"Denmark","DK.NERI.AQ","2025","NET-DK004A","""Danish Air Quality Monitoring Programme""","UTC+01","DK0052A","6159","""Århus/6159""","SPO-DK0052A_06001_100","PM2.5","10.197240","56.151110","20.000000","","urban","background","01/01/2008 00:00:00","","SPO_F-DK0052A_06001_100_100","3.0","","0.5","","","","","","","","","0","","","","","","","","","","","","","","","SPP-DK_N_00502_adamSM200","01/01/2008 00:00:00","","active","","","","","other","","other","","","","","","","","","","","","http://cdr.eionet.europa.eu/dk/eu/aqd/d/colarw97g/envarw_cw/REP_D-DK_NERI_20251124_D-001.xml","05/12/2025 14:00:17"
"Denmark","DK.NERI.AQ","2025","NET-DK004A","""Danish Air Quality Monitoring Programme""","UTC+01","DK0052A","6159","""Århus/6159""","SPO-DK0052A_06001_100","PM2.5","10.197240","56.151110","20.000000","","urban","background","01/01/2008 00:00:00","","SPO_F-DK0052A_06001_100_100","3.0","","0.5","","","","","","","","","0","","","","","","","","","","","","","","","SPP-DK_N_02359adamSM200","01/01/2008 00:00:00","","active","","","","","","","other","","","","","","","","","","","","http://cdr.eionet.europa.eu/dk/eu/aqd/d/colarw97g/envarw_cw/REP_D-DK_NERI_20251124_D-001.xml","05/12/2025 14:00:17"
"Denmark","DK.NERI.AQ","","NET-DK004A","""Danish Air Quality Monitoring Programme""","UTC+01","DK0053A","8158","""Aalborg/8158""","SPO-DK0053A_00005_100","PM10","9.930850","57.046670","30.000000","","urban","background","01/09/2004 00:00:00","31/12/2005 00:00:00","SPO_F-DK0053A_00005_100_100","3.0","","","","","","","","","","","0","","","","","","","","","","","","","","","SPP-DK_N_gravi_opsisSM200","01/09/2004 00:00:00","31/12/2005 00:00:00","active","","","","","other","","gravi","","","","","","","","","","","","",""
"Denmark","DK.NERI.AQ","","NET-DK004A","""Danish Air Quality Monitoring Programme""","UTC+01","DK0053A","8158","""Aalborg/8158""","SPO-DK0053A_00005_100","PM10","9.930850","57.046670","30.000000","","urban","background","01/09/2004 00:00:00","31/12/2005 00:00:00","SPO_F-DK0053A_00005_100_100","3.0","","","","","","","","","","","0","","","","","","","","","","","","","","","SPP-Unknown","01/09/2004 00:00:00","31/12/2005 00:00:00","","","","","","","","","","","","","","","","","","","","",""
"Denmark","DK.NERI.AQ","2025","NET-DK004A","""Danish Air Quality Monitoring Programme""","UTC+01","DK0053A","8158","""Aalborg/8158""","SPO-DK0053A_00005_101","PM10","9.930850","57.046670","30.000000","m","urban","background","01/01/2006 00:00:00","01/01/2008 00:00:00","SPO_F-DK0053A_00005_101_101","12.9","m","","","","","","","Long-range transboundary transport","","","0","","","","","Aalborg","","","","","","","","","","SPP-DK_A_BETA_01112","01/01/2006 00:00:00","01/01/2008 00:00:00","automatic","BETA","","opsisSM200","","","","","","yes","http://envs2.au.dk/Metodedokumentation/SM200_PM10_comp_with_the_stand_method.pdf","","","","In preparation","1","day","1","hour","http://cdr.eionet.europa.eu/dk/eu/aqd/d/colarw97g/envarw_cw/REP_D-DK_NERI_20251124_D-001.xml","05/12/2025 14:00:17"
"Denmark","DK.NERI.AQ","2025","NET-DK004A","""Danish Air Quality Monitoring Programme""","UTC+01","DK0053A","8158","""Aalborg/8158""","SPO-DK0053A_00005_101","PM10","9.930850","57.046670","30.000000","","urban","background","01/01/2006 00:00:00","","SPO_F-DK0053A_00005_101_101","3.0","","","","","","","","","","","0","","","","","","","","","","","","","","","SPP-DK_A_BETA_01112","01/01/2006 00:00:00","","automatic","BETA","","","","","","","","","","","","","","","","","","http://cdr.eionet.europa.eu/dk/eu/aqd/d/colarw97g/envarw_cw/REP_D-DK_NERI_20251124_D-001.xml","05/12/2025 14:00:17"
"Denmark","DK.NERI.AQ","2025","NET-DK004A","""Danish Air Quality Monitoring Programme""","UTC+01","DK0053A","8158","""Aalborg/8158""","SPO-DK0053A_00005_101","PM10","9.930850","57.046670","30.000000","","urban","background","01/01/2006 00:00:00","","SPO_F-DK0053A_00005_101_101","3.0","","","","","","","","","","","0","","","","","","","","","","","","","","","SPP-DK_A_BETA_01112","01/01/2006 00:00:00","","automatic","BETA","","other","","","","","","","","","","","","","","","","http://cdr.eionet.europa.eu/dk/eu/aqd/d/colarw97g/envarw_cw/REP_D-DK_NERI_20251124_D-001.xml","05/12/2025 14:00:17"
"Denmark","DK.NERI.AQ","2025","NET-DK004A","""Danish Air Quality Monitoring Programme""","UTC+01","DK0053A","8158","""Aalborg/8158""","SPO-DK0053A_00007_100","O3","9.930850","57.046670","30.000000","m","urban","background","01/09/2004 00:00:00","","SPO_F-DK0053A_00007_100_100","12.9","m","","","","","","","Long-range transboundary transport","","","0","","","","","Aalborg","","","","","","","","","","SPP-DK_A_UV-P_API400A","01/09/2004 00:00:00","","automatic","UV-P","","API400A","","","","","","ref","","","","","In preparation","0","variable","30","minute","http://cdr.eionet.europa.eu/dk/eu/aqd/d/colarw97g/envarw_cw/REP_D-DK_NERI_20251124_D-001.xml","05/12/2025 14:00:17"
"Denmark","DK.NERI.AQ","2025","NET-DK004A","""Danish Air Quality Monitoring Programme""","UTC+01","DK0053A","8158","""Aalborg/8158""","SPO-DK0053A_00007_100","O3","9.930850","57.046670","30.000000","","urban","background","01/09/2004 00:00:00","","SPO_F-DK0053A_00007_100_100","3.0","","","","","","","","","","","0","","","","","","","","","","","","","","","SPP-DK_A_UV-P_API400A","01/09/2004 00:00:00","","automatic","UV-P","","","","","","","","","","","","","","","","","","http://cdr.eionet.europa.eu/dk/eu/aqd/d/colarw97g/envarw_cw/REP_D-DK_NERI_20251124_D-001.xml","05/12/2025 14:00:17"
"Denmark","DK.NERI.AQ","2025","NET-DK004A","""Danish Air Quality Monitoring Programme""","UTC+01","DK0053A","8158","""Aalborg/8158""","SPO-DK0053A_00007_100","O3","9.930850","57.046670","30.000000","","urban","background","01/09/2004 00:00:00","","SPO_F-DK0053A_00007_100_100","3.0","","","","","","","","","","","0","","","","","","","","","","","","","","","SPP-DK_A_UV-P_API400A","01/09/2004 00:00:00","","automatic","UV-P","","API400A","","","","","","","","","","","","","","","","http://cdr.eionet.europa.eu/dk/eu/aqd/d/colarw97g/envarw_cw/REP_D-DK_NERI_20251124_D-001.xml","05/12/2025 14:00:17"
"Denmark","DK.NERI.AQ","2025","NET-DK004A","""Danish Air Quality Monitoring Programme""","UTC+01","DK0053A","8158","""Aalborg/8158""","SPO-DK0053A_00008_100","NO2","9.930850","57.046670","30.000000","","urban","background","01/09/2004 00:00:00","","SPO_F-DK0053A_00008_100_100","3.0","","","","","","","","","","","0","","","","","","","","","","","","","","","SPP-DK_A_chemi_API","01/09/2004 00:00:00","","automatic","chemi","","","","","","","","","","","","","","","","","","http://cdr.eionet.europa.eu/dk/eu/aqd/d/colarw97g/envarw_cw/REP_D-DK_NERI_20251124_D-001.xml","05/12/2025 14:00:17"
"Denmark","DK.NERI.AQ","2025","NET-DK004A","""Danish Air Quality Monitoring Programme""","UTC+01","DK0053A","8158","""Aalborg/8158""","SPO-DK0053A_00008_100","NO2","9.930850","57.046670","30.000000","","urban","background","01/09/2004 00:00:00","","SPO_F-DK0053A_00008_100_100","3.0","","","","","","","","","","","0","","","","","","","","","","","","","","","SPP-DK_A_chemi_API","01/09/2004 00:00:00","","automatic","chemi","","API","","","","","","","","","","","","","","","","http://cdr.eionet.europa.eu/dk/eu/aqd/d/colarw97g/envarw_cw/REP_D-DK_NERI_20251124_D-001.xml","05/12/2025 14:00:17"
"Denmark","DK.NERI.AQ","2025","NET-DK004A","""Danish Air Quality Monitoring Programme""","UTC+01","DK0053A","8158","""Aalborg/8158""","SPO-DK0053A_00008_100","NO2","9.930850","57.046670","30.000000","m","urban","background","01/09/2004 00:00:00","","SPO_F-DK0053A_00008_100_100","12.9","m","","","","","","","Transport","","","0","","","","","Aalborg","","","","","","","","","","SPP-DK_A_chemi_API","01/09/2004 00:00:00","","automatic","chemi","","API200","","","","","","ref","","","","","In preparation","1","hour","1","second","http://cdr.eionet.europa.eu/dk/eu/aqd/d/colarw97g/envarw_cw/REP_D-DK_NERI_20251124_D-001.xml","05/12/2025 14:00:17"
"Denmark","DK.NERI.AQ","2025","NET-DK004A","""Danish Air Quality Monitoring Programme""","UTC+01","DK0053A","8158","""Aalborg/8158""","SPO-DK0053A_00009_100","NOX as NO2","9.930850","57.046670","30.000000","","urban","background","01/09/2004 00:00:00","","SPO_F-DK0053A_00009_100_100","3.0","","","","","","","","","","","0","","","","","","","","","","","","","","","SPP-DK_A_chemi_API","01/09/2004 00:00:00","","automatic","chemi","","API","","","","","","","","","","","","","","","","http://cdr.eionet.europa.eu/dk/eu/aqd/d/colarw97g/envarw_cw/REP_D-DK_NERI_20251124_D-001.xml","05/12/2025 14:00:17"
"Denmark","DK.NERI.AQ","2025","NET-DK004A","""Danish Air Quality Monitoring Programme""","UTC+01","DK0053A","8158","""Aalborg/8158""","SPO-DK0053A_00009_100","NOX as NO2","9.930850","57.046670","30.000000","","urban","background","01/09/2004 00:00:00","","SPO_F-DK0053A_00009_100_100","3.0","","","","","","","","","","","0","","","","","","","","","","","","","","","SPP-DK_A_chemi_API","01/09/2004 00:00:00","","automatic","chemi","","","","","","","","","","","","","","","","","","http://cdr.eionet.europa.eu/dk/eu/aqd/d/colarw97g/envarw_cw/REP_D-DK_NERI_20251124_D-001.xml","05/12/2025 14:00:17"
"Denmark","DK.NERI.AQ","2025","NET-DK004A","""Danish Air Quality Monitoring Programme""","UTC+01","DK0053A","8158","""Aalborg/8158""","SPO-DK0053A_00009_100","NOX as NO2","9.930850","57.046670","30.000000","m","urban","background","01/09/2004 00:00:00","","SPO_F-DK0053A_00009_100_100","12.9","m","","","","","","","Transport","","","0","","","","","Aalborg","","","","","","","","","","SPP-DK_A_chemi_API","01/09/2004 00:00:00","","automatic","chemi","","API200","","","","","","ref","","","","","In preparation","1","hour","1","second","http://cdr.eionet.europa.eu/dk/eu/aqd/d/colarw97g/envarw_cw/REP_D-DK_NERI_20251124_D-001.xml","05/12/2025 14:00:17"
"Denmark","DK.NERI.AQ","","NET-DK004A","""Danish Air Quality Monitoring Programme""","UTC+01","DK0053A","8158","""Aalborg/8158""","SPO-DK0053A_00012_100","Pb","9.930850","57.046670","30.000000","","urban","background","01/09/2004 00:00:00","01/01/2010 00:00:00","SPO_F-DK0053A_00012_100_100","3.0","","","","","","","","","","","0","","","","","","","","","","","","","","","SPP-DK_N_00528_opsisSM200","01/09/2004 00:00:00","01/01/2010 00:00:00","active","","","","","other","","other","","","","","","","","","","","","",""
"Denmark","DK.NERI.AQ","","NET-DK004A","""Danish Air Quality Monitoring Programme""","UTC+01","DK0053A","8158","""Aalborg/8158""","SPO-DK0053A_00014_100","Cd","9.930850","57.046670","30.000000","","urban","background","01/09/2004 00:00:00","01/01/2010 00:00:00","SPO_F-DK0053A_00014_100_100","3.0","","","","","","","","","","","0","","","","","","","","","","","","","","","SPP-DK_N_00528_opsisSM200","01/09/2004 00:00:00","01/01/2010 00:00:00","active","","","","","other","","other","","","","","","","","","","","","",""
"Denmark","DK.NERI.AQ","","NET-DK004A","""Danish Air Quality Monitoring Programme""","UTC+01","DK0053A","8158","""Aalborg/8158""","SPO-DK0053A_00015_100","Ni","9.930850","57.046670","30.000000","","urban","background","01/09/2004 00:00:00","01/01/2010 00:00:00","SPO_F-DK0053A_00015_100_100","3.0","","","","","","","","","","","0","","","","","","","","","","","","","","","SPP-DK_N_00528_opsisSM200","01/09/2004 00:00:00","01/01/2010 00:00:00","active","","","","","other","","other","","","","","","","","","","","","",""
"Denmark","DK.NERI.AQ","","NET-DK004A","""Danish Air Quality Monitoring Programme""","UTC+01","DK0053A","8158","""Aalborg/8158""","SPO-DK0053A_00016_100","Cr","9.930850","57.046670","30.000000","","urban","background","01/09/2004 00:00:00","01/01/2010 00:00:00","SPO_F-DK0053A_00016_100_100","3.0","","","","","","","","","","","0","","","","","","","","","","","","","","","SPP-DK_N_00528_opsisSM200","01/09/2004 00:00:00","01/01/2010 00:00:00","active","","","","","other","","other","","","","","","","","","","","","",""
"Denmark","DK.NERI.AQ","","NET-DK004A","""Danish Air Quality Monitoring Programme""","UTC+01","DK0053A","8158","""Aalborg/8158""","SPO-DK0053A_00017_100","Mn","9.930850","57.046670","30.000000","","urban","background","01/09/2004 00:00:00","01/01/2010 00:00:00","SPO_F-DK0053A_00017_100_100","3.0","","","","","","","","","","","0","","","","","","","","","","","","","","","SPP-DK_N_00528_opsisSM200","01/09/2004 00:00:00","01/01/2010 00:00:00","active","","","","","other","","other","","","","","","","","","","","","",""
"Denmark","DK.NERI.AQ","","NET-DK004A","""Danish Air Quality Monitoring Programme""","UTC+01","DK0053A","8158","""Aalborg/8158""","SPO-DK0053A_00018_100","As","9.930850","57.046670","30.000000","","urban","background","01/09/2004 00:00:00","01/01/2010 00:00:00","SPO_F-DK0053A_00018_100_100","3.0","","","","","","","","","","","0","","","","","","","","","","","","","","","SPP-DK_N_00528_opsisSM200","01/09/2004 00:00:00","01/01/2010 00:00:00","active","","","","","other","","other","","","","","","","","","","","","",""
"Denmark","DK.NERI.AQ","2025","NET-DK004A","""Danish Air Quality Monitoring Programme""","UTC+01","DK0053A","8158","""Aalborg/8158""","SPO-DK0053A_00038_100","NO","9.930850","57.046670","30.000000","","urban","background","01/09/2004 00:00:00","","SPO_F-DK0053A_00038_100_100","3.0","","","","","","","","","","","0","","","","","","","","","","","","","","","SPP-DK_A_chemi_API","01/09/2004 00:00:00","","automatic","chemi","","","","","","","","","","","","","","","","","","http://cdr.eionet.europa.eu/dk/eu/aqd/d/colarw97g/envarw_cw/REP_D-DK_NERI_20251124_D-001.xml","05/12/2025 14:00:17"
"Denmark","DK.NERI.AQ","2025","NET-DK004A","""Danish Air Quality Monitoring Programme""","UTC+01","DK0053A","8158","""Aalborg/8158""","SPO-DK0053A_00038_100","NO","9.930850","57.046670","30.000000","","urban","background","01/09/2004 00:00:00","","SPO_F-DK0053A_00038_100_100","3.0","","","","","","","","","","","0","","","","","","","","","","","","","","","SPP-DK_A_chemi_API","01/09/2004 00:00:00","","automatic","chemi","","API","","","","","","","","","","","","","","","","http://cdr.eionet.europa.eu/dk/eu/aqd/d/colarw97g/envarw_cw/REP_D-DK_NERI_20251124_D-001.xml","05/12/2025 14:00:17"
"Denmark","DK.NERI.AQ","2025","NET-DK004A","""Danish Air Quality Monitoring Programme""","UTC+01","DK0053A","8158","""Aalborg/8158""","SPO-DK0053A_00038_100","NO","9.930850","57.046670","30.000000","m","urban","background","01/09/2004 00:00:00","","SPO_F-DK0053A_00038_100_100","12.9","m","","","","","","","Transport","","","0","","","","","Aalborg","","","","","","","","","","SPP-DK_A_chemi_API","01/09/2004 00:00:00","","automatic","chemi","","API200","","","","","","ref","","","","","In preparation","1","hour","1","second","http://cdr.eionet.europa.eu/dk/eu/aqd/d/colarw97g/envarw_cw/REP_D-DK_NERI_20251124_D-001.xml","05/12/2025 14:00:17"
"Denmark","DK.NERI.AQ","2025","NET-DK004A","""Danish Air Quality Monitoring Programme""","UTC+01","DK0053A","8158","""Aalborg/8158""","SPO-DK0053A_00047_100","SO4 (H2SO4 aerosols) (SO4--)","9.930850","57.046670","30.000000","","urban","background","01/09/2004 00:00:00","","SPO_F-DK0053A_00047_100_100","3.0","","","","","","","","","","","0","","","","","","","","","","","","","","","SPP-DK_N_00528_opsisSM200","01/09/2004 00:00:00","","active","","","","","other","","other","","","","","","","","","","","","http://cdr.eionet.europa.eu/dk/eu/aqd/d/colarw97g/envarw_cw/REP_D-DK_NERI_20251124_D-001.xml","05/12/2025 14:00:17"
"Denmark","DK.NERI.AQ","2025","NET-DK004A","""Danish Air Quality Monitoring Programme""","UTC+01","DK0053A","8158","""Aalborg/8158""","SPO-DK0053A_00047_100","SO4 (H2SO4 aerosols) (SO4--)","9.930850","57.046670","30.000000","","urban","background","01/09/2004 00:00:00","","SPO_F-DK0053A_00047_100_100","3.0","","","","","","","","","","","0","","","","","","","","","","","","","","","SPP-DK_N_01306opsisSM200","01/09/2004 00:00:00","","active","","","","","","","other","","","","","","","","","","","","http://cdr.eionet.europa.eu/dk/eu/aqd/d/colarw97g/envarw_cw/REP_D-DK_NERI_20251124_D-001.xml","05/12/2025 14:00:17"
"Denmark","DK.NERI.AQ","2025","NET-DK004A","""Danish Air Quality Monitoring Programme""","UTC+01","DK0053A","8158","""Aalborg/8158""","SPO-DK0053A_00047_100","SO4 (H2SO4 aerosols) (SO4--)","9.930850","57.046670","30.000000","m","urban","background","01/09/2004 00:00:00","01/01/2014 00:00:00","SPO_F-DK0053A_00047_100_100","12.9","m","","","","","","","Long-range transboundary transport","","","0","","","","","Aalborg","","","","","","","","","","SPP-DK_N_01306opsisSM200","01/09/2004 00:00:00","01/01/2014 00:00:00","active","","","","","","","gravi","","no","","","","","In preparation","1","day","1","day","http://cdr.eionet.europa.eu/dk/eu/aqd/d/colarw97g/envarw_cw/REP_D-DK_NERI_20251124_D-001.xml","05/12/2025 14:00:17"
"Denmark","DK.NERI.AQ","","NET-DK004A","""Danish Air Quality Monitoring Programme""","UTC+01","DK0053A","8158","""Aalborg/8158""","SPO-DK0053A_00048_100","Se","9.930850","57.046670","30.000000","","urban","background","01/09/2004 00:00:00","01/01/2010 00:00:00","SPO_F-DK0053A_00048_100_100","3.0","","","","","","","","","","","0","","","","","","","","","","","","","","","SPP-DK_N_00528_opsisSM200","01/09/2004 00:00:00","01/01/2010 00:00:00","active","","","","","other","","other","","","","","","","","","","","","",""
"Denmark","DK.NERI.AQ","","NET-DK004A","""Danish Air Quality Monitoring Programme""","UTC+01","DK0053A","8158","""Aalborg/8158""","SPO-DK0053A_00049_100","V","9.930850","57.046670","30.000000","","urban","background","01/09/2004 00:00:00","01/01/2010 00:00:00","SPO_F-DK0053A_00049_100_100","3.0","","","","","","","","","","","0","","","","","","","","","","","","","","","SPP-DK_N_00528_opsisSM200","01/09/2004 00:00:00","01/01/2010 00:00:00","active","","","","","other","","other","","","","","","","","","","","","",""
"Denmark","DK.NERI.AQ","2025","NET-DK004A","""Danish Air Quality Monitoring Programme""","UTC+01","DK0053A","8158","""Aalborg/8158""","SPO-DK0053A_06001_100","PM2.5","9.930850","57.046670","30.000000","m","urban","background","01/02/2008 00:00:00","","SPO_F-DK0053A_06001_100_100","12.9","m","","","","","","","Long-range transboundary transport","","","0","","","","","Aalborg","","","","","","","","","","SPP-DK_A_TEOM_TEOM1400A","01/02/2008 00:00:00","","automatic","TEOM","","TEOM1400A","","","","","","no","","","","","In preparation","0","variable","30","minute","http://cdr.eionet.europa.eu/dk/eu/aqd/d/colarw97g/envarw_cw/REP_D-DK_NERI_20251124_D-001.xml","05/12/2025 14:00:17"
"Denmark","DK.NERI.AQ","2025","NET-DK004A","""Danish Air Quality Monitoring Programme""","UTC+01","DK0053A","8158","""Aalborg/8158""","SPO-DK0053A_06001_100","PM2.5","9.930850","57.046670","30.000000","","urban","background","01/02/2008 00:00:00","","SPO_F-DK0053A_06001_100_100","3.0","","","","","","","","","","","0","","","","","","","","","","","","","","","SPP-DK_N_00502_adamSM200","01/02/2008 00:00:00","","active","","","","","other","","other","","","","","","","","","","","","http://cdr.eionet.europa.eu/dk/eu/aqd/d/colarw97g/envarw_cw/REP_D-DK_NERI_20251124_D-001.xml","05/12/2025 14:00:17"
"Denmark","DK.NERI.AQ","2025","NET-DK004A","""Danish Air Quality Monitoring Programme""","UTC+01","DK0053A","8158","""Aalborg/8158""","SPO-DK0053A_06001_100","PM2.5","9.930850","57.046670","30.000000","","urban","background","01/02/2008 00:00:00","","SPO_F-DK0053A_06001_100_100","3.0","","","","","","","","","","","0","","","","","","","","","","","","","","","SPP-DK_N_02359adamSM200","01/02/2008 00:00:00","","active","","","","","","","other","","","","","","","","","","","","http://cdr.eionet.europa.eu/dk/eu/aqd/d/colarw97g/envarw_cw/REP_D-DK_NERI_20251124_D-001.xml","05/12/2025 14:00:17"
"Denmark","DK.NERI.AQ","2025","NET-DK004A","""Danish Air Quality Monitoring Programme""","UTC+01","DK0053A","8158","""Aalborg/8158""","SPO-DK0053A_06001_101","PM2.5","9.930850","57.046670","30.000000","m","urban","background","01/01/2015 00:00:00","","SPO_F-DK0053A_06001_101_101","12.9","m","","","","","","","Long-range transboundary transport","","","0","","","","","Aalborg","","","","","","","","","","SPP-DK_N_gravi_00714","01/01/2015 00:00:00","","active","","","","","","","gravi","","ref","","","","","In preparation","1","day","24","hour","http://cdr.eionet.europa.eu/dk/eu/aqd/d/colarw97g/envarw_cw/REP_D-DK_NERI_20251124_D-001.xml","05/12/2025 14:00:17"
"Denmark","DK.NERI.AQ","2025","NET-DK004A","""Danish Air Quality Monitoring Programme""","UTC+01","DK0054A","9054","""Keldsnor/9054""","SPO-DK0054A_00005_100","PM10","10.736390","54.746390","3.000000","","rural-regional","background","10/11/2004 00:00:00","","SPO_F-DK0054A_00005_100_100","3.0","","","","","","","","","","","0","","","","","","","","","","","","","","","SPP-DK_N_gravi_opsisSM200","10/11/2004 00:00:00","","active","","","","","","","gravi","","","","","","","","","","","","http://cdr.eionet.europa.eu/dk/eu/aqd/d/colarw97g/envarw_cw/REP_D-DK_NERI_20251124_D-001.xml","05/12/2025 14:00:17"
"Denmark","DK.NERI.AQ","2025","NET-DK004A","""Danish Air Quality Monitoring Programme""","UTC+01","DK0054A","9054","""Keldsnor/9054""","SPO-DK0054A_00005_100","PM10","10.715520","54.754470","10.000000","m","rural-regional","background","10/11/2004 00:00:00","01/01/2014 00:00:00","SPO_F-DK0054A_00005_100_100","3.7","m","","","","","","","Long-range transboundary transport","","","0","","","","","Langeland","","","","","","","","","","SPP-DK_N_gravi_opsisSM200","10/11/2004 00:00:00","01/01/2014 00:00:00","active","","","","","","","gravi","","yes","http://envs2.au.dk/Metodedokumentation/SM200_PM10_comp_with_the_stand_method.pdf","","","","In preparation","1","day","1","day","http://cdr.eionet.europa.eu/dk/eu/aqd/d/colarw97g/envarw_cw/REP_D-DK_NERI_20251124_D-001.xml","05/12/2025 14:00:17"
"Denmark","DK.NERI.AQ","2025","NET-DK004A","""Danish Air Quality Monitoring Programme""","UTC+01","DK0054A","9054","""Keldsnor/9054""","SPO-DK0054A_00005_100","PM10","10.736390","54.746390","3.000000","","rural-regional","background","10/11/2004 00:00:00","","SPO_F-DK0054A_00005_100_100","3.0","","","","","","","","","","","0","","","","","","","","","","","","","","","SPP-DK_N_gravi_opsisSM200","10/11/2004 00:00:00","","active","","","","","other","","gravi","","","","","","","","","","","","http://cdr.eionet.europa.eu/dk/eu/aqd/d/colarw97g/envarw_cw/REP_D-DK_NERI_20251124_D-001.xml","05/12/2025 14:00:17"
"Denmark","DK.NERI.AQ","2025","NET-DK004A","""Danish Air Quality Monitoring Programme""","UTC+01","DK0054A","9054","""Keldsnor/9054""","SPO-DK0054A_00005_101","PM10","10.736390","54.746390","3.000000","","rural-regional","background","01/01/2006 00:00:00","","SPO_F-DK0054A_00005_101_101","3.0","","","","","","","","","","","0","","","","","","","","","","","","","","","SPP-DK_A_BETA_01112","01/01/2006 00:00:00","","automatic","BETA","","","","","","","","","","","","","","","","","","http://cdr.eionet.europa.eu/dk/eu/aqd/d/colarw97g/envarw_cw/REP_D-DK_NERI_20251124_D-001.xml","05/12/2025 14:00:17"
"Denmark","DK.NERI.AQ","2025","NET-DK004A","""Danish Air Quality Monitoring Programme""","UTC+01","DK0054A","9054","""Keldsnor/9054""","SPO-DK0054A_00005_101","PM10","10.736390","54.746390","3.000000","","rural-regional","background","01/01/2006 00:00:00","","SPO_F-DK0054A_00005_101_101","3.0","","","","","","","","","","","0","","","","","","","","","","","","","","","SPP-DK_A_BETA_01112","01/01/2006 00:00:00","","automatic","BETA","","other","","","","","","","","","","","","","","","","http://cdr.eionet.europa.eu/dk/eu/aqd/d/colarw97g/envarw_cw/REP_D-DK_NERI_20251124_D-001.xml","05/12/2025 14:00:17"
"Denmark","DK.NERI.AQ","2025","NET-DK004A","""Danish Air Quality Monitoring Programme""","UTC+01","DK0054A","9054","""Keldsnor/9054""","SPO-DK0054A_00005_101","PM10","10.715520","54.754470","10.000000","m","rural-regional","background","01/01/2006 00:00:00","01/01/2024 00:00:00","SPO_F-DK0054A_00005_101_101","3.7","m","","","","","","","Long-range transboundary transport","","","0","","","","","Langeland","","","","","","","","","","SPP-DK_N_06052leckelSEQ-LVS","01/01/2006 00:00:00","01/01/2024 00:00:00","active","","","","","LVSauto2.3","","gravi","","no","","","","","In preparation","1","day","1","day","http://cdr.eionet.europa.eu/dk/eu/aqd/d/colarw97g/envarw_cw/REP_D-DK_NERI_20251124_D-001.xml","05/12/2025 14:00:17"
"Denmark","DK.NERI.AQ","2025","NET-DK004A","""Danish Air Quality Monitoring Programme""","UTC+01","DK0054A","9054","""Keldsnor/9054""","SPO-DK0054A_00007_100","O3","10.736390","54.746390","3.000000","","rural-regional","background","10/11/2004 00:00:00","","SPO_F-DK0054A_00007_100_100","3.0","","","","","","","","","","","0","","","","","","","","","","","","","","","SPP-DK_A_chemi_API","10/11/2004 00:00:00","","automatic","chemi","","","","","","","","","","","","","","","","","","http://cdr.eionet.europa.eu/dk/eu/aqd/d/colarw97g/envarw_cw/REP_D-DK_NERI_20251124_D-001.xml","05/12/2025 14:00:17"
"Denmark","DK.NERI.AQ","2025","NET-DK004A","""Danish Air Quality Monitoring Programme""","UTC+01","DK0054A","9054","""Keldsnor/9054""","SPO-DK0054A_00007_100","O3","10.736390","54.746390","3.000000","","rural-regional","background","10/11/2004 00:00:00","","SPO_F-DK0054A_00007_100_100","3.0","","","","","","","","","","","0","","","","","","","","","","","","","","","SPP-DK_A_chemi_API","10/11/2004 00:00:00","","automatic","chemi","","API","","","","","","","","","","","","","","","","http://cdr.eionet.europa.eu/dk/eu/aqd/d/colarw97g/envarw_cw/REP_D-DK_NERI_20251124_D-001.xml","05/12/2025 14:00:17"
"Denmark","DK.NERI.AQ","2025","NET-DK004A","""Danish Air Quality Monitoring Programme""","UTC+01","DK0054A","9054","""Keldsnor/9054""","SPO-DK0054A_00007_100","O3","10.715520","54.754470","10.000000","m","rural-regional","background","10/11/2004 00:00:00","01/01/2024 00:00:00","SPO_F-DK0054A_00007_100_100","3.7","m","","","","","","","Long-range transboundary transport","","","0","","","","","Langeland","","","","","","","","","","SPP-DK_A_UV-P_API400A","10/11/2004 00:00:00","01/01/2024 00:00:00","automatic","UV-P","","API400A","","","","","","ref","","","","","In preparation","0","variable","30","minute","http://cdr.eionet.europa.eu/dk/eu/aqd/d/colarw97g/envarw_cw/REP_D-DK_NERI_20251124_D-001.xml","05/12/2025 14:00:17"
"Denmark","DK.NERI.AQ","2025","NET-DK004A","""Danish Air Quality Monitoring Programme""","UTC+01","DK0054A","9054","""Keldsnor/9054""","SPO-DK0054A_00008_100","NO2","10.736390","54.746390","3.000000","","rural-regional","background","10/11/2004 00:00:00","","SPO_F-DK0054A_00008_100_100","3.0","","","","","","","","","","","0","","","","","","","","","","","","","","","SPP-DK_A_chemi_API","10/11/2004 00:00:00","","automatic","chemi","","","","","","","","","","","","","","","","","","http://cdr.eionet.europa.eu/dk/eu/aqd/d/colarw97g/envarw_cw/REP_D-DK_NERI_20251124_D-001.xml","05/12/2025 14:00:17"
"Denmark","DK.NERI.AQ","2025","NET-DK004A","""Danish Air Quality Monitoring Programme""","UTC+01","DK0054A","9054","""Keldsnor/9054""","SPO-DK0054A_00008_100","NO2","10.736390","54.746390","3.000000","","rural-regional","background","10/11/2004 00:00:00","","SPO_F-DK0054A_00008_100_100","3.0","","","","","","","","","","","0","","","","","","","","","","","","","","","SPP-DK_A_chemi_API","10/11/2004 00:00:00","","automatic","chemi","","API","","","","","","","","","","","","","","","","http://cdr.eionet.europa.eu/dk/eu/aqd/d/colarw97g/envarw_cw/REP_D-DK_NERI_20251124_D-001.xml","05/12/2025 14:00:17"
"Denmark","DK.NERI.AQ","2025","NET-DK004A","""Danish Air Quality Monitoring Programme""","UTC+01","DK0054A","9054","""Keldsnor/9054""","SPO-DK0054A_00008_100","NO2","10.715520","54.754470","10.000000","m","rural-regional","background","10/11/2004 00:00:00","01/01/2024 00:00:00","SPO_F-DK0054A_00008_100_100","3.7","m","","","","","","","Transport","","","0","","","","","Langeland","","","","","","","","","","SPP-DK_A_chemi_API","10/11/2004 00:00:00","01/01/2024 00:00:00","automatic","chemi","","API200","","","","","","ref","","","","","In preparation","1","hour","1","second","http://cdr.eionet.europa.eu/dk/eu/aqd/d/colarw97g/envarw_cw/REP_D-DK_NERI_20251124_D-001.xml","05/12/2025 14:00:17"
"Denmark","DK.NERI.AQ","2025","NET-DK004A","""Danish Air Quality Monitoring Programme""","UTC+01","DK0054A","9054","""Keldsnor/9054""","SPO-DK0054A_00009_100","NOX as NO2","10.736390","54.746390","3.000000","","rural-regional","background","10/11/2004 00:00:00","","SPO_F-DK0054A_00009_100_100","3.0","","","","","","","","","","","0","","","","","","","","","","","","","","","SPP-DK_A_chemi_API","10/11/2004 00:00:00","","automatic","chemi","","","","","","","","","","","","","","","","","","http://cdr.eionet.europa.eu/dk/eu/aqd/d/colarw97g/envarw_cw/REP_D-DK_NERI_20251124_D-001.xml","05/12/2025 14:00:17"
"Denmark","DK.NERI.AQ","2025","NET-DK004A","""Danish Air Quality Monitoring Programme""","UTC+01","DK0054A","9054","""Keldsnor/9054""","SPO-DK0054A_00009_100","NOX as NO2","10.715520","54.754470","10.000000","m","rural-regional","background","10/11/2004 00:00:00","01/01/2024 00:00:00","SPO_F-DK0054A_00009_100_100","3.7","m","","","","","","","Transport","","","0","","","","","Langeland","","","","","","","","","","SPP-DK_A_chemi_API","10/11/2004 00:00:00","01/01/2024 00:00:00","automatic","chemi","","API200","","","","","","ref","","","","","In preparation","1","hour","1","second","http://cdr.eionet.europa.eu/dk/eu/aqd/d/colarw97g/envarw_cw/REP_D-DK_NERI_20251124_D-001.xml","05/12/2025 14:00:17"
"Denmark","DK.NERI.AQ","2025","NET-DK004A","""Danish Air Quality Monitoring Programme""","UTC+01","DK0054A","9054","""Keldsnor/9054""","SPO-DK0054A_00009_100","NOX as NO2","10.736390","54.746390","3.000000","","rural-regional","background","10/11/2004 00:00:00","","SPO_F-DK0054A_00009_100_100","3.0","","","","","","","","","","","0","","","","","","","","","","","","","","","SPP-DK_A_chemi_API","10/11/2004 00:00:00","","automatic","chemi","","API","","","","","","","","","","","","","","","","http://cdr.eionet.europa.eu/dk/eu/aqd/d/colarw97g/envarw_cw/REP_D-DK_NERI_20251124_D-001.xml","05/12/2025 14:00:17"
"Denmark","DK.NERI.AQ","","NET-DK004A","""Danish Air Quality Monitoring Programme""","UTC+01","DK0054A","9054","""Keldsnor/9054""","SPO-DK0054A_00012_100","Pb","10.736390","54.746390","3.000000","","rural-regional","background","10/11/2004 00:00:00","01/01/2010 00:00:00","SPO_F-DK0054A_00012_100_100","3.0","","","","","","","","","","","0","","","","","","","","","","","","","","","SPP-DK_N_00528_opsisSM200","10/11/2004 00:00:00","01/01/2010 00:00:00","active","","","","","other","","other","","","","","","","","","","","","",""
"Denmark","DK.NERI.AQ","","NET-DK004A","""Danish Air Quality Monitoring Programme""","UTC+01","DK0054A","9054","""Keldsnor/9054""","SPO-DK0054A_00012_101","Pb","10.736390","54.746390","3.000000","","rural-regional","background","01/01/2010 00:00:00","01/08/2010 00:00:00","SPO_F-DK0054A_00012_101_101","3.0","","","","","","","","","","","0","","","","","","","","","","","","","","","SPP-DK_N_ICP-MS_danishLMP-FP-ELEM","01/01/2010 00:00:00","01/08/2010 00:00:00","active","","","","","other","","ICP-MS","","","","","","","","","","","","",""
"Denmark","DK.NERI.AQ","","NET-DK004A","""Danish Air Quality Monitoring Programme""","UTC+01","DK0054A","9054","""Keldsnor/9054""","SPO-DK0054A_00012_101","Pb","10.736390","54.746390","3.000000","","rural-regional","background","01/01/2010 00:00:00","01/08/2010 00:00:00","SPO_F-DK0054A_00012_101_101","3.0","","","","","","","","","","","0","","","","","","","","","","","","","","","SPP-Unknown","01/01/2010 00:00:00","01/08/2010 00:00:00","","","","","","","","","","","","","","","","","","","","",""
"Denmark","DK.NERI.AQ","","NET-DK004A","""Danish Air Quality Monitoring Programme""","UTC+01","DK0054A","9054","""Keldsnor/9054""","SPO-DK0054A_00014_100","Cd","10.736390","54.746390","3.000000","","rural-regional","background","10/11/2004 00:00:00","01/01/2010 00:00:00","SPO_F-DK0054A_00014_100_100","0.0","","","","","","","","","","","0","","","","","","","","","","","","","","","SPP-DK_N_00528_opsisSM200","10/11/2004 00:00:00","01/01/2010 00:00:00","active","","","","","other","","other","","","","","","","","","","","","",""
"Denmark","DK.NERI.AQ","","NET-DK004A","""Danish Air Quality Monitoring Programme""","UTC+01","DK0054A","9054","""Keldsnor/9054""","SPO-DK0054A_00014_101","Cd","10.736390","54.746390","3.000000","","rural-regional","background","01/01/2010 00:00:00","01/08/2010 00:00:00","SPO_F-DK0054A_00014_101_101","3.0","","","","","","","","","","","0","","","","","","","","","","","","","","","SPP-DK_N_ICP-MS_danishLMP-FP-ELEM","01/01/2010 00:00:00","01/08/2010 00:00:00","active","","","","","other","","ICP-MS","","","","","","","","","","","","",""
"Denmark","DK.NERI.AQ","","NET-DK004A","""Danish Air Quality Monitoring Programme""","UTC+01","DK0054A","9054","""Keldsnor/9054""","SPO-DK0054A_00014_101","Cd","10.736390","54.746390","3.000000","","rural-regional","background","01/01/2010 00:00:00","01/08/2010 00:00:00","SPO_F-DK0054A_00014_101_101","3.0","","","","","","","","","","","0","","","","","","","","","","","","","","","SPP-Unknown","01/01/2010 00:00:00","01/08/2010 00:00:00","","","","","","","","","","","","","","","","","","","","",""
"Denmark","DK.NERI.AQ","","NET-DK004A","""Danish Air Quality Monitoring Programme""","UTC+01","DK0054A","9054","""Keldsnor/9054""","SPO-DK0054A_00015_100","Ni","10.736390","54.746390","3.000000","","rural-regional","background","10/11/2004 00:00:00","01/01/2010 00:00:00","SPO_F-DK0054A_00015_100_100","3.0","","","","","","","","","","","0","","","","","","","","","","","","","","","SPP-DK_N_00528_opsisSM200","10/11/2004 00:00:00","01/01/2010 00:00:00","active","","","","","other","","other","","","","","","","","","","","","",""
"Denmark","DK.NERI.AQ","","NET-DK004A","""Danish Air Quality Monitoring Programme""","UTC+01","DK0054A","9054","""Keldsnor/9054""","SPO-DK0054A_00015_101","Ni","10.736390","54.746390","3.000000","","rural-regional","background","01/01/2010 00:00:00","01/08/2010 00:00:00","SPO_F-DK0054A_00015_101_101","3.0","","","","","","","","","","","0","","","","","","","","","","","","","","","SPP-DK_N_ICP-MS_danishLMP-FP-ELEM","01/01/2010 00:00:00","01/08/2010 00:00:00","active","","","","","other","","ICP-MS","","","","","","","","","","","","",""
"Denmark","DK.NERI.AQ","","NET-DK004A","""Danish Air Quality Monitoring Programme""","UTC+01","DK0054A","9054","""Keldsnor/9054""","SPO-DK0054A_00015_101","Ni","10.736390","54.746390","3.000000","","rural-regional","background","01/01/2010 00:00:00","01/08/2010 00:00:00","SPO_F-DK0054A_00015_101_101","3.0","","","","","","","","","","","0","","","","","","","","","","","","","","","SPP-Unknown","01/01/2010 00:00:00","01/08/2010 00:00:00","","","","","","","","","","","","","","","","","","","","",""
"Denmark","DK.NERI.AQ","","NET-DK004A","""Danish Air Quality Monitoring Programme""","UTC+01","DK0054A","9054","""Keldsnor/9054""","SPO-DK0054A_00016_100","Cr","10.736390","54.746390","3.000000","","rural-regional","background","10/11/2004 00:00:00","01/01/2010 00:00:00","SPO_F-DK0054A_00016_100_100","3.0","","","","","","","","","","","0","","","","","","","","","","","","","","","SPP-DK_N_00528_opsisSM200","10/11/2004 00:00:00","01/01/2010 00:00:00","active","","","","","other","","other","","","","","","","","","","","","",""
"Denmark","DK.NERI.AQ","","NET-DK004A","""Danish Air Quality Monitoring Programme""","UTC+01","DK0054A","9054","""Keldsnor/9054""","SPO-DK0054A_00017_100","Mn","10.736390","54.746390","3.000000","","rural-regional","background","10/11/2004 00:00:00","01/01/2010 00:00:00","SPO_F-DK0054A_00017_100_100","3.0","","","","","","","","","","","0","","","","","","","","","","","","","","","SPP-DK_N_00528_opsisSM200","10/11/2004 00:00:00","01/01/2010 00:00:00","active","","","","","other","","other","","","","","","","","","","","","",""
"Denmark","DK.NERI.AQ","","NET-DK004A","""Danish Air Quality Monitoring Programme""","UTC+01","DK0054A","9054","""Keldsnor/9054""","SPO-DK0054A_00018_100","As","10.736390","54.746390","3.000000","","rural-regional","background","10/11/2004 00:00:00","01/01/2010 00:00:00","SPO_F-DK0054A_00018_100_100","3.0","","","","","","","","","","","0","","","","","","","","","","","","","","","SPP-DK_N_00528_opsisSM200","10/11/2004 00:00:00","01/01/2010 00:00:00","active","","","","","other","","other","","","","","","","","","","","","",""
"Denmark","DK.NERI.AQ","","NET-DK004A","""Danish Air Quality Monitoring Programme""","UTC+01","DK0054A","9054","""Keldsnor/9054""","SPO-DK0054A_00018_101","As","10.736390","54.746390","3.000000","","rural-regional","background","01/01/2010 00:00:00","01/08/2010 00:00:00","SPO_F-DK0054A_00018_101_101","3.0","","","","","","","","","","","0","","","","","","","","","","","","","","","SPP-DK_N_ICP-MS_danishLMP-FP-ELEM","01/01/2010 00:00:00","01/08/2010 00:00:00","active","","","","","other","","ICP-MS","","","","","","","","","","","","",""
"Denmark","DK.NERI.AQ","","NET-DK004A","""Danish Air Quality Monitoring Programme""","UTC+01","DK0054A","9054","""Keldsnor/9054""","SPO-DK0054A_00018_101","As","10.736390","54.746390","3.000000","","rural-regional","background","01/01/2010 00:00:00","01/08/2010 00:00:00","SPO_F-DK0054A_00018_101_101","3.0","","","","","","","","","","","0","","","","","","","","","","","","","","","SPP-Unknown","01/01/2010 00:00:00","01/08/2010 00:00:00","","","","","","","","","","","","","","","","","","","","",""
"Denmark","DK.NERI.AQ","2025","NET-DK004A","""Danish Air Quality Monitoring Programme""","UTC+01","DK0054A","9054","""Keldsnor/9054""","SPO-DK0054A_00038_100","NO","10.736390","54.746390","3.000000","","rural-regional","background","10/11/2004 00:00:00","","SPO_F-DK0054A_00038_100_100","3.0","","","","","","","","","","","0","","","","","","","","","","","","","","","SPP-DK_A_chemi_API","10/11/2004 00:00:00","","automatic","chemi","","API","","","","","","","","","","","","","","","","http://cdr.eionet.europa.eu/dk/eu/aqd/d/colarw97g/envarw_cw/REP_D-DK_NERI_20251124_D-001.xml","05/12/2025 14:00:17"
"Denmark","DK.NERI.AQ","2025","NET-DK004A","""Danish Air Quality Monitoring Programme""","UTC+01","DK0054A","9054","""Keldsnor/9054""","SPO-DK0054A_00038_100","NO","10.715520","54.754470","10.000000","m","rural-regional","background","10/11/2004 00:00:00","01/01/2024 00:00:00","SPO_F-DK0054A_00038_100_100","3.7","m","","","","","","","Transport","","","0","","","","","Langeland","","","","","","","","","","SPP-DK_A_chemi_API","10/11/2004 00:00:00","01/01/2024 00:00:00","automatic","chemi","","API200","","","","","","ref","","","","","In preparation","1","hour","1","second","http://cdr.eionet.europa.eu/dk/eu/aqd/d/colarw97g/envarw_cw/REP_D-DK_NERI_20251124_D-001.xml","05/12/2025 14:00:17"
"Denmark","DK.NERI.AQ","2025","NET-DK004A","""Danish Air Quality Monitoring Programme""","UTC+01","DK0054A","9054","""Keldsnor/9054""","SPO-DK0054A_00038_100","NO","10.736390","54.746390","3.000000","","rural-regional","background","10/11/2004 00:00:00","","SPO_F-DK0054A_00038_100_100","3.0","","","","","","","","","","","0","","","","","","","","","","","","","","","SPP-DK_A_chemi_API","10/11/2004 00:00:00","","automatic","chemi","","","","","","","","","","","","","","","","","","http://cdr.eionet.europa.eu/dk/eu/aqd/d/colarw97g/envarw_cw/REP_D-DK_NERI_20251124_D-001.xml","05/12/2025 14:00:17"
"Denmark","DK.NERI.AQ","","NET-DK004A","""Danish Air Quality Monitoring Programme""","UTC+01","DK0054A","9054","""Keldsnor/9054""","SPO-DK0054A_00047_100","SO4 (H2SO4 aerosols) (SO4--)","10.736390","54.746390","3.000000","","rural-regional","background","10/11/2004 00:00:00","01/01/2010 00:00:00","SPO_F-DK0054A_00047_100_100","3.0","","","","","","","","","","","0","","","","","","","","","","","","","","","SPP-DK_N_00528_opsisSM200","10/11/2004 00:00:00","01/01/2010 00:00:00","active","","","","","other","","other","","","","","","","","","","","","",""
"Denmark","DK.NERI.AQ","","NET-DK004A","""Danish Air Quality Monitoring Programme""","UTC+01","DK0054A","9054","""Keldsnor/9054""","SPO-DK0054A_00048_100","Se","10.736390","54.746390","3.000000","","rural-regional","background","10/11/2004 00:00:00","01/01/2010 00:00:00","SPO_F-DK0054A_00048_100_100","3.0","","","","","","","","","","","0","","","","","","","","","","","","","","","SPP-DK_N_00528_opsisSM200","10/11/2004 00:00:00","01/01/2010 00:00:00","active","","","","","other","","other","","","","","","","","","","","","",""
"Denmark","DK.NERI.AQ","","NET-DK004A","""Danish Air Quality Monitoring Programme""","UTC+01","DK0054A","9054","""Keldsnor/9054""","SPO-DK0054A_00049_100","V","10.736390","54.746390","3.000000","","rural-regional","background","10/11/2004 00:00:00","01/01/2010 00:00:00","SPO_F-DK0054A_00049_100_100","3.0","","","","","","","","","","","0","","","","","","","","","","","","","","","SPP-DK_N_00528_opsisSM200","10/11/2004 00:00:00","01/01/2010 00:00:00","active","","","","","other","","other","","","","","","","","","","","","",""
"Denmark","DK.NERI.AQ","2025","NET-DK004A","""Danish Air Quality Monitoring Programme""","UTC+01","DK0055A","","""Jyllinge""","SPO-DK0055A_05029_100","BaP in PM10","12.110630","55.763740","20.000000","","suburban","background","01/01/2010 00:00:00","","SPO_F-DK0055A_05029_100_100","3.0","","","","","","","","","","","0","","","","","","","","","","","","","","","SPP-DK_N_GC-MS_00085","01/01/2010 00:00:00","","active","","","","","other","","GC-MS","","","","","","","","","","","","http://cdr.eionet.europa.eu/dk/eu/aqd/d/colarw97g/envarw_cw/REP_D-DK_NERI_20251124_D-001.xml","05/12/2025 14:00:17"
"Denmark","DK.NERI.AQ","2025","NET-DK004A","""Danish Air Quality Monitoring Programme""","UTC+01","DK0055A","","""Jyllinge""","SPO-DK0055A_05029_100","BaP in PM10","12.110630","55.763740","20.000000","m","rural-regional","background","01/07/2010 00:00:00","01/01/2012 00:00:00","SPO_F-DK0055A_05029_100_100","3.7","m","","","","","","","Other sectors","","","0","","","","","","","","","","","","","","","SPP-DK_N_GC-MS_02465","01/07/2010 00:00:00","01/01/2012 00:00:00","active","","","","","LVSauto2.3","","GC-MS","","ref","","","","","In preparation","1","day","1","day","http://cdr.eionet.europa.eu/dk/eu/aqd/d/colarw97g/envarw_cw/REP_D-DK_NERI_20251124_D-001.xml","05/12/2025 14:00:17"
"Denmark","DK.NERI.AQ","2025","NET-DK004A","""Danish Air Quality Monitoring Programme""","UTC+01","DK0055A","","""Jyllinge""","SPO-DK0055A_05029_100","BaP in PM10","12.110630","55.763740","20.000000","","suburban","background","01/01/2010 00:00:00","","SPO_F-DK0055A_05029_100_100","3.0","","","","","","","","","","","0","","","","","","","","","","","","","","","SPP-DK_N_GC-MS_02465","01/01/2010 00:00:00","","active","","","","","","","GC-MS","","","","","","","","","","","","http://cdr.eionet.europa.eu/dk/eu/aqd/d/colarw97g/envarw_cw/REP_D-DK_NERI_20251124_D-001.xml","05/12/2025 14:00:17"
"Denmark","DK.NERI.AQ","2025","NET-DK004A","""Danish Air Quality Monitoring Programme""","UTC+01","DK0055A","","""Jyllinge""","SPO-DK0055A_05419_100","Dibenzo(ah)anthracene in PM10","12.110630","55.763740","20.000000","","suburban","background","01/01/2010 00:00:00","","SPO_F-DK0055A_05419_100_100","3.0","","","","","","","","","","","0","","","","","","","","","","","","","","","SPP-DK_N_GC-MS_00085","01/01/2010 00:00:00","","active","","","","","other","","GC-MS","","","","","","","","","","","","http://cdr.eionet.europa.eu/dk/eu/aqd/d/colarw97g/envarw_cw/REP_D-DK_NERI_20251124_D-001.xml","05/12/2025 14:00:17"
"Denmark","DK.NERI.AQ","2025","NET-DK004A","""Danish Air Quality Monitoring Programme""","UTC+01","DK0055A","","""Jyllinge""","SPO-DK0055A_05419_100","Dibenzo(ah)anthracene in PM10","12.110630","55.763740","20.000000","","suburban","background","01/01/2010 00:00:00","","SPO_F-DK0055A_05419_100_100","3.0","","","","","","","","","","","0","","","","","","","","","","","","","","","SPP-DK_N_GC-MS_02465","01/01/2010 00:00:00","","active","","","","","","","GC-MS","","","","","","","","","","","","http://cdr.eionet.europa.eu/dk/eu/aqd/d/colarw97g/envarw_cw/REP_D-DK_NERI_20251124_D-001.xml","05/12/2025 14:00:17"
"Denmark","DK.NERI.AQ","2025","NET-DK004A","""Danish Air Quality Monitoring Programme""","UTC+01","DK0055A","","""Jyllinge""","SPO-DK0055A_05419_100","Dibenzo(ah)anthracene in PM10","12.110630","55.763740","20.000000","m","rural-regional","background","01/07/2010 00:00:00","01/01/2012 00:00:00","SPO_F-DK0055A_05419_100_100","3.7","m","","","","","","","Other sectors","","","0","","","","","","","","","","","","","","","SPP-DK_N_GC-MS_02465","01/07/2010 00:00:00","01/01/2012 00:00:00","active","","","","","LVSauto2.3","","GC-MS","","ref","","","","","In preparation","1","day","1","day","http://cdr.eionet.europa.eu/dk/eu/aqd/d/colarw97g/envarw_cw/REP_D-DK_NERI_20251124_D-001.xml","05/12/2025 14:00:17"
"Denmark","DK.NERI.AQ","2025","NET-DK004A","""Danish Air Quality Monitoring Programme""","UTC+01","DK0055A","","""Jyllinge""","SPO-DK0055A_05610_100","Benzo(a)anthracene in PM10","12.110630","55.763740","20.000000","","suburban","background","01/01/2010 00:00:00","","SPO_F-DK0055A_05610_100_100","3.0","","","","","","","","","","","0","","","","","","","","","","","","","","","SPP-DK_N_GC-MS_00085","01/01/2010 00:00:00","","active","","","","","other","","GC-MS","","","","","","","","","","","","http://cdr.eionet.europa.eu/dk/eu/aqd/d/colarw97g/envarw_cw/REP_D-DK_NERI_20251124_D-001.xml","05/12/2025 14:00:17"
"Denmark","DK.NERI.AQ","2025","NET-DK004A","""Danish Air Quality Monitoring Programme""","UTC+01","DK0055A","","""Jyllinge""","SPO-DK0055A_05610_100","Benzo(a)anthracene in PM10","12.110630","55.763740","20.000000","m","rural-regional","background","01/07/2010 00:00:00","01/01/2012 00:00:00","SPO_F-DK0055A_05610_100_100","3.7","m","","","","","","","Other sectors","","","0","","","","","","","","","","","","","","","SPP-DK_N_GC-MS_02465","01/07/2010 00:00:00","01/01/2012 00:00:00","active","","","","","LVSauto2.3","","GC-MS","","ref","","","","","In preparation","1","day","1","day","http://cdr.eionet.europa.eu/dk/eu/aqd/d/colarw97g/envarw_cw/REP_D-DK_NERI_20251124_D-001.xml","05/12/2025 14:00:17"
"Denmark","DK.NERI.AQ","2025","NET-DK004A","""Danish Air Quality Monitoring Programme""","UTC+01","DK0055A","","""Jyllinge""","SPO-DK0055A_05610_100","Benzo(a)anthracene in PM10","12.110630","55.763740","20.000000","","suburban","background","01/01/2010 00:00:00","","SPO_F-DK0055A_05610_100_100","3.0","","","","","","","","","","","0","","","","","","","","","","","","","","","SPP-DK_N_GC-MS_02465","01/01/2010 00:00:00","","active","","","","","","","GC-MS","","","","","","","","","","","","http://cdr.eionet.europa.eu/dk/eu/aqd/d/colarw97g/envarw_cw/REP_D-DK_NERI_20251124_D-001.xml","05/12/2025 14:00:17"
"Denmark","DK.NERI.AQ","2025","NET-DK004A","""Danish Air Quality Monitoring Programme""","UTC+01","DK0055A","","""Jyllinge""","SPO-DK0055A_05626_100","Benzo(k)fluoranthene in PM10","12.110630","55.763740","20.000000","","suburban","background","01/01/2010 00:00:00","","SPO_F-DK0055A_05626_100_100","3.0","","","","","","","","","","","0","","","","","","","","","","","","","","","SPP-DK_N_GC-MS_00085","01/01/2010 00:00:00","","active","","","","","other","","GC-MS","","","","","","","","","","","","http://cdr.eionet.europa.eu/dk/eu/aqd/d/colarw97g/envarw_cw/REP_D-DK_NERI_20251124_D-001.xml","05/12/2025 14:00:17"
"Denmark","DK.NERI.AQ","2025","NET-DK004A","""Danish Air Quality Monitoring Programme""","UTC+01","DK0055A","","""Jyllinge""","SPO-DK0055A_05626_100","Benzo(k)fluoranthene in PM10","12.110630","55.763740","20.000000","","suburban","background","01/01/2010 00:00:00","","SPO_F-DK0055A_05626_100_100","3.0","","","","","","","","","","","0","","","","","","","","","","","","","","","SPP-DK_N_GC-MS_02465","01/01/2010 00:00:00","","active","","","","","","","GC-MS","","","","","","","","","","","","http://cdr.eionet.europa.eu/dk/eu/aqd/d/colarw97g/envarw_cw/REP_D-DK_NERI_20251124_D-001.xml","05/12/2025 14:00:17"
"Denmark","DK.NERI.AQ","2025","NET-DK004A","""Danish Air Quality Monitoring Programme""","UTC+01","DK0055A","","""Jyllinge""","SPO-DK0055A_05626_100","Benzo(k)fluoranthene in PM10","12.110630","55.763740","20.000000","m","rural-regional","background","01/07/2010 00:00:00","01/01/2012 00:00:00","SPO_F-DK0055A_05626_100_100","3.7","m","","","","","","","Other sectors","","","0","","","","","","","","","","","","","","","SPP-DK_N_GC-MS_02465","01/07/2010 00:00:00","01/01/2012 00:00:00","active","","","","","LVSauto2.3","","GC-MS","","ref","","","","","In preparation","1","day","1","day","http://cdr.eionet.europa.eu/dk/eu/aqd/d/colarw97g/envarw_cw/REP_D-DK_NERI_20251124_D-001.xml","05/12/2025 14:00:17"
"Denmark","DK.NERI.AQ","2025","NET-DK004A","""Danish Air Quality Monitoring Programme""","UTC+01","DK0055A","","""Jyllinge""","SPO-DK0055A_05655_100","Indeno-(1,2,3-cd)pyrene in PM","12.110630","55.763740","20.000000","","suburban","background","01/01/2010 00:00:00","","SPO_F-DK0055A_05655_100_100","3.0","","","","","","","","","","","0","","","","","","","","","","","","","","","SPP-DK_N_GC-MS_00085","01/01/2010 00:00:00","","active","","","","","other","","GC-MS","","","","","","","","","","","","http://cdr.eionet.europa.eu/dk/eu/aqd/d/colarw97g/envarw_cw/REP_D-DK_NERI_20251124_D-001.xml","05/12/2025 14:00:17"
"Denmark","DK.NERI.AQ","2025","NET-DK004A","""Danish Air Quality Monitoring Programme""","UTC+01","DK0055A","","""Jyllinge""","SPO-DK0055A_05655_100","Indeno-(1,2,3-cd)pyrene in PM","12.110630","55.763740","20.000000","m","rural-regional","background","01/07/2010 00:00:00","01/01/2012 00:00:00","SPO_F-DK0055A_05655_100_100","3.7","m","","","","","","","Other sectors","","","0","","","","","","","","","","","","","","","SPP-DK_N_GC-MS_02465","01/07/2010 00:00:00","01/01/2012 00:00:00","active","","","","","LVSauto2.3","","GC-MS","","ref","","","","","In preparation","1","day","1","day","http://cdr.eionet.europa.eu/dk/eu/aqd/d/colarw97g/envarw_cw/REP_D-DK_NERI_20251124_D-001.xml","05/12/2025 14:00:17"
"Denmark","DK.NERI.AQ","2025","NET-DK004A","""Danish Air Quality Monitoring Programme""","UTC+01","DK0055A","","""Jyllinge""","SPO-DK0055A_05655_100","Indeno-(1,2,3-cd)pyrene in PM","12.110630","55.763740","20.000000","","suburban","background","01/01/2010 00:00:00","","SPO_F-DK0055A_05655_100_100","3.0","","","","","","","","","","","0","","","","","","","","","","","","","","","SPP-DK_N_GC-MS_02465","01/01/2010 00:00:00","","active","","","","","","","GC-MS","","","","","","","","","","","","http://cdr.eionet.europa.eu/dk/eu/aqd/d/colarw97g/envarw_cw/REP_D-DK_NERI_20251124_D-001.xml","05/12/2025 14:00:17"
"Denmark","DK.NERI.AQ","2025","NET-DK004A","""Danish Air Quality Monitoring Programme""","UTC+01","DK0056A","DK0056A","""&#197;rhus/6160""","SPO-DK0056A_00007_100","O3","10.193600","56.159800","21.000000","","urban","background","01/01/2014 00:00:00","","SPO_F-DK0056A_00007_100_100","3.0","","","","","","","","","","","0","","","","","","","","","","","","","","","SPP-DK_A_UV-P_11000","01/01/2014 00:00:00","","automatic","UV-P","","other","","","","","","","","","","","","","","","","http://cdr.eionet.europa.eu/dk/eu/aqd/d/colarw97g/envarw_cw/REP_D-DK_NERI_20251124_D-001.xml","05/12/2025 14:00:17"
"Denmark","DK.NERI.AQ","2025","NET-DK004A","""Danish Air Quality Monitoring Programme""","UTC+01","DK0056A","6160","""Århus/6160""","SPO-DK0056A_00007_100","O3","10.193640","56.159760","21.000000","m","urban","background","01/01/2014 00:00:00","","SPO_F-DK0056A_00007_100_100","3.7","m","","","","","","","Long-range transboundary transport","","","0","","","","","Aarhus","","","","","","","","","","SPP-DK_A_UV-P_API400A","01/01/2014 00:00:00","","automatic","UV-P","","API400A","","","","","","ref","","","","","In preparation","0","variable","30","minute","http://cdr.eionet.europa.eu/dk/eu/aqd/d/colarw97g/envarw_cw/REP_D-DK_NERI_20251124_D-001.xml","05/12/2025 14:00:17"
"Denmark","DK.NERI.AQ","2025","NET-DK004A","""Danish Air Quality Monitoring Programme""","UTC+01","DK0056A","DK0056A","""&#197;rhus/6160""","SPO-DK0056A_00008_100","NO2","10.193600","56.159800","21.000000","","urban","background","01/01/2014 00:00:00","","SPO_F-DK0056A_00008_100_100","3.0","","","","","","","","","","","0","","","","","","","","","","","","","","","SPP-DK_A_chemi_11000","01/01/2014 00:00:00","","automatic","chemi","","other","","","","","","","","","","","","","","","","http://cdr.eionet.europa.eu/dk/eu/aqd/d/colarw97g/envarw_cw/REP_D-DK_NERI_20251124_D-001.xml","05/12/2025 14:00:17"
"Denmark","DK.NERI.AQ","2025","NET-DK004A","""Danish Air Quality Monitoring Programme""","UTC+01","DK0056A","6160","""Århus/6160""","SPO-DK0056A_00008_100","NO2","10.193640","56.159760","21.000000","m","urban","background","01/01/2014 00:00:00","","SPO_F-DK0056A_00008_100_100","3.7","m","","","","","","","Transport","","","0","","","","","Aarhus","","","","","","","","","","SPP-DK_A_chemi_API","01/01/2014 00:00:00","","automatic","chemi","","API200","","","","","","ref","","","","","In preparation","1","hour","1","second","http://cdr.eionet.europa.eu/dk/eu/aqd/d/colarw97g/envarw_cw/REP_D-DK_NERI_20251124_D-001.xml","05/12/2025 14:00:17"
"Denmark","DK.NERI.AQ","2025","NET-DK004A","""Danish Air Quality Monitoring Programme""","UTC+01","DK0056A","DK0056A","""&#197;rhus/6160""","SPO-DK0056A_00009_100","NOX as NO2","10.193600","56.159800","21.000000","","urban","background","01/01/2014 00:00:00","","SPO_F-DK0056A_00009_100_100","3.0","","","","","","","","","","","0","","","","","","","","","","","","","","","SPP-DK_A_chemi_11000","01/01/2014 00:00:00","","automatic","chemi","","other","","","","","","","","","","","","","","","","http://cdr.eionet.europa.eu/dk/eu/aqd/d/colarw97g/envarw_cw/REP_D-DK_NERI_20251124_D-001.xml","05/12/2025 14:00:17"
"Denmark","DK.NERI.AQ","2025","NET-DK004A","""Danish Air Quality Monitoring Programme""","UTC+01","DK0056A","6160","""Århus/6160""","SPO-DK0056A_00009_100","NOX as NO2","10.193640","56.159760","21.000000","m","urban","background","01/01/2014 00:00:00","","SPO_F-DK0056A_00009_100_100","3.7","m","","","","","","","Transport","","","0","","","","","Aarhus","","","","","","","","","","SPP-DK_A_chemi_API","01/01/2014 00:00:00","","automatic","chemi","","API200","","","","","","ref","","","","","In preparation","1","hour","1","second","http://cdr.eionet.europa.eu/dk/eu/aqd/d/colarw97g/envarw_cw/REP_D-DK_NERI_20251124_D-001.xml","05/12/2025 14:00:17"
"Denmark","DK.NERI.AQ","2025","NET-DK004A","""Danish Air Quality Monitoring Programme""","UTC+01","DK0056A","DK0056A","""&#197;rhus/6160""","SPO-DK0056A_00038_100","NO","10.193600","56.159800","21.000000","","urban","background","01/01/2014 00:00:00","","SPO_F-DK0056A_00038_100_100","3.0","","","","","","","","","","","0","","","","","","","","","","","","","","","SPP-DK_A_chemi_11000","01/01/2014 00:00:00","","automatic","chemi","","other","","","","","","","","","","","","","","","","http://cdr.eionet.europa.eu/dk/eu/aqd/d/colarw97g/envarw_cw/REP_D-DK_NERI_20251124_D-001.xml","05/12/2025 14:00:17"
"Denmark","DK.NERI.AQ","2025","NET-DK004A","""Danish Air Quality Monitoring Programme""","UTC+01","DK0056A","6160","""Århus/6160""","SPO-DK0056A_00038_100","NO","10.193640","56.159760","21.000000","m","urban","background","01/01/2014 00:00:00","","SPO_F-DK0056A_00038_100_100","3.7","m","","","","","","","Transport","","","0","","","","","Aarhus","","","","","","","","","","SPP-DK_A_chemi_API","01/01/2014 00:00:00","","automatic","chemi","","API200","","","","","","ref","","","","","In preparation","1","hour","1","second","http://cdr.eionet.europa.eu/dk/eu/aqd/d/colarw97g/envarw_cw/REP_D-DK_NERI_20251124_D-001.xml","05/12/2025 14:00:17"
"Denmark","DK.NERI.AQ","2025","NET-DK004A","""Danish Air Quality Monitoring Programme""","UTC+01","DK0056A","DK0056A","""&#197;rhus/6160""","SPO-DK0056A_06001_100","PM2.5","10.193600","56.159800","21.000000","","urban","background","01/01/2014 00:00:00","","SPO_F-DK0056A_06001_100_100","3.0","","","","","","","","","","","0","","","","","","","","","","","","","","","SPP-DK_N_gravi_00000","01/01/2014 00:00:00","","active","","","","","other","","gravi","","","","","","","","","","","","http://cdr.eionet.europa.eu/dk/eu/aqd/d/colarw97g/envarw_cw/REP_D-DK_NERI_20251124_D-001.xml","05/12/2025 14:00:17"
"Denmark","DK.NERI.AQ","2025","NET-DK004A","""Danish Air Quality Monitoring Programme""","UTC+01","DK0056A","6160","""Århus/6160""","SPO-DK0056A_06001_100","PM2.5","10.193640","56.159760","21.000000","m","urban","background","01/01/2014 00:00:00","","SPO_F-DK0056A_06001_100_100","3.7","m","","","","","","","Long-range transboundary transport","","","0","","","","","Aarhus","","","","","","","","","","SPP-DK_N_gravi_00714","01/01/2014 00:00:00","","active","","","","","","","gravi","","ref","","","","","In preparation","1","day","24","hour","http://cdr.eionet.europa.eu/dk/eu/aqd/d/colarw97g/envarw_cw/REP_D-DK_NERI_20251124_D-001.xml","05/12/2025 14:00:17"
"Denmark","DK.NERI.AQ","2025","NET-DK004A","""Danish Air Quality Monitoring Programme""","UTC+01","DK0057A","2450","""Hvidover""","SPO-DK0057A_00008_100","NO2","12.463300","55.632000","5.000000","m","suburban","background","01/01/2015 00:00:00","01/01/2022 00:00:00","SPO_F-DK0057A_00008_100_100","3.7","m","","","","","","","Transport","","","0","","","","","","","","","","","","","","","SPP-DK_A_chemi_API","01/01/2015 00:00:00","01/01/2022 00:00:00","automatic","chemi","","API200","","","","","","ref","","","","","In preparation","1","hour","1","second","http://cdr.eionet.europa.eu/dk/eu/aqd/d/colarw97g/envarw_cw/REP_D-DK_NERI_20251124_D-001.xml","05/12/2025 14:00:17"
"Denmark","DK.NERI.AQ","2025","NET-DK004A","""Danish Air Quality Monitoring Programme""","UTC+01","DK0057A","2450","""Hvidover""","SPO-DK0057A_00009_100","NOX as NO2","12.463300","55.632000","5.000000","m","suburban","background","01/01/2015 00:00:00","01/01/2022 00:00:00","SPO_F-DK0057A_00009_100_100","3.7","m","","","","","","","Transport","","","0","","","","","","","","","","","","","","","SPP-DK_A_chemi_API","01/01/2015 00:00:00","01/01/2022 00:00:00","automatic","chemi","","API200","","","","","","ref","","","","","In preparation","1","hour","1","second","http://cdr.eionet.europa.eu/dk/eu/aqd/d/colarw97g/envarw_cw/REP_D-DK_NERI_20251124_D-001.xml","05/12/2025 14:00:17"
"Denmark","DK.NERI.AQ","2025","NET-DK004A","""Danish Air Quality Monitoring Programme""","UTC+01","DK0057A","2450","""Hvidover""","SPO-DK0057A_00038_100","NO","12.463300","55.632000","5.000000","m","suburban","background","01/01/2015 00:00:00","01/01/2022 00:00:00","SPO_F-DK0057A_00038_100_100","3.7","m","","","","","","","Transport","","","0","","","","","","","","","","","","","","","SPP-DK_A_chemi_API","01/01/2015 00:00:00","01/01/2022 00:00:00","automatic","chemi","","API200","","","","","","ref","","","","","In preparation","1","hour","1","second","http://cdr.eionet.europa.eu/dk/eu/aqd/d/colarw97g/envarw_cw/REP_D-DK_NERI_20251124_D-001.xml","05/12/2025 14:00:17"
"Denmark","DK.NERI.AQ","2025","NET-DK004A","""Danish Air Quality Monitoring Programme""","UTC+01","DK0057A","2450","""Hvidover""","SPO-DK0057A_05029_100","BaP in PM10","12.463300","55.632000","5.000000","m","suburban","background","01/01/2015 00:00:00","01/01/2022 00:00:00","SPO_F-DK0057A_05029_100_100","3.7","m","","","","","","","Other sectors","","","0","","","","","","","","","","","","","","","SPP-DK_N_GC-MS_02465","01/01/2015 00:00:00","01/01/2022 00:00:00","active","","","","","LVSauto2.3","","GC-MS","","ref","","","","","In preparation","1","day","1","day","http://cdr.eionet.europa.eu/dk/eu/aqd/d/colarw97g/envarw_cw/REP_D-DK_NERI_20251124_D-001.xml","05/12/2025 14:00:17"
"Denmark","DK.NERI.AQ","2025","NET-DK004A","""Danish Air Quality Monitoring Programme""","UTC+01","DK0057A","2450","""Hvidover""","SPO-DK0057A_05419_100","Dibenzo(ah)anthracene in PM10","12.463300","55.632000","5.000000","m","suburban","background","01/01/2015 00:00:00","01/01/2022 00:00:00","SPO_F-DK0057A_05419_100_100","3.7","m","","","","","","","Other sectors","","","0","","","","","","","","","","","","","","","SPP-DK_N_GC-MS_02465","01/01/2015 00:00:00","01/01/2022 00:00:00","active","","","","","LVSauto2.3","","GC-MS","","ref","","","","","In preparation","1","day","1","day","http://cdr.eionet.europa.eu/dk/eu/aqd/d/colarw97g/envarw_cw/REP_D-DK_NERI_20251124_D-001.xml","05/12/2025 14:00:17"
"Denmark","DK.NERI.AQ","2025","NET-DK004A","""Danish Air Quality Monitoring Programme""","UTC+01","DK0057A","2450","""Hvidover""","SPO-DK0057A_05610_100","Benzo(a)anthracene in PM10","12.463300","55.632000","5.000000","m","suburban","background","01/01/2015 00:00:00","01/01/2022 00:00:00","SPO_F-DK0057A_05610_100_100","3.7","m","","","","","","","Other sectors","","","0","","","","","","","","","","","","","","","SPP-DK_N_GC-MS_02465","01/01/2015 00:00:00","01/01/2022 00:00:00","active","","","","","LVSauto2.3","","GC-MS","","ref","","","","","In preparation","1","day","1","day","http://cdr.eionet.europa.eu/dk/eu/aqd/d/colarw97g/envarw_cw/REP_D-DK_NERI_20251124_D-001.xml","05/12/2025 14:00:17"
"Denmark","DK.NERI.AQ","2025","NET-DK004A","""Danish Air Quality Monitoring Programme""","UTC+01","DK0057A","2450","""Hvidover""","SPO-DK0057A_05626_100","Benzo(k)fluoranthene in PM10","12.463300","55.632000","5.000000","m","suburban","background","01/01/2015 00:00:00","01/01/2022 00:00:00","SPO_F-DK0057A_05626_100_100","3.7","m","","","","","","","Other sectors","","","0","","","","","","","","","","","","","","","SPP-DK_N_GC-MS_02465","01/01/2015 00:00:00","01/01/2022 00:00:00","active","","","","","LVSauto2.3","","GC-MS","","ref","","","","","In preparation","1","day","1","day","http://cdr.eionet.europa.eu/dk/eu/aqd/d/colarw97g/envarw_cw/REP_D-DK_NERI_20251124_D-001.xml","05/12/2025 14:00:17"
"Denmark","DK.NERI.AQ","2025","NET-DK004A","""Danish Air Quality Monitoring Programme""","UTC+01","DK0057A","2450","""Hvidover""","SPO-DK0057A_05655_100","Indeno-(1,2,3-cd)pyrene in PM","12.463300","55.632000","5.000000","m","suburban","background","01/01/2015 00:00:00","01/01/2022 00:00:00","SPO_F-DK0057A_05655_100_100","3.7","m","","","","","","","Other sectors","","","0","","","","","","","","","","","","","","","SPP-DK_N_GC-MS_02465","01/01/2015 00:00:00","01/01/2022 00:00:00","active","","","","","LVSauto2.3","","GC-MS","","ref","","","","","In preparation","1","day","1","day","http://cdr.eionet.europa.eu/dk/eu/aqd/d/colarw97g/envarw_cw/REP_D-DK_NERI_20251124_D-001.xml","05/12/2025 14:00:17"
"Denmark","DK.NERI.AQ","2025","NET-DK004A","""Danish Air Quality Monitoring Programme""","UTC+01","DK0057A","2450","""Hvidover""","SPO-DK0057A_06001_100","PM2.5","12.463300","55.632000","5.000000","m","suburban","background","01/01/2015 00:00:00","01/07/2021 00:00:00","SPO_F-DK0057A_06001_100_100","3.7","m","","","","","","","Long-range transboundary transport","","","0","","","","","","","","","","","","","","","SPP-DK_N_gravi_01788","01/01/2015 00:00:00","01/07/2021 00:00:00","active","","","","","","","gravi","","ref","","","","","In preparation","1","day","1","hour","http://cdr.eionet.europa.eu/dk/eu/aqd/d/colarw97g/envarw_cw/REP_D-DK_NERI_20251124_D-001.xml","05/12/2025 14:00:17"
"Denmark","DK.NERI.AQ","2025","NET-DK004A","""Danish Air Quality Monitoring Programme""","UTC+01","DK0058A","9155","""Odense/9155""","SPO-DK0058A_00005_100","PM10","10.366900","55.398000","10.000000","m","urban","traffic","16/06/2016 00:00:00","","SPO_F-DK0058A_00005_100_100","3.7","m","5.0","m","2.0","m","","","Long-range transboundary transport","","","0","","","","","Odense","","","","","","","","","","SPP-DK_N_gravi_01788","16/06/2016 00:00:00","","active","","","","","","","gravi","","ref","","","","","In preparation","1","day","1","hour","http://cdr.eionet.europa.eu/dk/eu/aqd/d/colarw97g/envarw_cw/REP_D-DK_NERI_20251124_D-001.xml","05/12/2025 14:00:17"
"Denmark","DK.NERI.AQ","2025","NET-DK004A","""Danish Air Quality Monitoring Programme""","UTC+01","DK0058A","9155","""Odense/9155""","SPO-DK0058A_00008_100","NO2","10.366900","55.398000","10.000000","m","urban","traffic","01/01/2016 00:00:00","","SPO_F-DK0058A_00008_100_100","3.7","m","5.0","m","2.0","m","","","Transport","","","0","","","","","Odense","","","","","","","","","","SPP-DK_A_chemi_API","01/01/2016 00:00:00","","automatic","chemi","","API200","","","","","","ref","","","","","In preparation","1","hour","1","second","http://cdr.eionet.europa.eu/dk/eu/aqd/d/colarw97g/envarw_cw/REP_D-DK_NERI_20251124_D-001.xml","05/12/2025 14:00:17"
"Denmark","DK.NERI.AQ","2025","NET-DK004A","""Danish Air Quality Monitoring Programme""","UTC+01","DK0058A","9155","""Odense/9155""","SPO-DK0058A_00009_100","NOX as NO2","10.366900","55.398000","10.000000","m","urban","traffic","01/01/2016 00:00:00","","SPO_F-DK0058A_00009_100_100","3.7","m","5.0","m","2.0","m","","","Transport","","","0","","","","","Odense","","","","","","","","","","SPP-DK_A_chemi_API","01/01/2016 00:00:00","","automatic","chemi","","API200","","","","","","ref","","","","","In preparation","1","hour","1","second","http://cdr.eionet.europa.eu/dk/eu/aqd/d/colarw97g/envarw_cw/REP_D-DK_NERI_20251124_D-001.xml","05/12/2025 14:00:17"
"Denmark","DK.NERI.AQ","2025","NET-DK004A","""Danish Air Quality Monitoring Programme""","UTC+01","DK0058A","9155","""Odense/9155""","SPO-DK0058A_00010_100","CO","10.366900","55.398000","10.000000","m","urban","traffic","01/01/2016 00:00:00","","SPO_F-DK0058A_00010_100_100","3.7","m","5.0","m","2.0","m","","","Transport","","","0","","","","","Odense","","","","","","","","","","SPP-DK_A_NDIR_API300","01/01/2016 00:00:00","","automatic","NDIR","","API300","","","","","","ref","","","","","In preparation","0","variable","30","minute","http://cdr.eionet.europa.eu/dk/eu/aqd/d/colarw97g/envarw_cw/REP_D-DK_NERI_20251124_D-001.xml","05/12/2025 14:00:17"
"Denmark","DK.NERI.AQ","2025","NET-DK004A","""Danish Air Quality Monitoring Programme""","UTC+01","DK0058A","9155","""Odense/9155""","SPO-DK0058A_00038_100","NO","10.366900","55.398000","10.000000","m","urban","traffic","01/01/2016 00:00:00","","SPO_F-DK0058A_00038_100_100","3.7","m","5.0","m","2.0","m","","","Transport","","","0","","","","","Odense","","","","","","","","","","SPP-DK_A_chemi_API","01/01/2016 00:00:00","","automatic","chemi","","API200","","","","","","ref","","","","","In preparation","1","hour","1","second","http://cdr.eionet.europa.eu/dk/eu/aqd/d/colarw97g/envarw_cw/REP_D-DK_NERI_20251124_D-001.xml","05/12/2025 14:00:17"
"Denmark","DK.NERI.AQ","2025","NET-DK004A","""Danish Air Quality Monitoring Programme""","UTC+01","DK0059A","8152","""Aalborg/8152""","SPO-DK0059A_00001_100","SO2","9.915000","57.045280","5.000000","m","urban","traffic","01/12/2019 00:00:00","","SPO_F-DK0059A_00001_100_100","4.0","m","5.0","m","2.0","m","","","Transport","","","0","","","","","Aalborg","","","","","","","","","6000","SPP-DK_N_0020200202","01/12/2019 00:00:00","","active","","","","","","","gravi","","no","","","","","In preparation","0","variable","0","other","http://cdr.eionet.europa.eu/dk/eu/aqd/d/colarw97g/envarw_cw/REP_D-DK_NERI_20251124_D-001.xml","05/12/2025 14:00:17"
"Denmark","DK.NERI.AQ","2025","NET-DK004A","""Danish Air Quality Monitoring Programme""","UTC+01","DK0059A","8152","""Aalborg/8152""","SPO-DK0059A_00008_100","NO2","9.915000","57.045280","5.000000","m","urban","traffic","01/12/2019 00:00:00","","SPO_F-DK0059A_00008_100_100","4.0","m","5.0","m","2.0","m","","","Transport","","","0","","","","","Aalborg","","","","","","","","","6000","SPP-DK_A_chemi_API","01/12/2019 00:00:00","","automatic","chemi","","API200","","","","","","ref","","","","","In preparation","1","hour","1","second","http://cdr.eionet.europa.eu/dk/eu/aqd/d/colarw97g/envarw_cw/REP_D-DK_NERI_20251124_D-001.xml","05/12/2025 14:00:17"
"Denmark","DK.NERI.AQ","2025","NET-DK004A","""Danish Air Quality Monitoring Programme""","UTC+01","DK0059A","8152","""Aalborg/8152""","SPO-DK0059A_00009_100","NOX as NO2","9.915000","57.045280","5.000000","m","urban","traffic","01/12/2019 00:00:00","","SPO_F-DK0059A_00009_100_100","4.0","m","5.0","m","2.0","m","","","Transport","","","0","","","","","Aalborg","","","","","","","","","6000","SPP-DK_A_chemi_API","01/12/2019 00:00:00","","automatic","chemi","","API200","","","","","","ref","","","","","In preparation","1","hour","1","second","http://cdr.eionet.europa.eu/dk/eu/aqd/d/colarw97g/envarw_cw/REP_D-DK_NERI_20251124_D-001.xml","05/12/2025 14:00:17"
"Denmark","DK.NERI.AQ","2025","NET-DK004A","""Danish Air Quality Monitoring Programme""","UTC+01","DK0059A","8152","""Aalborg/8152""","SPO-DK0059A_00010_100","CO","9.915000","57.045280","5.000000","m","urban","traffic","01/12/2019 00:00:00","","SPO_F-DK0059A_00010_100_100","4.0","m","5.0","m","2.0","m","","","Transport","","","0","","","","","Aalborg","","","","","","","","","6000","SPP-DK_A_NDIR_07056","01/12/2019 00:00:00","","automatic","NDIR","","thermo48","","","","","","ref","","","","","In preparation","0","variable","0","other","http://cdr.eionet.europa.eu/dk/eu/aqd/d/colarw97g/envarw_cw/REP_D-DK_NERI_20251124_D-001.xml","05/12/2025 14:00:17"
"Denmark","DK.NERI.AQ","2025","NET-DK004A","""Danish Air Quality Monitoring Programme""","UTC+01","DK0059A","8152","""Aalborg/8152""","SPO-DK0059A_00038_100","NO","9.915000","57.045280","5.000000","m","urban","traffic","01/12/2019 00:00:00","","SPO_F-DK0059A_00038_100_100","4.0","m","5.0","m","2.0","m","","","Transport","","","0","","","","","Aalborg","","","","","","","","","6000","SPP-DK_A_chemi_API","01/12/2019 00:00:00","","automatic","chemi","","API200","","","","","","ref","","","","","In preparation","1","hour","1","second","http://cdr.eionet.europa.eu/dk/eu/aqd/d/colarw97g/envarw_cw/REP_D-DK_NERI_20251124_D-001.xml","05/12/2025 14:00:17"
"Denmark","DK.NERI.AQ","2025","NET-DK004A","""Danish Air Quality Monitoring Programme""","UTC+01","DK0059A","8152","""Aalborg/8152""","SPO-DK0059A_06001_100","PM2.5","9.915000","57.045280","5.000000","m","urban","traffic","01/12/2019 00:00:00","","SPO_F-DK0059A_06001_100_100","4.0","m","5.0","m","2.0","m","","","Long-range transboundary transport","","","0","","","","","Aalborg","","","","","","","","","6000","SPP-DK_A_BETA_01112","01/12/2019 00:00:00","","automatic","BETA","","opsisSM200","","","","","","yes","http://envs2.au.dk/Metodedokumentation/SM200_PM10_comp_with_the_stand_method.pdf","","","","In preparation","1","day","1","hour","http://cdr.eionet.europa.eu/dk/eu/aqd/d/colarw97g/envarw_cw/REP_D-DK_NERI_20251124_D-001.xml","05/12/2025 14:00:17"
"Denmark","DK.NERI.AQ","2025","NET-DK004A","""Danish Air Quality Monitoring Programme""","UTC+01","DK0060A","2651","""Hvidover II""","SPO-DK0060A_00008_100","NO2","12.461700","55.637500","5.000000","m","suburban","background","01/01/2022 00:00:00","","SPO_F-DK0060A_00008_100_100","3.7","m","","","","","","","Transport","","","0","","","","","Hvidovre","","","","","","","","","","SPP-DK_A_chemi_API","01/01/2022 00:00:00","","automatic","chemi","","API200","","","","","","ref","","","","","In preparation","1","hour","1","second","http://cdr.eionet.europa.eu/dk/eu/aqd/d/colarw97g/envarw_cw/REP_D-DK_NERI_20251124_D-001.xml","05/12/2025 14:00:17"
"Denmark","DK.NERI.AQ","2025","NET-DK004A","""Danish Air Quality Monitoring Programme""","UTC+01","DK0060A","2651","""Hvidover II""","SPO-DK0060A_00009_100","NOX as NO2","12.461700","55.637500","5.000000","m","suburban","background","01/01/2022 00:00:00","","SPO_F-DK0060A_00009_100_100","3.7","m","","","","","","","Transport","","","0","","","","","Hvidovre","","","","","","","","","","SPP-DK_A_chemi_API","01/01/2022 00:00:00","","automatic","chemi","","API200","","","","","","ref","","","","","In preparation","1","hour","1","second","http://cdr.eionet.europa.eu/dk/eu/aqd/d/colarw97g/envarw_cw/REP_D-DK_NERI_20251124_D-001.xml","05/12/2025 14:00:17"
"Denmark","DK.NERI.AQ","2025","NET-DK004A","""Danish Air Quality Monitoring Programme""","UTC+01","DK0060A","2651","""Hvidover II""","SPO-DK0060A_00038_100","NO","12.461700","55.637500","5.000000","m","suburban","background","01/01/2022 00:00:00","","SPO_F-DK0060A_00038_100_100","3.7","m","","","","","","","Transport","","","0","","","","","Hvidovre","","","","","","","","","","SPP-DK_A_chemi_API","01/01/2022 00:00:00","","automatic","chemi","","API200","","","","","","ref","","","","","In preparation","1","hour","1","second","http://cdr.eionet.europa.eu/dk/eu/aqd/d/colarw97g/envarw_cw/REP_D-DK_NERI_20251124_D-001.xml","05/12/2025 14:00:17"
"Denmark","DK.NERI.AQ","2025","NET-DK004A","""Danish Air Quality Monitoring Programme""","UTC+01","DK0060A","2651","""Hvidover II""","SPO-DK0060A_01771_100","EC in PM2.5","12.461700","55.637500","5.000000","m","suburban","background","01/01/2022 00:00:00","","SPO_F-DK0060A_01771_100_100","3.7","m","","","","","","","Transport","","","0","","","","","Hvidovre","","","","","","","","","","SPP-DK_N_TOCA_sunset","01/01/2022 00:00:00","","active","","","","","LVSauto2.3","","TOCA","","ref","","","","","In preparation","1","day","24","hour","http://cdr.eionet.europa.eu/dk/eu/aqd/d/colarw97g/envarw_cw/REP_D-DK_NERI_20251124_D-001.xml","05/12/2025 14:00:17"
"Denmark","DK.NERI.AQ","2025","NET-DK004A","""Danish Air Quality Monitoring Programme""","UTC+01","DK0060A","2651","""Hvidover II""","SPO-DK0060A_01772_100","OC in PM2.5","12.461700","55.637500","5.000000","m","suburban","background","01/01/2022 00:00:00","","SPO_F-DK0060A_01772_100_100","3.7","m","","","","","","","Other sectors","","","0","","","","","Hvidovre","","","","","","","","","","SPP-DK_N_TOCA_sunset","01/01/2022 00:00:00","","active","","","","","LVSauto2.3","","TOCA","","ref","","","","","In preparation","1","day","24","hour","http://cdr.eionet.europa.eu/dk/eu/aqd/d/colarw97g/envarw_cw/REP_D-DK_NERI_20251124_D-001.xml","05/12/2025 14:00:17"
"Denmark","DK.NERI.AQ","2025","NET-DK004A","""Danish Air Quality Monitoring Programme""","UTC+01","DK0060A","2651","""Hvidover II""","SPO-DK0060A_05029_100","BaP in PM10","12.461700","55.637500","5.000000","m","suburban","background","01/01/2022 00:00:00","","SPO_F-DK0060A_05029_100_100","3.7","m","","","","","","","Other sectors","","","0","","","","","Hvidovre","","","","","","","","","","SPP-DK_N_GC-MS_02465","01/01/2022 00:00:00","","active","","","","","LVSauto2.3","","GC-MS","","ref","","","","","In preparation","1","day","1","day","http://cdr.eionet.europa.eu/dk/eu/aqd/d/colarw97g/envarw_cw/REP_D-DK_NERI_20251124_D-001.xml","05/12/2025 14:00:17"
"Denmark","DK.NERI.AQ","2025","NET-DK004A","""Danish Air Quality Monitoring Programme""","UTC+01","DK0060A","2651","""Hvidover II""","SPO-DK0060A_05419_100","Dibenzo(ah)anthracene in PM10","12.461700","55.637500","5.000000","m","suburban","background","01/01/2022 00:00:00","","SPO_F-DK0060A_05419_100_100","3.7","m","","","","","","","Other sectors","","","0","","","","","Hvidovre","","","","","","","","","","SPP-DK_N_GC-MS_02465","01/01/2022 00:00:00","","active","","","","","LVSauto2.3","","GC-MS","","ref","","","","","In preparation","1","day","1","day","http://cdr.eionet.europa.eu/dk/eu/aqd/d/colarw97g/envarw_cw/REP_D-DK_NERI_20251124_D-001.xml","05/12/2025 14:00:17"
"Denmark","DK.NERI.AQ","2025","NET-DK004A","""Danish Air Quality Monitoring Programme""","UTC+01","DK0060A","2651","""Hvidover II""","SPO-DK0060A_05610_100","Benzo(a)anthracene in PM10","12.461700","55.637500","5.000000","m","suburban","background","01/01/2022 00:00:00","","SPO_F-DK0060A_05610_100_100","3.7","m","","","","","","","Other sectors","","","0","","","","","Hvidovre","","","","","","","","","","SPP-DK_N_GC-MS_02465","01/01/2022 00:00:00","","active","","","","","LVSauto2.3","","GC-MS","","ref","","","","","In preparation","1","day","1","day","http://cdr.eionet.europa.eu/dk/eu/aqd/d/colarw97g/envarw_cw/REP_D-DK_NERI_20251124_D-001.xml","05/12/2025 14:00:17"
"Denmark","DK.NERI.AQ","2025","NET-DK004A","""Danish Air Quality Monitoring Programme""","UTC+01","DK0060A","2651","""Hvidover II""","SPO-DK0060A_05617_100","Benzo(b)fluoranthene in PM10","12.461700","55.637500","5.000000","m","suburban","background","01/01/2022 00:00:00","","SPO_F-DK0060A_05617_100_100","3.7","m","","","","","","","Other sectors","","","0","","","","","Hvidovre","","","","","","","","","","SPP-DK_N_GC-MS_02465","01/01/2022 00:00:00","","active","","","","","LVSauto2.3","","GC-MS","","ref","","","","","In preparation","1","day","1","day","http://cdr.eionet.europa.eu/dk/eu/aqd/d/colarw97g/envarw_cw/REP_D-DK_NERI_20251124_D-001.xml","05/12/2025 14:00:17"
"Denmark","DK.NERI.AQ","2025","NET-DK004A","""Danish Air Quality Monitoring Programme""","UTC+01","DK0060A","2651","""Hvidover II""","SPO-DK0060A_05626_100","Indeno-(1,2,3-cd)pyrene in PM","12.461700","55.637500","5.000000","m","suburban","background","01/01/2022 00:00:00","","SPO_F-DK0060A_05626_100_100","3.7","m","","","","","","","Other sectors","","","0","","","","","Hvidovre","","","","","","","","","","SPP-DK_N_GC-MS_02465","01/01/2022 00:00:00","","active","","","","","LVSauto2.3","","GC-MS","","ref","","","","","In preparation","1","day","1","day","http://cdr.eionet.europa.eu/dk/eu/aqd/d/colarw97g/envarw_cw/REP_D-DK_NERI_20251124_D-001.xml","05/12/2025 14:00:17"
"Denmark","DK.NERI.AQ","2025","NET-DK004A","""Danish Air Quality Monitoring Programme""","UTC+01","DK0060A","2651","""Hvidover II""","SPO-DK0060A_05655_100","Indeno-(1,2,3-cd)pyrene in PM","12.461700","55.637500","5.000000","m","suburban","background","01/01/2022 00:00:00","","SPO_F-DK0060A_05655_100_100","3.7","m","","","","","","","Other sectors","","","0","","","","","Hvidovre","","","","","","","","","","SPP-DK_N_GC-MS_02465","01/01/2022 00:00:00","","active","","","","","LVSauto2.3","","GC-MS","","ref","","","","","In preparation","1","day","1","day","http://cdr.eionet.europa.eu/dk/eu/aqd/d/colarw97g/envarw_cw/REP_D-DK_NERI_20251124_D-001.xml","05/12/2025 14:00:17"
"Denmark","DK.NERI.AQ","2025","NET-DK004A","""Danish Air Quality Monitoring Programme""","UTC+01","DK0060A","2651","""Hvidover II""","SPO-DK0060A_05759_100","Benzo(j)fluoranthene in PM10","12.461700","55.637500","5.000000","m","suburban","background","01/01/2022 00:00:00","","SPO_F-DK0060A_05759_100_100","3.7","m","","","","","","","Other sectors","","","0","","","","","Hvidovre","","","","","","","","","","SPP-DK_N_GC-MS_02465","01/01/2022 00:00:00","","active","","","","","LVSauto2.3","","GC-MS","","ref","","","","","In preparation","1","day","1","day","http://cdr.eionet.europa.eu/dk/eu/aqd/d/colarw97g/envarw_cw/REP_D-DK_NERI_20251124_D-001.xml","05/12/2025 14:00:17"
"Denmark","DK.NERI.AQ","2025","NET-DK004A","""Danish Air Quality Monitoring Programme""","UTC+01","DK0060A","2651","""Hvidover II""","SPO-DK0060A_06001_100","PM2.5","12.461700","55.637500","5.000000","m","suburban","background","01/01/2022 00:00:00","","SPO_F-DK0060A_06001_100_100","3.7","m","","","","","","","Long-range transboundary transport","","","0","","","","","Hvidovre","","","","","","","","","","SPP-DK_N_gravi_01788","01/01/2022 00:00:00","","active","","","","","","","gravi","","ref","","","","","In preparation","1","day","1","hour","http://cdr.eionet.europa.eu/dk/eu/aqd/d/colarw97g/envarw_cw/REP_D-DK_NERI_20251124_D-001.xml","05/12/2025 14:00:17"
"Denmark","DK.NERI.AQ","2025","NET-DK004A","""Danish Air Quality Monitoring Programme""","UTC+01","DK0061A","9054","""Keldsnor/9054""","SPO-DK0061A_00005_101","PM10","10.732990","54.749860","5.000000","m","rural-regional","background","01/01/2024 00:00:00","","SPO_F-DK0061A_00005_101_101","3.7","m","","","","","","","Long-range transboundary transport","","","0","","","","","Langeland","","","","","","","","","","SPP-DK_N_06052leckelSEQ-LVS","01/01/2024 00:00:00","","active","","","","","LVSauto2.3","","gravi","","no","","","","","In preparation","1","day","1","day","http://cdr.eionet.europa.eu/dk/eu/aqd/d/colarw97g/envarw_cw/REP_D-DK_NERI_20251124_D-001.xml","05/12/2025 14:00:17"
"Denmark","DK.NERI.AQ","2025","NET-DK004A","""Danish Air Quality Monitoring Programme""","UTC+01","DK0061A","9054","""Keldsnor/9054""","SPO-DK0061A_00007_101","O3","10.732990","54.749860","5.000000","m","rural-regional","background","01/01/2024 00:00:00","","SPO_F-DK0061A_00007_101_101","3.7","m","","","","","","","Long-range transboundary transport","","","0","","","","","Langeland","","","","","","","","","","SPP-DK_A_UV-P_API400A","01/01/2024 00:00:00","","automatic","UV-P","","API400A","","","","","","ref","","","","","In preparation","0","variable","30","minute","http://cdr.eionet.europa.eu/dk/eu/aqd/d/colarw97g/envarw_cw/REP_D-DK_NERI_20251124_D-001.xml","05/12/2025 14:00:17"
"Denmark","DK.NERI.AQ","2025","NET-DK004A","""Danish Air Quality Monitoring Programme""","UTC+01","DK0061A","9054","""Keldsnor/9054""","SPO-DK0061A_00008_101","NO2","10.732990","54.749860","5.000000","m","rural-regional","background","01/01/2024 00:00:00","","SPO_F-DK0061A_00008_101_101","3.7","m","","","","","","","Long-range transboundary transport","","","0","","","","","Langeland","","","","","","","","","","SPP-DK_A_chemi_API","01/01/2024 00:00:00","","automatic","chemi","","API200","","","","","","ref","","","","","In preparation","1","hour","1","second","http://cdr.eionet.europa.eu/dk/eu/aqd/d/colarw97g/envarw_cw/REP_D-DK_NERI_20251124_D-001.xml","05/12/2025 14:00:17"
"Denmark","DK.NERI.AQ","2025","NET-DK004A","""Danish Air Quality Monitoring Programme""","UTC+01","DK0061A","9054","""Keldsnor/9054""","SPO-DK0061A_00009_101","NOX as NO2","10.732990","54.749860","5.000000","m","rural-regional","background","01/01/2024 00:00:00","","SPO_F-DK0061A_00009_101_101","3.7","m","","","","","","","Long-range transboundary transport","","","0","","","","","Langeland","","","","","","","","","","SPP-DK_A_chemi_API","01/01/2024 00:00:00","","automatic","chemi","","API200","","","","","","ref","","","","","In preparation","1","hour","1","second","http://cdr.eionet.europa.eu/dk/eu/aqd/d/colarw97g/envarw_cw/REP_D-DK_NERI_20251124_D-001.xml","05/12/2025 14:00:17"
"Denmark","DK.NERI.AQ","2025","NET-DK004A","""Danish Air Quality Monitoring Programme""","UTC+01","DK0061A","9054","""Keldsnor/9054""","SPO-DK0061A_00038_101","NO","10.732990","54.749860","5.000000","m","rural-regional","background","01/01/2024 00:00:00","","SPO_F-DK0061A_00038_101_101","3.7","m","","","","","","","Long-range transboundary transport","","","0","","","","","Langeland","","","","","","","","","","SPP-DK_A_chemi_API","01/01/2024 00:00:00","","automatic","chemi","","API200","","","","","","ref","","","","","In preparation","1","hour","1","second","http://cdr.eionet.europa.eu/dk/eu/aqd/d/colarw97g/envarw_cw/REP_D-DK_NERI_20251124_D-001.xml","05/12/2025 14:00:17"
