Country,B-G Namespace,Year,Air Quality Network,Air Quality Network Name,Timezone,Air Quality Station EoI Code,Air Quality Station Nat Code,Air Quality Station Name,Sampling Point Id,Air Pollutant,Longitude,Latitude,Altitude,Altitude Unit,Air Quality Station Area,Air Quality Station Type,Operational Activity Begin,Operational Activity End,Sample Id,Inlet Height,Inlet Height Unit,Building Distance,Building Distance Unit,Kerb Distance,Kerb Distance Unit,Distance Source,Distance Source Unit,Main Emission Sources,Heating Emissions,Heating Emissions Unit,Mobile,Traffic Emissions,Traffic Emissions Unit,Industrial Emissions,Industrial Emissions Unit,Municipality,Dispersion Local,Dispersion Regional,Distance Junction,Distance Junction Unit,Heavy Duty Fraction,Height Facades,Street Width,Traffic Speed,Traffic Volume,Process Id,Process Activity Begin,Process Activity End,Measurement Type,Measurement Method,Other Measurement Method,Measurement Equipment,Other Measurement Equipment,Sampling Method,Other Sampling Method,Analytical Technique,Other Analytical Technique,Equivalence Demonstrated,Demonstration Report,Detection Limit,Detection Limit Unit,Documentation,QA Report,Duration,Duration Unit,Cadence,Cadence Unit,Source Data URL,Imported
"Spain","ES.MAGRAMA.AQ","","NET-ES212A","""RED DE LA COMUNIDAD AUTONOMA DE GALICIA""","UTC+01","ES1961A","27902001","""BURELA""","SPO-ES1961A_06001_600","PM2.5","-7.378900","43.669400","173.000000","","rural","background","02/04/2013 00:00:00","","SPO_F-ES1961A_06001_600_600","3.0","","","","","","","","","","","0","","","","","","","","","","","","","","","SPP-ES_A_0000000000","02/04/2013 00:00:00","","automatic","other","","","","","","","","","","","","","","","","","","",""
"Spain","ES.MAGRAMA.AQ","","NET-ES212A","""RED DE LA COMUNIDAD AUTONOMA DE GALICIA""","UTC+01","ES1961A","27902001","""BURELA""","SPO-ES1961A_06001_600","PM2.5","-7.378900","43.669400","173.000000","","rural","background","02/04/2013 00:00:00","","SPO_F-ES1961A_06001_600_600","3.0","","","","","","","","","","","0","","","","","","","","","","","","","","","SPP-ES_A_TEOM_00000","02/04/2013 00:00:00","","automatic","TEOM","","other","","","","","","","","","","","","","","","","",""
"Spain","ES.MAGRAMA.AQ","","NET-ES212A","""RED DE LA COMUNIDAD AUTONOMA DE GALICIA""","UTC+01","ES2061A","ES2061A","""CAMPOLONGO""","SPO-ES2061A_06001_600","PM2.5","-8.644000","42.425900","15.000000","","urban","traffic","01/01/2015 00:00:00","","SPO_F-ES2061A_06001_600_600","3.0","","","","","","","","","","","0","","","","","","","","","","","","","","","SPP-ES_A_BETA_00000","01/01/2015 00:00:00","","automatic","BETA","","other","","","","","","","","","","","","","","","","",""
"Spain","ES.MAGRAMA.AQ","","NET-ES058A","""RED EMEP/CAMP EN ESPAÑA""","UTC+01","ES0001R","45153999","""ES0001R-SAN PABLO DE LOS MONTES""","SPO-ES0001R_06001_102","PM2.5","-4.350560","39.546940","917.000000","","rural-remote","background","01/01/2008 00:00:00","","SPO_F-ES0001R_06001_102_102","0.0","","","","","","","","","","","0","","","","","","","","","","","","","","","SPP-ES_N_gravi_00000","01/01/2008 00:00:00","","active","","","","","other","","gravi","","","","","","","","","","","","",""
"Spain","ES.MAGRAMA.AQ","","NET-ES058A","""RED EMEP/CAMP EN ESPAÑA""","UTC+01","ES0001R","45153999","""ES0001R-SAN PABLO DE LOS MONTES""","SPO-ES0001R_06001_102","PM2.5","-4.350560","39.546940","917.000000","","rural-remote","background","01/01/2008 00:00:00","","SPO_F-ES0001R_06001_102_102","0.0","","","","","","","","","","","0","","","","","","","","","","","","","","","SPP-ES_N_gravi_00714","01/01/2008 00:00:00","","active","","","","","","","gravi","","","","","","","","","","","","",""
"Spain","ES.MAGRAMA.AQ","","NET-ES058A","""RED EMEP/CAMP EN ESPAÑA""","UTC+01","ES0006R","7032999","""ES0006R-MAHÓN""","SPO-ES0006R_06001_102","PM2.5","4.316390","39.875280","78.000000","","rural-remote","background","01/05/2012 00:00:00","","SPO_F-ES0006R_06001_102_102","0.0","","","","","","","","","","","0","","","","","","","","","","","","","","","SPP-ES_N_gravi_00000","01/05/2012 00:00:00","","active","","","","","other","","gravi","","","","","","","","","","","","",""
"Spain","ES.MAGRAMA.AQ","","NET-ES058A","""RED EMEP/CAMP EN ESPAÑA""","UTC+01","ES0006R","7032999","""ES0006R-MAHÓN""","SPO-ES0006R_06001_102","PM2.5","4.316390","39.875280","78.000000","","rural-remote","background","01/05/2012 00:00:00","","SPO_F-ES0006R_06001_102_102","0.0","","","","","","","","","","","0","","","","","","","","","","","","","","","SPP-ES_N_gravi_06114","01/05/2012 00:00:00","","active","","","","","","","gravi","","","","","","","","","","","","",""
"Spain","ES.MAGRAMA.AQ","","NET-ES058A","""RED EMEP/CAMP EN ESPAÑA""","UTC+01","ES0007R","18189999","""ES0007R-VÍZNAR""","SPO-ES0007R_06001_100","PM2.5","-3.534170","37.237220","1230.000000","","rural-remote","background","01/03/2001 00:00:00","","SPO_F-ES0007R_06001_100_100","0.0","","","","","","","","","","","0","","","","","","","","","","","","","","","SPP-ES_N_gravi_00000","01/03/2001 00:00:00","","active","","","","","other","","gravi","","","","","","","","","","","","",""
"Spain","ES.MAGRAMA.AQ","","NET-ES058A","""RED EMEP/CAMP EN ESPAÑA""","UTC+01","ES0007R","18189999","""ES0007R-VÍZNAR""","SPO-ES0007R_06001_100","PM2.5","-3.534170","37.237220","1230.000000","","rural-remote","background","01/03/2001 00:00:00","","SPO_F-ES0007R_06001_100_100","0.0","","","","","","","","","","","0","","","","","","","","","","","","","","","SPP-ES_N_gravi_00714","01/03/2001 00:00:00","","active","","","","","","","gravi","","","","","","","","","","","","",""
"Spain","ES.MAGRAMA.AQ","","NET-ES058A","""RED EMEP/CAMP EN ESPAÑA""","UTC+01","ES0007R","18189999","""ES0007R-VÍZNAR""","SPO-ES0007R_06001_102","PM2.5","-3.534170","37.237220","1230.000000","","rural-remote","background","01/03/2001 00:00:00","","SPO_F-ES0007R_06001_102_102","0.0","","","","","","","","","","","0","","","","","","","","","","","","","","","SPP-ES_N_gravi_00000","01/03/2001 00:00:00","","active","","","","","other","","gravi","","","","","","","","","","","","",""
"Spain","ES.MAGRAMA.AQ","","NET-ES058A","""RED EMEP/CAMP EN ESPAÑA""","UTC+01","ES0007R","18189999","""ES0007R-VÍZNAR""","SPO-ES0007R_06001_102","PM2.5","-3.534170","37.237220","1230.000000","","rural-remote","background","01/03/2001 00:00:00","","SPO_F-ES0007R_06001_102_102","0.0","","","","","","","","","","","0","","","","","","","","","","","","","","","SPP-ES_N_gravi_00714","01/03/2001 00:00:00","","active","","","","","","","gravi","","","","","","","","","","","","",""
"Spain","ES.MAGRAMA.AQ","","NET-ES058A","""RED EMEP/CAMP EN ESPAÑA""","UTC+01","ES0008R","33036999","""ES0008R-NIEMBRO""","SPO-ES0008R_06001_100","PM2.5","-4.850000","43.439170","134.000000","","rural-remote","background","01/03/2001 00:00:00","","SPO_F-ES0008R_06001_100_100","0.0","","","","","","","","","","","0","","","","","","","","","","","","","","","SPP-ES_N_gravi_00000","01/03/2001 00:00:00","","active","","","","","other","","gravi","","","","","","","","","","","","",""
"Spain","ES.MAGRAMA.AQ","","NET-ES058A","""RED EMEP/CAMP EN ESPAÑA""","UTC+01","ES0008R","33036999","""ES0008R-NIEMBRO""","SPO-ES0008R_06001_100","PM2.5","-4.850000","43.439170","134.000000","","rural-remote","background","01/03/2001 00:00:00","","SPO_F-ES0008R_06001_100_100","0.0","","","","","","","","","","","0","","","","","","","","","","","","","","","SPP-ES_N_gravi_00714","01/03/2001 00:00:00","","active","","","","","","","gravi","","","","","","","","","","","","",""
"Spain","ES.MAGRAMA.AQ","","NET-ES058A","""RED EMEP/CAMP EN ESPAÑA""","UTC+01","ES0008R","33036999","""ES0008R-NIEMBRO""","SPO-ES0008R_06001_102","PM2.5","-4.850000","43.439170","134.000000","","rural-remote","background","01/03/2001 00:00:00","","SPO_F-ES0008R_06001_102_102","0.0","","","","","","","","","","","0","","","","","","","","","","","","","","","SPP-ES_N_gravi_00000","01/03/2001 00:00:00","","active","","","","","other","","gravi","","","","","","","","","","","","",""
"Spain","ES.MAGRAMA.AQ","","NET-ES058A","""RED EMEP/CAMP EN ESPAÑA""","UTC+01","ES0008R","33036999","""ES0008R-NIEMBRO""","SPO-ES0008R_06001_102","PM2.5","-4.850000","43.439170","134.000000","","rural-remote","background","01/03/2001 00:00:00","","SPO_F-ES0008R_06001_102_102","0.0","","","","","","","","","","","0","","","","","","","","","","","","","","","SPP-ES_N_gravi_00714","01/03/2001 00:00:00","","active","","","","","","","gravi","","","","","","","","","","","","",""
"Spain","ES.MAGRAMA.AQ","","NET-ES058A","""RED EMEP/CAMP EN ESPAÑA""","UTC+01","ES0009R","19061999","""ES0009R-CAMPISÁBALOS""","SPO-ES0009R_06001_100","PM2.5","-3.142500","41.274170","1360.000000","","rural-remote","background","01/03/2001 00:00:00","","SPO_F-ES0009R_06001_100_100","0.0","","","","","","","","","","","0","","","","","","","","","","","","","","","SPP-ES_N_gravi_00000","01/03/2001 00:00:00","","active","","","","","other","","gravi","","","","","","","","","","","","",""
"Spain","ES.MAGRAMA.AQ","","NET-ES058A","""RED EMEP/CAMP EN ESPAÑA""","UTC+01","ES0009R","19061999","""ES0009R-CAMPISÁBALOS""","SPO-ES0009R_06001_100","PM2.5","-3.142500","41.274170","1360.000000","","rural-remote","background","01/03/2001 00:00:00","","SPO_F-ES0009R_06001_100_100","0.0","","","","","","","","","","","0","","","","","","","","","","","","","","","SPP-ES_N_gravi_00714","01/03/2001 00:00:00","","active","","","","","","","gravi","","","","","","","","","","","","",""
"Spain","ES.MAGRAMA.AQ","","NET-ES058A","""RED EMEP/CAMP EN ESPAÑA""","UTC+01","ES0009R","19061999","""ES0009R-CAMPISÁBALOS""","SPO-ES0009R_06001_102","PM2.5","-3.142500","41.274170","1360.000000","","rural-remote","background","01/03/2001 00:00:00","","SPO_F-ES0009R_06001_102_102","0.0","","","","","","","","","","","0","","","","","","","","","","","","","","","SPP-ES_N_gravi_00000","01/03/2001 00:00:00","","active","","","","","other","","gravi","","","","","","","","","","","","",""
"Spain","ES.MAGRAMA.AQ","","NET-ES058A","""RED EMEP/CAMP EN ESPAÑA""","UTC+01","ES0009R","19061999","""ES0009R-CAMPISÁBALOS""","SPO-ES0009R_06001_102","PM2.5","-3.142500","41.274170","1360.000000","","rural-remote","background","01/03/2001 00:00:00","","SPO_F-ES0009R_06001_102_102","0.0","","","","","","","","","","","0","","","","","","","","","","","","","","","SPP-ES_N_gravi_00714","01/03/2001 00:00:00","","active","","","","","","","gravi","","","","","","","","","","","","",""
"Spain","ES.MAGRAMA.AQ","","NET-ES058A","""RED EMEP/CAMP EN ESPAÑA""","UTC+01","ES0010R","17032999","""ES0010R-CABO DE CREUS""","SPO-ES0010R_06001_100","PM2.5","3.315830","42.319170","23.000000","","rural-remote","background","01/03/2001 00:00:00","","SPO_F-ES0010R_06001_100_100","0.0","","","","","","","","","","","0","","","","","","","","","","","","","","","SPP-ES_N_gravi_00000","01/03/2001 00:00:00","","active","","","","","other","","gravi","","","","","","","","","","","","",""
"Spain","ES.MAGRAMA.AQ","","NET-ES058A","""RED EMEP/CAMP EN ESPAÑA""","UTC+01","ES0010R","17032999","""ES0010R-CABO DE CREUS""","SPO-ES0010R_06001_100","PM2.5","3.315830","42.319170","23.000000","","rural-remote","background","01/03/2001 00:00:00","","SPO_F-ES0010R_06001_100_100","0.0","","","","","","","","","","","0","","","","","","","","","","","","","","","SPP-ES_N_gravi_00714","01/03/2001 00:00:00","","active","","","","","","","gravi","","","","","","","","","","","","",""
"Spain","ES.MAGRAMA.AQ","","NET-ES058A","""RED EMEP/CAMP EN ESPAÑA""","UTC+01","ES0010R","17032999","""ES0010R-CABO DE CREUS""","SPO-ES0010R_06001_102","PM2.5","3.315830","42.319170","23.000000","","rural-remote","background","01/03/2001 00:00:00","","SPO_F-ES0010R_06001_102_102","0.0","","","","","","","","","","","0","","","","","","","","","","","","","","","SPP-ES_N_gravi_00000","01/03/2001 00:00:00","","active","","","","","other","","gravi","","","","","","","","","","","","",""
"Spain","ES.MAGRAMA.AQ","","NET-ES058A","""RED EMEP/CAMP EN ESPAÑA""","UTC+01","ES0010R","17032999","""ES0010R-CABO DE CREUS""","SPO-ES0010R_06001_102","PM2.5","3.315830","42.319170","23.000000","","rural-remote","background","01/03/2001 00:00:00","","SPO_F-ES0010R_06001_102_102","0.0","","","","","","","","","","","0","","","","","","","","","","","","","","","SPP-ES_N_gravi_00714","01/03/2001 00:00:00","","active","","","","","","","gravi","","","","","","","","","","","","",""
"Spain","ES.MAGRAMA.AQ","","NET-ES058A","""RED EMEP/CAMP EN ESPAÑA""","UTC+01","ES0011R","6016999","""ES0011R-BARCARROTA""","SPO-ES0011R_06001_100","PM2.5","-6.923610","38.472780","393.000000","","rural-remote","background","01/03/2001 00:00:00","","SPO_F-ES0011R_06001_100_100","0.0","","","","","","","","","","","0","","","","","","","","","","","","","","","SPP-ES_N_gravi_00000","01/03/2001 00:00:00","","active","","","","","other","","gravi","","","","","","","","","","","","",""
"Spain","ES.MAGRAMA.AQ","","NET-ES058A","""RED EMEP/CAMP EN ESPAÑA""","UTC+01","ES0011R","6016999","""ES0011R-BARCARROTA""","SPO-ES0011R_06001_100","PM2.5","-6.923610","38.472780","393.000000","","rural-remote","background","01/03/2001 00:00:00","","SPO_F-ES0011R_06001_100_100","0.0","","","","","","","","","","","0","","","","","","","","","","","","","","","SPP-ES_N_gravi_00714","01/03/2001 00:00:00","","active","","","","","","","gravi","","","","","","","","","","","","",""
"Spain","ES.MAGRAMA.AQ","","NET-ES058A","""RED EMEP/CAMP EN ESPAÑA""","UTC+01","ES0011R","6016999","""ES0011R-BARCARROTA""","SPO-ES0011R_06001_102","PM2.5","-6.923610","38.472780","393.000000","","rural-remote","background","01/03/2001 00:00:00","","SPO_F-ES0011R_06001_102_102","0.0","","","","","","","","","","","0","","","","","","","","","","","","","","","SPP-ES_N_gravi_00000","01/03/2001 00:00:00","","active","","","","","other","","gravi","","","","","","","","","","","","",""
"Spain","ES.MAGRAMA.AQ","","NET-ES058A","""RED EMEP/CAMP EN ESPAÑA""","UTC+01","ES0011R","6016999","""ES0011R-BARCARROTA""","SPO-ES0011R_06001_102","PM2.5","-6.923610","38.472780","393.000000","","rural-remote","background","01/03/2001 00:00:00","","SPO_F-ES0011R_06001_102_102","0.0","","","","","","","","","","","0","","","","","","","","","","","","","","","SPP-ES_N_gravi_00714","01/03/2001 00:00:00","","active","","","","","","","gravi","","","","","","","","","","","","",""
"Spain","ES.MAGRAMA.AQ","","NET-ES058A","""RED EMEP/CAMP EN ESPAÑA""","UTC+01","ES0012R","46263999","""ES0012R-ZARRA""","SPO-ES0012R_06001_100","PM2.5","-1.101110","39.082780","885.000000","","rural-remote","background","01/03/2001 00:00:00","","SPO_F-ES0012R_06001_100_100","0.0","","","","","","","","","","","0","","","","","","","","","","","","","","","SPP-ES_N_gravi_00000","01/03/2001 00:00:00","","active","","","","","other","","gravi","","","","","","","","","","","","",""
"Spain","ES.MAGRAMA.AQ","","NET-ES058A","""RED EMEP/CAMP EN ESPAÑA""","UTC+01","ES0012R","46263999","""ES0012R-ZARRA""","SPO-ES0012R_06001_100","PM2.5","-1.101110","39.082780","885.000000","","rural-remote","background","01/03/2001 00:00:00","","SPO_F-ES0012R_06001_100_100","0.0","","","","","","","","","","","0","","","","","","","","","","","","","","","SPP-ES_N_gravi_00714","01/03/2001 00:00:00","","active","","","","","","","gravi","","","","","","","","","","","","",""
"Spain","ES.MAGRAMA.AQ","","NET-ES058A","""RED EMEP/CAMP EN ESPAÑA""","UTC+01","ES0012R","46263999","""ES0012R-ZARRA""","SPO-ES0012R_06001_102","PM2.5","-1.101110","39.082780","885.000000","","rural-remote","background","01/03/2001 00:00:00","","SPO_F-ES0012R_06001_102_102","0.0","","","","","","","","","","","0","","","","","","","","","","","","","","","SPP-ES_N_gravi_00000","01/03/2001 00:00:00","","active","","","","","other","","gravi","","","","","","","","","","","","",""
"Spain","ES.MAGRAMA.AQ","","NET-ES058A","""RED EMEP/CAMP EN ESPAÑA""","UTC+01","ES0012R","46263999","""ES0012R-ZARRA""","SPO-ES0012R_06001_102","PM2.5","-1.101110","39.082780","885.000000","","rural-remote","background","01/03/2001 00:00:00","","SPO_F-ES0012R_06001_102_102","0.0","","","","","","","","","","","0","","","","","","","","","","","","","","","SPP-ES_N_gravi_00714","01/03/2001 00:00:00","","active","","","","","","","gravi","","","","","","","","","","","","",""
"Spain","ES.MAGRAMA.AQ","","NET-ES058A","""RED EMEP/CAMP EN ESPAÑA""","UTC+01","ES0013R","49149999","""ES0013R-PEÑAUSENDE""","SPO-ES0013R_06001_100","PM2.5","-5.897500","41.238890","985.000000","","rural-remote","background","01/03/2001 00:00:00","","SPO_F-ES0013R_06001_100_100","0.0","","","","","","","","","","","0","","","","","","","","","","","","","","","SPP-ES_N_gravi_00000","01/03/2001 00:00:00","","active","","","","","other","","gravi","","","","","","","","","","","","",""
"Spain","ES.MAGRAMA.AQ","","NET-ES058A","""RED EMEP/CAMP EN ESPAÑA""","UTC+01","ES0013R","49149999","""ES0013R-PEÑAUSENDE""","SPO-ES0013R_06001_100","PM2.5","-5.897500","41.238890","985.000000","","rural-remote","background","01/03/2001 00:00:00","","SPO_F-ES0013R_06001_100_100","0.0","","","","","","","","","","","0","","","","","","","","","","","","","","","SPP-ES_N_gravi_00714","01/03/2001 00:00:00","","active","","","","","","","gravi","","","","","","","","","","","","",""
"Spain","ES.MAGRAMA.AQ","","NET-ES058A","""RED EMEP/CAMP EN ESPAÑA""","UTC+01","ES0013R","49149999","""ES0013R-PEÑAUSENDE""","SPO-ES0013R_06001_102","PM2.5","-5.897500","41.238890","985.000000","","rural-remote","background","01/03/2001 00:00:00","","SPO_F-ES0013R_06001_102_102","0.0","","","","","","","","","","","0","","","","","","","","","","","","","","","SPP-ES_N_gravi_00000","01/03/2001 00:00:00","","active","","","","","other","","gravi","","","","","","","","","","","","",""
"Spain","ES.MAGRAMA.AQ","","NET-ES058A","""RED EMEP/CAMP EN ESPAÑA""","UTC+01","ES0013R","49149999","""ES0013R-PEÑAUSENDE""","SPO-ES0013R_06001_102","PM2.5","-5.897500","41.238890","985.000000","","rural-remote","background","01/03/2001 00:00:00","","SPO_F-ES0013R_06001_102_102","0.0","","","","","","","","","","","0","","","","","","","","","","","","","","","SPP-ES_N_gravi_00714","01/03/2001 00:00:00","","active","","","","","","","gravi","","","","","","","","","","","","",""
"Spain","ES.MAGRAMA.AQ","","NET-ES058A","""RED EMEP/CAMP EN ESPAÑA""","UTC+01","ES0014R","25224999","""ES0014R-ELS TORMS""","SPO-ES0014R_06001_100","PM2.5","0.734720","41.393890","470.000000","","rural-remote","background","01/03/2001 00:00:00","","SPO_F-ES0014R_06001_100_100","0.0","","","","","","","","","","","0","","","","","","","","","","","","","","","SPP-ES_N_gravi_00000","01/03/2001 00:00:00","","active","","","","","other","","gravi","","","","","","","","","","","","",""
"Spain","ES.MAGRAMA.AQ","","NET-ES058A","""RED EMEP/CAMP EN ESPAÑA""","UTC+01","ES0014R","25224999","""ES0014R-ELS TORMS""","SPO-ES0014R_06001_100","PM2.5","0.734720","41.393890","470.000000","","rural-remote","background","01/03/2001 00:00:00","","SPO_F-ES0014R_06001_100_100","0.0","","","","","","","","","","","0","","","","","","","","","","","","","","","SPP-ES_N_gravi_00714","01/03/2001 00:00:00","","active","","","","","","","gravi","","","","","","","","","","","","",""
"Spain","ES.MAGRAMA.AQ","","NET-ES058A","""RED EMEP/CAMP EN ESPAÑA""","UTC+01","ES0014R","25224999","""ES0014R-ELS TORMS""","SPO-ES0014R_06001_102","PM2.5","0.734720","41.393890","470.000000","","rural-remote","background","01/03/2001 00:00:00","","SPO_F-ES0014R_06001_102_102","0.0","","","","","","","","","","","0","","","","","","","","","","","","","","","SPP-ES_N_gravi_00000","01/03/2001 00:00:00","","active","","","","","other","","gravi","","","","","","","","","","","","",""
"Spain","ES.MAGRAMA.AQ","","NET-ES058A","""RED EMEP/CAMP EN ESPAÑA""","UTC+01","ES0014R","25224999","""ES0014R-ELS TORMS""","SPO-ES0014R_06001_102","PM2.5","0.734720","41.393890","470.000000","","rural-remote","background","01/03/2001 00:00:00","","SPO_F-ES0014R_06001_102_102","0.0","","","","","","","","","","","0","","","","","","","","","","","","","","","SPP-ES_N_gravi_00714","01/03/2001 00:00:00","","active","","","","","","","gravi","","","","","","","","","","","","",""
"Spain","ES.MAGRAMA.AQ","","NET-ES058A","""RED EMEP/CAMP EN ESPAÑA""","UTC+01","ES0015R","45153998","""ES0015R-RISCO LLANO""","SPO-ES0015R_06001_100","PM2.5","-4.353060","39.521110","1208.000000","","rural-remote","background","01/03/2001 00:00:00","30/07/2007 00:00:00","SPO_F-ES0015R_06001_100_100","0.0","","","","","","","","","","","0","","","","","","","","","","","","","","","SPP-ES_N_gravi_00000","01/03/2001 00:00:00","30/07/2007 00:00:00","active","","","","","other","","gravi","","","","","","","","","","","","",""
"Spain","ES.MAGRAMA.AQ","","NET-ES058A","""RED EMEP/CAMP EN ESPAÑA""","UTC+01","ES0015R","45153998","""ES0015R-RISCO LLANO""","SPO-ES0015R_06001_100","PM2.5","-4.353060","39.521110","1208.000000","","rural-remote","background","01/03/2001 00:00:00","30/07/2007 00:00:00","SPO_F-ES0015R_06001_100_100","0.0","","","","","","","","","","","0","","","","","","","","","","","","","","","SPP-ES_N_gravi_00714","01/03/2001 00:00:00","30/07/2007 00:00:00","active","","","","","","","gravi","","","","","","","","","","","","",""
"Spain","ES.MAGRAMA.AQ","","NET-ES058A","""RED EMEP/CAMP EN ESPAÑA""","UTC+01","ES0015R","45153998","""ES0015R-RISCO LLANO""","SPO-ES0015R_06001_102","PM2.5","-4.353060","39.521110","1208.000000","","rural-remote","background","01/03/2001 00:00:00","","SPO_F-ES0015R_06001_102_102","0.0","","","","","","","","","","","0","","","","","","","","","","","","","","","SPP-ES_N_gravi_00000","01/03/2001 00:00:00","","active","","","","","other","","gravi","","","","","","","","","","","","",""
"Spain","ES.MAGRAMA.AQ","","NET-ES058A","""RED EMEP/CAMP EN ESPAÑA""","UTC+01","ES0015R","45153998","""ES0015R-RISCO LLANO""","SPO-ES0015R_06001_102","PM2.5","-4.353060","39.521110","1208.000000","","rural-remote","background","01/03/2001 00:00:00","","SPO_F-ES0015R_06001_102_102","0.0","","","","","","","","","","","0","","","","","","","","","","","","","","","SPP-ES_N_gravi_00714","01/03/2001 00:00:00","","active","","","","","","","gravi","","","","","","","","","","","","",""
"Spain","ES.MAGRAMA.AQ","","NET-ES058A","""RED EMEP/CAMP EN ESPAÑA""","UTC+01","ES0016R","27058999","""ES0016R-O SAVIÑAO""","SPO-ES0016R_06001_100","PM2.5","-7.704720","42.634720","506.000000","","rural-remote","background","01/03/2001 00:00:00","","SPO_F-ES0016R_06001_100_100","0.0","","","","","","","","","","","0","","","","","","","","","","","","","","","SPP-ES_N_gravi_00000","01/03/2001 00:00:00","","active","","","","","other","","gravi","","","","","","","","","","","","",""
"Spain","ES.MAGRAMA.AQ","","NET-ES058A","""RED EMEP/CAMP EN ESPAÑA""","UTC+01","ES0016R","27058999","""ES0016R-O SAVIÑAO""","SPO-ES0016R_06001_100","PM2.5","-7.704720","42.634720","506.000000","","rural-remote","background","01/03/2001 00:00:00","","SPO_F-ES0016R_06001_100_100","0.0","","","","","","","","","","","0","","","","","","","","","","","","","","","SPP-ES_N_gravi_00714","01/03/2001 00:00:00","","active","","","","","","","gravi","","","","","","","","","","","","",""
"Spain","ES.MAGRAMA.AQ","","NET-ES058A","""RED EMEP/CAMP EN ESPAÑA""","UTC+01","ES0016R","27058999","""ES0016R-O SAVIÑAO""","SPO-ES0016R_06001_102","PM2.5","-7.704720","42.634720","506.000000","","rural-remote","background","01/03/2001 00:00:00","","SPO_F-ES0016R_06001_102_102","0.0","","","","","","","","","","","0","","","","","","","","","","","","","","","SPP-ES_N_gravi_00000","01/03/2001 00:00:00","","active","","","","","other","","gravi","","","","","","","","","","","","",""
"Spain","ES.MAGRAMA.AQ","","NET-ES058A","""RED EMEP/CAMP EN ESPAÑA""","UTC+01","ES0016R","27058999","""ES0016R-O SAVIÑAO""","SPO-ES0016R_06001_102","PM2.5","-7.704720","42.634720","506.000000","","rural-remote","background","01/03/2001 00:00:00","","SPO_F-ES0016R_06001_102_102","0.0","","","","","","","","","","","0","","","","","","","","","","","","","","","SPP-ES_N_gravi_00714","01/03/2001 00:00:00","","active","","","","","","","gravi","","","","","","","","","","","","",""
"Spain","ES.MAGRAMA.AQ","","NET-ES212A","""RED DE LA COMUNIDAD AUTONOMA DE GALICIA""","UTC+01","ES0094A","15070006","""ES0094A-FRAGA REDONDA (F-2)""","SPO-ES0094A_06001_100","PM2.5","-7.988890","43.405560","480.000000","","rural-regional","industrial","01/07/2007 00:00:00","","SPO_F-ES0094A_06001_100_100","0.0","","","","3.0","","","","","","","0","","","","","","","","","","","","","","","SPP-ES_A_TEOM_00000","01/07/2007 00:00:00","","automatic","TEOM","","other","","","","","","","","","","","","","","","","",""
"Spain","ES.MAGRAMA.AQ","","NET-ES212A","""RED DE LA COMUNIDAD AUTONOMA DE GALICIA""","UTC+01","ES0094A","15070006","""ES0094A-FRAGA REDONDA (F-2)""","SPO-ES0094A_06001_100","PM2.5","-7.988890","43.405560","480.000000","","rural-regional","industrial","01/07/2007 00:00:00","","SPO_F-ES0094A_06001_100_100","0.0","","","","3.0","","","","","","","0","","","","","","","","","","","","","","","SPP-ES_A_TEOM_09000","01/07/2007 00:00:00","","automatic","TEOM","","","","","","","","","","","","","","","","","","",""
"Spain","ES.MAGRAMA.AQ","","NET-ES216A","""RED DE LA COMUNIDAD AUTONOMA DEL PAIS VASCO""","UTC+01","ES0110A","48902006","""ES0110A-ERANDIO""","SPO-ES0110A_06001_100","PM2.5","-2.977220","43.302780","4.000000","","urban","traffic","01/01/2011 00:00:00","","SPO_F-ES0110A_06001_100_100","0.0","","","","7.0","","","","","","","0","","","","","","","","","","","","","","","SPP-ES_A_BETA_00000","01/01/2011 00:00:00","","automatic","BETA","","other","","","","","","","","","","","","","","","","",""
"Spain","ES.MAGRAMA.AQ","","NET-ES216A","""RED DE LA COMUNIDAD AUTONOMA DEL PAIS VASCO""","UTC+01","ES0110A","48902006","""ES0110A-ERANDIO""","SPO-ES0110A_06001_100","PM2.5","-2.977220","43.302780","4.000000","","urban","traffic","01/01/2011 00:00:00","","SPO_F-ES0110A_06001_100_100","0.0","","","","7.0","","","","","","","0","","","","","","","","","","","","","","","SPP-ES_A_BETA_01000","01/01/2011 00:00:00","","automatic","BETA","","","","","","","","","","","","","","","","","","",""
"Spain","ES.MAGRAMA.AQ","","NET-ES213A","""RED DE LA COMUNIDAD AUTONOMA DE MADRID""","UTC+01","ES0113A","28079001","""ES0113A-PASEO DE RECOLETOS""","SPO-ES0113A_06001_100","PM2.5","-3.691950","40.422500","648.000000","","urban","traffic","31/12/2002 00:00:00","","SPO_F-ES0113A_06001_100_100","0.0","","","","4.0","","","","","","","0","","","","","","","","","","","","","","","SPP-ES_A_TEOM_00000","31/12/2002 00:00:00","","automatic","TEOM","","other","","","","","","","","","","","","","","","","",""
"Spain","ES.MAGRAMA.AQ","","NET-ES213A","""RED DE LA COMUNIDAD AUTONOMA DE MADRID""","UTC+01","ES0113A","28079001","""ES0113A-PASEO DE RECOLETOS""","SPO-ES0113A_06001_100","PM2.5","-3.691950","40.422500","648.000000","","urban","traffic","31/12/2002 00:00:00","","SPO_F-ES0113A_06001_100_100","0.0","","","","4.0","","","","","","","0","","","","","","","","","","","","","","","SPP-ES_A_TEOM_09000","31/12/2002 00:00:00","","automatic","TEOM","","","","","","","","","","","","","","","","","","",""
"Spain","ES.MAGRAMA.AQ","","NET-ES213A","""RED DE LA COMUNIDAD AUTONOMA DE MADRID""","UTC+01","ES0116A","28079006","""ES0116A-MARAÑÓN""","SPO-ES0116A_06001_100","PM2.5","-3.690830","40.437780","669.000000","","urban","traffic","31/12/2002 00:00:00","27/11/2009 00:00:00","SPO_F-ES0116A_06001_100_100","0.0","","","","3.0","","","","","","","0","","","","","","","","","","","","","","","SPP-ES_A_TEOM_00000","31/12/2002 00:00:00","27/11/2009 00:00:00","automatic","TEOM","","other","","","","","","","","","","","","","","","","",""
"Spain","ES.MAGRAMA.AQ","","NET-ES213A","""RED DE LA COMUNIDAD AUTONOMA DE MADRID""","UTC+01","ES0116A","28079006","""ES0116A-MARAÑÓN""","SPO-ES0116A_06001_100","PM2.5","-3.690830","40.437780","669.000000","","urban","traffic","31/12/2002 00:00:00","27/11/2009 00:00:00","SPO_F-ES0116A_06001_100_100","0.0","","","","3.0","","","","","","","0","","","","","","","","","","","","","","","SPP-ES_A_TEOM_09000","31/12/2002 00:00:00","27/11/2009 00:00:00","automatic","TEOM","","","","","","","","","","","","","","","","","","",""
"Spain","ES.MAGRAMA.AQ","","NET-ES213A","""RED DE LA COMUNIDAD AUTONOMA DE MADRID""","UTC+01","ES0118A","28079008","""ES0118A-ESCUELAS AGUIRRE""","SPO-ES0118A_06001_100","PM2.5","-3.682220","40.421670","672.000000","","urban","traffic","01/01/2009 00:00:00","","SPO_F-ES0118A_06001_100_100","0.0","","","","6.0","","","","","","","0","","","","","","","","","","","","","","","SPP-ES_A_TEOM_00000","01/01/2009 00:00:00","","automatic","TEOM","","other","","","","","","","","","","","","","","","","",""
"Spain","ES.MAGRAMA.AQ","","NET-ES213A","""RED DE LA COMUNIDAD AUTONOMA DE MADRID""","UTC+01","ES0118A","28079008","""ES0118A-ESCUELAS AGUIRRE""","SPO-ES0118A_06001_100","PM2.5","-3.682220","40.421670","672.000000","","urban","traffic","01/01/2009 00:00:00","","SPO_F-ES0118A_06001_100_100","0.0","","","","6.0","","","","","","","0","","","","","","","","","","","","","","","SPP-ES_A_TEOM_09000","01/01/2009 00:00:00","","automatic","TEOM","","","","","","","","","","","","","","","","","","",""
"Spain","ES.MAGRAMA.AQ","","NET-ES213A","""RED DE LA COMUNIDAD AUTONOMA DE MADRID""","UTC+01","ES0123A","28079015","""ES0123A-PLAZA DE CASTILLA""","SPO-ES0123A_06001_100","PM2.5","-3.688610","40.468330","729.000000","","urban","traffic","31/12/2002 00:00:00","31/10/2008 00:00:00","SPO_F-ES0123A_06001_100_100","0.0","","","","15.0","","","","","","","0","","","","","","","","","","","","","","","SPP-ES_A_TEOM_00000","31/12/2002 00:00:00","31/10/2008 00:00:00","automatic","TEOM","","other","","","","","","","","","","","","","","","","",""
"Spain","ES.MAGRAMA.AQ","","NET-ES213A","""RED DE LA COMUNIDAD AUTONOMA DE MADRID""","UTC+01","ES0123A","28079015","""ES0123A-PLAZA DE CASTILLA""","SPO-ES0123A_06001_100","PM2.5","-3.688610","40.468330","729.000000","","urban","traffic","31/12/2002 00:00:00","31/10/2008 00:00:00","SPO_F-ES0123A_06001_100_100","0.0","","","","15.0","","","","","","","0","","","","","","","","","","","","","","","SPP-ES_A_TEOM_09000","31/12/2002 00:00:00","31/10/2008 00:00:00","automatic","TEOM","","","","","","","","","","","","","","","","","","",""
"Spain","ES.MAGRAMA.AQ","","NET-ES213A","""RED DE LA COMUNIDAD AUTONOMA DE MADRID""","UTC+01","ES0126A","28079018","""ES0126A-FAROLILLO""","SPO-ES0126A_06001_102","PM2.5","-3.731940","40.394720","625.000000","","urban","background","10/12/2008 00:00:00","","SPO_F-ES0126A_06001_102_102","3.0","","","","4.0","","","","","","","0","","","","","","","","","","","","","","","SPP-ES_N_gravi_00000","10/12/2008 00:00:00","","active","","","","","other","","gravi","","","","","","","","","","","","",""
"Spain","ES.MAGRAMA.AQ","","NET-ES213A","""RED DE LA COMUNIDAD AUTONOMA DE MADRID""","UTC+01","ES0126A","28079018","""ES0126A-FAROLILLO""","SPO-ES0126A_06001_102","PM2.5","-3.731940","40.394720","625.000000","","urban","background","10/12/2008 00:00:00","","SPO_F-ES0126A_06001_102_102","3.0","","","","4.0","","","","","","","0","","","","","","","","","","","","","","","SPP-ES_N_gravi_00714","10/12/2008 00:00:00","","active","","","","","","","gravi","","","","","","","","","","","","",""
"Spain","ES.MAGRAMA.AQ","","NET-ES205A","""RED DE LA COMUNIDAD AUTONOMA DE LAS ISLAS CANARIAS""","UTC+01","ES0197A","35026002","""ES0197A-3 JINAMAR""","SPO-ES0197A_06001_100","PM2.5","-15.408330","28.028890","56.000000","","urban","industrial","03/04/2010 00:00:00","","SPO_F-ES0197A_06001_100_100","0.0","","","","12.0","","","","","","","0","","","","","","","","","","","","","","","SPP-ES_A_TEOM_00000","03/04/2010 00:00:00","","automatic","TEOM","","other","","","","","","","","","","","","","","","","",""
"Spain","ES.MAGRAMA.AQ","","NET-ES205A","""RED DE LA COMUNIDAD AUTONOMA DE LAS ISLAS CANARIAS""","UTC+01","ES0197A","35026002","""ES0197A-3 JINAMAR""","SPO-ES0197A_06001_100","PM2.5","-15.408330","28.028890","56.000000","","urban","industrial","03/04/2010 00:00:00","","SPO_F-ES0197A_06001_100_100","0.0","","","","12.0","","","","","","","0","","","","","","","","","","","","","","","SPP-ES_A_TEOM_09000","03/04/2010 00:00:00","","automatic","TEOM","","","","","","","","","","","","","","","","","","",""
"Spain","ES.MAGRAMA.AQ","","NET-ES212A","""RED DE LA COMUNIDAD AUTONOMA DE GALICIA""","UTC+01","ES0201A","15070002","""ES0201A-MAGDALENA (B-1)""","SPO-ES0201A_06001_100","PM2.5","-7.847220","43.450000","363.000000","","suburban","industrial","01/07/2007 00:00:00","","SPO_F-ES0201A_06001_100_100","0.0","","","","3.0","","","","","","","0","","","","","","","","","","","","","","","SPP-ES_A_light-scat_00000","01/07/2007 00:00:00","","automatic","light-scat","","other","","","","","","","","","","","","","","","","",""
"Spain","ES.MAGRAMA.AQ","","NET-ES212A","""RED DE LA COMUNIDAD AUTONOMA DE GALICIA""","UTC+01","ES0201A","15070002","""ES0201A-MAGDALENA (B-1)""","SPO-ES0201A_06001_100","PM2.5","-7.847220","43.450000","363.000000","","suburban","industrial","01/07/2007 00:00:00","","SPO_F-ES0201A_06001_100_100","0.0","","","","3.0","","","","","","","0","","","","","","","","","","","","","","","SPP-ES_A_light-scat_52000","01/07/2007 00:00:00","","automatic","light-scat","","","","","","","","","","","","","","","","","","",""
"Spain","ES.MAGRAMA.AQ","","NET-ES208A","""RED DE LA COMUNIDAD AUTONOMA DE CASTILLA Y LEON""","UTC+01","ES0360A","24070001","""ES0360A-LILLO""","SPO-ES0360A_06001_100","PM2.5","-6.603890","42.781390","700.000000","","rural-nearcity","industrial","01/01/2009 00:00:00","","SPO_F-ES0360A_06001_100_100","0.0","","","","100.0","","","","","","","0","","","","","","","","","","","","","","","SPP-ES_A_TEOM_00000","01/01/2009 00:00:00","","automatic","TEOM","","other","","","","","","","","","","","","","","","","",""
"Spain","ES.MAGRAMA.AQ","","NET-ES208A","""RED DE LA COMUNIDAD AUTONOMA DE CASTILLA Y LEON""","UTC+01","ES0360A","24070001","""ES0360A-LILLO""","SPO-ES0360A_06001_100","PM2.5","-6.603890","42.781390","700.000000","","rural-nearcity","industrial","01/01/2009 00:00:00","","SPO_F-ES0360A_06001_100_100","0.0","","","","100.0","","","","","","","0","","","","","","","","","","","","","","","SPP-ES_A_TEOM_09000","01/01/2009 00:00:00","","automatic","TEOM","","","","","","","","","","","","","","","","","","",""
"Spain","ES.MAGRAMA.AQ","","NET-ES208A","""RED DE LA COMUNIDAD AUTONOMA DE CASTILLA Y LEON""","UTC+01","ES0365A","34214001","""ES0365A-VILLALBA DE GUARDO""","SPO-ES0365A_06001_100","PM2.5","-4.827220","42.703610","1050.000000","","rural-regional","industrial","01/01/2009 00:00:00","","SPO_F-ES0365A_06001_100_100","0.0","","","","","","","","","","","0","","","","","","","","","","","","","","","SPP-ES_A_light-scat_00000","01/01/2009 00:00:00","","automatic","light-scat","","other","","","","","","","","","","","","","","","","",""
"Spain","ES.MAGRAMA.AQ","","NET-ES208A","""RED DE LA COMUNIDAD AUTONOMA DE CASTILLA Y LEON""","UTC+01","ES0365A","34214001","""ES0365A-VILLALBA DE GUARDO""","SPO-ES0365A_06001_100","PM2.5","-4.827220","42.703610","1050.000000","","rural-regional","industrial","01/01/2009 00:00:00","","SPO_F-ES0365A_06001_100_100","0.0","","","","","","","","","","","0","","","","","","","","","","","","","","","SPP-ES_A_light-scat_52000","01/01/2009 00:00:00","","automatic","light-scat","","","","","","","","","","","","","","","","","","",""
"Spain","ES.MAGRAMA.AQ","","NET-ES209A","""RED DE LA COMUNIDAD AUTONOMA DE CATALUÑA""","UTC+01","ES0392A","8113002","""ES0392A-COL.LEGI ANSELM CABANES""","SPO-ES0392A_06001_102","PM2.5","1.840280","41.394170","238.000000","","urban","traffic","01/01/2009 00:00:00","","SPO_F-ES0392A_06001_102_102","0.0","","","","10.0","","","","","","","0","","","","","","","","","","","","","","","SPP-ES_N_gravi_00000","01/01/2009 00:00:00","","active","","","","","other","","gravi","","","","","","","","","","","","",""
"Spain","ES.MAGRAMA.AQ","","NET-ES209A","""RED DE LA COMUNIDAD AUTONOMA DE CATALUÑA""","UTC+01","ES0392A","8113002","""ES0392A-COL.LEGI ANSELM CABANES""","SPO-ES0392A_06001_102","PM2.5","1.840280","41.394170","238.000000","","urban","traffic","01/01/2009 00:00:00","","SPO_F-ES0392A_06001_102_102","0.0","","","","10.0","","","","","","","0","","","","","","","","","","","","","","","SPP-ES_N_gravi_00714","01/01/2009 00:00:00","","active","","","","","","","gravi","","","","","","","","","","","","",""
"Spain","ES.MAGRAMA.AQ","","NET-ES201A","""RED DE LA COMUNIDAD AUTONOMA DE ANDALUCIA""","UTC+01","ES0556A","11033005","""ES0556A-CAMPAMENTO""","SPO-ES0556A_06001_100","PM2.5","-5.376970","36.179430","9.000000","","suburban","industrial","19/04/2005 00:00:00","","SPO_F-ES0556A_06001_100_100","0.0","","","","7.0","","","","","","","0","","","","","","","","","","","","","","","SPP-ES_A_BETA_00000","19/04/2005 00:00:00","","automatic","BETA","","other","","","","","","","","","","","","","","","","",""
"Spain","ES.MAGRAMA.AQ","","NET-ES201A","""RED DE LA COMUNIDAD AUTONOMA DE ANDALUCIA""","UTC+01","ES0556A","11033005","""ES0556A-CAMPAMENTO""","SPO-ES0556A_06001_100","PM2.5","-5.376970","36.179430","9.000000","","suburban","industrial","19/04/2005 00:00:00","","SPO_F-ES0556A_06001_100_100","0.0","","","","7.0","","","","","","","0","","","","","","","","","","","","","","","SPP-ES_A_BETA_01000","19/04/2005 00:00:00","","automatic","BETA","","","","","","","","","","","","","","","","","","",""
"Spain","ES.MAGRAMA.AQ","","NET-ES201A","""RED DE LA COMUNIDAD AUTONOMA DE ANDALUCIA""","UTC+01","ES0557A","11033006","""ES0557A-ECONOMATO""","SPO-ES0557A_06001_100","PM2.5","-5.380810","36.186210","15.000000","","rural-regional","industrial","04/05/2005 00:00:00","","SPO_F-ES0557A_06001_100_100","0.0","","","","60.0","","","","","","","0","","","","","","","","","","","","","","","SPP-ES_A_BETA_00000","04/05/2005 00:00:00","","automatic","BETA","","other","","","","","","","","","","","","","","","","",""
"Spain","ES.MAGRAMA.AQ","","NET-ES201A","""RED DE LA COMUNIDAD AUTONOMA DE ANDALUCIA""","UTC+01","ES0557A","11033006","""ES0557A-ECONOMATO""","SPO-ES0557A_06001_100","PM2.5","-5.380810","36.186210","15.000000","","rural-regional","industrial","04/05/2005 00:00:00","","SPO_F-ES0557A_06001_100_100","0.0","","","","60.0","","","","","","","0","","","","","","","","","","","","","","","SPP-ES_A_BETA_01000","04/05/2005 00:00:00","","automatic","BETA","","","","","","","","","","","","","","","","","","",""
"Spain","ES.MAGRAMA.AQ","","NET-ES209A","""RED DE LA COMUNIDAD AUTONOMA DE CATALUÑA""","UTC+01","ES0559A","8019028","""ES0559A-PLAÇA UNIVERSITAT""","SPO-ES0559A_06001_102","PM2.5","2.165280","41.389170","24.000000","","urban","traffic","01/01/2010 00:00:00","","SPO_F-ES0559A_06001_102_102","0.0","","","","5.0","","","","","","","0","","","","","","","","","","","","","","","SPP-ES_N_gravi_00000","01/01/2010 00:00:00","","active","","","","","other","","gravi","","","","","","","","","","","","",""
"Spain","ES.MAGRAMA.AQ","","NET-ES209A","""RED DE LA COMUNIDAD AUTONOMA DE CATALUÑA""","UTC+01","ES0559A","8019028","""ES0559A-PLAÇA UNIVERSITAT""","SPO-ES0559A_06001_102","PM2.5","2.165280","41.389170","24.000000","","urban","traffic","01/01/2010 00:00:00","","SPO_F-ES0559A_06001_102_102","0.0","","","","5.0","","","","","","","0","","","","","","","","","","","","","","","SPP-ES_N_gravi_00714","01/01/2010 00:00:00","","active","","","","","","","gravi","","","","","","","","","","","","",""
"Spain","ES.MAGRAMA.AQ","","NET-ES209A","""RED DE LA COMUNIDAD AUTONOMA DE CATALUÑA""","UTC+01","ES0567A","8019045","""ES0567A-ZONA UNIVERSITARIA""","SPO-ES0567A_06001_600","PM2.5","2.121670","41.386110","24.000000","","urban","background","01/01/2014 00:00:00","","SPO_F-ES0567A_06001_600_600","1.0","","","","80.0","","","","","","","0","","","","","","","","","","","","","","","SPP-ES_N_gravi_00000","01/01/2014 00:00:00","","active","","","","","other","","gravi","","","","","","","","","","","","",""
"Spain","ES.MAGRAMA.AQ","","NET-ES209A","""RED DE LA COMUNIDAD AUTONOMA DE CATALUÑA""","UTC+01","ES0691A","8019004","""ES0691A-I2-BARCELONA (POBLE NOU)""","SPO-ES0691A_06001_102","PM2.5","2.205280","41.404170","12.000000","","urban","traffic","01/07/2010 00:00:00","","SPO_F-ES0691A_06001_102_102","0.0","","","","14.0","","","","","","","0","","","","","","","","","","","","","","","SPP-ES_N_gravi_00000","01/07/2010 00:00:00","","active","","","","","other","","gravi","","","","","","","","","","","","",""
"Spain","ES.MAGRAMA.AQ","","NET-ES209A","""RED DE LA COMUNIDAD AUTONOMA DE CATALUÑA""","UTC+01","ES0691A","8019004","""ES0691A-I2-BARCELONA (POBLE NOU)""","SPO-ES0691A_06001_102","PM2.5","2.205280","41.404170","12.000000","","urban","traffic","01/07/2010 00:00:00","","SPO_F-ES0691A_06001_102_102","0.0","","","","14.0","","","","","","","0","","","","","","","","","","","","","","","SPP-ES_N_gravi_00714","01/07/2010 00:00:00","","active","","","","","","","gravi","","","","","","","","","","","","",""
"Spain","ES.MAGRAMA.AQ","","NET-ES209A","""RED DE LA COMUNIDAD AUTONOMA DE CATALUÑA""","UTC+01","ES0692A","8101001","""ES0692A-I3-L'HOSPITALET DE LLOBREGAT""","SPO-ES0692A_06001_102","PM2.5","2.115830","41.371940","20.000000","","urban","traffic","01/10/2010 00:00:00","","SPO_F-ES0692A_06001_102_102","0.0","","","","14.0","","","","","","","0","","","","","","","","","","","","","","","SPP-ES_N_gravi_00000","01/10/2010 00:00:00","","active","","","","","other","","gravi","","","","","","","","","","","","",""
"Spain","ES.MAGRAMA.AQ","","NET-ES209A","""RED DE LA COMUNIDAD AUTONOMA DE CATALUÑA""","UTC+01","ES0692A","8101001","""ES0692A-I3-L'HOSPITALET DE LLOBREGAT""","SPO-ES0692A_06001_102","PM2.5","2.115830","41.371940","20.000000","","urban","traffic","01/10/2010 00:00:00","","SPO_F-ES0692A_06001_102_102","0.0","","","","14.0","","","","","","","0","","","","","","","","","","","","","","","SPP-ES_N_gravi_00714","01/10/2010 00:00:00","","active","","","","","","","gravi","","","","","","","","","","","","",""
"Spain","ES.MAGRAMA.AQ","","NET-ES209A","""RED DE LA COMUNIDAD AUTONOMA DE CATALUÑA""","UTC+01","ES0700A","8252002","""ES0700A-AJUNTAMENT""","SPO-ES0700A_06001_102","PM2.5","2.127220","41.516390","146.000000","","urban","traffic","01/01/2010 00:00:00","","SPO_F-ES0700A_06001_102_102","0.0","","","","30.0","","","","","","","0","","","","","","","","","","","","","","","SPP-ES_N_gravi_00000","01/01/2010 00:00:00","","active","","","","","other","","gravi","","","","","","","","","","","","",""
"Spain","ES.MAGRAMA.AQ","","NET-ES209A","""RED DE LA COMUNIDAD AUTONOMA DE CATALUÑA""","UTC+01","ES0700A","8252002","""ES0700A-AJUNTAMENT""","SPO-ES0700A_06001_102","PM2.5","2.127220","41.516390","146.000000","","urban","traffic","01/01/2010 00:00:00","","SPO_F-ES0700A_06001_102_102","0.0","","","","30.0","","","","","","","0","","","","","","","","","","","","","","","SPP-ES_N_gravi_00714","01/01/2010 00:00:00","","active","","","","","","","gravi","","","","","","","","","","","","",""
"Spain","ES.MAGRAMA.AQ","","NET-ES201A","""RED DE LA COMUNIDAD AUTONOMA DE ANDALUCIA""","UTC+01","ES0712A","11008001","""ES0712A-LOS BARRIOS""","SPO-ES0712A_06001_102","PM2.5","-5.480830","36.175380","45.000000","","suburban","industrial","01/01/2008 00:00:00","","SPO_F-ES0712A_06001_102_102","0.0","","","","6.0","","","","","","","0","","","","","","","","","","","","","","","SPP-ES_N_gravi_00000","01/01/2008 00:00:00","","active","","","","","other","","gravi","","","","","","","","","","","","",""
"Spain","ES.MAGRAMA.AQ","","NET-ES201A","""RED DE LA COMUNIDAD AUTONOMA DE ANDALUCIA""","UTC+01","ES0712A","11008001","""ES0712A-LOS BARRIOS""","SPO-ES0712A_06001_102","PM2.5","-5.480830","36.175380","45.000000","","suburban","industrial","01/01/2008 00:00:00","","SPO_F-ES0712A_06001_102_102","0.0","","","","6.0","","","","","","","0","","","","","","","","","","","","","","","SPP-ES_N_gravi_00714","01/01/2008 00:00:00","","active","","","","","","","gravi","","","","","","","","","","","","",""
"Spain","ES.MAGRAMA.AQ","","NET-ES201A","""RED DE LA COMUNIDAD AUTONOMA DE ANDALUCIA""","UTC+01","ES0817A","41091010","""ES0817A-LA RANILLA""","SPO-ES0817A_06001_100","PM2.5","-5.959620","37.384250","29.000000","","urban","traffic","26/05/2005 00:00:00","","SPO_F-ES0817A_06001_100_100","0.0","","","","5.0","","","","","","","0","","","","","","","","","","","","","","","SPP-ES_A_TEOM_00000","26/05/2005 00:00:00","","automatic","TEOM","","other","","","","","","","","","","","","","","","","",""
"Spain","ES.MAGRAMA.AQ","","NET-ES201A","""RED DE LA COMUNIDAD AUTONOMA DE ANDALUCIA""","UTC+01","ES0817A","41091010","""ES0817A-LA RANILLA""","SPO-ES0817A_06001_100","PM2.5","-5.959620","37.384250","29.000000","","urban","traffic","26/05/2005 00:00:00","","SPO_F-ES0817A_06001_100_100","0.0","","","","5.0","","","","","","","0","","","","","","","","","","","","","","","SPP-ES_A_TEOM_09000","26/05/2005 00:00:00","","automatic","TEOM","","","","","","","","","","","","","","","","","","",""
"Spain","ES.MAGRAMA.AQ","","NET-ES201A","""RED DE LA COMUNIDAD AUTONOMA DE ANDALUCIA""","UTC+01","ES0823A","21060002","""ES0823A-PUNTA UMBRÍA""","SPO-ES0823A_06001_102","PM2.5","-6.964140","37.185680","1.000000","","urban","industrial","01/01/2009 00:00:00","31/12/2009 00:00:00","SPO_F-ES0823A_06001_102_102","0.0","","","","2.0","","","","","","","0","","","","","","","","","","","","","","","SPP-ES_N_gravi_00000","01/01/2009 00:00:00","31/12/2009 00:00:00","active","","","","","other","","gravi","","","","","","","","","","","","",""
"Spain","ES.MAGRAMA.AQ","","NET-ES201A","""RED DE LA COMUNIDAD AUTONOMA DE ANDALUCIA""","UTC+01","ES0823A","21060002","""ES0823A-PUNTA UMBRÍA""","SPO-ES0823A_06001_102","PM2.5","-6.964140","37.185680","1.000000","","urban","industrial","01/01/2009 00:00:00","31/12/2009 00:00:00","SPO_F-ES0823A_06001_102_102","0.0","","","","2.0","","","","","","","0","","","","","","","","","","","","","","","SPP-ES_N_gravi_00714","01/01/2009 00:00:00","31/12/2009 00:00:00","active","","","","","","","gravi","","","","","","","","","","","","",""
"Spain","ES.MAGRAMA.AQ","","NET-ES203A","""RED DE LA COMUNIDAD AUTONOMA DE ASTURIAS""","UTC+01","ES0825A","33031030","""ES0825A-LA FELGUERA""","SPO-ES0825A_06001_100","PM2.5","-5.689720","43.306390","216.000000","","urban","industrial","01/01/2008 00:00:00","","SPO_F-ES0825A_06001_100_100","0.0","","","","6.0","","","","","","","0","","","","","","","","","","","","","","","SPP-ES_A_BETA_00000","01/01/2008 00:00:00","","automatic","BETA","","other","","","","","","","","","","","","","","","","",""
"Spain","ES.MAGRAMA.AQ","","NET-ES203A","""RED DE LA COMUNIDAD AUTONOMA DE ASTURIAS""","UTC+01","ES0825A","33031030","""ES0825A-LA FELGUERA""","SPO-ES0825A_06001_100","PM2.5","-5.689720","43.306390","216.000000","","urban","industrial","01/01/2008 00:00:00","","SPO_F-ES0825A_06001_100_100","0.0","","","","6.0","","","","","","","0","","","","","","","","","","","","","","","SPP-ES_A_BETA_01000","01/01/2008 00:00:00","","automatic","BETA","","","","","","","","","","","","","","","","","","",""
"Spain","ES.MAGRAMA.AQ","","NET-ES205A","""RED DE LA COMUNIDAD AUTONOMA DE LAS ISLAS CANARIAS""","UTC+01","ES0873A","35016010","""ES0873A-JINÁMAR III FASE""","SPO-ES0873A_06001_100","PM2.5","-15.416310","28.035120","22.000000","","suburban","industrial","19/02/2010 00:00:00","","SPO_F-ES0873A_06001_100_100","0.0","","","","6.0","","","","","","","0","","","","","","","","","","","","","","","SPP-ES_A_TEOM_00000","19/02/2010 00:00:00","","automatic","TEOM","","other","","","","","","","","","","","","","","","","",""
"Spain","ES.MAGRAMA.AQ","","NET-ES205A","""RED DE LA COMUNIDAD AUTONOMA DE LAS ISLAS CANARIAS""","UTC+01","ES0873A","35016010","""ES0873A-JINÁMAR III FASE""","SPO-ES0873A_06001_100","PM2.5","-15.416310","28.035120","22.000000","","suburban","industrial","19/02/2010 00:00:00","","SPO_F-ES0873A_06001_100_100","0.0","","","","6.0","","","","","","","0","","","","","","","","","","","","","","","SPP-ES_A_TEOM_09000","19/02/2010 00:00:00","","automatic","TEOM","","","","","","","","","","","","","","","","","","",""
"Spain","ES.MAGRAMA.AQ","","NET-ES205A","""RED DE LA COMUNIDAD AUTONOMA DE LAS ISLAS CANARIAS""","UTC+01","ES0886A","35026001","""ES0886A-PEDRO LEZCANO""","SPO-ES0886A_06001_100","PM2.5","-15.416090","28.029890","52.000000","","urban","industrial","17/09/2010 00:00:00","","SPO_F-ES0886A_06001_100_100","0.0","","","","20.0","","","","","","","0","","","","","","","","","","","","","","","SPP-ES_A_TEOM_00000","17/09/2010 00:00:00","","automatic","TEOM","","other","","","","","","","","","","","","","","","","",""
"Spain","ES.MAGRAMA.AQ","","NET-ES205A","""RED DE LA COMUNIDAD AUTONOMA DE LAS ISLAS CANARIAS""","UTC+01","ES0886A","35026001","""ES0886A-PEDRO LEZCANO""","SPO-ES0886A_06001_100","PM2.5","-15.416090","28.029890","52.000000","","urban","industrial","17/09/2010 00:00:00","","SPO_F-ES0886A_06001_100_100","0.0","","","","20.0","","","","","","","0","","","","","","","","","","","","","","","SPP-ES_A_TEOM_09000","17/09/2010 00:00:00","","automatic","TEOM","","","","","","","","","","","","","","","","","","",""
"Spain","ES.MAGRAMA.AQ","","NET-ES201A","""RED DE LA COMUNIDAD AUTONOMA DE ANDALUCIA""","UTC+01","ES0890A","41091009","""ES0890A-TORNEO""","SPO-ES0890A_06001_102","PM2.5","-6.003100","37.394520","17.000000","","urban","traffic","01/01/2012 00:00:00","","SPO_F-ES0890A_06001_102_102","0.0","","","","3.0","","","","","","","0","","","","","","","","","","","","","","","SPP-ES_N_gravi_00000","01/01/2012 00:00:00","","active","","","","","other","","gravi","","","","","","","","","","","","",""
"Spain","ES.MAGRAMA.AQ","","NET-ES201A","""RED DE LA COMUNIDAD AUTONOMA DE ANDALUCIA""","UTC+01","ES0890A","41091009","""ES0890A-TORNEO""","SPO-ES0890A_06001_102","PM2.5","-6.003100","37.394520","17.000000","","urban","traffic","01/01/2012 00:00:00","","SPO_F-ES0890A_06001_102_102","0.0","","","","3.0","","","","","","","0","","","","","","","","","","","","","","","SPP-ES_N_gravi_06114","01/01/2012 00:00:00","","active","","","","","","","gravi","","","","","","","","","","","","",""
"Spain","ES.MAGRAMA.AQ","","NET-ES201A","""RED DE LA COMUNIDAD AUTONOMA DE ANDALUCIA""","UTC+01","ES0893A","11033007","""ES0893A-GUADARRANQUE""","SPO-ES0893A_06001_100","PM2.5","-5.411410","36.182100","2.000000","","urban","industrial","18/05/2005 00:00:00","","SPO_F-ES0893A_06001_100_100","0.0","","","","8.0","","","","","","","0","","","","","","","","","","","","","","","SPP-ES_A_BETA_00000","18/05/2005 00:00:00","","automatic","BETA","","other","","","","","","","","","","","","","","","","",""
"Spain","ES.MAGRAMA.AQ","","NET-ES201A","""RED DE LA COMUNIDAD AUTONOMA DE ANDALUCIA""","UTC+01","ES0893A","11033007","""ES0893A-GUADARRANQUE""","SPO-ES0893A_06001_100","PM2.5","-5.411410","36.182100","2.000000","","urban","industrial","18/05/2005 00:00:00","","SPO_F-ES0893A_06001_100_100","0.0","","","","8.0","","","","","","","0","","","","","","","","","","","","","","","SPP-ES_A_BETA_01000","18/05/2005 00:00:00","","automatic","BETA","","","","","","","","","","","","","","","","","","",""
"Spain","ES.MAGRAMA.AQ","","NET-ES201A","""RED DE LA COMUNIDAD AUTONOMA DE ANDALUCIA""","UTC+01","ES0894A","11033008","""ES0894A-MADREVIEJA""","SPO-ES0894A_06001_100","PM2.5","-5.404710","36.204420","23.000000","","rural-regional","industrial","18/05/2005 00:00:00","","SPO_F-ES0894A_06001_100_100","0.0","","","","225.0","","","","","","","0","","","","","","","","","","","","","","","SPP-ES_A_BETA_00000","18/05/2005 00:00:00","","automatic","BETA","","other","","","","","","","","","","","","","","","","",""
"Spain","ES.MAGRAMA.AQ","","NET-ES201A","""RED DE LA COMUNIDAD AUTONOMA DE ANDALUCIA""","UTC+01","ES0894A","11033008","""ES0894A-MADREVIEJA""","SPO-ES0894A_06001_100","PM2.5","-5.404710","36.204420","23.000000","","rural-regional","industrial","18/05/2005 00:00:00","","SPO_F-ES0894A_06001_100_100","0.0","","","","225.0","","","","","","","0","","","","","","","","","","","","","","","SPP-ES_A_BETA_01000","18/05/2005 00:00:00","","automatic","BETA","","","","","","","","","","","","","","","","","","",""
"Spain","ES.MAGRAMA.AQ","","NET-ES212A","""RED DE LA COMUNIDAD AUTONOMA DE GALICIA""","UTC+01","ES0901A","15017002","""ES0901A-S. VICENTE DE VIGO""","SPO-ES0901A_06001_100","PM2.5","-8.317220","43.235000","160.000000","","rural-regional","industrial","22/07/2004 00:00:00","","SPO_F-ES0901A_06001_100_100","0.0","","","","5.0","","","","","","","0","","","","","","","","","","","","","","","SPP-ES_A_TEOM_00000","22/07/2004 00:00:00","","automatic","TEOM","","other","","","","","","","","","","","","","","","","",""
"Spain","ES.MAGRAMA.AQ","","NET-ES212A","""RED DE LA COMUNIDAD AUTONOMA DE GALICIA""","UTC+01","ES0901A","15017002","""ES0901A-S. VICENTE DE VIGO""","SPO-ES0901A_06001_100","PM2.5","-8.317220","43.235000","160.000000","","rural-regional","industrial","22/07/2004 00:00:00","","SPO_F-ES0901A_06001_100_100","0.0","","","","5.0","","","","","","","0","","","","","","","","","","","","","","","SPP-ES_A_TEOM_09000","22/07/2004 00:00:00","","automatic","TEOM","","","","","","","","","","","","","","","","","","",""
"Spain","ES.MAGRAMA.AQ","","NET-ES216A","""RED DE LA COMUNIDAD AUTONOMA DEL PAIS VASCO""","UTC+01","ES0905A","48044003","""ES0905A-GETXO""","SPO-ES0905A_06001_100","PM2.5","-3.013330","43.354170","64.000000","","suburban","traffic","01/01/2011 00:00:00","21/08/2012 00:00:00","SPO_F-ES0905A_06001_100_100","0.0","","","","2.0","","","","","","","0","","","","","","","","","","","","","","","SPP-ES_A_BETA_00000","01/01/2011 00:00:00","21/08/2012 00:00:00","automatic","BETA","","other","","","","","","","","","","","","","","","","",""
"Spain","ES.MAGRAMA.AQ","","NET-ES216A","""RED DE LA COMUNIDAD AUTONOMA DEL PAIS VASCO""","UTC+01","ES0905A","48044003","""ES0905A-GETXO""","SPO-ES0905A_06001_100","PM2.5","-3.013330","43.354170","64.000000","","suburban","traffic","01/01/2011 00:00:00","21/08/2012 00:00:00","SPO_F-ES0905A_06001_100_100","0.0","","","","2.0","","","","","","","0","","","","","","","","","","","","","","","SPP-ES_A_BETA_01000","01/01/2011 00:00:00","21/08/2012 00:00:00","automatic","BETA","","","","","","","","","","","","","","","","","","",""
"Spain","ES.MAGRAMA.AQ","","NET-ES202A","""RED DE LA COMUNIDAD AUTONOMA DE ARAGON""","UTC+01","ES1033A","50240001","""ES1033A-SÁSTAGO""","SPO-ES1033A_06001_100","PM2.5","-0.363330","41.321110","140.000000","","rural-nearcity","industrial","10/07/2007 00:00:00","","SPO_F-ES1033A_06001_100_100","0.0","","","","50.0","","","","","","","0","","","","","","","","","","","","","","","SPP-ES_A_BETA_00000","10/07/2007 00:00:00","","automatic","BETA","","other","","","","","","","","","","","","","","","","",""
"Spain","ES.MAGRAMA.AQ","","NET-ES202A","""RED DE LA COMUNIDAD AUTONOMA DE ARAGON""","UTC+01","ES1033A","50240001","""ES1033A-SÁSTAGO""","SPO-ES1033A_06001_100","PM2.5","-0.363330","41.321110","140.000000","","rural-nearcity","industrial","10/07/2007 00:00:00","","SPO_F-ES1033A_06001_100_100","0.0","","","","50.0","","","","","","","0","","","","","","","","","","","","","","","SPP-ES_A_BETA_01000","10/07/2007 00:00:00","","automatic","BETA","","","","","","","","","","","","","","","","","","",""
"Spain","ES.MAGRAMA.AQ","","NET-ES202A","""RED DE LA COMUNIDAD AUTONOMA DE ARAGON""","UTC+01","ES1034A","50101002","""ES1034A-NUCLEAR""","SPO-ES1034A_06001_100","PM2.5","-0.218890","41.279720","160.000000","","rural-nearcity","industrial","10/07/2007 00:00:00","","SPO_F-ES1034A_06001_100_100","0.0","","","","1.0","","","","","","","0","","","","","","","","","","","","","","","SPP-ES_A_BETA_00000","10/07/2007 00:00:00","","automatic","BETA","","other","","","","","","","","","","","","","","","","",""
"Spain","ES.MAGRAMA.AQ","","NET-ES202A","""RED DE LA COMUNIDAD AUTONOMA DE ARAGON""","UTC+01","ES1034A","50101002","""ES1034A-NUCLEAR""","SPO-ES1034A_06001_100","PM2.5","-0.218890","41.279720","160.000000","","rural-nearcity","industrial","10/07/2007 00:00:00","","SPO_F-ES1034A_06001_100_100","0.0","","","","1.0","","","","","","","0","","","","","","","","","","","","","","","SPP-ES_A_BETA_01000","10/07/2007 00:00:00","","automatic","BETA","","","","","","","","","","","","","","","","","","",""
"Spain","ES.MAGRAMA.AQ","","NET-ES206A","""RED DE LA COMUNIDAD AUTONOMA DE CANTABRIA""","UTC+01","ES1037A","39087004","""ES1037A-BARREDA""","SPO-ES1037A_06001_102","PM2.5","-4.043610","43.367780","18.000000","","urban","traffic","01/01/2011 00:00:00","","SPO_F-ES1037A_06001_102_102","0.0","","","","3.0","","","","","","","0","","","","","","","","","","","","","","","SPP-ES_N_gravi_00000","01/01/2011 00:00:00","","active","","","","","other","","gravi","","","","","","","","","","","","",""
"Spain","ES.MAGRAMA.AQ","","NET-ES206A","""RED DE LA COMUNIDAD AUTONOMA DE CANTABRIA""","UTC+01","ES1037A","39087004","""ES1037A-BARREDA""","SPO-ES1037A_06001_102","PM2.5","-4.043610","43.367780","18.000000","","urban","traffic","01/01/2011 00:00:00","","SPO_F-ES1037A_06001_102_102","0.0","","","","3.0","","","","","","","0","","","","","","","","","","","","","","","SPP-ES_N_gravi_06114","01/01/2011 00:00:00","","active","","","","","","","gravi","","","","","","","","","","","","",""
"Spain","ES.MAGRAMA.AQ","","NET-ES201A","""RED DE LA COMUNIDAD AUTONOMA DE ANDALUCIA""","UTC+01","ES1072A","11022005","""ES1072A-LA LÍNEA""","SPO-ES1072A_06001_102","PM2.5","-5.348360","36.159370","1.000000","","urban","industrial","01/01/2008 00:00:00","","SPO_F-ES1072A_06001_102_102","0.0","","","","8.0","","","","","","","0","","","","","","","","","","","","","","","SPP-ES_N_gravi_00000","01/01/2008 00:00:00","","active","","","","","other","","gravi","","","","","","","","","","","","",""
"Spain","ES.MAGRAMA.AQ","","NET-ES201A","""RED DE LA COMUNIDAD AUTONOMA DE ANDALUCIA""","UTC+01","ES1072A","11022005","""ES1072A-LA LÍNEA""","SPO-ES1072A_06001_102","PM2.5","-5.348360","36.159370","1.000000","","urban","industrial","01/01/2008 00:00:00","","SPO_F-ES1072A_06001_102_102","0.0","","","","8.0","","","","","","","0","","","","","","","","","","","","","","","SPP-ES_N_gravi_00714","01/01/2008 00:00:00","","active","","","","","","","gravi","","","","","","","","","","","","",""
"Spain","ES.MAGRAMA.AQ","","NET-ES201A","""RED DE LA COMUNIDAD AUTONOMA DE ANDALUCIA""","UTC+01","ES1074A","11033009","""ES1074A-HOSTELERÍA""","SPO-ES1074A_06001_100","PM2.5","-5.383710","36.203880","51.000000","","suburban","traffic","31/12/2007 00:00:00","","SPO_F-ES1074A_06001_100_100","0.0","","","","20.0","","","","","","","0","","","","","","","","","","","","","","","SPP-ES_A_BETA_00000","31/12/2007 00:00:00","","automatic","BETA","","other","","","","","","","","","","","","","","","","",""
"Spain","ES.MAGRAMA.AQ","","NET-ES201A","""RED DE LA COMUNIDAD AUTONOMA DE ANDALUCIA""","UTC+01","ES1074A","11033009","""ES1074A-HOSTELERÍA""","SPO-ES1074A_06001_100","PM2.5","-5.383710","36.203880","51.000000","","suburban","traffic","31/12/2007 00:00:00","","SPO_F-ES1074A_06001_100_100","0.0","","","","20.0","","","","","","","0","","","","","","","","","","","","","","","SPP-ES_A_BETA_01000","31/12/2007 00:00:00","","automatic","BETA","","","","","","","","","","","","","","","","","","",""
"Spain","ES.MAGRAMA.AQ","","NET-ES201A","""RED DE LA COMUNIDAD AUTONOMA DE ANDALUCIA""","UTC+01","ES1076A","11008008","""ES1076A-CORTIJILLOS""","SPO-ES1076A_06001_100","PM2.5","-5.435760","36.190480","26.000000","","suburban","industrial","24/05/2005 00:00:00","","SPO_F-ES1076A_06001_100_100","0.0","","","","20.0","","","","","","","0","","","","","","","","","","","","","","","SPP-ES_A_BETA_00000","24/05/2005 00:00:00","","automatic","BETA","","other","","","","","","","","","","","","","","","","",""
"Spain","ES.MAGRAMA.AQ","","NET-ES201A","""RED DE LA COMUNIDAD AUTONOMA DE ANDALUCIA""","UTC+01","ES1076A","11008008","""ES1076A-CORTIJILLOS""","SPO-ES1076A_06001_100","PM2.5","-5.435760","36.190480","26.000000","","suburban","industrial","24/05/2005 00:00:00","","SPO_F-ES1076A_06001_100_100","0.0","","","","20.0","","","","","","","0","","","","","","","","","","","","","","","SPP-ES_A_BETA_01000","24/05/2005 00:00:00","","automatic","BETA","","","","","","","","","","","","","","","","","","",""
"Spain","ES.MAGRAMA.AQ","","NET-ES212A","""RED DE LA COMUNIDAD AUTONOMA DE GALICIA""","UTC+01","ES1096A","32054004","""ES1096A-GOMEZ FRANQUEIRA""","SPO-ES1096A_06001_600","PM2.5","-7.876940","42.351940","132.000000","","urban","traffic","01/01/2015 00:00:00","","SPO_F-ES1096A_06001_600_600","4.0","","","","6.0","","","","","","","0","","","","","","","","","","","","","","","SPP-ES_A_BETA_00000","01/01/2015 00:00:00","","automatic","BETA","","other","","","","","","","","","","","","","","","","",""
"Spain","ES.MAGRAMA.AQ","","NET-ES209A","""RED DE LA COMUNIDAD AUTONOMA DE CATALUÑA""","UTC+01","ES1123A","43047001","""ES1123A-A3-CONSTANTÍ""","SPO-ES1123A_06001_102","PM2.5","1.218890","41.156110","87.000000","","suburban","industrial","13/05/2008 00:00:00","","SPO_F-ES1123A_06001_102_102","0.0","","","","12.0","","","","","","","0","","","","","","","","","","","","","","","SPP-ES_N_gravi_00000","13/05/2008 00:00:00","","active","","","","","other","","gravi","","","","","","","","","","","","",""
"Spain","ES.MAGRAMA.AQ","","NET-ES209A","""RED DE LA COMUNIDAD AUTONOMA DE CATALUÑA""","UTC+01","ES1123A","43047001","""ES1123A-A3-CONSTANTÍ""","SPO-ES1123A_06001_102","PM2.5","1.218890","41.156110","87.000000","","suburban","industrial","13/05/2008 00:00:00","","SPO_F-ES1123A_06001_102_102","0.0","","","","12.0","","","","","","","0","","","","","","","","","","","","","","","SPP-ES_N_gravi_00714","13/05/2008 00:00:00","","active","","","","","","","gravi","","","","","","","","","","","","",""
"Spain","ES.MAGRAMA.AQ","","NET-ES202A","""RED DE LA COMUNIDAD AUTONOMA DE ARAGON""","UTC+01","ES1129A","50092001","""ES1129A-CHIPRANA""","SPO-ES1129A_06001_100","PM2.5","-0.151670","41.258890","160.000000","","rural-nearcity","industrial","10/07/2007 00:00:00","","SPO_F-ES1129A_06001_100_100","0.0","","","","300.0","","","","","","","0","","","","","","","","","","","","","","","SPP-ES_A_BETA_00000","10/07/2007 00:00:00","","automatic","BETA","","other","","","","","","","","","","","","","","","","",""
"Spain","ES.MAGRAMA.AQ","","NET-ES202A","""RED DE LA COMUNIDAD AUTONOMA DE ARAGON""","UTC+01","ES1129A","50092001","""ES1129A-CHIPRANA""","SPO-ES1129A_06001_100","PM2.5","-0.151670","41.258890","160.000000","","rural-nearcity","industrial","10/07/2007 00:00:00","","SPO_F-ES1129A_06001_100_100","0.0","","","","300.0","","","","","","","0","","","","","","","","","","","","","","","SPP-ES_A_BETA_01000","10/07/2007 00:00:00","","automatic","BETA","","","","","","","","","","","","","","","","","","",""
"Spain","ES.MAGRAMA.AQ","","NET-ES202A","""RED DE LA COMUNIDAD AUTONOMA DE ARAGON""","UTC+01","ES1130A","50101001","""ES1130A-ESCATRÓN""","SPO-ES1130A_06001_100","PM2.5","-0.326670","41.288330","175.000000","","urban","industrial","14/03/2007 00:00:00","","SPO_F-ES1130A_06001_100_100","0.0","","","","12.0","","","","","","","0","","","","","","","","","","","","","","","SPP-ES_A_BETA_00000","14/03/2007 00:00:00","","automatic","BETA","","other","","","","","","","","","","","","","","","","",""
"Spain","ES.MAGRAMA.AQ","","NET-ES202A","""RED DE LA COMUNIDAD AUTONOMA DE ARAGON""","UTC+01","ES1130A","50101001","""ES1130A-ESCATRÓN""","SPO-ES1130A_06001_100","PM2.5","-0.326670","41.288330","175.000000","","urban","industrial","14/03/2007 00:00:00","","SPO_F-ES1130A_06001_100_100","0.0","","","","12.0","","","","","","","0","","","","","","","","","","","","","","","SPP-ES_A_BETA_01000","14/03/2007 00:00:00","","automatic","BETA","","","","","","","","","","","","","","","","","","",""
"Spain","ES.MAGRAMA.AQ","","NET-ES205A","""RED DE LA COMUNIDAD AUTONOMA DE LAS ISLAS CANARIAS""","UTC+01","ES1132A","38038011","""ES1132A-LOS GLADIOLOS""","SPO-ES1132A_06001_100","PM2.5","-16.266940","28.459720","95.000000","","urban","industrial","31/12/2000 00:00:00","","SPO_F-ES1132A_06001_100_100","3.0","","","","40.0","","","","","","","0","","","","","","","","","","","","","","","SPP-ES_A_TEOM_00000","31/12/2000 00:00:00","","automatic","TEOM","","other","","","","","","","","","","","","","","","","",""
"Spain","ES.MAGRAMA.AQ","","NET-ES205A","""RED DE LA COMUNIDAD AUTONOMA DE LAS ISLAS CANARIAS""","UTC+01","ES1132A","38038011","""ES1132A-LOS GLADIOLOS""","SPO-ES1132A_06001_100","PM2.5","-16.266940","28.459720","95.000000","","urban","industrial","31/12/2000 00:00:00","","SPO_F-ES1132A_06001_100_100","3.0","","","","40.0","","","","","","","0","","","","","","","","","","","","","","","SPP-ES_A_TEOM_09000","31/12/2000 00:00:00","","automatic","TEOM","","","","","","","","","","","","","","","","","","",""
"Spain","ES.MAGRAMA.AQ","","NET-ES212A","""RED DE LA COMUNIDAD AUTONOMA DE GALICIA""","UTC+01","ES1137A","36057019","""ES1137A-ARENAL""","SPO-ES1137A_06001_600","PM2.5","-8.741940","42.219170","53.000000","","urban","traffic","01/01/2015 00:00:00","","SPO_F-ES1137A_06001_600_600","3.0","","","","20.0","","","","","","","0","","","","","","","","","","","","","","","SPP-ES_A_BETA_00000","01/01/2015 00:00:00","","automatic","BETA","","other","","","","","","","","","","","","","","","","",""
"Spain","ES.MAGRAMA.AQ","","NET-ES212A","""RED DE LA COMUNIDAD AUTONOMA DE GALICIA""","UTC+01","ES1138A","15030001","""ES1138A-CORLAB 1""","SPO-ES1138A_06001_600","PM2.5","-8.418890","43.367780","35.000000","","urban","traffic","01/01/2015 00:00:00","","SPO_F-ES1138A_06001_600_600","3.0","","","","6.0","","","","","","","0","","","","","","","","","","","","","","","SPP-ES_A_BETA_00000","01/01/2015 00:00:00","","automatic","BETA","","other","","","","","","","","","","","","","","","","",""
"Spain","ES.MAGRAMA.AQ","","NET-ES209A","""RED DE LA COMUNIDAD AUTONOMA DE CATALUÑA""","UTC+01","ES1148A","8194008","""ES1148A-I4-SANT ADRIÀ DE BESÒS""","SPO-ES1148A_06001_102","PM2.5","2.220000","41.433330","9.000000","","suburban","traffic","01/10/2010 00:00:00","","SPO_F-ES1148A_06001_102_102","0.0","","","","50.0","","","","","","","0","","","","","","","","","","","","","","","SPP-ES_N_gravi_00000","01/10/2010 00:00:00","","active","","","","","other","","gravi","","","","","","","","","","","","",""
"Spain","ES.MAGRAMA.AQ","","NET-ES209A","""RED DE LA COMUNIDAD AUTONOMA DE CATALUÑA""","UTC+01","ES1148A","8194008","""ES1148A-I4-SANT ADRIÀ DE BESÒS""","SPO-ES1148A_06001_102","PM2.5","2.220000","41.433330","9.000000","","suburban","traffic","01/10/2010 00:00:00","","SPO_F-ES1148A_06001_102_102","0.0","","","","50.0","","","","","","","0","","","","","","","","","","","","","","","SPP-ES_N_gravi_00714","01/10/2010 00:00:00","","active","","","","","","","gravi","","","","","","","","","","","","",""
"Spain","ES.MAGRAMA.AQ","","NET-ES212A","""RED DE LA COMUNIDAD AUTONOMA DE GALICIA""","UTC+01","ES1175A","27038004","""ES1175A-SUR""","SPO-ES1175A_06001_600","PM2.5","-7.449440","42.715280","100.000000","","rural-regional","industrial","01/01/2011 00:00:00","","SPO_F-ES1175A_06001_600_600","-999.0","","","","","","","","","","","0","","","","","","","","","","","","","","","SPP-ES_A_0000000000","01/01/2011 00:00:00","","automatic","other","","","","","","","","","","","","","","","","","","",""
"Spain","ES.MAGRAMA.AQ","","NET-ES212A","""RED DE LA COMUNIDAD AUTONOMA DE GALICIA""","UTC+01","ES1175A","27038004","""ES1175A-SUR""","SPO-ES1175A_06001_600","PM2.5","-7.449440","42.715280","100.000000","","rural-regional","industrial","01/01/2011 00:00:00","","SPO_F-ES1175A_06001_600_600","-999.0","","","","","","","","","","","0","","","","","","","","","","","","","","","SPP-ES_A_BETA_00000","01/01/2011 00:00:00","","automatic","BETA","","other","","","","","","","","","","","","","","","","",""
"Spain","ES.MAGRAMA.AQ","","NET-ES210A","""RED DE LA COMUNIDAD AUTONOMA DE LA COMUNIDAD VALENCIANA""","UTC+01","ES1181A","46102002","""ES1181A-QUART DE POBLET""","SPO-ES1181A_06001_600","PM2.5","-0.447220","39.481110","41.000000","","urban","traffic","01/01/2012 00:00:00","","SPO_F-ES1181A_06001_600_600","3.0","","","","4.0","","","","","","","0","","","","","","","","","","","","","","","SPP-ES_A_light-scat_00000","01/01/2012 00:00:00","","automatic","light-scat","","other","","","","","","","","","","","","","","","","",""
"Spain","ES.MAGRAMA.AQ","","NET-ES210A","""RED DE LA COMUNIDAD AUTONOMA DE LA COMUNIDAD VALENCIANA""","UTC+01","ES1181A","46102002","""ES1181A-QUART DE POBLET""","SPO-ES1181A_06001_600","PM2.5","-0.447220","39.481110","41.000000","","urban","traffic","01/01/2012 00:00:00","","SPO_F-ES1181A_06001_600_600","3.0","","","","4.0","","","","","","","0","","","","","","","","","","","","","","","SPP-ES_A_light-scat_52000","01/01/2012 00:00:00","","automatic","light-scat","","","","","","","","","","","","","","","","","","",""
"Spain","ES.MAGRAMA.AQ","","NET-ES210A","""RED DE LA COMUNIDAD AUTONOMA DE LA COMUNIDAD VALENCIANA""","UTC+01","ES1182A","46131002","""ES1182A-GANDÍA""","SPO-ES1182A_06001_100","PM2.5","-0.190000","38.966670","22.000000","","urban","traffic","04/06/2008 00:00:00","","SPO_F-ES1182A_06001_100_100","0.0","","","","2.0","","","","","","","0","","","","","","","","","","","","","","","SPP-ES_A_light-scat_00000","04/06/2008 00:00:00","","automatic","light-scat","","other","","","","","","","","","","","","","","","","",""
"Spain","ES.MAGRAMA.AQ","","NET-ES210A","""RED DE LA COMUNIDAD AUTONOMA DE LA COMUNIDAD VALENCIANA""","UTC+01","ES1182A","46131002","""ES1182A-GANDÍA""","SPO-ES1182A_06001_100","PM2.5","-0.190000","38.966670","22.000000","","urban","traffic","04/06/2008 00:00:00","","SPO_F-ES1182A_06001_100_100","0.0","","","","2.0","","","","","","","0","","","","","","","","","","","","","","","SPP-ES_A_light-scat_52000","04/06/2008 00:00:00","","automatic","light-scat","","","","","","","","","","","","","","","","","","",""
"Spain","ES.MAGRAMA.AQ","","NET-ES213A","""RED DE LA COMUNIDAD AUTONOMA DE MADRID""","UTC+01","ES1193A","28079024","""ES1193A-CASA DE CAMPO""","SPO-ES1193A_06001_100","PM2.5","-3.749170","40.420000","645.000000","","suburban","background","31/12/2002 00:00:00","","SPO_F-ES1193A_06001_100_100","0.0","","","","200.0","","","","","","","0","","","","","","","","","","","","","","","SPP-ES_A_TEOM_00000","31/12/2002 00:00:00","","automatic","TEOM","","other","","","","","","","","","","","","","","","","",""
"Spain","ES.MAGRAMA.AQ","","NET-ES213A","""RED DE LA COMUNIDAD AUTONOMA DE MADRID""","UTC+01","ES1193A","28079024","""ES1193A-CASA DE CAMPO""","SPO-ES1193A_06001_100","PM2.5","-3.749170","40.420000","645.000000","","suburban","background","31/12/2002 00:00:00","","SPO_F-ES1193A_06001_100_100","0.0","","","","200.0","","","","","","","0","","","","","","","","","","","","","","","SPP-ES_A_TEOM_09000","31/12/2002 00:00:00","","automatic","TEOM","","","","","","","","","","","","","","","","","","",""
"Spain","ES.MAGRAMA.AQ","","NET-ES209A","""RED DE LA COMUNIDAD AUTONOMA DE CATALUÑA""","UTC+01","ES1222A","8259002","""ES1222A-AR-SANTA MARIA DE PALAUTORDERA""","SPO-ES1222A_06001_102","PM2.5","2.441940","41.693060","208.000000","","rural-regional","background","30/11/2008 00:00:00","","SPO_F-ES1222A_06001_102_102","0.0","","","","6.0","","","","","","","0","","","","","","","","","","","","","","","SPP-ES_N_gravi_00000","30/11/2008 00:00:00","","active","","","","","other","","gravi","","","","","","","","","","","","",""
"Spain","ES.MAGRAMA.AQ","","NET-ES209A","""RED DE LA COMUNIDAD AUTONOMA DE CATALUÑA""","UTC+01","ES1222A","8259002","""ES1222A-AR-SANTA MARIA DE PALAUTORDERA""","SPO-ES1222A_06001_102","PM2.5","2.441940","41.693060","208.000000","","rural-regional","background","30/11/2008 00:00:00","","SPO_F-ES1222A_06001_102_102","0.0","","","","6.0","","","","","","","0","","","","","","","","","","","","","","","SPP-ES_N_gravi_00714","30/11/2008 00:00:00","","active","","","","","","","gravi","","","","","","","","","","","","",""
"Spain","ES.MAGRAMA.AQ","","NET-ES209A","""RED DE LA COMUNIDAD AUTONOMA DE CATALUÑA""","UTC+01","ES1225A","25120001","""ES1225A-AB-LLEIDA""","SPO-ES1225A_06001_102","PM2.5","0.614170","41.630000","220.000000","","urban","traffic","15/03/2007 00:00:00","","SPO_F-ES1225A_06001_102_102","0.0","","","","30.0","","","","","","","0","","","","","","","","","","","","","","","SPP-ES_N_gravi_00000","15/03/2007 00:00:00","","active","","","","","other","","gravi","","","","","","","","","","","","",""
"Spain","ES.MAGRAMA.AQ","","NET-ES209A","""RED DE LA COMUNIDAD AUTONOMA DE CATALUÑA""","UTC+01","ES1225A","25120001","""ES1225A-AB-LLEIDA""","SPO-ES1225A_06001_102","PM2.5","0.614170","41.630000","220.000000","","urban","traffic","15/03/2007 00:00:00","","SPO_F-ES1225A_06001_102_102","0.0","","","","30.0","","","","","","","0","","","","","","","","","","","","","","","SPP-ES_N_gravi_00714","15/03/2007 00:00:00","","active","","","","","","","gravi","","","","","","","","","","","","",""
"Spain","ES.MAGRAMA.AQ","","NET-ES210A","""RED DE LA COMUNIDAD AUTONOMA DE LA COMUNIDAD VALENCIANA""","UTC+01","ES1239A","46250030","""ES1239A-VALÈNCIA-PISTA DE SILLA""","SPO-ES1239A_06001_100","PM2.5","-0.375830","39.456110","11.000000","","urban","traffic","01/01/2009 00:00:00","","SPO_F-ES1239A_06001_100_100","0.0","","","","3.0","","","","","","","0","","","","","","","","","","","","","","","SPP-ES_A_DOAS_00000","01/01/2009 00:00:00","","remote","DOAS","","other","","","","","","","","","","","","","","","","",""
"Spain","ES.MAGRAMA.AQ","","NET-ES210A","""RED DE LA COMUNIDAD AUTONOMA DE LA COMUNIDAD VALENCIANA""","UTC+01","ES1239A","46250030","""ES1239A-VALÈNCIA-PISTA DE SILLA""","SPO-ES1239A_06001_100","PM2.5","-0.375830","39.456110","11.000000","","urban","traffic","01/01/2009 00:00:00","","SPO_F-ES1239A_06001_100_100","0.0","","","","3.0","","","","","","","0","","","","","","","","","","","","","","","SPP-ES_A_DOAS_03000","01/01/2009 00:00:00","","remote","DOAS","","","","","","","","","","","","","","","","","","",""
"Spain","ES.MAGRAMA.AQ","","NET-ES209A","""RED DE LA COMUNIDAD AUTONOMA DE CATALUÑA""","UTC+01","ES1248A","25209001","""ES1248A-AO-SORT""","SPO-ES1248A_06001_102","PM2.5","1.129720","42.406940","692.000000","","rural-regional","background","01/01/2009 00:00:00","01/02/2011 00:00:00","SPO_F-ES1248A_06001_102_102","0.0","","","","40.0","","","","","","","0","","","","","","","","","","","","","","","SPP-ES_N_gravi_00000","01/01/2009 00:00:00","01/02/2011 00:00:00","active","","","","","other","","gravi","","","","","","","","","","","","",""
"Spain","ES.MAGRAMA.AQ","","NET-ES209A","""RED DE LA COMUNIDAD AUTONOMA DE CATALUÑA""","UTC+01","ES1248A","25209001","""ES1248A-AO-SORT""","SPO-ES1248A_06001_102","PM2.5","1.129720","42.406940","692.000000","","rural-regional","background","01/01/2009 00:00:00","01/02/2011 00:00:00","SPO_F-ES1248A_06001_102_102","0.0","","","","40.0","","","","","","","0","","","","","","","","","","","","","","","SPP-ES_N_gravi_00714","01/01/2009 00:00:00","01/02/2011 00:00:00","active","","","","","","","gravi","","","","","","","","","","","","",""
"Spain","ES.MAGRAMA.AQ","","NET-ES201A","""RED DE LA COMUNIDAD AUTONOMA DE ANDALUCIA""","UTC+01","ES1253A","23010002","""ES1253A-BAILÉN""","SPO-ES1253A_06001_102","PM2.5","-3.783920","38.092930","368.000000","","urban","industrial","01/01/2008 00:00:00","","SPO_F-ES1253A_06001_102_102","0.0","","","","3.0","","","","","","","0","","","","","","","","","","","","","","","SPP-ES_N_gravi_00000","01/01/2008 00:00:00","","active","","","","","other","","gravi","","","","","","","","","","","","",""
"Spain","ES.MAGRAMA.AQ","","NET-ES201A","""RED DE LA COMUNIDAD AUTONOMA DE ANDALUCIA""","UTC+01","ES1253A","23010002","""ES1253A-BAILÉN""","SPO-ES1253A_06001_102","PM2.5","-3.783920","38.092930","368.000000","","urban","industrial","01/01/2008 00:00:00","","SPO_F-ES1253A_06001_102_102","0.0","","","","3.0","","","","","","","0","","","","","","","","","","","","","","","SPP-ES_N_gravi_00714","01/01/2008 00:00:00","","active","","","","","","","gravi","","","","","","","","","","","","",""
"Spain","ES.MAGRAMA.AQ","","NET-ES201A","""RED DE LA COMUNIDAD AUTONOMA DE ANDALUCIA""","UTC+01","ES1258A","21050001","""ES1258A-MOGUER""","SPO-ES1258A_06001_102","PM2.5","-6.833840","37.281560","52.000000","","suburban","industrial","01/01/2010 00:00:00","","SPO_F-ES1258A_06001_102_102","0.0","","","","100.0","","","","","","","0","","","","","","","","","","","","","","","SPP-ES_N_gravi_00000","01/01/2010 00:00:00","","active","","","","","other","","gravi","","","","","","","","","","","","",""
"Spain","ES.MAGRAMA.AQ","","NET-ES201A","""RED DE LA COMUNIDAD AUTONOMA DE ANDALUCIA""","UTC+01","ES1258A","21050001","""ES1258A-MOGUER""","SPO-ES1258A_06001_102","PM2.5","-6.833840","37.281560","52.000000","","suburban","industrial","01/01/2010 00:00:00","","SPO_F-ES1258A_06001_102_102","0.0","","","","100.0","","","","","","","0","","","","","","","","","","","","","","","SPP-ES_N_gravi_00714","01/01/2010 00:00:00","","active","","","","","","","gravi","","","","","","","","","","","","",""
"Spain","ES.MAGRAMA.AQ","","NET-ES209A","""RED DE LA COMUNIDAD AUTONOMA DE CATALUÑA""","UTC+01","ES1262A","8187012","""ES1262A-AD-SABADELL (GRAN VIA)""","SPO-ES1262A_06001_102","PM2.5","2.102780","41.562780","190.000000","","urban","traffic","15/01/2010 00:00:00","","SPO_F-ES1262A_06001_102_102","0.0","","","","2.0","","","","","","","0","","","","","","","","","","","","","","","SPP-ES_N_gravi_00000","15/01/2010 00:00:00","","active","","","","","other","","gravi","","","","","","","","","","","","",""
"Spain","ES.MAGRAMA.AQ","","NET-ES209A","""RED DE LA COMUNIDAD AUTONOMA DE CATALUÑA""","UTC+01","ES1262A","8187012","""ES1262A-AD-SABADELL (GRAN VIA)""","SPO-ES1262A_06001_102","PM2.5","2.102780","41.562780","190.000000","","urban","traffic","15/01/2010 00:00:00","","SPO_F-ES1262A_06001_102_102","0.0","","","","2.0","","","","","","","0","","","","","","","","","","","","","","","SPP-ES_N_gravi_00714","15/01/2010 00:00:00","","active","","","","","","","gravi","","","","","","","","","","","","",""
"Spain","ES.MAGRAMA.AQ","","NET-ES203A","""RED DE LA COMUNIDAD AUTONOMA DE ASTURIAS""","UTC+01","ES1272A","33024025","""ES1272A-CONSTITUCIÓN""","SPO-ES1272A_06001_100","PM2.5","-5.705830","43.531110","12.000000","","urban","traffic","01/01/2009 00:00:00","","SPO_F-ES1272A_06001_100_100","0.0","","","","1.0","","","","","","","0","","","","","","","","","","","","","","","SPP-ES_A_BETA_00000","01/01/2009 00:00:00","","automatic","BETA","","other","","","","","","","","","","","","","","","","",""
"Spain","ES.MAGRAMA.AQ","","NET-ES203A","""RED DE LA COMUNIDAD AUTONOMA DE ASTURIAS""","UTC+01","ES1272A","33024025","""ES1272A-CONSTITUCIÓN""","SPO-ES1272A_06001_100","PM2.5","-5.705830","43.531110","12.000000","","urban","traffic","01/01/2009 00:00:00","","SPO_F-ES1272A_06001_100_100","0.0","","","","1.0","","","","","","","0","","","","","","","","","","","","","","","SPP-ES_A_BETA_01000","01/01/2009 00:00:00","","automatic","BETA","","","","","","","","","","","","","","","","","","",""
"Spain","ES.MAGRAMA.AQ","","NET-ES207A","""RED DE LA COMUNIDAD AUTONOMA DE CASTILLA LA MANCHA""","UTC+01","ES1277A","13071016","""ES1277A-INSTITUTO Nº 3""","SPO-ES1277A_06001_100","PM2.5","-4.106940","38.681670","675.000000","","suburban","industrial","31/01/2007 00:00:00","","SPO_F-ES1277A_06001_100_100","0.0","","","","3.0","","","","","","","0","","","","","","","","","","","","","","","SPP-ES_A_BETA_00000","31/01/2007 00:00:00","","automatic","BETA","","other","","","","","","","","","","","","","","","","",""
"Spain","ES.MAGRAMA.AQ","","NET-ES207A","""RED DE LA COMUNIDAD AUTONOMA DE CASTILLA LA MANCHA""","UTC+01","ES1277A","13071016","""ES1277A-INSTITUTO Nº 3""","SPO-ES1277A_06001_100","PM2.5","-4.106940","38.681670","675.000000","","suburban","industrial","31/01/2007 00:00:00","","SPO_F-ES1277A_06001_100_100","0.0","","","","3.0","","","","","","","0","","","","","","","","","","","","","","","SPP-ES_A_BETA_01000","31/01/2007 00:00:00","","automatic","BETA","","","","","","","","","","","","","","","","","","",""
"Spain","ES.MAGRAMA.AQ","","NET-ES208A","""RED DE LA COMUNIDAD AUTONOMA DE CASTILLA Y LEON""","UTC+01","ES1288A","37274008","""ES1288A-PLAZA DE COLÓN""","SPO-ES1288A_06001_100","PM2.5","-5.668330","40.967500","797.000000","","urban","traffic","01/01/2004 00:00:00","21/12/2006 00:00:00","SPO_F-ES1288A_06001_100_100","0.0","","","","3.8","","","","","","","0","","","","","","","","","","","","","","","SPP-ES_A_BETA_00000","01/01/2004 00:00:00","21/12/2006 00:00:00","automatic","BETA","","other","","","","","","","","","","","","","","","","",""
"Spain","ES.MAGRAMA.AQ","","NET-ES208A","""RED DE LA COMUNIDAD AUTONOMA DE CASTILLA Y LEON""","UTC+01","ES1288A","37274008","""ES1288A-PLAZA DE COLÓN""","SPO-ES1288A_06001_100","PM2.5","-5.668330","40.967500","797.000000","","urban","traffic","01/01/2004 00:00:00","21/12/2006 00:00:00","SPO_F-ES1288A_06001_100_100","0.0","","","","3.8","","","","","","","0","","","","","","","","","","","","","","","SPP-ES_A_BETA_01000","01/01/2004 00:00:00","21/12/2006 00:00:00","automatic","BETA","","","","","","","","","","","","","","","","","","",""
"Spain","ES.MAGRAMA.AQ","","NET-ES208A","""RED DE LA COMUNIDAD AUTONOMA DE CASTILLA Y LEON""","UTC+01","ES1298A","34225001","""ES1298A-RENAULT 4""","SPO-ES1298A_06001_100","PM2.5","-4.494440","41.961390","734.000000","","suburban","industrial","01/01/2004 00:00:00","","SPO_F-ES1298A_06001_100_100","0.0","","","","10.0","","","","","","","0","","","","","","","","","","","","","","","SPP-ES_A_DOAS_00000","01/01/2004 00:00:00","","remote","DOAS","","other","","","","","","","","","","","","","","","","",""
"Spain","ES.MAGRAMA.AQ","","NET-ES208A","""RED DE LA COMUNIDAD AUTONOMA DE CASTILLA Y LEON""","UTC+01","ES1298A","34225001","""ES1298A-RENAULT 4""","SPO-ES1298A_06001_100","PM2.5","-4.494440","41.961390","734.000000","","suburban","industrial","01/01/2004 00:00:00","","SPO_F-ES1298A_06001_100_100","0.0","","","","10.0","","","","","","","0","","","","","","","","","","","","","","","SPP-ES_A_DOAS_03000","01/01/2004 00:00:00","","remote","DOAS","","","","","","","","","","","","","","","","","","",""
"Spain","ES.MAGRAMA.AQ","","NET-ES209A","""RED DE LA COMUNIDAD AUTONOMA DE CATALUÑA""","UTC+01","ES1312A","43148022","""ES1312A-AS-TARRAGONA""","SPO-ES1312A_06001_102","PM2.5","1.202220","41.105000","3.000000","","suburban","industrial","13/05/2008 00:00:00","","SPO_F-ES1312A_06001_102_102","0.0","","","","10.0","","","","","","","0","","","","","","","","","","","","","","","SPP-ES_N_gravi_00000","13/05/2008 00:00:00","","active","","","","","other","","gravi","","","","","","","","","","","","",""
"Spain","ES.MAGRAMA.AQ","","NET-ES209A","""RED DE LA COMUNIDAD AUTONOMA DE CATALUÑA""","UTC+01","ES1312A","43148022","""ES1312A-AS-TARRAGONA""","SPO-ES1312A_06001_102","PM2.5","1.202220","41.105000","3.000000","","suburban","industrial","13/05/2008 00:00:00","","SPO_F-ES1312A_06001_102_102","0.0","","","","10.0","","","","","","","0","","","","","","","","","","","","","","","SPP-ES_N_gravi_00714","13/05/2008 00:00:00","","active","","","","","","","gravi","","","","","","","","","","","","",""
"Spain","ES.MAGRAMA.AQ","","NET-ES209A","""RED DE LA COMUNIDAD AUTONOMA DE CATALUÑA""","UTC+01","ES1348A","25051001","""ES1348A-AZ-BELLVER DE CERDANYA""","SPO-ES1348A_06001_102","PM2.5","1.778060","42.370280","1060.000000","","rural-regional","background","15/01/2010 00:00:00","","SPO_F-ES1348A_06001_102_102","0.0","","","","5.0","","","","","","","0","","","","","","","","","","","","","","","SPP-ES_N_gravi_00000","15/01/2010 00:00:00","","active","","","","","other","","gravi","","","","","","","","","","","","",""
"Spain","ES.MAGRAMA.AQ","","NET-ES209A","""RED DE LA COMUNIDAD AUTONOMA DE CATALUÑA""","UTC+01","ES1348A","25051001","""ES1348A-AZ-BELLVER DE CERDANYA""","SPO-ES1348A_06001_102","PM2.5","1.778060","42.370280","1060.000000","","rural-regional","background","15/01/2010 00:00:00","","SPO_F-ES1348A_06001_102_102","0.0","","","","5.0","","","","","","","0","","","","","","","","","","","","","","","SPP-ES_N_gravi_00714","15/01/2010 00:00:00","","active","","","","","","","gravi","","","","","","","","","","","","",""
"Spain","ES.MAGRAMA.AQ","","NET-ES208A","""RED DE LA COMUNIDAD AUTONOMA DE CASTILLA Y LEON""","UTC+01","ES1355A","47186023","""ES1355A-MOTORES""","SPO-ES1355A_06001_100","PM2.5","-4.728890","41.604160","705.000000","","suburban","industrial","01/01/2004 00:00:00","","SPO_F-ES1355A_06001_100_100","0.0","","","","30.0","","","","","","","0","","","","","","","","","","","","","","","SPP-ES_A_DOAS_00000","01/01/2004 00:00:00","","remote","DOAS","","other","","","","","","","","","","","","","","","","",""
"Spain","ES.MAGRAMA.AQ","","NET-ES208A","""RED DE LA COMUNIDAD AUTONOMA DE CASTILLA Y LEON""","UTC+01","ES1355A","47186023","""ES1355A-MOTORES""","SPO-ES1355A_06001_100","PM2.5","-4.728890","41.604160","705.000000","","suburban","industrial","01/01/2004 00:00:00","","SPO_F-ES1355A_06001_100_100","0.0","","","","30.0","","","","","","","0","","","","","","","","","","","","","","","SPP-ES_A_DOAS_03000","01/01/2004 00:00:00","","remote","DOAS","","","","","","","","","","","","","","","","","","",""
"Spain","ES.MAGRAMA.AQ","","NET-ES208A","""RED DE LA COMUNIDAD AUTONOMA DE CASTILLA Y LEON""","UTC+01","ES1356A","47186024","""ES1356A-CARROCERÍAS""","SPO-ES1356A_06001_100","PM2.5","-4.740830","41.612780","698.000000","","suburban","industrial","01/01/2004 00:00:00","","SPO_F-ES1356A_06001_100_100","0.0","","","","","","","","","","","0","","","","","","","","","","","","","","","SPP-ES_A_DOAS_00000","01/01/2004 00:00:00","","remote","DOAS","","other","","","","","","","","","","","","","","","","",""
"Spain","ES.MAGRAMA.AQ","","NET-ES208A","""RED DE LA COMUNIDAD AUTONOMA DE CASTILLA Y LEON""","UTC+01","ES1356A","47186024","""ES1356A-CARROCERÍAS""","SPO-ES1356A_06001_100","PM2.5","-4.740830","41.612780","698.000000","","suburban","industrial","01/01/2004 00:00:00","","SPO_F-ES1356A_06001_100_100","0.0","","","","","","","","","","","0","","","","","","","","","","","","","","","SPP-ES_A_DOAS_03000","01/01/2004 00:00:00","","remote","DOAS","","","","","","","","","","","","","","","","","","",""
"Spain","ES.MAGRAMA.AQ","","NET-ES210A","""RED DE LA COMUNIDAD AUTONOMA DE LA COMUNIDAD VALENCIANA""","UTC+01","ES1386A","12040008","""ES1386A-CASTELLÓ-PENYETA""","SPO-ES1386A_06001_100","PM2.5","-0.057220","40.012780","106.000000","","suburban","industrial","01/01/2009 00:00:00","","SPO_F-ES1386A_06001_100_100","0.0","","","","50.0","","","","","","","0","","","","","","","","","","","","","","","SPP-ES_A_light-scat_00000","01/01/2009 00:00:00","","automatic","light-scat","","other","","","","","","","","","","","","","","","","",""
"Spain","ES.MAGRAMA.AQ","","NET-ES210A","""RED DE LA COMUNIDAD AUTONOMA DE LA COMUNIDAD VALENCIANA""","UTC+01","ES1386A","12040008","""ES1386A-CASTELLÓ-PENYETA""","SPO-ES1386A_06001_100","PM2.5","-0.057220","40.012780","106.000000","","suburban","industrial","01/01/2009 00:00:00","","SPO_F-ES1386A_06001_100_100","0.0","","","","50.0","","","","","","","0","","","","","","","","","","","","","","","SPP-ES_A_light-scat_52000","01/01/2009 00:00:00","","automatic","light-scat","","","","","","","","","","","","","","","","","","",""
"Spain","ES.MAGRAMA.AQ","","NET-ES210A","""RED DE LA COMUNIDAD AUTONOMA DE LA COMUNIDAD VALENCIANA""","UTC+01","ES1387A","12084003","""ES1387A-ONDA""","SPO-ES1387A_06001_100","PM2.5","-0.233330","39.962780","163.000000","","suburban","industrial","01/04/2003 00:00:00","","SPO_F-ES1387A_06001_100_100","0.0","","","","200.0","","","","","","","0","","","","","","","","","","","","","","","SPP-ES_N_gravi_00000","01/04/2003 00:00:00","","active","","","","","other","","gravi","","","","","","","","","","","","",""
"Spain","ES.MAGRAMA.AQ","","NET-ES210A","""RED DE LA COMUNIDAD AUTONOMA DE LA COMUNIDAD VALENCIANA""","UTC+01","ES1387A","12084003","""ES1387A-ONDA""","SPO-ES1387A_06001_100","PM2.5","-0.233330","39.962780","163.000000","","suburban","industrial","01/04/2003 00:00:00","","SPO_F-ES1387A_06001_100_100","0.0","","","","200.0","","","","","","","0","","","","","","","","","","","","","","","SPP-ES_N_gravi_00714","01/04/2003 00:00:00","","active","","","","","","","gravi","","","","","","","","","","","","",""
"Spain","ES.MAGRAMA.AQ","","NET-ES210A","""RED DE LA COMUNIDAD AUTONOMA DE LA COMUNIDAD VALENCIANA""","UTC+01","ES1387A","12084003","""ES1387A-ONDA""","SPO-ES1387A_06001_102","PM2.5","-0.233330","39.962780","163.000000","","suburban","industrial","01/04/2003 00:00:00","","SPO_F-ES1387A_06001_102_102","0.0","","","","200.0","","","","","","","0","","","","","","","","","","","","","","","SPP-ES_N_gravi_00000","01/04/2003 00:00:00","","active","","","","","other","","gravi","","","","","","","","","","","","",""
"Spain","ES.MAGRAMA.AQ","","NET-ES210A","""RED DE LA COMUNIDAD AUTONOMA DE LA COMUNIDAD VALENCIANA""","UTC+01","ES1387A","12084003","""ES1387A-ONDA""","SPO-ES1387A_06001_102","PM2.5","-0.233330","39.962780","163.000000","","suburban","industrial","01/04/2003 00:00:00","","SPO_F-ES1387A_06001_102_102","0.0","","","","200.0","","","","","","","0","","","","","","","","","","","","","","","SPP-ES_N_gravi_00714","01/04/2003 00:00:00","","active","","","","","","","gravi","","","","","","","","","","","","",""
"Spain","ES.MAGRAMA.AQ","","NET-ES201A","""RED DE LA COMUNIDAD AUTONOMA DE ANDALUCIA""","UTC+01","ES1393A","4013004","""ES1393A-MEDITERRÁNEO""","SPO-ES1393A_06001_102","PM2.5","-2.446720","36.841330","51.000000","","urban","traffic","01/01/2009 00:00:00","","SPO_F-ES1393A_06001_102_102","0.0","","","","55.0","","","","","","","0","","","","","","","","","","","","","","","SPP-ES_N_gravi_00000","01/01/2009 00:00:00","","active","","","","","other","","gravi","","","","","","","","","","","","",""
"Spain","ES.MAGRAMA.AQ","","NET-ES201A","""RED DE LA COMUNIDAD AUTONOMA DE ANDALUCIA""","UTC+01","ES1393A","4013004","""ES1393A-MEDITERRÁNEO""","SPO-ES1393A_06001_102","PM2.5","-2.446720","36.841330","51.000000","","urban","traffic","01/01/2009 00:00:00","","SPO_F-ES1393A_06001_102_102","0.0","","","","55.0","","","","","","","0","","","","","","","","","","","","","","","SPP-ES_N_gravi_00714","01/01/2009 00:00:00","","active","","","","","","","gravi","","","","","","","","","","","","",""
"Spain","ES.MAGRAMA.AQ","","NET-ES202A","""RED DE LA COMUNIDAD AUTONOMA DE ARAGON""","UTC+01","ES1400A","50059001","""ES1400A-BUJARALOZ""","SPO-ES1400A_06001_100","PM2.5","-0.151940","41.505560","327.000000","","rural-nearcity","background","01/01/2005 00:00:00","","SPO_F-ES1400A_06001_100_100","0.0","","","","7.0","","","","","","","0","","","","","","","","","","","","","","","SPP-ES_A_BETA_00000","01/01/2005 00:00:00","","automatic","BETA","","other","","","","","","","","","","","","","","","","",""
"Spain","ES.MAGRAMA.AQ","","NET-ES202A","""RED DE LA COMUNIDAD AUTONOMA DE ARAGON""","UTC+01","ES1400A","50059001","""ES1400A-BUJARALOZ""","SPO-ES1400A_06001_100","PM2.5","-0.151940","41.505560","327.000000","","rural-nearcity","background","01/01/2005 00:00:00","","SPO_F-ES1400A_06001_100_100","0.0","","","","7.0","","","","","","","0","","","","","","","","","","","","","","","SPP-ES_A_BETA_01000","01/01/2005 00:00:00","","automatic","BETA","","","","","","","","","","","","","","","","","","",""
"Spain","ES.MAGRAMA.AQ","","NET-ES202A","""RED DE LA COMUNIDAD AUTONOMA DE ARAGON""","UTC+01","ES1417A","22125001","""ES1417A-HUESCA""","SPO-ES1417A_06001_100","PM2.5","-0.403890","42.136110","488.000000","","urban","traffic","01/01/2005 00:00:00","","SPO_F-ES1417A_06001_100_100","0.0","","","","8.0","","","","","","","0","","","","","","","","","","","","","","","SPP-ES_A_BETA_00000","01/01/2005 00:00:00","","automatic","BETA","","other","","","","","","","","","","","","","","","","",""
"Spain","ES.MAGRAMA.AQ","","NET-ES202A","""RED DE LA COMUNIDAD AUTONOMA DE ARAGON""","UTC+01","ES1417A","22125001","""ES1417A-HUESCA""","SPO-ES1417A_06001_100","PM2.5","-0.403890","42.136110","488.000000","","urban","traffic","01/01/2005 00:00:00","","SPO_F-ES1417A_06001_100_100","0.0","","","","8.0","","","","","","","0","","","","","","","","","","","","","","","SPP-ES_A_BETA_01000","01/01/2005 00:00:00","","automatic","BETA","","","","","","","","","","","","","","","","","","",""
"Spain","ES.MAGRAMA.AQ","","NET-ES202A","""RED DE LA COMUNIDAD AUTONOMA DE ARAGON""","UTC+01","ES1417A","22125001","""ES1417A-HUESCA""","SPO-ES1417A_06001_102","PM2.5","-0.403890","42.136110","488.000000","","urban","traffic","01/01/2011 00:00:00","","SPO_F-ES1417A_06001_102_102","0.0","","","","8.0","","","","","","","0","","","","","","","","","","","","","","","SPP-ES_N_gravi_00000","01/01/2011 00:00:00","","active","","","","","other","","gravi","","","","","","","","","","","","",""
"Spain","ES.MAGRAMA.AQ","","NET-ES202A","""RED DE LA COMUNIDAD AUTONOMA DE ARAGON""","UTC+01","ES1417A","22125001","""ES1417A-HUESCA""","SPO-ES1417A_06001_102","PM2.5","-0.403890","42.136110","488.000000","","urban","traffic","01/01/2011 00:00:00","","SPO_F-ES1417A_06001_102_102","0.0","","","","8.0","","","","","","","0","","","","","","","","","","","","","","","SPP-ES_N_gravi_06114","01/01/2011 00:00:00","","active","","","","","","","gravi","","","","","","","","","","","","",""
"Spain","ES.MAGRAMA.AQ","","NET-ES202A","""RED DE LA COMUNIDAD AUTONOMA DE ARAGON""","UTC+01","ES1418A","50008001","""ES1418A-ALAGÓN""","SPO-ES1418A_06001_100","PM2.5","-1.143330","41.762780","235.000000","","suburban","traffic","01/01/2005 00:00:00","","SPO_F-ES1418A_06001_100_100","0.0","","","","20.0","","","","","","","0","","","","","","","","","","","","","","","SPP-ES_A_BETA_00000","01/01/2005 00:00:00","","automatic","BETA","","other","","","","","","","","","","","","","","","","",""
"Spain","ES.MAGRAMA.AQ","","NET-ES202A","""RED DE LA COMUNIDAD AUTONOMA DE ARAGON""","UTC+01","ES1418A","50008001","""ES1418A-ALAGÓN""","SPO-ES1418A_06001_100","PM2.5","-1.143330","41.762780","235.000000","","suburban","traffic","01/01/2005 00:00:00","","SPO_F-ES1418A_06001_100_100","0.0","","","","20.0","","","","","","","0","","","","","","","","","","","","","","","SPP-ES_A_BETA_01000","01/01/2005 00:00:00","","automatic","BETA","","","","","","","","","","","","","","","","","","",""
"Spain","ES.MAGRAMA.AQ","","NET-ES202A","""RED DE LA COMUNIDAD AUTONOMA DE ARAGON""","UTC+01","ES1418A","50008001","""ES1418A-ALAGÓN""","SPO-ES1418A_06001_102","PM2.5","-1.143330","41.762780","235.000000","","suburban","traffic","01/01/2011 00:00:00","","SPO_F-ES1418A_06001_102_102","0.0","","","","20.0","","","","","","","0","","","","","","","","","","","","","","","SPP-ES_N_gravi_00000","01/01/2011 00:00:00","","active","","","","","other","","gravi","","","","","","","","","","","","",""
"Spain","ES.MAGRAMA.AQ","","NET-ES202A","""RED DE LA COMUNIDAD AUTONOMA DE ARAGON""","UTC+01","ES1418A","50008001","""ES1418A-ALAGÓN""","SPO-ES1418A_06001_102","PM2.5","-1.143330","41.762780","235.000000","","suburban","traffic","01/01/2011 00:00:00","","SPO_F-ES1418A_06001_102_102","0.0","","","","20.0","","","","","","","0","","","","","","","","","","","","","","","SPP-ES_N_gravi_00714","01/01/2011 00:00:00","","active","","","","","","","gravi","","","","","","","","","","","","",""
"Spain","ES.MAGRAMA.AQ","","NET-ES202A","""RED DE LA COMUNIDAD AUTONOMA DE ARAGON""","UTC+01","ES1419A","44054001","""ES1419A-CAMARENA""","SPO-ES1419A_06001_100","PM2.5","-1.024440","40.102220","1930.000000","","rural-regional","background","01/01/2006 00:00:00","22/12/2006 00:00:00","SPO_F-ES1419A_06001_100_100","0.0","","","","","","","","","","","0","","","","","","","","","","","","","","","SPP-ES_A_BETA_00000","01/01/2006 00:00:00","22/12/2006 00:00:00","automatic","BETA","","other","","","","","","","","","","","","","","","","",""
"Spain","ES.MAGRAMA.AQ","","NET-ES202A","""RED DE LA COMUNIDAD AUTONOMA DE ARAGON""","UTC+01","ES1419A","44054001","""ES1419A-CAMARENA""","SPO-ES1419A_06001_100","PM2.5","-1.024440","40.102220","1930.000000","","rural-regional","background","01/01/2006 00:00:00","22/12/2006 00:00:00","SPO_F-ES1419A_06001_100_100","0.0","","","","","","","","","","","0","","","","","","","","","","","","","","","SPP-ES_A_BETA_01000","01/01/2006 00:00:00","22/12/2006 00:00:00","automatic","BETA","","","","","","","","","","","","","","","","","","",""
"Spain","ES.MAGRAMA.AQ","","NET-ES202A","""RED DE LA COMUNIDAD AUTONOMA DE ARAGON""","UTC+01","ES1420A","22158001","""ES1420A-MONZÓN""","SPO-ES1420A_06001_100","PM2.5","0.196940","41.918610","279.000000","","suburban","industrial","01/01/2005 00:00:00","","SPO_F-ES1420A_06001_100_100","0.0","","","","150.0","","","","","","","0","","","","","","","","","","","","","","","SPP-ES_A_BETA_00000","01/01/2005 00:00:00","","automatic","BETA","","other","","","","","","","","","","","","","","","","",""
"Spain","ES.MAGRAMA.AQ","","NET-ES202A","""RED DE LA COMUNIDAD AUTONOMA DE ARAGON""","UTC+01","ES1420A","22158001","""ES1420A-MONZÓN""","SPO-ES1420A_06001_100","PM2.5","0.196940","41.918610","279.000000","","suburban","industrial","01/01/2005 00:00:00","","SPO_F-ES1420A_06001_100_100","0.0","","","","150.0","","","","","","","0","","","","","","","","","","","","","","","SPP-ES_A_BETA_01000","01/01/2005 00:00:00","","automatic","BETA","","","","","","","","","","","","","","","","","","",""
"Spain","ES.MAGRAMA.AQ","","NET-ES202A","""RED DE LA COMUNIDAD AUTONOMA DE ARAGON""","UTC+01","ES1420A","22158001","""ES1420A-MONZÓN""","SPO-ES1420A_06001_102","PM2.5","0.196940","41.918610","279.000000","","suburban","industrial","01/01/2012 00:00:00","","SPO_F-ES1420A_06001_102_102","0.0","","","","150.0","","","","","","","0","","","","","","","","","","","","","","","SPP-ES_N_gravi_00000","01/01/2012 00:00:00","","active","","","","","other","","gravi","","","","","","","","","","","","",""
"Spain","ES.MAGRAMA.AQ","","NET-ES202A","""RED DE LA COMUNIDAD AUTONOMA DE ARAGON""","UTC+01","ES1420A","22158001","""ES1420A-MONZÓN""","SPO-ES1420A_06001_102","PM2.5","0.196940","41.918610","279.000000","","suburban","industrial","01/01/2012 00:00:00","","SPO_F-ES1420A_06001_102_102","0.0","","","","150.0","","","","","","","0","","","","","","","","","","","","","","","SPP-ES_N_gravi_06114","01/01/2012 00:00:00","","active","","","","","","","gravi","","","","","","","","","","","","",""
"Spain","ES.MAGRAMA.AQ","","NET-ES202A","""RED DE LA COMUNIDAD AUTONOMA DE ARAGON""","UTC+01","ES1421A","44216001","""ES1421A-TERUEL""","SPO-ES1421A_06001_100","PM2.5","-1.106670","40.336390","915.000000","","urban","background","01/01/2005 00:00:00","","SPO_F-ES1421A_06001_100_100","0.0","","","","2.0","","","","","","","0","","","","","","","","","","","","","","","SPP-ES_A_BETA_00000","01/01/2005 00:00:00","","automatic","BETA","","other","","","","","","","","","","","","","","","","",""
"Spain","ES.MAGRAMA.AQ","","NET-ES202A","""RED DE LA COMUNIDAD AUTONOMA DE ARAGON""","UTC+01","ES1421A","44216001","""ES1421A-TERUEL""","SPO-ES1421A_06001_100","PM2.5","-1.106670","40.336390","915.000000","","urban","background","01/01/2005 00:00:00","","SPO_F-ES1421A_06001_100_100","0.0","","","","2.0","","","","","","","0","","","","","","","","","","","","","","","SPP-ES_A_BETA_01000","01/01/2005 00:00:00","","automatic","BETA","","","","","","","","","","","","","","","","","","",""
"Spain","ES.MAGRAMA.AQ","","NET-ES202A","""RED DE LA COMUNIDAD AUTONOMA DE ARAGON""","UTC+01","ES1421A","44216001","""ES1421A-TERUEL""","SPO-ES1421A_06001_102","PM2.5","-1.106670","40.336390","915.000000","","urban","background","01/01/2011 00:00:00","","SPO_F-ES1421A_06001_102_102","0.0","","","","2.0","","","","","","","0","","","","","","","","","","","","","","","SPP-ES_N_gravi_00000","01/01/2011 00:00:00","","active","","","","","other","","gravi","","","","","","","","","","","","",""
"Spain","ES.MAGRAMA.AQ","","NET-ES202A","""RED DE LA COMUNIDAD AUTONOMA DE ARAGON""","UTC+01","ES1421A","44216001","""ES1421A-TERUEL""","SPO-ES1421A_06001_102","PM2.5","-1.106670","40.336390","915.000000","","urban","background","01/01/2011 00:00:00","","SPO_F-ES1421A_06001_102_102","0.0","","","","2.0","","","","","","","0","","","","","","","","","","","","","","","SPP-ES_N_gravi_00714","01/01/2011 00:00:00","","active","","","","","","","gravi","","","","","","","","","","","","",""
"Spain","ES.MAGRAMA.AQ","","NET-ES201A","""RED DE LA COMUNIDAD AUTONOMA DE ANDALUCIA""","UTC+01","ES1425A","41091016","""ES1425A-PRINCIPES""","SPO-ES1425A_06001_102","PM2.5","-6.005580","37.375250","9.000000","","urban","background","01/01/2009 00:00:00","","SPO_F-ES1425A_06001_102_102","0.0","","","","35.0","","","","","","","0","","","","","","","","","","","","","","","SPP-ES_N_gravi_00000","01/01/2009 00:00:00","","active","","","","","other","","gravi","","","","","","","","","","","","",""
"Spain","ES.MAGRAMA.AQ","","NET-ES201A","""RED DE LA COMUNIDAD AUTONOMA DE ANDALUCIA""","UTC+01","ES1425A","41091016","""ES1425A-PRINCIPES""","SPO-ES1425A_06001_102","PM2.5","-6.005580","37.375250","9.000000","","urban","background","01/01/2009 00:00:00","","SPO_F-ES1425A_06001_102_102","0.0","","","","35.0","","","","","","","0","","","","","","","","","","","","","","","SPP-ES_N_gravi_00714","01/01/2009 00:00:00","","active","","","","","","","gravi","","","","","","","","","","","","",""
"Spain","ES.MAGRAMA.AQ","","NET-ES213A","""RED DE LA COMUNIDAD AUTONOMA DE MADRID""","UTC+01","ES1427A","28079037","""ES1427A-PASEO PONTONES""","SPO-ES1427A_06001_100","PM2.5","-3.712780","40.406390","625.000000","","urban","traffic","31/12/2002 00:00:00","","SPO_F-ES1427A_06001_100_100","0.0","","","","2.0","","","","","","","0","","","","","","","","","","","","","","","SPP-ES_A_TEOM_00000","31/12/2002 00:00:00","","automatic","TEOM","","other","","","","","","","","","","","","","","","","",""
"Spain","ES.MAGRAMA.AQ","","NET-ES213A","""RED DE LA COMUNIDAD AUTONOMA DE MADRID""","UTC+01","ES1427A","28079037","""ES1427A-PASEO PONTONES""","SPO-ES1427A_06001_100","PM2.5","-3.712780","40.406390","625.000000","","urban","traffic","31/12/2002 00:00:00","","SPO_F-ES1427A_06001_100_100","0.0","","","","2.0","","","","","","","0","","","","","","","","","","","","","","","SPP-ES_A_TEOM_09000","31/12/2002 00:00:00","","automatic","TEOM","","","","","","","","","","","","","","","","","","",""
"Spain","ES.MAGRAMA.AQ","","NET-ES210A","""RED DE LA COMUNIDAD AUTONOMA DE LA COMUNIDAD VALENCIANA""","UTC+01","ES1435A","12129001","""ES1435A-VILAFRANCA""","SPO-ES1435A_06001_100","PM2.5","-0.249170","40.416670","1125.000000","","suburban","background","01/01/2009 00:00:00","","SPO_F-ES1435A_06001_100_100","0.0","","","","75.0","","","","","","","0","","","","","","","","","","","","","","","SPP-ES_A_BETA_00000","01/01/2009 00:00:00","","automatic","BETA","","other","","","","","","","","","","","","","","","","",""
"Spain","ES.MAGRAMA.AQ","","NET-ES210A","""RED DE LA COMUNIDAD AUTONOMA DE LA COMUNIDAD VALENCIANA""","UTC+01","ES1435A","12129001","""ES1435A-VILAFRANCA""","SPO-ES1435A_06001_100","PM2.5","-0.249170","40.416670","1125.000000","","suburban","background","01/01/2009 00:00:00","","SPO_F-ES1435A_06001_100_100","0.0","","","","75.0","","","","","","","0","","","","","","","","","","","","","","","SPP-ES_A_BETA_01000","01/01/2009 00:00:00","","automatic","BETA","","","","","","","","","","","","","","","","","","",""
"Spain","ES.MAGRAMA.AQ","","NET-ES209A","""RED DE LA COMUNIDAD AUTONOMA DE CATALUÑA""","UTC+01","ES1438A","8019043","""ES1438A-IH-BARCELONA(EIXAMPLE)""","SPO-ES1438A_06001_102","PM2.5","2.155280","41.386110","27.000000","","urban","traffic","01/01/2011 00:00:00","","SPO_F-ES1438A_06001_102_102","0.0","","","","7.0","","","","","","","0","","","","","","","","","","","","","","","SPP-ES_N_gravi_00000","01/01/2011 00:00:00","","active","","","","","other","","gravi","","","","","","","","","","","","",""
"Spain","ES.MAGRAMA.AQ","","NET-ES209A","""RED DE LA COMUNIDAD AUTONOMA DE CATALUÑA""","UTC+01","ES1438A","8019043","""ES1438A-IH-BARCELONA(EIXAMPLE)""","SPO-ES1438A_06001_102","PM2.5","2.155280","41.386110","27.000000","","urban","traffic","01/01/2011 00:00:00","","SPO_F-ES1438A_06001_102_102","0.0","","","","7.0","","","","","","","0","","","","","","","","","","","","","","","SPP-ES_N_gravi_00714","01/01/2011 00:00:00","","active","","","","","","","gravi","","","","","","","","","","","","",""
"Spain","ES.MAGRAMA.AQ","","NET-ES212A","""RED DE LA COMUNIDAD AUTONOMA DE GALICIA""","UTC+01","ES1440A","36057021","""ES1440A-ESTACION 1 (ESTE)""","SPO-ES1440A_06001_100","PM2.5","-8.736940","42.210280","12.000000","","urban","background","01/01/2008 00:00:00","","SPO_F-ES1440A_06001_100_100","0.0","","","","100.0","","","","","","","0","","","","","","","","","","","","","","","SPP-ES_A_BETA_00000","01/01/2008 00:00:00","","automatic","BETA","","other","","","","","","","","","","","","","","","","",""
"Spain","ES.MAGRAMA.AQ","","NET-ES212A","""RED DE LA COMUNIDAD AUTONOMA DE GALICIA""","UTC+01","ES1440A","36057021","""ES1440A-ESTACION 1 (ESTE)""","SPO-ES1440A_06001_100","PM2.5","-8.736940","42.210280","12.000000","","urban","background","01/01/2008 00:00:00","","SPO_F-ES1440A_06001_100_100","0.0","","","","100.0","","","","","","","0","","","","","","","","","","","","","","","SPP-ES_A_BETA_01000","01/01/2008 00:00:00","","automatic","BETA","","","","","","","","","","","","","","","","","","",""
"Spain","ES.MAGRAMA.AQ","","NET-ES210A","""RED DE LA COMUNIDAD AUTONOMA DE LA COMUNIDAD VALENCIANA""","UTC+01","ES1441A","12080007","""ES1441A-MORELLA""","SPO-ES1441A_06001_100","PM2.5","-0.091110","40.637220","1150.000000","","rural-regional","background","01/01/2005 00:00:00","30/06/2008 00:00:00","SPO_F-ES1441A_06001_100_100","0.0","","","","1.0","","","","","","","0","","","","","","","","","","","","","","","SPP-ES_N_gravi_00000","01/01/2005 00:00:00","30/06/2008 00:00:00","active","","","","","other","","gravi","","","","","","","","","","","","",""
"Spain","ES.MAGRAMA.AQ","","NET-ES210A","""RED DE LA COMUNIDAD AUTONOMA DE LA COMUNIDAD VALENCIANA""","UTC+01","ES1441A","12080007","""ES1441A-MORELLA""","SPO-ES1441A_06001_100","PM2.5","-0.091110","40.637220","1150.000000","","rural-regional","background","01/01/2005 00:00:00","30/06/2008 00:00:00","SPO_F-ES1441A_06001_100_100","0.0","","","","1.0","","","","","","","0","","","","","","","","","","","","","","","SPP-ES_N_gravi_00714","01/01/2005 00:00:00","30/06/2008 00:00:00","active","","","","","","","gravi","","","","","","","","","","","","",""
"Spain","ES.MAGRAMA.AQ","","NET-ES210A","""RED DE LA COMUNIDAD AUTONOMA DE LA COMUNIDAD VALENCIANA""","UTC+01","ES1441A","12080007","""ES1441A-MORELLA""","SPO-ES1441A_06001_102","PM2.5","-0.091110","40.637220","1150.000000","","rural-regional","background","01/01/2005 00:00:00","","SPO_F-ES1441A_06001_102_102","0.0","","","","1.0","","","","","","","0","","","","","","","","","","","","","","","SPP-ES_N_gravi_00000","01/01/2005 00:00:00","","active","","","","","other","","gravi","","","","","","","","","","","","",""
"Spain","ES.MAGRAMA.AQ","","NET-ES210A","""RED DE LA COMUNIDAD AUTONOMA DE LA COMUNIDAD VALENCIANA""","UTC+01","ES1441A","12080007","""ES1441A-MORELLA""","SPO-ES1441A_06001_102","PM2.5","-0.091110","40.637220","1150.000000","","rural-regional","background","01/01/2005 00:00:00","","SPO_F-ES1441A_06001_102_102","0.0","","","","1.0","","","","","","","0","","","","","","","","","","","","","","","SPP-ES_N_gravi_00714","01/01/2005 00:00:00","","active","","","","","","","gravi","","","","","","","","","","","","",""
"Spain","ES.MAGRAMA.AQ","","NET-ES208A","""RED DE LA COMUNIDAD AUTONOMA DE CASTILLA Y LEON""","UTC+01","ES1443A","9059006","""ES1443A-BURGOS 4""","SPO-ES1443A_06001_100","PM2.5","-3.636110","42.336110","929.000000","","urban","background","01/01/2004 00:00:00","","SPO_F-ES1443A_06001_100_100","0.0","","","","","","","","","","","0","","","","","","","","","","","","","","","SPP-ES_A_BETA_00000","01/01/2004 00:00:00","","automatic","BETA","","other","","","","","","","","","","","","","","","","",""
"Spain","ES.MAGRAMA.AQ","","NET-ES208A","""RED DE LA COMUNIDAD AUTONOMA DE CASTILLA Y LEON""","UTC+01","ES1443A","9059006","""ES1443A-BURGOS 4""","SPO-ES1443A_06001_100","PM2.5","-3.636110","42.336110","929.000000","","urban","background","01/01/2004 00:00:00","","SPO_F-ES1443A_06001_100_100","0.0","","","","","","","","","","","0","","","","","","","","","","","","","","","SPP-ES_A_BETA_01000","01/01/2004 00:00:00","","automatic","BETA","","","","","","","","","","","","","","","","","","",""
"Spain","ES.MAGRAMA.AQ","","NET-ES208A","""RED DE LA COMUNIDAD AUTONOMA DE CASTILLA Y LEON""","UTC+01","ES1443A","9059006","""ES1443A-BURGOS 4""","SPO-ES1443A_06001_102","PM2.5","-3.636110","42.336110","929.000000","","urban","background","01/01/2009 00:00:00","","SPO_F-ES1443A_06001_102_102","0.0","","","","","","","","","","","0","","","","","","","","","","","","","","","SPP-ES_A_BETA_00000","01/01/2009 00:00:00","","automatic","BETA","","other","","","","","","","","","","","","","","","","",""
"Spain","ES.MAGRAMA.AQ","","NET-ES208A","""RED DE LA COMUNIDAD AUTONOMA DE CASTILLA Y LEON""","UTC+01","ES1443A","9059006","""ES1443A-BURGOS 4""","SPO-ES1443A_06001_102","PM2.5","-3.636110","42.336110","929.000000","","urban","background","01/01/2009 00:00:00","","SPO_F-ES1443A_06001_102_102","0.0","","","","","","","","","","","0","","","","","","","","","","","","","","","SPP-ES_A_BETA_01000","01/01/2009 00:00:00","","automatic","BETA","","","","","","","","","","","","","","","","","","",""
"Spain","ES.MAGRAMA.AQ","","NET-ES210A","""RED DE LA COMUNIDAD AUTONOMA DE LA COMUNIDAD VALENCIANA""","UTC+01","ES1445A","12040010","""ES1445A-CASTELLÓ-GRAU""","SPO-ES1445A_06001_100","PM2.5","0.010560","39.981940","10.000000","","suburban","industrial","01/01/2009 00:00:00","","SPO_F-ES1445A_06001_100_100","0.0","","","","5.0","","","","","","","0","","","","","","","","","","","","","","","SPP-ES_A_light-scat_00000","01/01/2009 00:00:00","","automatic","light-scat","","other","","","","","","","","","","","","","","","","",""
"Spain","ES.MAGRAMA.AQ","","NET-ES210A","""RED DE LA COMUNIDAD AUTONOMA DE LA COMUNIDAD VALENCIANA""","UTC+01","ES1445A","12040010","""ES1445A-CASTELLÓ-GRAU""","SPO-ES1445A_06001_100","PM2.5","0.010560","39.981940","10.000000","","suburban","industrial","01/01/2009 00:00:00","","SPO_F-ES1445A_06001_100_100","0.0","","","","5.0","","","","","","","0","","","","","","","","","","","","","","","SPP-ES_A_light-scat_52000","01/01/2009 00:00:00","","automatic","light-scat","","","","","","","","","","","","","","","","","","",""
"Spain","ES.MAGRAMA.AQ","","NET-ES209A","""RED DE LA COMUNIDAD AUTONOMA DE CATALUÑA""","UTC+01","ES1453A","8245012","""ES1453A-II-SANTA COLOMA DE GRAMENET""","SPO-ES1453A_06001_102","PM2.5","2.210000","41.453330","56.000000","","urban","traffic","01/08/2010 00:00:00","","SPO_F-ES1453A_06001_102_102","0.0","","","","10.0","","","","","","","0","","","","","","","","","","","","","","","SPP-ES_N_gravi_00000","01/08/2010 00:00:00","","active","","","","","other","","gravi","","","","","","","","","","","","",""
"Spain","ES.MAGRAMA.AQ","","NET-ES209A","""RED DE LA COMUNIDAD AUTONOMA DE CATALUÑA""","UTC+01","ES1453A","8245012","""ES1453A-II-SANTA COLOMA DE GRAMENET""","SPO-ES1453A_06001_102","PM2.5","2.210000","41.453330","56.000000","","urban","traffic","01/08/2010 00:00:00","","SPO_F-ES1453A_06001_102_102","0.0","","","","10.0","","","","","","","0","","","","","","","","","","","","","","","SPP-ES_N_gravi_00714","01/08/2010 00:00:00","","active","","","","","","","gravi","","","","","","","","","","","","",""
"Spain","ES.MAGRAMA.AQ","","NET-ES215A","""RED DE LA COMUNIDAD AUTONOMA DE NAVARRA""","UTC+01","ES1472A","31201012","""ES1472A-ITURRAMA""","SPO-ES1472A_06001_100","PM2.5","-1.651390","42.807220","449.000000","","urban","background","01/01/2009 00:00:00","","SPO_F-ES1472A_06001_100_100","0.0","","","","138.0","","","","","","","0","","","","","","","","","","","","","","","SPP-ES_A_BETA_00000","01/01/2009 00:00:00","","automatic","BETA","","other","","","","","","","","","","","","","","","","",""
"Spain","ES.MAGRAMA.AQ","","NET-ES215A","""RED DE LA COMUNIDAD AUTONOMA DE NAVARRA""","UTC+01","ES1472A","31201012","""ES1472A-ITURRAMA""","SPO-ES1472A_06001_100","PM2.5","-1.651390","42.807220","449.000000","","urban","background","01/01/2009 00:00:00","","SPO_F-ES1472A_06001_100_100","0.0","","","","138.0","","","","","","","0","","","","","","","","","","","","","","","SPP-ES_A_BETA_01000","01/01/2009 00:00:00","","automatic","BETA","","","","","","","","","","","","","","","","","","",""
"Spain","ES.MAGRAMA.AQ","","NET-ES201A","""RED DE LA COMUNIDAD AUTONOMA DE ANDALUCIA""","UTC+01","ES1479A","11012002","""ES1479A-AVDA. MARCONI""","SPO-ES1479A_06001_600","PM2.5","-6.268570","36.506020","4.000000","","urban","traffic","01/01/2013 00:00:00","","SPO_F-ES1479A_06001_600_600","-999.0","","","","3.0","","","","","","","0","","","","","","","","","","","","","","","SPP-ES_N_0000000000","01/01/2013 00:00:00","","active","","","","","","","other","","","","","","","","","","","","",""
"Spain","ES.MAGRAMA.AQ","","NET-ES201A","""RED DE LA COMUNIDAD AUTONOMA DE ANDALUCIA""","UTC+01","ES1479A","11012002","""ES1479A-AVDA. MARCONI""","SPO-ES1479A_06001_600","PM2.5","-6.268570","36.506020","4.000000","","urban","traffic","01/01/2013 00:00:00","","SPO_F-ES1479A_06001_600_600","-999.0","","","","3.0","","","","","","","0","","","","","","","","","","","","","","","SPP-ES_N_gravi_00000","01/01/2013 00:00:00","","active","","","","","other","","gravi","","","","","","","","","","","","",""
"Spain","ES.MAGRAMA.AQ","","NET-ES209A","""RED DE LA COMUNIDAD AUTONOMA DE CATALUÑA""","UTC+01","ES1480A","8019044","""ES1480A-IJ-BARCELONA (GRACIA-SANT GERVASI)""","SPO-ES1480A_06001_102","PM2.5","2.154440","41.400280","75.000000","","urban","traffic","01/01/2010 00:00:00","","SPO_F-ES1480A_06001_102_102","0.0","","","","10.0","","","","","","","0","","","","","","","","","","","","","","","SPP-ES_N_gravi_00000","01/01/2010 00:00:00","","active","","","","","other","","gravi","","","","","","","","","","","","",""
"Spain","ES.MAGRAMA.AQ","","NET-ES209A","""RED DE LA COMUNIDAD AUTONOMA DE CATALUÑA""","UTC+01","ES1480A","8019044","""ES1480A-IJ-BARCELONA (GRACIA-SANT GERVASI)""","SPO-ES1480A_06001_102","PM2.5","2.154440","41.400280","75.000000","","urban","traffic","01/01/2010 00:00:00","","SPO_F-ES1480A_06001_102_102","0.0","","","","10.0","","","","","","","0","","","","","","","","","","","","","","","SPP-ES_N_gravi_00714","01/01/2010 00:00:00","","active","","","","","","","gravi","","","","","","","","","","","","",""
"Spain","ES.MAGRAMA.AQ","","NET-ES216A","""RED DE LA COMUNIDAD AUTONOMA DEL PAIS VASCO""","UTC+01","ES1488A","1016001","""ES1488A-IZKI""","SPO-ES1488A_06001_100","PM2.5","-2.501390","42.653330","833.000000","","rural-regional","background","26/05/2005 00:00:00","","SPO_F-ES1488A_06001_100_100","0.0","","","","","","","","","","","0","","","","","","","","","","","","","","","SPP-ES_A_TEOM_00000","26/05/2005 00:00:00","","automatic","TEOM","","other","","","","","","","","","","","","","","","","",""
"Spain","ES.MAGRAMA.AQ","","NET-ES216A","""RED DE LA COMUNIDAD AUTONOMA DEL PAIS VASCO""","UTC+01","ES1488A","1016001","""ES1488A-IZKI""","SPO-ES1488A_06001_100","PM2.5","-2.501390","42.653330","833.000000","","rural-regional","background","26/05/2005 00:00:00","","SPO_F-ES1488A_06001_100_100","0.0","","","","","","","","","","","0","","","","","","","","","","","","","","","SPP-ES_A_TEOM_09000","26/05/2005 00:00:00","","automatic","TEOM","","","","","","","","","","","","","","","","","","",""
"Spain","ES.MAGRAMA.AQ","","NET-ES216A","""RED DE LA COMUNIDAD AUTONOMA DEL PAIS VASCO""","UTC+01","ES1489A","1055001","""ES1489A-VALDEREJO""","SPO-ES1489A_06001_600","PM2.5","-3.231390","42.875280","911.000000","","rural-remote","background","01/01/2012 00:00:00","","SPO_F-ES1489A_06001_600_600","3.0","","","","","","","","","","","0","","","","","","","","","","","","","","","SPP-ES_A_BETA_00000","01/01/2012 00:00:00","","automatic","BETA","","other","","","","","","","","","","","","","","","","",""
"Spain","ES.MAGRAMA.AQ","","NET-ES216A","""RED DE LA COMUNIDAD AUTONOMA DEL PAIS VASCO""","UTC+01","ES1490A","48027001","""ES1490A-DURANGO""","SPO-ES1490A_06001_100","PM2.5","-2.635830","43.172220","113.000000","","urban","industrial","01/01/2011 00:00:00","","SPO_F-ES1490A_06001_100_100","0.0","","","","12.0","","","","","","","0","","","","","","","","","","","","","","","SPP-ES_A_BETA_00000","01/01/2011 00:00:00","","automatic","BETA","","other","","","","","","","","","","","","","","","","",""
"Spain","ES.MAGRAMA.AQ","","NET-ES216A","""RED DE LA COMUNIDAD AUTONOMA DEL PAIS VASCO""","UTC+01","ES1490A","48027001","""ES1490A-DURANGO""","SPO-ES1490A_06001_100","PM2.5","-2.635830","43.172220","113.000000","","urban","industrial","01/01/2011 00:00:00","","SPO_F-ES1490A_06001_100_100","0.0","","","","12.0","","","","","","","0","","","","","","","","","","","","","","","SPP-ES_A_BETA_01000","01/01/2011 00:00:00","","automatic","BETA","","","","","","","","","","","","","","","","","","",""
"Spain","ES.MAGRAMA.AQ","","NET-ES216A","""RED DE LA COMUNIDAD AUTONOMA DEL PAIS VASCO""","UTC+01","ES1492A","1059009","""ES1492A-TRES MARZO""","SPO-ES1492A_06001_600","PM2.5","-2.668060","42.855560","518.000000","","urban","traffic","01/01/2011 00:00:00","","SPO_F-ES1492A_06001_600_600","-999.0","","","","3.0","","","","","","","0","","","","","","","","","","","","","","","SPP-ES_A_BETA_00000","01/01/2011 00:00:00","","automatic","BETA","","other","","","","","","","","","","","","","","","","",""
"Spain","ES.MAGRAMA.AQ","","NET-ES216A","""RED DE LA COMUNIDAD AUTONOMA DEL PAIS VASCO""","UTC+01","ES1494A","20069002","""ES1494A-ATEGORRIETA""","SPO-ES1494A_06001_100","PM2.5","-1.960280","43.322780","23.000000","","urban","traffic","01/01/2011 00:00:00","","SPO_F-ES1494A_06001_100_100","0.0","","","","4.0","","","","","","","0","","","","","","","","","","","","","","","SPP-ES_A_BETA_00000","01/01/2011 00:00:00","","automatic","BETA","","other","","","","","","","","","","","","","","","","",""
"Spain","ES.MAGRAMA.AQ","","NET-ES216A","""RED DE LA COMUNIDAD AUTONOMA DEL PAIS VASCO""","UTC+01","ES1494A","20069002","""ES1494A-ATEGORRIETA""","SPO-ES1494A_06001_100","PM2.5","-1.960280","43.322780","23.000000","","urban","traffic","01/01/2011 00:00:00","","SPO_F-ES1494A_06001_100_100","0.0","","","","4.0","","","","","","","0","","","","","","","","","","","","","","","SPP-ES_A_BETA_01000","01/01/2011 00:00:00","","automatic","BETA","","","","","","","","","","","","","","","","","","",""
"Spain","ES.MAGRAMA.AQ","","NET-ES216A","""RED DE LA COMUNIDAD AUTONOMA DEL PAIS VASCO""","UTC+01","ES1496A","20067001","""ES1496A-RENTERIA""","SPO-ES1496A_06001_100","PM2.5","-1.899440","43.314440","23.000000","","urban","industrial","01/01/2011 00:00:00","","SPO_F-ES1496A_06001_100_100","0.0","","","","1.0","","","","","","","0","","","","","","","","","","","","","","","SPP-ES_A_BETA_00000","01/01/2011 00:00:00","","automatic","BETA","","other","","","","","","","","","","","","","","","","",""
"Spain","ES.MAGRAMA.AQ","","NET-ES216A","""RED DE LA COMUNIDAD AUTONOMA DEL PAIS VASCO""","UTC+01","ES1496A","20067001","""ES1496A-RENTERIA""","SPO-ES1496A_06001_100","PM2.5","-1.899440","43.314440","23.000000","","urban","industrial","01/01/2011 00:00:00","","SPO_F-ES1496A_06001_100_100","0.0","","","","1.0","","","","","","","0","","","","","","","","","","","","","","","SPP-ES_A_BETA_01000","01/01/2011 00:00:00","","automatic","BETA","","","","","","","","","","","","","","","","","","",""
"Spain","ES.MAGRAMA.AQ","","NET-ES216A","""RED DE LA COMUNIDAD AUTONOMA DEL PAIS VASCO""","UTC+01","ES1499A","20019001","""ES1499A-BEASAIN""","SPO-ES1499A_06001_100","PM2.5","-2.191110","43.048330","153.000000","","suburban","traffic","01/01/2011 00:00:00","","SPO_F-ES1499A_06001_100_100","0.0","","","","","","","","","","","0","","","","","","","","","","","","","","","SPP-ES_A_BETA_00000","01/01/2011 00:00:00","","automatic","BETA","","other","","","","","","","","","","","","","","","","",""
"Spain","ES.MAGRAMA.AQ","","NET-ES216A","""RED DE LA COMUNIDAD AUTONOMA DEL PAIS VASCO""","UTC+01","ES1499A","20019001","""ES1499A-BEASAIN""","SPO-ES1499A_06001_100","PM2.5","-2.191110","43.048330","153.000000","","suburban","traffic","01/01/2011 00:00:00","","SPO_F-ES1499A_06001_100_100","0.0","","","","","","","","","","","0","","","","","","","","","","","","","","","SPP-ES_A_BETA_01000","01/01/2011 00:00:00","","automatic","BETA","","","","","","","","","","","","","","","","","","",""
"Spain","ES.MAGRAMA.AQ","","NET-ES209A","""RED DE LA COMUNIDAD AUTONOMA DE CATALUÑA""","UTC+01","ES1506A","43148026","""ES1506A-DARP""","SPO-ES1506A_06001_102","PM2.5","1.248330","41.124440","22.000000","","urban","background","02/03/2007 00:00:00","","SPO_F-ES1506A_06001_102_102","0.0","","","","20.0","","","","","","","0","","","","","","","","","","","","","","","SPP-ES_N_gravi_00000","02/03/2007 00:00:00","","active","","","","","other","","gravi","","","","","","","","","","","","",""
"Spain","ES.MAGRAMA.AQ","","NET-ES209A","""RED DE LA COMUNIDAD AUTONOMA DE CATALUÑA""","UTC+01","ES1506A","43148026","""ES1506A-DARP""","SPO-ES1506A_06001_102","PM2.5","1.248330","41.124440","22.000000","","urban","background","02/03/2007 00:00:00","","SPO_F-ES1506A_06001_102_102","0.0","","","","20.0","","","","","","","0","","","","","","","","","","","","","","","SPP-ES_N_gravi_00714","02/03/2007 00:00:00","","active","","","","","","","gravi","","","","","","","","","","","","",""
"Spain","ES.MAGRAMA.AQ","","NET-ES213A","""RED DE LA COMUNIDAD AUTONOMA DE MADRID""","UTC+01","ES1525A","28079038","""ES1525A-CUATRO CAMINOS-PABLO IGLESIAS""","SPO-ES1525A_06001_100","PM2.5","-3.706390","40.445280","699.000000","","urban","traffic","24/06/2004 00:00:00","","SPO_F-ES1525A_06001_100_100","0.0","","","","3.0","","","","","","","0","","","","","","","","","","","","","","","SPP-ES_A_TEOM_00000","24/06/2004 00:00:00","","automatic","TEOM","","other","","","","","","","","","","","","","","","","",""
"Spain","ES.MAGRAMA.AQ","","NET-ES213A","""RED DE LA COMUNIDAD AUTONOMA DE MADRID""","UTC+01","ES1525A","28079038","""ES1525A-CUATRO CAMINOS-PABLO IGLESIAS""","SPO-ES1525A_06001_100","PM2.5","-3.706390","40.445280","699.000000","","urban","traffic","24/06/2004 00:00:00","","SPO_F-ES1525A_06001_100_100","0.0","","","","3.0","","","","","","","0","","","","","","","","","","","","","","","SPP-ES_A_TEOM_09000","24/06/2004 00:00:00","","automatic","TEOM","","","","","","","","","","","","","","","","","","",""
"Spain","ES.MAGRAMA.AQ","","NET-ES206A","""RED DE LA COMUNIDAD AUTONOMA DE CANTABRIA""","UTC+01","ES1529A","39075005","""ES1529A-TETUÁN""","SPO-ES1529A_06001_102","PM2.5","-3.790280","43.467500","30.000000","","urban","background","01/01/2009 00:00:00","","SPO_F-ES1529A_06001_102_102","0.0","","","","15.0","","","","","","","0","","","","","","","","","","","","","","","SPP-ES_N_gravi_00000","01/01/2009 00:00:00","","active","","","","","other","","gravi","","","","","","","","","","","","",""
"Spain","ES.MAGRAMA.AQ","","NET-ES206A","""RED DE LA COMUNIDAD AUTONOMA DE CANTABRIA""","UTC+01","ES1529A","39075005","""ES1529A-TETUÁN""","SPO-ES1529A_06001_102","PM2.5","-3.790280","43.467500","30.000000","","urban","background","01/01/2009 00:00:00","","SPO_F-ES1529A_06001_102_102","0.0","","","","15.0","","","","","","","0","","","","","","","","","","","","","","","SPP-ES_N_gravi_00714","01/01/2009 00:00:00","","active","","","","","","","gravi","","","","","","","","","","","","",""
"Spain","ES.MAGRAMA.AQ","","NET-ES206A","""RED DE LA COMUNIDAD AUTONOMA DE CANTABRIA""","UTC+01","ES1530A","39059001","""ES1530A-REINOSA""","SPO-ES1530A_06001_102","PM2.5","-4.135560","43.001110","850.000000","","urban","background","01/01/2011 00:00:00","","SPO_F-ES1530A_06001_102_102","0.0","","","","3.0","","","","","","","0","","","","","","","","","","","","","","","SPP-ES_N_gravi_00000","01/01/2011 00:00:00","","active","","","","","other","","gravi","","","","","","","","","","","","",""
"Spain","ES.MAGRAMA.AQ","","NET-ES206A","""RED DE LA COMUNIDAD AUTONOMA DE CANTABRIA""","UTC+01","ES1530A","39059001","""ES1530A-REINOSA""","SPO-ES1530A_06001_102","PM2.5","-4.135560","43.001110","850.000000","","urban","background","01/01/2011 00:00:00","","SPO_F-ES1530A_06001_102_102","0.0","","","","3.0","","","","","","","0","","","","","","","","","","","","","","","SPP-ES_N_gravi_06114","01/01/2011 00:00:00","","active","","","","","","","gravi","","","","","","","","","","","","",""
"Spain","ES.MAGRAMA.AQ","","NET-ES207A","""RED DE LA COMUNIDAD AUTONOMA DE CASTILLA LA MANCHA""","UTC+01","ES1535A","2003001","""ES1535A-ALBACETE""","SPO-ES1535A_06001_100","PM2.5","-1.956670","38.981670","686.000000","","urban","background","15/06/2008 00:00:00","","SPO_F-ES1535A_06001_100_100","0.0","","","","3.0","","","","","","","0","","","","","","","","","","","","","","","SPP-ES_A_BETA_00000","15/06/2008 00:00:00","","automatic","BETA","","other","","","","","","","","","","","","","","","","",""
"Spain","ES.MAGRAMA.AQ","","NET-ES207A","""RED DE LA COMUNIDAD AUTONOMA DE CASTILLA LA MANCHA""","UTC+01","ES1535A","2003001","""ES1535A-ALBACETE""","SPO-ES1535A_06001_100","PM2.5","-1.956670","38.981670","686.000000","","urban","background","15/06/2008 00:00:00","","SPO_F-ES1535A_06001_100_100","0.0","","","","3.0","","","","","","","0","","","","","","","","","","","","","","","SPP-ES_A_BETA_01000","15/06/2008 00:00:00","","automatic","BETA","","","","","","","","","","","","","","","","","","",""
"Spain","ES.MAGRAMA.AQ","","NET-ES210A","""RED DE LA COMUNIDAD AUTONOMA DE LA COMUNIDAD VALENCIANA""","UTC+01","ES1542A","12099001","""ES1542A-SANT JORDI""","SPO-ES1542A_06001_100","PM2.5","0.372780","40.554720","181.000000","","rural-nearcity","background","01/09/1999 00:00:00","","SPO_F-ES1542A_06001_100_100","0.0","","","","","","","","","","","0","","","","","","","","","","","","","","","SPP-ES_A_DOAS_00000","01/09/1999 00:00:00","","remote","DOAS","","other","","","","","","","","","","","","","","","","",""
"Spain","ES.MAGRAMA.AQ","","NET-ES210A","""RED DE LA COMUNIDAD AUTONOMA DE LA COMUNIDAD VALENCIANA""","UTC+01","ES1542A","12099001","""ES1542A-SANT JORDI""","SPO-ES1542A_06001_100","PM2.5","0.372780","40.554720","181.000000","","rural-nearcity","background","01/09/1999 00:00:00","","SPO_F-ES1542A_06001_100_100","0.0","","","","","","","","","","","0","","","","","","","","","","","","","","","SPP-ES_A_DOAS_03000","01/09/1999 00:00:00","","remote","DOAS","","","","","","","","","","","","","","","","","","",""
"Spain","ES.MAGRAMA.AQ","","NET-ES210A","""RED DE LA COMUNIDAD AUTONOMA DE LA COMUNIDAD VALENCIANA""","UTC+01","ES1542A","12099001","""ES1542A-SANT JORDI""","SPO-ES1542A_06001_101","PM2.5","0.372780","40.554720","181.000000","","rural-nearcity","background","01/01/2005 00:00:00","31/12/2013 00:00:00","SPO_F-ES1542A_06001_101_101","0.0","","","","","","","","","","","0","","","","","","","","","","","","","","","SPP-ES_A_BETA_00000","01/01/2005 00:00:00","31/12/2013 00:00:00","automatic","BETA","","other","","","","","","","","","","","","","","","","",""
"Spain","ES.MAGRAMA.AQ","","NET-ES210A","""RED DE LA COMUNIDAD AUTONOMA DE LA COMUNIDAD VALENCIANA""","UTC+01","ES1542A","12099001","""ES1542A-SANT JORDI""","SPO-ES1542A_06001_101","PM2.5","0.372780","40.554720","181.000000","","rural-nearcity","background","01/01/2005 00:00:00","31/12/2013 00:00:00","SPO_F-ES1542A_06001_101_101","0.0","","","","","","","","","","","0","","","","","","","","","","","","","","","SPP-ES_A_BETA_01000","01/01/2005 00:00:00","31/12/2013 00:00:00","automatic","BETA","","","","","","","","","","","","","","","","","","",""
"Spain","ES.MAGRAMA.AQ","","NET-ES210A","""RED DE LA COMUNIDAD AUTONOMA DE LA COMUNIDAD VALENCIANA""","UTC+01","ES1542A","12099001","""ES1542A-SANT JORDI""","SPO-ES1542A_06001_102","PM2.5","0.372780","40.554720","181.000000","","rural-nearcity","background","01/01/2005 00:00:00","","SPO_F-ES1542A_06001_102_102","0.0","","","","","","","","","","","0","","","","","","","","","","","","","","","SPP-ES_N_gravi_00000","01/01/2005 00:00:00","","active","","","","","other","","gravi","","","","","","","","","","","","",""
"Spain","ES.MAGRAMA.AQ","","NET-ES210A","""RED DE LA COMUNIDAD AUTONOMA DE LA COMUNIDAD VALENCIANA""","UTC+01","ES1542A","12099001","""ES1542A-SANT JORDI""","SPO-ES1542A_06001_102","PM2.5","0.372780","40.554720","181.000000","","rural-nearcity","background","01/01/2005 00:00:00","","SPO_F-ES1542A_06001_102_102","0.0","","","","","","","","","","","0","","","","","","","","","","","","","","","SPP-ES_N_gravi_00714","01/01/2005 00:00:00","","active","","","","","","","gravi","","","","","","","","","","","","",""
"Spain","ES.MAGRAMA.AQ","","NET-ES210A","""RED DE LA COMUNIDAD AUTONOMA DE LA COMUNIDAD VALENCIANA""","UTC+01","ES1543A","12141002","""ES1543A-ZORITA""","SPO-ES1543A_06001_100","PM2.5","-0.169440","40.735000","619.000000","","rural-regional","background","01/09/1999 00:00:00","","SPO_F-ES1543A_06001_100_100","0.0","","","","","","","","","","","0","","","","","","","","","","","","","","","SPP-ES_A_light-scat_00000","01/09/1999 00:00:00","","automatic","light-scat","","other","","","","","","","","","","","","","","","","",""
"Spain","ES.MAGRAMA.AQ","","NET-ES210A","""RED DE LA COMUNIDAD AUTONOMA DE LA COMUNIDAD VALENCIANA""","UTC+01","ES1543A","12141002","""ES1543A-ZORITA""","SPO-ES1543A_06001_100","PM2.5","-0.169440","40.735000","619.000000","","rural-regional","background","01/09/1999 00:00:00","","SPO_F-ES1543A_06001_100_100","0.0","","","","","","","","","","","0","","","","","","","","","","","","","","","SPP-ES_A_light-scat_52000","01/09/1999 00:00:00","","automatic","light-scat","","","","","","","","","","","","","","","","","","",""
"Spain","ES.MAGRAMA.AQ","","NET-ES209A","""RED DE LA COMUNIDAD AUTONOMA DE CATALUÑA""","UTC+01","ES1555A","8307006","""ES1555A-AJUNTAMENT""","SPO-ES1555A_06001_102","PM2.5","1.727500","41.225280","14.000000","","urban","background","30/11/2008 00:00:00","","SPO_F-ES1555A_06001_102_102","0.0","","","","","","","","","","","0","","","","","","","","","","","","","","","SPP-ES_N_gravi_00000","30/11/2008 00:00:00","","active","","","","","other","","gravi","","","","","","","","","","","","",""
"Spain","ES.MAGRAMA.AQ","","NET-ES209A","""RED DE LA COMUNIDAD AUTONOMA DE CATALUÑA""","UTC+01","ES1555A","8307006","""ES1555A-AJUNTAMENT""","SPO-ES1555A_06001_102","PM2.5","1.727500","41.225280","14.000000","","urban","background","30/11/2008 00:00:00","","SPO_F-ES1555A_06001_102_102","0.0","","","","","","","","","","","0","","","","","","","","","","","","","","","SPP-ES_N_gravi_00714","30/11/2008 00:00:00","","active","","","","","","","gravi","","","","","","","","","","","","",""
"Spain","ES.MAGRAMA.AQ","","NET-ES209A","""RED DE LA COMUNIDAD AUTONOMA DE CATALUÑA""","UTC+01","ES1559A","17022002","""ES1559A-AJUNTAMENT""","SPO-ES1559A_06001_102","PM2.5","3.039170","41.960280","9.000000","","suburban","background","15/01/2010 00:00:00","","SPO_F-ES1559A_06001_102_102","0.0","","","","","","","","","","","0","","","","","","","","","","","","","","","SPP-ES_N_gravi_00000","15/01/2010 00:00:00","","active","","","","","other","","gravi","","","","","","","","","","","","",""
"Spain","ES.MAGRAMA.AQ","","NET-ES209A","""RED DE LA COMUNIDAD AUTONOMA DE CATALUÑA""","UTC+01","ES1559A","17022002","""ES1559A-AJUNTAMENT""","SPO-ES1559A_06001_102","PM2.5","3.039170","41.960280","9.000000","","suburban","background","15/01/2010 00:00:00","","SPO_F-ES1559A_06001_102_102","0.0","","","","","","","","","","","0","","","","","","","","","","","","","","","SPP-ES_N_gravi_00714","15/01/2010 00:00:00","","active","","","","","","","gravi","","","","","","","","","","","","",""
"Spain","ES.MAGRAMA.AQ","","NET-ES201A","""RED DE LA COMUNIDAD AUTONOMA DE ANDALUCIA""","UTC+01","ES1560A","18087007","""ES1560A-GRANADA - NORTE""","SPO-ES1560A_06001_102","PM2.5","-3.612660","37.196100","689.000000","","urban","traffic","01/01/2009 00:00:00","","SPO_F-ES1560A_06001_102_102","0.0","","","","5.0","","","","","","","0","","","","","","","","","","","","","","","SPP-ES_N_gravi_00000","01/01/2009 00:00:00","","active","","","","","other","","gravi","","","","","","","","","","","","",""
"Spain","ES.MAGRAMA.AQ","","NET-ES201A","""RED DE LA COMUNIDAD AUTONOMA DE ANDALUCIA""","UTC+01","ES1560A","18087007","""ES1560A-GRANADA - NORTE""","SPO-ES1560A_06001_102","PM2.5","-3.612660","37.196100","689.000000","","urban","traffic","01/01/2009 00:00:00","","SPO_F-ES1560A_06001_102_102","0.0","","","","5.0","","","","","","","0","","","","","","","","","","","","","","","SPP-ES_N_gravi_00714","01/01/2009 00:00:00","","active","","","","","","","gravi","","","","","","","","","","","","",""
"Spain","ES.MAGRAMA.AQ","","NET-ES203A","""RED DE LA COMUNIDAD AUTONOMA DE ASTURIAS""","UTC+01","ES1572A","33044032","""ES1572A-PURIFICACIÓN TOMÁS""","SPO-ES1572A_06001_102","PM2.5","-5.872780","43.372780","286.000000","","urban","background","01/01/2009 00:00:00","","SPO_F-ES1572A_06001_102_102","0.0","","","","350.0","","","","","","","0","","","","","","","","","","","","","","","SPP-ES_N_gravi_00000","01/01/2009 00:00:00","","active","","","","","other","","gravi","","","","","","","","","","","","",""
"Spain","ES.MAGRAMA.AQ","","NET-ES203A","""RED DE LA COMUNIDAD AUTONOMA DE ASTURIAS""","UTC+01","ES1572A","33044032","""ES1572A-PURIFICACIÓN TOMÁS""","SPO-ES1572A_06001_102","PM2.5","-5.872780","43.372780","286.000000","","urban","background","01/01/2009 00:00:00","","SPO_F-ES1572A_06001_102_102","0.0","","","","350.0","","","","","","","0","","","","","","","","","","","","","","","SPP-ES_N_gravi_00714","01/01/2009 00:00:00","","active","","","","","","","gravi","","","","","","","","","","","","",""
"Spain","ES.MAGRAMA.AQ","","NET-ES205A","""RED DE LA COMUNIDAD AUTONOMA DE LAS ISLAS CANARIAS""","UTC+01","ES1573A","35016012","""ES1573A-MERCADO CENTRAL""","SPO-ES1573A_06001_100","PM2.5","-15.427500","28.000000","9.000000","","urban","traffic","31/12/2000 00:00:00","","SPO_F-ES1573A_06001_100_100","0.0","","","","","","","","","","","0","","","","","","","","","","","","","","","SPP-ES_A_TEOM_00000","31/12/2000 00:00:00","","automatic","TEOM","","other","","","","","","","","","","","","","","","","",""
"Spain","ES.MAGRAMA.AQ","","NET-ES205A","""RED DE LA COMUNIDAD AUTONOMA DE LAS ISLAS CANARIAS""","UTC+01","ES1573A","35016012","""ES1573A-MERCADO CENTRAL""","SPO-ES1573A_06001_100","PM2.5","-15.427500","28.000000","9.000000","","urban","traffic","31/12/2000 00:00:00","","SPO_F-ES1573A_06001_100_100","0.0","","","","","","","","","","","0","","","","","","","","","","","","","","","SPP-ES_A_TEOM_09000","31/12/2000 00:00:00","","automatic","TEOM","","","","","","","","","","","","","","","","","","",""
"Spain","ES.MAGRAMA.AQ","","NET-ES212A","""RED DE LA COMUNIDAD AUTONOMA DE GALICIA""","UTC+01","ES1574A","36026002","""ES1574A-ESCUELA NAVAL""","SPO-ES1574A_06001_100","PM2.5","-8.708060","42.394730","20.000000","","suburban","industrial","01/02/2005 00:00:00","","SPO_F-ES1574A_06001_100_100","0.0","","","","","","","","","","","0","","","","","","","","","","","","","","","SPP-ES_A_DOAS_00000","01/02/2005 00:00:00","","remote","DOAS","","other","","","","","","","","","","","","","","","","",""
"Spain","ES.MAGRAMA.AQ","","NET-ES212A","""RED DE LA COMUNIDAD AUTONOMA DE GALICIA""","UTC+01","ES1574A","36026002","""ES1574A-ESCUELA NAVAL""","SPO-ES1574A_06001_100","PM2.5","-8.708060","42.394730","20.000000","","suburban","industrial","01/02/2005 00:00:00","","SPO_F-ES1574A_06001_100_100","0.0","","","","","","","","","","","0","","","","","","","","","","","","","","","SPP-ES_A_DOAS_03000","01/02/2005 00:00:00","","remote","DOAS","","","","","","","","","","","","","","","","","","",""
"Spain","ES.MAGRAMA.AQ","","NET-ES206A","""RED DE LA COMUNIDAD AUTONOMA DE CANTABRIA""","UTC+01","ES1578A","39020001","""ES1578A-CASTRO URDIALES""","SPO-ES1578A_06001_102","PM2.5","-3.221390","43.382780","20.000000","","urban","background","01/01/2011 00:00:00","","SPO_F-ES1578A_06001_102_102","0.0","","","","10.0","","","","","","","0","","","","","","","","","","","","","","","SPP-ES_N_gravi_00000","01/01/2011 00:00:00","","active","","","","","other","","gravi","","","","","","","","","","","","",""
"Spain","ES.MAGRAMA.AQ","","NET-ES206A","""RED DE LA COMUNIDAD AUTONOMA DE CANTABRIA""","UTC+01","ES1578A","39020001","""ES1578A-CASTRO URDIALES""","SPO-ES1578A_06001_102","PM2.5","-3.221390","43.382780","20.000000","","urban","background","01/01/2011 00:00:00","","SPO_F-ES1578A_06001_102_102","0.0","","","","10.0","","","","","","","0","","","","","","","","","","","","","","","SPP-ES_N_gravi_06114","01/01/2011 00:00:00","","active","","","","","","","gravi","","","","","","","","","","","","",""
"Spain","ES.MAGRAMA.AQ","","NET-ES210A","""RED DE LA COMUNIDAD AUTONOMA DE LA COMUNIDAD VALENCIANA""","UTC+01","ES1584A","46250038","""ES1584A-NAZARET""","SPO-ES1584A_06001_100","PM2.5","-0.673610","39.448890","15.000000","","urban","background","01/06/2000 00:00:00","","SPO_F-ES1584A_06001_100_100","4.0","","","","","","","","","","","0","","","","","","","","","","","","","","","SPP-ES_A_00518_00000","01/06/2000 00:00:00","","remote","other","","other","","","","","","","","","","","","","","","","",""
"Spain","ES.MAGRAMA.AQ","","NET-ES210A","""RED DE LA COMUNIDAD AUTONOMA DE LA COMUNIDAD VALENCIANA""","UTC+01","ES1584A","46250038","""ES1584A-NAZARET""","SPO-ES1584A_06001_100","PM2.5","-0.673610","39.448890","15.000000","","urban","background","01/06/2000 00:00:00","","SPO_F-ES1584A_06001_100_100","4.0","","","","","","","","","","","0","","","","","","","","","","","","","","","SPP-ES_A_5180051800","01/06/2000 00:00:00","","remote","other","","","","","","","","","","","","","","","","","","",""
"Spain","ES.MAGRAMA.AQ","","NET-ES201A","""RED DE LA COMUNIDAD AUTONOMA DE ANDALUCIA""","UTC+01","ES1593A","11031001","""ES1593A-SAN FERNANDO""","SPO-ES1593A_06001_102","PM2.5","-6.203070","36.460590","35.000000","","suburban","background","01/01/2009 00:00:00","","SPO_F-ES1593A_06001_102_102","0.0","","","","3.0","","","","","","","0","","","","","","","","","","","","","","","SPP-ES_N_gravi_00000","01/01/2009 00:00:00","","active","","","","","other","","gravi","","","","","","","","","","","","",""
"Spain","ES.MAGRAMA.AQ","","NET-ES201A","""RED DE LA COMUNIDAD AUTONOMA DE ANDALUCIA""","UTC+01","ES1593A","11031001","""ES1593A-SAN FERNANDO""","SPO-ES1593A_06001_102","PM2.5","-6.203070","36.460590","35.000000","","suburban","background","01/01/2009 00:00:00","","SPO_F-ES1593A_06001_102_102","0.0","","","","3.0","","","","","","","0","","","","","","","","","","","","","","","SPP-ES_N_gravi_00714","01/01/2009 00:00:00","","active","","","","","","","gravi","","","","","","","","","","","","",""
"Spain","ES.MAGRAMA.AQ","","NET-ES210A","""RED DE LA COMUNIDAD AUTONOMA DE LA COMUNIDAD VALENCIANA""","UTC+01","ES1600A","12040011","""ES1600A-CASTELLÓ""","SPO-ES1600A_06001_100","PM2.5","-0.045290","39.983060","28.000000","","urban","traffic","31/05/2001 00:00:00","","SPO_F-ES1600A_06001_100_100","0.0","","","","5.0","","","","","","","0","","","","","","","","","","","","","","","SPP-ES_A_00518_GRIMM-EDM107","31/05/2001 00:00:00","","remote","other","","GRIMM-EDM107","","","","","","","","","","","","","","","","",""
"Spain","ES.MAGRAMA.AQ","","NET-ES210A","""RED DE LA COMUNIDAD AUTONOMA DE LA COMUNIDAD VALENCIANA""","UTC+01","ES1600A","12040011","""ES1600A-CASTELLÓ""","SPO-ES1600A_06001_100","PM2.5","-0.045290","39.983060","28.000000","","urban","traffic","31/05/2001 00:00:00","","SPO_F-ES1600A_06001_100_100","0.0","","","","5.0","","","","","","","0","","","","","","","","","","","","","","","SPP-ES_A_51801GRIMM-EDM107","31/05/2001 00:00:00","","remote","other","","","","","","","","","","","","","","","","","","",""
"Spain","ES.MAGRAMA.AQ","","NET-ES211A","""RED DE LA COMUNIDAD AUTONOMA DE EXTREMADURA""","UTC+01","ES1601A","6015001","""ES1601A-BADAJOZ""","SPO-ES1601A_06001_100","PM2.5","-7.011450","38.887630","390.000000","","urban","background","31/05/2001 00:00:00","","SPO_F-ES1601A_06001_100_100","0.0","","","","","","","","","","","0","","","","","","","","","","","","","","","SPP-ES_A_00518_GRIMM-EDM107","31/05/2001 00:00:00","","remote","other","","GRIMM-EDM107","","","","","","","","","","","","","","","","",""
"Spain","ES.MAGRAMA.AQ","","NET-ES211A","""RED DE LA COMUNIDAD AUTONOMA DE EXTREMADURA""","UTC+01","ES1601A","6015001","""ES1601A-BADAJOZ""","SPO-ES1601A_06001_100","PM2.5","-7.011450","38.887630","390.000000","","urban","background","31/05/2001 00:00:00","","SPO_F-ES1601A_06001_100_100","0.0","","","","","","","","","","","0","","","","","","","","","","","","","","","SPP-ES_A_51801GRIMM-EDM107","31/05/2001 00:00:00","","remote","other","","","","","","","","","","","","","","","","","","",""
"Spain","ES.MAGRAMA.AQ","","NET-ES211A","""RED DE LA COMUNIDAD AUTONOMA DE EXTREMADURA""","UTC+01","ES1601A","6015001","""ES1601A-BADAJOZ""","SPO-ES1601A_06001_102","PM2.5","-7.011450","38.887630","390.000000","","urban","background","01/01/2009 00:00:00","","SPO_F-ES1601A_06001_102_102","0.0","","","","","","","","","","","0","","","","","","","","","","","","","","","SPP-ES_N_gravi_00000","01/01/2009 00:00:00","","active","","","","","other","","gravi","","","","","","","","","","","","",""
"Spain","ES.MAGRAMA.AQ","","NET-ES211A","""RED DE LA COMUNIDAD AUTONOMA DE EXTREMADURA""","UTC+01","ES1601A","6015001","""ES1601A-BADAJOZ""","SPO-ES1601A_06001_102","PM2.5","-7.011450","38.887630","390.000000","","urban","background","01/01/2009 00:00:00","","SPO_F-ES1601A_06001_102_102","0.0","","","","","","","","","","","0","","","","","","","","","","","","","","","SPP-ES_N_gravi_00714","01/01/2009 00:00:00","","active","","","","","","","gravi","","","","","","","","","","","","",""
"Spain","ES.MAGRAMA.AQ","","NET-ES217A","""RED DE LA COMUNIDAD AUTONOMA DE LA RIOJA""","UTC+01","ES1602A","26089001","""ES1602A-LA CIGÜEÑA""","SPO-ES1602A_06001_100","PM2.5","-2.427780","42.463890","386.000000","","urban","background","01/07/2001 00:00:00","","SPO_F-ES1602A_06001_100_100","3.0","","","","3.0","","","","","","","0","","","","","","","","","","","","","","","SPP-ES_N_gravi_00000","01/07/2001 00:00:00","","active","","","","","other","","gravi","","","","","","","","","","","","",""
"Spain","ES.MAGRAMA.AQ","","NET-ES217A","""RED DE LA COMUNIDAD AUTONOMA DE LA RIOJA""","UTC+01","ES1602A","26089001","""ES1602A-LA CIGÜEÑA""","SPO-ES1602A_06001_100","PM2.5","-2.427780","42.463890","386.000000","","urban","background","01/07/2001 00:00:00","","SPO_F-ES1602A_06001_100_100","3.0","","","","3.0","","","","","","","0","","","","","","","","","","","","","","","SPP-ES_N_gravi_00714","01/07/2001 00:00:00","","active","","","","","","","gravi","","","","","","","","","","","","",""
"Spain","ES.MAGRAMA.AQ","","NET-ES217A","""RED DE LA COMUNIDAD AUTONOMA DE LA RIOJA""","UTC+01","ES1602A","26089001","""ES1602A-LA CIGÜEÑA""","SPO-ES1602A_06001_102","PM2.5","-2.427780","42.463890","386.000000","","urban","background","01/07/2001 00:00:00","","SPO_F-ES1602A_06001_102_102","0.0","","","","3.0","","","","","","","0","","","","","","","","","","","","","","","SPP-ES_N_gravi_00000","01/07/2001 00:00:00","","active","","","","","other","","gravi","","","","","","","","","","","","",""
"Spain","ES.MAGRAMA.AQ","","NET-ES217A","""RED DE LA COMUNIDAD AUTONOMA DE LA RIOJA""","UTC+01","ES1602A","26089001","""ES1602A-LA CIGÜEÑA""","SPO-ES1602A_06001_102","PM2.5","-2.427780","42.463890","386.000000","","urban","background","01/07/2001 00:00:00","","SPO_F-ES1602A_06001_102_102","0.0","","","","3.0","","","","","","","0","","","","","","","","","","","","","","","SPP-ES_N_gravi_00714","01/07/2001 00:00:00","","active","","","","","","","gravi","","","","","","","","","","","","",""
"Spain","ES.MAGRAMA.AQ","","NET-ES210A","""RED DE LA COMUNIDAD AUTONOMA DE LA COMUNIDAD VALENCIANA""","UTC+01","ES1609A","3065005","""ES1609A-ELX-2""","SPO-ES1609A_06001_100","PM2.5","-0.714440","38.259450","99.000000","","urban","traffic","01/01/2005 00:00:00","","SPO_F-ES1609A_06001_100_100","0.0","","","","5.0","","","","","","","0","","","","","","","","","","","","","","","SPP-ES_N_gravi_00000","01/01/2005 00:00:00","","active","","","","","other","","gravi","","","","","","","","","","","","",""
"Spain","ES.MAGRAMA.AQ","","NET-ES210A","""RED DE LA COMUNIDAD AUTONOMA DE LA COMUNIDAD VALENCIANA""","UTC+01","ES1609A","3065005","""ES1609A-ELX-2""","SPO-ES1609A_06001_100","PM2.5","-0.714440","38.259450","99.000000","","urban","traffic","01/01/2005 00:00:00","","SPO_F-ES1609A_06001_100_100","0.0","","","","5.0","","","","","","","0","","","","","","","","","","","","","","","SPP-ES_N_gravi_00714","01/01/2005 00:00:00","","active","","","","","","","gravi","","","","","","","","","","","","",""
"Spain","ES.MAGRAMA.AQ","","NET-ES210A","""RED DE LA COMUNIDAD AUTONOMA DE LA COMUNIDAD VALENCIANA""","UTC+01","ES1609A","3065005","""ES1609A-ELX-2""","SPO-ES1609A_06001_102","PM2.5","-0.714440","38.259450","99.000000","","urban","traffic","01/01/2005 00:00:00","","SPO_F-ES1609A_06001_102_102","0.0","","","","5.0","","","","","","","0","","","","","","","","","","","","","","","SPP-ES_N_gravi_00000","01/01/2005 00:00:00","","active","","","","","other","","gravi","","","","","","","","","","","","",""
"Spain","ES.MAGRAMA.AQ","","NET-ES210A","""RED DE LA COMUNIDAD AUTONOMA DE LA COMUNIDAD VALENCIANA""","UTC+01","ES1609A","3065005","""ES1609A-ELX-2""","SPO-ES1609A_06001_102","PM2.5","-0.714440","38.259450","99.000000","","urban","traffic","01/01/2005 00:00:00","","SPO_F-ES1609A_06001_102_102","0.0","","","","5.0","","","","","","","0","","","","","","","","","","","","","","","SPP-ES_N_gravi_00714","01/01/2005 00:00:00","","active","","","","","","","gravi","","","","","","","","","","","","",""
"Spain","ES.MAGRAMA.AQ","","NET-ES204A","""RED DE LA COMUNIDAD AUTONOMA DE LAS ISLAS BALEARES""","UTC+01","ES1610A","7040002","""ES1610A-FONERS""","SPO-ES1610A_06001_100","PM2.5","2.658060","39.572500","23.000000","","urban","traffic","01/01/2008 00:00:00","","SPO_F-ES1610A_06001_100_100","0.0","","","","3.0","","","","","","","0","","","","","","","","","","","","","","","SPP-ES_A_BETA_00000","01/01/2008 00:00:00","","automatic","BETA","","other","","","","","","","","","","","","","","","","",""
"Spain","ES.MAGRAMA.AQ","","NET-ES204A","""RED DE LA COMUNIDAD AUTONOMA DE LAS ISLAS BALEARES""","UTC+01","ES1610A","7040002","""ES1610A-FONERS""","SPO-ES1610A_06001_100","PM2.5","2.658060","39.572500","23.000000","","urban","traffic","01/01/2008 00:00:00","","SPO_F-ES1610A_06001_100_100","0.0","","","","3.0","","","","","","","0","","","","","","","","","","","","","","","SPP-ES_A_BETA_01000","01/01/2008 00:00:00","","automatic","BETA","","","","","","","","","","","","","","","","","","",""
"Spain","ES.MAGRAMA.AQ","","NET-ES211A","""RED DE LA COMUNIDAD AUTONOMA DE EXTREMADURA""","UTC+01","ES1615A","10037001","""ES1615A-CÁCERES""","SPO-ES1615A_06001_100","PM2.5","-6.360280","39.472780","389.000000","","urban","background","01/11/2001 00:00:00","","SPO_F-ES1615A_06001_100_100","0.0","","","","","","","","","","","0","","","","","","","","","","","","","","","SPP-ES_A_00518_GRIMM-EDM107","01/11/2001 00:00:00","","remote","other","","GRIMM-EDM107","","","","","","","","","","","","","","","","",""
"Spain","ES.MAGRAMA.AQ","","NET-ES211A","""RED DE LA COMUNIDAD AUTONOMA DE EXTREMADURA""","UTC+01","ES1615A","10037001","""ES1615A-CÁCERES""","SPO-ES1615A_06001_100","PM2.5","-6.360280","39.472780","389.000000","","urban","background","01/11/2001 00:00:00","","SPO_F-ES1615A_06001_100_100","0.0","","","","","","","","","","","0","","","","","","","","","","","","","","","SPP-ES_A_51801GRIMM-EDM107","01/11/2001 00:00:00","","remote","other","","","","","","","","","","","","","","","","","","",""
"Spain","ES.MAGRAMA.AQ","","NET-ES211A","""RED DE LA COMUNIDAD AUTONOMA DE EXTREMADURA""","UTC+01","ES1616A","10182001","""ES1616A-MONFRAGÜE""","SPO-ES1616A_06001_100","PM2.5","-5.939720","39.849170","376.000000","","rural-regional","background","23/10/2002 00:00:00","","SPO_F-ES1616A_06001_100_100","0.0","","","","","","","","","","","0","","","","","","","","","","","","","","","SPP-ES_A_DOAS_00000","23/10/2002 00:00:00","","remote","DOAS","","other","","","","","","","","","","","","","","","","",""
"Spain","ES.MAGRAMA.AQ","","NET-ES211A","""RED DE LA COMUNIDAD AUTONOMA DE EXTREMADURA""","UTC+01","ES1616A","10182001","""ES1616A-MONFRAGÜE""","SPO-ES1616A_06001_100","PM2.5","-5.939720","39.849170","376.000000","","rural-regional","background","23/10/2002 00:00:00","","SPO_F-ES1616A_06001_100_100","0.0","","","","","","","","","","","0","","","","","","","","","","","","","","","SPP-ES_A_DOAS_03000","23/10/2002 00:00:00","","remote","DOAS","","","","","","","","","","","","","","","","","","",""
"Spain","ES.MAGRAMA.AQ","","NET-ES210A","""RED DE LA COMUNIDAD AUTONOMA DE LA COMUNIDAD VALENCIANA""","UTC+01","ES1617A","46017002","""ES1617A-ALZIRA""","SPO-ES1617A_06001_100","PM2.5","-0.457780","39.150000","60.000000","","suburban","background","01/03/2003 00:00:00","31/12/2008 00:00:00","SPO_F-ES1617A_06001_100_100","0.0","","","","50.0","","","","","","","0","","","","","","","","","","","","","","","SPP-ES_N_gravi_00000","01/03/2003 00:00:00","31/12/2008 00:00:00","active","","","","","other","","gravi","","","","","","","","","","","","",""
"Spain","ES.MAGRAMA.AQ","","NET-ES210A","""RED DE LA COMUNIDAD AUTONOMA DE LA COMUNIDAD VALENCIANA""","UTC+01","ES1617A","46017002","""ES1617A-ALZIRA""","SPO-ES1617A_06001_100","PM2.5","-0.457780","39.150000","60.000000","","suburban","background","01/03/2003 00:00:00","31/12/2008 00:00:00","SPO_F-ES1617A_06001_100_100","0.0","","","","50.0","","","","","","","0","","","","","","","","","","","","","","","SPP-ES_N_gravi_00714","01/03/2003 00:00:00","31/12/2008 00:00:00","active","","","","","","","gravi","","","","","","","","","","","","",""
"Spain","ES.MAGRAMA.AQ","","NET-ES210A","""RED DE LA COMUNIDAD AUTONOMA DE LA COMUNIDAD VALENCIANA""","UTC+01","ES1617A","46017002","""ES1617A-ALZIRA""","SPO-ES1617A_06001_102","PM2.5","-0.457780","39.150000","60.000000","","suburban","background","01/03/2003 00:00:00","","SPO_F-ES1617A_06001_102_102","0.0","","","","50.0","","","","","","","0","","","","","","","","","","","","","","","SPP-ES_N_gravi_00000","01/03/2003 00:00:00","","active","","","","","other","","gravi","","","","","","","","","","","","",""
"Spain","ES.MAGRAMA.AQ","","NET-ES210A","""RED DE LA COMUNIDAD AUTONOMA DE LA COMUNIDAD VALENCIANA""","UTC+01","ES1617A","46017002","""ES1617A-ALZIRA""","SPO-ES1617A_06001_102","PM2.5","-0.457780","39.150000","60.000000","","suburban","background","01/03/2003 00:00:00","","SPO_F-ES1617A_06001_102_102","0.0","","","","50.0","","","","","","","0","","","","","","","","","","","","","","","SPP-ES_N_gravi_00714","01/03/2003 00:00:00","","active","","","","","","","gravi","","","","","","","","","","","","",""
"Spain","ES.MAGRAMA.AQ","","NET-ES210A","""RED DE LA COMUNIDAD AUTONOMA DE LA COMUNIDAD VALENCIANA""","UTC+01","ES1619A","46250043","""ES1619A-VALÈNCIA-VIVERS""","SPO-ES1619A_06001_100","PM2.5","-0.368330","39.478060","11.000000","","urban","background","01/02/2003 00:00:00","","SPO_F-ES1619A_06001_100_100","0.0","","","","200.0","","","","","","","0","","","","","","","","","","","","","","","SPP-ES_N_gravi_00000","01/02/2003 00:00:00","","active","","","","","other","","gravi","","","","","","","","","","","","",""
"Spain","ES.MAGRAMA.AQ","","NET-ES210A","""RED DE LA COMUNIDAD AUTONOMA DE LA COMUNIDAD VALENCIANA""","UTC+01","ES1619A","46250043","""ES1619A-VALÈNCIA-VIVERS""","SPO-ES1619A_06001_100","PM2.5","-0.368330","39.478060","11.000000","","urban","background","01/02/2003 00:00:00","","SPO_F-ES1619A_06001_100_100","0.0","","","","200.0","","","","","","","0","","","","","","","","","","","","","","","SPP-ES_N_gravi_00714","01/02/2003 00:00:00","","active","","","","","","","gravi","","","","","","","","","","","","",""
"Spain","ES.MAGRAMA.AQ","","NET-ES210A","""RED DE LA COMUNIDAD AUTONOMA DE LA COMUNIDAD VALENCIANA""","UTC+01","ES1619A","46250043","""ES1619A-VALÈNCIA-VIVERS""","SPO-ES1619A_06001_102","PM2.5","-0.368330","39.478060","11.000000","","urban","background","01/02/2003 00:00:00","","SPO_F-ES1619A_06001_102_102","0.0","","","","200.0","","","","","","","0","","","","","","","","","","","","","","","SPP-ES_N_gravi_00000","01/02/2003 00:00:00","","active","","","","","other","","gravi","","","","","","","","","","","","",""
"Spain","ES.MAGRAMA.AQ","","NET-ES210A","""RED DE LA COMUNIDAD AUTONOMA DE LA COMUNIDAD VALENCIANA""","UTC+01","ES1619A","46250043","""ES1619A-VALÈNCIA-VIVERS""","SPO-ES1619A_06001_102","PM2.5","-0.368330","39.478060","11.000000","","urban","background","01/02/2003 00:00:00","","SPO_F-ES1619A_06001_102_102","0.0","","","","200.0","","","","","","","0","","","","","","","","","","","","","","","SPP-ES_N_gravi_00714","01/02/2003 00:00:00","","active","","","","","","","gravi","","","","","","","","","","","","",""
"Spain","ES.MAGRAMA.AQ","","NET-ES210A","""RED DE LA COMUNIDAD AUTONOMA DE LA COMUNIDAD VALENCIANA""","UTC+01","ES1621A","12005004","""ES1621A-L'ALCORA-PM""","SPO-ES1621A_06001_100","PM2.5","-0.206390","40.068610","175.000000","","urban","industrial","01/04/2003 00:00:00","","SPO_F-ES1621A_06001_100_100","0.0","","","","","","","","","","","0","","","","","","","","","","","","","","","SPP-ES_N_gravi_00000","01/04/2003 00:00:00","","active","","","","","other","","gravi","","","","","","","","","","","","",""
"Spain","ES.MAGRAMA.AQ","","NET-ES210A","""RED DE LA COMUNIDAD AUTONOMA DE LA COMUNIDAD VALENCIANA""","UTC+01","ES1621A","12005004","""ES1621A-L'ALCORA-PM""","SPO-ES1621A_06001_100","PM2.5","-0.206390","40.068610","175.000000","","urban","industrial","01/04/2003 00:00:00","","SPO_F-ES1621A_06001_100_100","0.0","","","","","","","","","","","0","","","","","","","","","","","","","","","SPP-ES_N_gravi_00714","01/04/2003 00:00:00","","active","","","","","","","gravi","","","","","","","","","","","","",""
"Spain","ES.MAGRAMA.AQ","","NET-ES210A","""RED DE LA COMUNIDAD AUTONOMA DE LA COMUNIDAD VALENCIANA""","UTC+01","ES1621A","12005004","""ES1621A-L'ALCORA-PM""","SPO-ES1621A_06001_102","PM2.5","-0.206390","40.068610","175.000000","","urban","industrial","01/04/2003 00:00:00","","SPO_F-ES1621A_06001_102_102","0.0","","","","","","","","","","","0","","","","","","","","","","","","","","","SPP-ES_N_gravi_00000","01/04/2003 00:00:00","","active","","","","","other","","gravi","","","","","","","","","","","","",""
"Spain","ES.MAGRAMA.AQ","","NET-ES210A","""RED DE LA COMUNIDAD AUTONOMA DE LA COMUNIDAD VALENCIANA""","UTC+01","ES1621A","12005004","""ES1621A-L'ALCORA-PM""","SPO-ES1621A_06001_102","PM2.5","-0.206390","40.068610","175.000000","","urban","industrial","01/04/2003 00:00:00","","SPO_F-ES1621A_06001_102_102","0.0","","","","","","","","","","","0","","","","","","","","","","","","","","","SPP-ES_N_gravi_00714","01/04/2003 00:00:00","","active","","","","","","","gravi","","","","","","","","","","","","",""
"Spain","ES.MAGRAMA.AQ","","NET-ES210A","""RED DE LA COMUNIDAD AUTONOMA DE LA COMUNIDAD VALENCIANA""","UTC+01","ES1622A","12135004","""ES1622A-VILA-REAL-PM""","SPO-ES1622A_06001_100","PM2.5","-0.105830","39.941670","60.000000","","urban","industrial","01/04/2003 00:00:00","","SPO_F-ES1622A_06001_100_100","0.0","","","","","","","","","","","0","","","","","","","","","","","","","","","SPP-ES_N_gravi_00000","01/04/2003 00:00:00","","active","","","","","other","","gravi","","","","","","","","","","","","",""
"Spain","ES.MAGRAMA.AQ","","NET-ES210A","""RED DE LA COMUNIDAD AUTONOMA DE LA COMUNIDAD VALENCIANA""","UTC+01","ES1622A","12135004","""ES1622A-VILA-REAL-PM""","SPO-ES1622A_06001_100","PM2.5","-0.105830","39.941670","60.000000","","urban","industrial","01/04/2003 00:00:00","","SPO_F-ES1622A_06001_100_100","0.0","","","","","","","","","","","0","","","","","","","","","","","","","","","SPP-ES_N_gravi_00714","01/04/2003 00:00:00","","active","","","","","","","gravi","","","","","","","","","","","","",""
"Spain","ES.MAGRAMA.AQ","","NET-ES210A","""RED DE LA COMUNIDAD AUTONOMA DE LA COMUNIDAD VALENCIANA""","UTC+01","ES1622A","12135004","""ES1622A-VILA-REAL-PM""","SPO-ES1622A_06001_102","PM2.5","-0.105830","39.941670","60.000000","","urban","industrial","01/04/2003 00:00:00","","SPO_F-ES1622A_06001_102_102","0.0","","","","","","","","","","","0","","","","","","","","","","","","","","","SPP-ES_N_gravi_00000","01/04/2003 00:00:00","","active","","","","","other","","gravi","","","","","","","","","","","","",""
"Spain","ES.MAGRAMA.AQ","","NET-ES210A","""RED DE LA COMUNIDAD AUTONOMA DE LA COMUNIDAD VALENCIANA""","UTC+01","ES1622A","12135004","""ES1622A-VILA-REAL-PM""","SPO-ES1622A_06001_102","PM2.5","-0.105830","39.941670","60.000000","","urban","industrial","01/04/2003 00:00:00","","SPO_F-ES1622A_06001_102_102","0.0","","","","","","","","","","","0","","","","","","","","","","","","","","","SPP-ES_N_gravi_00714","01/04/2003 00:00:00","","active","","","","","","","gravi","","","","","","","","","","","","",""
"Spain","ES.MAGRAMA.AQ","","NET-ES210A","""RED DE LA COMUNIDAD AUTONOMA DE LA COMUNIDAD VALENCIANA""","UTC+01","ES1623A","3009006","""ES1623A-ALCOI - VERGE DELS LLIRIS""","SPO-ES1623A_06001_100","PM2.5","-0.466940","38.706390","534.000000","","urban","background","01/03/2003 00:00:00","","SPO_F-ES1623A_06001_100_100","3.0","","","","50.0","","","","","","","0","","","","","","","","","","","","","","","SPP-ES_A_BETA_00000","01/03/2003 00:00:00","","automatic","BETA","","other","","","","","","","","","","","","","","","","",""
"Spain","ES.MAGRAMA.AQ","","NET-ES210A","""RED DE LA COMUNIDAD AUTONOMA DE LA COMUNIDAD VALENCIANA""","UTC+01","ES1623A","3009006","""ES1623A-ALCOI - VERGE DELS LLIRIS""","SPO-ES1623A_06001_100","PM2.5","-0.466940","38.706390","534.000000","","urban","background","01/03/2003 00:00:00","","SPO_F-ES1623A_06001_100_100","3.0","","","","50.0","","","","","","","0","","","","","","","","","","","","","","","SPP-ES_A_BETA_01000","01/03/2003 00:00:00","","automatic","BETA","","","","","","","","","","","","","","","","","","",""
"Spain","ES.MAGRAMA.AQ","","NET-ES210A","""RED DE LA COMUNIDAD AUTONOMA DE LA COMUNIDAD VALENCIANA""","UTC+01","ES1623A","3009006","""ES1623A-ALCOI - VERGE DELS LLIRIS""","SPO-ES1623A_06001_102","PM2.5","-0.466940","38.706390","534.000000","","urban","background","01/03/2003 00:00:00","","SPO_F-ES1623A_06001_102_102","0.0","","","","50.0","","","","","","","0","","","","","","","","","","","","","","","SPP-ES_N_gravi_00000","01/03/2003 00:00:00","","active","","","","","other","","gravi","","","","","","","","","","","","",""
"Spain","ES.MAGRAMA.AQ","","NET-ES210A","""RED DE LA COMUNIDAD AUTONOMA DE LA COMUNIDAD VALENCIANA""","UTC+01","ES1623A","3009006","""ES1623A-ALCOI - VERGE DELS LLIRIS""","SPO-ES1623A_06001_102","PM2.5","-0.466940","38.706390","534.000000","","urban","background","01/03/2003 00:00:00","","SPO_F-ES1623A_06001_102_102","0.0","","","","50.0","","","","","","","0","","","","","","","","","","","","","","","SPP-ES_N_gravi_00714","01/03/2003 00:00:00","","active","","","","","","","gravi","","","","","","","","","","","","",""
"Spain","ES.MAGRAMA.AQ","","NET-ES210A","""RED DE LA COMUNIDAD AUTONOMA DE LA COMUNIDAD VALENCIANA""","UTC+01","ES1624A","3065006","""ES1624A-ELX-AGROALIMENTARI""","SPO-ES1624A_06001_100","PM2.5","-0.682780","38.242220","44.000000","","suburban","background","01/03/2003 00:00:00","","SPO_F-ES1624A_06001_100_100","0.0","","","","20.0","","","","","","","0","","","","","","","","","","","","","","","SPP-ES_N_gravi_00000","01/03/2003 00:00:00","","active","","","","","other","","gravi","","","","","","","","","","","","",""
"Spain","ES.MAGRAMA.AQ","","NET-ES210A","""RED DE LA COMUNIDAD AUTONOMA DE LA COMUNIDAD VALENCIANA""","UTC+01","ES1624A","3065006","""ES1624A-ELX-AGROALIMENTARI""","SPO-ES1624A_06001_100","PM2.5","-0.682780","38.242220","44.000000","","suburban","background","01/03/2003 00:00:00","","SPO_F-ES1624A_06001_100_100","0.0","","","","20.0","","","","","","","0","","","","","","","","","","","","","","","SPP-ES_N_gravi_00714","01/03/2003 00:00:00","","active","","","","","","","gravi","","","","","","","","","","","","",""
"Spain","ES.MAGRAMA.AQ","","NET-ES210A","""RED DE LA COMUNIDAD AUTONOMA DE LA COMUNIDAD VALENCIANA""","UTC+01","ES1624A","3065006","""ES1624A-ELX-AGROALIMENTARI""","SPO-ES1624A_06001_102","PM2.5","-0.682780","38.242220","44.000000","","suburban","background","01/03/2003 00:00:00","","SPO_F-ES1624A_06001_102_102","0.0","","","","20.0","","","","","","","0","","","","","","","","","","","","","","","SPP-ES_N_gravi_00000","01/03/2003 00:00:00","","active","","","","","other","","gravi","","","","","","","","","","","","",""
"Spain","ES.MAGRAMA.AQ","","NET-ES210A","""RED DE LA COMUNIDAD AUTONOMA DE LA COMUNIDAD VALENCIANA""","UTC+01","ES1624A","3065006","""ES1624A-ELX-AGROALIMENTARI""","SPO-ES1624A_06001_102","PM2.5","-0.682780","38.242220","44.000000","","suburban","background","01/03/2003 00:00:00","","SPO_F-ES1624A_06001_102_102","0.0","","","","20.0","","","","","","","0","","","","","","","","","","","","","","","SPP-ES_N_gravi_00714","01/03/2003 00:00:00","","active","","","","","","","gravi","","","","","","","","","","","","",""
"Spain","ES.MAGRAMA.AQ","","NET-ES210A","""RED DE LA COMUNIDAD AUTONOMA DE LA COMUNIDAD VALENCIANA""","UTC+01","ES1625A","46078004","""ES1625A-BURJASSOT - FACULTATS""","SPO-ES1625A_06001_100","PM2.5","-0.417780","39.509440","25.000000","","urban","traffic","01/01/2008 00:00:00","","SPO_F-ES1625A_06001_100_100","3.0","","","","25.0","","","","","","","0","","","","","","","","","","","","","","","SPP-ES_A_BETA_00000","01/01/2008 00:00:00","","automatic","BETA","","other","","","","","","","","","","","","","","","","",""
"Spain","ES.MAGRAMA.AQ","","NET-ES210A","""RED DE LA COMUNIDAD AUTONOMA DE LA COMUNIDAD VALENCIANA""","UTC+01","ES1625A","46078004","""ES1625A-BURJASSOT - FACULTATS""","SPO-ES1625A_06001_100","PM2.5","-0.417780","39.509440","25.000000","","urban","traffic","01/01/2008 00:00:00","","SPO_F-ES1625A_06001_100_100","3.0","","","","25.0","","","","","","","0","","","","","","","","","","","","","","","SPP-ES_A_BETA_01000","01/01/2008 00:00:00","","automatic","BETA","","","","","","","","","","","","","","","","","","",""
"Spain","ES.MAGRAMA.AQ","","NET-ES210A","""RED DE LA COMUNIDAD AUTONOMA DE LA COMUNIDAD VALENCIANA""","UTC+01","ES1625A","46078004","""ES1625A-BURJASSOT - FACULTATS""","SPO-ES1625A_06001_102","PM2.5","-0.417780","39.509440","25.000000","","urban","traffic","01/01/2006 00:00:00","","SPO_F-ES1625A_06001_102_102","0.0","","","","25.0","","","","","","","0","","","","","","","","","","","","","","","SPP-ES_N_gravi_00000","01/01/2006 00:00:00","","active","","","","","other","","gravi","","","","","","","","","","","","",""
"Spain","ES.MAGRAMA.AQ","","NET-ES210A","""RED DE LA COMUNIDAD AUTONOMA DE LA COMUNIDAD VALENCIANA""","UTC+01","ES1625A","46078004","""ES1625A-BURJASSOT - FACULTATS""","SPO-ES1625A_06001_102","PM2.5","-0.417780","39.509440","25.000000","","urban","traffic","01/01/2006 00:00:00","","SPO_F-ES1625A_06001_102_102","0.0","","","","25.0","","","","","","","0","","","","","","","","","","","","","","","SPP-ES_N_gravi_00714","01/01/2006 00:00:00","","active","","","","","","","gravi","","","","","","","","","","","","",""
"Spain","ES.MAGRAMA.AQ","","NET-ES214A","""RED DE LA COMUNIDAD AUTONOMA DE MURCIA""","UTC+01","ES1627A","30005002","""ES1627A-ALCANTARILLA""","SPO-ES1627A_06001_100","PM2.5","-1.230830","37.975560","80.000000","","suburban","industrial","01/12/2001 00:00:00","31/12/2009 00:00:00","SPO_F-ES1627A_06001_100_100","0.0","","","","","","","","","","","0","","","","","","","","","","","","","","","SPP-ES_A_DOAS_00000","01/12/2001 00:00:00","31/12/2009 00:00:00","remote","DOAS","","other","","","","","","","","","","","","","","","","",""
"Spain","ES.MAGRAMA.AQ","","NET-ES214A","""RED DE LA COMUNIDAD AUTONOMA DE MURCIA""","UTC+01","ES1627A","30005002","""ES1627A-ALCANTARILLA""","SPO-ES1627A_06001_100","PM2.5","-1.230830","37.975560","80.000000","","suburban","industrial","01/12/2001 00:00:00","31/12/2009 00:00:00","SPO_F-ES1627A_06001_100_100","0.0","","","","","","","","","","","0","","","","","","","","","","","","","","","SPP-ES_A_DOAS_03000","01/12/2001 00:00:00","31/12/2009 00:00:00","remote","DOAS","","","","","","","","","","","","","","","","","","",""
"Spain","ES.MAGRAMA.AQ","","NET-ES208A","""RED DE LA COMUNIDAD AUTONOMA DE CASTILLA Y LEON""","UTC+01","ES1631A","47186027","""ES1631A-ARCO DE LADRILLO II""","SPO-ES1631A_06001_100","PM2.5","-4.730280","41.645560","700.000000","","urban","traffic","20/02/2003 00:00:00","","SPO_F-ES1631A_06001_100_100","0.0","","","","4.0","","","","","","","0","","","","","","","","","","","","","","","SPP-ES_A_BETA_00000","20/02/2003 00:00:00","","automatic","BETA","","other","","","","","","","","","","","","","","","","",""
"Spain","ES.MAGRAMA.AQ","","NET-ES208A","""RED DE LA COMUNIDAD AUTONOMA DE CASTILLA Y LEON""","UTC+01","ES1631A","47186027","""ES1631A-ARCO DE LADRILLO II""","SPO-ES1631A_06001_100","PM2.5","-4.730280","41.645560","700.000000","","urban","traffic","20/02/2003 00:00:00","","SPO_F-ES1631A_06001_100_100","0.0","","","","4.0","","","","","","","0","","","","","","","","","","","","","","","SPP-ES_A_BETA_01000","20/02/2003 00:00:00","","automatic","BETA","","","","","","","","","","","","","","","","","","",""
"Spain","ES.MAGRAMA.AQ","","NET-ES208A","""RED DE LA COMUNIDAD AUTONOMA DE CASTILLA Y LEON""","UTC+01","ES1631A","47186027","""ES1631A-ARCO DE LADRILLO II""","SPO-ES1631A_06001_500","PM2.5","-4.730280","41.645560","700.000000","","urban","traffic","20/02/2003 00:00:00","","SPO_F-ES1631A_06001_500_500","0.0","","","","4.0","","","","","","","0","","","","","","","","","","","","","","","SPP-ES_A_BETA_00000","20/02/2003 00:00:00","","automatic","BETA","","other","","","","","","","","","","","","","","","","",""
"Spain","ES.MAGRAMA.AQ","","NET-ES208A","""RED DE LA COMUNIDAD AUTONOMA DE CASTILLA Y LEON""","UTC+01","ES1631A","47186027","""ES1631A-ARCO DE LADRILLO II""","SPO-ES1631A_06001_500","PM2.5","-4.730280","41.645560","700.000000","","urban","traffic","20/02/2003 00:00:00","","SPO_F-ES1631A_06001_500_500","0.0","","","","4.0","","","","","","","0","","","","","","","","","","","","","","","SPP-ES_A_BETA_01000","20/02/2003 00:00:00","","automatic","BETA","","","","","","","","","","","","","","","","","","",""
"Spain","ES.MAGRAMA.AQ","","NET-ES208A","""RED DE LA COMUNIDAD AUTONOMA DE CASTILLA Y LEON""","UTC+01","ES1632A","47186029","""ES1632A-VEGA SICILIA""","SPO-ES1632A_06001_100","PM2.5","-4.746670","41.620560","690.000000","","urban","traffic","01/01/2009 00:00:00","","SPO_F-ES1632A_06001_100_100","0.0","","","","4.5","","","","","","","0","","","","","","","","","","","","","","","SPP-ES_A_BETA_00000","01/01/2009 00:00:00","","automatic","BETA","","other","","","","","","","","","","","","","","","","",""
"Spain","ES.MAGRAMA.AQ","","NET-ES208A","""RED DE LA COMUNIDAD AUTONOMA DE CASTILLA Y LEON""","UTC+01","ES1632A","47186029","""ES1632A-VEGA SICILIA""","SPO-ES1632A_06001_100","PM2.5","-4.746670","41.620560","690.000000","","urban","traffic","01/01/2009 00:00:00","","SPO_F-ES1632A_06001_100_100","0.0","","","","4.5","","","","","","","0","","","","","","","","","","","","","","","SPP-ES_A_BETA_01000","01/01/2009 00:00:00","","automatic","BETA","","","","","","","","","","","","","","","","","","",""
"Spain","ES.MAGRAMA.AQ","","NET-ES214A","""RED DE LA COMUNIDAD AUTONOMA DE MURCIA""","UTC+01","ES1633A","30030007","""ES1633A-SAN BASILIO""","SPO-ES1633A_06001_100","PM2.5","-1.144720","37.993610","40.000000","","suburban","traffic","21/05/2002 00:00:00","","SPO_F-ES1633A_06001_100_100","0.0","","","","","","","","","","","0","","","","","","","","","","","","","","","SPP-ES_A_DOAS_00000","21/05/2002 00:00:00","","remote","DOAS","","other","","","","","","","","","","","","","","","","",""
"Spain","ES.MAGRAMA.AQ","","NET-ES214A","""RED DE LA COMUNIDAD AUTONOMA DE MURCIA""","UTC+01","ES1633A","30030007","""ES1633A-SAN BASILIO""","SPO-ES1633A_06001_100","PM2.5","-1.144720","37.993610","40.000000","","suburban","traffic","21/05/2002 00:00:00","","SPO_F-ES1633A_06001_100_100","0.0","","","","","","","","","","","0","","","","","","","","","","","","","","","SPP-ES_A_DOAS_03000","21/05/2002 00:00:00","","remote","DOAS","","","","","","","","","","","","","","","","","","",""
"Spain","ES.MAGRAMA.AQ","","NET-ES210A","""RED DE LA COMUNIDAD AUTONOMA DE LA COMUNIDAD VALENCIANA""","UTC+01","ES1635A","3014006","""ES1635A-ALACANT-EL PLÁ""","SPO-ES1635A_06001_100","PM2.5","-0.471940","38.359440","45.000000","","urban","traffic","01/03/2003 00:00:00","","SPO_F-ES1635A_06001_100_100","0.0","","","","10.0","","","","","","","0","","","","","","","","","","","","","","","SPP-ES_N_gravi_00000","01/03/2003 00:00:00","","active","","","","","other","","gravi","","","","","","","","","","","","",""
"Spain","ES.MAGRAMA.AQ","","NET-ES210A","""RED DE LA COMUNIDAD AUTONOMA DE LA COMUNIDAD VALENCIANA""","UTC+01","ES1635A","3014006","""ES1635A-ALACANT-EL PLÁ""","SPO-ES1635A_06001_100","PM2.5","-0.471940","38.359440","45.000000","","urban","traffic","01/03/2003 00:00:00","","SPO_F-ES1635A_06001_100_100","0.0","","","","10.0","","","","","","","0","","","","","","","","","","","","","","","SPP-ES_N_gravi_00714","01/03/2003 00:00:00","","active","","","","","","","gravi","","","","","","","","","","","","",""
"Spain","ES.MAGRAMA.AQ","","NET-ES210A","""RED DE LA COMUNIDAD AUTONOMA DE LA COMUNIDAD VALENCIANA""","UTC+01","ES1635A","3014006","""ES1635A-ALACANT-EL PLÁ""","SPO-ES1635A_06001_102","PM2.5","-0.471940","38.359440","45.000000","","urban","traffic","01/03/2003 00:00:00","","SPO_F-ES1635A_06001_102_102","0.0","","","","10.0","","","","","","","0","","","","","","","","","","","","","","","SPP-ES_N_gravi_00000","01/03/2003 00:00:00","","active","","","","","other","","gravi","","","","","","","","","","","","",""
"Spain","ES.MAGRAMA.AQ","","NET-ES210A","""RED DE LA COMUNIDAD AUTONOMA DE LA COMUNIDAD VALENCIANA""","UTC+01","ES1635A","3014006","""ES1635A-ALACANT-EL PLÁ""","SPO-ES1635A_06001_102","PM2.5","-0.471940","38.359440","45.000000","","urban","traffic","01/03/2003 00:00:00","","SPO_F-ES1635A_06001_102_102","0.0","","","","10.0","","","","","","","0","","","","","","","","","","","","","","","SPP-ES_N_gravi_00714","01/03/2003 00:00:00","","active","","","","","","","gravi","","","","","","","","","","","","",""
"Spain","ES.MAGRAMA.AQ","","NET-ES208A","""RED DE LA COMUNIDAD AUTONOMA DE CASTILLA Y LEON""","UTC+01","ES1636A","47186030","""ES1636A-PUENTE REGUERAL""","SPO-ES1636A_06001_100","PM2.5","-4.733890","41.656110","691.000000","","urban","industrial","01/01/2009 00:00:00","","SPO_F-ES1636A_06001_100_100","0.0","","","","4.0","","","","","","","0","","","","","","","","","","","","","","","SPP-ES_A_BETA_00000","01/01/2009 00:00:00","","automatic","BETA","","other","","","","","","","","","","","","","","","","",""
"Spain","ES.MAGRAMA.AQ","","NET-ES208A","""RED DE LA COMUNIDAD AUTONOMA DE CASTILLA Y LEON""","UTC+01","ES1636A","47186030","""ES1636A-PUENTE REGUERAL""","SPO-ES1636A_06001_100","PM2.5","-4.733890","41.656110","691.000000","","urban","industrial","01/01/2009 00:00:00","","SPO_F-ES1636A_06001_100_100","0.0","","","","4.0","","","","","","","0","","","","","","","","","","","","","","","SPP-ES_A_BETA_01000","01/01/2009 00:00:00","","automatic","BETA","","","","","","","","","","","","","","","","","","",""
"Spain","ES.MAGRAMA.AQ","","NET-ES201A","""RED DE LA COMUNIDAD AUTONOMA DE ANDALUCIA""","UTC+01","ES1640A","41004006","""ES1640A-ALCALÁ DE GUADAIRA""","SPO-ES1640A_06001_102","PM2.5","-5.833720","37.342460","68.000000","","urban","background","01/01/2009 00:00:00","01/02/2012 00:00:00","SPO_F-ES1640A_06001_102_102","0.0","","","","15.0","","","","","","","0","","","","","","","","","","","","","","","SPP-ES_N_gravi_00000","01/01/2009 00:00:00","01/02/2012 00:00:00","active","","","","","other","","gravi","","","","","","","","","","","","",""
"Spain","ES.MAGRAMA.AQ","","NET-ES201A","""RED DE LA COMUNIDAD AUTONOMA DE ANDALUCIA""","UTC+01","ES1640A","41004006","""ES1640A-ALCALÁ DE GUADAIRA""","SPO-ES1640A_06001_102","PM2.5","-5.833720","37.342460","68.000000","","urban","background","01/01/2009 00:00:00","01/02/2012 00:00:00","SPO_F-ES1640A_06001_102_102","0.0","","","","15.0","","","","","","","0","","","","","","","","","","","","","","","SPP-ES_N_gravi_00714","01/01/2009 00:00:00","01/02/2012 00:00:00","active","","","","","","","gravi","","","","","","","","","","","","",""
"Spain","ES.MAGRAMA.AQ","","NET-ES202A","""RED DE LA COMUNIDAD AUTONOMA DE ARAGON""","UTC+01","ES1641A","50297036","""ES1641A-RENOVALES""","SPO-ES1641A_06001_102","PM2.5","-0.893610","41.635280","220.000000","","urban","background","01/01/2009 00:00:00","","SPO_F-ES1641A_06001_102_102","0.0","","","","13.0","","","","","","","0","","","","","","","","","","","","","","","SPP-ES_N_gravi_00000","01/01/2009 00:00:00","","active","","","","","other","","gravi","","","","","","","","","","","","",""
"Spain","ES.MAGRAMA.AQ","","NET-ES202A","""RED DE LA COMUNIDAD AUTONOMA DE ARAGON""","UTC+01","ES1641A","50297036","""ES1641A-RENOVALES""","SPO-ES1641A_06001_102","PM2.5","-0.893610","41.635280","220.000000","","urban","background","01/01/2009 00:00:00","","SPO_F-ES1641A_06001_102_102","0.0","","","","13.0","","","","","","","0","","","","","","","","","","","","","","","SPP-ES_N_gravi_00714","01/01/2009 00:00:00","","active","","","","","","","gravi","","","","","","","","","","","","",""
"Spain","ES.MAGRAMA.AQ","","NET-ES209A","""RED DE LA COMUNIDAD AUTONOMA DE CATALUÑA""","UTC+01","ES1642A","8298008","""ES1642A-BD-VIC (ESTADIE MUNICIPAL D'ATLETISME)""","SPO-ES1642A_06001_102","PM2.5","2.240000","41.936670","498.000000","","suburban","background","01/01/2010 00:00:00","","SPO_F-ES1642A_06001_102_102","0.0","","","","","","","","","","","0","","","","","","","","","","","","","","","SPP-ES_N_gravi_00000","01/01/2010 00:00:00","","active","","","","","other","","gravi","","","","","","","","","","","","",""
"Spain","ES.MAGRAMA.AQ","","NET-ES209A","""RED DE LA COMUNIDAD AUTONOMA DE CATALUÑA""","UTC+01","ES1642A","8298008","""ES1642A-BD-VIC (ESTADIE MUNICIPAL D'ATLETISME)""","SPO-ES1642A_06001_102","PM2.5","2.240000","41.936670","498.000000","","suburban","background","01/01/2010 00:00:00","","SPO_F-ES1642A_06001_102_102","0.0","","","","","","","","","","","0","","","","","","","","","","","","","","","SPP-ES_N_gravi_00714","01/01/2010 00:00:00","","active","","","","","","","gravi","","","","","","","","","","","","",""
"Spain","ES.MAGRAMA.AQ","","NET-ES213A","""RED DE LA COMUNIDAD AUTONOMA DE MADRID""","UTC+01","ES1646A","28079026","""ES1646A-BARAJAS I""","SPO-ES1646A_06001_100","PM2.5","-3.578890","40.460000","620.000000","","urban","traffic","31/12/2002 00:00:00","","SPO_F-ES1646A_06001_100_100","0.0","","","","","","","","","","","0","","","","","","","","","","","","","","","SPP-ES_A_TEOM_00000","31/12/2002 00:00:00","","automatic","TEOM","","other","","","","","","","","","","","","","","","","",""
"Spain","ES.MAGRAMA.AQ","","NET-ES213A","""RED DE LA COMUNIDAD AUTONOMA DE MADRID""","UTC+01","ES1646A","28079026","""ES1646A-BARAJAS I""","SPO-ES1646A_06001_100","PM2.5","-3.578890","40.460000","620.000000","","urban","traffic","31/12/2002 00:00:00","","SPO_F-ES1646A_06001_100_100","0.0","","","","","","","","","","","0","","","","","","","","","","","","","","","SPP-ES_A_TEOM_09000","31/12/2002 00:00:00","","automatic","TEOM","","","","","","","","","","","","","","","","","","",""
"Spain","ES.MAGRAMA.AQ","","NET-ES201A","""RED DE LA COMUNIDAD AUTONOMA DE ANDALUCIA""","UTC+01","ES1648A","11008009","""ES1648A-E2: ALCORNOCALES""","SPO-ES1648A_06001_600","PM2.5","-5.663500","36.233860","189.000000","","rural-remote","background","01/01/2015 00:00:00","","SPO_F-ES1648A_06001_600_600","-999.0","","","","","","","","","","","0","","","","","","","","","","","","","","","SPP-ES_N_gravi_00000","01/01/2015 00:00:00","","active","","","","","other","","gravi","","","","","","","","","","","","",""
"Spain","ES.MAGRAMA.AQ","","NET-ES217A","""RED DE LA COMUNIDAD AUTONOMA DE LA RIOJA""","UTC+01","ES1649A","26011001","""ES1649A-ALFARO""","SPO-ES1649A_06001_100","PM2.5","-1.743330","42.175830","365.000000","","rural-nearcity","industrial","01/01/2008 00:00:00","","SPO_F-ES1649A_06001_100_100","0.0","","","","","","","","","","","0","","","","","","","","","","","","","","","SPP-ES_A_BETA_00000","01/01/2008 00:00:00","","automatic","BETA","","other","","","","","","","","","","","","","","","","",""
"Spain","ES.MAGRAMA.AQ","","NET-ES217A","""RED DE LA COMUNIDAD AUTONOMA DE LA RIOJA""","UTC+01","ES1649A","26011001","""ES1649A-ALFARO""","SPO-ES1649A_06001_100","PM2.5","-1.743330","42.175830","365.000000","","rural-nearcity","industrial","01/01/2008 00:00:00","","SPO_F-ES1649A_06001_100_100","0.0","","","","","","","","","","","0","","","","","","","","","","","","","","","SPP-ES_A_BETA_01000","01/01/2008 00:00:00","","automatic","BETA","","","","","","","","","","","","","","","","","","",""
"Spain","ES.MAGRAMA.AQ","","NET-ES201A","""RED DE LA COMUNIDAD AUTONOMA DE ANDALUCIA""","UTC+01","ES1652A","23087002","""ES1652A-TORREDONJIMENO""","SPO-ES1652A_06001_102","PM2.5","-3.947690","37.761560","605.000000","","suburban","industrial","01/01/2009 00:00:00","21/11/2012 00:00:00","SPO_F-ES1652A_06001_102_102","0.0","","","","3.0","","","","","","","0","","","","","","","","","","","","","","","SPP-ES_N_gravi_00000","01/01/2009 00:00:00","21/11/2012 00:00:00","active","","","","","other","","gravi","","","","","","","","","","","","",""
"Spain","ES.MAGRAMA.AQ","","NET-ES201A","""RED DE LA COMUNIDAD AUTONOMA DE ANDALUCIA""","UTC+01","ES1652A","23087002","""ES1652A-TORREDONJIMENO""","SPO-ES1652A_06001_102","PM2.5","-3.947690","37.761560","605.000000","","suburban","industrial","01/01/2009 00:00:00","21/11/2012 00:00:00","SPO_F-ES1652A_06001_102_102","0.0","","","","3.0","","","","","","","0","","","","","","","","","","","","","","","SPP-ES_N_gravi_00714","01/01/2009 00:00:00","21/11/2012 00:00:00","active","","","","","","","gravi","","","","","","","","","","","","",""
"Spain","ES.MAGRAMA.AQ","","NET-ES201A","""RED DE LA COMUNIDAD AUTONOMA DE ANDALUCIA""","UTC+01","ES1654A","41088001","""ES1654A-SIERRA NORTE""","SPO-ES1654A_06001_102","PM2.5","-5.666870","37.994350","573.000000","","rural-remote","background","01/01/2011 00:00:00","","SPO_F-ES1654A_06001_102_102","0.0","","","","20.0","","","","","","","0","","","","","","","","","","","","","","","SPP-ES_N_gravi_00000","01/01/2011 00:00:00","","active","","","","","other","","gravi","","","","","","","","","","","","",""
"Spain","ES.MAGRAMA.AQ","","NET-ES201A","""RED DE LA COMUNIDAD AUTONOMA DE ANDALUCIA""","UTC+01","ES1654A","41088001","""ES1654A-SIERRA NORTE""","SPO-ES1654A_06001_102","PM2.5","-5.666870","37.994350","573.000000","","rural-remote","background","01/01/2011 00:00:00","","SPO_F-ES1654A_06001_102_102","0.0","","","","20.0","","","","","","","0","","","","","","","","","","","","","","","SPP-ES_N_gravi_00714","01/01/2011 00:00:00","","active","","","","","","","gravi","","","","","","","","","","","","",""
"Spain","ES.MAGRAMA.AQ","","NET-ES201A","""RED DE LA COMUNIDAD AUTONOMA DE ANDALUCIA""","UTC+01","ES1656A","23050003","""ES1656A-RONDA DEL VALLE""","SPO-ES1656A_06001_102","PM2.5","-3.781570","37.782550","480.000000","","urban","background","01/01/2009 00:00:00","","SPO_F-ES1656A_06001_102_102","0.0","","","","","","","","","","","0","","","","","","","","","","","","","","","SPP-ES_N_gravi_00000","01/01/2009 00:00:00","","active","","","","","other","","gravi","","","","","","","","","","","","",""
"Spain","ES.MAGRAMA.AQ","","NET-ES201A","""RED DE LA COMUNIDAD AUTONOMA DE ANDALUCIA""","UTC+01","ES1656A","23050003","""ES1656A-RONDA DEL VALLE""","SPO-ES1656A_06001_102","PM2.5","-3.781570","37.782550","480.000000","","urban","background","01/01/2009 00:00:00","","SPO_F-ES1656A_06001_102_102","0.0","","","","","","","","","","","0","","","","","","","","","","","","","","","SPP-ES_N_gravi_00714","01/01/2009 00:00:00","","active","","","","","","","gravi","","","","","","","","","","","","",""
"Spain","ES.MAGRAMA.AQ","","NET-ES201A","""RED DE LA COMUNIDAD AUTONOMA DE ANDALUCIA""","UTC+01","ES1657A","29069001","""ES1657A-MARBELLA""","SPO-ES1657A_06001_102","PM2.5","-4.979890","36.498170","39.000000","","suburban","background","01/01/2011 00:00:00","","SPO_F-ES1657A_06001_102_102","0.0","","","","","","","","","","","0","","","","","","","","","","","","","","","SPP-ES_N_gravi_00000","01/01/2011 00:00:00","","active","","","","","other","","gravi","","","","","","","","","","","","",""
"Spain","ES.MAGRAMA.AQ","","NET-ES201A","""RED DE LA COMUNIDAD AUTONOMA DE ANDALUCIA""","UTC+01","ES1657A","29069001","""ES1657A-MARBELLA""","SPO-ES1657A_06001_102","PM2.5","-4.979890","36.498170","39.000000","","suburban","background","01/01/2011 00:00:00","","SPO_F-ES1657A_06001_102_102","0.0","","","","","","","","","","","0","","","","","","","","","","","","","","","SPP-ES_N_gravi_00714","01/01/2011 00:00:00","","active","","","","","","","gravi","","","","","","","","","","","","",""
"Spain","ES.MAGRAMA.AQ","","NET-ES201A","""RED DE LA COMUNIDAD AUTONOMA DE ANDALUCIA""","UTC+01","ES1658A","21041017","""ES1658A-CAMPUS DEL CARMEN""","SPO-ES1658A_06001_102","PM2.5","-6.924620","37.271480","48.000000","","urban","industrial","01/01/2008 00:00:00","","SPO_F-ES1658A_06001_102_102","0.0","","","","10.0","","","","","","","0","","","","","","","","","","","","","","","SPP-ES_N_gravi_00000","01/01/2008 00:00:00","","active","","","","","other","","gravi","","","","","","","","","","","","",""
"Spain","ES.MAGRAMA.AQ","","NET-ES201A","""RED DE LA COMUNIDAD AUTONOMA DE ANDALUCIA""","UTC+01","ES1658A","21041017","""ES1658A-CAMPUS DEL CARMEN""","SPO-ES1658A_06001_102","PM2.5","-6.924620","37.271480","48.000000","","urban","industrial","01/01/2008 00:00:00","","SPO_F-ES1658A_06001_102_102","0.0","","","","10.0","","","","","","","0","","","","","","","","","","","","","","","SPP-ES_N_gravi_00714","01/01/2008 00:00:00","","active","","","","","","","gravi","","","","","","","","","","","","",""
"Spain","ES.MAGRAMA.AQ","","NET-ES209A","""RED DE LA COMUNIDAD AUTONOMA DE CATALUÑA""","UTC+01","ES1663A","8263006","""ES1663A-ESCOLA VERGE DEL ROCIO""","SPO-ES1663A_06001_102","PM2.5","2.003330","41.400830","30.000000","","suburban","industrial","02/03/2007 00:00:00","","SPO_F-ES1663A_06001_102_102","0.0","","","","","","","","","","","0","","","","","","","","","","","","","","","SPP-ES_N_gravi_00000","02/03/2007 00:00:00","","active","","","","","other","","gravi","","","","","","","","","","","","",""
"Spain","ES.MAGRAMA.AQ","","NET-ES209A","""RED DE LA COMUNIDAD AUTONOMA DE CATALUÑA""","UTC+01","ES1663A","8263006","""ES1663A-ESCOLA VERGE DEL ROCIO""","SPO-ES1663A_06001_102","PM2.5","2.003330","41.400830","30.000000","","suburban","industrial","02/03/2007 00:00:00","","SPO_F-ES1663A_06001_102_102","0.0","","","","","","","","","","","0","","","","","","","","","","","","","","","SPP-ES_N_gravi_00714","02/03/2007 00:00:00","","active","","","","","","","gravi","","","","","","","","","","","","",""
"Spain","ES.MAGRAMA.AQ","","NET-ES201A","""RED DE LA COMUNIDAD AUTONOMA DE ANDALUCIA""","UTC+01","ES1664A","11004007","""ES1664A-ALGECIRAS EPS""","SPO-ES1664A_06001_102","PM2.5","-5.453430","36.136230","24.000000","","urban","industrial","01/01/2010 00:00:00","","SPO_F-ES1664A_06001_102_102","0.0","","","","60.0","","","","","","","0","","","","","","","","","","","","","","","SPP-ES_N_gravi_00000","01/01/2010 00:00:00","","active","","","","","other","","gravi","","","","","","","","","","","","",""
"Spain","ES.MAGRAMA.AQ","","NET-ES201A","""RED DE LA COMUNIDAD AUTONOMA DE ANDALUCIA""","UTC+01","ES1664A","11004007","""ES1664A-ALGECIRAS EPS""","SPO-ES1664A_06001_102","PM2.5","-5.453430","36.136230","24.000000","","urban","industrial","01/01/2010 00:00:00","","SPO_F-ES1664A_06001_102_102","0.0","","","","60.0","","","","","","","0","","","","","","","","","","","","","","","SPP-ES_N_gravi_00714","01/01/2010 00:00:00","","active","","","","","","","gravi","","","","","","","","","","","","",""
"Spain","ES.MAGRAMA.AQ","","NET-ES210A","""RED DE LA COMUNIDAD AUTONOMA DE LA COMUNIDAD VALENCIANA""","UTC+01","ES1670A","46095001","""ES1670A-CAUDETE DE LAS FUENTES""","SPO-ES1670A_06001_100","PM2.5","-1.281390","39.558610","804.000000","","rural-nearcity","background","01/01/2005 00:00:00","","SPO_F-ES1670A_06001_100_100","0.0","","","","300.0","","","","","","","0","","","","","","","","","","","","","","","SPP-ES_A_DOAS_00000","01/01/2005 00:00:00","","remote","DOAS","","other","","","","","","","","","","","","","","","","",""
"Spain","ES.MAGRAMA.AQ","","NET-ES210A","""RED DE LA COMUNIDAD AUTONOMA DE LA COMUNIDAD VALENCIANA""","UTC+01","ES1670A","46095001","""ES1670A-CAUDETE DE LAS FUENTES""","SPO-ES1670A_06001_100","PM2.5","-1.281390","39.558610","804.000000","","rural-nearcity","background","01/01/2005 00:00:00","","SPO_F-ES1670A_06001_100_100","0.0","","","","300.0","","","","","","","0","","","","","","","","","","","","","","","SPP-ES_A_DOAS_03000","01/01/2005 00:00:00","","remote","DOAS","","","","","","","","","","","","","","","","","","",""
"Spain","ES.MAGRAMA.AQ","","NET-ES210A","""RED DE LA COMUNIDAD AUTONOMA DE LA COMUNIDAD VALENCIANA""","UTC+01","ES1670A","46095001","""ES1670A-CAUDETE DE LAS FUENTES""","SPO-ES1670A_06001_102","PM2.5","-1.281390","39.558610","804.000000","","rural-nearcity","background","03/02/2004 00:00:00","","SPO_F-ES1670A_06001_102_102","0.0","","","","300.0","","","","","","","0","","","","","","","","","","","","","","","SPP-ES_A_light-scat_00000","03/02/2004 00:00:00","","automatic","light-scat","","other","","","","","","","","","","","","","","","","",""
"Spain","ES.MAGRAMA.AQ","","NET-ES210A","""RED DE LA COMUNIDAD AUTONOMA DE LA COMUNIDAD VALENCIANA""","UTC+01","ES1670A","46095001","""ES1670A-CAUDETE DE LAS FUENTES""","SPO-ES1670A_06001_102","PM2.5","-1.281390","39.558610","804.000000","","rural-nearcity","background","03/02/2004 00:00:00","","SPO_F-ES1670A_06001_102_102","0.0","","","","300.0","","","","","","","0","","","","","","","","","","","","","","","SPP-ES_A_light-scat_52000","03/02/2004 00:00:00","","automatic","light-scat","","","","","","","","","","","","","","","","","","",""
"Spain","ES.MAGRAMA.AQ","","NET-ES210A","""RED DE LA COMUNIDAD AUTONOMA DE LA COMUNIDAD VALENCIANA""","UTC+01","ES1671A","46258001","""ES1671A-VILLAR DEL ARZOBISPO""","SPO-ES1671A_06001_100","PM2.5","-0.831940","39.708060","430.000000","","rural-nearcity","background","01/01/2005 00:00:00","","SPO_F-ES1671A_06001_100_100","0.0","","","","100.0","","","","","","","0","","","","","","","","","","","","","","","SPP-ES_A_DOAS_00000","01/01/2005 00:00:00","","remote","DOAS","","other","","","","","","","","","","","","","","","","",""
"Spain","ES.MAGRAMA.AQ","","NET-ES210A","""RED DE LA COMUNIDAD AUTONOMA DE LA COMUNIDAD VALENCIANA""","UTC+01","ES1671A","46258001","""ES1671A-VILLAR DEL ARZOBISPO""","SPO-ES1671A_06001_100","PM2.5","-0.831940","39.708060","430.000000","","rural-nearcity","background","01/01/2005 00:00:00","","SPO_F-ES1671A_06001_100_100","0.0","","","","100.0","","","","","","","0","","","","","","","","","","","","","","","SPP-ES_A_DOAS_03000","01/01/2005 00:00:00","","remote","DOAS","","","","","","","","","","","","","","","","","","",""
"Spain","ES.MAGRAMA.AQ","","NET-ES210A","""RED DE LA COMUNIDAD AUTONOMA DE LA COMUNIDAD VALENCIANA""","UTC+01","ES1671A","46258001","""ES1671A-VILLAR DEL ARZOBISPO""","SPO-ES1671A_06001_102","PM2.5","-0.831940","39.708060","430.000000","","rural-nearcity","background","01/03/2004 00:00:00","","SPO_F-ES1671A_06001_102_102","0.0","","","","100.0","","","","","","","0","","","","","","","","","","","","","","","SPP-ES_A_light-scat_00000","01/03/2004 00:00:00","","automatic","light-scat","","other","","","","","","","","","","","","","","","","",""
"Spain","ES.MAGRAMA.AQ","","NET-ES210A","""RED DE LA COMUNIDAD AUTONOMA DE LA COMUNIDAD VALENCIANA""","UTC+01","ES1671A","46258001","""ES1671A-VILLAR DEL ARZOBISPO""","SPO-ES1671A_06001_102","PM2.5","-0.831940","39.708060","430.000000","","rural-nearcity","background","01/03/2004 00:00:00","","SPO_F-ES1671A_06001_102_102","0.0","","","","100.0","","","","","","","0","","","","","","","","","","","","","","","SPP-ES_A_light-scat_52000","01/03/2004 00:00:00","","automatic","light-scat","","","","","","","","","","","","","","","","","","",""
"Spain","ES.MAGRAMA.AQ","","NET-ES216A","""RED DE LA COMUNIDAD AUTONOMA DEL PAIS VASCO""","UTC+01","ES1673A","1059012","""ES1673A-LOS HERRAN""","SPO-ES1673A_06001_100","PM2.5","-2.661390","42.843610","50.000000","","urban","traffic","01/01/2011 00:00:00","","SPO_F-ES1673A_06001_100_100","0.0","","","","","","","","","","","0","","","","","","","","","","","","","","","SPP-ES_A_BETA_00000","01/01/2011 00:00:00","","automatic","BETA","","other","","","","","","","","","","","","","","","","",""
"Spain","ES.MAGRAMA.AQ","","NET-ES216A","""RED DE LA COMUNIDAD AUTONOMA DEL PAIS VASCO""","UTC+01","ES1673A","1059012","""ES1673A-LOS HERRAN""","SPO-ES1673A_06001_100","PM2.5","-2.661390","42.843610","50.000000","","urban","traffic","01/01/2011 00:00:00","","SPO_F-ES1673A_06001_100_100","0.0","","","","","","","","","","","0","","","","","","","","","","","","","","","SPP-ES_A_BETA_01000","01/01/2011 00:00:00","","automatic","BETA","","","","","","","","","","","","","","","","","","",""
"Spain","ES.MAGRAMA.AQ","","NET-ES210A","""RED DE LA COMUNIDAD AUTONOMA DE LA COMUNIDAD VALENCIANA""","UTC+01","ES1675A","3031002","""ES1675A-BENIDORM""","SPO-ES1675A_06001_100","PM2.5","-0.146670","38.571390","44.000000","","suburban","background","01/01/2009 00:00:00","","SPO_F-ES1675A_06001_100_100","0.0","","","","2.0","","","","","","","0","","","","","","","","","","","","","","","SPP-ES_A_light-scat_00000","01/01/2009 00:00:00","","automatic","light-scat","","other","","","","","","","","","","","","","","","","",""
"Spain","ES.MAGRAMA.AQ","","NET-ES210A","""RED DE LA COMUNIDAD AUTONOMA DE LA COMUNIDAD VALENCIANA""","UTC+01","ES1675A","3031002","""ES1675A-BENIDORM""","SPO-ES1675A_06001_100","PM2.5","-0.146670","38.571390","44.000000","","suburban","background","01/01/2009 00:00:00","","SPO_F-ES1675A_06001_100_100","0.0","","","","2.0","","","","","","","0","","","","","","","","","","","","","","","SPP-ES_A_light-scat_52000","01/01/2009 00:00:00","","automatic","light-scat","","","","","","","","","","","","","","","","","","",""
"Spain","ES.MAGRAMA.AQ","","NET-ES210A","""RED DE LA COMUNIDAD AUTONOMA DE LA COMUNIDAD VALENCIANA""","UTC+01","ES1676A","3089001","""ES1676A-MONOVER""","SPO-ES1676A_06001_100","PM2.5","-0.831110","38.446950","398.000000","","suburban","industrial","01/01/2005 00:00:00","","SPO_F-ES1676A_06001_100_100","0.0","","","","100.0","","","","","","","0","","","","","","","","","","","","","","","SPP-ES_A_DOAS_00000","01/01/2005 00:00:00","","remote","DOAS","","other","","","","","","","","","","","","","","","","",""
"Spain","ES.MAGRAMA.AQ","","NET-ES210A","""RED DE LA COMUNIDAD AUTONOMA DE LA COMUNIDAD VALENCIANA""","UTC+01","ES1676A","3089001","""ES1676A-MONOVER""","SPO-ES1676A_06001_100","PM2.5","-0.831110","38.446950","398.000000","","suburban","industrial","01/01/2005 00:00:00","","SPO_F-ES1676A_06001_100_100","0.0","","","","100.0","","","","","","","0","","","","","","","","","","","","","","","SPP-ES_A_DOAS_03000","01/01/2005 00:00:00","","remote","DOAS","","","","","","","","","","","","","","","","","","",""
"Spain","ES.MAGRAMA.AQ","","NET-ES210A","""RED DE LA COMUNIDAD AUTONOMA DE LA COMUNIDAD VALENCIANA""","UTC+01","ES1676A","3089001","""ES1676A-MONOVER""","SPO-ES1676A_06001_101","PM2.5","-0.831110","38.446950","398.000000","","suburban","industrial","01/05/2004 00:00:00","23/02/2009 00:00:00","SPO_F-ES1676A_06001_101_101","0.0","","","","100.0","","","","","","","0","","","","","","","","","","","","","","","SPP-ES_N_gravi_00000","01/05/2004 00:00:00","23/02/2009 00:00:00","active","","","","","other","","gravi","","","","","","","","","","","","",""
"Spain","ES.MAGRAMA.AQ","","NET-ES210A","""RED DE LA COMUNIDAD AUTONOMA DE LA COMUNIDAD VALENCIANA""","UTC+01","ES1676A","3089001","""ES1676A-MONOVER""","SPO-ES1676A_06001_101","PM2.5","-0.831110","38.446950","398.000000","","suburban","industrial","01/05/2004 00:00:00","23/02/2009 00:00:00","SPO_F-ES1676A_06001_101_101","0.0","","","","100.0","","","","","","","0","","","","","","","","","","","","","","","SPP-ES_N_gravi_00714","01/05/2004 00:00:00","23/02/2009 00:00:00","active","","","","","","","gravi","","","","","","","","","","","","",""
"Spain","ES.MAGRAMA.AQ","","NET-ES210A","""RED DE LA COMUNIDAD AUTONOMA DE LA COMUNIDAD VALENCIANA""","UTC+01","ES1676A","3089001","""ES1676A-MONOVER""","SPO-ES1676A_06001_102","PM2.5","-0.831110","38.446950","398.000000","","suburban","industrial","01/05/2004 00:00:00","","SPO_F-ES1676A_06001_102_102","0.0","","","","100.0","","","","","","","0","","","","","","","","","","","","","","","SPP-ES_N_gravi_00000","01/05/2004 00:00:00","","active","","","","","other","","gravi","","","","","","","","","","","","",""
"Spain","ES.MAGRAMA.AQ","","NET-ES210A","""RED DE LA COMUNIDAD AUTONOMA DE LA COMUNIDAD VALENCIANA""","UTC+01","ES1676A","3089001","""ES1676A-MONOVER""","SPO-ES1676A_06001_102","PM2.5","-0.831110","38.446950","398.000000","","suburban","industrial","01/05/2004 00:00:00","","SPO_F-ES1676A_06001_102_102","0.0","","","","100.0","","","","","","","0","","","","","","","","","","","","","","","SPP-ES_N_gravi_00714","01/05/2004 00:00:00","","active","","","","","","","gravi","","","","","","","","","","","","",""
"Spain","ES.MAGRAMA.AQ","","NET-ES210A","""RED DE LA COMUNIDAD AUTONOMA DE LA COMUNIDAD VALENCIANA""","UTC+01","ES1677A","3099002","""ES1677A-ORIHUELA""","SPO-ES1677A_06001_100","PM2.5","-0.852780","38.084720","32.000000","","suburban","background","01/01/2005 00:00:00","","SPO_F-ES1677A_06001_100_100","0.0","","","","300.0","","","","","","","0","","","","","","","","","","","","","","","SPP-ES_A_DOAS_00000","01/01/2005 00:00:00","","remote","DOAS","","other","","","","","","","","","","","","","","","","",""
"Spain","ES.MAGRAMA.AQ","","NET-ES210A","""RED DE LA COMUNIDAD AUTONOMA DE LA COMUNIDAD VALENCIANA""","UTC+01","ES1677A","3099002","""ES1677A-ORIHUELA""","SPO-ES1677A_06001_100","PM2.5","-0.852780","38.084720","32.000000","","suburban","background","01/01/2005 00:00:00","","SPO_F-ES1677A_06001_100_100","0.0","","","","300.0","","","","","","","0","","","","","","","","","","","","","","","SPP-ES_A_DOAS_03000","01/01/2005 00:00:00","","remote","DOAS","","","","","","","","","","","","","","","","","","",""
"Spain","ES.MAGRAMA.AQ","","NET-ES210A","""RED DE LA COMUNIDAD AUTONOMA DE LA COMUNIDAD VALENCIANA""","UTC+01","ES1677A","3099002","""ES1677A-ORIHUELA""","SPO-ES1677A_06001_101","PM2.5","-0.852780","38.084720","32.000000","","suburban","background","01/03/2004 00:00:00","","SPO_F-ES1677A_06001_101_101","0.0","","","","300.0","","","","","","","0","","","","","","","","","","","","","","","SPP-ES_N_gravi_00000","01/03/2004 00:00:00","","active","","","","","other","","gravi","","","","","","","","","","","","",""
"Spain","ES.MAGRAMA.AQ","","NET-ES210A","""RED DE LA COMUNIDAD AUTONOMA DE LA COMUNIDAD VALENCIANA""","UTC+01","ES1677A","3099002","""ES1677A-ORIHUELA""","SPO-ES1677A_06001_101","PM2.5","-0.852780","38.084720","32.000000","","suburban","background","01/03/2004 00:00:00","","SPO_F-ES1677A_06001_101_101","0.0","","","","300.0","","","","","","","0","","","","","","","","","","","","","","","SPP-ES_N_gravi_00714","01/03/2004 00:00:00","","active","","","","","","","gravi","","","","","","","","","","","","",""
"Spain","ES.MAGRAMA.AQ","","NET-ES210A","""RED DE LA COMUNIDAD AUTONOMA DE LA COMUNIDAD VALENCIANA""","UTC+01","ES1677A","3099002","""ES1677A-ORIHUELA""","SPO-ES1677A_06001_102","PM2.5","-0.852780","38.084720","32.000000","","suburban","background","01/03/2004 00:00:00","","SPO_F-ES1677A_06001_102_102","0.0","","","","300.0","","","","","","","0","","","","","","","","","","","","","","","SPP-ES_N_gravi_00000","01/03/2004 00:00:00","","active","","","","","other","","gravi","","","","","","","","","","","","",""
"Spain","ES.MAGRAMA.AQ","","NET-ES210A","""RED DE LA COMUNIDAD AUTONOMA DE LA COMUNIDAD VALENCIANA""","UTC+01","ES1677A","3099002","""ES1677A-ORIHUELA""","SPO-ES1677A_06001_102","PM2.5","-0.852780","38.084720","32.000000","","suburban","background","01/03/2004 00:00:00","","SPO_F-ES1677A_06001_102_102","0.0","","","","300.0","","","","","","","0","","","","","","","","","","","","","","","SPP-ES_N_gravi_00714","01/03/2004 00:00:00","","active","","","","","","","gravi","","","","","","","","","","","","",""
"Spain","ES.MAGRAMA.AQ","","NET-ES209A","""RED DE LA COMUNIDAD AUTONOMA DE CATALUÑA""","UTC+01","ES1680A","8033004","""ES1680A-AJUNTAMENT""","SPO-ES1680A_06001_102","PM2.5","2.162350","41.634660","135.000000","","urban","background","01/01/2010 00:00:00","","SPO_F-ES1680A_06001_102_102","0.0","","","","","","","","","","","0","","","","","","","","","","","","","","","SPP-ES_N_gravi_00000","01/01/2010 00:00:00","","active","","","","","other","","gravi","","","","","","","","","","","","",""
"Spain","ES.MAGRAMA.AQ","","NET-ES209A","""RED DE LA COMUNIDAD AUTONOMA DE CATALUÑA""","UTC+01","ES1680A","8033004","""ES1680A-AJUNTAMENT""","SPO-ES1680A_06001_102","PM2.5","2.162350","41.634660","135.000000","","urban","background","01/01/2010 00:00:00","","SPO_F-ES1680A_06001_102_102","0.0","","","","","","","","","","","0","","","","","","","","","","","","","","","SPP-ES_N_gravi_00714","01/01/2010 00:00:00","","active","","","","","","","gravi","","","","","","","","","","","","",""
"Spain","ES.MAGRAMA.AQ","","NET-ES209A","""RED DE LA COMUNIDAD AUTONOMA DE CATALUÑA""","UTC+01","ES1684A","8184006","""ES1684A-BF-RUBÍ (CA N'ORIOL)""","SPO-ES1684A_06001_102","PM2.5","2.043610","41.493330","200.000000","","urban","background","09/03/2007 00:00:00","","SPO_F-ES1684A_06001_102_102","0.0","","","","","","","","","","","0","","","","","","","","","","","","","","","SPP-ES_N_gravi_00000","09/03/2007 00:00:00","","active","","","","","other","","gravi","","","","","","","","","","","","",""
"Spain","ES.MAGRAMA.AQ","","NET-ES209A","""RED DE LA COMUNIDAD AUTONOMA DE CATALUÑA""","UTC+01","ES1684A","8184006","""ES1684A-BF-RUBÍ (CA N'ORIOL)""","SPO-ES1684A_06001_102","PM2.5","2.043610","41.493330","200.000000","","urban","background","09/03/2007 00:00:00","","SPO_F-ES1684A_06001_102_102","0.0","","","","","","","","","","","0","","","","","","","","","","","","","","","SPP-ES_N_gravi_00714","09/03/2007 00:00:00","","active","","","","","","","gravi","","","","","","","","","","","","",""
"Spain","ES.MAGRAMA.AQ","","NET-ES210A","""RED DE LA COMUNIDAD AUTONOMA DE LA COMUNIDAD VALENCIANA""","UTC+01","ES1685A","12005005","""ES1685A-ALCORA""","SPO-ES1685A_06001_100","PM2.5","-0.189720","40.051940","160.000000","","urban","industrial","01/01/2004 00:00:00","","SPO_F-ES1685A_06001_100_100","0.0","","","","","","","","","","","0","","","","","","","","","","","","","","","SPP-ES_A_BETA_00000","01/01/2004 00:00:00","","automatic","BETA","","other","","","","","","","","","","","","","","","","",""
"Spain","ES.MAGRAMA.AQ","","NET-ES210A","""RED DE LA COMUNIDAD AUTONOMA DE LA COMUNIDAD VALENCIANA""","UTC+01","ES1685A","12005005","""ES1685A-ALCORA""","SPO-ES1685A_06001_100","PM2.5","-0.189720","40.051940","160.000000","","urban","industrial","01/01/2004 00:00:00","","SPO_F-ES1685A_06001_100_100","0.0","","","","","","","","","","","0","","","","","","","","","","","","","","","SPP-ES_A_BETA_01000","01/01/2004 00:00:00","","automatic","BETA","","","","","","","","","","","","","","","","","","",""
"Spain","ES.MAGRAMA.AQ","","NET-ES210A","""RED DE LA COMUNIDAD AUTONOMA DE LA COMUNIDAD VALENCIANA""","UTC+01","ES1686A","12009005","""ES1686A-ALMASSORA""","SPO-ES1686A_06001_100","PM2.5","-0.056670","39.932220","56.000000","","suburban","background","01/01/2004 00:00:00","","SPO_F-ES1686A_06001_100_100","0.0","","","","","","","","","","","0","","","","","","","","","","","","","","","SPP-ES_A_BETA_00000","01/01/2004 00:00:00","","automatic","BETA","","other","","","","","","","","","","","","","","","","",""
"Spain","ES.MAGRAMA.AQ","","NET-ES210A","""RED DE LA COMUNIDAD AUTONOMA DE LA COMUNIDAD VALENCIANA""","UTC+01","ES1686A","12009005","""ES1686A-ALMASSORA""","SPO-ES1686A_06001_100","PM2.5","-0.056670","39.932220","56.000000","","suburban","background","01/01/2004 00:00:00","","SPO_F-ES1686A_06001_100_100","0.0","","","","","","","","","","","0","","","","","","","","","","","","","","","SPP-ES_A_BETA_01000","01/01/2004 00:00:00","","automatic","BETA","","","","","","","","","","","","","","","","","","",""
"Spain","ES.MAGRAMA.AQ","","NET-ES210A","""RED DE LA COMUNIDAD AUTONOMA DE LA COMUNIDAD VALENCIANA""","UTC+01","ES1686A","12009005","""ES1686A-ALMASSORA""","SPO-ES1686A_06001_500","PM2.5","-0.056670","39.932220","56.000000","","suburban","background","17/04/2003 00:00:00","","SPO_F-ES1686A_06001_500_500","0.0","","","","","","","","","","","0","","","","","","","","","","","","","","","SPP-ES_N_00501_00000","17/04/2003 00:00:00","","active","","","","","other","","other","","","","","","","","","","","","",""
"Spain","ES.MAGRAMA.AQ","","NET-ES210A","""RED DE LA COMUNIDAD AUTONOMA DE LA COMUNIDAD VALENCIANA""","UTC+01","ES1686A","12009005","""ES1686A-ALMASSORA""","SPO-ES1686A_06001_500","PM2.5","-0.056670","39.932220","56.000000","","suburban","background","17/04/2003 00:00:00","","SPO_F-ES1686A_06001_500_500","0.0","","","","","","","","","","","0","","","","","","","","","","","","","","","SPP-ES_N_0293002930","17/04/2003 00:00:00","","active","","","","","","","other","","","","","","","","","","","","",""
"Spain","ES.MAGRAMA.AQ","","NET-ES210A","""RED DE LA COMUNIDAD AUTONOMA DE LA COMUNIDAD VALENCIANA""","UTC+01","ES1687A","12028001","""ES1687A-BENICASSIM""","SPO-ES1687A_06001_100","PM2.5","0.072780","40.062220","50.000000","","suburban","industrial","01/01/2004 00:00:00","","SPO_F-ES1687A_06001_100_100","0.0","","","","","","","","","","","0","","","","","","","","","","","","","","","SPP-ES_A_BETA_00000","01/01/2004 00:00:00","","automatic","BETA","","other","","","","","","","","","","","","","","","","",""
"Spain","ES.MAGRAMA.AQ","","NET-ES210A","""RED DE LA COMUNIDAD AUTONOMA DE LA COMUNIDAD VALENCIANA""","UTC+01","ES1687A","12028001","""ES1687A-BENICASSIM""","SPO-ES1687A_06001_100","PM2.5","0.072780","40.062220","50.000000","","suburban","industrial","01/01/2004 00:00:00","","SPO_F-ES1687A_06001_100_100","0.0","","","","","","","","","","","0","","","","","","","","","","","","","","","SPP-ES_A_BETA_01000","01/01/2004 00:00:00","","automatic","BETA","","","","","","","","","","","","","","","","","","",""
"Spain","ES.MAGRAMA.AQ","","NET-ES210A","""RED DE LA COMUNIDAD AUTONOMA DE LA COMUNIDAD VALENCIANA""","UTC+01","ES1687A","12028001","""ES1687A-BENICASSIM""","SPO-ES1687A_06001_500","PM2.5","0.072780","40.062220","50.000000","","suburban","industrial","17/04/2003 00:00:00","","SPO_F-ES1687A_06001_500_500","0.0","","","","","","","","","","","0","","","","","","","","","","","","","","","SPP-ES_A_light-scat_00000","17/04/2003 00:00:00","","automatic","light-scat","","other","","","","","","","","","","","","","","","","",""
"Spain","ES.MAGRAMA.AQ","","NET-ES210A","""RED DE LA COMUNIDAD AUTONOMA DE LA COMUNIDAD VALENCIANA""","UTC+01","ES1687A","12028001","""ES1687A-BENICASSIM""","SPO-ES1687A_06001_500","PM2.5","0.072780","40.062220","50.000000","","suburban","industrial","17/04/2003 00:00:00","","SPO_F-ES1687A_06001_500_500","0.0","","","","","","","","","","","0","","","","","","","","","","","","","","","SPP-ES_A_light-scat_52000","17/04/2003 00:00:00","","automatic","light-scat","","","","","","","","","","","","","","","","","","",""
"Spain","ES.MAGRAMA.AQ","","NET-ES210A","""RED DE LA COMUNIDAD AUTONOMA DE LA COMUNIDAD VALENCIANA""","UTC+01","ES1688A","12032001","""ES1688A-BURRIANA""","SPO-ES1688A_06001_100","PM2.5","-0.065000","39.892220","37.000000","","rural-nearcity","industrial","01/01/2004 00:00:00","01/01/2011 00:00:00","SPO_F-ES1688A_06001_100_100","0.0","","","","","","","","","","","0","","","","","","","","","","","","","","","SPP-ES_A_BETA_00000","01/01/2004 00:00:00","01/01/2011 00:00:00","automatic","BETA","","other","","","","","","","","","","","","","","","","",""
"Spain","ES.MAGRAMA.AQ","","NET-ES210A","""RED DE LA COMUNIDAD AUTONOMA DE LA COMUNIDAD VALENCIANA""","UTC+01","ES1688A","12032001","""ES1688A-BURRIANA""","SPO-ES1688A_06001_100","PM2.5","-0.065000","39.892220","37.000000","","rural-nearcity","industrial","01/01/2004 00:00:00","01/01/2011 00:00:00","SPO_F-ES1688A_06001_100_100","0.0","","","","","","","","","","","0","","","","","","","","","","","","","","","SPP-ES_A_BETA_01000","01/01/2004 00:00:00","01/01/2011 00:00:00","automatic","BETA","","","","","","","","","","","","","","","","","","",""
"Spain","ES.MAGRAMA.AQ","","NET-ES210A","""RED DE LA COMUNIDAD AUTONOMA DE LA COMUNIDAD VALENCIANA""","UTC+01","ES1688A","12032001","""ES1688A-BURRIANA""","SPO-ES1688A_06001_101","PM2.5","-0.065000","39.892220","37.000000","","rural-nearcity","industrial","01/01/2011 00:00:00","","SPO_F-ES1688A_06001_101_101","0.0","","","","","","","","","","","0","","","","","","","","","","","","","","","SPP-ES_A_light-scat_00000","01/01/2011 00:00:00","","automatic","light-scat","","other","","","","","","","","","","","","","","","","",""
"Spain","ES.MAGRAMA.AQ","","NET-ES210A","""RED DE LA COMUNIDAD AUTONOMA DE LA COMUNIDAD VALENCIANA""","UTC+01","ES1688A","12032001","""ES1688A-BURRIANA""","SPO-ES1688A_06001_101","PM2.5","-0.065000","39.892220","37.000000","","rural-nearcity","industrial","01/01/2011 00:00:00","","SPO_F-ES1688A_06001_101_101","0.0","","","","","","","","","","","0","","","","","","","","","","","","","","","SPP-ES_A_light-scat_52000","01/01/2011 00:00:00","","automatic","light-scat","","","","","","","","","","","","","","","","","","",""
"Spain","ES.MAGRAMA.AQ","","NET-ES210A","""RED DE LA COMUNIDAD AUTONOMA DE LA COMUNIDAD VALENCIANA""","UTC+01","ES1689A","12046001","""ES1689A-CIRAT""","SPO-ES1689A_06001_100","PM2.5","-0.468330","40.054170","466.000000","","rural-nearcity","background","13/10/2005 00:00:00","","SPO_F-ES1689A_06001_100_100","0.0","","","","100.0","","","","","","","0","","","","","","","","","","","","","","","SPP-ES_A_DOAS_00000","13/10/2005 00:00:00","","remote","DOAS","","other","","","","","","","","","","","","","","","","",""
"Spain","ES.MAGRAMA.AQ","","NET-ES210A","""RED DE LA COMUNIDAD AUTONOMA DE LA COMUNIDAD VALENCIANA""","UTC+01","ES1689A","12046001","""ES1689A-CIRAT""","SPO-ES1689A_06001_100","PM2.5","-0.468330","40.054170","466.000000","","rural-nearcity","background","13/10/2005 00:00:00","","SPO_F-ES1689A_06001_100_100","0.0","","","","100.0","","","","","","","0","","","","","","","","","","","","","","","SPP-ES_A_DOAS_03000","13/10/2005 00:00:00","","remote","DOAS","","","","","","","","","","","","","","","","","","",""
"Spain","ES.MAGRAMA.AQ","","NET-ES210A","""RED DE LA COMUNIDAD AUTONOMA DE LA COMUNIDAD VALENCIANA""","UTC+01","ES1689A","12046001","""ES1689A-CIRAT""","SPO-ES1689A_06001_101","PM2.5","-0.468330","40.054170","466.000000","","rural-nearcity","background","01/03/2004 00:00:00","","SPO_F-ES1689A_06001_101_101","0.0","","","","100.0","","","","","","","0","","","","","","","","","","","","","","","SPP-ES_N_gravi_00000","01/03/2004 00:00:00","","active","","","","","other","","gravi","","","","","","","","","","","","",""
"Spain","ES.MAGRAMA.AQ","","NET-ES210A","""RED DE LA COMUNIDAD AUTONOMA DE LA COMUNIDAD VALENCIANA""","UTC+01","ES1689A","12046001","""ES1689A-CIRAT""","SPO-ES1689A_06001_101","PM2.5","-0.468330","40.054170","466.000000","","rural-nearcity","background","01/03/2004 00:00:00","","SPO_F-ES1689A_06001_101_101","0.0","","","","100.0","","","","","","","0","","","","","","","","","","","","","","","SPP-ES_N_gravi_00714","01/03/2004 00:00:00","","active","","","","","","","gravi","","","","","","","","","","","","",""
"Spain","ES.MAGRAMA.AQ","","NET-ES210A","""RED DE LA COMUNIDAD AUTONOMA DE LA COMUNIDAD VALENCIANA""","UTC+01","ES1689A","12046001","""ES1689A-CIRAT""","SPO-ES1689A_06001_102","PM2.5","-0.468330","40.054170","466.000000","","rural-nearcity","background","01/03/2004 00:00:00","","SPO_F-ES1689A_06001_102_102","0.0","","","","100.0","","","","","","","0","","","","","","","","","","","","","","","SPP-ES_N_gravi_00000","01/03/2004 00:00:00","","active","","","","","other","","gravi","","","","","","","","","","","","",""
"Spain","ES.MAGRAMA.AQ","","NET-ES210A","""RED DE LA COMUNIDAD AUTONOMA DE LA COMUNIDAD VALENCIANA""","UTC+01","ES1689A","12046001","""ES1689A-CIRAT""","SPO-ES1689A_06001_102","PM2.5","-0.468330","40.054170","466.000000","","rural-nearcity","background","01/03/2004 00:00:00","","SPO_F-ES1689A_06001_102_102","0.0","","","","100.0","","","","","","","0","","","","","","","","","","","","","","","SPP-ES_N_gravi_00714","01/03/2004 00:00:00","","active","","","","","","","gravi","","","","","","","","","","","","",""
"Spain","ES.MAGRAMA.AQ","","NET-ES210A","""RED DE LA COMUNIDAD AUTONOMA DE LA COMUNIDAD VALENCIANA""","UTC+01","ES1690A","12120001","""ES1690A-TORRE ENDOMENECH""","SPO-ES1690A_06001_100","PM2.5","-0.078890","40.269440","259.000000","","rural-regional","background","04/10/2005 00:00:00","","SPO_F-ES1690A_06001_100_100","0.0","","","","30.0","","","","","","","0","","","","","","","","","","","","","","","SPP-ES_A_DOAS_00000","04/10/2005 00:00:00","","remote","DOAS","","other","","","","","","","","","","","","","","","","",""
"Spain","ES.MAGRAMA.AQ","","NET-ES210A","""RED DE LA COMUNIDAD AUTONOMA DE LA COMUNIDAD VALENCIANA""","UTC+01","ES1690A","12120001","""ES1690A-TORRE ENDOMENECH""","SPO-ES1690A_06001_100","PM2.5","-0.078890","40.269440","259.000000","","rural-regional","background","04/10/2005 00:00:00","","SPO_F-ES1690A_06001_100_100","0.0","","","","30.0","","","","","","","0","","","","","","","","","","","","","","","SPP-ES_A_DOAS_03000","04/10/2005 00:00:00","","remote","DOAS","","","","","","","","","","","","","","","","","","",""
"Spain","ES.MAGRAMA.AQ","","NET-ES210A","""RED DE LA COMUNIDAD AUTONOMA DE LA COMUNIDAD VALENCIANA""","UTC+01","ES1690A","12120001","""ES1690A-TORRE ENDOMENECH""","SPO-ES1690A_06001_101","PM2.5","-0.078890","40.269440","259.000000","","rural-regional","background","01/02/2004 00:00:00","","SPO_F-ES1690A_06001_101_101","0.0","","","","30.0","","","","","","","0","","","","","","","","","","","","","","","SPP-ES_N_gravi_00000","01/02/2004 00:00:00","","active","","","","","other","","gravi","","","","","","","","","","","","",""
"Spain","ES.MAGRAMA.AQ","","NET-ES210A","""RED DE LA COMUNIDAD AUTONOMA DE LA COMUNIDAD VALENCIANA""","UTC+01","ES1690A","12120001","""ES1690A-TORRE ENDOMENECH""","SPO-ES1690A_06001_101","PM2.5","-0.078890","40.269440","259.000000","","rural-regional","background","01/02/2004 00:00:00","","SPO_F-ES1690A_06001_101_101","0.0","","","","30.0","","","","","","","0","","","","","","","","","","","","","","","SPP-ES_N_gravi_00714","01/02/2004 00:00:00","","active","","","","","","","gravi","","","","","","","","","","","","",""
"Spain","ES.MAGRAMA.AQ","","NET-ES210A","""RED DE LA COMUNIDAD AUTONOMA DE LA COMUNIDAD VALENCIANA""","UTC+01","ES1690A","12120001","""ES1690A-TORRE ENDOMENECH""","SPO-ES1690A_06001_102","PM2.5","-0.078890","40.269440","259.000000","","rural-regional","background","01/02/2004 00:00:00","","SPO_F-ES1690A_06001_102_102","0.0","","","","30.0","","","","","","","0","","","","","","","","","","","","","","","SPP-ES_N_gravi_00000","01/02/2004 00:00:00","","active","","","","","other","","gravi","","","","","","","","","","","","",""
"Spain","ES.MAGRAMA.AQ","","NET-ES210A","""RED DE LA COMUNIDAD AUTONOMA DE LA COMUNIDAD VALENCIANA""","UTC+01","ES1690A","12120001","""ES1690A-TORRE ENDOMENECH""","SPO-ES1690A_06001_102","PM2.5","-0.078890","40.269440","259.000000","","rural-regional","background","01/02/2004 00:00:00","","SPO_F-ES1690A_06001_102_102","0.0","","","","30.0","","","","","","","0","","","","","","","","","","","","","","","SPP-ES_N_gravi_00714","01/02/2004 00:00:00","","active","","","","","","","gravi","","","","","","","","","","","","",""
"Spain","ES.MAGRAMA.AQ","","NET-ES210A","""RED DE LA COMUNIDAD AUTONOMA DE LA COMUNIDAD VALENCIANA""","UTC+01","ES1691A","12140002","""ES1691A-VIVER""","SPO-ES1691A_06001_100","PM2.5","-0.603330","39.930560","616.000000","","suburban","background","21/07/2005 00:00:00","30/06/2007 00:00:00","SPO_F-ES1691A_06001_100_100","0.0","","","","100.0","","","","","","","0","","","","","","","","","","","","","","","SPP-ES_A_DOAS_00000","21/07/2005 00:00:00","30/06/2007 00:00:00","remote","DOAS","","other","","","","","","","","","","","","","","","","",""
"Spain","ES.MAGRAMA.AQ","","NET-ES210A","""RED DE LA COMUNIDAD AUTONOMA DE LA COMUNIDAD VALENCIANA""","UTC+01","ES1691A","12140002","""ES1691A-VIVER""","SPO-ES1691A_06001_100","PM2.5","-0.603330","39.930560","616.000000","","suburban","background","21/07/2005 00:00:00","30/06/2007 00:00:00","SPO_F-ES1691A_06001_100_100","0.0","","","","100.0","","","","","","","0","","","","","","","","","","","","","","","SPP-ES_A_DOAS_03000","21/07/2005 00:00:00","30/06/2007 00:00:00","remote","DOAS","","","","","","","","","","","","","","","","","","",""
"Spain","ES.MAGRAMA.AQ","","NET-ES210A","""RED DE LA COMUNIDAD AUTONOMA DE LA COMUNIDAD VALENCIANA""","UTC+01","ES1691A","12140002","""ES1691A-VIVER""","SPO-ES1691A_06001_101","PM2.5","-0.603330","39.930560","616.000000","","suburban","background","01/01/2009 00:00:00","","SPO_F-ES1691A_06001_101_101","0.0","","","","100.0","","","","","","","0","","","","","","","","","","","","","","","SPP-ES_A_BETA_00000","01/01/2009 00:00:00","","automatic","BETA","","other","","","","","","","","","","","","","","","","",""
"Spain","ES.MAGRAMA.AQ","","NET-ES210A","""RED DE LA COMUNIDAD AUTONOMA DE LA COMUNIDAD VALENCIANA""","UTC+01","ES1691A","12140002","""ES1691A-VIVER""","SPO-ES1691A_06001_101","PM2.5","-0.603330","39.930560","616.000000","","suburban","background","01/01/2009 00:00:00","","SPO_F-ES1691A_06001_101_101","0.0","","","","100.0","","","","","","","0","","","","","","","","","","","","","","","SPP-ES_A_BETA_01000","01/01/2009 00:00:00","","automatic","BETA","","","","","","","","","","","","","","","","","","",""
"Spain","ES.MAGRAMA.AQ","","NET-ES210A","""RED DE LA COMUNIDAD AUTONOMA DE LA COMUNIDAD VALENCIANA""","UTC+01","ES1691A","12140002","""ES1691A-VIVER""","SPO-ES1691A_06001_102","PM2.5","-0.603330","39.930560","616.000000","","suburban","background","01/01/2004 00:00:00","","SPO_F-ES1691A_06001_102_102","0.0","","","","100.0","","","","","","","0","","","","","","","","","","","","","","","SPP-ES_A_light-scat_00000","01/01/2004 00:00:00","","automatic","light-scat","","other","","","","","","","","","","","","","","","","",""
"Spain","ES.MAGRAMA.AQ","","NET-ES210A","""RED DE LA COMUNIDAD AUTONOMA DE LA COMUNIDAD VALENCIANA""","UTC+01","ES1691A","12140002","""ES1691A-VIVER""","SPO-ES1691A_06001_102","PM2.5","-0.603330","39.930560","616.000000","","suburban","background","01/01/2004 00:00:00","","SPO_F-ES1691A_06001_102_102","0.0","","","","100.0","","","","","","","0","","","","","","","","","","","","","","","SPP-ES_A_light-scat_52000","01/01/2004 00:00:00","","automatic","light-scat","","","","","","","","","","","","","","","","","","",""
"Spain","ES.MAGRAMA.AQ","","NET-ES216A","""RED DE LA COMUNIDAD AUTONOMA DEL PAIS VASCO""","UTC+01","ES1697A","20069005","""ES1697A-AVENIDA TOLOSA""","SPO-ES1697A_06001_101","PM2.5","-2.011110","43.309440","3.000000","","urban","traffic","01/01/2012 00:00:00","","SPO_F-ES1697A_06001_101_101","0.0","","","","","","","","","","","0","","","","","","","","","","","","","","","SPP-ES_A_BETA_00000","01/01/2012 00:00:00","","automatic","BETA","","other","","","","","","","","","","","","","","","","",""
"Spain","ES.MAGRAMA.AQ","","NET-ES216A","""RED DE LA COMUNIDAD AUTONOMA DEL PAIS VASCO""","UTC+01","ES1697A","20069005","""ES1697A-AVENIDA TOLOSA""","SPO-ES1697A_06001_101","PM2.5","-2.011110","43.309440","3.000000","","urban","traffic","01/01/2012 00:00:00","","SPO_F-ES1697A_06001_101_101","0.0","","","","","","","","","","","0","","","","","","","","","","","","","","","SPP-ES_A_BETA_01000","01/01/2012 00:00:00","","automatic","BETA","","","","","","","","","","","","","","","","","","",""
"Spain","ES.MAGRAMA.AQ","","NET-ES216A","""RED DE LA COMUNIDAD AUTONOMA DEL PAIS VASCO""","UTC+01","ES1697A","20069005","""ES1697A-AVENIDA TOLOSA""","SPO-ES1697A_06001_102","PM2.5","-2.011110","43.309440","3.000000","","urban","traffic","01/01/2009 00:00:00","","SPO_F-ES1697A_06001_102_102","0.0","","","","","","","","","","","0","","","","","","","","","","","","","","","SPP-ES_N_gravi_00000","01/01/2009 00:00:00","","active","","","","","other","","gravi","","","","","","","","","","","","",""
"Spain","ES.MAGRAMA.AQ","","NET-ES216A","""RED DE LA COMUNIDAD AUTONOMA DEL PAIS VASCO""","UTC+01","ES1697A","20069005","""ES1697A-AVENIDA TOLOSA""","SPO-ES1697A_06001_102","PM2.5","-2.011110","43.309440","3.000000","","urban","traffic","01/01/2009 00:00:00","","SPO_F-ES1697A_06001_102_102","0.0","","","","","","","","","","","0","","","","","","","","","","","","","","","SPP-ES_N_gravi_00714","01/01/2009 00:00:00","","active","","","","","","","gravi","","","","","","","","","","","","",""
"Spain","ES.MAGRAMA.AQ","","NET-ES210A","""RED DE LA COMUNIDAD AUTONOMA DE LA COMUNIDAD VALENCIANA""","UTC+01","ES1709A","46062001","""ES1709A-BENIGANIM""","SPO-ES1709A_06001_100","PM2.5","-0.441390","38.934720","195.000000","","suburban","background","01/01/2005 00:00:00","","SPO_F-ES1709A_06001_100_100","0.0","","","","50.0","","","","","","","0","","","","","","","","","","","","","","","SPP-ES_A_DOAS_00000","01/01/2005 00:00:00","","remote","DOAS","","other","","","","","","","","","","","","","","","","",""
"Spain","ES.MAGRAMA.AQ","","NET-ES210A","""RED DE LA COMUNIDAD AUTONOMA DE LA COMUNIDAD VALENCIANA""","UTC+01","ES1709A","46062001","""ES1709A-BENIGANIM""","SPO-ES1709A_06001_100","PM2.5","-0.441390","38.934720","195.000000","","suburban","background","01/01/2005 00:00:00","","SPO_F-ES1709A_06001_100_100","0.0","","","","50.0","","","","","","","0","","","","","","","","","","","","","","","SPP-ES_A_DOAS_03000","01/01/2005 00:00:00","","remote","DOAS","","","","","","","","","","","","","","","","","","",""
"Spain","ES.MAGRAMA.AQ","","NET-ES210A","""RED DE LA COMUNIDAD AUTONOMA DE LA COMUNIDAD VALENCIANA""","UTC+01","ES1709A","46062001","""ES1709A-BENIGANIM""","SPO-ES1709A_06001_101","PM2.5","-0.441390","38.934720","195.000000","","suburban","background","05/01/2004 00:00:00","","SPO_F-ES1709A_06001_101_101","0.0","","","","50.0","","","","","","","0","","","","","","","","","","","","","","","SPP-ES_N_gravi_00000","05/01/2004 00:00:00","","active","","","","","other","","gravi","","","","","","","","","","","","",""
"Spain","ES.MAGRAMA.AQ","","NET-ES210A","""RED DE LA COMUNIDAD AUTONOMA DE LA COMUNIDAD VALENCIANA""","UTC+01","ES1709A","46062001","""ES1709A-BENIGANIM""","SPO-ES1709A_06001_101","PM2.5","-0.441390","38.934720","195.000000","","suburban","background","05/01/2004 00:00:00","","SPO_F-ES1709A_06001_101_101","0.0","","","","50.0","","","","","","","0","","","","","","","","","","","","","","","SPP-ES_N_gravi_00714","05/01/2004 00:00:00","","active","","","","","","","gravi","","","","","","","","","","","","",""
"Spain","ES.MAGRAMA.AQ","","NET-ES210A","""RED DE LA COMUNIDAD AUTONOMA DE LA COMUNIDAD VALENCIANA""","UTC+01","ES1709A","46062001","""ES1709A-BENIGANIM""","SPO-ES1709A_06001_102","PM2.5","-0.441390","38.934720","195.000000","","suburban","background","05/01/2004 00:00:00","","SPO_F-ES1709A_06001_102_102","0.0","","","","50.0","","","","","","","0","","","","","","","","","","","","","","","SPP-ES_N_gravi_00000","05/01/2004 00:00:00","","active","","","","","other","","gravi","","","","","","","","","","","","",""
"Spain","ES.MAGRAMA.AQ","","NET-ES210A","""RED DE LA COMUNIDAD AUTONOMA DE LA COMUNIDAD VALENCIANA""","UTC+01","ES1709A","46062001","""ES1709A-BENIGANIM""","SPO-ES1709A_06001_102","PM2.5","-0.441390","38.934720","195.000000","","suburban","background","05/01/2004 00:00:00","","SPO_F-ES1709A_06001_102_102","0.0","","","","50.0","","","","","","","0","","","","","","","","","","","","","","","SPP-ES_N_gravi_00714","05/01/2004 00:00:00","","active","","","","","","","gravi","","","","","","","","","","","","",""
"Spain","ES.MAGRAMA.AQ","","NET-ES210A","""RED DE LA COMUNIDAD AUTONOMA DE LA COMUNIDAD VALENCIANA""","UTC+01","ES1710A","46116001","""ES1710A-L'ELIANA""","SPO-ES1710A_06001_100","PM2.5","-0.518890","39.571940","101.000000","","suburban","background","01/01/2005 00:00:00","","SPO_F-ES1710A_06001_100_100","0.0","","","","250.0","","","","","","","0","","","","","","","","","","","","","","","SPP-ES_A_DOAS_00000","01/01/2005 00:00:00","","remote","DOAS","","other","","","","","","","","","","","","","","","","",""
"Spain","ES.MAGRAMA.AQ","","NET-ES210A","""RED DE LA COMUNIDAD AUTONOMA DE LA COMUNIDAD VALENCIANA""","UTC+01","ES1710A","46116001","""ES1710A-L'ELIANA""","SPO-ES1710A_06001_100","PM2.5","-0.518890","39.571940","101.000000","","suburban","background","01/01/2005 00:00:00","","SPO_F-ES1710A_06001_100_100","0.0","","","","250.0","","","","","","","0","","","","","","","","","","","","","","","SPP-ES_A_DOAS_03000","01/01/2005 00:00:00","","remote","DOAS","","","","","","","","","","","","","","","","","","",""
"Spain","ES.MAGRAMA.AQ","","NET-ES210A","""RED DE LA COMUNIDAD AUTONOMA DE LA COMUNIDAD VALENCIANA""","UTC+01","ES1710A","46116001","""ES1710A-L'ELIANA""","SPO-ES1710A_06001_101","PM2.5","-0.518890","39.571940","101.000000","","suburban","background","01/03/2004 00:00:00","12/02/2012 00:00:00","SPO_F-ES1710A_06001_101_101","0.0","","","","250.0","","","","","","","0","","","","","","","","","","","","","","","SPP-ES_N_gravi_00000","01/03/2004 00:00:00","12/02/2012 00:00:00","active","","","","","other","","gravi","","","","","","","","","","","","",""
"Spain","ES.MAGRAMA.AQ","","NET-ES210A","""RED DE LA COMUNIDAD AUTONOMA DE LA COMUNIDAD VALENCIANA""","UTC+01","ES1710A","46116001","""ES1710A-L'ELIANA""","SPO-ES1710A_06001_101","PM2.5","-0.518890","39.571940","101.000000","","suburban","background","01/03/2004 00:00:00","12/02/2012 00:00:00","SPO_F-ES1710A_06001_101_101","0.0","","","","250.0","","","","","","","0","","","","","","","","","","","","","","","SPP-ES_N_gravi_00714","01/03/2004 00:00:00","12/02/2012 00:00:00","active","","","","","","","gravi","","","","","","","","","","","","",""
"Spain","ES.MAGRAMA.AQ","","NET-ES210A","""RED DE LA COMUNIDAD AUTONOMA DE LA COMUNIDAD VALENCIANA""","UTC+01","ES1710A","46116001","""ES1710A-L'ELIANA""","SPO-ES1710A_06001_102","PM2.5","-0.518890","39.571940","101.000000","","suburban","background","01/03/2004 00:00:00","","SPO_F-ES1710A_06001_102_102","0.0","","","","250.0","","","","","","","0","","","","","","","","","","","","","","","SPP-ES_N_gravi_00000","01/03/2004 00:00:00","","active","","","","","other","","gravi","","","","","","","","","","","","",""
"Spain","ES.MAGRAMA.AQ","","NET-ES210A","""RED DE LA COMUNIDAD AUTONOMA DE LA COMUNIDAD VALENCIANA""","UTC+01","ES1710A","46116001","""ES1710A-L'ELIANA""","SPO-ES1710A_06001_102","PM2.5","-0.518890","39.571940","101.000000","","suburban","background","01/03/2004 00:00:00","","SPO_F-ES1710A_06001_102_102","0.0","","","","250.0","","","","","","","0","","","","","","","","","","","","","","","SPP-ES_N_gravi_00714","01/03/2004 00:00:00","","active","","","","","","","gravi","","","","","","","","","","","","",""
"Spain","ES.MAGRAMA.AQ","","NET-ES210A","""RED DE LA COMUNIDAD AUTONOMA DE LA COMUNIDAD VALENCIANA""","UTC+01","ES1711A","46184002","""ES1711A-ONTINYENT""","SPO-ES1711A_06001_100","PM2.5","-0.697220","38.788060","510.000000","","suburban","background","01/01/2005 00:00:00","","SPO_F-ES1711A_06001_100_100","0.0","","","","25.0","","","","","","","0","","","","","","","","","","","","","","","SPP-ES_A_DOAS_00000","01/01/2005 00:00:00","","remote","DOAS","","other","","","","","","","","","","","","","","","","",""
"Spain","ES.MAGRAMA.AQ","","NET-ES210A","""RED DE LA COMUNIDAD AUTONOMA DE LA COMUNIDAD VALENCIANA""","UTC+01","ES1711A","46184002","""ES1711A-ONTINYENT""","SPO-ES1711A_06001_100","PM2.5","-0.697220","38.788060","510.000000","","suburban","background","01/01/2005 00:00:00","","SPO_F-ES1711A_06001_100_100","0.0","","","","25.0","","","","","","","0","","","","","","","","","","","","","","","SPP-ES_A_DOAS_03000","01/01/2005 00:00:00","","remote","DOAS","","","","","","","","","","","","","","","","","","",""
"Spain","ES.MAGRAMA.AQ","","NET-ES210A","""RED DE LA COMUNIDAD AUTONOMA DE LA COMUNIDAD VALENCIANA""","UTC+01","ES1711A","46184002","""ES1711A-ONTINYENT""","SPO-ES1711A_06001_101","PM2.5","-0.697220","38.788060","510.000000","","suburban","background","01/01/2004 00:00:00","","SPO_F-ES1711A_06001_101_101","0.0","","","","25.0","","","","","","","0","","","","","","","","","","","","","","","SPP-ES_N_gravi_00000","01/01/2004 00:00:00","","active","","","","","other","","gravi","","","","","","","","","","","","",""
"Spain","ES.MAGRAMA.AQ","","NET-ES210A","""RED DE LA COMUNIDAD AUTONOMA DE LA COMUNIDAD VALENCIANA""","UTC+01","ES1711A","46184002","""ES1711A-ONTINYENT""","SPO-ES1711A_06001_101","PM2.5","-0.697220","38.788060","510.000000","","suburban","background","01/01/2004 00:00:00","","SPO_F-ES1711A_06001_101_101","0.0","","","","25.0","","","","","","","0","","","","","","","","","","","","","","","SPP-ES_N_gravi_00714","01/01/2004 00:00:00","","active","","","","","","","gravi","","","","","","","","","","","","",""
"Spain","ES.MAGRAMA.AQ","","NET-ES210A","""RED DE LA COMUNIDAD AUTONOMA DE LA COMUNIDAD VALENCIANA""","UTC+01","ES1711A","46184002","""ES1711A-ONTINYENT""","SPO-ES1711A_06001_102","PM2.5","-0.697220","38.788060","510.000000","","suburban","background","01/01/2004 00:00:00","","SPO_F-ES1711A_06001_102_102","0.0","","","","25.0","","","","","","","0","","","","","","","","","","","","","","","SPP-ES_N_gravi_00000","01/01/2004 00:00:00","","active","","","","","other","","gravi","","","","","","","","","","","","",""
"Spain","ES.MAGRAMA.AQ","","NET-ES210A","""RED DE LA COMUNIDAD AUTONOMA DE LA COMUNIDAD VALENCIANA""","UTC+01","ES1711A","46184002","""ES1711A-ONTINYENT""","SPO-ES1711A_06001_102","PM2.5","-0.697220","38.788060","510.000000","","suburban","background","01/01/2004 00:00:00","","SPO_F-ES1711A_06001_102_102","0.0","","","","25.0","","","","","","","0","","","","","","","","","","","","","","","SPP-ES_N_gravi_00714","01/01/2004 00:00:00","","active","","","","","","","gravi","","","","","","","","","","","","",""
"Spain","ES.MAGRAMA.AQ","","NET-ES216A","""RED DE LA COMUNIDAD AUTONOMA DEL PAIS VASCO""","UTC+01","ES1713A","48020003","""ES1713A-PARQUE EUROPA""","SPO-ES1713A_06001_100","PM2.5","-2.902220","43.255000","76.000000","","urban","background","01/01/2011 00:00:00","","SPO_F-ES1713A_06001_100_100","0.0","","","","","","","","","","","0","","","","","","","","","","","","","","","SPP-ES_A_BETA_00000","01/01/2011 00:00:00","","automatic","BETA","","other","","","","","","","","","","","","","","","","",""
"Spain","ES.MAGRAMA.AQ","","NET-ES216A","""RED DE LA COMUNIDAD AUTONOMA DEL PAIS VASCO""","UTC+01","ES1713A","48020003","""ES1713A-PARQUE EUROPA""","SPO-ES1713A_06001_100","PM2.5","-2.902220","43.255000","76.000000","","urban","background","01/01/2011 00:00:00","","SPO_F-ES1713A_06001_100_100","0.0","","","","","","","","","","","0","","","","","","","","","","","","","","","SPP-ES_A_BETA_01000","01/01/2011 00:00:00","","automatic","BETA","","","","","","","","","","","","","","","","","","",""
"Spain","ES.MAGRAMA.AQ","","NET-ES216A","""RED DE LA COMUNIDAD AUTONOMA DEL PAIS VASCO""","UTC+01","ES1713A","48020003","""ES1713A-PARQUE EUROPA""","SPO-ES1713A_06001_102","PM2.5","-2.902220","43.255000","76.000000","","urban","background","01/01/2009 00:00:00","","SPO_F-ES1713A_06001_102_102","0.0","","","","","","","","","","","0","","","","","","","","","","","","","","","SPP-ES_N_gravi_00000","01/01/2009 00:00:00","","active","","","","","other","","gravi","","","","","","","","","","","","",""
"Spain","ES.MAGRAMA.AQ","","NET-ES216A","""RED DE LA COMUNIDAD AUTONOMA DEL PAIS VASCO""","UTC+01","ES1713A","48020003","""ES1713A-PARQUE EUROPA""","SPO-ES1713A_06001_102","PM2.5","-2.902220","43.255000","76.000000","","urban","background","01/01/2009 00:00:00","","SPO_F-ES1713A_06001_102_102","0.0","","","","","","","","","","","0","","","","","","","","","","","","","","","SPP-ES_N_gravi_00714","01/01/2009 00:00:00","","active","","","","","","","gravi","","","","","","","","","","","","",""
"Spain","ES.MAGRAMA.AQ","","NET-ES201A","""RED DE LA COMUNIDAD AUTONOMA DE ANDALUCIA""","UTC+01","ES1718A","23097001","""ES1718A-VILLANUEVA DEL ARZOBISPO""","SPO-ES1718A_06001_600","PM2.5","-3.010220","38.169430","692.000000","","urban","industrial","01/01/2014 00:00:00","","SPO_F-ES1718A_06001_600_600","-999.0","","","","15.0","","","","","","","0","","","","","","","","","","","","","","","SPP-ES_N_gravi_00000","01/01/2014 00:00:00","","active","","","","","other","","gravi","","","","","","","","","","","","",""
"Spain","ES.MAGRAMA.AQ","","NET-ES205A","""RED DE LA COMUNIDAD AUTONOMA DE LAS ISLAS CANARIAS""","UTC+01","ES1741A","35019002","""ES1741A-PLAYA DEL INGLÉS""","SPO-ES1741A_06001_100","PM2.5","-15.562500","27.764720","17.000000","","urban","traffic","01/01/2009 00:00:00","","SPO_F-ES1741A_06001_100_100","0.0","","","","8.0","","","","","","","0","","","","","","","","","","","","","","","SPP-ES_A_TEOM_00000","01/01/2009 00:00:00","","automatic","TEOM","","other","","","","","","","","","","","","","","","","",""
"Spain","ES.MAGRAMA.AQ","","NET-ES205A","""RED DE LA COMUNIDAD AUTONOMA DE LAS ISLAS CANARIAS""","UTC+01","ES1741A","35019002","""ES1741A-PLAYA DEL INGLÉS""","SPO-ES1741A_06001_100","PM2.5","-15.562500","27.764720","17.000000","","urban","traffic","01/01/2009 00:00:00","","SPO_F-ES1741A_06001_100_100","0.0","","","","8.0","","","","","","","0","","","","","","","","","","","","","","","SPP-ES_A_TEOM_09000","01/01/2009 00:00:00","","automatic","TEOM","","","","","","","","","","","","","","","","","","",""
"Spain","ES.MAGRAMA.AQ","","NET-ES205A","""RED DE LA COMUNIDAD AUTONOMA DE LAS ISLAS CANARIAS""","UTC+01","ES1742A","35019001","""ES1742A-SAN AGUSTÍN""","SPO-ES1742A_06001_100","PM2.5","-15.541110","27.773890","18.000000","","urban","traffic","01/01/2009 00:00:00","","SPO_F-ES1742A_06001_100_100","0.0","","","","5.0","","","","","","","0","","","","","","","","","","","","","","","SPP-ES_A_TEOM_00000","01/01/2009 00:00:00","","automatic","TEOM","","other","","","","","","","","","","","","","","","","",""
"Spain","ES.MAGRAMA.AQ","","NET-ES205A","""RED DE LA COMUNIDAD AUTONOMA DE LAS ISLAS CANARIAS""","UTC+01","ES1742A","35019001","""ES1742A-SAN AGUSTÍN""","SPO-ES1742A_06001_100","PM2.5","-15.541110","27.773890","18.000000","","urban","traffic","01/01/2009 00:00:00","","SPO_F-ES1742A_06001_100_100","0.0","","","","5.0","","","","","","","0","","","","","","","","","","","","","","","SPP-ES_A_TEOM_09000","01/01/2009 00:00:00","","automatic","TEOM","","","","","","","","","","","","","","","","","","",""
"Spain","ES.MAGRAMA.AQ","","NET-ES205A","""RED DE LA COMUNIDAD AUTONOMA DE LAS ISLAS CANARIAS""","UTC+01","ES1744A","35002002","""ES1744A-ARINAGA""","SPO-ES1744A_06001_100","PM2.5","-15.387150","27.869070","12.000000","","rural-regional","industrial","01/01/2009 00:00:00","","SPO_F-ES1744A_06001_100_100","0.0","","","","","","","","","","","0","","","","","","","","","","","","","","","SPP-ES_A_TEOM_00000","01/01/2009 00:00:00","","automatic","TEOM","","other","","","","","","","","","","","","","","","","",""
"Spain","ES.MAGRAMA.AQ","","NET-ES205A","""RED DE LA COMUNIDAD AUTONOMA DE LAS ISLAS CANARIAS""","UTC+01","ES1744A","35002002","""ES1744A-ARINAGA""","SPO-ES1744A_06001_100","PM2.5","-15.387150","27.869070","12.000000","","rural-regional","industrial","01/01/2009 00:00:00","","SPO_F-ES1744A_06001_100_100","0.0","","","","","","","","","","","0","","","","","","","","","","","","","","","SPP-ES_A_TEOM_09000","01/01/2009 00:00:00","","automatic","TEOM","","","","","","","","","","","","","","","","","","",""
"Spain","ES.MAGRAMA.AQ","","NET-ES205A","""RED DE LA COMUNIDAD AUTONOMA DE LAS ISLAS CANARIAS""","UTC+01","ES1745A","35002001","""ES1745A-AGÜIMES""","SPO-ES1745A_06001_100","PM2.5","-15.442220","27.898330","286.000000","","urban","industrial","01/01/2009 00:00:00","","SPO_F-ES1745A_06001_100_100","0.0","","","","10.0","","","","","","","0","","","","","","","","","","","","","","","SPP-ES_A_TEOM_00000","01/01/2009 00:00:00","","automatic","TEOM","","other","","","","","","","","","","","","","","","","",""
"Spain","ES.MAGRAMA.AQ","","NET-ES205A","""RED DE LA COMUNIDAD AUTONOMA DE LAS ISLAS CANARIAS""","UTC+01","ES1745A","35002001","""ES1745A-AGÜIMES""","SPO-ES1745A_06001_100","PM2.5","-15.442220","27.898330","286.000000","","urban","industrial","01/01/2009 00:00:00","","SPO_F-ES1745A_06001_100_100","0.0","","","","10.0","","","","","","","0","","","","","","","","","","","","","","","SPP-ES_A_TEOM_09000","01/01/2009 00:00:00","","automatic","TEOM","","","","","","","","","","","","","","","","","","",""
"Spain","ES.MAGRAMA.AQ","","NET-ES217A","""RED DE LA COMUNIDAD AUTONOMA DE LA RIOJA""","UTC+01","ES1746A","26066001","""ES1746A-GALILEA""","SPO-ES1746A_06001_100","PM2.5","-2.231670","42.341670","584.000000","","rural-regional","industrial","01/09/2004 00:00:00","","SPO_F-ES1746A_06001_100_100","0.0","","","","","","","","","","","0","","","","","","","","","","","","","","","SPP-ES_A_TEOM_00000","01/09/2004 00:00:00","","automatic","TEOM","","other","","","","","","","","","","","","","","","","",""
"Spain","ES.MAGRAMA.AQ","","NET-ES217A","""RED DE LA COMUNIDAD AUTONOMA DE LA RIOJA""","UTC+01","ES1746A","26066001","""ES1746A-GALILEA""","SPO-ES1746A_06001_100","PM2.5","-2.231670","42.341670","584.000000","","rural-regional","industrial","01/09/2004 00:00:00","","SPO_F-ES1746A_06001_100_100","0.0","","","","","","","","","","","0","","","","","","","","","","","","","","","SPP-ES_A_TEOM_09000","01/09/2004 00:00:00","","automatic","TEOM","","","","","","","","","","","","","","","","","","",""
"Spain","ES.MAGRAMA.AQ","","NET-ES217A","""RED DE LA COMUNIDAD AUTONOMA DE LA RIOJA""","UTC+01","ES1746A","26066001","""ES1746A-GALILEA""","SPO-ES1746A_06001_500","PM2.5","-2.231670","42.341670","584.000000","","rural-regional","industrial","01/09/2004 00:00:00","","SPO_F-ES1746A_06001_500_500","3.0","","","","","","","","","","","0","","","","","","","","","","","","","","","SPP-ES_A_TEOM_00000","01/09/2004 00:00:00","","automatic","TEOM","","other","","","","","","","","","","","","","","","","",""
"Spain","ES.MAGRAMA.AQ","","NET-ES217A","""RED DE LA COMUNIDAD AUTONOMA DE LA RIOJA""","UTC+01","ES1746A","26066001","""ES1746A-GALILEA""","SPO-ES1746A_06001_500","PM2.5","-2.231670","42.341670","584.000000","","rural-regional","industrial","01/09/2004 00:00:00","","SPO_F-ES1746A_06001_500_500","3.0","","","","","","","","","","","0","","","","","","","","","","","","","","","SPP-ES_A_TEOM_09000","01/09/2004 00:00:00","","automatic","TEOM","","","","","","","","","","","","","","","","","","",""
"Spain","ES.MAGRAMA.AQ","","NET-ES215A","""RED DE LA COMUNIDAD AUTONOMA DE NAVARRA""","UTC+01","ES1747A","31201014","""ES1747A-ROTXAPEA""","SPO-ES1747A_06001_100","PM2.5","-1.649440","42.826940","418.000000","","urban","background","01/08/2002 00:00:00","04/11/2009 00:00:00","SPO_F-ES1747A_06001_100_100","0.0","","","","92.0","","","","","","","0","","","","","","","","","","","","","","","SPP-ES_A_DOAS_00000","01/08/2002 00:00:00","04/11/2009 00:00:00","remote","DOAS","","other","","","","","","","","","","","","","","","","",""
"Spain","ES.MAGRAMA.AQ","","NET-ES215A","""RED DE LA COMUNIDAD AUTONOMA DE NAVARRA""","UTC+01","ES1747A","31201014","""ES1747A-ROTXAPEA""","SPO-ES1747A_06001_100","PM2.5","-1.649440","42.826940","418.000000","","urban","background","01/08/2002 00:00:00","04/11/2009 00:00:00","SPO_F-ES1747A_06001_100_100","0.0","","","","92.0","","","","","","","0","","","","","","","","","","","","","","","SPP-ES_A_DOAS_03000","01/08/2002 00:00:00","04/11/2009 00:00:00","remote","DOAS","","","","","","","","","","","","","","","","","","",""
"Spain","ES.MAGRAMA.AQ","","NET-ES215A","""RED DE LA COMUNIDAD AUTONOMA DE NAVARRA""","UTC+01","ES1747A","31201014","""ES1747A-ROTXAPEA""","SPO-ES1747A_06001_500","PM2.5","-1.649440","42.826940","418.000000","","urban","background","01/08/2002 00:00:00","","SPO_F-ES1747A_06001_500_500","0.0","","","","92.0","","","","","","","0","","","","","","","","","","","","","","","SPP-ES_N_00507_00000","01/08/2002 00:00:00","","active","","","","","other","","other","","","","","","","","","","","","",""
"Spain","ES.MAGRAMA.AQ","","NET-ES215A","""RED DE LA COMUNIDAD AUTONOMA DE NAVARRA""","UTC+01","ES1747A","31201014","""ES1747A-ROTXAPEA""","SPO-ES1747A_06001_500","PM2.5","-1.649440","42.826940","418.000000","","urban","background","01/08/2002 00:00:00","","SPO_F-ES1747A_06001_500_500","0.0","","","","92.0","","","","","","","0","","","","","","","","","","","","","","","SPP-ES_N_0295602956","01/08/2002 00:00:00","","active","","","","","","","other","","","","","","","","","","","","",""
"Spain","ES.MAGRAMA.AQ","","NET-ES205A","""RED DE LA COMUNIDAD AUTONOMA DE LAS ISLAS CANARIAS""","UTC+01","ES1748A","35022001","""ES1748A-SARDINA""","SPO-ES1748A_06001_100","PM2.5","-15.465830","27.849450","190.000000","","suburban","industrial","01/01/2009 00:00:00","","SPO_F-ES1748A_06001_100_100","0.0","","","","10.0","","","","","","","0","","","","","","","","","","","","","","","SPP-ES_A_TEOM_00000","01/01/2009 00:00:00","","automatic","TEOM","","other","","","","","","","","","","","","","","","","",""
"Spain","ES.MAGRAMA.AQ","","NET-ES205A","""RED DE LA COMUNIDAD AUTONOMA DE LAS ISLAS CANARIAS""","UTC+01","ES1748A","35022001","""ES1748A-SARDINA""","SPO-ES1748A_06001_100","PM2.5","-15.465830","27.849450","190.000000","","suburban","industrial","01/01/2009 00:00:00","","SPO_F-ES1748A_06001_100_100","0.0","","","","10.0","","","","","","","0","","","","","","","","","","","","","","","SPP-ES_A_TEOM_09000","01/01/2009 00:00:00","","automatic","TEOM","","","","","","","","","","","","","","","","","","",""
"Spain","ES.MAGRAMA.AQ","","NET-ES215A","""RED DE LA COMUNIDAD AUTONOMA DE NAVARRA""","UTC+01","ES1749A","31010001","""ES1749A-ALSASUA""","SPO-ES1749A_06001_100","PM2.5","-2.165830","42.894440","530.000000","","suburban","background","01/07/2001 00:00:00","","SPO_F-ES1749A_06001_100_100","0.0","","","","4.0","","","","","","","0","","","","","","","","","","","","","","","SPP-ES_A_DOAS_00000","01/07/2001 00:00:00","","remote","DOAS","","other","","","","","","","","","","","","","","","","",""
"Spain","ES.MAGRAMA.AQ","","NET-ES215A","""RED DE LA COMUNIDAD AUTONOMA DE NAVARRA""","UTC+01","ES1749A","31010001","""ES1749A-ALSASUA""","SPO-ES1749A_06001_100","PM2.5","-2.165830","42.894440","530.000000","","suburban","background","01/07/2001 00:00:00","","SPO_F-ES1749A_06001_100_100","0.0","","","","4.0","","","","","","","0","","","","","","","","","","","","","","","SPP-ES_A_DOAS_03000","01/07/2001 00:00:00","","remote","DOAS","","","","","","","","","","","","","","","","","","",""
"Spain","ES.MAGRAMA.AQ","","NET-ES215A","""RED DE LA COMUNIDAD AUTONOMA DE NAVARRA""","UTC+01","ES1749A","31010001","""ES1749A-ALSASUA""","SPO-ES1749A_06001_500","PM2.5","-2.165830","42.894440","530.000000","","suburban","background","01/07/2001 00:00:00","","SPO_F-ES1749A_06001_500_500","0.0","","","","4.0","","","","","","","0","","","","","","","","","","","","","","","SPP-ES_N_00507_00000","01/07/2001 00:00:00","","active","","","","","other","","other","","","","","","","","","","","","",""
"Spain","ES.MAGRAMA.AQ","","NET-ES215A","""RED DE LA COMUNIDAD AUTONOMA DE NAVARRA""","UTC+01","ES1749A","31010001","""ES1749A-ALSASUA""","SPO-ES1749A_06001_500","PM2.5","-2.165830","42.894440","530.000000","","suburban","background","01/07/2001 00:00:00","","SPO_F-ES1749A_06001_500_500","0.0","","","","4.0","","","","","","","0","","","","","","","","","","","","","","","SPP-ES_N_0295602956","01/07/2001 00:00:00","","active","","","","","","","other","","","","","","","","","","","","",""
"Spain","ES.MAGRAMA.AQ","","NET-ES201A","""RED DE LA COMUNIDAD AUTONOMA DE ANDALUCIA""","UTC+01","ES1750A","29067006","""ES1750A-CARRANQUE""","SPO-ES1750A_06001_102","PM2.5","-4.447500","36.719640","36.000000","","urban","background","01/01/2009 00:00:00","","SPO_F-ES1750A_06001_102_102","0.0","","","","60.0","","","","","","","0","","","","","","","","","","","","","","","SPP-ES_N_gravi_00000","01/01/2009 00:00:00","","active","","","","","other","","gravi","","","","","","","","","","","","",""
"Spain","ES.MAGRAMA.AQ","","NET-ES201A","""RED DE LA COMUNIDAD AUTONOMA DE ANDALUCIA""","UTC+01","ES1750A","29067006","""ES1750A-CARRANQUE""","SPO-ES1750A_06001_102","PM2.5","-4.447500","36.719640","36.000000","","urban","background","01/01/2009 00:00:00","","SPO_F-ES1750A_06001_102_102","0.0","","","","60.0","","","","","","","0","","","","","","","","","","","","","","","SPP-ES_N_gravi_00714","01/01/2009 00:00:00","","active","","","","","","","gravi","","","","","","","","","","","","",""
"Spain","ES.MAGRAMA.AQ","","NET-ES213A","""RED DE LA COMUNIDAD AUTONOMA DE MADRID""","UTC+01","ES1752A","28148004","""ES1752A-TORREJON DE ARDOZ II""","SPO-ES1752A_06001_100","PM2.5","-3.484170","40.455000","597.000000","","urban","background","01/01/2009 00:00:00","","SPO_F-ES1752A_06001_100_100","0.0","","","","400.0","","","","","","","0","","","","","","","","","","","","","","","SPP-ES_A_BETA_00000","01/01/2009 00:00:00","","automatic","BETA","","other","","","","","","","","","","","","","","","","",""
"Spain","ES.MAGRAMA.AQ","","NET-ES213A","""RED DE LA COMUNIDAD AUTONOMA DE MADRID""","UTC+01","ES1752A","28148004","""ES1752A-TORREJON DE ARDOZ II""","SPO-ES1752A_06001_100","PM2.5","-3.484170","40.455000","597.000000","","urban","background","01/01/2009 00:00:00","","SPO_F-ES1752A_06001_100_100","0.0","","","","400.0","","","","","","","0","","","","","","","","","","","","","","","SPP-ES_A_BETA_01000","01/01/2009 00:00:00","","automatic","BETA","","","","","","","","","","","","","","","","","","",""
"Spain","ES.MAGRAMA.AQ","","NET-ES213A","""RED DE LA COMUNIDAD AUTONOMA DE MADRID""","UTC+01","ES1752A","28148004","""ES1752A-TORREJON DE ARDOZ II""","SPO-ES1752A_06001_102","PM2.5","-3.484170","40.455000","597.000000","","urban","background","01/01/2010 00:00:00","","SPO_F-ES1752A_06001_102_102","0.0","","","","400.0","","","","","","","0","","","","","","","","","","","","","","","SPP-ES_A_BETA_00000","01/01/2010 00:00:00","","automatic","BETA","","other","","","","","","","","","","","","","","","","",""
"Spain","ES.MAGRAMA.AQ","","NET-ES213A","""RED DE LA COMUNIDAD AUTONOMA DE MADRID""","UTC+01","ES1752A","28148004","""ES1752A-TORREJON DE ARDOZ II""","SPO-ES1752A_06001_102","PM2.5","-3.484170","40.455000","597.000000","","urban","background","01/01/2010 00:00:00","","SPO_F-ES1752A_06001_102_102","0.0","","","","400.0","","","","","","","0","","","","","","","","","","","","","","","SPP-ES_A_BETA_01000","01/01/2010 00:00:00","","automatic","BETA","","","","","","","","","","","","","","","","","","",""
"Spain","ES.MAGRAMA.AQ","","NET-ES217A","""RED DE LA COMUNIDAD AUTONOMA DE LA RIOJA""","UTC+01","ES1753A","26117001","""ES1753A-PRADEJÓN""","SPO-ES1753A_06001_100","PM2.5","-2.059720","42.340000","402.000000","","rural-nearcity","industrial","01/09/2004 00:00:00","","SPO_F-ES1753A_06001_100_100","0.0","","","","","","","","","","","0","","","","","","","","","","","","","","","SPP-ES_A_TEOM_00000","01/09/2004 00:00:00","","automatic","TEOM","","other","","","","","","","","","","","","","","","","",""
"Spain","ES.MAGRAMA.AQ","","NET-ES217A","""RED DE LA COMUNIDAD AUTONOMA DE LA RIOJA""","UTC+01","ES1753A","26117001","""ES1753A-PRADEJÓN""","SPO-ES1753A_06001_100","PM2.5","-2.059720","42.340000","402.000000","","rural-nearcity","industrial","01/09/2004 00:00:00","","SPO_F-ES1753A_06001_100_100","0.0","","","","","","","","","","","0","","","","","","","","","","","","","","","SPP-ES_A_TEOM_09000","01/09/2004 00:00:00","","automatic","TEOM","","","","","","","","","","","","","","","","","","",""
"Spain","ES.MAGRAMA.AQ","","NET-ES217A","""RED DE LA COMUNIDAD AUTONOMA DE LA RIOJA""","UTC+01","ES1753A","26117001","""ES1753A-PRADEJÓN""","SPO-ES1753A_06001_500","PM2.5","-2.059720","42.340000","402.000000","","rural-nearcity","industrial","01/09/2004 00:00:00","","SPO_F-ES1753A_06001_500_500","3.0","","","","","","","","","","","0","","","","","","","","","","","","","","","SPP-ES_A_TEOM_00000","01/09/2004 00:00:00","","automatic","TEOM","","other","","","","","","","","","","","","","","","","",""
"Spain","ES.MAGRAMA.AQ","","NET-ES217A","""RED DE LA COMUNIDAD AUTONOMA DE LA RIOJA""","UTC+01","ES1753A","26117001","""ES1753A-PRADEJÓN""","SPO-ES1753A_06001_500","PM2.5","-2.059720","42.340000","402.000000","","rural-nearcity","industrial","01/09/2004 00:00:00","","SPO_F-ES1753A_06001_500_500","3.0","","","","","","","","","","","0","","","","","","","","","","","","","","","SPP-ES_A_TEOM_09000","01/09/2004 00:00:00","","automatic","TEOM","","","","","","","","","","","","","","","","","","",""
"Spain","ES.MAGRAMA.AQ","","NET-ES209A","""RED DE LA COMUNIDAD AUTONOMA DE CATALUÑA""","UTC+01","ES1754A","43044003","""ES1754A-BC-LA SÈNIA""","SPO-ES1754A_06001_102","PM2.5","0.288890","40.645000","428.000000","","rural-nearcity","background","01/01/2009 00:00:00","","SPO_F-ES1754A_06001_102_102","0.0","","","","","","","","","","","0","","","","","","","","","","","","","","","SPP-ES_N_gravi_00000","01/01/2009 00:00:00","","active","","","","","other","","gravi","","","","","","","","","","","","",""
"Spain","ES.MAGRAMA.AQ","","NET-ES209A","""RED DE LA COMUNIDAD AUTONOMA DE CATALUÑA""","UTC+01","ES1754A","43044003","""ES1754A-BC-LA SÈNIA""","SPO-ES1754A_06001_102","PM2.5","0.288890","40.645000","428.000000","","rural-nearcity","background","01/01/2009 00:00:00","","SPO_F-ES1754A_06001_102_102","0.0","","","","","","","","","","","0","","","","","","","","","","","","","","","SPP-ES_N_gravi_00714","01/01/2009 00:00:00","","active","","","","","","","gravi","","","","","","","","","","","","",""
"Spain","ES.MAGRAMA.AQ","","NET-ES215A","""RED DE LA COMUNIDAD AUTONOMA DE NAVARRA""","UTC+01","ES1755A","31216001","""ES1755A-SANGUESA""","SPO-ES1755A_06001_100","PM2.5","-1.282500","42.580560","397.000000","","suburban","industrial","01/07/2001 00:00:00","","SPO_F-ES1755A_06001_100_100","0.0","","","","","","","","","","","0","","","","","","","","","","","","","","","SPP-ES_A_DOAS_00000","01/07/2001 00:00:00","","remote","DOAS","","other","","","","","","","","","","","","","","","","",""
"Spain","ES.MAGRAMA.AQ","","NET-ES215A","""RED DE LA COMUNIDAD AUTONOMA DE NAVARRA""","UTC+01","ES1755A","31216001","""ES1755A-SANGUESA""","SPO-ES1755A_06001_100","PM2.5","-1.282500","42.580560","397.000000","","suburban","industrial","01/07/2001 00:00:00","","SPO_F-ES1755A_06001_100_100","0.0","","","","","","","","","","","0","","","","","","","","","","","","","","","SPP-ES_A_DOAS_03000","01/07/2001 00:00:00","","remote","DOAS","","","","","","","","","","","","","","","","","","",""
"Spain","ES.MAGRAMA.AQ","","NET-ES215A","""RED DE LA COMUNIDAD AUTONOMA DE NAVARRA""","UTC+01","ES1755A","31216001","""ES1755A-SANGUESA""","SPO-ES1755A_06001_500","PM2.5","-1.282500","42.580560","397.000000","","suburban","industrial","01/07/2001 00:00:00","","SPO_F-ES1755A_06001_500_500","0.0","","","","","","","","","","","0","","","","","","","","","","","","","","","SPP-ES_A_light-scat_00000","01/07/2001 00:00:00","","automatic","light-scat","","other","","","","","","","","","","","","","","","","",""
"Spain","ES.MAGRAMA.AQ","","NET-ES215A","""RED DE LA COMUNIDAD AUTONOMA DE NAVARRA""","UTC+01","ES1755A","31216001","""ES1755A-SANGUESA""","SPO-ES1755A_06001_500","PM2.5","-1.282500","42.580560","397.000000","","suburban","industrial","01/07/2001 00:00:00","","SPO_F-ES1755A_06001_500_500","0.0","","","","","","","","","","","0","","","","","","","","","","","","","","","SPP-ES_A_light-scat_52000","01/07/2001 00:00:00","","automatic","light-scat","","","","","","","","","","","","","","","","","","",""
"Spain","ES.MAGRAMA.AQ","","NET-ES205A","""RED DE LA COMUNIDAD AUTONOMA DE LAS ISLAS CANARIAS""","UTC+01","ES1756A","38011004","""ES1756A-CALETILLA""","SPO-ES1756A_06001_100","PM2.5","-16.360280","28.377780","10.000000","","urban","industrial","01/01/2011 00:00:00","","SPO_F-ES1756A_06001_100_100","0.0","","","","","","","","","","","0","","","","","","","","","","","","","","","SPP-ES_A_TEOM_00000","01/01/2011 00:00:00","","automatic","TEOM","","other","","","","","","","","","","","","","","","","",""
"Spain","ES.MAGRAMA.AQ","","NET-ES205A","""RED DE LA COMUNIDAD AUTONOMA DE LAS ISLAS CANARIAS""","UTC+01","ES1756A","38011004","""ES1756A-CALETILLA""","SPO-ES1756A_06001_100","PM2.5","-16.360280","28.377780","10.000000","","urban","industrial","01/01/2011 00:00:00","","SPO_F-ES1756A_06001_100_100","0.0","","","","","","","","","","","0","","","","","","","","","","","","","","","SPP-ES_A_TEOM_09000","01/01/2011 00:00:00","","automatic","TEOM","","","","","","","","","","","","","","","","","","",""
"Spain","ES.MAGRAMA.AQ","","NET-ES205A","""RED DE LA COMUNIDAD AUTONOMA DE LAS ISLAS CANARIAS""","UTC+01","ES1759A","38038012","""ES1759A-CASA CUNA""","SPO-ES1759A_06001_100","PM2.5","-16.278060","28.449440","180.000000","","urban","industrial","01/01/2010 00:00:00","","SPO_F-ES1759A_06001_100_100","0.0","","","","25.0","","","","","","","0","","","","","","","","","","","","","","","SPP-ES_A_light-scat_00000","01/01/2010 00:00:00","","automatic","light-scat","","other","","","","","","","","","","","","","","","","",""
"Spain","ES.MAGRAMA.AQ","","NET-ES205A","""RED DE LA COMUNIDAD AUTONOMA DE LAS ISLAS CANARIAS""","UTC+01","ES1759A","38038012","""ES1759A-CASA CUNA""","SPO-ES1759A_06001_100","PM2.5","-16.278060","28.449440","180.000000","","urban","industrial","01/01/2010 00:00:00","","SPO_F-ES1759A_06001_100_100","0.0","","","","25.0","","","","","","","0","","","","","","","","","","","","","","","SPP-ES_A_light-scat_52000","01/01/2010 00:00:00","","automatic","light-scat","","","","","","","","","","","","","","","","","","",""
"Spain","ES.MAGRAMA.AQ","","NET-ES205A","""RED DE LA COMUNIDAD AUTONOMA DE LAS ISLAS CANARIAS""","UTC+01","ES1760A","38017003","""ES1760A-GRANADILLA""","SPO-ES1760A_06001_100","PM2.5","-16.534440","28.048890","20.000000","","suburban","industrial","01/01/2010 00:00:00","","SPO_F-ES1760A_06001_100_100","0.0","","","","2.0","","","","","","","0","","","","","","","","","","","","","","","SPP-ES_A_light-scat_00000","01/01/2010 00:00:00","","automatic","light-scat","","other","","","","","","","","","","","","","","","","",""
"Spain","ES.MAGRAMA.AQ","","NET-ES205A","""RED DE LA COMUNIDAD AUTONOMA DE LAS ISLAS CANARIAS""","UTC+01","ES1760A","38017003","""ES1760A-GRANADILLA""","SPO-ES1760A_06001_100","PM2.5","-16.534440","28.048890","20.000000","","suburban","industrial","01/01/2010 00:00:00","","SPO_F-ES1760A_06001_100_100","0.0","","","","2.0","","","","","","","0","","","","","","","","","","","","","","","SPP-ES_A_light-scat_52000","01/01/2010 00:00:00","","automatic","light-scat","","","","","","","","","","","","","","","","","","",""
"Spain","ES.MAGRAMA.AQ","","NET-ES205A","""RED DE LA COMUNIDAD AUTONOMA DE LAS ISLAS CANARIAS""","UTC+01","ES1761A","38017002","""ES1761A-SAN ISIDRO""","SPO-ES1761A_06001_100","PM2.5","-16.558060","28.080560","240.000000","","suburban","industrial","01/01/2010 00:00:00","","SPO_F-ES1761A_06001_100_100","0.0","","","","12.0","","","","","","","0","","","","","","","","","","","","","","","SPP-ES_A_light-scat_00000","01/01/2010 00:00:00","","automatic","light-scat","","other","","","","","","","","","","","","","","","","",""
"Spain","ES.MAGRAMA.AQ","","NET-ES205A","""RED DE LA COMUNIDAD AUTONOMA DE LAS ISLAS CANARIAS""","UTC+01","ES1761A","38017002","""ES1761A-SAN ISIDRO""","SPO-ES1761A_06001_100","PM2.5","-16.558060","28.080560","240.000000","","suburban","industrial","01/01/2010 00:00:00","","SPO_F-ES1761A_06001_100_100","0.0","","","","12.0","","","","","","","0","","","","","","","","","","","","","","","SPP-ES_A_light-scat_52000","01/01/2010 00:00:00","","automatic","light-scat","","","","","","","","","","","","","","","","","","",""
"Spain","ES.MAGRAMA.AQ","","NET-ES205A","""RED DE LA COMUNIDAD AUTONOMA DE LAS ISLAS CANARIAS""","UTC+01","ES1762A","38017001","""ES1762A-MÉDANO""","SPO-ES1762A_06001_100","PM2.5","-16.576390","28.113610","595.000000","","suburban","background","01/01/2010 00:00:00","","SPO_F-ES1762A_06001_100_100","0.0","","","","50.0","","","","","","","0","","","","","","","","","","","","","","","SPP-ES_A_light-scat_00000","01/01/2010 00:00:00","","automatic","light-scat","","other","","","","","","","","","","","","","","","","",""
"Spain","ES.MAGRAMA.AQ","","NET-ES205A","""RED DE LA COMUNIDAD AUTONOMA DE LAS ISLAS CANARIAS""","UTC+01","ES1762A","38017001","""ES1762A-MÉDANO""","SPO-ES1762A_06001_100","PM2.5","-16.576390","28.113610","595.000000","","suburban","background","01/01/2010 00:00:00","","SPO_F-ES1762A_06001_100_100","0.0","","","","50.0","","","","","","","0","","","","","","","","","","","","","","","SPP-ES_A_light-scat_52000","01/01/2010 00:00:00","","automatic","light-scat","","","","","","","","","","","","","","","","","","",""
"Spain","ES.MAGRAMA.AQ","","NET-ES205A","""RED DE LA COMUNIDAD AUTONOMA DE LAS ISLAS CANARIAS""","UTC+01","ES1763A","35019004","""ES1763A-CASTILLO DEL ROMERAL""","SPO-ES1763A_06001_100","PM2.5","-15.460000","27.802220","9.000000","","suburban","industrial","01/01/2009 00:00:00","","SPO_F-ES1763A_06001_100_100","0.0","","","","100.0","","","","","","","0","","","","","","","","","","","","","","","SPP-ES_A_TEOM_00000","01/01/2009 00:00:00","","automatic","TEOM","","other","","","","","","","","","","","","","","","","",""
"Spain","ES.MAGRAMA.AQ","","NET-ES205A","""RED DE LA COMUNIDAD AUTONOMA DE LAS ISLAS CANARIAS""","UTC+01","ES1763A","35019004","""ES1763A-CASTILLO DEL ROMERAL""","SPO-ES1763A_06001_100","PM2.5","-15.460000","27.802220","9.000000","","suburban","industrial","01/01/2009 00:00:00","","SPO_F-ES1763A_06001_100_100","0.0","","","","100.0","","","","","","","0","","","","","","","","","","","","","","","SPP-ES_A_TEOM_09000","01/01/2009 00:00:00","","automatic","TEOM","","","","","","","","","","","","","","","","","","",""
"Spain","ES.MAGRAMA.AQ","","NET-ES205A","""RED DE LA COMUNIDAD AUTONOMA DE LAS ISLAS CANARIAS""","UTC+01","ES1764A","38011005","""ES1764A-IGUESTE""","SPO-ES1764A_06001_100","PM2.5","-16.371110","28.381940","200.000000","","suburban","industrial","01/01/2011 00:00:00","","SPO_F-ES1764A_06001_100_100","0.0","","","","","","","","","","","0","","","","","","","","","","","","","","","SPP-ES_A_TEOM_00000","01/01/2011 00:00:00","","automatic","TEOM","","other","","","","","","","","","","","","","","","","",""
"Spain","ES.MAGRAMA.AQ","","NET-ES205A","""RED DE LA COMUNIDAD AUTONOMA DE LAS ISLAS CANARIAS""","UTC+01","ES1764A","38011005","""ES1764A-IGUESTE""","SPO-ES1764A_06001_100","PM2.5","-16.371110","28.381940","200.000000","","suburban","industrial","01/01/2011 00:00:00","","SPO_F-ES1764A_06001_100_100","0.0","","","","","","","","","","","0","","","","","","","","","","","","","","","SPP-ES_A_TEOM_09000","01/01/2011 00:00:00","","automatic","TEOM","","","","","","","","","","","","","","","","","","",""
"Spain","ES.MAGRAMA.AQ","","NET-ES210A","""RED DE LA COMUNIDAD AUTONOMA DE LA COMUNIDAD VALENCIANA""","UTC+01","ES1765A","46220009","""ES1765A-SAGUNT-NORD""","SPO-ES1765A_06001_102","PM2.5","-0.278890","39.684720","54.000000","","suburban","background","18/04/2008 00:00:00","","SPO_F-ES1765A_06001_102_102","5.0","","","","","","","","","","","0","","","","","","","","","","","","","","","SPP-ES_N_gravi_00000","18/04/2008 00:00:00","","active","","","","","other","","gravi","","","","","","","","","","","","",""
"Spain","ES.MAGRAMA.AQ","","NET-ES210A","""RED DE LA COMUNIDAD AUTONOMA DE LA COMUNIDAD VALENCIANA""","UTC+01","ES1765A","46220009","""ES1765A-SAGUNT-NORD""","SPO-ES1765A_06001_102","PM2.5","-0.278890","39.684720","54.000000","","suburban","background","18/04/2008 00:00:00","","SPO_F-ES1765A_06001_102_102","5.0","","","","","","","","","","","0","","","","","","","","","","","","","","","SPP-ES_N_gravi_00714","18/04/2008 00:00:00","","active","","","","","","","gravi","","","","","","","","","","","","",""
"Spain","ES.MAGRAMA.AQ","","NET-ES205A","""RED DE LA COMUNIDAD AUTONOMA DE LAS ISLAS CANARIAS""","UTC+01","ES1766A","38006003","""ES1766A-EL RÍO""","SPO-ES1766A_06001_100","PM2.5","-16.522780","28.146110","500.000000","","suburban","industrial","01/01/2010 00:00:00","","SPO_F-ES1766A_06001_100_100","0.0","","","","","","","","","","","0","","","","","","","","","","","","","","","SPP-ES_A_light-scat_00000","01/01/2010 00:00:00","","automatic","light-scat","","other","","","","","","","","","","","","","","","","",""
"Spain","ES.MAGRAMA.AQ","","NET-ES205A","""RED DE LA COMUNIDAD AUTONOMA DE LAS ISLAS CANARIAS""","UTC+01","ES1766A","38006003","""ES1766A-EL RÍO""","SPO-ES1766A_06001_100","PM2.5","-16.522780","28.146110","500.000000","","suburban","industrial","01/01/2010 00:00:00","","SPO_F-ES1766A_06001_100_100","0.0","","","","","","","","","","","0","","","","","","","","","","","","","","","SPP-ES_A_light-scat_52000","01/01/2010 00:00:00","","automatic","light-scat","","","","","","","","","","","","","","","","","","",""
"Spain","ES.MAGRAMA.AQ","","NET-ES205A","""RED DE LA COMUNIDAD AUTONOMA DE LAS ISLAS CANARIAS""","UTC+01","ES1767A","38006002","""ES1767A-BUZANADA""","SPO-ES1767A_06001_100","PM2.5","-16.651670","28.073890","309.000000","","suburban","background","02/01/2010 00:00:00","","SPO_F-ES1767A_06001_100_100","0.0","","","","100.0","","","","","","","0","","","","","","","","","","","","","","","SPP-ES_A_light-scat_00000","02/01/2010 00:00:00","","automatic","light-scat","","other","","","","","","","","","","","","","","","","",""
"Spain","ES.MAGRAMA.AQ","","NET-ES205A","""RED DE LA COMUNIDAD AUTONOMA DE LAS ISLAS CANARIAS""","UTC+01","ES1767A","38006002","""ES1767A-BUZANADA""","SPO-ES1767A_06001_100","PM2.5","-16.651670","28.073890","309.000000","","suburban","background","02/01/2010 00:00:00","","SPO_F-ES1767A_06001_100_100","0.0","","","","100.0","","","","","","","0","","","","","","","","","","","","","","","SPP-ES_A_light-scat_52000","02/01/2010 00:00:00","","automatic","light-scat","","","","","","","","","","","","","","","","","","",""
"Spain","ES.MAGRAMA.AQ","","NET-ES205A","""RED DE LA COMUNIDAD AUTONOMA DE LAS ISLAS CANARIAS""","UTC+01","ES1768A","38006001","""ES1768A-GALLETAS""","SPO-ES1768A_06001_100","PM2.5","-16.654440","28.009440","3.000000","","suburban","background","01/01/2010 00:00:00","","SPO_F-ES1768A_06001_100_100","0.0","","","","35.0","","","","","","","0","","","","","","","","","","","","","","","SPP-ES_A_light-scat_00000","01/01/2010 00:00:00","","automatic","light-scat","","other","","","","","","","","","","","","","","","","",""
"Spain","ES.MAGRAMA.AQ","","NET-ES205A","""RED DE LA COMUNIDAD AUTONOMA DE LAS ISLAS CANARIAS""","UTC+01","ES1768A","38006001","""ES1768A-GALLETAS""","SPO-ES1768A_06001_100","PM2.5","-16.654440","28.009440","3.000000","","suburban","background","01/01/2010 00:00:00","","SPO_F-ES1768A_06001_100_100","0.0","","","","35.0","","","","","","","0","","","","","","","","","","","","","","","SPP-ES_A_light-scat_52000","01/01/2010 00:00:00","","automatic","light-scat","","","","","","","","","","","","","","","","","","",""
"Spain","ES.MAGRAMA.AQ","","NET-ES205A","""RED DE LA COMUNIDAD AUTONOMA DE LAS ISLAS CANARIAS""","UTC+01","ES1769A","38005001","""ES1769A-SAN MIGUEL DE TAJAO""","SPO-ES1769A_06001_100","PM2.5","-16.470000","28.111390","30.000000","","suburban","industrial","01/01/2010 00:00:00","","SPO_F-ES1769A_06001_100_100","0.0","","","","","","","","","","","0","","","","","","","","","","","","","","","SPP-ES_A_light-scat_00000","01/01/2010 00:00:00","","automatic","light-scat","","other","","","","","","","","","","","","","","","","",""
"Spain","ES.MAGRAMA.AQ","","NET-ES205A","""RED DE LA COMUNIDAD AUTONOMA DE LAS ISLAS CANARIAS""","UTC+01","ES1769A","38005001","""ES1769A-SAN MIGUEL DE TAJAO""","SPO-ES1769A_06001_100","PM2.5","-16.470000","28.111390","30.000000","","suburban","industrial","01/01/2010 00:00:00","","SPO_F-ES1769A_06001_100_100","0.0","","","","","","","","","","","0","","","","","","","","","","","","","","","SPP-ES_A_light-scat_52000","01/01/2010 00:00:00","","automatic","light-scat","","","","","","","","","","","","","","","","","","",""
"Spain","ES.MAGRAMA.AQ","","NET-ES205A","""RED DE LA COMUNIDAD AUTONOMA DE LAS ISLAS CANARIAS""","UTC+01","ES1772A","38011006","""ES1772A-BARRANCO HONDO""","SPO-ES1772A_06001_100","PM2.5","-16.356390","28.395000","430.000000","","suburban","industrial","01/01/2011 00:00:00","","SPO_F-ES1772A_06001_100_100","0.0","","","","","","","","","","","0","","","","","","","","","","","","","","","SPP-ES_A_TEOM_00000","01/01/2011 00:00:00","","automatic","TEOM","","other","","","","","","","","","","","","","","","","",""
"Spain","ES.MAGRAMA.AQ","","NET-ES205A","""RED DE LA COMUNIDAD AUTONOMA DE LAS ISLAS CANARIAS""","UTC+01","ES1772A","38011006","""ES1772A-BARRANCO HONDO""","SPO-ES1772A_06001_100","PM2.5","-16.356390","28.395000","430.000000","","suburban","industrial","01/01/2011 00:00:00","","SPO_F-ES1772A_06001_100_100","0.0","","","","","","","","","","","0","","","","","","","","","","","","","","","SPP-ES_A_TEOM_09000","01/01/2011 00:00:00","","automatic","TEOM","","","","","","","","","","","","","","","","","","",""
"Spain","ES.MAGRAMA.AQ","","NET-ES209A","""RED DE LA COMUNIDAD AUTONOMA DE CATALUÑA""","UTC+01","ES1778A","8137001","""ES1778A-MONTSENY (LA CASTANYA)""","SPO-ES1778A_06001_100","PM2.5","2.583330","41.760000","693.000000","","rural-remote","background","01/01/2005 00:00:00","","SPO_F-ES1778A_06001_100_100","0.0","","","","","","","","","","","0","","","","","","","","","","","","","","","SPP-ES_A_DOAS_00000","01/01/2005 00:00:00","","remote","DOAS","","other","","","","","","","","","","","","","","","","",""
"Spain","ES.MAGRAMA.AQ","","NET-ES209A","""RED DE LA COMUNIDAD AUTONOMA DE CATALUÑA""","UTC+01","ES1778A","8137001","""ES1778A-MONTSENY (LA CASTANYA)""","SPO-ES1778A_06001_100","PM2.5","2.583330","41.760000","693.000000","","rural-remote","background","01/01/2005 00:00:00","","SPO_F-ES1778A_06001_100_100","0.0","","","","","","","","","","","0","","","","","","","","","","","","","","","SPP-ES_A_DOAS_03000","01/01/2005 00:00:00","","remote","DOAS","","","","","","","","","","","","","","","","","","",""
"Spain","ES.MAGRAMA.AQ","","NET-ES217A","""RED DE LA COMUNIDAD AUTONOMA DE LA RIOJA""","UTC+01","ES1779A","26019001","""ES1779A-ARRÚBAL""","SPO-ES1779A_06001_100","PM2.5","-2.250280","42.438890","336.000000","","rural-nearcity","industrial","01/10/2004 00:00:00","","SPO_F-ES1779A_06001_100_100","0.0","","","","","","","","","","","0","","","","","","","","","","","","","","","SPP-ES_A_TEOM_00000","01/10/2004 00:00:00","","automatic","TEOM","","other","","","","","","","","","","","","","","","","",""
"Spain","ES.MAGRAMA.AQ","","NET-ES217A","""RED DE LA COMUNIDAD AUTONOMA DE LA RIOJA""","UTC+01","ES1779A","26019001","""ES1779A-ARRÚBAL""","SPO-ES1779A_06001_100","PM2.5","-2.250280","42.438890","336.000000","","rural-nearcity","industrial","01/10/2004 00:00:00","","SPO_F-ES1779A_06001_100_100","0.0","","","","","","","","","","","0","","","","","","","","","","","","","","","SPP-ES_A_TEOM_09000","01/10/2004 00:00:00","","automatic","TEOM","","","","","","","","","","","","","","","","","","",""
"Spain","ES.MAGRAMA.AQ","","NET-ES217A","""RED DE LA COMUNIDAD AUTONOMA DE LA RIOJA""","UTC+01","ES1779A","26019001","""ES1779A-ARRÚBAL""","SPO-ES1779A_06001_500","PM2.5","-2.250280","42.438890","336.000000","","rural-nearcity","industrial","01/10/2004 00:00:00","","SPO_F-ES1779A_06001_500_500","3.0","","","","","","","","","","","0","","","","","","","","","","","","","","","SPP-ES_A_TEOM_00000","01/10/2004 00:00:00","","automatic","TEOM","","other","","","","","","","","","","","","","","","","",""
"Spain","ES.MAGRAMA.AQ","","NET-ES217A","""RED DE LA COMUNIDAD AUTONOMA DE LA RIOJA""","UTC+01","ES1779A","26019001","""ES1779A-ARRÚBAL""","SPO-ES1779A_06001_500","PM2.5","-2.250280","42.438890","336.000000","","rural-nearcity","industrial","01/10/2004 00:00:00","","SPO_F-ES1779A_06001_500_500","3.0","","","","","","","","","","","0","","","","","","","","","","","","","","","SPP-ES_A_TEOM_09000","01/10/2004 00:00:00","","automatic","TEOM","","","","","","","","","","","","","","","","","","",""
"Spain","ES.MAGRAMA.AQ","","NET-ES209A","""RED DE LA COMUNIDAD AUTONOMA DE CATALUÑA""","UTC+01","ES1780A","8080001","""ES1780A-Q9-FIGOLS""","SPO-ES1780A_06001_102","PM2.5","1.836110","42.180000","1120.000000","","rural-nearcity","industrial","01/01/2009 00:00:00","01/03/2012 00:00:00","SPO_F-ES1780A_06001_102_102","0.0","","","","","","","","","","","0","","","","","","","","","","","","","","","SPP-ES_N_gravi_00000","01/01/2009 00:00:00","01/03/2012 00:00:00","active","","","","","other","","gravi","","","","","","","","","","","","",""
"Spain","ES.MAGRAMA.AQ","","NET-ES209A","""RED DE LA COMUNIDAD AUTONOMA DE CATALUÑA""","UTC+01","ES1780A","8080001","""ES1780A-Q9-FIGOLS""","SPO-ES1780A_06001_102","PM2.5","1.836110","42.180000","1120.000000","","rural-nearcity","industrial","01/01/2009 00:00:00","01/03/2012 00:00:00","SPO_F-ES1780A_06001_102_102","0.0","","","","","","","","","","","0","","","","","","","","","","","","","","","SPP-ES_N_gravi_00714","01/01/2009 00:00:00","01/03/2012 00:00:00","active","","","","","","","gravi","","","","","","","","","","","","",""
"Spain","ES.MAGRAMA.AQ","","NET-ES209A","""RED DE LA COMUNIDAD AUTONOMA DE CATALUÑA""","UTC+01","ES1782A","8019051","""ES1782A-BARCELONA (C/LLUMS SOLE I SABARI)""","SPO-ES1782A_06001_100","PM2.5","2.119190","41.384720","55.000000","","urban","background","01/01/2005 00:00:00","31/12/2008 00:00:00","SPO_F-ES1782A_06001_100_100","0.0","","","","","","","","","","","0","","","","","","","","","","","","","","","SPP-ES_A_DOAS_00000","01/01/2005 00:00:00","31/12/2008 00:00:00","remote","DOAS","","other","","","","","","","","","","","","","","","","",""
"Spain","ES.MAGRAMA.AQ","","NET-ES209A","""RED DE LA COMUNIDAD AUTONOMA DE CATALUÑA""","UTC+01","ES1782A","8019051","""ES1782A-BARCELONA (C/LLUMS SOLE I SABARI)""","SPO-ES1782A_06001_100","PM2.5","2.119190","41.384720","55.000000","","urban","background","01/01/2005 00:00:00","31/12/2008 00:00:00","SPO_F-ES1782A_06001_100_100","0.0","","","","","","","","","","","0","","","","","","","","","","","","","","","SPP-ES_A_DOAS_03000","01/01/2005 00:00:00","31/12/2008 00:00:00","remote","DOAS","","","","","","","","","","","","","","","","","","",""
"Spain","ES.MAGRAMA.AQ","","NET-ES210A","""RED DE LA COMUNIDAD AUTONOMA DE LA COMUNIDAD VALENCIANA""","UTC+01","ES1787A","3122005","""ES1787A-SANT VICENT DEL RASPEIG""","SPO-ES1787A_06001_102","PM2.5","-0.527500","38.397220","123.000000","","urban","industrial","01/01/2005 00:00:00","31/12/2013 00:00:00","SPO_F-ES1787A_06001_102_102","0.0","","","","2.0","","","","","","","0","","","","","","","","","","","","","","","SPP-ES_N_gravi_00000","01/01/2005 00:00:00","31/12/2013 00:00:00","active","","","","","other","","gravi","","","","","","","","","","","","",""
"Spain","ES.MAGRAMA.AQ","","NET-ES210A","""RED DE LA COMUNIDAD AUTONOMA DE LA COMUNIDAD VALENCIANA""","UTC+01","ES1787A","3122005","""ES1787A-SANT VICENT DEL RASPEIG""","SPO-ES1787A_06001_102","PM2.5","-0.527500","38.397220","123.000000","","urban","industrial","01/01/2005 00:00:00","31/12/2013 00:00:00","SPO_F-ES1787A_06001_102_102","0.0","","","","2.0","","","","","","","0","","","","","","","","","","","","","","","SPP-ES_N_gravi_00714","01/01/2005 00:00:00","31/12/2013 00:00:00","active","","","","","","","gravi","","","","","","","","","","","","",""
"Spain","ES.MAGRAMA.AQ","","NET-ES210A","""RED DE LA COMUNIDAD AUTONOMA DE LA COMUNIDAD VALENCIANA""","UTC+01","ES1787A","3122005","""ES1787A-SANT VICENT DEL RASPEIG""","SPO-ES1787A_06001_500","PM2.5","-0.527500","38.397220","123.000000","","urban","industrial","06/07/2004 00:00:00","31/12/2005 00:00:00","SPO_F-ES1787A_06001_500_500","0.0","","","","2.0","","","","","","","0","","","","","","","","","","","","","","","SPP-ES_N_0000000000","06/07/2004 00:00:00","31/12/2005 00:00:00","active","","","","","","","other","","","","","","","","","","","","",""
"Spain","ES.MAGRAMA.AQ","","NET-ES210A","""RED DE LA COMUNIDAD AUTONOMA DE LA COMUNIDAD VALENCIANA""","UTC+01","ES1787A","3122005","""ES1787A-SANT VICENT DEL RASPEIG""","SPO-ES1787A_06001_500","PM2.5","-0.527500","38.397220","123.000000","","urban","industrial","06/07/2004 00:00:00","31/12/2005 00:00:00","SPO_F-ES1787A_06001_500_500","0.0","","","","2.0","","","","","","","0","","","","","","","","","","","","","","","SPP-ES_N_gravi_00000","06/07/2004 00:00:00","31/12/2005 00:00:00","active","","","","","other","","gravi","","","","","","","","","","","","",""
"Spain","ES.MAGRAMA.AQ","","NET-ES201A","""RED DE LA COMUNIDAD AUTONOMA DE ANDALUCIA""","UTC+01","ES1791A","21072001","""ES1791A-VALVERDE""","SPO-ES1791A_06001_102","PM2.5","-6.755550","37.579780","220.000000","","suburban","background","01/01/2009 00:00:00","20/04/2015 00:00:00","SPO_F-ES1791A_06001_102_102","0.0","","","","","","","","","","","0","","","","","","","","","","","","","","","SPP-ES_N_gravi_00000","01/01/2009 00:00:00","20/04/2015 00:00:00","active","","","","","other","","gravi","","","","","","","","","","","","",""
"Spain","ES.MAGRAMA.AQ","","NET-ES201A","""RED DE LA COMUNIDAD AUTONOMA DE ANDALUCIA""","UTC+01","ES1791A","21072001","""ES1791A-VALVERDE""","SPO-ES1791A_06001_102","PM2.5","-6.755550","37.579780","220.000000","","suburban","background","01/01/2009 00:00:00","","SPO_F-ES1791A_06001_102_102","0.0","","","","","","","","","","","0","","","","","","","","","","","","","","","SPP-ES_N_gravi_00714","01/01/2009 00:00:00","","active","","","","","","","gravi","","","","","","","","","","","","",""
"Spain","ES.MAGRAMA.AQ","","NET-ES201A","""RED DE LA COMUNIDAD AUTONOMA DE ANDALUCIA""","UTC+01","ES1792A","21050003","""ES1792A-MAZAGON""","SPO-ES1792A_06001_100","PM2.5","-6.807450","37.133790","31.000000","","suburban","industrial","25/01/2005 00:00:00","","SPO_F-ES1792A_06001_100_100","0.0","","","","","","","","","","","0","","","","","","","","","","","","","","","SPP-ES_A_BETA_00000","25/01/2005 00:00:00","","automatic","BETA","","other","","","","","","","","","","","","","","","","",""
"Spain","ES.MAGRAMA.AQ","","NET-ES201A","""RED DE LA COMUNIDAD AUTONOMA DE ANDALUCIA""","UTC+01","ES1792A","21050003","""ES1792A-MAZAGON""","SPO-ES1792A_06001_100","PM2.5","-6.807450","37.133790","31.000000","","suburban","industrial","25/01/2005 00:00:00","","SPO_F-ES1792A_06001_100_100","0.0","","","","","","","","","","","0","","","","","","","","","","","","","","","SPP-ES_A_BETA_01000","25/01/2005 00:00:00","","automatic","BETA","","","","","","","","","","","","","","","","","","",""
"Spain","ES.MAGRAMA.AQ","","NET-ES210A","""RED DE LA COMUNIDAD AUTONOMA DE LA COMUNIDAD VALENCIANA""","UTC+01","ES1797A","12032005","""ES1797A-BURRIANA RESIDENCIA""","SPO-ES1797A_06001_102","PM2.5","-0.087780","39.895000","20.000000","","urban","industrial","01/01/2005 00:00:00","","SPO_F-ES1797A_06001_102_102","0.0","","","","","","","","","","","0","","","","","","","","","","","","","","","SPP-ES_N_gravi_00000","01/01/2005 00:00:00","","active","","","","","other","","gravi","","","","","","","","","","","","",""
"Spain","ES.MAGRAMA.AQ","","NET-ES210A","""RED DE LA COMUNIDAD AUTONOMA DE LA COMUNIDAD VALENCIANA""","UTC+01","ES1797A","12032005","""ES1797A-BURRIANA RESIDENCIA""","SPO-ES1797A_06001_102","PM2.5","-0.087780","39.895000","20.000000","","urban","industrial","01/01/2005 00:00:00","","SPO_F-ES1797A_06001_102_102","0.0","","","","","","","","","","","0","","","","","","","","","","","","","","","SPP-ES_N_gravi_00714","01/01/2005 00:00:00","","active","","","","","","","gravi","","","","","","","","","","","","",""
"Spain","ES.MAGRAMA.AQ","","NET-ES210A","""RED DE LA COMUNIDAD AUTONOMA DE LA COMUNIDAD VALENCIANA""","UTC+01","ES1797A","12032005","""ES1797A-BURRIANA RESIDENCIA""","SPO-ES1797A_06001_500","PM2.5","-0.087780","39.895000","20.000000","","urban","industrial","31/12/2004 00:00:00","","SPO_F-ES1797A_06001_500_500","0.0","","","","","","","","","","","0","","","","","","","","","","","","","","","SPP-ES_N_gravi_00000","31/12/2004 00:00:00","","active","","","","","other","","gravi","","","","","","","","","","","","",""
"Spain","ES.MAGRAMA.AQ","","NET-ES210A","""RED DE LA COMUNIDAD AUTONOMA DE LA COMUNIDAD VALENCIANA""","UTC+01","ES1797A","12032005","""ES1797A-BURRIANA RESIDENCIA""","SPO-ES1797A_06001_500","PM2.5","-0.087780","39.895000","20.000000","","urban","industrial","31/12/2004 00:00:00","","SPO_F-ES1797A_06001_500_500","0.0","","","","","","","","","","","0","","","","","","","","","","","","","","","SPP-ES_N_gravi_00714","31/12/2004 00:00:00","","active","","","","","","","gravi","","","","","","","","","","","","",""
"Spain","ES.MAGRAMA.AQ","","NET-ES212A","""RED DE LA COMUNIDAD AUTONOMA DE GALICIA""","UTC+01","ES1798A","15030021","""ES1798A-LA GRELA""","SPO-ES1798A_06001_102","PM2.5","-8.424720","43.354170","65.000000","","urban","industrial","16/05/2006 00:00:00","","SPO_F-ES1798A_06001_102_102","0.0","","","","15.0","","","","","","","0","","","","","","","","","","","","","","","SPP-ES_N_gravi_00000","16/05/2006 00:00:00","","active","","","","","other","","gravi","","","","","","","","","","","","",""
"Spain","ES.MAGRAMA.AQ","","NET-ES212A","""RED DE LA COMUNIDAD AUTONOMA DE GALICIA""","UTC+01","ES1798A","15030021","""ES1798A-LA GRELA""","SPO-ES1798A_06001_102","PM2.5","-8.424720","43.354170","65.000000","","urban","industrial","16/05/2006 00:00:00","","SPO_F-ES1798A_06001_102_102","0.0","","","","15.0","","","","","","","0","","","","","","","","","","","","","","","SPP-ES_N_gravi_00714","16/05/2006 00:00:00","","active","","","","","","","gravi","","","","","","","","","","","","",""
"Spain","ES.MAGRAMA.AQ","","NET-ES201A","""RED DE LA COMUNIDAD AUTONOMA DE ANDALUCIA""","UTC+01","ES1799A","14021007","""ES1799A-LEPANTO""","SPO-ES1799A_06001_102","PM2.5","-4.762340","37.892610","119.000000","","urban","background","01/01/2009 00:00:00","","SPO_F-ES1799A_06001_102_102","0.0","","","","","","","","","","","0","","","","","","","","","","","","","","","SPP-ES_N_gravi_00000","01/01/2009 00:00:00","","active","","","","","other","","gravi","","","","","","","","","","","","",""
"Spain","ES.MAGRAMA.AQ","","NET-ES201A","""RED DE LA COMUNIDAD AUTONOMA DE ANDALUCIA""","UTC+01","ES1799A","14021007","""ES1799A-LEPANTO""","SPO-ES1799A_06001_102","PM2.5","-4.762340","37.892610","119.000000","","urban","background","01/01/2009 00:00:00","","SPO_F-ES1799A_06001_102_102","0.0","","","","","","","","","","","0","","","","","","","","","","","","","","","SPP-ES_N_gravi_00714","01/01/2009 00:00:00","","active","","","","","","","gravi","","","","","","","","","","","","",""
"Spain","ES.MAGRAMA.AQ","","NET-ES213A","""RED DE LA COMUNIDAD AUTONOMA DE MADRID""","UTC+01","ES1802A","28016001","""ES1802A-EL ATAZAR""","SPO-ES1802A_06001_100","PM2.5","-3.466670","40.910280","940.000000","","rural-remote","background","01/09/2006 00:00:00","","SPO_F-ES1802A_06001_100_100","0.0","","","","","","","","","","","0","","","","","","","","","","","","","","","SPP-ES_A_BETA_00000","01/09/2006 00:00:00","","automatic","BETA","","other","","","","","","","","","","","","","","","","",""
"Spain","ES.MAGRAMA.AQ","","NET-ES213A","""RED DE LA COMUNIDAD AUTONOMA DE MADRID""","UTC+01","ES1802A","28016001","""ES1802A-EL ATAZAR""","SPO-ES1802A_06001_100","PM2.5","-3.466670","40.910280","940.000000","","rural-remote","background","01/09/2006 00:00:00","","SPO_F-ES1802A_06001_100_100","0.0","","","","","","","","","","","0","","","","","","","","","","","","","","","SPP-ES_A_BETA_01000","01/09/2006 00:00:00","","automatic","BETA","","","","","","","","","","","","","","","","","","",""
"Spain","ES.MAGRAMA.AQ","","NET-ES213A","""RED DE LA COMUNIDAD AUTONOMA DE MADRID""","UTC+01","ES1803A","28047002","""ES1803A-COLLADO VILLALBA""","SPO-ES1803A_06001_100","PM2.5","-4.013330","40.633890","873.000000","","urban","traffic","31/05/2006 00:00:00","","SPO_F-ES1803A_06001_100_100","0.0","","","","","","","","","","","0","","","","","","","","","","","","","","","SPP-ES_A_BETA_00000","31/05/2006 00:00:00","","automatic","BETA","","other","","","","","","","","","","","","","","","","",""
"Spain","ES.MAGRAMA.AQ","","NET-ES213A","""RED DE LA COMUNIDAD AUTONOMA DE MADRID""","UTC+01","ES1803A","28047002","""ES1803A-COLLADO VILLALBA""","SPO-ES1803A_06001_100","PM2.5","-4.013330","40.633890","873.000000","","urban","traffic","31/05/2006 00:00:00","","SPO_F-ES1803A_06001_100_100","0.0","","","","","","","","","","","0","","","","","","","","","","","","","","","SPP-ES_A_BETA_01000","31/05/2006 00:00:00","","automatic","BETA","","","","","","","","","","","","","","","","","","",""
"Spain","ES.MAGRAMA.AQ","","NET-ES213A","""RED DE LA COMUNIDAD AUTONOMA DE MADRID""","UTC+01","ES1805A","28067001","""ES1805A-GUADALIX DE LA SIERRA""","SPO-ES1805A_06001_100","PM2.5","-3.702500","40.780830","853.000000","","rural-regional","background","31/10/2006 00:00:00","30/11/2009 00:00:00","SPO_F-ES1805A_06001_100_100","0.0","","","","","","","","","","","0","","","","","","","","","","","","","","","SPP-ES_A_BETA_00000","31/10/2006 00:00:00","30/11/2009 00:00:00","automatic","BETA","","other","","","","","","","","","","","","","","","","",""
"Spain","ES.MAGRAMA.AQ","","NET-ES213A","""RED DE LA COMUNIDAD AUTONOMA DE MADRID""","UTC+01","ES1805A","28067001","""ES1805A-GUADALIX DE LA SIERRA""","SPO-ES1805A_06001_100","PM2.5","-3.702500","40.780830","853.000000","","rural-regional","background","31/10/2006 00:00:00","30/11/2009 00:00:00","SPO_F-ES1805A_06001_100_100","0.0","","","","","","","","","","","0","","","","","","","","","","","","","","","SPP-ES_A_BETA_01000","31/10/2006 00:00:00","30/11/2009 00:00:00","automatic","BETA","","","","","","","","","","","","","","","","","","",""
"Spain","ES.MAGRAMA.AQ","","NET-ES213A","""RED DE LA COMUNIDAD AUTONOMA DE MADRID""","UTC+01","ES1809A","28161001","""ES1809A-VALDEMORO""","SPO-ES1809A_06001_100","PM2.5","-3.679720","40.185280","610.000000","","suburban","background","27/07/2006 00:00:00","","SPO_F-ES1809A_06001_100_100","0.0","","","","","","","","","","","0","","","","","","","","","","","","","","","SPP-ES_A_BETA_00000","27/07/2006 00:00:00","","automatic","BETA","","other","","","","","","","","","","","","","","","","",""
"Spain","ES.MAGRAMA.AQ","","NET-ES213A","""RED DE LA COMUNIDAD AUTONOMA DE MADRID""","UTC+01","ES1809A","28161001","""ES1809A-VALDEMORO""","SPO-ES1809A_06001_100","PM2.5","-3.679720","40.185280","610.000000","","suburban","background","27/07/2006 00:00:00","","SPO_F-ES1809A_06001_100_100","0.0","","","","","","","","","","","0","","","","","","","","","","","","","","","SPP-ES_A_BETA_01000","27/07/2006 00:00:00","","automatic","BETA","","","","","","","","","","","","","","","","","","",""
"Spain","ES.MAGRAMA.AQ","","NET-ES213A","""RED DE LA COMUNIDAD AUTONOMA DE MADRID""","UTC+01","ES1810A","28171001","""ES1810A-VILLA DEL PRADO""","SPO-ES1810A_06001_100","PM2.5","-4.274720","40.251940","512.000000","","rural-remote","background","14/06/2006 00:00:00","","SPO_F-ES1810A_06001_100_100","0.0","","","","","","","","","","","0","","","","","","","","","","","","","","","SPP-ES_A_BETA_00000","14/06/2006 00:00:00","","automatic","BETA","","other","","","","","","","","","","","","","","","","",""
"Spain","ES.MAGRAMA.AQ","","NET-ES213A","""RED DE LA COMUNIDAD AUTONOMA DE MADRID""","UTC+01","ES1810A","28171001","""ES1810A-VILLA DEL PRADO""","SPO-ES1810A_06001_100","PM2.5","-4.274720","40.251940","512.000000","","rural-remote","background","14/06/2006 00:00:00","","SPO_F-ES1810A_06001_100_100","0.0","","","","","","","","","","","0","","","","","","","","","","","","","","","SPP-ES_A_BETA_01000","14/06/2006 00:00:00","","automatic","BETA","","","","","","","","","","","","","","","","","","",""
"Spain","ES.MAGRAMA.AQ","","NET-ES213A","""RED DE LA COMUNIDAD AUTONOMA DE MADRID""","UTC+01","ES1811A","28180001","""ES1811A-VILLAREJO DE SALVANES""","SPO-ES1811A_06001_100","PM2.5","-3.276670","40.167220","764.000000","","rural-regional","background","12/04/2006 00:00:00","","SPO_F-ES1811A_06001_100_100","0.0","","","","","","","","","","","0","","","","","","","","","","","","","","","SPP-ES_A_BETA_00000","12/04/2006 00:00:00","","automatic","BETA","","other","","","","","","","","","","","","","","","","",""
"Spain","ES.MAGRAMA.AQ","","NET-ES213A","""RED DE LA COMUNIDAD AUTONOMA DE MADRID""","UTC+01","ES1811A","28180001","""ES1811A-VILLAREJO DE SALVANES""","SPO-ES1811A_06001_100","PM2.5","-3.276670","40.167220","764.000000","","rural-regional","background","12/04/2006 00:00:00","","SPO_F-ES1811A_06001_100_100","0.0","","","","","","","","","","","0","","","","","","","","","","","","","","","SPP-ES_A_BETA_01000","12/04/2006 00:00:00","","automatic","BETA","","","","","","","","","","","","","","","","","","",""
"Spain","ES.MAGRAMA.AQ","","NET-ES207A","""RED DE LA COMUNIDAD AUTONOMA DE CASTILLA LA MANCHA""","UTC+01","ES1818A","45168002","""ES1818A-TOLEDO2""","SPO-ES1818A_06001_100","PM2.5","-4.020830","39.868060","500.000000","","suburban","background","01/01/2010 00:00:00","","SPO_F-ES1818A_06001_100_100","0.0","","","","","","","","","","","0","","","","","","","","","","","","","","","SPP-ES_A_BETA_00000","01/01/2010 00:00:00","","automatic","BETA","","other","","","","","","","","","","","","","","","","",""
"Spain","ES.MAGRAMA.AQ","","NET-ES207A","""RED DE LA COMUNIDAD AUTONOMA DE CASTILLA LA MANCHA""","UTC+01","ES1818A","45168002","""ES1818A-TOLEDO2""","SPO-ES1818A_06001_100","PM2.5","-4.020830","39.868060","500.000000","","suburban","background","01/01/2010 00:00:00","","SPO_F-ES1818A_06001_100_100","0.0","","","","","","","","","","","0","","","","","","","","","","","","","","","SPP-ES_A_BETA_01000","01/01/2010 00:00:00","","automatic","BETA","","","","","","","","","","","","","","","","","","",""
"Spain","ES.MAGRAMA.AQ","","NET-ES207A","""RED DE LA COMUNIDAD AUTONOMA DE CASTILLA LA MANCHA""","UTC+01","ES1818A","45168002","""ES1818A-TOLEDO2""","SPO-ES1818A_06001_102","PM2.5","-4.020830","39.868060","500.000000","","suburban","background","01/03/2007 00:00:00","","SPO_F-ES1818A_06001_102_102","0.0","","","","","","","","","","","0","","","","","","","","","","","","","","","SPP-ES_A_BETA_00000","01/03/2007 00:00:00","","automatic","BETA","","other","","","","","","","","","","","","","","","","",""
"Spain","ES.MAGRAMA.AQ","","NET-ES207A","""RED DE LA COMUNIDAD AUTONOMA DE CASTILLA LA MANCHA""","UTC+01","ES1818A","45168002","""ES1818A-TOLEDO2""","SPO-ES1818A_06001_102","PM2.5","-4.020830","39.868060","500.000000","","suburban","background","01/03/2007 00:00:00","","SPO_F-ES1818A_06001_102_102","0.0","","","","","","","","","","","0","","","","","","","","","","","","","","","SPP-ES_A_BETA_01000","01/03/2007 00:00:00","","automatic","BETA","","","","","","","","","","","","","","","","","","",""
"Spain","ES.MAGRAMA.AQ","","NET-ES211A","""RED DE LA COMUNIDAD AUTONOMA DE EXTREMADURA""","UTC+01","ES1819A","6083001","""ES1819A-MERIDA""","SPO-ES1819A_06001_100","PM2.5","-6.338060","38.907500","214.000000","","suburban","background","27/07/2006 00:00:00","","SPO_F-ES1819A_06001_100_100","0.0","","","","","","","","","","","0","","","","","","","","","","","","","","","SPP-ES_A_BETA_00000","27/07/2006 00:00:00","","automatic","BETA","","other","","","","","","","","","","","","","","","","",""
"Spain","ES.MAGRAMA.AQ","","NET-ES211A","""RED DE LA COMUNIDAD AUTONOMA DE EXTREMADURA""","UTC+01","ES1819A","6083001","""ES1819A-MERIDA""","SPO-ES1819A_06001_100","PM2.5","-6.338060","38.907500","214.000000","","suburban","background","27/07/2006 00:00:00","","SPO_F-ES1819A_06001_100_100","0.0","","","","","","","","","","","0","","","","","","","","","","","","","","","SPP-ES_A_BETA_01000","27/07/2006 00:00:00","","automatic","BETA","","","","","","","","","","","","","","","","","","",""
"Spain","ES.MAGRAMA.AQ","","NET-ES211A","""RED DE LA COMUNIDAD AUTONOMA DE EXTREMADURA""","UTC+01","ES1820A","6158001","""ES1820A-ZAFRA""","SPO-ES1820A_06001_100","PM2.5","-6.395000","38.429170","551.000000","","suburban","background","14/06/2006 00:00:00","","SPO_F-ES1820A_06001_100_100","0.0","","","","","","","","","","","0","","","","","","","","","","","","","","","SPP-ES_A_BETA_00000","14/06/2006 00:00:00","","automatic","BETA","","other","","","","","","","","","","","","","","","","",""
"Spain","ES.MAGRAMA.AQ","","NET-ES211A","""RED DE LA COMUNIDAD AUTONOMA DE EXTREMADURA""","UTC+01","ES1820A","6158001","""ES1820A-ZAFRA""","SPO-ES1820A_06001_100","PM2.5","-6.395000","38.429170","551.000000","","suburban","background","14/06/2006 00:00:00","","SPO_F-ES1820A_06001_100_100","0.0","","","","","","","","","","","0","","","","","","","","","","","","","","","SPP-ES_A_BETA_01000","14/06/2006 00:00:00","","automatic","BETA","","","","","","","","","","","","","","","","","","",""
"Spain","ES.MAGRAMA.AQ","","NET-ES201A","""RED DE LA COMUNIDAD AUTONOMA DE ANDALUCIA""","UTC+01","ES1821A","11006001","""ES1821A-ARCOS""","SPO-ES1821A_06001_100","PM2.5","-5.743720","36.739750","216.000000","","suburban","industrial","19/04/2005 00:00:00","","SPO_F-ES1821A_06001_100_100","0.0","","","","3.0","","","","","","","0","","","","","","","","","","","","","","","SPP-ES_A_BETA_00000","19/04/2005 00:00:00","","automatic","BETA","","other","","","","","","","","","","","","","","","","",""
"Spain","ES.MAGRAMA.AQ","","NET-ES201A","""RED DE LA COMUNIDAD AUTONOMA DE ANDALUCIA""","UTC+01","ES1821A","11006001","""ES1821A-ARCOS""","SPO-ES1821A_06001_100","PM2.5","-5.743720","36.739750","216.000000","","suburban","industrial","19/04/2005 00:00:00","","SPO_F-ES1821A_06001_100_100","0.0","","","","3.0","","","","","","","0","","","","","","","","","","","","","","","SPP-ES_A_BETA_01000","19/04/2005 00:00:00","","automatic","BETA","","","","","","","","","","","","","","","","","","",""
"Spain","ES.MAGRAMA.AQ","","NET-ES201A","""RED DE LA COMUNIDAD AUTONOMA DE ANDALUCIA""","UTC+01","ES1822A","11026001","""ES1822A-PRADO REY""","SPO-ES1822A_06001_100","PM2.5","-5.531620","36.794490","390.000000","","rural-regional","industrial","06/04/2005 00:00:00","","SPO_F-ES1822A_06001_100_100","0.0","","","","","","","","","","","0","","","","","","","","","","","","","","","SPP-ES_A_BETA_00000","06/04/2005 00:00:00","","automatic","BETA","","other","","","","","","","","","","","","","","","","",""
"Spain","ES.MAGRAMA.AQ","","NET-ES201A","""RED DE LA COMUNIDAD AUTONOMA DE ANDALUCIA""","UTC+01","ES1822A","11026001","""ES1822A-PRADO REY""","SPO-ES1822A_06001_100","PM2.5","-5.531620","36.794490","390.000000","","rural-regional","industrial","06/04/2005 00:00:00","","SPO_F-ES1822A_06001_100_100","0.0","","","","","","","","","","","0","","","","","","","","","","","","","","","SPP-ES_A_BETA_01000","06/04/2005 00:00:00","","automatic","BETA","","","","","","","","","","","","","","","","","","",""
"Spain","ES.MAGRAMA.AQ","","NET-ES201A","""RED DE LA COMUNIDAD AUTONOMA DE ANDALUCIA""","UTC+01","ES1823A","18087009","""ES1823A-CAMPUS DE CARTUJA""","SPO-ES1823A_06001_102","PM2.5","-3.594440","37.196110","760.000000","","suburban","background","01/01/2009 00:00:00","15/06/2009 00:00:00","SPO_F-ES1823A_06001_102_102","0.0","","","","","","","","","","","0","","","","","","","","","","","","","","","SPP-ES_N_gravi_00000","01/01/2009 00:00:00","15/06/2009 00:00:00","active","","","","","other","","gravi","","","","","","","","","","","","",""
"Spain","ES.MAGRAMA.AQ","","NET-ES201A","""RED DE LA COMUNIDAD AUTONOMA DE ANDALUCIA""","UTC+01","ES1823A","18087009","""ES1823A-CAMPUS DE CARTUJA""","SPO-ES1823A_06001_102","PM2.5","-3.594440","37.196110","760.000000","","suburban","background","01/01/2009 00:00:00","15/06/2009 00:00:00","SPO_F-ES1823A_06001_102_102","0.0","","","","","","","","","","","0","","","","","","","","","","","","","","","SPP-ES_N_gravi_00714","01/01/2009 00:00:00","15/06/2009 00:00:00","active","","","","","","","gravi","","","","","","","","","","","","",""
"Spain","ES.MAGRAMA.AQ","","NET-ES210A","""RED DE LA COMUNIDAD AUTONOMA DE LA COMUNIDAD VALENCIANA""","UTC+01","ES1826A","46190005","""ES1826A-PATERNA-CEAM""","SPO-ES1826A_06001_102","PM2.5","-0.460830","39.551390","122.000000","","suburban","background","03/12/2005 00:00:00","","SPO_F-ES1826A_06001_102_102","0.0","","","","","","","","","","","0","","","","","","","","","","","","","","","SPP-ES_N_gravi_00000","03/12/2005 00:00:00","","active","","","","","other","","gravi","","","","","","","","","","","","",""
"Spain","ES.MAGRAMA.AQ","","NET-ES210A","""RED DE LA COMUNIDAD AUTONOMA DE LA COMUNIDAD VALENCIANA""","UTC+01","ES1826A","46190005","""ES1826A-PATERNA-CEAM""","SPO-ES1826A_06001_102","PM2.5","-0.460830","39.551390","122.000000","","suburban","background","03/12/2005 00:00:00","","SPO_F-ES1826A_06001_102_102","0.0","","","","","","","","","","","0","","","","","","","","","","","","","","","SPP-ES_N_gravi_00714","03/12/2005 00:00:00","","active","","","","","","","gravi","","","","","","","","","","","","",""
"Spain","ES.MAGRAMA.AQ","","NET-ES204A","""RED DE LA COMUNIDAD AUTONOMA DE LAS ISLAS BALEARES""","UTC+01","ES1827A","7010001","""ES1827A-HOSPITAL JOAN MARCH""","SPO-ES1827A_06001_100","PM2.5","2.687780","39.678890","172.000000","","rural-regional","background","01/01/2005 00:00:00","15/07/2010 00:00:00","SPO_F-ES1827A_06001_100_100","0.0","","","","","","","","","","","0","","","","","","","","","","","","","","","SPP-ES_A_BETA_00000","01/01/2005 00:00:00","15/07/2010 00:00:00","automatic","BETA","","other","","","","","","","","","","","","","","","","",""
"Spain","ES.MAGRAMA.AQ","","NET-ES204A","""RED DE LA COMUNIDAD AUTONOMA DE LAS ISLAS BALEARES""","UTC+01","ES1827A","7010001","""ES1827A-HOSPITAL JOAN MARCH""","SPO-ES1827A_06001_100","PM2.5","2.687780","39.678890","172.000000","","rural-regional","background","01/01/2005 00:00:00","15/07/2010 00:00:00","SPO_F-ES1827A_06001_100_100","0.0","","","","","","","","","","","0","","","","","","","","","","","","","","","SPP-ES_A_BETA_01000","01/01/2005 00:00:00","15/07/2010 00:00:00","automatic","BETA","","","","","","","","","","","","","","","","","","",""
"Spain","ES.MAGRAMA.AQ","","NET-ES204A","""RED DE LA COMUNIDAD AUTONOMA DE LAS ISLAS BALEARES""","UTC+01","ES1827A","7010001","""ES1827A-HOSPITAL JOAN MARCH""","SPO-ES1827A_06001_101","PM2.5","2.687780","39.678890","172.000000","","rural-regional","background","16/07/2010 00:00:00","","SPO_F-ES1827A_06001_101_101","0.0","","","","","","","","","","","0","","","","","","","","","","","","","","","SPP-ES_A_TEOM_00000","16/07/2010 00:00:00","","automatic","TEOM","","other","","","","","","","","","","","","","","","","",""
"Spain","ES.MAGRAMA.AQ","","NET-ES204A","""RED DE LA COMUNIDAD AUTONOMA DE LAS ISLAS BALEARES""","UTC+01","ES1827A","7010001","""ES1827A-HOSPITAL JOAN MARCH""","SPO-ES1827A_06001_101","PM2.5","2.687780","39.678890","172.000000","","rural-regional","background","16/07/2010 00:00:00","","SPO_F-ES1827A_06001_101_101","0.0","","","","","","","","","","","0","","","","","","","","","","","","","","","SPP-ES_A_TEOM_09000","16/07/2010 00:00:00","","automatic","TEOM","","","","","","","","","","","","","","","","","","",""
"Spain","ES.MAGRAMA.AQ","","NET-ES210A","""RED DE LA COMUNIDAD AUTONOMA DE LA COMUNIDAD VALENCIANA""","UTC+01","ES1834A","12040015","""ES1834A-CASTELLÓ-PATRONAT D'ESPORTS""","SPO-ES1834A_06001_100","PM2.5","-0.026110","39.988890","18.000000","","urban","traffic","02/02/2006 00:00:00","","SPO_F-ES1834A_06001_100_100","0.0","","","","14.0","","","","","","","0","","","","","","","","","","","","","","","SPP-ES_A_DOAS_00000","02/02/2006 00:00:00","","remote","DOAS","","other","","","","","","","","","","","","","","","","",""
"Spain","ES.MAGRAMA.AQ","","NET-ES210A","""RED DE LA COMUNIDAD AUTONOMA DE LA COMUNIDAD VALENCIANA""","UTC+01","ES1834A","12040015","""ES1834A-CASTELLÓ-PATRONAT D'ESPORTS""","SPO-ES1834A_06001_100","PM2.5","-0.026110","39.988890","18.000000","","urban","traffic","02/02/2006 00:00:00","","SPO_F-ES1834A_06001_100_100","0.0","","","","14.0","","","","","","","0","","","","","","","","","","","","","","","SPP-ES_A_DOAS_03000","02/02/2006 00:00:00","","remote","DOAS","","","","","","","","","","","","","","","","","","",""
"Spain","ES.MAGRAMA.AQ","","NET-ES210A","""RED DE LA COMUNIDAD AUTONOMA DE LA COMUNIDAD VALENCIANA""","UTC+01","ES1834A","12040015","""ES1834A-CASTELLÓ-PATRONAT D'ESPORTS""","SPO-ES1834A_06001_101","PM2.5","-0.026110","39.988890","18.000000","","urban","traffic","02/02/2006 00:00:00","31/12/2008 00:00:00","SPO_F-ES1834A_06001_101_101","0.0","","","","14.0","","","","","","","0","","","","","","","","","","","","","","","SPP-ES_N_gravi_00000","02/02/2006 00:00:00","31/12/2008 00:00:00","active","","","","","other","","gravi","","","","","","","","","","","","",""
"Spain","ES.MAGRAMA.AQ","","NET-ES210A","""RED DE LA COMUNIDAD AUTONOMA DE LA COMUNIDAD VALENCIANA""","UTC+01","ES1834A","12040015","""ES1834A-CASTELLÓ-PATRONAT D'ESPORTS""","SPO-ES1834A_06001_101","PM2.5","-0.026110","39.988890","18.000000","","urban","traffic","02/02/2006 00:00:00","31/12/2008 00:00:00","SPO_F-ES1834A_06001_101_101","0.0","","","","14.0","","","","","","","0","","","","","","","","","","","","","","","SPP-ES_N_gravi_00714","02/02/2006 00:00:00","31/12/2008 00:00:00","active","","","","","","","gravi","","","","","","","","","","","","",""
"Spain","ES.MAGRAMA.AQ","","NET-ES210A","""RED DE LA COMUNIDAD AUTONOMA DE LA COMUNIDAD VALENCIANA""","UTC+01","ES1834A","12040015","""ES1834A-CASTELLÓ-PATRONAT D'ESPORTS""","SPO-ES1834A_06001_102","PM2.5","-0.026110","39.988890","18.000000","","urban","traffic","02/02/2006 00:00:00","","SPO_F-ES1834A_06001_102_102","0.0","","","","14.0","","","","","","","0","","","","","","","","","","","","","","","SPP-ES_N_gravi_00000","02/02/2006 00:00:00","","active","","","","","other","","gravi","","","","","","","","","","","","",""
"Spain","ES.MAGRAMA.AQ","","NET-ES210A","""RED DE LA COMUNIDAD AUTONOMA DE LA COMUNIDAD VALENCIANA""","UTC+01","ES1834A","12040015","""ES1834A-CASTELLÓ-PATRONAT D'ESPORTS""","SPO-ES1834A_06001_102","PM2.5","-0.026110","39.988890","18.000000","","urban","traffic","02/02/2006 00:00:00","","SPO_F-ES1834A_06001_102_102","0.0","","","","14.0","","","","","","","0","","","","","","","","","","","","","","","SPP-ES_N_gravi_00714","02/02/2006 00:00:00","","active","","","","","","","gravi","","","","","","","","","","","","",""
"Spain","ES.MAGRAMA.AQ","","NET-ES213A","""RED DE LA COMUNIDAD AUTONOMA DE MADRID""","UTC+01","ES1838A","28009001","""ES1838A-ALGETE""","SPO-ES1838A_06001_100","PM2.5","-3.503060","40.593330","800.000000","","suburban","background","01/01/2007 00:00:00","","SPO_F-ES1838A_06001_100_100","0.0","","","","","","","","","","","0","","","","","","","","","","","","","","","SPP-ES_A_BETA_00000","01/01/2007 00:00:00","","automatic","BETA","","other","","","","","","","","","","","","","","","","",""
"Spain","ES.MAGRAMA.AQ","","NET-ES213A","""RED DE LA COMUNIDAD AUTONOMA DE MADRID""","UTC+01","ES1838A","28009001","""ES1838A-ALGETE""","SPO-ES1838A_06001_100","PM2.5","-3.503060","40.593330","800.000000","","suburban","background","01/01/2007 00:00:00","","SPO_F-ES1838A_06001_100_100","0.0","","","","","","","","","","","0","","","","","","","","","","","","","","","SPP-ES_A_BETA_01000","01/01/2007 00:00:00","","automatic","BETA","","","","","","","","","","","","","","","","","","",""
"Spain","ES.MAGRAMA.AQ","","NET-ES209A","""RED DE LA COMUNIDAD AUTONOMA DE CATALUÑA""","UTC+01","ES1841A","8121014","""ES1841A-MATARO-LABORATORI D'AIGES""","SPO-ES1841A_06001_102","PM2.5","2.436940","41.551110","30.000000","","urban","background","15/12/2008 00:00:00","","SPO_F-ES1841A_06001_102_102","0.0","","","","","","","","","","","0","","","","","","","","","","","","","","","SPP-ES_N_gravi_00000","15/12/2008 00:00:00","","active","","","","","other","","gravi","","","","","","","","","","","","",""
"Spain","ES.MAGRAMA.AQ","","NET-ES209A","""RED DE LA COMUNIDAD AUTONOMA DE CATALUÑA""","UTC+01","ES1841A","8121014","""ES1841A-MATARO-LABORATORI D'AIGES""","SPO-ES1841A_06001_102","PM2.5","2.436940","41.551110","30.000000","","urban","background","15/12/2008 00:00:00","","SPO_F-ES1841A_06001_102_102","0.0","","","","","","","","","","","0","","","","","","","","","","","","","","","SPP-ES_N_gravi_00714","15/12/2008 00:00:00","","active","","","","","","","gravi","","","","","","","","","","","","",""
"Spain","ES.MAGRAMA.AQ","","NET-ES201A","""RED DE LA COMUNIDAD AUTONOMA DE ANDALUCIA""","UTC+01","ES1845A","4032005","""ES1845A-PZA. DEL CASTILLO""","SPO-ES1845A_06001_102","PM2.5","-1.895350","36.996780","5.000000","","urban","industrial","01/01/2009 00:00:00","","SPO_F-ES1845A_06001_102_102","0.0","","","","2.0","","","","","","","0","","","","","","","","","","","","","","","SPP-ES_N_gravi_00000","01/01/2009 00:00:00","","active","","","","","other","","gravi","","","","","","","","","","","","",""
"Spain","ES.MAGRAMA.AQ","","NET-ES201A","""RED DE LA COMUNIDAD AUTONOMA DE ANDALUCIA""","UTC+01","ES1845A","4032005","""ES1845A-PZA. DEL CASTILLO""","SPO-ES1845A_06001_102","PM2.5","-1.895350","36.996780","5.000000","","urban","industrial","01/01/2009 00:00:00","","SPO_F-ES1845A_06001_102_102","0.0","","","","2.0","","","","","","","0","","","","","","","","","","","","","","","SPP-ES_N_gravi_00714","01/01/2009 00:00:00","","active","","","","","","","gravi","","","","","","","","","","","","",""
"Spain","ES.MAGRAMA.AQ","","NET-ES210A","""RED DE LA COMUNIDAD AUTONOMA DE LA COMUNIDAD VALENCIANA""","UTC+01","ES1847A","3002002","""ES1847A-AGOST""","SPO-ES1847A_06001_102","PM2.5","-0.638060","38.436390","312.000000","","urban","industrial","06/09/2005 00:00:00","","SPO_F-ES1847A_06001_102_102","0.0","","","","1.0","","","","","","","0","","","","","","","","","","","","","","","SPP-ES_N_gravi_00000","06/09/2005 00:00:00","","active","","","","","other","","gravi","","","","","","","","","","","","",""
"Spain","ES.MAGRAMA.AQ","","NET-ES210A","""RED DE LA COMUNIDAD AUTONOMA DE LA COMUNIDAD VALENCIANA""","UTC+01","ES1847A","3002002","""ES1847A-AGOST""","SPO-ES1847A_06001_102","PM2.5","-0.638060","38.436390","312.000000","","urban","industrial","06/09/2005 00:00:00","","SPO_F-ES1847A_06001_102_102","0.0","","","","1.0","","","","","","","0","","","","","","","","","","","","","","","SPP-ES_N_gravi_00714","06/09/2005 00:00:00","","active","","","","","","","gravi","","","","","","","","","","","","",""
"Spain","ES.MAGRAMA.AQ","","NET-ES210A","""RED DE LA COMUNIDAD AUTONOMA DE LA COMUNIDAD VALENCIANA""","UTC+01","ES1849A","3065007","""ES1849A-ELX-PARC DE BOMBERS""","SPO-ES1849A_06001_102","PM2.5","-0.717500","38.259170","99.000000","","urban","traffic","17/07/2007 00:00:00","","SPO_F-ES1849A_06001_102_102","0.0","","","","","","","","","","","0","","","","","","","","","","","","","","","SPP-ES_N_gravi_00000","17/07/2007 00:00:00","","active","","","","","other","","gravi","","","","","","","","","","","","",""
"Spain","ES.MAGRAMA.AQ","","NET-ES210A","""RED DE LA COMUNIDAD AUTONOMA DE LA COMUNIDAD VALENCIANA""","UTC+01","ES1849A","3065007","""ES1849A-ELX-PARC DE BOMBERS""","SPO-ES1849A_06001_102","PM2.5","-0.717500","38.259170","99.000000","","urban","traffic","17/07/2007 00:00:00","","SPO_F-ES1849A_06001_102_102","0.0","","","","","","","","","","","0","","","","","","","","","","","","","","","SPP-ES_N_gravi_00714","17/07/2007 00:00:00","","active","","","","","","","gravi","","","","","","","","","","","","",""
"Spain","ES.MAGRAMA.AQ","","NET-ES209A","""RED DE LA COMUNIDAD AUTONOMA DE CATALUÑA""","UTC+01","ES1851A","8022006","""ES1851A-BK-BERGA (POLIESPORTIU)""","SPO-ES1851A_06001_102","PM2.5","1.848330","42.097780","661.000000","","rural-nearcity","background","01/04/2007 00:00:00","","SPO_F-ES1851A_06001_102_102","0.0","","","","31.0","","","","","","","0","","","","","","","","","","","","","","","SPP-ES_N_gravi_00000","01/04/2007 00:00:00","","active","","","","","other","","gravi","","","","","","","","","","","","",""
"Spain","ES.MAGRAMA.AQ","","NET-ES209A","""RED DE LA COMUNIDAD AUTONOMA DE CATALUÑA""","UTC+01","ES1851A","8022006","""ES1851A-BK-BERGA (POLIESPORTIU)""","SPO-ES1851A_06001_102","PM2.5","1.848330","42.097780","661.000000","","rural-nearcity","background","01/04/2007 00:00:00","","SPO_F-ES1851A_06001_102_102","0.0","","","","31.0","","","","","","","0","","","","","","","","","","","","","","","SPP-ES_N_gravi_00714","01/04/2007 00:00:00","","active","","","","","","","gravi","","","","","","","","","","","","",""
"Spain","ES.MAGRAMA.AQ","","NET-ES209A","""RED DE LA COMUNIDAD AUTONOMA DE CATALUÑA""","UTC+01","ES1852A","8019053","""ES1852A-IES GOYA""","SPO-ES1852A_06001_102","PM2.5","2.169720","41.421110","2.000000","","urban","background","01/01/2009 00:00:00","","SPO_F-ES1852A_06001_102_102","0.0","","","","","","","","","","","0","","","","","","","","","","","","","","","SPP-ES_N_gravi_00000","01/01/2009 00:00:00","","active","","","","","other","","gravi","","","","","","","","","","","","",""
"Spain","ES.MAGRAMA.AQ","","NET-ES209A","""RED DE LA COMUNIDAD AUTONOMA DE CATALUÑA""","UTC+01","ES1852A","8019053","""ES1852A-IES GOYA""","SPO-ES1852A_06001_102","PM2.5","2.169720","41.421110","2.000000","","urban","background","01/01/2009 00:00:00","","SPO_F-ES1852A_06001_102_102","0.0","","","","","","","","","","","0","","","","","","","","","","","","","","","SPP-ES_N_gravi_00714","01/01/2009 00:00:00","","active","","","","","","","gravi","","","","","","","","","","","","",""
"Spain","ES.MAGRAMA.AQ","","NET-ES209A","""RED DE LA COMUNIDAD AUTONOMA DE CATALUÑA""","UTC+01","ES1856A","8019054","""ES1856A-IN-BARCELONA(VALL DHEBRON)""","SPO-ES1856A_06001_102","PM2.5","2.148060","41.426110","129.000000","","urban","background","31/12/2007 00:00:00","","SPO_F-ES1856A_06001_102_102","3.0","","","","21.0","","","","","","","0","","","","","","","","","","","","","","","SPP-ES_N_gravi_digitelDHA-80","31/12/2007 00:00:00","","active","","","","","other","","gravi","","","","","","","","","","","","",""
"Spain","ES.MAGRAMA.AQ","","NET-ES209A","""RED DE LA COMUNIDAD AUTONOMA DE CATALUÑA""","UTC+01","ES1856A","8019054","""ES1856A-IN-BARCELONA(VALL DHEBRON)""","SPO-ES1856A_06001_102","PM2.5","2.148060","41.426110","129.000000","","urban","background","31/12/2007 00:00:00","","SPO_F-ES1856A_06001_102_102","3.0","","","","21.0","","","","","","","0","","","","","","","","","","","","","","","SPP-ES_N_gravi_digitelDHA-80","31/12/2007 00:00:00","","active","","","","","","","gravi","","","","","","","","","","","","",""
"Spain","ES.MAGRAMA.AQ","","NET-ES205A","""RED DE LA COMUNIDAD AUTONOMA DE LAS ISLAS CANARIAS""","UTC+01","ES1863A","35004001","""ES1863A-ARRECIFE""","SPO-ES1863A_06001_100","PM2.5","-13.547500","28.976940","47.000000","","urban","industrial","01/01/2009 00:00:00","","SPO_F-ES1863A_06001_100_100","0.0","","","","1.0","","","","","","","0","","","","","","","","","","","","","","","SPP-ES_A_TEOM_00000","01/01/2009 00:00:00","","automatic","TEOM","","other","","","","","","","","","","","","","","","","",""
"Spain","ES.MAGRAMA.AQ","","NET-ES205A","""RED DE LA COMUNIDAD AUTONOMA DE LAS ISLAS CANARIAS""","UTC+01","ES1863A","35004001","""ES1863A-ARRECIFE""","SPO-ES1863A_06001_100","PM2.5","-13.547500","28.976940","47.000000","","urban","industrial","01/01/2009 00:00:00","","SPO_F-ES1863A_06001_100_100","0.0","","","","1.0","","","","","","","0","","","","","","","","","","","","","","","SPP-ES_A_TEOM_09000","01/01/2009 00:00:00","","automatic","TEOM","","","","","","","","","","","","","","","","","","",""
"Spain","ES.MAGRAMA.AQ","","NET-ES205A","""RED DE LA COMUNIDAD AUTONOMA DE LAS ISLAS CANARIAS""","UTC+01","ES1864A","35024001","""ES1864A-COSTA TEGUISE""","SPO-ES1864A_06001_100","PM2.5","-13.516550","28.990310","36.000000","","suburban","industrial","01/01/2009 00:00:00","","SPO_F-ES1864A_06001_100_100","0.0","","","","3.0","","","","","","","0","","","","","","","","","","","","","","","SPP-ES_A_TEOM_00000","01/01/2009 00:00:00","","automatic","TEOM","","other","","","","","","","","","","","","","","","","",""
"Spain","ES.MAGRAMA.AQ","","NET-ES205A","""RED DE LA COMUNIDAD AUTONOMA DE LAS ISLAS CANARIAS""","UTC+01","ES1864A","35024001","""ES1864A-COSTA TEGUISE""","SPO-ES1864A_06001_100","PM2.5","-13.516550","28.990310","36.000000","","suburban","industrial","01/01/2009 00:00:00","","SPO_F-ES1864A_06001_100_100","0.0","","","","3.0","","","","","","","0","","","","","","","","","","","","","","","SPP-ES_A_TEOM_09000","01/01/2009 00:00:00","","automatic","TEOM","","","","","","","","","","","","","","","","","","",""
"Spain","ES.MAGRAMA.AQ","","NET-ES205A","""RED DE LA COMUNIDAD AUTONOMA DE LAS ISLAS CANARIAS""","UTC+01","ES1865A","35017001","""ES1865A-CENTRO DE ARTE JUAN ISMAEL""","SPO-ES1865A_06001_100","PM2.5","-13.852220","28.500280","20.000000","","urban","industrial","01/01/2009 00:00:00","","SPO_F-ES1865A_06001_100_100","0.0","","","","20.0","","","","","","","0","","","","","","","","","","","","","","","SPP-ES_A_TEOM_00000","01/01/2009 00:00:00","","automatic","TEOM","","other","","","","","","","","","","","","","","","","",""
"Spain","ES.MAGRAMA.AQ","","NET-ES205A","""RED DE LA COMUNIDAD AUTONOMA DE LAS ISLAS CANARIAS""","UTC+01","ES1865A","35017001","""ES1865A-CENTRO DE ARTE JUAN ISMAEL""","SPO-ES1865A_06001_100","PM2.5","-13.852220","28.500280","20.000000","","urban","industrial","01/01/2009 00:00:00","","SPO_F-ES1865A_06001_100_100","0.0","","","","20.0","","","","","","","0","","","","","","","","","","","","","","","SPP-ES_A_TEOM_09000","01/01/2009 00:00:00","","automatic","TEOM","","","","","","","","","","","","","","","","","","",""
"Spain","ES.MAGRAMA.AQ","","NET-ES205A","""RED DE LA COMUNIDAD AUTONOMA DE LAS ISLAS CANARIAS""","UTC+01","ES1866A","35017002","""ES1866A-PARQUE DE LA PIEDRA""","SPO-ES1866A_06001_100","PM2.5","-13.853610","28.502500","15.000000","","urban","background","01/01/2009 00:00:00","","SPO_F-ES1866A_06001_100_100","0.0","","","","40.0","","","","","","","0","","","","","","","","","","","","","","","SPP-ES_A_TEOM_00000","01/01/2009 00:00:00","","automatic","TEOM","","other","","","","","","","","","","","","","","","","",""
"Spain","ES.MAGRAMA.AQ","","NET-ES205A","""RED DE LA COMUNIDAD AUTONOMA DE LAS ISLAS CANARIAS""","UTC+01","ES1866A","35017002","""ES1866A-PARQUE DE LA PIEDRA""","SPO-ES1866A_06001_100","PM2.5","-13.853610","28.502500","15.000000","","urban","background","01/01/2009 00:00:00","","SPO_F-ES1866A_06001_100_100","0.0","","","","40.0","","","","","","","0","","","","","","","","","","","","","","","SPP-ES_A_TEOM_09000","01/01/2009 00:00:00","","automatic","TEOM","","","","","","","","","","","","","","","","","","",""
"Spain","ES.MAGRAMA.AQ","","NET-ES212A","""RED DE LA COMUNIDAD AUTONOMA DE GALICIA""","UTC+01","ES1867A","15036003","""ES1867A-FERROL""","SPO-ES1867A_06001_600","PM2.5","-8.241390","43.480560","5.000000","","urban","traffic","01/01/2015 00:00:00","","SPO_F-ES1867A_06001_600_600","3.0","","","","8.0","","","","","","","0","","","","","","","","","","","","","","","SPP-ES_A_BETA_00000","01/01/2015 00:00:00","","automatic","BETA","","other","","","","","","","","","","","","","","","","",""
"Spain","ES.MAGRAMA.AQ","","NET-ES212A","""RED DE LA COMUNIDAD AUTONOMA DE GALICIA""","UTC+01","ES1868A","15078007","""ES1868A-COMPOSTELA""","SPO-ES1868A_06001_600","PM2.5","-8.559170","42.875830","220.000000","","urban","background","01/12/2013 00:00:00","","SPO_F-ES1868A_06001_600_600","3.0","","","","20.0","","","","","","","0","","","","","","","","","","","","","","","SPP-ES_A_BETA_00000","01/12/2013 00:00:00","","automatic","BETA","","other","","","","","","","","","","","","","","","","",""
"Spain","ES.MAGRAMA.AQ","","NET-ES210A","""RED DE LA COMUNIDAD AUTONOMA DE LA COMUNIDAD VALENCIANA""","UTC+01","ES1877A","12009007","""ES1877A-ALMASSORA-C. P. OCHANDO""","SPO-ES1877A_06001_100","PM2.5","-0.056390","39.945280","27.000000","","urban","industrial","10/10/2006 00:00:00","","SPO_F-ES1877A_06001_100_100","0.0","","","","","","","","","","","0","","","","","","","","","","","","","","","SPP-ES_A_light-scat_00000","10/10/2006 00:00:00","","automatic","light-scat","","other","","","","","","","","","","","","","","","","",""
"Spain","ES.MAGRAMA.AQ","","NET-ES210A","""RED DE LA COMUNIDAD AUTONOMA DE LA COMUNIDAD VALENCIANA""","UTC+01","ES1877A","12009007","""ES1877A-ALMASSORA-C. P. OCHANDO""","SPO-ES1877A_06001_100","PM2.5","-0.056390","39.945280","27.000000","","urban","industrial","10/10/2006 00:00:00","","SPO_F-ES1877A_06001_100_100","0.0","","","","","","","","","","","0","","","","","","","","","","","","","","","SPP-ES_A_light-scat_52000","10/10/2006 00:00:00","","automatic","light-scat","","","","","","","","","","","","","","","","","","",""
"Spain","ES.MAGRAMA.AQ","","NET-ES201A","""RED DE LA COMUNIDAD AUTONOMA DE ANDALUCIA""","UTC+01","ES1878A","21005002","""ES1878A-MATALASCAÑAS""","SPO-ES1878A_06001_102","PM2.5","-6.570420","37.016100","22.000000","","rural-regional","background","01/01/2011 00:00:00","","SPO_F-ES1878A_06001_102_102","0.0","","","","","","","","","","","0","","","","","","","","","","","","","","","SPP-ES_N_gravi_00000","01/01/2011 00:00:00","","active","","","","","other","","gravi","","","","","","","","","","","","",""
"Spain","ES.MAGRAMA.AQ","","NET-ES201A","""RED DE LA COMUNIDAD AUTONOMA DE ANDALUCIA""","UTC+01","ES1878A","21005002","""ES1878A-MATALASCAÑAS""","SPO-ES1878A_06001_102","PM2.5","-6.570420","37.016100","22.000000","","rural-regional","background","01/01/2011 00:00:00","","SPO_F-ES1878A_06001_102_102","0.0","","","","","","","","","","","0","","","","","","","","","","","","","","","SPP-ES_N_gravi_06114","01/01/2011 00:00:00","","active","","","","","","","gravi","","","","","","","","","","","","",""
"Spain","ES.MAGRAMA.AQ","","NET-ES202A","""RED DE LA COMUNIDAD AUTONOMA DE ARAGON""","UTC+01","ES1879A","44067001","""ES1879A-CASTELNOU""","SPO-ES1879A_06001_100","PM2.5","0.356390","41.225280","201.000000","","rural-regional","industrial","01/01/2008 00:00:00","","SPO_F-ES1879A_06001_100_100","0.0","","","","","","","","","","","0","","","","","","","","","","","","","","","SPP-ES_A_BETA_00000","01/01/2008 00:00:00","","automatic","BETA","","other","","","","","","","","","","","","","","","","",""
"Spain","ES.MAGRAMA.AQ","","NET-ES202A","""RED DE LA COMUNIDAD AUTONOMA DE ARAGON""","UTC+01","ES1879A","44067001","""ES1879A-CASTELNOU""","SPO-ES1879A_06001_100","PM2.5","0.356390","41.225280","201.000000","","rural-regional","industrial","01/01/2008 00:00:00","","SPO_F-ES1879A_06001_100_100","0.0","","","","","","","","","","","0","","","","","","","","","","","","","","","SPP-ES_A_BETA_01000","01/01/2008 00:00:00","","automatic","BETA","","","","","","","","","","","","","","","","","","",""
"Spain","ES.MAGRAMA.AQ","","NET-ES202A","""RED DE LA COMUNIDAD AUTONOMA DE ARAGON""","UTC+01","ES1883A","22190001","""ES1883A-TORRELISA""","SPO-ES1883A_06001_100","PM2.5","0.181940","42.457780","1005.000000","","rural-remote","background","01/02/2008 00:00:00","","SPO_F-ES1883A_06001_100_100","0.0","","","","","","","","","","","0","","","","","","","","","","","","","","","SPP-ES_A_BETA_00000","01/02/2008 00:00:00","","automatic","BETA","","other","","","","","","","","","","","","","","","","",""
"Spain","ES.MAGRAMA.AQ","","NET-ES202A","""RED DE LA COMUNIDAD AUTONOMA DE ARAGON""","UTC+01","ES1883A","22190001","""ES1883A-TORRELISA""","SPO-ES1883A_06001_100","PM2.5","0.181940","42.457780","1005.000000","","rural-remote","background","01/02/2008 00:00:00","","SPO_F-ES1883A_06001_100_100","0.0","","","","","","","","","","","0","","","","","","","","","","","","","","","SPP-ES_A_BETA_01000","01/02/2008 00:00:00","","automatic","BETA","","","","","","","","","","","","","","","","","","",""
"Spain","ES.MAGRAMA.AQ","","NET-ES210A","""RED DE LA COMUNIDAD AUTONOMA DE LA COMUNIDAD VALENCIANA""","UTC+01","ES1884A","46220010","""ES1884A-SAGUNT CEA""","SPO-ES1884A_06001_100","PM2.5","-0.265830","39.634170","3.000000","","suburban","industrial","01/01/2008 00:00:00","","SPO_F-ES1884A_06001_100_100","3.0","","","","","","","","","","","0","","","","","","","","","","","","","","","SPP-ES_A_light-scat_00000","01/01/2008 00:00:00","","automatic","light-scat","","other","","","","","","","","","","","","","","","","",""
"Spain","ES.MAGRAMA.AQ","","NET-ES210A","""RED DE LA COMUNIDAD AUTONOMA DE LA COMUNIDAD VALENCIANA""","UTC+01","ES1884A","46220010","""ES1884A-SAGUNT CEA""","SPO-ES1884A_06001_100","PM2.5","-0.265830","39.634170","3.000000","","suburban","industrial","01/01/2008 00:00:00","","SPO_F-ES1884A_06001_100_100","3.0","","","","","","","","","","","0","","","","","","","","","","","","","","","SPP-ES_A_light-scat_52000","01/01/2008 00:00:00","","automatic","light-scat","","","","","","","","","","","","","","","","","","",""
"Spain","ES.MAGRAMA.AQ","","NET-ES210A","""RED DE LA COMUNIDAD AUTONOMA DE LA COMUNIDAD VALENCIANA""","UTC+01","ES1885A","46250046","""ES1885A-VALÈNCIA-POLITÈCNIC""","SPO-ES1885A_06001_100","PM2.5","-0.336390","39.480280","7.000000","","urban","background","04/04/2008 00:00:00","","SPO_F-ES1885A_06001_100_100","3.0","","","","","","","","","","","0","","","","","","","","","","","","","","","SPP-ES_A_light-scat_00000","04/04/2008 00:00:00","","automatic","light-scat","","other","","","","","","","","","","","","","","","","",""
"Spain","ES.MAGRAMA.AQ","","NET-ES210A","""RED DE LA COMUNIDAD AUTONOMA DE LA COMUNIDAD VALENCIANA""","UTC+01","ES1885A","46250046","""ES1885A-VALÈNCIA-POLITÈCNIC""","SPO-ES1885A_06001_100","PM2.5","-0.336390","39.480280","7.000000","","urban","background","04/04/2008 00:00:00","","SPO_F-ES1885A_06001_100_100","3.0","","","","","","","","","","","0","","","","","","","","","","","","","","","SPP-ES_A_light-scat_52000","04/04/2008 00:00:00","","automatic","light-scat","","","","","","","","","","","","","","","","","","",""
"Spain","ES.MAGRAMA.AQ","","NET-ES210A","""RED DE LA COMUNIDAD AUTONOMA DE LA COMUNIDAD VALENCIANA""","UTC+01","ES1886A","46077006","""ES1886A-BUÑOL CEMEX""","SPO-ES1886A_06001_100","PM2.5","-0.783890","39.427220","400.000000","","suburban","industrial","21/05/2007 00:00:00","","SPO_F-ES1886A_06001_100_100","10.0","","","","","","","","","","","0","","","","","","","","","","","","","","","SPP-ES_A_light-scat_00000","21/05/2007 00:00:00","","automatic","light-scat","","other","","","","","","","","","","","","","","","","",""
"Spain","ES.MAGRAMA.AQ","","NET-ES210A","""RED DE LA COMUNIDAD AUTONOMA DE LA COMUNIDAD VALENCIANA""","UTC+01","ES1886A","46077006","""ES1886A-BUÑOL CEMEX""","SPO-ES1886A_06001_100","PM2.5","-0.783890","39.427220","400.000000","","suburban","industrial","21/05/2007 00:00:00","","SPO_F-ES1886A_06001_100_100","10.0","","","","","","","","","","","0","","","","","","","","","","","","","","","SPP-ES_A_light-scat_52000","21/05/2007 00:00:00","","automatic","light-scat","","","","","","","","","","","","","","","","","","",""
"Spain","ES.MAGRAMA.AQ","","NET-ES209A","""RED DE LA COMUNIDAD AUTONOMA DE CATALUÑA""","UTC+01","ES1887A","8283003","""ES1887A-IES DE TONA""","SPO-ES1887A_06001_102","PM2.5","2.223610","41.848060","606.000000","","rural-nearcity","background","01/01/2010 00:00:00","","SPO_F-ES1887A_06001_102_102","0.0","","","","","","","","","","","0","","","","","","","","","","","","","","","SPP-ES_N_gravi_00000","01/01/2010 00:00:00","","active","","","","","other","","gravi","","","","","","","","","","","","",""
"Spain","ES.MAGRAMA.AQ","","NET-ES209A","""RED DE LA COMUNIDAD AUTONOMA DE CATALUÑA""","UTC+01","ES1887A","8283003","""ES1887A-IES DE TONA""","SPO-ES1887A_06001_102","PM2.5","2.223610","41.848060","606.000000","","rural-nearcity","background","01/01/2010 00:00:00","","SPO_F-ES1887A_06001_102_102","0.0","","","","","","","","","","","0","","","","","","","","","","","","","","","SPP-ES_N_gravi_00714","01/01/2010 00:00:00","","active","","","","","","","gravi","","","","","","","","","","","","",""
"Spain","ES.MAGRAMA.AQ","","NET-ES208A","""RED DE LA COMUNIDAD AUTONOMA DE CASTILLA Y LEON""","UTC+01","ES1889A","37274011","""ES1889A-SALAMANCA 6""","SPO-ES1889A_06001_100","PM2.5","-5.639720","40.960830","743.000000","","suburban","background","21/12/2006 00:00:00","","SPO_F-ES1889A_06001_100_100","0.0","","","","","","","","","","","0","","","","","","","","","","","","","","","SPP-ES_A_BETA_00000","21/12/2006 00:00:00","","automatic","BETA","","other","","","","","","","","","","","","","","","","",""
"Spain","ES.MAGRAMA.AQ","","NET-ES208A","""RED DE LA COMUNIDAD AUTONOMA DE CASTILLA Y LEON""","UTC+01","ES1889A","37274011","""ES1889A-SALAMANCA 6""","SPO-ES1889A_06001_100","PM2.5","-5.639720","40.960830","743.000000","","suburban","background","21/12/2006 00:00:00","","SPO_F-ES1889A_06001_100_100","0.0","","","","","","","","","","","0","","","","","","","","","","","","","","","SPP-ES_A_BETA_01000","21/12/2006 00:00:00","","automatic","BETA","","","","","","","","","","","","","","","","","","",""
"Spain","ES.MAGRAMA.AQ","","NET-ES213A","""RED DE LA COMUNIDAD AUTONOMA DE MADRID""","UTC+01","ES1890A","28007004","""ES1890A-ALCORCÓN 2""","SPO-ES1890A_06001_100","PM2.5","-3.833890","40.341940","693.000000","","urban","background","11/09/2008 00:00:00","","SPO_F-ES1890A_06001_100_100","0.0","","","","","","","","","","","0","","","","","","","","","","","","","","","SPP-ES_A_BETA_00000","11/09/2008 00:00:00","","automatic","BETA","","other","","","","","","","","","","","","","","","","",""
"Spain","ES.MAGRAMA.AQ","","NET-ES213A","""RED DE LA COMUNIDAD AUTONOMA DE MADRID""","UTC+01","ES1890A","28007004","""ES1890A-ALCORCÓN 2""","SPO-ES1890A_06001_100","PM2.5","-3.833890","40.341940","693.000000","","urban","background","11/09/2008 00:00:00","","SPO_F-ES1890A_06001_100_100","0.0","","","","","","","","","","","0","","","","","","","","","","","","","","","SPP-ES_A_BETA_01000","11/09/2008 00:00:00","","automatic","BETA","","","","","","","","","","","","","","","","","","",""
"Spain","ES.MAGRAMA.AQ","","NET-ES213A","""RED DE LA COMUNIDAD AUTONOMA DE MADRID""","UTC+01","ES1890A","28007004","""ES1890A-ALCORCÓN 2""","SPO-ES1890A_06001_102","PM2.5","-3.833890","40.341940","693.000000","","urban","background","01/01/2010 00:00:00","","SPO_F-ES1890A_06001_102_102","0.0","","","","","","","","","","","0","","","","","","","","","","","","","","","SPP-ES_A_BETA_00000","01/01/2010 00:00:00","","automatic","BETA","","other","","","","","","","","","","","","","","","","",""
"Spain","ES.MAGRAMA.AQ","","NET-ES213A","""RED DE LA COMUNIDAD AUTONOMA DE MADRID""","UTC+01","ES1890A","28007004","""ES1890A-ALCORCÓN 2""","SPO-ES1890A_06001_102","PM2.5","-3.833890","40.341940","693.000000","","urban","background","01/01/2010 00:00:00","","SPO_F-ES1890A_06001_102_102","0.0","","","","","","","","","","","0","","","","","","","","","","","","","","","SPP-ES_A_BETA_01000","01/01/2010 00:00:00","","automatic","BETA","","","","","","","","","","","","","","","","","","",""
"Spain","ES.MAGRAMA.AQ","","NET-ES209A","""RED DE LA COMUNIDAD AUTONOMA DE CATALUÑA""","UTC+01","ES1891A","8096014","""ES1891A-GRANOLLERS""","SPO-ES1891A_06001_102","PM2.5","2.288330","41.600830","140.000000","","urban","traffic","01/10/2010 00:00:00","","SPO_F-ES1891A_06001_102_102","0.0","","","","6.0","","","","","","","0","","","","","","","","","","","","","","","SPP-ES_N_gravi_00000","01/10/2010 00:00:00","","active","","","","","other","","gravi","","","","","","","","","","","","",""
"Spain","ES.MAGRAMA.AQ","","NET-ES209A","""RED DE LA COMUNIDAD AUTONOMA DE CATALUÑA""","UTC+01","ES1891A","8096014","""ES1891A-GRANOLLERS""","SPO-ES1891A_06001_102","PM2.5","2.288330","41.600830","140.000000","","urban","traffic","01/10/2010 00:00:00","","SPO_F-ES1891A_06001_102_102","0.0","","","","6.0","","","","","","","0","","","","","","","","","","","","","","","SPP-ES_N_gravi_00714","01/10/2010 00:00:00","","active","","","","","","","gravi","","","","","","","","","","","","",""
"Spain","ES.MAGRAMA.AQ","","NET-ES213A","""RED DE LA COMUNIDAD AUTONOMA DE MADRID""","UTC+01","ES1893A","28079044","""ES1893A-CENTRO CULTURAL ALFREDO KRAUSS""","SPO-ES1893A_06001_102","PM2.5","-3.721110","40.490830","669.000000","","urban","background","30/01/2009 00:00:00","","SPO_F-ES1893A_06001_102_102","1.0","","","","","","","","","","","0","","","","","","","","","","","","","","","SPP-ES_N_gravi_00000","30/01/2009 00:00:00","","active","","","","","other","","gravi","","","","","","","","","","","","",""
"Spain","ES.MAGRAMA.AQ","","NET-ES213A","""RED DE LA COMUNIDAD AUTONOMA DE MADRID""","UTC+01","ES1893A","28079044","""ES1893A-CENTRO CULTURAL ALFREDO KRAUSS""","SPO-ES1893A_06001_102","PM2.5","-3.721110","40.490830","669.000000","","urban","background","30/01/2009 00:00:00","","SPO_F-ES1893A_06001_102_102","1.0","","","","","","","","","","","0","","","","","","","","","","","","","","","SPP-ES_N_gravi_00714","30/01/2009 00:00:00","","active","","","","","","","gravi","","","","","","","","","","","","",""
"Spain","ES.MAGRAMA.AQ","","NET-ES213A","""RED DE LA COMUNIDAD AUTONOMA DE MADRID""","UTC+01","ES1894A","28079045","""ES1894A-JUNTA MUNICIPAL DE MORATALAZ""","SPO-ES1894A_06001_102","PM2.5","-3.636940","40.398610","687.000000","","urban","background","30/12/2008 00:00:00","","SPO_F-ES1894A_06001_102_102","11.0","","","","","","","","","","","0","","","","","","","","","","","","","","","SPP-ES_N_gravi_00000","30/12/2008 00:00:00","","active","","","","","other","","gravi","","","","","","","","","","","","",""
"Spain","ES.MAGRAMA.AQ","","NET-ES213A","""RED DE LA COMUNIDAD AUTONOMA DE MADRID""","UTC+01","ES1894A","28079045","""ES1894A-JUNTA MUNICIPAL DE MORATALAZ""","SPO-ES1894A_06001_102","PM2.5","-3.636940","40.398610","687.000000","","urban","background","30/12/2008 00:00:00","","SPO_F-ES1894A_06001_102_102","11.0","","","","","","","","","","","0","","","","","","","","","","","","","","","SPP-ES_N_gravi_00714","30/12/2008 00:00:00","","active","","","","","","","gravi","","","","","","","","","","","","",""
"Spain","ES.MAGRAMA.AQ","","NET-ES201A","""RED DE LA COMUNIDAD AUTONOMA DE ANDALUCIA""","UTC+01","ES1897A","29067007","""ES1897A-CAMPANILLAS CIFA""","SPO-ES1897A_06001_100","PM2.5","-4.560950","36.727850","55.000000","","suburban","industrial","01/08/2008 00:00:00","","SPO_F-ES1897A_06001_100_100","4.0","","","","","","","","","","","0","","","","","","","","","","","","","","","SPP-ES_A_BETA_BAM1020","01/08/2008 00:00:00","","automatic","BETA","","BAM1020","","","","","","","","","","","","","","","","",""
"Spain","ES.MAGRAMA.AQ","","NET-ES201A","""RED DE LA COMUNIDAD AUTONOMA DE ANDALUCIA""","UTC+01","ES1897A","29067007","""ES1897A-CAMPANILLAS CIFA""","SPO-ES1897A_06001_100","PM2.5","-4.560950","36.727850","55.000000","","suburban","industrial","01/08/2008 00:00:00","","SPO_F-ES1897A_06001_100_100","4.0","","","","","","","","","","","0","","","","","","","","","","","","","","","SPP-ES_A_BETA_BAM1020","01/08/2008 00:00:00","","automatic","BETA","","","","","","","","","","","","","","","","","","",""
"Spain","ES.MAGRAMA.AQ","","NET-ES201A","""RED DE LA COMUNIDAD AUTONOMA DE ANDALUCIA""","UTC+01","ES1898A","29032001","""ES1898A-CAMPILLOS""","SPO-ES1898A_06001_102","PM2.5","-4.844830","36.962300","359.000000","","rural-regional","background","01/01/2009 00:00:00","","SPO_F-ES1898A_06001_102_102","0.0","","","","","","","","","","","0","","","","","","","","","","","","","","","SPP-ES_N_gravi_00000","01/01/2009 00:00:00","","active","","","","","other","","gravi","","","","","","","","","","","","",""
"Spain","ES.MAGRAMA.AQ","","NET-ES201A","""RED DE LA COMUNIDAD AUTONOMA DE ANDALUCIA""","UTC+01","ES1898A","29032001","""ES1898A-CAMPILLOS""","SPO-ES1898A_06001_102","PM2.5","-4.844830","36.962300","359.000000","","rural-regional","background","01/01/2009 00:00:00","","SPO_F-ES1898A_06001_102_102","0.0","","","","","","","","","","","0","","","","","","","","","","","","","","","SPP-ES_N_gravi_00714","01/01/2009 00:00:00","","active","","","","","","","gravi","","","","","","","","","","","","",""
"Spain","ES.MAGRAMA.AQ","","NET-ES212A","""RED DE LA COMUNIDAD AUTONOMA DE GALICIA""","UTC+01","ES1901A","15078008","""ES1901A-SAN CAETANO""","SPO-ES1901A_06001_100","PM2.5","-8.530830","42.887780","260.000000","","urban","traffic","01/09/2008 00:00:00","","SPO_F-ES1901A_06001_100_100","0.0","","","","20.0","","","","","","","0","","","","","","","","","","","","","","","SPP-ES_A_light-scat_GRIMM-EDM180","01/09/2008 00:00:00","","automatic","light-scat","","","","","","","","","","","","","","","","","","",""
"Spain","ES.MAGRAMA.AQ","","NET-ES212A","""RED DE LA COMUNIDAD AUTONOMA DE GALICIA""","UTC+01","ES1901A","15078008","""ES1901A-SAN CAETANO""","SPO-ES1901A_06001_100","PM2.5","-8.530830","42.887780","260.000000","","urban","traffic","01/09/2008 00:00:00","","SPO_F-ES1901A_06001_100_100","0.0","","","","20.0","","","","","","","0","","","","","","","","","","","","","","","SPP-ES_A_light-scat_GRIMM-EDM180","01/09/2008 00:00:00","","automatic","light-scat","","GRIMM-EDM180","","","","","","","","","","","","","","","","",""
"Spain","ES.MAGRAMA.AQ","","NET-ES209A","""RED DE LA COMUNIDAD AUTONOMA DE CATALUÑA""","UTC+01","ES1903A","8301004","""ES1903A-VILADECANS-ATRIUM""","SPO-ES1903A_06001_102","PM2.5","2.015000","41.314720","14.000000","","suburban","traffic","01/01/2009 00:00:00","","SPO_F-ES1903A_06001_102_102","2.0","","","","9.0","","","","","","","0","","","","","","","","","","","","","","","SPP-ES_N_gravi_00000","01/01/2009 00:00:00","","active","","","","","other","","gravi","","","","","","","","","","","","",""
"Spain","ES.MAGRAMA.AQ","","NET-ES209A","""RED DE LA COMUNIDAD AUTONOMA DE CATALUÑA""","UTC+01","ES1903A","8301004","""ES1903A-VILADECANS-ATRIUM""","SPO-ES1903A_06001_102","PM2.5","2.015000","41.314720","14.000000","","suburban","traffic","01/01/2009 00:00:00","","SPO_F-ES1903A_06001_102_102","2.0","","","","9.0","","","","","","","0","","","","","","","","","","","","","","","SPP-ES_N_gravi_00714","01/01/2009 00:00:00","","active","","","","","","","gravi","","","","","","","","","","","","",""
"Spain","ES.MAGRAMA.AQ","","NET-ES212A","""RED DE LA COMUNIDAD AUTONOMA DE GALICIA""","UTC+01","ES1905A","27028005","""ES1905A-LUGO-FINGOY""","SPO-ES1905A_06001_600","PM2.5","-7.550000","42.998060","450.000000","","urban","traffic","01/01/2015 00:00:00","","SPO_F-ES1905A_06001_600_600","3.0","","","","5.0","","","","","","","0","","","","","","","","","","","","","","","SPP-ES_A_BETA_00000","01/01/2015 00:00:00","","automatic","BETA","","other","","","","","","","","","","","","","","","","",""
"Spain","ES.MAGRAMA.AQ","","NET-ES212A","""RED DE LA COMUNIDAD AUTONOMA DE GALICIA""","UTC+01","ES1907A","15005012","""ES1907A-CENTRO CIVICO""","SPO-ES1907A_06001_600","PM2.5","-8.505560","43.302220","100.000000","","suburban","industrial","01/01/2013 00:00:00","","SPO_F-ES1907A_06001_600_600","-999.0","","","","","","","","","","","0","","","","","","","","","","","","","","","SPP-ES_A_TEOM_00000","01/01/2013 00:00:00","","automatic","TEOM","","other","","","","","","","","","","","","","","","","",""
"Spain","ES.MAGRAMA.AQ","","NET-ES209A","""RED DE LA COMUNIDAD AUTONOMA DE CATALUÑA""","UTC+01","ES1910A","8089005","""ES1910A-GAVA""","SPO-ES1910A_06001_102","PM2.5","1.991670","41.303060","25.000000","","suburban","background","01/01/2009 00:00:00","","SPO_F-ES1910A_06001_102_102","2.0","","","","","","","","","","","0","","","","","","","","","","","","","","","SPP-ES_N_gravi_00000","01/01/2009 00:00:00","","active","","","","","other","","gravi","","","","","","","","","","","","",""
"Spain","ES.MAGRAMA.AQ","","NET-ES209A","""RED DE LA COMUNIDAD AUTONOMA DE CATALUÑA""","UTC+01","ES1910A","8089005","""ES1910A-GAVA""","SPO-ES1910A_06001_102","PM2.5","1.991670","41.303060","25.000000","","suburban","background","01/01/2009 00:00:00","","SPO_F-ES1910A_06001_102_102","2.0","","","","","","","","","","","0","","","","","","","","","","","","","","","SPP-ES_N_gravi_00714","01/01/2009 00:00:00","","active","","","","","","","gravi","","","","","","","","","","","","",""
"Spain","ES.MAGRAMA.AQ","","NET-ES210A","""RED DE LA COMUNIDAD AUTONOMA DE LA COMUNIDAD VALENCIANA""","UTC+01","ES1911A","46010001","""ES1911A-ALBALAT DELS TARONGERS""","SPO-ES1911A_06001_100","PM2.5","-0.336670","39.705280","320.000000","","suburban","industrial","18/02/2009 00:00:00","","SPO_F-ES1911A_06001_100_100","3.0","","","","","","","","","","","0","","","","","","","","","","","","","","","SPP-ES_A_light-scat_00000","18/02/2009 00:00:00","","automatic","light-scat","","other","","","","","","","","","","","","","","","","",""
"Spain","ES.MAGRAMA.AQ","","NET-ES210A","""RED DE LA COMUNIDAD AUTONOMA DE LA COMUNIDAD VALENCIANA""","UTC+01","ES1911A","46010001","""ES1911A-ALBALAT DELS TARONGERS""","SPO-ES1911A_06001_100","PM2.5","-0.336670","39.705280","320.000000","","suburban","industrial","18/02/2009 00:00:00","","SPO_F-ES1911A_06001_100_100","3.0","","","","","","","","","","","0","","","","","","","","","","","","","","","SPP-ES_A_light-scat_52000","18/02/2009 00:00:00","","automatic","light-scat","","","","","","","","","","","","","","","","","","",""
"Spain","ES.MAGRAMA.AQ","","NET-ES210A","""RED DE LA COMUNIDAD AUTONOMA DE LA COMUNIDAD VALENCIANA""","UTC+01","ES1912A","46250047","""ES1912A-VALÈNCIA - AVD. FRANCIA""","SPO-ES1912A_06001_100","PM2.5","-0.342780","39.457500","7.000000","","urban","traffic","01/01/2009 00:00:00","","SPO_F-ES1912A_06001_100_100","0.0","","","","60.0","","","","","","","0","","","","","","","","","","","","","","","SPP-ES_A_DOAS_00000","01/01/2009 00:00:00","","remote","DOAS","","other","","","","","","","","","","","","","","","","",""
"Spain","ES.MAGRAMA.AQ","","NET-ES210A","""RED DE LA COMUNIDAD AUTONOMA DE LA COMUNIDAD VALENCIANA""","UTC+01","ES1912A","46250047","""ES1912A-VALÈNCIA - AVD. FRANCIA""","SPO-ES1912A_06001_100","PM2.5","-0.342780","39.457500","7.000000","","urban","traffic","01/01/2009 00:00:00","","SPO_F-ES1912A_06001_100_100","0.0","","","","60.0","","","","","","","0","","","","","","","","","","","","","","","SPP-ES_A_DOAS_03000","01/01/2009 00:00:00","","remote","DOAS","","","","","","","","","","","","","","","","","","",""
"Spain","ES.MAGRAMA.AQ","","NET-ES210A","""RED DE LA COMUNIDAD AUTONOMA DE LA COMUNIDAD VALENCIANA""","UTC+01","ES1913A","3105001","""ES1913A-EL PINÓS""","SPO-ES1913A_06001_102","PM2.5","-1.064720","38.451670","642.000000","","rural-regional","background","18/01/2006 00:00:00","","SPO_F-ES1913A_06001_102_102","3.0","","","","","","","","","","","0","","","","","","","","","","","","","","","SPP-ES_N_gravi_00000","18/01/2006 00:00:00","","active","","","","","other","","gravi","","","","","","","","","","","","",""
"Spain","ES.MAGRAMA.AQ","","NET-ES210A","""RED DE LA COMUNIDAD AUTONOMA DE LA COMUNIDAD VALENCIANA""","UTC+01","ES1913A","3105001","""ES1913A-EL PINÓS""","SPO-ES1913A_06001_102","PM2.5","-1.064720","38.451670","642.000000","","rural-regional","background","18/01/2006 00:00:00","","SPO_F-ES1913A_06001_102_102","3.0","","","","","","","","","","","0","","","","","","","","","","","","","","","SPP-ES_N_gravi_00714","18/01/2006 00:00:00","","active","","","","","","","gravi","","","","","","","","","","","","",""
"Spain","ES.MAGRAMA.AQ","","NET-ES210A","""RED DE LA COMUNIDAD AUTONOMA DE LA COMUNIDAD VALENCIANA""","UTC+01","ES1914A","3066003","""ES1914A-ELDA-LACY""","SPO-ES1914A_06001_100","PM2.5","-0.803330","38.454720","355.000000","","suburban","background","04/09/2008 00:00:00","","SPO_F-ES1914A_06001_100_100","3.0","","","","12.0","","","","","","","0","","","","","","","","","","","","","","","SPP-ES_A_light-scat_00000","04/09/2008 00:00:00","","automatic","light-scat","","other","","","","","","","","","","","","","","","","",""
"Spain","ES.MAGRAMA.AQ","","NET-ES210A","""RED DE LA COMUNIDAD AUTONOMA DE LA COMUNIDAD VALENCIANA""","UTC+01","ES1914A","3066003","""ES1914A-ELDA-LACY""","SPO-ES1914A_06001_100","PM2.5","-0.803330","38.454720","355.000000","","suburban","background","04/09/2008 00:00:00","","SPO_F-ES1914A_06001_100_100","3.0","","","","12.0","","","","","","","0","","","","","","","","","","","","","","","SPP-ES_A_light-scat_52000","04/09/2008 00:00:00","","automatic","light-scat","","","","","","","","","","","","","","","","","","",""
"Spain","ES.MAGRAMA.AQ","","NET-ES210A","""RED DE LA COMUNIDAD AUTONOMA DE LA COMUNIDAD VALENCIANA""","UTC+01","ES1915A","3014008","""ES1915A-ALACANT-FLORIDA-BABEL""","SPO-ES1915A_06001_102","PM2.5","-0.506670","38.340280","55.000000","","urban","background","08/01/2009 00:00:00","","SPO_F-ES1915A_06001_102_102","6.0","","","","","","","","","","","0","","","","","","","","","","","","","","","SPP-ES_N_gravi_00000","08/01/2009 00:00:00","","active","","","","","other","","gravi","","","","","","","","","","","","",""
"Spain","ES.MAGRAMA.AQ","","NET-ES210A","""RED DE LA COMUNIDAD AUTONOMA DE LA COMUNIDAD VALENCIANA""","UTC+01","ES1915A","3014008","""ES1915A-ALACANT-FLORIDA-BABEL""","SPO-ES1915A_06001_102","PM2.5","-0.506670","38.340280","55.000000","","urban","background","08/01/2009 00:00:00","","SPO_F-ES1915A_06001_102_102","6.0","","","","","","","","","","","0","","","","","","","","","","","","","","","SPP-ES_N_gravi_00714","08/01/2009 00:00:00","","active","","","","","","","gravi","","","","","","","","","","","","",""
"Spain","ES.MAGRAMA.AQ","","NET-ES210A","""RED DE LA COMUNIDAD AUTONOMA DE LA COMUNIDAD VALENCIANA""","UTC+01","ES1916A","12040016","""ES1916A-CASTELLÓ - ITC""","SPO-ES1916A_06001_102","PM2.5","-0.065000","39.995830","30.000000","","urban","background","01/01/2009 00:00:00","","SPO_F-ES1916A_06001_102_102","0.0","","","","72.0","","","","","","","0","","","","","","","","","","","","","","","SPP-ES_N_gravi_00000","01/01/2009 00:00:00","","active","","","","","other","","gravi","","","","","","","","","","","","",""
"Spain","ES.MAGRAMA.AQ","","NET-ES210A","""RED DE LA COMUNIDAD AUTONOMA DE LA COMUNIDAD VALENCIANA""","UTC+01","ES1916A","12040016","""ES1916A-CASTELLÓ - ITC""","SPO-ES1916A_06001_102","PM2.5","-0.065000","39.995830","30.000000","","urban","background","01/01/2009 00:00:00","","SPO_F-ES1916A_06001_102_102","0.0","","","","72.0","","","","","","","0","","","","","","","","","","","","","","","SPP-ES_N_gravi_00714","01/01/2009 00:00:00","","active","","","","","","","gravi","","","","","","","","","","","","",""
"Spain","ES.MAGRAMA.AQ","","NET-ES210A","""RED DE LA COMUNIDAD AUTONOMA DE LA COMUNIDAD VALENCIANA""","UTC+01","ES1917A","46242001","""ES1917A-TORREBAJA""","SPO-ES1917A_06001_102","PM2.5","-1.253890","40.099440","728.000000","","rural-regional","background","17/08/2006 00:00:00","","SPO_F-ES1917A_06001_102_102","3.0","","","","20.0","","","","","","","0","","","","","","","","","","","","","","","SPP-ES_N_gravi_00000","17/08/2006 00:00:00","","active","","","","","other","","gravi","","","","","","","","","","","","",""
"Spain","ES.MAGRAMA.AQ","","NET-ES210A","""RED DE LA COMUNIDAD AUTONOMA DE LA COMUNIDAD VALENCIANA""","UTC+01","ES1917A","46242001","""ES1917A-TORREBAJA""","SPO-ES1917A_06001_102","PM2.5","-1.253890","40.099440","728.000000","","rural-regional","background","17/08/2006 00:00:00","","SPO_F-ES1917A_06001_102_102","3.0","","","","20.0","","","","","","","0","","","","","","","","","","","","","","","SPP-ES_N_gravi_00714","17/08/2006 00:00:00","","active","","","","","","","gravi","","","","","","","","","","","","",""
"Spain","ES.MAGRAMA.AQ","","NET-ES210A","""RED DE LA COMUNIDAD AUTONOMA DE LA COMUNIDAD VALENCIANA""","UTC+01","ES1918A","12124001","""ES1918A-VALL D'ALBA PM""","SPO-ES1918A_06001_102","PM2.5","-0.034440","40.175000","305.000000","","urban","industrial","02/05/2008 00:00:00","","SPO_F-ES1918A_06001_102_102","3.0","","","","","","","","","","","0","","","","","","","","","","","","","","","SPP-ES_N_gravi_00000","02/05/2008 00:00:00","","active","","","","","other","","gravi","","","","","","","","","","","","",""
"Spain","ES.MAGRAMA.AQ","","NET-ES210A","""RED DE LA COMUNIDAD AUTONOMA DE LA COMUNIDAD VALENCIANA""","UTC+01","ES1918A","12124001","""ES1918A-VALL D'ALBA PM""","SPO-ES1918A_06001_102","PM2.5","-0.034440","40.175000","305.000000","","urban","industrial","02/05/2008 00:00:00","","SPO_F-ES1918A_06001_102_102","3.0","","","","","","","","","","","0","","","","","","","","","","","","","","","SPP-ES_N_gravi_00714","02/05/2008 00:00:00","","active","","","","","","","gravi","","","","","","","","","","","","",""
"Spain","ES.MAGRAMA.AQ","","NET-ES205A","""RED DE LA COMUNIDAD AUTONOMA DE LAS ISLAS CANARIAS""","UTC+01","ES1919A","35026003","""ES1919A-PARQUE DE SAN JUAN-TELDE""","SPO-ES1919A_06001_100","PM2.5","-15.411670","28.003610","113.000000","","urban","background","23/01/2008 00:00:00","","SPO_F-ES1919A_06001_100_100","0.0","","","","","","","","","","","0","","","","","","","","","","","","","","","SPP-ES_A_BETA_00000","23/01/2008 00:00:00","","automatic","BETA","","other","","","","","","","","","","","","","","","","",""
"Spain","ES.MAGRAMA.AQ","","NET-ES205A","""RED DE LA COMUNIDAD AUTONOMA DE LAS ISLAS CANARIAS""","UTC+01","ES1919A","35026003","""ES1919A-PARQUE DE SAN JUAN-TELDE""","SPO-ES1919A_06001_100","PM2.5","-15.411670","28.003610","113.000000","","urban","background","23/01/2008 00:00:00","","SPO_F-ES1919A_06001_100_100","0.0","","","","","","","","","","","0","","","","","","","","","","","","","","","SPP-ES_A_BETA_01000","23/01/2008 00:00:00","","automatic","BETA","","","","","","","","","","","","","","","","","","",""
"Spain","ES.MAGRAMA.AQ","","NET-ES205A","""RED DE LA COMUNIDAD AUTONOMA DE LAS ISLAS CANARIAS""","UTC+01","ES1920A","38004001","""ES1920A-LA HIDALGA-ARAFO""","SPO-ES1920A_06001_100","PM2.5","-16.399720","28.337220","275.000000","","suburban","background","24/01/2008 00:00:00","","SPO_F-ES1920A_06001_100_100","0.0","","","","","","","","","","","0","","","","","","","","","","","","","","","SPP-ES_A_BETA_00000","24/01/2008 00:00:00","","automatic","BETA","","other","","","","","","","","","","","","","","","","",""
"Spain","ES.MAGRAMA.AQ","","NET-ES205A","""RED DE LA COMUNIDAD AUTONOMA DE LAS ISLAS CANARIAS""","UTC+01","ES1920A","38004001","""ES1920A-LA HIDALGA-ARAFO""","SPO-ES1920A_06001_100","PM2.5","-16.399720","28.337220","275.000000","","suburban","background","24/01/2008 00:00:00","","SPO_F-ES1920A_06001_100_100","0.0","","","","","","","","","","","0","","","","","","","","","","","","","","","SPP-ES_A_BETA_01000","24/01/2008 00:00:00","","automatic","BETA","","","","","","","","","","","","","","","","","","",""
"Spain","ES.MAGRAMA.AQ","","NET-ES214A","""RED DE LA COMUNIDAD AUTONOMA DE MURCIA""","UTC+01","ES1921A","30016020","""ES1921A-MOMPEAN""","SPO-ES1921A_06001_102","PM2.5","-0.975280","37.603060","10.000000","","urban","background","01/01/2009 00:00:00","","SPO_F-ES1921A_06001_102_102","0.0","","","","","","","","","","","0","","","","","","","","","","","","","","","SPP-ES_N_gravi_00000","01/01/2009 00:00:00","","active","","","","","other","","gravi","","","","","","","","","","","","",""
"Spain","ES.MAGRAMA.AQ","","NET-ES214A","""RED DE LA COMUNIDAD AUTONOMA DE MURCIA""","UTC+01","ES1921A","30016020","""ES1921A-MOMPEAN""","SPO-ES1921A_06001_102","PM2.5","-0.975280","37.603060","10.000000","","urban","background","01/01/2009 00:00:00","","SPO_F-ES1921A_06001_102_102","0.0","","","","","","","","","","","0","","","","","","","","","","","","","","","SPP-ES_N_gravi_00714","01/01/2009 00:00:00","","active","","","","","","","gravi","","","","","","","","","","","","",""
"Spain","ES.MAGRAMA.AQ","","NET-ES201A","""RED DE LA COMUNIDAD AUTONOMA DE ANDALUCIA""","UTC+01","ES1924A","18087010","""ES1924A-PALACIO CONGRESOS""","SPO-ES1924A_06001_102","PM2.5","-3.600100","37.165680","666.000000","","urban","background","01/01/2010 00:00:00","","SPO_F-ES1924A_06001_102_102","0.0","","","","40.0","","","","","","","0","","","","","","","","","","","","","","","SPP-ES_N_gravi_00000","01/01/2010 00:00:00","","active","","","","","other","","gravi","","","","","","","","","","","","",""
"Spain","ES.MAGRAMA.AQ","","NET-ES201A","""RED DE LA COMUNIDAD AUTONOMA DE ANDALUCIA""","UTC+01","ES1924A","18087010","""ES1924A-PALACIO CONGRESOS""","SPO-ES1924A_06001_102","PM2.5","-3.600100","37.165680","666.000000","","urban","background","01/01/2010 00:00:00","","SPO_F-ES1924A_06001_102_102","0.0","","","","40.0","","","","","","","0","","","","","","","","","","","","","","","SPP-ES_N_gravi_00714","01/01/2010 00:00:00","","active","","","","","","","gravi","","","","","","","","","","","","",""
"Spain","ES.MAGRAMA.AQ","","NET-ES201A","""RED DE LA COMUNIDAD AUTONOMA DE ANDALUCIA""","UTC+01","ES1925A","11033010","""ES1925A-PUENTE MAYORGA""","SPO-ES1925A_06001_100","PM2.5","-5.382500","36.180100","3.000000","","urban","industrial","19/05/2009 00:00:00","","SPO_F-ES1925A_06001_100_100","4.0","","","","75.0","","","","","","","0","","","","","","","","","","","","","","","SPP-ES_A_BETA_BAM1020","19/05/2009 00:00:00","","automatic","BETA","","","","","","","","","","","","","","","","","","",""
"Spain","ES.MAGRAMA.AQ","","NET-ES201A","""RED DE LA COMUNIDAD AUTONOMA DE ANDALUCIA""","UTC+01","ES1925A","11033010","""ES1925A-PUENTE MAYORGA""","SPO-ES1925A_06001_100","PM2.5","-5.382500","36.180100","3.000000","","urban","industrial","19/05/2009 00:00:00","","SPO_F-ES1925A_06001_100_100","4.0","","","","75.0","","","","","","","0","","","","","","","","","","","","","","","SPP-ES_A_BETA_BAM1020","19/05/2009 00:00:00","","automatic","BETA","","BAM1020","","","","","","","","","","","","","","","","",""
"Spain","ES.MAGRAMA.AQ","","NET-ES210A","""RED DE LA COMUNIDAD AUTONOMA DE LA COMUNIDAD VALENCIANA""","UTC+01","ES1926A","46250048","""ES1926A-VALÈNCIA - MOLÍ DEL SOL""","SPO-ES1926A_06001_100","PM2.5","-0.408330","39.481110","11.000000","","urban","traffic","06/08/2009 00:00:00","","SPO_F-ES1926A_06001_100_100","0.0","","","","23.0","","","","","","","0","","","","","","","","","","","","","","","SPP-ES_A_light-scat_00000","06/08/2009 00:00:00","","automatic","light-scat","","other","","","","","","","","","","","","","","","","",""
"Spain","ES.MAGRAMA.AQ","","NET-ES210A","""RED DE LA COMUNIDAD AUTONOMA DE LA COMUNIDAD VALENCIANA""","UTC+01","ES1926A","46250048","""ES1926A-VALÈNCIA - MOLÍ DEL SOL""","SPO-ES1926A_06001_100","PM2.5","-0.408330","39.481110","11.000000","","urban","traffic","06/08/2009 00:00:00","","SPO_F-ES1926A_06001_100_100","0.0","","","","23.0","","","","","","","0","","","","","","","","","","","","","","","SPP-ES_A_light-scat_52000","06/08/2009 00:00:00","","automatic","light-scat","","","","","","","","","","","","","","","","","","",""
"Spain","ES.MAGRAMA.AQ","","NET-ES205A","""RED DE LA COMUNIDAD AUTONOMA DE LAS ISLAS CANARIAS""","UTC+01","ES1934A","38038017","""ES1934A-AGENCIA ESTATAL DE METEOROLOGÍA (AEMET)""","SPO-ES1934A_06001_102","PM2.5","-16.246940","28.473060","52.000000","","urban","background","05/12/2008 00:00:00","","SPO_F-ES1934A_06001_102_102","0.0","","","","","","","","","","","0","","","","","","","","","","","","","","","SPP-ES_N_gravi_00000","05/12/2008 00:00:00","","active","","","","","other","","gravi","","","","","","","","","","","","",""
"Spain","ES.MAGRAMA.AQ","","NET-ES205A","""RED DE LA COMUNIDAD AUTONOMA DE LAS ISLAS CANARIAS""","UTC+01","ES1934A","38038017","""ES1934A-AGENCIA ESTATAL DE METEOROLOGÍA (AEMET)""","SPO-ES1934A_06001_102","PM2.5","-16.246940","28.473060","52.000000","","urban","background","05/12/2008 00:00:00","","SPO_F-ES1934A_06001_102_102","0.0","","","","","","","","","","","0","","","","","","","","","","","","","","","SPP-ES_N_gravi_00714","05/12/2008 00:00:00","","active","","","","","","","gravi","","","","","","","","","","","","",""
"Spain","ES.MAGRAMA.AQ","","NET-ES213A","""RED DE LA COMUNIDAD AUTONOMA DE MADRID""","UTC+01","ES1937A","28079047","""ES1937A-MENDEZ ALVARO""","SPO-ES1937A_06001_100","PM2.5","-3.686670","40.398060","609.000000","","urban","background","21/12/2009 00:00:00","","SPO_F-ES1937A_06001_100_100","0.0","","","","","","","","","","","0","","","","","","","","","","","","","","","SPP-ES_A_TEOM_09004","21/12/2009 00:00:00","","automatic","TEOM","","","","","","","","","","","","","","","","","","",""
"Spain","ES.MAGRAMA.AQ","","NET-ES213A","""RED DE LA COMUNIDAD AUTONOMA DE MADRID""","UTC+01","ES1937A","28079047","""ES1937A-MENDEZ ALVARO""","SPO-ES1937A_06001_100","PM2.5","-3.686670","40.398060","609.000000","","urban","background","21/12/2009 00:00:00","","SPO_F-ES1937A_06001_100_100","0.0","","","","","","","","","","","0","","","","","","","","","","","","","","","SPP-ES_A_TEOM_09004","21/12/2009 00:00:00","","automatic","TEOM","","other","","","","","","","","","","","","","","","","",""
"Spain","ES.MAGRAMA.AQ","","NET-ES213A","""RED DE LA COMUNIDAD AUTONOMA DE MADRID""","UTC+01","ES1938A","28079048","""ES1938A-CASTELLANA""","SPO-ES1938A_06001_100","PM2.5","-3.690280","40.439720","676.000000","","urban","traffic","01/02/2010 00:00:00","","SPO_F-ES1938A_06001_100_100","0.0","","","","","","","","","","","0","","","","","","","","","","","","","","","SPP-ES_A_TEOM_09004","01/02/2010 00:00:00","","automatic","TEOM","","","","","","","","","","","","","","","","","","",""
"Spain","ES.MAGRAMA.AQ","","NET-ES213A","""RED DE LA COMUNIDAD AUTONOMA DE MADRID""","UTC+01","ES1938A","28079048","""ES1938A-CASTELLANA""","SPO-ES1938A_06001_100","PM2.5","-3.690280","40.439720","676.000000","","urban","traffic","01/02/2010 00:00:00","","SPO_F-ES1938A_06001_100_100","0.0","","","","","","","","","","","0","","","","","","","","","","","","","","","SPP-ES_A_TEOM_09004","01/02/2010 00:00:00","","automatic","TEOM","","other","","","","","","","","","","","","","","","","",""
"Spain","ES.MAGRAMA.AQ","","NET-ES213A","""RED DE LA COMUNIDAD AUTONOMA DE MADRID""","UTC+01","ES1940A","28079050","""ES1940A-PLAZA CASTILLA-CANAL""","SPO-ES1940A_06001_100","PM2.5","-3.688330","40.465830","729.000000","","urban","traffic","01/02/2010 00:00:00","","SPO_F-ES1940A_06001_100_100","0.0","","","","","","","","","","","0","","","","","","","","","","","","","","","SPP-ES_A_TEOM_09004","01/02/2010 00:00:00","","automatic","TEOM","","","","","","","","","","","","","","","","","","",""
"Spain","ES.MAGRAMA.AQ","","NET-ES213A","""RED DE LA COMUNIDAD AUTONOMA DE MADRID""","UTC+01","ES1940A","28079050","""ES1940A-PLAZA CASTILLA-CANAL""","SPO-ES1940A_06001_100","PM2.5","-3.688330","40.465830","729.000000","","urban","traffic","01/02/2010 00:00:00","","SPO_F-ES1940A_06001_100_100","0.0","","","","","","","","","","","0","","","","","","","","","","","","","","","SPP-ES_A_TEOM_09004","01/02/2010 00:00:00","","automatic","TEOM","","other","","","","","","","","","","","","","","","","",""
"Spain","ES.MAGRAMA.AQ","","NET-ES205A","""RED DE LA COMUNIDAD AUTONOMA DE LAS ISLAS CANARIAS""","UTC+01","ES1952A","35006001","""ES1952A-POLIDEPORTIVO AFONSO-ARUCAS""","SPO-ES1952A_06001_100","PM2.5","-15.521110","28.111390","226.000000","","suburban","background","30/12/2009 00:00:00","","SPO_F-ES1952A_06001_100_100","0.0","","","","","","","","","","","0","","","","","","","","","","","","","","","SPP-ES_A_BETA_00000","30/12/2009 00:00:00","","automatic","BETA","","other","","","","","","","","","","","","","","","","",""
"Spain","ES.MAGRAMA.AQ","","NET-ES205A","""RED DE LA COMUNIDAD AUTONOMA DE LAS ISLAS CANARIAS""","UTC+01","ES1952A","35006001","""ES1952A-POLIDEPORTIVO AFONSO-ARUCAS""","SPO-ES1952A_06001_100","PM2.5","-15.521110","28.111390","226.000000","","suburban","background","30/12/2009 00:00:00","","SPO_F-ES1952A_06001_100_100","0.0","","","","","","","","","","","0","","","","","","","","","","","","","","","SPP-ES_A_BETA_01000","30/12/2009 00:00:00","","automatic","BETA","","","","","","","","","","","","","","","","","","",""
"Spain","ES.MAGRAMA.AQ","","NET-ES205A","""RED DE LA COMUNIDAD AUTONOMA DE LAS ISLAS CANARIAS""","UTC+01","ES1953A","35016013","""ES1953A-PARQUE LAS REHOYAS- LAS PALMAS DE GC""","SPO-ES1953A_06001_100","PM2.5","-15.430000","28.107500","85.000000","","urban","background","13/05/2009 00:00:00","","SPO_F-ES1953A_06001_100_100","0.0","","","","","","","","","","","0","","","","","","","","","","","","","","","SPP-ES_A_BETA_00000","13/05/2009 00:00:00","","automatic","BETA","","other","","","","","","","","","","","","","","","","",""
"Spain","ES.MAGRAMA.AQ","","NET-ES205A","""RED DE LA COMUNIDAD AUTONOMA DE LAS ISLAS CANARIAS""","UTC+01","ES1953A","35016013","""ES1953A-PARQUE LAS REHOYAS- LAS PALMAS DE GC""","SPO-ES1953A_06001_100","PM2.5","-15.430000","28.107500","85.000000","","urban","background","13/05/2009 00:00:00","","SPO_F-ES1953A_06001_100_100","0.0","","","","","","","","","","","0","","","","","","","","","","","","","","","SPP-ES_A_BETA_01000","13/05/2009 00:00:00","","automatic","BETA","","","","","","","","","","","","","","","","","","",""
"Spain","ES.MAGRAMA.AQ","","NET-ES205A","""RED DE LA COMUNIDAD AUTONOMA DE LAS ISLAS CANARIAS""","UTC+01","ES1954A","38031001","""ES1954A-BALSA DE ZAMORA-LOS REALEJOS""","SPO-ES1954A_06001_100","PM2.5","-16.570830","28.383060","371.000000","","suburban","background","02/11/2008 00:00:00","","SPO_F-ES1954A_06001_100_100","0.0","","","","","","","","","","","0","","","","","","","","","","","","","","","SPP-ES_A_BETA_00000","02/11/2008 00:00:00","","automatic","BETA","","other","","","","","","","","","","","","","","","","",""
"Spain","ES.MAGRAMA.AQ","","NET-ES205A","""RED DE LA COMUNIDAD AUTONOMA DE LAS ISLAS CANARIAS""","UTC+01","ES1954A","38031001","""ES1954A-BALSA DE ZAMORA-LOS REALEJOS""","SPO-ES1954A_06001_100","PM2.5","-16.570830","28.383060","371.000000","","suburban","background","02/11/2008 00:00:00","","SPO_F-ES1954A_06001_100_100","0.0","","","","","","","","","","","0","","","","","","","","","","","","","","","SPP-ES_A_BETA_01000","02/11/2008 00:00:00","","automatic","BETA","","","","","","","","","","","","","","","","","","",""
"Spain","ES.MAGRAMA.AQ","","NET-ES205A","""RED DE LA COMUNIDAD AUTONOMA DE LAS ISLAS CANARIAS""","UTC+01","ES1955A","35004002","""ES1955A-CIUDAD DEPORTIVA-ARRECIFE""","SPO-ES1955A_06001_100","PM2.5","-13.555830","28.967780","22.000000","","urban","background","12/11/2008 00:00:00","","SPO_F-ES1955A_06001_100_100","0.0","","","","8.0","","","","","","","0","","","","","","","","","","","","","","","SPP-ES_A_BETA_00000","12/11/2008 00:00:00","","automatic","BETA","","other","","","","","","","","","","","","","","","","",""
"Spain","ES.MAGRAMA.AQ","","NET-ES205A","""RED DE LA COMUNIDAD AUTONOMA DE LAS ISLAS CANARIAS""","UTC+01","ES1955A","35004002","""ES1955A-CIUDAD DEPORTIVA-ARRECIFE""","SPO-ES1955A_06001_100","PM2.5","-13.555830","28.967780","22.000000","","urban","background","12/11/2008 00:00:00","","SPO_F-ES1955A_06001_100_100","0.0","","","","8.0","","","","","","","0","","","","","","","","","","","","","","","SPP-ES_A_BETA_01000","12/11/2008 00:00:00","","automatic","BETA","","","","","","","","","","","","","","","","","","",""
"Spain","ES.MAGRAMA.AQ","","NET-ES205A","""RED DE LA COMUNIDAD AUTONOMA DE LAS ISLAS CANARIAS""","UTC+01","ES1956A","38009001","""ES1956A-SAN ANTONIO-BREÑA BAJA""","SPO-ES1956A_06001_100","PM2.5","-17.771110","28.645280","208.000000","","suburban","background","18/01/2010 00:00:00","","SPO_F-ES1956A_06001_100_100","0.0","","","","","","","","","","","0","","","","","","","","","","","","","","","SPP-ES_A_BETA_00000","18/01/2010 00:00:00","","automatic","BETA","","other","","","","","","","","","","","","","","","","",""
"Spain","ES.MAGRAMA.AQ","","NET-ES205A","""RED DE LA COMUNIDAD AUTONOMA DE LAS ISLAS CANARIAS""","UTC+01","ES1956A","38009001","""ES1956A-SAN ANTONIO-BREÑA BAJA""","SPO-ES1956A_06001_100","PM2.5","-17.771110","28.645280","208.000000","","suburban","background","18/01/2010 00:00:00","","SPO_F-ES1956A_06001_100_100","0.0","","","","","","","","","","","0","","","","","","","","","","","","","","","SPP-ES_A_BETA_01000","18/01/2010 00:00:00","","automatic","BETA","","","","","","","","","","","","","","","","","","",""
"Spain","ES.MAGRAMA.AQ","","NET-ES212A","""RED DE LA COMUNIDAD AUTONOMA DE GALICIA""","UTC+01","ES1957A","15030027","""ES1957A-TORRE DE HÉRCULES""","SPO-ES1957A_06001_102","PM2.5","-8.408890","43.382500","25.000000","","urban","traffic","01/01/2011 00:00:00","","SPO_F-ES1957A_06001_102_102","0.0","","","","5.0","","","","","","","0","","","","","","","","","","","","","","","SPP-ES_A_BETA_00000","01/01/2011 00:00:00","","automatic","BETA","","other","","","","","","","","","","","","","","","","",""
"Spain","ES.MAGRAMA.AQ","","NET-ES212A","""RED DE LA COMUNIDAD AUTONOMA DE GALICIA""","UTC+01","ES1957A","15030027","""ES1957A-TORRE DE HÉRCULES""","SPO-ES1957A_06001_102","PM2.5","-8.408890","43.382500","25.000000","","urban","traffic","01/01/2011 00:00:00","","SPO_F-ES1957A_06001_102_102","0.0","","","","5.0","","","","","","","0","","","","","","","","","","","","","","","SPP-ES_A_BETA_01000","01/01/2011 00:00:00","","automatic","BETA","","","","","","","","","","","","","","","","","","",""
"Spain","ES.MAGRAMA.AQ","","NET-ES209A","""RED DE LA COMUNIDAD AUTONOMA DE CATALUÑA""","UTC+01","ES1964A","8211004","""ES1964A-SANT FELIU (CEIP MARTÍ I POL)""","SPO-ES1964A_06001_102","PM2.5","2.058610","41.387780","78.000000","","suburban","industrial","01/05/2010 00:00:00","","SPO_F-ES1964A_06001_102_102","0.0","","","","","","","","","","","0","","","","","","","","","","","","","","","SPP-ES_N_gravi_00000","01/05/2010 00:00:00","","active","","","","","other","","gravi","","","","","","","","","","","","",""
"Spain","ES.MAGRAMA.AQ","","NET-ES209A","""RED DE LA COMUNIDAD AUTONOMA DE CATALUÑA""","UTC+01","ES1964A","8211004","""ES1964A-SANT FELIU (CEIP MARTÍ I POL)""","SPO-ES1964A_06001_102","PM2.5","2.058610","41.387780","78.000000","","suburban","industrial","01/05/2010 00:00:00","","SPO_F-ES1964A_06001_102_102","0.0","","","","","","","","","","","0","","","","","","","","","","","","","","","SPP-ES_N_gravi_00714","01/05/2010 00:00:00","","active","","","","","","","gravi","","","","","","","","","","","","",""
"Spain","ES.MAGRAMA.AQ","","NET-ES202A","""RED DE LA COMUNIDAD AUTONOMA DE ARAGON""","UTC+01","ES1966A","44013007","""ES1966A-ALCAÑIZ CAPUCHINOS""","SPO-ES1966A_06001_102","PM2.5","-0.138890","41.054170","340.000000","","urban","industrial","01/01/2012 00:00:00","","SPO_F-ES1966A_06001_102_102","0.0","","","","","","","","","","","0","","","","","","","","","","","","","","","SPP-ES_N_gravi_00000","01/01/2012 00:00:00","","active","","","","","other","","gravi","","","","","","","","","","","","",""
"Spain","ES.MAGRAMA.AQ","","NET-ES202A","""RED DE LA COMUNIDAD AUTONOMA DE ARAGON""","UTC+01","ES1966A","44013007","""ES1966A-ALCAÑIZ CAPUCHINOS""","SPO-ES1966A_06001_102","PM2.5","-0.138890","41.054170","340.000000","","urban","industrial","01/01/2012 00:00:00","","SPO_F-ES1966A_06001_102_102","0.0","","","","","","","","","","","0","","","","","","","","","","","","","","","SPP-ES_N_gravi_06114","01/01/2012 00:00:00","","active","","","","","","","gravi","","","","","","","","","","","","",""
"Spain","ES.MAGRAMA.AQ","","NET-ES210A","""RED DE LA COMUNIDAD AUTONOMA DE LA COMUNIDAD VALENCIANA""","UTC+01","ES1968A","3014009","""ES1968A-ALACANT - RABASSA""","SPO-ES1968A_06001_100","PM2.5","-0.513890","38.351110","20.000000","","suburban","industrial","20/01/2010 00:00:00","","SPO_F-ES1968A_06001_100_100","3.0","","","","5.0","","","","","","","0","","","","","","","","","","","","","","","SPP-ES_A_light-scat_00000","20/01/2010 00:00:00","","automatic","light-scat","","other","","","","","","","","","","","","","","","","",""
"Spain","ES.MAGRAMA.AQ","","NET-ES210A","""RED DE LA COMUNIDAD AUTONOMA DE LA COMUNIDAD VALENCIANA""","UTC+01","ES1968A","3014009","""ES1968A-ALACANT - RABASSA""","SPO-ES1968A_06001_100","PM2.5","-0.513890","38.351110","20.000000","","suburban","industrial","20/01/2010 00:00:00","","SPO_F-ES1968A_06001_100_100","3.0","","","","5.0","","","","","","","0","","","","","","","","","","","","","","","SPP-ES_A_light-scat_52000","20/01/2010 00:00:00","","automatic","light-scat","","","","","","","","","","","","","","","","","","",""
"Spain","ES.MAGRAMA.AQ","","NET-ES210A","""RED DE LA COMUNIDAD AUTONOMA DE LA COMUNIDAD VALENCIANA""","UTC+01","ES1969A","12126003","""ES1969A-LA VALL D'UIXÓ""","SPO-ES1969A_06001_102","PM2.5","-0.244440","39.823610","250.000000","","suburban","background","01/04/2010 00:00:00","","SPO_F-ES1969A_06001_102_102","3.0","","","","","","","","","","","0","","","","","","","","","","","","","","","SPP-ES_N_gravi_00000","01/04/2010 00:00:00","","active","","","","","other","","gravi","","","","","","","","","","","","",""
"Spain","ES.MAGRAMA.AQ","","NET-ES210A","""RED DE LA COMUNIDAD AUTONOMA DE LA COMUNIDAD VALENCIANA""","UTC+01","ES1969A","12126003","""ES1969A-LA VALL D'UIXÓ""","SPO-ES1969A_06001_102","PM2.5","-0.244440","39.823610","250.000000","","suburban","background","01/04/2010 00:00:00","","SPO_F-ES1969A_06001_102_102","3.0","","","","","","","","","","","0","","","","","","","","","","","","","","","SPP-ES_N_gravi_00714","01/04/2010 00:00:00","","active","","","","","","","gravi","","","","","","","","","","","","",""
"Spain","ES.MAGRAMA.AQ","","NET-ES201A","""RED DE LA COMUNIDAD AUTONOMA DE ANDALUCIA""","UTC+01","ES1971A","14068001","""ES1971A-VILLAHARTA""","SPO-ES1971A_06001_102","PM2.5","-4.903970","38.137930","571.000000","","suburban","industrial","01/01/2011 00:00:00","","SPO_F-ES1971A_06001_102_102","0.0","","","","","","","","","","","0","","","","","","","","","","","","","","","SPP-ES_N_gravi_00000","01/01/2011 00:00:00","","active","","","","","other","","gravi","","","","","","","","","","","","",""
"Spain","ES.MAGRAMA.AQ","","NET-ES201A","""RED DE LA COMUNIDAD AUTONOMA DE ANDALUCIA""","UTC+01","ES1971A","14068001","""ES1971A-VILLAHARTA""","SPO-ES1971A_06001_102","PM2.5","-4.903970","38.137930","571.000000","","suburban","industrial","01/01/2011 00:00:00","","SPO_F-ES1971A_06001_102_102","0.0","","","","","","","","","","","0","","","","","","","","","","","","","","","SPP-ES_N_gravi_00714","01/01/2011 00:00:00","","active","","","","","","","gravi","","","","","","","","","","","","",""
"Spain","ES.MAGRAMA.AQ","","NET-ES203A","""RED DE LA COMUNIDAD AUTONOMA DE ASTURIAS""","UTC+01","ES1974A","33024031","""ES1974A-MONTEVIL""","SPO-ES1974A_06001_100","PM2.5","-5.670560","43.516670","46.000000","","suburban","background","27/04/2010 00:00:00","","SPO_F-ES1974A_06001_100_100","0.0","","","","","","","","","","","0","","","","","","","","","","","","","","","SPP-ES_A_BETA_00000","27/04/2010 00:00:00","","automatic","BETA","","other","","","","","","","","","","","","","","","","",""
"Spain","ES.MAGRAMA.AQ","","NET-ES203A","""RED DE LA COMUNIDAD AUTONOMA DE ASTURIAS""","UTC+01","ES1974A","33024031","""ES1974A-MONTEVIL""","SPO-ES1974A_06001_100","PM2.5","-5.670560","43.516670","46.000000","","suburban","background","27/04/2010 00:00:00","","SPO_F-ES1974A_06001_100_100","0.0","","","","","","","","","","","0","","","","","","","","","","","","","","","SPP-ES_A_BETA_01000","27/04/2010 00:00:00","","automatic","BETA","","","","","","","","","","","","","","","","","","",""
"Spain","ES.MAGRAMA.AQ","","NET-ES205A","""RED DE LA COMUNIDAD AUTONOMA DE LAS ISLAS CANARIAS""","UTC+01","ES1977A","35022002","""ES1977A-CAMPING TEMISAS-STA LUCÍA DE T.""","SPO-ES1977A_06001_100","PM2.5","-15.488330","27.898330","460.000000","","suburban","background","10/05/2010 00:00:00","","SPO_F-ES1977A_06001_100_100","0.0","","","","","","","","","","","0","","","","","","","","","","","","","","","SPP-ES_A_TEOM_00000","10/05/2010 00:00:00","","automatic","TEOM","","other","","","","","","","","","","","","","","","","",""
"Spain","ES.MAGRAMA.AQ","","NET-ES205A","""RED DE LA COMUNIDAD AUTONOMA DE LAS ISLAS CANARIAS""","UTC+01","ES1977A","35022002","""ES1977A-CAMPING TEMISAS-STA LUCÍA DE T.""","SPO-ES1977A_06001_100","PM2.5","-15.488330","27.898330","460.000000","","suburban","background","10/05/2010 00:00:00","","SPO_F-ES1977A_06001_100_100","0.0","","","","","","","","","","","0","","","","","","","","","","","","","","","SPP-ES_A_TEOM_09000","10/05/2010 00:00:00","","automatic","TEOM","","","","","","","","","","","","","","","","","","",""
"Spain","ES.MAGRAMA.AQ","","NET-ES205A","""RED DE LA COMUNIDAD AUTONOMA DE LAS ISLAS CANARIAS""","UTC+01","ES1978A","35017003","""ES1978A-CASA PALACIO-PUERTO DEL ROSARIO""","SPO-ES1978A_06001_100","PM2.5","-13.860830","28.498380","20.000000","","urban","background","18/06/2010 00:00:00","","SPO_F-ES1978A_06001_100_100","0.0","","","","","","","","","","","0","","","","","","","","","","","","","","","SPP-ES_A_BETA_00000","18/06/2010 00:00:00","","automatic","BETA","","other","","","","","","","","","","","","","","","","",""
"Spain","ES.MAGRAMA.AQ","","NET-ES205A","""RED DE LA COMUNIDAD AUTONOMA DE LAS ISLAS CANARIAS""","UTC+01","ES1978A","35017003","""ES1978A-CASA PALACIO-PUERTO DEL ROSARIO""","SPO-ES1978A_06001_100","PM2.5","-13.860830","28.498380","20.000000","","urban","background","18/06/2010 00:00:00","","SPO_F-ES1978A_06001_100_100","0.0","","","","","","","","","","","0","","","","","","","","","","","","","","","SPP-ES_A_BETA_01000","18/06/2010 00:00:00","","automatic","BETA","","","","","","","","","","","","","","","","","","",""
"Spain","ES.MAGRAMA.AQ","","NET-ES212A","""RED DE LA COMUNIDAD AUTONOMA DE GALICIA""","UTC+01","ES1981A","15005013","""ES1981A-PLAZA PASTORIZA""","SPO-ES1981A_06001_100","PM2.5","-8.467220","43.347220","20.000000","","suburban","industrial","10/09/2010 00:00:00","","SPO_F-ES1981A_06001_100_100","2.0","","","","15.0","","","","","","","0","","","","","","","","","","","","","","","SPP-ES_A_TEOM_00000","10/09/2010 00:00:00","","automatic","TEOM","","other","","","","","","","","","","","","","","","","",""
"Spain","ES.MAGRAMA.AQ","","NET-ES212A","""RED DE LA COMUNIDAD AUTONOMA DE GALICIA""","UTC+01","ES1981A","15005013","""ES1981A-PLAZA PASTORIZA""","SPO-ES1981A_06001_100","PM2.5","-8.467220","43.347220","20.000000","","suburban","industrial","10/09/2010 00:00:00","","SPO_F-ES1981A_06001_100_100","2.0","","","","15.0","","","","","","","0","","","","","","","","","","","","","","","SPP-ES_A_TEOM_09000","10/09/2010 00:00:00","","automatic","TEOM","","","","","","","","","","","","","","","","","","",""
"Spain","ES.MAGRAMA.AQ","","NET-ES209A","""RED DE LA COMUNIDAD AUTONOMA DE CATALUÑA""","UTC+01","ES1982A","25196001","""ES1982A-MONTSEC (OAM)""","SPO-ES1982A_06001_600","PM2.5","0.729440","42.051390","1570.000000","","rural-remote","background","01/01/2013 00:00:00","","SPO_F-ES1982A_06001_600_600","-999.0","","","","","","","","","","","0","","","","","","","","","","","","","","","SPP-ES_A_light-scat_00000","01/01/2013 00:00:00","","automatic","light-scat","","other","","","","","","","","","","","","","","","","",""
"Spain","ES.MAGRAMA.AQ","","NET-ES209A","""RED DE LA COMUNIDAD AUTONOMA DE CATALUÑA""","UTC+01","ES1983A","8169009","""ES1983A-EL PRAT DE LLOBREGAT (CEM SAGNIER)""","SPO-ES1983A_06001_102","PM2.5","2.082220","41.321670","7.000000","","suburban","traffic","01/01/2011 00:00:00","","SPO_F-ES1983A_06001_102_102","0.0","","","","56.0","","","","","","","0","","","","","","","","","","","","","","","SPP-ES_N_gravi_00000","01/01/2011 00:00:00","","active","","","","","other","","gravi","","","","","","","","","","","","",""
"Spain","ES.MAGRAMA.AQ","","NET-ES209A","""RED DE LA COMUNIDAD AUTONOMA DE CATALUÑA""","UTC+01","ES1983A","8169009","""ES1983A-EL PRAT DE LLOBREGAT (CEM SAGNIER)""","SPO-ES1983A_06001_102","PM2.5","2.082220","41.321670","7.000000","","suburban","traffic","01/01/2011 00:00:00","","SPO_F-ES1983A_06001_102_102","0.0","","","","56.0","","","","","","","0","","","","","","","","","","","","","","","SPP-ES_N_gravi_00714","01/01/2011 00:00:00","","active","","","","","","","gravi","","","","","","","","","","","","",""
"Spain","ES.MAGRAMA.AQ","","NET-ES208A","""RED DE LA COMUNIDAD AUTONOMA DE CASTILLA Y LEON""","UTC+01","ES1988A","24089010","""ES1988A-LEÓN 4""","SPO-ES1988A_06001_600","PM2.5","-5.566390","42.575280","814.000000","","suburban","background","01/01/2010 00:00:00","","SPO_F-ES1988A_06001_600_602","-999.0","","","","","","","","","","","0","","","","","","","","","","","","","","","SPP-ES_A_BETA_00000","01/01/2010 00:00:00","","automatic","BETA","","other","","","","","","","","","","","","","","","","",""
"Spain","ES.MAGRAMA.AQ","","NET-ES208A","""RED DE LA COMUNIDAD AUTONOMA DE CASTILLA Y LEON""","UTC+01","ES1988A","24089010","""ES1988A-LEÓN 4""","SPO-ES1988A_06001_600","PM2.5","-5.566390","42.575280","814.000000","","suburban","background","01/01/2010 00:00:00","","SPO_F-ES1988A_06001_600_602","-999.0","","","","","","","","","","","0","","","","","","","","","","","","","","","SPP-ES_A_BETA_01000","01/01/2010 00:00:00","","automatic","BETA","","","","","","","","","","","","","","","","","","",""
"Spain","ES.MAGRAMA.AQ","","NET-ES208A","""RED DE LA COMUNIDAD AUTONOMA DE CASTILLA Y LEON""","UTC+01","ES1988A","24089010","""ES1988A-LEÓN 4""","SPO-ES1988A_06001_600","PM2.5","-5.566390","42.575280","814.000000","","suburban","background","01/01/2010 00:00:00","","SPO_F-ES1988A_06001_600_601","1.0","","","","","","","","","","","0","","","","","","","","","","","","","","","SPP-ES_N_00000_00000","01/01/2010 00:00:00","","active","","","","","other","","other","","","","","","","","","","","","",""
"Spain","ES.MAGRAMA.AQ","","NET-ES208A","""RED DE LA COMUNIDAD AUTONOMA DE CASTILLA Y LEON""","UTC+01","ES1988A","24089010","""ES1988A-LEÓN 4""","SPO-ES1988A_06001_600","PM2.5","-5.566390","42.575280","814.000000","","suburban","background","01/01/2010 00:00:00","","SPO_F-ES1988A_06001_600_601","1.0","","","","","","","","","","","0","","","","","","","","","","","","","","","SPP-ES_N_0000000000","01/01/2010 00:00:00","","active","","","","","","","other","","","","","","","","","","","","",""
"Spain","ES.MAGRAMA.AQ","","NET-ES208A","""RED DE LA COMUNIDAD AUTONOMA DE CASTILLA Y LEON""","UTC+01","ES1988A","24089010","""ES1988A-LEÓN 4""","SPO-ES1988A_06001_603","PM2.5","-5.566390","42.575280","814.000000","","suburban","background","01/01/2013 00:00:00","","SPO_F-ES1988A_06001_603_603","0.0","","","","","","","","","","","0","","","","","","","","","","","","","","","SPP-ES_A_00000_00000","01/01/2013 00:00:00","","automatic","other","","other","","","","","","","","","","","","","","","","",""
"Spain","ES.MAGRAMA.AQ","","NET-ES209A","""RED DE LA COMUNIDAD AUTONOMA DE CATALUÑA""","UTC+01","ES1992A","8019057","""ES1992A-BARCELONA (PALAU REAL)""","SPO-ES1992A_06001_600","PM2.5","2.116670","41.394720","81.000000","","urban","background","17/03/2011 00:00:00","","SPO_F-ES1992A_06001_600_600","-999.0","","","","","","","","","","","0","","","","","","","","","","","","","","","SPP-ES_A_light-scat_00000","17/03/2011 00:00:00","","automatic","light-scat","","other","","","","","","","","","","","","","","","","",""
"Spain","ES.MAGRAMA.AQ","","NET-ES204A","""RED DE LA COMUNIDAD AUTONOMA DE LAS ISLAS BALEARES""","UTC+01","ES1994A","7040005","""ES1994A-LA MISERICÒRDIA""","SPO-ES1994A_06001_102","PM2.5","2.647500","39.574170","15.000000","","urban","background","01/07/2010 00:00:00","","SPO_F-ES1994A_06001_102_102","0.0","","","","70.0","","","","","","","0","","","","","","","","","","","","","","","SPP-ES_N_gravi_00000","01/07/2010 00:00:00","","active","","","","","other","","gravi","","","","","","","","","","","","",""
"Spain","ES.MAGRAMA.AQ","","NET-ES204A","""RED DE LA COMUNIDAD AUTONOMA DE LAS ISLAS BALEARES""","UTC+01","ES1994A","7040005","""ES1994A-LA MISERICÒRDIA""","SPO-ES1994A_06001_102","PM2.5","2.647500","39.574170","15.000000","","urban","background","01/07/2010 00:00:00","","SPO_F-ES1994A_06001_102_102","0.0","","","","70.0","","","","","","","0","","","","","","","","","","","","","","","SPP-ES_N_gravi_00714","01/07/2010 00:00:00","","active","","","","","","","gravi","","","","","","","","","","","","",""
"Spain","ES.MAGRAMA.AQ","","NET-ES201A","""RED DE LA COMUNIDAD AUTONOMA DE ANDALUCIA""","UTC+01","ES1996A","4022001","""ES1996A-BÉDAR""","SPO-ES1996A_06001_600","PM2.5","-1.985400","37.193420","380.000000","","rural-nearcity","background","01/01/2015 00:00:00","","SPO_F-ES1996A_06001_600_600","-999.0","","","","2.0","","","","","","","0","","","","","","","","","","","","","","","SPP-ES_N_gravi_00000","01/01/2015 00:00:00","","active","","","","","other","","gravi","","","","","","","","","","","","",""
"Spain","ES.MAGRAMA.AQ","","NET-ES211A","""RED DE LA COMUNIDAD AUTONOMA DE EXTREMADURA""","UTC+01","ES1997A","10148001","""ES1997A-PLASENCIA""","SPO-ES1997A_06001_600","PM2.5","-6.147220","40.077780","181.000000","","urban","background","01/01/2011 00:00:00","","SPO_F-ES1997A_06001_600_600","2.0","","","","60.0","","","","","","","0","","","","","","","","","","","","","","","SPP-ES_A_light-scat_00000","01/01/2011 00:00:00","","automatic","light-scat","","other","","","","","","","","","","","","","","","","",""
"Spain","ES.MAGRAMA.AQ","","NET-ES211A","""RED DE LA COMUNIDAD AUTONOMA DE EXTREMADURA""","UTC+01","ES1997A","10148001","""ES1997A-PLASENCIA""","SPO-ES1997A_06001_600","PM2.5","-6.147220","40.077780","181.000000","","urban","background","01/01/2011 00:00:00","","SPO_F-ES1997A_06001_600_600","2.0","","","","60.0","","","","","","","0","","","","","","","","","","","","","","","SPP-ES_A_light-scat_52000","01/01/2011 00:00:00","","automatic","light-scat","","","","","","","","","","","","","","","","","","",""
"Spain","ES.MAGRAMA.AQ","","NET-ES205A","""RED DE LA COMUNIDAD AUTONOMA DE LAS ISLAS CANARIAS""","UTC+01","ES2000A","38038023","""ES2000A-PISCINA MUNICIPAL-STA CRUZ DE TF""","SPO-ES2000A_06001_600","PM2.5","-16.263330","28.458060","68.000000","","urban","industrial","01/01/2013 00:00:00","","SPO_F-ES2000A_06001_600_600","-999.0","","","","11.0","","","","","","","0","","","","","","","","","","","","","","","SPP-ES_A_BETA_00000","01/01/2013 00:00:00","","automatic","BETA","","other","","","","","","","","","","","","","","","","",""
"Spain","ES.MAGRAMA.AQ","","NET-ES205A","""RED DE LA COMUNIDAD AUTONOMA DE LAS ISLAS CANARIAS""","UTC+01","ES2000A","38038023","""ES2000A-PISCINA MUNICIPAL-STA CRUZ DE TF""","SPO-ES2000A_06001_600","PM2.5","-16.263330","28.458060","68.000000","","urban","industrial","01/01/2013 00:00:00","","SPO_F-ES2000A_06001_600_600","-999.0","","","","11.0","","","","","","","0","","","","","","","","","","","","","","","SPP-ES_A_BETA_01000","01/01/2013 00:00:00","","automatic","BETA","","","","","","","","","","","","","","","","","","",""
"Spain","ES.MAGRAMA.AQ","","NET-ES205A","""RED DE LA COMUNIDAD AUTONOMA DE LAS ISLAS CANARIAS""","UTC+01","ES2003A","38038024","""ES2003A-TENA ARTIGAS-STA CRUZ DE TENERIFE""","SPO-ES2003A_06001_100","PM2.5","-16.276940","28.455280","169.000000","","suburban","traffic","01/01/2011 00:00:00","","SPO_F-ES2003A_06001_100_100","0.0","","","","","","","","","","","0","","","","","","","","","","","","","","","SPP-ES_A_BETA_00000","01/01/2011 00:00:00","","automatic","BETA","","other","","","","","","","","","","","","","","","","",""
"Spain","ES.MAGRAMA.AQ","","NET-ES205A","""RED DE LA COMUNIDAD AUTONOMA DE LAS ISLAS CANARIAS""","UTC+01","ES2003A","38038024","""ES2003A-TENA ARTIGAS-STA CRUZ DE TENERIFE""","SPO-ES2003A_06001_100","PM2.5","-16.276940","28.455280","169.000000","","suburban","traffic","01/01/2011 00:00:00","","SPO_F-ES2003A_06001_100_100","0.0","","","","","","","","","","","0","","","","","","","","","","","","","","","SPP-ES_A_BETA_01000","01/01/2011 00:00:00","","automatic","BETA","","","","","","","","","","","","","","","","","","",""
"Spain","ES.MAGRAMA.AQ","","NET-ES205A","""RED DE LA COMUNIDAD AUTONOMA DE LAS ISLAS CANARIAS""","UTC+01","ES2004A","35026004","""ES2004A-LA LOMA-TELDE""","SPO-ES2004A_06001_100","PM2.5","-15.414720","28.026390","115.000000","","suburban","traffic","01/01/2011 00:00:00","","SPO_F-ES2004A_06001_100_100","0.0","","","","","","","","","","","0","","","","","","","","","","","","","","","SPP-ES_A_BETA_00000","01/01/2011 00:00:00","","automatic","BETA","","other","","","","","","","","","","","","","","","","",""
"Spain","ES.MAGRAMA.AQ","","NET-ES205A","""RED DE LA COMUNIDAD AUTONOMA DE LAS ISLAS CANARIAS""","UTC+01","ES2004A","35026004","""ES2004A-LA LOMA-TELDE""","SPO-ES2004A_06001_100","PM2.5","-15.414720","28.026390","115.000000","","suburban","traffic","01/01/2011 00:00:00","","SPO_F-ES2004A_06001_100_100","0.0","","","","","","","","","","","0","","","","","","","","","","","","","","","SPP-ES_A_BETA_01000","01/01/2011 00:00:00","","automatic","BETA","","","","","","","","","","","","","","","","","","",""
"Spain","ES.MAGRAMA.AQ","","NET-ES210A","""RED DE LA COMUNIDAD AUTONOMA DE LA COMUNIDAD VALENCIANA""","UTC+01","ES2008A","3133002","""ES2008A-TORREVIEJA""","SPO-ES2008A_06001_102","PM2.5","-0.690000","37.991110","10.000000","","urban","traffic","01/01/2011 00:00:00","","SPO_F-ES2008A_06001_102_102","3.0","","","","70.0","","","","","","","0","","","","","","","","","","","","","","","SPP-ES_N_gravi_00000","01/01/2011 00:00:00","","active","","","","","other","","gravi","","","","","","","","","","","","",""
"Spain","ES.MAGRAMA.AQ","","NET-ES210A","""RED DE LA COMUNIDAD AUTONOMA DE LA COMUNIDAD VALENCIANA""","UTC+01","ES2008A","3133002","""ES2008A-TORREVIEJA""","SPO-ES2008A_06001_102","PM2.5","-0.690000","37.991110","10.000000","","urban","traffic","01/01/2011 00:00:00","","SPO_F-ES2008A_06001_102_102","3.0","","","","70.0","","","","","","","0","","","","","","","","","","","","","","","SPP-ES_N_gravi_00714","01/01/2011 00:00:00","","active","","","","","","","gravi","","","","","","","","","","","","",""
"Spain","ES.MAGRAMA.AQ","","NET-ES208A","""RED DE LA COMUNIDAD AUTONOMA DE CASTILLA Y LEON""","UTC+01","ES2010A","47186031","""ES2010A-LA RUBIA II""","SPO-ES2010A_06001_100","PM2.5","-4.740560","41.630000","683.000000","","urban","traffic","01/04/2011 00:00:00","","SPO_F-ES2010A_06001_100_100","3.0","","","","","","","","","","","0","","","","","","","","","","","","","","","SPP-ES_A_chemi_API200E","01/04/2011 00:00:00","","automatic","chemi","","","","","","","","","","","","","","","","","","",""
"Spain","ES.MAGRAMA.AQ","","NET-ES208A","""RED DE LA COMUNIDAD AUTONOMA DE CASTILLA Y LEON""","UTC+01","ES2010A","47186031","""ES2010A-LA RUBIA II""","SPO-ES2010A_06001_100","PM2.5","-4.740560","41.630000","683.000000","","urban","traffic","01/04/2011 00:00:00","","SPO_F-ES2010A_06001_100_100","3.0","","","","","","","","","","","0","","","","","","","","","","","","","","","SPP-ES_A_chemi_API200E","01/04/2011 00:00:00","","automatic","chemi","","API200E","","","","","","","","","","","","","","","","",""
"Spain","ES.MAGRAMA.AQ","","NET-ES212A","""RED DE LA COMUNIDAD AUTONOMA DE GALICIA""","UTC+01","ES2014A","32039001","""ES2014A-LAZA""","SPO-ES2014A_06001_100","PM2.5","-7.408540","42.061670","760.000000","","rural-regional","background","31/12/2010 00:00:00","","SPO_F-ES2014A_06001_100_100","3.0","","","","","","","","","","","0","","","","","","","","","","","","","","","SPP-ES_A_light-scat_GRIMM-EDM180","31/12/2010 00:00:00","","automatic","light-scat","","GRIMM-EDM180","","","","","","","","","","","","","","","","",""
"Spain","ES.MAGRAMA.AQ","","NET-ES212A","""RED DE LA COMUNIDAD AUTONOMA DE GALICIA""","UTC+01","ES2014A","32039001","""ES2014A-LAZA""","SPO-ES2014A_06001_100","PM2.5","-7.408540","42.061670","760.000000","","rural-regional","background","31/12/2010 00:00:00","","SPO_F-ES2014A_06001_100_100","3.0","","","","","","","","","","","0","","","","","","","","","","","","","","","SPP-ES_A_light-scat_GRIMM-EDM180","31/12/2010 00:00:00","","automatic","light-scat","","","","","","","","","","","","","","","","","","",""
"Spain","ES.MAGRAMA.AQ","","NET-ES212A","""RED DE LA COMUNIDAD AUTONOMA DE GALICIA""","UTC+01","ES2016A","36026003","""ES2016A-MARÍN""","SPO-ES2016A_06001_100","PM2.5","-8.709720","42.388610","76.000000","","suburban","background","31/12/2010 00:00:00","20/07/2012 00:00:00","SPO_F-ES2016A_06001_100_100","3.0","","","","","","","","","","","0","","","","","","","","","","","","","","","SPP-ES_A_light-scat_GRIMM-EDM180","31/12/2010 00:00:00","20/07/2012 00:00:00","automatic","light-scat","","GRIMM-EDM180","","","","","","","","","","","","","","","","",""
"Spain","ES.MAGRAMA.AQ","","NET-ES212A","""RED DE LA COMUNIDAD AUTONOMA DE GALICIA""","UTC+01","ES2016A","36026003","""ES2016A-MARÍN""","SPO-ES2016A_06001_100","PM2.5","-8.709720","42.388610","76.000000","","suburban","background","31/12/2010 00:00:00","20/07/2012 00:00:00","SPO_F-ES2016A_06001_100_100","3.0","","","","","","","","","","","0","","","","","","","","","","","","","","","SPP-ES_A_light-scat_GRIMM-EDM180","31/12/2010 00:00:00","20/07/2012 00:00:00","automatic","light-scat","","","","","","","","","","","","","","","","","","",""
"Spain","ES.MAGRAMA.AQ","","NET-ES210A","""RED DE LA COMUNIDAD AUTONOMA DE LA COMUNIDAD VALENCIANA""","UTC+01","ES2018A","46028001","""ES2018A-ALGAR DE PALÀNCIA""","SPO-ES2018A_06001_100","PM2.5","-0.359170","39.782220","200.000000","","rural-nearcity","background","12/03/2012 00:00:00","","SPO_F-ES2018A_06001_100_100","3.0","","","","","","","","","","","0","","","","","","","","","","","","","","","SPP-ES_A_light-scat_00000","12/03/2012 00:00:00","","automatic","light-scat","","other","","","","","","","","","","","","","","","","",""
"Spain","ES.MAGRAMA.AQ","","NET-ES210A","""RED DE LA COMUNIDAD AUTONOMA DE LA COMUNIDAD VALENCIANA""","UTC+01","ES2018A","46028001","""ES2018A-ALGAR DE PALÀNCIA""","SPO-ES2018A_06001_100","PM2.5","-0.359170","39.782220","200.000000","","rural-nearcity","background","12/03/2012 00:00:00","","SPO_F-ES2018A_06001_100_100","3.0","","","","","","","","","","","0","","","","","","","","","","","","","","","SPP-ES_A_light-scat_52000","12/03/2012 00:00:00","","automatic","light-scat","","","","","","","","","","","","","","","","","","",""
"Spain","ES.MAGRAMA.AQ","","NET-ES210A","""RED DE LA COMUNIDAD AUTONOMA DE LA COMUNIDAD VALENCIANA""","UTC+01","ES2019A","46256001","""ES2019A-VILAMARXANT""","SPO-ES2019A_06001_102","PM2.5","-0.625560","39.564720","510.000000","","suburban","background","01/01/2012 00:00:00","","SPO_F-ES2019A_06001_102_102","3.0","","","","","","","","","","","0","","","","","","","","","","","","","","","SPP-ES_N_gravi_00000","01/01/2012 00:00:00","","active","","","","","other","","gravi","","","","","","","","","","","","",""
"Spain","ES.MAGRAMA.AQ","","NET-ES210A","""RED DE LA COMUNIDAD AUTONOMA DE LA COMUNIDAD VALENCIANA""","UTC+01","ES2019A","46256001","""ES2019A-VILAMARXANT""","SPO-ES2019A_06001_102","PM2.5","-0.625560","39.564720","510.000000","","suburban","background","01/01/2012 00:00:00","","SPO_F-ES2019A_06001_102_102","3.0","","","","","","","","","","","0","","","","","","","","","","","","","","","SPP-ES_N_gravi_06114","01/01/2012 00:00:00","","active","","","","","","","gravi","","","","","","","","","","","","",""
"Spain","ES.MAGRAMA.AQ","","NET-ES205A","""RED DE LA COMUNIDAD AUTONOMA DE LAS ISLAS CANARIAS""","UTC+01","ES2020A","38038025","""ES2020A-GARCÍA ESCÁMEZ-STA CRUZ DE TF""","SPO-ES2020A_06001_100","PM2.5","-16.271840","28.456740","119.000000","","urban","industrial","25/09/2011 00:00:00","","SPO_F-ES2020A_06001_100_100","0.0","","","","","","","","","","","0","","","","","","","","","","","","","","","SPP-ES_A_light-scat_00000","25/09/2011 00:00:00","","automatic","light-scat","","other","","","","","","","","","","","","","","","","",""
"Spain","ES.MAGRAMA.AQ","","NET-ES205A","""RED DE LA COMUNIDAD AUTONOMA DE LAS ISLAS CANARIAS""","UTC+01","ES2020A","38038025","""ES2020A-GARCÍA ESCÁMEZ-STA CRUZ DE TF""","SPO-ES2020A_06001_100","PM2.5","-16.271840","28.456740","119.000000","","urban","industrial","25/09/2011 00:00:00","","SPO_F-ES2020A_06001_100_100","0.0","","","","","","","","","","","0","","","","","","","","","","","","","","","SPP-ES_A_light-scat_52000","25/09/2011 00:00:00","","automatic","light-scat","","","","","","","","","","","","","","","","","","",""
"Spain","ES.MAGRAMA.AQ","","NET-ES205A","""RED DE LA COMUNIDAD AUTONOMA DE LAS ISLAS CANARIAS""","UTC+01","ES2021A","38038026","""ES2021A-PARQUE LA GRANJA-STA CRUZ DE TF""","SPO-ES2021A_06001_600","PM2.5","-16.264880","28.463010","85.000000","","urban","background","25/09/2011 00:00:00","","SPO_F-ES2021A_06001_600_600","-999.0","","","","","","","","","","","0","","","","","","","","","","","","","","","SPP-ES_A_light-scat_00000","25/09/2011 00:00:00","","automatic","light-scat","","other","","","","","","","","","","","","","","","","",""
"Spain","ES.MAGRAMA.AQ","","NET-ES205A","""RED DE LA COMUNIDAD AUTONOMA DE LAS ISLAS CANARIAS""","UTC+01","ES2021A","38038026","""ES2021A-PARQUE LA GRANJA-STA CRUZ DE TF""","SPO-ES2021A_06001_600","PM2.5","-16.264880","28.463010","85.000000","","urban","background","25/09/2011 00:00:00","","SPO_F-ES2021A_06001_600_600","-999.0","","","","","","","","","","","0","","","","","","","","","","","","","","","SPP-ES_A_light-scat_52000","25/09/2011 00:00:00","","automatic","light-scat","","","","","","","","","","","","","","","","","","",""
"Spain","ES.MAGRAMA.AQ","","NET-ES205A","""RED DE LA COMUNIDAD AUTONOMA DE LAS ISLAS CANARIAS""","UTC+01","ES2022A","38011007","""ES2022A-DEPÓSITO LA GUANCHA-CANDELARIA""","SPO-ES2022A_06001_100","PM2.5","-16.368330","28.380160","128.000000","","suburban","industrial","15/02/2012 00:00:00","","SPO_F-ES2022A_06001_100_100","0.0","","","","","","","","","","","0","","","","","","","","","","","","","","","SPP-ES_A_TEOM_00000","15/02/2012 00:00:00","","automatic","TEOM","","other","","","","","","","","","","","","","","","","",""
"Spain","ES.MAGRAMA.AQ","","NET-ES205A","""RED DE LA COMUNIDAD AUTONOMA DE LAS ISLAS CANARIAS""","UTC+01","ES2022A","38011007","""ES2022A-DEPÓSITO LA GUANCHA-CANDELARIA""","SPO-ES2022A_06001_100","PM2.5","-16.368330","28.380160","128.000000","","suburban","industrial","15/02/2012 00:00:00","","SPO_F-ES2022A_06001_100_100","0.0","","","","","","","","","","","0","","","","","","","","","","","","","","","SPP-ES_A_TEOM_09000","15/02/2012 00:00:00","","automatic","TEOM","","","","","","","","","","","","","","","","","","",""
"Spain","ES.MAGRAMA.AQ","","NET-ES205A","""RED DE LA COMUNIDAD AUTONOMA DE LAS ISLAS CANARIAS""","UTC+01","ES2025A","35017005","""ES2025A-EL CHARCO-PTO DEL ROSARIO""","SPO-ES2025A_06001_100","PM2.5","-13.848980","28.506160","15.000000","","urban","industrial","06/03/2012 00:00:00","","SPO_F-ES2025A_06001_100_100","0.0","","","","","","","","","","","0","","","","","","","","","","","","","","","SPP-ES_A_BETA_00000","06/03/2012 00:00:00","","automatic","BETA","","other","","","","","","","","","","","","","","","","",""
"Spain","ES.MAGRAMA.AQ","","NET-ES205A","""RED DE LA COMUNIDAD AUTONOMA DE LAS ISLAS CANARIAS""","UTC+01","ES2025A","35017005","""ES2025A-EL CHARCO-PTO DEL ROSARIO""","SPO-ES2025A_06001_100","PM2.5","-13.848980","28.506160","15.000000","","urban","industrial","06/03/2012 00:00:00","","SPO_F-ES2025A_06001_100_100","0.0","","","","","","","","","","","0","","","","","","","","","","","","","","","SPP-ES_A_BETA_01000","06/03/2012 00:00:00","","automatic","BETA","","","","","","","","","","","","","","","","","","",""
"Spain","ES.MAGRAMA.AQ","","NET-ES201A","""RED DE LA COMUNIDAD AUTONOMA DE ANDALUCIA""","UTC+01","ES2030A","29069002","""ES2030A-MARBELLA ARCO""","SPO-ES2030A_06001_600","PM2.5","-4.863000","36.511000","39.000000","","urban","traffic","01/01/2013 00:00:00","","SPO_F-ES2030A_06001_600_600","-999.0","","","","","","","","","","","0","","","","","","","","","","","","","","","SPP-ES_N_0000000000","01/01/2013 00:00:00","","active","","","","","","","other","","","","","","","","","","","","",""
"Spain","ES.MAGRAMA.AQ","","NET-ES201A","""RED DE LA COMUNIDAD AUTONOMA DE ANDALUCIA""","UTC+01","ES2030A","29069002","""ES2030A-MARBELLA ARCO""","SPO-ES2030A_06001_600","PM2.5","-4.863000","36.511000","39.000000","","urban","traffic","01/01/2013 00:00:00","","SPO_F-ES2030A_06001_600_600","-999.0","","","","","","","","","","","0","","","","","","","","","","","","","","","SPP-ES_N_gravi_00000","01/01/2013 00:00:00","","active","","","","","other","","gravi","","","","","","","","","","","","",""
"Spain","ES.MAGRAMA.AQ","","NET-ES210A","""RED DE LA COMUNIDAD AUTONOMA DE LA COMUNIDAD VALENCIANA""","UTC+01","ES2036A","12138001","""ES2036A-VINARÒS PLANTA""","SPO-ES2036A_06001_100","PM2.5","0.425000","40.546110","105.000000","","rural","industrial","01/01/2013 00:00:00","","SPO_F-ES2036A_06001_100_100","4.0","","","","","","","","","","","0","","","","","","","","","","","","","","","SPP-ES_A_DOAS_00000","01/01/2013 00:00:00","","remote","DOAS","","other","","","","","","","","","","","","","","","","",""
"Spain","ES.MAGRAMA.AQ","","NET-ES210A","""RED DE LA COMUNIDAD AUTONOMA DE LA COMUNIDAD VALENCIANA""","UTC+01","ES2036A","12138001","""ES2036A-VINARÒS PLANTA""","SPO-ES2036A_06001_100","PM2.5","0.425000","40.546110","105.000000","","rural","industrial","01/01/2013 00:00:00","","SPO_F-ES2036A_06001_100_100","4.0","","","","","","","","","","","0","","","","","","","","","","","","","","","SPP-ES_A_DOAS_03000","01/01/2013 00:00:00","","remote","DOAS","","","","","","","","","","","","","","","","","","",""
"Spain","ES.MAGRAMA.AQ","","NET-ES210A","""RED DE LA COMUNIDAD AUTONOMA DE LA COMUNIDAD VALENCIANA""","UTC+01","ES2037A","12138002","""ES2037A-VINARÒS PLATAFORMA""","SPO-ES2037A_06001_100","PM2.5","0.709170","40.383330","22.000000","","rural","industrial","01/01/2013 00:00:00","","SPO_F-ES2037A_06001_100_100","4.0","","","","","","","","","","","0","","","","","","","","","","","","","","","SPP-ES_A_DOAS_00000","01/01/2013 00:00:00","","remote","DOAS","","other","","","","","","","","","","","","","","","","",""
"Spain","ES.MAGRAMA.AQ","","NET-ES210A","""RED DE LA COMUNIDAD AUTONOMA DE LA COMUNIDAD VALENCIANA""","UTC+01","ES2037A","12138002","""ES2037A-VINARÒS PLATAFORMA""","SPO-ES2037A_06001_100","PM2.5","0.709170","40.383330","22.000000","","rural","industrial","01/01/2013 00:00:00","","SPO_F-ES2037A_06001_100_100","4.0","","","","","","","","","","","0","","","","","","","","","","","","","","","SPP-ES_A_DOAS_03000","01/01/2013 00:00:00","","remote","DOAS","","","","","","","","","","","","","","","","","","",""
"Spain","ES.MAGRAMA.AQ","","NET-ES205A","""RED DE LA COMUNIDAD AUTONOMA DE LAS ISLAS CANARIAS""","UTC+01","ES2038A","38038027","""ES2038A-TIO PINO-STA CRUZ DE TENERIFE""","SPO-ES2038A_06001_600","PM2.5","-16.270200","28.459310","104.000000","","urban","industrial","01/03/2013 00:00:00","","SPO_F-ES2038A_06001_600_600","-999.0","","","","","","","","","","","0","","","","","","","","","","","","","","","SPP-ES_A_BETA_00000","01/03/2013 00:00:00","","automatic","BETA","","other","","","","","","","","","","","","","","","","",""
"Spain","ES.MAGRAMA.AQ","","NET-ES205A","""RED DE LA COMUNIDAD AUTONOMA DE LAS ISLAS CANARIAS""","UTC+01","ES2053A","ES2053A","""LAS GALANAS -SS GOMERA""","SPO-ES2053A_06001_600","PM2.5","-17.118100","28.090100","49.000000","","urban","industrial","19/03/2014 00:00:00","","SPO_F-ES2053A_06001_600_600","-999.0","","","","","","","","","","","0","","","","","","","","","","","","","","","SPP-ES_A_BETA_00000","19/03/2014 00:00:00","","automatic","BETA","","other","","","","","","","","","","","","","","","","",""
"Spain","ES.MAGRAMA.AQ","","NET-ES212A","""RED DE LA COMUNIDAD AUTONOMA DE GALICIA""","UTC+01","ES2063A","ES2063A","""LOPE DE VEGA""","SPO-ES2063A_06001_600","PM2.5","-8.711100","42.222400","30.000000","","suburban","background","22/04/2015 00:00:00","","SPO_F-ES2063A_06001_600_600","-999.0","","","","","","","","","","","0","","","","","","","","","","","","","","","SPP-ES_A_BETA_00000","22/04/2015 00:00:00","","automatic","BETA","","other","","","","","","","","","","","","","","","","",""
"Spain","ES.MAGRAMA.AQ","","NET-ES203A","""RED DE LA COMUNIDAD AUTONOMA DE ASTURIAS""","UTC+01","ES2051A","ES2051A","""LUGONES INSTITUTO""","SPO-ES2051A_06001_600","PM2.5","-5.802800","43.401500","168.000000","","urban","industrial","01/01/2014 00:00:00","","SPO_F-ES2051A_06001_600_600","3.0","","","","","","","","","","","0","","","","","","","","","","","","","","","SPP-ES_A_BETA_00000","01/01/2014 00:00:00","","automatic","BETA","","other","","","","","","","","","","","","","","","","",""
"Spain","ES.MAGRAMA.AQ","","NET-ES203A","""RED DE LA COMUNIDAD AUTONOMA DE ASTURIAS""","UTC+01","ES2054A","ES2054A","""SALINAS""","SPO-ES2054A_06001_600","PM2.5","-5.958300","43.570500","4.000000","","suburban","industrial","01/11/2014 00:00:00","","SPO_F-ES2054A_06001_600_600","3.0","","","","","","","","","","","0","","","","","","","","","","","","","","","SPP-ES_A_BETA_00000","01/11/2014 00:00:00","","automatic","BETA","","other","","","","","","","","","","","","","","","","",""
"Spain","ES.MAGRAMA.AQ","","NET-ES210A","""RED DE LA COMUNIDAD AUTONOMA DE LA COMUNIDAD VALENCIANA""","UTC+01","ES2055A","ES2055A","""TORRENT-EL VEDAT""","SPO-ES2055A_06001_600","PM2.5","-0.482500","39.425300","100.000000","","suburban","background","18/07/2014 00:00:00","","SPO_F-ES2055A_06001_600_600","3.0","","","","","","","","","","","0","","","","","","","","","","","","","","","SPP-ES_N_gravi_00000","18/07/2014 00:00:00","","active","","","","","other","","gravi","","","","","","","","","","","","",""
"Spain","ES.MAGRAMA.AQ","","NET-ES210A","""RED DE LA COMUNIDAD AUTONOMA DE LA COMUNIDAD VALENCIANA""","UTC+01","ES2052A","ES2052A","""VALENCIA-ALBUFERA""","SPO-ES2052A_06001_600","PM2.5","-0.318600","39.315600","1.000000","","rural","background","01/01/2014 00:00:00","","SPO_F-ES2052A_06001_600_600","3.0","","","","","","","","","","","0","","","","","","","","","","","","","","","SPP-ES_N_gravi_00000","01/01/2014 00:00:00","","active","","","","","other","","gravi","","","","","","","","","","","","",""
"Spain","ES.MAGRAMA.AQ","","NET-ES212A","""RED DE LA COMUNIDAD AUTONOMA DE GALICIA""","UTC+01","ES2039A","ES2039A","""XUBIA (MEGASA)""","SPO-ES2039A_06001_600","PM2.5","-8.150200","43.519700","20.000000","","suburban","industrial","24/07/2013 00:00:00","","SPO_F-ES2039A_06001_600_600","4.0","","","","","","","","","","","0","","","","","","","","","","","","","","","SPP-ES_A_BETA_00000","24/07/2013 00:00:00","","automatic","BETA","","other","","","","","","","","","","","","","","","","",""
"Spain","ES.BDCA.AQD","2025","NET_ES021A","Ayto Zaragoza","UTC","ES2089A","50297040","ACTUR","SP_50297040_9_52","PM2.5","-0.886900","41.675200","200.000000","m","urban","background","01/01/2024 00:00:00","","SAM_50297040_9_52","4.0","m","15.0","m","6.0","m","-999.0","m","Transport","-999.0","t.km-2.year-1","0","-999.0","t.km-1.year-1","-999.0","t.year-1","ZARAGOZA","","","21.0","","","0.0","0.0","10","5750","SPP_50297040_9_52.1","01/01/2024 00:00:00","","automatic","BETA","","thermo5014i","","","","","","yes","EQUIVALENCIA DEMOSTRADA","0.1","ug.m-3","","http://missing.com","1","hour","1","hour","http://cdr.eionet.europa.eu/es/eu/aqd/d/envaxdj6q/ES_D_Metainfo.xml","05/09/2026 03:00:13"
"Spain","ES.BDCA.AQD","2025","NET_ES210A","CCAA Com. Valenciana","UTC","ES1847A","03002002","AGOST","SP_03002002_9_M","PM2.5","-0.638040","38.436060","310.000000","m","urban","industrial","06/09/2005 00:00:00","","SAM_03002002_9_M","3.0","m","","m","","m","1000.0","m","Industrial Processes","-999.0","t.km-2.year-1","0","-999.0","t.km-1.year-1","-999.0","t.year-1","AGOST","","","1.0","","","0.0","0.0","0","0","SPP_03002002_9_M.1","06/09/2005 00:00:00","","active","","","","","HVSauto30","","gravi","","ref","","0","ug.m-3","","En preparación","1","day","1","day","http://cdr.eionet.europa.eu/es/eu/aqd/d/envaxdj6q/ES_D_Metainfo.xml","05/09/2026 03:00:13"
"Spain","ES.BDCA.AQD","2025","NET_ES205A","CCAA Islas Canarias","UTC","ES1745A","35002001","AGÜIMES","SP_35002001_9_47","PM2.5","-15.445030","27.897640","265.000000","m","urban","industrial","01/01/2009 00:00:00","31/12/2024 00:00:00","SAM_35002001_9_47","3.9","m","","m","","m","-999.0","m","Transport","-999.0","t.km-2.year-1","0","-999.0","t.km-1.year-1","-999.0","t.year-1","AGÜIMES","","","10.0","","","0.0","0.0","0","0","SPP_35002001_9_47.1","01/01/2009 00:00:00","31/12/2024 00:00:00","automatic","BETA","","BAM1020","","","","","","yes","http://missing.com","0","ug.m-3","","http://missing.com","1","hour","1","hour","http://cdr.eionet.europa.eu/es/eu/aqd/d/envaxdj6q/ES_D_Metainfo.xml","05/09/2026 03:00:13"
"Spain","ES.BDCA.AQD","2025","NET_ES205A","CCAA Islas Canarias","UTC","ES1745A","35002001","AGÜIMES","SP_35002001_9_A","PM2.5","-15.445030","27.897640","265.000000","m","urban","industrial","01/01/2025 00:00:00","","SAM_35002001_9_A","3.9","m","","m","","m","-999.0","m","Transport","-999.0","t.km-2.year-1","0","-999.0","t.km-1.year-1","-999.0","t.year-1","AGÜIMES","","","10.0","","","0.0","0.0","0","0","SPP_35002001_9_A.1","01/01/2025 00:00:00","","automatic","BETA","","BAM1020","","","","","","yes","http://missing.com","0","ug.m-3","","http://missing.com","1","hour","1","hour","http://cdr.eionet.europa.eu/es/eu/aqd/d/envaxdj6q/ES_D_Metainfo.xml","05/09/2026 03:00:13"
"Spain","ES.BDCA.AQD","2025","NET_ES216A","CCAA País Vasco","UTC","ES1544A","01051001","AGURAIN","SP_01051001_9_49","PM2.5","-2.393700","42.849000","594.000000","m","suburban","background","01/01/2021 00:00:00","","SAM_01051001_9_49","3.8","m","24.0","m","5.0","m","-999.0","m","Transport","-999.0","t.km-2.year-1","0","-999.0","t.km-1.year-1","-999.0","t.year-1","SALVATIERRA O AGURAIN","","","3.0","","","0.0","0.0","0","20000","SPP_01051001_9_49.1","01/01/2021 00:00:00","","automatic","BETA","","thermo5014i","","","","","","no","https://www.euskadi.eus/informacion/material-particulado/web01-a2ingair/es/","4","ug.m-3","","https://www.euskadi.eus/informacion/material-particulado/web01-a2ingair/es/","1","hour","1","hour","http://cdr.eionet.europa.eu/es/eu/aqd/d/envaxdj6q/ES_D_Metainfo.xml","05/09/2026 03:00:13"
"Spain","ES.BDCA.AQD","2025","NET_ES209A","CCAA Cataluña","UTC","ES2088A","08014001","AIGUAFREDA (CAN BELLIT)","SP_08014001_9_M","PM2.5","2.250700","41.771100","427.000000","m","rural","background","01/02/2018 00:00:00","31/12/2024 00:00:00","SAM_08014001_9_M","1.5","m","","m","","m","-999.0","m","","-999.0","t.km-2.year-1","0","-999.0","t.km-1.year-1","-999.0","t.year-1","AIGUAFREDA","","","0.0","","","0.0","0.0","0","0","SPP_08014001_9_M.1","01/02/2018 00:00:00","31/12/2024 00:00:00","active","","","","","HVSman30","","gravi","","ref","unknown","7","ug.m-3","","http://missing.com","1","day","1","day","http://cdr.eionet.europa.eu/es/eu/aqd/d/envaxdj6q/ES_D_Metainfo.xml","05/09/2026 03:00:13"
"Spain","ES.BDCA.AQD","2025","NET_ES209A","CCAA Cataluña","UTC","ES2088A","08014001","AIGUAFREDA (CAN BELLIT)","SP_08014001_9_M","PM2.5","2.250700","41.771100","427.000000","m","rural","background","01/02/2018 00:00:00","31/12/2024 00:00:00","SAM_08014001_9_M","1.5","m","","m","","m","-999.0","m","","-999.0","t.km-2.year-1","0","-999.0","t.km-1.year-1","-999.0","t.year-1","AIGUAFREDA","","","0.0","","","0.0","0.0","0","0","SPP_08014001_9_M.2","01/02/2018 00:00:00","31/12/2024 00:00:00","active","","","","","LVSauto2.3","","gravi","","ref","","7","ug.m-3","","unknown","1","day","1","day","http://cdr.eionet.europa.eu/es/eu/aqd/d/envaxdj6q/ES_D_Metainfo.xml","05/09/2026 03:00:13"
"Spain","ES.BDCA.AQD","2025","NET_ES209A","CCAA Cataluña","UTC","ES2194A","08014002","AIGUAFREDA (CAN BELLIT)","SP_08014002_9_M","PM2.5","2.250700","41.771100","427.000000","m","suburban","background","01/01/2025 00:00:00","","SAM_08014002_9_M","1.5","m","","m","","m","-999.0","m","","-999.0","t.km-2.year-1","0","-999.0","t.km-1.year-1","-999.0","t.year-1","AIGUAFREDA","","","0.0","","","9.0","0.0","0","0","SPP_08014002_9_M.1","01/01/2025 00:00:00","","active","","","","","LVSauto2.3","","gravi","","ref","","7","ug.m-3","","unknown","1","day","1","day","http://cdr.eionet.europa.eu/es/eu/aqd/d/envaxdj6q/ES_D_Metainfo.xml","05/09/2026 03:00:13"
"Spain","ES.BDCA.AQD","2025","NET_ES210A","CCAA Com. Valenciana","UTC","ES1968A","03014009","ALACANT - RABASSA","SP_03014009_9_46","PM2.5","-0.513890","38.351110","20.000000","m","suburban","industrial","20/01/2010 00:00:00","","SAM_03014009_9_46","3.0","m","","m","","m","-999.0","m","Other","-999.0","t.km-2.year-1","0","-999.0","t.km-1.year-1","-999.0","t.year-1","ALICANTE/ALACANT","","","5.0","","","3.0","7.0","50","0","SPP_03014009_9_46.1","20/01/2010 00:00:00","","automatic","light-scat","","GRIMM-EDM180","","","","","","yes","http://missing.com","0","ug.m-3","","En preparación","1","hour","1","hour","http://cdr.eionet.europa.eu/es/eu/aqd/d/envaxdj6q/ES_D_Metainfo.xml","05/09/2026 03:00:13"
"Spain","ES.BDCA.AQD","2025","NET_ES210A","CCAA Com. Valenciana","UTC","ES1915A","03014008","ALACANT-FLORIDA-BABEL","SP_03014008_9_M","PM2.5","-0.506670","38.340280","55.000000","m","urban","background","08/01/2009 00:00:00","","SAM_03014008_9_M","3.0","m","","m","","m","-999.0","m","","-999.0","t.km-2.year-1","0","-999.0","t.km-1.year-1","-999.0","t.year-1","ALICANTE/ALACANT","","","0.0","","","0.0","0.0","0","0","SPP_03014008_9_M.1","08/01/2009 00:00:00","","active","","","","","HVSauto30","","gravi","","ref","","0","ug.m-3","","En preparación","1","day","1","day","http://cdr.eionet.europa.eu/es/eu/aqd/d/envaxdj6q/ES_D_Metainfo.xml","05/09/2026 03:00:13"
"Spain","ES.BDCA.AQD","2025","NET_ES202A","CCAA Aragón","UTC","ES1418A","50008001","ALAGÓN","SP_50008001_9_M","PM2.5","-1.143300","41.762800","235.000000","m","suburban","traffic","01/01/2011 00:00:00","","SAM_50008001_9_M","3.2","m","800.0","m","30.0","m","-999.0","m","Transport","-999.0","t.km-2.year-1","0","-999.0","t.km-1.year-1","-999.0","t.year-1","ALAGÓN","open","plane","20.0","","0.41","0.0","0.0","115","18947","SPP_50008001_9_M.1","01/01/2011 00:00:00","","active","","","","","HVSauto30","","gravi","","ref","","2","ug.m-3","","http://missing.com","1","day","1","day","http://cdr.eionet.europa.eu/es/eu/aqd/d/envaxdj6q/ES_D_Metainfo.xml","05/09/2026 03:00:13"
"Spain","ES.BDCA.AQD","2025","NET_ES207A","CCAA Cast. la Mancha","UTC","ES1535A","02003001","ALBACETE","SP_02003001_9_49","PM2.5","-1.852100","38.979300","686.000000","m","suburban","background","15/06/2008 00:00:00","16/11/2021 00:00:00","SAM_02003001_9_49","4.0","m","","m","","m","500.0","m","Transport","-999.0","t.km-2.year-1","0","-999.0","t.km-1.year-1","-999.0","t.year-1","ALBACETE","detached","plane","0.0","","","0.0","0.0","0","0","SPP_02003001_9_49.1","15/06/2008 00:00:00","16/11/2021 00:00:00","automatic","BETA","","BAM1020","","","","","","yes","http://pagina.jccm.es/medioambiente/rvca/estudiocalidad.htm","-999","ug.m-3","","http://missing.com","1","hour","1","hour","http://cdr.eionet.europa.eu/es/eu/aqd/d/envaxdj6q/ES_D_Metainfo.xml","05/09/2026 03:00:13"
"Spain","ES.BDCA.AQD","2025","NET_ES207A","CCAA Cast. la Mancha","UTC","ES1535A","02003001","ALBACETE","SP_02003001_9_49","PM2.5","-1.852100","38.979300","686.000000","m","suburban","background","15/06/2008 00:00:00","16/11/2021 00:00:00","SAM_02003001_9_49","4.0","m","","m","","m","500.0","m","Transport","-999.0","t.km-2.year-1","0","-999.0","t.km-1.year-1","-999.0","t.year-1","ALBACETE","detached","plane","0.0","","","0.0","0.0","0","0","SPP_02003001_9_49.2","15/06/2008 00:00:00","16/11/2021 00:00:00","automatic","BETA","","BAM1020","","","","","","no","","-999","ug.m-3","","http://missing.com","1","hour","1","hour","http://cdr.eionet.europa.eu/es/eu/aqd/d/envaxdj6q/ES_D_Metainfo.xml","05/09/2026 03:00:13"
"Spain","ES.BDCA.AQD","2025","NET_ES207A","CCAA Cast. la Mancha","UTC","ES2138A","02003002","ALBACETE - PARQUE TECNOLOGICO","SP_02003002_9_49","PM2.5","-1.845200","38.980800","691.000000","m","suburban","background","17/11/2021 00:00:00","","SAM_02003002_9_49","3.9","m","25.0","m","","m","0.1","m","","-999.0","t.km-2.year-1","0","-999.0","t.km-1.year-1","-999.0","t.year-1","ALBACETE","open","plane","0.0","","","0.0","0.0","0","2500","SPP_02003002_9_49.1","17/11/2021 00:00:00","","automatic","BETA","","BAM1020","","","","","","no","http://missing.com","2","ug.m-3","","http://missing.com","1","hour","1","hour","http://cdr.eionet.europa.eu/es/eu/aqd/d/envaxdj6q/ES_D_Metainfo.xml","05/09/2026 03:00:13"
"Spain","ES.BDCA.AQD","2025","NET_ES210A","CCAA Com. Valenciana","UTC","ES1911A","46010001","ALBALAT DELS TARONGERS","SP_46010001_9_46","PM2.5","-0.336670","39.705280","320.000000","m","suburban","industrial","01/01/2012 00:00:00","","SAM_46010001_9_46","3.0","m","","m","","m","3000.0","m","Energy Industries","-999.0","t.km-2.year-1","0","-999.0","t.km-1.year-1","-999.0","t.year-1","ALBALAT DELS TARONGERS","","","0.0","","","0.0","0.0","0","0","SPP_46010001_9_46.1","01/01/2012 00:00:00","","automatic","light-scat","","GRIMM-EDM180","","","","","","inprogress","EN PREPARACIÓN","0","ug.m-3","","http://missing.com","1","hour","1","hour","http://cdr.eionet.europa.eu/es/eu/aqd/d/envaxdj6q/ES_D_Metainfo.xml","05/09/2026 03:00:13"
"Spain","ES.BDCA.AQD","2025","NET_ES213A","CCAA Madrid","UTC","ES1563A","28005002","ALCALÁ DE HENARES","SP_28005002_9_49","PM2.5","-3.377950","40.479330","589.000000","m","urban","traffic","01/01/2019 00:00:00","","SAM_28005002_9_49","4.8","m","99.0","m","99.0","m","-999.0","m","","-999.0","t.km-2.year-1","0","-999.0","t.km-1.year-1","-999.0","t.year-1","ALCALÁ DE HENARES","","","10.0","","0.05","7.0","100.0","65","6000","SPP_28005002_9_49.1","01/01/2019 00:00:00","","automatic","BETA","","thermo5014i","","","","","","yes","https://bit.ly/3rU6DbC","1","ug.m-3","","https://bit.ly/3rU6DbC","1","hour","1","hour","http://cdr.eionet.europa.eu/es/eu/aqd/d/envaxdj6q/ES_D_Metainfo.xml","05/09/2026 03:00:13"
"Spain","ES.BDCA.AQD","2025","NET_ES214A","CCAA Murcia","UTC","ES1627A","30005002","ALCANTARILLA","SP_30005002_9_A","PM2.5","-1.232100","37.974500","80.000000","m","suburban","industrial","27/09/2023 00:00:00","","SAM_30005002_9_A","4.0","m","","m","","m","-999.0","m","","-999.0","t.km-2.year-1","0","-999.0","t.km-1.year-1","-999.0","t.year-1","ALCANTARILLA","","","0.0","","","0.0","0.0","0","0","SPP_30005002_9_A.1","27/09/2023 00:00:00","","automatic","light-scat","","FIDAS200","","","","","","ref","","1","ug.m-3","","https://sinqlair.carm.es/sinqlair","1","hour","1","hour","http://cdr.eionet.europa.eu/es/eu/aqd/d/envaxdj6q/ES_D_Metainfo.xml","05/09/2026 03:00:13"
"Spain","ES.BDCA.AQD","2025","NET_ES210A","CCAA Com. Valenciana","UTC","ES1685A","12005005","ALCORA","SP_12005005_9_49","PM2.5","-0.189720","40.051940","160.000000","m","urban","industrial","01/01/2004 00:00:00","","SAM_12005005_9_49","3.0","m","","m","","m","20000.0","m","Energy Industries","-999.0","t.km-2.year-1","0","-999.0","t.km-1.year-1","-999.0","t.year-1","ALCORA (L')","","","0.0","","","0.0","0.0","0","1000","SPP_12005005_9_49.1","01/01/2004 00:00:00","","automatic","BETA","","unknown","","","","","","inprogress","http://www.cma.gva.es/atmosfera","0","ug.m-3","","http://missing.com","1","hour","1","hour","http://cdr.eionet.europa.eu/es/eu/aqd/d/envaxdj6q/ES_D_Metainfo.xml","05/09/2026 03:00:13"
"Spain","ES.BDCA.AQD","2025","NET_ES213A","CCAA Madrid","UTC","ES1890A","28007004","ALCORCÓN","SP_28007004_9_49","PM2.5","-3.833700","40.341900","693.000000","m","urban","background","11/09/2008 00:00:00","","SAM_28007004_9_49","4.5","m","","m","","m","-999.0","m","","-999.0","t.km-2.year-1","0","-999.0","t.km-1.year-1","-999.0","t.year-1","ALCORCÓN","","","0.0","","","10.0","0.0","0","0","SPP_28007004_9_49.1","11/09/2008 00:00:00","","automatic","BETA","","thermo5014i","","","","","","inprogress","https://bit.ly/3rU6DbC","1","ug.m-3","","https://bit.ly/3rU6DbC","1","hour","1","hour","http://cdr.eionet.europa.eu/es/eu/aqd/d/envaxdj6q/ES_D_Metainfo.xml","05/09/2026 03:00:13"
"Spain","ES.BDCA.AQD","2025","NET_ES213A","CCAA Madrid","UTC","ES1890A","28007004","ALCORCÓN","SP_28007004_9_M","PM2.5","-3.833700","40.341900","693.000000","m","urban","background","01/01/2010 00:00:00","","SAM_28007004_9_M","4.5","m","","m","","m","-999.0","m","","-999.0","t.km-2.year-1","0","-999.0","t.km-1.year-1","-999.0","t.year-1","ALCORCÓN","","","0.0","","","10.0","0.0","0","0","SPP_28007004_9_M.1","01/01/2010 00:00:00","","active","","","","","LVSauto2.3","","gravi","","ref","","1","ug.m-3","","https://bit.ly/3oFooJV","1","day","1","day","http://cdr.eionet.europa.eu/es/eu/aqd/d/envaxdj6q/ES_D_Metainfo.xml","05/09/2026 03:00:13"
"Spain","ES.BDCA.AQD","2025","NET_ES217A","CCAA La Rioja","UTC","ES1649A","26011001","ALFARO","SP_26011001_9_49","PM2.5","-1.744000","42.176000","350.000000","m","rural","industrial","01/01/2008 00:00:00","","SAM_26011001_9_49","3.5","m","","m","","m","1.0","m","Manufacturing Industries and Construction","-999.0","t.km-2.year-1","0","-999.0","t.km-1.year-1","-999.0","t.year-1","ALFARO","open","basin-hilly","0.0","","","0.0","0.0","0","1000","SPP_26011001_9_49.1","01/01/2008 00:00:00","","automatic","BETA","","BAM1020","","","","","","no","_","0.1","ug.m-3","","http://missing.com","1","hour","1","hour","http://cdr.eionet.europa.eu/es/eu/aqd/d/envaxdj6q/ES_D_Metainfo.xml","05/09/2026 03:00:13"
"Spain","ES.BDCA.AQD","2025","NET_ES210A","CCAA Com. Valenciana","UTC","ES2018A","46028001","ALGAR DE PALÀNCIA","SP_46028001_9_46","PM2.5","-0.359170","39.782220","200.000000","m","rural","background","12/03/2012 00:00:00","","SAM_46028001_9_46","3.0","m","","m","","m","19000.0","m","Energy Industries","-999.0","t.km-2.year-1","0","-999.0","t.km-1.year-1","-999.0","t.year-1","ALGAR DE PALANCIA","","","0.0","","","0.0","0.0","0","0","SPP_46028001_9_46.1","12/03/2012 00:00:00","","automatic","light-scat","","GRIMM-EDM180","","","","","","yes","http://missing.com","0","ug.m-3","","http://missing.com","1","hour","1","hour","http://cdr.eionet.europa.eu/es/eu/aqd/d/envaxdj6q/ES_D_Metainfo.xml","05/09/2026 03:00:13"
"Spain","ES.BDCA.AQD","2025","NET_ES201A","CCAA Andalucía","UTC","ES1664A","11004007","ALGECIRAS EPS","SP_11004007_9_M","PM2.5","-5.453430","36.136230","24.000000","m","urban","industrial","01/01/2010 00:00:00","","SAM_11004007_9_M","16.4","m","40.0","m","5.0","m","-999.0","m","","-999.0","t.km-2.year-1","0","-999.0","t.km-1.year-1","-999.0","t.year-1","ALGECIRAS","","","60.0","","0.20","40.0","5.0","40","1000","SPP_11004007_9_M.1","01/01/2010 00:00:00","","active","","","","","HVSman30","","gravi","","ref","","1","ug.m-3","","unknown","1","day","1","day","http://cdr.eionet.europa.eu/es/eu/aqd/d/envaxdj6q/ES_D_Metainfo.xml","05/09/2026 03:00:13"
"Spain","ES.BDCA.AQD","2025","NET_ES201A","CCAA Andalucía","UTC","ES1664A","11004007","ALGECIRAS EPS","SP_11004007_9_M","PM2.5","-5.453430","36.136230","24.000000","m","urban","industrial","01/01/2010 00:00:00","","SAM_11004007_9_M","16.4","m","40.0","m","5.0","m","-999.0","m","","-999.0","t.km-2.year-1","0","-999.0","t.km-1.year-1","-999.0","t.year-1","ALGECIRAS","","","60.0","","0.20","40.0","5.0","40","1000","SPP_11004007_9_M.2","01/01/2010 00:00:00","","active","","","","","HVSman30","","gravi","","ref","","1","ug.m-3","","unknown","1","day","1","day","http://cdr.eionet.europa.eu/es/eu/aqd/d/envaxdj6q/ES_D_Metainfo.xml","05/09/2026 03:00:13"
"Spain","ES.BDCA.AQD","2025","NET_ES213A","CCAA Madrid","UTC","ES1838A","28009001","ALGETE","SP_28009001_9_49","PM2.5","-3.503300","40.599700","721.000000","m","suburban","background","01/01/2007 00:00:00","","SAM_28009001_9_49","4.9","m","","m","","m","-999.0","m","","-999.0","t.km-2.year-1","0","-999.0","t.km-1.year-1","-999.0","t.year-1","ALGETE","","","8.5","","","9.0","10.0","0","0","SPP_28009001_9_49.1","01/01/2007 00:00:00","","automatic","BETA","","thermo5014i","","","","","","inprogress","https://bit.ly/3rU6DbC","1","ug.m-3","","https://bit.ly/3rU6DbC","1","hour","1","hour","http://cdr.eionet.europa.eu/es/eu/aqd/d/envaxdj6q/ES_D_Metainfo.xml","05/09/2026 03:00:13"
"Spain","ES.BDCA.AQD","2025","NET_ES216A","CCAA País Vasco","UTC","ES2129A","48044006","ALGORTA","SP_48044006_9_49","PM2.5","-3.022800","43.362100","35.000000","m","urban","background","01/01/2021 00:00:00","","SAM_48044006_9_49","3.8","m","30.0","m","6.0","m","-999.0","m","","-999.0","t.km-2.year-1","0","-999.0","t.km-1.year-1","-999.0","t.year-1","GETXO","","","0.0","","","0.0","0.0","0","0","SPP_48044006_9_49.1","01/01/2021 00:00:00","","automatic","BETA","","andersenFH62IR","","","","","","no","https://www.euskadi.eus/informacion/material-particulado/web01-a2ingair/es/","4","ug.m-3","","https://www.euskadi.eus/informacion/material-particulado/web01-a2ingair/es/","1","hour","1","hour","http://cdr.eionet.europa.eu/es/eu/aqd/d/envaxdj6q/ES_D_Metainfo.xml","05/09/2026 03:00:13"
"Spain","ES.BDCA.AQD","2025","NET_ES207A","CCAA Cast. la Mancha","UTC","ES2135A","13071019","ALMACÉN MUNICIPAL","SP_13071019_9_49","PM2.5","-4.107800","38.679100","681.000000","m","suburban","industrial","22/11/2021 00:00:00","","SAM_13071019_9_49","3.9","m","6.0","m","","m","4.4","m","","-999.0","t.km-2.year-1","0","-999.0","t.km-1.year-1","-999.0","t.year-1","PUERTOLLANO","open","valley-hilly","0.0","","","0.0","0.0","0","1250","SPP_13071019_9_49.1","22/11/2021 00:00:00","","automatic","BETA","","BAM1020","","","","","","no","http://missing.com","2","ug.m-3","","http://missing.com","1","hour","1","hour","http://cdr.eionet.europa.eu/es/eu/aqd/d/envaxdj6q/ES_D_Metainfo.xml","05/09/2026 03:00:13"
"Spain","ES.BDCA.AQD","2025","NET_ES210A","CCAA Com. Valenciana","UTC","ES1877A","12009007","ALMASSORA-C. P. OCHANDO","SP_12009007_9_46","PM2.5","-0.056390","39.945280","27.000000","m","urban","industrial","01/01/2011 00:00:00","","SAM_12009007_9_46","3.0","m","","m","","m","6000.0","m","Manufacturing Industries and Construction","-999.0","t.km-2.year-1","0","-999.0","t.km-1.year-1","-999.0","t.year-1","ALMAZORA/ALMASSORA","","","0.0","","","0.0","0.0","0","0","SPP_12009007_9_46.1","01/01/2011 00:00:00","","automatic","light-scat","","GRIMM-EDM180","","","","","","inprogress","","0","ug.m-3","","http://missing.com","1","hour","1","hour","http://cdr.eionet.europa.eu/es/eu/aqd/d/envaxdj6q/ES_D_Metainfo.xml","05/09/2026 03:00:13"
"Spain","ES.BDCA.AQD","2025","NET_ES215A","CCAA Navarra","UTC","ES1749A","31010001","ALTSASU","SP_31010001_9_M","PM2.5","-2.173000","42.898000","530.000000","m","suburban","background","01/01/2022 00:00:00","","SAM_31010001_9_M","2.3","m","","m","","m","2.0","m","Industrial Processes","-999.0","t.km-2.year-1","0","-999.0","t.km-1.year-1","-999.0","t.year-1","ALTSASU/ALSASUA","detached","basin-mount","5.2","","","6.0","9.3","0","0","SPP_31010001_9_M.1","01/01/2022 00:00:00","","active","","","","","LVSman2.3","","gravi","","ref","","5.46","ug.m-3","","unkwown","1","day","1","day","http://cdr.eionet.europa.eu/es/eu/aqd/d/envaxdj6q/ES_D_Metainfo.xml","05/09/2026 03:00:13"
"Spain","ES.BDCA.AQD","2025","NET_ES214A","CCAA Murcia","UTC","ES0651A","30016001","ALUMBRES","SP_30016001_9_A","PM2.5","-0.914360","37.602030","60.000000","m","suburban","industrial","13/02/2025 00:00:00","","SAM_30016001_9_A","4.0","m","20.0","m","10.0","m","-999.0","m","Industrial Processes","-999.0","t.km-2.year-1","0","-999.0","t.km-1.year-1","-999.0","t.year-1","CARTAGENA","","","1.0","","","0.0","0.0","0","1000","SPP_30016001_9_A.1","13/02/2025 00:00:00","","automatic","light-scat","","FIDAS200","","","","","","ref","","1","ug.m-3","","https://sinqlair.es/sinqlair","1","hour","1","hour","http://cdr.eionet.europa.eu/es/eu/aqd/d/envaxdj6q/ES_D_Metainfo.xml","05/09/2026 03:00:13"
"Spain","ES.BDCA.AQD","2025","NET_ES210A","CCAA Com. Valenciana","UTC","ES1617A","46017002","ALZIRA","SP_46017002_9_M","PM2.5","-0.457780","39.150000","60.000000","m","suburban","background","01/03/2003 00:00:00","","SAM_46017002_9_M","3.0","m","","m","","m","1000.0","m","Energy Industries","-999.0","t.km-2.year-1","0","-999.0","t.km-1.year-1","-999.0","t.year-1","ALZIRA","","","50.0","","","20.0","8.0","0","0","SPP_46017002_9_M.1","01/03/2003 00:00:00","","active","","","","","HVSauto30","","gravi","","ref","","0","ug.m-3","","En preparación","1","day","1","day","http://cdr.eionet.europa.eu/es/eu/aqd/d/envaxdj6q/ES_D_Metainfo.xml","05/09/2026 03:00:13"
"Spain","ES.BDCA.AQD","2025","NET_ES216A","CCAA País Vasco","UTC","ES2121A","20009001","ANDOAIN","SP_20009001_9_49","PM2.5","-2.023280","43.221300","65.000000","m","urban","traffic","01/01/2021 00:00:00","","SAM_20009001_9_49","3.8","m","8.0","m","12.0","m","-999.0","m","","-999.0","t.km-2.year-1","0","-999.0","t.km-1.year-1","-999.0","t.year-1","ANDOAIN","","","0.0","","","0.0","0.0","0","0","SPP_20009001_9_49.1","01/01/2021 00:00:00","","automatic","BETA","","thermo5014i","","","","","","yes","https://www.euskadi.eus/informacion/legislacion-sobre-calidad-del-aire-y-emisiones-a-la-atmosfera/web01-a2ingair/es/","2","ug.m-3","","https://www.euskadi.eus/informacion/legislacion-sobre-calidad-del-aire-y-emisiones-a-la-atmosfera/web01-a2ingair/es/","1","hour","1","hour","http://cdr.eionet.europa.eu/es/eu/aqd/d/envaxdj6q/ES_D_Metainfo.xml","05/09/2026 03:00:13"
"Spain","ES.BDCA.AQD","2025","NET_ES208A","CCAA Castilla y León","UTC","ES1986A","09018002","ARANDA DE DUERO 2","SP_09018002_9_46","PM2.5","-3.688890","41.665560","801.000000","m","urban","traffic","14/11/2024 00:00:00","","SAM_09018002_9_46","3.0","m","3.0","m","1.5","m","-999.0","m","Transport","-999.0","t.km-2.year-1","0","-999.0","t.km-1.year-1","-999.0","t.year-1","ARANDA DE DUERO","","","0.0","","","0.0","0.0","0","0","SPP_09018002_9_46.1","14/11/2024 00:00:00","","automatic","light-scat","","FIDAS200E","","","","","","yes","http://missing.com","0.1","ug.m-3","","http://missing.com","1","hour","1","hour","http://cdr.eionet.europa.eu/es/eu/aqd/d/envaxdj6q/ES_D_Metainfo.xml","05/09/2026 03:00:13"
"Spain","ES.BDCA.AQD","2025","NET_ES208A","CCAA Castilla y León","UTC","ES1631A","47186027","ARCO DE LADRILLO II","SP_47186027_9_49","PM2.5","-4.730300","41.645600","700.000000","m","urban","traffic","20/02/2003 00:00:00","","SAM_47186027_9_49","3.0","m","25.0","m","4.0","m","-999.0","m","","-999.0","t.km-2.year-1","0","-999.0","t.km-1.year-1","-999.0","t.year-1","VALLADOLID","","","4.0","","","18.0","50.0","0","0","SPP_47186027_9_49.1","20/02/2003 00:00:00","","automatic","BETA","","BAM1020","","","","","","yes","http://missing.com","4","ug.m-3","","http://missing.com","1","hour","1","hour","http://cdr.eionet.europa.eu/es/eu/aqd/d/envaxdj6q/ES_D_Metainfo.xml","05/09/2026 03:00:13"
"Spain","ES.BDCA.AQD","2025","NET_ES201A","CCAA Andalucía","UTC","ES1821A","11006001","ARCOS","SP_11006001_9_49","PM2.5","-5.743720","36.739750","216.000000","m","suburban","industrial","19/04/2005 00:00:00","","SAM_11006001_9_49","3.0","m","","m","","m","9.8","m","","-999.0","t.km-2.year-1","0","-999.0","t.km-1.year-1","-999.0","t.year-1","ARCOS DE LA FRONTERA","","","3.0","","0.00","10.0","4.0","20","10","SPP_11006001_9_49.1","19/04/2005 00:00:00","","automatic","BETA","","unknown","","","","","","inprogress","","-999","ug.m-3","","http://missing.com","1","hour","1","hour","http://cdr.eionet.europa.eu/es/eu/aqd/d/envaxdj6q/ES_D_Metainfo.xml","05/09/2026 03:00:13"
"Spain","ES.BDCA.AQD","2025","NET_ES212A","CCAA Galicia","UTC","ES1137A","36057019","ARENAL","SP_36057019_9_49","PM2.5","-8.742100","42.219000","53.000000","m","urban","traffic","01/01/2015 00:00:00","","SAM_36057019_9_49","5.2","m","55.0","m","22.0","m","0.0","m","Transport","-999.0","t.km-2.year-1","0","-999.0","t.km-1.year-1","-999.0","t.year-1","VIGO","","plane","22.0","","","0.0","60.0","50","52394","SPP_36057019_9_49.1","01/01/2015 00:00:00","","automatic","BETA","","BAM1020","","","","","","inprogress","http://missing.com","1","ug.m-3","","http://missing.com","1","hour","1","hour","http://cdr.eionet.europa.eu/es/eu/aqd/d/envaxdj6q/ES_D_Metainfo.xml","05/09/2026 03:00:13"
"Spain","ES.BDCA.AQD","2025","NET_ES203A","CCAA Asturias","UTC","ES1271A","33024024","ARGENTINA","SP_33024024_9_49","PM2.5","-5.698900","43.538800","19.000000","m","urban","traffic","01/01/2020 00:00:00","","SAM_33024024_9_49","4.5","m","8.0","m","4.0","m","-999.0","m","Transport","-999.0","t.km-2.year-1","0","-999.0","t.km-1.year-1","-999.0","t.year-1","GIJÓN","detached","","4.0","","0.08","0.0","0.0","20","20000","SPP_33024024_9_49.1","01/01/2020 00:00:00","","automatic","BETA","","BAM1020","","","","","","inprogress","http://missing.com","1","ug.m-3","","http://missing.com","1","hour","1","hour","http://cdr.eionet.europa.eu/es/eu/aqd/d/envaxdj6q/ES_D_Metainfo.xml","05/09/2026 03:00:13"
"Spain","ES.BDCA.AQD","2025","NET_ES205A","CCAA Islas Canarias","UTC","ES1744A","35002002","ARINAGA","SP_35002002_9_47","PM2.5","-15.387200","27.869100","23.000000","m","rural","industrial","01/01/2009 00:00:00","14/10/2020 00:00:00","SAM_35002002_9_47","3.9","m","","m","","m","-999.0","m","","-999.0","t.km-2.year-1","0","-999.0","t.km-1.year-1","-999.0","t.year-1","AGÜIMES","","","0.0","","","0.0","0.0","0","0","SPP_35002002_9_47.1","01/01/2009 00:00:00","14/10/2020 00:00:00","automatic","TEOM","","unknown","","","","","","yes","http://missing.com","0","ug.m-3","","http://missing.com","1","hour","1","hour","http://cdr.eionet.europa.eu/es/eu/aqd/d/envaxdj6q/ES_D_Metainfo.xml","05/09/2026 03:00:13"
"Spain","ES.BDCA.AQD","2025","NET_ES205A","CCAA Islas Canarias","UTC","ES1863A","35004001","ARRECIFE","SP_35004001_9_47","PM2.5","-13.547580","28.976990","44.000000","m","urban","industrial","01/01/2009 00:00:00","25/11/2017 00:00:00","SAM_35004001_9_47","1.0","m","","m","","m","-999.0","m","","-999.0","t.km-2.year-1","0","-999.0","t.km-1.year-1","-999.0","t.year-1","ARRECIFE","","","1.0","","","10.0","0.0","0","0","SPP_35004001_9_47.1","01/01/2009 00:00:00","25/11/2017 00:00:00","automatic","TEOM","","unknown","","","","","","yes","http://missing.com","-999","ug.m-3","","http://missing.com","1","hour","1","hour","http://cdr.eionet.europa.eu/es/eu/aqd/d/envaxdj6q/ES_D_Metainfo.xml","05/09/2026 03:00:13"
"Spain","ES.BDCA.AQD","2025","NET_ES205A","CCAA Islas Canarias","UTC","ES1863A","35004001","ARRECIFE","SP_35004001_9_A","PM2.5","-13.547580","28.976990","44.000000","m","urban","industrial","01/01/2009 00:00:00","","SAM_35004001_9_A","1.0","m","","m","","m","-999.0","m","","-999.0","t.km-2.year-1","0","-999.0","t.km-1.year-1","-999.0","t.year-1","ARRECIFE","","","1.0","","","10.0","0.0","0","0","SPP_35004001_9_A.1","01/01/2009 00:00:00","","automatic","TEOM","","unknown","","","","","","yes","http://missing.com","-999","ug.m-3","","http://missing.com","1","hour","1","hour","http://cdr.eionet.europa.eu/es/eu/aqd/d/envaxdj6q/ES_D_Metainfo.xml","05/09/2026 03:00:13"
"Spain","ES.BDCA.AQD","2025","NET_ES205A","CCAA Islas Canarias","UTC","ES1863A","35004001","ARRECIFE","SP_35004001_9_A","PM2.5","-13.547580","28.976990","44.000000","m","urban","industrial","01/01/2009 00:00:00","","SAM_35004001_9_A","1.0","m","","m","","m","-999.0","m","","-999.0","t.km-2.year-1","0","-999.0","t.km-1.year-1","-999.0","t.year-1","ARRECIFE","","","1.0","","","10.0","0.0","0","0","SPP_35004001_9_A.2","01/01/2009 00:00:00","","automatic","BETA","","BAM1020","","","","","","yes","http://missing.com","0","ug.m-3","","http://missing.com","1","hour","1","hour","http://cdr.eionet.europa.eu/es/eu/aqd/d/envaxdj6q/ES_D_Metainfo.xml","05/09/2026 03:00:13"
"Spain","ES.BDCA.AQD","2025","NET_ES217A","CCAA La Rioja","UTC","ES1779A","26019001","ARRÚBAL","SP_26019001_9_47","PM2.5","-2.239000","42.440000","336.000000","m","rural","industrial","01/10/2004 00:00:00","07/11/2016 00:00:00","SAM_26019001_9_47","3.5","m","","m","","m","0.5","m","Agriculture","-999.0","t.km-2.year-1","0","-999.0","t.km-1.year-1","-999.0","t.year-1","ARRÚBAL","open","basin-hilly","0.0","","","0.0","0.0","0","0","SPP_26019001_9_47.1","01/10/2004 00:00:00","07/11/2016 00:00:00","automatic","TEOM","","TEOM1400A","","","","","","no","","-999","ug.m-3","","http://missing.com","1","hour","1","hour","http://cdr.eionet.europa.eu/es/eu/aqd/d/envaxdj6q/ES_D_Metainfo.xml","05/09/2026 03:00:13"
"Spain","ES.BDCA.AQD","2025","NET_ES217A","CCAA La Rioja","UTC","ES1779A","26019001","ARRÚBAL","SP_26019001_9_49","PM2.5","-2.239000","42.440000","336.000000","m","rural","industrial","01/11/2016 00:00:00","","SAM_26019001_9_49","3.5","m","","m","","m","0.5","m","Agriculture","-999.0","t.km-2.year-1","0","-999.0","t.km-1.year-1","-999.0","t.year-1","ARRÚBAL","open","basin-hilly","0.0","","","0.0","0.0","0","0","SPP_26019001_9_49.1","01/11/2016 00:00:00","","automatic","BETA","","BAM1020","","","","","","no","","0.5","ug.m-3","","http://missing.com","1","hour","1","hour","http://cdr.eionet.europa.eu/es/eu/aqd/d/envaxdj6q/ES_D_Metainfo.xml","05/09/2026 03:00:13"
"Spain","ES.BDCA.AQD","2025","NET_ES216A","CCAA País Vasco","UTC","ES1494A","20069002","ATEGORRIETA","SP_20069002_9_49","PM2.5","-1.960700","43.322000","23.000000","m","urban","traffic","01/01/2011 00:00:00","","SAM_20069002_9_49","4.1","m","18.0","m","4.0","m","-999.0","m","Transport","-999.0","t.km-2.year-1","0","-999.0","t.km-1.year-1","-999.0","t.year-1","DONOSTIA-SAN SEBASTIÁN","","","4.0","","","0.0","0.0","0","20000","SPP_20069002_9_49.1","01/01/2011 00:00:00","","automatic","BETA","","andersenFH62IR","","","","","","inprogress","https://www.euskadi.eus/web01-a2ingair/es/contenidos/documentacion/factor_corrector_particulas/es_def/factor_corrector_particulas.html","2","ug.m-3","","https://www.euskadi.eus/web01-a2ingair/es/contenidos/documentacion/factor_corrector_particulas/es_def/factor_corrector_particulas.html","1","hour","1","hour","http://cdr.eionet.europa.eu/es/eu/aqd/d/envaxdj6q/ES_D_Metainfo.xml","05/09/2026 03:00:13"
"Spain","ES.BDCA.AQD","2025","NET_ES201A","CCAA Andalucía","UTC","ES1479A","11012002","AVDA. MARCONI","SP_11012002_9_M","PM2.5","-6.268570","36.506020","4.000000","m","urban","traffic","01/01/2013 00:00:00","","SAM_11012002_9_M","4.6","m","50.0","m","7.0","m","0.0","m","Transport","-999.0","t.km-2.year-1","0","-999.0","t.km-1.year-1","-999.0","t.year-1","CÁDIZ","","","7.0","","0.20","15.0","20.0","30","15000","SPP_11012002_9_M.1","01/01/2013 00:00:00","","active","","","","","HVSman30","","gravi","","ref","","1","ug.m-3","","http://missing.com","1","day","1","day","http://cdr.eionet.europa.eu/es/eu/aqd/d/envaxdj6q/ES_D_Metainfo.xml","05/09/2026 03:00:13"
"Spain","ES.BDCA.AQD","2025","NET_ES201A","CCAA Andalucía","UTC","ES1479A","11012002","AVDA. MARCONI","SP_11012002_9_M","PM2.5","-6.268570","36.506020","4.000000","m","urban","traffic","01/01/2013 00:00:00","","SAM_11012002_9_M","4.6","m","50.0","m","7.0","m","0.0","m","Transport","-999.0","t.km-2.year-1","0","-999.0","t.km-1.year-1","-999.0","t.year-1","CÁDIZ","","","7.0","","0.20","15.0","20.0","30","15000","SPP_11012002_9_M.2","01/01/2013 00:00:00","","active","","","","","HVSman30","","gravi","","ref","","1","ug.m-3","","http://missing.com","1","day","1","day","http://cdr.eionet.europa.eu/es/eu/aqd/d/envaxdj6q/ES_D_Metainfo.xml","05/09/2026 03:00:13"
"Spain","ES.BDCA.AQD","2025","NET_ES216A","CCAA País Vasco","UTC","ES1502A","01059008","AVENIDA GASTEIZ","SP_01059008_9_49","PM2.5","-2.680700","42.854800","517.000000","m","urban","traffic","01/01/2014 00:00:00","","SAM_01059008_9_49","4.0","m","15.0","m","6.0","m","-999.0","m","Transport","-999.0","t.km-2.year-1","0","-999.0","t.km-1.year-1","-999.0","t.year-1","VITORIA-GASTEIZ","","","4.0","","","0.0","0.0","0","6000","SPP_01059008_9_49.1","01/01/2014 00:00:00","","automatic","BETA","","thermo5014i","","","","","","yes","https://www.euskadi.eus/web01-a2ingair/es/contenidos/documentacion/factor_corrector_particulas/es_def/factor_corrector_particulas.html","2","ug.m-3","","http://missing.com","1","hour","1","hour","http://cdr.eionet.europa.eu/es/eu/aqd/d/envaxdj6q/ES_D_Metainfo.xml","05/09/2026 03:00:13"
"Spain","ES.BDCA.AQD","2025","NET_ES201A","CCAA Andalucía","UTC","ES2031A","29067008","AVENIDA JUAN XXIII","SP_29067008_9_M","PM2.5","-4.446000","36.707300","380.000000","m","urban","traffic","01/01/2024 00:00:00","","SAM_29067008_9_M","4.6","m","4.0","m","8.0","m","-999.0","m","Transport","-999.0","t.km-2.year-1","0","-999.0","t.km-1.year-1","-999.0","t.year-1","MÁLAGA","","","8.0","","","8.0","12.0","0","0","SPP_29067008_9_M.1","01/01/2024 00:00:00","","active","","","","","LVSauto2.3","","gravi","","ref","","1","ug.m-3","","unknown","1","day","1","day","http://cdr.eionet.europa.eu/es/eu/aqd/d/envaxdj6q/ES_D_Metainfo.xml","05/09/2026 03:00:13"
"Spain","ES.BDCA.AQD","2025","NET_ES216A","CCAA País Vasco","UTC","ES1697A","20069005","AVENIDA TOLOSA","SP_20069005_9_49","PM2.5","-2.010900","43.309400","3.000000","m","urban","traffic","01/01/2012 00:00:00","","SAM_20069005_9_49","4.4","m","22.0","m","9.5","m","-999.0","m","","-999.0","t.km-2.year-1","0","-999.0","t.km-1.year-1","-999.0","t.year-1","DONOSTIA-SAN SEBASTIÁN","","","9.0","","","0.0","0.0","0","1000","SPP_20069005_9_49.1","01/01/2012 00:00:00","","automatic","BETA","","andersenFH62IR","","","","","","yes","https://www.euskadi.eus/web01-a2ingair/es/contenidos/documentacion/factor_corrector_particulas/es_def/factor_corrector_particulas.html","2","ug.m-3","","http://missing.com","1","hour","1","hour","http://cdr.eionet.europa.eu/es/eu/aqd/d/envaxdj6q/ES_D_Metainfo.xml","05/09/2026 03:00:13"
"Spain","ES.BDCA.AQD","2025","NET_ES216A","CCAA País Vasco","UTC","ES1697A","20069005","AVENIDA TOLOSA","SP_20069005_9_M","PM2.5","-2.010900","43.309400","3.000000","m","urban","traffic","01/01/2009 00:00:00","","SAM_20069005_9_M","4.4","m","","m","","m","-999.0","m","","-999.0","t.km-2.year-1","0","-999.0","t.km-1.year-1","-999.0","t.year-1","DONOSTIA-SAN SEBASTIÁN","","","9.0","","","0.0","0.0","0","1000","SPP_20069005_9_M.1","01/01/2009 00:00:00","","active","","","","","other","","gravi","","ref","","-999","ug.m-3","","","1","day","1","day","http://cdr.eionet.europa.eu/es/eu/aqd/d/envaxdj6q/ES_D_Metainfo.xml","05/09/2026 03:00:13"
"Spain","ES.BDCA.AQD","2025","NET_ES216A","CCAA País Vasco","UTC","ES1501A","20018001","AZPEITIA","SP_20018001_9_49","PM2.5","-2.265600","43.179000","110.000000","m","urban","traffic","01/02/2022 00:00:00","","SAM_20018001_9_49","4.0","m","12.0","m","3.0","m","3.0","m","Transport","-999.0","t.km-2.year-1","0","-999.0","t.km-1.year-1","-999.0","t.year-1","AZPEITIA","","","3.0","","0.07","0.0","0.0","0","8956","SPP_20018001_9_49.1","01/02/2022 00:00:00","","automatic","BETA","","thermo5014i","","","","","","inprogress","http://missing.com","1","ug.m-3","","https://www.missing.com","1","hour","1","hour","http://cdr.eionet.europa.eu/es/eu/aqd/d/envaxdj6q/ES_D_Metainfo.xml","05/09/2026 03:00:13"
"Spain","ES.BDCA.AQD","2025","NET_ES207A","CCAA Cast. la Mancha","UTC","ES2133A","19046002","AZUQUECA - IES","SP_19046002_9_49","PM2.5","-3.270200","40.568400","634.000000","m","suburban","background","11/11/2021 00:00:00","","SAM_19046002_9_49","3.9","m","30.0","m","","m","1.0","m","","-999.0","t.km-2.year-1","0","-999.0","t.km-1.year-1","-999.0","t.year-1","AZUQUECA DE HENARES","detached","plane","0.0","","","0.0","0.0","0","3","SPP_19046002_9_49.1","11/11/2021 00:00:00","","automatic","BETA","","BAM1020heated","","","","","","no","http://missing.com","2","ug.m-3","","http://missing.com","1","hour","1","hour","http://cdr.eionet.europa.eu/es/eu/aqd/d/envaxdj6q/ES_D_Metainfo.xml","05/09/2026 03:00:13"
"Spain","ES.BDCA.AQD","2025","NET_ES211A","CCAA Extremadura","UTC","ES1601A","06015001","BADAJOZ","SP_06015001_9_M","PM2.5","-7.011390","38.887590","390.000000","m","urban","background","01/01/2009 00:00:00","","SAM_06015001_9_M","3.3","m","","m","","m","0.0","m","Other sectors","-999.0","t.km-2.year-1","0","-999.0","t.km-1.year-1","-999.0","t.year-1","BADAJOZ","","","0.0","","","0.0","0.0","50","6000","SPP_06015001_9_M.1","01/01/2009 00:00:00","","active","","","","","HVSauto30","","gravi","","ref","","10","ug.m-3","","http://missing.coml","1","day","1","day","http://cdr.eionet.europa.eu/es/eu/aqd/d/envaxdj6q/ES_D_Metainfo.xml","05/09/2026 03:00:13"
"Spain","ES.BDCA.AQD","2025","NET_ES201A","CCAA Andalucía","UTC","ES1253A","23010002","BAILÉN","SP_23010002_9_49","PM2.5","-3.783920","38.092930","368.000000","m","urban","industrial","01/01/2021 00:00:00","","SAM_23010002_9_49","3.2","m","16.0","m","4.0","m","-999.0","m","Transport","-999.0","t.km-2.year-1","0","-999.0","t.km-1.year-1","-999.0","t.year-1","BAILÉN","","","3.0","","0.10","12.0","10.0","40","300","SPP_23010002_9_49.1","01/01/2021 00:00:00","","automatic","BETA","","thermo5014i","","","","","","yes","informe beta grav","1","ug.m-3","","desconocido","1","hour","1","hour","http://cdr.eionet.europa.eu/es/eu/aqd/d/envaxdj6q/ES_D_Metainfo.xml","05/09/2026 03:00:13"
"Spain","ES.BDCA.AQD","2025","NET_ES201A","CCAA Andalucía","UTC","ES1253A","23010002","BAILÉN","SP_23010002_9_M","PM2.5","-3.783920","38.092930","368.000000","m","urban","industrial","01/01/2008 00:00:00","","SAM_23010002_9_M","3.9","m","17.0","m","5.0","m","-999.0","m","Transport","-999.0","t.km-2.year-1","0","-999.0","t.km-1.year-1","-999.0","t.year-1","BAILÉN","","","3.0","","0.10","12.0","10.0","40","300","SPP_23010002_9_M.1","01/01/2008 00:00:00","","active","","","","","HVSman68","","gravi","","ref","","1","ug.m-3","","DESCONOCIDO","1","day","1","day","http://cdr.eionet.europa.eu/es/eu/aqd/d/envaxdj6q/ES_D_Metainfo.xml","05/09/2026 03:00:13"
"Spain","ES.BDCA.AQD","2025","NET_ES201A","CCAA Andalucía","UTC","ES1253A","23010002","BAILÉN","SP_23010002_9_M","PM2.5","-3.783920","38.092930","368.000000","m","urban","industrial","01/01/2008 00:00:00","","SAM_23010002_9_M","3.9","m","17.0","m","5.0","m","-999.0","m","Transport","-999.0","t.km-2.year-1","0","-999.0","t.km-1.year-1","-999.0","t.year-1","BAILÉN","","","3.0","","0.10","12.0","10.0","40","300","SPP_23010002_9_M.2","01/01/2008 00:00:00","","active","","","","","LVSauto2.3","","gravi","","ref","","1","ug.m-3","","DESCONOCIDO","1","day","1","day","http://cdr.eionet.europa.eu/es/eu/aqd/d/envaxdj6q/ES_D_Metainfo.xml","05/09/2026 03:00:13"
"Spain","ES.BDCA.AQD","2025","NET_ES205A","CCAA Islas Canarias","UTC","ES1954A","38031001","BALSA DE ZAMORA-LOS REALEJOS","SP_38031001_9_49","PM2.5","-16.570670","28.383100","371.000000","m","rural","background","02/11/2008 00:00:00","31/12/2024 00:00:00","SAM_38031001_9_49","3.5","m","","m","","m","1000.0","m","Transport","-999.0","t.km-2.year-1","0","-999.0","t.km-1.year-1","-999.0","t.year-1","REALEJOS (LOS)","","","0.0","","","0.0","0.0","0","0","SPP_38031001_9_49.1","02/11/2008 00:00:00","31/12/2024 00:00:00","automatic","BETA","","FIDAS200","","","","","","yes","http://missing.com","0","ug.m-3","","http://missing.com","1","hour","1","hour","http://cdr.eionet.europa.eu/es/eu/aqd/d/envaxdj6q/ES_D_Metainfo.xml","05/09/2026 03:00:13"
"Spain","ES.BDCA.AQD","2025","NET_ES205A","CCAA Islas Canarias","UTC","ES1954A","38031001","BALSA DE ZAMORA-LOS REALEJOS","SP_38031001_9_A","PM2.5","-16.570670","28.383100","371.000000","m","rural","background","01/01/2025 00:00:00","","SAM_38031001_9_A","3.5","m","","m","","m","1000.0","m","Transport","-999.0","t.km-2.year-1","0","-999.0","t.km-1.year-1","-999.0","t.year-1","REALEJOS (LOS)","","","0.0","","","0.0","0.0","0","0","SPP_38031001_9_A.1","01/01/2025 00:00:00","","automatic","BETA","","FIDAS200","","","","","","yes","http://missing.com","0","ug.m-3","","http://missing.com","1","hour","1","hour","http://cdr.eionet.europa.eu/es/eu/aqd/d/envaxdj6q/ES_D_Metainfo.xml","05/09/2026 03:00:13"
"Spain","ES.BDCA.AQD","2025","NET_ES216A","CCAA País Vasco","UTC","ES1712A","48013006","BARAKALDO","SP_48013006_9_47","PM2.5","-2.987100","43.298400","17.000000","m","urban","background","01/01/2020 00:00:00","","SAM_48013006_9_47","4.0","m","","m","","m","-999.0","m","Transport","-999.0","t.km-2.year-1","0","-999.0","t.km-1.year-1","-999.0","t.year-1","BARAKALDO","","","22.5","","","0.0","0.0","0","6000","SPP_48013006_9_47.1","01/01/2020 00:00:00","","automatic","TEOM-FDMS","","TEOM1405DF-FDMS","","","","","","no","https://www.euskadi.eus/informacion/material-particulado/web01-a2ingair/es/#4081","4","ug.m-3","","https://www.euskadi.eus/informacion/material-particulado/web01-a2ingair/es/#4081","1","hour","1","hour","http://cdr.eionet.europa.eu/es/eu/aqd/d/envaxdj6q/ES_D_Metainfo.xml","05/09/2026 03:00:13"
"Spain","ES.BDCA.AQD","2025","NET_ES209A","CCAA Cataluña","UTC","ES0700A","08252002","BARBERÀ DEL VALLÈS (AJUNTAMENT)","SP_08252002_9_M","PM2.5","2.125000","41.515600","146.000000","m","urban","background","01/01/2010 00:00:00","31/12/2018 00:00:00","SAM_08252002_9_M","7.7","m","8.0","m","","m","-999.0","m","Transport","-999.0","t.km-2.year-1","0","-999.0","t.km-1.year-1","-999.0","t.year-1","BARBERÀ DEL VALLÈS","","","30.0","","0.07","0.0","6.0","68","9660","SPP_08252002_9_M.1","01/01/2010 00:00:00","31/12/2018 00:00:00","active","","","","","HVSman30","","gravi","","ref","","7","ug.m-3","","http://missing,com","1","day","1","day","http://cdr.eionet.europa.eu/es/eu/aqd/d/envaxdj6q/ES_D_Metainfo.xml","05/09/2026 03:00:13"
"Spain","ES.BDCA.AQD","2025","NET_ES058A","EMEP/VAG/CAMP","UTC","ES0011R","06016999","BARCARROTA","SP_06016999_9_M","PM2.5","-6.923330","38.472780","377.000000","m","rural","background","01/03/2001 00:00:00","","SAM_06016999_9_M","1.7","m","","m","","m","0.0","m","Land use, land use change and forestry","-999.0","t.km-2.year-1","0","-999.0","t.km-1.year-1","-999.0","t.year-1","BARCARROTA","","","0.0","","","0.0","0.0","0","0","SPP_06016999_9_M.1","01/03/2001 00:00:00","","active","","","","","HVSman30","","gravi","","ref","","-999","ug.m-3","","http://missing.com","1","day","1","day","http://cdr.eionet.europa.eu/es/eu/aqd/d/envaxdj6q/ES_D_Metainfo.xml","05/09/2026 03:00:13"
"Spain","ES.BDCA.AQD","2025","NET_ES209A","CCAA Cataluña","UTC","ES0691A","08019004","BARCELONA (EL POBLENOU)","SP_08019004_9_M","PM2.5","2.204500","41.403900","3.000000","m","urban","background","01/07/2010 00:00:00","","SAM_08019004_9_M","3.9","m","5.0","m","5.5","m","0.0","m","Transport","-999.0","t.km-2.year-1","0","-999.0","t.km-1.year-1","-999.0","t.year-1","BARCELONA","detached","plane","5.0","","","24.0","12.0","0","5000","SPP_08019004_9_M.1","01/07/2010 00:00:00","","active","","","","","HVSauto30","","gravi","","ref","","7","ug.m-3","","http://missing.com","1","day","1","day","http://cdr.eionet.europa.eu/es/eu/aqd/d/envaxdj6q/ES_D_Metainfo.xml","05/09/2026 03:00:13"
"Spain","ES.BDCA.AQD","2025","NET_ES209A","CCAA Cataluña","UTC","ES1480A","08019044","BARCELONA (GRÀCIA - SANT GERVASI)","SP_08019044_9_M","PM2.5","2.152400","41.399600","61.000000","m","urban","traffic","01/01/2010 00:00:00","","SAM_08019044_9_M","4.2","m","27.0","m","7.5","m","0.0","m","Transport","-999.0","t.km-2.year-1","0","-999.0","t.km-1.year-1","-999.0","t.year-1","BARCELONA","","plane","8.5","","","30.0","6.0","21","26300","SPP_08019044_9_M.1","01/01/2010 00:00:00","","active","","","","","HVSauto30","","gravi","","ref","","1","ug.m-3","","http://missing.com","1","day","1","day","http://cdr.eionet.europa.eu/es/eu/aqd/d/envaxdj6q/ES_D_Metainfo.xml","05/09/2026 03:00:13"
"Spain","ES.BDCA.AQD","2025","NET_ES209A","CCAA Cataluña","UTC","ES1852A","08019053","BARCELONA (IES GOYA)","SP_08019053_9_M","PM2.5","2.170600","41.420700","2.000000","m","suburban","background","01/01/2009 00:00:00","01/12/2020 00:00:00","SAM_08019053_9_M","2.2","m","","m","","m","-999.0","m","","-999.0","t.km-2.year-1","0","-999.0","t.km-1.year-1","-999.0","t.year-1","BARCELONA","","","0.0","","","0.0","0.0","0","0","SPP_08019053_9_M.1","01/01/2009 00:00:00","01/12/2020 00:00:00","active","","","","","HVSauto30","","gravi","","ref","","8","ug.m-3","","http://missing.com","1","day","1","day","http://cdr.eionet.europa.eu/es/eu/aqd/d/envaxdj6q/ES_D_Metainfo.xml","05/09/2026 03:00:13"
"Spain","ES.BDCA.AQD","2025","NET_ES209A","CCAA Cataluña","UTC","ES2139A","08019059","BARCELONA (LA SAGRERA)","SP_08019059_9_M","PM2.5","2.186000","41.427000","37.000000","m","urban","traffic","01/01/2022 00:00:00","","SAM_08019059_9_M","3.6","m","20.0","m","2.1","m","-999.0","m","","-999.0","t.km-2.year-1","0","-999.0","t.km-1.year-1","-999.0","t.year-1","BARCELONA","detached","","2.1","","","0.0","0.0","0","0","SPP_08019059_9_M.1","01/01/2022 00:00:00","","active","","","","","HVSauto30","","gravi","","ref","","8","ug.m-3","","unknown","1","day","1","day","http://cdr.eionet.europa.eu/es/eu/aqd/d/envaxdj6q/ES_D_Metainfo.xml","05/09/2026 03:00:13"
"Spain","ES.BDCA.AQD","2025","NET_ES209A","CCAA Cataluña","UTC","ES1438A","08019043","BARCELONA (L'EIXAMPLE)","SP_08019043_9_47","PM2.5","2.153800","41.385300","26.000000","m","urban","traffic","01/09/2023 00:00:00","","SAM_08019043_9_47","3.8","m","28.0","m","9.7","m","0.0","m","Transport","-999.0","t.km-2.year-1","0","-999.0","t.km-1.year-1","-999.0","t.year-1","BARCELONA","detached","plane","9.7","","","4.5","21.0","21","11800","SPP_08019043_9_47.1","01/09/2023 00:00:00","","automatic","DOAS","","FIDAS200","","","","","","inprogress","http://missing.com","1","ug.m-3","","unknown","1","hour","1","hour","http://cdr.eionet.europa.eu/es/eu/aqd/d/envaxdj6q/ES_D_Metainfo.xml","05/09/2026 03:00:13"
"Spain","ES.BDCA.AQD","2025","NET_ES209A","CCAA Cataluña","UTC","ES1438A","08019043","BARCELONA (L'EIXAMPLE)","SP_08019043_9_M","PM2.5","2.153800","41.385300","26.000000","m","urban","traffic","01/01/2011 00:00:00","","SAM_08019043_9_M","4.0","m","28.0","m","9.7","m","0.0","m","Transport","-999.0","t.km-2.year-1","0","-999.0","t.km-1.year-1","-999.0","t.year-1","BARCELONA","detached","plane","9.7","","","4.5","21.0","21","11800","SPP_08019043_9_M.1","01/01/2011 00:00:00","","active","","","","","HVSauto30","","gravi","","ref","","8","ug.m-3","","http://missing.com","1","day","1","day","http://cdr.eionet.europa.eu/es/eu/aqd/d/envaxdj6q/ES_D_Metainfo.xml","05/09/2026 03:00:13"
"Spain","ES.BDCA.AQD","2025","NET_ES209A","CCAA Cataluña","UTC","ES1992A","08019057","BARCELONA (PALAU REIAL)","SP_08019057_9_46","PM2.5","2.115100","41.387500","81.000000","m","urban","background","17/03/2011 00:00:00","","SAM_08019057_9_46","3.8","m","16.0","m","16.0","m","-999.0","m","Land use, land use change and forestry","-999.0","t.km-2.year-1","0","-999.0","t.km-1.year-1","-999.0","t.year-1","BARCELONA","detached","plane","16.0","","","24.0","13.0","0","0","SPP_08019057_9_46.1","17/03/2011 00:00:00","","automatic","light-scat","","GRIMM-EDM107","","","","","","yes","http://missing.com","1","ug.m-3","","http://missing.com","1","hour","1","hour","http://cdr.eionet.europa.eu/es/eu/aqd/d/envaxdj6q/ES_D_Metainfo.xml","05/09/2026 03:00:13"
"Spain","ES.BDCA.AQD","2025","NET_ES209A","CCAA Cataluña","UTC","ES1992A","08019057","BARCELONA (PALAU REIAL)","SP_08019057_9_47","PM2.5","2.115100","41.387500","81.000000","m","urban","background","01/01/2026 00:00:00","","SAM_08019057_9_47","3.6","m","16.0","m","16.0","m","-999.0","m","Land use, land use change and forestry","-999.0","t.km-2.year-1","0","-999.0","t.km-1.year-1","-999.0","t.year-1","BARCELONA","detached","plane","16.0","","","24.0","13.0","0","0","SPP_08019057_9_47.1","01/01/2026 00:00:00","","automatic","DOAS","","FIDAS200E","","","","","","inprogress","http://missing.com","1","ug.m-3","","unknown","1","hour","1","hour","http://cdr.eionet.europa.eu/es/eu/aqd/d/envaxdj6q/ES_D_Metainfo.xml","05/09/2026 03:00:13"
"Spain","ES.BDCA.AQD","2025","NET_ES209A","CCAA Cataluña","UTC","ES1856A","08019054","BARCELONA (PARC DE LA VALL D'HEBRON)","SP_08019054_9_47","PM2.5","2.148000","41.426100","136.000000","m","urban","background","15/11/2024 00:00:00","","SAM_08019054_9_47","3.6","m","","m","","m","-999.0","m","Transport","-999.0","t.km-2.year-1","0","-999.0","t.km-1.year-1","-999.0","t.year-1","BARCELONA","open","plane","44.0","","","0.0","3.0","0","0","SPP_08019054_9_47.1","15/11/2024 00:00:00","","automatic","DOAS","","FIDAS200","","","","","","inprogress","http://missing.com","1","ug.m-3","","unknown","1","hour","1","hour","http://cdr.eionet.europa.eu/es/eu/aqd/d/envaxdj6q/ES_D_Metainfo.xml","05/09/2026 03:00:13"
"Spain","ES.BDCA.AQD","2025","NET_ES209A","CCAA Cataluña","UTC","ES1856A","08019054","BARCELONA (PARC DE LA VALL D'HEBRON)","SP_08019054_9_M","PM2.5","2.148000","41.426100","136.000000","m","urban","background","31/12/2007 00:00:00","","SAM_08019054_9_M","4.3","m","","m","","m","-999.0","m","Transport","-999.0","t.km-2.year-1","0","-999.0","t.km-1.year-1","-999.0","t.year-1","BARCELONA","open","plane","44.0","","","0.0","3.0","0","0","SPP_08019054_9_M.1","31/12/2007 00:00:00","","active","","","","","HVSauto30","","gravi","","ref","","8","ug.m-3","","http://missing.com","1","day","1","day","http://cdr.eionet.europa.eu/es/eu/aqd/d/envaxdj6q/ES_D_Metainfo.xml","05/09/2026 03:00:13"
"Spain","ES.BDCA.AQD","2025","NET_ES209A","CCAA Cataluña","UTC","ES0559A","08019028","BARCELONA (PL. DE LA UNIVERSITAT)","SP_08019028_9_M","PM2.5","2.164900","41.387400","24.000000","m","urban","traffic","01/01/2010 00:00:00","","SAM_08019028_9_M","2.5","m","15.0","m","8.0","m","-999.0","m","Transport","-999.0","t.km-2.year-1","0","-999.0","t.km-1.year-1","-999.0","t.year-1","BARCELONA","","","7.6","","","2.5","0.0","21","98100","SPP_08019028_9_M.1","01/01/2010 00:00:00","","active","","","","","HVSauto30","","gravi","","ref","","8","ug.m-3","","http://missing.com","1","day","1","day","http://cdr.eionet.europa.eu/es/eu/aqd/d/envaxdj6q/ES_D_Metainfo.xml","05/09/2026 03:00:13"
"Spain","ES.BDCA.AQD","2025","NET_ES209A","CCAA Cataluña","UTC","ES0567A","08019045","BARCELONA (ZONA UNIVERSITÀRIA)","SP_08019045_9_M","PM2.5","2.119600","41.384900","24.000000","m","urban","background","01/01/2014 00:00:00","","SAM_08019045_9_M","2.5","m","35.0","m","","m","-999.0","m","","-999.0","t.km-2.year-1","0","-999.0","t.km-1.year-1","-999.0","t.year-1","BARCELONA","","","19.0","","","3.0","0.0","0","0","SPP_08019045_9_M.1","01/01/2014 00:00:00","","active","","","","","HVSman30","","gravi","","ref","","8","ug.m-3","","http://missing.com","1","day","1","day","http://cdr.eionet.europa.eu/es/eu/aqd/d/envaxdj6q/ES_D_Metainfo.xml","05/09/2026 03:00:13"
"Spain","ES.BDCA.AQD","2025","NET_ES205A","CCAA Islas Canarias","UTC","ES1772A","38011006","BARRANCO HONDO","SP_38011006_9_47","PM2.5","-16.358100","28.393410","396.000000","m","suburban","industrial","01/01/2011 00:00:00","13/03/2018 00:00:00","SAM_38011006_9_47","1.0","m","","m","","m","-999.0","m","","-999.0","t.km-2.year-1","0","-999.0","t.km-1.year-1","-999.0","t.year-1","CANDELARIA","","","0.0","","","0.0","0.0","0","0","SPP_38011006_9_47.1","01/01/2011 00:00:00","13/03/2018 00:00:00","automatic","TEOM","","unknown","","","","","","yes","http://missing.com","-999","ug.m-3","","http://missing.com","1","hour","1","hour","http://cdr.eionet.europa.eu/es/eu/aqd/d/envaxdj6q/ES_D_Metainfo.xml","05/09/2026 03:00:13"
"Spain","ES.BDCA.AQD","2025","NET_ES205A","CCAA Islas Canarias","UTC","ES1772A","38011006","BARRANCO HONDO","SP_38011006_9_A","PM2.5","-16.358100","28.393410","396.000000","m","suburban","industrial","01/01/2011 00:00:00","","SAM_38011006_9_A","3.5","m","0.0","m","","m","-999.0","m","","-999.0","t.km-2.year-1","0","-999.0","t.km-1.year-1","-999.0","t.year-1","CANDELARIA","","","0.0","","","0.0","0.0","0","0","SPP_38011006_9_A.1","01/01/2011 00:00:00","","automatic","TEOM","","unknown","","","","","","yes","http://missing.com","-999","ug.m-3","","http://missing.com","1","hour","1","hour","http://cdr.eionet.europa.eu/es/eu/aqd/d/envaxdj6q/ES_D_Metainfo.xml","05/09/2026 03:00:13"
"Spain","ES.BDCA.AQD","2025","NET_ES205A","CCAA Islas Canarias","UTC","ES1772A","38011006","BARRANCO HONDO","SP_38011006_9_A","PM2.5","-16.358100","28.393410","396.000000","m","suburban","industrial","01/01/2011 00:00:00","","SAM_38011006_9_A","3.5","m","0.0","m","","m","-999.0","m","","-999.0","t.km-2.year-1","0","-999.0","t.km-1.year-1","-999.0","t.year-1","CANDELARIA","","","0.0","","","0.0","0.0","0","0","SPP_38011006_9_A.2","01/01/2011 00:00:00","","automatic","BETA","","BAM1020","","","","","","inprogress","http://missing.com","0","ug.m-3","","http://missing.com","1","hour","1","hour","http://cdr.eionet.europa.eu/es/eu/aqd/d/envaxdj6q/ES_D_Metainfo.xml","05/09/2026 03:00:13"
"Spain","ES.BDCA.AQD","2025","NET_ES206A","CCAA Cantabria","UTC","ES1037A","39087004","BARREDA","SP_39087004_9_A","PM2.5","-4.042780","43.367500","18.000000","m","urban","traffic","01/01/2026 00:00:00","","SAM_39087004_9_A","4.0","m","25.0","m","3.0","m","-999.0","m","Transport","-999.0","t.km-2.year-1","0","-999.0","t.km-1.year-1","-999.0","t.year-1","TORRELAVEGA","","","7.0","","","0.0","0.0","0","20000","SPP_39087004_9_A.1","01/01/2026 00:00:00","","automatic","light-scat","","GRIMM-EDM280","","","","","","yes","TUV-Report-No 936_21252222_A","4.8","ug.m-3","","http://www.airecantabria.com/pdf/ISO%209001%20AENOR%202013.PDF","1","hour","1","hour","http://cdr.eionet.europa.eu/es/eu/aqd/d/envaxdj6q/ES_D_Metainfo.xml","05/09/2026 03:00:13"
"Spain","ES.BDCA.AQD","2025","NET_ES206A","CCAA Cantabria","UTC","ES1037A","39087004","BARREDA","SP_39087004_9_M","PM2.5","-4.042780","43.367500","18.000000","m","urban","traffic","01/01/2011 00:00:00","","SAM_39087004_9_M","3.5","m","25.0","m","3.0","m","-999.0","m","Transport","-999.0","t.km-2.year-1","0","-999.0","t.km-1.year-1","-999.0","t.year-1","TORRELAVEGA","","","7.0","","","0.0","0.0","0","20000","SPP_39087004_9_M.1","01/01/2011 00:00:00","","active","","","","","LVSauto2.3","","gravi","","ref","","1","ug.m-3","","","1","day","1","day","http://cdr.eionet.europa.eu/es/eu/aqd/d/envaxdj6q/ES_D_Metainfo.xml","05/09/2026 03:00:13"
"Spain","ES.BDCA.AQD","2025","NET_ES208A","CCAA Castilla y León","UTC","ES1161A","24089006","BARRIO PINILLA","SP_24089006_9_49","PM2.5","-5.587200","42.603900","838.000000","m","urban","traffic","19/10/2021 00:00:00","","SAM_24089006_9_49","3.0","m","25.0","m","6.0","m","-999.0","m","Transport","-999.0","t.km-2.year-1","0","-999.0","t.km-1.year-1","-999.0","t.year-1","LEÓN","","","5.3","","","18.0","40.0","60","20000","SPP_24089006_9_49.1","19/10/2021 00:00:00","","automatic","BETA","","BAM1020","","","","","","yes","http://missing.com","4.8","ug.m-3","","http://missing.com","1","hour","1","hour","http://cdr.eionet.europa.eu/es/eu/aqd/d/envaxdj6q/ES_D_Metainfo.xml","05/09/2026 03:00:13"
"Spain","ES.BDCA.AQD","2025","NET_ES216A","CCAA País Vasco","UTC","ES0805A","48015002","BASAURI","SP_48015002_9_46","PM2.5","-2.883700","43.241100","125.000000","m","urban","industrial","01/02/2022 00:00:00","","SAM_48015002_9_46","4.0","m","","m","","m","-999.0","m","Manufacturing Industries and Construction","-999.0","t.km-2.year-1","0","-999.0","t.km-1.year-1","-999.0","t.year-1","BASAURI","","","500.0","","","0.0","0.0","0","6000","SPP_48015002_9_46.1","01/02/2022 00:00:00","","automatic","light-scat","","FIDAS200","","","","","","inprogress","http://missing.com","1","ug.m-3","","https://www.euskadi.eus/informacion/material-particulado/web01-a2ingair/es/","1","hour","1","hour","http://cdr.eionet.europa.eu/es/eu/aqd/d/envaxdj6q/ES_D_Metainfo.xml","05/09/2026 03:00:13"
"Spain","ES.BDCA.AQD","2025","NET_ES216A","CCAA País Vasco","UTC","ES1499A","20019001","BEASAIN","SP_20019001_9_49","PM2.5","-2.191380","43.048110","153.000000","m","suburban","traffic","01/01/2011 00:00:00","","SAM_20019001_9_49","4.5","m","14.0","m","35.0","m","-999.0","m","Other sectors","-999.0","t.km-2.year-1","0","-999.0","t.km-1.year-1","-999.0","t.year-1","BEASAIN","","","60.0","","","0.0","0.0","0","6000","SPP_20019001_9_49.1","01/01/2011 00:00:00","","automatic","BETA","","andersenFH62IR","","","","","","inprogress","https://www.euskadi.eus/web01-a2ingair/es/contenidos/documentacion/factor_corrector_particulas/es_def/factor_corrector_particulas.html","2","ug.m-3","","http://missing.com","1","hour","1","hour","http://cdr.eionet.europa.eu/es/eu/aqd/d/envaxdj6q/ES_D_Metainfo.xml","05/09/2026 03:00:13"
"Spain","ES.BDCA.AQD","2025","NET_ES201A","CCAA Andalucía","UTC","ES1996A","04022001","BÉDAR","SP_04022001_9_M","PM2.5","-1.979080","37.192990","380.000000","m","suburban","background","01/01/2015 00:00:00","","SAM_04022001_9_M","4.5","m","","m","","m","-999.0","m","","-999.0","t.km-2.year-1","0","-999.0","t.km-1.year-1","-999.0","t.year-1","BÉDAR","","","2.0","","0.10","0.0","30.0","20","50","SPP_04022001_9_M.1","01/01/2015 00:00:00","","active","","","","","HVSman30","","gravi","","ref","","1","ug.m-3","","http://missing.com","1","day","1","day","http://cdr.eionet.europa.eu/es/eu/aqd/d/envaxdj6q/ES_D_Metainfo.xml","05/09/2026 03:00:13"
"Spain","ES.BDCA.AQD","2025","NET_ES201A","CCAA Andalucía","UTC","ES1996A","04022001","BÉDAR","SP_04022001_9_M","PM2.5","-1.979080","37.192990","380.000000","m","suburban","background","01/01/2015 00:00:00","","SAM_04022001_9_M","4.5","m","","m","","m","-999.0","m","","-999.0","t.km-2.year-1","0","-999.0","t.km-1.year-1","-999.0","t.year-1","BÉDAR","","","2.0","","0.10","0.0","30.0","20","50","SPP_04022001_9_M.2","01/01/2015 00:00:00","","active","","","","","HVSman30","","gravi","","noRef","","1","ug.m-3","","http://missing.com","1","day","1","day","http://cdr.eionet.europa.eu/es/eu/aqd/d/envaxdj6q/ES_D_Metainfo.xml","05/09/2026 03:00:13"
"Spain","ES.BDCA.AQD","2025","NET_ES209A","CCAA Cataluña","UTC","ES1348A","25051001","BELLVER DE CERDANYA (CEIP MARE DE DÉU DE TALLÓ)","SP_25051001_9_M","PM2.5","1.776800","42.368300","1060.000000","m","rural","background","15/01/2010 00:00:00","13/04/2023 00:00:00","SAM_25051001_9_M","3.6","m","","m","","m","-999.0","m","","-999.0","t.km-2.year-1","0","-999.0","t.km-1.year-1","-999.0","t.year-1","BELLVER DE CERDANYA","","","5.0","","","0.0","0.0","0","0","SPP_25051001_9_M.1","15/01/2010 00:00:00","13/04/2023 00:00:00","active","","","","","HVSauto30","","gravi","","ref","","3","ug.m-3","","http://missing.com","1","day","1","day","http://cdr.eionet.europa.eu/es/eu/aqd/d/envaxdj6q/ES_D_Metainfo.xml","05/09/2026 03:00:13"
"Spain","ES.BDCA.AQD","2025","NET_ES210A","CCAA Com. Valenciana","UTC","ES1687A","12028001","BENICASSIM","SP_12028001_9_46","PM2.5","0.072780","40.062220","50.000000","m","suburban","industrial","01/01/2011 00:00:00","","SAM_12028001_9_46","3.0","m","","m","","m","14000.0","m","Energy Industries","-999.0","t.km-2.year-1","0","-999.0","t.km-1.year-1","-999.0","t.year-1","BENICASIM/BENICÀSSIM","","","0.0","","","0.0","0.0","0","1000","SPP_12028001_9_46.1","01/01/2011 00:00:00","","automatic","light-scat","","GRIMM-EDM180","","","","","","yes","http://missing.com","0","ug.m-3","","http://missing.com","1","hour","1","hour","http://cdr.eionet.europa.eu/es/eu/aqd/d/envaxdj6q/ES_D_Metainfo.xml","05/09/2026 03:00:13"
"Spain","ES.BDCA.AQD","2025","NET_ES210A","CCAA Com. Valenciana","UTC","ES1675A","03031002","BENIDORM","SP_03031002_9_46","PM2.5","-0.146670","38.571390","44.000000","m","suburban","background","01/01/2009 00:00:00","31/12/2013 00:00:00","SAM_03031002_9_46","3.0","m","","m","","m","1000.0","m","Transport","-999.0","t.km-2.year-1","0","-999.0","t.km-1.year-1","-999.0","t.year-1","BENIDORM","","","2.0","","","4.0","0.0","0","1000","SPP_03031002_9_46.1","01/01/2009 00:00:00","31/12/2013 00:00:00","automatic","light-scat","","unknown","","","","","","yes","http://missing.com","0","ug.m-3","","En preparación","1","hour","1","hour","http://cdr.eionet.europa.eu/es/eu/aqd/d/envaxdj6q/ES_D_Metainfo.xml","05/09/2026 03:00:13"
"Spain","ES.BDCA.AQD","2025","NET_ES210A","CCAA Com. Valenciana","UTC","ES1709A","46062001","BENIGANIM","SP_46062001_9_46","PM2.5","-0.441390","38.934720","195.000000","m","suburban","background","01/01/2005 00:00:00","","SAM_46062001_9_46","3.0","m","","m","","m","1000.0","m","Other sectors","-999.0","t.km-2.year-1","0","-999.0","t.km-1.year-1","-999.0","t.year-1","BENIGÁNIM","","","50.0","","","0.0","0.0","0","1000","SPP_46062001_9_46.1","01/01/2005 00:00:00","","automatic","light-scat","","unknown","","","","","","inprogress","","0","ug.m-3","","http://missing.com","1","hour","1","hour","http://cdr.eionet.europa.eu/es/eu/aqd/d/envaxdj6q/ES_D_Metainfo.xml","05/09/2026 03:00:13"
"Spain","ES.BDCA.AQD","2025","NET_ES210A","CCAA Com. Valenciana","UTC","ES1709A","46062001","BENIGANIM","SP_46062001_9_46","PM2.5","-0.441390","38.934720","195.000000","m","suburban","background","01/01/2005 00:00:00","","SAM_46062001_9_46","3.0","m","","m","","m","1000.0","m","Other sectors","-999.0","t.km-2.year-1","0","-999.0","t.km-1.year-1","-999.0","t.year-1","BENIGÁNIM","","","50.0","","","0.0","0.0","0","1000","SPP_46062001_9_46.2","01/01/2005 00:00:00","","automatic","light-scat","","FIDAS200","","","","","","inprogress","EN PREPARACIÓN","1","ug.m-3","","http://missing.com","1","hour","1","hour","http://cdr.eionet.europa.eu/es/eu/aqd/d/envaxdj6q/ES_D_Metainfo.xml","05/09/2026 03:00:13"
"Spain","ES.BDCA.AQD","2025","NET_ES210A","CCAA Com. Valenciana","UTC","ES1709A","46062001","BENIGANIM","SP_46062001_9_M","PM2.5","-0.441390","38.934720","195.000000","m","suburban","background","05/01/2004 00:00:00","","SAM_46062001_9_M","3.0","m","","m","","m","1000.0","m","Other sectors","-999.0","t.km-2.year-1","0","-999.0","t.km-1.year-1","-999.0","t.year-1","BENIGÁNIM","","","50.0","","","0.0","0.0","0","1000","SPP_46062001_9_M.1","05/01/2004 00:00:00","","active","","","","","HVSauto30","","gravi","","ref","","0","ug.m-3","","En preparación","1","day","1","day","http://cdr.eionet.europa.eu/es/eu/aqd/d/envaxdj6q/ES_D_Metainfo.xml","05/09/2026 03:00:13"
"Spain","ES.BDCA.AQD","2025","NET_ES209A","CCAA Cataluña","UTC","ES1851A","08022006","BERGA (POLIESPORTIU)","SP_08022006_9_M","PM2.5","1.848200","42.097900","661.000000","m","suburban","background","01/04/2007 00:00:00","","SAM_08022006_9_M","3.5","m","","m","","m","-999.0","m","","-999.0","t.km-2.year-1","0","-999.0","t.km-1.year-1","-999.0","t.year-1","BERGA","","","1.8","","","16.0","0.0","0","0","SPP_08022006_9_M.1","01/04/2007 00:00:00","","active","","","","","HVSauto30","","gravi","","ref","","3","ug.m-3","","http://missing.com","1","day","1","day","http://cdr.eionet.europa.eu/es/eu/aqd/d/envaxdj6q/ES_D_Metainfo.xml","05/09/2026 03:00:13"
"Spain","ES.BDCA.AQD","2025","NET_ES210A","CCAA Com. Valenciana","UTC","ES1886A","46077006","BUÑOL CEMEX","SP_46077006_9_46","PM2.5","-0.783890","39.427220","400.000000","m","suburban","industrial","21/05/2007 00:00:00","","SAM_46077006_9_46","3.0","m","","m","","m","2000.0","m","Industrial Processes","-999.0","t.km-2.year-1","0","-999.0","t.km-1.year-1","-999.0","t.year-1","BUÑOL","","","0.0","","0.80","6.0","9.0","80","0","SPP_46077006_9_46.1","21/05/2007 00:00:00","","automatic","light-scat","","GRIMM-EDM180","","","","","","yes","http://missing.com","0","ug.m-3","","http://missing.com","1","hour","1","hour","http://cdr.eionet.europa.eu/es/eu/aqd/d/envaxdj6q/ES_D_Metainfo.xml","05/09/2026 03:00:13"
"Spain","ES.BDCA.AQD","2025","NET_ES212A","CCAA Galicia","UTC","ES1961A","27902001","BURELA","SP_27902001_9_47","PM2.5","-7.378900","43.669400","173.000000","m","rural","background","02/04/2013 00:00:00","31/12/2021 00:00:00","SAM_27902001_9_47","3.0","m","","m","","m","7.5","m","Agriculture","-999.0","t.km-2.year-1","0","-999.0","t.km-1.year-1","-999.0","t.year-1","BURELA","elevated","mount","255.0","","0.06","0.0","0.0","75","7682","SPP_27902001_9_47.1","02/04/2013 00:00:00","31/12/2021 00:00:00","automatic","TEOM","","TEOM1400A","","","","","","yes","http://missing.com","5","ug.m-3","","http://missing.com","1","hour","1","hour","http://cdr.eionet.europa.eu/es/eu/aqd/d/envaxdj6q/ES_D_Metainfo.xml","05/09/2026 03:00:13"
"Spain","ES.BDCA.AQD","2025","NET_ES208A","CCAA Castilla y León","UTC","ES1443A","09059006","BURGOS 4","SP_09059006_9_49","PM2.5","-3.636110","42.336110","929.000000","m","urban","background","01/01/2004 00:00:00","","SAM_09059006_9_49","3.0","m","20.0","m","","m","-999.0","m","Land use, land use change and forestry","-999.0","t.km-2.year-1","0","-999.0","t.km-1.year-1","-999.0","t.year-1","BURGOS","","","0.0","","","10.0","0.0","0","0","SPP_09059006_9_49.1","01/01/2004 00:00:00","","automatic","BETA","","BAM1020","","","","","","yes","http://missing.com","4","ug.m-3","","http://missing.com","1","hour","1","hour","http://cdr.eionet.europa.eu/es/eu/aqd/d/envaxdj6q/ES_D_Metainfo.xml","05/09/2026 03:00:13"
"Spain","ES.BDCA.AQD","2025","NET_ES208A","CCAA Castilla y León","UTC","ES1443A","09059006","BURGOS 4","SP_09059006_9_M","PM2.5","-3.636110","42.336110","929.000000","m","urban","background","01/01/2009 00:00:00","","SAM_09059006_9_M","3.0","m","20.0","m","","m","-999.0","m","Land use, land use change and forestry","-999.0","t.km-2.year-1","0","-999.0","t.km-1.year-1","-999.0","t.year-1","BURGOS","","","0.0","","","10.0","0.0","0","0","SPP_09059006_9_M.1","01/01/2009 00:00:00","","active","","","","","HVSauto30","","gravi","","ref","","0.05","ug.m-3","","http://missing.com","1","day","1","day","http://cdr.eionet.europa.eu/es/eu/aqd/d/envaxdj6q/ES_D_Metainfo.xml","05/09/2026 03:00:13"
"Spain","ES.BDCA.AQD","2025","NET_ES210A","CCAA Com. Valenciana","UTC","ES1688A","12032001","BURRIANA","SP_12032001_9_46","PM2.5","-0.065000","39.892220","37.000000","m","rural","industrial","01/01/2011 00:00:00","","SAM_12032001_9_46","3.0","m","","m","","m","13000.0","m","Energy Industries","-999.0","t.km-2.year-1","0","-999.0","t.km-1.year-1","-999.0","t.year-1","BURRIANA","","","0.0","","","0.0","0.0","0","1000","SPP_12032001_9_46.1","01/01/2011 00:00:00","","automatic","light-scat","","GRIMM-EDM180","","","","","","yes","http://missing.com","0","ug.m-3","","http://missing.com","1","hour","1","hour","http://cdr.eionet.europa.eu/es/eu/aqd/d/envaxdj6q/ES_D_Metainfo.xml","05/09/2026 03:00:13"
"Spain","ES.BDCA.AQD","2025","NET_ES210A","CCAA Com. Valenciana","UTC","ES1797A","12032005","BURRIANA RESIDENCIA","SP_12032005_9_M","PM2.5","-0.087780","39.895000","20.000000","m","urban","industrial","01/01/2005 00:00:00","","SAM_12032005_9_M","3.0","m","","m","","m","-999.0","m","","-999.0","t.km-2.year-1","0","-999.0","t.km-1.year-1","-999.0","t.year-1","BURRIANA","","","0.0","","","0.0","0.0","0","0","SPP_12032005_9_M.1","01/01/2005 00:00:00","","active","","","","","HVSauto30","","gravi","","ref","","0","ug.m-3","","En preparación","1","day","1","day","http://cdr.eionet.europa.eu/es/eu/aqd/d/envaxdj6q/ES_D_Metainfo.xml","05/09/2026 03:00:13"
"Spain","ES.BDCA.AQD","2025","NET_ES205A","CCAA Islas Canarias","UTC","ES1767A","38006002","BUZANADA","SP_38006002_9_46","PM2.5","-16.653000","28.072600","308.000000","m","suburban","background","02/01/2010 00:00:00","31/03/2023 00:00:00","SAM_38006002_9_46","3.5","m","","m","","m","-999.0","m","Transport","-999.0","t.km-2.year-1","0","-999.0","t.km-1.year-1","-999.0","t.year-1","ARONA","","","100.0","","","0.0","0.0","0","0","SPP_38006002_9_46.1","02/01/2010 00:00:00","31/03/2023 00:00:00","automatic","light-scat","","BAM1020","","","","","","yes","http://missing.com","0","ug.m-3","","http://missing.com","1","hour","1","hour","http://cdr.eionet.europa.eu/es/eu/aqd/d/envaxdj6q/ES_D_Metainfo.xml","05/09/2026 03:00:13"
"Spain","ES.BDCA.AQD","2025","NET_ES058A","EMEP/VAG/CAMP","UTC","ES0010R","17032999","CABO DE CREUS","SP_17032999_9_M","PM2.5","3.315560","42.319170","75.000000","m","rural","background","01/03/2001 00:00:00","","SAM_17032999_9_M","1.7","m","","m","","m","0.0","m","Land use, land use change and forestry","-999.0","t.km-2.year-1","0","-999.0","t.km-1.year-1","-999.0","t.year-1","CADAQUÉS","","","0.0","","","0.0","0.0","0","0","SPP_17032999_9_M.1","01/03/2001 00:00:00","","active","","","","","HVSman30","","gravi","","ref","","-999","ug.m-3","","http://missing.com","1","day","1","day","http://cdr.eionet.europa.eu/es/eu/aqd/d/envaxdj6q/ES_D_Metainfo.xml","05/09/2026 03:00:13"
"Spain","ES.BDCA.AQD","2025","NET_ES211A","CCAA Extremadura","UTC","ES1615A","10037001","CÁCERES","SP_10037001_9_46","PM2.5","-6.342430","39.483800","389.000000","m","urban","background","01/11/2001 00:00:00","01/02/2022 00:00:00","SAM_10037001_9_46","4.0","m","","m","","m","0.0","m","Other sectors","-999.0","t.km-2.year-1","0","-999.0","t.km-1.year-1","-999.0","t.year-1","CÁCERES","","","0.0","","","3.0","0.0","50","6000","SPP_10037001_9_46.1","01/11/2001 00:00:00","01/02/2022 00:00:00","automatic","light-scat","","GRIMM-EDM107","","","","","","yes","http://missing.com","0.1","ug.m-3","","http://missing.com","1","hour","1","hour","http://cdr.eionet.europa.eu/es/eu/aqd/d/envaxdj6q/ES_D_Metainfo.xml","05/09/2026 03:00:13"
"Spain","ES.BDCA.AQD","2025","NET_ES211A","CCAA Extremadura","UTC","ES1615A","10037001","CÁCERES","SP_10037001_9_46","PM2.5","-6.342430","39.483800","389.000000","m","urban","background","01/11/2001 00:00:00","01/02/2022 00:00:00","SAM_10037001_9_46","4.0","m","","m","","m","0.0","m","Other sectors","-999.0","t.km-2.year-1","0","-999.0","t.km-1.year-1","-999.0","t.year-1","CÁCERES","","","0.0","","","3.0","0.0","50","6000","SPP_10037001_9_46.2","01/11/2001 00:00:00","01/02/2022 00:00:00","automatic","light-scat","","GRIMM-EDM180","","","","","","ref","","0.1","ug.m-3","","http://missing.coml","1","hour","1","hour","http://cdr.eionet.europa.eu/es/eu/aqd/d/envaxdj6q/ES_D_Metainfo.xml","05/09/2026 03:00:13"
"Spain","ES.BDCA.AQD","2025","NET_ES202A","CCAA Aragón","UTC","ES2162A","50067001","CALATAYUD","SP_50067001_9_M","PM2.5","-1.652570","41.354570","600.000000","m","rural","background","01/07/2023 00:00:00","","SAM_50067001_9_M","25.0","m","","m","","m","-999.0","m","","-999.0","t.km-2.year-1","0","-999.0","t.km-1.year-1","-999.0","t.year-1","CALATAYUD","open","","0.0","","","0.0","0.0","0","0","SPP_50067001_9_M.1","01/07/2023 00:00:00","","active","","","","","HVSauto30","","gravi","","ref","","3","ug.m-3","","http://missing.com","1","day","1","day","http://cdr.eionet.europa.eu/es/eu/aqd/d/envaxdj6q/ES_D_Metainfo.xml","05/09/2026 03:00:13"
"Spain","ES.BDCA.AQD","2025","NET_ES209A","CCAA Cataluña","UTC","ES1680A","08033004","CALDES DE MONTBUI (AJUNTAMENT)","SP_08033004_9_M","PM2.5","2.162350","41.634660","135.000000","m","suburban","background","01/01/2010 00:00:00","01/10/2017 00:00:00","SAM_08033004_9_M","13.5","m","","m","","m","-999.0","m","","-999.0","t.km-2.year-1","0","-999.0","t.km-1.year-1","-999.0","t.year-1","CALDES DE MONTBUI","","","0.0","","","0.0","0.0","0","0","SPP_08033004_9_M.1","01/01/2010 00:00:00","01/10/2017 00:00:00","active","","","","","HVSman30","","gravi","","ref","","7","ug.m-3","","http://missing,com","1","day","1","day","http://cdr.eionet.europa.eu/es/eu/aqd/d/envaxdj6q/ES_D_Metainfo.xml","05/09/2026 03:00:13"
"Spain","ES.BDCA.AQD","2025","NET_ES205A","CCAA Islas Canarias","UTC","ES1756A","38011004","CALETILLA","SP_38011004_9_47","PM2.5","-16.361930","28.376710","24.000000","m","urban","industrial","01/01/2011 00:00:00","13/03/2017 00:00:00","SAM_38011004_9_47","1.0","m","","m","","m","-999.0","m","Transport","-999.0","t.km-2.year-1","0","-999.0","t.km-1.year-1","-999.0","t.year-1","CANDELARIA","","","0.0","","","0.0","0.0","0","0","SPP_38011004_9_47.1","01/01/2011 00:00:00","13/03/2017 00:00:00","automatic","TEOM","","unknown","","","","","","yes","http://missing.com","-999","ug.m-3","","http://missing.com","1","hour","1","hour","http://cdr.eionet.europa.eu/es/eu/aqd/d/envaxdj6q/ES_D_Metainfo.xml","05/09/2026 03:00:13"
"Spain","ES.BDCA.AQD","2025","NET_ES205A","CCAA Islas Canarias","UTC","ES1756A","38011004","CALETILLA","SP_38011004_9_A","PM2.5","-16.361930","28.376710","24.000000","m","urban","industrial","01/01/2011 00:00:00","","SAM_38011004_9_A","1.0","m","","m","","m","-999.0","m","Transport","-999.0","t.km-2.year-1","0","-999.0","t.km-1.year-1","-999.0","t.year-1","CANDELARIA","","","0.0","","","0.0","0.0","0","0","SPP_38011004_9_A.1","01/01/2011 00:00:00","","automatic","TEOM","","unknown","","","","","","yes","http://missing.com","-999","ug.m-3","","http://missing.com","1","hour","1","hour","http://cdr.eionet.europa.eu/es/eu/aqd/d/envaxdj6q/ES_D_Metainfo.xml","05/09/2026 03:00:13"
"Spain","ES.BDCA.AQD","2025","NET_ES205A","CCAA Islas Canarias","UTC","ES1756A","38011004","CALETILLA","SP_38011004_9_A","PM2.5","-16.361930","28.376710","24.000000","m","urban","industrial","01/01/2011 00:00:00","","SAM_38011004_9_A","1.0","m","","m","","m","-999.0","m","Transport","-999.0","t.km-2.year-1","0","-999.0","t.km-1.year-1","-999.0","t.year-1","CANDELARIA","","","0.0","","","0.0","0.0","0","0","SPP_38011004_9_A.2","01/01/2011 00:00:00","","automatic","BETA","","BAM1020","","","","","","yes","http://missing.com","0","ug.m-3","","http://missing.com","1","hour","1","hour","http://cdr.eionet.europa.eu/es/eu/aqd/d/envaxdj6q/ES_D_Metainfo.xml","05/09/2026 03:00:13"
"Spain","ES.BDCA.AQD","2025","NET_ES201A","CCAA Andalucía","UTC","ES0556A","11033005","CAMPAMENTO","SP_11033005_9_49","PM2.5","-5.376970","36.179430","9.000000","m","suburban","industrial","19/04/2005 00:00:00","","SAM_11033005_9_49","5.6","m","1.5","m","","m","1.0","m","Industrial Processes","-999.0","t.km-2.year-1","0","-999.0","t.km-1.year-1","-999.0","t.year-1","SAN ROQUE","","","7.0","","0.00","8.0","4.0","20","100","SPP_11033005_9_49.1","19/04/2005 00:00:00","","automatic","BETA","","BAM1020","","","","","","yes","http://missing.com","0.5","ug.m-3","","http://missing.com","1","hour","1","hour","http://cdr.eionet.europa.eu/es/eu/aqd/d/envaxdj6q/ES_D_Metainfo.xml","05/09/2026 03:00:13"
"Spain","ES.BDCA.AQD","2025","NET_ES201A","CCAA Andalucía","UTC","ES1897A","29067007","CAMPANILLAS CIFA","SP_29067007_9_49","PM2.5","-4.560950","36.727850","55.000000","m","suburban","industrial","01/08/2008 00:00:00","","SAM_29067007_9_49","4.7","m","15.0","m","","m","2.0","m","","-999.0","t.km-2.year-1","0","-999.0","t.km-1.year-1","-999.0","t.year-1","MÁLAGA","","","0.0","","0.00","4.0","0.0","30","0","SPP_29067007_9_49.1","01/08/2008 00:00:00","","automatic","BETA","","BAM1020","","","","","","yes","http://missing.com","0.5","ug.m-3","","http://missing.com","1","hour","1","hour","http://cdr.eionet.europa.eu/es/eu/aqd/d/envaxdj6q/ES_D_Metainfo.xml","05/09/2026 03:00:13"
"Spain","ES.BDCA.AQD","2025","NET_ES201A","CCAA Andalucía","UTC","ES1898A","29032001","CAMPILLOS","SP_29032001_9_49","PM2.5","-4.844830","36.962300","359.000000","m","rural","background","01/08/2008 00:00:00","","SAM_29032001_9_49","4.7","m","40.0","m","","m","34.0","m","","-999.0","t.km-2.year-1","0","-999.0","t.km-1.year-1","-999.0","t.year-1","CAMPILLOS","","","0.0","","0.00","6.0","0.0","30","0","SPP_29032001_9_49.1","01/08/2008 00:00:00","","automatic","BETA","","BAM1020","","","","","","yes","http://missing.com","1","ug.m-3","","http://missing.com","1","hour","1","hour","http://cdr.eionet.europa.eu/es/eu/aqd/d/envaxdj6q/ES_D_Metainfo.xml","05/09/2026 03:00:13"
"Spain","ES.BDCA.AQD","2025","NET_ES201A","CCAA Andalucía","UTC","ES1898A","29032001","CAMPILLOS","SP_29032001_9_M","PM2.5","-4.844830","36.962300","359.000000","m","rural","background","01/01/2009 00:00:00","","SAM_29032001_9_M","3.8","m","40.0","m","","m","34.0","m","","-999.0","t.km-2.year-1","0","-999.0","t.km-1.year-1","-999.0","t.year-1","CAMPILLOS","","","0.0","","0.00","6.0","0.0","30","0","SPP_29032001_9_M.1","01/01/2009 00:00:00","","active","","","","","HVSman30","","gravi","","ref","","1","ug.m-3","","desconocido","1","day","1","day","http://cdr.eionet.europa.eu/es/eu/aqd/d/envaxdj6q/ES_D_Metainfo.xml","05/09/2026 03:00:13"
"Spain","ES.BDCA.AQD","2025","NET_ES201A","CCAA Andalucía","UTC","ES1898A","29032001","CAMPILLOS","SP_29032001_9_M","PM2.5","-4.844830","36.962300","359.000000","m","rural","background","01/01/2009 00:00:00","","SAM_29032001_9_M","3.8","m","40.0","m","","m","34.0","m","","-999.0","t.km-2.year-1","0","-999.0","t.km-1.year-1","-999.0","t.year-1","CAMPILLOS","","","0.0","","0.00","6.0","0.0","30","0","SPP_29032001_9_M.2","01/01/2009 00:00:00","","active","","","","","HVSman30","","gravi","","ref","","1","ug.m-3","","desconocido","1","day","1","day","http://cdr.eionet.europa.eu/es/eu/aqd/d/envaxdj6q/ES_D_Metainfo.xml","05/09/2026 03:00:13"
"Spain","ES.BDCA.AQD","2025","NET_ES205A","CCAA Islas Canarias","UTC","ES1977A","35022002","CAMPING TEMISAS-STA LUCÍA DE T.","SP_35022002_9_47","PM2.5","-15.488330","27.898330","460.000000","m","suburban","background","10/05/2010 00:00:00","14/01/2021 00:00:00","SAM_35022002_9_47","3.9","m","","m","","m","11590.0","m","","-999.0","t.km-2.year-1","0","-999.0","t.km-1.year-1","-999.0","t.year-1","SANTA LUCÍA DE TIRAJANA","","","0.0","","","0.0","0.0","0","0","SPP_35022002_9_47.1","10/05/2010 00:00:00","14/01/2021 00:00:00","automatic","TEOM","","BAM1020","","","","","","yes","http://missing.com","0","ug.m-3","","http://missing.com","1","hour","1","hour","http://cdr.eionet.europa.eu/es/eu/aqd/d/envaxdj6q/ES_D_Metainfo.xml","05/09/2026 03:00:13"
"Spain","ES.BDCA.AQD","2025","NET_ES058A","EMEP/VAG/CAMP","UTC","ES0009R","19061999","CAMPISÁBALOS","SP_19061999_9_M","PM2.5","-3.142500","41.274170","1368.000000","m","rural","background","01/03/2001 00:00:00","","SAM_19061999_9_M","1.7","m","","m","","m","0.0","m","Land use, land use change and forestry","-999.0","t.km-2.year-1","0","-999.0","t.km-1.year-1","-999.0","t.year-1","CAMPISÁBALOS","","","0.0","","","0.0","0.0","0","0","SPP_19061999_9_M.1","01/03/2001 00:00:00","","active","","","","","HVSman30","","gravi","","ref","","-999","ug.m-3","","http://missing.com","1","day","1","day","http://cdr.eionet.europa.eu/es/eu/aqd/d/envaxdj6q/ES_D_Metainfo.xml","05/09/2026 03:00:13"
"Spain","ES.BDCA.AQD","2025","NET_ES212A","CCAA Galicia","UTC","ES1309A","15078005","CAMPO DE FÚTBOL","SP_15078005_9_A","PM2.5","-8.506800","42.909200","320.000000","m","suburban","industrial","01/01/2026 00:00:00","","SAM_15078005_9_A","4.0","m","","m","","m","1.0","m","Industrial Processes","-999.0","t.km-2.year-1","0","-999.0","t.km-1.year-1","-999.0","t.year-1","SANTIAGO DE COMPOSTELA","open","plane","117.0","","0.16","0.0","20.0","60","27614","SPP_15078005_9_A.1","01/01/2026 00:00:00","","automatic","light-scat","","FIDAS200E","","","","","","inprogress","http://missing.com","1","ug.m-3","","-","1","hour","1","hour","http://cdr.eionet.europa.eu/es/eu/aqd/d/envaxdj6q/ES_D_Metainfo.xml","05/09/2026 03:00:13"
"Spain","ES.BDCA.AQD","2025","NET_ES212A","CCAA Galicia","UTC","ES2061A","36038010","CAMPOLONGO","SP_36038010_9_49","PM2.5","-8.644000","42.425930","15.000000","m","urban","traffic","01/01/2015 00:00:00","","SAM_36038010_9_49","4.8","m","31.0","m","4.5","m","0.0","m","","-999.0","t.km-2.year-1","0","-999.0","t.km-1.year-1","-999.0","t.year-1","PONTEVEDRA","open","coast-plane","4.5","","0.07","0.0","0.0","52","24252","SPP_36038010_9_49.1","01/01/2015 00:00:00","","automatic","BETA","","BAM1020","","","","","","yes","http://missing.com","1.33","ug.m-3","","http://missing.com","1","hour","1","hour","http://cdr.eionet.europa.eu/es/eu/aqd/d/envaxdj6q/ES_D_Metainfo.xml","05/09/2026 03:00:13"
"Spain","ES.BDCA.AQD","2025","NET_ES201A","CCAA Andalucía","UTC","ES1658A","21041017","CAMPUS DEL CARMEN","SP_21041017_9_49","PM2.5","-6.925290","37.271680","48.000000","m","urban","industrial","01/01/2021 00:00:00","","SAM_21041017_9_49","4.0","m","60.0","m","30.0","m","4.2","m","Industrial Processes","-999.0","t.km-2.year-1","0","-999.0","t.km-1.year-1","-999.0","t.year-1","HUELVA","","","10.0","","","9.0","9.0","0","1000","SPP_21041017_9_49.1","01/01/2021 00:00:00","","automatic","BETA","","thermo5014i","","","","","","yes","informe beta grav","1","ug.m-3","","desconocido","1","hour","1","hour","http://cdr.eionet.europa.eu/es/eu/aqd/d/envaxdj6q/ES_D_Metainfo.xml","05/09/2026 03:00:13"
"Spain","ES.BDCA.AQD","2025","NET_ES201A","CCAA Andalucía","UTC","ES1658A","21041017","CAMPUS DEL CARMEN","SP_21041017_9_M","PM2.5","-6.925290","37.271680","48.000000","m","urban","industrial","01/01/2008 00:00:00","","SAM_21041017_9_M","3.0","m","60.0","m","30.0","m","4.2","m","Industrial Processes","-999.0","t.km-2.year-1","0","-999.0","t.km-1.year-1","-999.0","t.year-1","HUELVA","","","10.0","","","9.0","9.0","0","1000","SPP_21041017_9_M.1","01/01/2008 00:00:00","","active","","","","","HVSman30","","gravi","","ref","","1","ug.m-3","","","1","day","1","day","http://cdr.eionet.europa.eu/es/eu/aqd/d/envaxdj6q/ES_D_Metainfo.xml","05/09/2026 03:00:13"
"Spain","ES.BDCA.AQD","2025","NET_ES203A","CCAA Asturias","UTC","ES1432A","33011001","CANGAS DEL NARCEA","SP_33011001_9_49","PM2.5","-6.552700","43.178800","363.000000","m","suburban","background","01/01/2020 00:00:00","","SAM_33011001_9_49","4.5","m","","m","","m","-999.0","m","Other sectors","-999.0","t.km-2.year-1","0","-999.0","t.km-1.year-1","-999.0","t.year-1","CANGAS DEL NARCEA","detached","","13.0","","","0.0","0.0","0","1000","SPP_33011001_9_49.1","01/01/2020 00:00:00","","automatic","BETA","","BAM1020","","","","","","ref","","1","ug.m-3","","http://missing.com","1","hour","1","hour","http://cdr.eionet.europa.eu/es/eu/aqd/d/envaxdj6q/ES_D_Metainfo.xml","05/09/2026 03:00:13"
"Spain","ES.BDCA.AQD","2025","NET_ES214A","CCAA Murcia","UTC","ES1882A","30015001","CARAVACA","SP_30015001_9_A","PM2.5","-1.868700","38.114700","1.000000","m","rural","background","11/02/2025 00:00:00","","SAM_30015001_9_A","4.0","m","20.0","m","10.0","m","-999.0","m","Land use, land use change and forestry","-999.0","t.km-2.year-1","0","-999.0","t.km-1.year-1","-999.0","t.year-1","CARAVACA DE LA CRUZ","open","alpine","3.0","","","6.0","3.0","20","0","SPP_30015001_9_A.1","11/02/2025 00:00:00","","automatic","light-scat","","FIDAS200","","","","","","ref","","1","ug.m-3","","https://sinqlair.es/sinqlair","1","hour","1","hour","http://cdr.eionet.europa.eu/es/eu/aqd/d/envaxdj6q/ES_D_Metainfo.xml","05/09/2026 03:00:13"
"Spain","ES.BDCA.AQD","2025","NET_ES201A","CCAA Andalucía","UTC","ES1750A","29067006","CARRANQUE","SP_29067006_9_49","PM2.5","-4.447500","36.719640","36.000000","m","urban","background","01/01/2021 00:00:00","","SAM_29067006_9_49","3.0","m","30.0","m","60.0","m","50.0","m","Transport","-999.0","t.km-2.year-1","0","-999.0","t.km-1.year-1","-999.0","t.year-1","MÁLAGA","","","60.0","","0.10","12.0","20.0","50","0","SPP_29067006_9_49.1","01/01/2021 00:00:00","","automatic","BETA","","thermo5014i","","","","","","yes","informe beta grav","1","ug.m-3","","desconocido","1","hour","1","hour","http://cdr.eionet.europa.eu/es/eu/aqd/d/envaxdj6q/ES_D_Metainfo.xml","05/09/2026 03:00:13"
"Spain","ES.BDCA.AQD","2025","NET_ES201A","CCAA Andalucía","UTC","ES1750A","29067006","CARRANQUE","SP_29067006_9_M","PM2.5","-4.447500","36.719640","36.000000","m","urban","background","01/01/2009 00:00:00","","SAM_29067006_9_M","3.0","m","30.0","m","60.0","m","50.0","m","Transport","-999.0","t.km-2.year-1","0","-999.0","t.km-1.year-1","-999.0","t.year-1","MÁLAGA","","","60.0","","0.10","12.0","20.0","50","0","SPP_29067006_9_M.1","01/01/2009 00:00:00","","active","","","","","LVSman2.3","","gravi","","ref","","4.5","ug.m-3","","desconocido","1","day","1","day","http://cdr.eionet.europa.eu/es/eu/aqd/d/envaxdj6q/ES_D_Metainfo.xml","05/09/2026 03:00:13"
"Spain","ES.BDCA.AQD","2025","NET_ES201A","CCAA Andalucía","UTC","ES1750A","29067006","CARRANQUE","SP_29067006_9_M","PM2.5","-4.447500","36.719640","36.000000","m","urban","background","01/01/2009 00:00:00","","SAM_29067006_9_M","3.0","m","30.0","m","60.0","m","50.0","m","Transport","-999.0","t.km-2.year-1","0","-999.0","t.km-1.year-1","-999.0","t.year-1","MÁLAGA","","","60.0","","0.10","12.0","20.0","50","0","SPP_29067006_9_M.2","01/01/2009 00:00:00","","active","","","","","LVSman2.3","","gravi","","ref","","4.5","ug.m-3","","desconocido","1","day","1","day","http://cdr.eionet.europa.eu/es/eu/aqd/d/envaxdj6q/ES_D_Metainfo.xml","05/09/2026 03:00:13"
"Spain","ES.BDCA.AQD","2025","NET_ES205A","CCAA Islas Canarias","UTC","ES1759A","38038012","CASA CUNA","SP_38038012_9_46","PM2.5","-16.277690","28.451020","183.000000","m","urban","industrial","01/01/2010 00:00:00","31/12/2024 00:00:00","SAM_38038012_9_46","4.0","m","","m","","m","-999.0","m","Transport","-999.0","t.km-2.year-1","0","-999.0","t.km-1.year-1","-999.0","t.year-1","SANTA CRUZ DE TENERIFE","","","25.0","","","3.5","0.0","0","0","SPP_38038012_9_46.1","01/01/2010 00:00:00","31/12/2024 00:00:00","automatic","light-scat","","BAM1020","","","","","","yes","http://missing.com","0","ug.m-3","","http://missing.com","1","hour","1","hour","http://cdr.eionet.europa.eu/es/eu/aqd/d/envaxdj6q/ES_D_Metainfo.xml","05/09/2026 03:00:13"
"Spain","ES.BDCA.AQD","2025","NET_ES205A","CCAA Islas Canarias","UTC","ES1759A","38038012","CASA CUNA","SP_38038012_9_A","PM2.5","-16.277690","28.451020","183.000000","m","urban","industrial","01/01/2025 00:00:00","","SAM_38038012_9_A","4.0","m","","m","","m","-999.0","m","Transport","-999.0","t.km-2.year-1","0","-999.0","t.km-1.year-1","-999.0","t.year-1","SANTA CRUZ DE TENERIFE","","","25.0","","","3.5","0.0","0","0","SPP_38038012_9_A.1","01/01/2025 00:00:00","","automatic","light-scat","","BAM1020","","","","","","yes","http://missing.com","0","ug.m-3","","http://missing.com","1","hour","1","hour","http://cdr.eionet.europa.eu/es/eu/aqd/d/envaxdj6q/ES_D_Metainfo.xml","05/09/2026 03:00:13"
"Spain","ES.BDCA.AQD","2025","NET_ES131A","Ayto Madrid","UTC","ES1193A","28079024","CASA DE CAMPO","SP_28079024_9_47","PM2.5","-3.749170","40.420000","645.000000","m","suburban","background","31/12/2002 00:00:00","","SAM_28079024_9_47","3.0","m","107.0","m","1100.0","m","-999.0","m","Transport","-999.0","t.km-2.year-1","0","-999.0","t.km-1.year-1","-999.0","t.year-1","MADRID","","","0.0","","","4.0","0.0","40","5000","SPP_28079024_9_47.1","31/12/2002 00:00:00","","automatic","TEOM","","TEOM1400","","","","","","yes","http://missing.com","-999","ug.m-3","","http://missing.com","1","hour","1","hour","http://cdr.eionet.europa.eu/es/eu/aqd/d/envaxdj6q/ES_D_Metainfo.xml","05/09/2026 03:00:13"
"Spain","ES.BDCA.AQD","2025","NET_ES131A","Ayto Madrid","UTC","ES1193A","28079024","CASA DE CAMPO","SP_28079024_9_47","PM2.5","-3.749170","40.420000","645.000000","m","suburban","background","31/12/2002 00:00:00","","SAM_28079024_9_47","3.0","m","107.0","m","1100.0","m","-999.0","m","Transport","-999.0","t.km-2.year-1","0","-999.0","t.km-1.year-1","-999.0","t.year-1","MADRID","","","0.0","","","4.0","0.0","40","5000","SPP_28079024_9_47.2","31/12/2002 00:00:00","","automatic","TEOM","","TEOM1405DF-FDMS","","","","","","ref","","-999","ug.m-3","","http://missing.com","1","hour","1","hour","http://cdr.eionet.europa.eu/es/eu/aqd/d/envaxdj6q/ES_D_Metainfo.xml","05/09/2026 03:00:13"
"Spain","ES.BDCA.AQD","2025","NET_ES205A","CCAA Islas Canarias","UTC","ES1978A","35017003","CASA PALACIO-PUERTO DEL ROSARIO","SP_35017003_9_49","PM2.5","-13.860830","28.498380","23.000000","m","urban","background","18/06/2010 00:00:00","31/12/2024 00:00:00","SAM_35017003_9_49","3.0","m","","m","","m","1660.0","m","Transport","-999.0","t.km-2.year-1","0","-999.0","t.km-1.year-1","-999.0","t.year-1","PUERTO DEL ROSARIO","","","0.0","","","0.0","0.0","0","0","SPP_35017003_9_49.1","18/06/2010 00:00:00","31/12/2024 00:00:00","automatic","BETA","","BAM1020","","","","","","yes","http://missing.com","0","ug.m-3","","http://missing.com","1","hour","1","hour","http://cdr.eionet.europa.eu/es/eu/aqd/d/envaxdj6q/ES_D_Metainfo.xml","05/09/2026 03:00:13"
"Spain","ES.BDCA.AQD","2025","NET_ES205A","CCAA Islas Canarias","UTC","ES1978A","35017003","CASA PALACIO-PUERTO DEL ROSARIO","SP_35017003_9_A","PM2.5","-13.860830","28.498380","23.000000","m","urban","background","01/01/2025 00:00:00","","SAM_35017003_9_A","3.0","m","","m","","m","1660.0","m","Transport","-999.0","t.km-2.year-1","0","-999.0","t.km-1.year-1","-999.0","t.year-1","PUERTO DEL ROSARIO","","","0.0","","","0.0","0.0","0","0","SPP_35017003_9_A.1","01/01/2025 00:00:00","","automatic","BETA","","BAM1020","","","","","","yes","http://missing.com","0","ug.m-3","","http://missing.com","1","hour","1","hour","http://cdr.eionet.europa.eu/es/eu/aqd/d/envaxdj6q/ES_D_Metainfo.xml","05/09/2026 03:00:13"
"Spain","ES.BDCA.AQD","2025","NET_ES131A","Ayto Madrid","UTC","ES1938A","28079048","CASTELLANA","SP_28079048_9_47","PM2.5","-3.690280","40.439720","676.000000","m","urban","traffic","01/02/2010 00:00:00","","SAM_28079048_9_47","3.0","m","2.5","m","9.0","m","-999.0","m","Transport","-999.0","t.km-2.year-1","0","-999.0","t.km-1.year-1","-999.0","t.year-1","MADRID","","","9.0","","","8.0","30.0","40","15000","SPP_28079048_9_47.1","01/02/2010 00:00:00","","automatic","TEOM","","unknown","","","","","","yes","http://missing.com","-999","ug.m-3","","http://missing.com","1","hour","1","hour","http://cdr.eionet.europa.eu/es/eu/aqd/d/envaxdj6q/ES_D_Metainfo.xml","05/09/2026 03:00:13"
"Spain","ES.BDCA.AQD","2025","NET_ES131A","Ayto Madrid","UTC","ES1938A","28079048","CASTELLANA","SP_28079048_9_47","PM2.5","-3.690280","40.439720","676.000000","m","urban","traffic","01/02/2010 00:00:00","","SAM_28079048_9_47","3.0","m","2.5","m","9.0","m","-999.0","m","Transport","-999.0","t.km-2.year-1","0","-999.0","t.km-1.year-1","-999.0","t.year-1","MADRID","","","9.0","","","8.0","30.0","40","15000","SPP_28079048_9_47.2","01/02/2010 00:00:00","","automatic","TEOM","","TEOM1405DF-FDMS","","","","","","ref","","-999","ug.m-3","","http://missing.com","1","hour","1","hour","http://cdr.eionet.europa.eu/es/eu/aqd/d/envaxdj6q/ES_D_Metainfo.xml","05/09/2026 03:00:13"
"Spain","ES.BDCA.AQD","2025","NET_ES210A","CCAA Com. Valenciana","UTC","ES1916A","12040016","CASTELLÓ - ITC","SP_12040016_9_M","PM2.5","-0.065000","39.995830","30.000000","m","urban","background","01/01/2009 00:00:00","","SAM_12040016_9_M","3.0","m","","m","","m","7200.0","m","Energy Industries","-999.0","t.km-2.year-1","0","-999.0","t.km-1.year-1","-999.0","t.year-1","CASTELLÓN DE LA PLANA/CASTELLÓ DE LA PLANA","","","72.0","","","15.0","16.0","50","0","SPP_12040016_9_M.1","01/01/2009 00:00:00","","active","","","","","HVSauto30","","gravi","","ref","","0","ug.m-3","","En preparación","1","day","1","day","http://cdr.eionet.europa.eu/es/eu/aqd/d/envaxdj6q/ES_D_Metainfo.xml","05/09/2026 03:00:13"
"Spain","ES.BDCA.AQD","2025","NET_ES210A","CCAA Com. Valenciana","UTC","ES2146A","12040020","CASTELLO CEIP LA MARINA","SP_12040020_9_46","PM2.5","0.008900","39.969400","0.000000","m","suburban","industrial","01/01/2022 00:00:00","","SAM_12040020_9_46","3.0","m","","m","","m","-999.0","m","","-999.0","t.km-2.year-1","0","-999.0","t.km-1.year-1","-999.0","t.year-1","CASTELLÓN DE LA PLANA/CASTELLÓ DE LA PLANA","","","0.0","","","0.0","0.0","0","0","SPP_12040020_9_46.1","01/01/2022 00:00:00","","automatic","light-scat","","FIDAS200","","","","","","no","EN PREPARACIÓN","1","ug.m-3","","EN PREPARACIÓN","1","hour","1","hour","http://cdr.eionet.europa.eu/es/eu/aqd/d/envaxdj6q/ES_D_Metainfo.xml","05/09/2026 03:00:13"
"Spain","ES.BDCA.AQD","2025","NET_ES210A","CCAA Com. Valenciana","UTC","ES1445A","12040010","CASTELLÓ-GRAU","SP_12040010_9_46","PM2.5","0.010560","39.981940","10.000000","m","suburban","industrial","01/01/2009 00:00:00","","SAM_12040010_9_46","3.0","m","","m","","m","5000.0","m","Energy Industries","-999.0","t.km-2.year-1","0","-999.0","t.km-1.year-1","-999.0","t.year-1","CASTELLÓN DE LA PLANA/CASTELLÓ DE LA PLANA","","","5.0","","","0.0","0.0","0","1000","SPP_12040010_9_46.1","01/01/2009 00:00:00","","automatic","light-scat","","unknown","","","","","","yes","http://missing.com","0","ug.m-3","","http://missing.com","1","hour","1","hour","http://cdr.eionet.europa.eu/es/eu/aqd/d/envaxdj6q/ES_D_Metainfo.xml","05/09/2026 03:00:13"
"Spain","ES.BDCA.AQD","2025","NET_ES210A","CCAA Com. Valenciana","UTC","ES1445A","12040010","CASTELLÓ-GRAU","SP_12040010_9_46","PM2.5","0.010560","39.981940","10.000000","m","suburban","industrial","01/01/2009 00:00:00","","SAM_12040010_9_46","3.0","m","","m","","m","5000.0","m","Energy Industries","-999.0","t.km-2.year-1","0","-999.0","t.km-1.year-1","-999.0","t.year-1","CASTELLÓN DE LA PLANA/CASTELLÓ DE LA PLANA","","","5.0","","","0.0","0.0","0","1000","SPP_12040010_9_46.2","01/01/2009 00:00:00","","automatic","light-abs","","GRIMM-EDM180","","","","","","inprogress","http://www.agroambient.gva.es/es/web/calidad-ambiental/datos-obtenidos-a-partir-de-la-rvvcca","1","ug.m-3","","http://www.agroambient.gva.es/es/web/calidad-ambiental/datos-obtenidos-a-partir-de-la-rvvcca","1","hour","1","hour","http://cdr.eionet.europa.eu/es/eu/aqd/d/envaxdj6q/ES_D_Metainfo.xml","05/09/2026 03:00:13"
"Spain","ES.BDCA.AQD","2025","NET_ES210A","CCAA Com. Valenciana","UTC","ES1386A","12040008","CASTELLÓ-PENYETA","SP_12040008_9_46","PM2.5","-0.057220","40.012780","106.000000","m","suburban","industrial","01/01/2009 00:00:00","","SAM_12040008_9_46","3.0","m","","m","","m","5000.0","m","Energy Industries","-999.0","t.km-2.year-1","0","-999.0","t.km-1.year-1","-999.0","t.year-1","CASTELLÓN DE LA PLANA/CASTELLÓ DE LA PLANA","","","50.0","","","0.0","0.0","0","6000","SPP_12040008_9_46.1","01/01/2009 00:00:00","","automatic","light-scat","","GRIMM-EDM180","","","","","","yes","http://missing.com","0","ug.m-3","","http://missing.com","1","hour","1","hour","http://cdr.eionet.europa.eu/es/eu/aqd/d/envaxdj6q/ES_D_Metainfo.xml","05/09/2026 03:00:13"
"Spain","ES.BDCA.AQD","2025","NET_ES205A","CCAA Islas Canarias","UTC","ES1763A","35019004","CASTILLO DEL ROMERAL","SP_35019004_9_47","PM2.5","-15.461160","27.801280","13.000000","m","urban","industrial","01/01/2009 00:00:00","31/12/2024 00:00:00","SAM_35019004_9_47","3.9","m","","m","","m","-999.0","m","","-999.0","t.km-2.year-1","0","-999.0","t.km-1.year-1","-999.0","t.year-1","SAN BARTOLOMÉ DE TIRAJANA","","","100.0","","","0.0","0.0","0","0","SPP_35019004_9_47.1","01/01/2009 00:00:00","31/12/2024 00:00:00","automatic","TEOM","","BAM1020","","","","","","yes","http://missing.com","0","ug.m-3","","http://missing.com","1","hour","1","hour","http://cdr.eionet.europa.eu/es/eu/aqd/d/envaxdj6q/ES_D_Metainfo.xml","05/09/2026 03:00:13"
"Spain","ES.BDCA.AQD","2025","NET_ES205A","CCAA Islas Canarias","UTC","ES1763A","35019004","CASTILLO DEL ROMERAL","SP_35019004_9_A","PM2.5","-15.461160","27.801280","13.000000","m","urban","industrial","01/01/2025 00:00:00","","SAM_35019004_9_A","3.9","m","","m","","m","-999.0","m","","-999.0","t.km-2.year-1","0","-999.0","t.km-1.year-1","-999.0","t.year-1","SAN BARTOLOMÉ DE TIRAJANA","","","100.0","","","0.0","0.0","0","0","SPP_35019004_9_A.1","01/01/2025 00:00:00","","automatic","TEOM","","BAM1020","","","","","","yes","http://missing.com","0","ug.m-3","","http://missing.com","1","hour","1","hour","http://cdr.eionet.europa.eu/es/eu/aqd/d/envaxdj6q/ES_D_Metainfo.xml","05/09/2026 03:00:13"
"Spain","ES.BDCA.AQD","2025","NET_ES212A","CCAA Galicia","UTC","ES2077A","15030104","CASTRILLÓN","SP_15030104_9_46","PM2.5","-8.397220","43.348330","1.000000","m","urban","background","01/01/2017 00:00:00","","SAM_15030104_9_46","4.0","m","","m","","m","-999.0","m","","-999.0","t.km-2.year-1","0","-999.0","t.km-1.year-1","-999.0","t.year-1","CORUÑA (A)","","","0.0","","","0.0","0.0","0","0","SPP_15030104_9_46.1","01/01/2017 00:00:00","","automatic","light-scat","","unknown","","","","","","yes","http://missing.com","-999","ug.m-3","","","1","hour","1","hour","http://cdr.eionet.europa.eu/es/eu/aqd/d/envaxdj6q/ES_D_Metainfo.xml","05/09/2026 03:00:13"
"Spain","ES.BDCA.AQD","2025","NET_ES206A","CCAA Cantabria","UTC","ES1578A","39020001","CASTRO URDIALES","SP_39020001_9_A","PM2.5","-3.220560","43.382500","20.000000","m","urban","background","01/01/2026 00:00:00","","SAM_39020001_9_A","4.0","m","","m","","m","-999.0","m","Agriculture","-999.0","t.km-2.year-1","0","-999.0","t.km-1.year-1","-999.0","t.year-1","CASTRO-URDIALES","","","10.0","","","0.0","0.0","0","6000","SPP_39020001_9_A.1","01/01/2026 00:00:00","","automatic","light-scat","","GRIMM-EDM280","","","","","","yes","TUV-Report-No 936_21252222_A","4.8","ug.m-3","","http://www.airecantabria.com/pdf/ISO%209001%20AENOR%202013.PDF","1","hour","1","hour","http://cdr.eionet.europa.eu/es/eu/aqd/d/envaxdj6q/ES_D_Metainfo.xml","05/09/2026 03:00:13"
"Spain","ES.BDCA.AQD","2025","NET_ES206A","CCAA Cantabria","UTC","ES1578A","39020001","CASTRO URDIALES","SP_39020001_9_M","PM2.5","-3.220560","43.382500","20.000000","m","urban","background","01/01/2011 00:00:00","","SAM_39020001_9_M","3.5","m","","m","","m","-999.0","m","Agriculture","-999.0","t.km-2.year-1","0","-999.0","t.km-1.year-1","-999.0","t.year-1","CASTRO-URDIALES","","","10.0","","","0.0","0.0","0","6000","SPP_39020001_9_M.1","01/01/2011 00:00:00","","active","","","","","LVSauto2.3","","gravi","","ref","","1","ug.m-3","","","1","day","1","day","http://cdr.eionet.europa.eu/es/eu/aqd/d/envaxdj6q/ES_D_Metainfo.xml","05/09/2026 03:00:13"
"Spain","ES.BDCA.AQD","2025","NET_ES210A","CCAA Com. Valenciana","UTC","ES1670A","46095001","CAUDETE DE LAS FUENTES","SP_46095001_9_46","PM2.5","-1.281390","39.558610","804.000000","m","rural","background","01/01/2005 00:00:00","","SAM_46095001_9_46","3.0","m","","m","","m","1000.0","m","Agriculture","-999.0","t.km-2.year-1","0","-999.0","t.km-1.year-1","-999.0","t.year-1","CAUDETE DE LAS FUENTES","","","300.0","","","0.0","0.0","0","1000","SPP_46095001_9_46.1","01/01/2005 00:00:00","","automatic","light-scat","","GRIMM-EDM280","","","","","","yes","http://missing.com","0","ug.m-3","","http://missing.com","1","hour","1","hour","http://cdr.eionet.europa.eu/es/eu/aqd/d/envaxdj6q/ES_D_Metainfo.xml","05/09/2026 03:00:13"
"Spain","ES.BDCA.AQD","2025","NET_ES212A","CCAA Galicia","UTC","ES2005A","15023004","CEE","SP_15023004_9_47","PM2.5","-9.186100","42.953600","29.000000","m","urban","industrial","01/07/2021 00:00:00","","SAM_15023004_9_47","4.0","m","","m","","m","1.1","m","Industrial Processes","-999.0","t.km-2.year-1","0","-999.0","t.km-1.year-1","-999.0","t.year-1","CEE","detached","coast-plane","0.0","","","12.0","8.0","0","0","SPP_15023004_9_47.1","01/07/2021 00:00:00","","automatic","TEOM","","TEOM1400AB","","","","","","inprogress","http://missing.com","5","ug.m-3","","-","1","hour","1","hour","http://cdr.eionet.europa.eu/es/eu/aqd/d/envaxdj6q/ES_D_Metainfo.xml","05/09/2026 03:00:13"
"Spain","ES.BDCA.AQD","2025","NET_ES212A","CCAA Galicia","UTC","ES1907A","15005012","CENTRO CIVICO","SP_15005012_9_47","PM2.5","-8.506000","43.302300","100.000000","m","suburban","industrial","01/01/2013 00:00:00","","SAM_15005012_9_47","5.0","m","18.6","m","","m","7.5","m","Industrial Processes","-999.0","t.km-2.year-1","0","-999.0","t.km-1.year-1","-999.0","t.year-1","ARTEIXO","open","coast-plane","5.0","","0.08","0.0","11.0","0","9774","SPP_15005012_9_47.1","01/01/2013 00:00:00","","automatic","TEOM","","TEOM1405D","","","","","","yes","http://missing.com","0.68","ug.m-3","","http://missing.com","1","hour","1","hour","http://cdr.eionet.europa.eu/es/eu/aqd/d/envaxdj6q/ES_D_Metainfo.xml","05/09/2026 03:00:13"
"Spain","ES.BDCA.AQD","2025","NET_ES131A","Ayto Madrid","UTC","ES1893A","28079044","CENTRO CULTURAL ALFREDO KRAUSS","SP_28079044_9_M","PM2.5","-3.721110","40.490830","669.000000","m","urban","background","30/01/2009 00:00:00","","SAM_28079044_9_M","1.0","m","4.0","m","","m","-999.0","m","Transport","-999.0","t.km-2.year-1","0","-999.0","t.km-1.year-1","-999.0","t.year-1","MADRID","","","0.0","","","0.0","0.0","40","5000","SPP_28079044_9_M.1","30/01/2009 00:00:00","","active","","","","","other","","gravi","","ref","http://missing.com","1","ug.m-3","","http://missing.com","1","day","1","day","http://cdr.eionet.europa.eu/es/eu/aqd/d/envaxdj6q/ES_D_Metainfo.xml","05/09/2026 03:00:13"
"Spain","ES.BDCA.AQD","2025","NET_ES131A","Ayto Madrid","UTC","ES1893A","28079044","CENTRO CULTURAL ALFREDO KRAUSS","SP_28079044_9_M","PM2.5","-3.721110","40.490830","669.000000","m","urban","background","30/01/2009 00:00:00","","SAM_28079044_9_M","1.0","m","4.0","m","","m","-999.0","m","Transport","-999.0","t.km-2.year-1","0","-999.0","t.km-1.year-1","-999.0","t.year-1","MADRID","","","0.0","","","0.0","0.0","40","5000","SPP_28079044_9_M.2","30/01/2009 00:00:00","","active","","","","","other","","gravi","","ref","","1","ug.m-3","","http://missing.com","1","day","1","day","http://cdr.eionet.europa.eu/es/eu/aqd/d/envaxdj6q/ES_D_Metainfo.xml","05/09/2026 03:00:13"
"Spain","ES.BDCA.AQD","2025","NET_ES205A","CCAA Islas Canarias","UTC","ES1865A","35017001","CENTRO DE ARTE JUAN ISMAEL","SP_35017001_9_47","PM2.5","-13.852400","28.500260","20.000000","m","urban","industrial","01/01/2009 00:00:00","31/12/2024 00:00:00","SAM_35017001_9_47","16.0","m","","m","","m","-999.0","m","","-999.0","t.km-2.year-1","0","-999.0","t.km-1.year-1","-999.0","t.year-1","PUERTO DEL ROSARIO","","","20.0","","","0.0","0.0","0","0","SPP_35017001_9_47.1","01/01/2009 00:00:00","31/12/2024 00:00:00","automatic","TEOM","","BAM1020","","","","","","yes","http://missing.com","0","ug.m-3","","http://missing.com","1","hour","1","hour","http://cdr.eionet.europa.eu/es/eu/aqd/d/envaxdj6q/ES_D_Metainfo.xml","05/09/2026 03:00:13"
"Spain","ES.BDCA.AQD","2025","NET_ES205A","CCAA Islas Canarias","UTC","ES1865A","35017001","CENTRO DE ARTE JUAN ISMAEL","SP_35017001_9_A","PM2.5","-13.852400","28.500260","20.000000","m","urban","industrial","01/01/2025 00:00:00","","SAM_35017001_9_A","16.0","m","","m","","m","-999.0","m","","-999.0","t.km-2.year-1","0","-999.0","t.km-1.year-1","-999.0","t.year-1","PUERTO DEL ROSARIO","","","20.0","","","0.0","0.0","0","0","SPP_35017001_9_A.1","01/01/2025 00:00:00","","automatic","TEOM","","BAM1020","","","","","","yes","http://missing.com","0","ug.m-3","","http://missing.com","1","hour","1","hour","http://cdr.eionet.europa.eu/es/eu/aqd/d/envaxdj6q/ES_D_Metainfo.xml","05/09/2026 03:00:13"
"Spain","ES.BDCA.AQD","2025","NET_ES210A","CCAA Com. Valenciana","UTC","ES1689A","12046001","CIRAT","SP_12046001_9_M","PM2.5","-0.468330","40.054170","466.000000","m","rural","background","01/03/2004 00:00:00","","SAM_12046001_9_M","3.0","m","","m","","m","1000.0","m","Land use, land use change and forestry","-999.0","t.km-2.year-1","0","-999.0","t.km-1.year-1","-999.0","t.year-1","CIRAT","","","100.0","","","0.0","0.0","0","1000","SPP_12046001_9_M.1","01/03/2004 00:00:00","","active","","","","","HVSauto30","","gravi","","ref","","0","ug.m-3","","En preparación","1","day","1","day","http://cdr.eionet.europa.eu/es/eu/aqd/d/envaxdj6q/ES_D_Metainfo.xml","05/09/2026 03:00:13"
"Spain","ES.BDCA.AQD","2025","NET_ES205A","CCAA Islas Canarias","UTC","ES1955A","35004002","CIUDAD DEPORTIVA-ARRECIFE","SP_35004002_9_49","PM2.5","-13.555860","28.967870","22.000000","m","urban","background","12/11/2008 00:00:00","31/12/2024 00:00:00","SAM_35004002_9_49","3.5","m","","m","","m","8.0","m","Transport","-999.0","t.km-2.year-1","0","-999.0","t.km-1.year-1","-999.0","t.year-1","ARRECIFE","","","8.0","","","8.0","20.0","0","0","SPP_35004002_9_49.1","12/11/2008 00:00:00","31/12/2024 00:00:00","automatic","BETA","","FIDAS200","","","","","","yes","http://missing.com","0","ug.m-3","","http://missing.com","1","hour","1","hour","http://cdr.eionet.europa.eu/es/eu/aqd/d/envaxdj6q/ES_D_Metainfo.xml","05/09/2026 03:00:13"
"Spain","ES.BDCA.AQD","2025","NET_ES205A","CCAA Islas Canarias","UTC","ES1955A","35004002","CIUDAD DEPORTIVA-ARRECIFE","SP_35004002_9_A","PM2.5","-13.555860","28.967870","22.000000","m","urban","background","01/01/2025 00:00:00","","SAM_35004002_9_A","3.5","m","","m","","m","8.0","m","Transport","-999.0","t.km-2.year-1","0","-999.0","t.km-1.year-1","-999.0","t.year-1","ARRECIFE","","","8.0","","","8.0","20.0","0","0","SPP_35004002_9_A.1","01/01/2025 00:00:00","","automatic","BETA","","FIDAS200","","","","","","yes","http://missing.com","0","ug.m-3","","http://missing.com","1","hour","1","hour","http://cdr.eionet.europa.eu/es/eu/aqd/d/envaxdj6q/ES_D_Metainfo.xml","05/09/2026 03:00:13"
"Spain","ES.BDCA.AQD","2025","NET_ES207A","CCAA Cast. la Mancha","UTC","ES1857A","13034002","CIUDAD REAL","SP_13034002_9_49","PM2.5","-3.937800","38.993900","635.000000","m","suburban","background","27/11/2021 00:00:00","","SAM_13034002_9_49","3.9","m","","m","","m","0.1","m","Transport","-999.0","t.km-2.year-1","0","-999.0","t.km-1.year-1","-999.0","t.year-1","CIUDAD REAL","detached","plane","0.0","","","0.0","0.0","0","0","SPP_13034002_9_49.1","27/11/2021 00:00:00","","automatic","BETA","","BAM1020heated","","","","","","no","http://missing.com","2","ug.m-3","","http://missing.com","1","hour","1","hour","http://cdr.eionet.europa.eu/es/eu/aqd/d/envaxdj6q/ES_D_Metainfo.xml","05/09/2026 03:00:13"
"Spain","ES.BDCA.AQD","2025","NET_ES204A","CCAA Islas Baleares","UTC","ES1828A","07015001","CIUTADELLA DE MENORCA","SP_07015001_9_47","PM2.5","3.857580","40.010610","30.000000","m","suburban","background","21/09/2023 00:00:00","","SAM_07015001_9_47","3.5","m","","m","","m","-999.0","m","Transport","-999.0","t.km-2.year-1","0","-999.0","t.km-1.year-1","-999.0","t.year-1","CIUTADELLA DE MENORCA","detached","plane","0.0","","","0.0","0.0","0","0","SPP_07015001_9_47.1","21/09/2023 00:00:00","","automatic","light-scat","","FIDAS200","","","","","","inprogress","missing.com","6","ug.m-3","","missing.com","1","hour","1","hour","http://cdr.eionet.europa.eu/es/eu/aqd/d/envaxdj6q/ES_D_Metainfo.xml","05/09/2026 03:00:13"
"Spain","ES.BDCA.AQD","2025","NET_ES201A","CCAA Andalucía","UTC","ES0629A","11008003","COLEGIO (S1)","SP_11008003_9_49","PM2.5","-5.488930","36.185620","30.000000","m","urban","industrial","21/03/2023 00:00:00","","SAM_11008003_9_49","4.4","m","4.0","m","2.0","m","6.0","m","Industrial Processes","-999.0","t.km-2.year-1","0","-999.0","t.km-1.year-1","-999.0","t.year-1","BARRIOS (LOS)","","","3.0","","0.05","8.0","4.0","20","250","SPP_11008003_9_49.1","21/03/2023 00:00:00","","automatic","BETA","","enviroMP101M","","","","","","yes","unknown","5","ug.m-3","","unknown","1","hour","1","hour","http://cdr.eionet.europa.eu/es/eu/aqd/d/envaxdj6q/ES_D_Metainfo.xml","05/09/2026 03:00:13"
"Spain","ES.BDCA.AQD","2025","NET_ES213A","CCAA Madrid","UTC","ES1803A","28047002","COLLADO VILLALBA","SP_28047002_9_49","PM2.5","-4.014250","40.633900","873.000000","m","urban","traffic","01/01/2007 00:00:00","","SAM_28047002_9_49","4.7","m","99.0","m","99.0","m","-999.0","m","","-999.0","t.km-2.year-1","0","-999.0","t.km-1.year-1","-999.0","t.year-1","COLLADO VILLALBA","","","50.0","","0.30","10.0","15.0","100","20000","SPP_28047002_9_49.1","01/01/2007 00:00:00","","automatic","BETA","","thermo5014i","","","","","","yes","https://bit.ly/3rU6DbC","1","ug.m-3","","https://bit.ly/3rU6DbC","1","hour","1","hour","http://cdr.eionet.europa.eu/es/eu/aqd/d/envaxdj6q/ES_D_Metainfo.xml","05/09/2026 03:00:13"
"Spain","ES.BDCA.AQD","2025","NET_ES212A","CCAA Galicia","UTC","ES1868A","15078007","COMPOSTELA","SP_15078007_9_49","PM2.5","-8.559100","42.876000","220.000000","m","suburban","background","01/12/2013 00:00:00","","SAM_15078007_9_49","5.0","m","75.0","m","54.0","m","-999.0","m","Transport","-999.0","t.km-2.year-1","0","-999.0","t.km-1.year-1","-999.0","t.year-1","SANTIAGO DE COMPOSTELA","","plane","54.0","","","0.0","0.0","0","0","SPP_15078007_9_49.1","01/12/2013 00:00:00","","automatic","BETA","","BAM1020","","","","","","yes","http://missing.com","1.33","ug.m-3","","http://missing.com","1","hour","1","hour","http://cdr.eionet.europa.eu/es/eu/aqd/d/envaxdj6q/ES_D_Metainfo.xml","05/09/2026 03:00:13"
"Spain","ES.BDCA.AQD","2025","NET_ES208A","CCAA Castilla y León","UTC","ES0362A","34199002","COMPUERTO","SP_34199002_9_46","PM2.5","-4.835800","42.849200","1160.000000","m","rural","industrial","01/01/2009 00:00:00","31/03/2021 00:00:00","SAM_34199002_9_46","3.0","m","","m","","m","5000.0","m","","-999.0","t.km-2.year-1","0","-999.0","t.km-1.year-1","-999.0","t.year-1","VELILLA DEL RÍO CARRIÓN","","","20.0","","","0.0","0.0","0","1000","SPP_34199002_9_46.1","01/01/2009 00:00:00","31/03/2021 00:00:00","automatic","light-scat","","unknown","","","","","","yes","http://missing.com","-999","ug.m-3","","","1","hour","1","hour","http://cdr.eionet.europa.eu/es/eu/aqd/d/envaxdj6q/ES_D_Metainfo.xml","05/09/2026 03:00:13"
"Spain","ES.BDCA.AQD","2025","NET_ES209A","CCAA Cataluña","UTC","ES1123A","43047001","CONSTANTÍ (GAUDÍ)","SP_43047001_9_M","PM2.5","1.217700","41.154900","56.000000","m","suburban","industrial","13/05/2008 00:00:00","","SAM_43047001_9_M","1.2","m","","m","","m","-999.0","m","Industrial Processes","-999.0","t.km-2.year-1","0","-999.0","t.km-1.year-1","-999.0","t.year-1","CONSTANTÍ","","","12.0","","","9.0","18.0","0","0","SPP_43047001_9_M.1","13/05/2008 00:00:00","","active","","","","","HVSauto30","","gravi","","ref","","3","ug.m-3","","http://missing.com","1","day","1","day","http://cdr.eionet.europa.eu/es/eu/aqd/d/envaxdj6q/ES_D_Metainfo.xml","05/09/2026 03:00:13"
"Spain","ES.BDCA.AQD","2025","NET_ES203A","CCAA Asturias","UTC","ES1272A","33024025","CONSTITUCIÓN","SP_33024025_9_49","PM2.5","-5.673500","43.529900","29.000000","m","urban","traffic","01/01/2009 00:00:00","","SAM_33024025_9_49","3.8","m","30.0","m","1.4","m","-999.0","m","Transport","-999.0","t.km-2.year-1","0","-999.0","t.km-1.year-1","-999.0","t.year-1","GIJÓN","detached","","2.0","","0.10","0.0","0.0","30","6000","SPP_33024025_9_49.1","01/01/2009 00:00:00","","automatic","BETA","","BAM1020","","","","","","inprogress","","-999","ug.m-3","","http://missing,com","1","hour","1","hour","http://cdr.eionet.europa.eu/es/eu/aqd/d/envaxdj6q/ES_D_Metainfo.xml","05/09/2026 03:00:13"
"Spain","ES.BDCA.AQD","2025","NET_ES212A","CCAA Galicia","UTC","ES1138A","15030001","CORLAB 1","SP_15030001_9_49","PM2.5","-8.420600","43.367100","35.000000","m","urban","traffic","01/01/2015 00:00:00","","SAM_15030001_9_49","5.1","m","4.0","m","3.0","m","0.0","m","Transport","-999.0","t.km-2.year-1","0","-999.0","t.km-1.year-1","-999.0","t.year-1","CORUÑA (A)","","","3.0","","","5.0","21.0","50","30000","SPP_15030001_9_49.1","01/01/2015 00:00:00","","automatic","BETA","","BAM1020","","","","","","yes","http://missing.com","1.33","ug.m-3","","http://missing.com","1","hour","1","hour","http://cdr.eionet.europa.eu/es/eu/aqd/d/envaxdj6q/ES_D_Metainfo.xml","05/09/2026 03:00:13"
"Spain","ES.BDCA.AQD","2025","NET_ES201A","CCAA Andalucía","UTC","ES1076A","11008008","CORTIJILLOS","SP_11008008_9_49","PM2.5","-5.435760","36.190480","26.000000","m","suburban","industrial","24/05/2005 00:00:00","","SAM_11008008_9_49","4.2","m","","m","","m","-999.0","m","Transport","-999.0","t.km-2.year-1","0","-999.0","t.km-1.year-1","-999.0","t.year-1","BARRIOS (LOS)","","","20.0","","","0.0","0.0","0","1000","SPP_11008008_9_49.1","24/05/2005 00:00:00","","automatic","BETA","","BAM1020","","","","","","yes","http://missing.com","1","ug.m-3","","http://missing.com","1","hour","1","hour","http://cdr.eionet.europa.eu/es/eu/aqd/d/envaxdj6q/ES_D_Metainfo.xml","05/09/2026 03:00:13"
"Spain","ES.BDCA.AQD","2025","NET_ES213A","CCAA Madrid","UTC","ES1869A","28049003","COSLADA","SP_28049003_9_49","PM2.5","-3.542400","40.430600","594.000000","m","urban","traffic","01/01/2019 00:00:00","","SAM_28049003_9_49","4.4","m","99.0","m","99.0","m","-999.0","m","","-999.0","t.km-2.year-1","0","-999.0","t.km-1.year-1","-999.0","t.year-1","COSLADA","","","12.0","","0.05","8.0","15.0","30","5000","SPP_28049003_9_49.1","01/01/2019 00:00:00","","automatic","BETA","","thermo5014i","","","","","","yes","https://bit.ly/3rU6DbC","1","ug.m-3","","https://bit.ly/3rU6DbC","1","hour","1","hour","http://cdr.eionet.europa.eu/es/eu/aqd/d/envaxdj6q/ES_D_Metainfo.xml","05/09/2026 03:00:13"
"Spain","ES.BDCA.AQD","2025","NET_ES205A","CCAA Islas Canarias","UTC","ES1864A","35024001","COSTA TEGUISE","SP_35024001_9_47","PM2.5","-13.516550","28.990310","36.000000","m","suburban","industrial","01/01/2009 00:00:00","31/10/2017 00:00:00","SAM_35024001_9_47","1.0","m","","m","","m","-999.0","m","","-999.0","t.km-2.year-1","0","-999.0","t.km-1.year-1","-999.0","t.year-1","TEGUISE","","","3.0","","","10.0","6.0","0","0","SPP_35024001_9_47.1","01/01/2009 00:00:00","31/10/2017 00:00:00","automatic","TEOM","","unknown","","","","","","yes","http://missing.com","-999","ug.m-3","","http://missing.com","1","hour","1","hour","http://cdr.eionet.europa.eu/es/eu/aqd/d/envaxdj6q/ES_D_Metainfo.xml","05/09/2026 03:00:13"
"Spain","ES.BDCA.AQD","2025","NET_ES205A","CCAA Islas Canarias","UTC","ES1864A","35024001","COSTA TEGUISE","SP_35024001_9_A","PM2.5","-13.516550","28.990310","36.000000","m","suburban","industrial","01/01/2009 00:00:00","","SAM_35024001_9_A","1.0","m","","m","","m","-999.0","m","","-999.0","t.km-2.year-1","0","-999.0","t.km-1.year-1","-999.0","t.year-1","TEGUISE","","","3.0","","","10.0","6.0","0","0","SPP_35024001_9_A.1","01/01/2009 00:00:00","","automatic","TEOM","","unknown","","","","","","yes","http://missing.com","-999","ug.m-3","","http://missing.com","1","hour","1","hour","http://cdr.eionet.europa.eu/es/eu/aqd/d/envaxdj6q/ES_D_Metainfo.xml","05/09/2026 03:00:13"
"Spain","ES.BDCA.AQD","2025","NET_ES205A","CCAA Islas Canarias","UTC","ES1864A","35024001","COSTA TEGUISE","SP_35024001_9_A","PM2.5","-13.516550","28.990310","36.000000","m","suburban","industrial","01/01/2009 00:00:00","","SAM_35024001_9_A","1.0","m","","m","","m","-999.0","m","","-999.0","t.km-2.year-1","0","-999.0","t.km-1.year-1","-999.0","t.year-1","TEGUISE","","","3.0","","","10.0","6.0","0","0","SPP_35024001_9_A.2","01/01/2009 00:00:00","","automatic","BETA","","BAM1020","","","","","","yes","http://missing.com","0","ug.m-3","","http://missing.com","1","hour","1","hour","http://cdr.eionet.europa.eu/es/eu/aqd/d/envaxdj6q/ES_D_Metainfo.xml","05/09/2026 03:00:13"
"Spain","ES.BDCA.AQD","2025","NET_ES131A","Ayto Madrid","UTC","ES1525A","28079038","CUATRO CAMINOS-PABLO IGLESIAS","SP_28079038_9_47","PM2.5","-3.706390","40.445280","699.000000","m","urban","traffic","24/06/2004 00:00:00","","SAM_28079038_9_47","3.0","m","25.0","m","3.0","m","-999.0","m","Transport","-999.0","t.km-2.year-1","0","-999.0","t.km-1.year-1","-999.0","t.year-1","MADRID","","","3.0","","","6.5","33.0","40","25000","SPP_28079038_9_47.1","24/06/2004 00:00:00","","automatic","TEOM","","unknown","","","","","","yes","http://missing.com","-999","ug.m-3","","http://missing.com","1","hour","1","hour","http://cdr.eionet.europa.eu/es/eu/aqd/d/envaxdj6q/ES_D_Metainfo.xml","05/09/2026 03:00:13"
"Spain","ES.BDCA.AQD","2025","NET_ES131A","Ayto Madrid","UTC","ES1525A","28079038","CUATRO CAMINOS-PABLO IGLESIAS","SP_28079038_9_47","PM2.5","-3.706390","40.445280","699.000000","m","urban","traffic","24/06/2004 00:00:00","","SAM_28079038_9_47","3.0","m","25.0","m","3.0","m","-999.0","m","Transport","-999.0","t.km-2.year-1","0","-999.0","t.km-1.year-1","-999.0","t.year-1","MADRID","","","3.0","","","6.5","33.0","40","25000","SPP_28079038_9_47.2","24/06/2004 00:00:00","","automatic","TEOM","","TEOM1405DF-FDMS","","","","","","ref","","-999","ug.m-3","","http://missing.com","1","hour","1","hour","http://cdr.eionet.europa.eu/es/eu/aqd/d/envaxdj6q/ES_D_Metainfo.xml","05/09/2026 03:00:13"
"Spain","ES.BDCA.AQD","2025","NET_ES208A","CCAA Castilla y León","UTC","ES2142A","24064001","CUBILLOS DEL SIL-FESE","SP_24064001_9_49","PM2.5","-6.568270","42.617970","577.000000","m","rural","industrial","01/01/2021 00:00:00","","SAM_24064001_9_49","3.0","m","","m","","m","-999.0","m","","-999.0","t.km-2.year-1","0","-999.0","t.km-1.year-1","-999.0","t.year-1","CUBILLOS DEL SIL","","","0.0","","","20.0","50.0","0","0","SPP_24064001_9_49.1","01/01/2021 00:00:00","","automatic","BETA","","BAM1020","","","","","","yes","http://missing.com","1","ug.m-3","","http://missing.com","1","hour","1","hour","http://cdr.eionet.europa.eu/es/eu/aqd/d/envaxdj6q/ES_D_Metainfo.xml","05/09/2026 03:00:13"
"Spain","ES.BDCA.AQD","2025","NET_ES207A","CCAA Cast. la Mancha","UTC","ES1858A","16078001","CUENCA","SP_16078001_9_49","PM2.5","-2.129700","40.061900","948.000000","m","suburban","background","01/01/2022 00:00:00","","SAM_16078001_9_49","3.9","m","","m","","m","0.1","m","Transport","-999.0","t.km-2.year-1","0","-999.0","t.km-1.year-1","-999.0","t.year-1","CUENCA","elevated","plane","0.0","","","0.0","0.0","0","0","SPP_16078001_9_49.1","01/01/2022 00:00:00","","automatic","BETA","","BAM1020","","","","","","no","http://missing.com","1","ug.m-3","","http://missing.com","1","hour","1","hour","http://cdr.eionet.europa.eu/es/eu/aqd/d/envaxdj6q/ES_D_Metainfo.xml","05/09/2026 03:00:13"
"Spain","ES.BDCA.AQD","2025","NET_ES212A","CCAA Galicia","UTC","ES2172A","27028006","Cuíña","SP_27028006_9_A","PM2.5","-7.504700","42.957300","450.000000","m","rural","industrial","01/01/2024 00:00:00","","SAM_27028006_9_A","3.5","m","","m","","m","-999.0","m","","-999.0","t.km-2.year-1","0","-999.0","t.km-1.year-1","-999.0","t.year-1","LUGO","","","0.0","","","0.0","0.0","0","0","SPP_27028006_9_A.1","01/01/2024 00:00:00","","automatic","light-scat","","FIDAS200","","","","","","inprogress","http://missing.com","0.1","ug.m-3","","-","1","hour","1","hour","http://cdr.eionet.europa.eu/es/eu/aqd/d/envaxdj6q/ES_D_Metainfo.xml","05/09/2026 03:00:13"
"Spain","ES.BDCA.AQD","2025","NET_ES205A","CCAA Islas Canarias","UTC","ES2022A","38011007","DEPÓSITO LA GUANCHA-CANDELARIA","SP_38011007_9_47","PM2.5","-16.368330","28.380160","128.000000","m","suburban","industrial","15/02/2012 00:00:00","01/01/2015 00:00:00","SAM_38011007_9_47","1.0","m","","m","","m","500.0","m","","-999.0","t.km-2.year-1","0","-999.0","t.km-1.year-1","-999.0","t.year-1","CANDELARIA","","","0.0","","","0.0","0.0","0","0","SPP_38011007_9_47.1","15/02/2012 00:00:00","01/01/2015 00:00:00","automatic","TEOM","","unknown","","","","","","yes","http://missing.com","-999","ug.m-3","","","1","hour","1","hour","http://cdr.eionet.europa.eu/es/eu/aqd/d/envaxdj6q/ES_D_Metainfo.xml","05/09/2026 03:00:13"
"Spain","ES.BDCA.AQD","2025","NET_ES205A","CCAA Islas Canarias","UTC","ES2022A","38011007","DEPÓSITO LA GUANCHA-CANDELARIA","SP_38011007_9_49","PM2.5","-16.368330","28.380160","128.000000","m","suburban","industrial","01/01/2015 00:00:00","31/12/2024 00:00:00","SAM_38011007_9_49","3.9","m","","m","","m","500.0","m","","-999.0","t.km-2.year-1","0","-999.0","t.km-1.year-1","-999.0","t.year-1","CANDELARIA","","","0.0","","","0.0","0.0","0","0","SPP_38011007_9_49.1","01/01/2015 00:00:00","31/12/2024 00:00:00","automatic","BETA","","horibaAPDA350","","","","","","yes","http://missing.com","0","ug.m-3","","http://missing.com","1","hour","1","hour","http://cdr.eionet.europa.eu/es/eu/aqd/d/envaxdj6q/ES_D_Metainfo.xml","05/09/2026 03:00:13"
"Spain","ES.BDCA.AQD","2025","NET_ES205A","CCAA Islas Canarias","UTC","ES2022A","38011007","DEPÓSITO LA GUANCHA-CANDELARIA","SP_38011007_9_A","PM2.5","-16.368330","28.380160","128.000000","m","suburban","industrial","01/01/2025 00:00:00","","SAM_38011007_9_A","3.9","m","","m","","m","500.0","m","","-999.0","t.km-2.year-1","0","-999.0","t.km-1.year-1","-999.0","t.year-1","CANDELARIA","","","0.0","","","0.0","0.0","0","0","SPP_38011007_9_A.1","01/01/2025 00:00:00","","automatic","BETA","","horibaAPDA350","","","","","","yes","http://missing.com","0","ug.m-3","","http://missing.com","1","hour","1","hour","http://cdr.eionet.europa.eu/es/eu/aqd/d/envaxdj6q/ES_D_Metainfo.xml","05/09/2026 03:00:13"
"Spain","ES.BDCA.AQD","2025","NET_ES205A","CCAA Islas Canarias","UTC","ES1975A","38038022","DEPÓSITO TRISTÁN-STA CRUZ DE TF","SP_38038022_9_46","PM2.5","-16.278780","28.458160","200.000000","m","urban","background","05/04/2010 00:00:00","31/12/2024 00:00:00","SAM_38038022_9_46","4.0","m","","m","","m","500.0","m","","-999.0","t.km-2.year-1","0","-999.0","t.km-1.year-1","-999.0","t.year-1","SANTA CRUZ DE TENERIFE","","","7.5","","","0.0","32.0","0","0","SPP_38038022_9_46.1","05/04/2010 00:00:00","31/12/2024 00:00:00","automatic","light-scat","","BAM1020","","","","","","yes","http://missing.com","0","ug.m-3","","http://missing.com","1","hour","1","hour","http://cdr.eionet.europa.eu/es/eu/aqd/d/envaxdj6q/ES_D_Metainfo.xml","05/09/2026 03:00:13"
"Spain","ES.BDCA.AQD","2025","NET_ES205A","CCAA Islas Canarias","UTC","ES1975A","38038022","DEPÓSITO TRISTÁN-STA CRUZ DE TF","SP_38038022_9_A","PM2.5","-16.278780","28.458160","200.000000","m","urban","background","01/01/2025 00:00:00","","SAM_38038022_9_A","4.0","m","","m","","m","500.0","m","","-999.0","t.km-2.year-1","0","-999.0","t.km-1.year-1","-999.0","t.year-1","SANTA CRUZ DE TENERIFE","","","7.5","","","0.0","32.0","0","0","SPP_38038022_9_A.1","01/01/2025 00:00:00","","automatic","light-scat","","BAM1020","","","","","","yes","http://missing.com","0","ug.m-3","","http://missing.com","1","hour","1","hour","http://cdr.eionet.europa.eu/es/eu/aqd/d/envaxdj6q/ES_D_Metainfo.xml","05/09/2026 03:00:13"
"Spain","ES.BDCA.AQD","2025","NET_ES216A","CCAA País Vasco","UTC","ES0041A","48020006","DIRECCIÓN DE SALUD","SP_48020006_9_46","PM2.5","-2.945650","43.258830","32.000000","m","urban","traffic","01/01/2020 00:00:00","","SAM_48020006_9_46","8.0","m","15.0","m","10.0","m","-999.0","m","Transport","-999.0","t.km-2.year-1","0","-999.0","t.km-1.year-1","-999.0","t.year-1","BILBAO","","","30.0","","","0.0","0.0","0","20000","SPP_48020006_9_46.1","01/01/2020 00:00:00","","automatic","light-scat","","FIDAS200","","","","","","no","https://www.euskadi.eus/informacion/material-particulado/web01-a2ingair/es/#4081","2","ug.m-3","","https://www.euskadi.eus/informacion/material-particulado/web01-a2ingair/es/#4081","1","hour","1","hour","http://cdr.eionet.europa.eu/es/eu/aqd/d/envaxdj6q/ES_D_Metainfo.xml","05/09/2026 03:00:13"
"Spain","ES.BDCA.AQD","2025","NET_ES216A","CCAA País Vasco","UTC","ES1490A","48027001","DURANGO","SP_48027001_9_49","PM2.5","-2.637940","43.168320","113.000000","m","urban","industrial","01/01/2011 00:00:00","","SAM_48027001_9_49","3.8","m","","m","","m","-999.0","m","Manufacturing Industries and Construction","-999.0","t.km-2.year-1","0","-999.0","t.km-1.year-1","-999.0","t.year-1","DURANGO","","","12.0","","","0.0","0.0","0","6000","SPP_48027001_9_49.1","01/01/2011 00:00:00","","automatic","light-scat","","FIDAS200","","","","","","inprogress","https://www.euskadi.eus/web01-a2ingair/es/contenidos/documentacion/factor_corrector_particulas/es_def/factor_corrector_particulas.html","2","ug.m-3","","http://missing.com","1","hour","1","hour","http://cdr.eionet.europa.eu/es/eu/aqd/d/envaxdj6q/ES_D_Metainfo.xml","05/09/2026 03:00:13"
"Spain","ES.BDCA.AQD","2025","NET_ES201A","CCAA Andalucía","UTC","ES1648A","11008009","E2: ALCORNOCALES","SP_11008009_9_49","PM2.5","-5.663500","36.233860","189.000000","m","rural","background","06/07/2009 00:00:00","","SAM_11008009_9_49","5.4","m","5.0","m","0.0","m","-999.0","m","Land use, land use change and forestry","-999.0","t.km-2.year-1","0","-999.0","t.km-1.year-1","-999.0","t.year-1","BARRIOS (LOS)","","","0.0","","0.90","12.0","0.0","10","5","SPP_11008009_9_49.1","06/07/2009 00:00:00","","automatic","BETA","","thermo5030SHARP","","","","","","inprogress","unknown","0.5","ug.m-3","","http://missing.com","1","hour","1","hour","http://cdr.eionet.europa.eu/es/eu/aqd/d/envaxdj6q/ES_D_Metainfo.xml","05/09/2026 03:00:13"
"Spain","ES.BDCA.AQD","2025","NET_ES201A","CCAA Andalucía","UTC","ES1648A","11008009","E2: ALCORNOCALES","SP_11008009_9_49","PM2.5","-5.663500","36.233860","189.000000","m","rural","background","06/07/2009 00:00:00","","SAM_11008009_9_49","5.4","m","5.0","m","0.0","m","-999.0","m","Land use, land use change and forestry","-999.0","t.km-2.year-1","0","-999.0","t.km-1.year-1","-999.0","t.year-1","BARRIOS (LOS)","","","0.0","","0.90","12.0","0.0","10","5","SPP_11008009_9_49.2","06/07/2009 00:00:00","","automatic","BETA","","enviroMP101M","","","","","","inprogress","unknown","0.5","ug.m-3","","http://missing.com","1","hour","1","hour","http://cdr.eionet.europa.eu/es/eu/aqd/d/envaxdj6q/ES_D_Metainfo.xml","05/09/2026 03:00:13"
"Spain","ES.BDCA.AQD","2025","NET_ES201A","CCAA Andalucía","UTC","ES1648A","11008009","E2: ALCORNOCALES","SP_11008009_9_M","PM2.5","-5.663500","36.233860","189.000000","m","rural","background","01/01/2015 00:00:00","","SAM_11008009_9_M","5.0","m","","m","","m","-999.0","m","Land use, land use change and forestry","-999.0","t.km-2.year-1","0","-999.0","t.km-1.year-1","-999.0","t.year-1","BARRIOS (LOS)","","","0.0","","0.90","12.0","0.0","10","5","SPP_11008009_9_M.1","01/01/2015 00:00:00","","active","","","","","LVSauto2.3","","gravi","","noRef","unknown","5","ug.m-3","","http://missing.com","1","day","1","day","http://cdr.eionet.europa.eu/es/eu/aqd/d/envaxdj6q/ES_D_Metainfo.xml","05/09/2026 03:00:13"
"Spain","ES.BDCA.AQD","2025","NET_ES201A","CCAA Andalucía","UTC","ES1637A","11004006","E4:RINCONCILLO","SP_11004006_9_49","PM2.5","-5.442600","36.161700","1.000000","m","urban","industrial","06/07/2009 00:00:00","","SAM_11004006_9_49","5.4","m","20.0","m","1.0","m","1.0","m","Industrial Processes","-999.0","t.km-2.year-1","0","-999.0","t.km-1.year-1","-999.0","t.year-1","ALGECIRAS","","","50.0","","0.10","6.0","20.0","60","4500","SPP_11004006_9_49.1","06/07/2009 00:00:00","","automatic","BETA","","thermo5030SHARP","","","","","","inprogress","unknown","0.5","ug.m-3","","http://missing.com","1","hour","1","hour","http://cdr.eionet.europa.eu/es/eu/aqd/d/envaxdj6q/ES_D_Metainfo.xml","05/09/2026 03:00:13"
"Spain","ES.BDCA.AQD","2025","NET_ES201A","CCAA Andalucía","UTC","ES1637A","11004006","E4:RINCONCILLO","SP_11004006_9_49","PM2.5","-5.442600","36.161700","1.000000","m","urban","industrial","06/07/2009 00:00:00","","SAM_11004006_9_49","5.4","m","20.0","m","1.0","m","1.0","m","Industrial Processes","-999.0","t.km-2.year-1","0","-999.0","t.km-1.year-1","-999.0","t.year-1","ALGECIRAS","","","50.0","","0.10","6.0","20.0","60","4500","SPP_11004006_9_49.2","06/07/2009 00:00:00","","automatic","BETA","","enviroMP101M","","","","","","inprogress","unknown","0.5","ug.m-3","","http://missing.com","1","hour","1","hour","http://cdr.eionet.europa.eu/es/eu/aqd/d/envaxdj6q/ES_D_Metainfo.xml","05/09/2026 03:00:13"
"Spain","ES.BDCA.AQD","2025","NET_ES201A","CCAA Andalucía","UTC","ES1634A","11022007","E7:EL ZABAL","SP_11022007_9_49","PM2.5","-5.341940","36.173150","8.000000","m","urban","background","06/07/2009 00:00:00","","SAM_11022007_9_49","5.4","m","1.0","m","20.0","m","4.0","m","","-999.0","t.km-2.year-1","0","-999.0","t.km-1.year-1","-999.0","t.year-1","LÍNEA DE LA CONCEPCIÓN (LA)","","","25.0","","0.00","5.0","4.0","25","1500","SPP_11022007_9_49.1","06/07/2009 00:00:00","","automatic","BETA","","thermo5030SHARP","","","","","","inprogress","unknown","0.5","ug.m-3","","http://missing.com","1","hour","1","hour","http://cdr.eionet.europa.eu/es/eu/aqd/d/envaxdj6q/ES_D_Metainfo.xml","05/09/2026 03:00:13"
"Spain","ES.BDCA.AQD","2025","NET_ES201A","CCAA Andalucía","UTC","ES1634A","11022007","E7:EL ZABAL","SP_11022007_9_49","PM2.5","-5.341940","36.173150","8.000000","m","urban","background","06/07/2009 00:00:00","","SAM_11022007_9_49","5.4","m","1.0","m","20.0","m","4.0","m","","-999.0","t.km-2.year-1","0","-999.0","t.km-1.year-1","-999.0","t.year-1","LÍNEA DE LA CONCEPCIÓN (LA)","","","25.0","","0.00","5.0","4.0","25","1500","SPP_11022007_9_49.2","06/07/2009 00:00:00","","automatic","BETA","","enviroMP101M","","","","","","inprogress","unknown","0.5","ug.m-3","","http://missing.com","1","hour","1","hour","http://cdr.eionet.europa.eu/es/eu/aqd/d/envaxdj6q/ES_D_Metainfo.xml","05/09/2026 03:00:13"
"Spain","ES.BDCA.AQD","2025","NET_ES216A","CCAA País Vasco","UTC","ES2101A","20069006","EASO","SP_20069006_9_46","PM2.5","-1.980830","43.312170","6.000000","m","urban","traffic","18/01/2021 00:00:00","","SAM_20069006_9_46","3.0","m","10.0","m","15.0","m","-999.0","m","","-999.0","t.km-2.year-1","0","-999.0","t.km-1.year-1","-999.0","t.year-1","DONOSTIA-SAN SEBASTIÁN","","","10.0","","","0.0","0.0","0","0","SPP_20069006_9_46.1","18/01/2021 00:00:00","","automatic","light-scat","","FIDAS200","","","","","","no","https://www.euskadi.eus/informacion/legislacion-sobre-calidad-del-aire-y-emisiones-a-la-atmosfera/web01-a2ingair/es/","2","ug.m-3","","https://www.euskadi.eus/informacion/legislacion-sobre-calidad-del-aire-y-emisiones-a-la-atmosfera/web01-a2ingair/es/","1","hour","1","hour","http://cdr.eionet.europa.eu/es/eu/aqd/d/envaxdj6q/ES_D_Metainfo.xml","05/09/2026 03:00:13"
"Spain","ES.BDCA.AQD","2025","NET_ES201A","CCAA Andalucía","UTC","ES0557A","11033006","ECONOMATO","SP_11033006_9_49","PM2.5","-5.380800","36.186200","15.000000","m","rural","industrial","04/05/2005 00:00:00","","SAM_11033006_9_49","4.1","m","","m","","m","-999.0","m","Industrial Processes","-999.0","t.km-2.year-1","0","-999.0","t.km-1.year-1","-999.0","t.year-1","SAN ROQUE","","","60.0","","","0.0","0.0","0","1000","SPP_11033006_9_49.1","04/05/2005 00:00:00","","automatic","BETA","","BAM1020","","","","","","yes","http://missing.com","1","ug.m-3","","http://missing.com","1","hour","1","hour","http://cdr.eionet.europa.eu/es/eu/aqd/d/envaxdj6q/ES_D_Metainfo.xml","05/09/2026 03:00:13"
"Spain","ES.BDCA.AQD","2025","NET_ES213A","CCAA Madrid","UTC","ES1802A","28016001","EL ATAZAR","SP_28016001_9_49","PM2.5","-3.467900","40.909000","995.000000","m","rural","background","01/09/2006 00:00:00","","SAM_28016001_9_49","4.7","m","","m","","m","-999.0","m","","-999.0","t.km-2.year-1","0","-999.0","t.km-1.year-1","-999.0","t.year-1","ATAZAR (EL)","","","0.0","","","0.0","0.0","0","0","SPP_28016001_9_49.1","01/09/2006 00:00:00","","automatic","BETA","","thermo5014i","","","","","","yes","https://bit.ly/3rU6DbC","1","ug.m-3","","https://bit.ly/3rU6DbC","1","hour","1","hour","http://cdr.eionet.europa.eu/es/eu/aqd/d/envaxdj6q/ES_D_Metainfo.xml","05/09/2026 03:00:13"
"Spain","ES.BDCA.AQD","2025","NET_ES205A","CCAA Islas Canarias","UTC","ES2025A","35017005","EL CHARCO-PTO DEL ROSARIO","SP_35017005_9_49","PM2.5","-13.848980","28.506160","15.000000","m","urban","industrial","06/03/2012 00:00:00","31/12/2024 00:00:00","SAM_35017005_9_49","3.5","m","","m","","m","500.0","m","","-999.0","t.km-2.year-1","0","-999.0","t.km-1.year-1","-999.0","t.year-1","PUERTO DEL ROSARIO","","","0.0","","","0.0","0.0","0","0","SPP_35017005_9_49.1","06/03/2012 00:00:00","31/12/2024 00:00:00","automatic","BETA","","BAM1020","","","","","","yes","http://missing.com","0","ug.m-3","","http://missing.com","1","hour","1","hour","http://cdr.eionet.europa.eu/es/eu/aqd/d/envaxdj6q/ES_D_Metainfo.xml","05/09/2026 03:00:13"
"Spain","ES.BDCA.AQD","2025","NET_ES205A","CCAA Islas Canarias","UTC","ES2025A","35017005","EL CHARCO-PTO DEL ROSARIO","SP_35017005_9_A","PM2.5","-13.848980","28.506160","15.000000","m","urban","industrial","01/01/2025 00:00:00","","SAM_35017005_9_A","3.5","m","","m","","m","500.0","m","","-999.0","t.km-2.year-1","0","-999.0","t.km-1.year-1","-999.0","t.year-1","PUERTO DEL ROSARIO","","","0.0","","","0.0","0.0","0","0","SPP_35017005_9_A.1","01/01/2025 00:00:00","","automatic","BETA","","BAM1020","","","","","","yes","http://missing.com","0","ug.m-3","","http://missing.com","1","hour","1","hour","http://cdr.eionet.europa.eu/es/eu/aqd/d/envaxdj6q/ES_D_Metainfo.xml","05/09/2026 03:00:13"
"Spain","ES.BDCA.AQD","2025","NET_ES203A","CCAA Asturias","UTC","ES2132A","33024099","EL LAUREDAL","SP_33024099_9_49","PM2.5","-5.709300","43.542700","12.000000","m","suburban","industrial","01/01/2022 00:00:00","","SAM_33024099_9_49","4.5","m","","m","","m","-999.0","m","","-999.0","t.km-2.year-1","0","-999.0","t.km-1.year-1","-999.0","t.year-1","GIJÓN","","","0.0","","","0.0","0.0","0","0","SPP_33024099_9_49.1","01/01/2022 00:00:00","","automatic","light-scat","","FIDAS200","","","","","","yes","http://missing.comhttps://www.qal1.de/15267/0000040212_05_palas_Fidas200S_en.pdf","1","ug.m-3","","https://medioambiente.asturias.es/documents/646140/0/PC-SGCRCCA+Rev.0+Pol%C3%ADtica+de+calidad.pdf/f2cd9863-b968-c0df-9868-e2133f6d32c9","1","hour","1","hour","http://cdr.eionet.europa.eu/es/eu/aqd/d/envaxdj6q/ES_D_Metainfo.xml","05/09/2026 03:00:13"
"Spain","ES.BDCA.AQD","2025","NET_ES021A","Ayto Zaragoza","UTC","ES1044A","50297026","EL PICARRAL","SP_50297026_9_52","PM2.5","-0.871110","41.670280","195.000000","m","suburban","traffic","23/08/2021 00:00:00","","SAM_50297026_9_52","4.0","m","15.0","m","6.0","m","-999.0","m","Transport","-999.0","t.km-2.year-1","0","-999.0","t.km-1.year-1","-999.0","t.year-1","ZARAGOZA","detached","","6.0","","","15.0","33.0","50","20620","SPP_50297026_9_52.1","23/08/2021 00:00:00","","automatic","BETA","","thermo5014i","","","","","","yes","EQUIVALENCIA DEMOSTRADA","0.1","ug.m-3","","http://missing.com","1","hour","1","hour","http://cdr.eionet.europa.eu/es/eu/aqd/d/envaxdj6q/ES_D_Metainfo.xml","05/09/2026 03:00:13"
"Spain","ES.BDCA.AQD","2025","NET_ES205A","CCAA Islas Canarias","UTC","ES1980A","38037001","EL PILAR-STA CRUZ DE LA PALMA","SP_38037001_9_47","PM2.5","-17.764590","28.685980","52.000000","m","urban","industrial","01/05/2010 00:00:00","31/12/2024 00:00:00","SAM_38037001_9_47","3.5","m","","m","","m","2500.0","m","Transport","-999.0","t.km-2.year-1","0","-999.0","t.km-1.year-1","-999.0","t.year-1","SANTA CRUZ DE LA PALMA","","","0.0","","","0.0","0.0","0","0","SPP_38037001_9_47.1","01/05/2010 00:00:00","31/12/2024 00:00:00","automatic","TEOM","","BAM1020","","","","","","yes","http://missing.com","0","ug.m-3","","http://missing.com","1","hour","1","hour","http://cdr.eionet.europa.eu/es/eu/aqd/d/envaxdj6q/ES_D_Metainfo.xml","05/09/2026 03:00:13"
"Spain","ES.BDCA.AQD","2025","NET_ES205A","CCAA Islas Canarias","UTC","ES1980A","38037001","EL PILAR-STA CRUZ DE LA PALMA","SP_38037001_9_A","PM2.5","-17.764590","28.685980","52.000000","m","urban","industrial","01/01/2025 00:00:00","","SAM_38037001_9_A","3.5","m","","m","","m","2500.0","m","Transport","-999.0","t.km-2.year-1","0","-999.0","t.km-1.year-1","-999.0","t.year-1","SANTA CRUZ DE LA PALMA","","","0.0","","","0.0","0.0","0","0","SPP_38037001_9_A.1","01/01/2025 00:00:00","","automatic","TEOM","","BAM1020","","","","","","yes","http://missing.com","0","ug.m-3","","http://missing.com","1","hour","1","hour","http://cdr.eionet.europa.eu/es/eu/aqd/d/envaxdj6q/ES_D_Metainfo.xml","05/09/2026 03:00:13"
"Spain","ES.BDCA.AQD","2025","NET_ES210A","CCAA Com. Valenciana","UTC","ES1913A","03105001","EL PINÓS","SP_03105001_9_M","PM2.5","-1.064720","38.451670","642.000000","m","rural","background","18/01/2006 00:00:00","","SAM_03105001_9_M","3.0","m","","m","","m","-999.0","m","","-999.0","t.km-2.year-1","0","-999.0","t.km-1.year-1","-999.0","t.year-1","PINOSO","","","0.0","","","0.0","0.0","0","0","SPP_03105001_9_M.1","18/01/2006 00:00:00","","active","","","","","HVSauto30","","gravi","","ref","","0","ug.m-3","","En preparación","1","day","1","day","http://cdr.eionet.europa.eu/es/eu/aqd/d/envaxdj6q/ES_D_Metainfo.xml","05/09/2026 03:00:13"
"Spain","ES.BDCA.AQD","2025","NET_ES209A","CCAA Cataluña","UTC","ES1983A","08169009","EL PRAT DE LLOBREGAT (CEM SAGNIER)","SP_08169009_9_M","PM2.5","2.082100","41.321800","7.000000","m","suburban","background","01/01/2011 00:00:00","","SAM_08169009_9_M","4.7","m","15.0","m","20.0","m","-999.0","m","Other (not elsewhere specified)","-999.0","t.km-2.year-1","0","-999.0","t.km-1.year-1","-999.0","t.year-1","PRAT DE LLOBREGAT (EL)","open","","20.0","","","5.0","40.0","0","0","SPP_08169009_9_M.1","01/01/2011 00:00:00","","active","","","","","LVSauto2.3","","gravi","","ref","","18","ug.m-3","","http://missing.com","1","day","1","day","http://cdr.eionet.europa.eu/es/eu/aqd/d/envaxdj6q/ES_D_Metainfo.xml","05/09/2026 03:00:13"
"Spain","ES.BDCA.AQD","2025","NET_ES205A","CCAA Islas Canarias","UTC","ES1766A","38006003","EL RÍO","SP_38006003_9_46","PM2.5","-16.523690","28.145090","500.000000","m","suburban","industrial","01/01/2010 00:00:00","31/12/2024 00:00:00","SAM_38006003_9_46","3.5","m","","m","","m","-999.0","m","","-999.0","t.km-2.year-1","0","-999.0","t.km-1.year-1","-999.0","t.year-1","ARONA","","","0.0","","","0.0","0.0","0","0","SPP_38006003_9_46.1","01/01/2010 00:00:00","31/12/2024 00:00:00","automatic","light-scat","","BAM1020","","","","","","yes","http://missing.com","0","ug.m-3","","http://missing.com","1","hour","1","hour","http://cdr.eionet.europa.eu/es/eu/aqd/d/envaxdj6q/ES_D_Metainfo.xml","05/09/2026 03:00:13"
"Spain","ES.BDCA.AQD","2025","NET_ES205A","CCAA Islas Canarias","UTC","ES1766A","38006003","EL RÍO","SP_38006003_9_A","PM2.5","-16.523690","28.145090","500.000000","m","suburban","industrial","01/01/2025 00:00:00","","SAM_38006003_9_A","3.5","m","","m","","m","-999.0","m","","-999.0","t.km-2.year-1","0","-999.0","t.km-1.year-1","-999.0","t.year-1","ARONA","","","0.0","","","0.0","0.0","0","0","SPP_38006003_9_A.1","01/01/2025 00:00:00","","automatic","light-scat","","BAM1020","","","","","","yes","http://missing.com","0","ug.m-3","","http://missing.com","1","hour","1","hour","http://cdr.eionet.europa.eu/es/eu/aqd/d/envaxdj6q/ES_D_Metainfo.xml","05/09/2026 03:00:13"
"Spain","ES.BDCA.AQD","2025","NET_ES210A","CCAA Com. Valenciana","UTC","ES1914A","03066003","ELDA-LACY","SP_03066003_9_46","PM2.5","-0.803330","38.454720","355.000000","m","suburban","background","04/09/2008 00:00:00","","SAM_03066003_9_46","3.0","m","","m","","m","-999.0","m","","-999.0","t.km-2.year-1","0","-999.0","t.km-1.year-1","-999.0","t.year-1","ELDA","","","12.0","","","10.0","21.0","40","0","SPP_03066003_9_46.1","04/09/2008 00:00:00","","automatic","light-scat","","GRIMM-EDM180","","","","","","yes","http://missing.com","0","ug.m-3","","http://missing.com","1","hour","1","hour","http://cdr.eionet.europa.eu/es/eu/aqd/d/envaxdj6q/ES_D_Metainfo.xml","05/09/2026 03:00:13"
"Spain","ES.BDCA.AQD","2025","NET_ES058A","EMEP/VAG/CAMP","UTC","ES0014R","25224999","ELS TORMS","SP_25224999_9_M","PM2.5","0.734170","41.393330","488.000000","m","rural","background","01/03/2001 00:00:00","","SAM_25224999_9_M","1.7","m","","m","","m","0.0","m","Agriculture","-999.0","t.km-2.year-1","0","-999.0","t.km-1.year-1","-999.0","t.year-1","TORMS (ELS)","","","0.0","","","0.0","0.0","0","0","SPP_25224999_9_M.1","01/03/2001 00:00:00","","active","","","","","HVSman30","","gravi","","ref","","-999","ug.m-3","","http://missing.com","1","day","1","day","http://cdr.eionet.europa.eu/es/eu/aqd/d/envaxdj6q/ES_D_Metainfo.xml","05/09/2026 03:00:13"
"Spain","ES.BDCA.AQD","2025","NET_ES210A","CCAA Com. Valenciana","UTC","ES1849A","03065007","ELX-PARC DE BOMBERS","SP_03065007_9_M","PM2.5","-0.717500","38.259170","99.000000","m","urban","traffic","17/07/2007 00:00:00","","SAM_03065007_9_M","3.0","m","10.0","m","50.0","m","1000.0","m","Transport","-999.0","t.km-2.year-1","0","-999.0","t.km-1.year-1","-999.0","t.year-1","ELCHE/ELX","detached","basin-hilly","27.0","","0.10","10.0","25.0","50","3000","SPP_03065007_9_M.1","17/07/2007 00:00:00","","active","","","","","HVSauto30","","gravi","","ref","","0","ug.m-3","","En preparación","1","day","1","day","http://cdr.eionet.europa.eu/es/eu/aqd/d/envaxdj6q/ES_D_Metainfo.xml","05/09/2026 03:00:13"
"Spain","ES.BDCA.AQD","2025","NET_ES131A","Ayto Madrid","UTC","ES1941A","28079054","ENSANCHE DE VALLECAS","SP_28079054_9_A","PM2.5","-3.611940","40.372780","630.000000","m","urban","background","01/01/2025 00:00:00","","SAM_28079054_9_A","3.0","m","86.0","m","3.0","m","-999.0","m","Transport","-999.0","t.km-2.year-1","0","-999.0","t.km-1.year-1","-999.0","t.year-1","MADRID","","","0.0","","","3.0","30.0","40","5000","SPP_28079054_9_A.1","01/01/2025 00:00:00","","automatic","TEOM","","TEOM1405DF-FDMS","","","","","","inprogress","http://missing.com","1","ug.m-3","","http://missing.com","1","hour","1","hour","http://cdr.eionet.europa.eu/es/eu/aqd/d/envaxdj6q/ES_D_Metainfo.xml","05/09/2026 03:00:13"
"Spain","ES.BDCA.AQD","2025","NET_ES216A","CCAA País Vasco","UTC","ES0110A","48902006","ERANDIO","SP_48902006_9_49","PM2.5","-2.977240","43.302680","4.000000","m","urban","traffic","01/01/2011 00:00:00","","SAM_48902006_9_49","4.9","m","30.0","m","14.0","m","-999.0","m","Transport","-999.0","t.km-2.year-1","0","-999.0","t.km-1.year-1","-999.0","t.year-1","ERANDIO","","","7.0","","","0.0","0.0","0","20000","SPP_48902006_9_49.1","01/01/2011 00:00:00","","automatic","BETA","","andersenFH62IR","","","","","","inprogress","https://www.euskadi.eus/web01-a2ingair/es/contenidos/documentacion/factor_corrector_particulas/es_def/factor_corrector_particulas.html","2","ug.m-3","","http://missing.com","1","hour","1","hour","http://cdr.eionet.europa.eu/es/eu/aqd/d/envaxdj6q/ES_D_Metainfo.xml","05/09/2026 03:00:13"
"Spain","ES.BDCA.AQD","2025","NET_ES212A","CCAA Galicia","UTC","ES2143A","27902002","ESCOLA DE MÚSICA","SP_27902002_9_A","PM2.5","-7.363200","43.659100","173.000000","m","urban","background","01/01/2022 00:00:00","","SAM_27902002_9_A","5.0","m","","m","","m","7.5","m","","-999.0","t.km-2.year-1","0","-999.0","t.km-1.year-1","-999.0","t.year-1","BURELA","elevated","mount","10.0","","0.06","0.0","0.0","75","7682","SPP_27902002_9_A.1","01/01/2022 00:00:00","","automatic","BETA","","BAM1020","","","","","","inprogress","http://missing.com","1","ug.m-3","","-","1","hour","1","hour","http://cdr.eionet.europa.eu/es/eu/aqd/d/envaxdj6q/ES_D_Metainfo.xml","05/09/2026 03:00:13"
"Spain","ES.BDCA.AQD","2025","NET_ES131A","Ayto Madrid","UTC","ES0118A","28079008","ESCUELAS AGUIRRE","SP_28079008_9_47","PM2.5","-3.682220","40.421670","672.000000","m","urban","traffic","01/01/2009 00:00:00","","SAM_28079008_9_47","3.0","m","12.0","m","11.0","m","-999.0","m","Transport","-999.0","t.km-2.year-1","0","-999.0","t.km-1.year-1","-999.0","t.year-1","MADRID","","","12.0","","","15.0","26.0","40","45000","SPP_28079008_9_47.1","01/01/2009 00:00:00","","automatic","TEOM","","TEOM1400","","","","","","yes","http://missing.com","-999","ug.m-3","","http://missing.com","1","hour","1","hour","http://cdr.eionet.europa.eu/es/eu/aqd/d/envaxdj6q/ES_D_Metainfo.xml","05/09/2026 03:00:13"
"Spain","ES.BDCA.AQD","2025","NET_ES131A","Ayto Madrid","UTC","ES0118A","28079008","ESCUELAS AGUIRRE","SP_28079008_9_47","PM2.5","-3.682220","40.421670","672.000000","m","urban","traffic","01/01/2009 00:00:00","","SAM_28079008_9_47","3.0","m","12.0","m","11.0","m","-999.0","m","Transport","-999.0","t.km-2.year-1","0","-999.0","t.km-1.year-1","-999.0","t.year-1","MADRID","","","12.0","","","15.0","26.0","40","45000","SPP_28079008_9_47.2","01/01/2009 00:00:00","","automatic","TEOM","","TEOM1405DF-FDMS","","","","","","ref","","-999","ug.m-3","","http://missing.com","1","hour","1","hour","http://cdr.eionet.europa.eu/es/eu/aqd/d/envaxdj6q/ES_D_Metainfo.xml","05/09/2026 03:00:13"
"Spain","ES.BDCA.AQD","2025","NET_ES212A","CCAA Galicia","UTC","ES1440A","36057021","ESTACION 1 (ESTE)","SP_36057021_9_47","PM2.5","-8.736940","42.210280","12.000000","m","urban","industrial","01/01/2014 00:00:00","","SAM_36057021_9_47","8.0","m","","m","","m","0.6","m","Industrial Processes","-999.0","t.km-2.year-1","0","-999.0","t.km-1.year-1","-999.0","t.year-1","VIGO","detached","plane","100.0","","0.05","0.0","0.0","50","22679","SPP_36057021_9_47.1","01/01/2014 00:00:00","","automatic","TEOM-FDMS","","TEOM1405F-FDMS","","","","","","inprogress","http://missing.com","2","ug.m-3","","http://missing.com","1","hour","1","hour","http://cdr.eionet.europa.eu/es/eu/aqd/d/envaxdj6q/ES_D_Metainfo.xml","05/09/2026 03:00:13"
"Spain","ES.BDCA.AQD","2025","NET_ES212A","CCAA Galicia","UTC","ES1440A","36057021","ESTACION 1 (ESTE)","SP_36057021_9_49","PM2.5","-8.736940","42.210280","12.000000","m","urban","industrial","01/01/2008 00:00:00","01/04/2014 00:00:00","SAM_36057021_9_49","5.5","m","","m","","m","0.6","m","Industrial Processes","-999.0","t.km-2.year-1","0","-999.0","t.km-1.year-1","-999.0","t.year-1","VIGO","detached","plane","100.0","","0.05","0.0","0.0","50","22679","SPP_36057021_9_49.1","01/01/2008 00:00:00","01/04/2014 00:00:00","automatic","BETA","","unknown","","","","","","yes","http://missing.com","-999","ug.m-3","","","1","hour","1","hour","http://cdr.eionet.europa.eu/es/eu/aqd/d/envaxdj6q/ES_D_Metainfo.xml","05/09/2026 03:00:13"
"Spain","ES.BDCA.AQD","2025","NET_ES219A","CA Melilla","UTC","ES2155A","52001002","ETAP","SP_52001002_9_A","PM2.5","-2.956900","35.309700","110.000000","m","suburban","background","01/07/2022 00:00:00","","SAM_52001002_9_A","4.0","m","","m","","m","1.7","m","Waste","-999.0","t.km-2.year-1","0","-999.0","t.km-1.year-1","-999.0","t.year-1","MELILLA","open","coast-plane","0.0","","0.00","0.0","0.0","0","0","SPP_52001002_9_A.1","01/07/2022 00:00:00","","automatic","BETA","","BAM1020","","","","","","yes","https://www.qal1.de/15267/0000026912_04_metone_BAM1020_25_en.pdf","1","ug.m-3","","https://www.qal1.de/15267/0000026912_04_metone_BAM1020_25_en.pdf","1","hour","1","hour","http://cdr.eionet.europa.eu/es/eu/aqd/d/envaxdj6q/ES_D_Metainfo.xml","05/09/2026 03:00:13"
"Spain","ES.BDCA.AQD","2025","NET_ES131A","Ayto Madrid","UTC","ES0126A","28079018","FAROLILLO","SP_28079018_9_M","PM2.5","-3.731940","40.394720","625.000000","m","urban","background","10/12/2008 00:00:00","","SAM_28079018_9_M","3.0","m","10.0","m","3.0","m","-999.0","m","Transport","-999.0","t.km-2.year-1","0","-999.0","t.km-1.year-1","-999.0","t.year-1","MADRID","","","0.0","","","4.0","9.5","40","5000","SPP_28079018_9_M.1","10/12/2008 00:00:00","","active","","","","","other","","gravi","","ref","http://missing.com","1","ug.m-3","","http://missing.com","1","day","1","day","http://cdr.eionet.europa.eu/es/eu/aqd/d/envaxdj6q/ES_D_Metainfo.xml","05/09/2026 03:00:13"
"Spain","ES.BDCA.AQD","2025","NET_ES131A","Ayto Madrid","UTC","ES0126A","28079018","FAROLILLO","SP_28079018_9_M","PM2.5","-3.731940","40.394720","625.000000","m","urban","background","10/12/2008 00:00:00","","SAM_28079018_9_M","3.0","m","10.0","m","3.0","m","-999.0","m","Transport","-999.0","t.km-2.year-1","0","-999.0","t.km-1.year-1","-999.0","t.year-1","MADRID","","","0.0","","","4.0","9.5","40","5000","SPP_28079018_9_M.2","10/12/2008 00:00:00","","active","","","","","other","","gravi","","ref","","1","ug.m-3","","http://missing.com","1","day","1","day","http://cdr.eionet.europa.eu/es/eu/aqd/d/envaxdj6q/ES_D_Metainfo.xml","05/09/2026 03:00:13"
"Spain","ES.BDCA.AQD","2025","NET_ES212A","CCAA Galicia","UTC","ES1867A","15036003","FERROL","SP_15036003_9_49","PM2.5","-8.243120","43.481500","5.000000","m","urban","traffic","01/01/2015 00:00:00","","SAM_15036003_9_49","5.2","m","20.0","m","45.0","m","0.5","m","Transport","-999.0","t.km-2.year-1","0","-999.0","t.km-1.year-1","-999.0","t.year-1","FERROL","","plane","45.0","","0.06","15.0","5.0","30","5000","SPP_15036003_9_49.1","01/01/2015 00:00:00","","automatic","BETA","","BAM1020","","","","","","yes","http://missing.com","1.33","ug.m-3","","http://missing.com","1","hour","1","hour","http://cdr.eionet.europa.eu/es/eu/aqd/d/envaxdj6q/ES_D_Metainfo.xml","05/09/2026 03:00:13"
"Spain","ES.BDCA.AQD","2025","NET_ES204A","CCAA Islas Baleares","UTC","ES1610A","07040002","FONERS","SP_07040002_9_49","PM2.5","2.657030","39.571250","23.000000","m","urban","traffic","01/01/2008 00:00:00","","SAM_07040002_9_49","4.0","m","7.0","m","3.0","m","0.0","m","Transport","-999.0","t.km-2.year-1","0","-999.0","t.km-1.year-1","-999.0","t.year-1","PALMA DE MALLORCA","detached","plane","3.0","","0.09","24.0","24.0","30","21700","SPP_07040002_9_49.1","01/01/2008 00:00:00","","automatic","TEOM-FDMS","","TEOM1405DF-FDMS","","","","","","yes","http://missing.com","6","ug.m-3","","http://missing.com","1","hour","1","hour","http://cdr.eionet.europa.eu/es/eu/aqd/d/envaxdj6q/ES_D_Metainfo.xml","05/09/2026 03:00:13"
"Spain","ES.BDCA.AQD","2025","NET_ES204A","CCAA Islas Baleares","UTC","ES1610A","07040002","FONERS","SP_07040002_9_49","PM2.5","2.657030","39.571250","23.000000","m","urban","traffic","01/01/2008 00:00:00","","SAM_07040002_9_49","4.0","m","7.0","m","3.0","m","0.0","m","Transport","-999.0","t.km-2.year-1","0","-999.0","t.km-1.year-1","-999.0","t.year-1","PALMA DE MALLORCA","detached","plane","3.0","","0.09","24.0","24.0","30","21700","SPP_07040002_9_49.2","01/01/2008 00:00:00","","automatic","TEOM-FDMS","","TEOM1405DF-FDMS","","","","","","yes","http://missing.com","6","ug.m-3","","http://missing.com","1","hour","1","hour","http://cdr.eionet.europa.eu/es/eu/aqd/d/envaxdj6q/ES_D_Metainfo.xml","05/09/2026 03:00:13"
"Spain","ES.BDCA.AQD","2025","NET_ES204A","CCAA Islas Baleares","UTC","ES1610A","07040002","FONERS","SP_07040002_9_M","PM2.5","2.657030","39.571250","23.000000","m","urban","traffic","01/01/2018 00:00:00","","SAM_07040002_9_M","2.0","m","999.0","m","999.0","m","0.0","m","Transport","-999.0","t.km-2.year-1","0","-999.0","t.km-1.year-1","-999.0","t.year-1","PALMA DE MALLORCA","detached","plane","3.0","","0.09","24.0","24.0","30","21700","SPP_07040002_9_M.1","01/01/2018 00:00:00","","active","","","","","LVSman2.3","","gravi","","ref","","4","ug.m-3","","http://www.caib.es/sacmicrofront/contenido,do?mkey=M145&lang=CA&cont=61970","1","day","1","day","http://cdr.eionet.europa.eu/es/eu/aqd/d/envaxdj6q/ES_D_Metainfo.xml","05/09/2026 03:00:13"
"Spain","ES.BDCA.AQD","2025","NET_ES212A","CCAA Galicia","UTC","ES0094A","15070006","FRAGA REDONDA (F-2)","SP_15070006_9_47","PM2.5","-7.988600","43.405400","478.000000","m","rural","industrial","01/07/2007 00:00:00","","SAM_15070006_9_47","3.5","m","","m","","m","11.0","m","Energy Industries","-999.0","t.km-2.year-1","0","-999.0","t.km-1.year-1","-999.0","t.year-1","PONTES DE GARCÍA RODRÍGUEZ (AS)","elevated","mount","0.0","","0.08","0.0","3.5","0","1000","SPP_15070006_9_47.1","01/07/2007 00:00:00","","automatic","TEOM","","TEOM1400A","","","","","","yes","http://missing.com","2","ug.m-3","","http://missing.com","1","hour","1","hour","http://cdr.eionet.europa.eu/es/eu/aqd/d/envaxdj6q/ES_D_Metainfo.xml","05/09/2026 03:00:13"
"Spain","ES.BDCA.AQD","2025","NET_ES217A","CCAA La Rioja","UTC","ES1746A","26066001","GALILEA","SP_26066001_9_47","PM2.5","-2.232000","42.341000","570.000000","m","rural","industrial","01/09/2004 00:00:00","31/01/2017 00:00:00","SAM_26066001_9_47","3.5","m","","m","","m","1.0","m","Agriculture","-999.0","t.km-2.year-1","0","-999.0","t.km-1.year-1","-999.0","t.year-1","GALILEA","open","basin-hilly","0.0","","","0.0","0.0","0","0","SPP_26066001_9_47.1","01/09/2004 00:00:00","31/01/2017 00:00:00","automatic","TEOM","","unknown","","","","","","no","","-999","ug.m-3","","http://missing.com","1","hour","1","hour","http://cdr.eionet.europa.eu/es/eu/aqd/d/envaxdj6q/ES_D_Metainfo.xml","05/09/2026 03:00:13"
"Spain","ES.BDCA.AQD","2025","NET_ES217A","CCAA La Rioja","UTC","ES1746A","26066001","GALILEA","SP_26066001_9_49","PM2.5","-2.232000","42.341000","570.000000","m","rural","industrial","01/11/2016 00:00:00","","SAM_26066001_9_49","3.5","m","","m","","m","1.0","m","Agriculture","-999.0","t.km-2.year-1","0","-999.0","t.km-1.year-1","-999.0","t.year-1","GALILEA","open","basin-hilly","0.0","","","0.0","0.0","0","0","SPP_26066001_9_49.1","01/11/2016 00:00:00","","automatic","BETA","","BAM1020","","","","","","no","","0.1","ug.m-3","","http://missing.com","1","hour","1","hour","http://cdr.eionet.europa.eu/es/eu/aqd/d/envaxdj6q/ES_D_Metainfo.xml","05/09/2026 03:00:13"
"Spain","ES.BDCA.AQD","2025","NET_ES205A","CCAA Islas Canarias","UTC","ES1768A","38006001","GALLETAS","SP_38006001_9_46","PM2.5","-16.655910","28.007740","3.000000","m","urban","background","01/01/2010 00:00:00","31/12/2024 00:00:00","SAM_38006001_9_46","3.8","m","","m","","m","-999.0","m","Transport","-999.0","t.km-2.year-1","0","-999.0","t.km-1.year-1","-999.0","t.year-1","ARONA","","","35.0","","","0.0","0.0","0","0","SPP_38006001_9_46.1","01/01/2010 00:00:00","31/12/2024 00:00:00","automatic","light-scat","","BAM1020","","","","","","yes","http://missing.com","0","ug.m-3","","http://missing.com","1","hour","1","hour","http://cdr.eionet.europa.eu/es/eu/aqd/d/envaxdj6q/ES_D_Metainfo.xml","05/09/2026 03:00:13"
"Spain","ES.BDCA.AQD","2025","NET_ES205A","CCAA Islas Canarias","UTC","ES1768A","38006001","GALLETAS","SP_38006001_9_A","PM2.5","-16.655910","28.007740","3.000000","m","urban","background","01/01/2025 00:00:00","","SAM_38006001_9_A","3.8","m","","m","","m","-999.0","m","Transport","-999.0","t.km-2.year-1","0","-999.0","t.km-1.year-1","-999.0","t.year-1","ARONA","","","35.0","","","0.0","0.0","0","0","SPP_38006001_9_A.1","01/01/2025 00:00:00","","automatic","light-scat","","BAM1020","","","","","","yes","http://missing.com","0","ug.m-3","","http://missing.com","1","hour","1","hour","http://cdr.eionet.europa.eu/es/eu/aqd/d/envaxdj6q/ES_D_Metainfo.xml","05/09/2026 03:00:13"
"Spain","ES.BDCA.AQD","2025","NET_ES209A","CCAA Cataluña","UTC","ES1379A","43064001","GANDESA (CREU ROJA)","SP_43064001_9_47","PM2.5","0.439700","41.058200","368.000000","m","rural","background","01/09/2023 00:00:00","","SAM_43064001_9_47","3.6","m","","m","","m","-999.0","m","","-999.0","t.km-2.year-1","0","-999.0","t.km-1.year-1","-999.0","t.year-1","GANDESA","","","17.9","","","0.0","0.0","0","0","SPP_43064001_9_47.1","01/09/2023 00:00:00","","automatic","light-scat","","GRIMM-EDM180","","","","","","inprogress","http://missing.com","1","ug.m-3","","unknown","1","hour","1","hour","http://cdr.eionet.europa.eu/es/eu/aqd/d/envaxdj6q/ES_D_Metainfo.xml","05/09/2026 03:00:13"
"Spain","ES.BDCA.AQD","2025","NET_ES210A","CCAA Com. Valenciana","UTC","ES1182A","46131002","GANDÍA","SP_46131002_9_46","PM2.5","-0.190000","38.966670","22.000000","m","urban","traffic","04/06/2008 00:00:00","30/04/2014 00:00:00","SAM_46131002_9_46","3.0","m","","m","","m","1000.0","m","Transport","-999.0","t.km-2.year-1","0","-999.0","t.km-1.year-1","-999.0","t.year-1","GANDIA","canyon","coast-mount","8.0","","0.10","20.0","8.0","50","1000","SPP_46131002_9_46.1","04/06/2008 00:00:00","30/04/2014 00:00:00","automatic","light-scat","","unknown","","","","","","yes","http://missing.com","0","ug.m-3","","","1","hour","1","hour","http://cdr.eionet.europa.eu/es/eu/aqd/d/envaxdj6q/ES_D_Metainfo.xml","05/09/2026 03:00:13"
"Spain","ES.BDCA.AQD","2025","NET_ES205A","CCAA Islas Canarias","UTC","ES2020A","38038025","GARCÍA ESCÁMEZ-STA CRUZ DE TF","SP_38038025_9_46","PM2.5","-16.271840","28.456660","119.000000","m","urban","industrial","25/09/2011 00:00:00","31/12/2024 00:00:00","SAM_38038025_9_46","8.0","m","","m","","m","900.0","m","","-999.0","t.km-2.year-1","0","-999.0","t.km-1.year-1","-999.0","t.year-1","SANTA CRUZ DE TENERIFE","","","0.0","","","0.0","0.0","0","0","SPP_38038025_9_46.1","25/09/2011 00:00:00","31/12/2024 00:00:00","automatic","light-scat","","BAM1020","","","","","","yes","http://missing.com","0","ug.m-3","","http://missing.com","1","hour","1","hour","http://cdr.eionet.europa.eu/es/eu/aqd/d/envaxdj6q/ES_D_Metainfo.xml","05/09/2026 03:00:13"
"Spain","ES.BDCA.AQD","2025","NET_ES205A","CCAA Islas Canarias","UTC","ES2020A","38038025","GARCÍA ESCÁMEZ-STA CRUZ DE TF","SP_38038025_9_A","PM2.5","-16.271840","28.456660","119.000000","m","urban","industrial","01/01/2025 00:00:00","","SAM_38038025_9_A","8.0","m","","m","","m","900.0","m","","-999.0","t.km-2.year-1","0","-999.0","t.km-1.year-1","-999.0","t.year-1","SANTA CRUZ DE TENERIFE","","","0.0","","","0.0","0.0","0","0","SPP_38038025_9_A.1","01/01/2025 00:00:00","","automatic","light-scat","","BAM1020","","","","","","yes","http://missing.com","0","ug.m-3","","http://missing.com","1","hour","1","hour","http://cdr.eionet.europa.eu/es/eu/aqd/d/envaxdj6q/ES_D_Metainfo.xml","05/09/2026 03:00:13"
"Spain","ES.BDCA.AQD","2025","NET_ES209A","CCAA Cataluña","UTC","ES1910A","08089005","GAVÀ (PARC DEL MIL·LENI)","SP_08089005_9_M","PM2.5","1.991500","41.303100","25.000000","m","suburban","background","01/01/2009 00:00:00","","SAM_08089005_9_M","3.8","m","","m","","m","-999.0","m","","-999.0","t.km-2.year-1","0","-999.0","t.km-1.year-1","-999.0","t.year-1","GAVÀ","open","","0.0","","","7.0","0.0","0","0","SPP_08089005_9_M.1","01/01/2009 00:00:00","","active","","","","","LVSauto2.3","","gravi","","ref","","18","ug.m-3","","http://missing.com","1","day","1","day","http://cdr.eionet.europa.eu/es/eu/aqd/d/envaxdj6q/ES_D_Metainfo.xml","05/09/2026 03:00:13"
"Spain","ES.BDCA.AQD","2025","NET_ES213A","CCAA Madrid","UTC","ES2028A","28065014","GETAFE","SP_28065014_9_49","PM2.5","-3.716870","40.314520","622.000000","m","urban","traffic","01/01/2019 00:00:00","","SAM_28065014_9_49","4.5","m","3.0","m","2.0","m","-999.0","m","","-999.0","t.km-2.year-1","0","-999.0","t.km-1.year-1","-999.0","t.year-1","GETAFE","","","14.0","","0.01","10.0","50.0","25","20000","SPP_28065014_9_49.1","01/01/2019 00:00:00","","automatic","BETA","","thermo5014i","","","","","","inprogress","http://missing.com","1","ug.m-3","","http://missing,com","1","hour","1","hour","http://cdr.eionet.europa.eu/es/eu/aqd/d/envaxdj6q/ES_D_Metainfo.xml","05/09/2026 03:00:13"
"Spain","ES.BDCA.AQD","2025","NET_ES209A","CCAA Cataluña","UTC","ES1999A","17079003","GIRONA (ESCOLA DE MÚSICA)","SP_17079003_9_47","PM2.5","2.816500","41.976400","73.000000","m","urban","traffic","01/09/2023 00:00:00","","SAM_17079003_9_47","3.6","m","25.0","m","18.0","m","0.0","m","Transport","-999.0","t.km-2.year-1","0","-999.0","t.km-1.year-1","-999.0","t.year-1","GIRONA","","","27.4","","","2.2","22.0","0","28000","SPP_17079003_9_47.1","01/09/2023 00:00:00","","automatic","DOAS","","FIDAS200","","","","","","inprogress","http://missing.com","1","ug.m-3","","unknown","1","hour","1","hour","http://cdr.eionet.europa.eu/es/eu/aqd/d/envaxdj6q/ES_D_Metainfo.xml","05/09/2026 03:00:13"
"Spain","ES.BDCA.AQD","2025","NET_ES212A","CCAA Galicia","UTC","ES1096A","32054004","GOMEZ FRANQUEIRA","SP_32054004_9_49","PM2.5","-7.877900","42.353000","132.000000","m","urban","traffic","01/01/2015 00:00:00","","SAM_32054004_9_49","5.4","m","33.0","m","4.0","m","0.0","m","Transport","-999.0","t.km-2.year-1","0","-999.0","t.km-1.year-1","-999.0","t.year-1","OURENSE","","plane","4.0","","","0.0","50.0","50","5658","SPP_32054004_9_49.1","01/01/2015 00:00:00","","automatic","BETA","","BAM1020","","","","","","inprogress","http://missing.com","1","ug.m-3","","http://missing.com","1","hour","1","hour","http://cdr.eionet.europa.eu/es/eu/aqd/d/envaxdj6q/ES_D_Metainfo.xml","05/09/2026 03:00:13"
"Spain","ES.BDCA.AQD","2025","NET_ES201A","CCAA Andalucía","UTC","ES1560A","18087007","GRANADA - NORTE","SP_18087007_9_49","PM2.5","-3.612660","37.196100","689.000000","m","urban","traffic","01/01/2021 00:00:00","","SAM_18087007_9_49","4.1","m","35.0","m","10.0","m","0.0","m","Transport","-999.0","t.km-2.year-1","0","-999.0","t.km-1.year-1","-999.0","t.year-1","GRANADA","","","5.0","","0.05","15.0","70.0","50","0","SPP_18087007_9_49.1","01/01/2021 00:00:00","","automatic","BETA","","thermo5014i","","","","","","yes","informe beta grav","1","ug.m-3","","desconocido","1","hour","1","hour","http://cdr.eionet.europa.eu/es/eu/aqd/d/envaxdj6q/ES_D_Metainfo.xml","05/09/2026 03:00:13"
"Spain","ES.BDCA.AQD","2025","NET_ES201A","CCAA Andalucía","UTC","ES1560A","18087007","GRANADA - NORTE","SP_18087007_9_M","PM2.5","-3.612660","37.196100","689.000000","m","urban","traffic","01/01/2009 00:00:00","","SAM_18087007_9_M","3.3","m","35.0","m","10.0","m","0.0","m","Transport","-999.0","t.km-2.year-1","0","-999.0","t.km-1.year-1","-999.0","t.year-1","GRANADA","","","5.0","","0.05","15.0","70.0","50","0","SPP_18087007_9_M.1","01/01/2009 00:00:00","","active","","","","","HVSman68","","gravi","","ref","","1","ug.m-3","","desconocido","1","day","1","day","http://cdr.eionet.europa.eu/es/eu/aqd/d/envaxdj6q/ES_D_Metainfo.xml","05/09/2026 03:00:13"
"Spain","ES.BDCA.AQD","2025","NET_ES201A","CCAA Andalucía","UTC","ES1560A","18087007","GRANADA - NORTE","SP_18087007_9_M","PM2.5","-3.612660","37.196100","689.000000","m","urban","traffic","01/01/2009 00:00:00","","SAM_18087007_9_M","3.3","m","35.0","m","10.0","m","0.0","m","Transport","-999.0","t.km-2.year-1","0","-999.0","t.km-1.year-1","-999.0","t.year-1","GRANADA","","","5.0","","0.05","15.0","70.0","50","0","SPP_18087007_9_M.2","01/01/2009 00:00:00","","active","","","","","HVSman68","","gravi","","ref","","1","ug.m-3","","desconocido","1","day","1","day","http://cdr.eionet.europa.eu/es/eu/aqd/d/envaxdj6q/ES_D_Metainfo.xml","05/09/2026 03:00:13"
"Spain","ES.BDCA.AQD","2025","NET_ES205A","CCAA Islas Canarias","UTC","ES1760A","38017003","GRANADILLA","SP_38017003_9_46","PM2.5","-16.577580","28.112490","580.000000","m","suburban","industrial","01/01/2010 00:00:00","31/12/2024 00:00:00","SAM_38017003_9_46","3.5","m","","m","","m","-999.0","m","Transport","-999.0","t.km-2.year-1","0","-999.0","t.km-1.year-1","-999.0","t.year-1","GRANADILLA DE ABONA","","","2.0","","","0.0","0.0","0","0","SPP_38017003_9_46.1","01/01/2010 00:00:00","31/12/2024 00:00:00","automatic","light-scat","","BAM1020","","","","","","yes","http://missing.com","0","ug.m-3","","http://missing.com","1","hour","1","hour","http://cdr.eionet.europa.eu/es/eu/aqd/d/envaxdj6q/ES_D_Metainfo.xml","05/09/2026 03:00:13"
"Spain","ES.BDCA.AQD","2025","NET_ES205A","CCAA Islas Canarias","UTC","ES1760A","38017003","GRANADILLA","SP_38017003_9_A","PM2.5","-16.577580","28.112490","580.000000","m","suburban","industrial","01/01/2025 00:00:00","","SAM_38017003_9_A","3.5","m","","m","","m","-999.0","m","Transport","-999.0","t.km-2.year-1","0","-999.0","t.km-1.year-1","-999.0","t.year-1","GRANADILLA DE ABONA","","","2.0","","","0.0","0.0","0","0","SPP_38017003_9_A.1","01/01/2025 00:00:00","","automatic","light-scat","","BAM1020","","","","","","yes","http://missing.com","0","ug.m-3","","http://missing.com","1","hour","1","hour","http://cdr.eionet.europa.eu/es/eu/aqd/d/envaxdj6q/ES_D_Metainfo.xml","05/09/2026 03:00:13"
"Spain","ES.BDCA.AQD","2025","NET_ES209A","CCAA Cataluña","UTC","ES1891A","08096014","GRANOLLERS (FRANCESC MACIÀ)","SP_08096014_9_M","PM2.5","2.287100","41.598700","133.000000","m","urban","traffic","01/10/2010 00:00:00","","SAM_08096014_9_M","3.9","m","","m","4.0","m","0.0","m","Transport","-999.0","t.km-2.year-1","0","-999.0","t.km-1.year-1","-999.0","t.year-1","GRANOLLERS","detached","","5.0","","0.03","10.0","32.0","102","16777","SPP_08096014_9_M.1","01/10/2010 00:00:00","","active","","","","","HVSauto30","","gravi","","ref","","3","ug.m-3","","http://missing.com","1","day","1","day","http://cdr.eionet.europa.eu/es/eu/aqd/d/envaxdj6q/ES_D_Metainfo.xml","05/09/2026 03:00:13"
"Spain","ES.BDCA.AQD","2025","NET_ES201A","CCAA Andalucía","UTC","ES0893A","11033007","GUADARRANQUE","SP_11033007_9_49","PM2.5","-5.411410","36.182100","2.000000","m","urban","industrial","18/05/2005 00:00:00","","SAM_11033007_9_49","4.7","m","10.0","m","8.0","m","0.1","m","Industrial Processes","-999.0","t.km-2.year-1","0","-999.0","t.km-1.year-1","-999.0","t.year-1","SAN ROQUE","","","8.0","","","5.0","6.0","20","30","SPP_11033007_9_49.1","18/05/2005 00:00:00","","automatic","BETA","","BAM1020","","","","","","yes","http://missing.com","0.01","ug.m-3","","http://missing.com","1","hour","1","hour","http://cdr.eionet.europa.eu/es/eu/aqd/d/envaxdj6q/ES_D_Metainfo.xml","05/09/2026 03:00:13"
"Spain","ES.BDCA.AQD","2025","NET_ES216A","CCAA País Vasco","UTC","ES1497A","20040001","HERNANI","SP_20040001_9_46","PM2.5","-1.977700","43.267500","18.000000","m","urban","traffic","14/01/2021 00:00:00","","SAM_20040001_9_46","3.8","m","20.0","m","15.0","m","-999.0","m","Manufacturing Industries and Construction","-999.0","t.km-2.year-1","0","-999.0","t.km-1.year-1","-999.0","t.year-1","HERNANI","","","6.0","","","0.0","0.0","0","20000","SPP_20040001_9_46.1","14/01/2021 00:00:00","","automatic","light-scat","","FIDAS200","","","","","","no","https://www.euskadi.eus/informacion/material-particulado/web01-a2ingair/es/","2","ug.m-3","","https://www.euskadi.eus/informacion/material-particulado/web01-a2ingair/es/","1","hour","1","hour","http://cdr.eionet.europa.eu/es/eu/aqd/d/envaxdj6q/ES_D_Metainfo.xml","05/09/2026 03:00:13"
"Spain","ES.BDCA.AQD","2025","NET_ES204A","CCAA Islas Baleares","UTC","ES1827A","07010001","HOSPITAL JOAN MARCH","SP_07010001_9_47","PM2.5","2.687780","39.678830","172.000000","m","rural","background","16/07/2010 00:00:00","","SAM_07010001_9_47","3.5","m","","m","","m","4000.0","m","Waste","-999.0","t.km-2.year-1","0","-999.0","t.km-1.year-1","-999.0","t.year-1","BUNYOLA","elevated","mount","0.0","","","0.0","0.0","0","0","SPP_07010001_9_47.1","16/07/2010 00:00:00","","automatic","TEOM","","TEOM1405","","","","","","inprogress","","4","ug.m-3","","","1","hour","1","hour","http://cdr.eionet.europa.eu/es/eu/aqd/d/envaxdj6q/ES_D_Metainfo.xml","05/09/2026 03:00:13"
"Spain","ES.BDCA.AQD","2025","NET_ES201A","CCAA Andalucía","UTC","ES1074A","11033009","HOSTELERÍA","SP_11033009_9_49","PM2.5","-5.383710","36.203880","51.000000","m","suburban","traffic","31/12/2007 00:00:00","","SAM_11033009_9_49","4.2","m","20.0","m","20.0","m","2.0","m","Industrial Processes","-999.0","t.km-2.year-1","0","-999.0","t.km-1.year-1","-999.0","t.year-1","SAN ROQUE","","","20.0","","0.20","0.0","0.0","50","15000","SPP_11033009_9_49.1","31/12/2007 00:00:00","","automatic","BETA","","BAM1020","","","","","","yes","http://missing.com","0.5","ug.m-3","","http://missing.com","1","hour","1","hour","http://cdr.eionet.europa.eu/es/eu/aqd/d/envaxdj6q/ES_D_Metainfo.xml","05/09/2026 03:00:13"
"Spain","ES.BDCA.AQD","2025","NET_ES202A","CCAA Aragón","UTC","ES1417A","22125001","HUESCA","SP_22125001_9_M","PM2.5","-0.403890","42.136110","488.000000","m","urban","traffic","01/01/2011 00:00:00","","SAM_22125001_9_M","3.2","m","5.0","m","50.0","m","-999.0","m","Other sectors","-999.0","t.km-2.year-1","0","-999.0","t.km-1.year-1","-999.0","t.year-1","HUESCA","detached","basin-hilly","8.0","","","0.0","0.0","0","0","SPP_22125001_9_M.1","01/01/2011 00:00:00","","active","","","","","HVSauto30","","gravi","","ref","","2","ug.m-3","","http://missing.com","1","day","1","day","http://cdr.eionet.europa.eu/es/eu/aqd/d/envaxdj6q/ES_D_Metainfo.xml","05/09/2026 03:00:13"
"Spain","ES.BDCA.AQD","2025","NET_ES205A","CCAA Islas Canarias","UTC","ES1764A","38011005","IGUESTE","SP_38011005_9_47","PM2.5","-16.371990","28.380540","215.000000","m","suburban","industrial","01/01/2011 00:00:00","05/04/2016 00:00:00","SAM_38011005_9_47","1.0","m","","m","","m","-999.0","m","","-999.0","t.km-2.year-1","0","-999.0","t.km-1.year-1","-999.0","t.year-1","CANDELARIA","","","0.0","","","0.0","0.0","0","0","SPP_38011005_9_47.1","01/01/2011 00:00:00","05/04/2016 00:00:00","automatic","TEOM","","unknown","","","","","","yes","http://missing.com","-999","ug.m-3","","http://missing.com","1","hour","1","hour","http://cdr.eionet.europa.eu/es/eu/aqd/d/envaxdj6q/ES_D_Metainfo.xml","05/09/2026 03:00:13"
"Spain","ES.BDCA.AQD","2025","NET_ES205A","CCAA Islas Canarias","UTC","ES1764A","38011005","IGUESTE","SP_38011005_9_47_49_c","PM2.5","-16.371990","28.380540","215.000000","m","suburban","industrial","01/01/2016 00:00:00","01/01/2017 00:00:00","SAM_38011005_9_47_49_c","4.0","m","","m","","m","-999.0","m","","-999.0","t.km-2.year-1","0","-999.0","t.km-1.year-1","-999.0","t.year-1","CANDELARIA","","","0.0","","","0.0","0.0","0","0","SPP_38011005_9_47_49_c.1","01/01/2016 00:00:00","01/01/2017 00:00:00","automatic","other","","unknown","","","","","","inprogress","","-999","ug.m-3","","http://missing.com","1","hour","1","hour","http://cdr.eionet.europa.eu/es/eu/aqd/d/envaxdj6q/ES_D_Metainfo.xml","05/09/2026 03:00:13"
"Spain","ES.BDCA.AQD","2025","NET_ES205A","CCAA Islas Canarias","UTC","ES1764A","38011005","IGUESTE","SP_38011005_9_49","PM2.5","-16.371990","28.380540","215.000000","m","suburban","industrial","05/04/2016 00:00:00","31/12/2024 00:00:00","SAM_38011005_9_49","4.0","m","","m","","m","-999.0","m","","-999.0","t.km-2.year-1","0","-999.0","t.km-1.year-1","-999.0","t.year-1","CANDELARIA","","","0.0","","","0.0","0.0","0","0","SPP_38011005_9_49.1","05/04/2016 00:00:00","31/12/2024 00:00:00","automatic","BETA","","BAM1020","","","","","","yes","http://missing.com","0","ug.m-3","","http://missing.com","1","hour","1","hour","http://cdr.eionet.europa.eu/es/eu/aqd/d/envaxdj6q/ES_D_Metainfo.xml","05/09/2026 03:00:13"
"Spain","ES.BDCA.AQD","2025","NET_ES205A","CCAA Islas Canarias","UTC","ES1764A","38011005","IGUESTE","SP_38011005_9_A","PM2.5","-16.371990","28.380540","215.000000","m","suburban","industrial","01/01/2025 00:00:00","","SAM_38011005_9_A","4.0","m","","m","","m","-999.0","m","","-999.0","t.km-2.year-1","0","-999.0","t.km-1.year-1","-999.0","t.year-1","CANDELARIA","","","0.0","","","0.0","0.0","0","0","SPP_38011005_9_A.1","01/01/2025 00:00:00","","automatic","BETA","","BAM1020","","","","","","yes","http://missing.com","0","ug.m-3","","http://missing.com","1","hour","1","hour","http://cdr.eionet.europa.eu/es/eu/aqd/d/envaxdj6q/ES_D_Metainfo.xml","05/09/2026 03:00:13"
"Spain","ES.BDCA.AQD","2025","NET_ES207A","CCAA Cast. la Mancha","UTC","ES1277A","13071016","INSTITUTO Nº 3","SP_13071016_9_49","PM2.5","-4.108300","38.680700","675.000000","m","suburban","industrial","31/01/2007 00:00:00","21/11/2021 00:00:00","SAM_13071016_9_49","4.0","m","","m","","m","5000.0","m","","-999.0","t.km-2.year-1","0","-999.0","t.km-1.year-1","-999.0","t.year-1","PUERTOLLANO","detached","plane","0.0","","","0.0","0.0","0","0","SPP_13071016_9_49.1","31/01/2007 00:00:00","21/11/2021 00:00:00","automatic","BETA","","BAM1020","","","","","","inprogress","","-999","ug.m-3","","http://missing.com","1","hour","1","hour","http://cdr.eionet.europa.eu/es/eu/aqd/d/envaxdj6q/ES_D_Metainfo.xml","05/09/2026 03:00:13"
"Spain","ES.BDCA.AQD","2025","NET_ES205A","CCAA Islas Canarias","UTC","ES2113A","35022003","ITC","SP_35022003_9_49","PM2.5","-15.427600","27.815500","15.000000","m","urban","industrial","01/01/2021 00:00:00","31/12/2024 00:00:00","SAM_35022003_9_49","3.9","m","","m","","m","-999.0","m","","-999.0","t.km-2.year-1","0","-999.0","t.km-1.year-1","-999.0","t.year-1","SANTA LUCÍA DE TIRAJANA","","","0.0","","","0.0","0.0","0","0","SPP_35022003_9_49.1","01/01/2021 00:00:00","31/12/2024 00:00:00","automatic","BETA","","BAM1020","","","","","","yes","0","0","ug.m-3","","0","1","hour","1","hour","http://cdr.eionet.europa.eu/es/eu/aqd/d/envaxdj6q/ES_D_Metainfo.xml","05/09/2026 03:00:13"
"Spain","ES.BDCA.AQD","2025","NET_ES205A","CCAA Islas Canarias","UTC","ES2113A","35022003","ITC","SP_35022003_9_A","PM2.5","-15.427600","27.815500","15.000000","m","urban","industrial","01/01/2025 00:00:00","","SAM_35022003_9_A","3.9","m","","m","","m","-999.0","m","","-999.0","t.km-2.year-1","0","-999.0","t.km-1.year-1","-999.0","t.year-1","SANTA LUCÍA DE TIRAJANA","","","0.0","","","0.0","0.0","0","0","SPP_35022003_9_A.1","01/01/2025 00:00:00","","automatic","BETA","","BAM1020","","","","","","yes","0","0","ug.m-3","","http://missing.com","1","hour","1","hour","http://cdr.eionet.europa.eu/es/eu/aqd/d/envaxdj6q/ES_D_Metainfo.xml","05/09/2026 03:00:13"
"Spain","ES.BDCA.AQD","2025","NET_ES203A","CCAA Asturias","UTC","ES1651A","33037012","JARDINES DE JUAN XXIII","SP_33037012_9_49","PM2.5","-5.775900","43.256100","205.000000","m","urban","traffic","06/06/2024 00:00:00","","SAM_33037012_9_49","3.5","m","15.0","m","21.1","m","-999.0","m","Transport","-999.0","t.km-2.year-1","0","-999.0","t.km-1.year-1","-999.0","t.year-1","MIERES","","","21.0","","","0.0","0.0","0","6000","SPP_33037012_9_49.1","06/06/2024 00:00:00","","automatic","light-scat","","FIDAS200","","","","","","inprogress","http://missing.com","0","ug.m-3","","http://missing.com","1","hour","1","hour","http://cdr.eionet.europa.eu/es/eu/aqd/d/envaxdj6q/ES_D_Metainfo.xml","05/09/2026 03:00:13"
"Spain","ES.BDCA.AQD","2025","NET_ES205A","CCAA Islas Canarias","UTC","ES0873A","35016010","JINÁMAR III FASE","SP_35016010_9_47","PM2.5","-15.416310","28.035120","53.000000","m","urban","industrial","19/02/2010 00:00:00","31/12/2024 00:00:00","SAM_35016010_9_47","3.9","m","","m","","m","-999.0","m","Transport","-999.0","t.km-2.year-1","0","-999.0","t.km-1.year-1","-999.0","t.year-1","PALMAS DE GRAN CANARIA (LAS)","","","6.0","","","0.0","0.0","0","0","SPP_35016010_9_47.1","19/02/2010 00:00:00","31/12/2024 00:00:00","automatic","TEOM","","BAM1020","","","","","","yes","http://missing.com","0","ug.m-3","","http://missing.com","1","hour","1","hour","http://cdr.eionet.europa.eu/es/eu/aqd/d/envaxdj6q/ES_D_Metainfo.xml","05/09/2026 03:00:13"
"Spain","ES.BDCA.AQD","2025","NET_ES205A","CCAA Islas Canarias","UTC","ES0873A","35016010","JINÁMAR III FASE","SP_35016010_9_A","PM2.5","-15.416310","28.035120","53.000000","m","urban","industrial","01/01/2025 00:00:00","","SAM_35016010_9_A","3.9","m","","m","","m","-999.0","m","Transport","-999.0","t.km-2.year-1","0","-999.0","t.km-1.year-1","-999.0","t.year-1","PALMAS DE GRAN CANARIA (LAS)","","","6.0","","","0.0","0.0","0","0","SPP_35016010_9_A.1","01/01/2025 00:00:00","","automatic","TEOM","","BAM1020","","","","","","yes","http://missing.com","0","ug.m-3","","http://missing.com","1","hour","1","hour","http://cdr.eionet.europa.eu/es/eu/aqd/d/envaxdj6q/ES_D_Metainfo.xml","05/09/2026 03:00:13"
"Spain","ES.BDCA.AQD","2025","NET_ES214A","CCAA Murcia","UTC","ES2183A","30022002","JUMILLA","SP_30022002_9_A","PM2.5","-1.328500","38.471700","500.000000","m","suburban","background","01/01/2024 00:00:00","","SAM_30022002_9_A","4.0","m","20.0","m","10.0","m","-999.0","m","","-999.0","t.km-2.year-1","0","-999.0","t.km-1.year-1","-999.0","t.year-1","JUMILLA","open","plane","0.0","","","0.0","0.0","0","0","SPP_30022002_9_A.1","01/01/2024 00:00:00","","automatic","light-scat","","FIDAS200","","","","","","ref","","1","ug.m-3","","www.missing.com","1","hour","1","hour","http://cdr.eionet.europa.eu/es/eu/aqd/d/envaxdj6q/ES_D_Metainfo.xml","05/09/2026 03:00:13"
"Spain","ES.BDCA.AQD","2025","NET_ES131A","Ayto Madrid","UTC","ES1894A","28079045","JUNTA MUNICIPAL DE MORATALAZ","SP_28079045_9_M","PM2.5","-3.636940","40.398610","687.000000","m","urban","background","30/12/2008 00:00:00","","SAM_28079045_9_M","11.0","m","3.0","m","90.0","m","-999.0","m","Transport","-999.0","t.km-2.year-1","0","-999.0","t.km-1.year-1","-999.0","t.year-1","MADRID","","","0.0","","","0.0","0.0","40","20000","SPP_28079045_9_M.1","30/12/2008 00:00:00","","active","","","","","other","","gravi","","ref","http://missing.com","1","ug.m-3","","http://missing.com","1","day","1","day","http://cdr.eionet.europa.eu/es/eu/aqd/d/envaxdj6q/ES_D_Metainfo.xml","05/09/2026 03:00:13"
"Spain","ES.BDCA.AQD","2025","NET_ES131A","Ayto Madrid","UTC","ES1894A","28079045","JUNTA MUNICIPAL DE MORATALAZ","SP_28079045_9_M","PM2.5","-3.636940","40.398610","687.000000","m","urban","background","30/12/2008 00:00:00","","SAM_28079045_9_M","11.0","m","3.0","m","90.0","m","-999.0","m","Transport","-999.0","t.km-2.year-1","0","-999.0","t.km-1.year-1","-999.0","t.year-1","MADRID","","","0.0","","","0.0","0.0","40","20000","SPP_28079045_9_M.2","30/12/2008 00:00:00","","active","","","","","other","","gravi","","ref","","1","ug.m-3","","http://missing.com","1","day","1","day","http://cdr.eionet.europa.eu/es/eu/aqd/d/envaxdj6q/ES_D_Metainfo.xml","05/09/2026 03:00:13"
"Spain","ES.BDCA.AQD","2025","NET_ES214A","CCAA Murcia","UTC","ES1423A","30016018","LA ALJORRA","SP_30016018_9_A","PM2.5","-1.065900","37.692500","80.000000","m","suburban","industrial","25/09/2023 00:00:00","","SAM_30016018_9_A","4.0","m","","m","","m","-999.0","m","Industrial Processes","-999.0","t.km-2.year-1","0","-999.0","t.km-1.year-1","-999.0","t.year-1","CARTAGENA","","","2.0","","","0.0","0.0","0","1000","SPP_30016018_9_A.1","25/09/2023 00:00:00","","automatic","light-scat","","FIDAS200","","","","","","ref","","1","ug.m-3","","https://sinqlair.carm.es/sinqlair","1","hour","1","hour","http://cdr.eionet.europa.eu/es/eu/aqd/d/envaxdj6q/ES_D_Metainfo.xml","05/09/2026 03:00:13"
"Spain","ES.BDCA.AQD","2025","NET_ES214A","CCAA Murcia","UTC","ES1423A","30016018","LA ALJORRA","SP_30016018_9_M","PM2.5","-1.065900","37.692500","80.000000","m","suburban","industrial","01/01/2021 00:00:00","","SAM_30016018_9_M","4.0","m","1.0","m","1.0","m","-999.0","m","Industrial Processes","-999.0","t.km-2.year-1","0","-999.0","t.km-1.year-1","-999.0","t.year-1","CARTAGENA","","","2.0","","","0.0","0.0","0","1000","SPP_30016018_9_M.1","01/01/2021 00:00:00","","active","","","","","HVSauto30","","gravi","","ref","","1","ug.m-3","","www.missing.com","1","day","1","day","http://cdr.eionet.europa.eu/es/eu/aqd/d/envaxdj6q/ES_D_Metainfo.xml","05/09/2026 03:00:13"
"Spain","ES.BDCA.AQD","2025","NET_ES209A","CCAA Cataluña","UTC","ES1559A","17022002","LA BISBAL D'EMPORDÀ (AJUNTAMENT)","SP_17022002_9_M","PM2.5","3.037400","41.959300","9.000000","m","suburban","background","15/01/2010 00:00:00","","SAM_17022002_9_M","9.5","m","","m","","m","-999.0","m","","-999.0","t.km-2.year-1","0","-999.0","t.km-1.year-1","-999.0","t.year-1","BISBAL D'EMPORDÀ (LA)","","","0.0","","","6.0","0.0","0","0","SPP_17022002_9_M.1","15/01/2010 00:00:00","","active","","","","","HVSauto30","","gravi","","ref","","3","ug.m-3","","http://missing.com","1","day","1","day","http://cdr.eionet.europa.eu/es/eu/aqd/d/envaxdj6q/ES_D_Metainfo.xml","05/09/2026 03:00:13"
"Spain","ES.BDCA.AQD","2025","NET_ES217A","CCAA La Rioja","UTC","ES1602A","26089001","LA CIGÜEÑA","SP_26089001_9_49","PM2.5","-2.428000","42.464000","385.000000","m","urban","background","20/11/2023 00:00:00","","SAM_26089001_9_49","4.5","m","20.0","m","2.0","m","0.1","m","Transport","-999.0","t.km-2.year-1","0","-999.0","t.km-1.year-1","-999.0","t.year-1","LOGROÑO","detached","","3.0","","0.04","14.0","16.0","30","400","SPP_26089001_9_49.1","20/11/2023 00:00:00","","automatic","BETA","","BAM1020","","","","","","no","http://missing.com","1","ug.m-3","","http://missing.com","1","hour","1","hour","http://cdr.eionet.europa.eu/es/eu/aqd/d/envaxdj6q/ES_D_Metainfo.xml","05/09/2026 03:00:13"
"Spain","ES.BDCA.AQD","2025","NET_ES217A","CCAA La Rioja","UTC","ES1602A","26089001","LA CIGÜEÑA","SP_26089001_9_M","PM2.5","-2.428000","42.464000","385.000000","m","urban","background","01/07/2001 00:00:00","30/06/2025 00:00:00","SAM_26089001_9_M","3.5","m","","m","","m","0.1","m","Transport","-999.0","t.km-2.year-1","0","-999.0","t.km-1.year-1","-999.0","t.year-1","LOGROÑO","detached","","3.0","","0.04","14.0","16.0","30","400","SPP_26089001_9_M.1","01/07/2001 00:00:00","30/06/2025 00:00:00","active","","","","","LVSman1","","gravi","","ref","","0.1","ug.m-3","","http://missing.com","1","day","1","day","http://cdr.eionet.europa.eu/es/eu/aqd/d/envaxdj6q/ES_D_Metainfo.xml","05/09/2026 03:00:13"
"Spain","ES.BDCA.AQD","2025","NET_ES203A","CCAA Asturias","UTC","ES0825A","33031030","LA FELGUERA","SP_33031030_9_49","PM2.5","-5.689700","43.306700","206.000000","m","urban","industrial","01/01/2008 00:00:00","","SAM_33031030_9_49","3.5","m","","m","","m","-999.0","m","Other sectors","-999.0","t.km-2.year-1","0","-999.0","t.km-1.year-1","-999.0","t.year-1","LANGREO","","","20.0","","","0.0","0.0","0","1000","SPP_33031030_9_49.1","01/01/2008 00:00:00","","automatic","BETA","","BAM1020","","","","","","yes","http://missing,com","-999","ug.m-3","","http://missing,com","1","hour","1","hour","http://cdr.eionet.europa.eu/es/eu/aqd/d/envaxdj6q/ES_D_Metainfo.xml","05/09/2026 03:00:13"
"Spain","ES.BDCA.AQD","2025","NET_ES205A","CCAA Islas Canarias","UTC","ES1979A","38008001","LA GRAMA-BREÑA ALTA","SP_38008001_9_47","PM2.5","-17.775550","28.667710","245.000000","m","suburban","industrial","01/05/2010 00:00:00","31/12/2024 00:00:00","SAM_38008001_9_47","6.0","m","","m","","m","700.0","m","Transport","-999.0","t.km-2.year-1","0","-999.0","t.km-1.year-1","-999.0","t.year-1","BREÑA ALTA","","","0.0","","","0.0","0.0","0","0","SPP_38008001_9_47.1","01/05/2010 00:00:00","31/12/2024 00:00:00","automatic","TEOM","","BAM1020","","","","","","yes","http://missing.com","0","ug.m-3","","http://missing.com","1","hour","1","hour","http://cdr.eionet.europa.eu/es/eu/aqd/d/envaxdj6q/ES_D_Metainfo.xml","05/09/2026 03:00:13"
"Spain","ES.BDCA.AQD","2025","NET_ES205A","CCAA Islas Canarias","UTC","ES1979A","38008001","LA GRAMA-BREÑA ALTA","SP_38008001_9_A","PM2.5","-17.775550","28.667710","245.000000","m","suburban","industrial","01/01/2025 00:00:00","","SAM_38008001_9_A","6.0","m","","m","","m","700.0","m","Transport","-999.0","t.km-2.year-1","0","-999.0","t.km-1.year-1","-999.0","t.year-1","BREÑA ALTA","","","0.0","","","0.0","0.0","0","0","SPP_38008001_9_A.1","01/01/2025 00:00:00","","automatic","TEOM","","BAM1020","","","","","","yes","http://missing.com","0","ug.m-3","","http://missing.com","1","hour","1","hour","http://cdr.eionet.europa.eu/es/eu/aqd/d/envaxdj6q/ES_D_Metainfo.xml","05/09/2026 03:00:13"
"Spain","ES.BDCA.AQD","2025","NET_ES212A","CCAA Galicia","UTC","ES1798A","15030021","LA GRELA","SP_15030021_9_47","PM2.5","-8.424900","43.354200","65.000000","m","urban","industrial","01/06/2014 00:00:00","","SAM_15030021_9_47","4.0","m","30.0","m","15.0","m","0.0","m","Transport","-999.0","t.km-2.year-1","0","-999.0","t.km-1.year-1","-999.0","t.year-1","CORUÑA (A)","detached","plane","15.0","","0.05","4.0","14.0","30","10619","SPP_15030021_9_47.1","01/06/2014 00:00:00","","automatic","TEOM","","TEOM1400AB","","","","","","yes","http://missing.com","1","ug.m-3","","","1","hour","1","hour","http://cdr.eionet.europa.eu/es/eu/aqd/d/envaxdj6q/ES_D_Metainfo.xml","05/09/2026 03:00:13"
"Spain","ES.BDCA.AQD","2025","NET_ES205A","CCAA Islas Canarias","UTC","ES1920A","38004001","LA HIDALGA-ARAFO","SP_38004001_9_49","PM2.5","-16.399720","28.337220","275.000000","m","suburban","background","24/01/2008 00:00:00","31/12/2024 00:00:00","SAM_38004001_9_49","4.0","m","","m","","m","6410.0","m","","-999.0","t.km-2.year-1","0","-999.0","t.km-1.year-1","-999.0","t.year-1","ARAFO","","","0.0","","","0.0","0.0","0","0","SPP_38004001_9_49.1","24/01/2008 00:00:00","31/12/2024 00:00:00","automatic","BETA","","BAM1020","","","","","","yes","http://missing.com","0","ug.m-3","","http://missing.com","1","hour","1","hour","http://cdr.eionet.europa.eu/es/eu/aqd/d/envaxdj6q/ES_D_Metainfo.xml","05/09/2026 03:00:13"
"Spain","ES.BDCA.AQD","2025","NET_ES205A","CCAA Islas Canarias","UTC","ES1920A","38004001","LA HIDALGA-ARAFO","SP_38004001_9_A","PM2.5","-16.399720","28.337220","275.000000","m","suburban","background","01/01/2025 00:00:00","","SAM_38004001_9_A","4.0","m","","m","","m","6410.0","m","","-999.0","t.km-2.year-1","0","-999.0","t.km-1.year-1","-999.0","t.year-1","ARAFO","","","0.0","","","0.0","0.0","0","0","SPP_38004001_9_A.1","01/01/2025 00:00:00","","automatic","BETA","","BAM1020","","","","","","yes","http://missing.com","0","ug.m-3","","http://missing.com","1","hour","1","hour","http://cdr.eionet.europa.eu/es/eu/aqd/d/envaxdj6q/ES_D_Metainfo.xml","05/09/2026 03:00:13"
"Spain","ES.BDCA.AQD","2025","NET_ES205A","CCAA Islas Canarias","UTC","ES2188A","35016015","LA ISLETA","SP_35016015_9_A","PM2.5","-15.429050","28.151060","14.000000","m","urban","industrial","01/01/2025 00:00:00","","SAM_35016015_9_A","4.0","m","","m","","m","-999.0","m","","-999.0","t.km-2.year-1","0","-999.0","t.km-1.year-1","-999.0","t.year-1","PALMAS DE GRAN CANARIA (LAS)","","","0.0","","","0.0","0.0","0","0","SPP_35016015_9_A.1","01/01/2025 00:00:00","","automatic","other","","FIDAS200","","","","","","yes","0","0","ug.m-3","","http://missing.com","1","hour","1","hour","http://cdr.eionet.europa.eu/es/eu/aqd/d/envaxdj6q/ES_D_Metainfo.xml","05/09/2026 03:00:13"
"Spain","ES.BDCA.AQD","2025","NET_ES201A","CCAA Andalucía","UTC","ES2178A","41004007","LA LIEBRE 2","SP_41004007_9_A","PM2.5","-5.869110","37.359440","5.000000","m","suburban","industrial","01/01/2024 00:00:00","","SAM_41004007_9_A","5.0","m","","m","","m","-999.0","m","","-999.0","t.km-2.year-1","0","-999.0","t.km-1.year-1","-999.0","t.year-1","ALCALÁ DE GUADAIRA","","","0.0","","","0.0","0.0","0","0","SPP_41004007_9_A.1","01/01/2024 00:00:00","","automatic","reflect","","FIDAS200","","","","","","yes","unknown","0","ug.m-3","","unknown","1","hour","1","hour","http://cdr.eionet.europa.eu/es/eu/aqd/d/envaxdj6q/ES_D_Metainfo.xml","05/09/2026 03:00:13"
"Spain","ES.BDCA.AQD","2025","NET_ES201A","CCAA Andalucía","UTC","ES1072A","11022005","LA LÍNEA","SP_11022005_9_49","PM2.5","-5.348360","36.159370","1.000000","m","urban","industrial","01/01/2021 00:00:00","","SAM_11022005_9_49","4.4","m","","m","","m","-999.0","m","Industrial Processes","-999.0","t.km-2.year-1","0","-999.0","t.km-1.year-1","-999.0","t.year-1","LÍNEA DE LA CONCEPCIÓN (LA)","","","8.0","","0.20","40.0","5.0","30","1000","SPP_11022005_9_49.1","01/01/2021 00:00:00","","automatic","BETA","","thermo5014i","","","","","","yes","http://missing.com","1","ug.m-3","","desconocido","1","hour","1","hour","http://cdr.eionet.europa.eu/es/eu/aqd/d/envaxdj6q/ES_D_Metainfo.xml","05/09/2026 03:00:13"
"Spain","ES.BDCA.AQD","2025","NET_ES201A","CCAA Andalucía","UTC","ES1072A","11022005","LA LÍNEA","SP_11022005_9_M","PM2.5","-5.348360","36.159370","1.000000","m","urban","industrial","01/01/2008 00:00:00","","SAM_11022005_9_M","4.3","m","10.0","m","10.0","m","-999.0","m","Industrial Processes","-999.0","t.km-2.year-1","0","-999.0","t.km-1.year-1","-999.0","t.year-1","LÍNEA DE LA CONCEPCIÓN (LA)","","","8.0","","0.20","40.0","5.0","30","1000","SPP_11022005_9_M.1","01/01/2008 00:00:00","","active","","","","","HVSman68","","gravi","","ref","","1","ug.m-3","","DESCONOCIDO","1","day","1","day","http://cdr.eionet.europa.eu/es/eu/aqd/d/envaxdj6q/ES_D_Metainfo.xml","05/09/2026 03:00:13"
"Spain","ES.BDCA.AQD","2025","NET_ES201A","CCAA Andalucía","UTC","ES1072A","11022005","LA LÍNEA","SP_11022005_9_M","PM2.5","-5.348360","36.159370","1.000000","m","urban","industrial","01/01/2008 00:00:00","","SAM_11022005_9_M","4.3","m","10.0","m","10.0","m","-999.0","m","Industrial Processes","-999.0","t.km-2.year-1","0","-999.0","t.km-1.year-1","-999.0","t.year-1","LÍNEA DE LA CONCEPCIÓN (LA)","","","8.0","","0.20","40.0","5.0","30","1000","SPP_11022005_9_M.2","01/01/2008 00:00:00","","active","","","","","LVSauto2.3","","gravi","","ref","","1","ug.m-3","","DESCONOCIDO","1","day","1","day","http://cdr.eionet.europa.eu/es/eu/aqd/d/envaxdj6q/ES_D_Metainfo.xml","05/09/2026 03:00:13"
"Spain","ES.BDCA.AQD","2025","NET_ES205A","CCAA Islas Canarias","UTC","ES2004A","35026004","LA LOMA-TELDE","SP_35026004_9_47","PM2.5","-15.414660","28.026320","115.000000","m","urban","industrial","01/01/2015 00:00:00","31/12/2024 00:00:00","SAM_35026004_9_47","3.9","m","","m","","m","1800.0","m","","-999.0","t.km-2.year-1","0","-999.0","t.km-1.year-1","-999.0","t.year-1","TELDE","","","0.0","","","0.0","0.0","0","0","SPP_35026004_9_47.1","01/01/2015 00:00:00","31/12/2024 00:00:00","automatic","TEOM","","BAM1020","","","","","","yes","http://missing.com","0","ug.m-3","","http://missing.com","1","hour","1","hour","http://cdr.eionet.europa.eu/es/eu/aqd/d/envaxdj6q/ES_D_Metainfo.xml","05/09/2026 03:00:13"
"Spain","ES.BDCA.AQD","2025","NET_ES205A","CCAA Islas Canarias","UTC","ES2004A","35026004","LA LOMA-TELDE","SP_35026004_9_49","PM2.5","-15.414660","28.026320","115.000000","m","urban","industrial","01/01/2011 00:00:00","01/01/2015 00:00:00","SAM_35026004_9_49","1.0","m","","m","","m","1800.0","m","","-999.0","t.km-2.year-1","0","-999.0","t.km-1.year-1","-999.0","t.year-1","TELDE","","","0.0","","","0.0","0.0","0","0","SPP_35026004_9_49.1","01/01/2011 00:00:00","01/01/2015 00:00:00","automatic","BETA","","unknown","","","","","","yes","http://missing.com","-999","ug.m-3","","","1","hour","1","hour","http://cdr.eionet.europa.eu/es/eu/aqd/d/envaxdj6q/ES_D_Metainfo.xml","05/09/2026 03:00:13"
"Spain","ES.BDCA.AQD","2025","NET_ES205A","CCAA Islas Canarias","UTC","ES2004A","35026004","LA LOMA-TELDE","SP_35026004_9_A","PM2.5","-15.414660","28.026320","115.000000","m","urban","industrial","01/01/2025 00:00:00","","SAM_35026004_9_A","3.9","m","","m","","m","1800.0","m","","-999.0","t.km-2.year-1","0","-999.0","t.km-1.year-1","-999.0","t.year-1","TELDE","","","0.0","","","0.0","0.0","0","0","SPP_35026004_9_A.1","01/01/2025 00:00:00","","automatic","TEOM","","BAM1020","","","","","","yes","http://missing.com","0","ug.m-3","","http://missing.com","1","hour","1","hour","http://cdr.eionet.europa.eu/es/eu/aqd/d/envaxdj6q/ES_D_Metainfo.xml","05/09/2026 03:00:13"
"Spain","ES.BDCA.AQD","2025","NET_ES204A","CCAA Islas Baleares","UTC","ES1994A","07040005","LA MISERICÒRDIA","SP_07040005_9_M","PM2.5","2.647610","39.574390","15.000000","m","urban","background","01/07/2010 00:00:00","","SAM_07040005_9_M","2.0","m","","m","","m","-999.0","m","Transport","-999.0","t.km-2.year-1","0","-999.0","t.km-1.year-1","-999.0","t.year-1","PALMA DE MALLORCA","detached","plane","70.0","","0.01","20.0","10.0","30","19000","SPP_07040005_9_M.1","01/07/2010 00:00:00","","active","","","","","LVSman2.3","","gravi","","ref","","4","ug.m-3","","http://www,caib,es/sacmicrofront/contenido,do?mkey=M145&lang=CA&cont=61970","1","day","1","day","http://cdr.eionet.europa.eu/es/eu/aqd/d/envaxdj6q/ES_D_Metainfo.xml","05/09/2026 03:00:13"
"Spain","ES.BDCA.AQD","2025","NET_ES201A","CCAA Andalucía","UTC","ES0892A","21055004","LA RÁBIDA","SP_21055004_9_M","PM2.5","-6.920270","37.199770","8.000000","m","suburban","industrial","01/01/2021 00:00:00","","SAM_21055004_9_M","12.0","m","","m","","m","2.1","m","Industrial Processes","-999.0","t.km-2.year-1","0","-999.0","t.km-1.year-1","-999.0","t.year-1","PALOS DE LA FRONTERA","","","15.0","","","5.0","4.0","0","1000","SPP_21055004_9_M.1","01/01/2021 00:00:00","","active","","","","","LVSauto2.3","","gravi","","yes","unknown","0.5","ug.m-3","","unknown","1","day","1","day","http://cdr.eionet.europa.eu/es/eu/aqd/d/envaxdj6q/ES_D_Metainfo.xml","05/09/2026 03:00:13"
"Spain","ES.BDCA.AQD","2025","NET_ES201A","CCAA Andalucía","UTC","ES0817A","41091010","LA RANILLA","SP_41091010_9_47","PM2.5","-5.959620","37.384250","29.000000","m","urban","traffic","26/05/2005 00:00:00","","SAM_41091010_9_47","3.9","m","30.0","m","4.5","m","-999.0","m","Transport","-999.0","t.km-2.year-1","0","-999.0","t.km-1.year-1","-999.0","t.year-1","SEVILLA","","","5.0","","","5.0","25.0","0","20000","SPP_41091010_9_47.1","26/05/2005 00:00:00","","automatic","TEOM","","unknown","","","","","","yes","http://missing.com","1.5","ug.m-3","","Desconocido","1","hour","1","hour","http://cdr.eionet.europa.eu/es/eu/aqd/d/envaxdj6q/ES_D_Metainfo.xml","05/09/2026 03:00:13"
"Spain","ES.BDCA.AQD","2025","NET_ES201A","CCAA Andalucía","UTC","ES0817A","41091010","LA RANILLA","SP_41091010_9_47","PM2.5","-5.959620","37.384250","29.000000","m","urban","traffic","26/05/2005 00:00:00","","SAM_41091010_9_47","3.9","m","30.0","m","4.5","m","-999.0","m","Transport","-999.0","t.km-2.year-1","0","-999.0","t.km-1.year-1","-999.0","t.year-1","SEVILLA","","","5.0","","","5.0","25.0","0","20000","SPP_41091010_9_47.2","26/05/2005 00:00:00","","automatic","BETA","","thermo5014i","","","","","","yes","http://missing.com","1.5","ug.m-3","","Desconocido","1","hour","1","hour","http://cdr.eionet.europa.eu/es/eu/aqd/d/envaxdj6q/ES_D_Metainfo.xml","05/09/2026 03:00:13"
"Spain","ES.BDCA.AQD","2025","NET_ES208A","CCAA Castilla y León","UTC","ES2010A","47186031","LA RUBIA II","SP_47186031_9_49","PM2.5","-4.740560","41.630000","683.000000","m","urban","traffic","01/04/2011 00:00:00","","SAM_47186031_9_49","3.0","m","","m","","m","-999.0","m","Transport","-999.0","t.km-2.year-1","0","-999.0","t.km-1.year-1","-999.0","t.year-1","VALLADOLID","","","0.0","","","0.0","0.0","0","0","SPP_47186031_9_49.1","01/04/2011 00:00:00","","automatic","BETA","","BAM1020","","","","","","yes","http://missing.com","-999","ug.m-3","","http://missing.com","1","hour","1","hour","http://cdr.eionet.europa.eu/es/eu/aqd/d/envaxdj6q/ES_D_Metainfo.xml","05/09/2026 03:00:13"
"Spain","ES.BDCA.AQD","2025","NET_ES209A","CCAA Cataluña","UTC","ES1754A","43044003","LA SÉNIA (REPETIDOR)","SP_43044003_9_M","PM2.5","0.288400","40.643000","428.000000","m","rural","background","01/01/2009 00:00:00","","SAM_43044003_9_M","3.0","m","","m","","m","-999.0","m","","-999.0","t.km-2.year-1","0","-999.0","t.km-1.year-1","-999.0","t.year-1","SÉNIA (LA)","","","0.0","","","0.0","0.0","0","0","SPP_43044003_9_M.1","01/01/2009 00:00:00","","active","","","","","HVSauto30","","gravi","","ref","","3","ug.m-3","","http://missing.com","1","day","1","day","http://cdr.eionet.europa.eu/es/eu/aqd/d/envaxdj6q/ES_D_Metainfo.xml","05/09/2026 03:00:13"
"Spain","ES.BDCA.AQD","2025","NET_ES210A","CCAA Com. Valenciana","UTC","ES1969A","12126003","LA VALL D'UIXÓ","SP_12126003_9_M","PM2.5","-0.244440","39.823610","250.000000","m","suburban","background","01/04/2010 00:00:00","","SAM_12126003_9_M","3.0","m","","m","","m","-999.0","m","Industrial Processes","-999.0","t.km-2.year-1","0","-999.0","t.km-1.year-1","-999.0","t.year-1","VALL D'UIXÓ (LA)","","","0.0","","","0.0","0.0","0","0","SPP_12126003_9_M.1","01/04/2010 00:00:00","","active","","","","","HVSauto30","","gravi","","ref","","0","ug.m-3","","En preparación","1","day","1","day","http://cdr.eionet.europa.eu/es/eu/aqd/d/envaxdj6q/ES_D_Metainfo.xml","05/09/2026 03:00:13"
"Spain","ES.BDCA.AQD","2025","NET_ES210A","CCAA Com. Valenciana","UTC","ES1621A","12005004","L'ALCORA-PM","SP_12005004_9_M","PM2.5","-0.206390","40.068610","175.000000","m","urban","industrial","01/04/2003 00:00:00","","SAM_12005004_9_M","3.0","m","","m","","m","2000.0","m","Other sectors","-999.0","t.km-2.year-1","0","-999.0","t.km-1.year-1","-999.0","t.year-1","ALCORA (L')","","","0.0","","","0.0","8.0","0","0","SPP_12005004_9_M.1","01/04/2003 00:00:00","","active","","","","","HVSauto30","","gravi","","ref","","0","ug.m-3","","En preparación","1","day","1","day","http://cdr.eionet.europa.eu/es/eu/aqd/d/envaxdj6q/ES_D_Metainfo.xml","05/09/2026 03:00:13"
"Spain","ES.BDCA.AQD","2025","NET_ES212A","CCAA Galicia","UTC","ES2084A","36024001","LALÍN","SP_36024001_9_A","PM2.5","-8.107100","42.656300","600.000000","m","suburban","background","15/09/2022 00:00:00","","SAM_36024001_9_A","4.0","m","55.0","m","6.5","m","0.2","m","","-999.0","t.km-2.year-1","0","-999.0","t.km-1.year-1","-999.0","t.year-1","LALÍN","elevated","coast-plane","6.5","","0.50","0.0","8.0","30","2000","SPP_36024001_9_A.1","15/09/2022 00:00:00","","automatic","BETA","","BAM1020","","","","","","inprogress","http://missing.com","1","ug.m-3","","-","1","hour","1","hour","http://cdr.eionet.europa.eu/es/eu/aqd/d/envaxdj6q/ES_D_Metainfo.xml","05/09/2026 03:00:13"
"Spain","ES.BDCA.AQD","2025","NET_ES205A","CCAA Islas Canarias","UTC","ES2080A","35024002","LAS CALETAS-TEGUISE","SP_35024002_9_49","PM2.5","-13.514030","28.982870","10.000000","m","suburban","traffic","01/05/2016 00:00:00","31/12/2024 00:00:00","SAM_35024002_9_49","3.3","m","0.0","m","0.0","m","-999.0","m","","-999.0","t.km-2.year-1","0","-999.0","t.km-1.year-1","-999.0","t.year-1","TEGUISE","","","0.0","","","0.0","0.0","0","0","SPP_35024002_9_49.1","01/05/2016 00:00:00","31/12/2024 00:00:00","automatic","BETA","","BAM1020","","","","","","yes","http://missing.com","0","ug.m-3","","http://missing.com","1","hour","1","hour","http://cdr.eionet.europa.eu/es/eu/aqd/d/envaxdj6q/ES_D_Metainfo.xml","05/09/2026 03:00:13"
"Spain","ES.BDCA.AQD","2025","NET_ES205A","CCAA Islas Canarias","UTC","ES2080A","35024002","LAS CALETAS-TEGUISE","SP_35024002_9_A","PM2.5","-13.514030","28.982870","10.000000","m","suburban","traffic","01/01/2025 00:00:00","","SAM_35024002_9_A","3.3","m","0.0","m","0.0","m","-999.0","m","","-999.0","t.km-2.year-1","0","-999.0","t.km-1.year-1","-999.0","t.year-1","TEGUISE","","","0.0","","","0.0","0.0","0","0","SPP_35024002_9_A.1","01/01/2025 00:00:00","","automatic","BETA","","BAM1020","","","","","","yes","http://missing.com","0","ug.m-3","","http://missing.com","1","hour","1","hour","http://cdr.eionet.europa.eu/es/eu/aqd/d/envaxdj6q/ES_D_Metainfo.xml","05/09/2026 03:00:13"
"Spain","ES.BDCA.AQD","2025","NET_ES021A","Ayto Zaragoza","UTC","ES1836A","50297037","LAS FUENTES","SP_50297037_9_52","PM2.5","-0.861940","41.642220","198.000000","m","urban","traffic","01/01/2024 00:00:00","","SAM_50297037_9_52","4.0","m","15.0","m","6.0","m","-999.0","m","Transport","-999.0","t.km-2.year-1","0","-999.0","t.km-1.year-1","-999.0","t.year-1","ZARAGOZA","detached","","25.0","","","0.0","0.0","30","8620","SPP_50297037_9_52.1","01/01/2024 00:00:00","","automatic","BETA","","thermo5014i","","","","","","yes","EQUIVALENCIA DEMOSTRADA","0.1","ug.m-3","","http://missing.com","1","hour","1","hour","http://cdr.eionet.europa.eu/es/eu/aqd/d/envaxdj6q/ES_D_Metainfo.xml","05/09/2026 03:00:13"
"Spain","ES.BDCA.AQD","2025","NET_ES205A","CCAA Islas Canarias","UTC","ES2053A","38036002","LAS GALANAS -SS GOMERA","SP_38036002_9_49","PM2.5","-17.118100","28.090120","49.000000","m","urban","industrial","19/03/2014 00:00:00","31/12/2024 00:00:00","SAM_38036002_9_49","2.7","m","","m","","m","360.0","m","","-999.0","t.km-2.year-1","0","-999.0","t.km-1.year-1","-999.0","t.year-1","SAN SEBASTIÁN DE LA GOMERA","","","1.0","","","8.0","6.0","0","0","SPP_38036002_9_49.1","19/03/2014 00:00:00","31/12/2024 00:00:00","automatic","BETA","","BAM1020","","","","","","yes","http://missing.com","0","ug.m-3","","http://missing.com","1","hour","1","hour","http://cdr.eionet.europa.eu/es/eu/aqd/d/envaxdj6q/ES_D_Metainfo.xml","05/09/2026 03:00:13"
"Spain","ES.BDCA.AQD","2025","NET_ES205A","CCAA Islas Canarias","UTC","ES2053A","38036002","LAS GALANAS -SS GOMERA","SP_38036002_9_A","PM2.5","-17.118100","28.090120","49.000000","m","urban","industrial","01/01/2025 00:00:00","","SAM_38036002_9_A","2.7","m","","m","","m","360.0","m","","-999.0","t.km-2.year-1","0","-999.0","t.km-1.year-1","-999.0","t.year-1","SAN SEBASTIÁN DE LA GOMERA","","","1.0","","","8.0","6.0","0","0","SPP_38036002_9_A.1","01/01/2025 00:00:00","","automatic","BETA","","BAM1020","","","","","","yes","http://missing.com","0","ug.m-3","","http://missing.com","1","hour","1","hour","http://cdr.eionet.europa.eu/es/eu/aqd/d/envaxdj6q/ES_D_Metainfo.xml","05/09/2026 03:00:13"
"Spain","ES.BDCA.AQD","2025","NET_ES216A","CCAA País Vasco","UTC","ES2119A","20902001","LASARTE-ORIA","SP_20902001_9_49","PM2.5","-2.019130","43.268740","36.000000","m","urban","background","01/01/2021 00:00:00","","SAM_20902001_9_49","3.8","m","12.0","m","5.0","m","-999.0","m","","-999.0","t.km-2.year-1","0","-999.0","t.km-1.year-1","-999.0","t.year-1","LASARTE-ORIA","","","0.0","","","0.0","0.0","0","0","SPP_20902001_9_49.1","01/01/2021 00:00:00","","automatic","BETA","","thermo5014i","","","","","","yes","https://www.euskadi.eus/informacion/legislacion-sobre-calidad-del-aire-y-emisiones-a-la-atmosfera/web01-a2ingair/es/","2","ug.m-3","","https://www.euskadi.eus/informacion/legislacion-sobre-calidad-del-aire-y-emisiones-a-la-atmosfera/web01-a2ingair/es/","1","hour","1","hour","http://cdr.eionet.europa.eu/es/eu/aqd/d/envaxdj6q/ES_D_Metainfo.xml","05/09/2026 03:00:13"
"Spain","ES.BDCA.AQD","2025","NET_ES212A","CCAA Galicia","UTC","ES2014A","32039001","LAZA","SP_32039001_9_46","PM2.5","-7.408900","42.061600","760.000000","m","rural","background","31/12/2010 00:00:00","31/12/2014 00:00:00","SAM_32039001_9_46","3.6","m","","m","","m","0.1","m","Land use, land use change and forestry","-999.0","t.km-2.year-1","0","-999.0","t.km-1.year-1","-999.0","t.year-1","LAZA","","mount-slope","10.0","","","4.0","5.0","0","0","SPP_32039001_9_46.1","31/12/2010 00:00:00","31/12/2014 00:00:00","automatic","light-scat","","unknown","","","","","","yes","http://missing.com","1","ug.m-3","","","1","hour","1","hour","http://cdr.eionet.europa.eu/es/eu/aqd/d/envaxdj6q/ES_D_Metainfo.xml","05/09/2026 03:00:13"
"Spain","ES.BDCA.AQD","2025","NET_ES212A","CCAA Galicia","UTC","ES2014A","32039001","LAZA","SP_32039001_9_49","PM2.5","-7.408900","42.061600","760.000000","m","rural","background","01/01/2015 00:00:00","","SAM_32039001_9_49","4.8","m","20.0","m","4.0","m","0.1","m","Land use, land use change and forestry","-999.0","t.km-2.year-1","0","-999.0","t.km-1.year-1","-999.0","t.year-1","LAZA","","mount-slope","10.0","","","4.0","5.0","0","0","SPP_32039001_9_49.1","01/01/2015 00:00:00","","automatic","BETA","","BAM1020","","","","","","inprogress","http://missing.com","1","ug.m-3","","http://missing.com","1","hour","1","hour","http://cdr.eionet.europa.eu/es/eu/aqd/d/envaxdj6q/ES_D_Metainfo.xml","05/09/2026 03:00:13"
"Spain","ES.BDCA.AQD","2025","NET_ES213A","CCAA Madrid","UTC","ES1567A","28074007","LEGANÉS","SP_28074007_9_49","PM2.5","-3.754500","40.339700","640.000000","m","urban","traffic","01/01/2019 00:00:00","","SAM_28074007_9_49","4.5","m","99.0","m","99.0","m","-999.0","m","","-999.0","t.km-2.year-1","0","-999.0","t.km-1.year-1","-999.0","t.year-1","LEGANÉS","","","80.0","","0.05","13.0","12.0","55","6000","SPP_28074007_9_49.1","01/01/2019 00:00:00","","automatic","BETA","","thermo5014i","","","","","","yes","https://bit.ly/3rU6DbC","1","ug.m-3","","https://bit.ly/3rU6DbC","1","hour","1","hour","http://cdr.eionet.europa.eu/es/eu/aqd/d/envaxdj6q/ES_D_Metainfo.xml","05/09/2026 03:00:13"
"Spain","ES.BDCA.AQD","2025","NET_ES215A","CCAA Navarra","UTC","ES2068A","31149002","LEITZA","SP_31149002_9_M","PM2.5","-1.913000","43.082000","473.000000","m","suburban","background","01/01/2022 00:00:00","","SAM_31149002_9_M","2.3","m","","m","","m","-999.0","m","Other sectors","-999.0","t.km-2.year-1","0","-999.0","t.km-1.year-1","-999.0","t.year-1","LEITZA","detached","basin-mount","0.0","","","0.0","0.0","0","0","SPP_31149002_9_M.1","01/01/2022 00:00:00","","active","","","","","LVSman2.3","","gravi","","ref","","5.46","ug.m-3","","unkwown","1","day","1","day","http://cdr.eionet.europa.eu/es/eu/aqd/d/envaxdj6q/ES_D_Metainfo.xml","05/09/2026 03:00:13"
"Spain","ES.BDCA.AQD","2025","NET_ES208A","CCAA Castilla y León","UTC","ES1988A","24089010","LEÓN 4","SP_24089010_9_49","PM2.5","-5.566400","42.575300","814.000000","m","suburban","background","01/01/2011 00:00:00","","SAM_24089010_9_49","3.0","m","","m","","m","-999.0","m","","-999.0","t.km-2.year-1","0","-999.0","t.km-1.year-1","-999.0","t.year-1","LEÓN","","","0.0","","","0.0","0.0","0","0","SPP_24089010_9_49.1","01/01/2011 00:00:00","","automatic","BETA","","unknown","","","","","","yes","http://missing.com","-999","ug.m-3","","http://missing.com","1","hour","1","hour","http://cdr.eionet.europa.eu/es/eu/aqd/d/envaxdj6q/ES_D_Metainfo.xml","05/09/2026 03:00:13"
"Spain","ES.BDCA.AQD","2025","NET_ES208A","CCAA Castilla y León","UTC","ES1988A","24089010","LEÓN 4","SP_24089010_9_M","PM2.5","-5.566400","42.575300","814.000000","m","suburban","background","01/01/2010 00:00:00","","SAM_24089010_9_M","3.0","m","2.0","m","","m","-999.0","m","","-999.0","t.km-2.year-1","0","-999.0","t.km-1.year-1","-999.0","t.year-1","LEÓN","","","0.0","","","0.0","0.0","0","0","SPP_24089010_9_M.1","01/01/2010 00:00:00","","active","","","","","HVSauto30","","gravi","","ref","","0.05","ug.m-3","","http://missing.com","1","day","1","day","http://cdr.eionet.europa.eu/es/eu/aqd/d/envaxdj6q/ES_D_Metainfo.xml","05/09/2026 03:00:13"
"Spain","ES.BDCA.AQD","2025","NET_ES201A","CCAA Andalucía","UTC","ES1799A","14021007","LEPANTO","SP_14021007_9_49","PM2.5","-4.762340","37.892610","119.000000","m","urban","background","01/01/2021 00:00:00","","SAM_14021007_9_49","3.7","m","55.0","m","38.0","m","-999.0","m","","-999.0","t.km-2.year-1","0","-999.0","t.km-1.year-1","-999.0","t.year-1","CÓRDOBA","","","38.0","","","15.0","6.0","0","0","SPP_14021007_9_49.1","01/01/2021 00:00:00","","automatic","BETA","","thermo5014i","","","","","","yes","informe beta grav","1","ug.m-3","","desconocido","1","hour","1","hour","http://cdr.eionet.europa.eu/es/eu/aqd/d/envaxdj6q/ES_D_Metainfo.xml","05/09/2026 03:00:13"
"Spain","ES.BDCA.AQD","2025","NET_ES201A","CCAA Andalucía","UTC","ES1799A","14021007","LEPANTO","SP_14021007_9_M","PM2.5","-4.762340","37.892610","119.000000","m","urban","background","01/01/2009 00:00:00","","SAM_14021007_9_M","3.6","m","55.0","m","38.0","m","-999.0","m","","-999.0","t.km-2.year-1","0","-999.0","t.km-1.year-1","-999.0","t.year-1","CÓRDOBA","","","38.0","","","15.0","6.0","0","0","SPP_14021007_9_M.1","01/01/2009 00:00:00","","active","","","","","LVSman2.3","","gravi","","ref","","4.5","ug.m-3","","desconocido","1","day","1","day","http://cdr.eionet.europa.eu/es/eu/aqd/d/envaxdj6q/ES_D_Metainfo.xml","05/09/2026 03:00:13"
"Spain","ES.BDCA.AQD","2025","NET_ES201A","CCAA Andalucía","UTC","ES1799A","14021007","LEPANTO","SP_14021007_9_M","PM2.5","-4.762340","37.892610","119.000000","m","urban","background","01/01/2009 00:00:00","","SAM_14021007_9_M","3.6","m","55.0","m","38.0","m","-999.0","m","","-999.0","t.km-2.year-1","0","-999.0","t.km-1.year-1","-999.0","t.year-1","CÓRDOBA","","","38.0","","","15.0","6.0","0","0","SPP_14021007_9_M.2","01/01/2009 00:00:00","","active","","","","","LVSman2.3","","gravi","","ref","","4.5","ug.m-3","","desconocido","1","day","1","day","http://cdr.eionet.europa.eu/es/eu/aqd/d/envaxdj6q/ES_D_Metainfo.xml","05/09/2026 03:00:13"
"Spain","ES.BDCA.AQD","2025","NET_ES209A","CCAA Cataluña","UTC","ES0692A","08101001","L'HOSPITALET DE LLOBREGAT (AV. DEL TORRENT GORNAL)","SP_08101001_9_M","PM2.5","2.115000","41.370500","29.000000","m","urban","background","01/10/2010 00:00:00","","SAM_08101001_9_M","4.1","m","","m","18.0","m","0.0","m","Transport","-999.0","t.km-2.year-1","0","-999.0","t.km-1.year-1","-999.0","t.year-1","HOSPITALET DE LLOBREGAT (L')","detached","","14.3","","","6.0","24.0","0","13000","SPP_08101001_9_M.1","01/10/2010 00:00:00","","active","","","","","HVSauto30","","gravi","","ref","","3","ug.m-3","","http://missing.com","1","day","1","day","http://cdr.eionet.europa.eu/es/eu/aqd/d/envaxdj6q/ES_D_Metainfo.xml","05/09/2026 03:00:13"
"Spain","ES.BDCA.AQD","2025","NET_ES208A","CCAA Castilla y León","UTC","ES0360A","24070001","LILLO","SP_24070001_9_47","PM2.5","-6.603900","42.781400","700.000000","m","rural","industrial","01/01/2009 00:00:00","31/12/2017 00:00:00","SAM_24070001_9_47","3.0","m","","m","","m","8300.0","m","","-999.0","t.km-2.year-1","0","-999.0","t.km-1.year-1","-999.0","t.year-1","FABERO","","","100.0","","","0.0","25.0","50","1000","SPP_24070001_9_47.1","01/01/2009 00:00:00","31/12/2017 00:00:00","automatic","TEOM","","unknown","","","","","","yes","http://missing,com","-999","ug.m-3","","http://missing,com","1","hour","1","hour","http://cdr.eionet.europa.eu/es/eu/aqd/d/envaxdj6q/ES_D_Metainfo.xml","05/09/2026 03:00:13"
"Spain","ES.BDCA.AQD","2025","NET_ES208A","CCAA Castilla y León","UTC","ES0360A","24070001","LILLO","SP_24070001_9_49","PM2.5","-6.603900","42.781400","700.000000","m","rural","industrial","01/01/2018 00:00:00","01/01/2019 00:00:00","SAM_24070001_9_49","3.0","m","","m","","m","8300.0","m","","-999.0","t.km-2.year-1","0","-999.0","t.km-1.year-1","-999.0","t.year-1","FABERO","","","100.0","","","0.0","25.0","50","1000","SPP_24070001_9_49.1","01/01/2018 00:00:00","01/01/2019 00:00:00","automatic","BETA","","enviroMP101M","","","","","","inprogress","http://missing.com","-999","ug.m-3","","http://missing.com","1","hour","1","hour","http://cdr.eionet.europa.eu/es/eu/aqd/d/envaxdj6q/ES_D_Metainfo.xml","05/09/2026 03:00:13"
"Spain","ES.BDCA.AQD","2025","NET_ES203A","CCAA Asturias","UTC","ES0880A","33004021","LLANOPONTE","SP_33004021_9_49","PM2.5","-5.919700","43.551200","6.000000","m","urban","traffic","13/03/2018 00:00:00","","SAM_33004021_9_49","3.3","m","14.0","m","3.2","m","-999.0","m","Industrial Processes","-999.0","t.km-2.year-1","0","-999.0","t.km-1.year-1","-999.0","t.year-1","AVILÉS","detached","","4.0","","0.08","0.0","0.0","20","20000","SPP_33004021_9_49.1","13/03/2018 00:00:00","","automatic","BETA","","thermo5014i","","","","","","yes","http://missing.com","-999","ug.m-3","","http://missing.com","1","hour","1","hour","http://cdr.eionet.europa.eu/es/eu/aqd/d/envaxdj6q/ES_D_Metainfo.xml","05/09/2026 03:00:13"
"Spain","ES.BDCA.AQD","2025","NET_ES209A","CCAA Cataluña","UTC","ES1225A","25120001","LLEIDA (IRURITA - PIUS XII)","SP_25120001_9_47","PM2.5","0.615700","41.615800","170.000000","m","urban","traffic","01/09/2023 00:00:00","","SAM_25120001_9_47","3.6","m","58.0","m","30.0","m","34.0","m","Transport","-999.0","t.km-2.year-1","0","-999.0","t.km-1.year-1","-999.0","t.year-1","LLEIDA","","","32.0","","0.12","4.0","3.0","102","8427","SPP_25120001_9_47.1","01/09/2023 00:00:00","","automatic","DOAS","","FIDAS200","","","","","","inprogress","http://missing.com","1","ug.m-3","","unknown","1","hour","1","hour","http://cdr.eionet.europa.eu/es/eu/aqd/d/envaxdj6q/ES_D_Metainfo.xml","05/09/2026 03:00:13"
"Spain","ES.BDCA.AQD","2025","NET_ES209A","CCAA Cataluña","UTC","ES1225A","25120001","LLEIDA (IRURITA - PIUS XII)","SP_25120001_9_M","PM2.5","0.615700","41.615800","170.000000","m","urban","traffic","15/03/2007 00:00:00","","SAM_25120001_9_M","3.6","m","16.0","m","1.5","m","34.0","m","Transport","-999.0","t.km-2.year-1","0","-999.0","t.km-1.year-1","-999.0","t.year-1","LLEIDA","","","32.0","","0.12","4.0","3.0","102","8427","SPP_25120001_9_M.1","15/03/2007 00:00:00","","active","","","","","HVSauto30","","gravi","","ref","","3","ug.m-3","","http://missing.com","1","day","1","day","http://cdr.eionet.europa.eu/es/eu/aqd/d/envaxdj6q/ES_D_Metainfo.xml","05/09/2026 03:00:13"
"Spain","ES.BDCA.AQD","2025","NET_ES216A","CCAA País Vasco","UTC","ES1349A","01036004","LLODIO","SP_01036004_9_46","PM2.5","-2.963370","43.144070","122.000000","m","suburban","traffic","01/01/2021 00:00:00","","SAM_01036004_9_46","3.8","m","17.0","m","7.0","m","-999.0","m","Transport","-999.0","t.km-2.year-1","0","-999.0","t.km-1.year-1","-999.0","t.year-1","LLODIO","","","7.0","","","0.0","0.0","0","6000","SPP_01036004_9_46.1","01/01/2021 00:00:00","","automatic","light-scat","","FIDAS200","","","","","","yes","https://www.euskadi.eus/informacion/material-particulado/web01-a2ingair/es/","4","ug.m-3","","https://www.euskadi.eus/informacion/material-particulado/web01-a2ingair/es/","1","hour","1","hour","http://cdr.eionet.europa.eu/es/eu/aqd/d/envaxdj6q/ES_D_Metainfo.xml","05/09/2026 03:00:13"
"Spain","ES.BDCA.AQD","2025","NET_ES212A","CCAA Galicia","UTC","ES2063A","36057026","LOPE DE VEGA","SP_36057026_9_49","PM2.5","-8.711100","42.222400","30.000000","m","urban","traffic","22/04/2015 00:00:00","31/12/2015 00:00:00","SAM_36057026_9_49","3.8","m","9.0","m","5.0","m","-999.0","m","","-999.0","t.km-2.year-1","0","-999.0","t.km-1.year-1","-999.0","t.year-1","VIGO","","","5.0","","","3.0","3.0","0","0","SPP_36057026_9_49.1","22/04/2015 00:00:00","31/12/2015 00:00:00","automatic","BETA","","unknown","","","","","","yes","http://missing.com","-999","ug.m-3","","http://missing.com","1","hour","1","hour","http://cdr.eionet.europa.eu/es/eu/aqd/d/envaxdj6q/ES_D_Metainfo.xml","05/09/2026 03:00:13"
"Spain","ES.BDCA.AQD","2025","NET_ES214A","CCAA Murcia","UTC","ES1569A","30024002","LORCA","SP_30024002_9_A","PM2.5","-1.702800","37.687800","340.000000","m","suburban","background","25/09/2023 00:00:00","","SAM_30024002_9_A","4.0","m","","m","","m","-999.0","m","Manufacturing Industries and Construction","-999.0","t.km-2.year-1","0","-999.0","t.km-1.year-1","-999.0","t.year-1","LORCA","","","12.0","","","0.0","0.0","0","1000","SPP_30024002_9_A.1","25/09/2023 00:00:00","","automatic","light-scat","","FIDAS200","","","","","","ref","","1","ug.m-3","","https://sinqlair.carm.es/sinqlair","1","hour","1","hour","http://cdr.eionet.europa.eu/es/eu/aqd/d/envaxdj6q/ES_D_Metainfo.xml","05/09/2026 03:00:13"
"Spain","ES.BDCA.AQD","2025","NET_ES214A","CCAA Murcia","UTC","ES1569A","30024002","LORCA","SP_30024002_9_M","PM2.5","-1.702800","37.687800","340.000000","m","suburban","background","01/01/2021 00:00:00","","SAM_30024002_9_M","4.0","m","1.0","m","1.0","m","-999.0","m","Manufacturing Industries and Construction","-999.0","t.km-2.year-1","0","-999.0","t.km-1.year-1","-999.0","t.year-1","LORCA","","","12.0","","","0.0","0.0","0","1000","SPP_30024002_9_M.1","01/01/2021 00:00:00","","active","","","","","HVSauto30","","gravi","","ref","","1","ug.m-3","","www.missing.com","1","day","1","day","http://cdr.eionet.europa.eu/es/eu/aqd/d/envaxdj6q/ES_D_Metainfo.xml","05/09/2026 03:00:13"
"Spain","ES.BDCA.AQD","2025","NET_ES201A","CCAA Andalucía","UTC","ES0712A","11008001","LOS BARRIOS","SP_11008001_9_49","PM2.5","-5.480830","36.175380","45.000000","m","suburban","industrial","06/07/2009 00:00:00","","SAM_11008001_9_49","4.4","m","10.0","m","3.0","m","-999.0","m","Industrial Processes","-999.0","t.km-2.year-1","0","-999.0","t.km-1.year-1","-999.0","t.year-1","BARRIOS (LOS)","","","6.0","","0.02","4.0","3.5","20","75","SPP_11008001_9_49.1","06/07/2009 00:00:00","","automatic","BETA","","unknown","","","","","","inprogress","0","0","ug.m-3","","desconocido","1","hour","1","hour","http://cdr.eionet.europa.eu/es/eu/aqd/d/envaxdj6q/ES_D_Metainfo.xml","05/09/2026 03:00:13"
"Spain","ES.BDCA.AQD","2025","NET_ES201A","CCAA Andalucía","UTC","ES0712A","11008001","LOS BARRIOS","SP_11008001_9_49","PM2.5","-5.480830","36.175380","45.000000","m","suburban","industrial","06/07/2009 00:00:00","","SAM_11008001_9_49","4.4","m","10.0","m","3.0","m","-999.0","m","Industrial Processes","-999.0","t.km-2.year-1","0","-999.0","t.km-1.year-1","-999.0","t.year-1","BARRIOS (LOS)","","","6.0","","0.02","4.0","3.5","20","75","SPP_11008001_9_49.2","06/07/2009 00:00:00","","automatic","BETA","","BAM1020","","","","","","inprogress","informe betagravimetrico","1","ug.m-3","","desconocido","1","hour","1","hour","http://cdr.eionet.europa.eu/es/eu/aqd/d/envaxdj6q/ES_D_Metainfo.xml","05/09/2026 03:00:13"
"Spain","ES.BDCA.AQD","2025","NET_ES201A","CCAA Andalucía","UTC","ES0712A","11008001","LOS BARRIOS","SP_11008001_9_M","PM2.5","-5.480830","36.175380","45.000000","m","suburban","industrial","01/01/2008 00:00:00","","SAM_11008001_9_M","4.3","m","10.0","m","3.0","m","-999.0","m","Industrial Processes","-999.0","t.km-2.year-1","0","-999.0","t.km-1.year-1","-999.0","t.year-1","BARRIOS (LOS)","","","6.0","","0.02","4.0","3.5","20","75","SPP_11008001_9_M.1","01/01/2008 00:00:00","","active","","","","","HVSman68","","gravi","","ref","","1","ug.m-3","","DESCONOCIDO","1","day","1","day","http://cdr.eionet.europa.eu/es/eu/aqd/d/envaxdj6q/ES_D_Metainfo.xml","05/09/2026 03:00:13"
"Spain","ES.BDCA.AQD","2025","NET_ES201A","CCAA Andalucía","UTC","ES0712A","11008001","LOS BARRIOS","SP_11008001_9_M","PM2.5","-5.480830","36.175380","45.000000","m","suburban","industrial","01/01/2008 00:00:00","","SAM_11008001_9_M","4.3","m","10.0","m","3.0","m","-999.0","m","Industrial Processes","-999.0","t.km-2.year-1","0","-999.0","t.km-1.year-1","-999.0","t.year-1","BARRIOS (LOS)","","","6.0","","0.02","4.0","3.5","20","75","SPP_11008001_9_M.2","01/01/2008 00:00:00","","active","","","","","LVSauto2.3","","gravi","","ref","","1","ug.m-3","","DESCONOCIDO","1","day","1","day","http://cdr.eionet.europa.eu/es/eu/aqd/d/envaxdj6q/ES_D_Metainfo.xml","05/09/2026 03:00:13"
"Spain","ES.BDCA.AQD","2025","NET_ES216A","CCAA País Vasco","UTC","ES1673A","01059012","LOS HERRAN","SP_01059012_9_49","PM2.5","-2.661390","42.843610","50.000000","m","urban","traffic","01/01/2011 00:00:00","","SAM_01059012_9_49","4.0","m","","m","","m","-999.0","m","Transport","-999.0","t.km-2.year-1","0","-999.0","t.km-1.year-1","-999.0","t.year-1","VITORIA-GASTEIZ","","","0.0","","","0.0","0.0","0","6000","SPP_01059012_9_49.1","01/01/2011 00:00:00","","automatic","BETA","","unknown","","","","","","inprogress","","-999","ug.m-3","","http://missing.com","1","hour","1","hour","http://cdr.eionet.europa.eu/es/eu/aqd/d/envaxdj6q/ES_D_Metainfo.xml","05/09/2026 03:00:13"
"Spain","ES.BDCA.AQD","2025","NET_ES207A","CCAA Cast. la Mancha","UTC","ES2137A","45200001","LOS YÉBENES","SP_45200001_9_49","PM2.5","-3.865200","39.576900","780.000000","m","suburban","background","17/11/2021 00:00:00","","SAM_45200001_9_49","3.9","m","","m","","m","0.3","m","","-999.0","t.km-2.year-1","0","-999.0","t.km-1.year-1","-999.0","t.year-1","YÉBENES (LOS)","detached","plane","0.0","","","0.0","0.0","0","1250","SPP_45200001_9_49.1","17/11/2021 00:00:00","","automatic","BETA","","BAM1020heated","","","","","","no","http://missing.com","2","ug.m-3","","http://missing.com","1","hour","1","hour","http://cdr.eionet.europa.eu/es/eu/aqd/d/envaxdj6q/ES_D_Metainfo.xml","05/09/2026 03:00:13"
"Spain","ES.BDCA.AQD","2025","NET_ES212A","CCAA Galicia","UTC","ES1905A","27028005","LUGO-FINGOY","SP_27028005_9_49","PM2.5","-7.550900","42.997900","450.000000","m","urban","traffic","01/01/2015 00:00:00","","SAM_27028005_9_49","4.6","m","20.0","m","6.0","m","0.1","m","Transport","-999.0","t.km-2.year-1","0","-999.0","t.km-1.year-1","-999.0","t.year-1","LUGO","","plane","6.0","","","17.0","21.0","30","2000","SPP_27028005_9_49.1","01/01/2015 00:00:00","","automatic","BETA","","BAM1020","","","","","","yes","http://missing.com","1.33","ug.m-3","","http://missing.com","1","hour","1","hour","http://cdr.eionet.europa.eu/es/eu/aqd/d/envaxdj6q/ES_D_Metainfo.xml","05/09/2026 03:00:13"
"Spain","ES.BDCA.AQD","2025","NET_ES203A","CCAA Asturias","UTC","ES2051A","33066004","LUGONES INSTITUTO","SP_33066004_9_49","PM2.5","-5.802800","43.401500","170.000000","m","suburban","industrial","01/01/2014 00:00:00","","SAM_33066004_9_49","3.3","m","","m","","m","1.0","m","Industrial Processes","-999.0","t.km-2.year-1","0","-999.0","t.km-1.year-1","-999.0","t.year-1","SIERO","","","4.0","","0.07","0.0","30.0","90","50000","SPP_33066004_9_49.1","01/01/2014 00:00:00","","automatic","BETA","","BAM1020","","","","","","inprogress","","1","ug.m-3","","http://missing,com","1","hour","1","hour","http://cdr.eionet.europa.eu/es/eu/aqd/d/envaxdj6q/ES_D_Metainfo.xml","05/09/2026 03:00:13"
"Spain","ES.BDCA.AQD","2025","NET_ES212A","CCAA Galicia","UTC","ES1958A","15070010","MACIÑEIRA","SP_15070010_9_A","PM2.5","-7.918100","43.445400","418.000000","m","rural","industrial","01/01/2024 00:00:00","","SAM_15070010_9_A","3.5","m","","m","","m","4.5","m","Industrial Processes","-999.0","t.km-2.year-1","0","-999.0","t.km-1.year-1","-999.0","t.year-1","PONTES DE GARCÍA RODRÍGUEZ (AS)","elevated","mount","0.0","","0.15","0.0","3.0","0","6000","SPP_15070010_9_A.1","01/01/2024 00:00:00","","automatic","TEOM","","TEOM1400A","","","","","","inprogress","http://missing.com","2","ug.m-3","","-","1","hour","1","hour","http://cdr.eionet.europa.eu/es/eu/aqd/d/envaxdj6q/ES_D_Metainfo.xml","05/09/2026 03:00:13"
"Spain","ES.BDCA.AQD","2025","NET_ES201A","CCAA Andalucía","UTC","ES0894A","11033008","MADREVIEJA","SP_11033008_9_49","PM2.5","-5.404710","36.204420","23.000000","m","rural","industrial","18/05/2005 00:00:00","","SAM_11033008_9_49","5.1","m","","m","","m","0.5","m","Industrial Processes","-999.0","t.km-2.year-1","0","-999.0","t.km-1.year-1","-999.0","t.year-1","SAN ROQUE","","","225.0","","0.00","0.0","0.0","0","0","SPP_11033008_9_49.1","18/05/2005 00:00:00","","automatic","BETA","","BAM1020","","","","","","yes","http://missing.com","1","ug.m-3","","http://missing.com","1","hour","1","hour","http://cdr.eionet.europa.eu/es/eu/aqd/d/envaxdj6q/ES_D_Metainfo.xml","05/09/2026 03:00:13"
"Spain","ES.BDCA.AQD","2025","NET_ES212A","CCAA Galicia","UTC","ES0201A","15070002","MAGDALENA (B-1)","SP_15070002_9_46","PM2.5","-7.847800","43.453900","362.000000","m","suburban","industrial","01/07/2007 00:00:00","23/08/2015 00:00:00","SAM_15070002_9_46","5.0","m","","m","","m","1.8","m","Energy Industries","-999.0","t.km-2.year-1","0","-999.0","t.km-1.year-1","-999.0","t.year-1","PONTES DE GARCÍA RODRÍGUEZ (AS)","detached","mount","0.0","","0.08","0.0","7.7","0","1000","SPP_15070002_9_46.1","01/07/2007 00:00:00","23/08/2015 00:00:00","automatic","light-scat","","unknown","","","","","","yes","http://missing.com","10","ug.m-3","","","1","hour","1","hour","http://cdr.eionet.europa.eu/es/eu/aqd/d/envaxdj6q/ES_D_Metainfo.xml","05/09/2026 03:00:13"
"Spain","ES.BDCA.AQD","2025","NET_ES212A","CCAA Galicia","UTC","ES0201A","15070002","MAGDALENA (B-1)","SP_15070002_9_47","PM2.5","-7.847800","43.453900","362.000000","m","suburban","industrial","31/10/1990 00:00:00","","SAM_15070002_9_47","3.5","m","16.0","m","","m","1.8","m","Energy Industries","-999.0","t.km-2.year-1","0","-999.0","t.km-1.year-1","-999.0","t.year-1","PONTES DE GARCÍA RODRÍGUEZ (AS)","detached","mount","0.0","","0.08","0.0","7.7","0","1000","SPP_15070002_9_47.1","31/10/1990 00:00:00","","automatic","TEOM","","TEOM1400A","","","","","","yes","http://missing.com","2","ug.m-3","","http://missing.com","1","hour","1","hour","http://cdr.eionet.europa.eu/es/eu/aqd/d/envaxdj6q/ES_D_Metainfo.xml","05/09/2026 03:00:13"
"Spain","ES.BDCA.AQD","2025","NET_ES058A","EMEP/VAG/CAMP","UTC","ES0006R","07032999","MAHÓN","SP_07032999_9_M","PM2.5","4.323890","39.876110","78.000000","m","rural","background","01/05/2012 00:00:00","","SAM_07032999_9_M","1.7","m","","m","","m","0.0","m","Land use, land use change and forestry","-999.0","t.km-2.year-1","0","-999.0","t.km-1.year-1","-999.0","t.year-1","MAHÓN","","","0.0","","","0.0","0.0","0","0","SPP_07032999_9_M.1","01/05/2012 00:00:00","","active","","","","","HVSman30","","gravi","","ref","","-999","ug.m-3","","http://missing.com","1","day","1","day","http://cdr.eionet.europa.eu/es/eu/aqd/d/envaxdj6q/ES_D_Metainfo.xml","05/09/2026 03:00:13"
"Spain","ES.BDCA.AQD","2025","NET_ES209A","CCAA Cataluña","UTC","ES1397A","08112003","MANLLEU (HOSPITAL COMARCAL)","SP_08112003_9_47","PM2.5","2.287300","42.003300","460.000000","m","suburban","background","01/09/2023 00:00:00","","SAM_08112003_9_47","3.6","m","","m","","m","-999.0","m","","-999.0","t.km-2.year-1","0","-999.0","t.km-1.year-1","-999.0","t.year-1","MANLLEU","","","4.0","","","0.0","0.0","0","0","SPP_08112003_9_47.1","01/09/2023 00:00:00","","automatic","DOAS","","FIDAS200","","","","","","inprogress","http://missing.com","1","ug.m-3","","unknown","1","hour","1","hour","http://cdr.eionet.europa.eu/es/eu/aqd/d/envaxdj6q/ES_D_Metainfo.xml","05/09/2026 03:00:13"
"Spain","ES.BDCA.AQD","2025","NET_ES209A","CCAA Cataluña","UTC","ES0392A","08113002","MANRESA (CEIP LA FONT)","SP_08113002_9_M","PM2.5","1.838500","41.727700","238.000000","m","suburban","traffic","01/01/2009 00:00:00","31/12/2024 00:00:00","SAM_08113002_9_M","1.9","m","40.0","m","6.0","m","-999.0","m","","-999.0","t.km-2.year-1","0","-999.0","t.km-1.year-1","-999.0","t.year-1","MANRESA","","","6.0","","0.12","0.0","19.0","56","5016","SPP_08113002_9_M.1","01/01/2009 00:00:00","31/12/2024 00:00:00","active","","","","","HVSauto30","","gravi","","ref","","8","ug.m-3","","http://missing.com","1","day","1","day","http://cdr.eionet.europa.eu/es/eu/aqd/d/envaxdj6q/ES_D_Metainfo.xml","05/09/2026 03:00:13"
"Spain","ES.BDCA.AQD","2025","NET_ES209A","CCAA Cataluña","UTC","ES2189A","08113009","MANRESA (CEIP LA FONT)","SP_08113009_9_M","PM2.5","1.838500","41.727700","238.000000","m","suburban","background","01/01/2025 00:00:00","","SAM_08113009_9_M","1.9","m","40.0","m","6.0","m","-999.0","m","","-999.0","t.km-2.year-1","0","-999.0","t.km-1.year-1","-999.0","t.year-1","MANRESA","","","6.0","","0.12","4.5","19.0","56","5016","SPP_08113009_9_M.1","01/01/2025 00:00:00","","active","","","","","HVSauto30","","gravi","","ref","","8","ug.m-3","","http://missing.com","1","day","1","day","http://cdr.eionet.europa.eu/es/eu/aqd/d/envaxdj6q/ES_D_Metainfo.xml","05/09/2026 03:00:13"
"Spain","ES.BDCA.AQD","2025","NET_ES207A","CCAA Cast. la Mancha","UTC","ES2185A","13053001","MANZANARES","SP_13053001_9_46","PM2.5","-3.358800","38.995700","661.000000","m","suburban","background","01/01/2025 00:00:00","","SAM_13053001_9_46","3.9","m","","m","","m","0.1","m","","-999.0","t.km-2.year-1","0","-999.0","t.km-1.year-1","-999.0","t.year-1","MANZANARES","open","","0.0","","","0.0","0.0","0","0","SPP_13053001_9_46.1","01/01/2025 00:00:00","","automatic","light-scat","","FIDAS100E","","","","","","no","missing","2","ug.m-3","","http://missing.com","1","hour","1","hour","http://cdr.eionet.europa.eu/es/eu/aqd/d/envaxdj6q/ES_D_Metainfo.xml","05/09/2026 03:00:13"
"Spain","ES.BDCA.AQD","2025","NET_ES201A","CCAA Andalucía","UTC","ES2030A","29069002","MARBELLA ARCO","SP_29069002_9_M","PM2.5","-4.863000","36.511000","39.000000","m","urban","traffic","01/01/2013 00:00:00","31/12/2023 00:00:00","SAM_29069002_9_M","3.5","m","20.0","m","8.0","m","-999.0","m","Transport","-999.0","t.km-2.year-1","0","-999.0","t.km-1.year-1","-999.0","t.year-1","MARBELLA","","","5.0","","","2.5","13.0","0","0","SPP_29069002_9_M.1","01/01/2013 00:00:00","31/12/2023 00:00:00","active","","","","","HVSman30","","gravi","","ref","","1","ug.m-3","","http://missing.com","1","day","1","day","http://cdr.eionet.europa.eu/es/eu/aqd/d/envaxdj6q/ES_D_Metainfo.xml","05/09/2026 03:00:13"
"Spain","ES.BDCA.AQD","2025","NET_ES201A","CCAA Andalucía","UTC","ES2030A","29069002","MARBELLA ARCO","SP_29069002_9_M","PM2.5","-4.863000","36.511000","39.000000","m","urban","traffic","01/01/2013 00:00:00","31/12/2023 00:00:00","SAM_29069002_9_M","3.5","m","20.0","m","8.0","m","-999.0","m","Transport","-999.0","t.km-2.year-1","0","-999.0","t.km-1.year-1","-999.0","t.year-1","MARBELLA","","","5.0","","","2.5","13.0","0","0","SPP_29069002_9_M.2","01/01/2013 00:00:00","31/12/2023 00:00:00","active","","","","","HVSman30","","gravi","","ref","unknown","1","ug.m-3","","http://missing.com","1","day","1","day","http://cdr.eionet.europa.eu/es/eu/aqd/d/envaxdj6q/ES_D_Metainfo.xml","05/09/2026 03:00:13"
"Spain","ES.BDCA.AQD","2025","NET_ES201A","CCAA Andalucía","UTC","ES1878A","21005002","MATALASCAÑAS","SP_21005002_9_M","PM2.5","-6.570420","37.016100","22.000000","m","rural","background","01/01/2011 00:00:00","","SAM_21005002_9_M","3.9","m","","m","","m","35.0","m","Transport","-999.0","t.km-2.year-1","0","-999.0","t.km-1.year-1","-999.0","t.year-1","ALMONTE","","","0.0","","","0.0","0.0","0","0","SPP_21005002_9_M.1","01/01/2011 00:00:00","","active","","","","","HVSman30","","gravi","","ref","","1","ug.m-3","","unknown","1","day","1","day","http://cdr.eionet.europa.eu/es/eu/aqd/d/envaxdj6q/ES_D_Metainfo.xml","05/09/2026 03:00:13"
"Spain","ES.BDCA.AQD","2025","NET_ES209A","CCAA Cataluña","UTC","ES1841A","08121014","MATARÓ (LABORATORI D'AIGÜES)","SP_08121014_9_M","PM2.5","2.437300","41.551900","30.000000","m","suburban","background","15/12/2008 00:00:00","","SAM_08121014_9_M","5.5","m","","m","","m","-999.0","m","","-999.0","t.km-2.year-1","0","-999.0","t.km-1.year-1","-999.0","t.year-1","MATARÓ","","","0.0","","","2.0","0.0","0","0","SPP_08121014_9_M.1","15/12/2008 00:00:00","","active","","","","","HVSauto30","","gravi","","ref","","3","ug.m-3","","http://missing.com","1","day","1","day","http://cdr.eionet.europa.eu/es/eu/aqd/d/envaxdj6q/ES_D_Metainfo.xml","05/09/2026 03:00:13"
"Spain","ES.BDCA.AQD","2025","NET_ES201A","CCAA Andalucía","UTC","ES1792A","21050003","MAZAGON","SP_21050003_9_49","PM2.5","-6.807450","37.133790","31.000000","m","suburban","industrial","25/01/2005 00:00:00","","SAM_21050003_9_49","4.0","m","","m","","m","8.5","m","","-999.0","t.km-2.year-1","0","-999.0","t.km-1.year-1","-999.0","t.year-1","MOGUER","","","0.0","","","0.0","0.0","0","0","SPP_21050003_9_49.1","25/01/2005 00:00:00","","automatic","BETA","","meloySA700","","","","","","yes","http://missing.com","1","ug.m-3","","http://missing.com","1","hour","1","hour","http://cdr.eionet.europa.eu/es/eu/aqd/d/envaxdj6q/ES_D_Metainfo.xml","05/09/2026 03:00:13"
"Spain","ES.BDCA.AQD","2025","NET_ES216A","CCAA País Vasco","UTC","ES1244A","48020062","MAZARREDO","SP_48020062_9_46","PM2.5","-2.935200","43.267500","33.000000","m","urban","traffic","01/01/2020 00:00:00","","SAM_48020062_9_46","6.0","m","50.0","m","10.0","m","-999.0","m","Transport","-999.0","t.km-2.year-1","0","-999.0","t.km-1.year-1","-999.0","t.year-1","BILBAO","","","12.0","","0.01","0.0","0.0","50","7089","SPP_48020062_9_46.1","01/01/2020 00:00:00","","automatic","light-scat","","FIDAS200","","","","","","no","https://www.euskadi.eus/informacion/material-particulado/web01-a2ingair/es/#4081","2","ug.m-3","","https://www.euskadi.eus/informacion/material-particulado/web01-a2ingair/es/#4081","1","hour","1","hour","http://cdr.eionet.europa.eu/es/eu/aqd/d/envaxdj6q/ES_D_Metainfo.xml","05/09/2026 03:00:13"
"Spain","ES.BDCA.AQD","2025","NET_ES205A","CCAA Islas Canarias","UTC","ES1762A","38017001","MÉDANO","SP_38017001_9_46","PM2.5","-16.536050","28.047330","12.000000","m","urban","industrial","01/01/2010 00:00:00","31/12/2024 00:00:00","SAM_38017001_9_46","3.8","m","","m","","m","-999.0","m","Transport","-999.0","t.km-2.year-1","0","-999.0","t.km-1.year-1","-999.0","t.year-1","GRANADILLA DE ABONA","","","50.0","","","0.0","0.0","0","0","SPP_38017001_9_46.1","01/01/2010 00:00:00","31/12/2024 00:00:00","automatic","light-scat","","BAM1020","","","","","","yes","http://missing.com","0","ug.m-3","","http://missing.com","1","hour","1","hour","http://cdr.eionet.europa.eu/es/eu/aqd/d/envaxdj6q/ES_D_Metainfo.xml","05/09/2026 03:00:13"
"Spain","ES.BDCA.AQD","2025","NET_ES205A","CCAA Islas Canarias","UTC","ES1762A","38017001","MÉDANO","SP_38017001_9_A","PM2.5","-16.536050","28.047330","12.000000","m","urban","industrial","01/01/2025 00:00:00","","SAM_38017001_9_A","3.8","m","","m","","m","-999.0","m","Transport","-999.0","t.km-2.year-1","0","-999.0","t.km-1.year-1","-999.0","t.year-1","GRANADILLA DE ABONA","","","50.0","","","0.0","0.0","0","0","SPP_38017001_9_A.1","01/01/2025 00:00:00","","automatic","light-scat","","BAM1020","","","","","","yes","http://missing.com","0","ug.m-3","","http://missing.com","1","hour","1","hour","http://cdr.eionet.europa.eu/es/eu/aqd/d/envaxdj6q/ES_D_Metainfo.xml","05/09/2026 03:00:13"
"Spain","ES.BDCA.AQD","2025","NET_ES208A","CCAA Castilla y León","UTC","ES1162A","47085003","MEDINA DEL CAMPO","SP_47085003_9_49","PM2.5","-4.909170","41.316390","721.000000","m","suburban","industrial","02/11/2021 00:00:00","","SAM_47085003_9_49","3.0","m","5.0","m","0.0","m","-999.0","m","Transport","-999.0","t.km-2.year-1","0","-999.0","t.km-1.year-1","-999.0","t.year-1","MEDINA DEL CAMPO","","","0.0","","","4.0","0.0","20","0","SPP_47085003_9_49.1","02/11/2021 00:00:00","","automatic","BETA","","BAM1020","","","","","","yes","http://missing.com","4.8","ug.m-3","","http://missing.com","1","hour","1","hour","http://cdr.eionet.europa.eu/es/eu/aqd/d/envaxdj6q/ES_D_Metainfo.xml","05/09/2026 03:00:13"
"Spain","ES.BDCA.AQD","2025","NET_ES208A","CCAA Castilla y León","UTC","ES1162A","47085003","MEDINA DEL CAMPO","SP_47085003_9_49","PM2.5","-4.909170","41.316390","721.000000","m","suburban","industrial","02/11/2021 00:00:00","","SAM_47085003_9_49","3.0","m","5.0","m","0.0","m","-999.0","m","Transport","-999.0","t.km-2.year-1","0","-999.0","t.km-1.year-1","-999.0","t.year-1","MEDINA DEL CAMPO","","","0.0","","","4.0","0.0","20","0","SPP_47085003_9_49.2","02/11/2021 00:00:00","","automatic","light-scat","","FIDAS200","","","","","","yes","http://missing.com","0.1","ug.m-3","","http://missing.com","1","hour","1","hour","http://cdr.eionet.europa.eu/es/eu/aqd/d/envaxdj6q/ES_D_Metainfo.xml","05/09/2026 03:00:13"
"Spain","ES.BDCA.AQD","2025","NET_ES201A","CCAA Andalucía","UTC","ES1393A","04013004","MEDITERRÁNEO","SP_04013004_9_49","PM2.5","-2.446720","36.841330","51.000000","m","urban","traffic","01/01/2021 00:00:00","","SAM_04013004_9_49","4.5","m","70.0","m","55.0","m","-999.0","m","Transport","-999.0","t.km-2.year-1","0","-999.0","t.km-1.year-1","-999.0","t.year-1","ALMERÍA","","","55.0","","","27.0","15.0","0","20000","SPP_04013004_9_49.1","01/01/2021 00:00:00","","automatic","BETA","","thermo5014i","","","","","","yes","http://missing.com","1","ug.m-3","","informe beta grav","1","hour","1","hour","http://cdr.eionet.europa.eu/es/eu/aqd/d/envaxdj6q/ES_D_Metainfo.xml","05/09/2026 03:00:13"
"Spain","ES.BDCA.AQD","2025","NET_ES201A","CCAA Andalucía","UTC","ES1393A","04013004","MEDITERRÁNEO","SP_04013004_9_M","PM2.5","-2.446720","36.841330","51.000000","m","urban","traffic","01/01/2009 00:00:00","","SAM_04013004_9_M","3.5","m","70.0","m","55.0","m","-999.0","m","Transport","-999.0","t.km-2.year-1","0","-999.0","t.km-1.year-1","-999.0","t.year-1","ALMERÍA","","","55.0","","","27.0","15.0","0","20000","SPP_04013004_9_M.1","01/01/2009 00:00:00","","active","","","","","HVSman30","","gravi","","ref","","1","ug.m-3","","desconocido","1","day","1","day","http://cdr.eionet.europa.eu/es/eu/aqd/d/envaxdj6q/ES_D_Metainfo.xml","05/09/2026 03:00:13"
"Spain","ES.BDCA.AQD","2025","NET_ES201A","CCAA Andalucía","UTC","ES1393A","04013004","MEDITERRÁNEO","SP_04013004_9_M","PM2.5","-2.446720","36.841330","51.000000","m","urban","traffic","01/01/2009 00:00:00","","SAM_04013004_9_M","3.5","m","70.0","m","55.0","m","-999.0","m","Transport","-999.0","t.km-2.year-1","0","-999.0","t.km-1.year-1","-999.0","t.year-1","ALMERÍA","","","55.0","","","27.0","15.0","0","20000","SPP_04013004_9_M.2","01/01/2009 00:00:00","","active","","","","","HVSman30","","gravi","","ref","","1","ug.m-3","","desconocido","1","day","1","day","http://cdr.eionet.europa.eu/es/eu/aqd/d/envaxdj6q/ES_D_Metainfo.xml","05/09/2026 03:00:13"
"Spain","ES.BDCA.AQD","2025","NET_ES131A","Ayto Madrid","UTC","ES1937A","28079047","MENDEZ ALVARO","SP_28079047_9_47","PM2.5","-3.686670","40.398060","609.000000","m","urban","background","21/12/2009 00:00:00","","SAM_28079047_9_47","3.0","m","20.0","m","3.0","m","-999.0","m","Transport","-999.0","t.km-2.year-1","0","-999.0","t.km-1.year-1","-999.0","t.year-1","MADRID","","","0.0","","","4.0","12.8","40","10000","SPP_28079047_9_47.1","21/12/2009 00:00:00","","automatic","TEOM","","unknown","","","","","","yes","http://missing.com","-999","ug.m-3","","http://missing.com","1","hour","1","hour","http://cdr.eionet.europa.eu/es/eu/aqd/d/envaxdj6q/ES_D_Metainfo.xml","05/09/2026 03:00:13"
"Spain","ES.BDCA.AQD","2025","NET_ES131A","Ayto Madrid","UTC","ES1937A","28079047","MENDEZ ALVARO","SP_28079047_9_47","PM2.5","-3.686670","40.398060","609.000000","m","urban","background","21/12/2009 00:00:00","","SAM_28079047_9_47","3.0","m","20.0","m","3.0","m","-999.0","m","Transport","-999.0","t.km-2.year-1","0","-999.0","t.km-1.year-1","-999.0","t.year-1","MADRID","","","0.0","","","4.0","12.8","40","10000","SPP_28079047_9_47.2","21/12/2009 00:00:00","","automatic","TEOM","","TEOM1405DF-FDMS","","","","","","ref","","-999","ug.m-3","","http://missing.com","1","hour","1","hour","http://cdr.eionet.europa.eu/es/eu/aqd/d/envaxdj6q/ES_D_Metainfo.xml","05/09/2026 03:00:13"
"Spain","ES.BDCA.AQD","2025","NET_ES204A","CCAA Islas Baleares","UTC","ES2065A","07019001","MENUT","SP_07019001_9_M","PM2.5","2.900720","39.830250","584.000000","m","rural","background","01/08/2024 00:00:00","","SAM_07019001_9_M","6.0","m","","m","","m","-999.0","m","Land use, land use change and forestry","-999.0","t.km-2.year-1","0","-999.0","t.km-1.year-1","-999.0","t.year-1","ESCORCA","open","basin-mount","0.0","","","0.0","0.0","0","0","SPP_07019001_9_M.1","01/08/2024 00:00:00","","active","","","","","LVSauto2.3","","gravi","","ref","","-999","ug.m-3","","http://missing.com","1","day","1","day","http://cdr.eionet.europa.eu/es/eu/aqd/d/envaxdj6q/ES_D_Metainfo.xml","05/09/2026 03:00:13"
"Spain","ES.BDCA.AQD","2025","NET_ES205A","CCAA Islas Canarias","UTC","ES1573A","35016012","MERCADO CENTRAL","SP_35016012_9_47","PM2.5","-15.432820","28.133730","11.000000","m","urban","traffic","31/12/2000 00:00:00","12/11/2015 00:00:00","SAM_35016012_9_47","3.5","m","27.0","m","13.0","m","-999.0","m","","-999.0","t.km-2.year-1","0","-999.0","t.km-1.year-1","-999.0","t.year-1","PALMAS DE GRAN CANARIA (LAS)","","","13.0","","","0.0","9.0","0","0","SPP_35016012_9_47.1","31/12/2000 00:00:00","12/11/2015 00:00:00","automatic","TEOM","","unknown","","","","","","yes","http://missing.com","-999","ug.m-3","","","1","hour","1","hour","http://cdr.eionet.europa.eu/es/eu/aqd/d/envaxdj6q/ES_D_Metainfo.xml","05/09/2026 03:00:13"
"Spain","ES.BDCA.AQD","2025","NET_ES205A","CCAA Islas Canarias","UTC","ES1573A","35016012","MERCADO CENTRAL","SP_35016012_9_47_49_c","PM2.5","-15.432820","28.133730","11.000000","m","urban","traffic","01/01/2015 00:00:00","01/01/2016 00:00:00","SAM_35016012_9_47_49_c","4.0","m","","m","","m","-999.0","m","","-999.0","t.km-2.year-1","0","-999.0","t.km-1.year-1","-999.0","t.year-1","PALMAS DE GRAN CANARIA (LAS)","","","13.0","","","0.0","9.0","0","0","SPP_35016012_9_47_49_c.1","01/01/2015 00:00:00","01/01/2016 00:00:00","automatic","other","","unknown","","","","","","inprogress","","-999","ug.m-3","","","1","hour","1","hour","http://cdr.eionet.europa.eu/es/eu/aqd/d/envaxdj6q/ES_D_Metainfo.xml","05/09/2026 03:00:13"
"Spain","ES.BDCA.AQD","2025","NET_ES205A","CCAA Islas Canarias","UTC","ES1573A","35016012","MERCADO CENTRAL","SP_35016012_9_49","PM2.5","-15.432820","28.133730","11.000000","m","urban","traffic","12/11/2015 00:00:00","31/12/2024 00:00:00","SAM_35016012_9_49","8.6","m","0.0","m","0.0","m","-999.0","m","","-999.0","t.km-2.year-1","0","-999.0","t.km-1.year-1","-999.0","t.year-1","PALMAS DE GRAN CANARIA (LAS)","","","13.0","","","0.0","9.0","0","0","SPP_35016012_9_49.1","12/11/2015 00:00:00","31/12/2024 00:00:00","automatic","BETA","","BAM1020","","","","","","yes","http://missing.com","0","ug.m-3","","http://missing.com","1","hour","1","hour","http://cdr.eionet.europa.eu/es/eu/aqd/d/envaxdj6q/ES_D_Metainfo.xml","05/09/2026 03:00:13"
"Spain","ES.BDCA.AQD","2025","NET_ES205A","CCAA Islas Canarias","UTC","ES1573A","35016012","MERCADO CENTRAL","SP_35016012_9_A","PM2.5","-15.432820","28.133730","11.000000","m","urban","traffic","01/01/2025 00:00:00","","SAM_35016012_9_A","8.6","m","0.0","m","0.0","m","-999.0","m","","-999.0","t.km-2.year-1","0","-999.0","t.km-1.year-1","-999.0","t.year-1","PALMAS DE GRAN CANARIA (LAS)","","","13.0","","","0.0","9.0","0","0","SPP_35016012_9_A.1","01/01/2025 00:00:00","","automatic","BETA","","BAM1020","","","","","","yes","http://missing.com","0","ug.m-3","","http://missing.com","1","hour","1","hour","http://cdr.eionet.europa.eu/es/eu/aqd/d/envaxdj6q/ES_D_Metainfo.xml","05/09/2026 03:00:13"
"Spain","ES.BDCA.AQD","2025","NET_ES208A","CCAA Castilla y León","UTC","ES1346A","09219002","MIRANDA DE EBRO 2","SP_09219002_9_49","PM2.5","-2.940560","42.688060","471.000000","m","urban","industrial","01/01/2025 00:00:00","","SAM_09219002_9_49","3.0","m","25.0","m","9.0","m","-999.0","m","","-999.0","t.km-2.year-1","0","-999.0","t.km-1.year-1","-999.0","t.year-1","MIRANDA DE EBRO","","","9.0","","","25.0","30.0","30","1000","SPP_09219002_9_49.1","01/01/2025 00:00:00","","automatic","BETA","","BAM1020","","","","","","yes","http://missing.com","4","ug.m-3","","http://missing.com","1","hour","1","hour","http://cdr.eionet.europa.eu/es/eu/aqd/d/envaxdj6q/ES_D_Metainfo.xml","05/09/2026 03:00:13"
"Spain","ES.BDCA.AQD","2025","NET_ES201A","CCAA Andalucía","UTC","ES1258A","21050001","MOGUER","SP_21050001_9_M","PM2.5","-6.833840","37.281560","52.000000","m","suburban","industrial","01/01/2010 00:00:00","","SAM_21050001_9_M","3.0","m","35.0","m","30.0","m","3.8","m","Industrial Processes","-999.0","t.km-2.year-1","0","-999.0","t.km-1.year-1","-999.0","t.year-1","MOGUER","","","100.0","","","4.0","6.0","0","0","SPP_21050001_9_M.1","01/01/2010 00:00:00","","active","","","","","HVSman30","","gravi","","ref","","1","ug.m-3","","desconocido","1","day","1","day","http://cdr.eionet.europa.eu/es/eu/aqd/d/envaxdj6q/ES_D_Metainfo.xml","05/09/2026 03:00:13"
"Spain","ES.BDCA.AQD","2025","NET_ES201A","CCAA Andalucía","UTC","ES1258A","21050001","MOGUER","SP_21050001_9_M","PM2.5","-6.833840","37.281560","52.000000","m","suburban","industrial","01/01/2010 00:00:00","","SAM_21050001_9_M","3.0","m","35.0","m","30.0","m","3.8","m","Industrial Processes","-999.0","t.km-2.year-1","0","-999.0","t.km-1.year-1","-999.0","t.year-1","MOGUER","","","100.0","","","4.0","6.0","0","0","SPP_21050001_9_M.2","01/01/2010 00:00:00","","active","","","","","HVSman30","","gravi","","ref","","1","ug.m-3","","desconocido","1","day","1","day","http://cdr.eionet.europa.eu/es/eu/aqd/d/envaxdj6q/ES_D_Metainfo.xml","05/09/2026 03:00:13"
"Spain","ES.BDCA.AQD","2025","NET_ES214A","CCAA Murcia","UTC","ES2170A","30027002","MOLINA DE SEGURA","SP_30027002_9_A","PM2.5","-1.204810","38.057370","125.000000","m","suburban","traffic","28/09/2023 00:00:00","","SAM_30027002_9_A","4.0","m","20.0","m","10.0","m","-999.0","m","","-999.0","t.km-2.year-1","0","-999.0","t.km-1.year-1","-999.0","t.year-1","MOLINA DE SEGURA","detached","plane","3.0","","","3.0","0.0","0","0","SPP_30027002_9_A.1","28/09/2023 00:00:00","","automatic","light-scat","","FIDAS200","","","","","","ref","","1","ug.m-3","","https://sinqlair.carm.es/sinqlair","1","hour","1","hour","http://cdr.eionet.europa.eu/es/eu/aqd/d/envaxdj6q/ES_D_Metainfo.xml","05/09/2026 03:00:13"
"Spain","ES.BDCA.AQD","2025","NET_ES209A","CCAA Cataluña","UTC","ES1814A","08124009","MOLLET DEL VALLÈS (AP7 KM. 139)","SP_08124009_9_47","PM2.5","2.212100","41.549200","90.000000","m","suburban","traffic","01/09/2023 00:00:00","","SAM_08124009_9_47","3.6","m","11.0","m","21.0","m","-999.0","m","Transport","-999.0","t.km-2.year-1","0","-999.0","t.km-1.year-1","-999.0","t.year-1","MOLLET DEL VALLÈS","open","","21.0","","0.20","3.0","6.0","102","101975","SPP_08124009_9_47.1","01/09/2023 00:00:00","","automatic","light-scat","","GRIMM-EDM180","","","","","","inprogress","http://missing.com","1","ug.m-3","","unknown","1","hour","1","hour","http://cdr.eionet.europa.eu/es/eu/aqd/d/envaxdj6q/ES_D_Metainfo.xml","05/09/2026 03:00:13"
"Spain","ES.BDCA.AQD","2025","NET_ES214A","CCAA Murcia","UTC","ES1921A","30016020","MOMPEAN","SP_30016020_9_A","PM2.5","-0.976200","37.601800","10.000000","m","urban","background","25/08/2020 00:00:00","","SAM_30016020_9_A","4.0","m","1.0","m","1.0","m","-999.0","m","Energy Industries","-999.0","t.km-2.year-1","0","-999.0","t.km-1.year-1","-999.0","t.year-1","CARTAGENA","","","0.0","","","0.0","0.0","0","0","SPP_30016020_9_A.1","25/08/2020 00:00:00","","automatic","BETA","","thermo5014i","","","","","","inprogress","http://missing.com","1","ug.m-3","","www.missing.com","1","hour","1","hour","http://cdr.eionet.europa.eu/es/eu/aqd/d/envaxdj6q/ES_D_Metainfo.xml","05/09/2026 03:00:13"
"Spain","ES.BDCA.AQD","2025","NET_ES214A","CCAA Murcia","UTC","ES1921A","30016020","MOMPEAN","SP_30016020_9_M","PM2.5","-0.976200","37.601800","10.000000","m","urban","background","01/01/2009 00:00:00","","SAM_30016020_9_M","4.0","m","","m","","m","-999.0","m","Energy Industries","-999.0","t.km-2.year-1","0","-999.0","t.km-1.year-1","-999.0","t.year-1","CARTAGENA","","","0.0","","","0.0","0.0","0","0","SPP_30016020_9_M.1","01/01/2009 00:00:00","","active","","","","","other","","gravi","","ref","","1","ug.m-3","","http://missing.com","1","day","1","day","http://cdr.eionet.europa.eu/es/eu/aqd/d/envaxdj6q/ES_D_Metainfo.xml","05/09/2026 03:00:13"
"Spain","ES.BDCA.AQD","2025","NET_ES214A","CCAA Murcia","UTC","ES1921A","30016020","MOMPEAN","SP_30016020_9_M","PM2.5","-0.976200","37.601800","10.000000","m","urban","background","01/01/2009 00:00:00","","SAM_30016020_9_M","4.0","m","","m","","m","-999.0","m","Energy Industries","-999.0","t.km-2.year-1","0","-999.0","t.km-1.year-1","-999.0","t.year-1","CARTAGENA","","","0.0","","","0.0","0.0","0","0","SPP_30016020_9_M.2","01/01/2009 00:00:00","","active","","","","","HVSauto30","","gravi","","ref","","1","ug.m-3","","https://sinqlair.carm.es/sinqlair","1","day","1","day","http://cdr.eionet.europa.eu/es/eu/aqd/d/envaxdj6q/ES_D_Metainfo.xml","05/09/2026 03:00:13"
"Spain","ES.BDCA.AQD","2025","NET_ES202A","CCAA Aragón","UTC","ES0316A","44051002","MONAGREGA","SP_44051002_9_46","PM2.5","-0.290830","40.946670","570.000000","m","rural","background","11/11/2024 00:00:00","","SAM_44051002_9_46","3.0","m","","m","","m","-999.0","m","Energy Industries","-999.0","t.km-2.year-1","0","-999.0","t.km-1.year-1","-999.0","t.year-1","CALANDA","open","","0.0","","","0.0","0.0","0","0","SPP_44051002_9_46.1","11/11/2024 00:00:00","","automatic","light-scat","","FIDAS200","","","","","","ref","","18","ug.m-3","","http://missing.com","1","hour","1","hour","http://cdr.eionet.europa.eu/es/eu/aqd/d/envaxdj6q/ES_D_Metainfo.xml","05/09/2026 03:00:13"
"Spain","ES.BDCA.AQD","2025","NET_ES202A","CCAA Aragón","UTC","ES2070A","44051005","MONAGREGAGRAV","SP_44051005_9_M","PM2.5","-0.290830","40.946670","570.000000","m","rural","background","01/01/2015 00:00:00","","SAM_44051005_9_M","3.6","m","","m","","m","-999.0","m","Energy Industries","-999.0","t.km-2.year-1","0","-999.0","t.km-1.year-1","-999.0","t.year-1","CALANDA","open","","0.0","","","0.0","0.0","0","0","SPP_44051005_9_M.1","01/01/2015 00:00:00","","active","","","","","other","","gravi","","ref","","-999","ug.m-3","","http://missing.com","1","day","1","day","http://cdr.eionet.europa.eu/es/eu/aqd/d/envaxdj6q/ES_D_Metainfo.xml","05/09/2026 03:00:13"
"Spain","ES.BDCA.AQD","2025","NET_ES211A","CCAA Extremadura","UTC","ES1616A","10182001","MONFRAGÜE","SP_10182001_9_M","PM2.5","-5.943010","39.843750","376.000000","m","rural","background","01/01/2013 00:00:00","","SAM_10182001_9_M","4.2","m","","m","","m","0.0","m","Land use, land use change and forestry","-999.0","t.km-2.year-1","0","-999.0","t.km-1.year-1","-999.0","t.year-1","TORIL","","","0.0","","","3.0","0.0","20","0","SPP_10182001_9_M.1","01/01/2013 00:00:00","","active","","","","","HVSauto30","","gravi","","ref","","10","ug.m-3","","http://missing.com","1","day","1","day","http://cdr.eionet.europa.eu/es/eu/aqd/d/envaxdj6q/ES_D_Metainfo.xml","05/09/2026 03:00:13"
"Spain","ES.BDCA.AQD","2025","NET_ES209A","CCAA Cataluña","UTC","ES1931A","08125013","MONTCADA I REIXAC (CAN SANT JOAN)","SP_08125013_9_M","PM2.5","2.184200","41.469800","29.000000","m","suburban","industrial","01/01/2025 00:00:00","","SAM_08125013_9_M","12.0","m","","m","","m","0.5","m","Industrial Processes","-999.0","t.km-2.year-1","0","-999.0","t.km-1.year-1","-999.0","t.year-1","MONTCADA I REIXAC","","plane","0.0","","","0.0","0.0","0","0","SPP_08125013_9_M.1","01/01/2025 00:00:00","","active","","","","","LVSauto2.3","","gravi","","ref","Unknown","1","ug.m-3","","unknown","1","day","1","day","http://cdr.eionet.europa.eu/es/eu/aqd/d/envaxdj6q/ES_D_Metainfo.xml","05/09/2026 03:00:13"
"Spain","ES.BDCA.AQD","2025","NET_ES209A","CCAA Cataluña","UTC","ES0584A","08125002","MONTCADA I REIXAC (PL. DE LLUÍS COMPANYS)","SP_08125002_9_M","PM2.5","2.188500","41.482100","34.000000","m","suburban","traffic","07/06/2023 00:00:00","","SAM_08125002_9_M","3.9","m","7.3","m","7.0","m","-999.0","m","","-999.0","t.km-2.year-1","0","-999.0","t.km-1.year-1","-999.0","t.year-1","MONTCADA I REIXAC","detached","","7.0","","0.09","2.7","0.0","102","55705","SPP_08125002_9_M.1","07/06/2023 00:00:00","","active","","","","","LVSauto2.3","","gravi","","ref","","1","ug.m-3","","unknown","1","day","1","day","http://cdr.eionet.europa.eu/es/eu/aqd/d/envaxdj6q/ES_D_Metainfo.xml","05/09/2026 03:00:13"
"Spain","ES.BDCA.AQD","2025","NET_ES212A","CCAA Galicia","UTC","ES2176A","15024006","Monte Xalo","SP_15024006_9_A","PM2.5","-8.414140","43.203640","375.000000","m","rural","industrial","01/01/2024 00:00:00","","SAM_15024006_9_A","4.0","m","","m","","m","4.3","m","","-999.0","t.km-2.year-1","0","-999.0","t.km-1.year-1","-999.0","t.year-1","CERCEDA","open","hilly","14.0","","","0.0","4.0","0","0","SPP_15024006_9_A.1","01/01/2024 00:00:00","","automatic","BETA","","unknown","","","","","","inprogress","http://missing.com","1","ug.m-3","","-","1","hour","1","hour","http://cdr.eionet.europa.eu/es/eu/aqd/d/envaxdj6q/ES_D_Metainfo.xml","05/09/2026 03:00:13"
"Spain","ES.BDCA.AQD","2025","NET_ES203A","CCAA Asturias","UTC","ES1974A","33024031","MONTEVIL","SP_33024031_9_49","PM2.5","-5.670700","43.516600","51.000000","m","urban","background","27/04/2010 00:00:00","","SAM_33024031_9_49","3.5","m","","m","","m","-999.0","m","Other sectors","-999.0","t.km-2.year-1","0","-999.0","t.km-1.year-1","-999.0","t.year-1","GIJÓN","","","0.0","","","0.0","0.0","0","0","SPP_33024031_9_49.1","27/04/2010 00:00:00","","automatic","BETA","","BAM1020","","","","","","inprogress","","-999","ug.m-3","","http://missing,com","1","hour","1","hour","http://cdr.eionet.europa.eu/es/eu/aqd/d/envaxdj6q/ES_D_Metainfo.xml","05/09/2026 03:00:13"
"Spain","ES.BDCA.AQD","2025","NET_ES209A","CCAA Cataluña","UTC","ES1982A","25196001","MONTSEC (OAM)","SP_25196001_9_46","PM2.5","0.729600","42.051300","1570.000000","m","rural","background","01/01/2013 00:00:00","","SAM_25196001_9_46","3.4","m","33.0","m","10.0","m","-999.0","m","Land use, land use change and forestry","-999.0","t.km-2.year-1","0","-999.0","t.km-1.year-1","-999.0","t.year-1","SANT ESTEVE DE LA SARGA","","","0.0","","","10.0","0.0","0","0","SPP_25196001_9_46.1","01/01/2013 00:00:00","","automatic","light-scat","","GRIMM-EDM180","","","","","","yes","http://missing.com","1","ug.m-3","","http://missing.com","1","hour","1","hour","http://cdr.eionet.europa.eu/es/eu/aqd/d/envaxdj6q/ES_D_Metainfo.xml","05/09/2026 03:00:13"
"Spain","ES.BDCA.AQD","2025","NET_ES209A","CCAA Cataluña","UTC","ES1982A","25196001","MONTSEC (OAM)","SP_25196001_9_47","PM2.5","0.729600","42.051300","1570.000000","m","rural","background","27/01/2025 00:00:00","","SAM_25196001_9_47","3.6","m","","m","","m","-999.0","m","Land use, land use change and forestry","-999.0","t.km-2.year-1","0","-999.0","t.km-1.year-1","-999.0","t.year-1","SANT ESTEVE DE LA SARGA","","","0.0","","","10.0","0.0","0","0","SPP_25196001_9_47.1","27/01/2025 00:00:00","","automatic","light-abs","","GRIMM-EDM180","","","","","","inprogress","http://missing.com","1","ug.m-3","","unknown","1","hour","1","hour","http://cdr.eionet.europa.eu/es/eu/aqd/d/envaxdj6q/ES_D_Metainfo.xml","05/09/2026 03:00:13"
"Spain","ES.BDCA.AQD","2025","NET_ES209A","CCAA Cataluña","UTC","ES1778A","08137001","MONTSENY (LA CASTANYA)","SP_08137001_9_46","PM2.5","2.358000","41.779300","693.000000","m","rural","background","01/01/2005 00:00:00","","SAM_08137001_9_46","4.0","m","","m","","m","-999.0","m","Land use, land use change and forestry","-999.0","t.km-2.year-1","0","-999.0","t.km-1.year-1","-999.0","t.year-1","MONTSENY","","","0.0","","","10.0","0.0","0","0","SPP_08137001_9_46.1","01/01/2005 00:00:00","","automatic","light-scat","","GRIMM-EDM180","","","","","","inprogress","","1","ug.m-3","","http://missing.com","1","hour","1","hour","http://cdr.eionet.europa.eu/es/eu/aqd/d/envaxdj6q/ES_D_Metainfo.xml","05/09/2026 03:00:13"
"Spain","ES.BDCA.AQD","2025","NET_ES202A","CCAA Aragón","UTC","ES1420A","22158001","MONZÓN","SP_22158001_9_M","PM2.5","0.196940","41.918610","279.000000","m","suburban","industrial","01/01/2012 00:00:00","01/10/2013 00:00:00","SAM_22158001_9_M","1.0","m","","m","","m","-999.0","m","Manufacturing Industries and Construction","-999.0","t.km-2.year-1","0","-999.0","t.km-1.year-1","-999.0","t.year-1","MONZÓN","elevated","hilly","150.0","","","0.0","0.0","0","0","SPP_22158001_9_M.1","01/01/2012 00:00:00","01/10/2013 00:00:00","active","","","","","HVSauto30","","gravi","","ref","","-999","ug.m-3","","","1","day","1","day","http://cdr.eionet.europa.eu/es/eu/aqd/d/envaxdj6q/ES_D_Metainfo.xml","05/09/2026 03:00:13"
"Spain","ES.BDCA.AQD","2025","NET_ES202A","CCAA Aragón","UTC","ES2041A","22158002","MONZÓN CENTRO","SP_22158002_9_M","PM2.5","0.191100","41.916140","308.000000","m","urban","background","03/10/2013 00:00:00","","SAM_22158002_9_M","3.5","m","","m","","m","-999.0","m","Other sectors","-999.0","t.km-2.year-1","0","-999.0","t.km-1.year-1","-999.0","t.year-1","MONZÓN","open","plane","0.0","","","12.0","0.0","0","0","SPP_22158002_9_M.1","03/10/2013 00:00:00","","active","","","","","HVSauto30","","gravi","","ref","","-999","ug.m-3","","http://missing.com","1","day","1","day","http://cdr.eionet.europa.eu/es/eu/aqd/d/envaxdj6q/ES_D_Metainfo.xml","05/09/2026 03:00:13"
"Spain","ES.BDCA.AQD","2025","NET_ES202A","CCAA Aragón","UTC","ES2041A","22158002","MONZÓN CENTRO","SP_22158002_9_M","PM2.5","0.191100","41.916140","308.000000","m","urban","background","03/10/2013 00:00:00","","SAM_22158002_9_M","3.5","m","","m","","m","-999.0","m","Other sectors","-999.0","t.km-2.year-1","0","-999.0","t.km-1.year-1","-999.0","t.year-1","MONZÓN","open","plane","0.0","","","12.0","0.0","0","0","SPP_22158002_9_M.2","03/10/2013 00:00:00","","active","","","","","LVSauto2.3","","gravi","","ref","","2","ug.m-3","","http://missing.com","1","day","1","day","http://cdr.eionet.europa.eu/es/eu/aqd/d/envaxdj6q/ES_D_Metainfo.xml","05/09/2026 03:00:13"
"Spain","ES.BDCA.AQD","2025","NET_ES216A","CCAA País Vasco","UTC","ES1491A","48068001","MUNDAKA","SP_48068001_9_49","PM2.5","-2.703180","43.405920","116.000000","m","rural","background","01/01/2014 00:00:00","","SAM_48068001_9_49","4.0","m","","m","","m","-999.0","m","Other sectors","-999.0","t.km-2.year-1","0","-999.0","t.km-1.year-1","-999.0","t.year-1","MUNDAKA","","","0.0","","","0.0","0.0","0","1000","SPP_48068001_9_49.1","01/01/2014 00:00:00","","automatic","BETA","","andersenFH62IR","","","","","","yes","http://missing.com","2","ug.m-3","","http://missing.com","1","hour","1","hour","http://cdr.eionet.europa.eu/es/eu/aqd/d/envaxdj6q/ES_D_Metainfo.xml","05/09/2026 03:00:13"
"Spain","ES.BDCA.AQD","2025","NET_ES216A","CCAA País Vasco","UTC","ES0587A","48071002","MUSKIZ","SP_48071002_9_46","PM2.5","-3.112720","43.320740","30.000000","m","suburban","industrial","01/01/2023 00:00:00","","SAM_48071002_9_46","3.8","m","15.0","m","4.0","m","-999.0","m","Manufacturing Industries and Construction","-999.0","t.km-2.year-1","0","-999.0","t.km-1.year-1","-999.0","t.year-1","MUSKIZ","","","10.0","","","0.0","0.0","0","6000","SPP_48071002_9_46.1","01/01/2023 00:00:00","","automatic","light-scat","","FIDAS200","","","","","","yes","https://www.euskadi.eus/informacion/legislacion-sobre-calidad-del-aire-y-emisiones-a-la-atmosfera/web01-a2ingair/es/","4","ug.m-3","","https://www.euskadi.eus/informacion/material-particulado/web01-a2ingair/es/","1","hour","1","hour","http://cdr.eionet.europa.eu/es/eu/aqd/d/envaxdj6q/ES_D_Metainfo.xml","05/09/2026 03:00:13"
"Spain","ES.BDCA.AQD","2025","NET_ES205A","CCAA Islas Canarias","UTC","ES1451A","35016011","NÉSTOR ÁLAMO","SP_35016011_9_A","PM2.5","-15.409140","28.031560","33.000000","m","urban","industrial","01/10/2023 00:00:00","24/04/2026 00:00:00","SAM_35016011_9_A","3.5","m","20.0","m","4.0","m","-999.0","m","Transport","-999.0","t.km-2.year-1","0","-999.0","t.km-1.year-1","-999.0","t.year-1","PALMAS DE GRAN CANARIA (LAS)","","","4.0","","","0.0","0.0","0","0","SPP_35016011_9_A.1","01/10/2023 00:00:00","24/04/2026 00:00:00","automatic","light-scat","","FIDAS200","","","","","","yes","http://missing.com","0","ug.m-3","","http://missing.com","1","hour","1","hour","http://cdr.eionet.europa.eu/es/eu/aqd/d/envaxdj6q/ES_D_Metainfo.xml","05/09/2026 03:00:13"
"Spain","ES.BDCA.AQD","2025","NET_ES058A","EMEP/VAG/CAMP","UTC","ES0008R","33036999","NIEMBRO","SP_33036999_9_M","PM2.5","-4.849720","43.439170","132.000000","m","rural","background","01/03/2001 00:00:00","","SAM_33036999_9_M","1.7","m","","m","","m","0.0","m","Land use, land use change and forestry","-999.0","t.km-2.year-1","0","-999.0","t.km-1.year-1","-999.0","t.year-1","LLANES","","","0.0","","","0.0","0.0","0","0","SPP_33036999_9_M.1","01/03/2001 00:00:00","","active","","","","","HVSman30","","gravi","","ref","","-999","ug.m-3","","http://missing.com","1","day","1","day","http://cdr.eionet.europa.eu/es/eu/aqd/d/envaxdj6q/ES_D_Metainfo.xml","05/09/2026 03:00:13"
"Spain","ES.BDCA.AQD","2025","NET_ES058A","EMEP/VAG/CAMP","UTC","ES0016R","27058999","O SAVIÑAO","SP_27058999_9_M","PM2.5","-7.704580","42.634720","560.000000","m","rural","background","01/03/2001 00:00:00","","SAM_27058999_9_M","1.7","m","","m","","m","0.0","m","Agriculture","-999.0","t.km-2.year-1","0","-999.0","t.km-1.year-1","-999.0","t.year-1","SAVIÑAO (O)","","","0.0","","","0.0","0.0","0","0","SPP_27058999_9_M.1","01/03/2001 00:00:00","","active","","","","","HVSman30","","gravi","","ref","","-999","ug.m-3","","http://missing.com","1","day","1","day","http://cdr.eionet.europa.eu/es/eu/aqd/d/envaxdj6q/ES_D_Metainfo.xml","05/09/2026 03:00:13"
"Spain","ES.BDCA.AQD","2025","NET_ES204A","CCAA Islas Baleares","UTC","ES2196A","07026004","OBSERVATORI EIVISSA","SP_07026004_9_A","PM2.5","1.429200","38.905700","33.000000","m","urban","industrial","21/01/2026 00:00:00","","SAM_07026004_9_A","3.5","m","","m","","m","-999.0","m","","-999.0","t.km-2.year-1","0","-999.0","t.km-1.year-1","-999.0","t.year-1","EIVISSA","","","0.0","","","0.0","0.0","0","0","SPP_07026004_9_A.1","21/01/2026 00:00:00","","automatic","light-scat","","FIDAS200","","","","","","yes","http://missing.com","1","ug.m-3","","http://missing.com","1","hour","1","hour","http://cdr.eionet.europa.eu/es/eu/aqd/d/envaxdj6q/ES_D_Metainfo.xml","05/09/2026 03:00:13"
"Spain","ES.BDCA.AQD","2025","NET_ES205A","CCAA Islas Canarias","UTC","ES2187A","35002003","OBSERVATORIO TEMISAS","SP_35002003_9_A","PM2.5","-15.507930","27.899800","850.000000","m","rural","background","01/01/2025 00:00:00","","SAM_35002003_9_A","4.0","m","","m","","m","-999.0","m","","-999.0","t.km-2.year-1","0","-999.0","t.km-1.year-1","-999.0","t.year-1","AGÜIMES","","","0.0","","","0.0","0.0","0","0","SPP_35002003_9_A.1","01/01/2025 00:00:00","","automatic","BETA","","BAM1020","","","","","","yes","0","0","ug.m-3","","http://missing.com","1","hour","1","hour","http://cdr.eionet.europa.eu/es/eu/aqd/d/envaxdj6q/ES_D_Metainfo.xml","05/09/2026 03:00:13"
"Spain","ES.BDCA.AQD","2025","NET_ES210A","CCAA Com. Valenciana","UTC","ES1711A","46184002","ONTINYENT","SP_46184002_9_46","PM2.5","-0.697220","38.788060","510.000000","m","suburban","background","01/01/2005 00:00:00","","SAM_46184002_9_46","3.0","m","","m","","m","1000.0","m","Land use, land use change and forestry","-999.0","t.km-2.year-1","0","-999.0","t.km-1.year-1","-999.0","t.year-1","ONTINYENT","","","25.0","","","0.0","0.0","0","1000","SPP_46184002_9_46.1","01/01/2005 00:00:00","","automatic","light-scat","","unknown","","","","","","inprogress","","0","ug.m-3","","http://missing.com","1","hour","1","hour","http://cdr.eionet.europa.eu/es/eu/aqd/d/envaxdj6q/ES_D_Metainfo.xml","05/09/2026 03:00:13"
"Spain","ES.BDCA.AQD","2025","NET_ES210A","CCAA Com. Valenciana","UTC","ES1711A","46184002","ONTINYENT","SP_46184002_9_46","PM2.5","-0.697220","38.788060","510.000000","m","suburban","background","01/01/2005 00:00:00","","SAM_46184002_9_46","3.0","m","","m","","m","1000.0","m","Land use, land use change and forestry","-999.0","t.km-2.year-1","0","-999.0","t.km-1.year-1","-999.0","t.year-1","ONTINYENT","","","25.0","","","0.0","0.0","0","1000","SPP_46184002_9_46.2","01/01/2005 00:00:00","","automatic","light-scat","","FIDAS200","","","","","","no","EN PREPARACIÓN","1","ug.m-3","","http://missing.com","1","hour","1","hour","http://cdr.eionet.europa.eu/es/eu/aqd/d/envaxdj6q/ES_D_Metainfo.xml","05/09/2026 03:00:13"
"Spain","ES.BDCA.AQD","2025","NET_ES210A","CCAA Com. Valenciana","UTC","ES1711A","46184002","ONTINYENT","SP_46184002_9_M","PM2.5","-0.697220","38.788060","510.000000","m","suburban","background","05/01/2004 00:00:00","","SAM_46184002_9_M","3.0","m","","m","","m","1000.0","m","Land use, land use change and forestry","-999.0","t.km-2.year-1","0","-999.0","t.km-1.year-1","-999.0","t.year-1","ONTINYENT","","","25.0","","","0.0","0.0","0","1000","SPP_46184002_9_M.1","05/01/2004 00:00:00","","active","","","","","HVSauto30","","gravi","","ref","","0","ug.m-3","","En preparación","1","day","1","day","http://cdr.eionet.europa.eu/es/eu/aqd/d/envaxdj6q/ES_D_Metainfo.xml","05/09/2026 03:00:13"
"Spain","ES.BDCA.AQD","2025","NET_ES210A","CCAA Com. Valenciana","UTC","ES1677A","03099002","ORIHUELA","SP_03099002_9_M","PM2.5","-0.852780","38.084720","32.000000","m","suburban","background","01/03/2004 00:00:00","","SAM_03099002_9_M","3.0","m","","m","","m","1000.0","m","Transport","-999.0","t.km-2.year-1","0","-999.0","t.km-1.year-1","-999.0","t.year-1","ORIHUELA","","","300.0","","","0.0","0.0","0","1000","SPP_03099002_9_M.1","01/03/2004 00:00:00","","active","","","","","HVSauto30","","gravi","","ref","","0","ug.m-3","","En preparación","1","day","1","day","http://cdr.eionet.europa.eu/es/eu/aqd/d/envaxdj6q/ES_D_Metainfo.xml","05/09/2026 03:00:13"
"Spain","ES.BDCA.AQD","2025","NET_ES216A","CCAA País Vasco","UTC","ES1599A","20016001","PAGOETA","SP_20016001_9_49","PM2.5","-2.155000","43.250560","225.000000","m","rural","background","01/01/2015 00:00:00","","SAM_20016001_9_49","4.5","m","","m","","m","-999.0","m","","-999.0","t.km-2.year-1","0","-999.0","t.km-1.year-1","-999.0","t.year-1","AIA","","","0.0","","","0.0","0.0","0","0","SPP_20016001_9_49.1","01/01/2015 00:00:00","","automatic","BETA","","andersenFH62IR","","","","","","yes","https://www.euskadi.eus/web01-a2ingair/es/contenidos/documentacion/factor_corrector_particulas/es_def/factor_corrector_particulas.html","2","ug.m-3","","http://missing.com","1","hour","1","hour","http://cdr.eionet.europa.eu/es/eu/aqd/d/envaxdj6q/ES_D_Metainfo.xml","05/09/2026 03:00:13"
"Spain","ES.BDCA.AQD","2025","NET_ES201A","CCAA Andalucía","UTC","ES1924A","18087010","PALACIO CONGRESOS","SP_18087010_9_49","PM2.5","-3.600100","37.165680","666.000000","m","urban","background","01/01/2021 00:00:00","","SAM_18087010_9_49","5.0","m","50.0","m","","m","0.0","m","Transport","-999.0","t.km-2.year-1","0","-999.0","t.km-1.year-1","-999.0","t.year-1","GRANADA","","","40.0","","0.00","18.0","200.0","20","200","SPP_18087010_9_49.1","01/01/2021 00:00:00","","automatic","BETA","","thermo5014i","","","","","","yes","informe beta grav","1","ug.m-3","","desconocido","1","hour","1","hour","http://cdr.eionet.europa.eu/es/eu/aqd/d/envaxdj6q/ES_D_Metainfo.xml","05/09/2026 03:00:13"
"Spain","ES.BDCA.AQD","2025","NET_ES201A","CCAA Andalucía","UTC","ES1924A","18087010","PALACIO CONGRESOS","SP_18087010_9_M","PM2.5","-3.600100","37.165680","666.000000","m","urban","background","01/01/2010 00:00:00","","SAM_18087010_9_M","3.0","m","50.0","m","","m","0.0","m","Transport","-999.0","t.km-2.year-1","0","-999.0","t.km-1.year-1","-999.0","t.year-1","GRANADA","","","40.0","","0.00","18.0","200.0","20","200","SPP_18087010_9_M.1","01/01/2010 00:00:00","","active","","","","","LVSman2.3","","gravi","","ref","","4.5","ug.m-3","","desconocido","1","day","1","day","http://cdr.eionet.europa.eu/es/eu/aqd/d/envaxdj6q/ES_D_Metainfo.xml","05/09/2026 03:00:13"
"Spain","ES.BDCA.AQD","2025","NET_ES201A","CCAA Andalucía","UTC","ES1924A","18087010","PALACIO CONGRESOS","SP_18087010_9_M","PM2.5","-3.600100","37.165680","666.000000","m","urban","background","01/01/2010 00:00:00","","SAM_18087010_9_M","3.0","m","50.0","m","","m","0.0","m","Transport","-999.0","t.km-2.year-1","0","-999.0","t.km-1.year-1","-999.0","t.year-1","GRANADA","","","40.0","","0.00","18.0","200.0","20","200","SPP_18087010_9_M.2","01/01/2010 00:00:00","","active","","","","","LVSman2.3","","gravi","","ref","","4.5","ug.m-3","","desconocido","1","day","1","day","http://cdr.eionet.europa.eu/es/eu/aqd/d/envaxdj6q/ES_D_Metainfo.xml","05/09/2026 03:00:13"
"Spain","ES.BDCA.AQD","2025","NET_ES203A","CCAA Asturias","UTC","ES1269A","33044030","PALACIO DE DEPORTES","SP_33044030_9_49","PM2.5","-5.833000","43.366500","180.000000","m","urban","traffic","13/03/2018 00:00:00","","SAM_33044030_9_49","3.3","m","20.0","m","7.0","m","-999.0","m","Transport","-999.0","t.km-2.year-1","0","-999.0","t.km-1.year-1","-999.0","t.year-1","OVIEDO","","","8.0","","0.10","0.0","0.0","40","20000","SPP_33044030_9_49.1","13/03/2018 00:00:00","","automatic","BETA","","thermo5014i","","","","","","yes","http://missing.com","-999","ug.m-3","","http://missing.com","1","hour","1","hour","http://cdr.eionet.europa.eu/es/eu/aqd/d/envaxdj6q/ES_D_Metainfo.xml","05/09/2026 03:00:13"
"Spain","ES.BDCA.AQD","2025","NET_ES208A","CCAA Castilla y León","UTC","ES1922A","34120008","PALENCIA 3","SP_34120008_9_47","PM2.5","-4.538300","42.019400","953.000000","m","urban","traffic","12/11/2021 00:00:00","","SAM_34120008_9_47","3.0","m","15.0","m","5.0","m","-999.0","m","Transport","-999.0","t.km-2.year-1","0","-999.0","t.km-1.year-1","-999.0","t.year-1","PALENCIA","","","6.5","","","0.0","0.0","0","0","SPP_34120008_9_47.1","12/11/2021 00:00:00","","automatic","TEOM","","TEOM1400A","","","","","","yes","http://missing.com","0.01","ug.m-3","","http://missing.com","1","hour","1","hour","http://cdr.eionet.europa.eu/es/eu/aqd/d/envaxdj6q/ES_D_Metainfo.xml","05/09/2026 03:00:13"
"Spain","ES.BDCA.AQD","2025","NET_ES215A","CCAA Navarra","UTC","ES1472A","31201012","PAMPLONA - ITURRAMA","SP_31201012_9_49","PM2.5","-1.653000","42.806000","449.000000","m","urban","background","01/01/2009 00:00:00","16/12/2015 00:00:00","SAM_31201012_9_49","4.5","m","20.0","m","118.0","m","-999.0","m","Transport","-999.0","t.km-2.year-1","0","-999.0","t.km-1.year-1","-999.0","t.year-1","PAMPLONA/IRUÑA","detached","basin-mount","118.0","","","10.0","23.0","0","0","SPP_31201012_9_49.1","01/01/2009 00:00:00","16/12/2015 00:00:00","automatic","BETA","","unknown","","","","","","yes","http://www.navarra.es/NR/rdonlyres/11881E8D-5B83-4A78-BB8E-281B7AE44E23/270512/InformePM2_5Iturrama2012.pdf","1.4","ug.m-3","","","1","hour","1","hour","http://cdr.eionet.europa.eu/es/eu/aqd/d/envaxdj6q/ES_D_Metainfo.xml","05/09/2026 03:00:13"
"Spain","ES.BDCA.AQD","2025","NET_ES215A","CCAA Navarra","UTC","ES1472A","31201012","PAMPLONA - ITURRAMA","SP_31201012_9_M","PM2.5","-1.653000","42.806000","449.000000","m","urban","background","01/01/2009 00:00:00","","SAM_31201012_9_M","3.5","m","20.0","m","118.0","m","-999.0","m","Transport","-999.0","t.km-2.year-1","0","-999.0","t.km-1.year-1","-999.0","t.year-1","PAMPLONA/IRUÑA","detached","basin-mount","118.0","","","10.0","23.0","0","0","SPP_31201012_9_M.1","01/01/2009 00:00:00","","active","","","","","LVSman2.3","","gravi","","ref","","5","ug.m-3","","unkwown","1","day","1","day","http://cdr.eionet.europa.eu/es/eu/aqd/d/envaxdj6q/ES_D_Metainfo.xml","05/09/2026 03:00:13"
"Spain","ES.BDCA.AQD","2025","NET_ES215A","CCAA Navarra","UTC","ES2108A","31201015","PAMPLONA - MILAGROSA","SP_31201015_9_46","PM2.5","-1.644000","42.807000","444.000000","m","urban","traffic","28/10/2024 00:00:00","","SAM_31201015_9_46","4.0","m","20.0","m","8.0","m","-999.0","m","","-999.0","t.km-2.year-1","0","-999.0","t.km-1.year-1","-999.0","t.year-1","PAMPLONA/IRUÑA","","","2.0","","","0.0","30.0","0","10000","SPP_31201015_9_46.1","28/10/2024 00:00:00","","automatic","light-scat","","FIDAS200E","","","","","","inprogress","http://missing.com","5","ug.m-3","","missing","1","hour","1","hour","http://cdr.eionet.europa.eu/es/eu/aqd/d/envaxdj6q/ES_D_Metainfo.xml","05/09/2026 03:00:13"
"Spain","ES.BDCA.AQD","2025","NET_ES213A","CCAA Madrid","UTC","ES2160A","28106001","PARLA","SP_28106001_9_49","PM2.5","-3.769400","40.233560","648.000000","m","suburban","traffic","01/02/2023 00:00:00","","SAM_28106001_9_49","5.0","m","99.0","m","99.0","m","-999.0","m","","-999.0","t.km-2.year-1","0","-999.0","t.km-1.year-1","-999.0","t.year-1","PARLA","","","10.0","","","0.0","10.0","0","0","SPP_28106001_9_49.1","01/02/2023 00:00:00","","automatic","BETA","","unknown","","","","","","inprogress","https://bit.ly/3rU6DbC","1","ug.m-3","","https://bit.ly/3rU6DbC","1","hour","1","hour","http://cdr.eionet.europa.eu/es/eu/aqd/d/envaxdj6q/ES_D_Metainfo.xml","05/09/2026 03:00:13"
"Spain","ES.BDCA.AQD","2025","NET_ES212A","CCAA Galicia","UTC","ES2140A","15005015","PARQUE DA CEGA","SP_15005015_9_A","PM2.5","-8.449140","43.343050","100.000000","m","suburban","industrial","01/01/2022 00:00:00","","SAM_15005015_9_A","4.0","m","","m","","m","-999.0","m","","-999.0","t.km-2.year-1","0","-999.0","t.km-1.year-1","-999.0","t.year-1","ARTEIXO","","","0.0","","","0.0","0.0","0","0","SPP_15005015_9_A.1","01/01/2022 00:00:00","","automatic","light-scat","","FIDAS200","","","","","","inprogress","http://missing.com","1","ug.m-3","","-","1","hour","1","hour","http://cdr.eionet.europa.eu/es/eu/aqd/d/envaxdj6q/ES_D_Metainfo.xml","05/09/2026 03:00:13"
"Spain","ES.BDCA.AQD","2025","NET_ES205A","CCAA Islas Canarias","UTC","ES1866A","35017002","PARQUE DE LA PIEDRA","SP_35017002_9_47","PM2.5","-13.853700","28.502760","15.000000","m","urban","industrial","01/01/2009 00:00:00","31/12/2024 00:00:00","SAM_35017002_9_47","3.5","m","","m","","m","-999.0","m","","-999.0","t.km-2.year-1","0","-999.0","t.km-1.year-1","-999.0","t.year-1","PUERTO DEL ROSARIO","","","40.0","","","0.0","0.0","0","0","SPP_35017002_9_47.1","01/01/2009 00:00:00","31/12/2024 00:00:00","automatic","TEOM","","BAM1020","","","","","","yes","http://missing.com","0","ug.m-3","","http://missing.com","1","hour","1","hour","http://cdr.eionet.europa.eu/es/eu/aqd/d/envaxdj6q/ES_D_Metainfo.xml","05/09/2026 03:00:13"
"Spain","ES.BDCA.AQD","2025","NET_ES205A","CCAA Islas Canarias","UTC","ES1866A","35017002","PARQUE DE LA PIEDRA","SP_35017002_9_A","PM2.5","-13.853700","28.502760","15.000000","m","urban","industrial","01/01/2025 00:00:00","","SAM_35017002_9_A","3.5","m","","m","","m","-999.0","m","","-999.0","t.km-2.year-1","0","-999.0","t.km-1.year-1","-999.0","t.year-1","PUERTO DEL ROSARIO","","","40.0","","","0.0","0.0","0","0","SPP_35017002_9_A.1","01/01/2025 00:00:00","","automatic","TEOM","","BAM1020","","","","","","yes","http://missing.com","0","ug.m-3","","http://missing.com","1","hour","1","hour","http://cdr.eionet.europa.eu/es/eu/aqd/d/envaxdj6q/ES_D_Metainfo.xml","05/09/2026 03:00:13"
"Spain","ES.BDCA.AQD","2025","NET_ES205A","CCAA Islas Canarias","UTC","ES1919A","35026003","PARQUE DE SAN JUAN-TELDE","SP_35026003_9_49","PM2.5","-15.411850","28.003650","113.000000","m","urban","background","23/01/2008 00:00:00","31/12/2024 00:00:00","SAM_35026003_9_49","4.0","m","","m","","m","4100.0","m","","-999.0","t.km-2.year-1","0","-999.0","t.km-1.year-1","-999.0","t.year-1","TELDE","","","0.0","","","8.0","0.0","0","0","SPP_35026003_9_49.1","23/01/2008 00:00:00","31/12/2024 00:00:00","automatic","BETA","","BAM1020","","","","","","yes","http://missing.com","0","ug.m-3","","http://missing.com","1","hour","1","hour","http://cdr.eionet.europa.eu/es/eu/aqd/d/envaxdj6q/ES_D_Metainfo.xml","05/09/2026 03:00:13"
"Spain","ES.BDCA.AQD","2025","NET_ES205A","CCAA Islas Canarias","UTC","ES1919A","35026003","PARQUE DE SAN JUAN-TELDE","SP_35026003_9_A","PM2.5","-15.411850","28.003650","113.000000","m","urban","background","01/01/2025 00:00:00","","SAM_35026003_9_A","4.0","m","","m","","m","4100.0","m","","-999.0","t.km-2.year-1","0","-999.0","t.km-1.year-1","-999.0","t.year-1","TELDE","","","0.0","","","8.0","0.0","0","0","SPP_35026003_9_A.1","01/01/2025 00:00:00","","automatic","BETA","","BAM1020","","","","","","yes","http://missing.com","0","ug.m-3","","http://missing.com","1","hour","1","hour","http://cdr.eionet.europa.eu/es/eu/aqd/d/envaxdj6q/ES_D_Metainfo.xml","05/09/2026 03:00:13"
"Spain","ES.BDCA.AQD","2025","NET_ES216A","CCAA País Vasco","UTC","ES1713A","48020003","PARQUE EUROPA","SP_48020003_9_49","PM2.5","-2.902300","43.254900","76.000000","m","urban","background","01/01/2011 00:00:00","","SAM_48020003_9_49","4.2","m","","m","","m","-999.0","m","","-999.0","t.km-2.year-1","0","-999.0","t.km-1.year-1","-999.0","t.year-1","BILBAO","","","0.0","","","0.0","0.0","0","1000","SPP_48020003_9_49.1","01/01/2011 00:00:00","","automatic","BETA","","thermo5014i","","","","","","yes","https://www.euskadi.eus/web01-a2ingair/es/contenidos/documentacion/factor_corrector_particulas/es_def/factor_corrector_particulas.html","2","ug.m-3","","http://missing.com","1","hour","1","hour","http://cdr.eionet.europa.eu/es/eu/aqd/d/envaxdj6q/ES_D_Metainfo.xml","05/09/2026 03:00:13"
"Spain","ES.BDCA.AQD","2025","NET_ES216A","CCAA País Vasco","UTC","ES1713A","48020003","PARQUE EUROPA","SP_48020003_9_M","PM2.5","-2.902300","43.254900","76.000000","m","urban","background","01/01/2009 00:00:00","","SAM_48020003_9_M","4.2","m","","m","","m","-999.0","m","","-999.0","t.km-2.year-1","0","-999.0","t.km-1.year-1","-999.0","t.year-1","BILBAO","","","0.0","","","0.0","0.0","0","1000","SPP_48020003_9_M.1","01/01/2009 00:00:00","","active","","","","","LVSauto2.3","","gravi","","ref","","2","ug.m-3","","http://missing.com","1","day","1","day","http://cdr.eionet.europa.eu/es/eu/aqd/d/envaxdj6q/ES_D_Metainfo.xml","05/09/2026 03:00:13"
"Spain","ES.BDCA.AQD","2025","NET_ES205A","CCAA Islas Canarias","UTC","ES2021A","38038026","PARQUE LA GRANJA-STA CRUZ DE TF","SP_38038026_9_46","PM2.5","-16.264880","28.463010","78.000000","m","urban","industrial","25/09/2011 00:00:00","31/12/2024 00:00:00","SAM_38038026_9_46","9.0","m","","m","","m","800.0","m","","-999.0","t.km-2.year-1","0","-999.0","t.km-1.year-1","-999.0","t.year-1","SANTA CRUZ DE TENERIFE","","","0.0","","","0.0","0.0","0","0","SPP_38038026_9_46.1","25/09/2011 00:00:00","31/12/2024 00:00:00","automatic","light-scat","","BAM1020","","","","","","yes","http://missing.com","0","ug.m-3","","http://missing.com","1","hour","1","hour","http://cdr.eionet.europa.eu/es/eu/aqd/d/envaxdj6q/ES_D_Metainfo.xml","05/09/2026 03:00:13"
"Spain","ES.BDCA.AQD","2025","NET_ES205A","CCAA Islas Canarias","UTC","ES2021A","38038026","PARQUE LA GRANJA-STA CRUZ DE TF","SP_38038026_9_A","PM2.5","-16.264880","28.463010","78.000000","m","urban","industrial","01/01/2025 00:00:00","","SAM_38038026_9_A","9.0","m","","m","","m","800.0","m","","-999.0","t.km-2.year-1","0","-999.0","t.km-1.year-1","-999.0","t.year-1","SANTA CRUZ DE TENERIFE","","","0.0","","","0.0","0.0","0","0","SPP_38038026_9_A.1","01/01/2025 00:00:00","","automatic","light-scat","","BAM1020","","","","","","yes","http://missing.com","0","ug.m-3","","http://missing.com","1","hour","1","hour","http://cdr.eionet.europa.eu/es/eu/aqd/d/envaxdj6q/ES_D_Metainfo.xml","05/09/2026 03:00:13"
"Spain","ES.BDCA.AQD","2025","NET_ES205A","CCAA Islas Canarias","UTC","ES1953A","35016013","PARQUE LAS REHOYAS- LAS PALMAS DE GC","SP_35016013_9_49","PM2.5","-15.430120","28.107450","85.000000","m","urban","background","13/05/2009 00:00:00","10/02/2016 00:00:00","SAM_35016013_9_49","3.5","m","","m","","m","100.0","m","Transport","-999.0","t.km-2.year-1","0","-999.0","t.km-1.year-1","-999.0","t.year-1","PALMAS DE GRAN CANARIA (LAS)","","","0.0","","","0.0","0.0","0","0","SPP_35016013_9_49.1","13/05/2009 00:00:00","10/02/2016 00:00:00","automatic","BETA","","unknown","","","","","","yes","http://missing.com","-999","ug.m-3","","","1","hour","1","hour","http://cdr.eionet.europa.eu/es/eu/aqd/d/envaxdj6q/ES_D_Metainfo.xml","05/09/2026 03:00:13"
"Spain","ES.BDCA.AQD","2025","NET_ES205A","CCAA Islas Canarias","UTC","ES0886A","35026001","PEDRO LEZCANO","SP_35026001_9_47","PM2.5","-15.416090","28.029850","90.000000","m","urban","industrial","17/09/2010 00:00:00","01/01/2019 00:00:00","SAM_35026001_9_47","13.9","m","","m","","m","-999.0","m","","-999.0","t.km-2.year-1","0","-999.0","t.km-1.year-1","-999.0","t.year-1","TELDE","","","20.0","","","0.0","0.0","0","0","SPP_35026001_9_47.1","17/09/2010 00:00:00","01/01/2019 00:00:00","automatic","TEOM","","unknown","","","","","","yes","http://missing.com","-999","ug.m-3","","http://missing.com","1","hour","1","hour","http://cdr.eionet.europa.eu/es/eu/aqd/d/envaxdj6q/ES_D_Metainfo.xml","05/09/2026 03:00:13"
"Spain","ES.BDCA.AQD","2025","NET_ES205A","CCAA Islas Canarias","UTC","ES0886A","35026001","PEDRO LEZCANO","SP_35026001_9_49","PM2.5","-15.416090","28.029850","90.000000","m","urban","industrial","01/01/2016 00:00:00","31/12/2024 00:00:00","SAM_35026001_9_49","13.9","m","","m","","m","-999.0","m","","-999.0","t.km-2.year-1","0","-999.0","t.km-1.year-1","-999.0","t.year-1","TELDE","","","20.0","","","0.0","0.0","0","0","SPP_35026001_9_49.1","01/01/2016 00:00:00","31/12/2024 00:00:00","automatic","BETA","","BAM1020","","","","","","yes","http://missing.com","0","ug.m-3","","http://missing.com","1","hour","1","hour","http://cdr.eionet.europa.eu/es/eu/aqd/d/envaxdj6q/ES_D_Metainfo.xml","05/09/2026 03:00:13"
"Spain","ES.BDCA.AQD","2025","NET_ES205A","CCAA Islas Canarias","UTC","ES0886A","35026001","PEDRO LEZCANO","SP_35026001_9_A","PM2.5","-15.416090","28.029850","90.000000","m","urban","industrial","01/01/2025 00:00:00","","SAM_35026001_9_A","13.9","m","","m","","m","-999.0","m","","-999.0","t.km-2.year-1","0","-999.0","t.km-1.year-1","-999.0","t.year-1","TELDE","","","20.0","","","0.0","0.0","0","0","SPP_35026001_9_A.1","01/01/2025 00:00:00","","automatic","BETA","","BAM1020","","","","","","yes","http://missing.com","0","ug.m-3","","http://missing.com","1","hour","1","hour","http://cdr.eionet.europa.eu/es/eu/aqd/d/envaxdj6q/ES_D_Metainfo.xml","05/09/2026 03:00:13"
"Spain","ES.BDCA.AQD","2025","NET_ES058A","EMEP/VAG/CAMP","UTC","ES0013R","49149999","PEÑAUSENDE","SP_49149999_9_M","PM2.5","-5.897420","41.238890","1003.000000","m","rural","background","01/03/2001 00:00:00","","SAM_49149999_9_M","1.7","m","","m","","m","0.0","m","Land use, land use change and forestry","-999.0","t.km-2.year-1","0","-999.0","t.km-1.year-1","-999.0","t.year-1","PEÑAUSENDE","","","0.0","","","0.0","0.0","0","0","SPP_49149999_9_M.1","01/03/2001 00:00:00","","active","","","","","HVSman30","","gravi","","ref","","-999","ug.m-3","","http://missing.com","1","day","1","day","http://cdr.eionet.europa.eu/es/eu/aqd/d/envaxdj6q/ES_D_Metainfo.xml","05/09/2026 03:00:13"
"Spain","ES.BDCA.AQD","2025","NET_ES209A","CCAA Cataluña","UTC","ES1122A","43103001","PERAFORT (PUIGDELFÍ)","SP_43103001_9_47","PM2.5","1.236700","41.193600","97.000000","m","rural","industrial","01/09/2023 00:00:00","","SAM_43103001_9_47","3.6","m","","m","","m","-999.0","m","Industrial Processes","-999.0","t.km-2.year-1","0","-999.0","t.km-1.year-1","-999.0","t.year-1","PERAFORT","","","6.0","","","4.5","7.0","0","0","SPP_43103001_9_47.1","01/09/2023 00:00:00","","automatic","light-scat","","GRIMM-EDM180","","","","","","inprogress","http://missing.com","1","ug.m-3","","unknown","1","hour","1","hour","http://cdr.eionet.europa.eu/es/eu/aqd/d/envaxdj6q/ES_D_Metainfo.xml","05/09/2026 03:00:13"
"Spain","ES.BDCA.AQD","2025","NET_ES202A","CCAA Aragón","UTC","ES2195A","50297041","PIGNATELLI","SP_50297041_9_M","PM2.5","-0.890650","41.654100","215.000000","m","urban","background","01/01/2025 00:00:00","","SAM_50297041_9_M","2.4","m","","m","","m","-999.0","m","","-999.0","t.km-2.year-1","0","-999.0","t.km-1.year-1","-999.0","t.year-1","ZARAGOZA","open","plane","0.0","","","0.0","0.0","0","0","SPP_50297041_9_M.1","01/01/2025 00:00:00","","active","","","","","LVSauto2.3","","gravi","","ref","","18","ug.m-3","","http://missing.com","1","day","1","day","http://cdr.eionet.europa.eu/es/eu/aqd/d/envaxdj6q/ES_D_Metainfo.xml","05/09/2026 03:00:13"
"Spain","ES.BDCA.AQD","2025","NET_ES205A","CCAA Islas Canarias","UTC","ES2000A","38038023","PISCINA MUNICIPAL-STA CRUZ DE TF","SP_38038023_9_49","PM2.5","-16.263330","28.457950","68.000000","m","urban","industrial","01/01/2013 00:00:00","31/12/2024 00:00:00","SAM_38038023_9_49","4.5","m","","m","","m","-999.0","m","","-999.0","t.km-2.year-1","0","-999.0","t.km-1.year-1","-999.0","t.year-1","SANTA CRUZ DE TENERIFE","","","11.0","","","27.0","23.0","50","24769","SPP_38038023_9_49.1","01/01/2013 00:00:00","31/12/2024 00:00:00","automatic","BETA","","BAM1020","","","","","","yes","http://missing.com","0","ug.m-3","","http://missing.com","1","hour","1","hour","http://cdr.eionet.europa.eu/es/eu/aqd/d/envaxdj6q/ES_D_Metainfo.xml","05/09/2026 03:00:13"
"Spain","ES.BDCA.AQD","2025","NET_ES205A","CCAA Islas Canarias","UTC","ES2000A","38038023","PISCINA MUNICIPAL-STA CRUZ DE TF","SP_38038023_9_A","PM2.5","-16.263330","28.457950","68.000000","m","urban","industrial","01/01/2025 00:00:00","","SAM_38038023_9_A","4.5","m","","m","","m","-999.0","m","","-999.0","t.km-2.year-1","0","-999.0","t.km-1.year-1","-999.0","t.year-1","SANTA CRUZ DE TENERIFE","","","11.0","","","27.0","23.0","50","24769","SPP_38038023_9_A.1","01/01/2025 00:00:00","","automatic","BETA","","BAM1020","","","","","","yes","http://missing.com","0","ug.m-3","","http://missing.com","1","hour","1","hour","http://cdr.eionet.europa.eu/es/eu/aqd/d/envaxdj6q/ES_D_Metainfo.xml","05/09/2026 03:00:13"
"Spain","ES.BDCA.AQD","2025","NET_ES211A","CCAA Extremadura","UTC","ES1997A","10148001","PLASENCIA","SP_10148001_9_46","PM2.5","-6.084810","40.043740","181.000000","m","suburban","background","01/01/2011 00:00:00","02/02/2022 00:00:00","SAM_10148001_9_46","3.3","m","","m","","m","-999.0","m","","-999.0","t.km-2.year-1","0","-999.0","t.km-1.year-1","-999.0","t.year-1","PLASENCIA","","","60.0","","","13.0","12.0","50","0","SPP_10148001_9_46.1","01/01/2011 00:00:00","02/02/2022 00:00:00","automatic","light-scat","","unknown","","","","","","yes","http://missing.com","0.1","ug.m-3","","http://missing.com","1","hour","1","hour","http://cdr.eionet.europa.eu/es/eu/aqd/d/envaxdj6q/ES_D_Metainfo.xml","05/09/2026 03:00:13"
"Spain","ES.BDCA.AQD","2025","NET_ES211A","CCAA Extremadura","UTC","ES1997A","10148001","PLASENCIA","SP_10148001_9_46","PM2.5","-6.084810","40.043740","181.000000","m","suburban","background","01/01/2011 00:00:00","02/02/2022 00:00:00","SAM_10148001_9_46","3.3","m","","m","","m","-999.0","m","","-999.0","t.km-2.year-1","0","-999.0","t.km-1.year-1","-999.0","t.year-1","PLASENCIA","","","60.0","","","13.0","12.0","50","0","SPP_10148001_9_46.2","01/01/2011 00:00:00","02/02/2022 00:00:00","automatic","light-scat","","GRIMM-EDM180","","","","","","ref","","0.1","ug.m-3","","http://missing.coml","1","hour","1","hour","http://cdr.eionet.europa.eu/es/eu/aqd/d/envaxdj6q/ES_D_Metainfo.xml","05/09/2026 03:00:13"
"Spain","ES.BDCA.AQD","2025","NET_ES205A","CCAA Islas Canarias","UTC","ES1741A","35019002","PLAYA DEL INGLÉS","SP_35019002_9_47","PM2.5","-15.563900","27.763700","17.000000","m","urban","traffic","01/01/2009 00:00:00","31/12/2021 00:00:00","SAM_35019002_9_47","6.0","m","7.0","m","6.0","m","-999.0","m","Transport","-999.0","t.km-2.year-1","0","-999.0","t.km-1.year-1","-999.0","t.year-1","SAN BARTOLOMÉ DE TIRAJANA","","","6.0","","","0.0","0.0","0","0","SPP_35019002_9_47.1","01/01/2009 00:00:00","31/12/2021 00:00:00","automatic","TEOM","","BAM1020","","","","","","yes","http://missing.com","0","ug.m-3","","http://missing.com","1","hour","1","hour","http://cdr.eionet.europa.eu/es/eu/aqd/d/envaxdj6q/ES_D_Metainfo.xml","05/09/2026 03:00:13"
"Spain","ES.BDCA.AQD","2025","NET_ES131A","Ayto Madrid","UTC","ES1940A","28079050","PLAZA CASTILLA-CANAL","SP_28079050_9_47","PM2.5","-3.688330","40.465830","729.000000","m","urban","traffic","01/02/2010 00:00:00","","SAM_28079050_9_47","3.0","m","1.5","m","12.0","m","-999.0","m","Transport","-999.0","t.km-2.year-1","0","-999.0","t.km-1.year-1","-999.0","t.year-1","MADRID","","","12.0","","","4.0","23.0","40","50000","SPP_28079050_9_47.1","01/02/2010 00:00:00","","automatic","TEOM","","unknown","","","","","","yes","http://missing.com","-999","ug.m-3","","http://missing.com","1","hour","1","hour","http://cdr.eionet.europa.eu/es/eu/aqd/d/envaxdj6q/ES_D_Metainfo.xml","05/09/2026 03:00:13"
"Spain","ES.BDCA.AQD","2025","NET_ES131A","Ayto Madrid","UTC","ES1940A","28079050","PLAZA CASTILLA-CANAL","SP_28079050_9_47","PM2.5","-3.688330","40.465830","729.000000","m","urban","traffic","01/02/2010 00:00:00","","SAM_28079050_9_47","3.0","m","1.5","m","12.0","m","-999.0","m","Transport","-999.0","t.km-2.year-1","0","-999.0","t.km-1.year-1","-999.0","t.year-1","MADRID","","","12.0","","","4.0","23.0","40","50000","SPP_28079050_9_47.2","01/02/2010 00:00:00","","automatic","TEOM","","TEOM1405DF-FDMS","","","","","","ref","","-999","ug.m-3","","http://missing.com","1","hour","1","hour","http://cdr.eionet.europa.eu/es/eu/aqd/d/envaxdj6q/ES_D_Metainfo.xml","05/09/2026 03:00:13"
"Spain","ES.BDCA.AQD","2025","NET_ES131A","Ayto Madrid","UTC","ES0115A","28079004","PLAZA DE ESPAÑA","SP_28079004_9_A","PM2.5","-3.712220","40.424170","637.000000","m","urban","traffic","01/01/2025 00:00:00","","SAM_28079004_9_A","3.0","m","30.0","m","15.0","m","-999.0","m","Transport","-999.0","t.km-2.year-1","0","-999.0","t.km-1.year-1","-999.0","t.year-1","MADRID","","","15.0","","","6.0","11.0","40","30000","SPP_28079004_9_A.1","01/01/2025 00:00:00","","automatic","light-scat","","FIDAS200","","","","","","inprogress","http://missing.com","1","ug.m-3","","http://missing.com","1","hour","1","hour","http://cdr.eionet.europa.eu/es/eu/aqd/d/envaxdj6q/ES_D_Metainfo.xml","05/09/2026 03:00:13"
"Spain","ES.BDCA.AQD","2025","NET_ES131A","Ayto Madrid","UTC","ES1943A","28079056","PLAZA ELÍPTICA","SP_28079056_9_47","PM2.5","-3.718600","40.384700","605.000000","m","urban","traffic","01/01/2018 00:00:00","","SAM_28079056_9_47","3.0","m","21.0","m","3.0","m","-999.0","m","Transport","-999.0","t.km-2.year-1","0","-999.0","t.km-1.year-1","-999.0","t.year-1","MADRID","","","4.0","","","20.0","9.0","40","50000","SPP_28079056_9_47.1","01/01/2018 00:00:00","","automatic","TEOM","","TEOM1405DF-FDMS","","","","","","yes","http://missing.com","-999","ug.m-3","","http://missing.com","1","hour","1","hour","http://cdr.eionet.europa.eu/es/eu/aqd/d/envaxdj6q/ES_D_Metainfo.xml","05/09/2026 03:00:13"
"Spain","ES.BDCA.AQD","2025","NET_ES212A","CCAA Galicia","UTC","ES1981A","15005013","PLAZA PASTORIZA","SP_15005013_9_47","PM2.5","-8.467200","43.347200","20.000000","m","suburban","industrial","10/09/2010 00:00:00","31/05/2014 00:00:00","SAM_15005013_9_47","2.5","m","13.0","m","","m","3.0","m","Industrial Processes","-999.0","t.km-2.year-1","0","-999.0","t.km-1.year-1","-999.0","t.year-1","ARTEIXO","canyon","","15.0","","0.06","10.0","6.0","50","20189","SPP_15005013_9_47.1","10/09/2010 00:00:00","31/05/2014 00:00:00","automatic","TEOM","","TEOM1400AB","","","","","","yes","http://missing.com","1","ug.m-3","","","1","hour","1","hour","http://cdr.eionet.europa.eu/es/eu/aqd/d/envaxdj6q/ES_D_Metainfo.xml","05/09/2026 03:00:13"
"Spain","ES.BDCA.AQD","2025","NET_ES205A","CCAA Islas Canarias","UTC","ES1952A","35006001","POLIDEPORTIVO AFONSO-ARUCAS","SP_35006001_9_49","PM2.5","-15.520920","28.111270","226.000000","m","suburban","background","30/12/2009 00:00:00","31/12/2024 00:00:00","SAM_35006001_9_49","3.5","m","","m","","m","500.0","m","Transport","-999.0","t.km-2.year-1","0","-999.0","t.km-1.year-1","-999.0","t.year-1","ARUCAS","","","0.0","","","0.0","0.0","0","0","SPP_35006001_9_49.1","30/12/2009 00:00:00","31/12/2024 00:00:00","automatic","BETA","","BAM1020","","","","","","yes","http://missing.com","0","ug.m-3","","http://missing.com","1","hour","1","hour","http://cdr.eionet.europa.eu/es/eu/aqd/d/envaxdj6q/ES_D_Metainfo.xml","05/09/2026 03:00:13"
"Spain","ES.BDCA.AQD","2025","NET_ES205A","CCAA Islas Canarias","UTC","ES1952A","35006001","POLIDEPORTIVO AFONSO-ARUCAS","SP_35006001_9_A","PM2.5","-15.520920","28.111270","226.000000","m","suburban","background","01/01/2025 00:00:00","","SAM_35006001_9_A","3.5","m","","m","","m","500.0","m","Transport","-999.0","t.km-2.year-1","0","-999.0","t.km-1.year-1","-999.0","t.year-1","ARUCAS","","","0.0","","","0.0","0.0","0","0","SPP_35006001_9_A.1","01/01/2025 00:00:00","","automatic","BETA","","BAM1020","","","","","","yes","http://missing.com","0","ug.m-3","","http://missing.com","1","hour","1","hour","http://cdr.eionet.europa.eu/es/eu/aqd/d/envaxdj6q/ES_D_Metainfo.xml","05/09/2026 03:00:13"
"Spain","ES.BDCA.AQD","2025","NET_ES208A","CCAA Castilla y León","UTC","ES2141A","24115017","PONFERRADA 6","SP_24115017_9_46","PM2.5","-6.603600","42.550700","544.000000","m","urban","traffic","08/11/2024 00:00:00","","SAM_24115017_9_46","3.0","m","5.0","m","12.0","m","-999.0","m","","-999.0","t.km-2.year-1","0","-999.0","t.km-1.year-1","-999.0","t.year-1","PONFERRADA","","","12.0","","","8.0","23.0","0","0","SPP_24115017_9_46.1","08/11/2024 00:00:00","","automatic","light-scat","","FIDAS200E","","","","","","yes","http://missing.com","0.1","ug.m-3","","http://missing.com","1","hour","1","hour","http://cdr.eionet.europa.eu/es/eu/aqd/d/envaxdj6q/ES_D_Metainfo.xml","05/09/2026 03:00:13"
"Spain","ES.BDCA.AQD","2025","NET_ES209A","CCAA Cataluña","UTC","ES1588A","25172001","PONTS (PONENT)","SP_25172001_9_47","PM2.5","1.193000","41.906600","370.000000","m","rural","background","01/01/2026 00:00:00","","SAM_25172001_9_47","3.6","m","26.0","m","","m","-999.0","m","","-999.0","t.km-2.year-1","0","-999.0","t.km-1.year-1","-999.0","t.year-1","PONTS","","","0.0","","","0.0","0.0","0","0","SPP_25172001_9_47.1","01/01/2026 00:00:00","","automatic","DOAS","","FIDAS200E","","","","","","inprogress","http://missing.com","1","ug.m-3","","unknown","1","hour","1","hour","http://cdr.eionet.europa.eu/es/eu/aqd/d/envaxdj6q/ES_D_Metainfo.xml","05/09/2026 03:00:13"
"Spain","ES.BDCA.AQD","2025","NET_ES201A","CCAA Andalucía","UTC","ES1340A","21041016","POZO DULCE","SP_21041016_9_49","PM2.5","-6.935140","37.253360","18.000000","m","urban","traffic","01/01/2021 00:00:00","","SAM_21041016_9_49","4.0","m","20.0","m","5.0","m","1.8","m","Industrial Processes","-999.0","t.km-2.year-1","0","-999.0","t.km-1.year-1","-999.0","t.year-1","HUELVA","","","4.0","","","21.0","20.0","0","20000","SPP_21041016_9_49.1","01/01/2021 00:00:00","","automatic","BETA","","thermo5014i","","","","","","yes","informe beta grav","1","ug.m-3","","desconocido","1","hour","1","hour","http://cdr.eionet.europa.eu/es/eu/aqd/d/envaxdj6q/ES_D_Metainfo.xml","05/09/2026 03:00:13"
"Spain","ES.BDCA.AQD","2025","NET_ES213A","CCAA Madrid","UTC","ES2159A","28115003","POZUELO DE ALARCÓN","SP_28115003_9_49","PM2.5","-3.803700","40.449100","690.000000","m","suburban","traffic","01/02/2023 00:00:00","","SAM_28115003_9_49","5.0","m","99.0","m","99.0","m","-999.0","m","","-999.0","t.km-2.year-1","0","-999.0","t.km-1.year-1","-999.0","t.year-1","POZUELO DE ALARCÓN","","","10.0","","","10.0","10.0","0","0","SPP_28115003_9_49.1","01/02/2023 00:00:00","","automatic","BETA","","unknown","","","","","","inprogress","https://bit.ly/3rU6DbC","1","ug.m-3","","https://bit.ly/3rU6DbC","1","hour","1","hour","http://cdr.eionet.europa.eu/es/eu/aqd/d/envaxdj6q/ES_D_Metainfo.xml","05/09/2026 03:00:13"
"Spain","ES.BDCA.AQD","2025","NET_ES217A","CCAA La Rioja","UTC","ES1753A","26117001","PRADEJÓN","SP_26117001_9_47","PM2.5","-2.059000","42.340000","380.000000","m","rural","industrial","01/09/2004 00:00:00","31/01/2017 00:00:00","SAM_26117001_9_47","3.5","m","","m","","m","1.0","m","Agriculture","-999.0","t.km-2.year-1","0","-999.0","t.km-1.year-1","-999.0","t.year-1","PRADEJÓN","open","basin-hilly","0.0","","","0.0","0.0","0","0","SPP_26117001_9_47.1","01/09/2004 00:00:00","31/01/2017 00:00:00","automatic","TEOM","","unknown","","","","","","no","","-999","ug.m-3","","http://missing.com","1","hour","1","hour","http://cdr.eionet.europa.eu/es/eu/aqd/d/envaxdj6q/ES_D_Metainfo.xml","05/09/2026 03:00:13"
"Spain","ES.BDCA.AQD","2025","NET_ES217A","CCAA La Rioja","UTC","ES1753A","26117001","PRADEJÓN","SP_26117001_9_49","PM2.5","-2.059000","42.340000","380.000000","m","rural","industrial","01/11/2016 00:00:00","","SAM_26117001_9_49","3.5","m","","m","","m","1.0","m","Agriculture","-999.0","t.km-2.year-1","0","-999.0","t.km-1.year-1","-999.0","t.year-1","PRADEJÓN","open","basin-hilly","0.0","","","0.0","0.0","0","0","SPP_26117001_9_49.1","01/11/2016 00:00:00","","automatic","BETA","","BAM1020heated","","","","","","no","_","0.1","ug.m-3","","http://missing.com","1","hour","1","hour","http://cdr.eionet.europa.eu/es/eu/aqd/d/envaxdj6q/ES_D_Metainfo.xml","05/09/2026 03:00:13"
"Spain","ES.BDCA.AQD","2025","NET_ES201A","CCAA Andalucía","UTC","ES1822A","11026001","PRADO REY","SP_11026001_9_49","PM2.5","-5.531620","36.794490","390.000000","m","rural","industrial","06/04/2005 00:00:00","","SAM_11026001_9_49","3.0","m","","m","","m","28.3","m","","-999.0","t.km-2.year-1","0","-999.0","t.km-1.year-1","-999.0","t.year-1","PRADO DEL REY","","","0.0","","0.00","5.0","0.0","20","4","SPP_11026001_9_49.1","06/04/2005 00:00:00","","automatic","BETA","","unknown","","","","","","yes","http://missing.com","-999","ug.m-3","","http://www.missing.com","1","hour","1","hour","http://cdr.eionet.europa.eu/es/eu/aqd/d/envaxdj6q/ES_D_Metainfo.xml","05/09/2026 03:00:13"
"Spain","ES.BDCA.AQD","2025","NET_ES212A","CCAA Galicia","UTC","ES0777A","15059002","PRESA DE VILLAGUDÍN","SP_15059002_9_A","PM2.5","-8.496400","43.093500","270.000000","m","rural","industrial","01/01/2023 00:00:00","","SAM_15059002_9_A","4.0","m","","m","","m","11.0","m","Energy Industries","-999.0","t.km-2.year-1","0","-999.0","t.km-1.year-1","-999.0","t.year-1","ORDES","open","plane","0.0","","","0.0","5.0","0","0","SPP_15059002_9_A.1","01/01/2023 00:00:00","","automatic","BETA","","unknown","","","","","","inprogress","http://missing.com","1","ug.m-3","","-","1","hour","1","hour","http://cdr.eionet.europa.eu/es/eu/aqd/d/envaxdj6q/ES_D_Metainfo.xml","05/09/2026 03:00:13"
"Spain","ES.BDCA.AQD","2025","NET_ES201A","CCAA Andalucía","UTC","ES1425A","41091016","PRINCIPES","SP_41091016_9_M","PM2.5","-6.005580","37.375250","9.000000","m","urban","background","01/01/2009 00:00:00","","SAM_41091016_9_M","3.9","m","16.0","m","45.0","m","-999.0","m","Transport","-999.0","t.km-2.year-1","0","-999.0","t.km-1.year-1","-999.0","t.year-1","SEVILLA","","","45.0","","","22.0","20.0","0","20000","SPP_41091016_9_M.1","01/01/2009 00:00:00","","active","","","","","LVSman2.3","","gravi","","ref","","4.5","ug.m-3","","desconocido","1","day","1","day","http://cdr.eionet.europa.eu/es/eu/aqd/d/envaxdj6q/ES_D_Metainfo.xml","05/09/2026 03:00:13"
"Spain","ES.BDCA.AQD","2025","NET_ES201A","CCAA Andalucía","UTC","ES1425A","41091016","PRINCIPES","SP_41091016_9_M","PM2.5","-6.005580","37.375250","9.000000","m","urban","background","01/01/2009 00:00:00","","SAM_41091016_9_M","3.9","m","16.0","m","45.0","m","-999.0","m","Transport","-999.0","t.km-2.year-1","0","-999.0","t.km-1.year-1","-999.0","t.year-1","SEVILLA","","","45.0","","","22.0","20.0","0","20000","SPP_41091016_9_M.2","01/01/2009 00:00:00","","active","","","","","LVSman2.3","","gravi","","ref","","4.5","ug.m-3","","desconocido","1","day","1","day","http://cdr.eionet.europa.eu/es/eu/aqd/d/envaxdj6q/ES_D_Metainfo.xml","05/09/2026 03:00:13"
"Spain","ES.BDCA.AQD","2025","NET_ES201A","CCAA Andalucía","UTC","ES1925A","11033010","PUENTE MAYORGA","SP_11033010_9_49","PM2.5","-5.382500","36.180100","3.000000","m","urban","industrial","19/05/2009 00:00:00","","SAM_11033010_9_49","4.7","m","75.0","m","6.0","m","0.4","m","","-999.0","t.km-2.year-1","0","-999.0","t.km-1.year-1","-999.0","t.year-1","SAN ROQUE","","","75.0","","0.03","20.0","6.0","30","3000","SPP_11033010_9_49.1","19/05/2009 00:00:00","","automatic","BETA","","BAM1020","","","","","","yes","http://missing.com","1","ug.m-3","","http://missing.com","1","hour","1","hour","http://cdr.eionet.europa.eu/es/eu/aqd/d/envaxdj6q/ES_D_Metainfo.xml","05/09/2026 03:00:13"
"Spain","ES.BDCA.AQD","2025","NET_ES208A","CCAA Castilla y León","UTC","ES1636A","47186030","PUENTE REGUERAL","SP_47186030_9_49","PM2.5","-4.733900","41.656100","691.000000","m","urban","industrial","01/01/2009 00:00:00","","SAM_47186030_9_49","3.0","m","20.0","m","4.0","m","3700.0","m","","-999.0","t.km-2.year-1","0","-999.0","t.km-1.year-1","-999.0","t.year-1","VALLADOLID","","","4.0","","","15.0","500.0","0","0","SPP_47186030_9_49.1","01/01/2009 00:00:00","","automatic","BETA","","BAM1020","","","","","","yes","http://missing.com","4","ug.m-3","","http://missing.com","1","hour","1","hour","http://cdr.eionet.europa.eu/es/eu/aqd/d/envaxdj6q/ES_D_Metainfo.xml","05/09/2026 03:00:13"
"Spain","ES.BDCA.AQD","2025","NET_ES213A","CCAA Madrid","UTC","ES2093A","28120001","PUERTO DE COTOS","SP_28120001_9_49","PM2.5","-3.961200","40.825100","1200.000000","m","rural","background","01/01/2019 00:00:00","","SAM_28120001_9_49","4.5","m","","m","","m","-999.0","m","","-999.0","t.km-2.year-1","0","-999.0","t.km-1.year-1","-999.0","t.year-1","RASCAFRÍA","","","0.0","","","0.0","0.0","0","0","SPP_28120001_9_49.1","01/01/2019 00:00:00","","automatic","BETA","","thermo5014i","","","","","","yes","https://bit.ly/3rU6DbC","1","ug.m-3","","https://bit.ly/3rU6DbC","1","hour","1","hour","http://cdr.eionet.europa.eu/es/eu/aqd/d/envaxdj6q/ES_D_Metainfo.xml","05/09/2026 03:00:13"
"Spain","ES.BDCA.AQD","2025","NET_ES218A","CA Ceuta","UTC","ES2100A","51001001","PUERTO ESPAÑA","SP_51001001_9_49","PM2.5","-5.314700","35.893000","1.000000","m","urban","background","01/01/2019 00:00:00","","SAM_51001001_9_49","3.0","m","","m","","m","-999.0","m","","-999.0","t.km-2.year-1","0","-999.0","t.km-1.year-1","-999.0","t.year-1","CEUTA","open","coast-plane","0.0","","","0.0","0.0","0","0","SPP_51001001_9_49.1","01/01/2019 00:00:00","","automatic","BETA","","thermo5014i","","","","","","yes","http://missing.com","1","ug.m-3","","http://missing.com","1","hour","1","hour","http://cdr.eionet.europa.eu/es/eu/aqd/d/envaxdj6q/ES_D_Metainfo.xml","05/09/2026 03:00:13"
"Spain","ES.BDCA.AQD","2025","NET_ES209A","CCAA Cataluña","UTC","ES2177A","17141001","Puigcerdà (Museu Cerdà)","SP_17141001_9_M","PM2.5","1.930400","42.433800","1185.000000","m","suburban","background","01/01/2024 00:00:00","","SAM_17141001_9_M","1.4","m","","m","","m","-999.0","m","","-999.0","t.km-2.year-1","0","-999.0","t.km-1.year-1","-999.0","t.year-1","PUIGCERDÀ","open","valley-mount","0.0","","","12.0","33.0","0","0","SPP_17141001_9_M.1","01/01/2024 00:00:00","","active","","","","","HVSauto30","","gravi","","ref","","3","ug.m-3","","unknown","1","day","1","day","http://cdr.eionet.europa.eu/es/eu/aqd/d/envaxdj6q/ES_D_Metainfo.xml","05/09/2026 03:00:13"
"Spain","ES.BDCA.AQD","2025","NET_ES203A","CCAA Asturias","UTC","ES1572A","33044032","PURIFICACIÓN TOMÁS","SP_33044032_9_49","PM2.5","-5.872800","43.372700","276.000000","m","urban","background","01/01/2009 00:00:00","","SAM_33044032_9_49","3.3","m","","m","","m","-999.0","m","","-999.0","t.km-2.year-1","0","-999.0","t.km-1.year-1","-999.0","t.year-1","OVIEDO","","","350.0","","","5.0","0.0","0","1000","SPP_33044032_9_49.1","01/01/2009 00:00:00","","automatic","BETA","","BAM1020","","","","","","inprogress","","-999","ug.m-3","","http://missing,com","1","hour","1","hour","http://cdr.eionet.europa.eu/es/eu/aqd/d/envaxdj6q/ES_D_Metainfo.xml","05/09/2026 03:00:13"
"Spain","ES.BDCA.AQD","2025","NET_ES203A","CCAA Asturias","UTC","ES1572A","33044032","PURIFICACIÓN TOMÁS","SP_33044032_9_M","PM2.5","-5.872800","43.372700","276.000000","m","urban","background","01/01/2009 00:00:00","","SAM_33044032_9_M","3.3","m","","m","","m","-999.0","m","","-999.0","t.km-2.year-1","0","-999.0","t.km-1.year-1","-999.0","t.year-1","OVIEDO","","","350.0","","","5.0","0.0","0","1000","SPP_33044032_9_M.1","01/01/2009 00:00:00","","active","","","","","LVSauto2.3","","gravi","","ref","","10","ug.m-3","","https://medioambiente.asturias.es/documents/646140/0/PC-SGCRCCA+Rev.0+Pol%C3%ADtica+de+calidad.pdf/f2cd9863-b968-c0df-9868-e2133f6d32c9","1","day","1","day","http://cdr.eionet.europa.eu/es/eu/aqd/d/envaxdj6q/ES_D_Metainfo.xml","05/09/2026 03:00:13"
"Spain","ES.BDCA.AQD","2025","NET_ES216A","CCAA País Vasco","UTC","ES1696A","20069004","PUYO","SP_20069004_9_47","PM2.5","-1.984440","43.302780","88.000000","m","urban","background","01/01/2020 00:00:00","","SAM_20069004_9_47","4.0","m","5.0","m","","m","-999.0","m","","-999.0","t.km-2.year-1","0","-999.0","t.km-1.year-1","-999.0","t.year-1","DONOSTIA-SAN SEBASTIÁN","","","0.0","","","0.0","0.0","0","1000","SPP_20069004_9_47.1","01/01/2020 00:00:00","","automatic","TEOM-FDMS","","TEOM1405DF-FDMS","","","","","","inprogress","http://missing.com","2","ug.m-3","","https://www.euskadi.eus/informacion/legislacion-sobre-calidad-del-aire-y-emisiones-a-la-atmosfera/web01-a2ingair/es/","1","hour","1","hour","http://cdr.eionet.europa.eu/es/eu/aqd/d/envaxdj6q/ES_D_Metainfo.xml","05/09/2026 03:00:13"
"Spain","ES.BDCA.AQD","2025","NET_ES201A","CCAA Andalucía","UTC","ES1845A","04032005","PZA. DEL CASTILLO","SP_04032005_9_M","PM2.5","-1.895400","36.996800","5.000000","m","urban","industrial","01/01/2009 00:00:00","","SAM_04032005_9_M","2.0","m","","m","","m","-999.0","m","","-999.0","t.km-2.year-1","0","-999.0","t.km-1.year-1","-999.0","t.year-1","CARBONERAS","","","4.0","","","0.0","5.0","0","0","SPP_04032005_9_M.1","01/01/2009 00:00:00","","active","","","","","LVSauto2.3","","gravi","","ref","","1","ug.m-3","","unknown","1","day","1","day","http://cdr.eionet.europa.eu/es/eu/aqd/d/envaxdj6q/ES_D_Metainfo.xml","05/09/2026 03:00:13"
"Spain","ES.BDCA.AQD","2025","NET_ES210A","CCAA Com. Valenciana","UTC","ES1181A","46102002","QUART DE POBLET","SP_46102002_9_46","PM2.5","-0.447220","39.481110","41.000000","m","urban","traffic","01/01/2012 00:00:00","","SAM_46102002_9_46","3.0","m","20.0","m","4.0","m","1000.0","m","Transport","-999.0","t.km-2.year-1","0","-999.0","t.km-1.year-1","-999.0","t.year-1","QUART DE POBLET","canyon","coast-mount","7.0","","0.30","20.0","9.0","50","3200","SPP_46102002_9_46.1","01/01/2012 00:00:00","","automatic","light-scat","","GRIMM-EDM280","","","","","","yes","http://missing.com","0","ug.m-3","","http://missing.com","1","hour","1","hour","http://cdr.eionet.europa.eu/es/eu/aqd/d/envaxdj6q/ES_D_Metainfo.xml","05/09/2026 03:00:13"
"Spain","ES.BDCA.AQD","2025","NET_ES206A","CCAA Cantabria","UTC","ES1530A","39059001","REINOSA","SP_39059001_9_A","PM2.5","-4.135560","43.011940","850.000000","m","urban","background","01/01/2026 00:00:00","","SAM_39059001_9_A","4.0","m","","m","","m","-999.0","m","Transport","-999.0","t.km-2.year-1","0","-999.0","t.km-1.year-1","-999.0","t.year-1","REINOSA","","","3.0","","","0.0","0.0","0","1000","SPP_39059001_9_A.1","01/01/2026 00:00:00","","automatic","light-scat","","GRIMM-EDM280","","","","","","yes","TUV-Report-No 936_21252222_A","4.8","ug.m-3","","http://www.airecantabria.com/pdf/ISO%209001%20AENOR%202013.PDF","1","hour","1","hour","http://cdr.eionet.europa.eu/es/eu/aqd/d/envaxdj6q/ES_D_Metainfo.xml","05/09/2026 03:00:13"
"Spain","ES.BDCA.AQD","2025","NET_ES206A","CCAA Cantabria","UTC","ES1530A","39059001","REINOSA","SP_39059001_9_M","PM2.5","-4.135560","43.011940","850.000000","m","urban","background","01/01/2011 00:00:00","","SAM_39059001_9_M","3.5","m","","m","","m","-999.0","m","Transport","-999.0","t.km-2.year-1","0","-999.0","t.km-1.year-1","-999.0","t.year-1","REINOSA","","","3.0","","","0.0","0.0","0","1000","SPP_39059001_9_M.1","01/01/2011 00:00:00","","active","","","","","LVSauto2.3","","gravi","","ref","","1","ug.m-3","","","1","day","1","day","http://cdr.eionet.europa.eu/es/eu/aqd/d/envaxdj6q/ES_D_Metainfo.xml","05/09/2026 03:00:13"
"Spain","ES.BDCA.AQD","2025","NET_ES021A","Ayto Zaragoza","UTC","ES1641A","50297036","RENOVALES","SP_50297036_9_M","PM2.5","-0.893610","41.635280","220.000000","m","urban","background","01/01/2009 00:00:00","","SAM_50297036_9_M","3.5","m","51.0","m","25.0","m","-999.0","m","Transport","-999.0","t.km-2.year-1","0","-999.0","t.km-1.year-1","-999.0","t.year-1","ZARAGOZA","open","","13.0","","","0.0","11.0","40","13970","SPP_50297036_9_M.1","01/01/2009 00:00:00","","active","","","","","other","","gravi","","ref","","10000","ug.m-3","","http://missing.com","1","day","1","day","http://cdr.eionet.europa.eu/es/eu/aqd/d/envaxdj6q/ES_D_Metainfo.xml","05/09/2026 03:00:13"
"Spain","ES.BDCA.AQD","2025","NET_ES212A","CCAA Galicia","UTC","ES0343A","27013002","RIO COBO","SP_27013002_9_A","PM2.5","-7.431900","43.684400","100.000000","m","suburban","industrial","16/06/2021 00:00:00","","SAM_27013002_9_A","3.0","m","","m","","m","2.5","m","Industrial Processes","-999.0","t.km-2.year-1","0","-999.0","t.km-1.year-1","-999.0","t.year-1","CERVO","","plane","120.0","","","0.0","8.0","75","4427","SPP_27013002_9_A.1","16/06/2021 00:00:00","","automatic","BETA","","BAM1020","","","","","","inprogress","http://missing.com","4.8","ug.m-3","","-","1","hour","1","hour","http://cdr.eionet.europa.eu/es/eu/aqd/d/envaxdj6q/ES_D_Metainfo.xml","05/09/2026 03:00:13"
"Spain","ES.BDCA.AQD","2025","NET_ES212A","CCAA Galicia","UTC","ES0343A","27013002","RIO COBO","SP_27013002_9_A","PM2.5","-7.431900","43.684400","100.000000","m","suburban","industrial","16/06/2021 00:00:00","","SAM_27013002_9_A","3.0","m","","m","","m","2.5","m","Industrial Processes","-999.0","t.km-2.year-1","0","-999.0","t.km-1.year-1","-999.0","t.year-1","CERVO","","plane","120.0","","","0.0","8.0","75","4427","SPP_27013002_9_A.2","16/06/2021 00:00:00","","automatic","TEOM","","TEOM1400A","","","","","","inprogress","-","1","ug.m-3","","-","1","hour","1","hour","http://cdr.eionet.europa.eu/es/eu/aqd/d/envaxdj6q/ES_D_Metainfo.xml","05/09/2026 03:00:13"
"Spain","ES.BDCA.AQD","2025","NET_ES212A","CCAA Galicia","UTC","ES0343A","27013002","RIO COBO","SP_27013002_9_A","PM2.5","-7.431900","43.684400","100.000000","m","suburban","industrial","16/06/2021 00:00:00","","SAM_27013002_9_A","3.0","m","","m","","m","2.5","m","Industrial Processes","-999.0","t.km-2.year-1","0","-999.0","t.km-1.year-1","-999.0","t.year-1","CERVO","","plane","120.0","","","0.0","8.0","75","4427","SPP_27013002_9_A.3","16/06/2021 00:00:00","","automatic","light-scat","","FIDAS200E","","","","","","inprogress","-","1","ug.m-3","","-","1","hour","1","hour","http://cdr.eionet.europa.eu/es/eu/aqd/d/envaxdj6q/ES_D_Metainfo.xml","05/09/2026 03:00:13"
"Spain","ES.BDCA.AQD","2025","NET_ES201A","CCAA Andalucía","UTC","ES1656A","23050003","RONDA DEL VALLE","SP_23050003_9_49","PM2.5","-3.781570","37.782550","480.000000","m","urban","background","01/01/2021 00:00:00","","SAM_23050003_9_49","4.0","m","11.0","m","1.0","m","-999.0","m","","-999.0","t.km-2.year-1","0","-999.0","t.km-1.year-1","-999.0","t.year-1","JAÉN","","","0.0","","0.20","4.0","6.0","30","400","SPP_23050003_9_49.1","01/01/2021 00:00:00","","automatic","BETA","","thermo5014i","","","","","","yes","informe beta grav","1","ug.m-3","","desconocido","1","hour","1","hour","http://cdr.eionet.europa.eu/es/eu/aqd/d/envaxdj6q/ES_D_Metainfo.xml","05/09/2026 03:00:13"
"Spain","ES.BDCA.AQD","2025","NET_ES201A","CCAA Andalucía","UTC","ES1656A","23050003","RONDA DEL VALLE","SP_23050003_9_M","PM2.5","-3.781570","37.782550","480.000000","m","urban","background","01/01/2009 00:00:00","31/12/2015 00:00:00","SAM_23050003_9_M","4.0","m","12.0","m","0.0","m","-999.0","m","","-999.0","t.km-2.year-1","0","-999.0","t.km-1.year-1","-999.0","t.year-1","JAÉN","","","0.0","","0.20","4.0","6.0","30","400","SPP_23050003_9_M.1","01/01/2009 00:00:00","31/12/2015 00:00:00","active","","","","","HVSman30","","gravi","","ref","","1","ug.m-3","","unknown","1","day","1","day","http://cdr.eionet.europa.eu/es/eu/aqd/d/envaxdj6q/ES_D_Metainfo.xml","05/09/2026 03:00:13"
"Spain","ES.BDCA.AQD","2025","NET_ES214A","CCAA Murcia","UTC","ES2173A","30030015","RONDA SUR","SP_30030015_9_A","PM2.5","-1.127700","37.970100","41.000000","m","suburban","traffic","01/01/2024 00:00:00","","SAM_30030015_9_A","4.0","m","20.0","m","10.0","m","-999.0","m","","-999.0","t.km-2.year-1","0","-999.0","t.km-1.year-1","-999.0","t.year-1","MURCIA","detached","valley-mount","3.0","","","3.0","0.0","0","0","SPP_30030015_9_A.1","01/01/2024 00:00:00","","automatic","light-scat","","FIDAS200","","","","","","ref","","1","ug.m-3","","https://sinqlair.carm.es/sinqlair","1","hour","1","hour","http://cdr.eionet.europa.eu/es/eu/aqd/d/envaxdj6q/ES_D_Metainfo.xml","05/09/2026 03:00:13"
"Spain","ES.BDCA.AQD","2025","NET_ES209A","CCAA Cataluña","UTC","ES1684A","08184006","RUBÍ (CA N'ORIOL)","SP_08184006_9_M","PM2.5","2.042500","41.492100","171.000000","m","urban","background","09/03/2007 00:00:00","","SAM_08184006_9_M","3.9","m","","m","","m","-999.0","m","","-999.0","t.km-2.year-1","0","-999.0","t.km-1.year-1","-999.0","t.year-1","RUBÍ","open","","28.0","","","0.0","0.0","0","0","SPP_08184006_9_M.1","09/03/2007 00:00:00","","active","","","","","HVSauto30","","gravi","","ref","","3","ug.m-3","","http://missing.com","1","day","1","day","http://cdr.eionet.europa.eu/es/eu/aqd/d/envaxdj6q/ES_D_Metainfo.xml","05/09/2026 03:00:13"
"Spain","ES.BDCA.AQD","2025","NET_ES212A","CCAA Galicia","UTC","ES0901A","15017002","S. VICENTE DE VIGO","SP_15017002_9_47","PM2.5","-8.318700","43.244600","160.000000","m","rural","industrial","22/07/2004 00:00:00","10/01/2022 00:00:00","SAM_15017002_9_47","4.0","m","","m","","m","12.0","m","Energy Industries","-999.0","t.km-2.year-1","0","-999.0","t.km-1.year-1","-999.0","t.year-1","CAMBRE","open","plane","0.0","","","0.0","4.0","0","0","SPP_15017002_9_47.1","22/07/2004 00:00:00","10/01/2022 00:00:00","automatic","TEOM","","TEOM1400","","","","","","yes","http://missing.com","1","ug.m-3","","-","1","hour","1","hour","http://cdr.eionet.europa.eu/es/eu/aqd/d/envaxdj6q/ES_D_Metainfo.xml","05/09/2026 03:00:13"
"Spain","ES.BDCA.AQD","2025","NET_ES209A","CCAA Cataluña","UTC","ES1262A","08187012","SABADELL (GRAN VIA)","SP_08187012_9_M","PM2.5","2.101400","41.561200","210.000000","m","urban","traffic","15/01/2010 00:00:00","","SAM_08187012_9_M","4.0","m","27.0","m","2.0","m","-999.0","m","Fugitive Emissions from Fuels","-999.0","t.km-2.year-1","0","-999.0","t.km-1.year-1","-999.0","t.year-1","SABADELL","detached","","1.8","","0.05","20.0","21.0","102","27039","SPP_08187012_9_M.1","15/01/2010 00:00:00","","active","","","","","HVSauto30","","gravi","","ref","","3","ug.m-3","","http://missing.com","1","day","1","day","http://cdr.eionet.europa.eu/es/eu/aqd/d/envaxdj6q/ES_D_Metainfo.xml","05/09/2026 03:00:13"
"Spain","ES.BDCA.AQD","2025","NET_ES210A","CCAA Com. Valenciana","UTC","ES1884A","46220010","SAGUNT CEA","SP_46220010_9_46","PM2.5","-0.265830","39.634170","3.000000","m","suburban","industrial","01/01/2012 00:00:00","","SAM_46220010_9_46","3.0","m","","m","","m","-999.0","m","","-999.0","t.km-2.year-1","0","-999.0","t.km-1.year-1","-999.0","t.year-1","SAGUNTO/SAGUNT","","","0.0","","","0.0","0.0","0","0","SPP_46220010_9_46.1","01/01/2012 00:00:00","","automatic","light-scat","","GRIMM-EDM180","","","","","","inprogress","EN PREPARACIÓN","0","ug.m-3","","http://missing.com","1","hour","1","hour","http://cdr.eionet.europa.eu/es/eu/aqd/d/envaxdj6q/ES_D_Metainfo.xml","05/09/2026 03:00:13"
"Spain","ES.BDCA.AQD","2025","NET_ES210A","CCAA Com. Valenciana","UTC","ES1185A","46220003","SAGUNT PORT","SP_46220003_9_46","PM2.5","-0.234720","39.667220","10.000000","m","urban","traffic","31/01/2019 00:00:00","","SAM_46220003_9_46","3.0","m","25.0","m","8.0","m","1000.0","m","Industrial Processes","-999.0","t.km-2.year-1","0","-999.0","t.km-1.year-1","-999.0","t.year-1","SAGUNTO/SAGUNT","open","coast-mount","7.0","","0.10","10.0","16.0","50","6000","SPP_46220003_9_46.1","31/01/2019 00:00:00","","automatic","light-scat","","GRIMM-EDM280","","","","","","inprogress","http://www.agroambient.gva.es/es/web/calidad-ambiental/calidad-del-aire","1","ug.m-3","","www.agroambient.gva.es/es/calidad-ambiental","1","hour","1","hour","http://cdr.eionet.europa.eu/es/eu/aqd/d/envaxdj6q/ES_D_Metainfo.xml","05/09/2026 03:00:13"
"Spain","ES.BDCA.AQD","2025","NET_ES208A","CCAA Castilla y León","UTC","ES1889A","37274011","SALAMANCA 6","SP_37274011_9_49","PM2.5","-5.639720","40.960830","743.000000","m","suburban","background","21/12/2006 00:00:00","","SAM_37274011_9_49","3.0","m","","m","","m","-999.0","m","","-999.0","t.km-2.year-1","0","-999.0","t.km-1.year-1","-999.0","t.year-1","SALAMANCA","","","0.0","","","0.0","0.0","0","0","SPP_37274011_9_49.1","21/12/2006 00:00:00","","automatic","BETA","","unknown","","","","","","yes","http://missing.com","-999","ug.m-3","","http://missing.com","1","hour","1","hour","http://cdr.eionet.europa.eu/es/eu/aqd/d/envaxdj6q/ES_D_Metainfo.xml","05/09/2026 03:00:13"
"Spain","ES.BDCA.AQD","2025","NET_ES208A","CCAA Castilla y León","UTC","ES1889A","37274011","SALAMANCA 6","SP_37274011_9_49","PM2.5","-5.639720","40.960830","743.000000","m","suburban","background","21/12/2006 00:00:00","","SAM_37274011_9_49","3.0","m","","m","","m","-999.0","m","","-999.0","t.km-2.year-1","0","-999.0","t.km-1.year-1","-999.0","t.year-1","SALAMANCA","","","0.0","","","0.0","0.0","0","0","SPP_37274011_9_49.2","21/12/2006 00:00:00","","automatic","BETA","","BAM1020","","","","","","no","DESCONOCIDO","5","ug.m-3","","http://missing.com","1","hour","1","hour","http://cdr.eionet.europa.eu/es/eu/aqd/d/envaxdj6q/ES_D_Metainfo.xml","05/09/2026 03:00:13"
"Spain","ES.BDCA.AQD","2025","NET_ES203A","CCAA Asturias","UTC","ES2054A","33004052","SALINAS","SP_33004052_9_49","PM2.5","-5.958300","43.570500","8.000000","m","suburban","background","01/11/2014 00:00:00","","SAM_33004052_9_49","3.5","m","","m","","m","2.0","m","Industrial Processes","-999.0","t.km-2.year-1","0","-999.0","t.km-1.year-1","-999.0","t.year-1","AVILÉS","","","30.0","","0.10","6.0","0.0","40","300","SPP_33004052_9_49.1","01/11/2014 00:00:00","","automatic","BETA","","BAM1020","","","","","","inprogress","","1","ug.m-3","","http://missing.com","1","hour","1","hour","http://cdr.eionet.europa.eu/es/eu/aqd/d/envaxdj6q/ES_D_Metainfo.xml","05/09/2026 03:00:13"
"Spain","ES.BDCA.AQD","2025","NET_ES203A","CCAA Asturias","UTC","ES1353A","33031032","SAMA I","SP_33031032_9_49","PM2.5","-5.679600","43.294100","216.000000","m","urban","background","13/03/2018 00:00:00","","SAM_33031032_9_49","3.5","m","","m","","m","-999.0","m","","-999.0","t.km-2.year-1","0","-999.0","t.km-1.year-1","-999.0","t.year-1","LANGREO","","","0.0","","","0.0","0.0","0","1000","SPP_33031032_9_49.1","13/03/2018 00:00:00","","automatic","BETA","","thermo5014i","","","","","","yes","http://missing,com","-999","ug.m-3","","http://missing,com","1","hour","1","hour","http://cdr.eionet.europa.eu/es/eu/aqd/d/envaxdj6q/ES_D_Metainfo.xml","05/09/2026 03:00:13"
"Spain","ES.BDCA.AQD","2025","NET_ES205A","CCAA Islas Canarias","UTC","ES1742A","35019001","SAN AGUSTÍN","SP_35019001_9_47","PM2.5","-15.541880","27.772600","15.000000","m","urban","traffic","01/01/2009 00:00:00","31/12/2024 00:00:00","SAM_35019001_9_47","3.9","m","15.0","m","5.0","m","-999.0","m","Transport","-999.0","t.km-2.year-1","0","-999.0","t.km-1.year-1","-999.0","t.year-1","SAN BARTOLOMÉ DE TIRAJANA","","","5.0","","","0.0","0.0","0","0","SPP_35019001_9_47.1","01/01/2009 00:00:00","31/12/2024 00:00:00","automatic","TEOM","","BAM1020","","","","","","yes","http://missing.com","0","ug.m-3","","http://missing.com","1","hour","1","hour","http://cdr.eionet.europa.eu/es/eu/aqd/d/envaxdj6q/ES_D_Metainfo.xml","05/09/2026 03:00:13"
"Spain","ES.BDCA.AQD","2025","NET_ES205A","CCAA Islas Canarias","UTC","ES1742A","35019001","SAN AGUSTÍN","SP_35019001_9_A","PM2.5","-15.541880","27.772600","15.000000","m","urban","traffic","01/01/2025 00:00:00","","SAM_35019001_9_A","3.9","m","15.0","m","5.0","m","-999.0","m","Transport","-999.0","t.km-2.year-1","0","-999.0","t.km-1.year-1","-999.0","t.year-1","SAN BARTOLOMÉ DE TIRAJANA","","","5.0","","","0.0","0.0","0","0","SPP_35019001_9_A.1","01/01/2025 00:00:00","","automatic","TEOM","","BAM1020","","","","","","yes","http://missing.com","0","ug.m-3","","http://missing.com","1","hour","1","hour","http://cdr.eionet.europa.eu/es/eu/aqd/d/envaxdj6q/ES_D_Metainfo.xml","05/09/2026 03:00:13"
"Spain","ES.BDCA.AQD","2025","NET_ES205A","CCAA Islas Canarias","UTC","ES1956A","38009001","SAN ANTONIO-BREÑA BAJA","SP_38009001_9_49","PM2.5","-17.771550","28.645400","208.000000","m","suburban","background","18/01/2010 00:00:00","31/12/2024 00:00:00","SAM_38009001_9_49","3.5","m","","m","","m","950.0","m","Transport","-999.0","t.km-2.year-1","0","-999.0","t.km-1.year-1","-999.0","t.year-1","BREÑA BAJA","","","0.0","","","0.0","0.0","0","0","SPP_38009001_9_49.1","18/01/2010 00:00:00","31/12/2024 00:00:00","automatic","BETA","","FIDAS200","","","","","","yes","http://missing.com","0","ug.m-3","","http://missing.com","1","hour","1","hour","http://cdr.eionet.europa.eu/es/eu/aqd/d/envaxdj6q/ES_D_Metainfo.xml","05/09/2026 03:00:13"
"Spain","ES.BDCA.AQD","2025","NET_ES205A","CCAA Islas Canarias","UTC","ES1956A","38009001","SAN ANTONIO-BREÑA BAJA","SP_38009001_9_A","PM2.5","-17.771550","28.645400","208.000000","m","suburban","background","01/01/2025 00:00:00","","SAM_38009001_9_A","3.5","m","","m","","m","950.0","m","Transport","-999.0","t.km-2.year-1","0","-999.0","t.km-1.year-1","-999.0","t.year-1","BREÑA BAJA","","","0.0","","","0.0","0.0","0","0","SPP_38009001_9_A.1","01/01/2025 00:00:00","","automatic","BETA","","FIDAS200","","","","","","yes","http://missing.com","0","ug.m-3","","http://missing.com","1","hour","1","hour","http://cdr.eionet.europa.eu/es/eu/aqd/d/envaxdj6q/ES_D_Metainfo.xml","05/09/2026 03:00:13"
"Spain","ES.BDCA.AQD","2025","NET_ES214A","CCAA Murcia","UTC","ES1633A","30030007","SAN BASILIO","SP_30030007_9_A","PM2.5","-1.145900","37.992300","40.000000","m","suburban","traffic","26/08/2020 00:00:00","","SAM_30030007_9_A","4.0","m","1.0","m","1.0","m","-999.0","m","","-999.0","t.km-2.year-1","0","-999.0","t.km-1.year-1","-999.0","t.year-1","MURCIA","","","1.0","","","0.0","0.0","0","0","SPP_30030007_9_A.1","26/08/2020 00:00:00","","automatic","BETA","","thermo5014i","","","","","","inprogress","http://missing.com","1","ug.m-3","","www.missing.com","1","hour","1","hour","http://cdr.eionet.europa.eu/es/eu/aqd/d/envaxdj6q/ES_D_Metainfo.xml","05/09/2026 03:00:13"
"Spain","ES.BDCA.AQD","2025","NET_ES214A","CCAA Murcia","UTC","ES1633A","30030007","SAN BASILIO","SP_30030007_9_A","PM2.5","-1.145900","37.992300","40.000000","m","suburban","traffic","26/08/2020 00:00:00","","SAM_30030007_9_A","4.0","m","1.0","m","1.0","m","-999.0","m","","-999.0","t.km-2.year-1","0","-999.0","t.km-1.year-1","-999.0","t.year-1","MURCIA","","","1.0","","","0.0","0.0","0","0","SPP_30030007_9_A.2","26/08/2020 00:00:00","","automatic","light-scat","","FIDAS200","","","","","","ref","","1","ug.m-3","","www.missing.com","1","hour","1","hour","http://cdr.eionet.europa.eu/es/eu/aqd/d/envaxdj6q/ES_D_Metainfo.xml","05/09/2026 03:00:13"
"Spain","ES.BDCA.AQD","2025","NET_ES214A","CCAA Murcia","UTC","ES1633A","30030007","SAN BASILIO","SP_30030007_9_M","PM2.5","-1.145900","37.992300","40.000000","m","suburban","traffic","18/10/2019 00:00:00","26/08/2020 00:00:00","SAM_30030007_9_M","4.0","m","1.0","m","1.0","m","-999.0","m","","-999.0","t.km-2.year-1","0","-999.0","t.km-1.year-1","-999.0","t.year-1","MURCIA","","","1.0","","","0.0","0.0","0","0","SPP_30030007_9_M.1","18/10/2019 00:00:00","26/08/2020 00:00:00","active","","","","","other","","gravi","","ref","","1","ug.m-3","","http://missing.com","1","day","1","day","http://cdr.eionet.europa.eu/es/eu/aqd/d/envaxdj6q/ES_D_Metainfo.xml","05/09/2026 03:00:13"
"Spain","ES.BDCA.AQD","2025","NET_ES212A","CCAA Galicia","UTC","ES1901A","15078008","SAN CAETANO","SP_15078008_9_46","PM2.5","-8.531100","42.887800","260.000000","m","urban","traffic","01/09/2008 00:00:00","21/07/2013 00:00:00","SAM_15078008_9_46","3.5","m","76.0","m","51.0","m","0.1","m","Transport","-999.0","t.km-2.year-1","0","-999.0","t.km-1.year-1","-999.0","t.year-1","SANTIAGO DE COMPOSTELA","","plane","54.0","","0.02","0.0","0.0","30","14379","SPP_15078008_9_46.1","01/09/2008 00:00:00","21/07/2013 00:00:00","automatic","light-scat","","GRIMM-EDM180","","","","","","yes","http://missing.com","-999","ug.m-3","","","1","hour","1","hour","http://cdr.eionet.europa.eu/es/eu/aqd/d/envaxdj6q/ES_D_Metainfo.xml","05/09/2026 03:00:13"
"Spain","ES.BDCA.AQD","2025","NET_ES212A","CCAA Galicia","UTC","ES1901A","15078008","SAN CAETANO","SP_15078008_9_49","PM2.5","-8.531100","42.887800","260.000000","m","urban","traffic","01/09/2008 00:00:00","","SAM_15078008_9_49","4.6","m","86.0","m","54.0","m","0.1","m","Transport","-999.0","t.km-2.year-1","0","-999.0","t.km-1.year-1","-999.0","t.year-1","SANTIAGO DE COMPOSTELA","","plane","54.0","","0.02","0.0","0.0","30","14379","SPP_15078008_9_49.1","01/09/2008 00:00:00","","automatic","BETA","","BAM1020","","","","","","yes","http://missing.com","1.33","ug.m-3","","http://missing.com","1","hour","1","hour","http://cdr.eionet.europa.eu/es/eu/aqd/d/envaxdj6q/ES_D_Metainfo.xml","05/09/2026 03:00:13"
"Spain","ES.BDCA.AQD","2025","NET_ES212A","CCAA Galicia","UTC","ES2076A","15030106","SAN DIEGO","SP_15030106_9_46","PM2.5","-8.389440","43.354440","1.000000","m","urban","background","01/01/2017 00:00:00","","SAM_15030106_9_46","4.0","m","","m","","m","-999.0","m","","-999.0","t.km-2.year-1","0","-999.0","t.km-1.year-1","-999.0","t.year-1","CORUÑA (A)","","","0.0","","","0.0","0.0","0","0","SPP_15030106_9_46.1","01/01/2017 00:00:00","","automatic","light-scat","","unknown","","","","","","yes","http://missing.com","-999","ug.m-3","","","1","hour","1","hour","http://cdr.eionet.europa.eu/es/eu/aqd/d/envaxdj6q/ES_D_Metainfo.xml","05/09/2026 03:00:13"
"Spain","ES.BDCA.AQD","2025","NET_ES201A","CCAA Andalucía","UTC","ES1593A","11031001","SAN FERNANDO","SP_11031001_9_49","PM2.5","-6.203070","36.460590","35.000000","m","suburban","background","01/01/2021 00:00:00","","SAM_11031001_9_49","4.9","m","","m","","m","0.0","m","Transport","-999.0","t.km-2.year-1","0","-999.0","t.km-1.year-1","-999.0","t.year-1","SAN FERNANDO","","","3.0","","0.02","5.0","8.0","25","500","SPP_11031001_9_49.1","01/01/2021 00:00:00","","automatic","BETA","","thermo5014i","","","","","","yes","informe beta grav","1","ug.m-3","","desconocido","1","hour","1","hour","http://cdr.eionet.europa.eu/es/eu/aqd/d/envaxdj6q/ES_D_Metainfo.xml","05/09/2026 03:00:13"
"Spain","ES.BDCA.AQD","2025","NET_ES201A","CCAA Andalucía","UTC","ES1593A","11031001","SAN FERNANDO","SP_11031001_9_M","PM2.5","-6.203070","36.460590","35.000000","m","suburban","background","01/01/2009 00:00:00","","SAM_11031001_9_M","3.4","m","20.0","m","3.0","m","0.0","m","Transport","-999.0","t.km-2.year-1","0","-999.0","t.km-1.year-1","-999.0","t.year-1","SAN FERNANDO","","","3.0","","0.02","5.0","8.0","25","500","SPP_11031001_9_M.1","01/01/2009 00:00:00","","active","","","","","HVSman30","","gravi","","ref","","1","ug.m-3","","unknown","1","day","1","day","http://cdr.eionet.europa.eu/es/eu/aqd/d/envaxdj6q/ES_D_Metainfo.xml","05/09/2026 03:00:13"
"Spain","ES.BDCA.AQD","2025","NET_ES201A","CCAA Andalucía","UTC","ES1593A","11031001","SAN FERNANDO","SP_11031001_9_M","PM2.5","-6.203070","36.460590","35.000000","m","suburban","background","01/01/2009 00:00:00","","SAM_11031001_9_M","3.4","m","20.0","m","3.0","m","0.0","m","Transport","-999.0","t.km-2.year-1","0","-999.0","t.km-1.year-1","-999.0","t.year-1","SAN FERNANDO","","","3.0","","0.02","5.0","8.0","25","500","SPP_11031001_9_M.2","01/01/2009 00:00:00","","active","","","","","LVSauto2.3","","gravi","","ref","","1","ug.m-3","","unknown","1","day","1","day","http://cdr.eionet.europa.eu/es/eu/aqd/d/envaxdj6q/ES_D_Metainfo.xml","05/09/2026 03:00:13"
"Spain","ES.BDCA.AQD","2025","NET_ES205A","CCAA Islas Canarias","UTC","ES1761A","38017002","SAN ISIDRO","SP_38017002_9_46","PM2.5","-16.559860","28.080010","235.000000","m","urban","industrial","01/01/2010 00:00:00","31/12/2024 00:00:00","SAM_38017002_9_46","3.8","m","","m","","m","-999.0","m","Transport","-999.0","t.km-2.year-1","0","-999.0","t.km-1.year-1","-999.0","t.year-1","GRANADILLA DE ABONA","","","12.0","","","0.0","0.0","0","0","SPP_38017002_9_46.1","01/01/2010 00:00:00","31/12/2024 00:00:00","automatic","light-scat","","BAM1020","","","","","","yes","http://missing.com","0","ug.m-3","","http://missing.com","1","hour","1","hour","http://cdr.eionet.europa.eu/es/eu/aqd/d/envaxdj6q/ES_D_Metainfo.xml","05/09/2026 03:00:13"
"Spain","ES.BDCA.AQD","2025","NET_ES205A","CCAA Islas Canarias","UTC","ES1761A","38017002","SAN ISIDRO","SP_38017002_9_A","PM2.5","-16.559860","28.080010","235.000000","m","urban","industrial","01/01/2025 00:00:00","","SAM_38017002_9_A","3.8","m","","m","","m","-999.0","m","Transport","-999.0","t.km-2.year-1","0","-999.0","t.km-1.year-1","-999.0","t.year-1","GRANADILLA DE ABONA","","","12.0","","","0.0","0.0","0","0","SPP_38017002_9_A.1","01/01/2025 00:00:00","","automatic","light-scat","","BAM1020","","","","","","yes","http://missing.com","0","ug.m-3","","http://missing.com","1","hour","1","hour","http://cdr.eionet.europa.eu/es/eu/aqd/d/envaxdj6q/ES_D_Metainfo.xml","05/09/2026 03:00:13"
"Spain","ES.BDCA.AQD","2025","NET_ES205A","CCAA Islas Canarias","UTC","ES1769A","38005001","SAN MIGUEL DE TAJAO","SP_38005001_9_46","PM2.5","-16.471630","28.111370","30.000000","m","suburban","industrial","01/01/2010 00:00:00","31/12/2024 00:00:00","SAM_38005001_9_46","3.5","m","","m","","m","-999.0","m","","-999.0","t.km-2.year-1","0","-999.0","t.km-1.year-1","-999.0","t.year-1","ARICO","","","0.0","","","0.0","0.0","0","0","SPP_38005001_9_46.1","01/01/2010 00:00:00","31/12/2024 00:00:00","automatic","light-scat","","BAM1020","","","","","","yes","http://missing.com","0","ug.m-3","","http://missing.com","1","hour","1","hour","http://cdr.eionet.europa.eu/es/eu/aqd/d/envaxdj6q/ES_D_Metainfo.xml","05/09/2026 03:00:13"
"Spain","ES.BDCA.AQD","2025","NET_ES205A","CCAA Islas Canarias","UTC","ES1769A","38005001","SAN MIGUEL DE TAJAO","SP_38005001_9_A","PM2.5","-16.471630","28.111370","30.000000","m","suburban","industrial","01/01/2025 00:00:00","","SAM_38005001_9_A","3.5","m","","m","","m","-999.0","m","","-999.0","t.km-2.year-1","0","-999.0","t.km-1.year-1","-999.0","t.year-1","ARICO","","","0.0","","","0.0","0.0","0","0","SPP_38005001_9_A.1","01/01/2025 00:00:00","","automatic","light-scat","","BAM1020","","","","","","yes","http://missing.com","0","ug.m-3","","http://missing.com","1","hour","1","hour","http://cdr.eionet.europa.eu/es/eu/aqd/d/envaxdj6q/ES_D_Metainfo.xml","05/09/2026 03:00:13"
"Spain","ES.BDCA.AQD","2025","NET_ES205A","CCAA Islas Canarias","UTC","ES2097A","35016014","SAN NICOLÁS","SP_35016014_9_49","PM2.5","-15.422800","28.103300","115.000000","m","urban","background","01/01/2019 00:00:00","31/12/2024 00:00:00","SAM_35016014_9_49","5.0","m","","m","","m","-999.0","m","","-999.0","t.km-2.year-1","0","-999.0","t.km-1.year-1","-999.0","t.year-1","PALMAS DE GRAN CANARIA (LAS)","","","0.0","","","0.0","0.0","0","0","SPP_35016014_9_49.1","01/01/2019 00:00:00","31/12/2024 00:00:00","automatic","BETA","","andersenFH62IR","","","","","","inprogress","","-999","ug.m-3","","http://missing.com","1","hour","1","hour","http://cdr.eionet.europa.eu/es/eu/aqd/d/envaxdj6q/ES_D_Metainfo.xml","05/09/2026 03:00:13"
"Spain","ES.BDCA.AQD","2025","NET_ES205A","CCAA Islas Canarias","UTC","ES2097A","35016014","SAN NICOLÁS","SP_35016014_9_A","PM2.5","-15.422800","28.103300","115.000000","m","urban","background","01/01/2025 00:00:00","","SAM_35016014_9_A","5.0","m","","m","","m","-999.0","m","","-999.0","t.km-2.year-1","0","-999.0","t.km-1.year-1","-999.0","t.year-1","PALMAS DE GRAN CANARIA (LAS)","","","0.0","","","0.0","0.0","0","0","SPP_35016014_9_A.1","01/01/2025 00:00:00","","automatic","BETA","","andersenFH62IR","","","","","","inprogress","","-999","ug.m-3","","http://missing.com","1","hour","1","hour","http://cdr.eionet.europa.eu/es/eu/aqd/d/envaxdj6q/ES_D_Metainfo.xml","05/09/2026 03:00:13"
"Spain","ES.BDCA.AQD","2025","NET_ES058A","EMEP/VAG/CAMP","UTC","ES0001R","45153999","SAN PABLO DE LOS MONTES","SP_45153999_9_M","PM2.5","-4.350420","39.546330","923.000000","m","rural","background","01/01/2008 00:00:00","","SAM_45153999_9_M","1.7","m","","m","","m","0.0","m","Land use, land use change and forestry","-999.0","t.km-2.year-1","0","-999.0","t.km-1.year-1","-999.0","t.year-1","SAN PABLO DE LOS MONTES","","","0.0","","","0.0","0.0","0","0","SPP_45153999_9_M.1","01/01/2008 00:00:00","","active","","","","","HVSman30","","gravi","","ref","","-999","ug.m-3","","http://missing.com","1","day","1","day","http://cdr.eionet.europa.eu/es/eu/aqd/d/envaxdj6q/ES_D_Metainfo.xml","05/09/2026 03:00:13"
"Spain","ES.BDCA.AQD","2025","NET_ES201A","CCAA Andalucía","UTC","ES0634A","11033003","SAN ROQUE (S6)","SP_11033003_9_49","PM2.5","-5.430270","36.212040","32.000000","m","suburban","industrial","06/07/2009 00:00:00","","SAM_11033003_9_49","5.4","m","15.0","m","30.0","m","1.5","m","Industrial Processes","-999.0","t.km-2.year-1","0","-999.0","t.km-1.year-1","-999.0","t.year-1","SAN ROQUE","","","30.0","","0.40","8.0","15.0","60","7200","SPP_11033003_9_49.1","06/07/2009 00:00:00","","automatic","BETA","","thermo5030SHARP","","","","","","inprogress","unknown","0.05","ug.m-3","","http://missing.com","1","hour","1","hour","http://cdr.eionet.europa.eu/es/eu/aqd/d/envaxdj6q/ES_D_Metainfo.xml","05/09/2026 03:00:13"
"Spain","ES.BDCA.AQD","2025","NET_ES201A","CCAA Andalucía","UTC","ES0634A","11033003","SAN ROQUE (S6)","SP_11033003_9_49","PM2.5","-5.430270","36.212040","32.000000","m","suburban","industrial","06/07/2009 00:00:00","","SAM_11033003_9_49","5.4","m","15.0","m","30.0","m","1.5","m","Industrial Processes","-999.0","t.km-2.year-1","0","-999.0","t.km-1.year-1","-999.0","t.year-1","SAN ROQUE","","","30.0","","0.40","8.0","15.0","60","7200","SPP_11033003_9_49.2","06/07/2009 00:00:00","","automatic","BETA","","enviroMP101M","","","","","","inprogress","unknown","0.05","ug.m-3","","http://missing.com","1","hour","1","hour","http://cdr.eionet.europa.eu/es/eu/aqd/d/envaxdj6q/ES_D_Metainfo.xml","05/09/2026 03:00:13"
"Spain","ES.BDCA.AQD","2025","NET_ES131A","Ayto Madrid","UTC","ES1944A","28079057","SANCHINARRO","SP_28079057_9_A","PM2.5","-3.660280","40.494170","615.000000","m","urban","background","01/01/2020 00:00:00","","SAM_28079057_9_A","3.0","m","","m","","m","-999.0","m","Transport","-999.0","t.km-2.year-1","0","-999.0","t.km-1.year-1","-999.0","t.year-1","MADRID","","","0.0","","","15.0","12.0","40","5000","SPP_28079057_9_A.1","01/01/2020 00:00:00","","automatic","TEOM","","TEOM1405DF-FDMS","","","","","","yes","http://missing.com","3","ug.m-3","","http://missing.com","1","hour","1","hour","http://cdr.eionet.europa.eu/es/eu/aqd/d/envaxdj6q/ES_D_Metainfo.xml","05/09/2026 03:00:13"
"Spain","ES.BDCA.AQD","2025","NET_ES216A","CCAA País Vasco","UTC","ES1595A","48904002","SANGRONIZ","SP_48904002_9_47","PM2.5","-2.930380","43.298460","21.000000","m","suburban","traffic","01/01/2011 00:00:00","","SAM_48904002_9_47","4.0","m","40.0","m","25.0","m","-999.0","m","","-999.0","t.km-2.year-1","0","-999.0","t.km-1.year-1","-999.0","t.year-1","SONDIKA","","","22.0","","","0.0","0.0","0","0","SPP_48904002_9_47.1","01/01/2011 00:00:00","","automatic","TEOM","","TEOM1405","","","","","","yes","https://www.euskadi.eus/web01-a2ingair/es/contenidos/documentacion/factor_corrector_particulas/es_def/factor_corrector_particulas.html","2","ug.m-3","","http://missing.com","1","hour","1","hour","http://cdr.eionet.europa.eu/es/eu/aqd/d/envaxdj6q/ES_D_Metainfo.xml","05/09/2026 03:00:13"
"Spain","ES.BDCA.AQD","2025","NET_ES215A","CCAA Navarra","UTC","ES1755A","31216001","SANGÜESA","SP_31216001_9_46","PM2.5","-1.284000","42.579000","397.000000","m","suburban","industrial","01/07/2001 00:00:00","17/12/2015 00:00:00","SAM_31216001_9_46","4.5","m","","m","","m","1500.0","m","Energy Industries","-999.0","t.km-2.year-1","0","-999.0","t.km-1.year-1","-999.0","t.year-1","SANGÜESA/ZANGOZA","open","basin-hilly","0.0","","","0.0","0.0","0","0","SPP_31216001_9_46.1","01/07/2001 00:00:00","17/12/2015 00:00:00","automatic","light-scat","","unknown","","","","","","yes","http://missing.com","1","ug.m-3","","","1","hour","1","hour","http://cdr.eionet.europa.eu/es/eu/aqd/d/envaxdj6q/ES_D_Metainfo.xml","05/09/2026 03:00:13"
"Spain","ES.BDCA.AQD","2025","NET_ES209A","CCAA Cataluña","UTC","ES1148A","08194008","SANT ADRIÀ DE BESÒS (OLÍMPIC)","SP_08194008_9_M","PM2.5","2.222200","41.425600","7.000000","m","urban","traffic","01/10/2010 00:00:00","","SAM_08194008_9_M","4.5","m","50.0","m","25.0","m","-999.0","m","Transport","-999.0","t.km-2.year-1","0","-999.0","t.km-1.year-1","-999.0","t.year-1","SANT ADRIÀ DE BESÒS","open","","36.5","","","24.0","28.0","0","0","SPP_08194008_9_M.1","01/10/2010 00:00:00","","active","","","","","HVSauto30","","gravi","","ref","","3","ug.m-3","","http://missing.com","1","day","1","day","http://cdr.eionet.europa.eu/es/eu/aqd/d/envaxdj6q/ES_D_Metainfo.xml","05/09/2026 03:00:13"
"Spain","ES.BDCA.AQD","2025","NET_ES204A","CCAA Islas Baleares","UTC","ES1825A","07046001","SANT ANTONI DE PORTMANY","SP_07046001_9_M","PM2.5","1.310140","38.994390","65.000000","m","suburban","background","01/01/2021 00:00:00","","SAM_07046001_9_M","4.0","m","","m","","m","-999.0","m","Transport","-999.0","t.km-2.year-1","0","-999.0","t.km-1.year-1","-999.0","t.year-1","SANT ANTONI DE PORTMANY","detached","hilly","0.0","","","0.0","0.0","0","0","SPP_07046001_9_M.1","01/01/2021 00:00:00","","active","","","","","other","","gravi","","inprogress","http://missing.com","-999","ug.m-3","","http://missing.com","1","day","1","day","http://cdr.eionet.europa.eu/es/eu/aqd/d/envaxdj6q/ES_D_Metainfo.xml","05/09/2026 03:00:13"
"Spain","ES.BDCA.AQD","2025","NET_ES209A","CCAA Cataluña","UTC","ES1231A","08205002","SANT CUGAT DEL VALLÈS (PARC DE SANT FRANCESC)","SP_08205002_9_M","PM2.5","2.089000","41.476800","113.000000","m","urban","background","01/01/2022 00:00:00","","SAM_08205002_9_M","3.8","m","","m","","m","-999.0","m","","-999.0","t.km-2.year-1","0","-999.0","t.km-1.year-1","-999.0","t.year-1","SANT CUGAT DEL VALLÈS","detached","","3.0","","","8.0","0.0","0","0","SPP_08205002_9_M.1","01/01/2022 00:00:00","","active","","","","","LVSauto2.3","","gravi","","ref","","1","ug.m-3","","unknown","1","day","1","day","http://cdr.eionet.europa.eu/es/eu/aqd/d/envaxdj6q/ES_D_Metainfo.xml","05/09/2026 03:00:13"
"Spain","ES.BDCA.AQD","2025","NET_ES209A","CCAA Cataluña","UTC","ES1964A","08211004","SANT FELIU DE LLOBREGAT (CEIP MARTÍ I POL)","SP_08211004_9_M","PM2.5","2.057400","41.386600","81.000000","m","suburban","industrial","01/05/2010 00:00:00","31/12/2018 00:00:00","SAM_08211004_9_M","3.0","m","","m","","m","-999.0","m","Industrial Processes","-999.0","t.km-2.year-1","0","-999.0","t.km-1.year-1","-999.0","t.year-1","SANT FELIU DE LLOBREGAT","","","0.0","","","0.0","0.0","0","0","SPP_08211004_9_M.1","01/05/2010 00:00:00","31/12/2018 00:00:00","active","","","","","HVSauto30","","gravi","","ref","","6","ug.m-3","","http://missing.com","1","day","1","day","http://cdr.eionet.europa.eu/es/eu/aqd/d/envaxdj6q/ES_D_Metainfo.xml","05/09/2026 03:00:13"
"Spain","ES.BDCA.AQD","2025","NET_ES209A","CCAA Cataluña","UTC","ES2192A","08263008","SANT VICENC DELS HORTS (CEIP MARE DE DEU DEL ROCIO)","SP_08263008_9_M","PM2.5","2.002100","41.398800","30.000000","m","suburban","background","01/01/2025 00:00:00","","SAM_08263008_9_M","13.4","m","","m","","m","-999.0","m","Industrial Processes","-999.0","t.km-2.year-1","0","-999.0","t.km-1.year-1","-999.0","t.year-1","SANT VICENÇ DELS HORTS","","","0.0","","","0.0","0.0","0","0","SPP_08263008_9_M.1","01/01/2025 00:00:00","","active","","","","","HVSauto30","","gravi","","ref","","3","ug.m-3","","http://missing.com","1","day","1","day","http://cdr.eionet.europa.eu/es/eu/aqd/d/envaxdj6q/ES_D_Metainfo.xml","05/09/2026 03:00:13"
"Spain","ES.BDCA.AQD","2025","NET_ES209A","CCAA Cataluña","UTC","ES1663A","08263006","SANT VICENÇ DELS HORTS (CEIP MARE DE DÉU DEL ROCIO)","SP_08263006_9_M","PM2.5","2.002100","41.398800","30.000000","m","suburban","industrial","02/03/2007 00:00:00","31/12/2024 00:00:00","SAM_08263006_9_M","13.4","m","","m","","m","-999.0","m","Industrial Processes","-999.0","t.km-2.year-1","0","-999.0","t.km-1.year-1","-999.0","t.year-1","SANT VICENÇ DELS HORTS","","","0.0","","","0.0","0.0","0","0","SPP_08263006_9_M.1","02/03/2007 00:00:00","31/12/2024 00:00:00","active","","","","","HVSauto30","","gravi","","ref","","3","ug.m-3","","http://missing.com","1","day","1","day","http://cdr.eionet.europa.eu/es/eu/aqd/d/envaxdj6q/ES_D_Metainfo.xml","05/09/2026 03:00:13"
"Spain","ES.BDCA.AQD","2025","NET_ES210A","CCAA Com. Valenciana","UTC","ES1787A","03122005","SANT VICENT DEL RASPEIG","SP_03122005_9_M","PM2.5","-0.527500","38.397220","123.000000","m","urban","industrial","01/01/2005 00:00:00","31/12/2013 00:00:00","SAM_03122005_9_M","3.0","m","","m","","m","-999.0","m","Manufacturing Industries and Construction","-999.0","t.km-2.year-1","0","-999.0","t.km-1.year-1","-999.0","t.year-1","SAN VICENTE DEL RASPEIG/SANT VICENT DEL RASPEIG","","","2.0","","","0.0","0.0","0","0","SPP_03122005_9_M.1","01/01/2005 00:00:00","31/12/2013 00:00:00","active","","","","","HVSauto30","","gravi","","ref","","0","ug.m-3","","En preparación","1","day","1","day","http://cdr.eionet.europa.eu/es/eu/aqd/d/envaxdj6q/ES_D_Metainfo.xml","05/09/2026 03:00:13"
"Spain","ES.BDCA.AQD","2025","NET_ES203A","CCAA Asturias","UTC","ES2069A","33024032","SANTA BÁRBARA","SP_33024032_9_49","PM2.5","-5.689500","43.522900","40.000000","m","suburban","background","01/01/2016 00:00:00","","SAM_33024032_9_49","3.5","m","","m","","m","-999.0","m","","-999.0","t.km-2.year-1","0","-999.0","t.km-1.year-1","-999.0","t.year-1","GIJÓN","","","0.0","","","0.0","0.0","0","0","SPP_33024032_9_49.1","01/01/2016 00:00:00","","automatic","BETA","","BAM1020","","","","","","inprogress","","-999","ug.m-3","","http://missing,com","1","hour","1","hour","http://cdr.eionet.europa.eu/es/eu/aqd/d/envaxdj6q/ES_D_Metainfo.xml","05/09/2026 03:00:13"
"Spain","ES.BDCA.AQD","2025","NET_ES201A","CCAA Andalucía","UTC","ES1450A","41091015","SANTA CLARA","SP_41091015_9_49","PM2.5","-5.951650","37.398310","29.000000","m","suburban","background","01/01/2021 00:00:00","","SAM_41091015_9_49","4.0","m","20.0","m","1.0","m","-999.0","m","Transport","-999.0","t.km-2.year-1","0","-999.0","t.km-1.year-1","-999.0","t.year-1","SEVILLA","","","1.0","","0.02","10.0","20.0","10","100","SPP_41091015_9_49.1","01/01/2021 00:00:00","","automatic","BETA","","thermo5014i","","","","","","yes","informe beta grav","1","ug.m-3","","desconocido","1","hour","1","hour","http://cdr.eionet.europa.eu/es/eu/aqd/d/envaxdj6q/ES_D_Metainfo.xml","05/09/2026 03:00:13"
"Spain","ES.BDCA.AQD","2025","NET_ES209A","CCAA Cataluña","UTC","ES1453A","08245012","SANTA COLOMA DE GRAMENET (BALLDOVINA)","SP_08245012_9_M","PM2.5","2.209500","41.447400","23.000000","m","urban","background","01/08/2010 00:00:00","","SAM_08245012_9_M","4.6","m","","m","","m","-999.0","m","","-999.0","t.km-2.year-1","0","-999.0","t.km-1.year-1","-999.0","t.year-1","SANTA COLOMA DE GRAMENET","","","52.0","","","10.0","15.0","0","13000","SPP_08245012_9_M.1","01/08/2010 00:00:00","","active","","","","","HVSauto30","","gravi","","ref","","3","ug.m-3","","http://missing.com","1","day","1","day","http://cdr.eionet.europa.eu/es/eu/aqd/d/envaxdj6q/ES_D_Metainfo.xml","05/09/2026 03:00:13"
"Spain","ES.BDCA.AQD","2025","NET_ES212A","CCAA Galicia","UTC","ES2078A","15030103","SANTA MARGARITA","SP_15030103_9_46","PM2.5","-8.410830","43.363060","1.000000","m","urban","background","01/01/2017 00:00:00","","SAM_15030103_9_46","4.0","m","","m","","m","-999.0","m","","-999.0","t.km-2.year-1","0","-999.0","t.km-1.year-1","-999.0","t.year-1","CORUÑA (A)","","","0.0","","","0.0","0.0","0","0","SPP_15030103_9_46.1","01/01/2017 00:00:00","","automatic","light-scat","","unknown","","","","","","yes","http://missing.com","-999","ug.m-3","","","1","hour","1","hour","http://cdr.eionet.europa.eu/es/eu/aqd/d/envaxdj6q/ES_D_Metainfo.xml","05/09/2026 03:00:13"
"Spain","ES.BDCA.AQD","2025","NET_ES209A","CCAA Cataluña","UTC","ES1222A","08259002","SANTA MARIA DE PALAUTORDERA (MARTÍ BOADA)","SP_08259002_9_M","PM2.5","2.440900","41.691300","210.000000","m","rural","background","30/11/2008 00:00:00","","SAM_08259002_9_M","4.0","m","","m","","m","-999.0","m","","-999.0","t.km-2.year-1","0","-999.0","t.km-1.year-1","-999.0","t.year-1","SANTA MARIA DE PALAUTORDERA","","","7.0","","","5.0","0.0","0","0","SPP_08259002_9_M.1","30/11/2008 00:00:00","","active","","","","","HVSauto30","","gravi","","ref","","3","ug.m-3","","http://missing.com","1","day","1","day","http://cdr.eionet.europa.eu/es/eu/aqd/d/envaxdj6q/ES_D_Metainfo.xml","05/09/2026 03:00:13"
"Spain","ES.BDCA.AQD","2025","NET_ES216A","CCAA País Vasco","UTC","ES2127A","48082004","SANTURCE","SP_48082004_9_49","PM2.5","-3.042560","43.333060","31.000000","m","urban","background","01/01/2021 00:00:00","","SAM_48082004_9_49","3.8","m","20.0","m","6.0","m","-999.0","m","","-999.0","t.km-2.year-1","0","-999.0","t.km-1.year-1","-999.0","t.year-1","SANTURTZI","","","0.0","","","0.0","0.0","0","0","SPP_48082004_9_49.1","01/01/2021 00:00:00","","automatic","BETA","","andersenFH62IR","","","","","","yes","https://www.euskadi.eus/informacion/legislacion-sobre-calidad-del-aire-y-emisiones-a-la-atmosfera/web01-a2ingair/es/","2","ug.m-3","","https://www.euskadi.eus/informacion/legislacion-sobre-calidad-del-aire-y-emisiones-a-la-atmosfera/web01-a2ingair/es/","1","hour","1","hour","http://cdr.eionet.europa.eu/es/eu/aqd/d/envaxdj6q/ES_D_Metainfo.xml","05/09/2026 03:00:13"
"Spain","ES.BDCA.AQD","2025","NET_ES201A","CCAA Andalucía","UTC","ES1654A","41088001","SIERRA NORTE","SP_41088001_9_49","PM2.5","-5.666870","37.994350","573.000000","m","rural","background","09/03/2017 00:00:00","","SAM_41088001_9_49","4.5","m","55.0","m","20.0","m","-999.0","m","Land use, land use change and forestry","-999.0","t.km-2.year-1","0","-999.0","t.km-1.year-1","-999.0","t.year-1","SAN NICOLÁS DEL PUERTO","","","20.0","","","11.0","7.0","0","0","SPP_41088001_9_49.1","09/03/2017 00:00:00","","automatic","BETA","","BAM1020","","","","","","yes","Informe comparacion beta-gravimetrico","0.05","ug.m-3","","http://missing.com","1","hour","1","hour","http://cdr.eionet.europa.eu/es/eu/aqd/d/envaxdj6q/ES_D_Metainfo.xml","05/09/2026 03:00:13"
"Spain","ES.BDCA.AQD","2025","NET_ES201A","CCAA Andalucía","UTC","ES1654A","41088001","SIERRA NORTE","SP_41088001_9_M","PM2.5","-5.666870","37.994350","573.000000","m","rural","background","01/01/2011 00:00:00","","SAM_41088001_9_M","3.8","m","55.0","m","20.0","m","-999.0","m","Land use, land use change and forestry","-999.0","t.km-2.year-1","0","-999.0","t.km-1.year-1","-999.0","t.year-1","SAN NICOLÁS DEL PUERTO","","","20.0","","","11.0","7.0","0","0","SPP_41088001_9_M.1","01/01/2011 00:00:00","","active","","","","","HVSman30","","gravi","","ref","","1","ug.m-3","","unknown","1","day","1","day","http://cdr.eionet.europa.eu/es/eu/aqd/d/envaxdj6q/ES_D_Metainfo.xml","05/09/2026 03:00:13"
"Spain","ES.BDCA.AQD","2025","NET_ES201A","CCAA Andalucía","UTC","ES1654A","41088001","SIERRA NORTE","SP_41088001_9_M","PM2.5","-5.666870","37.994350","573.000000","m","rural","background","01/01/2011 00:00:00","","SAM_41088001_9_M","3.8","m","55.0","m","20.0","m","-999.0","m","Land use, land use change and forestry","-999.0","t.km-2.year-1","0","-999.0","t.km-1.year-1","-999.0","t.year-1","SAN NICOLÁS DEL PUERTO","","","20.0","","","11.0","7.0","0","0","SPP_41088001_9_M.2","01/01/2011 00:00:00","","active","","","","","LVSauto2.3","","gravi","","ref","","1","ug.m-3","","unknown","1","day","1","day","http://cdr.eionet.europa.eu/es/eu/aqd/d/envaxdj6q/ES_D_Metainfo.xml","05/09/2026 03:00:13"
"Spain","ES.BDCA.AQD","2025","NET_ES208A","CCAA Castilla y León","UTC","ES1643A","42173001","SORIA","SP_42173001_9_46","PM2.5","-2.466700","41.766700","1090.000000","m","urban","traffic","13/11/2024 00:00:00","","SAM_42173001_9_46","3.0","m","14.0","m","3.0","m","-999.0","m","Transport","-999.0","t.km-2.year-1","0","-999.0","t.km-1.year-1","-999.0","t.year-1","SORIA","","","3.0","","","15.0","50.0","60","0","SPP_42173001_9_46.1","13/11/2024 00:00:00","","automatic","light-scat","","FIDAS200E","","","","","","yes","http://missing.com","0.1","ug.m-3","","http://missing.com","1","hour","1","hour","http://cdr.eionet.europa.eu/es/eu/aqd/d/envaxdj6q/ES_D_Metainfo.xml","05/09/2026 03:00:13"
"Spain","ES.BDCA.AQD","2025","NET_ES209A","CCAA Cataluña","UTC","ES1248A","25209001","SORT (ESCOLA DE CAIAC)","SP_25209001_9_47","PM2.5","1.130000","42.405400","692.000000","m","rural","background","01/09/2023 00:00:00","","SAM_25209001_9_47","3.6","m","","m","","m","-999.0","m","","-999.0","t.km-2.year-1","0","-999.0","t.km-1.year-1","-999.0","t.year-1","SORT","","","40.0","","","0.0","0.0","0","0","SPP_25209001_9_47.1","01/09/2023 00:00:00","","automatic","DOAS","","FIDAS200","","","","","","inprogress","http://missing.com","1","ug.m-3","","unknown","1","hour","1","hour","http://cdr.eionet.europa.eu/es/eu/aqd/d/envaxdj6q/ES_D_Metainfo.xml","05/09/2026 03:00:13"
"Spain","ES.BDCA.AQD","2025","NET_ES209A","CCAA Cataluña","UTC","ES1248A","25209001","SORT (ESCOLA DE CAIAC)","SP_25209001_9_M","PM2.5","1.130000","42.405400","692.000000","m","rural","background","01/01/2009 00:00:00","","SAM_25209001_9_M","1.5","m","","m","","m","-999.0","m","","-999.0","t.km-2.year-1","0","-999.0","t.km-1.year-1","-999.0","t.year-1","SORT","","","40.0","","","0.0","0.0","0","0","SPP_25209001_9_M.1","01/01/2009 00:00:00","","active","","","","","other","","gravi","","ref","unknown","1","ug.m-3","","http://missing.com","1","day","1","day","http://cdr.eionet.europa.eu/es/eu/aqd/d/envaxdj6q/ES_D_Metainfo.xml","05/09/2026 03:00:13"
"Spain","ES.BDCA.AQD","2025","NET_ES209A","CCAA Cataluña","UTC","ES1248A","25209001","SORT (ESCOLA DE CAIAC)","SP_25209001_9_M","PM2.5","1.130000","42.405400","692.000000","m","rural","background","01/01/2009 00:00:00","","SAM_25209001_9_M","1.5","m","","m","","m","-999.0","m","","-999.0","t.km-2.year-1","0","-999.0","t.km-1.year-1","-999.0","t.year-1","SORT","","","40.0","","","0.0","0.0","0","0","SPP_25209001_9_M.2","01/01/2009 00:00:00","","active","","","","","LVSauto2.3","","gravi","","ref","","1","ug.m-3","","unknown","1","day","1","day","http://cdr.eionet.europa.eu/es/eu/aqd/d/envaxdj6q/ES_D_Metainfo.xml","05/09/2026 03:00:13"
"Spain","ES.BDCA.AQD","2025","NET_ES219A","CA Melilla","UTC","ES2154A","52001001","SSOO","SP_52001001_9_A","PM2.5","-2.940830","35.273060","10.000000","m","urban","traffic","01/07/2022 00:00:00","","SAM_52001001_9_A","4.0","m","11.0","m","3.5","m","2.0","m","Energy Industries","-999.0","t.km-2.year-1","0","-999.0","t.km-1.year-1","-999.0","t.year-1","MELILLA","","coast-plane","3.5","","","8.2","5.5","30","0","SPP_52001001_9_A.1","01/07/2022 00:00:00","","automatic","BETA","","BAM1020","","","","","","yes","https://www.qal1.de/15267/0000026912_04_metone_BAM1020_25_en.pdf","1","ug.m-3","","https://www.qal1.de/15267/0000026912_04_metone_BAM1020_25_en.pdf","1","hour","1","hour","http://cdr.eionet.europa.eu/es/eu/aqd/d/envaxdj6q/ES_D_Metainfo.xml","05/09/2026 03:00:13"
"Spain","ES.BDCA.AQD","2025","NET_ES212A","CCAA Galicia","UTC","ES1175A","27038004","SUR","SP_27038004_9_49","PM2.5","-7.449440","42.715280","600.000000","m","rural","industrial","01/01/2011 00:00:00","01/01/2022 00:00:00","SAM_27038004_9_49","3.0","m","","m","","m","0.4","m","Transport","-999.0","t.km-2.year-1","0","-999.0","t.km-1.year-1","-999.0","t.year-1","OUROL","","plane","20.0","","","0.0","12.0","0","0","SPP_27038004_9_49.1","01/01/2011 00:00:00","01/01/2022 00:00:00","automatic","BETA","","BAM1020","","","","","","yes","http://missing.com","4","ug.m-3","","http://missing.com","1","hour","1","hour","http://cdr.eionet.europa.eu/es/eu/aqd/d/envaxdj6q/ES_D_Metainfo.xml","05/09/2026 03:00:13"
"Spain","ES.BDCA.AQD","2025","NET_ES212A","CCAA Galicia","UTC","ES1175A","27038004","SUR","SP_27038004_9_A","PM2.5","-7.449440","42.715280","600.000000","m","rural","industrial","01/01/2022 00:00:00","31/12/2023 00:00:00","SAM_27038004_9_A","3.0","m","","m","","m","0.4","m","Transport","-999.0","t.km-2.year-1","0","-999.0","t.km-1.year-1","-999.0","t.year-1","OUROL","","plane","20.0","","","0.0","12.0","0","0","SPP_27038004_9_A.1","01/01/2022 00:00:00","31/12/2023 00:00:00","automatic","BETA","","BAM1020","","","","","","inprogress","http://missing.com","1","ug.m-3","","-","1","hour","1","hour","http://cdr.eionet.europa.eu/es/eu/aqd/d/envaxdj6q/ES_D_Metainfo.xml","05/09/2026 03:00:13"
"Spain","ES.BDCA.AQD","2025","NET_ES212A","CCAA Galicia","UTC","ES1175A","27038004","SUR","SP_27038004_9_A","PM2.5","-7.449440","42.715280","600.000000","m","rural","industrial","01/01/2022 00:00:00","31/12/2023 00:00:00","SAM_27038004_9_A","3.0","m","","m","","m","0.4","m","Transport","-999.0","t.km-2.year-1","0","-999.0","t.km-1.year-1","-999.0","t.year-1","OUROL","","plane","20.0","","","0.0","12.0","0","0","SPP_27038004_9_A.2","01/01/2022 00:00:00","31/12/2023 00:00:00","automatic","light-scat","","FIDAS200","","","","","","ref","","0.5","ug.m-3","","-","1","hour","1","hour","http://cdr.eionet.europa.eu/es/eu/aqd/d/envaxdj6q/ES_D_Metainfo.xml","05/09/2026 03:00:13"
"Spain","ES.BDCA.AQD","2025","NET_ES212A","CCAA Galicia","UTC","ES2182A","27057002","SUR","SP_27057002_9_A","PM2.5","-7.449440","42.715280","600.000000","m","rural","industrial","01/01/2024 00:00:00","","SAM_27057002_9_A","3.0","m","","m","","m","0.4","m","Transport","-999.0","t.km-2.year-1","0","-999.0","t.km-1.year-1","-999.0","t.year-1","SARRIA","","plane","20.0","","","0.0","12.0","0","0","SPP_27057002_9_A.1","01/01/2024 00:00:00","","automatic","light-scat","","FIDAS200","","","","","","ref","","0.5","ug.m-3","","-","1","hour","1","hour","http://cdr.eionet.europa.eu/es/eu/aqd/d/envaxdj6q/ES_D_Metainfo.xml","05/09/2026 03:00:13"
"Spain","ES.BDCA.AQD","2025","NET_ES209A","CCAA Cataluña","UTC","ES1120A","43148003","TARRAGONA (BONAVISTA)","SP_43148003_9_47","PM2.5","1.192000","41.115900","39.000000","m","suburban","industrial","01/09/2023 00:00:00","","SAM_43148003_9_47","3.6","m","","m","","m","-999.0","m","","-999.0","t.km-2.year-1","0","-999.0","t.km-1.year-1","-999.0","t.year-1","TARRAGONA","","","12.0","","","6.0","7.0","0","0","SPP_43148003_9_47.1","01/09/2023 00:00:00","","automatic","light-scat","","GRIMM-EDM180","","","","","","inprogress","http://missing.com","1","ug.m-3","","unknown","1","hour","1","hour","http://cdr.eionet.europa.eu/es/eu/aqd/d/envaxdj6q/ES_D_Metainfo.xml","05/09/2026 03:00:13"
"Spain","ES.BDCA.AQD","2025","NET_ES209A","CCAA Cataluña","UTC","ES1506A","43148026","TARRAGONA (DARP)","SP_43148026_9_M","PM2.5","1.246700","41.122900","22.000000","m","urban","background","02/03/2007 00:00:00","20/01/2015 00:00:00","SAM_43148026_9_M","1.8","m","","m","","m","-999.0","m","Transport","-999.0","t.km-2.year-1","0","-999.0","t.km-1.year-1","-999.0","t.year-1","TARRAGONA","","","20.0","","","0.0","0.0","0","0","SPP_43148026_9_M.1","02/03/2007 00:00:00","20/01/2015 00:00:00","active","","","","","HVSman30","","gravi","","ref","","-999","ug.m-3","","","1","day","1","day","http://cdr.eionet.europa.eu/es/eu/aqd/d/envaxdj6q/ES_D_Metainfo.xml","05/09/2026 03:00:13"
"Spain","ES.BDCA.AQD","2025","NET_ES209A","CCAA Cataluña","UTC","ES2071A","43148030","TARRAGONA (SALUT)","SP_43148030_9_M","PM2.5","1.254500","41.120100","53.000000","m","urban","background","01/01/2021 00:00:00","","SAM_43148030_9_M","1.6","m","","m","","m","-999.0","m","","-999.0","t.km-2.year-1","0","-999.0","t.km-1.year-1","-999.0","t.year-1","TARRAGONA","","","5.0","","","30.0","12.0","0","0","SPP_43148030_9_M.1","01/01/2021 00:00:00","","active","","","","","HVSauto30","","gravi","","ref","","8","ug.m-3","","http://missing.com","1","day","1","day","http://cdr.eionet.europa.eu/es/eu/aqd/d/envaxdj6q/ES_D_Metainfo.xml","05/09/2026 03:00:13"
"Spain","ES.BDCA.AQD","2025","NET_ES209A","CCAA Cataluña","UTC","ES1312A","43148022","TARRAGONA (UNIVERSITAT LABORAL)","SP_43148022_9_M","PM2.5","1.200800","41.103700","5.000000","m","suburban","industrial","13/05/2008 00:00:00","","SAM_43148022_9_M","1.2","m","","m","","m","-999.0","m","","-999.0","t.km-2.year-1","0","-999.0","t.km-1.year-1","-999.0","t.year-1","TARRAGONA","","","10.0","","","2.7","6.0","0","0","SPP_43148022_9_M.1","13/05/2008 00:00:00","","active","","","","","HVSauto30","","gravi","","ref","","3","ug.m-3","","http://missing.com","1","day","1","day","http://cdr.eionet.europa.eu/es/eu/aqd/d/envaxdj6q/ES_D_Metainfo.xml","05/09/2026 03:00:13"
"Spain","ES.BDCA.AQD","2025","NET_ES212A","CCAA Galicia","UTC","ES2102A","15032001","TEIXEIRO","SP_15032001_9_46","PM2.5","-8.033100","43.140700","498.000000","m","suburban","industrial","01/02/2020 00:00:00","","SAM_15032001_9_46","3.8","m","","m","","m","-999.0","m","","-999.0","t.km-2.year-1","0","-999.0","t.km-1.year-1","-999.0","t.year-1","CURTIS","","","0.0","","","0.0","0.0","0","0","SPP_15032001_9_46.1","01/02/2020 00:00:00","","automatic","light-scat","","FIDAS200","","","","","","inprogress","http://missing.com","1","ug.m-3","","-","1","hour","1","hour","http://cdr.eionet.europa.eu/es/eu/aqd/d/envaxdj6q/ES_D_Metainfo.xml","05/09/2026 03:00:13"
"Spain","ES.BDCA.AQD","2025","NET_ES205A","CCAA Islas Canarias","UTC","ES2003A","38038024","TENA ARTIGAS-STA CRUZ DE TENERIFE","SP_38038024_9_49","PM2.5","-16.276750","28.455370","169.000000","m","urban","background","01/01/2011 00:00:00","31/12/2024 00:00:00","SAM_38038024_9_49","4.0","m","","m","","m","1300.0","m","","-999.0","t.km-2.year-1","0","-999.0","t.km-1.year-1","-999.0","t.year-1","SANTA CRUZ DE TENERIFE","","","0.0","","","0.0","0.0","0","0","SPP_38038024_9_49.1","01/01/2011 00:00:00","31/12/2024 00:00:00","automatic","BETA","","BAM1020","","","","","","yes","http://missing.com","0","ug.m-3","","http://missing.com","1","hour","1","hour","http://cdr.eionet.europa.eu/es/eu/aqd/d/envaxdj6q/ES_D_Metainfo.xml","05/09/2026 03:00:13"
"Spain","ES.BDCA.AQD","2025","NET_ES205A","CCAA Islas Canarias","UTC","ES2003A","38038024","TENA ARTIGAS-STA CRUZ DE TENERIFE","SP_38038024_9_A","PM2.5","-16.276750","28.455370","169.000000","m","urban","background","01/01/2025 00:00:00","","SAM_38038024_9_A","4.0","m","","m","","m","1300.0","m","","-999.0","t.km-2.year-1","0","-999.0","t.km-1.year-1","-999.0","t.year-1","SANTA CRUZ DE TENERIFE","","","0.0","","","0.0","0.0","0","0","SPP_38038024_9_A.1","01/01/2025 00:00:00","","automatic","BETA","","BAM1020","","","","","","yes","http://missing.com","0","ug.m-3","","http://missing.com","1","hour","1","hour","http://cdr.eionet.europa.eu/es/eu/aqd/d/envaxdj6q/ES_D_Metainfo.xml","05/09/2026 03:00:13"
"Spain","ES.BDCA.AQD","2025","NET_ES202A","CCAA Aragón","UTC","ES1421A","44216001","TERUEL","SP_44216001_9_M","PM2.5","-1.106670","40.336390","915.000000","m","urban","background","01/01/2011 00:00:00","","SAM_44216001_9_M","4.0","m","","m","","m","-999.0","m","Other sectors","-999.0","t.km-2.year-1","0","-999.0","t.km-1.year-1","-999.0","t.year-1","TERUEL","","","2.0","","","0.0","0.0","0","0","SPP_44216001_9_M.1","01/01/2011 00:00:00","","active","","","","","other","","gravi","","ref","","-999","ug.m-3","","http://missing.com","1","day","1","day","http://cdr.eionet.europa.eu/es/eu/aqd/d/envaxdj6q/ES_D_Metainfo.xml","05/09/2026 03:00:13"
"Spain","ES.BDCA.AQD","2025","NET_ES206A","CCAA Cantabria","UTC","ES1529A","39075005","TETUÁN","SP_39075005_9_49","PM2.5","-3.790280","43.467780","30.000000","m","urban","background","01/07/2014 00:00:00","","SAM_39075005_9_49","4.0","m","","m","","m","-999.0","m","Transport","-999.0","t.km-2.year-1","0","-999.0","t.km-1.year-1","-999.0","t.year-1","SANTANDER","","","15.0","","","0.0","0.0","0","6000","SPP_39075005_9_49.1","01/07/2014 00:00:00","","automatic","BETA","","BAM1020","","","","","","yes","http://missing.com","4.8","ug.m-3","","http://www.airecantabria.com/pdf/ISO%209001%20AENOR%202013.PDF","1","hour","1","hour","http://cdr.eionet.europa.eu/es/eu/aqd/d/envaxdj6q/ES_D_Metainfo.xml","05/09/2026 03:00:13"
"Spain","ES.BDCA.AQD","2025","NET_ES206A","CCAA Cantabria","UTC","ES1529A","39075005","TETUÁN","SP_39075005_9_49","PM2.5","-3.790280","43.467780","30.000000","m","urban","background","01/07/2014 00:00:00","","SAM_39075005_9_49","4.0","m","","m","","m","-999.0","m","Transport","-999.0","t.km-2.year-1","0","-999.0","t.km-1.year-1","-999.0","t.year-1","SANTANDER","","","15.0","","","0.0","0.0","0","6000","SPP_39075005_9_49.2","01/07/2014 00:00:00","","automatic","light-scat","","GRIMM-EDM280","","","","","","yes","TUV-Report-No 936_21252222_A","4.8","ug.m-3","","http://www.airecantabria.com/pdf/ISO%209001%20AENOR%202013.PDF","1","hour","1","hour","http://cdr.eionet.europa.eu/es/eu/aqd/d/envaxdj6q/ES_D_Metainfo.xml","05/09/2026 03:00:13"
"Spain","ES.BDCA.AQD","2025","NET_ES206A","CCAA Cantabria","UTC","ES1529A","39075005","TETUÁN","SP_39075005_9_M","PM2.5","-3.790280","43.467780","30.000000","m","urban","background","01/01/2009 00:00:00","","SAM_39075005_9_M","3.5","m","","m","","m","-999.0","m","Transport","-999.0","t.km-2.year-1","0","-999.0","t.km-1.year-1","-999.0","t.year-1","SANTANDER","","","15.0","","","0.0","0.0","0","6000","SPP_39075005_9_M.1","01/01/2009 00:00:00","","active","","","","","LVSauto2.3","","gravi","","ref","","1","ug.m-3","","","1","day","1","day","http://cdr.eionet.europa.eu/es/eu/aqd/d/envaxdj6q/ES_D_Metainfo.xml","05/09/2026 03:00:13"
"Spain","ES.BDCA.AQD","2025","NET_ES205A","CCAA Islas Canarias","UTC","ES2038A","38038027","TIO PINO-STA CRUZ DE TENERIFE","SP_38038027_9_49","PM2.5","-16.270210","28.459310","104.000000","m","urban","industrial","01/03/2013 00:00:00","31/12/2024 00:00:00","SAM_38038027_9_49","3.5","m","","m","","m","-999.0","m","","-999.0","t.km-2.year-1","0","-999.0","t.km-1.year-1","-999.0","t.year-1","SANTA CRUZ DE TENERIFE","","","0.0","","","0.0","0.0","0","0","SPP_38038027_9_49.1","01/03/2013 00:00:00","31/12/2024 00:00:00","automatic","BETA","","BAM1020","","","","","","yes","http://missing.com","0","ug.m-3","","http://missing.com","1","hour","1","hour","http://cdr.eionet.europa.eu/es/eu/aqd/d/envaxdj6q/ES_D_Metainfo.xml","05/09/2026 03:00:13"
"Spain","ES.BDCA.AQD","2025","NET_ES207A","CCAA Cast. la Mancha","UTC","ES1818A","45168002","TOLEDO2","SP_45168002_9_49","PM2.5","-4.020800","39.868100","500.000000","m","suburban","background","01/01/2010 00:00:00","","SAM_45168002_9_49","3.9","m","","m","","m","0.5","m","Transport","-999.0","t.km-2.year-1","0","-999.0","t.km-1.year-1","-999.0","t.year-1","TOLEDO","detached","plane","0.0","","","0.0","0.0","0","0","SPP_45168002_9_49.1","01/01/2010 00:00:00","","automatic","BETA","","BAM1020","","","","","","no","http://missing.com","2","ug.m-3","","http://missing.com","1","hour","1","hour","http://cdr.eionet.europa.eu/es/eu/aqd/d/envaxdj6q/ES_D_Metainfo.xml","05/09/2026 03:00:13"
"Spain","ES.BDCA.AQD","2025","NET_ES207A","CCAA Cast. la Mancha","UTC","ES1818A","45168002","TOLEDO2","SP_45168002_9_49","PM2.5","-4.020800","39.868100","500.000000","m","suburban","background","01/01/2010 00:00:00","","SAM_45168002_9_49","3.9","m","","m","","m","0.5","m","Transport","-999.0","t.km-2.year-1","0","-999.0","t.km-1.year-1","-999.0","t.year-1","TOLEDO","detached","plane","0.0","","","0.0","0.0","0","0","SPP_45168002_9_49.2","01/01/2010 00:00:00","","automatic","BETA","","BAM1020","","","","","","no","http://missing.com","2","ug.m-3","","http://missing.com","1","hour","1","hour","http://cdr.eionet.europa.eu/es/eu/aqd/d/envaxdj6q/ES_D_Metainfo.xml","05/09/2026 03:00:13"
"Spain","ES.BDCA.AQD","2025","NET_ES216A","CCAA País Vasco","UTC","ES1498A","20071001","TOLOSA","SP_20071001_9_46","PM2.5","-2.078000","43.130800","90.000000","m","urban","traffic","01/01/2023 00:00:00","","SAM_20071001_9_46","4.0","m","22.0","m","9.5","m","-999.0","m","Transport","-999.0","t.km-2.year-1","0","-999.0","t.km-1.year-1","-999.0","t.year-1","TOLOSA","","","4.0","","","0.0","0.0","0","20000","SPP_20071001_9_46.1","01/01/2023 00:00:00","","automatic","light-scat","","FIDAS200","","","","","","yes","https://www.euskadi.eus/web01-a2ingair/es/contenidos/documentacion/factor_corrector_particulas/es_def/factor_corrector_particulas.html","4","ug.m-3","","https://www.euskadi.eus/informacion/material-particulado/web01-a2ingair/es/","1","hour","1","hour","http://cdr.eionet.europa.eu/es/eu/aqd/d/envaxdj6q/ES_D_Metainfo.xml","05/09/2026 03:00:13"
"Spain","ES.BDCA.AQD","2025","NET_ES205A","CCAA Islas Canarias","UTC","ES1131A","38038010","TOME CANO","SP_38038010_9_49","PM2.5","-16.262300","28.461600","67.000000","m","urban","industrial","01/01/2015 00:00:00","31/12/2024 00:00:00","SAM_38038010_9_49","3.4","m","","m","","m","-999.0","m","Transport","-999.0","t.km-2.year-1","0","-999.0","t.km-1.year-1","-999.0","t.year-1","SANTA CRUZ DE TENERIFE","","","4.0","","","0.0","0.0","0","0","SPP_38038010_9_49.1","01/01/2015 00:00:00","31/12/2024 00:00:00","automatic","BETA","","BAM1020","","","","","","yes","http://missing.com","-999","ug.m-3","","http://missing.com","1","hour","1","hour","http://cdr.eionet.europa.eu/es/eu/aqd/d/envaxdj6q/ES_D_Metainfo.xml","05/09/2026 03:00:13"
"Spain","ES.BDCA.AQD","2025","NET_ES205A","CCAA Islas Canarias","UTC","ES1131A","38038010","TOME CANO","SP_38038010_9_A","PM2.5","-16.262300","28.461600","67.000000","m","urban","industrial","01/01/2025 00:00:00","","SAM_38038010_9_A","3.4","m","","m","","m","-999.0","m","Transport","-999.0","t.km-2.year-1","0","-999.0","t.km-1.year-1","-999.0","t.year-1","SANTA CRUZ DE TENERIFE","","","4.0","","","0.0","0.0","0","0","SPP_38038010_9_A.1","01/01/2025 00:00:00","","automatic","BETA","","BAM1020","","","","","","yes","http://missing.com","-999","ug.m-3","","http://missing.com","1","hour","1","hour","http://cdr.eionet.europa.eu/es/eu/aqd/d/envaxdj6q/ES_D_Metainfo.xml","05/09/2026 03:00:13"
"Spain","ES.BDCA.AQD","2025","NET_ES209A","CCAA Cataluña","UTC","ES1887A","08283003","TONA (IES TONA)","SP_08283003_9_M","PM2.5","2.223000","41.846600","606.000000","m","rural","background","01/01/2010 00:00:00","31/12/2019 00:00:00","SAM_08283003_9_M","1.5","m","","m","","m","-999.0","m","","-999.0","t.km-2.year-1","0","-999.0","t.km-1.year-1","-999.0","t.year-1","TONA","","","0.0","","","0.0","0.0","0","0","SPP_08283003_9_M.1","01/01/2010 00:00:00","31/12/2019 00:00:00","active","","","","","HVSman30","","gravi","","ref","","7","ug.m-3","","http://missing.com","1","day","1","day","http://cdr.eionet.europa.eu/es/eu/aqd/d/envaxdj6q/ES_D_Metainfo.xml","05/09/2026 03:00:13"
"Spain","ES.BDCA.AQD","2025","NET_ES209A","CCAA Cataluña","UTC","ES1923A","08283004","TONA (ZONA ESPORTIVA)","SP_08283004_9_M","PM2.5","2.217600","41.846000","620.000000","m","rural","background","01/01/2019 00:00:00","","SAM_08283004_9_M","4.0","m","","m","","m","-999.0","m","","-999.0","t.km-2.year-1","0","-999.0","t.km-1.year-1","-999.0","t.year-1","TONA","","","0.0","","","2.5","0.0","0","0","SPP_08283004_9_M.1","01/01/2019 00:00:00","","active","","","","","HVSman30","","gravi","","ref","","8","ug.m-3","","missing","1","day","1","day","http://cdr.eionet.europa.eu/es/eu/aqd/d/envaxdj6q/ES_D_Metainfo.xml","05/09/2026 03:00:13"
"Spain","ES.BDCA.AQD","2025","NET_ES201A","CCAA Andalucía","UTC","ES0890A","41091009","TORNEO","SP_41091009_9_49","PM2.5","-6.003100","37.394520","17.000000","m","urban","traffic","20/12/2018 00:00:00","","SAM_41091009_9_49","4.0","m","15.0","m","3.0","m","-999.0","m","Transport","-999.0","t.km-2.year-1","0","-999.0","t.km-1.year-1","-999.0","t.year-1","SEVILLA","","","3.0","","","5.0","20.0","0","20000","SPP_41091009_9_49.1","20/12/2018 00:00:00","","automatic","BETA","","thermo5014i","","","","","","yes","Informe comparación beta-gravimétrico","1","ug.m-3","","DESCONOCIDO","1","hour","1","hour","http://cdr.eionet.europa.eu/es/eu/aqd/d/envaxdj6q/ES_D_Metainfo.xml","05/09/2026 03:00:13"
"Spain","ES.BDCA.AQD","2025","NET_ES201A","CCAA Andalucía","UTC","ES0890A","41091009","TORNEO","SP_41091009_9_M","PM2.5","-6.003100","37.394520","17.000000","m","urban","traffic","01/01/2012 00:00:00","","SAM_41091009_9_M","4.0","m","15.0","m","3.0","m","-999.0","m","Transport","-999.0","t.km-2.year-1","0","-999.0","t.km-1.year-1","-999.0","t.year-1","SEVILLA","","","3.0","","","5.0","20.0","0","20000","SPP_41091009_9_M.1","01/01/2012 00:00:00","","active","","","","","HVSman30","","gravi","","ref","","1","ug.m-3","","http://missing.com","1","day","1","day","http://cdr.eionet.europa.eu/es/eu/aqd/d/envaxdj6q/ES_D_Metainfo.xml","05/09/2026 03:00:13"
"Spain","ES.BDCA.AQD","2025","NET_ES201A","CCAA Andalucía","UTC","ES0890A","41091009","TORNEO","SP_41091009_9_M","PM2.5","-6.003100","37.394520","17.000000","m","urban","traffic","01/01/2012 00:00:00","","SAM_41091009_9_M","4.0","m","15.0","m","3.0","m","-999.0","m","Transport","-999.0","t.km-2.year-1","0","-999.0","t.km-1.year-1","-999.0","t.year-1","SEVILLA","","","3.0","","","5.0","20.0","0","20000","SPP_41091009_9_M.2","01/01/2012 00:00:00","","active","","","","","HVSman30","","gravi","","ref","","1","ug.m-3","","http://missing.com","1","day","1","day","http://cdr.eionet.europa.eu/es/eu/aqd/d/envaxdj6q/ES_D_Metainfo.xml","05/09/2026 03:00:13"
"Spain","ES.BDCA.AQD","2025","NET_ES212A","CCAA Galicia","UTC","ES1957A","15030027","TORRE DE HÉRCULES","SP_15030027_9_49","PM2.5","-8.409200","43.382800","25.000000","m","suburban","background","01/01/2011 00:00:00","","SAM_15030027_9_49","5.0","m","23.0","m","5.0","m","0.0","m","Transport","-999.0","t.km-2.year-1","0","-999.0","t.km-1.year-1","-999.0","t.year-1","CORUÑA (A)","","coast-plane","5.0","","","3.0","34.0","30","5000","SPP_15030027_9_49.1","01/01/2011 00:00:00","","automatic","BETA","","BAM1020","","","","","","yes","http://missing.com","1.33","ug.m-3","","http://missing.com","1","hour","1","hour","http://cdr.eionet.europa.eu/es/eu/aqd/d/envaxdj6q/ES_D_Metainfo.xml","05/09/2026 03:00:13"
"Spain","ES.BDCA.AQD","2025","NET_ES212A","CCAA Galicia","UTC","ES1957A","15030027","TORRE DE HÉRCULES","SP_15030027_9_M","PM2.5","-8.409200","43.382800","25.000000","m","suburban","background","01/01/2011 00:00:00","","SAM_15030027_9_M","3.8","m","23.0","m","5.0","m","0.0","m","Transport","-999.0","t.km-2.year-1","0","-999.0","t.km-1.year-1","-999.0","t.year-1","CORUÑA (A)","","coast-plane","5.0","","","3.0","34.0","30","5000","SPP_15030027_9_M.1","01/01/2011 00:00:00","","active","","","","","HVSauto30","","gravi","","ref","","1.8","ug.m-3","","-","1","day","1","day","http://cdr.eionet.europa.eu/es/eu/aqd/d/envaxdj6q/ES_D_Metainfo.xml","05/09/2026 03:00:13"
"Spain","ES.BDCA.AQD","2025","NET_ES210A","CCAA Com. Valenciana","UTC","ES1690A","12120001","TORRE ENDOMENECH","SP_12120001_9_M","PM2.5","-0.078890","40.269440","259.000000","m","rural","background","01/02/2004 00:00:00","","SAM_12120001_9_M","3.0","m","","m","","m","1000.0","m","Land use, land use change and forestry","-999.0","t.km-2.year-1","0","-999.0","t.km-1.year-1","-999.0","t.year-1","TORRE ENDOMÉNECH","","","30.0","","","0.0","0.0","0","1000","SPP_12120001_9_M.1","01/02/2004 00:00:00","","active","","","","","HVSauto30","","gravi","","ref","","0","ug.m-3","","En preparación","1","day","1","day","http://cdr.eionet.europa.eu/es/eu/aqd/d/envaxdj6q/ES_D_Metainfo.xml","05/09/2026 03:00:13"
"Spain","ES.BDCA.AQD","2025","NET_ES210A","CCAA Com. Valenciana","UTC","ES1917A","46242001","TORREBAJA","SP_46242001_9_M","PM2.5","-1.253890","40.099440","728.000000","m","rural","background","17/08/2006 00:00:00","","SAM_46242001_9_M","3.0","m","","m","","m","-999.0","m","Agriculture","-999.0","t.km-2.year-1","0","-999.0","t.km-1.year-1","-999.0","t.year-1","TORREBAJA","","","20.0","","","3.0","7.0","0","0","SPP_46242001_9_M.1","17/08/2006 00:00:00","","active","","","","","HVSauto30","","gravi","","ref","","0","ug.m-3","","En preparación","1","day","1","day","http://cdr.eionet.europa.eu/es/eu/aqd/d/envaxdj6q/ES_D_Metainfo.xml","05/09/2026 03:00:13"
"Spain","ES.BDCA.AQD","2025","NET_ES213A","CCAA Madrid","UTC","ES1752A","28148004","TORREJON DE ARDOZ","SP_28148004_9_49","PM2.5","-3.477600","40.449500","581.000000","m","suburban","background","01/01/2009 00:00:00","","SAM_28148004_9_49","4.9","m","","m","","m","-999.0","m","","-999.0","t.km-2.year-1","0","-999.0","t.km-1.year-1","-999.0","t.year-1","TORREJÓN DE ARDOZ","","","0.0","","","4.0","0.0","0","0","SPP_28148004_9_49.1","01/01/2009 00:00:00","","automatic","BETA","","thermo5014i","","","","","","inprogress","http://missing.com","1","ug.m-3","","https://bit.ly/3rU6DbC","1","hour","1","hour","http://cdr.eionet.europa.eu/es/eu/aqd/d/envaxdj6q/ES_D_Metainfo.xml","05/09/2026 03:00:13"
"Spain","ES.BDCA.AQD","2025","NET_ES213A","CCAA Madrid","UTC","ES1752A","28148004","TORREJON DE ARDOZ","SP_28148004_9_M","PM2.5","-3.477600","40.449500","581.000000","m","suburban","background","01/01/2010 00:00:00","","SAM_28148004_9_M","4.9","m","","m","","m","-999.0","m","","-999.0","t.km-2.year-1","0","-999.0","t.km-1.year-1","-999.0","t.year-1","TORREJÓN DE ARDOZ","","","0.0","","","4.0","0.0","0","0","SPP_28148004_9_M.1","01/01/2010 00:00:00","","active","","","","","LVSauto2.3","","gravi","","ref","","1","ug.m-3","","https://bit.ly/3oFooJV","1","day","1","day","http://cdr.eionet.europa.eu/es/eu/aqd/d/envaxdj6q/ES_D_Metainfo.xml","05/09/2026 03:00:13"
"Spain","ES.BDCA.AQD","2025","NET_ES210A","CCAA Com. Valenciana","UTC","ES2055A","46244003","TORRENT-EL VEDAT","SP_46244003_9_46","PM2.5","-0.482500","39.425280","100.000000","m","suburban","background","26/05/2021 00:00:00","","SAM_46244003_9_46","3.0","m","","m","","m","-999.0","m","Other (not elsewhere specified)","-999.0","t.km-2.year-1","0","-999.0","t.km-1.year-1","-999.0","t.year-1","TORRENT","","","0.0","","","0.0","0.0","0","0","SPP_46244003_9_46.1","26/05/2021 00:00:00","","automatic","light-scat","","FIDAS200","","","","","","inprogress","http://missing.com","1","ug.m-3","","http://missing.com","1","hour","1","hour","http://cdr.eionet.europa.eu/es/eu/aqd/d/envaxdj6q/ES_D_Metainfo.xml","05/09/2026 03:00:13"
"Spain","ES.BDCA.AQD","2025","NET_ES210A","CCAA Com. Valenciana","UTC","ES2055A","46244003","TORRENT-EL VEDAT","SP_46244003_9_M","PM2.5","-0.482500","39.425280","100.000000","m","suburban","background","18/07/2014 00:00:00","31/12/2020 00:00:00","SAM_46244003_9_M","3.0","m","","m","","m","-999.0","m","Other (not elsewhere specified)","-999.0","t.km-2.year-1","0","-999.0","t.km-1.year-1","-999.0","t.year-1","TORRENT","","","0.0","","","0.0","0.0","0","0","SPP_46244003_9_M.1","18/07/2014 00:00:00","31/12/2020 00:00:00","active","","","","","HVSauto30","","gravi","","ref","","0","ug.m-3","","En preparación","1","day","1","day","http://cdr.eionet.europa.eu/es/eu/aqd/d/envaxdj6q/ES_D_Metainfo.xml","05/09/2026 03:00:13"
"Spain","ES.BDCA.AQD","2025","NET_ES210A","CCAA Com. Valenciana","UTC","ES2008A","03133002","TORREVIEJA","SP_03133002_9_46","PM2.5","-0.690000","37.991110","10.000000","m","urban","traffic","01/01/2011 00:00:00","","SAM_03133002_9_46","3.0","m","40.0","m","10.0","m","100.0","m","Transport","-999.0","t.km-2.year-1","0","-999.0","t.km-1.year-1","-999.0","t.year-1","TORREVIEJA","detached","coast-mount","7.0","","0.10","5.0","15.0","50","3000","SPP_03133002_9_46.1","01/01/2011 00:00:00","","automatic","light-scat","","enviroO331M","","","","","","inprogress","www.agroambient.gva.es/es/calidad-ambiental","1","ug.m-3","","www.agroambient.gva.es/es/calidad-ambiental","1","hour","1","hour","http://cdr.eionet.europa.eu/es/eu/aqd/d/envaxdj6q/ES_D_Metainfo.xml","05/09/2026 03:00:13"
"Spain","ES.BDCA.AQD","2025","NET_ES210A","CCAA Com. Valenciana","UTC","ES2008A","03133002","TORREVIEJA","SP_03133002_9_46","PM2.5","-0.690000","37.991110","10.000000","m","urban","traffic","01/01/2011 00:00:00","","SAM_03133002_9_46","3.0","m","40.0","m","10.0","m","100.0","m","Transport","-999.0","t.km-2.year-1","0","-999.0","t.km-1.year-1","-999.0","t.year-1","TORREVIEJA","detached","coast-mount","7.0","","0.10","5.0","15.0","50","3000","SPP_03133002_9_46.2","01/01/2011 00:00:00","","automatic","light-scat","","GRIMM-EDM180","","","","","","noRef","","1","ug.m-3","","http://www.agroambient.gva.es/es/web/calidad-ambiental/calidad-del-aire","1","hour","1","hour","http://cdr.eionet.europa.eu/es/eu/aqd/d/envaxdj6q/ES_D_Metainfo.xml","05/09/2026 03:00:13"
"Spain","ES.BDCA.AQD","2025","NET_ES210A","CCAA Com. Valenciana","UTC","ES2008A","03133002","TORREVIEJA","SP_03133002_9_M","PM2.5","-0.690000","37.991110","10.000000","m","urban","traffic","01/01/2011 00:00:00","31/12/2018 00:00:00","SAM_03133002_9_M","3.0","m","12.0","m","8.0","m","100.0","m","Transport","-999.0","t.km-2.year-1","0","-999.0","t.km-1.year-1","-999.0","t.year-1","TORREVIEJA","detached","coast-mount","7.0","","0.10","5.0","15.0","50","3000","SPP_03133002_9_M.1","01/01/2011 00:00:00","31/12/2018 00:00:00","active","","","","","HVSauto30","","gravi","","ref","","0","ug.m-3","","En preparación","1","day","1","day","http://cdr.eionet.europa.eu/es/eu/aqd/d/envaxdj6q/ES_D_Metainfo.xml","05/09/2026 03:00:13"
"Spain","ES.BDCA.AQD","2025","NET_ES216A","CCAA País Vasco","UTC","ES1492A","01059009","TRES MARZO","SP_01059009_9_49","PM2.5","-2.667790","42.856070","518.000000","m","urban","traffic","01/01/2011 00:00:00","","SAM_01059009_9_49","4.3","m","35.0","m","8.0","m","-999.0","m","Transport","-999.0","t.km-2.year-1","0","-999.0","t.km-1.year-1","-999.0","t.year-1","VITORIA-GASTEIZ","","","3.0","","","0.0","0.0","0","20000","SPP_01059009_9_49.1","01/01/2011 00:00:00","","automatic","BETA","","andersenFH62IR","","","","","","inprogress","https://www.euskadi.eus/informacion/material-particulado/web01-a2ingair/es/","2","ug.m-3","","https://www.euskadi.eus/informacion/material-particulado/web01-a2ingair/es/","1","hour","1","hour","http://cdr.eionet.europa.eu/es/eu/aqd/d/envaxdj6q/ES_D_Metainfo.xml","05/09/2026 03:00:13"
"Spain","ES.BDCA.AQD","2025","NET_ES131A","Ayto Madrid","UTC","ES1947A","28079060","TRES OLIVOS","SP_28079060_9_A","PM2.5","-3.689720","40.500560","715.000000","m","urban","background","01/01/2025 00:00:00","","SAM_28079060_9_A","3.0","m","23.0","m","8.0","m","-999.0","m","Transport","-999.0","t.km-2.year-1","0","-999.0","t.km-1.year-1","-999.0","t.year-1","MADRID","","","0.0","","","3.0","7.0","40","50000","SPP_28079060_9_A.1","01/01/2025 00:00:00","","automatic","light-scat","","FIDAS200","","","","","","ref","","1","ug.m-3","","http://missing.com","1","hour","1","hour","http://cdr.eionet.europa.eu/es/eu/aqd/d/envaxdj6q/ES_D_Metainfo.xml","05/09/2026 03:00:13"
"Spain","ES.BDCA.AQD","2025","NET_ES215A","CCAA Navarra","UTC","ES2094A","31232003","TUDELA - CENTRO","SP_31232003_9_49","PM2.5","-1.601000","42.060000","262.000000","m","urban","background","01/01/2019 00:00:00","","SAM_31232003_9_49","3.5","m","16.0","m","12.5","m","-999.0","m","","-999.0","t.km-2.year-1","0","-999.0","t.km-1.year-1","-999.0","t.year-1","TUDELA","detached","hilly","0.0","","","0.0","41.0","0","0","SPP_31232003_9_49.1","01/01/2019 00:00:00","","automatic","BETA","","BAM1020","","","","","","no","","-999","ug.m-3","","http://missing,com","1","hour","1","hour","http://cdr.eionet.europa.eu/es/eu/aqd/d/envaxdj6q/ES_D_Metainfo.xml","05/09/2026 03:00:13"
"Spain","ES.BDCA.AQD","2025","NET_ES205A","CCAA Islas Canarias","UTC","ES2147A","38024001","UNIDAD MOVIL LOS LLANOS","SP_38024001_9_46","PM2.5","-17.910560","28.656670","24.000000","m","urban","background","01/09/2021 00:00:00","09/02/2022 00:00:00","SAM_38024001_9_46","3.5","m","","m","","m","-999.0","m","Manufacturing Industries and Construction","-999.0","t.km-2.year-1","0","-999.0","t.km-1.year-1","-999.0","t.year-1","LLANOS DE ARIDANE (LOS)","","","25.0","","","0.0","0.0","0","1000","SPP_38024001_9_46.1","01/09/2021 00:00:00","09/02/2022 00:00:00","automatic","BETA","","unknown","","","","","","yes","http://missing.com","-999","ug.m-3","","http://missing.com","1","hour","1","hour","http://cdr.eionet.europa.eu/es/eu/aqd/d/envaxdj6q/ES_D_Metainfo.xml","05/09/2026 03:00:13"
"Spain","ES.BDCA.AQD","2025","NET_ES216A","CCAA País Vasco","UTC","ES2118A","20073001","USURBIL","SP_20073001_9_49","PM2.5","-2.050510","43.273790","35.000000","m","urban","industrial","01/01/2021 00:00:00","","SAM_20073001_9_49","3.8","m","14.0","m","4.0","m","-999.0","m","","-999.0","t.km-2.year-1","0","-999.0","t.km-1.year-1","-999.0","t.year-1","USURBIL","","","0.0","","","0.0","0.0","0","0","SPP_20073001_9_49.1","01/01/2021 00:00:00","","automatic","BETA","","thermo5014i","","","","","","yes","https://www.euskadi.eus/informacion/legislacion-sobre-calidad-del-aire-y-emisiones-a-la-atmosfera/web01-a2ingair/es/","2","ug.m-3","","https://www.euskadi.eus/informacion/legislacion-sobre-calidad-del-aire-y-emisiones-a-la-atmosfera/web01-a2ingair/es/","1","hour","1","hour","http://cdr.eionet.europa.eu/es/eu/aqd/d/envaxdj6q/ES_D_Metainfo.xml","05/09/2026 03:00:13"
"Spain","ES.BDCA.AQD","2025","NET_ES213A","CCAA Madrid","UTC","ES1809A","28161001","VALDEMORO","SP_28161001_9_49","PM2.5","-3.680270","40.185240","610.000000","m","suburban","background","27/07/2006 00:00:00","","SAM_28161001_9_49","4.5","m","","m","","m","-999.0","m","","-999.0","t.km-2.year-1","0","-999.0","t.km-1.year-1","-999.0","t.year-1","VALDEMORO","","","4.0","","","7.0","20.0","0","0","SPP_28161001_9_49.1","27/07/2006 00:00:00","","automatic","BETA","","thermo5014i","","","","","","yes","https://bit.ly/3rU6DbC","1","ug.m-3","","https://bit.ly/3rU6DbC","1","hour","1","hour","http://cdr.eionet.europa.eu/es/eu/aqd/d/envaxdj6q/ES_D_Metainfo.xml","05/09/2026 03:00:13"
"Spain","ES.BDCA.AQD","2025","NET_ES216A","CCAA País Vasco","UTC","ES1489A","01055001","VALDEREJO","SP_01055001_9_49","PM2.5","-3.231700","42.875200","911.000000","m","rural","background","01/01/2012 00:00:00","","SAM_01055001_9_49","3.6","m","15.0","m","","m","-999.0","m","Agriculture","-999.0","t.km-2.year-1","0","-999.0","t.km-1.year-1","-999.0","t.year-1","VALDEGOVÍA","","","0.0","","","0.0","0.0","0","0","SPP_01055001_9_49.1","01/01/2012 00:00:00","","automatic","BETA","","unknown","","","","","","yes","https://www.euskadi.eus/informacion/material-particulado/web01-a2ingair/es/","2","ug.m-3","","http://missing.com","1","hour","1","hour","http://cdr.eionet.europa.eu/es/eu/aqd/d/envaxdj6q/ES_D_Metainfo.xml","05/09/2026 03:00:13"
"Spain","ES.BDCA.AQD","2025","NET_ES216A","CCAA País Vasco","UTC","ES1489A","01055001","VALDEREJO","SP_01055001_9_49","PM2.5","-3.231700","42.875200","911.000000","m","rural","background","01/01/2012 00:00:00","","SAM_01055001_9_49","3.6","m","15.0","m","","m","-999.0","m","Agriculture","-999.0","t.km-2.year-1","0","-999.0","t.km-1.year-1","-999.0","t.year-1","VALDEGOVÍA","","","0.0","","","0.0","0.0","0","0","SPP_01055001_9_49.2","01/01/2012 00:00:00","","automatic","light-scat","","FIDAS200","","","","","","yes","https://www.euskadi.eus/informacion/material-particulado/web01-a2ingair/es/","2","ug.m-3","","https://www.euskadi.eus/informacion/material-particulado/web01-a2ingair/es/","1","hour","1","hour","http://cdr.eionet.europa.eu/es/eu/aqd/d/envaxdj6q/ES_D_Metainfo.xml","05/09/2026 03:00:13"
"Spain","ES.BDCA.AQD","2025","NET_ES210A","CCAA Com. Valenciana","UTC","ES1912A","46250047","VALÈNCIA - AVD. FRANCIA","SP_46250047_9_46","PM2.5","-0.342780","39.457500","7.000000","m","urban","traffic","01/01/2009 00:00:00","","SAM_46250047_9_46","3.0","m","7.0","m","60.0","m","1000.0","m","Transport","-999.0","t.km-2.year-1","0","-999.0","t.km-1.year-1","-999.0","t.year-1","VALENCIA","open","coast-mount","60.0","","0.10","7.0","33.0","50","8136","SPP_46250047_9_46.1","01/01/2009 00:00:00","","automatic","light-scat","","GRIMM-EDM180","","","","","","yes","http://missing.com","0","ug.m-3","","http://missing.com","1","hour","1","hour","http://cdr.eionet.europa.eu/es/eu/aqd/d/envaxdj6q/ES_D_Metainfo.xml","05/09/2026 03:00:13"
"Spain","ES.BDCA.AQD","2025","NET_ES210A","CCAA Com. Valenciana","UTC","ES1926A","46250048","VALÈNCIA - MOLÍ DEL SOL","SP_46250048_9_46","PM2.5","-0.408300","39.481100","11.000000","m","suburban","traffic","06/08/2009 00:00:00","","SAM_46250048_9_46","3.0","m","90.0","m","23.0","m","1000.0","m","Transport","-999.0","t.km-2.year-1","0","-999.0","t.km-1.year-1","-999.0","t.year-1","VALENCIA","open","coast-mount","5.0","","0.10","5.0","23.0","50","49354","SPP_46250048_9_46.1","06/08/2009 00:00:00","","automatic","light-scat","","GRIMM-EDM280","","","","","","yes","http://missing.com","0","ug.m-3","","http://missing.com","1","hour","1","hour","http://cdr.eionet.europa.eu/es/eu/aqd/d/envaxdj6q/ES_D_Metainfo.xml","05/09/2026 03:00:13"
"Spain","ES.BDCA.AQD","2025","NET_ES210A","CCAA Com. Valenciana","UTC","ES2163A","46250055","VALÈNCIA OLIVERETA","SP_46250055_9_46","PM2.5","-0.406050","39.469220","24.000000","m","urban","traffic","02/05/2022 00:00:00","","SAM_46250055_9_46","3.0","m","52.0","m","4.0","m","-999.0","m","","-999.0","t.km-2.year-1","0","-999.0","t.km-1.year-1","-999.0","t.year-1","VALENCIA","open","plane","4.0","","","10.0","20.0","0","0","SPP_46250055_9_46.1","02/05/2022 00:00:00","","automatic","light-scat","","FIDAS200","","","","","","yes","http://missing.com","1","ug.m-3","","http://missing.com","1","hour","1","hour","http://cdr.eionet.europa.eu/es/eu/aqd/d/envaxdj6q/ES_D_Metainfo.xml","05/09/2026 03:00:13"
"Spain","ES.BDCA.AQD","2025","NET_ES210A","CCAA Com. Valenciana","UTC","ES2052A","46250051","VALENCIA-ALBUFERA","SP_46250051_9_M","PM2.5","-0.318600","39.315600","1.000000","m","rural","background","01/01/2014 00:00:00","31/10/2014 00:00:00","SAM_46250051_9_M","3.0","m","","m","","m","-999.0","m","Agriculture","-999.0","t.km-2.year-1","0","-999.0","t.km-1.year-1","-999.0","t.year-1","VALENCIA","open","","0.0","","","0.0","0.0","0","0","SPP_46250051_9_M.1","01/01/2014 00:00:00","31/10/2014 00:00:00","active","","","","","HVSauto30","","gravi","","ref","","0","ug.m-3","","En preparación","1","day","1","day","http://cdr.eionet.europa.eu/es/eu/aqd/d/envaxdj6q/ES_D_Metainfo.xml","05/09/2026 03:00:13"
"Spain","ES.BDCA.AQD","2025","NET_ES210A","CCAA Com. Valenciana","UTC","ES2095A","46250054","VALÈNCIA-CENTRE","SP_46250054_9_46","PM2.5","-0.376470","39.448330","2.000000","m","urban","traffic","01/01/2019 00:00:00","","SAM_46250054_9_46","3.0","m","27.0","m","3.0","m","-999.0","m","","-999.0","t.km-2.year-1","0","-999.0","t.km-1.year-1","-999.0","t.year-1","VALENCIA","detached","plane","3.0","","","0.0","0.0","0","0","SPP_46250054_9_46.1","01/01/2019 00:00:00","","automatic","light-scat","","FIDAS200","","","","","","inprogress","EN PREPARACIÓN","1","ug.m-3","","http://missing.com","1","hour","1","hour","http://cdr.eionet.europa.eu/es/eu/aqd/d/envaxdj6q/ES_D_Metainfo.xml","05/09/2026 03:00:13"
"Spain","ES.BDCA.AQD","2025","NET_ES210A","CCAA Com. Valenciana","UTC","ES1239A","46250030","VALÈNCIA-PISTA DE SILLA","SP_46250030_9_46","PM2.5","-0.375830","39.456110","11.000000","m","urban","traffic","01/01/2009 00:00:00","","SAM_46250030_9_46","3.0","m","30.0","m","13.0","m","1000.0","m","Transport","-999.0","t.km-2.year-1","0","-999.0","t.km-1.year-1","-999.0","t.year-1","VALENCIA","detached","coast-mount","10.0","","0.10","25.0","20.0","50","72000","SPP_46250030_9_46.1","01/01/2009 00:00:00","","automatic","light-scat","","GRIMM-EDM280","","","","","","yes","http://missing.com","0","ug.m-3","","http://missing.com","1","hour","1","hour","http://cdr.eionet.europa.eu/es/eu/aqd/d/envaxdj6q/ES_D_Metainfo.xml","05/09/2026 03:00:13"
"Spain","ES.BDCA.AQD","2025","NET_ES210A","CCAA Com. Valenciana","UTC","ES1885A","46250046","VALÈNCIA-POLITÈCNIC","SP_46250046_9_46","PM2.5","-0.336400","39.480300","7.000000","m","suburban","background","04/04/2008 00:00:00","","SAM_46250046_9_46","3.0","m","","m","","m","-999.0","m","Other (not elsewhere specified)","-999.0","t.km-2.year-1","0","-999.0","t.km-1.year-1","-999.0","t.year-1","VALENCIA","","","0.0","","","0.0","0.0","0","0","SPP_46250046_9_46.1","04/04/2008 00:00:00","","automatic","light-scat","","GRIMM-EDM280","","","","","","yes","http://missing.com","0","ug.m-3","","http://missing.com","1","hour","1","hour","http://cdr.eionet.europa.eu/es/eu/aqd/d/envaxdj6q/ES_D_Metainfo.xml","05/09/2026 03:00:13"
"Spain","ES.BDCA.AQD","2025","NET_ES210A","CCAA Com. Valenciana","UTC","ES1619A","46250043","VALÈNCIA-VIVERS","SP_46250043_9_M","PM2.5","-0.368330","39.478060","11.000000","m","urban","background","01/02/2003 00:00:00","","SAM_46250043_9_M","3.0","m","","m","","m","1000.0","m","Transport","-999.0","t.km-2.year-1","0","-999.0","t.km-1.year-1","-999.0","t.year-1","VALENCIA","","","200.0","","","10.0","20.0","50","44000","SPP_46250043_9_M.1","01/02/2003 00:00:00","","active","","","","","HVSauto30","","gravi","","ref","","0","ug.m-3","","En preparación","1","day","1","day","http://cdr.eionet.europa.eu/es/eu/aqd/d/envaxdj6q/ES_D_Metainfo.xml","05/09/2026 03:00:13"
"Spain","ES.BDCA.AQD","2025","NET_ES210A","CCAA Com. Valenciana","UTC","ES1918A","12124001","VALL D'ALBA PM","SP_12124001_9_M","PM2.5","-0.034440","40.175000","305.000000","m","urban","industrial","02/05/2008 00:00:00","","SAM_12124001_9_M","3.0","m","","m","","m","1760.0","m","Manufacturing Industries and Construction","-999.0","t.km-2.year-1","0","-999.0","t.km-1.year-1","-999.0","t.year-1","VALL D'ALBA","","","0.0","","","0.0","0.0","0","0","SPP_12124001_9_M.1","02/05/2008 00:00:00","","active","","","","","HVSauto30","","gravi","","ref","","0","ug.m-3","","En preparación","1","day","1","day","http://cdr.eionet.europa.eu/es/eu/aqd/d/envaxdj6q/ES_D_Metainfo.xml","05/09/2026 03:00:13"
"Spain","ES.BDCA.AQD","2025","NET_ES214A","CCAA Murcia","UTC","ES2007A","30016021","VALLE DE ESCOMBRERAS","SP_30016021_9_A","PM2.5","-0.926540","37.574400","10.000000","m","suburban","industrial","25/09/2023 00:00:00","","SAM_30016021_9_A","4.0","m","","m","","m","1.0","m","Industrial Processes","-999.0","t.km-2.year-1","0","-999.0","t.km-1.year-1","-999.0","t.year-1","CARTAGENA","","","0.0","","","0.0","0.0","0","0","SPP_30016021_9_A.1","25/09/2023 00:00:00","","automatic","light-scat","","FIDAS200","","","","","","ref","","1","ug.m-3","","https://sinqlair.carm.es/sinqlair","1","hour","1","hour","http://cdr.eionet.europa.eu/es/eu/aqd/d/envaxdj6q/ES_D_Metainfo.xml","05/09/2026 03:00:13"
"Spain","ES.BDCA.AQD","2025","NET_ES201A","CCAA Andalucía","UTC","ES1791A","21072001","VALVERDE","SP_21072001_9_M","PM2.5","-6.755550","37.579780","220.000000","m","suburban","background","01/01/2009 00:00:00","20/04/2015 00:00:00","SAM_21072001_9_M","6.0","m","5.0","m","20.0","m","25.5","m","Industrial Processes","-999.0","t.km-2.year-1","0","-999.0","t.km-1.year-1","-999.0","t.year-1","VALVERDE DEL CAMINO","","","0.0","","0.00","0.0","0.0","0","0","SPP_21072001_9_M.1","01/01/2009 00:00:00","20/04/2015 00:00:00","active","","","","","HVSman30","","gravi","","ref","","1","ug.m-3","","","1","day","1","day","http://cdr.eionet.europa.eu/es/eu/aqd/d/envaxdj6q/ES_D_Metainfo.xml","05/09/2026 03:00:13"
"Spain","ES.BDCA.AQD","2025","NET_ES208A","CCAA Castilla y León","UTC","ES1632A","47186029","VEGA SICILIA","SP_47186029_9_49","PM2.5","-4.746700","41.620600","690.000000","m","urban","traffic","01/01/2009 00:00:00","","SAM_47186029_9_49","3.0","m","35.0","m","4.5","m","-999.0","m","","-999.0","t.km-2.year-1","0","-999.0","t.km-1.year-1","-999.0","t.year-1","VALLADOLID","","","4.5","","","30.0","60.0","0","0","SPP_47186029_9_49.1","01/01/2009 00:00:00","","automatic","BETA","","BAM1020","","","","","","yes","http://missing.com","4","ug.m-3","","http://missing.com","1","hour","1","hour","http://cdr.eionet.europa.eu/es/eu/aqd/d/envaxdj6q/ES_D_Metainfo.xml","05/09/2026 03:00:13"
"Spain","ES.BDCA.AQD","2025","NET_ES209A","CCAA Cataluña","UTC","ES1642A","08298008","VIC (ESTADI)","SP_08298008_9_M","PM2.5","2.238600","41.935700","498.000000","m","suburban","background","01/01/2010 00:00:00","","SAM_08298008_9_M","4.0","m","","m","","m","-999.0","m","","-999.0","t.km-2.year-1","0","-999.0","t.km-1.year-1","-999.0","t.year-1","VIC","","","0.0","","","0.0","0.0","0","0","SPP_08298008_9_M.1","01/01/2010 00:00:00","","active","","","","","HVSauto30","","gravi","","ref","","3","ug.m-3","","http://missing.com","1","day","1","day","http://cdr.eionet.europa.eu/es/eu/aqd/d/envaxdj6q/ES_D_Metainfo.xml","05/09/2026 03:00:13"
"Spain","ES.BDCA.AQD","2025","NET_ES209A","CCAA Cataluña","UTC","ES1903A","08301004","VILADECANS (ATRIUM)","SP_08301004_9_M","PM2.5","2.013800","41.313500","14.000000","m","suburban","background","01/01/2009 00:00:00","","SAM_08301004_9_M","2.0","m","","m","","m","-999.0","m","Other (not elsewhere specified)","-999.0","t.km-2.year-1","0","-999.0","t.km-1.year-1","-999.0","t.year-1","VILADECANS","detached","","8.0","","","8.0","25.0","0","0","SPP_08301004_9_M.1","01/01/2009 00:00:00","","active","","","","","LVSauto2.3","","gravi","","ref","","18","ug.m-3","","http://missing.com","1","day","1","day","http://cdr.eionet.europa.eu/es/eu/aqd/d/envaxdj6q/ES_D_Metainfo.xml","05/09/2026 03:00:13"
"Spain","ES.BDCA.AQD","2025","NET_ES212A","CCAA Galicia","UTC","ES2200A","15059005","Vilagudín","SP_15059005_9_A","PM2.5","-8.490190","43.094890","277.000000","m","rural","industrial","25/06/2026 00:00:00","","SAM_15059005_9_A","3.0","m","","m","","m","9.3","m","","-999.0","t.km-2.year-1","0","-999.0","t.km-1.year-1","-999.0","t.year-1","ORDES","open","plane","30.0","","","0.0","5.0","0","0","SPP_15059005_9_A.1","25/06/2026 00:00:00","","automatic","light-scat","","FIDAS200E","","","","","","inprogress","--","-999","ug.m-3","","--","1","hour","1","hour","http://cdr.eionet.europa.eu/es/eu/aqd/d/envaxdj6q/ES_D_Metainfo.xml","05/09/2026 03:00:13"
"Spain","ES.BDCA.AQD","2025","NET_ES210A","CCAA Com. Valenciana","UTC","ES2019A","46256001","VILAMARXANT","SP_46256001_9_46","PM2.5","-0.625560","39.564720","510.000000","m","suburban","background","01/01/2014 00:00:00","","SAM_46256001_9_46","3.0","m","","m","","m","-999.0","m","Other sectors","-999.0","t.km-2.year-1","0","-999.0","t.km-1.year-1","-999.0","t.year-1","VILAMARXANT","","","0.0","","","0.0","0.0","0","0","SPP_46256001_9_46.1","01/01/2014 00:00:00","","automatic","light-scat","","unknown","","","","","","yes","http://missing.com","0","ug.m-3","","http://missing.com","1","hour","1","hour","http://cdr.eionet.europa.eu/es/eu/aqd/d/envaxdj6q/ES_D_Metainfo.xml","05/09/2026 03:00:13"
"Spain","ES.BDCA.AQD","2025","NET_ES210A","CCAA Com. Valenciana","UTC","ES2019A","46256001","VILAMARXANT","SP_46256001_9_46","PM2.5","-0.625560","39.564720","510.000000","m","suburban","background","01/01/2014 00:00:00","","SAM_46256001_9_46","3.0","m","","m","","m","-999.0","m","Other sectors","-999.0","t.km-2.year-1","0","-999.0","t.km-1.year-1","-999.0","t.year-1","VILAMARXANT","","","0.0","","","0.0","0.0","0","0","SPP_46256001_9_46.2","01/01/2014 00:00:00","","automatic","light-scat","","FIDAS200","","","","","","no","http://missing.com","1","ug.m-3","","http://missing.com","1","hour","1","hour","http://cdr.eionet.europa.eu/es/eu/aqd/d/envaxdj6q/ES_D_Metainfo.xml","05/09/2026 03:00:13"
"Spain","ES.BDCA.AQD","2025","NET_ES210A","CCAA Com. Valenciana","UTC","ES2019A","46256001","VILAMARXANT","SP_46256001_9_M","PM2.5","-0.625560","39.564720","510.000000","m","suburban","background","05/01/2012 00:00:00","","SAM_46256001_9_M","3.0","m","","m","","m","-999.0","m","Other sectors","-999.0","t.km-2.year-1","0","-999.0","t.km-1.year-1","-999.0","t.year-1","VILAMARXANT","","","0.0","","","0.0","0.0","0","0","SPP_46256001_9_M.1","05/01/2012 00:00:00","","active","","","","","HVSauto30","","gravi","","no","EN PREPARACIÓN","0","ug.m-3","","En preparación","1","day","1","day","http://cdr.eionet.europa.eu/es/eu/aqd/d/envaxdj6q/ES_D_Metainfo.xml","05/09/2026 03:00:13"
"Spain","ES.BDCA.AQD","2025","NET_ES209A","CCAA Cataluña","UTC","ES1555A","08307006","VILANOVA I LA GELTRÚ (AJUNTAMENT)","SP_08307006_9_M","PM2.5","1.726300","41.224100","14.000000","m","urban","background","30/11/2008 00:00:00","","SAM_08307006_9_M","1.5","m","","m","","m","-999.0","m","","-999.0","t.km-2.year-1","0","-999.0","t.km-1.year-1","-999.0","t.year-1","VILANOVA I LA GELTRÚ","","","0.0","","","2.3","0.0","0","0","SPP_08307006_9_M.1","30/11/2008 00:00:00","","active","","","","","HVSauto30","","gravi","","ref","","3","ug.m-3","","http://missing.com","1","day","1","day","http://cdr.eionet.europa.eu/es/eu/aqd/d/envaxdj6q/ES_D_Metainfo.xml","05/09/2026 03:00:13"
"Spain","ES.BDCA.AQD","2025","NET_ES209A","CCAA Cataluña","UTC","ES1339A","08307012","VILANOVA I LA GELTRÚ (PL. DE LES DANSES DE VILANOVA)","SP_08307012_9_47","PM2.5","1.721200","41.219000","12.000000","m","suburban","traffic","01/09/2023 00:00:00","","SAM_08307012_9_47","3.6","m","4.0","m","30.0","m","-999.0","m","Fugitive Emissions from Fuels","-999.0","t.km-2.year-1","0","-999.0","t.km-1.year-1","-999.0","t.year-1","VILANOVA I LA GELTRÚ","detached","plane","50.0","","0.04","4.0","9.0","61","10825","SPP_08307012_9_47.1","01/09/2023 00:00:00","","automatic","DOAS","","FIDAS200","","","","","","inprogress","http://missing.com","1","ug.m-3","","unknown","1","hour","1","hour","http://cdr.eionet.europa.eu/es/eu/aqd/d/envaxdj6q/ES_D_Metainfo.xml","05/09/2026 03:00:13"
"Spain","ES.BDCA.AQD","2025","NET_ES210A","CCAA Com. Valenciana","UTC","ES1622A","12135004","VILA-REAL-PM","SP_12135004_9_M","PM2.5","-0.105830","39.941670","60.000000","m","urban","industrial","01/04/2003 00:00:00","","SAM_12135004_9_M","3.0","m","","m","","m","1000.0","m","Industrial Processes","-999.0","t.km-2.year-1","0","-999.0","t.km-1.year-1","-999.0","t.year-1","VILLARREAL/VILA-REAL","","","0.0","","","0.0","0.0","0","0","SPP_12135004_9_M.1","01/04/2003 00:00:00","","active","","","","","HVSauto30","","gravi","","ref","","0","ug.m-3","","En preparación","1","day","1","day","http://cdr.eionet.europa.eu/es/eu/aqd/d/envaxdj6q/ES_D_Metainfo.xml","05/09/2026 03:00:13"
"Spain","ES.BDCA.AQD","2025","NET_ES209A","CCAA Cataluña","UTC","ES2109A","43171002","VILA-SECA (IES VILA-SECA)","SP_43171002_9_47","PM2.5","1.149600","41.102400","33.000000","m","suburban","background","01/09/2023 00:00:00","","SAM_43171002_9_47","3.6","m","","m","","m","-999.0","m","","-999.0","t.km-2.year-1","0","-999.0","t.km-1.year-1","-999.0","t.year-1","VILA-SECA","","","0.0","","","14.0","0.0","0","0","SPP_43171002_9_47.1","01/09/2023 00:00:00","","automatic","DOAS","","FIDAS200","","","","","","inprogress","http://missing.com","1","ug.m-3","","unknown","1","hour","1","hour","http://cdr.eionet.europa.eu/es/eu/aqd/d/envaxdj6q/ES_D_Metainfo.xml","05/09/2026 03:00:13"
"Spain","ES.BDCA.AQD","2025","NET_ES213A","CCAA Madrid","UTC","ES1810A","28171001","VILLA DEL PRADO","SP_28171001_9_49","PM2.5","-4.275200","40.247900","469.000000","m","rural","background","14/06/2006 00:00:00","","SAM_28171001_9_49","4.4","m","","m","","m","-999.0","m","","-999.0","t.km-2.year-1","0","-999.0","t.km-1.year-1","-999.0","t.year-1","VILLA DEL PRADO","","","0.0","","","6.0","0.0","0","0","SPP_28171001_9_49.1","14/06/2006 00:00:00","","automatic","BETA","","thermo5014i","","","","","","yes","https://bit.ly/3rU6DbC","1","ug.m-3","","https://bit.ly/3rU6DbC","1","hour","1","hour","http://cdr.eionet.europa.eu/es/eu/aqd/d/envaxdj6q/ES_D_Metainfo.xml","05/09/2026 03:00:13"
"Spain","ES.BDCA.AQD","2025","NET_ES201A","CCAA Andalucía","UTC","ES1971A","14068001","VILLAHARTA","SP_14068001_9_49","PM2.5","-4.904000","38.137900","571.000000","m","suburban","industrial","07/05/2010 00:00:00","31/12/2023 00:00:00","SAM_14068001_9_49","3.6","m","32.0","m","12.0","m","-999.0","m","","-999.0","t.km-2.year-1","0","-999.0","t.km-1.year-1","-999.0","t.year-1","VILLAHARTA","","","32.0","","","10.0","3.0","0","0","SPP_14068001_9_49.1","07/05/2010 00:00:00","31/12/2023 00:00:00","automatic","BETA","","BAM1020","","","","","","inprogress","unknown","0.05","ug.m-3","","http://missing.com","1","hour","1","hour","http://cdr.eionet.europa.eu/es/eu/aqd/d/envaxdj6q/ES_D_Metainfo.xml","05/09/2026 03:00:13"
"Spain","ES.BDCA.AQD","2025","NET_ES201A","CCAA Andalucía","UTC","ES1971A","14068001","VILLAHARTA","SP_14068001_9_M","PM2.5","-4.904000","38.137900","571.000000","m","suburban","industrial","01/01/2011 00:00:00","31/12/2023 00:00:00","SAM_14068001_9_M","3.6","m","32.0","m","12.0","m","-999.0","m","","-999.0","t.km-2.year-1","0","-999.0","t.km-1.year-1","-999.0","t.year-1","VILLAHARTA","","","32.0","","","10.0","3.0","0","0","SPP_14068001_9_M.1","01/01/2011 00:00:00","31/12/2023 00:00:00","active","","","","","HVSman30","","gravi","","ref","","1","ug.m-3","","unknown","1","day","1","day","http://cdr.eionet.europa.eu/es/eu/aqd/d/envaxdj6q/ES_D_Metainfo.xml","05/09/2026 03:00:13"
"Spain","ES.BDCA.AQD","2025","NET_ES201A","CCAA Andalucía","UTC","ES1971A","14068001","VILLAHARTA","SP_14068001_9_M","PM2.5","-4.904000","38.137900","571.000000","m","suburban","industrial","01/01/2011 00:00:00","31/12/2023 00:00:00","SAM_14068001_9_M","3.6","m","32.0","m","12.0","m","-999.0","m","","-999.0","t.km-2.year-1","0","-999.0","t.km-1.year-1","-999.0","t.year-1","VILLAHARTA","","","32.0","","","10.0","3.0","0","0","SPP_14068001_9_M.2","01/01/2011 00:00:00","31/12/2023 00:00:00","active","","","","","HVSauto30","","gravi","","ref","unknown","1","ug.m-3","","unknown","1","day","1","day","http://cdr.eionet.europa.eu/es/eu/aqd/d/envaxdj6q/ES_D_Metainfo.xml","05/09/2026 03:00:13"
"Spain","ES.BDCA.AQD","2025","NET_ES208A","CCAA Castilla y León","UTC","ES0365A","34214001","VILLALBA DE GUARDO","SP_34214001_9_46","PM2.5","-4.827200","42.703600","1050.000000","m","rural","industrial","01/01/2009 00:00:00","31/03/2021 00:00:00","SAM_34214001_9_46","3.0","m","","m","","m","9000.0","m","","-999.0","t.km-2.year-1","0","-999.0","t.km-1.year-1","-999.0","t.year-1","VILLALBA DE GUARDO","","","0.0","","","0.0","0.0","0","1000","SPP_34214001_9_46.1","01/01/2009 00:00:00","31/03/2021 00:00:00","automatic","light-scat","","unknown","","","","","","yes","http://missing.com","-999","ug.m-3","","http://missing.com","1","hour","1","hour","http://cdr.eionet.europa.eu/es/eu/aqd/d/envaxdj6q/ES_D_Metainfo.xml","05/09/2026 03:00:13"
"Spain","ES.BDCA.AQD","2025","NET_ES201A","CCAA Andalucía","UTC","ES1718A","23097001","VILLANUEVA DEL ARZOBISPO","SP_23097001_9_M","PM2.5","-3.010220","38.174400","691.000000","m","urban","industrial","01/01/2014 00:00:00","","SAM_23097001_9_M","3.5","m","","m","","m","-999.0","m","Industrial Processes","-999.0","t.km-2.year-1","0","-999.0","t.km-1.year-1","-999.0","t.year-1","VILLANUEVA DEL ARZOBISPO","","","0.0","","0.10","0.0","0.0","30","300","SPP_23097001_9_M.1","01/01/2014 00:00:00","","active","","","","","HVSman30","","gravi","","ref","","1","ug.m-3","","http://missing.com","1","day","1","day","http://cdr.eionet.europa.eu/es/eu/aqd/d/envaxdj6q/ES_D_Metainfo.xml","05/09/2026 03:00:13"
"Spain","ES.BDCA.AQD","2025","NET_ES201A","CCAA Andalucía","UTC","ES1718A","23097001","VILLANUEVA DEL ARZOBISPO","SP_23097001_9_M","PM2.5","-3.010220","38.174400","691.000000","m","urban","industrial","01/01/2014 00:00:00","","SAM_23097001_9_M","3.5","m","","m","","m","-999.0","m","Industrial Processes","-999.0","t.km-2.year-1","0","-999.0","t.km-1.year-1","-999.0","t.year-1","VILLANUEVA DEL ARZOBISPO","","","0.0","","0.10","0.0","0.0","30","300","SPP_23097001_9_M.2","01/01/2014 00:00:00","","active","","","","","HVSman30","","gravi","","ref","","1","ug.m-3","","http://missing.com","1","day","1","day","http://cdr.eionet.europa.eu/es/eu/aqd/d/envaxdj6q/ES_D_Metainfo.xml","05/09/2026 03:00:13"
"Spain","ES.BDCA.AQD","2025","NET_ES210A","CCAA Com. Valenciana","UTC","ES1671A","46258001","VILLAR DEL ARZOBISPO","SP_46258001_9_46","PM2.5","-0.831940","39.708060","430.000000","m","rural","background","01/01/2005 00:00:00","","SAM_46258001_9_46","3.0","m","","m","","m","1000.0","m","Agriculture","-999.0","t.km-2.year-1","0","-999.0","t.km-1.year-1","-999.0","t.year-1","VILLAR DEL ARZOBISPO","","","100.0","","","0.0","0.0","0","1000","SPP_46258001_9_46.1","01/01/2005 00:00:00","","automatic","light-scat","","GRIMM-EDM180","","","","","","yes","http://missing.com","0","ug.m-3","","http://missing.com","1","hour","1","hour","http://cdr.eionet.europa.eu/es/eu/aqd/d/envaxdj6q/ES_D_Metainfo.xml","05/09/2026 03:00:13"
"Spain","ES.BDCA.AQD","2025","NET_ES213A","CCAA Madrid","UTC","ES1811A","28180001","VILLAREJO DE SALVANES","SP_28180001_9_49","PM2.5","-3.276600","40.167200","761.000000","m","suburban","traffic","12/04/2006 00:00:00","","SAM_28180001_9_49","4.9","m","99.0","m","99.0","m","-999.0","m","","-999.0","t.km-2.year-1","0","-999.0","t.km-1.year-1","-999.0","t.year-1","VILLAREJO DE SALVANÉS","","","4.0","","","3.0","10.0","0","0","SPP_28180001_9_49.1","12/04/2006 00:00:00","","automatic","BETA","","thermo5014i","","","","","","inprogress","https://bit.ly/3rU6DbC","1","ug.m-3","","https://bit.ly/3rU6DbC","1","hour","1","hour","http://cdr.eionet.europa.eu/es/eu/aqd/d/envaxdj6q/ES_D_Metainfo.xml","05/09/2026 03:00:13"
"Spain","ES.BDCA.AQD","2025","NET_ES210A","CCAA Com. Valenciana","UTC","ES2144A","03140001","VILLENA PARQUE FERIA","SP_03140001_9_46","PM2.5","-0.872410","38.639430","500.000000","m","urban","background","01/01/2022 00:00:00","","SAM_03140001_9_46","3.0","m","","m","","m","-999.0","m","","-999.0","t.km-2.year-1","0","-999.0","t.km-1.year-1","-999.0","t.year-1","VILLENA","","","0.0","","","0.0","0.0","0","0","SPP_03140001_9_46.1","01/01/2022 00:00:00","","automatic","light-scat","","GRIMM-EDM180","","","","","","no","EN PREPARACIÓN","1","ug.m-3","","EN PREPARACIÓN","1","hour","1","hour","http://cdr.eionet.europa.eu/es/eu/aqd/d/envaxdj6q/ES_D_Metainfo.xml","05/09/2026 03:00:13"
"Spain","ES.BDCA.AQD","2025","NET_ES210A","CCAA Com. Valenciana","UTC","ES2036A","12138001","VINARÒS PLANTA","SP_12138001_9_46","PM2.5","0.425000","40.546100","105.000000","m","rural","industrial","01/01/2013 00:00:00","31/08/2017 00:00:00","SAM_12138001_9_46","4.0","m","","m","","m","-999.0","m","","-999.0","t.km-2.year-1","0","-999.0","t.km-1.year-1","-999.0","t.year-1","VINARÒS","","","0.0","","","0.0","0.0","0","0","SPP_12138001_9_46.1","01/01/2013 00:00:00","31/08/2017 00:00:00","automatic","light-scat","","unknown","","","","","","inprogress","","0","ug.m-3","","http://missing.com","1","hour","1","hour","http://cdr.eionet.europa.eu/es/eu/aqd/d/envaxdj6q/ES_D_Metainfo.xml","05/09/2026 03:00:13"
"Spain","ES.BDCA.AQD","2025","NET_ES210A","CCAA Com. Valenciana","UTC","ES2037A","12138002","VINARÒS PLATAFORMA","SP_12138002_9_46","PM2.5","0.709200","40.383300","22.000000","m","rural","industrial","01/01/2013 00:00:00","31/08/2017 00:00:00","SAM_12138002_9_46","3.0","m","","m","","m","-999.0","m","","-999.0","t.km-2.year-1","0","-999.0","t.km-1.year-1","-999.0","t.year-1","VINARÒS","","","0.0","","","0.0","0.0","0","0","SPP_12138002_9_46.1","01/01/2013 00:00:00","31/08/2017 00:00:00","automatic","light-scat","","unknown","","","","","","inprogress","","0","ug.m-3","","http://missing.com","1","hour","1","hour","http://cdr.eionet.europa.eu/es/eu/aqd/d/envaxdj6q/ES_D_Metainfo.xml","05/09/2026 03:00:13"
"Spain","ES.BDCA.AQD","2025","NET_ES210A","CCAA Com. Valenciana","UTC","ES1691A","12140002","VIVER","SP_12140002_9_46","PM2.5","-0.603330","39.930560","616.000000","m","suburban","background","21/07/2005 00:00:00","","SAM_12140002_9_46","3.0","m","","m","","m","1000.0","m","Land use, land use change and forestry","-999.0","t.km-2.year-1","0","-999.0","t.km-1.year-1","-999.0","t.year-1","VIVER","","","100.0","","","0.0","0.0","0","1000","SPP_12140002_9_46.1","21/07/2005 00:00:00","","automatic","light-scat","","GRIMM-EDM180","","","","","","yes","http://missing.com","0","ug.m-3","","http://missing.com","1","hour","1","hour","http://cdr.eionet.europa.eu/es/eu/aqd/d/envaxdj6q/ES_D_Metainfo.xml","05/09/2026 03:00:13"
"Spain","ES.BDCA.AQD","2025","NET_ES210A","CCAA Com. Valenciana","UTC","ES1691A","12140002","VIVER","SP_12140002_9_49","PM2.5","-0.603330","39.930560","616.000000","m","suburban","background","01/01/2009 00:00:00","31/12/2011 00:00:00","SAM_12140002_9_49","3.0","m","","m","","m","1000.0","m","Land use, land use change and forestry","-999.0","t.km-2.year-1","0","-999.0","t.km-1.year-1","-999.0","t.year-1","VIVER","","","100.0","","","0.0","0.0","0","1000","SPP_12140002_9_49.1","01/01/2009 00:00:00","31/12/2011 00:00:00","automatic","BETA","","unknown","","","","","","inprogress","","0","ug.m-3","","","1","hour","1","hour","http://cdr.eionet.europa.eu/es/eu/aqd/d/envaxdj6q/ES_D_Metainfo.xml","05/09/2026 03:00:13"
"Spain","ES.BDCA.AQD","2025","NET_ES058A","EMEP/VAG/CAMP","UTC","ES0007R","18189999","VÍZNAR","SP_18189999_9_M","PM2.5","-3.550560","37.236940","1258.000000","m","rural","background","01/03/2001 00:00:00","","SAM_18189999_9_M","1.7","m","","m","","m","0.0","m","Land use, land use change and forestry","-999.0","t.km-2.year-1","0","-999.0","t.km-1.year-1","-999.0","t.year-1","VÍZNAR","","","0.0","","","0.0","0.0","0","0","SPP_18189999_9_M.1","01/03/2001 00:00:00","","active","","","","","HVSman30","","gravi","","ref","","-999","ug.m-3","","http://missing.com","1","day","1","day","http://cdr.eionet.europa.eu/es/eu/aqd/d/envaxdj6q/ES_D_Metainfo.xml","05/09/2026 03:00:13"
"Spain","ES.BDCA.AQD","2025","NET_ES205A","CCAA Islas Canarias","UTC","ES1976A","38038021","VUELTA LOS PÁJAROS-STA CRUZ DE TF","SP_38038021_9_49","PM2.5","-16.276620","28.461790","158.000000","m","urban","industrial","01/01/2012 00:00:00","31/12/2024 00:00:00","SAM_38038021_9_49","6.0","m","","m","","m","1500.0","m","","-999.0","t.km-2.year-1","0","-999.0","t.km-1.year-1","-999.0","t.year-1","SANTA CRUZ DE TENERIFE","","","40.0","","","0.0","44.0","0","0","SPP_38038021_9_49.1","01/01/2012 00:00:00","31/12/2024 00:00:00","automatic","BETA","","BAM1020","","","","","","yes","http://missing.com","0","ug.m-3","","http://missing.com","1","hour","1","hour","http://cdr.eionet.europa.eu/es/eu/aqd/d/envaxdj6q/ES_D_Metainfo.xml","05/09/2026 03:00:13"
"Spain","ES.BDCA.AQD","2025","NET_ES205A","CCAA Islas Canarias","UTC","ES1976A","38038021","VUELTA LOS PÁJAROS-STA CRUZ DE TF","SP_38038021_9_A","PM2.5","-16.276620","28.461790","158.000000","m","urban","industrial","01/01/2025 00:00:00","","SAM_38038021_9_A","6.0","m","","m","","m","1500.0","m","","-999.0","t.km-2.year-1","0","-999.0","t.km-1.year-1","-999.0","t.year-1","SANTA CRUZ DE TENERIFE","","","40.0","","","0.0","44.0","0","0","SPP_38038021_9_A.1","01/01/2025 00:00:00","","automatic","BETA","","BAM1020","","","","","","yes","http://missing.com","0","ug.m-3","","http://missing.com","1","hour","1","hour","http://cdr.eionet.europa.eu/es/eu/aqd/d/envaxdj6q/ES_D_Metainfo.xml","05/09/2026 03:00:13"
"Spain","ES.BDCA.AQD","2025","NET_ES212A","CCAA Galicia","UTC","ES2085A","32032001","XINZO DE LIMIA","SP_32032001_9_49","PM2.5","-7.729900","42.060700","620.000000","m","suburban","traffic","01/01/2018 00:00:00","","SAM_32032001_9_49","5.1","m","25.0","m","4.0","m","5.0","m","","-999.0","t.km-2.year-1","0","-999.0","t.km-1.year-1","-999.0","t.year-1","XINZO DE LIMIA","detached","plane","4.0","","0.40","0.0","15.0","50","2103","SPP_32032001_9_49.1","01/01/2018 00:00:00","","automatic","BETA","","BAM1020","","","","","","inprogress","http://missing.com","1","ug.m-3","","http://missing.com","1","hour","1","hour","http://cdr.eionet.europa.eu/es/eu/aqd/d/envaxdj6q/ES_D_Metainfo.xml","05/09/2026 03:00:13"
"Spain","ES.BDCA.AQD","2025","NET_ES212A","CCAA Galicia","UTC","ES0339A","27025015","XOVE","SP_27025015_9_49","PM2.5","-7.507780","43.686270","60.000000","m","suburban","industrial","15/06/2021 00:00:00","","SAM_27025015_9_49","3.0","m","","m","","m","4.0","m","Industrial Processes","-999.0","t.km-2.year-1","0","-999.0","t.km-1.year-1","-999.0","t.year-1","XOVE","open","plane","100.0","","0.06","0.0","14.0","75","7682","SPP_27025015_9_49.1","15/06/2021 00:00:00","","automatic","BETA","","BAM1020","","","","","","inprogress","http://missing.com","4.8","ug.m-3","","-","1","hour","1","hour","http://cdr.eionet.europa.eu/es/eu/aqd/d/envaxdj6q/ES_D_Metainfo.xml","05/09/2026 03:00:13"
"Spain","ES.BDCA.AQD","2025","NET_ES212A","CCAA Galicia","UTC","ES2039A","15055003","XUBIA (MEGASA)","SP_15055003_9_49","PM2.5","-8.150200","43.519700","20.000000","m","suburban","industrial","24/07/2013 00:00:00","01/01/2022 00:00:00","SAM_15055003_9_49","4.0","m","","m","","m","1.0","m","Industrial Processes","-999.0","t.km-2.year-1","0","-999.0","t.km-1.year-1","-999.0","t.year-1","NEDA","open","coast-plane","1.0","","","12.0","4.5","0","0","SPP_15055003_9_49.1","24/07/2013 00:00:00","01/01/2022 00:00:00","automatic","BETA","","enviroMP101M","","","","","","inprogress","http://missing.com","1","ug.m-3","","-","1","hour","1","hour","http://cdr.eionet.europa.eu/es/eu/aqd/d/envaxdj6q/ES_D_Metainfo.xml","05/09/2026 03:00:13"
"Spain","ES.BDCA.AQD","2025","NET_ES212A","CCAA Galicia","UTC","ES2039A","15055003","XUBIA (MEGASA)","SP_15055003_9_A","PM2.5","-8.150200","43.519700","20.000000","m","suburban","industrial","01/01/2022 00:00:00","","SAM_15055003_9_A","4.0","m","","m","","m","1.0","m","Industrial Processes","-999.0","t.km-2.year-1","0","-999.0","t.km-1.year-1","-999.0","t.year-1","NEDA","open","coast-plane","1.0","","","12.0","4.5","0","0","SPP_15055003_9_A.1","01/01/2022 00:00:00","","automatic","BETA","","enviroMP101M","","","","","","inprogress","http://missing.com","1","ug.m-3","","-","1","hour","1","hour","http://cdr.eionet.europa.eu/es/eu/aqd/d/envaxdj6q/ES_D_Metainfo.xml","05/09/2026 03:00:13"
"Spain","ES.BDCA.AQD","2025","NET_ES212A","CCAA Galicia","UTC","ES2039A","15055003","XUBIA (MEGASA)","SP_15055003_9_A","PM2.5","-8.150200","43.519700","20.000000","m","suburban","industrial","01/01/2022 00:00:00","","SAM_15055003_9_A","4.0","m","","m","","m","1.0","m","Industrial Processes","-999.0","t.km-2.year-1","0","-999.0","t.km-1.year-1","-999.0","t.year-1","NEDA","open","coast-plane","1.0","","","12.0","4.5","0","0","SPP_15055003_9_A.2","01/01/2022 00:00:00","","automatic","light-scat","","FIDAS200","","","","","","inprogress","http://missing.com","0.5","ug.m-3","","-","1","hour","1","hour","http://cdr.eionet.europa.eu/es/eu/aqd/d/envaxdj6q/ES_D_Metainfo.xml","05/09/2026 03:00:13"
"Spain","ES.BDCA.AQD","2025","NET_ES211A","CCAA Extremadura","UTC","ES1820A","06158001","ZAFRA","SP_06158001_9_49","PM2.5","-6.397350","38.427950","551.000000","m","suburban","background","14/06/2006 00:00:00","27/02/2022 00:00:00","SAM_06158001_9_49","3.7","m","","m","","m","-999.0","m","","-999.0","t.km-2.year-1","0","-999.0","t.km-1.year-1","-999.0","t.year-1","ZAFRA","","","0.0","","","0.0","0.0","0","0","SPP_06158001_9_49.1","14/06/2006 00:00:00","27/02/2022 00:00:00","automatic","BETA","","unknown","","","","","","yes","http://missing.com","0.1","ug.m-3","","","1","hour","1","hour","http://cdr.eionet.europa.eu/es/eu/aqd/d/envaxdj6q/ES_D_Metainfo.xml","05/09/2026 03:00:13"
"Spain","ES.BDCA.AQD","2025","NET_ES211A","CCAA Extremadura","UTC","ES1820A","06158001","ZAFRA","SP_06158001_9_49","PM2.5","-6.397350","38.427950","551.000000","m","suburban","background","14/06/2006 00:00:00","27/02/2022 00:00:00","SAM_06158001_9_49","3.7","m","","m","","m","-999.0","m","","-999.0","t.km-2.year-1","0","-999.0","t.km-1.year-1","-999.0","t.year-1","ZAFRA","","","0.0","","","0.0","0.0","0","0","SPP_06158001_9_49.2","14/06/2006 00:00:00","27/02/2022 00:00:00","automatic","TEOM-FDMS","","TEOM1405F-FDMS","","","","","","ref","","0.1","ug.m-3","","","1","hour","1","hour","http://cdr.eionet.europa.eu/es/eu/aqd/d/envaxdj6q/ES_D_Metainfo.xml","05/09/2026 03:00:13"
"Spain","ES.BDCA.AQD","2025","NET_ES216A","CCAA País Vasco","UTC","ES1598A","48096001","ZALLA","SP_48096001_9_49","PM2.5","-3.134400","43.212910","62.000000","m","urban","background","01/01/2017 00:00:00","","SAM_48096001_9_49","3.6","m","14.0","m","10.0","m","-999.0","m","","-999.0","t.km-2.year-1","0","-999.0","t.km-1.year-1","-999.0","t.year-1","ZALLA","","","0.0","","","0.0","0.0","0","0","SPP_48096001_9_49.1","01/01/2017 00:00:00","","automatic","BETA","","thermo5014i","","","","","","yes","https://www.euskadi.eus/web01-a2ingair/es/contenidos/documentacion/factor_corrector_particulas/es_def/factor_corrector_particulas.html","2","ug.m-3","","http://missing.com","1","hour","1","hour","http://cdr.eionet.europa.eu/es/eu/aqd/d/envaxdj6q/ES_D_Metainfo.xml","05/09/2026 03:00:13"
"Spain","ES.BDCA.AQD","2025","NET_ES208A","CCAA Castilla y León","UTC","ES1927A","49275002","ZAMORA 2","SP_49275002_9_49","PM2.5","-5.746390","41.509720","720.000000","m","urban","traffic","25/03/2025 00:00:00","","SAM_49275002_9_49","3.0","m","20.0","m","0.0","m","-999.0","m","Transport","-999.0","t.km-2.year-1","0","-999.0","t.km-1.year-1","-999.0","t.year-1","ZAMORA","","","0.0","","","0.0","0.0","0","0","SPP_49275002_9_49.1","25/03/2025 00:00:00","","automatic","BETA","","BAM1020","","","","","","yes","http://missing.com","4","ug.m-3","","http://missing.com","1","hour","1","hour","http://cdr.eionet.europa.eu/es/eu/aqd/d/envaxdj6q/ES_D_Metainfo.xml","05/09/2026 03:00:13"
"Spain","ES.BDCA.AQD","2025","NET_ES208A","CCAA Castilla y León","UTC","ES1927A","49275002","ZAMORA 2","SP_49275002_9_52","PM2.5","-5.746390","41.509720","720.000000","m","urban","traffic","01/01/2021 00:00:00","","SAM_49275002_9_52","3.0","m","5.0","m","0.0","m","-999.0","m","Transport","-999.0","t.km-2.year-1","0","-999.0","t.km-1.year-1","-999.0","t.year-1","ZAMORA","","","0.0","","","0.0","0.0","0","0","SPP_49275002_9_52.1","01/01/2021 00:00:00","","automatic","BETA","","BAM1020","","","","","","yes","https://missing.com","5","ug.m-3","","https://missing.com","1","hour","1","hour","http://cdr.eionet.europa.eu/es/eu/aqd/d/envaxdj6q/ES_D_Metainfo.xml","05/09/2026 03:00:13"
"Spain","ES.BDCA.AQD","2025","NET_ES058A","EMEP/VAG/CAMP","UTC","ES0012R","46263999","ZARRA","SP_46263999_9_M","PM2.5","-1.100830","39.082780","855.000000","m","rural","background","01/03/2001 00:00:00","","SAM_46263999_9_M","1.7","m","","m","","m","0.0","m","Land use, land use change and forestry","-999.0","t.km-2.year-1","0","-999.0","t.km-1.year-1","-999.0","t.year-1","ZARRA","","","0.0","","","0.0","0.0","0","0","SPP_46263999_9_M.1","01/03/2001 00:00:00","","active","","","","","HVSman30","","gravi","","ref","","-999","ug.m-3","","http://missing.com","1","day","1","day","http://cdr.eionet.europa.eu/es/eu/aqd/d/envaxdj6q/ES_D_Metainfo.xml","05/09/2026 03:00:13"
"Spain","ES.BDCA.AQD","2025","NET_ES216A","CCAA País Vasco","UTC","ES2125A","48003001","ZELAIETA","SP_48003001_9_49","PM2.5","-2.734530","43.219010","74.000000","m","urban","background","01/01/2021 00:00:00","","SAM_48003001_9_49","3.8","m","15.0","m","8.0","m","-999.0","m","","-999.0","t.km-2.year-1","0","-999.0","t.km-1.year-1","-999.0","t.year-1","AMOREBIETA-ETXANO","","","0.0","","","0.0","0.0","0","0","SPP_48003001_9_49.1","01/01/2021 00:00:00","","automatic","BETA","","thermo5014i","","","","","","yes","https://www.euskadi.eus/informacion/legislacion-sobre-calidad-del-aire-y-emisiones-a-la-atmosfera/web01-a2ingair/es/","2","ug.m-3","","https://www.euskadi.eus/informacion/legislacion-sobre-calidad-del-aire-y-emisiones-a-la-atmosfera/web01-a2ingair/es/","1","hour","1","hour","http://cdr.eionet.europa.eu/es/eu/aqd/d/envaxdj6q/ES_D_Metainfo.xml","05/09/2026 03:00:13"
"Spain","ES.BDCA.AQD","2025","NET_ES210A","CCAA Com. Valenciana","UTC","ES1543A","12141002","ZORITA","SP_12141002_9_46","PM2.5","-0.169440","40.735000","619.000000","m","rural","background","01/09/1999 00:00:00","","SAM_12141002_9_46","3.0","m","","m","","m","50000.0","m","Energy Industries","-999.0","t.km-2.year-1","0","-999.0","t.km-1.year-1","-999.0","t.year-1","ZORITA DEL MAESTRAZGO","","","0.0","","","0.0","0.0","0","0","SPP_12141002_9_46.1","01/09/1999 00:00:00","","automatic","light-scat","","GRIMM-EDM180","","","","","","yes","http://missing.com","0","ug.m-3","","http://missing.com","1","hour","1","hour","http://cdr.eionet.europa.eu/es/eu/aqd/d/envaxdj6q/ES_D_Metainfo.xml","05/09/2026 03:00:13"
"Spain","ES.BDCA.AQD","2025","NET_ES216A","CCAA País Vasco","UTC","ES2120A","20069007","ZUBIETA","SP_20069007_9_49","PM2.5","-2.031310","43.272090","25.000000","m","suburban","background","01/01/2021 00:00:00","","SAM_20069007_9_49","3.8","m","6.0","m","2.0","m","-999.0","m","","-999.0","t.km-2.year-1","0","-999.0","t.km-1.year-1","-999.0","t.year-1","DONOSTIA-SAN SEBASTIÁN","","","0.0","","","0.0","0.0","0","0","SPP_20069007_9_49.1","01/01/2021 00:00:00","","automatic","BETA","","thermo5014i","","","","","","yes","https://www.euskadi.eus/informacion/legislacion-sobre-calidad-del-aire-y-emisiones-a-la-atmosfera/web01-a2ingair/es/","2","ug.m-3","","https://www.euskadi.eus/informacion/legislacion-sobre-calidad-del-aire-y-emisiones-a-la-atmosfera/web01-a2ingair/es/","1","hour","1","hour","http://cdr.eionet.europa.eu/es/eu/aqd/d/envaxdj6q/ES_D_Metainfo.xml","05/09/2026 03:00:13"
"Spain","ES.BDCA.AQD","2025","NET_ES216A","CCAA País Vasco","UTC","ES2103A","20080001","ZUMARRAGA","SP_20080001_9_49","PM2.5","-2.318110","43.125180","357.000000","m","urban","background","01/01/2020 00:00:00","","SAM_20080001_9_49","4.0","m","","m","","m","-999.0","m","","-999.0","t.km-2.year-1","0","-999.0","t.km-1.year-1","-999.0","t.year-1","ZUMARRAGA","","","0.0","","","0.0","0.0","0","0","SPP_20080001_9_49.1","01/01/2020 00:00:00","","automatic","BETA","","thermo5014i","","","","","","inprogress","http://missing.com","2","ug.m-3","","https://www.euskadi.eus/informacion/legislacion-sobre-calidad-del-aire-y-emisiones-a-la-atmosfera/web01-a2ingair/es/","1","hour","1","hour","http://cdr.eionet.europa.eu/es/eu/aqd/d/envaxdj6q/ES_D_Metainfo.xml","05/09/2026 03:00:13"
