"Date and Time","NO<sub>2</sub>","PM<sub>10</sub>","PM<sub>2.5</sub>"
"2023-07-04 01:00:00",13.14,6.12,3.36
"2023-07-04 02:00:00",4.87,6.54,3.66
"2023-07-04 03:00:00",11.12,6.64,3.45
"2023-07-04 04:00:00",7.16,6.29,3.55
"2023-07-04 05:00:00",18.11,6.77,3.75
"2023-07-04 06:00:00",29.49,7.34,4.03
"2023-07-04 07:00:00",39.96,7.91,4.27
"2023-07-04 08:00:00",41.99,9.44,4.66
"2023-07-04 09:00:00",30.63,9.99,5.1
"2023-07-04 10:00:00",28.47,9.84,4.68
"2023-07-04 11:00:00",30.04,9.65,4.28
"2023-07-04 12:00:00",27.07,8.69,4.24
"2023-07-04 13:00:00",28.85,8.75,3.97
"2023-07-04 14:00:00",29.63,9.21,3.95
"2023-07-04 15:00:00",30.75,7.84,3.58
"2023-07-04 16:00:00",36.23,8.42,3.99
"2023-07-04 17:00:00",36.71,8.33,3.41
"2023-07-04 18:00:00",41.02,5.46,2.28
"2023-07-04 19:00:00",32.37,6.88,2.82
"2023-07-04 20:00:00",33.64,5.11,2.53
"2023-07-04 21:00:00",31.48,4.68,2.81
"2023-07-04 22:00:00",33,4.2,2.41
"2023-07-04 23:00:00",31.89,3.41,2.5
"2023-07-05 00:00:00",23.89,4.24,2.75
"2023-07-05 01:00:00",17.6,4.68,2.48
"2023-07-05 02:00:00",8.88,4.37,2.35
"2023-07-05 03:00:00",8.05,5.93,2.76
"2023-07-05 04:00:00",6.97,6.33,3
"2023-07-05 05:00:00",8.52,6.52,3.02
"2023-07-05 06:00:00",26.42,6.32,2.96
"2023-07-05 07:00:00",40.7,7.67,3.5
"2023-07-05 08:00:00",43.09,8.51,3.83
"2023-07-05 09:00:00",38.5,7.56,3.15
"2023-07-05 10:00:00",27.26,6.03,2.65
"2023-07-05 11:00:00",31.01,5.94,2.57
"2023-07-05 12:00:00",43.12,6.19,2.6
"2023-07-05 13:00:00",31.3,5.13,1.92
"2023-07-05 14:00:00",25.84,6.56,2.12
"2023-07-05 15:00:00",32.27,4.95,1.98
"2023-07-05 16:00:00",29.37,5.2,1.94
"2023-07-05 17:00:00",33.33,6.36,2.28
"2023-07-05 18:00:00",39.27,7.85,2.56
"2023-07-05 19:00:00",29.11,7.89,2.55
"2023-07-05 20:00:00",24.03,6.49,2.56
"2023-07-05 21:00:00",22.94,5.37,2.26
"2023-07-05 22:00:00",29.35,5.05,2.65
"2023-07-05 23:00:00",26.45,6.4,2.96
"2023-07-06 00:00:00",18.91,12.28,3.84
"2023-07-06 01:00:00",18.97,4.39,2.51
"2023-07-06 02:00:00",15.87,3.18,1.81
"2023-07-06 03:00:00",20.94,3.77,2.26
"2023-07-06 04:00:00",16.95,4.71,2.73
"2023-07-06 05:00:00",15.26,5.15,2.85
"2023-07-06 06:00:00",12.52,6.49,3.23
"2023-07-06 07:00:00",19.41,6.72,3.6
"2023-07-06 08:00:00",24.45,8.26,4.02
"2023-07-06 09:00:00",24.36,8.47,4.29
"2023-07-06 10:00:00",17.3,9.51,4.5
"2023-07-06 11:00:00",12.47,7.76,4.4
"2023-07-06 12:00:00",9.58,8.96,4.75
"2023-07-06 13:00:00",7.35,8.48,4.58
"2023-07-06 14:00:00",8.21,5.13,3.17
"2023-07-06 15:00:00",11.64,7.44,4.48
"2023-07-06 16:00:00",8.63,7.31,3.77
"2023-07-06 17:00:00",6.9,4.06,1.61
"2023-07-06 18:00:00",9.68,1.72,0.74
"2023-07-06 19:00:00",12.23,1.2,0.71
"2023-07-06 20:00:00",9.4,4.25,2.97
"2023-07-06 21:00:00",7.1,8.09,5.61
"2023-07-06 22:00:00",7.99,4.05,2.68
"2023-07-06 23:00:00",6.15,2.03,1.19
"2023-07-07 00:00:00",4.8,2.57,1.54
"2023-07-07 01:00:00",6.74,4.01,2.65
"2023-07-07 02:00:00",4.54,4.45,3.2
"2023-07-07 03:00:00",4.02,1.45,0.91
"2023-07-07 04:00:00",5.75,1.52,0.87
"2023-07-07 05:00:00",3.84,0.85,0.53
"2023-07-07 06:00:00",6.02,1.54,0.8
"2023-07-07 07:00:00",16.6,1.59,0.93
"2023-07-07 08:00:00",12.34,4.89,3.13
"2023-07-07 09:00:00",9.21,11.42,7.8
"2023-07-07 10:00:00",8.07,10.89,6.98
"2023-07-07 11:00:00",13.22,11.22,7.1
"2023-07-07 12:00:00",6.05,5.08,2.97
"2023-07-07 13:00:00",5.72,6.28,3.49
"2023-07-07 14:00:00",6.44,6.04,3.9
"2023-07-07 15:00:00",12.65,7.51,4.49
"2023-07-07 16:00:00",6.92,6.79,4.48
"2023-07-07 17:00:00",8.75,7.39,4.33
"2023-07-07 18:00:00",7.39,7.54,4.85
"2023-07-07 19:00:00",9.1,7.59,4.92
"2023-07-07 20:00:00",17.06,12.87,8.43
"2023-07-07 21:00:00",18.3,12.27,8.37
"2023-07-07 22:00:00",17.33,10.74,7.25
"2023-07-07 23:00:00",18.46,8.72,6.02
"2023-07-08 00:00:00",22.31,8.95,6.06
"2023-07-08 01:00:00",21.88,9.99,6.41
"2023-07-08 02:00:00",14.25,9.22,5.64
"2023-07-08 03:00:00",6.59,11.36,6.5
"2023-07-08 04:00:00",5.05,13.86,8.12
"2023-07-08 05:00:00",5.26,14.77,9.25
"2023-07-08 06:00:00",5.76,13.26,8.74
"2023-07-08 07:00:00",6.51,14.34,9.71
"2023-07-08 08:00:00",5.34,10.18,6.49
"2023-07-08 09:00:00",7.82,10.7,5.96
"2023-07-08 10:00:00",12.19,9.54,4.55
"2023-07-08 11:00:00",14.2,9.23,4.16
"2023-07-08 12:00:00",10.57,8.59,3.9
"2023-07-08 13:00:00",14.72,10.56,4.64
"2023-07-08 14:00:00",16.82,8.9,4.48
"2023-07-08 15:00:00",12.65,7.48,3.81
"2023-07-08 16:00:00",20.36,7.35,3.83
"2023-07-08 17:00:00",21.89,8.36,4.32
"2023-07-08 18:00:00",6.88,7.63,4.09
"2023-07-08 19:00:00",17.4,7.3,4.06
"2023-07-08 20:00:00",13.24,7.62,4.3
"2023-07-08 21:00:00",18.38,9.03,4.43
"2023-07-08 22:00:00",12.71,8.92,4.72
"2023-07-08 23:00:00",9.44,9.38,4.85
"2023-07-09 00:00:00",18.79,9.18,4.89
"2023-07-09 01:00:00",33.11,9.26,5.06
"2023-07-09 02:00:00",26.02,7.74,4.24
"2023-07-09 03:00:00",26.54,8.91,5.02
"2023-07-09 04:00:00",40.08,9.24,5.41
"2023-07-09 05:00:00",14.28,11.61,6.39
"2023-07-09 06:00:00",10.36,11.35,6.7
"2023-07-09 07:00:00",9.96,11.55,6.68
"2023-07-09 08:00:00",6.51,10.45,6.29
"2023-07-09 09:00:00",12.13,13.8,7.73
"2023-07-09 10:00:00",5.15,14.46,8.58
"2023-07-09 11:00:00",5.51,5.81,3.83
"2023-07-09 12:00:00",5.16,6.49,4.39
"2023-07-09 13:00:00",9.76,5.7,3.55
"2023-07-09 14:00:00",8.73,11.1,4.33
"2023-07-09 15:00:00",12.48,4.06,2.08
"2023-07-09 16:00:00",11.19,5.02,2.4
"2023-07-09 17:00:00",11.78,4.71,2.44
"2023-07-09 18:00:00",14.36,4.64,2.09
"2023-07-09 19:00:00",26.97,6.28,2.73
"2023-07-09 20:00:00",22.09,6.02,2.78
"2023-07-09 21:00:00",19.45,5.72,3.03
"2023-07-09 22:00:00",26.27,4.86,2.1
"2023-07-09 23:00:00",33.13,4.51,2.22
"2023-07-10 00:00:00",20.18,4.66,2.71
"2023-07-10 01:00:00",13.95,6.02,3.7
"2023-07-10 02:00:00",5.46,5.98,3.47
"2023-07-10 03:00:00",5.5,6.28,3.67
"2023-07-10 04:00:00",8.32,7.14,4.33
"2023-07-10 05:00:00",10.83,7.07,4.29
"2023-07-10 06:00:00",4.17,5.7,3.94
"2023-07-10 07:00:00",29.3,6.41,4.38
"2023-07-10 08:00:00",29.11,7.23,4.73
"2023-07-10 09:00:00",21.13,10.06,6.03
"2023-07-10 10:00:00",22.71,7.81,5.05
"2023-07-10 11:00:00",24.27,6.99,4.38
"2023-07-10 12:00:00",16.79,9.36,5.73
"2023-07-10 13:00:00",19.54,9.72,5.91
"2023-07-10 14:00:00",17.16,6.31,4.4
"2023-07-10 15:00:00",40.6,6.86,4.72
"2023-07-10 16:00:00",48.16,7.48,5.39
"2023-07-10 17:00:00",33.53,5.85,4.24
"2023-07-10 18:00:00",49.52,5.43,4.04
"2023-07-10 19:00:00",37.36,4.12,2.12
"2023-07-10 20:00:00",27.68,2.56,1.27
"2023-07-10 21:00:00",32.38,3.76,2.13
"2023-07-10 22:00:00",20.85,3.7,2.22
"2023-07-10 23:00:00",18.7,4.24,2.32
"2023-07-11 00:00:00",36.03,4.05,2.43
"2023-07-11 01:00:00",19.84,4.39,2.47
"2023-07-11 02:00:00",16.68,4.19,2.68
"2023-07-11 03:00:00",5.31,4.11,2.7
"2023-07-11 04:00:00",7.47,4.42,2.74
"2023-07-11 05:00:00",14.62,6.08,3.48
"2023-07-11 06:00:00",17.69,6.94,3.66
"2023-07-11 07:00:00",41.13,6.91,4.07
"2023-07-11 08:00:00",49.37,7.72,4.12
"2023-07-11 09:00:00",41.51,7.93,4.51
"2023-07-11 10:00:00",38.15,7.5,4.2
"2023-07-11 11:00:00",33.16,7.42,3.92
"2023-07-11 12:00:00",14.28,6.17,3.26
"2023-07-11 13:00:00",-1.54,6.31,3.32
"2023-07-11 14:00:00",-1.49,6.63,2.88
"2023-07-11 15:00:00",-1.56,10.42,3.32
"2023-07-11 16:00:00",-1.68,10.1,3.68
"2023-07-11 17:00:00",-1.51,7.58,3.28
"2023-07-11 18:00:00",-1.51,7.51,3.2
"2023-07-11 19:00:00",-1.63,7.79,3.28
"2023-07-11 20:00:00",-1.65,6.74,3.35
"2023-07-11 21:00:00",-1.63,5.77,3.3
"2023-07-11 22:00:00",-1.46,5.78,3.35
"2023-07-11 23:00:00",-1.48,7.23,3.37
"2023-07-12 00:00:00",-1.51,6.5,3.35
"2023-07-12 01:00:00",-1.58,5.43,3.18
"2023-07-12 02:00:00",-1.53,5.41,3.07
"2023-07-12 03:00:00",-1.63,4.29,2.66
"2023-07-12 04:00:00",-1.64,4.43,2.59
"2023-07-12 05:00:00",-1.52,5.29,3.06
"2023-07-12 06:00:00",-1.54,4.92,3.16
"2023-07-12 07:00:00",-1.49,6.45,3.72
"2023-07-12 08:00:00",-1.53,7.52,4.63
"2023-07-12 09:00:00",-1.57,8.09,4.4
"2023-07-12 10:00:00",-1.64,7.45,3.84
"2023-07-12 11:00:00",-1.14,6.65,3.12
"2023-07-12 12:00:00",27.09,6.45,2.99
"2023-07-12 13:00:00",38.69,6.58,2.58
"2023-07-12 14:00:00",42.57,5.44,2.29
"2023-07-12 15:00:00",46.74,5.85,2.51
"2023-07-12 16:00:00",29.95,5.88,2.61
"2023-07-12 17:00:00",32.26,6.28,2.49
"2023-07-12 18:00:00",39.59,6.33,2.77
"2023-07-12 19:00:00",29.53,6.62,2.94
"2023-07-12 20:00:00",26.88,7.03,3.64
"2023-07-12 21:00:00",24.36,5.49,2.59
"2023-07-12 22:00:00",30.62,4.9,2.26
"2023-07-12 23:00:00",43.81,5.17,2.75
"2023-07-13 00:00:00",40.49,6.34,3.42
"2023-07-13 01:00:00",24.46,7.43,4.09
"2023-07-13 02:00:00",12.72,9.13,4.97
"2023-07-13 03:00:00",22.78,8.92,4.92
"2023-07-13 04:00:00",19.79,8.73,5.05
"2023-07-13 05:00:00",28.72,9.38,5.36
"2023-07-13 06:00:00",48.35,10,5.77
"2023-07-13 07:00:00",49.69,11.71,5.93
"2023-07-13 08:00:00",45.23,12.27,6.03
"2023-07-13 09:00:00",48.07,10.15,5.23
"2023-07-13 10:00:00",42.58,7.38,3.92
"2023-07-13 11:00:00",47.16,7.62,3.83
"2023-07-13 12:00:00",28.4,6.45,3.41
"2023-07-13 13:00:00",39.42,8.33,4.03
"2023-07-13 14:00:00",36.2,8.3,4.21
"2023-07-13 15:00:00",35.47,9.37,4.59
"2023-07-13 16:00:00",25.39,9.11,4.25
"2023-07-13 17:00:00",28.39,6.24,3.39
"2023-07-13 18:00:00",41.22,6.43,3.17
"2023-07-13 19:00:00",20.8,4.72,2.44
"2023-07-13 20:00:00",31.36,4.51,2.31
"2023-07-13 21:00:00",24.31,5.45,3.16
"2023-07-13 22:00:00",32.61,4.3,2.53
"2023-07-13 23:00:00",30.37,5.14,3.04
"2023-07-14 00:00:00",26.37,4.8,2.88
"2023-07-14 01:00:00",19.94,4.73,2.6
"2023-07-14 02:00:00",10.55,3.82,2.3
"2023-07-14 03:00:00",15.83,4.13,2.46
"2023-07-14 04:00:00",3.34,4.31,2.54
"2023-07-14 05:00:00",7.14,4.4,2.72
"2023-07-14 06:00:00",12.62,5.96,3.62
"2023-07-14 07:00:00",25.38,7.24,4.39
"2023-07-14 08:00:00",18.88,4.49,2.83
"2023-07-14 09:00:00",16.69,4.49,2.42
"2023-07-14 10:00:00",17.11,4.46,2.67
"2023-07-14 11:00:00",19.46,7.31,4.44
"2023-07-14 12:00:00",15.85,9.56,5.8
"2023-07-14 13:00:00",21.8,10.03,6.08
"2023-07-14 14:00:00",23.27,8.48,5.5
"2023-07-14 15:00:00",26.68,10.11,6.39
"2023-07-14 16:00:00",30.22,7.23,4.75
"2023-07-14 17:00:00",31.61,5.31,3.41
"2023-07-14 18:00:00",24.67,6.66,4.45
"2023-07-14 19:00:00",41.65,7.87,5.02
"2023-07-14 20:00:00",33.88,6,4.06
"2023-07-14 21:00:00",13.81,3.1,1.38
"2023-07-14 22:00:00",11.96,2.39,0.98
"2023-07-14 23:00:00",11.86,2.38,0.96
"2023-07-15 00:00:00",14.71,2.86,1.09
"2023-07-15 01:00:00",8.92,2.71,1
"2023-07-15 02:00:00",8.59,2.66,0.95
"2023-07-15 03:00:00",7.34,2.14,0.86
"2023-07-15 04:00:00",6.62,2.11,1.1
"2023-07-15 05:00:00",5.98,2.46,1.3
"2023-07-15 06:00:00",11.86,2.58,1.27
"2023-07-15 07:00:00",14.66,2.35,1.22
"2023-07-15 08:00:00",11.8,2.62,1.18
"2023-07-15 09:00:00",12.03,2.08,1.05
"2023-07-15 10:00:00",16.06,2.46,1.15
"2023-07-15 11:00:00",22.63,1.48,0.81
"2023-07-15 12:00:00",15.3,1.65,0.84
"2023-07-15 13:00:00",18.32,2.88,1.26
"2023-07-15 14:00:00",24.05,2.56,1.53
"2023-07-15 15:00:00",27.24,2.43,1.51
"2023-07-15 16:00:00",18.05,2.42,1.57
"2023-07-15 17:00:00",24.09,3.02,1.85
"2023-07-15 18:00:00",27.44,3.42,2
"2023-07-15 19:00:00",21.86,3.73,2.36
"2023-07-15 20:00:00",21.37,4.37,2.73
"2023-07-15 21:00:00",22.43,5.24,2.84
"2023-07-15 22:00:00",14.44,3.84,2.2
"2023-07-15 23:00:00",11.61,2.5,1.23
"2023-07-16 00:00:00",15.01,3.76,1.97
"2023-07-16 01:00:00",9.95,6.28,3.69
"2023-07-16 02:00:00",6.64,8.64,4.91
"2023-07-16 03:00:00",3.86,8.68,4.92
"2023-07-16 04:00:00",5.45,6.74,3.75
"2023-07-16 05:00:00",4.27,6.69,3.52
"2023-07-16 06:00:00",2.49,4.67,2.63
"2023-07-16 07:00:00",5.24,4.24,2.36
"2023-07-16 08:00:00",9.83,4.86,2.67
"2023-07-16 09:00:00",14.34,5.06,2.8
"2023-07-16 10:00:00",16.8,7.75,3.93
"2023-07-16 11:00:00",14.26,6.85,3.85
"2023-07-16 12:00:00",17.71,6.73,3.8
"2023-07-16 13:00:00",18.21,6.72,3.57
"2023-07-16 14:00:00",20.18,7.61,3.86
"2023-07-16 15:00:00",19.16,6.23,3.18
"2023-07-16 16:00:00",20.14,6.98,3.37
"2023-07-16 17:00:00",30.28,5.19,2.7
"2023-07-16 18:00:00",22.62,3.94,2.37
"2023-07-16 19:00:00",35.99,5.18,2.64
"2023-07-16 20:00:00",43.38,6.56,3.3
"2023-07-16 21:00:00",30.49,4.05,2.15
"2023-07-16 22:00:00",37.4,3.41,2.01
"2023-07-16 23:00:00",26.37,3.32,2.14
"2023-07-17 00:00:00",19.18,3.75,2.38
"2023-07-17 01:00:00",19.08,5.02,3.36
"2023-07-17 02:00:00",13.3,6.24,3.98
"2023-07-17 03:00:00",8.78,7.02,4.37
"2023-07-17 04:00:00",6.94,6.85,4.05
"2023-07-17 05:00:00",9.18,5.64,3.53
"2023-07-17 06:00:00",19.36,5.75,2.86
"2023-07-17 07:00:00",40.46,5.95,2.84
"2023-07-17 08:00:00",37.31,6.56,3.03
"2023-07-17 09:00:00",38.41,6.62,3.55
"2023-07-17 10:00:00",25.79,6.64,3.28
"2023-07-17 11:00:00",27.02,6.08,3.36
"2023-07-17 12:00:00",34.09,5.04,2.74
"2023-07-17 13:00:00",33.45,5,2.36
"2023-07-17 14:00:00",39.9,5.43,2.49
"2023-07-17 15:00:00",34.86,5.83,2.53
"2023-07-17 16:00:00",32.21,5.47,2.35
"2023-07-17 17:00:00",32.57,6.49,2.78
"2023-07-17 18:00:00",39.08,7.18,3.34
"2023-07-17 19:00:00",40.24,6.56,3.22
"2023-07-17 20:00:00",26.48,6.11,3.74
"2023-07-17 21:00:00",20.52,6.96,4.6
"2023-07-17 22:00:00",18.84,9.36,5.72
"2023-07-17 23:00:00",12.23,11.01,6.29
"2023-07-18 00:00:00",14.07,8.36,5.9
"2023-07-18 01:00:00",13.6,7.02,4.41
"2023-07-18 02:00:00",6.66,4.63,2.69
"2023-07-18 03:00:00",11.22,4.39,2.63
"2023-07-18 04:00:00",12.01,4.74,2.81
"2023-07-18 05:00:00",8.41,4.76,2.8
"2023-07-18 06:00:00",20.94,4.03,2.56
"2023-07-18 07:00:00",51.84,4.88,3.27
"2023-07-18 08:00:00",22.83,3.75,2.1
"2023-07-18 09:00:00",31.03,4.32,2.49
"2023-07-18 10:00:00",30.95,4.27,2.41
"2023-07-18 11:00:00",28.39,3.7,1.84
"2023-07-18 12:00:00",24.43,3.66,1.89
"2023-07-18 13:00:00",16.47,4.41,1.94
"2023-07-18 14:00:00",11.38,3,1.54
"2023-07-18 15:00:00",21.69,3.64,1.54
"2023-07-18 16:00:00",37.19,5.66,3.39
"2023-07-18 17:00:00",60.2,8.09,4.8
"2023-07-18 18:00:00",48.74,6.03,3.44
"2023-07-18 19:00:00",59.95,6.84,4.28
"2023-07-18 20:00:00",49.83,5.56,3.41
"2023-07-18 21:00:00",45.82,5.31,3.2
"2023-07-18 22:00:00",54.46,6.9,4.33
"2023-07-18 23:00:00",52.1,6.6,4.25
"2023-07-19 00:00:00",37.44,6.03,4.63
"2023-07-19 01:00:00",34.31,8.35,5.57
"2023-07-19 02:00:00",14.71,10.12,7.32
"2023-07-19 03:00:00",27.01,11.72,9.21
"2023-07-19 04:00:00",23.31,12.54,9.84
"2023-07-19 05:00:00",12.25,8.98,5.36
"2023-07-19 06:00:00",17.47,9.67,4.6
"2023-07-19 07:00:00",39.23,10.57,5.21
"2023-07-19 08:00:00",40.54,9.14,5.21
"2023-07-19 09:00:00",35.81,10.19,5.46
"2023-07-19 10:00:00",33.89,7.97,4.45
"2023-07-19 11:00:00",34.07,6.59,3.92
"2023-07-19 12:00:00",37.85,6.81,3.79
"2023-07-19 13:00:00",47.1,7.21,3.82
"2023-07-19 14:00:00",45.5,5.67,3.66
"2023-07-19 15:00:00",47.24,6.44,3.52
"2023-07-19 16:00:00",44.15,7.9,3.52
"2023-07-19 17:00:00",46.26,6.4,3.27
"2023-07-19 18:00:00",37.47,4.91,2.85
"2023-07-19 19:00:00",41.29,5.38,3.29
"2023-07-19 20:00:00",28.19,5.13,3.43
"2023-07-19 21:00:00",40.21,4.12,2.51
"2023-07-19 22:00:00",57.43,4.79,2.97
"2023-07-19 23:00:00",54.89,5.6,3.36
"2023-07-20 00:00:00",43.41,6.97,4.08
"2023-07-20 01:00:00",43.56,6.59,3.9
"2023-07-20 02:00:00",29.21,5.91,3.43
"2023-07-20 03:00:00",33.59,6.78,3.76
"2023-07-20 04:00:00",23.68,7.12,3.79
"2023-07-20 05:00:00",15.17,6.55,3.75
"2023-07-20 06:00:00",24.25,7.69,4.43
"2023-07-20 07:00:00",35.72,8.33,5.34
"2023-07-20 08:00:00",40.38,11.31,6.91
"2023-07-20 09:00:00",31.65,11.44,6.89
"2023-07-20 10:00:00",32.4,11.93,8.42
"2023-07-20 11:00:00",39.58,9.82,7.17
"2023-07-20 12:00:00",34.22,10.78,7.18
"2023-07-20 13:00:00",26.01,10.74,7.82
"2023-07-20 14:00:00",49.54,12.93,8.59
"2023-07-20 15:00:00",50,14.29,9.24
"2023-07-20 16:00:00",47.25,15.91,11.4
"2023-07-20 17:00:00",43.03,15.18,10.46
"2023-07-20 18:00:00",39.69,10.04,6.38
"2023-07-20 19:00:00",42.46,5.3,2.76
"2023-07-20 20:00:00",33.15,4.63,1.81
"2023-07-20 21:00:00",37.31,3.46,1.7
"2023-07-20 22:00:00",46.53,4.91,2.15
"2023-07-20 23:00:00",35.57,4.81,2.68
"2023-07-21 00:00:00",35.25,5.15,2.81
"2023-07-21 01:00:00",30.36,6,3.33
"2023-07-21 02:00:00",17.63,6.26,3
"2023-07-21 03:00:00",12.6,5.54,2.89
"2023-07-21 04:00:00",12.27,6.06,3.36
"2023-07-21 05:00:00",19.01,6.87,3.37
"2023-07-21 06:00:00",25.39,6.33,3.27
"2023-07-21 07:00:00",37.2,7.28,3.7
"2023-07-21 08:00:00",37.52,7.96,4.01
"2023-07-21 09:00:00",30.15,8.03,3.85
"2023-07-21 10:00:00",25.01,6.87,3.01
"2023-07-21 11:00:00",30.19,6.11,2.65
"2023-07-21 12:00:00",38.31,5.71,2.62
"2023-07-21 13:00:00",35.55,5.77,2.73
"2023-07-21 14:00:00",36.83,8.03,3.5
"2023-07-21 15:00:00",40.55,7.43,3.14
"2023-07-21 16:00:00",36.95,7.02,3.2
"2023-07-21 17:00:00",42.36,5.82,3.15
"2023-07-21 18:00:00",39.22,4.24,2.99
"2023-07-21 19:00:00",37.65,4.28,2.86
"2023-07-21 20:00:00",34.79,5.43,3.45
"2023-07-21 21:00:00",29.46,6.34,4.55
"2023-07-21 22:00:00",27.5,7.86,5.19
"2023-07-21 23:00:00",24.48,9.44,7.1
"2023-07-22 00:00:00",23.25,7.74,5.9
"2023-07-22 01:00:00",12.77,6.07,4.94
"2023-07-22 02:00:00",8.14,5.76,4.82
"2023-07-22 03:00:00",8.19,4.19,3.42
"2023-07-22 04:00:00",9.25,2.45,1.77
"2023-07-22 05:00:00",4.98,2.54,1.51
"2023-07-22 06:00:00",12.41,4.04,2.7
"2023-07-22 07:00:00",23.01,3.55,2.01
"2023-07-22 08:00:00",32.57,3.6,2.42
"2023-07-22 09:00:00",24.45,2.71,1.81
"2023-07-22 10:00:00",26.78,3.42,1.73
"2023-07-22 11:00:00",35.41,3.2,1.59
"2023-07-22 12:00:00",31.97,4.54,1.88
"2023-07-22 13:00:00",23.27,3.32,1.65
"2023-07-22 14:00:00",26.38,4.81,2.67
"2023-07-22 15:00:00",20.68,5.12,3.21
"2023-07-22 16:00:00",19.1,4.22,2.35
"2023-07-22 17:00:00",23.77,6.88,3.48
"2023-07-22 18:00:00",37.25,14.76,7.33
"2023-07-22 19:00:00",34.35,6.45,4.51
"2023-07-22 20:00:00",30.13,4.06,2.72
"2023-07-22 21:00:00",30.99,4.37,2.98
"2023-07-22 22:00:00",35.03,5.09,3.43
"2023-07-22 23:00:00",31.48,5.85,3.77
"2023-07-23 00:00:00",25.51,4.61,3.18
"2023-07-23 01:00:00",14.24,2.11,0.96
"2023-07-23 02:00:00",12.11,2.56,1.15
"2023-07-23 03:00:00",7.28,2.94,1.24
"2023-07-23 04:00:00",8.71,3.19,1.18
"2023-07-23 05:00:00",6.15,2.57,0.88
"2023-07-23 06:00:00",5.97,2.4,0.77
"2023-07-23 07:00:00",7.04,2.39,0.71
"2023-07-23 08:00:00",12.83,2.16,0.72
"2023-07-23 09:00:00",14.08,1.71,0.72
"2023-07-23 10:00:00",31.56,1.52,0.78
"2023-07-23 11:00:00",27.77,2.07,1.11
"2023-07-23 12:00:00",41.72,1.99,1.23
"2023-07-23 13:00:00",29.77,1.58,1.24
"2023-07-23 14:00:00",38.65,2.36,1.61
"2023-07-23 15:00:00",43.04,4.37,2.8
"2023-07-23 16:00:00",28.47,6.12,3.37
"2023-07-23 17:00:00",49.25,5.62,3.39
"2023-07-23 18:00:00",32.42,5.86,3.64
"2023-07-23 19:00:00",37.12,5.51,3.81
"2023-07-23 20:00:00",52.52,6.33,4.08
"2023-07-23 21:00:00",27.32,5.93,3.67
"2023-07-23 22:00:00",26.94,6.32,3.86
"2023-07-23 23:00:00",29.66,9.54,5.38
"2023-07-24 00:00:00",22.83,9.02,5.2
"2023-07-24 01:00:00",22.77,9.31,5.4
"2023-07-24 02:00:00",36.95,10.4,5.75
"2023-07-24 03:00:00",39.68,9.76,5.79
"2023-07-24 04:00:00",19.09,10.25,5.97
"2023-07-24 05:00:00",22.99,8.86,5.13
"2023-07-24 06:00:00",42.25,9.46,5.29
"2023-07-24 07:00:00",54.95,10.27,5.96
"2023-07-24 08:00:00",45.68,10.86,5.76
"2023-07-24 09:00:00",40.95,10.29,5.27
"2023-07-24 10:00:00",50.22,7.33,3.8
"2023-07-24 11:00:00",42.54,6.18,3.32
"2023-07-24 12:00:00",42.88,7.39,3.69
"2023-07-24 13:00:00",41.49,7.62,3.71
"2023-07-24 14:00:00",43.87,8.18,3.86
"2023-07-24 15:00:00",44.57,8.14,4.41
"2023-07-24 16:00:00",43.18,9.54,4.61
"2023-07-24 17:00:00",42.84,9.04,4.56
"2023-07-24 18:00:00",47.85,9.9,5.56
"2023-07-24 19:00:00",46.37,8.63,5.03
"2023-07-24 20:00:00",39.78,7.57,4.48
"2023-07-24 21:00:00",28.29,8.08,5.05
"2023-07-24 22:00:00",34.78,6.54,4.02
"2023-07-24 23:00:00",34.45,4.96,2.9
"2023-07-25 00:00:00",31.74,4.96,2.87
"2023-07-25 01:00:00",25.57,5.05,2.84
"2023-07-25 02:00:00",17.41,5.78,3.02
"2023-07-25 03:00:00",20.57,5.12,3.13
"2023-07-25 04:00:00",20.5,6.18,3.88
"2023-07-25 05:00:00",17.41,6.39,3.93
"2023-07-25 06:00:00",25.59,7.31,4.13
"2023-07-25 07:00:00",55.55,9.47,4.92
"2023-07-25 08:00:00",38.22,9.51,5.3
"2023-07-25 09:00:00",40.28,8.87,4.41
"2023-07-25 10:00:00",30.47,7.54,3.99
"2023-07-25 11:00:00",35.91,6.66,3.51
"2023-07-25 12:00:00",38.99,6.39,3.91
"2023-07-25 13:00:00",24.18,8.16,5.57
"2023-07-25 14:00:00",35.53,9.86,6.58
"2023-07-25 15:00:00",48.91,9.77,6.55
"2023-07-25 16:00:00",49.57,9.98,6.82
"2023-07-25 17:00:00",55.78,10.76,7.57
"2023-07-25 18:00:00",41.35,9.43,6.76
"2023-07-25 19:00:00",52.29,7.94,5.25
"2023-07-25 20:00:00",48.55,7.19,4.52
"2023-07-25 21:00:00",47.25,7.98,4.82
"2023-07-25 22:00:00",57.36,8.53,5.41
"2023-07-25 23:00:00",34.22,11.18,6.17
"2023-07-26 00:00:00",23.58,12,7.5
"2023-07-26 01:00:00",16.39,10.9,7.77
"2023-07-26 02:00:00",13.25,10.2,7.08
"2023-07-26 03:00:00",12.06,8.92,6.28
"2023-07-26 04:00:00",27.73,8.13,5.63
"2023-07-26 05:00:00",16.61,7.21,4.96
"2023-07-26 06:00:00",42.27,9.2,5.82
"2023-07-26 07:00:00",53.47,11.8,6.77
"2023-07-26 08:00:00",48.58,12.58,6.68
"2023-07-26 09:00:00",29.07,9.08,4.95
"2023-07-26 10:00:00",18.46,6.07,3.45
"2023-07-26 11:00:00",14.6,4.72,2.9
"2023-07-26 12:00:00",16.55,4.69,2.33
"2023-07-26 13:00:00",17.47,3.85,1.5
"2023-07-26 14:00:00",15.89,2.48,1.21
"2023-07-26 15:00:00",25.22,4.05,2.16
"2023-07-26 16:00:00",29.94,6.26,3.21
"2023-07-26 17:00:00",21.18,4.04,2.4
"2023-07-26 18:00:00",17.23,1.61,0.94
"2023-07-26 19:00:00",22.16,2.09,1.14
"2023-07-26 20:00:00",22.45,3.13,1.55
"2023-07-26 21:00:00",20.47,2.39,1.16
"2023-07-26 22:00:00",15.38,3.88,1.72
"2023-07-26 23:00:00",10.44,7.26,2.16
"2023-07-27 00:00:00",11.47,3.01,1.3
"2023-07-27 01:00:00",10.22,2.58,1.09
"2023-07-27 02:00:00",3.7,2.71,0.84
"2023-07-27 03:00:00",5.66,2.34,0.77
"2023-07-27 04:00:00",2.93,1.99,0.59
"2023-07-27 05:00:00",4.65,2.05,0.57
"2023-07-27 06:00:00",13.19,2.79,0.78
"2023-07-27 07:00:00",17.73,2.93,0.96
"2023-07-27 08:00:00",23,2.61,1.08
"2023-07-27 09:00:00",31.63,2.79,1.13
"2023-07-27 10:00:00",25.84,3.43,1.3
"2023-07-27 11:00:00",22.59,5.73,1.91
"2023-07-27 12:00:00",30.71,4.38,1.85
"2023-07-27 13:00:00",25.55,3.99,1.88
"2023-07-27 14:00:00",22.69,4.87,1.97
"2023-07-27 15:00:00",27.1,4.19,1.96
"2023-07-27 16:00:00",28.8,4.83,2.12
"2023-07-27 17:00:00",37.56,5.51,2.7
"2023-07-27 18:00:00",37.14,5.8,2.84
"2023-07-27 19:00:00",29.55,5.74,3.1
"2023-07-27 20:00:00",23.47,4.19,2.39
"2023-07-27 21:00:00",30.05,4.12,2.31
"2023-07-27 22:00:00",29.52,4.6,2.73
"2023-07-27 23:00:00",23.41,6.13,3.94
"2023-07-28 00:00:00",16.3,4.62,3.19
"2023-07-28 01:00:00",10.29,3.81,2.15
"2023-07-28 02:00:00",6.86,3.22,1.68
"2023-07-28 03:00:00",10.44,3.53,1.78
"2023-07-28 04:00:00",13.67,4.35,2.28
"2023-07-28 05:00:00",14.62,5.09,2.67
"2023-07-28 06:00:00",26.19,6.52,4.14
"2023-07-28 07:00:00",22.27,6.3,3.65
"2023-07-28 08:00:00",18.53,5.68,2.77
"2023-07-28 09:00:00",20.61,5.28,2.59
"2023-07-28 10:00:00",16.37,7.08,2.51
"2023-07-28 11:00:00",12.98,4.28,1.86
"2023-07-28 12:00:00",10.35,5.23,1.7
"2023-07-28 13:00:00",16.19,4.12,1.38
"2023-07-28 14:00:00",17.32,4.65,1.74
"2023-07-28 15:00:00",17.66,5.51,2.46
"2023-07-28 16:00:00",24.09,6.03,2.57
"2023-07-28 17:00:00",32.43,7.36,3.07
"2023-07-28 18:00:00",21.34,6.3,2.93
"2023-07-28 19:00:00",16.77,7.02,3.51
"2023-07-28 20:00:00",16.23,9.52,4.24
"2023-07-28 21:00:00",19.81,9.51,4.8
"2023-07-28 22:00:00",14.79,9.05,4.41
"2023-07-28 23:00:00",12.26,8.35,4.38
"2023-07-29 00:00:00",12.22,7.48,4.11
"2023-07-29 01:00:00",11.84,4.54,2.62
"2023-07-29 02:00:00",9.2,5.02,2.95
"2023-07-29 03:00:00",11.38,7.19,3.61
"2023-07-29 04:00:00",9.16,7.91,4.57
"2023-07-29 05:00:00",6.97,9.38,4.86
"2023-07-29 06:00:00",8.14,10.03,5.15
"2023-07-29 07:00:00",21.92,11.17,5.52
"2023-07-29 08:00:00",15.7,12.38,5.79
"2023-07-29 09:00:00",15.61,12.19,5.4
"2023-07-29 10:00:00",12.13,10.96,4.92
"2023-07-29 11:00:00",16.29,10.22,4.86
"2023-07-29 12:00:00",17.6,11.54,4.5
"2023-07-29 13:00:00",15.42,6.28,2.83
"2023-07-29 14:00:00",23.23,6.6,3.39
"2023-07-29 15:00:00",21.63,6.7,3.9
"2023-07-29 16:00:00",21.44,7.71,3.45
"2023-07-29 17:00:00",20.85,10.13,4.85
"2023-07-29 18:00:00",27.65,10.08,4.69
"2023-07-29 19:00:00",29.42,10.08,4.87
"2023-07-29 20:00:00",27.51,11.55,5.72
"2023-07-29 21:00:00",16.36,8.1,4.19
"2023-07-29 22:00:00",21.44,6.81,3.34
"2023-07-29 23:00:00",15.91,6.72,3.29
"2023-07-30 00:00:00",15.87,5.57,3.03
"2023-07-30 01:00:00",11.51,5.71,3.46
"2023-07-30 02:00:00",6.35,6.13,3.49
"2023-07-30 03:00:00",4.85,7.53,4.27
"2023-07-30 04:00:00",4.87,5.76,3.66
"2023-07-30 05:00:00",4.36,5.66,3.34
"2023-07-30 06:00:00",4.61,5.72,3.17
"2023-07-30 07:00:00",4.66,4.68,2.46
"2023-07-30 08:00:00",10.42,4.04,2.01
"2023-07-30 09:00:00",9.48,4.51,2.13
"2023-07-30 10:00:00",13.64,4.13,2.02
"2023-07-30 11:00:00",13.45,3.7,1.98
"2023-07-30 12:00:00",18.71,6.79,3.53
"2023-07-30 13:00:00",19.43,5.22,3.01
"2023-07-30 14:00:00",19.78,3.33,2.32
"2023-07-30 15:00:00",19.55,2.91,1.65
"2023-07-30 16:00:00",18.22,1.84,1.32
"2023-07-30 17:00:00",23.36,3.22,2.4
"2023-07-30 18:00:00",10.77,3.43,2.46
"2023-07-30 19:00:00",19.61,2.92,1.86
"2023-07-30 20:00:00",17.2,1.91,1.21
"2023-07-30 21:00:00",14.15,2.29,1.4
"2023-07-30 22:00:00",14.71,2.21,1.23
"2023-07-30 23:00:00",13.8,3.26,1.36
"2023-07-31 00:00:00",12.12,4.12,2.02
"2023-07-31 01:00:00",6.87,4.26,2.64
"2023-07-31 02:00:00",4.61,3.2,1.82
"2023-07-31 03:00:00",9.04,2.7,1.52
"2023-07-31 04:00:00",5.7,2.13,1.36
"2023-07-31 05:00:00",5.57,1.75,0.97
"2023-07-31 06:00:00",14.85,2.14,1.01
"2023-07-31 07:00:00",24.01,2.75,1.38
"2023-07-31 08:00:00",37.45,5.39,2.98
"2023-07-31 09:00:00",29.37,7.47,4.82
"2023-07-31 10:00:00",33.26,5.47,3.31
"2023-07-31 11:00:00",28.49,7.25,4.55
"2023-07-31 12:00:00",29.31,7.13,4.42
"2023-07-31 13:00:00",27.8,6.8,4.05
"2023-07-31 14:00:00",28.98,4.78,3.2
"2023-07-31 15:00:00",30.76,8.41,3.92
"2023-07-31 16:00:00",28.35,6.52,3.67
"2023-07-31 17:00:00",30.34,6.78,4.08
"2023-07-31 18:00:00",28.1,5.14,3.67
"2023-07-31 19:00:00",25.44,5.11,3.58
"2023-07-31 20:00:00",18.03,5.48,3.4
"2023-07-31 21:00:00",16.3,7.67,4.47
"2023-07-31 22:00:00",15.05,8.33,4.76
"2023-07-31 23:00:00",13.93,8.59,4.91
"2023-08-01 00:00:00",11.84,8.1,4.92
"2023-08-01 01:00:00",11.26,10.26,6.48
"2023-08-01 02:00:00",4.4,10.98,7.41
"2023-08-01 03:00:00",3.16,9.21,5.25
"2023-08-01 04:00:00",4.86,8.76,4.88
"2023-08-01 05:00:00",9.84,8.2,4.54
"2023-08-01 06:00:00",18.89,8.16,4
"2023-08-01 07:00:00",35.87,8.69,4.54
"2023-08-01 08:00:00",33.32,9.56,4.44
"2023-08-01 09:00:00",34.83,11.92,4.88
"2023-08-01 10:00:00",30.89,7.47,4.15
"2023-08-01 11:00:00",30.75,7.67,3.45
"2023-08-01 12:00:00",44.38,5.71,2.73
"2023-08-01 13:00:00",34.57,5.49,2.17
"2023-08-01 14:00:00",26.83,4.13,1.86
"2023-08-01 15:00:00",41.48,6.83,2.72
"2023-08-01 16:00:00",25,5.66,1.94
"2023-08-01 17:00:00",28.06,5.56,1.82
"2023-08-01 18:00:00",14.53,2.84,1.26
"2023-08-01 19:00:00",11.46,3.77,1.71
"2023-08-01 20:00:00",8.16,4.52,2.41
"2023-08-01 21:00:00",7.97,4.75,2.56
"2023-08-01 22:00:00",11.78,7.1,4.01
"2023-08-01 23:00:00",7.76,6.44,4.17
"2023-08-02 00:00:00",8.69,4.18,3.03
"2023-08-02 01:00:00",13.71,4.13,2.99
"2023-08-02 02:00:00",8.68,3.19,2.3
"2023-08-02 03:00:00",8.95,2.3,1.59
"2023-08-02 04:00:00",13.12,2.56,1.62
"2023-08-02 05:00:00",8.19,3.87,2.21
"2023-08-02 06:00:00",14.02,2.71,1.66
"2023-08-02 07:00:00",32.98,3.02,2.06
"2023-08-02 08:00:00",41.41,4.4,2.38
"2023-08-02 09:00:00",48.02,3.38,1.95
"2023-08-02 10:00:00",43.21,3.21,2.07
"2023-08-02 11:00:00",41.44,4.13,2.65
"2023-08-02 12:00:00",30.49,4.45,2.8
"2023-08-02 13:00:00",34.92,5.51,3.64
"2023-08-02 14:00:00",46.26,4.61,3.31
"2023-08-02 15:00:00",34.7,4.8,3.35
"2023-08-02 16:00:00",56.7,6.15,4.3
"2023-08-02 17:00:00",62.84,6.3,3.79
"2023-08-02 18:00:00",47.56,6.66,4.04
"2023-08-02 19:00:00",41.42,7.61,4.49
"2023-08-02 20:00:00",37.96,7.9,4.48
"2023-08-02 21:00:00",39.49,6.77,3.67
"2023-08-02 22:00:00",37.38,7.25,3.9
"2023-08-02 23:00:00",31.58,7.07,3.49
"2023-08-03 00:00:00",31.6,6.58,3.6
"2023-08-03 01:00:00",20.73,7.03,3.86
"2023-08-03 02:00:00",7.34,7.47,4.25
"2023-08-03 03:00:00",9.87,7.93,4.74
"2023-08-03 04:00:00",12.56,8.4,5.02
"2023-08-03 05:00:00",10.11,8.72,4.94
"2023-08-03 06:00:00",16.39,9.69,4.89
"2023-08-03 07:00:00",33.92,9.4,4.92
"2023-08-03 08:00:00",45.12,7.1,3.85
"2023-08-03 09:00:00",58.84,6.82,3.75
"2023-08-03 10:00:00",46.44,5.42,2.95
"2023-08-03 11:00:00",40.99,4.52,2.22
"2023-08-03 12:00:00",40.31,5.06,1.94
"2023-08-03 13:00:00",36.06,5.03,2.41
"2023-08-03 14:00:00",47.15,6.23,2.93
"2023-08-03 15:00:00",42.09,5.68,2.78
"2023-08-03 16:00:00",42.61,6.27,3.27
"2023-08-03 17:00:00",35.14,5.87,2.93
"2023-08-03 18:00:00",32.71,5.4,2.88
"2023-08-03 19:00:00",29.48,4.86,2.38
"2023-08-03 20:00:00",26.25,3.42,2.02
"2023-08-03 21:00:00",28.88,4.1,2.19
"2023-08-03 22:00:00",21.61,3.66,1.8
"2023-08-03 23:00:00",27.43,3.55,1.89
"2023-08-04 00:00:00",28.78,5.78,3.07
"2023-08-04 01:00:00",17.63,7.78,3.92
"2023-08-04 02:00:00",12.39,7.75,4.25
"2023-08-04 03:00:00",15.59,10.61,5.75
"2023-08-04 04:00:00",13.15,11.17,6.68
"2023-08-04 05:00:00",10.93,12.09,7.29
"2023-08-04 06:00:00",25.84,12.23,7.61
"2023-08-04 07:00:00",37.33,13.99,9.27
"2023-08-04 08:00:00",40.37,19.75,12.08
"2023-08-04 09:00:00",37.42,19.17,13.55
"2023-08-04 10:00:00",27.81,19.52,14.51
"2023-08-04 11:00:00",29.42,17.65,12.61
"2023-08-04 12:00:00",32.8,14.17,9.5
"2023-08-04 13:00:00",40.9,11.95,8.39
"2023-08-04 14:00:00",46.75,13.11,8.7
"2023-08-04 15:00:00",49.11,13.01,8.09
"2023-08-04 16:00:00",40.85,12.43,7.39
"2023-08-04 17:00:00",42.84,12.46,6.83
"2023-08-04 18:00:00",52.92,10.98,7.01
"2023-08-04 19:00:00",41.52,10.72,6.38
"2023-08-04 20:00:00",42.37,10.57,6.7
"2023-08-04 21:00:00",33.13,10.97,7.01
"2023-08-04 22:00:00",18.03,11,7.94
"2023-08-04 23:00:00",16.3,11.14,8.53
"2023-08-05 00:00:00",8.32,8.61,6.71
"2023-08-05 01:00:00",4.73,6.21,4.78
"2023-08-05 02:00:00",3.42,4.96,3.86
"2023-08-05 03:00:00",4.46,4.02,2.98
"2023-08-05 04:00:00",10.21,2.7,2.05
"2023-08-05 05:00:00",9.77,2.68,1.67
"2023-08-05 06:00:00",11.25,3.8,2.45
"2023-08-05 07:00:00",15.48,7.18,4.66
"2023-08-05 08:00:00",9.05,8.07,5.94
"2023-08-05 09:00:00",16.17,6.45,4.65
"2023-08-05 10:00:00",39.35,12.45,7.59
"2023-08-05 11:00:00",39.04,9.18,5.53
"2023-08-05 12:00:00",28.89,4.22,3.29
"2023-08-05 13:00:00",31.78,3.58,2.56
"2023-08-05 14:00:00",34.44,3.5,2.25
"2023-08-05 15:00:00",32.62,3.56,2.08
"2023-08-05 16:00:00",30.5,3.33,1.86
"2023-08-05 17:00:00",35.91,2.36,1.48
"2023-08-05 18:00:00",36.93,2.28,1.31
"2023-08-05 19:00:00",37,2.8,1.35
"2023-08-05 20:00:00",38.61,3.99,1.79
"2023-08-05 21:00:00",36.04,3.97,2.05
"2023-08-05 22:00:00",40.17,3.42,1.79
"2023-08-05 23:00:00",37.96,3.22,1.78
"2023-08-06 00:00:00",38.84,4.82,2.42
"2023-08-06 01:00:00",29.01,5.72,3.2
"2023-08-06 02:00:00",18.1,5.82,3.6
"2023-08-06 03:00:00",18.52,6.3,3.55
"2023-08-06 04:00:00",17.87,7.22,3.85
"2023-08-06 05:00:00",11.36,5.89,3.49
"2023-08-06 06:00:00",8.15,5.41,3.41
"2023-08-06 07:00:00",11.73,6.01,3.98
"2023-08-06 08:00:00",19.13,5.95,3.56
"2023-08-06 09:00:00",23.26,6.76,3.98
"2023-08-06 10:00:00",17.48,6.24,4.07
"2023-08-06 11:00:00",18.16,6.22,4.03
"2023-08-06 12:00:00",22.76,4.77,3.15
"2023-08-06 13:00:00",20.31,3.58,2.25
"2023-08-06 14:00:00",30.18,3.31,1.91
"2023-08-06 15:00:00",30.98,3.37,1.94
"2023-08-06 16:00:00",22.08,4.46,2.43
"2023-08-06 17:00:00",26.49,5.63,2.87
"2023-08-06 18:00:00",26.96,4.28,2.46
"2023-08-06 19:00:00",51.86,3.82,2.8
"2023-08-06 20:00:00",54.3,5.82,3.85
"2023-08-06 21:00:00",63.88,6.36,3.92
"2023-08-06 22:00:00",49.7,6.6,3.75
"2023-08-06 23:00:00",41.34,5.95,3.38
"2023-08-07 00:00:00",38.48,7.21,3.55
"2023-08-07 01:00:00",33.56,8.28,4.18
"2023-08-07 02:00:00",19.36,6.58,3.67
"2023-08-07 03:00:00",23.28,6.72,3.42
"2023-08-07 04:00:00",23.48,6.73,3.74
"2023-08-07 05:00:00",14.24,7.1,3.73
"2023-08-07 06:00:00",16.21,6.91,3.46
"2023-08-07 07:00:00",27.63,5.59,2.85
"2023-08-07 08:00:00",32.02,5.74,2.87
"2023-08-07 09:00:00",29.01,6.96,2.7
"2023-08-07 10:00:00",21.95,3.97,1.95
"2023-08-07 11:00:00",19.73,3.67,1.81
"2023-08-07 12:00:00",19.23,3.13,1.47
"2023-08-07 13:00:00",24.57,3.05,1.62
"2023-08-07 14:00:00",25.27,3.22,1.78
"2023-08-07 15:00:00",38.75,3.48,2.1
"2023-08-07 16:00:00",34.43,4.45,2.44
"2023-08-07 17:00:00",27.06,4.72,2.66
"2023-08-07 18:00:00",29.04,4.26,2.49
"2023-08-07 19:00:00",36.98,4.46,2.64
"2023-08-07 20:00:00",31.43,4.2,2.45
"2023-08-07 21:00:00",25.88,4.4,2.53
"2023-08-07 22:00:00",24.33,5.06,3.19
"2023-08-07 23:00:00",31.01,6.65,4.09
"2023-08-08 00:00:00",39.32,7.46,4.52
"2023-08-08 01:00:00",20.84,7.99,5.37
"2023-08-08 02:00:00",17.02,9.18,6.71
"2023-08-08 03:00:00",21.25,6.63,4.44
"2023-08-08 04:00:00",35.73,6.03,4.08
"2023-08-08 05:00:00",23.44,5.8,4.01
"2023-08-08 06:00:00",31.28,7.42,4.8
"2023-08-08 07:00:00",54.9,9.43,5.84
"2023-08-08 08:00:00",55.92,9.05,5.87
"2023-08-08 09:00:00",46.68,9.96,4.79
"2023-08-08 10:00:00",27.92,6.88,3.66
"2023-08-08 11:00:00",34.43,6.93,4
"2023-08-08 12:00:00",25.67,6.5,3.66
"2023-08-08 13:00:00",30.72,7.42,4.18
"2023-08-08 14:00:00",30.63,8.14,5.15
"2023-08-08 15:00:00",27.97,9.24,5.65
"2023-08-08 16:00:00",31.27,10.54,5.55
"2023-08-08 17:00:00",35.65,11.22,6.04
"2023-08-08 18:00:00",35.65,8.5,5.36
"2023-08-08 19:00:00",45.95,8.98,5.73
"2023-08-08 20:00:00",32.19,8.35,5.6
"2023-08-08 21:00:00",23.52,6.58,3.77
"2023-08-08 22:00:00",32,7,4.38
"2023-08-08 23:00:00",58.21,10.23,5.6
"2023-08-09 00:00:00",47.5,10.4,6.03
"2023-08-09 01:00:00",43.46,9.86,5.94
"2023-08-09 02:00:00",35.25,9.4,5.51
"2023-08-09 03:00:00",33.75,10.91,5.95
"2023-08-09 04:00:00",32.91,9.55,5.55
"2023-08-09 05:00:00",27.23,7.77,4.64
"2023-08-09 06:00:00",35.17,8.14,4.91
"2023-08-09 07:00:00",52.87,8.63,4.84
"2023-08-09 08:00:00",40.34,11.28,5.78
"2023-08-09 09:00:00",36.08,12.39,5.77
"2023-08-09 10:00:00",35.52,10.28,4.7
"2023-08-09 11:00:00",27.7,5.94,2.61
"2023-08-09 12:00:00",35.91,6.65,2.68
"2023-08-09 13:00:00",29.93,6.08,2.49
"2023-08-09 14:00:00",29.84,7.13,2.87
"2023-08-09 15:00:00",36.71,6.62,2.78
"2023-08-09 16:00:00",37.42,10.13,4.36
"2023-08-09 17:00:00",32.5,10.2,4.67
"2023-08-09 18:00:00",21.32,6.21,3.52
"2023-08-09 19:00:00",37.89,9.52,5.26
"2023-08-09 20:00:00",48.21,15.64,8.73
"2023-08-09 21:00:00",46.14,14.49,8.1
"2023-08-09 22:00:00",47.43,11.54,7.2
"2023-08-09 23:00:00",43.51,10.49,6.77
"2023-08-10 00:00:00",39.17,10.53,6.38
"2023-08-10 01:00:00",35.13,9.32,5.83
"2023-08-10 02:00:00",25.23,8.04,4.55
"2023-08-10 03:00:00",19.11,5.58,3.42
"2023-08-10 04:00:00",20.3,6.02,3.66
"2023-08-10 05:00:00",8.56,3.93,1.72
"2023-08-10 06:00:00",8.4,1.85,1.01
"2023-08-10 07:00:00",17.87,2.44,1.4
"2023-08-10 08:00:00",23.07,4.38,2.31
"2023-08-10 09:00:00",30.53,8.72,4.35
"2023-08-10 10:00:00",27.59,10.46,5.82
"2023-08-10 11:00:00",11.76,9.11,4.42
"2023-08-10 12:00:00",7.75,7.48,3.18
"2023-08-10 13:00:00",8.94,7.54,2.76
"2023-08-10 14:00:00",9.28,8.48,5.2
"2023-08-10 15:00:00",7.47,11.91,7.1
"2023-08-10 16:00:00",10.21,14.84,8.95
"2023-08-10 17:00:00",9.58,12.51,7.79
"2023-08-10 18:00:00",17.48,8.52,5.72
"2023-08-10 19:00:00",18.42,7.17,4.96
"2023-08-10 20:00:00",10.77,6.29,3.97
"2023-08-10 21:00:00",13.14,7.17,5.33
"2023-08-10 22:00:00",39.17,9.73,7.04
"2023-08-10 23:00:00",11.2,3.99,2.91
"2023-08-11 00:00:00",14.67,3.69,1.55
"2023-08-11 01:00:00",5.87,2.41,1.01
"2023-08-11 02:00:00",4.21,3.7,2.04
"2023-08-11 03:00:00",16.27,7.65,4.48
"2023-08-11 04:00:00",12.41,9.06,5.11
"2023-08-11 05:00:00",14.33,9.43,5.58
"2023-08-11 06:00:00",17.16,11.38,6.3
"2023-08-11 07:00:00",30.51,9.47,5.59
"2023-08-11 08:00:00",19.23,10.01,4.89
"2023-08-11 09:00:00",16.72,11.34,5.07
"2023-08-11 10:00:00",16.93,14.11,6.93
"2023-08-11 11:00:00",17.94,12.57,6.82
"2023-08-11 12:00:00",19.64,19.51,9.06
"2023-08-11 13:00:00",16.73,14.83,7.78
"2023-08-11 14:00:00",14.81,18.17,8.88
"2023-08-11 15:00:00",15.77,19.94,9.47
"2023-08-11 16:00:00",18.55,20.62,8.86
"2023-08-11 17:00:00",19.5,19.57,10.03
"2023-08-11 18:00:00",18.08,19.07,10.28
"2023-08-11 19:00:00",18.34,17.44,9.75
"2023-08-11 20:00:00",14.96,16.67,9.15
"2023-08-11 21:00:00",13.45,15.48,9
"2023-08-11 22:00:00",12.57,13.46,8.26
"2023-08-11 23:00:00",11.4,12.75,7.83
"2023-08-12 00:00:00",8.53,12.76,7.93
"2023-08-12 01:00:00",8.79,11.26,6.72
"2023-08-12 02:00:00",6.5,10.42,6.3
"2023-08-12 03:00:00",6.39,9.12,5.68
"2023-08-12 04:00:00",5.56,6.2,3.72
"2023-08-12 05:00:00",5.25,4.21,2.78
"2023-08-12 06:00:00",6.6,4.5,2.74
"2023-08-12 07:00:00",12.08,4.05,2.56
"2023-08-12 08:00:00",12.21,4.64,2.5
"2023-08-12 09:00:00",14.52,4.15,2.38
"2023-08-12 10:00:00",13.75,3.27,1.66
"2023-08-12 11:00:00",18.26,2.53,1.31
"2023-08-12 12:00:00",17.45,4.43,1.9
"2023-08-12 13:00:00",22.62,5.62,2.57
"2023-08-12 14:00:00",16.83,5.74,2.12
"2023-08-12 15:00:00",12.58,4.04,1.87
"2023-08-12 16:00:00",15.1,3.93,1.91
"2023-08-12 17:00:00",18.82,4.35,1.92
"2023-08-12 18:00:00",17.94,4.2,2.04
"2023-08-12 19:00:00",18.35,5.1,2.8
"2023-08-12 20:00:00",20.93,5.85,3.41
"2023-08-12 21:00:00",22.11,6.42,3.61
"2023-08-12 22:00:00",20.54,5.92,3.52
"2023-08-12 23:00:00",21.58,5.06,3.15
"2023-08-13 00:00:00",22.1,4,2.36
"2023-08-13 01:00:00",22.48,4.99,2.82
"2023-08-13 02:00:00",7.7,4.83,2.74
"2023-08-13 03:00:00",6.16,4.42,2.62
"2023-08-13 04:00:00",6.39,3.62,2.19
"2023-08-13 05:00:00",4.74,2.69,1.64
"2023-08-13 06:00:00",4.4,3.37,1.94
"2023-08-13 07:00:00",4.44,5.31,2.97
"2023-08-13 08:00:00",9.09,5.31,2.59
"2023-08-13 09:00:00",15.23,5.47,2.61
"2023-08-13 10:00:00",8.81,5.21,2.21
"2023-08-13 11:00:00",13.33,5.33,2.42
"2023-08-13 12:00:00",13.89,4.83,2.61
"2023-08-13 13:00:00",17.57,4.6,2.29
"2023-08-13 14:00:00",12.68,3.59,1.94
"2023-08-13 15:00:00",13.23,4.56,1.8
"2023-08-13 16:00:00",16.72,4.07,1.73
"2023-08-13 17:00:00",17.12,3.53,1.7
"2023-08-13 18:00:00",19.63,3.09,1.66
"2023-08-13 19:00:00",25.85,3.78,2
"2023-08-13 20:00:00",24.33,5.15,2.73
"2023-08-13 21:00:00",25.24,6.18,3.72
"2023-08-13 22:00:00",22.2,8.47,4.85
"2023-08-13 23:00:00",24.25,8.43,5.15
"2023-08-14 00:00:00",16.32,7.65,4.89
"2023-08-14 01:00:00",9.61,6.93,4.51
"2023-08-14 02:00:00",43.41,6.47,4.39
"2023-08-14 03:00:00",34.58,6.77,4.51
"2023-08-14 04:00:00",17.12,7.01,4.62
"2023-08-14 05:00:00",19.01,7.12,4.6
"2023-08-14 06:00:00",37.33,7.69,4.87
"2023-08-14 07:00:00",48.37,9.6,5.95
"2023-08-14 08:00:00",44.58,12.09,6.43
"2023-08-14 09:00:00",45.4,8.06,4.79
"2023-08-14 10:00:00",44.94,8.48,4.55
"2023-08-14 11:00:00",34.73,8.12,4.09
"2023-08-14 12:00:00",29.46,7.36,3.95
"2023-08-14 13:00:00",37.28,7.59,3.69
"2023-08-14 14:00:00",41.52,6.95,3.68
"2023-08-14 15:00:00",38.72,5.92,2.76
"2023-08-14 16:00:00",37.02,6.57,2.41
"2023-08-14 17:00:00",51.98,5.61,2.37
"2023-08-14 18:00:00",42.43,5.83,2.51
"2023-08-14 19:00:00",39.02,7.39,2.51
"2023-08-14 20:00:00",27.61,5.23,2.14
"2023-08-14 21:00:00",28.3,4.86,2.02
"2023-08-14 22:00:00",31.98,4.72,2.61
"2023-08-14 23:00:00",25.32,5.96,3.55
"2023-08-15 00:00:00",17.93,4.61,2.66
"2023-08-15 01:00:00",15.37,4.7,2.88
"2023-08-15 02:00:00",17.52,24.4,7.88
"2023-08-15 03:00:00",17.12,8.36,3.69
"2023-08-15 04:00:00",11.39,5.63,3.03
"2023-08-15 05:00:00",11.57,6.94,3.5
"2023-08-15 06:00:00",13.14,5.32,3.15
"2023-08-15 07:00:00",46.15,6.44,3.45
"2023-08-15 08:00:00",36.06,7.56,3.36
"2023-08-15 09:00:00",45.54,5.13,2.79
"2023-08-15 10:00:00",33.12,8.3,4.96
"2023-08-15 11:00:00",35.12,6.99,4.26
"2023-08-15 12:00:00",34.63,5.86,3.13
"2023-08-15 13:00:00",35.02,4.83,2.43
"2023-08-15 14:00:00",33.79,6.06,3.01
"2023-08-15 15:00:00",40.05,6.15,2.94
"2023-08-15 16:00:00",40.9,6.11,3.13
"2023-08-15 17:00:00",50.74,6.13,3.38
"2023-08-15 18:00:00",51.5,6.05,3.28
"2023-08-15 19:00:00",51.99,5.64,3.07
"2023-08-15 20:00:00",45.61,6.07,2.8
"2023-08-15 21:00:00",47.7,6.67,3.54
"2023-08-15 22:00:00",30.75,5.82,3.42
"2023-08-15 23:00:00",43.18,5.83,2.88
"2023-08-16 00:00:00",50.57,6.31,3.45
"2023-08-16 01:00:00",41.45,5.77,3.16
"2023-08-16 02:00:00",38.49,18.52,6.39
"2023-08-16 03:00:00",37.37,84.26,20.15
"2023-08-16 04:00:00",31.99,8.63,5.1
"2023-08-16 05:00:00",28.54,8.22,4.85
"2023-08-16 06:00:00",43.77,8.59,4.87
"2023-08-16 07:00:00",53.19,10.34,6.24
"2023-08-16 08:00:00",65.92,11.81,7
"2023-08-16 09:00:00",42.47,10.17,5.66
"2023-08-16 10:00:00",35.92,9.76,4.7
"2023-08-16 11:00:00",35.01,6.35,3.47
"2023-08-16 12:00:00",35.98,7.61,3.47
"2023-08-16 13:00:00",36.01,8.42,3.92
"2023-08-16 14:00:00",37.28,7.66,4.33
"2023-08-16 15:00:00",34.72,8.38,5
"2023-08-16 16:00:00",24.07,7.13,4.49
"2023-08-16 17:00:00",25.87,6.51,4.44
"2023-08-16 18:00:00",19.87,5.9,3.97
"2023-08-16 19:00:00",24.43,5.5,3.93
"2023-08-16 20:00:00",28.15,5.76,3.85
"2023-08-16 21:00:00",16.9,4.18,2.85
"2023-08-16 22:00:00",22.47,5.11,3.51
"2023-08-16 23:00:00",18.13,4.74,3.42
"2023-08-17 00:00:00",17.97,4.74,3.45
"2023-08-17 01:00:00",22.13,4.94,3.62
"2023-08-17 02:00:00",18.56,4.35,3.18
"2023-08-17 03:00:00",21.56,4.72,3.31
"2023-08-17 04:00:00",28.9,8.01,4.12
"2023-08-17 05:00:00",27.04,6.03,3.41
"2023-08-17 06:00:00",28.11,4.88,3.06
"2023-08-17 07:00:00",42.93,5.47,3.63
"2023-08-17 08:00:00",38.05,6.69,3.72
"2023-08-17 09:00:00",30.4,6.05,3.32
"2023-08-17 10:00:00",29.39,8.33,3.76
"2023-08-17 11:00:00",27.04,9.14,4.39
"2023-08-17 12:00:00",20.29,11.08,5.51
"2023-08-17 13:00:00",18.8,11.24,5.92
"2023-08-17 14:00:00",13.7,13.37,7.67
"2023-08-17 15:00:00",14.11,15.46,9.08
"2023-08-17 16:00:00",17.07,14.94,9.39
"2023-08-17 17:00:00",18.01,15.01,9.48
"2023-08-17 18:00:00",18.94,14.47,9.76
"2023-08-17 19:00:00",16.1,15.18,10.41
"2023-08-17 20:00:00",15.02,14.24,10
"2023-08-17 21:00:00",15.08,14.64,9.86
"2023-08-17 22:00:00",16.12,14.4,10.23
"2023-08-17 23:00:00",11.59,11.93,8.49
"2023-08-18 00:00:00",10.72,11.25,7.35
"2023-08-18 01:00:00",9.93,12.29,6.57
"2023-08-18 02:00:00",9.95,12.64,6.73
"2023-08-18 03:00:00",9.45,14.07,6.97
"2023-08-18 04:00:00",14.32,13.92,7.38
"2023-08-18 05:00:00",14.8,14.03,7.43
"2023-08-18 06:00:00",19.89,13.33,7.1
"2023-08-18 07:00:00",59.73,18.25,9.53
"2023-08-18 08:00:00",50.56,13.44,8.3
"2023-08-18 09:00:00",36.06,10.91,7.23
"2023-08-18 10:00:00",54.35,14.19,8.74
"2023-08-18 11:00:00",36.26,10.1,7.46
"2023-08-18 12:00:00",20.37,15.41,10.54
"2023-08-18 13:00:00",21.17,15.83,10.54
"2023-08-18 14:00:00",17.97,13.14,9.05
"2023-08-18 15:00:00",18.59,12.27,8.43
"2023-08-18 16:00:00",20.53,11.13,7.62
"2023-08-18 17:00:00",36.67,10.9,7.5
"2023-08-18 18:00:00",27.04,10.29,7.05
"2023-08-18 19:00:00",21.19,11.98,8.62
"2023-08-18 20:00:00",21.67,9.75,7.59
"2023-08-18 21:00:00",19.06,7.62,6.23
"2023-08-18 22:00:00",11.83,6.34,5.15
"2023-08-18 23:00:00",10.43,6.2,4.88
"2023-08-19 00:00:00",6.93,8.3,6.11
"2023-08-19 01:00:00",5.36,15.27,9.01
"2023-08-19 02:00:00",6.18,18.99,12.08
"2023-08-19 03:00:00",4.92,9.88,7.03
"2023-08-19 04:00:00",3.25,2.75,1.63
"2023-08-19 05:00:00",2.08,1.71,0.68
"2023-08-19 06:00:00",3.65,1.17,0.43
"2023-08-19 07:00:00",5.58,1.04,0.44
"2023-08-19 08:00:00",6.54,1.41,0.64
"2023-08-19 09:00:00",8.98,3.78,1.78
"2023-08-19 10:00:00",11.61,4.96,2.22
"2023-08-19 11:00:00",10.48,3.79,1.73
"2023-08-19 12:00:00",12.56,3.95,1.69
"2023-08-19 13:00:00",11.78,4.54,1.96
"2023-08-19 14:00:00",15.68,4.8,2.34
"2023-08-19 15:00:00",13.41,6.99,2.96
"2023-08-19 16:00:00",17.15,6.31,3.46
"2023-08-19 17:00:00",20.42,6.58,3.61
"2023-08-19 18:00:00",14.39,5.67,3.05
"2023-08-19 19:00:00",13.81,5.57,3.43
"2023-08-19 20:00:00",11.16,8.47,5.34
"2023-08-19 21:00:00",12.46,9.05,5.68
"2023-08-19 22:00:00",11.28,7.54,4.83
"2023-08-19 23:00:00",12.95,7.48,4.65
"2023-08-20 00:00:00",15.86,7.18,4.53
"2023-08-20 01:00:00",16.35,7.95,4.87
"2023-08-20 02:00:00",17.48,8.22,4.82
"2023-08-20 03:00:00",9.74,7.23,4.28
"2023-08-20 04:00:00",7.57,6.54,3.8
"2023-08-20 05:00:00",4.86,6.03,3.49
"2023-08-20 06:00:00",3.01,5.59,3.32
"2023-08-20 07:00:00",3.09,6.61,3.61
"2023-08-20 08:00:00",5.18,6.1,3.68
"2023-08-20 09:00:00",7.6,7.03,4.09
"2023-08-20 10:00:00",8.74,7.11,4.41
"2023-08-20 11:00:00",10.13,8.84,5.2
"2023-08-20 12:00:00",17.39,9.56,5.7
"2023-08-20 13:00:00",13.55,8.91,5.41
"2023-08-20 14:00:00",17.71,9.8,5.77
"2023-08-20 15:00:00",15.69,9.18,5.3
"2023-08-20 16:00:00",9.07,8.72,4.86
"2023-08-20 17:00:00",10.45,8.39,4.74
"2023-08-20 18:00:00",12.57,8.92,5.04
"2023-08-20 19:00:00",11.27,8.99,5.23
"2023-08-20 20:00:00",10.1,8.53,5.1
"2023-08-20 21:00:00",8.05,8.35,5
"2023-08-20 22:00:00",6.61,7.53,4.39
"2023-08-20 23:00:00",5.11,6.59,3.98
"2023-08-21 00:00:00",5.07,6.7,3.9
"2023-08-21 01:00:00",6.01,6.32,3.85
"2023-08-21 02:00:00",4.58,5.41,3.47
"2023-08-21 03:00:00",1.92,4.61,2.84
"2023-08-21 04:00:00",2.25,3.6,2.37
"2023-08-21 05:00:00",3.88,2.73,1.74
"2023-08-21 06:00:00",8.1,2.05,1.29
"2023-08-21 07:00:00",20.9,3.65,1.95
"2023-08-21 08:00:00",17.36,5.3,2.54
"2023-08-21 09:00:00",18.37,8.71,5.73
"2023-08-21 10:00:00",17.61,7.75,3.67
"2023-08-21 11:00:00",22.6,8.32,3.77
"2023-08-21 12:00:00",21.68,9.11,3.59
"2023-08-21 13:00:00",17.64,9.22,3.94
"2023-08-21 14:00:00",15.56,10.49,4.49
"2023-08-21 15:00:00",23.99,11.58,4.87
"2023-08-21 16:00:00",15.47,11.08,4.96
"2023-08-21 17:00:00",13.35,10.67,5.08
"2023-08-21 18:00:00",14.46,10.25,5.52
"2023-08-21 19:00:00",12.72,10.7,4.98
"2023-08-21 20:00:00",14.24,9.23,4.27
"2023-08-21 21:00:00",15.13,6.8,3.71
"2023-08-21 22:00:00",14.46,5.34,3.3
"2023-08-21 23:00:00",12.24,6.54,3.59
"2023-08-22 00:00:00",12.64,8.81,4.14
"2023-08-22 01:00:00",7.12,6.83,3.41
"2023-08-22 02:00:00",4.62,4.48,3.04
"2023-08-22 03:00:00",6.69,4.77,2.94
"2023-08-22 04:00:00",5.76,4.41,2.68
"2023-08-22 05:00:00",4.97,4.08,2.54
"2023-08-22 06:00:00",10.06,4.79,2.56
"2023-08-22 07:00:00",39.49,4.61,2.34
"2023-08-22 08:00:00",29.85,4.53,2.11
"2023-08-22 09:00:00",34.68,5.15,2.16
"2023-08-22 10:00:00",32.65,5.71,2.33
"2023-08-22 11:00:00",26.33,5.75,2.06
"2023-08-22 12:00:00",26.16,5.84,2
"2023-08-22 13:00:00",29.59,3.59,1.64
"2023-08-22 14:00:00",30.18,5.79,2.34
"2023-08-22 15:00:00",33.5,9.96,4.57
"2023-08-22 16:00:00",24.89,9.33,4.61
"2023-08-22 17:00:00",26.77,10.73,4.91
"2023-08-22 18:00:00",36.7,10.44,5.14
"2023-08-22 19:00:00",47.2,9.98,5.46
"2023-08-22 20:00:00",34.08,9.51,5.31
"2023-08-22 21:00:00",30.06,9.61,4.83
"2023-08-22 22:00:00",36.29,9.84,5.4
"2023-08-22 23:00:00",41.35,10.3,6.32
"2023-08-23 00:00:00",46.32,9.77,5.94
"2023-08-23 01:00:00",21.05,8.47,5.07
"2023-08-23 02:00:00",14.19,8.63,4.95
"2023-08-23 03:00:00",15.59,8.35,4.82
"2023-08-23 04:00:00",8.66,7.4,4.61
"2023-08-23 05:00:00",19.74,7.27,4.46
"2023-08-23 06:00:00",41.89,8.66,5.43
"2023-08-23 07:00:00",69.26,10.28,6.32
"2023-08-23 08:00:00",73.36,13.66,7.27
"2023-08-23 09:00:00",51.67,17,6.64
"2023-08-23 10:00:00",23.22,11.55,4.44
"2023-08-23 11:00:00",13,7.13,3.64
"2023-08-23 12:00:00",19.07,7.62,3.8
"2023-08-23 13:00:00",32.26,6.83,3.03
"2023-08-23 14:00:00",25.68,3.28,1.25
"2023-08-23 15:00:00",39.32,3.37,1.23
"2023-08-23 16:00:00",54.88,4.36,1.78
"2023-08-23 17:00:00",55.34,2.53,1.56
"2023-08-23 18:00:00",52.3,2.89,1.8
"2023-08-23 19:00:00",42.36,4,2.42
"2023-08-23 20:00:00",43.94,4.28,2.72
"2023-08-23 21:00:00",50.7,4.62,3.12
"2023-08-23 22:00:00",37.83,7.23,3.99
"2023-08-23 23:00:00",36.06,5.47,3.18
"2023-08-24 00:00:00",23.52,5.65,3.38
"2023-08-24 01:00:00",24.06,7.55,4.19
"2023-08-24 02:00:00",12.19,7.79,4.36
"2023-08-24 03:00:00",7.36,8.06,4.66
"2023-08-24 04:00:00",9.88,6.07,3.71
"2023-08-24 05:00:00",7.5,5.86,3.55
"2023-08-24 06:00:00",19.59,6.27,3.66
"2023-08-24 07:00:00",41.22,7.46,4.4
"2023-08-24 08:00:00",46.89,8.49,4.56
"2023-08-24 09:00:00",38.96,9.82,5.44
"2023-08-24 10:00:00",48.12,8.44,4.64
"2023-08-24 11:00:00",28.46,7.28,3.38
"2023-08-24 12:00:00",32.12,7.25,3.05
"2023-08-24 13:00:00",43.67,7.08,2.97
"2023-08-24 14:00:00",46.22,5.43,2.39
"2023-08-24 15:00:00",40.03,6.83,2.39
"2023-08-24 16:00:00",48.51,6.37,2.43
"2023-08-24 17:00:00",68.44,6.15,2.59
"2023-08-24 18:00:00",49.56,7.98,2.71
"2023-08-24 19:00:00",46.49,7.23,2.77
"2023-08-24 20:00:00",36.98,7.34,3.09
"2023-08-24 21:00:00",30.48,7.45,2.99
"2023-08-24 22:00:00",30.18,5.93,2.69
"2023-08-24 23:00:00",28.76,6.82,3.24
"2023-08-25 00:00:00",23.67,6.29,3.07
"2023-08-25 01:00:00",12.91,5.43,2.69
"2023-08-25 02:00:00",9.05,5.05,2.91
"2023-08-25 03:00:00",8.74,5.44,3.01
"2023-08-25 04:00:00",9.53,5.56,3.4
"2023-08-25 05:00:00",5.94,6.13,3.81
"2023-08-25 06:00:00",15.72,7.21,4.36
"2023-08-25 07:00:00",48.34,6.92,4.01
"2023-08-25 08:00:00",45.91,8.11,3.7
"2023-08-25 09:00:00",40.82,7.64,3.39
"2023-08-25 10:00:00",28.33,8.43,3.37
"2023-08-25 11:00:00",30.61,6.36,3.02
"2023-08-25 12:00:00",34.79,6.91,3.22
"2023-08-25 13:00:00",40.69,6.54,3.25
"2023-08-25 14:00:00",42.43,6.83,3.19
"2023-08-25 15:00:00",42.56,6.26,3.11
"2023-08-25 16:00:00",43.79,4.29,2.35
"2023-08-25 17:00:00",40.33,4.78,2.32
"2023-08-25 18:00:00",44.76,5.68,2.27
"2023-08-25 19:00:00",45.49,5.58,3.04
"2023-08-25 20:00:00",45.85,5.31,3.06
"2023-08-25 21:00:00",56.71,7.53,3.65
"2023-08-25 22:00:00",51.7,6.42,3.66
"2023-08-25 23:00:00",41.31,3.87,2.44
"2023-08-26 00:00:00",31.59,3.74,2.21
"2023-08-26 01:00:00",22.38,4.92,2.73
"2023-08-26 02:00:00",15.35,5.66,3.26
"2023-08-26 03:00:00",13,6.31,3.58
"2023-08-26 04:00:00",10.4,7.69,4.5
"2023-08-26 05:00:00",5.37,5.77,3.62
"2023-08-26 06:00:00",9.87,4.82,2.65
"2023-08-26 07:00:00",22.71,5.15,2.96
"2023-08-26 08:00:00",19.44,5.18,2.6
"2023-08-26 09:00:00",29.44,5.91,2.84
"2023-08-26 10:00:00",33.12,6.24,3.52
"2023-08-26 11:00:00",37.84,4.64,2.74
"2023-08-26 12:00:00",34.44,3.92,2.38
"2023-08-26 13:00:00",31.52,5.52,2.87
"2023-08-26 14:00:00",31.38,3.89,2.01
"2023-08-26 15:00:00",32.68,4.58,2.11
"2023-08-26 16:00:00",42.01,4.31,2.02
"2023-08-26 17:00:00",49.89,4.53,2.27
"2023-08-26 18:00:00",48.78,7.08,3.33
"2023-08-26 19:00:00",49.42,6.62,4.14
"2023-08-26 20:00:00",32.87,3.46,2.35
"2023-08-26 21:00:00",28.79,3.94,2.34
"2023-08-26 22:00:00",33.84,4.15,2.63
"2023-08-26 23:00:00",30.42,4.26,2.4
"2023-08-27 00:00:00",23.72,6.33,3.36
"2023-08-27 01:00:00",27.31,3.85,2.02
"2023-08-27 02:00:00",10.2,2.84,1.23
"2023-08-27 03:00:00",11.14,3.3,1.47
"2023-08-27 04:00:00",13.05,3.96,1.99
"2023-08-27 05:00:00",5.16,5.49,2.65
"2023-08-27 06:00:00",3.1,4.3,2.04
"2023-08-27 07:00:00",8.45,3.56,1.78
"2023-08-27 08:00:00",12.14,5.57,2.38
"2023-08-27 09:00:00",28.9,5.09,2.7
"2023-08-27 10:00:00",23.38,3.03,2.13
"2023-08-27 11:00:00",25.75,3.17,2.57
"2023-08-27 12:00:00",27.27,3.48,2.3
"2023-08-27 13:00:00",22.81,2.47,1.47
"2023-08-27 14:00:00",25.24,1.49,0.94
"2023-08-27 15:00:00",18.74,1.89,0.95
"2023-08-27 16:00:00",29.51,2.91,1.58
"2023-08-27 17:00:00",33.36,3.8,2.07
"2023-08-27 18:00:00",31.73,3.53,1.85
"2023-08-27 19:00:00",45.76,4.84,2.71
"2023-08-27 20:00:00",22.11,6.89,3.75
"2023-08-27 21:00:00",23.9,9.34,5.03
"2023-08-27 22:00:00",22.02,6.94,3.95
"2023-08-27 23:00:00",6.83,9.13,4.96
"2023-08-28 00:00:00",29.45,11.22,6.03
"2023-08-28 01:00:00",30.02,11.1,6.7
"2023-08-28 02:00:00",14.19,11.16,6.4
"2023-08-28 03:00:00",9.26,9.78,5.84
"2023-08-28 04:00:00",5.13,8.63,5.19
"2023-08-28 05:00:00",9.09,8.04,4.6
"2023-08-28 06:00:00",24.48,6.6,3.8
"2023-08-28 07:00:00",41.71,5.95,3.21
"2023-08-28 08:00:00",40.07,6.19,3.08
"2023-08-28 09:00:00",34.84,7.42,4.41
"2023-08-28 10:00:00",42,5.67,3.38
"2023-08-28 11:00:00",43.52,3.53,2.29
"2023-08-28 12:00:00",40.8,2.85,1.68
"2023-08-28 13:00:00",35.96,3.86,2.17
"2023-08-28 14:00:00",36.48,4.63,2.15
"2023-08-28 15:00:00",37.7,4.48,2.03
"2023-08-28 16:00:00",36.64,4.67,2.13
"2023-08-28 17:00:00",42.63,4.76,2.17
"2023-08-28 18:00:00",44.63,5.5,2.7
"2023-08-28 19:00:00",63.27,6.11,3.13
"2023-08-28 20:00:00",31.8,5.93,3.43
"2023-08-28 21:00:00",29.64,5.45,3.79
"2023-08-28 22:00:00",42.5,7.19,5.18
"2023-08-28 23:00:00",29.05,8.38,5.64
"2023-08-29 00:00:00",37.09,9.97,6.38
"2023-08-29 01:00:00",25.51,9.72,6.93
"2023-08-29 02:00:00",19.9,9.23,6.57
"2023-08-29 03:00:00",24.26,9.35,6.69
"2023-08-29 04:00:00",13.95,8.77,6.68
"2023-08-29 05:00:00",14.87,9.52,7
"2023-08-29 06:00:00",31.08,8.83,6.28
"2023-08-29 07:00:00",43.87,9.71,6.7
"2023-08-29 08:00:00",41.02,10.36,7.41
"2023-08-29 09:00:00",44.21,10.37,6.65
"2023-08-29 10:00:00",38.73,8.84,5.79
"2023-08-29 11:00:00",40.82,8.78,5.61
"2023-08-29 12:00:00",35.92,10.58,5.45
"2023-08-29 13:00:00",32.24,13,6.51
"2023-08-29 14:00:00",39.2,14.71,7.48
"2023-08-29 15:00:00",31.55,15.24,7.71
"2023-08-29 16:00:00",50.64,13.32,7.15
"2023-08-29 17:00:00",44.11,13.59,6.79
"2023-08-29 18:00:00",40.5,10.39,5.55
"2023-08-29 19:00:00",38.81,9.18,4.76
"2023-08-29 20:00:00",35.28,7.24,3.71
"2023-08-29 21:00:00",25.85,7.45,3.98
"2023-08-29 22:00:00",28.51,8.9,4.57
"2023-08-29 23:00:00",23.8,8.89,4.54
"2023-08-30 00:00:00",17.13,7.5,4.28
"2023-08-30 01:00:00",8.77,6.84,3.75
"2023-08-30 02:00:00",8.74,4.86,2.96
"2023-08-30 03:00:00",4.4,4.82,2.74
"2023-08-30 04:00:00",6.72,4.71,2.59
"2023-08-30 05:00:00",9.65,5.03,2.73
"2023-08-30 06:00:00",23.91,5.47,2.87
"2023-08-30 07:00:00",42.95,6.21,3.17
"2023-08-30 08:00:00",47.82,7.75,3.79
"2023-08-30 09:00:00",50,8.04,3.99
"2023-08-30 10:00:00",41.87,7.08,3.48
"2023-08-30 11:00:00",49.62,6.55,3.63
"2023-08-30 12:00:00",41.38,7.9,4.11
"2023-08-30 13:00:00",71.13,8.1,3.97
"2023-08-30 14:00:00",64.35,7.4,3.84
"2023-08-30 15:00:00",138.65,6.95,3.97
"2023-08-30 16:00:00",209.09,7.2,4.18
"2023-08-30 17:00:00",105.15,8.92,4.46
"2023-08-30 18:00:00",337.84,8.46,4.21
"2023-08-30 19:00:00",270.37,8.41,4.09
"2023-08-30 20:00:00",318.03,9.73,4.74
"2023-08-30 21:00:00",339.38,7.74,3.99
"2023-08-30 22:00:00",309.42,8.65,4.84
"2023-08-30 23:00:00",176.82,9.05,5.28
"2023-08-31 00:00:00",115.93,8.22,4.21
"2023-08-31 01:00:00",117.96,8.65,3.74
"2023-08-31 02:00:00",43.26,4.76,2.68
"2023-08-31 03:00:00",124.48,3.49,2.19
"2023-08-31 04:00:00",102.03,3.81,2.18
"2023-08-31 05:00:00",142.65,3.57,2.22
"2023-08-31 06:00:00",90.24,3.86,2.37
"2023-08-31 07:00:00",66.84,4.03,2.43
"2023-08-31 08:00:00",96.79,5.31,2.03
"2023-08-31 09:00:00",141.03,4.6,1.46
"2023-08-31 10:00:00",125.31,4.05,1.53
"2023-08-31 11:00:00",76.73,4.83,1.37
"2023-08-31 12:00:00",82.29,4.72,1.97
"2023-08-31 13:00:00",71.88,4.92,1.75
"2023-08-31 14:00:00",63.73,3.86,1.37
"2023-08-31 15:00:00",74.11,3.79,1.46
"2023-08-31 16:00:00",114.85,4.14,1.91
"2023-08-31 17:00:00",119.18,4.13,2.37
"2023-08-31 18:00:00",134.99,3.04,2.07
"2023-08-31 19:00:00",141.69,3.81,2.15
"2023-08-31 20:00:00",134.64,3.79,2.48
"2023-08-31 21:00:00",258.12,5.57,4.17
"2023-08-31 22:00:00",204.21,4.51,3.46
"2023-08-31 23:00:00",137.05,4.89,4.04
"2023-09-01 00:00:00",255.72,6.3,5.14
"2023-09-01 01:00:00",242.48,8.23,6.98
"2023-09-01 02:00:00",161.41,8.53,7.21
"2023-09-01 03:00:00",126.37,9.91,8.22
"2023-09-01 04:00:00",98.41,13.34,11.17
"2023-09-01 05:00:00",112.99,12.03,10.06
"2023-09-01 06:00:00",149.2,12.42,9.5
"2023-09-01 07:00:00",245.3,11.31,8.39
"2023-09-01 08:00:00",271.36,10.41,7.3
"2023-09-01 09:00:00",268.55,8.37,5.3
"2023-09-01 10:00:00",237.12,8.63,5.17
"2023-09-01 11:00:00",185.27,7.38,4.48
"2023-09-01 12:00:00",155.86,4.82,2.95
"2023-09-01 13:00:00",240.19,4.12,2.38
"2023-09-01 14:00:00",229.44,6.18,3.27
"2023-09-01 15:00:00",155.22,5,3.22
"2023-09-01 15:01:00",
"2023-09-01 16:00:00",,3.4,2.35
"2023-09-01 16:01:00",
"2023-09-01 17:00:00",,4.4,3.03
"2023-09-01 18:00:00",,5.24,3.89
"2023-09-01 19:00:00",,5.65,4.32
"2023-09-01 20:00:00",,8.1,6.8
"2023-09-01 21:00:00",,8.06,6.94
"2023-09-01 22:00:00",,7.09,5.49
"2023-09-01 23:00:00",,7.08,5.29
"2023-09-02 00:00:00",,7.15,5.79
"2023-09-02 01:00:00",,10.33,8.8
"2023-09-02 02:00:00",,16.13,14.13
"2023-09-02 03:00:00",,17.51,15.52
"2023-09-02 04:00:00",,16.02,14.36
"2023-09-02 05:00:00",,14.81,13.09
"2023-09-02 06:00:00",,11.66,10.54
"2023-09-02 07:00:00",,14.77,12.69
"2023-09-02 08:00:00",,16.67,14.26
"2023-09-02 09:00:00",,13.08,11.82
"2023-09-02 10:00:00",,14.47,12.26
"2023-09-02 11:00:00",,11.7,9.89
"2023-09-02 12:00:00",,11.01,9.24
"2023-09-02 13:00:00",,12.21,9.94
"2023-09-02 14:00:00",,12.56,10.22
"2023-09-02 15:00:00",,17.09,13.67
"2023-09-02 16:00:00",,16.96,13.66
"2023-09-02 17:00:00",,17,13.6
"2023-09-02 18:00:00",,17.1,13.97
"2023-09-02 19:00:00",,17.59,14.48
"2023-09-02 20:00:00",,18.42,16.12
"2023-09-02 21:00:00",,16.82,14.9
"2023-09-02 22:00:00",,16.99,15.43
"2023-09-02 23:00:00",,17.73,15.31
"2023-09-03 00:00:00",,18.78,16.56
"2023-09-03 01:00:00",,14.9,11.94
"2023-09-03 02:00:00",,10.96,8.61
"2023-09-03 03:00:00",,7.98,5.87
"2023-09-03 04:00:00",,6.94,4.81
"2023-09-03 05:00:00",,6.74,4.65
"2023-09-03 06:00:00",,7.09,4.78
"2023-09-03 07:00:00",,6.83,4.48
"2023-09-03 08:00:00",,10,7.8
"2023-09-03 09:00:00",,8.7,5.48
"2023-09-03 10:00:00",,6.19,4.19
"2023-09-03 11:00:00",,6.82,4.17
"2023-09-03 12:00:00",,6.7,4.1
"2023-09-03 13:00:00",,5.41,3.33
"2023-09-03 14:00:00",,4.14,2.48
"2023-09-03 15:00:00",,4.43,2.8
"2023-09-03 16:00:00",,4.67,2.46
"2023-09-03 17:00:00",,4.32,2.44
"2023-09-03 18:00:00",,5.32,2.99
"2023-09-03 19:00:00",,4.5,2.98
"2023-09-03 20:00:00",,6.46,4.36
"2023-09-03 21:00:00",,8.26,5.61
"2023-09-03 22:00:00",,13.64,9.96
"2023-09-03 23:00:00",,7.96,5.83
"2023-09-04 00:00:00",,8.97,6.45
"2023-09-04 01:00:00",,8.78,6.3
"2023-09-04 02:00:00",,8.43,6.02
"2023-09-04 03:00:00",,7.83,6.11
"2023-09-04 04:00:00",,7.31,5.97
"2023-09-04 05:00:00",,6.94,5.28
"2023-09-04 06:00:00",,8.2,5.64
"2023-09-04 07:00:00",,10.94,7.68
"2023-09-04 08:00:00",,12.67,8.54
"2023-09-04 09:00:00",,18.41,10.76
"2023-09-04 10:00:00",,23.49,9.33
"2023-09-04 11:00:00",,13.26,5.77
"2023-09-04 12:00:00",,11.46,5.5
"2023-09-04 13:00:00",,10.89,6.03
"2023-09-04 14:00:00",,13.02,6.55
"2023-09-04 15:00:00",,15.16,7.96
"2023-09-04 16:00:00",,16.32,8.73
"2023-09-04 17:00:00",,12.86,8.27
"2023-09-04 18:00:00",,12.21,8.76
"2023-09-04 19:00:00",,12.74,8.95
"2023-09-04 20:00:00",,11.07,8.09
"2023-09-04 21:00:00",,10.8,8.21
"2023-09-04 22:00:00",,12.35,10.11
"2023-09-04 23:00:00",,16.12,13.3
"2023-09-05 00:00:00",,16.67,13.75
"2023-09-05 01:00:00",,19.11,14.29
"2023-09-05 02:00:00",,14.2,11.95
"2023-09-05 03:00:00",,14.51,11.54
"2023-09-05 04:00:00",,11.67,9.5
"2023-09-05 05:00:00",,8.88,6.89
"2023-09-05 06:00:00",,10.62,7.76
"2023-09-05 07:00:00",,13.01,8.98
"2023-09-05 08:00:00",,16.68,11.16
"2023-09-05 09:00:00",,24.04,14.35
"2023-09-05 10:00:00",,24.73,15.96
"2023-09-05 11:00:00",,22.12,15.77
"2023-09-05 12:00:00",,21.52,13.69
"2023-09-05 13:00:00",,19.96,12.86
"2023-09-05 14:00:00",,21.78,14.89
"2023-09-05 15:00:00",,20.43,14.17
"2023-09-05 16:00:00",,22.65,15.71
"2023-09-05 17:00:00",,26.1,17.56
"2023-09-05 18:00:00",,22.83,15.34
"2023-09-05 19:00:00",,22.97,14.97
"2023-09-05 20:00:00",,20.69,13.76
"2023-09-05 21:00:00",,20.63,14.16
"2023-09-05 22:00:00",,22.61,15.4
"2023-09-05 23:00:00",,21.03,14.82
"2023-09-06 00:00:00",,20.99,15.04
"2023-09-06 01:00:00",,17.73,13.15
"2023-09-06 02:00:00",,17.24,12.72
"2023-09-06 03:00:00",,16.3,12.34
"2023-09-06 04:00:00",,16.05,12.21
"2023-09-06 05:00:00",,15.44,12.04
"2023-09-06 06:00:00",,21.92,16.87
"2023-09-06 07:00:00",,18.99,14.47
"2023-09-06 08:00:00",,22.17,15.72
"2023-09-06 09:00:00",,47.98,22.42
"2023-09-06 10:00:00",,36.45,23.36
"2023-09-06 11:00:00",,23.07,12.04
"2023-09-06 12:00:00",3.44,9.63,3.75
"2023-09-06 13:00:00",8.91,13.29,5.44
"2023-09-06 14:00:00",3.2,15.7,8.27
"2023-09-06 15:00:00",5.64,11.08,5.03
"2023-09-06 16:00:00",7.52,9.11,4.11
"2023-09-06 17:00:00",6.64,10.5,5.05
"2023-09-06 18:00:00",4.73,11.4,5.88
"2023-09-06 19:00:00",3.09,9.07,5.19
"2023-09-06 20:00:00",1.9,9.96,5.22
"2023-09-06 21:00:00",1.61,8.87,4.79
"2023-09-06 22:00:00",2.29,9.66,5.41
"2023-09-06 23:00:00",5.8,11.56,6.6
"2023-09-07 00:00:00",6.63,10.23,5.82
"2023-09-07 01:00:00",1.03,6.92,3.96
"2023-09-07 02:00:00",0.9,4.88,3.08
"2023-09-07 03:00:00",1.26,6.95,3.99
"2023-09-07 04:00:00",2.18,9.26,5.71
"2023-09-07 05:00:00",2.14,11.77,6.77
"2023-09-07 06:00:00",2.48,12.77,7.68
"2023-09-07 07:00:00",12.27,19.88,12.23
"2023-09-07 08:00:00",7.48,27.83,16.45
"2023-09-07 09:00:00",7.51,33.5,17.71
"2023-09-07 10:00:00",6.11,37.55,18.46
"2023-09-07 11:00:00",5.76,36.52,17.37
"2023-09-07 12:00:00",3.97,38.42,17.58
"2023-09-07 13:00:00",6.35,38.35,18.31
"2023-09-07 14:00:00",6.88,41.93,19.89
"2023-09-07 15:00:00",5.41,42.32,20.33
"2023-09-07 16:00:00",3.3,41.55,19.39
"2023-09-07 17:00:00",11.12,45.64,22.79
"2023-09-07 18:00:00",6.51,40.45,20.82
"2023-09-07 19:00:00",7.71,40.95,21.27
"2023-09-07 20:00:00",5.96,35.82,19.85
"2023-09-07 21:00:00",5.17,36.13,22.02
"2023-09-07 22:00:00",4.2,36.67,24.68
"2023-09-07 23:00:00",5.11,38.65,28.24
"2023-09-08 00:00:00",4.87,42.77,33.62
"2023-09-08 01:00:00",2.79,44.09,37.31
"2023-09-08 02:00:00",3.57,41.62,34.64
"2023-09-08 03:00:00",5.69,36.72,32.06
"2023-09-08 04:00:00",3.91,37.14,32.6
"2023-09-08 05:00:00",4.98,34.28,29.71
"2023-09-08 06:00:00",4.7,33.9,29.02
"2023-09-08 07:00:00",18.66,34.59,29.16
"2023-09-08 08:00:00",5.62,38.53,30.77
"2023-09-08 09:00:00",6.59,42.86,33.82
"2023-09-08 10:00:00",5.78,46.88,35.38
"2023-09-08 11:00:00",4.14,48.96,33.55
"2023-09-08 12:00:00",4.08,52.37,33.29
"2023-09-08 13:00:00",5.68,49.43,31.54
"2023-09-08 14:00:00",4.97,50.08,32.74
"2023-09-08 15:00:00",2.97,45.99,30.73
"2023-09-08 16:00:00",3.8,44.38,25.28
"2023-09-08 17:00:00",4.64,40.6,24.65
"2023-09-08 18:00:00",8.09,47.48,31.8
"2023-09-08 19:00:00",6.68,50.18,34.01
"2023-09-08 20:00:00",9.06,42.96,29.85
"2023-09-08 21:00:00",6.47,37.28,24.42
"2023-09-08 22:00:00",6.42,39.31,27.15
"2023-09-08 23:00:00",7.61,34.08,24.05
"2023-09-09 00:00:00",7.73,29.1,19.07
"2023-09-09 01:00:00",5.85,24.45,14.96
"2023-09-09 02:00:00",3.26,17.28,10.28
"2023-09-09 03:00:00",3.02,16.5,9.94
"2023-09-09 04:00:00",3.09,16.72,9.77
"2023-09-09 05:00:00",3.73,17.71,10.32
"2023-09-09 06:00:00",4.55,16.11,10.23
"2023-09-09 07:00:00",6.04,17.07,10.61
"2023-09-09 08:00:00",5.43,17.39,10.92
"2023-09-09 09:00:00",5.35,17.49,10.44
"2023-09-09 10:00:00",5.85,19.88,10.38
"2023-09-09 11:00:00",4.7,16.48,9.38
"2023-09-09 12:00:00",4.61,15.87,8.54
"2023-09-09 13:00:00",3.57,11.33,7.09
"2023-09-09 14:00:00",1.73,11.9,7.39
"2023-09-09 15:00:00",2.45,19.2,11.35
"2023-09-09 16:00:00",4.43,19.22,11.84
"2023-09-09 17:00:00",4.65,18.25,11.62
"2023-09-09 18:00:00",1.97,16.5,10.75
"2023-09-09 19:00:00",4.92,17.94,11.32
"2023-09-09 20:00:00",4.98,21.53,12.85
"2023-09-09 21:00:00",5.79,20.61,14.31
"2023-09-09 22:00:00",5.52,24.14,17.14
"2023-09-09 23:00:00",6.87,21.6,15.69
"2023-09-10 00:00:00",6.56,20.25,15.03
"2023-09-10 01:00:00",5.66,16.14,11.97
"2023-09-10 02:00:00",5.09,13.14,10.09
"2023-09-10 03:00:00",2.88,12.36,9.15
"2023-09-10 04:00:00",2.31,13.19,9.48
"2023-09-10 05:00:00",2.04,13.13,9.91
"2023-09-10 06:00:00",1.54,16.37,13.8
"2023-09-10 07:00:00",1.39,18.6,16.44
"2023-09-10 08:00:00",5.3,17.39,15.58
"2023-09-10 09:00:00",3.08,18.84,16.45
"2023-09-10 10:00:00",3.1,20.2,17.05
"2023-09-10 11:00:00",3.38,19.39,14.82
"2023-09-10 12:00:00",8.67,23.71,17.26
"2023-09-10 13:00:00",12.84,24.49,17.86
"2023-09-10 14:00:00",6.04,21.95,16
"2023-09-10 15:00:00",5.87,28.14,16.85
"2023-09-10 16:00:00",6.22,31.43,19.96
"2023-09-10 17:00:00",6.29,24.69,18.25
"2023-09-10 18:00:00",8.58,28.82,21
"2023-09-10 19:00:00",9.77,28.52,20.51
"2023-09-10 20:00:00",8.23,17.25,11.5
"2023-09-10 21:00:00",5.39,9.27,6.24
"2023-09-10 22:00:00",7.2,10,6.75
"2023-09-10 23:00:00",11.65,10.84,7.52
"2023-09-11 00:00:00",9.63,14.06,9.26
"2023-09-11 01:00:00",3.6,15.52,10.5
"2023-09-11 02:00:00",2.12,12.82,8.57
"2023-09-11 03:00:00",1.17,11.49,6.82
"2023-09-11 04:00:00",1.02,6.75,3.81
"2023-09-11 05:00:00",5.97,4.88,2.4
"2023-09-11 06:00:00",18.24,3.59,1.91
"2023-09-11 07:00:00",39.16,5.3,2.92
"2023-09-11 08:00:00",55.54,6.77,4.1
"2023-09-11 09:00:00",61.9,6.7,4.01
"2023-09-11 10:00:00",51.59,18.67,5.66
"2023-09-11 11:00:00",58.14,13.44,6.77
"2023-09-11 12:00:00",39.18,12.77,6.22
"2023-09-11 13:00:00",46.92,12.07,5.25
"2023-09-11 14:00:00",34.86,9.54,4.67
"2023-09-11 15:00:00",39.04,7.04,3.81
"2023-09-11 16:00:00",47.03,6.29,4.28
"2023-09-11 17:00:00",55.61,4.32,2.73
"2023-09-11 18:00:00",48.62,4.04,2.96
"2023-09-11 19:00:00",47.18,4.22,2.9
"2023-09-11 20:00:00",48.64,3.94,2.7
"2023-09-11 21:00:00",34.78,2.91,2
"2023-09-11 22:00:00",35.81,2.85,1.8
"2023-09-11 23:00:00",37.07,3.12,2.13
"2023-09-12 00:00:00",49.01,4.05,2.24
"2023-09-12 01:00:00",38.17,6.51,3.28
"2023-09-12 02:00:00",25.68,4.91,2.6
"2023-09-12 03:00:00",22.85,6.61,2.66
"2023-09-12 04:00:00",14.32,4.75,2.37
"2023-09-12 05:00:00",23.66,3.33,1.91
"2023-09-12 06:00:00",30.18,5.92,2.72
"2023-09-12 07:00:00",53.75,9.53,4.19
"2023-09-12 08:00:00",56.04,9.22,4.1
"2023-09-12 09:00:00",58.23,10.78,4.06
"2023-09-12 10:00:00",53.65,13.64,4.75
"2023-09-12 11:00:00",38.99,10.52,3.75
"2023-09-12 12:00:00",33.1,9.1,3.39
"2023-09-12 13:00:00",30.94,10.05,3.39
"2023-09-12 14:00:00",29.14,8.51,3.26
"2023-09-12 15:00:00",36.91,9.61,3.63
"2023-09-12 16:00:00",49.05,10.93,4.01
"2023-09-12 17:00:00",57.13,9.76,4.21
"2023-09-12 18:00:00",65.9,10.31,5.03
"2023-09-12 19:00:00",65.82,10.03,5.03
"2023-09-12 20:00:00",63.1,10.95,5.43
"2023-09-12 21:00:00",63.91,15.28,7.32
"2023-09-12 22:00:00",57.02,13.18,6.21
"2023-09-12 23:00:00",53.1,11.66,5.73
"2023-09-13 00:00:00",41.65,12.15,6.48
"2023-09-13 01:00:00",37.18,12.61,7.21
"2023-09-13 02:00:00",32.93,13.54,7.41
"2023-09-13 03:00:00",27.69,13.39,7.21
"2023-09-13 04:00:00",24.45,10.69,6.44
"2023-09-13 05:00:00",29.2,9.77,6.11
"2023-09-13 06:00:00",35.57,10.51,6.41
"2023-09-13 07:00:00",49.95,12.87,7.12
"2023-09-13 08:00:00",50.06,15.77,8.43
"2023-09-13 09:00:00",47.8,15.55,8.04
"2023-09-13 10:00:00",41.19,17.42,8.19
"2023-09-13 11:00:00",44.88,17.35,7.49
"2023-09-13 12:00:00",30.11,13.76,6.19
"2023-09-13 13:00:00",23.64,13.17,5.83
"2023-09-13 14:00:00",45.49,13.74,5.84
"2023-09-13 15:00:00",34.37,12.56,5.8
"2023-09-13 16:00:00",24.67,9.43,5.24
"2023-09-13 17:00:00",25.14,10.41,5.41
"2023-09-13 18:00:00",27.56,8.53,4.68
"2023-09-13 19:00:00",23.91,5.42,3.84
"2023-09-13 20:00:00",23.93,4.99,3.28
"2023-09-13 21:00:00",17.17,4.09,2.37
"2023-09-13 22:00:00",16.22,6.88,3.19
"2023-09-13 23:00:00",22.52,4.18,2.59
"2023-09-14 00:00:00",22.81,3.85,2.61
"2023-09-14 01:00:00",19.93,5.94,3.02
"2023-09-14 02:00:00",15.39,8.67,4.21
"2023-09-14 03:00:00",15.6,10.96,5.01
"2023-09-14 04:00:00",15.77,10.1,4.91
"2023-09-14 05:00:00",23.87,11.98,5.1
"2023-09-14 06:00:00",40.99,14.08,5.9
"2023-09-14 07:00:00",59.91,14.82,6.69
"2023-09-14 08:00:00",60.72,14.48,6.12
"2023-09-14 09:00:00",52.88,15.18,6.18
"2023-09-14 10:00:00",42.04,12.04,4.74
"2023-09-14 11:00:00",37.56,10.42,4.17
"2023-09-14 12:00:00",39.46,11.19,4.43
"2023-09-14 13:00:00",43,12.58,4.99
"2023-09-14 14:00:00",36.26,11.69,4.18
"2023-09-14 15:00:00",40.76,7.49,3.17
"2023-09-14 16:00:00",49.16,8.11,3.7
"2023-09-14 17:00:00",52.33,9.06,4.17
"2023-09-14 18:00:00",49.72,8.91,4.26
"2023-09-14 19:00:00",68.56,10.56,6.84
"2023-09-14 20:00:00",59.09,9.37,5.94
"2023-09-14 21:00:00",44.65,18,7.5
"2023-09-14 22:00:00",57.51,15.11,7.84
"2023-09-14 23:00:00",55.07,12.94,6.83
"2023-09-15 00:00:00",58.15,9.46,6.22
"2023-09-15 01:00:00",44.66,7.56,5.62
"2023-09-15 02:00:00",37.8,7.06,5.17
"2023-09-15 03:00:00",33.39,6.42,4.62
"2023-09-15 04:00:00",34.66,6.33,4.73
"2023-09-15 05:00:00",30.86,5.84,3.99
"2023-09-15 06:00:00",24.98,5.44,4.12
"2023-09-15 07:00:00",59.53,6.42,4.8
"2023-09-15 08:00:00",66.55,6,4.08
"2023-09-15 09:00:00",68.68,5.84,3.98
"2023-09-15 10:00:00",66.98,6.15,3.54
"2023-09-15 11:00:00",81.22,5.58,3.44
"2023-09-15 12:00:00",67.83,4.01,2.81
"2023-09-15 13:00:00",59.37,4.71,2.5
"2023-09-15 14:00:00",53.48,4.36,2.64
"2023-09-15 15:00:00",63.35,5.29,3.21
"2023-09-15 16:00:00",60.96,5.29,3.5
"2023-09-15 17:00:00",65.74,4.57,3.44
"2023-09-15 18:00:00",67.87,5.18,3.52
"2023-09-15 19:00:00",60.07,6.39,4.3
"2023-09-15 20:00:00",47.36,5.72,3.69
"2023-09-15 21:00:00",51.51,6.65,4.3
"2023-09-15 22:00:00",41.48,7.15,4.4
"2023-09-15 23:00:00",40.23,6.88,4.15
"2023-09-16 00:00:00",58.55,6.55,3.81
"2023-09-16 01:00:00",38.27,5.74,3.55
"2023-09-16 02:00:00",33.82,4.93,3.46
"2023-09-16 03:00:00",40.8,4.58,2.8
"2023-09-16 04:00:00",41.57,6.2,2.85
"2023-09-16 05:00:00",7.82,6.38,2.69
"2023-09-16 06:00:00",13.95,7.11,2.85
"2023-09-16 07:00:00",28.43,6.1,2.72
"2023-09-16 08:00:00",38.01,5.09,2.81
"2023-09-16 09:00:00",47.51,7.07,3.8
"2023-09-16 10:00:00",68.89,7.23,3.21
"2023-09-16 11:00:00",39.49,8.03,3.4
"2023-09-16 12:00:00",48.3,9.34,3.58
"2023-09-16 13:00:00",42.93,7.62,3.11
"2023-09-16 14:00:00",46.94,6.58,3.01
"2023-09-16 15:00:00",43.38,6.51,3.08
"2023-09-16 16:00:00",54.5,8.99,3.82
"2023-09-16 17:00:00",37.67,10.69,4.52
"2023-09-16 18:00:00",44.18,12.7,5.81
"2023-09-16 19:00:00",52.25,17.95,7.28
"2023-09-16 20:00:00",39.13,18.56,7.67
"2023-09-16 21:00:00",29.68,18.33,7.62
"2023-09-16 22:00:00",31.74,17.35,8.22
"2023-09-16 23:00:00",19.68,14.75,7.39
"2023-09-17 00:00:00",17.43,15.18,7.23
"2023-09-17 01:00:00",18.43,17.25,8.36
"2023-09-17 02:00:00",20.16,13.77,9.65
"2023-09-17 03:00:00",20.73,7.07,6.04
"2023-09-17 04:00:00",18.53,8.1,6.64
"2023-09-17 05:00:00",12.77,11.06,8.52
"2023-09-17 06:00:00",11.81,8.47,6.2
"2023-09-17 07:00:00",8.27,7.08,5.09
"2023-09-17 08:00:00",9.22,9.43,6.79
"2023-09-17 09:00:00",12.04,12.54,8.83
"2023-09-17 10:00:00",17.19,13.56,9.29
"2023-09-17 11:00:00",27.07,14.33,9.71
"2023-09-17 12:00:00",35.68,13.79,10.36
"2023-09-17 13:00:00",47.68,13.73,10.92
"2023-09-17 14:00:00",49.29,18.49,14.03
"2023-09-17 15:00:00",34.75,19.85,14.6
"2023-09-17 16:00:00",20.39,14.52,12.23
"2023-09-17 17:00:00",29.21,15.3,13.2
"2023-09-17 18:00:00",37.37,17.6,14.87
"2023-09-17 19:00:00",28.97,14.96,13.73
"2023-09-17 20:00:00",70.98,20.29,18.79
"2023-09-17 21:00:00",71.42,26.86,24.88
"2023-09-17 22:00:00",59.59,29.5,27.03
"2023-09-17 23:00:00",64.74,32.62,29.53
"2023-09-18 00:00:00",55.67,28.02,25.38
"2023-09-18 01:00:00",24.06,17.84,16.01
"2023-09-18 02:00:00",9.66,10.09,8.65
"2023-09-18 03:00:00",12.37,9.95,8.36
"2023-09-18 04:00:00",7.4,15.31,12.2
"2023-09-18 05:00:00",6.8,8.31,5.99
"2023-09-18 06:00:00",18.35,5.72,3.26
"2023-09-18 07:00:00",31.09,7.93,4.17
"2023-09-18 08:00:00",34.14,6.91,3.17
"2023-09-18 09:00:00",35.89,7.45,4.37
"2023-09-18 10:00:00",25.2,10.35,4.32
"2023-09-18 11:00:00",28.44,15.74,6.69
"2023-09-18 12:00:00",22.14,14.25,5.78
"2023-09-18 13:00:00",24.26,12.16,5.29
"2023-09-18 14:00:00",25.9,11.04,4.75
"2023-09-18 15:00:00",23.44,6.91,2.52
"2023-09-18 16:00:00",21.89,8.74,2.86
"2023-09-18 17:00:00",27.31,11.35,3.93
"2023-09-18 18:00:00",29,11.22,3.76
"2023-09-18 19:00:00",31.57,10.64,4.25
"2023-09-18 20:00:00",29.54,9.93,4.59
"2023-09-18 21:00:00",23.04,8.71,4.41
"2023-09-18 22:00:00",17.69,8.1,4.07
"2023-09-18 23:00:00",11.94,9.85,4.94
"2023-09-19 00:00:00",12.85,14.02,6.87
"2023-09-19 01:00:00",12.7,21.13,9.35
"2023-09-19 02:00:00",5.4,12.4,6.83
"2023-09-19 03:00:00",9.96,7.52,4.52
"2023-09-19 04:00:00",14.57,5.37,3.53
"2023-09-19 05:00:00",10.23,4.83,3.26
"2023-09-19 06:00:00",9.07,3.28,2.12
"2023-09-19 07:00:00",19.97,2.58,1.29
"2023-09-19 08:00:00",20.18,2.01,0.74
"2023-09-19 09:00:00",19.67,2.38,0.82
"2023-09-19 10:00:00",20.04,3.08,1.05
"2023-09-19 11:00:00",15.2,2.83,0.98
"2023-09-19 12:00:00",22.27,2.3,0.9
"2023-09-19 13:00:00",20.58,2.78,1.16
"2023-09-19 14:00:00",22.27,3.27,1.17
"2023-09-19 15:00:00",24.13,2.5,1.29
"2023-09-19 16:00:00",19.04,4.44,2.35
"2023-09-19 17:00:00",23.4,10.67,5.82
"2023-09-19 18:00:00",21.12,9.55,4.35
"2023-09-19 19:00:00",15.16,5.21,2.75
"2023-09-19 20:00:00",13.94,3.82,1.93
"2023-09-19 21:00:00",10.96,6.14,3.47
"2023-09-19 22:00:00",9.14,7.28,4
"2023-09-19 23:00:00",4.81,7.79,4.26
"2023-09-20 00:00:00",6.08,7.34,4.34
"2023-09-20 01:00:00",5.43,4.12,2.57
"2023-09-20 02:00:00",5.28,1.47,0.68
"2023-09-20 03:00:00",4.44,1.13,0.47
"2023-09-20 04:00:00",3.64,1.48,0.52
"2023-09-20 05:00:00",4.28,1.65,0.75
"2023-09-20 06:00:00",6.06,2.96,1.53
"2023-09-20 07:00:00",12.3,4.25,2.04
"2023-09-20 08:00:00",27.42,9.14,4.27
"2023-09-20 09:00:00",20.13,9.41,3.58
"2023-09-20 10:00:00",28.24,8.51,3.28
"2023-09-20 11:00:00",25.07,10.27,3.33
"2023-09-20 12:00:00",18.35,8.06,2.85
"2023-09-20 13:00:00",19.21,8.96,3.1
"2023-09-20 14:00:00",17.81,7.33,2.47
"2023-09-20 15:00:00",30.33,8.51,2.73
"2023-09-20 16:00:00",30.21,9.2,3.25
"2023-09-20 17:00:00",29.22,6.77,3.01
"2023-09-20 18:00:00",37.38,5.71,2.25
"2023-09-20 19:00:00",34.82,6.97,2.69
"2023-09-20 20:00:00",52.1,7.85,3.32
"2023-09-20 21:00:00",32.48,6.74,3.46
"2023-09-20 22:00:00",35.42,9.65,3.73
"2023-09-20 23:00:00",26.47,7.1,3.46
"2023-09-21 00:00:00",25.23,5.05,2.61
"2023-09-21 01:00:00",18.96,5.77,2.91
"2023-09-21 02:00:00",11.28,6.94,2.82
"2023-09-21 03:00:00",10.16,8.16,3.44
"2023-09-21 04:00:00",27.1,8.82,3.6
"2023-09-21 05:00:00",18.54,8.01,3.41
"2023-09-21 06:00:00",38.14,8.82,3.74
"2023-09-21 07:00:00",70.12,10.38,5.27
"2023-09-21 08:00:00",68.05,14.91,6.77
"2023-09-21 09:00:00",65.45,17.58,7.58
"2023-09-21 10:00:00",45.69,11.31,5.06
"2023-09-21 11:00:00",41.01,9.32,3.59
"2023-09-21 12:00:00",41.12,9.12,3.38
"2023-09-21 13:00:00",43.12,9.27,3.85
"2023-09-21 14:00:00",39.11,9.38,4.34
"2023-09-21 15:00:00",40.53,6.67,3.08
"2023-09-21 16:00:00",45.57,7.7,3.11
"2023-09-21 17:00:00",48.8,7.58,2.94
"2023-09-21 18:00:00",67.55,7.33,3.36
"2023-09-21 19:00:00",47.08,7.93,3.44
"2023-09-21 20:00:00",50.35,7.64,3.45
"2023-09-21 21:00:00",47.33,9.69,4.92
"2023-09-21 22:00:00",34.75,10.55,5.29
"2023-09-21 23:00:00",30.69,9.01,4.9
"2023-09-22 00:00:00",30.51,10.16,5.66
"2023-09-22 01:00:00",13.75,8.89,4.66
"2023-09-22 02:00:00",7.39,6.98,3.83
"2023-09-22 03:00:00",7.56,6.21,3.87
"2023-09-22 04:00:00",9.31,6.65,3.86
"2023-09-22 05:00:00",7.39,7.32,3.7
"2023-09-22 06:00:00",12.62,7.58,3.66
"2023-09-22 07:00:00",33.47,8.76,4.21
"2023-09-22 08:00:00",37.99,10.08,4.56
"2023-09-22 09:00:00",43.87,10.34,4.37
"2023-09-22 10:00:00",31.13,10.74,4.47
"2023-09-22 11:00:00",32.57,7.51,3.72
"2023-09-22 12:00:00",42,10.86,4.32
"2023-09-22 13:00:00",38.56,11.15,4.79
"2023-09-22 14:00:00",37.31,11.72,5.03
"2023-09-22 15:00:00",35.83,9.97,4.42
"2023-09-22 16:00:00",46.31,11.04,5.51
"2023-09-22 17:00:00",51.16,9.42,4.79
"2023-09-22 18:00:00",45.39,10.15,5.07
"2023-09-22 19:00:00",41.21,10.82,5.39
"2023-09-22 20:00:00",51.17,12.27,5.65
"2023-09-22 21:00:00",51.64,12.01,6.87
"2023-09-22 22:00:00",48.83,15.25,9.13
"2023-09-22 23:00:00",46.59,16.17,9.09
"2023-09-23 00:00:00",46.9,19.11,11.58
"2023-09-23 01:00:00",33.91,16.24,9.55
"2023-09-23 02:00:00",21.77,17.36,8.87
"2023-09-23 03:00:00",43.52,17.19,9.75
"2023-09-23 04:00:00",41.77,16.74,8.81
"2023-09-23 05:00:00",28.35,15.38,7.91
"2023-09-23 06:00:00",33.72,14.71,7.5
"2023-09-23 07:00:00",44.54,12.34,7.15
"2023-09-23 08:00:00",40.84,12.72,6.98
"2023-09-23 09:00:00",56.03,14.48,7.72
"2023-09-23 10:00:00",44.21,16.12,8.3
"2023-09-23 11:00:00",15.84,9.51,5.07
"2023-09-23 12:00:00",12.32,7.48,4.1
"2023-09-23 13:00:00",9.1,8.12,4.11
"2023-09-23 14:00:00",9.38,8.9,4.86
"2023-09-23 15:00:00",9.51,11.34,5.57
"2023-09-23 16:00:00",10.63,11.87,5.76
"2023-09-23 17:00:00",12.05,10.93,5.73
"2023-09-23 18:00:00",12.34,11.79,6.27
"2023-09-23 19:00:00",11.15,12.92,6.96
"2023-09-23 20:00:00",15.63,7.48,4.62
"2023-09-23 21:00:00",15.96,4.46,2.85
"2023-09-23 22:00:00",7.75,1.33,0.78
"2023-09-23 23:00:00",9.04,5.26,3.78
"2023-09-24 00:00:00",11.89,1.87,0.85
"2023-09-24 01:00:00",13.38,2.54,1.61
"2023-09-24 02:00:00",6.69,3.68,2.25
"2023-09-24 03:00:00",4.59,3.86,2.5
"2023-09-24 04:00:00",7.2,8.23,4.99
"2023-09-24 05:00:00",7.39,12.99,8.07
"2023-09-24 06:00:00",6.52,15.11,9.15
"2023-09-24 07:00:00",11.55,13.81,8.56
"2023-09-24 08:00:00",41.92,16.19,9.34
"2023-09-24 09:00:00",15.49,10.44,6.68
"2023-09-24 10:00:00",11.15,3.77,1.84
"2023-09-24 11:00:00",8.15,2.09,1.06
"2023-09-24 12:00:00",9.3,2.41,0.98
"2023-09-24 13:00:00",17.82,1.82,1.14
"2023-09-24 14:00:00",8.92,0.95,0.43
"2023-09-24 15:00:00",8.51,5.39,1.93
"2023-09-24 16:00:00",7.25,6.42,3.04
"2023-09-24 17:00:00",8.04,2.62,1
"2023-09-24 18:00:00",9.12,1.54,0.55
"2023-09-24 19:00:00",9.84,2.86,0.91
"2023-09-24 20:00:00",16.75,3.12,1.58
"2023-09-24 21:00:00",24.67,5.24,3.48
"2023-09-24 22:00:00",8.76,5.07,3.26
"2023-09-24 23:00:00",6.57,5.89,3.6
"2023-09-25 00:00:00",4.96,10.43,5.99
"2023-09-25 01:00:00",3.42,13.91,7.42
"2023-09-25 02:00:00",6.86,16.79,8.5
"2023-09-25 03:00:00",5.03,20.05,9.68
"2023-09-25 04:00:00",5.88,19.9,9.92
"2023-09-25 05:00:00",8.78,19.6,9.53
"2023-09-25 06:00:00",11.5,19.56,9.58
"2023-09-25 07:00:00",18.91,20.98,10.29
"2023-09-25 08:00:00",27.83,21.3,10.65
"2023-09-25 09:00:00",27.25,20.47,10.45
"2023-09-25 10:00:00",21.29,19.16,9.32
"2023-09-25 11:00:00",20.73,20.03,10.16
"2023-09-25 12:00:00",19.36,19.98,10.29
"2023-09-25 13:00:00",18.91,22.51,10.71
"2023-09-25 14:00:00",20.29,20.09,10.33
"2023-09-25 15:00:00",29.33,22.49,11.74
"2023-09-25 16:00:00",25.19,21.9,11.23
"2023-09-25 17:00:00",22.42,18.73,9.81
"2023-09-25 18:00:00",19.21,21.23,11.69
"2023-09-25 19:00:00",18.49,18.69,10.26
"2023-09-25 20:00:00",13.78,15.24,8.57
"2023-09-25 21:00:00",14,19.65,11.13
"2023-09-25 22:00:00",11.14,23.85,13.59
"2023-09-25 23:00:00",13.26,23.65,12.93
"2023-09-26 00:00:00",7.71,20.07,10.23
"2023-09-26 01:00:00",4.25,14.92,8.21
"2023-09-26 02:00:00",3.26,14.38,7.93
"2023-09-26 03:00:00",2.65,13.84,8.04
"2023-09-26 04:00:00",3.4,13.65,7.77
"2023-09-26 05:00:00",4.48,12.01,6.69
"2023-09-26 06:00:00",5.9,11.72,6.46
"2023-09-26 07:00:00",7.74,12.51,6.9
"2023-09-26 08:00:00",20.1,9.86,5.77
"2023-09-26 09:00:00",24.68,4.48,2.23
"2023-09-26 10:00:00",30.63,4.09,2.15
"2023-09-26 11:00:00",30.33,8.99,3.64
"2023-09-26 12:00:00",29.85,9.26,3.89
"2023-09-26 13:00:00",26.47,13.01,5.5
"2023-09-26 14:00:00",25.5,10.96,4.36
"2023-09-26 15:00:00",22.26,10.42,3.93
"2023-09-26 16:00:00",23.94,9.49,3.7
"2023-09-26 17:00:00",38.78,7.83,3.36
"2023-09-26 18:00:00",33.48,6.43,2.86
"2023-09-26 19:00:00",34.99,4.63,2.49
"2023-09-26 20:00:00",39.61,10.89,4.36
"2023-09-26 21:00:00",26.36,5.31,3.36
"2023-09-26 22:00:00",21.15,9.38,4.35
"2023-09-26 23:00:00",17.03,11.72,4.17
"2023-09-27 00:00:00",19.13,7.71,3.75
"2023-09-27 01:00:00",17.9,7.18,3.49
"2023-09-27 02:00:00",7.96,6.79,3.4
"2023-09-27 03:00:00",8.86,7.51,3.56
"2023-09-27 04:00:00",6.03,7.61,3.83
"2023-09-27 05:00:00",10.32,11.79,5.44
"2023-09-27 06:00:00",17.01,16.35,7.1
"2023-09-27 07:00:00",25.84,19.03,8.3
"2023-09-27 08:00:00",22.68,19.42,8.79
"2023-09-27 09:00:00",14.29,18.42,8.76
"2023-09-27 10:00:00",13.9,17.9,9.41
"2023-09-27 11:00:00",12.74,15.98,9.2
"2023-09-27 12:00:00",11.89,13.44,8.2
"2023-09-27 13:00:00",9.68,7.13,4.3
"2023-09-27 14:00:00",7.36,9.64,6.19
"2023-09-27 15:00:00",6.44,10.61,6.98
"2023-09-27 16:00:00",10.21,9.11,5.27
"2023-09-27 17:00:00",8.83,13.45,8.31
"2023-09-27 18:00:00",8.96,5.35,3.6
"2023-09-27 19:00:00",11.94,3.69,2.19
"2023-09-27 20:00:00",9.66,4.57,2.44
"2023-09-27 21:00:00",7.67,3.94,1.31
"2023-09-27 22:00:00",8.71,5.42,3.04
"2023-09-27 23:00:00",10.37,6.31,3.3
"2023-09-28 00:00:00",11.85,7.94,4.81
"2023-09-28 01:00:00",7.99,2.98,1.4
"2023-09-28 02:00:00",3.04,5.27,2.63
"2023-09-28 03:00:00",5.23,6.58,3.11
"2023-09-28 04:00:00",2.69,7.79,3.67
"2023-09-28 05:00:00",5,5.17,2.61
"2023-09-28 06:00:00",14.9,10.38,4.52
"2023-09-28 07:00:00",28.87,11.75,5.35
"2023-09-28 08:00:00",43.54,17.52,6.92
"2023-09-28 09:00:00",27.81,20.31,8.21
"2023-09-28 10:00:00",19.72,22.21,9.07
"2023-09-28 11:00:00",20.71,20.29,9.35
"2023-09-28 12:00:00",18.97,23.83,10.21
"2023-09-28 13:00:00",20.31,23.76,10.93
"2023-09-28 14:00:00",29.15,23.52,11.05
"2023-09-28 15:00:00",16.76,21.61,10.77
"2023-09-28 16:00:00",22.47,19.82,9.9
"2023-09-28 17:00:00",18.44,15.66,9.06
"2023-09-28 18:00:00",21.98,15.7,9.1
"2023-09-28 19:00:00",18.87,11.14,6.54
"2023-09-28 20:00:00",32.95,8.85,6.26
"2023-09-28 21:00:00",32.78,15.5,13.63
"2023-09-28 22:00:00",49.32,14.48,13.06
"2023-09-28 23:00:00",37.67,17.38,14.61
"2023-09-29 00:00:00",26.46,18.68,14.57
"2023-09-29 01:00:00",21.48,17.79,13.43
"2023-09-29 02:00:00",12.97,18.39,11.18
"2023-09-29 03:00:00",9.23,18.35,9.96
"2023-09-29 04:00:00",6.53,16.19,8.49
"2023-09-29 05:00:00",6.49,15.47,7.62
"2023-09-29 06:00:00",14.63,13.16,6.8
"2023-09-29 07:00:00",34.72,13.89,6.66
"2023-09-29 08:00:00",41.58,14.89,6.75
"2023-09-29 09:00:00",35.83,15.58,6.79
"2023-09-29 10:00:00",25.98,15.77,6.57
"2023-09-29 11:00:00",25.41,15.13,6.36
"2023-09-29 12:00:00",23.52,14.24,6.47
"2023-09-29 13:00:00",24.91,15.55,6.7
"2023-09-29 14:00:00",22.73,13.55,5.46
"2023-09-29 15:00:00",24.5,11.29,4.7
"2023-09-29 16:00:00",31.13,12.05,5.12
"2023-09-29 17:00:00",34.78,11.64,5.07
"2023-09-29 18:00:00",34.97,13.05,5.62
"2023-09-29 19:00:00",39.12,13.38,6.65
"2023-09-29 20:00:00",38.99,13.49,7.3
"2023-09-29 21:00:00",39.34,16.94,9.04
"2023-09-29 22:00:00",45.4,14.67,8.13
"2023-09-29 23:00:00",49.07,13.54,7.95
"2023-09-30 00:00:00",52.88,13.35,8.25
"2023-09-30 01:00:00",45.47,14.59,8.8
"2023-09-30 02:00:00",40.31,15.18,9.57
"2023-09-30 03:00:00",34.18,12.1,7.3
"2023-09-30 04:00:00",30.41,10.2,6.31
"2023-09-30 05:00:00",22.95,8.81,5.35
"2023-09-30 06:00:00",26.51,9.25,5.13
"2023-09-30 07:00:00",50.21,10.81,6.09
"2023-09-30 08:00:00",47.62,11.97,6.98
"2023-09-30 09:00:00",62.52,17.48,7.64
"2023-09-30 10:00:00",44.59,21.87,8.65
"2023-09-30 11:00:00",17.9,8.5,4.3
"2023-09-30 12:00:00",25.2,7.73,4.64
"2023-09-30 13:00:00",20.5,7.09,4.95
"2023-09-30 14:00:00",15.47,6.31,4.38
"2023-09-30 15:00:00",12.38,3.41,2.38
"2023-09-30 16:00:00",10.03,2.44,1.55
"2023-09-30 17:00:00",17.99,2.87,1.83
"2023-09-30 18:00:00",24.52,4.2,2.88
"2023-09-30 19:00:00",28.54,6.07,4.03
"2023-09-30 20:00:00",32.43,7.23,5.21
"2023-09-30 21:00:00",23.19,4.54,3.1
"2023-09-30 22:00:00",13.24,4.59,2.94
"2023-09-30 23:00:00",17.66,4.41,2.97
"2023-10-01 00:00:00",18.62,4.28,2.75
"2023-10-01 01:00:00",18.54,3.67,2.4
"2023-10-01 02:00:00",11.27,3.26,2.28
"2023-10-01 03:00:00",9.32,3.79,2.39
"2023-10-01 04:00:00",9.24,3.86,2.31
"2023-10-01 05:00:00",7.17,3.3,2.17
"2023-10-01 06:00:00",6.42,3.36,2.49
"2023-10-01 07:00:00",12.73,5.04,3.64
"2023-10-01 08:00:00",23,6.6,4.32
"2023-10-01 09:00:00",25.5,6.97,4.96
"2023-10-01 10:00:00",32.57,9.38,6.78
"2023-10-01 11:00:00",26.77,11.49,8.5
"2023-10-01 12:00:00",24.16,12.52,8.54
"2023-10-01 13:00:00",26.54,13.82,8.9
"2023-10-01 14:00:00",27.01,12.73,8.1
"2023-10-01 15:00:00",20.31,12.94,8.02
"2023-10-01 16:00:00",30.17,13.9,8.26
"2023-10-01 17:00:00",28.43,13.99,7.98
"2023-10-01 18:00:00",37.89,13.44,7.45
"2023-10-01 19:00:00",71.6,13.62,7.42
"2023-10-01 20:00:00",60.62,13.94,8.32
"2023-10-01 21:00:00",61.68,16.64,9.85
"2023-10-01 22:00:00",50.78,16.97,10.33
"2023-10-01 23:00:00",42.98,16.67,11.05
"2023-10-02 00:00:00",47.69,18.56,12.36
"2023-10-02 01:00:00",51.51,14.21,9.2
"2023-10-02 02:00:00",38.23,12.02,7.4
"2023-10-02 03:00:00",21.23,11.35,5.9
"2023-10-02 04:00:00",8.12,10.28,5.24
"2023-10-02 05:00:00",29.71,11.29,5.2
"2023-10-02 06:00:00",38.07,10.72,5.24
"2023-10-02 07:00:00",58.18,11.96,5.99
"2023-10-02 08:00:00",64.74,24.79,8.73
"2023-10-02 09:00:00",66.6,18.93,8.57
"2023-10-02 10:00:00",53.09,14.76,6.99
"2023-10-02 11:00:00",27.08,20.69,7.44
"2023-10-02 12:00:00",32.41,15.56,6.11
"2023-10-02 13:00:00",35.15,13.32,5.81
"2023-10-02 14:00:00",40.56,13.67,5.94
"2023-10-02 15:00:00",31.45,17.16,6.5
"2023-10-02 16:00:00",30.73,16.1,6.33
"2023-10-02 17:00:00",36.35,20.15,7.43
"2023-10-02 18:00:00",38.64,13.08,6.51
"2023-10-02 19:00:00",38.07,12.18,7.06
"2023-10-02 20:00:00",47.42,14.18,8.52
"2023-10-02 21:00:00",42.53,20.16,9.84
"2023-10-02 22:00:00",42.84,15.45,9.86
"2023-10-02 23:00:00",34.65,14.45,9.41
"2023-10-03 00:00:00",34.58,13.1,8.44
"2023-10-03 01:00:00",19.33,10.38,6.41
"2023-10-03 02:00:00",11.95,10.52,6.59
"2023-10-03 03:00:00",5.75,10.64,5.83
"2023-10-03 04:00:00",10.21,9,5.02
"2023-10-03 05:00:00",11.43,8.31,4.94
"2023-10-03 06:00:00",23.02,9.17,5.18
"2023-10-03 07:00:00",41.2,11.37,5.15
"2023-10-03 08:00:00",43.17,13.47,5.57
"2023-10-03 09:00:00",34.73,14.72,5.68
"2023-10-03 10:00:00",29.17,13.34,5.64
"2023-10-03 11:00:00",28.72,12.74,5.23
"2023-10-03 12:00:00",28.7,11.66,5.26
"2023-10-03 13:00:00",25.35,10.17,4.8
"2023-10-03 14:00:00",28.76,10.03,4.4
"2023-10-03 15:00:00",30.27,13.77,5.9
"2023-10-03 16:00:00",28.79,11.89,5.95
"2023-10-03 17:00:00",33.74,16.38,8.03
"2023-10-03 18:00:00",41.54,16.44,8.24
"2023-10-03 19:00:00",41.99,18.1,8.66
"2023-10-03 20:00:00",37.15,14.1,7.04
"2023-10-03 21:00:00",26.59,8.86,5.17
"2023-10-03 22:00:00",26.56,6.6,3.82
"2023-10-03 23:00:00",19.49,8.76,3.83
"2023-10-04 00:00:00",17.79,8.66,3.84
"2023-10-04 01:00:00",7.8,9.4,4.05
"2023-10-04 02:00:00",4.25,10.36,4.7
"2023-10-04 03:00:00",10.08,10.27,5.05
"2023-10-04 04:00:00",6.53,9.7,5.42
"2023-10-04 05:00:00",4.52,10.38,5.63
"2023-10-04 06:00:00",9.16,11.47,5.9
"2023-10-04 07:00:00",23.87,12.06,6.19
"2023-10-04 08:00:00",30.22,14.5,7.21
"2023-10-04 09:00:00",32.21,17.54,7.37
"2023-10-04 10:00:00",27.89,15.09,6.47
"2023-10-04 11:00:00",23.18,20.22,6.5
"2023-10-04 12:00:00",19.38,19.15,6.33
"2023-10-04 13:00:00",17.8,17.35,6.39
"2023-10-04 14:00:00",27.18,19.38,6.64
"2023-10-04 15:00:00",31.61,17.5,6.42
"2023-10-04 16:00:00",27.04,14.02,5.43
"2023-10-04 17:00:00",27.19,12.59,5.63
"2023-10-04 18:00:00",25.73,11.73,5.02
"2023-10-04 19:00:00",36.12,14.58,5.47
"2023-10-04 20:00:00",21.05,15.73,5.79
"2023-10-04 21:00:00",17.28,11.91,5.82
"2023-10-04 22:00:00",17.13,8.74,4.99
"2023-10-04 23:00:00",15.78,7.3,3.87
"2023-10-05 00:00:00",14.46,7.64,3.8
"2023-10-05 01:00:00",4.54,7.27,4.06
"2023-10-05 02:00:00",3.59,4.89,3.44
"2023-10-05 03:00:00",3.5,2.63,1.91
"2023-10-05 04:00:00",2.82,2.31,1.6
"2023-10-05 05:00:00",5.43,2.95,1.84
"2023-10-05 06:00:00",15.05,4.88,2.91
"2023-10-05 07:00:00",28.99,4.71,2.66
"2023-10-05 08:00:00",36.19,5.84,3.08
"2023-10-05 09:00:00",24.32,5.45,2.96
"2023-10-05 10:00:00",28.14,4.64,2.26
"2023-10-05 11:00:00",19.63,4.07,1.94
"2023-10-05 12:00:00",22.07,4.44,2.63
"2023-10-05 13:00:00",17.1,3.58,1.78
"2023-10-05 14:00:00",19.99,2.65,1.31
"2023-10-05 15:00:00",16.91,4.26,2.14
"2023-10-05 16:00:00",20.9,3.74,2.16
"2023-10-05 17:00:00",22.86,4.87,2.68
"2023-10-05 18:00:00",22.84,5.37,3.13
"2023-10-05 19:00:00",25.38,5.56,3.24
"2023-10-05 20:00:00",23.32,4.5,2.76
"2023-10-05 21:00:00",17.24,3.77,2.25
"2023-10-05 22:00:00",18.68,2.33,1.52
"2023-10-05 23:00:00",10.86,2.78,1.7
"2023-10-06 00:00:00",9.02,3.92,1.88
"2023-10-06 01:00:00",3.3,2.25,1.29
"2023-10-06 02:00:00",3.29,1.46,0.83
"2023-10-06 03:00:00",4.61,2.2,1
"2023-10-06 04:00:00",3.04,2.04,0.96
"2023-10-06 05:00:00",2.56,2.11,0.99
"2023-10-06 06:00:00",6.8,2.19,1.07
"2023-10-06 07:00:00",20.56,3.6,1.55
"2023-10-06 08:00:00",22.91,5.9,2.17
"2023-10-06 09:00:00",20.63,7.66,3.77
"2023-10-06 10:00:00",17.01,10.41,4.32
"2023-10-06 11:00:00",17.11,11.49,4.11
"2023-10-06 12:00:00",24.75,11.56,4.02
"2023-10-06 13:00:00",26.8,14.2,4.22
"2023-10-06 14:00:00",29.04,11.59,4.03
"2023-10-06 15:00:00",34.29,13.57,4.14
"2023-10-06 16:00:00",26.52,15.93,4.64
"2023-10-06 17:00:00",26.47,16.23,4.87
"2023-10-06 18:00:00",22.49,15.95,5.21
"2023-10-06 19:00:00",16.41,9.88,4.71
"2023-10-06 20:00:00",16.35,10.98,5.49
"2023-10-06 21:00:00",16,9.85,4.64
"2023-10-06 22:00:00",18.46,5.89,3.37
"2023-10-06 23:00:00",12.17,6.62,3.95
"2023-10-07 00:00:00",12.92,8.68,5.51
"2023-10-07 01:00:00",12.45,11.11,6.93
"2023-10-07 02:00:00",7.12,11.51,6.91
"2023-10-07 03:00:00",8.44,12.79,6.69
"2023-10-07 04:00:00",7.11,13.18,6.49
"2023-10-07 05:00:00",8.93,11.23,5.9
"2023-10-07 06:00:00",35.41,11.63,6.01
"2023-10-07 07:00:00",30.73,12.49,6.25
"2023-10-07 08:00:00",34.59,13.1,6.09
"2023-10-07 09:00:00",49.66,21.41,9.11
"2023-10-07 10:00:00",54.79,28.17,11.3
"2023-10-07 11:00:00",28.37,32.17,10.72
"2023-10-07 12:00:00",27.04,30.58,10.63
"2023-10-07 13:00:00",26.23,33.11,11.25
"2023-10-07 14:00:00",30.8,36.42,12.6
"2023-10-07 15:00:00",25.96,37.76,13.15
"2023-10-07 16:00:00",34.65,34.84,13.26
"2023-10-07 17:00:00",34.27,35.84,13.63
"2023-10-07 18:00:00",32.45,36.69,14.11
"2023-10-07 19:00:00",47.23,39.52,15.05
"2023-10-07 20:00:00",27.5,41.69,15.16
"2023-10-07 21:00:00",33.73,42.19,14.21
"2023-10-07 22:00:00",42.92,41.33,13.12
"2023-10-07 23:00:00",52.2,43.33,18.6
"2023-10-08 00:00:00",50.33,41.45,22
"2023-10-08 01:00:00",45.44,36.98,19.73
"2023-10-08 02:00:00",50.05,33.09,18.87
"2023-10-08 03:00:00",35.52,29.11,17.19
"2023-10-08 04:00:00",30.76,28.4,16.28
"2023-10-08 05:00:00",27.94,26.64,15.9
"2023-10-08 06:00:00",23.7,25.27,14.81
"2023-10-08 07:00:00",25.38,23.25,13.55
"2023-10-08 08:00:00",35.91,21.76,13.89
"2023-10-08 09:00:00",37.32,17.97,12.27
"2023-10-08 10:00:00",34.25,16.38,10.79
"2023-10-08 11:00:00",48.83,9.47,5.79
"2023-10-08 12:00:00",22.22,10.3,6.08
"2023-10-08 13:00:00",50.78,20.3,11.78
"2023-10-08 14:00:00",39.56,14.34,8.52
"2023-10-08 15:00:00",27.83,14.5,8.42
"2023-10-08 16:00:00",39.73,15.83,9.21
"2023-10-08 17:00:00",50.22,16.37,9.41
"2023-10-08 18:00:00",46.33,14.99,8.93
"2023-10-08 19:00:00",58.86,13.81,8.91
"2023-10-08 20:00:00",57.08,16.26,10.33
"2023-10-08 21:00:00",54.42,13.85,9.47
"2023-10-08 22:00:00",37.87,13.67,8.65
"2023-10-08 23:00:00",24.15,10.94,7.19
"2023-10-09 00:00:00",13.65,9.74,6.63
"2023-10-09 01:00:00",12.45,11.48,7.12
"2023-10-09 02:00:00",13.4,12.15,7.29
"2023-10-09 03:00:00",21.43,12.35,7.15
"2023-10-09 04:00:00",8.74,12.81,7.15
"2023-10-09 05:00:00",15.42,13.5,7.59
"2023-10-09 06:00:00",34.41,13.49,8.35
"2023-10-09 07:00:00",41.4,16.4,9.69
"2023-10-09 08:00:00",41.17,19.16,10.22
"2023-10-09 09:00:00",44.74,20.39,10.53
"2023-10-09 10:00:00",42.43,16.98,8.86
"2023-10-09 11:00:00",52.02,28.83,12.92
"2023-10-09 12:00:00",43.12,30.76,14.34
"2023-10-09 13:00:00",39.25,28.01,14.09
"2023-10-09 14:00:00",47.47,32.17,16.69
"2023-10-09 15:00:00",40.68,27.69,13.48
"2023-10-09 16:00:00",34.62,24.14,11.82
"2023-10-09 17:00:00",47.44,26.67,14.89
"2023-10-09 18:00:00",60.77,18.59,11.81
"2023-10-09 19:00:00",53.65,20.4,11.77
"2023-10-09 20:00:00",60.18,22.81,14.69
"2023-10-09 21:00:00",57.05,30.47,19.64
"2023-10-09 22:00:00",49.9,27.56,14.08
"2023-10-09 23:00:00",43.3,24.96,12.21
"2023-10-10 00:00:00",34.16,23.21,10.44
"2023-10-10 01:00:00",33.36,22.33,11.52
"2023-10-10 02:00:00",34.8,22.35,12.42
"2023-10-10 03:00:00",34.66,24.14,13.48
"2023-10-10 04:00:00",32.39,20.31,11.46
"2023-10-10 05:00:00",29.19,21.56,11.7
"2023-10-10 06:00:00",35.64,20.6,10.21
"2023-10-10 07:00:00",69.6,24.27,10.8
"2023-10-10 08:00:00",82.24,36.06,13.27
"2023-10-10 09:00:00",61.74,44.37,12.64
"2023-10-10 10:00:00",51.32,30.6,11.16
"2023-10-10 11:00:00",41.77,29.94,11.18
"2023-10-10 12:00:00",36.19,33.37,11.66
"2023-10-10 13:00:00",37.79,30.3,11.71
"2023-10-10 14:00:00",24.35,37.72,12.84
"2023-10-10 15:00:00",23.27,35.05,11.56
"2023-10-10 16:00:00",32.86,25.23,9.69
"2023-10-10 17:00:00",30.33,27.05,9.67
"2023-10-10 18:00:00",29.25,16.76,6.1
"2023-10-10 19:00:00",34.61,10.72,4.64
"2023-10-10 20:00:00",32.11,7.98,4.06
"2023-10-10 21:00:00",18.23,5.7,2.75
"2023-10-10 22:00:00",14.62,5.42,2.75
"2023-10-10 23:00:00",13.52,8.07,4.37
"2023-10-11 00:00:00",9.52,5.86,3.02
"2023-10-11 01:00:00",6.05,6.29,3.49
"2023-10-11 02:00:00",3.23,5.33,2.57
"2023-10-11 03:00:00",4.2,4.92,2.84
"2023-10-11 04:00:00",5.58,4.45,3
"2023-10-11 05:00:00",4.97,3.82,2.41
"2023-10-11 06:00:00",19.22,3.31,1.77
"2023-10-11 07:00:00",56.57,3.95,1.57
"2023-10-11 08:00:00",48.59,2.73,1.47
"2023-10-11 09:00:00",49.93,9.79,5.94
"2023-10-11 10:00:00",56.39,14.2,7.93
"2023-10-11 11:00:00",55.55,18.18,9.3
"2023-10-11 12:00:00",56.43,16.64,9.74
"2023-10-11 13:00:00",54.29,16,9.39
"2023-10-11 14:00:00",57.65,16.34,8.7
"2023-10-11 15:00:00",46.53,14.04,7.69
"2023-10-11 16:00:00",35.46,15.88,7.03
"2023-10-11 17:00:00",45.59,16.74,7.41
"2023-10-11 18:00:00",60.37,19.46,9.42
"2023-10-11 19:00:00",59.37,17.19,8.01
"2023-10-11 20:00:00",53.13,19.34,8.39
"2023-10-11 21:00:00",45.99,16.85,6.96
"2023-10-11 22:00:00",40.98,13.42,5.46
"2023-10-11 23:00:00",39.07,13.77,7.66
"2023-10-12 00:00:00",35.54,16.31,11.08
"2023-10-12 01:00:00",25.65,18.76,12.86
"2023-10-12 02:00:00",24.12,16.8,11.29
"2023-10-12 03:00:00",28.19,15.53,9.45
"2023-10-12 04:00:00",26.72,12.87,7.14
"2023-10-12 05:00:00",26.59,11.59,6.37
"2023-10-12 06:00:00",28.92,13.55,6.78
"2023-10-12 07:00:00",45.76,14.41,7.41
"2023-10-12 08:00:00",62.09,17.05,7.9
"2023-10-12 09:00:00",65.97,16.43,7.99
"2023-10-12 10:00:00",58.95,24.39,10.71
"2023-10-12 11:00:00",51.16,15.67,7.37
"2023-10-12 12:00:00",45.89,15.61,6.76
"2023-10-12 13:00:00",32.84,15.63,6.38
"2023-10-12 14:00:00",44.61,17.75,6.99
"2023-10-12 15:00:00",38.79,13.93,6.22
"2023-10-12 16:00:00",48.07,12.97,4.97
"2023-10-12 17:00:00",50.36,10.5,4.36
"2023-10-12 18:00:00",51.38,12.37,5.23
"2023-10-12 19:00:00",63.84,12.68,5.77
"2023-10-12 20:00:00",38.01,13.1,6.8
"2023-10-12 21:00:00",20.17,11.95,7.73
"2023-10-12 22:00:00",24.97,12.59,8.66
"2023-10-12 23:00:00",29.13,12.71,8.18
"2023-10-13 00:00:00",45.27,16.22,10.88
"2023-10-13 01:00:00",50.57,20.28,11.73
"2023-10-13 02:00:00",43.6,16.31,10.29
"2023-10-13 03:00:00",35.53,13.92,9.25
"2023-10-13 04:00:00",31.14,11.37,7.99
"2023-10-13 05:00:00",17.61,7.56,6.06
"2023-10-13 06:00:00",16.28,7.97,6.69
"2023-10-13 07:00:00",49.02,5.89,3.92
"2023-10-13 08:00:00",58.85,5.47,3.59
"2023-10-13 09:00:00",57.49,9.22,4.47
"2023-10-13 10:00:00",40.71,7.26,3.73
"2023-10-13 11:00:00",34.18,8.98,4.32
"2023-10-13 12:00:00",34.41,13.22,6.33
"2023-10-13 13:00:00",39.11,15.23,7.25
"2023-10-13 14:00:00",34.46,15.24,7.09
"2023-10-13 15:00:00",37.84,11.69,5.41
"2023-10-13 16:00:00",42.19,12.61,5.87
"2023-10-13 17:00:00",46.79,14.77,7.01
"2023-10-13 18:00:00",42.55,10.56,4.63
"2023-10-13 19:00:00",42.02,10.23,4.41
"2023-10-13 20:00:00",36.36,11.65,5.49
"2023-10-13 21:00:00",37.02,12.86,6.84
"2023-10-13 22:00:00",25.58,14.94,8.28
"2023-10-13 23:00:00",28.56,16.67,9.27
"2023-10-14 00:00:00",30.45,11.78,6.67
"2023-10-14 01:00:00",15.1,11.29,6.49
"2023-10-14 02:00:00",12.53,9.99,5.89
"2023-10-14 03:00:00",10.87,8.26,4.62
"2023-10-14 04:00:00",11.39,5.19,3.09
"2023-10-14 05:00:00",9.62,4.61,2.57
"2023-10-14 06:00:00",8.82,4.6,2.52
"2023-10-14 07:00:00",15.44,4.86,2.49
"2023-10-14 08:00:00",22.07,5.03,2.26
"2023-10-14 09:00:00",26.71,6.4,2.52
"2023-10-14 10:00:00",19.65,6.69,2.6
"2023-10-14 11:00:00",22.49,6.09,2.43
"2023-10-14 12:00:00",20.08,6.31,2.5
"2023-10-14 13:00:00",28.83,5.72,2.37
"2023-10-14 14:00:00",27.2,4.98,2.24
"2023-10-14 15:00:00",40.17,5.81,2.85
"2023-10-14 16:00:00",33.52,6.07,3.08
"2023-10-14 17:00:00",41.08,5.46,2.73
"2023-10-14 18:00:00",36.83,6.89,3.51
"2023-10-14 19:00:00",38.79,6.28,3.1
"2023-10-14 20:00:00",53.03,9.89,6.1
"2023-10-14 21:00:00",43.64,13.1,8.59
"2023-10-14 22:00:00",37.07,13.72,10.09
"2023-10-14 23:00:00",37.09,13.08,9.33
"2023-10-15 00:00:00",32.21,14.15,9.88
"2023-10-15 01:00:00",27.69,12.03,8.41
"2023-10-15 02:00:00",23.9,11.19,7.43
"2023-10-15 03:00:00",15.4,8.65,6.19
"2023-10-15 04:00:00",19.3,9.05,5.72
"2023-10-15 05:00:00",17.01,7.69,4.9
"2023-10-15 06:00:00",21.24,7.44,4.32
"2023-10-15 07:00:00",17.58,7.07,4.33
"2023-10-15 08:00:00",28.42,8.11,4.64
"2023-10-15 09:00:00",30.44,8.69,5.17
"2023-10-15 10:00:00",27.45,9.01,5.75
"2023-10-15 11:00:00",28.03,9.94,5.2
"2023-10-15 12:00:00",33.55,8.12,4.66
"2023-10-15 13:00:00",28.89,6.76,3.81
"2023-10-15 14:00:00",29.71,6.16,3.23
"2023-10-15 15:00:00",31.27,6,3.41
"2023-10-15 16:00:00",30.28,7.26,3.91
"2023-10-15 17:00:00",16.62,6.84,3.61
"2023-10-15 18:00:00",12.84,7.31,3.84
"2023-10-15 19:00:00",14.35,10.01,5.4
"2023-10-15 20:00:00",40.65,15.63,10.33
"2023-10-15 21:00:00",64.2,21.02,15.94
"2023-10-15 22:00:00",56.57,21.46,16.65
"2023-10-15 23:00:00",54.57,27.78,22.69
"2023-10-16 00:00:00",48.74,27.99,24.04
"2023-10-16 01:00:00",54.67,27,23.1
"2023-10-16 02:00:00",46.64,25.61,22.17
"2023-10-16 03:00:00",41.13,22.59,18.93
"2023-10-16 04:00:00",33.83,18.36,15.32
"2023-10-16 05:00:00",29.34,16.04,13.28
"2023-10-16 06:00:00",46.88,14.99,11.37
"2023-10-16 07:00:00",65,14.3,10.66
"2023-10-16 08:00:00",83.35,16.45,10.63
"2023-10-16 09:00:00",90.97,20.91,12.36
"2023-10-16 10:00:00",58.61,20.12,8.24
"2023-10-16 11:00:00",33.18,18.39,5.38
"2023-10-16 12:00:00",12.71,9.25,3.17
"2023-10-16 13:00:00",13.49,7.29,2.53
"2023-10-16 14:00:00",10.99,7.5,2.45
"2023-10-16 15:00:00",11.86,8.75,3.04
"2023-10-16 16:00:00",12.25,7.1,2.53
"2023-10-16 17:00:00",19.93,5.67,2.7
"2023-10-16 18:00:00",16.97,7.14,3.3
"2023-10-16 19:00:00",21.15,9.52,4.24
"2023-10-16 20:00:00",23.97,10.3,5.43
"2023-10-16 21:00:00",28.46,12.21,7.45
"2023-10-16 22:00:00",17.4,7.43,4.22
"2023-10-16 23:00:00",20.93,9.43,5.03
"2023-10-17 00:00:00",11.5,11.34,5.57
"2023-10-17 01:00:00",12.55,10.92,5.47
"2023-10-17 02:00:00",9.88,10.72,5.76
"2023-10-17 03:00:00",10.21,10.49,5.81
"2023-10-17 04:00:00",7.86,10.23,5.51
"2023-10-17 05:00:00",9.12,10.07,5.39
"2023-10-17 06:00:00",12.5,9.07,4.93
"2023-10-17 07:00:00",21.6,9.34,4.59
"2023-10-17 08:00:00",30.04,9.54,4.6
"2023-10-17 09:00:00",29.38,12.35,5.41
"2023-10-17 10:00:00",28.04,13.05,5.91
"2023-10-17 11:00:00",26.49,12.24,5.8
"2023-10-17 12:00:00",39.52,15.53,7.12
"2023-10-17 13:00:00",34.24,18.69,7.73
"2023-10-17 14:00:00",41.65,18.02,8.42
"2023-10-17 15:00:00",46.77,20.22,8.96
"2023-10-17 16:00:00",33.32,16.41,7.82
"2023-10-17 17:00:00",30.12,14.75,7.6
"2023-10-17 18:00:00",31.22,17.14,8.3
"2023-10-17 19:00:00",31.45,19.16,9.24
"2023-10-17 20:00:00",26.4,19.81,10.33
"2023-10-17 21:00:00",23.16,17.45,8.76
"2023-10-17 22:00:00",22.76,18.26,8.81
"2023-10-17 23:00:00",15.5,14.85,7.37
"2023-10-18 00:00:00",12.19,14.07,6.96
"2023-10-18 01:00:00",9.89,13.5,7.04
"2023-10-18 02:00:00",13.28,13.3,7.19
"2023-10-18 03:00:00",15.03,15.37,7.34
"2023-10-18 04:00:00",12.36,16.01,7.63
"2023-10-18 05:00:00",25.44,16.76,8.02
"2023-10-18 06:00:00",27.75,18.93,8.75
"2023-10-18 07:00:00",28.07,20.33,9.35
"2023-10-18 08:00:00",28.78,21.29,9.94
"2023-10-18 09:00:00",30.56,27.47,13.27
"2023-10-18 10:00:00",39.65,31.25,14.44
"2023-10-18 11:00:00",49.36,31.22,14.12
"2023-10-18 12:00:00",57.03,33.84,15.15
"2023-10-18 13:00:00",54.73,32.29,15.37
"2023-10-18 14:00:00",48.73,36.32,16.97
"2023-10-18 15:00:00",51.94,40.7,18.31
"2023-10-18 16:00:00",54.69,34.99,16.83
"2023-10-18 17:00:00",51.25,33.57,16.87
"2023-10-18 18:00:00",61.4,18.84,13.5
"2023-10-18 19:00:00",46.72,19.51,13.51
"2023-10-18 20:00:00",33.53,23.98,14.87
"2023-10-18 21:00:00",32.54,21.74,13.91
"2023-10-18 22:00:00",27.77,16.73,11.86
"2023-10-18 23:00:00",26.68,13.1,9.81
"2023-10-19 00:00:00",17.91,15.9,11.03
"2023-10-19 01:00:00",20.97,14.36,10.95
"2023-10-19 02:00:00",21.68,12.32,9.47
"2023-10-19 03:00:00",26,8.9,5.67
"2023-10-19 04:00:00",21.82,7.62,4.7
"2023-10-19 05:00:00",28.64,6.44,4.42
"2023-10-19 06:00:00",47.75,6.32,4.88
"2023-10-19 07:00:00",51.32,6.47,3.9
"2023-10-19 08:00:00",51.91,12.85,5.64
"2023-10-19 09:00:00",39.21,11.81,4.6
"2023-10-19 10:00:00",38.83,5.38,3.08
"2023-10-19 11:00:00",40.49,5.14,2.71
"2023-10-19 12:00:00",35.71,6.53,2.77
"2023-10-19 13:00:00",41.39,9.72,4.29
"2023-10-19 14:00:00",18.03,6.6,3.32
"2023-10-19 15:00:00",15.14,6.2,3
"2023-10-19 16:00:00",24.74,13.62,7.09
"2023-10-19 17:00:00",49.47,11.78,7.36
"2023-10-19 18:00:00",61.47,9.22,6.03
"2023-10-19 19:00:00",44.41,9.25,6.14
"2023-10-19 20:00:00",39.85,9.86,6.67
"2023-10-19 21:00:00",36.62,9.52,6.88
"2023-10-19 22:00:00",18.06,10.37,7.02
"2023-10-19 23:00:00",13.77,8.41,5.13
"2023-10-20 00:00:00",20.26,8.72,4.8
"2023-10-20 01:00:00",19.95,9.41,5.28
"2023-10-20 02:00:00",25.48,10.29,5.47
"2023-10-20 03:00:00",16.79,10.59,5.11
"2023-10-20 04:00:00",19.49,7.89,4.42
"2023-10-20 05:00:00",32.87,8.01,4.55
"2023-10-20 06:00:00",51.72,8.38,4.84
"2023-10-20 07:00:00",80.73,9.05,5.81
"2023-10-20 08:00:00",87.83,9.87,6.64
"2023-10-20 09:00:00",67.85,12.47,7.87
"2023-10-20 10:00:00",50.76,12.93,8.13
"2023-10-20 11:00:00",42.1,7.23,4.72
"2023-10-20 12:00:00",40.31,8.59,4.44
"2023-10-20 13:00:00",24.43,11.76,6.09
"2023-10-20 14:00:00",29.46,16.35,7.77
"2023-10-20 15:00:00",24.81,13.76,7.03
"2023-10-20 16:00:00",25,13,6.88
"2023-10-20 17:00:00",23.34,14.68,7.88
"2023-10-20 18:00:00",22.24,14.94,7.5
"2023-10-20 19:00:00",17.41,15.71,8.48
"2023-10-20 20:00:00",15.69,16.54,8
"2023-10-20 21:00:00",19.42,17.93,7.92
"2023-10-20 22:00:00",33.25,20.95,9.21
"2023-10-20 23:00:00",21.02,19.41,7.97
"2023-10-21 00:00:00",20.31,15.72,6.53
"2023-10-21 01:00:00",25.68,14.66,5.94
"2023-10-21 02:00:00",31.29,14.44,5.34
"2023-10-21 03:00:00",23.54,13.24,4.87
"2023-10-21 04:00:00",9.14,12.98,4.64
"2023-10-21 05:00:00",5.07,9.24,3.95
"2023-10-21 06:00:00",19.33,5.25,2.73
"2023-10-21 07:00:00",33.32,6.1,2.35
"2023-10-21 08:00:00",48.11,5.32,2.49
"2023-10-21 09:00:00",56.14,4.97,2.2
"2023-10-21 10:00:00",50.55,5.54,2.6
"2023-10-21 11:00:00",50.43,5.68,3.19
"2023-10-21 12:00:00",33.96,5.68,3.13
"2023-10-21 13:00:00",37.89,5.45,3
"2023-10-21 14:00:00",40.71,4.16,2.31
"2023-10-21 15:00:00",44.97,4.24,2.17
"2023-10-21 16:00:00",47.63,4.88,2.33
"2023-10-21 17:00:00",50.74,3.47,1.92
"2023-10-21 18:00:00",46.95,4.78,2.56
"2023-10-21 19:00:00",50.77,8.5,5.85
"2023-10-21 20:00:00",44.96,10.4,7.87
"2023-10-21 21:00:00",39.34,10.05,7.53
"2023-10-21 22:00:00",37.42,10.45,8.08
"2023-10-21 23:00:00",33.49,10.6,7.93
"2023-10-22 00:00:00",44.81,10.32,7.89
"2023-10-22 01:00:00",40.58,9.77,6.96
"2023-10-22 02:00:00",25.15,7.98,5.56
"2023-10-22 03:00:00",22.46,7.8,4.88
"2023-10-22 04:00:00",25.81,7.82,4.63
"2023-10-22 05:00:00",19.83,6.65,4.03
"2023-10-22 06:00:00",16.35,7.43,4.09
"2023-10-22 07:00:00",25.03,8,5.13
"2023-10-22 08:00:00",32.32,7.66,4.64
"2023-10-22 09:00:00",37.01,9.16,5.26
"2023-10-22 10:00:00",30.24,8.66,5.16
"2023-10-22 11:00:00",35.13,8.44,4.6
"2023-10-22 12:00:00",33.64,8.01,3.86
"2023-10-22 13:00:00",39.34,7.57,3.27
"2023-10-22 14:00:00",24.35,5.28,2.88
"2023-10-22 15:00:00",26.18,4.88,2.46
"2023-10-22 16:00:00",17.32,5.25,2.86
"2023-10-22 17:00:00",14.71,5.8,3.24
"2023-10-22 18:00:00",16.87,7.1,4.27
"2023-10-22 19:00:00",25.11,9.92,6.43
"2023-10-22 20:00:00",56.06,21.84,16.68
"2023-10-22 21:00:00",75.53,24.24,18.76
"2023-10-22 22:00:00",83.69,30.08,23.26
"2023-10-22 23:00:00",29.72,11.72,8.47
"2023-10-23 00:00:00",43.04,9.86,6.58
"2023-10-23 01:00:00",27.04,8.85,6.01
"2023-10-23 02:00:00",17.58,7.39,4.67
"2023-10-23 03:00:00",6.03,10.14,4.41
"2023-10-23 04:00:00",6.05,10.43,5.01
"2023-10-23 05:00:00",5.96,13.1,5.99
"2023-10-23 06:00:00",7.36,12.46,6.18
"2023-10-23 07:00:00",15.73,13.81,6.6
"2023-10-23 08:00:00",22.76,14.47,6.86
"2023-10-23 09:00:00",23.66,13.08,5.99
"2023-10-23 10:00:00",22.43,14.2,6.27
"2023-10-23 11:00:00",22.75,13.76,5.86
"2023-10-23 12:00:00",16.55,12.21,5.56
"2023-10-23 13:00:00",14.39,12.7,5.93
"2023-10-23 14:00:00",11.52,13.98,5.87
"2023-10-23 15:00:00",13.29,14.59,6.4
"2023-10-23 16:00:00",16.7,15.03,7.75
"2023-10-23 17:00:00",19.1,15.9,8.25
"2023-10-23 18:00:00",18.9,15.25,7.86
"2023-10-23 19:00:00",17.08,15.43,7.96
"2023-10-23 20:00:00",14.78,11.54,5.91
"2023-10-23 21:00:00",24.57,5.2,3.42
"2023-10-23 22:00:00",18.52,5.4,3.94
"2023-10-23 23:00:00",21.97,5.98,3.77
"2023-10-24 00:00:00",12.65,4.5,2.89
"2023-10-24 01:00:00",9.9,4.64,2.44
"2023-10-24 02:00:00",5.63,10.25,4.29
"2023-10-24 03:00:00",5.63,11.85,4.69
"2023-10-24 04:00:00",4.84,11.65,3.87
"2023-10-24 05:00:00",13.64,10.29,3.53
"2023-10-24 06:00:00",5.18,9.02,3.36
"2023-10-24 07:00:00",16.84,4.44,1.79
"2023-10-24 08:00:00",46.84,5.56,2.36
"2023-10-24 09:00:00",36.99,7.4,3.36
"2023-10-24 10:00:00",33.57,9.88,4.14
"2023-10-24 11:00:00",36.38,7.85,3.16
"2023-10-24 12:00:00",29.59,5.12,2.2
"2023-10-24 13:00:00",35.33,6.4,2.97
"2023-10-24 14:00:00",36.44,5.96,2.77
"2023-10-24 15:00:00",36.09,6.34,3.07
"2023-10-24 16:00:00",28.9,6.97,3.04
"2023-10-24 17:00:00",35.79,7.5,3.39
"2023-10-24 18:00:00",39.94,7.84,3.82
"2023-10-24 19:00:00",46.45,7.83,4.97
"2023-10-24 20:00:00",53.36,10.77,7.65
"2023-10-24 21:00:00",60.54,13.39,8.92
"2023-10-24 22:00:00",32.38,11.71,7.72
"2023-10-24 23:00:00",64.16,13.73,10.15
"2023-10-25 00:00:00",49.62,14.84,11.26
"2023-10-25 01:00:00",44.86,15.3,12.64
"2023-10-25 02:00:00",36.59,14.14,11.48
"2023-10-25 03:00:00",35.96,14.7,11.76
"2023-10-25 04:00:00",39,16.49,13.5
"2023-10-25 05:00:00",47.37,18.76,15.83
"2023-10-25 06:00:00",48.33,17.98,14.98
"2023-10-25 07:00:00",77.66,18.12,14.48
"2023-10-25 08:00:00",72.12,14.72,12.43
"2023-10-25 09:00:00",71.55,13.61,10.96
"2023-10-25 10:00:00",98.18,20.58,15.19
"2023-10-25 11:00:00",88.23,26.39,16.67
"2023-10-25 12:00:00",65.42,20.31,14.63
"2023-10-25 13:00:00",26.99,13.42,9.77
"2023-10-25 14:00:00",23.53,10.9,8.34
"2023-10-25 15:00:00",24.23,10.34,7.58
"2023-10-25 16:00:00",21.69,11.99,7.66
"2023-10-25 17:00:00",26.69,11.08,7.59
"2023-10-25 18:00:00",32.41,12.5,7.95
"2023-10-25 19:00:00",35.39,10.76,6.18
"2023-10-25 20:00:00",34.2,13.41,7.72
"2023-10-25 21:00:00",24.29,13.74,8.33
"2023-10-25 22:00:00",17.65,10.35,6.51
"2023-10-25 23:00:00",15.27,8.16,5
"2023-10-26 00:00:00",9.65,8.72,5.14
"2023-10-26 01:00:00",7.91,9.3,5.55
"2023-10-26 02:00:00",7.25,8.62,5.94
"2023-10-26 03:00:00",8.54,4.11,3.02
"2023-10-26 04:00:00",11.29,3.46,1.9
"2023-10-26 05:00:00",22.74,3.18,1.19
"2023-10-26 06:00:00",55.5,5.61,2.46
"2023-10-26 07:00:00",82.89,7.81,4.61
"2023-10-26 08:00:00",75.64,8.24,4.83
"2023-10-26 09:00:00",73.97,12,7.14
"2023-10-26 10:00:00",99.34,19.81,10.64
"2023-10-26 11:00:00",85.05,21.01,11.14
"2023-10-26 12:00:00",51.47,13.73,6.19
"2023-10-26 13:00:00",41.3,13.19,5.39
"2023-10-26 14:00:00",31.65,9.68,4.26
"2023-10-26 15:00:00",35.4,9.11,3.61
"2023-10-26 16:00:00",34.96,8.19,3.29
"2023-10-26 17:00:00",35.08,6.19,3.2
"2023-10-26 18:00:00",31.41,8.01,4.65
"2023-10-26 19:00:00",42.63,10.94,6.64
"2023-10-26 20:00:00",55.32,11.57,7.94
"2023-10-26 21:00:00",73.77,17.54,13.03
"2023-10-26 22:00:00",38.64,7.84,5.7
"2023-10-26 23:00:00",63.25,9.18,5.6
"2023-10-27 00:00:00",63.84,14.21,6.46
"2023-10-27 01:00:00",54.35,15.67,6.92
"2023-10-27 02:00:00",49.53,9.62,5.83
"2023-10-27 03:00:00",36.91,8.28,4.89
"2023-10-27 04:00:00",32.8,9.37,5.19
"2023-10-27 05:00:00",21.29,7.83,4.14
"2023-10-27 06:00:00",38.98,8.27,5.06
"2023-10-27 07:00:00",56.29,10.96,7.23
"2023-10-27 08:00:00",75.11,16.28,9.3
"2023-10-27 09:00:00",50.41,14.74,6.96
"2023-10-27 10:00:00",84.87,20.06,9.97
"2023-10-27 11:00:00",58.28,16,6.89
"2023-10-27 12:00:00",26.14,12.19,5.33
"2023-10-27 13:00:00",16.14,12.21,5.24
"2023-10-27 14:00:00",24.07,13.27,5.48
"2023-10-27 15:00:00",27.73,13.21,5.35
"2023-10-27 16:00:00",23.61,11.14,4.9
"2023-10-27 17:00:00",20.68,7.85,3.86
"2023-10-27 18:00:00",20.61,9.8,4.71
"2023-10-27 19:00:00",35.99,15.11,8.04
"2023-10-27 20:00:00",35.17,20.92,12.37
"2023-10-27 21:00:00",25.67,13.25,8.76
"2023-10-27 22:00:00",27.87,13.36,9.13
"2023-10-27 23:00:00",15.34,6.72,4.84
"2023-10-28 00:00:00",21.02,7.5,4.59
"2023-10-28 01:00:00",27.28,9.29,4.89
"2023-10-28 02:00:00",13.62,7.42,4.47
"2023-10-28 03:00:00",18.62,7.24,3.82
"2023-10-28 04:00:00",28.02,7.03,3.91
"2023-10-28 05:00:00",6.85,7.35,3.23
"2023-10-28 06:00:00",7.29,8.55,3.48
"2023-10-28 07:00:00",9.54,5.9,2.9
"2023-10-28 08:00:00",23.82,4.84,2.63
"2023-10-28 09:00:00",20.29,5.33,2.9
"2023-10-28 10:00:00",24.4,6.85,3.49
"2023-10-28 11:00:00",15.02,7.93,4.01
"2023-10-28 12:00:00",13.04,8.96,4.28
"2023-10-28 13:00:00",12,10.09,4.89
"2023-10-28 14:00:00",13.8,13.74,6.06
"2023-10-28 15:00:00",14.15,11.83,5.68
"2023-10-28 16:00:00",12.94,12.59,5.95
"2023-10-28 17:00:00",14.89,18.66,8.98
"2023-10-28 18:00:00",22.34,16.94,9.23
"2023-10-28 19:00:00",34.51,28.17,14.14
"2023-10-28 20:00:00",18.54,14.05,8.98
"2023-10-28 21:00:00",17.6,14.72,8.16
"2023-10-28 22:00:00",40.67,14,8.07
"2023-10-28 23:00:00",17.82,11.94,5.91
"2023-10-29 00:00:00",21.02,12,6.07
"2023-10-29 00:01:00",,,
"2023-10-29 01:01:00",,,
"2023-10-29 02:00:00",17.23,9.62,4.64
"2023-10-29 03:00:00",20.26,2.32,1.09
"2023-10-29 04:00:00",14.98,2.15,1.1
"2023-10-29 05:00:00",12.92,2.31,1.33
"2023-10-29 06:00:00",15.33,2.92,1.46
"2023-10-29 07:00:00",10.54,2.48,1.3
"2023-10-29 08:00:00",29.88,3.72,1.99
"2023-10-29 08:01:00",,,
"2023-10-29 09:01:00",,,
"2023-10-29 10:00:00",61.37,6.99,3.96
"2023-10-29 11:00:00",65.28,10.39,5.67
"2023-10-29 12:00:00",45.36,10.15,5.29
"2023-10-29 13:00:00",19.46,7.01,3.29
"2023-10-29 14:00:00",20.46,6.19,3.43
"2023-10-29 15:00:00",19.08,6.03,3.69
"2023-10-29 16:00:00",14.04,7.97,4.17
"2023-10-29 17:00:00",17.22,7.03,3.88
"2023-10-29 18:00:00",20.27,6.73,4.89
"2023-10-29 19:00:00",31.89,8.08,6.17
"2023-10-29 20:00:00",39.67,10.84,8.68
"2023-10-29 21:00:00",61.53,15.39,12.45
"2023-10-29 22:00:00",57.88,19.14,15.62
"2023-10-29 23:00:00",51.21,22.2,18.39
"2023-10-30 00:00:00",51.94,21.11,18.06
"2023-10-30 01:00:00",43.26,24.46,20.28
"2023-10-30 02:00:00",48.65,42.14,37.88
"2023-10-30 03:00:00",35.44,38.17,34.95
"2023-10-30 04:00:00",34.8,33.34,30.1
"2023-10-30 05:00:00",29.14,28.11,25.06
"2023-10-30 06:00:00",28.8,26.94,24.36
"2023-10-30 07:00:00",26.73,25.26,22.94
"2023-10-30 08:00:00",32.13,24.04,22.21
"2023-10-30 09:00:00",41.11,22.87,20.87
"2023-10-30 10:00:00",34.33,20.74,18.66
"2023-10-30 11:00:00",47.65,22.52,18.95
"2023-10-30 12:00:00",57.21,18.68,15.23
"2023-10-30 13:00:00",47.81,9.53,5.77
"2023-10-30 14:00:00",66.2,12.6,7.96
"2023-10-30 15:00:00",62.06,12.87,8.11
"2023-10-30 16:00:00",54.18,8.86,5.04
"2023-10-30 17:00:00",42.09,8.56,5.08
"2023-10-30 18:00:00",54.83,9.25,5.34
"2023-10-30 19:00:00",54.27,12.6,7.62
"2023-10-30 20:00:00",77.77,30,22.69
"2023-10-30 21:00:00",68.02,37.21,31.42
"2023-10-30 22:00:00",71.83,27.96,24.41
"2023-10-30 23:00:00",66.72,35.87,31.96
"2023-10-31 00:00:00",59.27,30.92,26.56
"2023-10-31 01:00:00",49.83,40.11,37.73
"2023-10-31 02:00:00",52.15,42.46,40.82
"2023-10-31 03:00:00",50.44,25.09,23.8
"2023-10-31 04:00:00",46.64,15.88,14.57
"2023-10-31 05:00:00",32.53,10.5,8.16
"2023-10-31 06:00:00",16.27,6.24,4.45
"2023-10-31 07:00:00",33.26,8.48,7
"2023-10-31 08:00:00",48.15,8.86,7
"2023-10-31 09:00:00",58.21,9.76,8.17
"2023-10-31 10:00:00",48.42,7.27,5.8
"2023-10-31 11:00:00",45.52,6.45,4.57
"2023-10-31 12:00:00",45.29,5.55,3.31
"2023-10-31 13:00:00",52.38,6.34,3.46
"2023-10-31 14:00:00",55.17,7.91,3.03
"2023-10-31 15:00:00",40.07,10.24,4.4
"2023-10-31 16:00:00",36.52,9.61,4.34
"2023-10-31 17:00:00",49.74,10.68,5.46
"2023-10-31 18:00:00",47.45,14.23,5.78
"2023-10-31 19:00:00",39.94,13.32,7.93
"2023-10-31 20:00:00",49.71,16.41,10.64
"2023-10-31 21:00:00",30.06,25.67,19.89
"2023-10-31 22:00:00",21.15,17.27,14.71
"2023-10-31 23:00:00",15.22,9.83,8.1
"2023-11-01 00:00:00",10.02,5.76,3.99
"2023-11-01 01:00:00",13.19,6.21,3.35
"2023-11-01 02:00:00",9.08,7.99,5.51
"2023-11-01 03:00:00",5.72,8.74,5.15
"2023-11-01 04:00:00",5.79,4.75,2.9
"2023-11-01 05:00:00",6.24,8.16,4.57
"2023-11-01 06:00:00",11.3,4.99,2.94
"2023-11-01 07:00:00",12.8,3.25,1.69
"2023-11-01 08:00:00",15.63,8.38,3.69
"2023-11-01 09:00:00",42.95,15.4,6.83
"2023-11-01 10:00:00",23.78,12.85,5.85
"2023-11-01 11:00:00",51.79,8.89,4.26
"2023-11-01 12:00:00",26.22,5.44,2.73
"2023-11-01 13:00:00",27.21,5.62,2.47
"2023-11-01 14:00:00",26.19,8.51,3.98
"2023-11-01 15:00:00",30.19,16.14,6.84
"2023-11-01 16:00:00",26.54,11.96,5.22
"2023-11-01 17:00:00",32.82,10.9,4.5
"2023-11-01 18:00:00",45.57,11.63,4.45
"2023-11-01 19:00:00",51.05,14.2,7.69
"2023-11-01 20:00:00",37.91,15.67,9.75
"2023-11-01 21:00:00",48.02,20.59,11.47
"2023-11-01 22:00:00",46.17,24.06,15.16
"2023-11-01 23:00:00",52.41,28.5,20.86
"2023-11-02 00:00:00",59.94,36.49,28.6
"2023-11-02 01:00:00",58.29,36.61,27.91
"2023-11-02 02:00:00",55.65,32.5,25.44
"2023-11-02 03:00:00",31.46,14.96,9.27
"2023-11-02 04:00:00",23.04,10.59,6.42
"2023-11-02 05:00:00",41.8,10.06,6.41
"2023-11-02 06:00:00",18.85,10.35,5.49
"2023-11-02 07:00:00",32.2,9.19,4.42
"2023-11-02 08:00:00",51.81,10.45,4.87
"2023-11-02 09:00:00",60.21,11.51,5.4
"2023-11-02 10:00:00",60.55,11.13,6.02
"2023-11-02 11:00:00",56.45,13.07,6.55
"2023-11-02 12:00:00",41.27,13.2,5.75
"2023-11-02 13:00:00",37.35,9.99,4.11
"2023-11-02 14:00:00",44.42,13.71,6.49
"2023-11-02 15:00:00",58.04,16.78,8.22
"2023-11-02 16:00:00",65.2,14.66,7.15
"2023-11-02 17:00:00",49.67,9.54,5.29
"2023-11-02 18:00:00",53.28,9.42,5.1
"2023-11-02 19:00:00",66.88,12.4,6.68
"2023-11-02 20:00:00",70.88,20.4,11.38
"2023-11-02 21:00:00",60.94,17.25,9.73
"2023-11-02 22:00:00",59.45,14.75,8.21
"2023-11-02 23:00:00",53.82,11.09,6.73
"2023-11-03 00:00:00",42.02,10.51,6.33
"2023-11-03 01:00:00",52.75,10.45,6.19
"2023-11-03 02:00:00",30.51,9.05,5.73
"2023-11-03 03:00:00",22.86,7.09,4.89
"2023-11-03 04:00:00",30.72,7.31,5.72
"2023-11-03 05:00:00",41.27,12.51,10.21
"2023-11-03 06:00:00",23.98,10.47,7.27
"2023-11-03 07:00:00",30.37,9.49,6.3
"2023-11-03 08:00:00",40.8,10.1,6.08
"2023-11-03 09:00:00",46.19,10.38,6.11
"2023-11-03 10:00:00",39.91,11.3,5.6
"2023-11-03 11:00:00",41.73,11.33,5.37
"2023-11-03 12:00:00",33.58,10.27,5.08
"2023-11-03 13:00:00",29.3,9.61,4.48
"2023-11-03 14:00:00",36.41,9.04,3.87
"2023-11-03 15:00:00",35.96,11.37,4.9
"2023-11-03 16:00:00",30.61,11.16,4.85
"2023-11-03 17:00:00",42.1,12.96,5.7
"2023-11-03 18:00:00",58.23,13.46,6.1
"2023-11-03 19:00:00",59.43,16.26,7.3
"2023-11-03 20:00:00",56.54,27.4,11.6
"2023-11-03 21:00:00",43.26,29.14,14.04
"2023-11-03 22:00:00",38.89,12.8,7.11
"2023-11-03 23:00:00",45.15,13.63,9.21
"2023-11-04 00:00:00",52.99,18.95,12.23
"2023-11-04 01:00:00",32.75,15.9,12.29
"2023-11-04 02:00:00",37.23,8.4,6.18
"2023-11-04 03:00:00",48.66,14.42,11.03
"2023-11-04 04:00:00",43.42,14.81,10.6
"2023-11-04 05:00:00",38.49,8.69,5.84
"2023-11-04 06:00:00",20.21,7.03,4.42
"2023-11-04 07:00:00",30.34,5.2,3.93
"2023-11-04 08:00:00",66.53,4.03,2.86
"2023-11-04 09:00:00",70.98,6.97,3.75
"2023-11-04 10:00:00",59.25,9.11,4.32
"2023-11-04 11:00:00",33.03,10.87,4.9
"2023-11-04 12:00:00",29.24,9.98,4.53
"2023-11-04 13:00:00",45.98,11.17,5.26
"2023-11-04 14:00:00",56.65,8.24,4.68
"2023-11-04 15:00:00",39.29,9.39,4.77
"2023-11-04 16:00:00",33.74,9.19,4.39
"2023-11-04 17:00:00",40.3,8.11,4.54
"2023-11-04 18:00:00",89.6,11.26,6.74
"2023-11-04 19:00:00",66.59,15.62,10.12
"2023-11-04 20:00:00",48.92,13.69,8.54
"2023-11-04 21:00:00",37.77,10.79,7.56
"2023-11-04 22:00:00",47.09,10.91,7.87
"2023-11-04 23:00:00",27.16,12.4,9.36
"2023-11-05 00:00:00",34.53,13.9,10.95
"2023-11-05 01:00:00",30.3,12.39,9.85
"2023-11-05 02:00:00",25.12,11.96,9.72
"2023-11-05 03:00:00",15.69,11.63,9.17
"2023-11-05 04:00:00",12.06,8.46,6.55
"2023-11-05 05:00:00",10.3,8.19,5.83
"2023-11-05 06:00:00",8.67,7.77,5.67
"2023-11-05 07:00:00",9.25,5.93,4.35
"2023-11-05 08:00:00",7.79,6.23,4.29
"2023-11-05 09:00:00",16.18,7.69,5.49
"2023-11-05 10:00:00",25.96,4.71,3.21
"2023-11-05 11:00:00",22.89,6.91,4.7
"2023-11-05 12:00:00",20.35,7.37,4.94
"2023-11-05 13:00:00",19.81,5.39,2.87
"2023-11-05 14:00:00",26.48,6.39,3.27
"2023-11-05 15:00:00",27.86,5.99,2.65
"2023-11-05 16:00:00",28.48,7.28,3.56
"2023-11-05 17:00:00",44.16,5.64,3.3
"2023-11-05 18:00:00",40.23,5.42,3.16
"2023-11-05 19:00:00",40.77,5.32,3.44
"2023-11-05 20:00:00",46.18,6.85,4.76
"2023-11-05 21:00:00",36.46,7.86,5.71
"2023-11-05 21:01:00",,,
"2023-11-05 22:01:00",,,
"2023-11-06 01:00:00",9.81,8.83,5.15
"2023-11-06 02:00:00",9.94,11.92,5.35
"2023-11-06 03:00:00",6.72,10.78,5.05
"2023-11-06 04:00:00",9.09,10.12,4.7
"2023-11-06 05:00:00",6.92,8.02,3.92
"2023-11-06 06:00:00",5.19,9.14,3.89
"2023-11-06 07:00:00",22.51,11.09,4.79
"2023-11-06 08:00:00",45.46,14.3,6.36
"2023-11-06 09:00:00",54.31,18.22,7.55
"2023-11-06 10:00:00",54.66,15.75,7.31
"2023-11-06 11:00:00",44.28,11.41,4.99
"2023-11-06 12:00:00",38.41,10.91,4.7
"2023-11-06 13:00:00",35.91,10.65,4.61
"2023-11-06 14:00:00",29.84,10.67,5.74
"2023-11-06 15:00:00",33.99,11.82,5.23
"2023-11-06 16:00:00",31.51,10.63,3.89
"2023-11-06 17:00:00",44.3,10.79,4.37
"2023-11-06 18:00:00",55.42,11.89,4.72
"2023-11-06 19:00:00",48.56,15.47,6.5
"2023-11-06 20:00:00",38.57,14.75,6.76
"2023-11-06 21:00:00",28.73,11.09,6.2
"2023-11-06 22:00:00",24.44,11.91,6.2
"2023-11-06 23:00:00",27.48,10.63,6.13
"2023-11-07 00:00:00",20.78,11.08,5.41
"2023-11-07 01:00:00",19.11,10.59,5.2
"2023-11-07 02:00:00",18.27,8.45,4.69
"2023-11-07 03:00:00",10.7,8.04,4.58
"2023-11-07 04:00:00",6.77,7.3,4.17
"2023-11-07 05:00:00",4.93,7.17,3.9
"2023-11-07 06:00:00",7.92,6.47,3.56
"2023-11-07 07:00:00",16.77,5.34,2.93
"2023-11-07 08:00:00",33.91,7.7,3.93
"2023-11-07 09:00:00",41.67,9.17,4.19
"2023-11-07 10:00:00",40.75,10.15,4.32
"2023-11-07 11:00:00",39.45,14.44,5.61
"2023-11-07 12:00:00",35.06,15.47,6.03
"2023-11-07 13:00:00",31.89,15.57,5.85
"2023-11-07 14:00:00",37.45,15.76,5.67
"2023-11-07 15:00:00",31.63,12.47,5.22
"2023-11-07 16:00:00",45.3,14.18,5.44
"2023-11-07 17:00:00",50.83,14.19,5.5
"2023-11-07 18:00:00",66.74,19.34,7.11
"2023-11-07 19:00:00",70.01,20.2,8.18
"2023-11-07 20:00:00",47.87,14.58,8.13
"2023-11-07 21:00:00",38.58,20.38,14.24
"2023-11-07 22:00:00",26.73,14.54,10.48
"2023-11-07 23:00:00",22.72,10.57,6.29
"2023-11-08 00:00:00",17.27,12.26,6.52
"2023-11-08 01:00:00",12.36,10.76,5.48
"2023-11-08 02:00:00",7.78,5.62,3.22
"2023-11-08 03:00:00",4.8,3.73,2.21
"2023-11-08 04:00:00",4.64,5.45,4.03
"2023-11-08 05:00:00",3.21,0.54,0.27
"2023-11-08 06:00:00",8.33,0.93,0.2
"2023-11-08 07:00:00",19.17,5.53,2.91
"2023-11-08 08:00:00",39.77,9.31,4.63
"2023-11-08 09:00:00",57.4,11.37,5.51
"2023-11-08 10:00:00",57.51,14.94,7.29
"2023-11-08 11:00:00",48.87,24.14,10.27
"2023-11-08 12:00:00",48.36,26.62,11.04
"2023-11-08 13:00:00",36.04,29.02,11.09
"2023-11-08 14:00:00",26.88,24.15,9.5
"2023-11-08 15:00:00",35.29,21.26,9.18
"2023-11-08 16:00:00",34.15,22.42,8.79
"2023-11-08 17:00:00",40.26,22.26,8.57
"2023-11-08 18:00:00",41.12,20.58,9.16
"2023-11-08 19:00:00",40.26,19.42,9.76
"2023-11-08 20:00:00",37.84,17.41,8.79
"2023-11-08 21:00:00",38.73,11.64,6.19
"2023-11-08 22:00:00",50,8.5,5.84
"2023-11-08 23:00:00",42.1,9.89,6.59
"2023-11-09 00:00:00",28.45,9.08,5.02
"2023-11-09 01:00:00",18.77,10.1,5.37
"2023-11-09 02:00:00",17.56,8.97,4.77
"2023-11-09 03:00:00",9.73,10.25,5.07
"2023-11-09 04:00:00",10.88,8.11,4.41
"2023-11-09 05:00:00",6.07,8.09,4.04
"2023-11-09 06:00:00",13,7.35,3.73
"2023-11-09 07:00:00",18.66,6.78,3.3
"2023-11-09 08:00:00",26.3,7.73,3.57
"2023-11-09 09:00:00",36.99,11.88,3.95
"2023-11-09 10:00:00",31.82,11.47,3.69
"2023-11-09 11:00:00",33.08,9.26,3.12
"2023-11-09 12:00:00",34.25,7.61,2.95
"2023-11-09 13:00:00",33.63,10.6,3.36
"2023-11-09 14:00:00",29.97,10.77,2.92
"2023-11-09 15:00:00",35.18,8.51,2.82
"2023-11-09 16:00:00",40.72,7.99,2.87
"2023-11-09 17:00:00",51.12,11.56,3.82
"2023-11-09 18:00:00",48.26,14.28,5.85
"2023-11-09 19:00:00",55.13,14.97,6.89
"2023-11-09 20:00:00",47.83,12.6,6.55
"2023-11-09 21:00:00",42.87,12.88,6.66
"2023-11-09 22:00:00",38.85,11.43,6.9
"2023-11-09 23:00:00",32.7,10.97,6.3
"2023-11-10 00:00:00",31.95,10.88,6.12
"2023-11-10 01:00:00",28.9,14.82,6.74
"2023-11-10 02:00:00",30.82,10.86,6.82
"2023-11-10 03:00:00",18.82,9.3,5.7
"2023-11-10 04:00:00",18.38,5.74,3.99
"2023-11-10 05:00:00",39.84,5.28,3.74
"2023-11-10 06:00:00",12.11,7.16,5.57
"2023-11-10 07:00:00",28.81,9.37,7.02
"2023-11-10 08:00:00",61.4,9.76,7.51
"2023-11-10 09:00:00",51.99,11.11,9.35
"2023-11-10 10:00:00",47.19,9.56,7.98
"2023-11-10 11:00:00",48.73,10.28,7.78
"2023-11-10 12:00:00",37.69,8.88,6.16
"2023-11-10 13:00:00",45.59,6.98,4.33
"2023-11-10 14:00:00",39.29,7.39,3.82
"2023-11-10 15:00:00",38.9,8.1,3.25
"2023-11-10 16:00:00",43.64,8.78,3.25
"2023-11-10 17:00:00",43.54,8.29,3.53
"2023-11-10 18:00:00",55.15,11.75,5.83
"2023-11-10 19:00:00",49.16,14.71,7.49
"2023-11-10 20:00:00",48.56,15.27,8.81
"2023-11-10 21:00:00",45.83,13.66,9.09
"2023-11-10 22:00:00",47.76,12.74,9.3
"2023-11-10 23:00:00",34.76,8.77,6.09
"2023-11-11 00:00:00",42.42,8.92,6.46
"2023-11-11 01:00:00",30.89,10.42,8.24
"2023-11-11 02:00:00",22.25,9.22,6.47
"2023-11-11 03:00:00",22.22,9.02,6.02
"2023-11-11 04:00:00",16.09,10.03,7.02
"2023-11-11 05:00:00",11.9,12.45,9.88
"2023-11-11 06:00:00",16.5,11.88,9.38
"2023-11-11 07:00:00",35.16,11.24,7.95
"2023-11-11 08:00:00",46.47,11.33,7.76
"2023-11-11 09:00:00",48.63,12.5,7.67
"2023-11-11 10:00:00",38.61,11.75,8
"2023-11-11 11:00:00",53.55,13.48,9.11
"2023-11-11 12:00:00",45.68,15.83,7.92
"2023-11-11 13:00:00",44.01,16.9,7.88
"2023-11-11 14:00:00",51.32,15.64,7.67
"2023-11-11 15:00:00",53.56,15.84,7.92
"2023-11-11 16:00:00",60.27,20.33,12
"2023-11-11 17:00:00",58.02,29.79,17.23
"2023-11-11 18:00:00",55.14,28.81,17.72
"2023-11-11 19:00:00",60.98,30.16,20.39
"2023-11-11 20:00:00",71.66,37.72,27.72
"2023-11-11 21:00:00",70.08,39.4,33.06
"2023-11-11 22:00:00",21.12,16.01,11.05
"2023-11-11 23:00:00",9.58,9.02,4.87
"2023-11-12 00:00:00",8.81,7.84,4.19
"2023-11-12 01:00:00",9.28,8.71,4.17
"2023-11-12 02:00:00",8.98,9.13,4.21
"2023-11-12 03:00:00",7.59,8.82,4.18
"2023-11-12 04:00:00",7.86,9.78,4.43
"2023-11-12 05:00:00",7.21,9.94,4.69
"2023-11-12 06:00:00",5.1,11.1,5.22
"2023-11-12 07:00:00",6.13,10.88,5.72
"2023-11-12 08:00:00",5.98,8.8,4.98
"2023-11-12 09:00:00",8.16,8.19,4.76
"2023-11-12 10:00:00",9.11,5.82,3.27
"2023-11-12 11:00:00",12.13,3.66,1.99
"2023-11-12 12:00:00",28.51,8.55,3.91
"2023-11-12 13:00:00",53.99,7.35,3.9
"2023-11-12 14:00:00",38.78,7.02,4.27
"2023-11-12 15:00:00",30.25,8.69,5.21
"2023-11-12 16:00:00",28.32,10.83,6.25
"2023-11-12 17:00:00",30.98,10.13,6.24
"2023-11-12 18:00:00",35.22,10.97,6.81
"2023-11-12 19:00:00",29.22,16.83,12.45
"2023-11-12 20:00:00",27.96,17.39,12.72
"2023-11-12 21:00:00",24.91,19.93,13.31
"2023-11-12 22:00:00",26.52,23.36,15.02
"2023-11-12 23:00:00",22.15,26.59,17.06
"2023-11-13 00:00:00",28.23,23.38,14.71
"2023-11-13 01:00:00",54.18,29.38,17.47
"2023-11-13 02:00:00",20.85,18.26,11.09
"2023-11-13 03:00:00",8.83,7.43,5.33
"2023-11-13 04:00:00",6.6,6.43,4.17
"2023-11-13 05:00:00",4.67,4.11,2.58
"2023-11-13 06:00:00",4.09,1.87,0.85
"2023-11-13 07:00:00",4.45,5.65,3.15
"2023-11-13 08:00:00",14.69,3.5,1.25
"2023-11-13 09:00:00",17.25,3.32,1.5
"2023-11-13 10:00:00",21.93,3.85,1.87
"2023-11-13 11:00:00",18.45,8.51,4.23
"2023-11-13 12:00:00",22.21,12.97,6.13
"2023-11-13 13:00:00",19.77,12.35,6.05
"2023-11-13 14:00:00",19.95,12.25,5.86
"2023-11-13 15:00:00",20.67,13.27,6.17
"2023-11-13 16:00:00",26.87,13.83,6.84
"2023-11-13 17:00:00",35.98,17.64,8.69
"2023-11-13 18:00:00",39.54,17.38,9.39
"2023-11-13 19:00:00",46.71,17.84,10.61
"2023-11-13 20:00:00",39.27,20.33,11.59
"2023-11-13 21:00:00",27.76,20.47,11.63
"2023-11-13 22:00:00",16.84,23.79,12.16
"2023-11-13 23:00:00",22.97,21.32,12.59
"2023-11-14 00:00:00",22.12,18.63,11.1
"2023-11-14 01:00:00",18.57,19.57,11.15
"2023-11-14 02:00:00",14.62,21.77,12.07
"2023-11-14 03:00:00",7.96,21.27,12.23
"2023-11-14 04:00:00",5.84,15.9,9.48
"2023-11-14 05:00:00",15.58,13.05,7.89
"2023-11-14 06:00:00",15.05,11.17,6.83
"2023-11-14 07:00:00",25.14,11.95,7.22
"2023-11-14 08:00:00",58.64,12.22,7.16
"2023-11-14 09:00:00",39.72,15.34,7.95
"2023-11-14 10:00:00",45.03,20.99,13.47
"2023-11-14 11:00:00",40.42,16.42,7.32
"2023-11-14 12:00:00",38.97,15.14,7.52
"2023-11-14 13:00:00",35.22,17.17,7.89
"2023-11-14 14:00:00",27.09,19.37,7.83
"2023-11-14 15:00:00",33.16,12.98,6.1
"2023-11-14 16:00:00",39.06,14.44,5.52
"2023-11-14 17:00:00",42.16,12.63,5.61
"2023-11-14 18:00:00",47.73,17.22,7.99
"2023-11-14 19:00:00",58.81,16.48,8.53
"2023-11-14 20:00:00",46.25,18.57,9.41
"2023-11-14 21:00:00",36.99,17.24,8.65
"2023-11-14 22:00:00",24.2,14.77,7.83
"2023-11-14 23:00:00",24.35,14.62,7.31
"2023-11-14 23:01:00",,,
"2023-11-15 00:01:00",,,
"2023-11-15 01:00:00",17.92,11.82,6.35
"2023-11-15 02:00:00",9.37,12.65,6.49
"2023-11-15 03:00:00",5.63,14.6,7.34
"2023-11-15 04:00:00",5.1,14.93,7.33
"2023-11-15 05:00:00",3.28,12.15,6.22
"2023-11-15 06:00:00",6.51,10.26,5.15
"2023-11-15 07:00:00",18.51,9.78,4.52
"2023-11-15 08:00:00",41,10.5,4.61
"2023-11-15 09:00:00",51.05,12.15,5.06
"2023-11-15 10:00:00",53.56,15.48,5.52
"2023-11-15 11:00:00",51.24,17.13,6.09
"2023-11-15 12:00:00",39.32,15.44,5.97
"2023-11-15 13:00:00",37.43,14.36,5.91
"2023-11-15 14:00:00",37.34,13.63,6.05
"2023-11-15 15:00:00",38.24,15.32,6.36
"2023-11-15 16:00:00",43.97,16.66,6.77
"2023-11-15 17:00:00",63.88,17.95,7.72
"2023-11-15 18:00:00",90.15,29.24,11.91
"2023-11-15 19:00:00",91.2,36.06,15.33
"2023-11-15 20:00:00",89.94,44.95,26.77
"2023-11-15 21:00:00",83.14,40.49,23.09
"2023-11-15 22:00:00",72.04,40.88,23.99
"2023-11-15 23:00:00",72.5,41.97,27.45
"2023-11-16 00:00:00",70.51,46.07,35
"2023-11-16 01:00:00",52.45,51.44,41.24
"2023-11-16 02:00:00",44.14,44.57,35.7
"2023-11-16 03:00:00",46.03,48.91,41.28
"2023-11-16 04:00:00",39.83,49.13,41.97
"2023-11-16 05:00:00",42.46,40.39,34.6
"2023-11-16 06:00:00",34.73,34.29,28.25
"2023-11-16 07:00:00",45.47,28.96,22.51
"2023-11-16 08:00:00",70.69,32.69,24.26
"2023-11-16 09:00:00",74.14,36.68,25.18
"2023-11-16 10:00:00",76.78,43.54,25.69
"2023-11-16 11:00:00",83.37,41.69,25.32
"2023-11-16 12:00:00",74.18,37.03,21.37
"2023-11-16 13:00:00",72.35,46.31,20.77
"2023-11-16 14:00:00",61.1,45.59,18.45
"2023-11-16 15:00:00",45.21,17.05,7.06
"2023-11-16 16:00:00",36.16,16.26,6.29
"2023-11-16 17:00:00",39.04,9.4,4.47
"2023-11-16 18:00:00",49.81,6.23,3.25
"2023-11-16 19:00:00",54.64,5.42,4.1
"2023-11-16 20:00:00",58.44,7.89,4.9
"2023-11-16 21:00:00",63.81,9.03,5.45
"2023-11-16 22:00:00",36.69,8.12,5.21
"2023-11-16 23:00:00",38.26,11.39,7.02
"2023-11-17 00:00:00",40.74,13.05,6.89
"2023-11-17 01:00:00",35.69,15.33,7.13
"2023-11-17 02:00:00",17.9,19.62,8.1
"2023-11-17 03:00:00",10.49,15.93,7.75
"2023-11-17 04:00:00",6.11,12.63,6.49
"2023-11-17 05:00:00",6.85,11.07,5.96
"2023-11-17 06:00:00",12.57,11.63,5.53
"2023-11-17 07:00:00",19.02,12.04,5.97
"2023-11-17 08:00:00",56.82,12.57,5.55
"2023-11-17 09:00:00",55.87,12.58,5.56
"2023-11-17 10:00:00",57.86,14.46,6.11
"2023-11-17 11:00:00",64.1,17.65,6.45
"2023-11-17 12:00:00",52.36,18.35,6.41
"2023-11-17 13:00:00",55.89,17.63,6.34
"2023-11-17 14:00:00",58.29,20.54,6.39
"2023-11-17 15:00:00",25.14,17.13,6.21
"2023-11-17 16:00:00",25.9,14.97,6.03
"2023-11-17 17:00:00",39.98,21.06,7.55
"2023-11-17 18:00:00",35.26,21.36,8.79
"2023-11-17 19:00:00",23.82,13.96,8.69
"2023-11-17 20:00:00",28.69,13.32,9.34
"2023-11-17 21:00:00",11.28,8.6,5.53
"2023-11-17 22:00:00",11.5,5.31,3.95
"2023-11-17 23:00:00",9.66,2.57,1.92
"2023-11-18 00:00:00",6.43,2.03,1.26
"2023-11-18 01:00:00",9.07,1.99,1.08
"2023-11-18 02:00:00",6.62,1.62,0.9
"2023-11-18 03:00:00",26.53,1.82,1.14
"2023-11-18 04:00:00",38.62,2.15,1.51
"2023-11-18 05:00:00",16.67,1.46,0.55
"2023-11-18 06:00:00",8.79,1.06,0.61
"2023-11-18 07:00:00",8.54,2.17,0.99
"2023-11-18 08:00:00",21.82,5.1,3.01
"2023-11-18 09:00:00",14.14,7.41,4.5
"2023-11-18 10:00:00",15.85,9.56,5.77
"2023-11-18 11:00:00",20.25,11.55,6.3
"2023-11-18 12:00:00",17.27,12.08,7.25
"2023-11-18 13:00:00",17.58,9.81,6.09
"2023-11-18 14:00:00",34.65,9.68,5.77
"2023-11-18 15:00:00",33.28,13.78,7.19
"2023-11-18 16:00:00",24.33,16.07,9.05
"2023-11-18 17:00:00",32.4,13.9,8.54
"2023-11-18 18:00:00",34.92,11.79,7
"2023-11-18 19:00:00",29.1,10.94,7.35
"2023-11-18 20:00:00",26.35,14.71,9.26
"2023-11-18 21:00:00",16.69,17.02,9.87
"2023-11-18 22:00:00",18.01,12.56,8.07
"2023-11-18 23:00:00",17.47,12.87,8.45
"2023-11-19 00:00:00",12.53,14.16,8.73
"2023-11-19 01:00:00",12.15,14.6,8.88
"2023-11-19 02:00:00",13.96,12.3,7.84
"2023-11-19 03:00:00",15.89,11.62,7.18
"2023-11-19 04:00:00",10.35,10.66,6.46
"2023-11-19 05:00:00",7.46,9.45,5.72
"2023-11-19 06:00:00",4.88,7.48,4.71
"2023-11-19 07:00:00",4.79,6.22,3.89
"2023-11-19 08:00:00",5.84,4.9,3.24
"2023-11-19 09:00:00",10.77,3.96,2.67
"2023-11-19 10:00:00",13.2,2.02,1.32
"2023-11-19 11:00:00",11.23,1.26,0.62
"2023-11-19 12:00:00",19.37,2.09,1.21
"2023-11-19 13:00:00",20.13,1.87,1.18
"2023-11-19 14:00:00",20.42,2.09,1.37
"2023-11-19 15:00:00",18.56,6.39,3.81
"2023-11-19 16:00:00",17.6,9.68,5.79
"2023-11-19 17:00:00",24.82,10.21,5.83
"2023-11-19 18:00:00",27.77,13.48,7.78
"2023-11-19 19:00:00",28.97,13.84,8.46
"2023-11-19 20:00:00",31.32,15.81,9.33
"2023-11-19 21:00:00",28.51,18.7,10.71
"2023-11-19 22:00:00",24.49,20.01,10.57
"2023-11-19 23:00:00",17.01,18.3,10.02
"2023-11-20 00:00:00",15.51,14.28,8.33
"2023-11-20 01:00:00",11.66,11.86,6.61
"2023-11-20 02:00:00",28.67,9.67,5.47
"2023-11-20 03:00:00",18.52,8.94,5.23
"2023-11-20 04:00:00",9.65,7.37,4.69
"2023-11-20 05:00:00",6.74,7.78,4.85
"2023-11-20 06:00:00",5.49,10.04,7.01
"2023-11-20 07:00:00",15.52,11.36,7.78
"2023-11-20 08:00:00",44.48,6.55,4.83
"2023-11-20 09:00:00",53.35,4.71,3.01
"2023-11-20 10:00:00",62.61,4.1,2.3
"2023-11-20 11:00:00",41.5,3.48,1.87
"2023-11-20 12:00:00",35.57,3.37,1.79
"2023-11-20 13:00:00",39.01,4.45,2.16
"2023-11-20 14:00:00",32.16,4.55,2.34
"2023-11-20 15:00:00",35.37,6.44,2.99
"2023-11-20 16:00:00",44.08,7.31,3.25
"2023-11-20 17:00:00",50.7,8.79,3.83
"2023-11-20 18:00:00",55.84,9.2,4.38
"2023-11-20 19:00:00",40.65,7.98,4.11
"2023-11-20 20:00:00",35.22,7.6,3.94
"2023-11-20 21:00:00",21.47,8.18,4.26
"2023-11-20 22:00:00",20.48,9.12,4.89
"2023-11-20 23:00:00",22.31,12.1,6.54
"2023-11-21 00:00:00",27.44,15.68,7.9
"2023-11-21 01:00:00",24.36,17.18,8.13
"2023-11-21 02:00:00",25.11,15.87,7.92
"2023-11-21 03:00:00",13.15,15.63,7.45
"2023-11-21 04:00:00",15.65,15.16,7.08
"2023-11-21 05:00:00",21.59,14.93,6.8
"2023-11-21 06:00:00",19.87,13.56,6.52
"2023-11-21 07:00:00",29.35,14.5,6.57
"2023-11-21 08:00:00",47.51,15.38,6.9
"2023-11-21 09:00:00",66.02,17.9,7.69
"2023-11-21 10:00:00",75.79,21.08,8.83
"2023-11-21 11:00:00",53.87,16.01,7.68
"2023-11-21 12:00:00",43.39,15.5,6.85
"2023-11-21 13:00:00",49.04,16.14,6.81
"2023-11-21 14:00:00",48.39,16.13,6.77
"2023-11-21 15:00:00",57,17.99,7.16
"2023-11-21 16:00:00",51.93,17.29,7.04
"2023-11-21 17:00:00",65.39,19.49,7.77
"2023-11-21 18:00:00",70.7,29.35,12.7
"2023-11-21 19:00:00",61.23,30.66,13.2
"2023-11-21 20:00:00",54.77,33.25,14.48
"2023-11-21 21:00:00",57.26,24.56,14.2
"2023-11-21 22:00:00",49.4,23.67,14.39
"2023-11-21 23:00:00",49.62,21.08,12.56
"2023-11-22 00:00:00",38.28,12.83,6.51
"2023-11-22 01:00:00",21.79,8.04,4.14
"2023-11-22 02:00:00",18.15,6.94,3.87
"2023-11-22 03:00:00",9.88,4.66,2.75
"2023-11-22 04:00:00",10.09,4.8,3.07
"2023-11-22 05:00:00",7.5,3.2,2.24
"2023-11-22 06:00:00",9.92,2.68,1.86
"2023-11-22 07:00:00",12.51,2.76,1.33
"2023-11-22 08:00:00",36.42,5.38,2.13
"2023-11-22 09:00:00",51.92,7.01,3.2
"2023-11-22 10:00:00",50.88,5.79,3.31
"2023-11-22 11:00:00",48.44,6.47,2.95
"2023-11-22 12:00:00",35.65,4.55,1.91
"2023-11-22 13:00:00",27.44,3.37,1.82
"2023-11-22 14:00:00",36.97,5.11,2.19
"2023-11-22 15:00:00",45.04,9.17,2.58
"2023-11-22 16:00:00",41.75,4.11,2.28
"2023-11-22 17:00:00",47.23,6.11,2.82
"2023-11-22 18:00:00",43.58,7.69,4.19
"2023-11-22 19:00:00",62.75,8.45,4.72
"2023-11-22 20:00:00",44.5,9.15,5.22
"2023-11-22 21:00:00",34.98,8.08,4.82
"2023-11-22 22:00:00",26.08,6.46,3.64
"2023-11-22 23:00:00",25.16,4.75,2.91
"2023-11-23 00:00:00",20.2,4.36,2.63
"2023-11-23 01:00:00",17.47,3.18,2.12
"2023-11-23 02:00:00",14.75,2.07,1.17
"2023-11-23 03:00:00",6.51,1.57,0.86
"2023-11-23 04:00:00",5.77,1.47,0.64
"2023-11-23 05:00:00",6.21,1.41,0.67
"2023-11-23 06:00:00",7.44,2.04,1.01
"2023-11-23 07:00:00",15.01,2.29,0.96
"2023-11-23 08:00:00",34.89,3.87,1.63
"2023-11-23 09:00:00",38.51,7.63,2.65
"2023-11-23 10:00:00",44.62,8.95,4.15
"2023-11-23 11:00:00",42.31,10.4,4.78
"2023-11-23 12:00:00",34.64,10.67,4.23
"2023-11-23 13:00:00",37.6,10.69,4.32
"2023-11-23 14:00:00",38.25,13.33,5.79
"2023-11-23 15:00:00",27.7,14.2,6.79
"2023-11-23 16:00:00",20.77,15.06,7.21
"2023-11-23 17:00:00",30.55,12.54,6.85
"2023-11-23 18:00:00",51.14,7.89,5.77
"2023-11-23 19:00:00",43.05,6.1,4.29
"2023-11-23 20:00:00",37.65,2.97,2.27
"2023-11-23 21:00:00",34.78,3.56,2.46
"2023-11-23 22:00:00",30.64,6.89,3.51
"2023-11-23 23:00:00",39.53,10.51,5.62
"2023-11-24 00:00:00",36.11,14.34,7.33
"2023-11-24 01:00:00",20.66,15.23,7.8
"2023-11-24 02:00:00",18.59,17.06,8.89
"2023-11-24 03:00:00",14.63,18.6,8.82
"2023-11-24 04:00:00",14.35,19.38,9.21
"2023-11-24 05:00:00",11.92,21.05,9.83
"2023-11-24 06:00:00",8.85,21.58,10.29
"2023-11-24 07:00:00",17.55,24,11.23
"2023-11-24 08:00:00",41.72,28.22,12.16
"2023-11-24 09:00:00",67.44,29.54,12.99
"2023-11-24 10:00:00",67.51,29.51,13.34
"2023-11-24 11:00:00",68.66,28.34,12.74
"2023-11-24 12:00:00",73,24.82,11.4
"2023-11-24 13:00:00",54.45,23.28,9.82
"2023-11-24 14:00:00",61.57,18.19,8.34
"2023-11-24 15:00:00",54.15,19.03,9.64
"2023-11-24 16:00:00",77.85,20.25,8.2
"2023-11-24 17:00:00",75.73,12.93,6.83
"2023-11-24 18:00:00",89.69,14.32,8.16
"2023-11-24 19:00:00",85.41,19.06,11.19
"2023-11-24 20:00:00",86.1,31.25,20
"2023-11-24 21:00:00",68.27,25.63,13.83
"2023-11-24 22:00:00",65.45,26.53,13.23
"2023-11-24 23:00:00",64.43,25.48,13.47
"2023-11-25 00:00:00",74.85,31.79,21.54
"2023-11-25 01:00:00",62.03,38.78,27.55
"2023-11-25 02:00:00",47.75,36.2,26.26
"2023-11-25 03:00:00",38.92,28.11,20.03
"2023-11-25 04:00:00",44.9,28.67,20.32
"2023-11-25 05:00:00",36.62,26.34,19.74
"2023-11-25 06:00:00",34.19,25.58,18.44
"2023-11-25 07:00:00",40.98,22.5,15.83
"2023-11-25 08:00:00",52.21,25.81,16.46
"2023-11-25 09:00:00",47,25.59,16.61
"2023-11-25 10:00:00",49.89,22.87,14.46
"2023-11-25 11:00:00",44.15,25.36,15.68
"2023-11-25 12:00:00",53.94,28.24,15.92
"2023-11-25 13:00:00",57.11,31.58,15.79
"2023-11-25 14:00:00",65.67,26.75,12.56
"2023-11-25 15:00:00",42.11,24.83,12.08
"2023-11-25 16:00:00",27.07,15.28,9.11
"2023-11-25 17:00:00",39.93,16.9,10.91
"2023-11-25 18:00:00",38.28,19.77,11.86
"2023-11-25 19:00:00",54.4,26.06,18.64
"2023-11-25 20:00:00",75.21,66.18,54.82
"2023-11-25 21:00:00",74.62,64.94,54.7
"2023-11-25 22:00:00",76.37,116.75,105.12
"2023-11-25 23:00:00",56.54,46.61,41.84
"2023-11-26 00:00:00",40.46,28.95,24.92
"2023-11-26 01:00:00",15.81,13.85,10.4
"2023-11-26 02:00:00",17.46,11.98,7.37
"2023-11-26 03:00:00",58.01,15.47,10.93
"2023-11-26 04:00:00",30.83,8.19,6.07
"2023-11-26 05:00:00",48.14,13.19,10.13
"2023-11-26 06:00:00",44.2,11.64,8.8
"2023-11-26 07:00:00",36.86,10.92,8.44
"2023-11-26 08:00:00",33.12,10.53,7.84
"2023-11-26 09:00:00",41.28,9.95,7.18
"2023-11-26 10:00:00",46.57,10.46,6.8
"2023-11-26 11:00:00",49.97,11.38,7.65
"2023-11-26 12:00:00",52.25,14.51,9.44
"2023-11-26 13:00:00",21.82,6.88,3.63
"2023-11-26 14:00:00",22.1,4.62,2.6
"2023-11-26 15:00:00",36.95,5.67,3.52
"2023-11-26 16:00:00",53.81,7.18,5.44
"2023-11-26 17:00:00",38.39,6.66,5.74
"2023-11-26 18:00:00",51.63,9.01,7.76
"2023-11-26 19:00:00",60.76,16.61,15.05
"2023-11-26 20:00:00",60.56,16.73,13.88
"2023-11-26 21:00:00",48.4,11.87,9.58
"2023-11-26 22:00:00",42.02,11.98,10.35
"2023-11-26 23:00:00",29.86,10.17,8.23
"2023-11-27 00:00:00",21.81,7.88,5.81
"2023-11-27 01:00:00",16.88,7.75,5.71
"2023-11-27 02:00:00",17.33,6.67,5.09
"2023-11-27 03:00:00",6.73,5.87,4.41
"2023-11-27 04:00:00",6.12,6.47,4.85
"2023-11-27 05:00:00",7.14,4.68,2.97
"2023-11-27 06:00:00",7.03,3.37,2.21
"2023-11-27 07:00:00",24.92,2.88,1.94
"2023-11-27 08:00:00",47.73,3.21,1.83
"2023-11-27 09:00:00",68.38,3.86,2.25
"2023-11-27 10:00:00",51.1,4.07,2.53
"2023-11-27 11:00:00",48.11,5.77,2.66
"2023-11-27 12:00:00",45.54,4.87,2.59
"2023-11-27 13:00:00",45.61,6.54,3.17
"2023-11-27 14:00:00",36.01,9.18,3.7
"2023-11-27 15:00:00",34.98,7.08,3.07
"2023-11-27 16:00:00",41.38,8.11,3.08
"2023-11-27 17:00:00",46.55,9.79,3.44
"2023-11-27 18:00:00",49.38,9.99,4.01
"2023-11-27 19:00:00",65.62,12.14,5.33
"2023-11-27 20:00:00",53.7,13.49,7.39
"2023-11-27 21:00:00",44.96,13.86,7.63
"2023-11-27 22:00:00",34.68,14.86,7.7
"2023-11-27 23:00:00",37.42,18.02,10.69
"2023-11-28 00:00:00",41.26,20.9,14.23
"2023-11-28 01:00:00",25.52,16.15,11.05
"2023-11-28 02:00:00",22.22,15.68,10.98
"2023-11-28 03:00:00",22.37,16.78,12.01
"2023-11-28 04:00:00",20.03,18.19,11.23
"2023-11-28 05:00:00",19.02,12.04,8.16
"2023-11-28 06:00:00",18.96,12.13,8.25
"2023-11-28 07:00:00",32.85,13.8,9.1
"2023-11-28 08:00:00",40.13,15.95,10.82
"2023-11-28 09:00:00",48.55,16.34,10.88
"2023-11-28 10:00:00",70.41,18.44,10.93
"2023-11-28 11:00:00",54.93,16.84,10.64
"2023-11-28 12:00:00",47.49,15.09,9.68
"2023-11-28 13:00:00",45.98,18.95,10.33
"2023-11-28 14:00:00",50.78,23.64,11.55
"2023-11-28 15:00:00",49.32,27.58,13.19
"2023-11-28 16:00:00",51.38,27.52,13.07
"2023-11-28 17:00:00",58.32,26.85,12.11
"2023-11-28 18:00:00",57.41,24.94,13.37
"2023-11-28 19:00:00",75.63,28.79,19.78
"2023-11-28 20:00:00",67.9,21.95,15.69
"2023-11-28 21:00:00",66.1,21.78,11.19
"2023-11-28 22:00:00",72.58,21.92,12.67
"2023-11-28 23:00:00",64.25,22.69,17.97
"2023-11-29 00:00:00",51.23,33.55,27.44
"2023-11-29 01:00:00",35.52,33.84,30.32
"2023-11-29 02:00:00",28.25,31.25,29.92
"2023-11-29 03:00:00",19.1,19.87,19.05
"2023-11-29 04:00:00",17.36,14.21,13.9
"2023-11-29 05:00:00",17.08,20.27,19.27
"2023-11-29 06:00:00",15.74,15.3,14.66
"2023-11-29 07:00:00",24.43,16.1,14.84
"2023-11-29 08:00:00",47.86,15.78,14.48
"2023-11-29 09:00:00",48.43,19.83,17.26
"2023-11-29 10:00:00",54.31,17.59,14.94
"2023-11-29 11:00:00",51.28,18.79,14.25
"2023-11-29 12:00:00",49.13,17.63,13.34
"2023-11-29 13:00:00",45.22,19.42,12.2
"2023-11-29 14:00:00",59.89,16.24,9.35
"2023-11-29 15:00:00",54.91,13.32,5.6
"2023-11-29 16:00:00",66.82,8.54,5.05
"2023-11-29 17:00:00",66.99,15.34,6.8
"2023-11-29 18:00:00",92.91,20.07,9.15
"2023-11-29 19:00:00",64.91,21.16,10.19
"2023-11-29 20:00:00",66.04,20.7,11.25
"2023-11-29 21:00:00",62.39,19.86,13.24
"2023-11-29 22:00:00",48.06,17.67,13.31
"2023-11-29 23:00:00",37.35,12.28,9.81
"2023-11-30 00:00:00",42,12.59,9.96
"2023-11-30 01:00:00",31.43,10.18,6.5
"2023-11-30 02:00:00",44.42,7.06,3.98
"2023-11-30 03:00:00",34.93,5.95,2.97
"2023-11-30 04:00:00",28.38,6.09,2.74
"2023-11-30 05:00:00",27.73,7.07,2.8
"2023-11-30 06:00:00",4.92,3.46,1.53
"2023-11-30 07:00:00",14.77,6.02,2.57
"2023-11-30 08:00:00",33.82,8.91,3.91
"2023-11-30 09:00:00",36.69,8.62,4.15
"2023-11-30 10:00:00",37.41,7.58,3.67
"2023-11-30 11:00:00",33.28,8.35,3.51
"2023-11-30 12:00:00",31.08,8.69,3.52
"2023-11-30 13:00:00",25.62,5.76,2.85
"2023-11-30 14:00:00",55.95,9.91,5.24
"2023-11-30 15:00:00",68.98,13.79,7.43
"2023-11-30 16:00:00",61.33,10.92,5.82
"2023-11-30 17:00:00",59.23,11.07,6.33
"2023-11-30 18:00:00",64.97,12.51,8.64
"2023-11-30 19:00:00",41.96,9.59,7.22
"2023-11-30 20:00:00",62.01,16.37,11.85
"2023-11-30 21:00:00",50.83,17.73,13.28
"2023-11-30 22:00:00",51.07,19.51,14.73
"2023-11-30 23:00:00",53.15,16.02,12.93
"2023-12-01 00:00:00",47.21,18.08,14.48
"2023-12-01 01:00:00",44.59,21.36,18.49
"2023-12-01 02:00:00",40.47,22.5,20
"2023-12-01 03:00:00",38.06,21.6,19.15
"2023-12-01 04:00:00",29.01,19.8,17.94
"2023-12-01 05:00:00",30.8,18.71,16.69
"2023-12-01 06:00:00",32.6,18.65,16.37
"2023-12-01 07:00:00",39.74,19.52,17.45
"2023-12-01 08:00:00",65.03,20.06,17.62
"2023-12-01 09:00:00",72.76,20.77,18.27
"2023-12-01 10:00:00",53.01,21.08,17.46
"2023-12-01 11:00:00",48.62,22.74,18.93
"2023-12-01 12:00:00",48.37,23.86,19.93
"2023-12-01 13:00:00",49.46,23.49,19.48
"2023-12-01 14:00:00",56.21,23.5,19.39
"2023-12-01 15:00:00",52.18,25.5,20.1
"2023-12-01 16:00:00",51.86,22.19,16.34
"2023-12-01 17:00:00",61.66,24.12,18.87
"2023-12-01 18:00:00",56.64,24.88,20.6
"2023-12-01 19:00:00",53.98,30.33,25.58
"2023-12-01 20:00:00",62.92,40.58,35.9
"2023-12-01 21:00:00",69.92,42.83,38.98
"2023-12-01 22:00:00",57.19,46.17,40.17
"2023-12-01 23:00:00",43.24,36.58,33.3
"2023-12-02 00:00:00",42.86,38.02,35.72
"2023-12-02 01:00:00",44.91,30.42,28.69
"2023-12-02 02:00:00",45.93,22.77,20.87
"2023-12-02 03:00:00",44.78,17.09,14.77
"2023-12-02 04:00:00",41.12,13.39,11.68
"2023-12-02 05:00:00",34.34,10.09,9.06
"2023-12-02 06:00:00",32.16,9.42,8.24
"2023-12-02 07:00:00",29.73,7.79,6.56
"2023-12-02 08:00:00",55.61,9.32,7.7
"2023-12-02 09:00:00",51.92,10.62,8.35
"2023-12-02 10:00:00",48.45,9.12,7.11
"2023-12-02 11:00:00",73.39,13.19,10.36
"2023-12-02 12:00:00",65.29,11.84,8.48
"2023-12-02 13:00:00",49.97,11.67,6.75
"2023-12-02 14:00:00",56.84,8.86,5.06
"2023-12-02 15:00:00",58.82,9.44,6.57
"2023-12-02 16:00:00",64.9,12.46,7.55
"2023-12-02 17:00:00",63.73,9.92,7.77
"2023-12-02 18:00:00",77.67,19.75,16.48
"2023-12-02 19:00:00",96.04,26.87,23
"2023-12-02 20:00:00",64.5,30.11,26.24
"2023-12-02 21:00:00",59.39,31.64,28.77
"2023-12-02 22:00:00",58.82,32.24,29.79
"2023-12-02 23:00:00",52.63,37.75,34.99
"2023-12-03 00:00:00",41.77,44.03,41.64
"2023-12-03 01:00:00",41.35,46.63,44.33
"2023-12-03 02:00:00",50.1,30.46,29.2
"2023-12-03 03:00:00",48.96,16.11,15.64
"2023-12-03 04:00:00",32.63,14.9,14.51
"2023-12-03 05:00:00",22.87,15.08,14.83
"2023-12-03 06:00:00",16.84,13.66,13.41
"2023-12-03 07:00:00",18.5,11.84,11.73
"2023-12-03 08:00:00",21.66,11.54,11.38
"2023-12-03 09:00:00",41.95,13.47,13.13
"2023-12-03 10:00:00",47.53,14.74,14.31
"2023-12-03 11:00:00",43.08,17.13,16.5
"2023-12-03 12:00:00",38.09,17.45,16.53
"2023-12-03 13:00:00",45.53,17.52,16.31
"2023-12-03 14:00:00",47.05,16.53,15.19
"2023-12-03 15:00:00",52.53,17.02,15.32
"2023-12-03 16:00:00",49.96,17.64,15.54
"2023-12-03 17:00:00",62.8,13.83,11.56
"2023-12-03 18:00:00",68.99,17.01,12.7
"2023-12-03 19:00:00",65.69,29.44,20.18
"2023-12-03 20:00:00",44.75,16.96,12.74
"2023-12-03 21:00:00",36.5,12.79,9.39
"2023-12-03 22:00:00",24.81,11.56,8.68
"2023-12-03 23:00:00",22.18,7.68,5.4
"2023-12-04 00:00:00",32.93,7.8,5.47
"2023-12-04 01:00:00",27.56,6.91,4.66
"2023-12-04 02:00:00",30.14,6.42,3.79
"2023-12-04 03:00:00",32.27,6.34,3.54
"2023-12-04 04:00:00",17.91,7.36,3.89
"2023-12-04 05:00:00",3.96,7.95,3.97
"2023-12-04 06:00:00",5.08,6.42,3.64
"2023-12-04 07:00:00",31.86,6.14,4.8
"2023-12-04 08:00:00",42.3,8.31,6.85
"2023-12-04 09:00:00",48.72,10.68,7.47
"2023-12-04 10:00:00",42.51,10.38,7.35
"2023-12-04 11:00:00",43.65,11.78,7.91
"2023-12-04 12:00:00",45.54,10.31,8.01
"2023-12-04 13:00:00",44.75,11.2,8.15
"2023-12-04 14:00:00",44.02,11.29,7.95
"2023-12-04 15:00:00",50.13,11.23,8.26
"2023-12-04 16:00:00",48.87,10.75,8
"2023-12-04 17:00:00",49.71,8.94,5.93
"2023-12-04 18:00:00",44.73,6.93,4.22
"2023-12-04 19:00:00",46.95,6.12,4.28
"2023-12-04 20:00:00",42.36,6.9,4.89
"2023-12-04 21:00:00",32.96,7.27,5.51
"2023-12-04 22:00:00",26.44,9.14,6.64
"2023-12-04 23:00:00",25.1,10.49,7.11
"2023-12-05 00:00:00",27.48,9.22,6.63
"2023-12-05 01:00:00",25.82,8.94,6.3
"2023-12-05 02:00:00",25.54,8.34,5.74
"2023-12-05 03:00:00",19.2,7.47,5.01
"2023-12-05 04:00:00",28.66,6.94,4.57
"2023-12-05 05:00:00",33.52,5.74,4.23
"2023-12-05 06:00:00",12.98,4.16,3.13
"2023-12-05 07:00:00",37.48,3.93,2.6
"2023-12-05 08:00:00",61.35,4.88,3.34
"2023-12-05 09:00:00",51.52,6.08,4.15
"2023-12-05 10:00:00",56.62,7.67,4.96
"2023-12-05 11:00:00",53.78,9.34,5.5
"2023-12-05 12:00:00",51.89,9.44,5.77
"2023-12-05 13:00:00",44.45,7.74,4.78
"2023-12-05 14:00:00",49.36,15.24,6.28
"2023-12-05 15:00:00",52.69,12.52,7.05
"2023-12-05 16:00:00",57.43,15.53,8.72
"2023-12-05 17:00:00",55.33,19.93,12.11
"2023-12-05 18:00:00",58.14,24.52,15.72
"2023-12-05 19:00:00",74.42,33.61,26
"2023-12-05 20:00:00",70.38,44.58,35.88
"2023-12-05 21:00:00",68.57,49.98,42
"2023-12-05 22:00:00",63.42,74.87,69.8
"2023-12-05 23:00:00",74.16,101.73,93.63
"2023-12-06 00:00:00",55.21,55.51,47.77
"2023-12-06 01:00:00",49.92,48.84,45.27
"2023-12-06 02:00:00",46.12,40.53,37.8
"2023-12-06 03:00:00",36.72,35.79,34.07
"2023-12-06 04:00:00",19.52,17.29,15.3
"2023-12-06 05:00:00",6.38,7.73,5.44
"2023-12-06 06:00:00",7.51,7.8,5.4
"2023-12-06 07:00:00",15.4,7.64,5.24
"2023-12-06 08:00:00",53.66,7.46,5.35
"2023-12-06 09:00:00",33.71,7.48,4.32
"2023-12-06 10:00:00",21.74,9.11,5.32
"2023-12-06 11:00:00",18.43,11.47,6.21
"2023-12-06 12:00:00",13.37,11.66,6.01
"2023-12-06 13:00:00",15.81,13.72,7.24
"2023-12-06 14:00:00",19.32,14.91,7.64
"2023-12-06 15:00:00",21.74,16.23,8.22
"2023-12-06 16:00:00",21.66,15.57,7.76
"2023-12-06 17:00:00",23.17,16.7,9.88
"2023-12-06 18:00:00",19.66,16.41,9.52
"2023-12-06 19:00:00",17.81,15.02,9.11
"2023-12-06 20:00:00",16.33,11.81,7.8
"2023-12-06 21:00:00",20.83,9.68,6.5
"2023-12-06 22:00:00",12.45,7.47,5.3
"2023-12-06 23:00:00",7.86,6.59,4.62
"2023-12-07 00:00:00",6.33,5.78,3.92
"2023-12-07 01:00:00",5.59,3.88,2.78
"2023-12-07 02:00:00",5.54,4.59,2.59
"2023-12-07 03:00:00",3.9,2.86,1.83
"2023-12-07 04:00:00",4.1,2.21,1.49
"2023-12-07 05:00:00",4.7,3.2,1.72
"2023-12-07 06:00:00",6.46,3.51,1.91
"2023-12-07 07:00:00",17.1,7.37,3.68
"2023-12-07 08:00:00",33.37,20.85,10.03
"2023-12-07 09:00:00",25.19,13.46,7.78
"2023-12-07 10:00:00",29.26,12.26,6.68
"2023-12-07 11:00:00",39.04,9.47,5.26
"2023-12-07 12:00:00",28.5,3.59,1.6
"2023-12-07 13:00:00",35.56,3.79,1.72
"2023-12-07 14:00:00",26.99,5.48,2.21
"2023-12-07 15:00:00",54.75,7.23,3.2
"2023-12-07 16:00:00",64.36,14.69,6.56
"2023-12-07 17:00:00",45.08,22.72,10.06
"2023-12-07 18:00:00",36.95,24.98,12.7
"2023-12-07 19:00:00",40.53,22.52,13.05
"2023-12-07 20:00:00",34.45,23.32,13.32
"2023-12-07 21:00:00",31.24,20.89,12.21
"2023-12-07 22:00:00",23.63,16.4,9.4
"2023-12-07 23:00:00",20.81,15.14,8.44
"2023-12-08 00:00:00",14.73,15.39,8.09
"2023-12-08 01:00:00",14.96,15.96,8.29
"2023-12-08 02:00:00",14.98,16.37,8.35
"2023-12-08 03:00:00",7.9,16.39,8.42
"2023-12-08 04:00:00",9.15,15.13,7.72
"2023-12-08 05:00:00",8.87,12.46,6.55
"2023-12-08 06:00:00",7.16,13.71,6.98
"2023-12-08 07:00:00",10.95,13.09,7.31
"2023-12-08 08:00:00",21.91,12.87,6.69
"2023-12-08 09:00:00",27.3,14.14,7.53
"2023-12-08 10:00:00",36.82,16.36,8.18
"2023-12-08 11:00:00",31.81,13.11,7.45
"2023-12-08 12:00:00",31.27,11.79,6.83
"2023-12-08 13:00:00",29.05,9.97,5.76
"2023-12-08 14:00:00",30.53,10.61,5.6
"2023-12-08 15:00:00",30.34,12.34,6.22
"2023-12-08 16:00:00",25.86,12.61,6.49
"2023-12-08 17:00:00",30.9,14.18,7.35
"2023-12-08 18:00:00",32.09,16.1,8.01
"2023-12-08 19:00:00",33.81,24.03,9.9
"2023-12-08 20:00:00",23.4,22.03,10.99
"2023-12-08 21:00:00",21.87,21.92,11.62
"2023-12-08 22:00:00",27.16,19.97,11.17
"2023-12-08 23:00:00",21.7,17.74,9.72
"2023-12-09 00:00:00",19.8,16.41,8.94
"2023-12-09 01:00:00",15.08,19.14,9.97
"2023-12-09 02:00:00",16.6,16.82,9.2
"2023-12-09 03:00:00",11.47,7.47,4.52
"2023-12-09 04:00:00",24.09,4.33,2.8
"2023-12-09 05:00:00",19.14,4.71,2.43
"2023-12-09 06:00:00",15.77,2.04,1.01
"2023-12-09 07:00:00",49.19,3.56,1.88
"2023-12-09 08:00:00",58.49,4.06,1.82
"2023-12-09 09:00:00",18.71,1.94,0.98
"2023-12-09 10:00:00",14.59,4.08,2.09
"2023-12-09 11:00:00",16.2,8.64,4.87
"2023-12-09 12:00:00",18.91,24.63,13.74
"2023-12-09 13:00:00",17.28,23.25,13.55
"2023-12-09 14:00:00",16.58,18.43,10.91
"2023-12-09 15:00:00",17.26,17.27,9.07
"2023-12-09 16:00:00",17.84,19.93,10.68
"2023-12-09 17:00:00",16.1,20.7,11.43
"2023-12-09 18:00:00",16.16,15.79,8.73
"2023-12-09 19:00:00",22.24,17.06,9.34
"2023-12-09 20:00:00",21.95,17.01,10.06
"2023-12-09 21:00:00",15.11,17.9,10.29
"2023-12-09 22:00:00",19.87,21.3,12.1
"2023-12-09 23:00:00",15.61,18.88,11.02
"2023-12-10 00:00:00",17.32,20.05,11.19
"2023-12-10 01:00:00",28.21,15.77,8.99
"2023-12-10 02:00:00",16.33,16.31,8.94
"2023-12-10 03:00:00",15.17,14,6.79
"2023-12-10 04:00:00",14.88,14.21,6.48
"2023-12-10 05:00:00",19.41,15.45,7.16
"2023-12-10 06:00:00",12.76,15.81,7.28
"2023-12-10 07:00:00",9.7,15.64,7.02
"2023-12-10 08:00:00",11.07,10.86,5.87
"2023-12-10 09:00:00",8.65,9.9,4.88
"2023-12-10 10:00:00",17.28,7.8,4.97
"2023-12-10 11:00:00",9.6,12.33,7.24
"2023-12-10 12:00:00",30.3,6.6,3.46
"2023-12-10 13:00:00",22.62,15.85,7.78
"2023-12-10 14:00:00",17.36,19.91,10.39
"2023-12-10 15:00:00",18.42,20.58,11.02
"2023-12-10 16:00:00",15.22,19.37,10.91
"2023-12-10 17:00:00",16.98,16.51,9.32
"2023-12-10 18:00:00",15.53,11.36,7.49
"2023-12-10 19:00:00",16.16,8.05,5.93
"2023-12-10 20:00:00",18.44,6.07,4.47
"2023-12-10 21:00:00",13.2,4.51,3.19
"2023-12-10 22:00:00",15.38,3.84,2.53
"2023-12-10 23:00:00",14.17,5.51,3.86
"2023-12-11 00:00:00",10.14,6.73,4.65
"2023-12-11 01:00:00",8.83,9.22,5.74
"2023-12-11 02:00:00",7.91,12.96,7.6
"2023-12-11 03:00:00",6.91,8.72,5.62
"2023-12-11 04:00:00",3.73,4.9,3.08
"2023-12-11 05:00:00",5.66,3.93,2.42
"2023-12-11 06:00:00",4.07,3.38,1.98
"2023-12-11 07:00:00",21.79,4.69,2.31
"2023-12-11 08:00:00",51.47,6.43,2.88
"2023-12-11 09:00:00",58.44,7.51,3.53
"2023-12-11 10:00:00",67.81,9.58,4.41
"2023-12-11 11:00:00",78.06,10.6,4.48
"2023-12-11 12:00:00",52.19,11.71,5.09
"2023-12-11 13:00:00",73.1,13.82,5.52
"2023-12-11 14:00:00",43.88,13.09,5.4
"2023-12-11 15:00:00",35.64,10.43,4.49
"2023-12-11 16:00:00",35.75,9.23,4.23
"2023-12-11 17:00:00",45.61,13.77,6.08
"2023-12-11 18:00:00",46.27,17.08,7.28
"2023-12-11 19:00:00",34.76,20.21,8.73
"2023-12-11 20:00:00",18.82,12.58,8.48
"2023-12-11 21:00:00",21.66,7.29,5.66
"2023-12-11 22:00:00",22.32,11.56,7.86
"2023-12-11 23:00:00",37.41,9.29,7.25
"2023-12-12 00:00:00",45.3,6.8,5.2
"2023-12-12 01:00:00",70.6,8.19,5.71
"2023-12-12 02:00:00",32.34,9.9,6.43
"2023-12-12 03:00:00",11.35,11.09,6.65
"2023-12-12 04:00:00",18.37,11.28,6.54
"2023-12-12 05:00:00",45.07,8.63,5.27
"2023-12-12 06:00:00",39.67,7.23,3.99
"2023-12-12 07:00:00",69.07,8.39,4.71
"2023-12-12 08:00:00",74.31,10.72,6.43
"2023-12-12 09:00:00",74.48,11.95,7.35
"2023-12-12 10:00:00",73.83,14.28,9.14
"2023-12-12 11:00:00",69.27,11.93,7.69
"2023-12-12 12:00:00",67.15,12.25,7.47
"2023-12-12 13:00:00",59.14,8.92,6.2
"2023-12-12 14:00:00",50.3,11.66,8.15
"2023-12-12 15:00:00",66.93,9.44,5.87
"2023-12-12 16:00:00",70.88,7.64,4.79
"2023-12-12 17:00:00",72.33,8.47,6.04
"2023-12-12 18:00:00",52.53,9.56,6.91
"2023-12-12 19:00:00",62.02,11.96,9.31
"2023-12-12 20:00:00",56.74,12.59,10.48
"2023-12-12 21:00:00",34.57,11.72,10.04
"2023-12-12 22:00:00",27.99,8.33,7.63
"2023-12-12 23:00:00",31.9,9.89,8.96
"2023-12-13 00:00:00",24.24,8.91,7.59
"2023-12-13 01:00:00",25.69,8.16,6.85
"2023-12-13 02:00:00",22.71,6.3,5.33
"2023-12-13 03:00:00",15.34,5.02,4.15
"2023-12-13 04:00:00",17.64,4.36,3.55
"2023-12-13 05:00:00",19.62,5.1,3.67
"2023-12-13 06:00:00",13.47,3.87,2.34
"2023-12-13 07:00:00",37.69,3.06,1.99
"2023-12-13 08:00:00",57.15,4.25,2.39
"2023-12-13 09:00:00",54.45,5.15,2.56
"2023-12-13 10:00:00",48.59,5.62,2.92
"2023-12-13 11:00:00",41.55,8.35,4.51
"2023-12-13 12:00:00",33.99,8.29,3.89
"2023-12-13 13:00:00",23.96,7.39,3.29
"2023-12-13 14:00:00",33.6,7.42,3.46
"2023-12-13 15:00:00",36.45,8.92,3.9
"2023-12-13 16:00:00",48.91,10.86,4.72
"2023-12-13 17:00:00",46.35,13.22,5.41
"2023-12-13 18:00:00",53.55,19.9,9.71
"2023-12-13 19:00:00",69.44,31.13,20.02
"2023-12-13 20:00:00",67.14,28.35,19.58
"2023-12-13 21:00:00",48.57,31.03,22.38
"2023-12-13 22:00:00",48.38,31.86,23.67
"2023-12-13 23:00:00",44.64,22.27,16.91
"2023-12-14 00:00:00",31.14,13.39,9.67
"2023-12-14 01:00:00",24.93,9.59,6.11
"2023-12-14 02:00:00",20.63,4.89,2.95
"2023-12-14 03:00:00",10.48,4.24,2.74
"2023-12-14 04:00:00",11.87,3.23,2.17
"2023-12-14 05:00:00",10.09,7.44,4.54
"2023-12-14 06:00:00",11.58,2.67,1.99
"2023-12-14 07:00:00",19.89,4.48,2.87
"2023-12-14 08:00:00",43.33,7.98,4.75
"2023-12-14 09:00:00",62.5,13.97,7.56
"2023-12-14 10:00:00",60.1,23.37,12.21
"2023-12-14 11:00:00",49.52,24.91,13.08
"2023-12-14 12:00:00",50.43,26.48,13.26
"2023-12-14 13:00:00",46.52,28.06,13.14
"2023-12-14 14:00:00",50.61,29.15,13.77
"2023-12-14 15:00:00",56.9,32.54,14.25
"2023-12-14 16:00:00",58.72,31.65,15.28
"2023-12-14 17:00:00",66.76,31.59,15.02
"2023-12-14 18:00:00",72.95,30.32,14.8
"2023-12-14 19:00:00",65.57,31.81,16.04
"2023-12-14 20:00:00",60.27,28.75,15.23
"2023-12-14 21:00:00",51.59,27.56,14.09
"2023-12-14 22:00:00",48.64,25.76,14.06
"2023-12-14 23:00:00",38.99,24.54,13.07
"2023-12-15 00:00:00",34.08,21.81,11.66
"2023-12-15 01:00:00",39.65,20.75,10.47
"2023-12-15 02:00:00",38.21,18.98,9.36
"2023-12-15 03:00:00",22.15,16.56,8.17
"2023-12-15 04:00:00",17.08,13.35,7.17
"2023-12-15 05:00:00",18.03,13.62,6.9
"2023-12-15 06:00:00",16.43,12.54,5.89
"2023-12-15 07:00:00",28.52,13.36,6.07
"2023-12-15 08:00:00",56.6,23.31,8.75
"2023-12-15 09:00:00",54.82,22.26,9.16
"2023-12-15 10:00:00",47.53,24.14,9.92
"2023-12-15 11:00:00",43.47,25.45,10.67
"2023-12-15 12:00:00",46.59,24.63,10.09
"2023-12-15 13:00:00",42.09,18.29,6.76
"2023-12-15 14:00:00",39.38,16.22,5.04
"2023-12-15 15:00:00",35.48,13.47,4.93
"2023-12-15 16:00:00",35.7,9.6,3.97
"2023-12-15 17:00:00",41.43,12.66,4.34
"2023-12-15 18:00:00",36.63,8.22,4.1
"2023-12-15 19:00:00",34.81,7.65,3.76
"2023-12-15 20:00:00",36.82,4.79,3.31
"2023-12-15 21:00:00",24.75,4.76,3.08
"2023-12-15 22:00:00",21.42,5.71,3.68
"2023-12-15 23:00:00",26.32,5.91,3.54
"2023-12-16 00:00:00",18.07,5.14,2.35
"2023-12-16 01:00:00",24,5.03,3.15
"2023-12-16 02:00:00",26.85,5.13,3.88
"2023-12-16 03:00:00",24.1,4.29,2.98
"2023-12-16 04:00:00",34.95,4.26,2.89
"2023-12-16 05:00:00",46.51,4.01,2.9
"2023-12-16 06:00:00",37.84,3.37,2.53
"2023-12-16 07:00:00",19.19,2.67,1.79
"2023-12-16 08:00:00",22.09,2.37,1.22
"2023-12-16 09:00:00",24.35,3.43,1.2
"2023-12-16 10:00:00",21.53,1.89,1.02
"2023-12-16 11:00:00",43.68,3.44,1.41
"2023-12-16 12:00:00",32.83,4.22,1.36
"2023-12-16 13:00:00",34.82,4.74,1.68
"2023-12-16 14:00:00",28.56,5.61,1.76
"2023-12-16 15:00:00",41.28,5.29,2.1
"2023-12-16 16:00:00",35.2,4.96,2.1
"2023-12-16 17:00:00",36.08,4.74,2.29
"2023-12-16 18:00:00",37.37,4.51,2.63
"2023-12-16 19:00:00",25.55,5.29,3.36
"2023-12-16 20:00:00",28.98,5.66,3.68
"2023-12-16 21:00:00",23.28,6.13,3.97
"2023-12-16 22:00:00",21.32,4.05,2.95
"2023-12-16 23:00:00",22.22,3.27,2.55
"2023-12-17 00:00:00",19.67,2.43,1.59
"2023-12-17 01:00:00",15.34,3.11,1.67
"2023-12-17 02:00:00",12.6,4.59,2.42
"2023-12-17 03:00:00",13.04,2.38,1.03
"2023-12-17 04:00:00",9.84,2.04,0.84
"2023-12-17 05:00:00",7.03,2.21,0.78
"2023-12-17 06:00:00",5.71,3.88,1.66
"2023-12-17 07:00:00",5.35,5.66,3.16
"2023-12-17 08:00:00",6.95,7.14,3.98
"2023-12-17 09:00:00",10.53,5.23,2.97
"2023-12-17 10:00:00",16.61,4.52,2.7
"2023-12-17 11:00:00",11.68,5.96,3.33
"2023-12-17 12:00:00",10.26,9.51,5.53
"2023-12-17 13:00:00",20.22,11.05,6.08
"2023-12-17 14:00:00",17.24,10.25,5.71
"2023-12-17 15:00:00",17.72,9.71,5.85
"2023-12-17 16:00:00",21.14,10.75,6.54
"2023-12-17 17:00:00",18.67,11.31,7.08
"2023-12-17 18:00:00",20.58,12.69,7.93
"2023-12-17 19:00:00",23.9,13.11,8.7
"2023-12-17 20:00:00",30.09,10.97,7.57
"2023-12-17 21:00:00",25.37,7.49,5.57
"2023-12-17 22:00:00",25.1,4.96,3.99
"2023-12-17 23:00:00",31.76,3.63,2.97
"2023-12-18 00:00:00",12.81,3.4,2.65
"2023-12-18 01:00:00",8.43,3.12,2.46
"2023-12-18 02:00:00",6.63,2.16,1.55
"2023-12-18 03:00:00",6.4,1.68,1.21
"2023-12-18 04:00:00",3.81,1.57,1.17
"2023-12-18 05:00:00",3.6,1.51,0.99
"2023-12-18 06:00:00",3.63,1.24,0.83
"2023-12-18 07:00:00",18.3,1.51,0.9
"2023-12-18 08:00:00",25.4,2.17,0.91
"2023-12-18 09:00:00",42.7,2.54,1.11
"2023-12-18 10:00:00",45.98,8.64,6.99
"2023-12-18 11:00:00",35.27,4.28,1.54
"2023-12-18 11:01:00",,,
"2023-12-18 12:01:00",,,
"2023-12-18 13:00:00",33.01,4.49,1.32
"2023-12-18 14:00:00",32.32,3.44,1.31
"2023-12-18 15:00:00",40.22,3.89,1.71
"2023-12-18 16:00:00",46.9,4.37,1.66
"2023-12-18 17:00:00",46.93,7.61,3.2
"2023-12-18 18:00:00",46.16,6.07,2.62
"2023-12-18 19:00:00",51.39,4.77,2.95
"2023-12-18 20:00:00",54.24,5.51,3.64
"2023-12-18 21:00:00",39.5,5.09,4.07
"2023-12-18 22:00:00",36.22,5.75,4.87
"2023-12-18 23:00:00",38.96,6.5,5.57
"2023-12-19 00:00:00",24.4,7.29,5.93
"2023-12-19 01:00:00",22.24,7.66,6.68
"2023-12-19 02:00:00",14.31,5.64,4.41
"2023-12-19 03:00:00",7.18,4.85,3.5
"2023-12-19 04:00:00",18.86,5.63,3.58
"2023-12-19 05:00:00",17.74,8.06,4.72
"2023-12-19 06:00:00",22.73,4.11,2.76
"2023-12-19 07:00:00",50.05,4.35,2.32
"2023-12-19 08:00:00",56.57,6.38,2.96
"2023-12-19 09:00:00",59.86,8.23,3.7
"2023-12-19 10:00:00",56.24,11.21,5.02
"2023-12-19 11:00:00",61.22,22.8,6.84
"2023-12-19 12:00:00",52.46,16.64,6.19
"2023-12-19 13:00:00",41.33,14.42,5.93
"2023-12-19 14:00:00",32.06,12.38,5.8
"2023-12-19 15:00:00",30.9,11.16,5.37
"2023-12-19 16:00:00",34.81,14.1,6.24
"2023-12-19 17:00:00",39.47,16.19,7.68
"2023-12-19 18:00:00",40.39,14.5,7.78
"2023-12-19 19:00:00",44.33,15.22,8.61
"2023-12-19 20:00:00",53.01,17.07,10.43
"2023-12-19 21:00:00",34.95,16.52,10.25
"2023-12-19 22:00:00",31.72,18.29,12.23
"2023-12-19 23:00:00",25.76,13.85,8.33
"2023-12-20 00:00:00",25.32,13.08,7.98
"2023-12-20 01:00:00",24.8,14.75,8.48
"2023-12-20 02:00:00",12.39,13.27,7.87
"2023-12-20 03:00:00",7.21,11.31,6.51
"2023-12-20 04:00:00",4.02,8.74,5.01
"2023-12-20 05:00:00",2.09,6,3.74
"2023-12-20 06:00:00",7.25,5.59,3.31
"2023-12-20 07:00:00",13.63,5.87,3.32
"2023-12-20 08:00:00",31.85,6.47,3.71
"2023-12-20 09:00:00",36.13,4.73,3.07
"2023-12-20 10:00:00",35.72,8.48,4.89
"2023-12-20 11:00:00",25.94,11.05,6.33
"2023-12-20 12:00:00",21.63,12.01,7.74
"2023-12-20 13:00:00",24.95,15.23,9.62
"2023-12-20 14:00:00",30.37,16.56,10.81
"2023-12-20 15:00:00",26.57,12.57,8.91
"2023-12-20 16:00:00",29.53,9.95,7.33
"2023-12-20 17:00:00",33.96,5.14,3.63
"2023-12-20 18:00:00",32.96,3.25,2.37
"2023-12-20 19:00:00",26.57,2.82,2.3
"2023-12-20 20:00:00",21.77,2.8,2.17
"2023-12-20 21:00:00",17.08,3.32,2.43
"2023-12-20 22:00:00",24.91,3.74,2.77
"2023-12-20 23:00:00",16.56,5.22,3.71
"2023-12-21 00:00:00",11.67,4.64,3.43
"2023-12-21 01:00:00",11.59,2.62,1.93
"2023-12-21 02:00:00",5.12,1.89,1.38
"2023-12-21 03:00:00",3.6,3.47,2.23
"2023-12-21 04:00:00",1.49,4.38,3.09
"2023-12-21 05:00:00",0.83,5.86,3.74
"2023-12-21 06:00:00",2.79,7.51,4.91
"2023-12-21 07:00:00",8.55,6.95,4.35
"2023-12-21 08:00:00",18.23,4.49,3.02
"2023-12-21 09:00:00",17.97,3.27,2.1
"2023-12-21 10:00:00",22.55,4.1,2.67
"2023-12-21 11:00:00",26.1,5.07,3.15
"2023-12-21 12:00:00",34.52,8.26,5.22
"2023-12-21 13:00:00",28.41,7.19,4.77
"2023-12-21 14:00:00",23.45,15.24,9.27
"2023-12-21 15:00:00",24.38,18.46,11.22
"2023-12-21 16:00:00",21.56,19.22,11.45
"2023-12-21 17:00:00",23.33,17.12,10.02
"2023-12-21 18:00:00",27.13,21.01,12.5
"2023-12-21 19:00:00",32.16,21.98,13.4
"2023-12-21 20:00:00",30.49,20.42,12.28
"2023-12-21 21:00:00",23.12,14.1,9.23
"2023-12-21 22:00:00",25.83,8.3,5.83
"2023-12-21 23:00:00",16.75,7.66,4.88
"2023-12-22 00:00:00",15.65,4.32,2.94
"2023-12-22 01:00:00",10.54,2.12,1.47
"2023-12-22 02:00:00",6.33,1.96,1.15
"2023-12-22 03:00:00",4.03,2.37,1.57
"2023-12-22 04:00:00",5.14,4.32,2.86
"2023-12-22 05:00:00",7.03,7.13,4.57
"2023-12-22 06:00:00",4.64,7.96,5.06
"2023-12-22 07:00:00",15.29,6.1,4
"2023-12-22 08:00:00",24.2,6.05,3.81
"2023-12-22 09:00:00",22.23,9.1,5.63
"2023-12-22 10:00:00",22.84,10.2,6.52
"2023-12-22 11:00:00",18.56,10.38,6.39
"2023-12-22 12:00:00",20.74,11.26,6.22
"2023-12-22 13:00:00",23.45,11.55,6.62
"2023-12-22 14:00:00",24.6,9.32,4.94
"2023-12-22 15:00:00",25.41,6.95,4.3
"2023-12-22 16:00:00",26.41,6.55,4.02
"2023-12-22 17:00:00",24.61,6.13,3.76
"2023-12-22 18:00:00",34.1,8.9,5.18
"2023-12-22 19:00:00",31.25,10.74,6.13
"2023-12-22 20:00:00",27.1,11.11,6.51
"2023-12-22 21:00:00",19.14,10.18,5.97
"2023-12-22 22:00:00",22.77,9.09,5.73
"2023-12-22 23:00:00",16.91,9.15,5.92
"2023-12-23 00:00:00",13.52,6.19,4.14
"2023-12-23 01:00:00",12.81,4.1,2.65
"2023-12-23 02:00:00",8.2,2.92,1.92
"2023-12-23 03:00:00",7.62,6.75,4.09
"2023-12-23 04:00:00",7.01,7.98,4.35
"2023-12-23 05:00:00",6.13,2.9,1.64
"2023-12-23 06:00:00",4.08,3.63,2.27
"2023-12-23 07:00:00",5.65,4.39,2.58
"2023-12-23 08:00:00",16.68,3.32,1.85
"2023-12-23 09:00:00",21.71,3.27,1.99
"2023-12-23 10:00:00",23.21,2.93,1.75
"2023-12-23 11:00:00",18.79,2.81,1.57
"2023-12-23 12:00:00",20.51,2.38,1.32
"2023-12-23 13:00:00",28.2,2.92,1.7
"2023-12-23 14:00:00",24.32,2.97,1.73
"2023-12-23 15:00:00",20.74,3.48,1.8
"2023-12-23 16:00:00",17.95,3.94,2.06
"2023-12-23 17:00:00",23.53,3.93,2.13
"2023-12-23 18:00:00",25.69,3.13,1.99
"2023-12-23 19:00:00",20.01,3.57,2.23
"2023-12-23 20:00:00",16.46,1.8,1.46
"2023-12-23 21:00:00",15.44,2.29,1.5
"2023-12-23 22:00:00",16.24,2.63,1.63
"2023-12-23 23:00:00",13.14,2.52,1.53
"2023-12-24 00:00:00",14.91,1.9,1.28
"2023-12-24 01:00:00",7.89,1.45,0.85
"2023-12-24 02:00:00",6.83,1.24,0.61
"2023-12-24 03:00:00",6.11,1.22,0.57
"2023-12-24 04:00:00",4.46,1.04,0.6
"2023-12-24 05:00:00",4.4,0.92,0.52
"2023-12-24 06:00:00",3.3,0.86,0.31
"2023-12-24 07:00:00",2.53,0.53,0.25
"2023-12-24 08:00:00",2.93,0.66,0.24
"2023-12-24 09:00:00",6.72,0.59,0.25
"2023-12-24 10:00:00",10.26,0.97,0.39
"2023-12-24 11:00:00",11.31,0.95,0.51
"2023-12-24 12:00:00",11.22,1.06,0.52
"2023-12-24 13:00:00",9.4,1.64,0.85
"2023-12-24 14:00:00",12.45,4.15,2.16
"2023-12-24 15:00:00",15.71,4.93,2.86
"2023-12-24 16:00:00",12.26,3.62,2.55
"2023-12-24 17:00:00",16.74,5.99,4.02
"2023-12-24 18:00:00",16.94,8.66,5.57
"2023-12-24 19:00:00",15.84,8.95,5.96
"2023-12-24 20:00:00",20.63,9.12,5.9
"2023-12-24 21:00:00",20.29,8.92,5.99
"2023-12-24 22:00:00",17.22,11.34,7.02
"2023-12-24 23:00:00",13.62,11.55,7.48
"2023-12-25 00:00:00",12.16,8.33,5.62
"2023-12-25 01:00:00",6.97,7.42,4.57
"2023-12-25 02:00:00",5.16,9.05,5.48
"2023-12-25 03:00:00",4.07,8.65,5.4
"2023-12-25 04:00:00",3.02,10.4,6.09
"2023-12-25 05:00:00",2.59,11.18,6.62
"2023-12-25 06:00:00",2.19,9.56,5.47
"2023-12-25 07:00:00",1.46,9.86,5.77
"2023-12-25 08:00:00",2.32,12.18,6.91
"2023-12-25 09:00:00",4.98,9.42,5.62
"2023-12-25 10:00:00",4.02,9.88,5.36
"2023-12-25 11:00:00",3.68,5.78,3.46
"2023-12-25 12:00:00",5.33,10.63,5.9
"2023-12-25 13:00:00",4.98,9.07,5.27
"2023-12-25 14:00:00",8.16,4.12,2.76
"2023-12-25 15:00:00",11.12,5.05,3.32
"2023-12-25 16:00:00",12.15,5.99,3.99
"2023-12-25 17:00:00",6.84,6.45,3.97
"2023-12-25 18:00:00",8.59,8.27,4.76
"2023-12-25 19:00:00",8,8.37,5.12
"2023-12-25 20:00:00",7.25,8.55,5.07
"2023-12-25 21:00:00",6.72,9.9,6.03
"2023-12-25 22:00:00",6.57,12.25,6.95
"2023-12-25 23:00:00",4.48,14.17,8.01
"2023-12-26 00:00:00",5.41,15,7.98
"2023-12-26 01:00:00",3.78,11.93,6.65
"2023-12-26 02:00:00",3.34,11.52,6.33
"2023-12-26 03:00:00",1.7,13.09,6.52
"2023-12-26 04:00:00",0.67,11.71,6.29
"2023-12-26 05:00:00",1.04,7.27,4.17
"2023-12-26 06:00:00",3.47,5.32,3.02
"2023-12-26 07:00:00",5.86,6.46,3.44
"2023-12-26 08:00:00",10,8.03,3.9
"2023-12-26 09:00:00",25.3,7.44,3.61
"2023-12-26 10:00:00",50.09,8.11,3.97
"2023-12-26 11:00:00",52.24,7.93,4.2
"2023-12-26 12:00:00",54.01,7.54,4.17
"2023-12-26 13:00:00",34.9,7.09,3.79
"2023-12-26 14:00:00",36.45,8.86,4.26
"2023-12-26 15:00:00",32.54,9.84,5.65
"2023-12-26 16:00:00",40.49,10.47,6.02
"2023-12-26 17:00:00",36.94,15.23,10.87
"2023-12-26 18:00:00",27.54,14.34,11.33
"2023-12-26 19:00:00",24.65,11.17,8.01
"2023-12-26 20:00:00",18.76,12.86,9.5
"2023-12-26 21:00:00",12.34,10.14,7.13
"2023-12-26 22:00:00",6.96,10.29,6.24
"2023-12-26 23:00:00",6,8.74,5.47
"2023-12-27 00:00:00",4.78,8.54,5.1
"2023-12-27 01:00:00",5.46,9.12,5.15
"2023-12-27 02:00:00",3.84,9.17,5.17
"2023-12-27 03:00:00",3.77,5.57,3.6
"2023-12-27 04:00:00",3.71,2.41,1.57
"2023-12-27 05:00:00",2.82,1.22,0.68
"2023-12-27 06:00:00",2.91,1.03,0.47
"2023-12-27 07:00:00",3.18,1.05,0.4
"2023-12-27 08:00:00",5.24,0.79,0.3
"2023-12-27 09:00:00",5.49,1.51,0.79
"2023-12-27 10:00:00",9.45,1.12,0.54
"2023-12-27 11:00:00",18.03,1.47,0.86
"2023-12-27 12:00:00",44.1,2.4,1.04
"2023-12-27 13:00:00",28.44,2.18,1.03
"2023-12-27 14:00:00",18.83,1.58,0.9
"2023-12-27 15:00:00",22.54,3.29,1.52
"2023-12-27 16:00:00",28.79,2.58,1.48
"2023-12-27 17:00:00",24.6,3.91,2.33
"2023-12-27 18:00:00",30.46,6.42,3.82
"2023-12-27 19:00:00",19.07,11.65,6.42
"2023-12-27 20:00:00",22.31,5.81,3.76
"2023-12-27 21:00:00",15.99,8.89,5.35
"2023-12-27 22:00:00",16.99,16.69,9.58
"2023-12-27 23:00:00",12.08,8.91,6.05
"2023-12-28 00:00:00",8.8,3.81,2.56
"2023-12-28 01:00:00",5.86,5.49,3.62
"2023-12-28 02:00:00",5.52,4.23,2.82
"2023-12-28 03:00:00",5.5,5.24,2.82
"2023-12-28 04:00:00",7.63,7.33,3.86
"2023-12-28 05:00:00",7.05,8.87,4.55
"2023-12-28 06:00:00",2.8,9.13,4.44
"2023-12-28 07:00:00",7.98,13.25,6.99
"2023-12-28 08:00:00",20.33,10.53,5.82
"2023-12-28 09:00:00",12.27,6.4,3.61
"2023-12-28 10:00:00",12.84,8.15,4.3
"2023-12-28 11:00:00",12.58,7.31,4.65
"2023-12-28 12:00:00",16.67,3.55,2.2
"2023-12-28 13:00:00",18.82,5.13,2.78
"2023-12-28 14:00:00",21.63,8.05,4.16
"2023-12-28 15:00:00",20.55,10.48,5.36
"2023-12-28 16:00:00",20.44,9.05,4.61
"2023-12-28 17:00:00",21.18,4.87,2.83
"2023-12-28 18:00:00",21.54,4.72,3.21
"2023-12-28 19:00:00",26.92,6.95,4.32
"2023-12-28 20:00:00",17.3,10.7,6.51
"2023-12-28 21:00:00",12.22,12.13,7.52
"2023-12-28 22:00:00",13.62,12.33,7.7
"2023-12-28 23:00:00",13.96,15.87,8.95
"2023-12-29 00:00:00",13.3,17.64,9.64
"2023-12-29 01:00:00",9.61,13.89,7.93
"2023-12-29 02:00:00",11.57,13.57,7.48
"2023-12-29 03:00:00",8.81,13.1,7.51
"2023-12-29 04:00:00",6.48,14.07,7.75
"2023-12-29 05:00:00",10.43,16.32,8.58
"2023-12-29 06:00:00",7.81,16.38,8.73
"2023-12-29 07:00:00",14.13,15.11,8.35
"2023-12-29 08:00:00",20.38,16.53,8.21
"2023-12-29 09:00:00",24.94,14.38,7.06
"2023-12-29 10:00:00",17.02,14.43,6.86
"2023-12-29 11:00:00",21.56,14.36,6.84
"2023-12-29 12:00:00",28.62,9.54,4.96
"2023-12-29 13:00:00",23.12,2.32,1.33
"2023-12-29 14:00:00",21.43,2.59,1.28
"2023-12-29 15:00:00",21.11,3.36,1.72
"2023-12-29 16:00:00",26.59,5.42,3.38
"2023-12-29 17:00:00",28.4,7.54,4.34
"2023-12-29 18:00:00",36.66,11.17,5.86
"2023-12-29 19:00:00",31.71,9.87,5.92
"2023-12-29 20:00:00",30.14,9.2,5.54
"2023-12-29 21:00:00",23.6,8.84,5.34
"2023-12-29 22:00:00",19.74,9.13,5.08
"2023-12-29 23:00:00",25.45,9.98,5.63
"2023-12-30 00:00:00",25.84,10.31,5.88
"2023-12-30 01:00:00",24.79,11.47,6.05
"2023-12-30 02:00:00",27.87,14.17,8.78
"2023-12-30 03:00:00",22.24,13.09,6.36
"2023-12-30 04:00:00",15.55,12.5,5.91
"2023-12-30 05:00:00",6.46,9.33,4.44
"2023-12-30 06:00:00",2.71,3.6,2.14
"2023-12-30 07:00:00",5.15,4.01,2.29
"2023-12-30 08:00:00",4.57,6.74,3.14
"2023-12-30 09:00:00",7.2,5.33,3.11
"2023-12-30 10:00:00",8.95,2.55,1.43
"2023-12-30 11:00:00",12.27,1.38,0.79
"2023-12-30 12:00:00",11.68,4.26,2.5
"2023-12-30 13:00:00",14.58,5.9,3.28
"2023-12-30 14:00:00",19.71,15.13,7.57
"2023-12-30 15:00:00",18.97,22.11,10.97
"2023-12-30 16:00:00",19.03,24.49,12.8
"2023-12-30 17:00:00",15.8,25.19,13.53
"2023-12-30 18:00:00",14.56,27.22,14.38
"2023-12-30 19:00:00",18.92,26.03,13.66
"2023-12-30 20:00:00",11.59,21.88,11.88
"2023-12-30 21:00:00",10.8,20.09,10.55
"2023-12-30 22:00:00",8.31,19.49,10.46
"2023-12-30 23:00:00",8.03,17.41,9.56
"2023-12-31 00:00:00",9,15.34,8.14
"2023-12-31 01:00:00",7.45,10.97,6.27
"2023-12-31 02:00:00",5.57,10.36,5.44
"2023-12-31 03:00:00",4.34,11.4,5.62
"2023-12-31 04:00:00",3.09,8.98,4.68
"2023-12-31 05:00:00",3.99,4,2.11
"2023-12-31 06:00:00",4.11,3.14,1.72
"2023-12-31 07:00:00",3.17,5.18,2.7
"2023-12-31 08:00:00",4.98,4.78,2.85
"2023-12-31 09:00:00",12.3,4.2,2.49
"2023-12-31 10:00:00",17.93,4.88,2.58
"2023-12-31 11:00:00",15.67,4.48,2.56
"2023-12-31 12:00:00",11,4.22,2.35
"2023-12-31 13:00:00",20.24,4.83,3.02
"2023-12-31 14:00:00",18.43,6.4,3.86
"2023-12-31 15:00:00",22.03,7.89,4.4
"2023-12-31 16:00:00",20.98,5.02,3.52
"2023-12-31 17:00:00",16.26,3.94,2.79
"2023-12-31 18:00:00",21.01,4.95,3.65
"2023-12-31 19:00:00",17.09,4.25,3.35
"2023-12-31 20:00:00",18.76,6.24,4.18
"2023-12-31 21:00:00",14.12,8.35,5.72
"2023-12-31 22:00:00",12.26,8.18,5.25
"2023-12-31 23:00:00",9.98,6.5,4.41
"2024-01-01 00:00:00",10.25,5.27,3.81
"2024-01-01 01:00:00",8.27,5.73,3.76
"2024-01-01 02:00:00",11.22,8.8,6.77
"2024-01-01 03:00:00",12.18,5.22,3.38
"2024-01-01 04:00:00",9.01,3.93,2.53
"2024-01-01 05:00:00",9.4,5.21,2.94
"2024-01-01 06:00:00",7.11,10.83,5.35
"2024-01-01 07:00:00",7.09,7.72,4.14
"2024-01-01 08:00:00",8.94,9.06,4.67
"2024-01-01 09:00:00",26.66,12.46,5.64
"2024-01-01 10:00:00",31.56,12.28,5.96
"2024-01-01 11:00:00",41.99,13.62,6.54
"2024-01-01 12:00:00",33.47,15.75,7.06
"2024-01-01 13:00:00",16.26,15.55,7.13
"2024-01-01 14:00:00",36.16,15.26,6.97
"2024-01-01 15:00:00",21.32,11.44,6.33
"2024-01-01 16:00:00",12.02,8.17,5.02
"2024-01-01 17:00:00",13.08,3.97,3.07
"2024-01-01 18:00:00",14.65,3.65,2.78
"2024-01-01 19:00:00",27.35,6.89,5.8
"2024-01-01 20:00:00",18.52,8.26,6.74
"2024-01-01 21:00:00",27.44,5.25,4.59
"2024-01-01 22:00:00",15.24,4.67,3.31
"2024-01-01 23:00:00",13.49,11.08,7.24
"2024-01-02 00:00:00",6.78,16.13,10.64
"2024-01-02 01:00:00",7.59,18.24,11.69
"2024-01-02 02:00:00",5.41,18.33,11.21
"2024-01-02 03:00:00",4.92,13.47,8.46
"2024-01-02 04:00:00",7.96,12.77,7.81
"2024-01-02 05:00:00",9.98,12.37,7.59
"2024-01-02 06:00:00",4.46,12.39,6.83
"2024-01-02 07:00:00",17.68,13.41,7.29
"2024-01-02 08:00:00",20.11,12.5,6.97
"2024-01-02 09:00:00",30.64,11.63,6.56
"2024-01-02 10:00:00",38.99,13.98,7.54
"2024-01-02 11:00:00",43.4,12.85,8.21
"2024-01-02 12:00:00",59.89,14.44,9.14
"2024-01-02 13:00:00",60.5,9.93,6.59
"2024-01-02 14:00:00",51.58,7.73,4.76
"2024-01-02 15:00:00",54.51,6.91,4.72
"2024-01-02 16:00:00",55.86,6.19,3.81
"2024-01-02 17:00:00",63.68,6.78,4.52
"2024-01-02 18:00:00",61.47,6.21,4.64
"2024-01-02 19:00:00",51.49,5.67,4.24
"2024-01-02 20:00:00",50.35,6.39,4.65
"2024-01-02 21:00:00",37.18,6.85,5.01
"2024-01-02 22:00:00",23.24,8.83,5.02
"2024-01-02 23:00:00",22.96,13.45,7.48