"Date and Time","NO<sub>2</sub>","PM<sub>10</sub>","PM<sub>2.5</sub>"
"2024-06-23 01:00:00",6.7,15.38,8.17
"2024-06-23 02:00:00",5.15,13.14,7.02
"2024-06-23 03:00:00",5.81,11.55,5.91
"2024-06-23 04:00:00",3.52,10.27,3.89
"2024-06-23 05:00:00",-0.51,9.95,3.67
"2024-06-23 06:00:00",2.36,10.8,3.77
"2024-06-23 07:00:00",3.67,11.21,4.42
"2024-06-23 08:00:00",5.08,10.71,4.51
"2024-06-23 09:00:00",12.14,8.68,4.5
"2024-06-23 10:00:00",12.14,10.58,5.59
"2024-06-23 11:00:00",10.32,11.54,6.25
"2024-06-23 12:00:00",12.25,13.81,7.35
"2024-06-23 13:00:00",11.4,12.45,7.04
"2024-06-23 14:00:00",10.43,13.79,8.15
"2024-06-23 15:00:00",9.14,13.36,8.12
"2024-06-23 16:00:00",11.27,13.77,7.93
"2024-06-23 17:00:00",12.74,15.07,9.43
"2024-06-23 18:00:00",19.26,12.92,7.91
"2024-06-23 19:00:00",16.48,12.47,8.09
"2024-06-23 20:00:00",12.06,12.08,7.28
"2024-06-23 21:00:00",12.25,13.11,8.51
"2024-06-23 22:00:00",7.96,11.56,8.09
"2024-06-23 23:00:00",4.72,10.29,7.36
"2024-06-24 00:00:00",1.07,9.61,6.56
"2024-06-24 01:00:00",0.21,6.32,4.27
"2024-06-24 02:00:00",0.02,4.93,3.26
"2024-06-24 03:00:00",0,10.11,4.95
"2024-06-24 04:00:00",1.05,11.76,5.6
"2024-06-24 05:00:00",6.43,11.87,5.44
"2024-06-24 06:00:00",9.25,11.11,5.54
"2024-06-24 07:00:00",26.54,13.5,5.56
"2024-06-24 08:00:00",26.36,12.32,5.28
"2024-06-24 09:00:00",27.9,11.12,4.95
"2024-06-24 10:00:00",12.8,5.52,2.88
"2024-06-24 11:00:00",9.47,6.56,2.9
"2024-06-24 12:00:00",11.83,8.17,2.91
"2024-06-24 13:00:00",9.12,8.34,2.94
"2024-06-24 14:00:00",12.03,15.55,3.64
"2024-06-24 15:00:00",10.33,19.15,4.03
"2024-06-24 16:00:00",13.17,10.22,3.2
"2024-06-24 17:00:00",17.25,12.35,3.48
"2024-06-24 18:00:00",7.39,12.81,4.09
"2024-06-24 19:00:00",5.79,7.62,4.04
"2024-06-24 20:00:00",3.15,6.48,4.09
"2024-06-24 21:00:00",4.77,7.67,4.9
"2024-06-24 22:00:00",4.51,5.47,3.39
"2024-06-24 23:00:00",2.63,3.53,2.28
"2024-06-25 00:00:00",1.99,2.5,1.4
"2024-06-25 01:00:00",-0.9,1.38,1
"2024-06-25 02:00:00",-0.92,0.42,0.25
"2024-06-25 03:00:00",-1.19,1.11,0.33
"2024-06-25 04:00:00",-1.52,1.6,0.56
"2024-06-25 05:00:00",-0.55,2.7,1.23
"2024-06-25 06:00:00",0.33,3.86,1.93
"2024-06-25 07:00:00",1.46,3.67,2.05
"2024-06-25 08:00:00",1.06,4.42,2.15
"2024-06-25 09:00:00",1.42,6.48,2.78
"2024-06-25 10:00:00",0.55,6.02,2.69
"2024-06-25 11:00:00",0.4,4.56,2.47
"2024-06-25 12:00:00",-0.04,4.72,2.34
"2024-06-25 13:00:00",0.19,5.48,2.26
"2024-06-25 14:00:00",0.03,4.85,2.16
"2024-06-25 15:00:00",0.31,6.15,2.38
"2024-06-25 16:00:00",0.44,5.47,2.37
"2024-06-25 17:00:00",0.28,4.97,2.4
"2024-06-25 18:00:00",-0.22,4.46,2.16
"2024-06-25 19:00:00",-0.88,3.92,1.86
"2024-06-25 20:00:00",-0.7,3.59,1.78
"2024-06-25 21:00:00",1.03,4.31,1.71
"2024-06-25 22:00:00",0.78,5.98,2.15
"2024-06-25 23:00:00",0.54,4.79,2.28
"2024-06-26 00:00:00",1.74,5,2.72
"2024-06-26 01:00:00",1.53,5.02,3.19
"2024-06-26 02:00:00",1.34,6.01,3.27
"2024-06-26 03:00:00",0.94,4.86,2.68
"2024-06-26 04:00:00",2.48,4.95,2.78
"2024-06-26 05:00:00",2.66,6.64,3.16
"2024-06-26 06:00:00",5.97,19.82,5.29
"2024-06-26 07:00:00",34.78,11.98,4.68
"2024-06-26 08:00:00",35.16,11.17,4.33
"2024-06-26 09:00:00",25.57,10.94,4.92
"2024-06-26 10:00:00",22.79,12.86,5.11
"2024-06-26 11:00:00",14.27,13.16,4.32
"2024-06-26 12:00:00",14.77,13.88,4.29
"2024-06-26 13:00:00",20.64,18.62,4.68
"2024-06-26 14:00:00",27.6,20.41,4.08
"2024-06-26 15:00:00",24.27,22,4.34
"2024-06-26 16:00:00",18.92,34.31,5.42
"2024-06-26 17:00:00",20.67,34.18,6.02
"2024-06-26 18:00:00",11.78,7.33,2.53
"2024-06-26 19:00:00",9.34,5.14,2.19
"2024-06-26 20:00:00",2.58,19.46,9.28
"2024-06-26 21:00:00",3.22,23.06,11.28
"2024-06-26 22:00:00",2.38,17.84,9.51
"2024-06-26 23:00:00",0.72,17.07,9
"2024-06-27 00:00:00",-1.15,16.88,9.19
"2024-06-27 01:00:00",-0.9,16.37,8.19
"2024-06-27 02:00:00",-1.04,17.65,9.14
"2024-06-27 03:00:00",-1.5,15.03,8.22
"2024-06-27 04:00:00",-0.97,14.01,8.42
"2024-06-27 05:00:00",1.15,17.78,10.33
"2024-06-27 06:00:00",10.45,18.74,10.5
"2024-06-27 07:00:00",13.92,18.59,9.65
"2024-06-27 08:00:00",15.94,12.34,6.4
"2024-06-27 09:00:00",16.18,14.2,7.75
"2024-06-27 10:00:00",9.78,16.89,9.28
"2024-06-27 11:00:00",12.05,16.92,9.34
"2024-06-27 12:00:00",8.03,16.3,9.05
"2024-06-27 13:00:00",7.81,16.07,9.05
"2024-06-27 14:00:00",15.19,14.26,8.98
"2024-06-27 15:00:00",10.91,10.29,6.85
"2024-06-27 16:00:00",21.56,16.57,9.67
"2024-06-27 17:00:00",25.18,16.06,9.59
"2024-06-27 18:00:00",15.04,12.58,7.67
"2024-06-27 19:00:00",5.72,9.48,5.98
"2024-06-27 20:00:00",4.02,12.51,7.04
"2024-06-27 21:00:00",6.98,13.38,8.24
"2024-06-27 22:00:00",6.74,14.46,8.72
"2024-06-27 23:00:00",2.74,12.6,7.51
"2024-06-28 00:00:00",0.52,11.92,6.96
"2024-06-28 01:00:00",-0.43,12.43,7.42
"2024-06-28 02:00:00",3.48,6.68,3.73
"2024-06-28 03:00:00",1.9,9.01,5.1
"2024-06-28 04:00:00",3.49,13.41,6.71
"2024-06-28 05:00:00",9.14,15.13,7.97
"2024-06-28 06:00:00",18.65,17.79,9.3
"2024-06-28 07:00:00",22.08,17.56,8.65
"2024-06-28 08:00:00",6.25,12.5,5.9
"2024-06-28 09:00:00",11.3,12.82,6.2
"2024-06-28 10:00:00",14.7,12.01,4.47
"2024-06-28 11:00:00",19.57,17.54,6.35
"2024-06-28 12:00:00",24.01,19.26,7
"2024-06-28 13:00:00",24.54,16.95,6.49
"2024-06-28 13:01:00",
"2024-06-28 14:00:00",,15.34,6.1
"2024-06-28 14:01:00",
"2024-06-28 15:00:00",,13.12,5.23
"2024-06-28 16:00:00",,10.91,4.61
"2024-06-28 17:00:00",,10.85,4.51
"2024-06-28 18:00:00",,10.13,4.81
"2024-06-28 19:00:00",,10.7,5.21
"2024-06-28 20:00:00",,14.61,6.1
"2024-06-28 21:00:00",,7.44,4.49
"2024-06-28 22:00:00",,4.52,3.04
"2024-06-28 23:00:00",,5.19,3.09
"2024-06-29 00:00:00",,5.54,3.28
"2024-06-29 01:00:00",,5.5,2.55
"2024-06-29 02:00:00",,7.21,2.38
"2024-06-29 03:00:00",,4.82,1.77
"2024-06-29 04:00:00",,6.13,1.48
"2024-06-29 05:00:00",,4.95,1.31
"2024-06-29 06:00:00",,4.53,1.26
"2024-06-29 07:00:00",,9.65,1.66
"2024-06-29 08:00:00",,6.11,1.23
"2024-06-29 09:00:00",,3.34,1.01
"2024-06-29 10:00:00",,2.75,0.95
"2024-06-29 11:00:00",,6.46,2.7
"2024-06-29 12:00:00",,5.51,2.57
"2024-06-29 13:00:00",,6.39,2.79
"2024-06-29 14:00:00",,7.17,3.17
"2024-06-29 15:00:00",,8.51,3.96
"2024-06-29 16:00:00",,8.31,3.86
"2024-06-29 17:00:00",,6.84,3.44
"2024-06-29 18:00:00",,6.99,3.53
"2024-06-29 19:00:00",,7.93,3.87
"2024-06-29 20:00:00",,9.07,4.35
"2024-06-29 21:00:00",,11.69,5.91
"2024-06-29 22:00:00",,12.7,6.16
"2024-06-29 23:00:00",,13.92,6.69
"2024-06-30 00:00:00",,17.52,7.52
"2024-06-30 01:00:00",,15.7,7.46
"2024-06-30 02:00:00",,14.4,6.96
"2024-06-30 03:00:00",,13.14,5.57
"2024-06-30 04:00:00",,11.49,4.75
"2024-06-30 05:00:00",,8.06,3.48
"2024-06-30 06:00:00",,7.26,3.17
"2024-06-30 07:00:00",,7.87,3.14
"2024-06-30 08:00:00",,9.05,3.44
"2024-06-30 09:00:00",,12.25,4.18
"2024-06-30 10:00:00",,12.87,5.94
"2024-06-30 11:00:00",,12.82,6.08
"2024-06-30 12:00:00",,13.34,6.47
"2024-06-30 13:00:00",,14.93,7.03
"2024-06-30 14:00:00",,13.25,6.86
"2024-06-30 15:00:00",,13.84,6.65
"2024-06-30 16:00:00",,11.32,5.75
"2024-06-30 17:00:00",,10.79,5.83
"2024-06-30 18:00:00",,7.92,4.65
"2024-06-30 19:00:00",,4.86,3.32
"2024-06-30 20:00:00",,8.51,4.83
"2024-06-30 21:00:00",,9.88,5.79
"2024-06-30 22:00:00",,9.92,5.79
"2024-06-30 23:00:00",,8.67,4.67
"2024-07-01 00:00:00",,9.11,4.66
"2024-07-01 01:00:00",,10.19,4.97
"2024-07-01 02:00:00",,10.66,5.36
"2024-07-01 03:00:00",,11.28,5.7
"2024-07-01 04:00:00",,13.38,6.52
"2024-07-01 05:00:00",,12.36,5.92
"2024-07-01 06:00:00",,4.61,2.78
"2024-07-01 07:00:00",,3.19,2
"2024-07-01 08:00:00",,2.73,1.39
"2024-07-01 09:00:00",,2.03,0.98
"2024-07-01 10:00:00",,2.38,0.66
"2024-07-01 11:00:00",,2.3,0.73
"2024-07-01 12:00:00",,4.52,1.25
"2024-07-01 13:00:00",,8.69,3.03
"2024-07-01 14:00:00",,12.46,4.96
"2024-07-01 15:00:00",,13.92,5.49
"2024-07-01 16:00:00",,13.08,5.37
"2024-07-01 17:00:00",,15.56,7.27
"2024-07-01 18:00:00",,17.45,8.89
"2024-07-01 19:00:00",,17.22,9.36
"2024-07-01 20:00:00",,18.61,10.29
"2024-07-01 21:00:00",,20.62,10.91
"2024-07-01 22:00:00",,21.28,11.63
"2024-07-01 23:00:00",,20.75,11.43
"2024-07-02 00:00:00",,19.69,10.86
"2024-07-02 01:00:00",,17.62,9.68
"2024-07-02 02:00:00",,19.7,10.68
"2024-07-02 03:00:00",,18.57,10.57
"2024-07-02 04:00:00",,18.52,10.39
"2024-07-02 05:00:00",,39.4,12.89
"2024-07-02 06:00:00",,21.22,10.09
"2024-07-02 07:00:00",,13.08,7.96
"2024-07-02 08:00:00",,29.25,11.08
"2024-07-02 09:00:00",,41.79,12.45
"2024-07-02 10:00:00",,21.45,9.14
"2024-07-02 11:00:00",,15.67,7.38
"2024-07-02 12:00:00",,19.2,7.54
"2024-07-02 13:00:00",,17.08,7.73
"2024-07-02 14:00:00",,18.38,7.74
"2024-07-02 15:00:00",,16.58,6.94
"2024-07-02 16:00:00",,14.95,5.6
"2024-07-02 17:00:00",,9.89,4
"2024-07-02 18:00:00",,11.54,6.15
"2024-07-02 19:00:00",,14.54,7.89
"2024-07-02 20:00:00",,18.11,10.24
"2024-07-02 21:00:00",,20.67,11.66
"2024-07-02 22:00:00",,20.85,11.46
"2024-07-02 23:00:00",,19.07,10.74
"2024-07-03 00:00:00",,18.14,9.86
"2024-07-03 01:00:00",,16.93,9.1
"2024-07-03 02:00:00",,5.79,3.67
"2024-07-03 03:00:00",,2.99,1.81
"2024-07-03 04:00:00",,1.99,1.2
"2024-07-03 05:00:00",,2.16,1.14
"2024-07-03 06:00:00",,3.13,1.66
"2024-07-03 07:00:00",,3.41,1.55
"2024-07-03 08:00:00",,3.47,1.7
"2024-07-03 09:00:00",,3.32,1.47
"2024-07-03 10:00:00",,2.99,1.27
"2024-07-03 11:00:00",,4.14,1.37
"2024-07-03 12:00:00",,3.86,1.41
"2024-07-03 13:00:00",,4.46,1.56
"2024-07-03 14:00:00",,4.32,1.65
"2024-07-03 15:00:00",,8.2,3.65
"2024-07-03 16:00:00",,10.31,5.26
"2024-07-03 17:00:00",,11.31,5.1
"2024-07-03 18:00:00",,6.69,3.2
"2024-07-03 19:00:00",,10.31,5.05
"2024-07-03 20:00:00",,11.33,5.65
"2024-07-03 21:00:00",,13.28,6.69
"2024-07-03 22:00:00",,18.48,9.56
"2024-07-03 23:00:00",,18.56,9.25
"2024-07-04 00:00:00",,18.36,8.72
"2024-07-04 01:00:00",,18.45,8.86
"2024-07-04 02:00:00",,14.76,8.46
"2024-07-04 03:00:00",,12.42,7.31
"2024-07-04 04:00:00",,14.47,7.35
"2024-07-04 05:00:00",,16.22,8.13
"2024-07-04 06:00:00",,16.85,8.95
"2024-07-04 07:00:00",,16.91,9.01
"2024-07-04 08:00:00",,18.67,9.27
"2024-07-04 09:00:00",,16.93,7.86
"2024-07-04 10:00:00",,12.87,7.19
"2024-07-04 11:00:00",,12.5,6.23
"2024-07-04 12:00:00",,11.67,6.65
"2024-07-04 13:00:00",,14.5,7.1
"2024-07-04 14:00:00",,16.82,7.45
"2024-07-04 15:00:00",,19.69,8.82
"2024-07-04 16:00:00",,19,8.58
"2024-07-04 17:00:00",,15.71,7.75
"2024-07-04 18:00:00",,7.27,4.29
"2024-07-04 19:00:00",,8.36,5.12
"2024-07-04 20:00:00",,7.5,4.99
"2024-07-04 21:00:00",,8.69,5.29
"2024-07-04 22:00:00",,8.4,4.77
"2024-07-04 23:00:00",,9.67,5.08
"2024-07-05 00:00:00",,9.18,4.52
"2024-07-05 01:00:00",,10.35,5.05
"2024-07-05 02:00:00",,11.45,4.99
"2024-07-05 03:00:00",,11.53,4.69
"2024-07-05 04:00:00",,9.65,3.93
"2024-07-05 05:00:00",,13.12,4.49
"2024-07-05 06:00:00",,11.94,4.22
"2024-07-05 07:00:00",,11.77,4.47
"2024-07-05 08:00:00",,12.19,4.42
"2024-07-05 09:00:00",-0.36,9.41,3.36
"2024-07-05 10:00:00",14.12,10.49,3.44
"2024-07-05 11:00:00",20.07,11.73,3.61
"2024-07-05 12:00:00",21.29,7.91,2.69
"2024-07-05 13:00:00",23.46,4.15,1.92
"2024-07-05 14:00:00",26.98,5.01,2.83
"2024-07-05 15:00:00",24.03,8.59,4.18
"2024-07-05 16:00:00",23.28,9.06,3.86
"2024-07-05 17:00:00",16.91,6.34,3
"2024-07-05 18:00:00",17.21,5.66,2.86
"2024-07-05 19:00:00",8.94,3.26,1.75
"2024-07-05 20:00:00",7.91,2.25,1.2
"2024-07-05 21:00:00",2.14,1.73,0.88
"2024-07-05 22:00:00",-0.98,1.97,1.08
"2024-07-05 23:00:00",-1.16,1.95,1.14
"2024-07-06 00:00:00",-1.12,3.23,1.28
"2024-07-06 01:00:00",-1.24,3.01,1.28
"2024-07-06 02:00:00",-1.27,2.84,1.27
"2024-07-06 03:00:00",-0.49,2.21,1.03
"2024-07-06 04:00:00",-0.4,2.83,1.16
"2024-07-06 05:00:00",0.9,2.45,1.07
"2024-07-06 06:00:00",9.96,4.37,1.62
"2024-07-06 07:00:00",9.19,6.24,2.52
"2024-07-06 08:00:00",10.38,6.55,2.74
"2024-07-06 09:00:00",11.57,6.53,2.93
"2024-07-06 10:00:00",7.35,3.6,1.93
"2024-07-06 11:00:00",9.8,3.61,1.59
"2024-07-06 12:00:00",0.67,3.05,1.43
"2024-07-06 13:00:00",0.96,3.81,1.75
"2024-07-06 14:00:00",11.28,4.67,2.35
"2024-07-06 15:00:00",-0.55,2.72,1.58
"2024-07-06 16:00:00",1.52,3.44,2.05
"2024-07-06 17:00:00",-1.61,3.19,1.81
"2024-07-06 18:00:00",0.16,3.63,2.02
"2024-07-06 19:00:00",3.75,5.4,2.73
"2024-07-06 20:00:00",-1.21,3.61,2.03
"2024-07-06 21:00:00",2.83,4.54,2.45
"2024-07-06 22:00:00",8.98,4.42,2.4
"2024-07-06 23:00:00",9.44,5.74,2.8
"2024-07-07 00:00:00",0.24,4.13,2.28
"2024-07-07 01:00:00",-1.26,4.1,2.22
"2024-07-07 02:00:00",1.67,4.43,2.17
"2024-07-07 03:00:00",4.94,5.24,2.53
"2024-07-07 04:00:00",4.43,4.85,2.77
"2024-07-07 05:00:00",-0.94,4.18,2.57
"2024-07-07 06:00:00",2.52,4.46,2.44
"2024-07-07 07:00:00",-0.84,3.55,1.49
"2024-07-07 08:00:00",6.28,3.65,2.11
"2024-07-07 09:00:00",8.62,4.33,2.15
"2024-07-07 10:00:00",12.73,5.3,2.33
"2024-07-07 11:00:00",16.8,5.99,2.56
"2024-07-07 12:00:00",15.73,5.12,2.73
"2024-07-07 13:00:00",19.1,4.36,2.57
"2024-07-07 14:00:00",-0.45,2.17,1.51
"2024-07-07 15:00:00",1.44,2.07,1.26
"2024-07-07 16:00:00",6.9,3,1.69
"2024-07-07 17:00:00",12.81,3.42,1.95
"2024-07-07 18:00:00",4.51,2.96,1.53
"2024-07-07 19:00:00",0.1,2.54,1.5
"2024-07-07 20:00:00",-1.1,1.63,1.01
"2024-07-07 21:00:00",-0.8,2.99,1.66
"2024-07-07 22:00:00",-0.13,3.44,2.21
"2024-07-07 23:00:00",0.26,3.18,1.68
"2024-07-08 00:00:00",0.06,4,2.35
"2024-07-08 01:00:00",0.28,3.91,2.3
"2024-07-08 02:00:00",1.18,3.71,2.38
"2024-07-08 03:00:00",1.3,3.52,2.47
"2024-07-08 04:00:00",-0.17,4.83,2.77
"2024-07-08 05:00:00",0.6,6.46,3.45
"2024-07-08 06:00:00",2.65,6.25,3.58
"2024-07-08 07:00:00",3.51,5.15,2.98
"2024-07-08 08:00:00",2.22,6.15,3.08
"2024-07-08 09:00:00",9.59,6.31,2.82
"2024-07-08 10:00:00",8.72,3.65,1.63
"2024-07-08 11:00:00",11.89,4.33,1.49
"2024-07-08 12:00:00",19.65,6.61,1.93
"2024-07-08 13:00:00",18.02,4.51,1.68
"2024-07-08 14:00:00",17.29,5.2,1.75
"2024-07-08 15:00:00",25.56,6.23,1.92
"2024-07-08 16:00:00",37.8,5.8,2.08
"2024-07-08 17:00:00",35,6.35,2.34
"2024-07-08 18:00:00",23.31,6.44,1.94
"2024-07-08 19:00:00",15.4,4.97,1.76
"2024-07-08 20:00:00",27.31,6.59,2.54
"2024-07-08 21:00:00",15.87,7.19,2.74
"2024-07-08 22:00:00",9.69,7.94,2.73
"2024-07-08 23:00:00",19.26,37.33,7.64
"2024-07-09 00:00:00",13.76,18.34,5.77
"2024-07-09 01:00:00",15.28,13.27,3.93
"2024-07-09 02:00:00",11.19,12.36,4.11
"2024-07-09 03:00:00",7.18,23.36,4.54
"2024-07-09 04:00:00",0.36,7.53,2.83
"2024-07-09 05:00:00",0.04,7.67,2.98
"2024-07-09 06:00:00",1.18,7.03,3.23
"2024-07-09 07:00:00",5.82,8.17,3.66
"2024-07-09 08:00:00",6.26,8.92,3.72
"2024-07-09 09:00:00",4.5,12.15,4.12
"2024-07-09 10:00:00",5.41,10.71,4.36
"2024-07-09 11:00:00",4.17,21.81,5.27
"2024-07-09 12:00:00",3.9,19.93,4.34
"2024-07-09 13:00:00",2.01,11.77,3.39
"2024-07-09 14:00:00",3.61,16.17,3.49
"2024-07-09 15:00:00",4.57,10.58,2.88
"2024-07-09 16:00:00",3.9,10.12,2.71
"2024-07-09 17:00:00",2.92,7.45,2.31
"2024-07-09 18:00:00",1.55,5.11,2.03
"2024-07-09 19:00:00",1.5,13.18,3.88
"2024-07-09 20:00:00",0.4,4.26,2.07
"2024-07-09 21:00:00",0.35,5.68,2.66
"2024-07-09 22:00:00",0.38,4.4,2.18
"2024-07-09 23:00:00",0.23,3.41,1.76
"2024-07-10 00:00:00",-0.54,4.33,2.2
"2024-07-10 01:00:00",-0.94,4.43,2.58
"2024-07-10 02:00:00",-1.2,4.91,2.46
"2024-07-10 03:00:00",-1.45,4.29,2.39
"2024-07-10 04:00:00",-1.46,5.43,3.08
"2024-07-10 05:00:00",-1.28,5.79,3.36
"2024-07-10 06:00:00",-1.14,9.1,4.21
"2024-07-10 07:00:00",0.57,16.64,5.99
"2024-07-10 08:00:00",0.95,13.83,5.7
"2024-07-10 09:00:00",0.72,11.42,4.74
"2024-07-10 10:00:00",0.25,11.04,4.44
"2024-07-10 11:00:00",-0.44,11.5,4.56
"2024-07-10 12:00:00",-0.16,13.05,4.57
"2024-07-10 13:00:00",-0.89,11.91,4.35
"2024-07-10 14:00:00",-0.76,13.18,4.56
"2024-07-10 15:00:00",-0.6,10.93,4.57
"2024-07-10 16:00:00",-0.86,12.61,5.22
"2024-07-10 17:00:00",-0.8,14.47,5.53
"2024-07-10 17:01:00",,,
"2024-07-10 18:00:00",-1.25
"2024-07-10 18:01:00",,,
"2024-07-10 19:00:00",-1.28
"2024-07-10 20:00:00",-1.31
"2024-07-10 21:00:00",-1.21
"2024-07-10 22:00:00",-0.99
"2024-07-10 23:00:00",-1.08
"2024-07-11 00:00:00",-1.53
"2024-07-11 01:00:00",-1.63
"2024-07-11 02:00:00",-1.51
"2024-07-11 03:00:00",-1.67
"2024-07-11 04:00:00",-1.62
"2024-07-11 05:00:00",-0.63
"2024-07-11 06:00:00",-0.49
"2024-07-11 07:00:00",0.94
"2024-07-11 08:00:00",1.03
"2024-07-11 09:00:00",0.61
"2024-07-11 10:00:00",0.12
"2024-07-11 11:00:00",0.12
"2024-07-11 12:00:00",0.25
"2024-07-11 13:00:00",0.13
"2024-07-11 14:00:00",0.58
"2024-07-11 15:00:00",0.95
"2024-07-11 16:00:00",0.94
"2024-07-11 17:00:00",0.86
"2024-07-11 18:00:00",-0.05
"2024-07-11 19:00:00",-0.73
"2024-07-11 20:00:00",-0.29
"2024-07-11 21:00:00",-0.29
"2024-07-11 22:00:00",0.15
"2024-07-11 23:00:00",-0.68
"2024-07-12 00:00:00",-1
"2024-07-12 01:00:00",-0.94
"2024-07-12 02:00:00",-0.47
"2024-07-12 03:00:00",-1.52
"2024-07-12 04:00:00",-1.46
"2024-07-12 05:00:00",-0.21
"2024-07-12 06:00:00",-0.22
"2024-07-12 07:00:00",1.84
"2024-07-12 08:00:00",2.88
"2024-07-12 09:00:00",1.67
"2024-07-12 10:00:00",1.6
"2024-07-12 11:00:00",0.07
"2024-07-12 12:00:00",0.11
"2024-07-12 13:00:00",1.57
"2024-07-12 14:00:00",0.71
"2024-07-12 15:00:00",0.38
"2024-07-12 16:00:00",0.36
"2024-07-12 17:00:00",-0.17
"2024-07-12 18:00:00",-0.78
"2024-07-12 19:00:00",-0.77
"2024-07-12 20:00:00",-0.94
"2024-07-12 21:00:00",-0.63
"2024-07-12 22:00:00",-0.22
"2024-07-12 23:00:00",-0.73
"2024-07-13 00:00:00",-0.71
"2024-07-13 01:00:00",-1.03
"2024-07-13 02:00:00",-1.48
"2024-07-13 03:00:00",-1.49
"2024-07-13 04:00:00",-1.62
"2024-07-13 05:00:00",-1.53
"2024-07-13 06:00:00",-1.16
"2024-07-13 07:00:00",-1.53
"2024-07-13 08:00:00",-1.31
"2024-07-13 09:00:00",0.04
"2024-07-13 10:00:00",0.56
"2024-07-13 11:00:00",-0.27
"2024-07-13 12:00:00",0.87
"2024-07-13 13:00:00",0.97
"2024-07-13 14:00:00",5.34
"2024-07-13 15:00:00",5.97
"2024-07-13 16:00:00",28.38
"2024-07-13 17:00:00",9.98
"2024-07-13 18:00:00",-1.08
"2024-07-13 19:00:00",-1.16
"2024-07-13 20:00:00",-1.04
"2024-07-13 21:00:00",-0.7
"2024-07-13 22:00:00",-1.15
"2024-07-13 23:00:00",-0.71
"2024-07-14 00:00:00",-1.2
"2024-07-14 01:00:00",-1.18
"2024-07-14 02:00:00",-1.24
"2024-07-14 03:00:00",-1.3
"2024-07-14 04:00:00",-1.43
"2024-07-14 05:00:00",-1.31
"2024-07-14 06:00:00",-0.15
"2024-07-14 07:00:00",-0.3
"2024-07-14 08:00:00",-0.69
"2024-07-14 09:00:00",0.43
"2024-07-14 10:00:00",7
"2024-07-14 11:00:00",5.66
"2024-07-14 12:00:00",7.78
"2024-07-14 13:00:00",11.54
"2024-07-14 14:00:00",25.9
"2024-07-14 15:00:00",25.81
"2024-07-14 16:00:00",18.58
"2024-07-14 17:00:00",8.04
"2024-07-14 18:00:00",19.04
"2024-07-14 19:00:00",3.23
"2024-07-14 20:00:00",15.76
"2024-07-14 21:00:00",22.26
"2024-07-14 22:00:00",27.22
"2024-07-14 23:00:00",15.62
"2024-07-15 00:00:00",16.23
"2024-07-15 01:00:00",5.06
"2024-07-15 02:00:00",4.91
"2024-07-15 03:00:00",3.56
"2024-07-15 04:00:00",2.31
"2024-07-15 05:00:00",5.57
"2024-07-15 06:00:00",7.86
"2024-07-15 07:00:00",3.64
"2024-07-15 08:00:00",3.4
"2024-07-15 09:00:00",6.06
"2024-07-15 10:00:00",8.08
"2024-07-15 11:00:00",9.57
"2024-07-15 12:00:00",11.56
"2024-07-15 13:00:00",2.95
"2024-07-15 14:00:00",6.2
"2024-07-15 15:00:00",12.14
"2024-07-15 16:00:00",16.81
"2024-07-15 17:00:00",8.48
"2024-07-15 18:00:00",8.65
"2024-07-15 19:00:00",25.37
"2024-07-15 20:00:00",23.93
"2024-07-15 21:00:00",12.53
"2024-07-15 22:00:00",6.59
"2024-07-15 23:00:00",-0.01
"2024-07-16 00:00:00",-0.5
"2024-07-16 01:00:00",-0.5
"2024-07-16 02:00:00",-0.57
"2024-07-16 03:00:00",-1
"2024-07-16 04:00:00",-1.05
"2024-07-16 05:00:00",-0.59
"2024-07-16 06:00:00",0.81
"2024-07-16 07:00:00",2.36
"2024-07-16 08:00:00",1.19
"2024-07-16 09:00:00",0.96
"2024-07-16 10:00:00",2.73
"2024-07-16 11:00:00",11.88
"2024-07-16 12:00:00",20.23
"2024-07-16 13:00:00",14.87
"2024-07-16 14:00:00",12.69
"2024-07-16 15:00:00",15.03
"2024-07-16 16:00:00",16.61
"2024-07-16 17:00:00",18.69
"2024-07-16 18:00:00",14.77
"2024-07-16 19:00:00",7.26
"2024-07-16 20:00:00",7.66
"2024-07-16 21:00:00",7.62
"2024-07-16 22:00:00",8.81
"2024-07-16 23:00:00",3.43
"2024-07-17 00:00:00",1.03
"2024-07-17 01:00:00",1.27
"2024-07-17 02:00:00",-0.36
"2024-07-17 03:00:00",0.52
"2024-07-17 04:00:00",0.89
"2024-07-17 05:00:00",11.09
"2024-07-17 06:00:00",19.48
"2024-07-17 07:00:00",29.34
"2024-07-17 08:00:00",33.3
"2024-07-17 09:00:00",24.31
"2024-07-17 10:00:00",20.04
"2024-07-17 11:00:00",19.92
"2024-07-17 12:00:00",17.21
"2024-07-17 13:00:00",20.34
"2024-07-17 14:00:00",21.38
"2024-07-17 15:00:00",17.16
"2024-07-17 16:00:00",20.06
"2024-07-17 17:00:00",17.03
"2024-07-17 18:00:00",18.68
"2024-07-17 19:00:00",15.27
"2024-07-17 20:00:00",16.54
"2024-07-17 21:00:00",10.49
"2024-07-17 22:00:00",5.94
"2024-07-17 23:00:00",5.26
"2024-07-18 00:00:00",0.31
"2024-07-18 01:00:00",1.28
"2024-07-18 02:00:00",0.39
"2024-07-18 03:00:00",-0.95
"2024-07-18 04:00:00",-0.15
"2024-07-18 05:00:00",1.9
"2024-07-18 06:00:00",9.75
"2024-07-18 07:00:00",28.35
"2024-07-18 08:00:00",28.76
"2024-07-18 09:00:00",23.82
"2024-07-18 10:00:00",17.25
"2024-07-18 11:00:00",0.93
"2024-07-18 12:00:00",0.7
"2024-07-18 13:00:00",0.32
"2024-07-18 14:00:00",0.01
"2024-07-18 15:00:00",1.17
"2024-07-18 16:00:00",7.26
"2024-07-18 17:00:00",18.36
"2024-07-18 18:00:00",19.27
"2024-07-18 19:00:00",21.67
"2024-07-18 20:00:00",15.36
"2024-07-18 21:00:00",16.53
"2024-07-18 22:00:00",16.5
"2024-07-18 23:00:00",12.88
"2024-07-19 00:00:00",12.01
"2024-07-19 01:00:00",7.34
"2024-07-19 02:00:00",4.31
"2024-07-19 03:00:00",1.56
"2024-07-19 04:00:00",1.26
"2024-07-19 05:00:00",3.68
"2024-07-19 06:00:00",12.15
"2024-07-19 07:00:00",32.14
"2024-07-19 08:00:00",15.85
"2024-07-19 09:00:00",26.83
"2024-07-19 10:00:00",14
"2024-07-19 11:00:00",18.26
"2024-07-19 12:00:00",12.85
"2024-07-19 13:00:00",23.32
"2024-07-19 14:00:00",21.2
"2024-07-19 15:00:00",24.28
"2024-07-19 16:00:00",24.27
"2024-07-19 17:00:00",20.05
"2024-07-19 18:00:00",25.68
"2024-07-19 19:00:00",20.13
"2024-07-19 20:00:00",22.33
"2024-07-19 21:00:00",15.8
"2024-07-19 22:00:00",9.27
"2024-07-19 23:00:00",6.2
"2024-07-20 00:00:00",2.11
"2024-07-20 01:00:00",2.3
"2024-07-20 02:00:00",-0.34
"2024-07-20 03:00:00",-0.57
"2024-07-20 04:00:00",0.46
"2024-07-20 05:00:00",1.16
"2024-07-20 06:00:00",5.02
"2024-07-20 07:00:00",6.87
"2024-07-20 08:00:00",10.93
"2024-07-20 09:00:00",-0.89
"2024-07-20 10:00:00",-0.76
"2024-07-20 11:00:00",-0.99
"2024-07-20 12:00:00",-0.78
"2024-07-20 13:00:00",-1.24
"2024-07-20 14:00:00",-1.36
"2024-07-20 15:00:00",-1.41
"2024-07-20 16:00:00",-1.51
"2024-07-20 17:00:00",-1.58
"2024-07-20 18:00:00",-1.62
"2024-07-20 19:00:00",-1.23
"2024-07-20 20:00:00",6.62
"2024-07-20 21:00:00",3.39
"2024-07-20 22:00:00",7.18
"2024-07-20 23:00:00",9.31
"2024-07-21 00:00:00",6.28
"2024-07-21 01:00:00",4
"2024-07-21 02:00:00",1.77
"2024-07-21 03:00:00",2.2
"2024-07-21 04:00:00",1.1
"2024-07-21 05:00:00",0.46
"2024-07-21 06:00:00",3.67
"2024-07-21 07:00:00",4.57
"2024-07-21 08:00:00",7.31
"2024-07-21 09:00:00",9.68
"2024-07-21 10:00:00",8.23
"2024-07-21 11:00:00",12.11
"2024-07-21 12:00:00",10.79
"2024-07-21 13:00:00",14.29
"2024-07-21 14:00:00",15.61
"2024-07-21 15:00:00",19.68
"2024-07-21 16:00:00",19.97
"2024-07-21 17:00:00",19.75
"2024-07-21 18:00:00",22.34
"2024-07-21 19:00:00",22.81
"2024-07-21 20:00:00",11.6
"2024-07-21 21:00:00",4.23
"2024-07-21 22:00:00",5.33
"2024-07-21 23:00:00",3.39
"2024-07-22 00:00:00",1.25
"2024-07-22 01:00:00",0.74
"2024-07-22 02:00:00",-1.37
"2024-07-22 03:00:00",-1.47
"2024-07-22 04:00:00",-1.26
"2024-07-22 05:00:00",-0.68
"2024-07-22 06:00:00",2.4
"2024-07-22 07:00:00",7.83
"2024-07-22 08:00:00",12.2
"2024-07-22 08:01:00",
"2024-07-22 09:01:00",
"2024-07-22 10:00:00",15.82
"2024-07-22 11:00:00",14.35
"2024-07-22 12:00:00",16.14
"2024-07-22 13:00:00",19.1
"2024-07-22 14:00:00",19.3
"2024-07-22 15:00:00",23.3
"2024-07-22 16:00:00",35.67
"2024-07-22 17:00:00",30.09
"2024-07-22 18:00:00",19.28
"2024-07-22 19:00:00",10.27
"2024-07-22 20:00:00",9.5
"2024-07-22 21:00:00",11.71
"2024-07-22 22:00:00",14.73
"2024-07-22 23:00:00",12.9
"2024-07-23 00:00:00",4.05
"2024-07-23 01:00:00",-0.91
"2024-07-23 02:00:00",-1.23
"2024-07-23 03:00:00",-1.65
"2024-07-23 04:00:00",-1.29
"2024-07-23 05:00:00",-0.46
"2024-07-23 06:00:00",0.55
"2024-07-23 07:00:00",1.09
"2024-07-23 08:00:00",2.26
"2024-07-23 09:00:00",2.1
"2024-07-23 10:00:00",0.73
"2024-07-23 11:00:00",1.03
"2024-07-23 12:00:00",3.1
"2024-07-23 13:00:00",8.42
"2024-07-23 14:00:00",3.22
"2024-07-23 15:00:00",30.31
"2024-07-23 16:00:00",30.83
"2024-07-23 17:00:00",38.35
"2024-07-23 18:00:00",23.08
"2024-07-23 19:00:00",13.24
"2024-07-23 20:00:00",12.19
"2024-07-23 21:00:00",11.74
"2024-07-23 22:00:00",9.23
"2024-07-23 23:00:00",4.57
"2024-07-24 00:00:00",0.05
"2024-07-24 01:00:00",1.4
"2024-07-24 02:00:00",0.41
"2024-07-24 03:00:00",-0.05
"2024-07-24 04:00:00",1.2
"2024-07-24 05:00:00",8.34
"2024-07-24 06:00:00",16.7
"2024-07-24 07:00:00",27.66
"2024-07-24 08:00:00",33.57
"2024-07-24 09:00:00",26.59
"2024-07-24 10:00:00",21.55
"2024-07-24 11:00:00",16.44
"2024-07-24 12:00:00",20.85
"2024-07-24 13:00:00",16.75
"2024-07-24 14:00:00",16.37
"2024-07-24 15:00:00",15.62
"2024-07-24 16:00:00",16.04
"2024-07-24 17:00:00",15.09
"2024-07-24 18:00:00",10.75
"2024-07-24 19:00:00",4.58
"2024-07-24 20:00:00",6.63
"2024-07-24 21:00:00",6.93
"2024-07-24 22:00:00",5.83
"2024-07-24 23:00:00",3.95
"2024-07-25 00:00:00",3.7
"2024-07-25 01:00:00",1.53
"2024-07-25 02:00:00",1.44
"2024-07-25 03:00:00",1.1
"2024-07-25 04:00:00",1.14
"2024-07-25 05:00:00",7.82
"2024-07-25 06:00:00",16.04
"2024-07-25 07:00:00",28.12
"2024-07-25 08:00:00",24.27
"2024-07-25 09:00:00",14.74
"2024-07-25 10:00:00",18.87
"2024-07-25 11:00:00",19.23
"2024-07-25 12:00:00",17.05
"2024-07-25 13:00:00",9.82
"2024-07-25 14:00:00",12.22
"2024-07-25 15:00:00",14.89
"2024-07-25 16:00:00",16.09
"2024-07-25 17:00:00",23.98
"2024-07-25 18:00:00",15.46
"2024-07-25 19:00:00",10.95
"2024-07-25 20:00:00",7.75
"2024-07-25 21:00:00",9.5
"2024-07-25 22:00:00",11.29
"2024-07-25 23:00:00",7.71
"2024-07-26 00:00:00",4.99
"2024-07-26 01:00:00",6.38
"2024-07-26 02:00:00",2.03
"2024-07-26 03:00:00",4.4
"2024-07-26 04:00:00",4.9
"2024-07-26 05:00:00",15.87
"2024-07-26 06:00:00",38.65
"2024-07-26 07:00:00",39.22
"2024-07-26 08:00:00",35.69
"2024-07-26 09:00:00",26.63
"2024-07-26 10:00:00",18.76
"2024-07-26 11:00:00",12.54
"2024-07-26 12:00:00",17.17
"2024-07-26 13:00:00",14.8
"2024-07-26 14:00:00",18.78
"2024-07-26 15:00:00",15.79
"2024-07-26 16:00:00",17.81
"2024-07-26 17:00:00",15.05
"2024-07-26 18:00:00",15.2
"2024-07-26 19:00:00",14.16
"2024-07-26 20:00:00",11.93
"2024-07-26 21:00:00",8.04
"2024-07-26 22:00:00",6.43
"2024-07-26 23:00:00",5.97
"2024-07-27 00:00:00",1.5
"2024-07-27 01:00:00",0.22
"2024-07-27 02:00:00",-0.17
"2024-07-27 03:00:00",-0.12
"2024-07-27 04:00:00",0.01
"2024-07-27 05:00:00",0.34
"2024-07-27 06:00:00",6.12
"2024-07-27 07:00:00",13.64
"2024-07-27 08:00:00",15.51
"2024-07-27 09:00:00",8.92
"2024-07-27 10:00:00",10.62
"2024-07-27 11:00:00",5.98
"2024-07-27 12:00:00",6.66
"2024-07-27 13:00:00",11.23
"2024-07-27 14:00:00",13.72
"2024-07-27 15:00:00",13.04
"2024-07-27 16:00:00",-1.39
"2024-07-27 17:00:00",-1.67
"2024-07-27 18:00:00",-1.75
"2024-07-27 19:00:00",-1.67
"2024-07-27 20:00:00",-1.67
"2024-07-27 21:00:00",-1.05
"2024-07-27 22:00:00",-0.97
"2024-07-27 23:00:00",-0.35
"2024-07-28 00:00:00",0.13
"2024-07-28 01:00:00",-0.14
"2024-07-28 02:00:00",2.29
"2024-07-28 03:00:00",7.31
"2024-07-28 04:00:00",4.37
"2024-07-28 05:00:00",6.62
"2024-07-28 06:00:00",5.7
"2024-07-28 07:00:00",6.84
"2024-07-28 08:00:00",9.94
"2024-07-28 09:00:00",14.67
"2024-07-28 10:00:00",9.66
"2024-07-28 11:00:00",5.99
"2024-07-28 12:00:00",10.92
"2024-07-28 13:00:00",12.45
"2024-07-28 14:00:00",11.29
"2024-07-28 15:00:00",10.84
"2024-07-28 16:00:00",7.79
"2024-07-28 17:00:00",6.49
"2024-07-28 18:00:00",10.38
"2024-07-28 19:00:00",13.15
"2024-07-28 20:00:00",14.85
"2024-07-28 21:00:00",10.45
"2024-07-28 22:00:00",7.44
"2024-07-28 23:00:00",2.44
"2024-07-29 00:00:00",0.94
"2024-07-29 01:00:00",0.32
"2024-07-29 02:00:00",0.36
"2024-07-29 03:00:00",-0.01
"2024-07-29 04:00:00",1.09
"2024-07-29 05:00:00",3.79
"2024-07-29 06:00:00",14.57
"2024-07-29 07:00:00",19.45
"2024-07-29 08:00:00",28.88
"2024-07-29 09:00:00",19.97
"2024-07-29 10:00:00",16.58
"2024-07-29 11:00:00",16.91
"2024-07-29 12:00:00",17.69
"2024-07-29 13:00:00",19.9
"2024-07-29 14:00:00",15.34
"2024-07-29 15:00:00",14.94
"2024-07-29 16:00:00",20.87
"2024-07-29 17:00:00",13.4
"2024-07-29 18:00:00",9.97
"2024-07-29 19:00:00",7.9
"2024-07-29 20:00:00",12.43
"2024-07-29 21:00:00",15.13
"2024-07-29 22:00:00",17.23
"2024-07-29 23:00:00",7.73
"2024-07-30 00:00:00",8.91
"2024-07-30 01:00:00",7.76
"2024-07-30 02:00:00",14.32
"2024-07-30 03:00:00",8.82
"2024-07-30 04:00:00",12.01
"2024-07-30 05:00:00",26.98
"2024-07-30 06:00:00",27.52
"2024-07-30 07:00:00",42.01
"2024-07-30 08:00:00",35.81
"2024-07-30 09:00:00",23.22
"2024-07-30 10:00:00",22.91
"2024-07-30 11:00:00",19.64
"2024-07-30 12:00:00",17.04
"2024-07-30 13:00:00",14.22
"2024-07-30 14:00:00",12.36
"2024-07-30 15:00:00",15.41
"2024-07-30 16:00:00",9.3
"2024-07-30 17:00:00",9.13
"2024-07-30 18:00:00",-0.27
"2024-07-30 19:00:00",-0.3
"2024-07-30 20:00:00",1.4
"2024-07-30 21:00:00",7.84
"2024-07-30 22:00:00",3.02
"2024-07-30 23:00:00",1.66
"2024-07-31 00:00:00",0.72
"2024-07-31 01:00:00",0.09
"2024-07-31 02:00:00",-0.19
"2024-07-31 03:00:00",-0.22
"2024-07-31 04:00:00",0.25
"2024-07-31 05:00:00",0.62
"2024-07-31 06:00:00",3.91
"2024-07-31 07:00:00",5.34
"2024-07-31 08:00:00",6.59
"2024-07-31 09:00:00",10.16
"2024-07-31 10:00:00",15.98
"2024-07-31 11:00:00",18.94
"2024-07-31 12:00:00",21.68
"2024-07-31 13:00:00",19.76
"2024-07-31 14:00:00",15.53
"2024-07-31 15:00:00",20.36
"2024-07-31 16:00:00",24.16
"2024-07-31 17:00:00",18.99
"2024-07-31 18:00:00",12.87
"2024-07-31 19:00:00",17.38
"2024-07-31 20:00:00",19.19
"2024-07-31 21:00:00",22.4
"2024-07-31 22:00:00",11.58
"2024-07-31 23:00:00",8.29
"2024-08-01 00:00:00",4.62
"2024-08-01 01:00:00",4.8
"2024-08-01 02:00:00",2.88
"2024-08-01 03:00:00",3.33
"2024-08-01 04:00:00",4.3
"2024-08-01 05:00:00",10.41
"2024-08-01 06:00:00",21.08
"2024-08-01 07:00:00",21.95
"2024-08-01 08:00:00",21.23,10.64,4.94
"2024-08-01 09:00:00",13.39,10.34,4.38
"2024-08-01 10:00:00",15.39,12.9,4.63
"2024-08-01 11:00:00",12.94,21.24,6.01
"2024-08-01 12:00:00",15.79,25.11,6.25
"2024-08-01 13:00:00",17.86,27.12,5.77
"2024-08-01 14:00:00",15.74,52.78,9.45
"2024-08-01 15:00:00",7.98,32.29,6.61
"2024-08-01 16:00:00",12.26,18.35,5.03
"2024-08-01 17:00:00",17.5,9.8,4.19
"2024-08-01 18:00:00",19.49,31.17,7.05
"2024-08-01 19:00:00",24.43,26.24,7.02
"2024-08-01 20:00:00",15.98,66.62,10.61
"2024-08-01 21:00:00",11.52,39.93,6.81
"2024-08-01 22:00:00",8.49,9.59,4.52
"2024-08-01 23:00:00",4.31,6.24,3.2
"2024-08-02 00:00:00",1.12,6.46,3.36
"2024-08-02 01:00:00",1.24,7.03,5.08
"2024-08-02 02:00:00",-0.67,5.37,3.61
"2024-08-02 03:00:00",-0.35,6.34,3.91
"2024-08-02 04:00:00",0.41,4.83,3.66
"2024-08-02 05:00:00",1.38,8.2,5.05
"2024-08-02 06:00:00",7.51,11.12,5.84
"2024-08-02 07:00:00",12.42,15.06,7.53
"2024-08-02 08:00:00",13.63,12.75,6.81
"2024-08-02 09:00:00",12.7,11.67,6.98
"2024-08-02 10:00:00",16.04,15.37,8.01
"2024-08-02 11:00:00",20.6,9.28,5.78
"2024-08-02 12:00:00",18.47,7.39,4.93
"2024-08-02 13:00:00",21.81,3.92,2.15
"2024-08-02 14:00:00",14,9.98,4.85
"2024-08-02 15:00:00",13.47,23.48,10.54
"2024-08-02 16:00:00",9.62,15.85,7.63
"2024-08-02 17:00:00",19.14,20.28,9.06
"2024-08-02 18:00:00",10.04,21.54,9.6
"2024-08-02 19:00:00",10.22,20.62,8.99
"2024-08-02 20:00:00",12.75,27.36,10.94
"2024-08-02 21:00:00",17.82,35.18,12.76
"2024-08-02 22:00:00",16.28,25.29,11.28
"2024-08-02 23:00:00",13.32,23.39,10.92
"2024-08-03 00:00:00",7.74,24.05,10.95
"2024-08-03 01:00:00",6.1,22.26,10.56
"2024-08-03 02:00:00",3.76,22.29,10.74
"2024-08-03 03:00:00",2.99,22.06,10.19
"2024-08-03 04:00:00",3.08,22.05,9.91
"2024-08-03 05:00:00",3.79,18.34,8.61
"2024-08-03 06:00:00",7.79,11.74,5.94
"2024-08-03 07:00:00",7.23,12.96,6.16
"2024-08-03 08:00:00",9.79,13.75,6.7
"2024-08-03 09:00:00",14.74,10.4,5.28
"2024-08-03 10:00:00",12.82,10.08,4.94
"2024-08-03 11:00:00",10.3,9.33,4.31
"2024-08-03 12:00:00",10.14,6.04,3.04
"2024-08-03 13:00:00",11.34,8.17,4.09
"2024-08-03 14:00:00",13.92,9.31,4.28
"2024-08-03 15:00:00",8.59,10.66,5.6
"2024-08-03 16:00:00",11.7,15.2,7.35
"2024-08-03 17:00:00",11.71,18.58,7.81
"2024-08-03 18:00:00",12.69,20.69,8.91
"2024-08-03 19:00:00",8.6,16.38,8.36
"2024-08-03 20:00:00",11.52,17.24,8.55
"2024-08-03 21:00:00",8.92,16.68,8.73
"2024-08-03 22:00:00",5.63,16.1,8.16
"2024-08-03 23:00:00",1.38,16.25,8.41
"2024-08-04 00:00:00",-0.03,16.66,8.36
"2024-08-04 01:00:00",-0.74,17.62,8.66
"2024-08-04 02:00:00",-0.56,14.78,7.41
"2024-08-04 03:00:00",-0.66,12.6,6.8
"2024-08-04 04:00:00",-1.04,11.58,6.37
"2024-08-04 05:00:00",-1.28,9.65,5.83
"2024-08-04 06:00:00",-0.3,9.62,5.69
"2024-08-04 07:00:00",0.42,9.48,5.65
"2024-08-04 08:00:00",1.12,9.13,5.71
"2024-08-04 09:00:00",3.47,10.56,6.77
"2024-08-04 10:00:00",8.14,11.11,7.06
"2024-08-04 11:00:00",5.07,10.84,7.17
"2024-08-04 12:00:00",9.94,11.74,7.96
"2024-08-04 13:00:00",11.44,6.88,5
"2024-08-04 14:00:00",10.55,6,3.51
"2024-08-04 15:00:00",7.59,4.62,2.45
"2024-08-04 16:00:00",6.12,5.99,3.23
"2024-08-04 17:00:00",5.38,9.07,5.13
"2024-08-04 18:00:00",5.15,10.14,5.96
"2024-08-04 19:00:00",7.92,11.55,7.69
"2024-08-04 20:00:00",3.9,7.71,4.86
"2024-08-04 21:00:00",2.32,4.84,2.89
"2024-08-04 22:00:00",1.49,3.71,1.92
"2024-08-04 23:00:00",0.09,4.36,1.82
"2024-08-05 00:00:00",-0.61,4.38,1.98
"2024-08-05 01:00:00",-0.75,3.97,1.6
"2024-08-05 02:00:00",-1.04,4.4,1.45
"2024-08-05 03:00:00",-1,5.39,2
"2024-08-05 04:00:00",-0.33,5.7,2.2
"2024-08-05 05:00:00",-0.46,5.08,1.83
"2024-08-05 06:00:00",-0.85,5.97,2.32
"2024-08-05 07:00:00",1.46,4.21,1.8
"2024-08-05 08:00:00",6.42,2.3,0.78
"2024-08-05 09:00:00",7.59,3.28,1.39
"2024-08-05 10:00:00",7.04,4.57,1.98
"2024-08-05 11:00:00",6.16,3.01,1.21
"2024-08-05 12:00:00",8.99,6.33,2.71
"2024-08-05 13:00:00",14.62,8.02,3.56
"2024-08-05 14:00:00",11.27,8.61,3.91
"2024-08-05 15:00:00",7.95,8.36,3.78
"2024-08-05 16:00:00",9.78,8.76,4.04
"2024-08-05 17:00:00",9.66,9.46,4.36
"2024-08-05 18:00:00",13.67,9.93,4.62
"2024-08-05 19:00:00",8.38,14.17,6.42
"2024-08-05 20:00:00",8.78,11.42,5.63
"2024-08-05 21:00:00",8.73,13.48,6.38
"2024-08-05 22:00:00",7.28,12.65,5.97
"2024-08-05 23:00:00",1.15,12.43,5.92
"2024-08-06 00:00:00",0.13,12.64,5.66
"2024-08-06 01:00:00",-1.08,11.23,5.5
"2024-08-06 02:00:00",-1.13,11.83,5.71
"2024-08-06 03:00:00",-1.53,14.08,6.9
"2024-08-06 04:00:00",-0.75,13.08,5.99
"2024-08-06 05:00:00",1.26,13.41,5.5
"2024-08-06 06:00:00",8.61,13.46,5.78
"2024-08-06 07:00:00",18.79,14.9,6.09
"2024-08-06 08:00:00",22.21,9.62,4.28
"2024-08-06 09:00:00",15.83,10.39,4.31
"2024-08-06 10:00:00",10.62,12.57,5.15
"2024-08-06 11:00:00",6.86,15.01,5.83
"2024-08-06 12:00:00",19.2,12.73,5.57
"2024-08-06 13:00:00",15.62,17.55,6.17
"2024-08-06 14:00:00",12.23,16.19,6.53
"2024-08-06 15:00:00",16.4,14.1,5.9
"2024-08-06 16:00:00",17.62,17.88,7.39
"2024-08-06 17:00:00",20.76,13.6,6.07
"2024-08-06 18:00:00",15.86,15.85,7.39
"2024-08-06 19:00:00",12.6,15.74,7.39
"2024-08-06 20:00:00",10.39,17.15,7.87
"2024-08-06 21:00:00",10.1,13.87,6.73
"2024-08-06 22:00:00",8.53,13.54,6.65
"2024-08-06 23:00:00",3.55,10.91,6.01
"2024-08-07 00:00:00",2.39,10.15,5.23
"2024-08-07 01:00:00",1.82,8.68,4.11
"2024-08-07 02:00:00",1.78,8.9,4.14
"2024-08-07 03:00:00",1.3,7.36,3.48
"2024-08-07 04:00:00",1.79,6.18,3.05
"2024-08-07 05:00:00",4.18,9.18,4.57
"2024-08-07 06:00:00",13.21,12.38,6.37
"2024-08-07 07:00:00",21.13,23.22,11.78
"2024-08-07 08:00:00",21.08,22.12,11.87
"2024-08-07 09:00:00",20.97,21.62,11.19
"2024-08-07 10:00:00",14.48,25.36,11.77
"2024-08-07 11:00:00",14.69,21.99,10.81
"2024-08-07 12:00:00",15.82,22.52,11.81
"2024-08-07 13:00:00",13.02,23.98,11.35
"2024-08-07 14:00:00",15.3,23.51,10.9
"2024-08-07 15:00:00",19.49,23.12,11.19
"2024-08-07 16:00:00",25.01,22.13,10.17
"2024-08-07 17:00:00",26.75,19.54,9.73
"2024-08-07 18:00:00",19.03,16.99,8.5
"2024-08-07 19:00:00",15.74,11.94,6.94
"2024-08-07 20:00:00",18.23,8.73,6.22
"2024-08-07 21:00:00",19.4,5.29,3.74
"2024-08-07 22:00:00",11.87,8.49,5.2
"2024-08-07 23:00:00",5.44,10.53,5.97
"2024-08-08 00:00:00",7.01,6,3.24
"2024-08-08 01:00:00",5.49,4.69,2.83
"2024-08-08 02:00:00",3.7,7.03,3.87
"2024-08-08 03:00:00",8.17,6.99,3.82
"2024-08-08 04:00:00",3.24,7.33,3.86
"2024-08-08 05:00:00",8.21,6.99,3.65
"2024-08-08 06:00:00",12.07,7.04,3.61
"2024-08-08 07:00:00",24.24,7.38,3.94
"2024-08-08 08:00:00",34.2,7.18,3.85
"2024-08-08 09:00:00",42.33,7.66,3.49
"2024-08-08 10:00:00",28.87,3.63,1.97
"2024-08-08 11:00:00",33.93,3.28,1.62
"2024-08-08 12:00:00",24.45,8.47,3.9
"2024-08-08 13:00:00",21.74,5.65,2.58
"2024-08-08 14:00:00",14.85,3.08,1.55
"2024-08-08 15:00:00",13.63,5.24,2.99
"2024-08-08 16:00:00",16.3,5.56,4.02
"2024-08-08 17:00:00",21.24,7.44,5.39
"2024-08-08 18:00:00",24.28,11.35,7.3
"2024-08-08 19:00:00",13.53,10.55,6.8
"2024-08-08 20:00:00",10.88,7.36,4.55
"2024-08-08 21:00:00",8.18,9.4,5.14
"2024-08-08 22:00:00",10.47,15.99,8.73
"2024-08-08 23:00:00",7.6,12.48,7
"2024-08-09 00:00:00",3.61,15.25,7.52
"2024-08-09 01:00:00",3.19,12.15,5.63
"2024-08-09 02:00:00",2.13,8.26,4.29
"2024-08-09 03:00:00",2.51,10.59,4.97
"2024-08-09 04:00:00",2.89,9.74,4.64
"2024-08-09 05:00:00",4.48,14.24,7.55
"2024-08-09 06:00:00",18,18.27,9.22
"2024-08-09 07:00:00",26.75,15.99,8.33
"2024-08-09 08:00:00",24.84,18.05,9.88
"2024-08-09 09:00:00",18.03,20.14,10.57
"2024-08-09 10:00:00",12.47,22.59,11.16
"2024-08-09 11:00:00",15.15,24.89,11.57
"2024-08-09 12:00:00",16.65,22.5,11.79
"2024-08-09 13:00:00",15.27,22.31,12.04
"2024-08-09 14:00:00",22.65,22.62,11.98
"2024-08-09 15:00:00",16.16,22.52,12.12
"2024-08-09 16:00:00",14.49,22.94,12.04
"2024-08-09 17:00:00",11.95,22.16,11.92
"2024-08-09 18:00:00",14.93,20.9,11.72
"2024-08-09 19:00:00",11.21,21.91,12.48
"2024-08-09 20:00:00",8.85,20.93,12.57
"2024-08-09 21:00:00",7.02,19.66,11.95
"2024-08-09 22:00:00",6.89,17.17,10.6
"2024-08-09 23:00:00",5.37,18.44,11.63
"2024-08-10 00:00:00",3.16,10.86,6.7
"2024-08-10 01:00:00",3.73,8.01,4.77
"2024-08-10 02:00:00",2.53,10.55,6.11
"2024-08-10 03:00:00",2.73,13.22,7.59
"2024-08-10 04:00:00",1.82,14.7,8.82
"2024-08-10 05:00:00",4.8,9.7,6.3
"2024-08-10 05:01:00",,,
"2024-08-10 06:01:00",,,
"2024-08-11 08:00:00",3.6,7.97,4.76
"2024-08-11 09:00:00",9.42,7.91,4.83
"2024-08-11 10:00:00",10.05,8.07,4.66
"2024-08-11 11:00:00",14.06,6.56,3.78
"2024-08-11 12:00:00",23.8,5.38,3.14
"2024-08-11 13:00:00",23.46,6.08,3.32
"2024-08-11 14:00:00",19.33,6.37,3.22
"2024-08-11 15:00:00",17,5.26,2.38
"2024-08-11 16:00:00",16.69,3.88,1.67
"2024-08-11 17:00:00",14.86,3.25,1.45
"2024-08-11 18:00:00",19.86,5.47,2.04
"2024-08-11 19:00:00",16.96,3.83,1.71
"2024-08-11 20:00:00",11.7,4.49,2.07
"2024-08-11 21:00:00",12.16,5.45,2.8
"2024-08-11 22:00:00",11.77,6.25,3.18
"2024-08-11 23:00:00",8.22,7.78,3.93
"2024-08-12 00:00:00",3.73,9.86,4.9
"2024-08-12 01:00:00",2.2,9.97,5.14
"2024-08-12 02:00:00",3.05,10.05,6.24
"2024-08-12 03:00:00",2.25,7.81,4.02
"2024-08-12 04:00:00",1.68,11.28,5.71
"2024-08-12 05:00:00",6,11.32,5.19
"2024-08-12 06:00:00",13.35,12.97,5.93
"2024-08-12 07:00:00",21.59,13.48,6.45
"2024-08-12 08:00:00",18.98,11.34,5.2
"2024-08-12 09:00:00",19.54,15.11,5.59
"2024-08-12 10:00:00",13.98,15.68,5.82
"2024-08-12 11:00:00",21.28,18.84,7.17
"2024-08-12 12:00:00",13.52,16.33,6.69
"2024-08-12 13:00:00",12.46,17.01,6.18
"2024-08-12 14:00:00",13.91,12.89,5.49
"2024-08-12 15:00:00",16.17,15.13,5.95
"2024-08-12 16:00:00",23.34,15.13,5.84
"2024-08-12 17:00:00",19.27,13.61,5.72
"2024-08-12 18:00:00",11.6,14.01,6.33
"2024-08-12 19:00:00",13.27,13.95,5.31
"2024-08-12 20:00:00",11.21,9.47,4.8
"2024-08-12 21:00:00",11.56,8.57,4.84
"2024-08-12 22:00:00",9.64,8.81,4.61
"2024-08-12 23:00:00",4.53,8.37,4.2
"2024-08-13 00:00:00",1.69,6.36,3.29
"2024-08-13 01:00:00",1.07,3.78,1.84
"2024-08-13 02:00:00",1.28,2.74,1.17
"2024-08-13 03:00:00",1.3,1.8,0.7
"2024-08-13 04:00:00",1.55,1.1,0.49
"2024-08-13 05:00:00",5.06,1.56,0.75
"2024-08-13 06:00:00",8.72,6.28,3.56
"2024-08-13 07:00:00",14.87,4.3,2.14
"2024-08-13 08:00:00",18.52,7.23,3.84
"2024-08-13 09:00:00",10.19,8.39,4.44
"2024-08-13 10:00:00",11.92,9.51,4.64
"2024-08-13 11:00:00",5,11.7,5.1
"2024-08-13 12:00:00",10.72,8.69,4.35
"2024-08-13 13:00:00",4.67,8.73,4
"2024-08-13 14:00:00",2.46,8.95,4.04
"2024-08-13 15:00:00",1.97,9.44,4.29
"2024-08-13 16:00:00",5.61,13.13,5.32
"2024-08-13 17:00:00",2.64,12.36,5.27
"2024-08-13 18:00:00",2.75,12.53,5.37
"2024-08-13 19:00:00",4.26,12.39,5.57
"2024-08-13 20:00:00",1.19,10.38,5.15
"2024-08-13 21:00:00",8.96,13.69,6.57
"2024-08-13 22:00:00",4.39,14.25,6.71
"2024-08-13 23:00:00",13.96,15.92,6.91
"2024-08-14 00:00:00",15.7,16.86,7.27
"2024-08-14 01:00:00",7.96,15.19,6.33
"2024-08-14 02:00:00",9.96,14.28,5.78
"2024-08-14 03:00:00",13.42,13.04,5.45
"2024-08-14 04:00:00",10.4,11.73,4.83
"2024-08-14 05:00:00",16.81,12.51,5.15
"2024-08-14 06:00:00",22.59,15.03,5.85
"2024-08-14 07:00:00",29.16,13.94,5.92
"2024-08-14 08:00:00",38.65,7.43,4.13
"2024-08-14 09:00:00",26.7,7.07,3.5
"2024-08-14 10:00:00",18.22,7.3,3.05
"2024-08-14 11:00:00",22.95,4.62,2.08
"2024-08-14 12:00:00",22.04,6.33,2.26
"2024-08-14 13:00:00",16.78,7.83,2.81
"2024-08-14 14:00:00",17.6,7.66,2.93
"2024-08-14 15:00:00",20.45,5.23,2.12
"2024-08-14 16:00:00",22.92,9.49,3.52
"2024-08-14 17:00:00",20.22,10.67,4.57
"2024-08-14 18:00:00",17.24,8.42,4.43
"2024-08-14 19:00:00",15.54,7.21,4.73
"2024-08-14 20:00:00",9.5,7.34,4.78
"2024-08-14 21:00:00",8.85,3.65,2.71
"2024-08-14 22:00:00",5.54,2.2,1.39
"2024-08-14 23:00:00",3.28,1.78,0.92
"2024-08-15 00:00:00",1.88,2.93,1.81
"2024-08-15 01:00:00",1.47,6.42,3.36
"2024-08-15 02:00:00",1.32,5.04,2.61
"2024-08-15 03:00:00",1.64,5.02,2.52
"2024-08-15 04:00:00",1.48,5.32,1.98
"2024-08-15 05:00:00",2.83,3.93,1.8
"2024-08-15 06:00:00",8.03,5.26,2.48
"2024-08-15 07:00:00",14.44,6.1,3.19
"2024-08-15 08:00:00",23.68,7.39,3.84
"2024-08-15 09:00:00",25.08,5.32,2.74
"2024-08-15 10:00:00",8.76,2.36,0.84
"2024-08-15 11:00:00",3.3,1.99,0.75
"2024-08-15 12:00:00",2.07,5.93,2.45
"2024-08-15 13:00:00",2.69,8.39,3.88
"2024-08-15 14:00:00",1.45,7.92,3.4
"2024-08-15 15:00:00",1.78,10.07,3.81
"2024-08-15 16:00:00",7.54,11.41,4.29
"2024-08-15 17:00:00",16.64,8.94,4.13
"2024-08-15 18:00:00",21.1,10.43,4.78
"2024-08-15 19:00:00",10.79,11.05,5.03
"2024-08-15 20:00:00",15.89,11.16,4.96
"2024-08-15 21:00:00",19.15,11.95,5.19
"2024-08-15 22:00:00",15.85,11.9,5.11
"2024-08-15 23:00:00",17.09,12.01,4.66
"2024-08-16 00:00:00",10.85,11.52,4.81
"2024-08-16 01:00:00",14.27,13.64,5.7
"2024-08-16 02:00:00",9.09,13.53,5.87
"2024-08-16 03:00:00",11.32,12.68,5.65
"2024-08-16 04:00:00",10.77,12.99,5.89
"2024-08-16 05:00:00",15.43,14.9,6.39
"2024-08-16 06:00:00",34.89,15.45,6.74
"2024-08-16 07:00:00",41.41,21.17,8.42
"2024-08-16 08:00:00",32.04,16.26,5.92
"2024-08-16 09:00:00",27.1,15.5,5.42
"2024-08-16 10:00:00",20.33,11.41,4.15
"2024-08-16 11:00:00",27.62,16.16,5.29
"2024-08-16 12:00:00",20.37,17.51,5.71
"2024-08-16 13:00:00",30.65,13.65,5.19
"2024-08-16 14:00:00",19.01,17.61,5.76
"2024-08-16 15:00:00",16.68,18.47,6.06
"2024-08-16 16:00:00",21.1,20.03,6.26
"2024-08-16 17:00:00",15.1,15.68,5.75
"2024-08-16 18:00:00",23.52,13.43,5.83
"2024-08-16 19:00:00",18.82,10.38,5.56
"2024-08-16 20:00:00",17.07,12.65,5.99
"2024-08-16 21:00:00",12.38,13.31,6.33
"2024-08-16 22:00:00",14.97,11.84,5.54
"2024-08-16 23:00:00",16.55,13.5,5.8
"2024-08-17 00:00:00",8.38,13.72,5.93
"2024-08-17 01:00:00",4.99,12.82,5.77
"2024-08-17 02:00:00",3.73,13.3,6.05
"2024-08-17 03:00:00",3.82,14.15,6.45
"2024-08-17 04:00:00",2.87,14.54,6.68
"2024-08-17 05:00:00",5.13,17.23,7.54
"2024-08-17 06:00:00",6.35,15.06,7.39
"2024-08-17 07:00:00",13.68,10.88,5.42
"2024-08-17 08:00:00",23.52,14.31,7.2
"2024-08-17 09:00:00",16.62,14.54,7.15
"2024-08-17 10:00:00",18.13,14.03,6.62
"2024-08-17 11:00:00",25.04,17.16,8.7
"2024-08-17 12:00:00",18.24,16.16,8.8
"2024-08-17 13:00:00",19.87,15.46,8.25
"2024-08-17 14:00:00",16.32,18.59,9.32
"2024-08-17 15:00:00",14.04,18.25,10.07
"2024-08-17 16:00:00",14.3,17.94,9.83
"2024-08-17 17:00:00",20.62,20.56,10.77
"2024-08-17 18:00:00",18.99,20.93,11.44
"2024-08-17 19:00:00",16.3,21.83,13.3
"2024-08-17 20:00:00",14.91,25,14.93
"2024-08-17 21:00:00",13.39,24.18,14.73
"2024-08-17 22:00:00",15.85,23.06,14.54
"2024-08-17 23:00:00",11.15,24.25,14.85
"2024-08-18 00:00:00",5.24,23.18,13.75
"2024-08-18 01:00:00",5.27,21.79,13.24
"2024-08-18 02:00:00",6.84,21.71,13.99
"2024-08-18 03:00:00",7.25,25.2,17.08
"2024-08-18 04:00:00",4.66,26.22,16.98
"2024-08-18 05:00:00",3.39,26.51,16.66
"2024-08-18 06:00:00",6.79,26.36,17.68
"2024-08-18 07:00:00",11.81,27.6,19.52
"2024-08-18 08:00:00",9.85,29.1,20.25
"2024-08-18 09:00:00",7.11,27.04,18.55
"2024-08-18 10:00:00",7.94,26.76,18.41
"2024-08-18 11:00:00",13.48,28.68,19.93
"2024-08-18 12:00:00",10.53,30.17,20.14
"2024-08-18 13:00:00",15.13,28.94,19.21
"2024-08-18 14:00:00",15.25,30.5,19.97
"2024-08-18 15:00:00",13.93,29.99,18.82
"2024-08-18 16:00:00",15.59,26.82,18.07
"2024-08-18 17:00:00",14.52,30.14,19.06
"2024-08-18 18:00:00",14.86,28.8,18.58
"2024-08-18 19:00:00",19.04,26.94,17.23
"2024-08-18 20:00:00",15.96,25.55,16.36
"2024-08-18 21:00:00",12.9,24.28,15.62
"2024-08-18 22:00:00",10.98,21.13,13.96
"2024-08-18 23:00:00",5.99,21.01,14.93
"2024-08-19 00:00:00",2.36,23.23,16.23
"2024-08-19 01:00:00",2.81,22.28,16.82
"2024-08-19 02:00:00",2.51,19.86,16.02
"2024-08-19 03:00:00",2.66,20.49,16.63
"2024-08-19 04:00:00",3.59,18.88,16.02
"2024-08-19 05:00:00",5.34,18.49,15.38
"2024-08-19 06:00:00",9.64,20.45,16.43
"2024-08-19 07:00:00",18.94,18.85,15.08
"2024-08-19 08:00:00",32.06,18.29,14.53
"2024-08-19 09:00:00",33.28,20.56,16.71
"2024-08-19 10:00:00",37.11,19.38,16.15
"2024-08-19 11:00:00",28.86,14.24,12.55
"2024-08-19 12:00:00",28.69,12.48,10.31
"2024-08-19 13:00:00",14.98,8.99,6.51
"2024-08-19 14:00:00",17.51,6.25,3.33
"2024-08-19 15:00:00",14.93,6.52,4.17
"2024-08-19 16:00:00",17.26,5.24,2.54
"2024-08-19 17:00:00",24.01,3.54,1.27
"2024-08-19 18:00:00",18.86,6.28,3.28
"2024-08-19 19:00:00",15.74,7.94,4.59
"2024-08-19 20:00:00",7.92,11.05,6.68
"2024-08-19 21:00:00",5.54,12.98,8.24
"2024-08-19 22:00:00",5.16,11.69,7.49
"2024-08-19 23:00:00",7.34,6.44,3.45
"2024-08-20 00:00:00",11.44,9.78,4.87
"2024-08-20 01:00:00",7.48,12.09,5.89
"2024-08-20 02:00:00",5.29,10.21,4.77
"2024-08-20 03:00:00",2.46,10.68,4.35
"2024-08-20 04:00:00",2.41,5.91,2.89
"2024-08-20 05:00:00",6.18,3.71,1.84
"2024-08-20 06:00:00",24.76,9.34,3.94
"2024-08-20 07:00:00",33.73,10.19,4.77
"2024-08-20 08:00:00",35.07,13.05,5.86
"2024-08-20 09:00:00",22.65,12.69,6.12
"2024-08-20 10:00:00",13.31,12.92,5.48
"2024-08-20 11:00:00",17.37,13.33,5.72
"2024-08-20 12:00:00",13.04,11.69,5.65
"2024-08-20 13:00:00",12.07,15.35,7.69
"2024-08-20 14:00:00",9.75,13.89,7.38
"2024-08-20 15:00:00",12.26,12.97,6.35
"2024-08-20 16:00:00",14.77,11.95,6.18
"2024-08-20 17:00:00",18.43,15.11,7.6
"2024-08-20 18:00:00",14.24,11.26,5.89
"2024-08-20 19:00:00",2.98,8.23,4.09
"2024-08-20 20:00:00",5.25,8.67,4.43
"2024-08-20 21:00:00",3.59,12.45,6.23
"2024-08-20 22:00:00",14.96,17.44,8.37
"2024-08-20 23:00:00",10.7,17.35,8.01
"2024-08-21 00:00:00",5.84,14.29,5.91
"2024-08-21 01:00:00",5.04,13.42,5.63
"2024-08-21 02:00:00",4.24,15.96,6.5
"2024-08-21 03:00:00",1.57,10.27,4.87
"2024-08-21 04:00:00",2,10.84,4.66
"2024-08-21 05:00:00",2.9,8.95,4.56
"2024-08-21 06:00:00",10.23,15.85,8.14
"2024-08-21 07:00:00",14.6,19.71,10.41
"2024-08-21 08:00:00",16.58,19.68,10.01
"2024-08-21 09:00:00",12.94,19.18,10.76
"2024-08-21 10:00:00",12.08,18.5,10.01
"2024-08-21 11:00:00",16.05,13.85,7.93
"2024-08-21 12:00:00",12.54,15.55,9.06
"2024-08-21 13:00:00",11.53,18.93,10.73
"2024-08-21 14:00:00",12.8,20.32,10.95
"2024-08-21 15:00:00",9.21,18.19,9.35
"2024-08-21 16:00:00",8.46,16.71,8.71
"2024-08-21 17:00:00",15.33,18.8,9.87
"2024-08-21 18:00:00",16.65,18.02,9.38
"2024-08-21 19:00:00",8.46,16.04,8.21
"2024-08-21 20:00:00",6.48,15.66,8.11
"2024-08-21 21:00:00",4.79,13.44,7.87
"2024-08-21 22:00:00",4.17,10.14,6.76
"2024-08-21 23:00:00",1.91,4.65,3.02
"2024-08-22 00:00:00",1.06,5.4,2.84
"2024-08-22 01:00:00",1.11,7.1,4.55
"2024-08-22 02:00:00",1.04,4.81,3.25
"2024-08-22 03:00:00",1.17,4.72,2.59
"2024-08-22 04:00:00",5.28,9.2,4.97
"2024-08-22 05:00:00",7.78,22.47,11.43
"2024-08-22 06:00:00",28.19,27.02,12.12
"2024-08-22 07:00:00",46.35,22.78,11.52
"2024-08-22 08:00:00",56.52,16.47,7.23
"2024-08-22 09:00:00",39.6,15.84,6.04
"2024-08-22 10:00:00",21.89,12.93,4.51
"2024-08-22 11:00:00",35.18,20.92,6.7
"2024-08-22 12:00:00",19.49,10.39,4.5
"2024-08-22 13:00:00",17.63,12.62,4.92
"2024-08-22 14:00:00",17.99,11.18,5.09
"2024-08-22 15:00:00",25.16,13.34,5.68
"2024-08-22 16:00:00",29.49,11.26,6.01
"2024-08-22 17:00:00",40.91,11.35,6.82
"2024-08-22 18:00:00",39.93,11.95,7.84
"2024-08-22 19:00:00",18.87,11.03,7.19
"2024-08-22 20:00:00",28.13,8.8,6.44
"2024-08-22 21:00:00",33.94,5.69,4.32
"2024-08-22 22:00:00",18.48,4.63,3.02
"2024-08-22 23:00:00",5.15,4.51,2.44
"2024-08-23 00:00:00",2.58,2.42,1.6
"2024-08-23 01:00:00",1.12,2.07,1.34
"2024-08-23 02:00:00",0.55,2.17,1.01
"2024-08-23 03:00:00",7.25,4.53,2.51
"2024-08-23 04:00:00",10.61,7.57,3.43
"2024-08-23 05:00:00",13.41,8.57,3.78
"2024-08-23 06:00:00",32.8,10.54,4.78
"2024-08-23 07:00:00",35.89,9.84,4.95
"2024-08-23 08:00:00",36.73,11.63,5.99
"2024-08-23 09:00:00",27.25,15.07,7.27
"2024-08-23 10:00:00",18.44,15.95,7.47
"2024-08-23 11:00:00",21.51,18.79,8.04
"2024-08-23 12:00:00",20.85,14.64,7.09
"2024-08-23 13:00:00",20.71,13.55,6.3
"2024-08-23 14:00:00",15.61,11.79,5.18
"2024-08-23 15:00:00",21.2,14.15,6.31
"2024-08-23 16:00:00",18.35,12.21,4.99
"2024-08-23 17:00:00",16.11,11.61,6.24
"2024-08-23 18:00:00",22.88,9.19,5.69
"2024-08-23 19:00:00",12.36,10.4,5.41
"2024-08-23 20:00:00",18.99,9.1,4.63
"2024-08-23 21:00:00",10.09,8.88,4.57
"2024-08-23 22:00:00",11.69,7.77,4.29
"2024-08-23 23:00:00",8.49,8.91,4.7
"2024-08-24 00:00:00",4.4,11.45,5.44
"2024-08-24 01:00:00",6.11,10.61,5.22
"2024-08-24 02:00:00",12.66,10.27,4.81
"2024-08-24 03:00:00",13.55,9.01,4.19
"2024-08-24 04:00:00",16.28,6.66,3.35
"2024-08-24 05:00:00",17.55,6.03,3.07
"2024-08-24 06:00:00",22.7,6.11,2.7
"2024-08-24 07:00:00",23.99,7.57,2.96
"2024-08-24 08:00:00",27.79,7.63,3.37
"2024-08-24 09:00:00",16.49,7.78,3.61
"2024-08-24 10:00:00",11.42,8.54,3.82
"2024-08-24 11:00:00",14,12.77,8.57
"2024-08-24 12:00:00",13.66,11.02,6.53
"2024-08-24 13:00:00",17.05,7.4,4.05
"2024-08-24 14:00:00",14.19,5.01,3.06
"2024-08-24 15:00:00",6.39,6.74,3.63
"2024-08-24 16:00:00",1.24,13.72,7.74
"2024-08-24 17:00:00",0.83,17.68,9.19
"2024-08-24 18:00:00",3.17,14.49,7.57
"2024-08-24 19:00:00",13.18,15.75,8.12
"2024-08-24 20:00:00",22.85,18.9,8.9
"2024-08-24 21:00:00",23.85,20.23,9.52
"2024-08-24 22:00:00",20.26,10.83,6.08
"2024-08-24 23:00:00",14.86,11.82,5.85
"2024-08-25 00:00:00",6.08,14.5,6.61
"2024-08-25 01:00:00",2.33,13.17,6.15
"2024-08-25 02:00:00",1.58,14,6.33
"2024-08-25 03:00:00",1.33,11.75,5.75
"2024-08-25 04:00:00",0.73,9.83,5.04
"2024-08-25 05:00:00",1.02,7.43,4.24
"2024-08-25 06:00:00",1.64,15.23,10.01
"2024-08-25 07:00:00",2.99,23.98,15.82
"2024-08-25 08:00:00",5.81,28.1,18.53
"2024-08-25 09:00:00",6.37,33.09,21.77
"2024-08-25 10:00:00",9.48,32.62,20.65
"2024-08-25 11:00:00",10.88,33.54,21.39
"2024-08-25 12:00:00",13.51,37.34,24.23
"2024-08-25 13:00:00",15.36,38.08,25.87
"2024-08-25 14:00:00",15.33,40.07,27.09
"2024-08-25 15:00:00",13.36,40.09,27.31
"2024-08-25 16:00:00",13.03,39.97,28.38
"2024-08-25 17:00:00",13.76,41.04,28.83
"2024-08-25 18:00:00",15.18,32.46,23.4
"2024-08-25 19:00:00",12.23,32.73,21.63
"2024-08-25 20:00:00",13.18,26.57,18.81
"2024-08-25 21:00:00",12.32,25.04,18.95
"2024-08-25 22:00:00",9.13,23.56,17.86
"2024-08-25 23:00:00",5.64,20.97,15.27
"2024-08-26 00:00:00",3.2,12.32,10.22
"2024-08-26 01:00:00",1.95,15.76,12.94
"2024-08-26 02:00:00",2.28,22.2,16.92
"2024-08-26 03:00:00",3.36,25.09,18.41
"2024-08-26 04:00:00",3.91,25,16.86
"2024-08-26 05:00:00",8.07,20.04,13.77
"2024-08-26 06:00:00",20.3,21.07,14.5
"2024-08-26 07:00:00",31.48,25.67,15.34
"2024-08-26 08:00:00",35.73,29.79,19.6
"2024-08-26 09:00:00",25.16,28.15,20.04
"2024-08-26 10:00:00",19.85,21.65,13.67
"2024-08-26 11:00:00",23.46,27.77,18.65
"2024-08-26 12:00:00",24.8,28.85,20.55
"2024-08-26 13:00:00",27.6,23.01,16.34
"2024-08-26 14:00:00",31.75,22.26,17.2
"2024-08-26 15:00:00",30.9,16.49,13.93
"2024-08-26 16:00:00",27.59,10.82,8.62
"2024-08-26 17:00:00",13.72,5.72,4.22
"2024-08-26 18:00:00",24.1,4.28,3.02
"2024-08-26 19:00:00",16.18,3.47,1.95
"2024-08-26 20:00:00",12.47,5.66,3.36
"2024-08-26 21:00:00",15.35,5.35,3.03
"2024-08-26 22:00:00",11.32,6.09,3.32
"2024-08-26 23:00:00",6.09,3.31,1.57
"2024-08-27 00:00:00",1.82,2.67,1.05
"2024-08-27 01:00:00",1.09,4.4,3.12
"2024-08-27 02:00:00",1.28,7.69,5.67
"2024-08-27 03:00:00",1.27,6.62,4.53
"2024-08-27 04:00:00",1.02,2.57,1.3
"2024-08-27 05:00:00",2.21,8.4,5.22
"2024-08-27 06:00:00",10.77,8.76,4.97
"2024-08-27 07:00:00",20.5,7.9,4.13
"2024-08-27 08:00:00",35.6,9.26,4.54
"2024-08-27 09:00:00",30.84,8.72,4.33
"2024-08-27 10:00:00",19.89,7.8,3.84
"2024-08-27 11:00:00",19.2,10.47,5.45
"2024-08-27 12:00:00",14.57,18.51,7.71
"2024-08-27 13:00:00",14.54,18.77,9.47
"2024-08-27 14:00:00",22,13.67,9.13
"2024-08-27 15:00:00",19.53,14.54,8.19
"2024-08-27 16:00:00",21.64,11.78,6.59
"2024-08-27 17:00:00",25.13,9.13,5.26
"2024-08-27 18:00:00",28.6,6.89,4.05
"2024-08-27 19:00:00",14.95,7.91,4.17
"2024-08-27 20:00:00",10.28,6.36,3.55
"2024-08-27 21:00:00",7.3,9.9,6.11
"2024-08-27 22:00:00",17.19,13.22,8.33
"2024-08-27 23:00:00",11.66,13.35,8.35
"2024-08-28 00:00:00",3.71,13.19,7.69
"2024-08-28 01:00:00",5.18,12.02,7.02
"2024-08-28 02:00:00",2.68,9.68,5.74
"2024-08-28 03:00:00",3.53,8.71,5.09
"2024-08-28 04:00:00",4.26,7.56,4.3
"2024-08-28 05:00:00",9.85,7.11,3.85
"2024-08-28 06:00:00",17.52,6.44,3.85
"2024-08-28 07:00:00",37.62,6.31,4.22
"2024-08-28 08:00:00",44.13,4.78,3.05
"2024-08-28 09:00:00",36.27,4.45,2.66
"2024-08-28 10:00:00",36.98,6.46,4.09
"2024-08-28 11:00:00",18.87,6.81,4.28
"2024-08-28 12:00:00",18.08,11.8,5.43
"2024-08-28 13:00:00",22.41,12.85,6.62
"2024-08-28 14:00:00",15.63,17.3,8.01
"2024-08-28 15:00:00",17.49,16.59,7.76
"2024-08-28 16:00:00",18.84,16.36,8.23
"2024-08-28 17:00:00",28.67,15.45,8.14
"2024-08-28 18:00:00",25.96,16.93,8.28
"2024-08-28 19:00:00",15.08,17.77,9.82
"2024-08-28 20:00:00",14.18,18.84,10.6
"2024-08-28 21:00:00",16.69,19.23,10.27
"2024-08-28 22:00:00",15.39,20.97,11.67
"2024-08-28 23:00:00",10.46,24.66,16.2
"2024-08-29 00:00:00",2.72,24.29,15.96
"2024-08-29 01:00:00",2.85,23.85,16.13
"2024-08-29 02:00:00",2.57,17.68,10.96
"2024-08-29 03:00:00",2.73,8.54,5.51
"2024-08-29 04:00:00",3.95,11.62,5.68
"2024-08-29 05:00:00",9.58,11.05,6.18
"2024-08-29 06:00:00",27.45,12.99,6.68
"2024-08-29 07:00:00",64.02,15.73,7.31
"2024-08-29 08:00:00",56.54,15.3,6.77
"2024-08-29 09:00:00",33.35,11.84,5.78
"2024-08-29 10:00:00",26.83,8.31,4.24
"2024-08-29 11:00:00",27.36,8.71,4.35
"2024-08-29 12:00:00",24.33,11.46,5.18
"2024-08-29 13:00:00",18.46,13.37,5.96
"2024-08-29 14:00:00",15.1,12.77,6.34
"2024-08-29 15:00:00",20.23,11.89,6.2
"2024-08-29 16:00:00",22.96,12.71,7.47
"2024-08-29 17:00:00",32.71,12.21,8.82
"2024-08-29 18:00:00",18.24,11.13,7.92
"2024-08-29 19:00:00",15.93,10.85,7.93
"2024-08-29 20:00:00",11.52,10.05,6.63
"2024-08-29 21:00:00",17.77,11.45,6.97
"2024-08-29 22:00:00",15.85,11.99,6.92
"2024-08-29 23:00:00",22.02,12.67,7.29
"2024-08-30 00:00:00",11.19,9.59,5.64
"2024-08-30 01:00:00",16.62,10.26,5.55
"2024-08-30 02:00:00",11.85,11.7,5.99
"2024-08-30 03:00:00",22.62,11.83,6.9
"2024-08-30 04:00:00",20.09,11.87,6.06
"2024-08-30 05:00:00",25.33,10.8,4.89
"2024-08-30 06:00:00",44.66,11.39,4.73
"2024-08-30 07:00:00",51.67,13.56,5.89
"2024-08-30 08:00:00",52.3,14.35,6.85
"2024-08-30 09:00:00",39.73,12.93,6.89
"2024-08-30 10:00:00",33.57,14.78,8.08
"2024-08-30 11:00:00",37.05,11.56,6.47
"2024-08-30 12:00:00",34.65,10.25,6.24
"2024-08-30 13:00:00",32.34,11.45,7.68
"2024-08-30 14:00:00",35.45,10.91,7.64
"2024-08-30 15:00:00",35.3,11.94,8.15
"2024-08-30 16:00:00",35.59,11.35,8.38
"2024-08-30 17:00:00",37.58,11.83,8.56
"2024-08-30 18:00:00",30.57,11.27,8
"2024-08-30 19:00:00",24.07,12.55,8.76
"2024-08-30 20:00:00",22.43,12.27,8.98
"2024-08-30 21:00:00",39.57,18.28,11.06
"2024-08-30 22:00:00",46.77,15.41,11.36
"2024-08-30 23:00:00",29.07,15.09,10.88
"2024-08-31 00:00:00",17.61,15.24,10.8
"2024-08-31 01:00:00",6.19,14.26,10.89
"2024-08-31 02:00:00",5.58,16.24,12.28
"2024-08-31 03:00:00",4.64,17.07,13.61
"2024-08-31 04:00:00",9.19,17.97,13.85
"2024-08-31 05:00:00",7.34,17.81,13.75
"2024-08-31 06:00:00",9.83,16.23,12.76
"2024-08-31 07:00:00",10.84,19.27,13.6
"2024-08-31 08:00:00",7.83,18.96,13.28
"2024-08-31 09:00:00",8.83,17.37,12.52
"2024-08-31 10:00:00",11.55,16.83,12.13
"2024-08-31 11:00:00",26.81,18.32,12.88
"2024-08-31 12:00:00",34.16,19.41,13.19
"2024-08-31 13:00:00",28.57,20.15,13.26
"2024-08-31 14:00:00",30.24,17.23,12.01
"2024-08-31 15:00:00",35.52,17.99,12.61
"2024-08-31 16:00:00",37.03,19.7,13.46
"2024-08-31 17:00:00",42.07,16.87,10.93
"2024-08-31 18:00:00",44.97,14.85,10.04
"2024-08-31 19:00:00",45.45,15.17,10.29
"2024-08-31 20:00:00",44.74,17.53,10.91
"2024-08-31 21:00:00",30.55,18.1,12.73
"2024-08-31 22:00:00",33.79,19.09,14.05
"2024-08-31 23:00:00",30.37,18.68,13.93
"2024-09-01 00:00:00",12.96,17.95,13.81
"2024-09-01 01:00:00",12.54,18.75,13.98
"2024-09-01 02:00:00",5.64,19.05,14.72
"2024-09-01 03:00:00",4.53,18.4,14.89
"2024-09-01 04:00:00",10.56,18.45,14.82
"2024-09-01 05:00:00",6.2,18.04,14.62
"2024-09-01 06:00:00",4.03,17.88,14.32
"2024-09-01 07:00:00",3.98,17.8,14.37
"2024-09-01 08:00:00",6.68,18.33,14.4
"2024-09-01 09:00:00",9.58,19.32,14.38
"2024-09-01 10:00:00",14.41,18.98,14.16
"2024-09-01 11:00:00",16.03,17.95,13.68
"2024-09-01 12:00:00",9.83,18.69,13.71
"2024-09-01 13:00:00",18.45,18.78,14.17
"2024-09-01 14:00:00",19.07,20.42,14.55
"2024-09-01 15:00:00",25.52,20.06,14.59
"2024-09-01 16:00:00",21.41,21.23,15.44
"2024-09-01 17:00:00",24.47,24.26,17.29
"2024-09-01 18:00:00",30.63,24.83,17.2
"2024-09-01 19:00:00",43.86,23.11,16.55
"2024-09-01 20:00:00",18.58,20.61,15.65
"2024-09-01 21:00:00",13.41,17.75,14.88
"2024-09-01 22:00:00",16.51,18.77,15.59
"2024-09-01 23:00:00",13.75,13.65,11.57
"2024-09-02 00:00:00",9.08,6.7,5.26
"2024-09-02 01:00:00",8.61,6.75,5.07
"2024-09-02 02:00:00",4.02,7.27,5.79
"2024-09-02 03:00:00",1.26,5.1,3.8
"2024-09-02 04:00:00",1.41,3.67,2.1
"2024-09-02 05:00:00",1.41,2.98,1.44
"2024-09-02 06:00:00",1.86,1.81,0.62
"2024-09-02 07:00:00",3.76,3.77,1.81
"2024-09-02 08:00:00",4.18,6.01,3.41
"2024-09-02 09:00:00",4.06,8.74,4.73
"2024-09-02 10:00:00",3.67,8.87,4.87
"2024-09-02 11:00:00",2.79,9,4.73
"2024-09-02 12:00:00",2.14,15.17,5.28
"2024-09-02 13:00:00",4.05,9.17,4.51
"2024-09-02 14:00:00",2.18,10.03,5.03
"2024-09-02 15:00:00",1.97,10.06,4.86
"2024-09-02 16:00:00",1.89,13.72,5.14
"2024-09-02 17:00:00",2.4,8.87,3.72
"2024-09-02 18:00:00",2.09,7.03,3.85
"2024-09-02 19:00:00",5.87,10.34,5.57
"2024-09-02 20:00:00",19.91,17.85,9.55
"2024-09-02 21:00:00",22.6,23.67,12.48
"2024-09-02 22:00:00",24.27,25.52,13.47
"2024-09-02 23:00:00",20.56,24.91,13.34
"2024-09-03 00:00:00",13.1,25.09,13.86
"2024-09-03 01:00:00",5.19,15.8,8.62
"2024-09-03 02:00:00",6.78,5.36,3.53
"2024-09-03 03:00:00",11.68,6.61,4.39
"2024-09-03 04:00:00",8.4,4.66,2.75
"2024-09-03 05:00:00",13.87,4.39,2.46
"2024-09-03 06:00:00",28.12,4.24,2.38
"2024-09-03 07:00:00",43.14,6.53,3.27
"2024-09-03 08:00:00",53.03,6.86,3.42
"2024-09-03 09:00:00",35.26,4.82,2.42
"2024-09-03 10:00:00",20.18,2.96,1.49
"2024-09-03 11:00:00",8.55,2.37,0.9
"2024-09-03 12:00:00",2.61,3.58,0.91
"2024-09-03 13:00:00",3.3,2.44,0.9
"2024-09-03 14:00:00",1.15,1.98,0.9
"2024-09-03 15:00:00",1.8,4.2,2.63
"2024-09-03 16:00:00",1.8,15.47,6.78
"2024-09-03 17:00:00",2.21,19.35,8.47
"2024-09-03 18:00:00",1.66,17.69,9.03
"2024-09-03 19:00:00",1.32,17.11,8.63
"2024-09-03 20:00:00",3.08,16.77,8.8
"2024-09-03 21:00:00",1.91,16.31,8.33
"2024-09-03 22:00:00",5.74,12.63,6.55
"2024-09-03 23:00:00",9.13,11.35,5.5
"2024-09-04 00:00:00",8.98,10.31,5.02
"2024-09-04 01:00:00",10.15,10.85,5.24
"2024-09-04 02:00:00",7.09,10.27,4.83
"2024-09-04 03:00:00",1.43,9.85,4.49
"2024-09-04 04:00:00",5.61,8.24,4.22
"2024-09-04 05:00:00",13.69,7.93,4.25
"2024-09-04 06:00:00",9.07,11.09,5.51
"2024-09-04 07:00:00",14.16,11.92,6.06
"2024-09-04 08:00:00",7.12,12.79,6.09
"2024-09-04 09:00:00",9.8,7.47,4.71
"2024-09-04 10:00:00",4.11,7.79,4.27
"2024-09-04 11:00:00",3.53,8.63,3.67
"2024-09-04 12:00:00",1.97,10.21,3.82
"2024-09-04 13:00:00",2.43,5.13,3.07
"2024-09-04 14:00:00",1.47,5.34,2.87
"2024-09-04 15:00:00",1.63,10.27,3.97
"2024-09-04 16:00:00",2.25,11.13,4.13
"2024-09-04 17:00:00",3.84,6.34,3.5
"2024-09-04 18:00:00",2.45,8.06,4.22
"2024-09-04 19:00:00",1.81,8.31,4.4
"2024-09-04 20:00:00",1.59,6.95,3.96
"2024-09-04 21:00:00",2.3,8.46,4.95
"2024-09-04 22:00:00",1.85,8.47,5.19
"2024-09-04 23:00:00",3.11,10.23,5.72
"2024-09-05 00:00:00",1.82,10.47,6.02
"2024-09-05 01:00:00",1.73,10.71,5.99
"2024-09-05 02:00:00",1.47,9.96,5.79
"2024-09-05 03:00:00",1.07,9.54,5.27
"2024-09-05 04:00:00",1.13,9.46,4.87
"2024-09-05 05:00:00",2.37,9.54,4.68
"2024-09-05 06:00:00",4.1,7.6,4.08
"2024-09-05 07:00:00",8.03,8.38,4
"2024-09-05 08:00:00",9.13,9.12,4.21
"2024-09-05 09:00:00",6.5,19.97,5.59
"2024-09-05 10:00:00",3.6,12.62,4.7
"2024-09-05 11:00:00",4.46,13.89,4.49
"2024-09-05 12:00:00",5.01,9.72,3.47
"2024-09-05 13:00:00",3.21,8.9,3.11
"2024-09-05 14:00:00",4.48,8.51,3.26
"2024-09-05 15:00:00",3.45,8.25,3.11
"2024-09-05 16:00:00",3.73,8.29,2.89
"2024-09-05 17:00:00",3.7,6.22,2.65
"2024-09-05 18:00:00",2.81,5.25,2.59
"2024-09-05 19:00:00",2.96,5.17,2.64
"2024-09-05 20:00:00",4.03,4.79,2.44
"2024-09-05 21:00:00",2.69,4.84,2.59
"2024-09-05 22:00:00",1.95,4.96,2.84
"2024-09-05 23:00:00",1.78,4.98,2.98
"2024-09-06 00:00:00",1.83,4.85,2.75
"2024-09-06 01:00:00",1.5,4.24,2.49
"2024-09-06 02:00:00",1.54,3.95,2.32
"2024-09-06 03:00:00",1.09,4.5,2.63
"2024-09-06 04:00:00",1.04,4.53,2.74
"2024-09-06 05:00:00",1.98,5.09,2.98
"2024-09-06 06:00:00",3.75,5.54,3.41
"2024-09-06 07:00:00",5.82,6.98,4.05
"2024-09-06 08:00:00",8.85,10.26,5.29
"2024-09-06 09:00:00",6.18,12.41,7.28
"2024-09-06 10:00:00",5.17,15.97,9.59
"2024-09-06 11:00:00",3.96,21.81,11.76
"2024-09-06 12:00:00",4.26,22.78,11.81
"2024-09-06 13:00:00",5.92,33.79,13.88
"2024-09-06 14:00:00",5.64,32.85,14.5
"2024-09-06 15:00:00",7.8,37.83,15.94
"2024-09-06 16:00:00",6.72,38.03,16.53
"2024-09-06 17:00:00",4.09,34.86,16.39
"2024-09-06 18:00:00",5.51,35.65,16.56
"2024-09-06 19:00:00",3.74,19.39,11.21
"2024-09-06 20:00:00",3.85,18.62,10.84
"2024-09-06 21:00:00",3.7,19.04,10.95
"2024-09-06 22:00:00",2.82,18.87,11.18
"2024-09-06 23:00:00",2.35,17.83,10.97
"2024-09-07 00:00:00",2.97,17.69,10.93
"2024-09-07 01:00:00",2.45,17.3,10.72
"2024-09-07 02:00:00",1.95,11.31,7.98
"2024-09-07 03:00:00",2.03,12.43,8.64
"2024-09-07 04:00:00",1.86,15.32,9.41
"2024-09-07 05:00:00",1.91,8.69,6.58
"2024-09-07 06:00:00",2.11,6.48,5.3
"2024-09-07 07:00:00",2.42,8.97,6.15
"2024-09-07 08:00:00",3.33,14.71,8.26
"2024-09-07 09:00:00",3.6,21.05,12.45
"2024-09-07 10:00:00",4.3,32.24,15.65
"2024-09-07 11:00:00",4.11,34.72,17.58
"2024-09-07 12:00:00",6.76,31.2,17.63
"2024-09-07 13:00:00",22.08,36.14,19.37
"2024-09-07 14:00:00",30.92,33.31,20.06
"2024-09-07 15:00:00",3.67,33.38,19.44
"2024-09-07 16:00:00",4.52,32.28,19.25
"2024-09-07 17:00:00",3.96,30.08,18.61
"2024-09-07 18:00:00",34.76,33.57,19.94
"2024-09-07 19:00:00",3.8,23.02,13.84
"2024-09-07 20:00:00",5.3,22.22,12.68
"2024-09-07 21:00:00",5.25,20.28,11.43
"2024-09-07 22:00:00",3.7,16.69,10.74
"2024-09-07 23:00:00",2.19,19.05,13
"2024-09-08 00:00:00",1.71,17.19,12.1
"2024-09-08 01:00:00",1.3,14.84,10.23
"2024-09-08 02:00:00",0.98,13.17,8.49
"2024-09-08 03:00:00",0.94,12.55,8.53
"2024-09-08 04:00:00",0.86,13.27,8.98
"2024-09-08 05:00:00",0.87,11.62,7.34
"2024-09-08 06:00:00",1.08,8.16,4.85
"2024-09-08 07:00:00",1.04,6.9,4.35
"2024-09-08 08:00:00",0.88,5.61,3.19
"2024-09-08 09:00:00",1.27,2.35,1.29
"2024-09-08 10:00:00",1.04,1.39,0.89
"2024-09-08 11:00:00",1.05,3.23,1.34
"2024-09-08 12:00:00",1.13,2.55,0.94
"2024-09-08 13:00:00",0.9,1.56,0.65
"2024-09-08 14:00:00",0.84,2.3,0.83
"2024-09-08 15:00:00",0.86,5.14,1.44
"2024-09-08 16:00:00",0.71,4.7,2.16
"2024-09-08 17:00:00",1.11,6.09,2.9
"2024-09-08 18:00:00",1.14,3.98,2.24
"2024-09-08 19:00:00",1.13,3.52,1.93
"2024-09-08 20:00:00",1.39,3.77,1.97
"2024-09-08 21:00:00",0.92,5.15,2.63
"2024-09-08 22:00:00",0.81,4.55,2.27
"2024-09-08 23:00:00",0.77,3.78,1.69
"2024-09-09 00:00:00",0.48,8.3,4
"2024-09-09 01:00:00",0.53,13.81,7.01
"2024-09-09 02:00:00",0.51,16.4,8.73
"2024-09-09 03:00:00",0.36,19.04,10.12
"2024-09-09 04:00:00",3.4,19.58,9.84
"2024-09-09 05:00:00",19.14,20.66,10.43
"2024-09-09 06:00:00",23.69,20.04,10.26
"2024-09-09 07:00:00",50.4,20.92,10.53
"2024-09-09 08:00:00",61.73,28.96,11.73
"2024-09-09 09:00:00",36.8,23.79,10.59
"2024-09-09 10:00:00",18.07,20.47,9.6
"2024-09-09 11:00:00",17.75,19.95,9.37
"2024-09-09 12:00:00",19.03,23.69,10.14
"2024-09-09 13:00:00",15.17,26.93,12.07
"2024-09-09 14:00:00",19.23,30.46,13.32
"2024-09-09 15:00:00",27.45,25.1,12.86
"2024-09-09 16:00:00",32.24,26.63,12.99
"2024-09-09 17:00:00",33.89,12.05,6.52
"2024-09-09 18:00:00",19.41,7.55,4.18
"2024-09-09 19:00:00",13.53,7.96,4.91
"2024-09-09 20:00:00",9.5,8.75,6.11
"2024-09-09 21:00:00",7.53,11.56,8.16
"2024-09-09 22:00:00",8.15,14.74,9.81
"2024-09-09 23:00:00",4.54,17.02,10.99
"2024-09-10 00:00:00",2.26,18.52,12.44
"2024-09-10 01:00:00",1.52,12.15,8.92
"2024-09-10 02:00:00",3.51,25.3,15.31
"2024-09-10 03:00:00",4.32,32.12,17.79
"2024-09-10 04:00:00",4.23,28.55,15.53
"2024-09-10 05:00:00",4.92,16.75,10.04
"2024-09-10 06:00:00",12.38,11.17,6.7
"2024-09-10 07:00:00",24.03,10.14,6.18
"2024-09-10 08:00:00",6.26,3.45,2.18
"2024-09-10 09:00:00",4.81,5.24,3.36
"2024-09-10 10:00:00",4.98,4.94,3.19
"2024-09-10 11:00:00",3.3,4.13,2.68
"2024-09-10 12:00:00",2.9,9.11,4.5
"2024-09-10 13:00:00",1.92,13.07,5.71
"2024-09-10 14:00:00",1.86,17.15,6.09
"2024-09-10 15:00:00",1.55,15.79,5.42
"2024-09-10 16:00:00",1.35,10.9,3.8
"2024-09-10 17:00:00",3.46,10.45,4.14
"2024-09-10 18:00:00",3.24,10.66,4.23
"2024-09-10 19:00:00",1.66,8.16,3.18
"2024-09-10 20:00:00",3.26,11.69,5.28
"2024-09-10 21:00:00",5.62,10.7,4.95
"2024-09-10 22:00:00",1.79,8.05,3.68
"2024-09-10 23:00:00",10.2,7.12,3.15
"2024-09-11 00:00:00",10.6,6.02,3.08
"2024-09-11 01:00:00",7.67,7.22,3.82
"2024-09-11 02:00:00",4.89,7.45,3.63
"2024-09-11 03:00:00",8.64,9.18,4.51
"2024-09-11 04:00:00",7.01,9.89,4.67
"2024-09-11 05:00:00",6.32,9.75,4.97
"2024-09-11 06:00:00",23.49,11.9,5.27
"2024-09-11 07:00:00",60.15,18.02,7.39
"2024-09-11 08:00:00",12.05,11.36,4.9
"2024-09-11 09:00:00",4.85,11.02,4.71
"2024-09-11 10:00:00",2.3,13.38,4.22
"2024-09-11 11:00:00",1.63,8.89,2.97
"2024-09-11 12:00:00",1.27,10.78,3.5
"2024-09-11 13:00:00",1.55,14.81,4.68
"2024-09-11 14:00:00",2.04,17.89,5.5
"2024-09-11 15:00:00",1.46,21.47,6.45
"2024-09-11 16:00:00",1.3,18.53,5.89
"2024-09-11 17:00:00",1.75,21.95,6.4
"2024-09-11 18:00:00",2.02,19.08,6.48
"2024-09-11 19:00:00",0.99,20.44,7.05
"2024-09-11 20:00:00",4.99,20.65,7.71
"2024-09-11 21:00:00",5.38,20.65,7.94
"2024-09-11 22:00:00",15.91,20.12,7.72
"2024-09-11 23:00:00",1.38,11.63,4.82
"2024-09-12 00:00:00",2.97,12.56,4.66
"2024-09-12 01:00:00",0.43,10.47,3.78
"2024-09-12 02:00:00",3.88,9.84,3.56
"2024-09-12 03:00:00",2.91,6.86,2.89
"2024-09-12 04:00:00",7.58,8.33,3.19
"2024-09-12 05:00:00",3.51,10.37,3.37
"2024-09-12 06:00:00",39.07,20.43,6.43
"2024-09-12 07:00:00",42.51,26.28,8.21
"2024-09-12 08:00:00",39.62,23.97,7.96
"2024-09-12 09:00:00",7.93,21.56,7.05
"2024-09-12 10:00:00",2.83,17.55,6.3
"2024-09-12 11:00:00",2.26,13.09,4.78
"2024-09-12 12:00:00",2.37,12.95,4.01
"2024-09-12 13:00:00",2.38,12.89,3.64
"2024-09-12 14:00:00",1.75,9.85,2.9
"2024-09-12 15:00:00",3.26,5.29,1.6
"2024-09-12 16:00:00",3.25,8.55,1.9
"2024-09-12 17:00:00",3.23,5.89,2.2
"2024-09-12 18:00:00",4.46,6.81,2.88
"2024-09-12 19:00:00",4.16,7.57,3.91
"2024-09-12 20:00:00",6.87,7.42,3.56
"2024-09-12 21:00:00",6.59,10.28,4.61
"2024-09-12 22:00:00",9.38,10.03,5.47
"2024-09-12 23:00:00",11.89,12.28,7.36
"2024-09-13 00:00:00",14.97,12.86,8.22
"2024-09-13 01:00:00",21.36,13.02,7.78
"2024-09-13 02:00:00",20.94,10.46,5.95
"2024-09-13 03:00:00",15.18,10.1,5.25
"2024-09-13 04:00:00",13.57,10.02,4.47
"2024-09-13 05:00:00",23.38,9.82,4.5
"2024-09-13 06:00:00",31.89,10.99,4.46
"2024-09-13 07:00:00",60.79,14.87,6.87
"2024-09-13 08:00:00",47.5,12.31,5.45
"2024-09-13 09:00:00",49.41,11.01,5.3
"2024-09-13 10:00:00",27.81,11.85,4.95
"2024-09-13 11:00:00",29.17,15.69,5.76
"2024-09-13 12:00:00",28.9,18.79,6.91
"2024-09-13 13:00:00",32.64,15.49,6.22
"2024-09-13 14:00:00",27.92,12.74,4.64
"2024-09-13 15:00:00",32.37,10.77,4.25
"2024-09-13 16:00:00",28.48,9.61,4.11
"2024-09-13 17:00:00",29.53,8.27,4
"2024-09-13 18:00:00",23.18,6.05,3.45
"2024-09-13 19:00:00",16.61,3.82,2.56
"2024-09-13 20:00:00",10.83,3.17,1.9
"2024-09-13 21:00:00",7.99,2.68,1.37
"2024-09-13 22:00:00",8.62,2.79,1.37
"2024-09-13 23:00:00",5.83,2.79,1.2
"2024-09-14 00:00:00",2.79,3.33,1.09
"2024-09-14 01:00:00",1.85,2.25,0.9
"2024-09-14 02:00:00",2.7,2.6,1.31
"2024-09-14 03:00:00",1.58,2.49,1.2
"2024-09-14 04:00:00",1.9,2.45,1.13
"2024-09-14 05:00:00",2.07,2.35,1.09
"2024-09-14 06:00:00",5.26,1.97,1.02
"2024-09-14 07:00:00",6.69,3.32,1.63
"2024-09-14 08:00:00",8.6,3.43,1.69
"2024-09-14 09:00:00",13.81,3.44,2.03
"2024-09-14 10:00:00",17.66,3.61,2.12
"2024-09-14 11:00:00",18.75,4.3,2.3
"2024-09-14 12:00:00",16.79,5.68,3.12
"2024-09-14 13:00:00",14.52,5.49,3.19
"2024-09-14 14:00:00",17.9,5.7,3.4
"2024-09-14 15:00:00",17.66,3.93,2.36
"2024-09-14 16:00:00",15.67,4.19,2.71
"2024-09-14 17:00:00",13.72,3.03,1.61
"2024-09-14 18:00:00",13.64,2.65,1.56
"2024-09-14 19:00:00",10.57,4.3,2.62
"2024-09-14 20:00:00",18.25,4.94,3.24
"2024-09-14 21:00:00",18.5,12.93,7.93
"2024-09-14 22:00:00",23,17.38,9.34
"2024-09-14 23:00:00",14.99,18.68,9.1
"2024-09-15 00:00:00",9.93,18.7,8.11
"2024-09-15 01:00:00",7.5,17.35,7.96
"2024-09-15 02:00:00",5.68,10.58,4.79
"2024-09-15 03:00:00",4.74,12.51,5.06
"2024-09-15 04:00:00",5.06,13.24,5.6
"2024-09-15 05:00:00",5.9,12.91,5.67
"2024-09-15 06:00:00",12.8,14.18,7.04
"2024-09-15 07:00:00",16.14,10.22,4.67
"2024-09-15 08:00:00",4.31,4.9,2.26
"2024-09-15 09:00:00",19.62,5.34,2.53
"2024-09-15 10:00:00",16.64,4.94,2.26
"2024-09-15 11:00:00",6.66,4.48,2.08
"2024-09-15 12:00:00",7.41,4.92,2.37
"2024-09-15 13:00:00",9.53,5.51,2.75
"2024-09-15 14:00:00",17.67,7.25,3.4
"2024-09-15 15:00:00",13.05,6.55,3.05
"2024-09-15 16:00:00",5.27,3.6,2.05
"2024-09-15 17:00:00",2.54,3.54,1.88
"2024-09-15 18:00:00",21.25,7.84,4.34
"2024-09-15 19:00:00",30.64,11.69,6.13
"2024-09-15 20:00:00",30.18,10.68,6.6
"2024-09-15 21:00:00",16.9,9.14,5.05
"2024-09-15 22:00:00",28.2,10.68,6.53
"2024-09-15 23:00:00",22.19,10.81,6.47
"2024-09-16 00:00:00",18.29,9.33,5.66
"2024-09-16 01:00:00",12.81,8.76,5
"2024-09-16 02:00:00",4.84,7.41,3.74
"2024-09-16 03:00:00",6.86,7.81,3.46
"2024-09-16 04:00:00",8.96,8.69,3.76
"2024-09-16 05:00:00",16.06,10.54,4.23
"2024-09-16 06:00:00",34.83,11.62,4.51
"2024-09-16 07:00:00",44.04,12.16,4.94
"2024-09-16 08:00:00",44.14,9.61,4.08
"2024-09-16 09:00:00",41.03,8.74,3.97
"2024-09-16 10:00:00",28.68,7.53,3.39
"2024-09-16 11:00:00",21.15,11.51,3.71
"2024-09-16 12:00:00",22.01,13.76,3.97
"2024-09-16 13:00:00",23.63,6,2.84
"2024-09-16 14:00:00",25.06,6.8,2.59
"2024-09-16 15:00:00",28.58,6.4,2.72
"2024-09-16 16:00:00",40.02,7.96,2.98
"2024-09-16 17:00:00",46.86,7.6,3.11
"2024-09-16 18:00:00",44.08,6.69,2.83
"2024-09-16 19:00:00",31.94,7.4,2.95
"2024-09-16 20:00:00",7.04,4.39,2.13
"2024-09-16 21:00:00",23.62,4.75,2.9
"2024-09-16 22:00:00",28.78,6.21,3.4
"2024-09-16 23:00:00",35.42,9.57,5.5
"2024-09-17 00:00:00",27.45,9.96,5.38
"2024-09-17 01:00:00",11.11,6.4,3.06
"2024-09-17 02:00:00",6.76,6.2,2.82
"2024-09-17 03:00:00",6.22,5.47,2.93
"2024-09-17 04:00:00",5.36,4.3,2.41
"2024-09-17 05:00:00",12.15,4.75,2.35
"2024-09-17 06:00:00",18.87,5.94,3.57
"2024-09-17 07:00:00",54.08,8.81,5.12
"2024-09-17 08:00:00",43.14,8.08,4.38
"2024-09-17 09:00:00",51.33,6.77,3.47
"2024-09-17 10:00:00",31.57,7.13,3.68
"2024-09-17 11:00:00",23.54,6.71,3.47
"2024-09-17 12:00:00",28.47,6.11,3.13
"2024-09-17 13:00:00",23.38,6.57,3.41
"2024-09-17 14:00:00",26.17,7.06,3.14
"2024-09-17 15:00:00",24.79,5.51,2.26
"2024-09-17 16:00:00",39.49,6.21,2.48
"2024-09-17 17:00:00",38.72,6.79,3.1
"2024-09-17 18:00:00",55.99,7.51,3.88
"2024-09-17 19:00:00",39.76,7.84,3.55
"2024-09-17 20:00:00",25.33,7.86,2.59
"2024-09-17 21:00:00",24.17,6.69,2.96
"2024-09-17 22:00:00",49.32,9.48,4.73
"2024-09-17 23:00:00",37.45,8.91,4.65
"2024-09-18 00:00:00",19.12,8.09,4.73
"2024-09-18 01:00:00",9.98,8.74,5.22
"2024-09-18 02:00:00",12.21,8.74,5.33
"2024-09-18 03:00:00",5.86,8.84,5.76
"2024-09-18 04:00:00",8.14,8.81,5.73
"2024-09-18 05:00:00",6.6,7.93,5.38
"2024-09-18 06:00:00",12.84,9.71,5.43
"2024-09-18 07:00:00",20.21,13.36,6.01
"2024-09-18 08:00:00",23.81,12.85,6.53
"2024-09-18 09:00:00",25.25,12.93,7.34
"2024-09-18 10:00:00",16.64,14.91,7.08
"2024-09-18 11:00:00",12.58,12.51,6.74
"2024-09-18 12:00:00",13.19,13.18,6.21
"2024-09-18 13:00:00",28.82,11.9,5.28
"2024-09-18 14:00:00",22.63,9.45,4.18
"2024-09-18 15:00:00",30.04,9.33,4.37
"2024-09-18 16:00:00",32.7,10.32,4.63
"2024-09-18 17:00:00",34.57,9.93,4.47
"2024-09-18 18:00:00",18.02,9.69,4.18
"2024-09-18 19:00:00",8.49,12.08,5.29
"2024-09-18 20:00:00",9.16,12.31,6.56
"2024-09-18 21:00:00",9.14,11.74,6.82
"2024-09-18 22:00:00",6.2,11.77,7.32
"2024-09-18 23:00:00",7.11,12.52,7.86
"2024-09-19 00:00:00",5.91,13.12,8.79
"2024-09-19 01:00:00",4.76,13.02,8.84
"2024-09-19 02:00:00",3.39,12.97,9.02
"2024-09-19 03:00:00",3.37,12.67,9.22
"2024-09-19 04:00:00",2.88,10.37,9.16
"2024-09-19 05:00:00",2.84,8.97,8.36
"2024-09-19 06:00:00",4.13,13.56,12.56
"2024-09-19 07:00:00",5.96,14.87,13.16
"2024-09-19 08:00:00",7.68,13.72,10.23
"2024-09-19 09:00:00",8.04,11.1,6.71
"2024-09-19 10:00:00",5.96,17.44,8.85
"2024-09-19 11:00:00",5.71,19.87,10.38
"2024-09-19 12:00:00",5.72,20.5,10.07
"2024-09-19 13:00:00",5.47,18.68,10.1
"2024-09-19 14:00:00",6.32,21.42,11.64
"2024-09-19 15:00:00",8.69,25.93,13.42
"2024-09-19 16:00:00",10.82,24.94,11.69
"2024-09-19 17:00:00",10,21.86,9.43
"2024-09-19 18:00:00",7.88,24.86,9.27
"2024-09-19 19:00:00",8.07,22.47,10.13
"2024-09-19 20:00:00",9.21,24.21,11.88
"2024-09-19 21:00:00",10.43,30.96,18.14
"2024-09-19 22:00:00",7.44,26.13,13.72
"2024-09-19 23:00:00",6.57,24.62,13.31
"2024-09-20 00:00:00",4.54,20.77,9.73
"2024-09-20 01:00:00",3.72,21.45,9.51
"2024-09-20 02:00:00",3.87,19.68,10.49
"2024-09-20 03:00:00",4.07,20.57,10.09
"2024-09-20 04:00:00",4.19,21.23,10.93
"2024-09-20 05:00:00",7.28,23.84,11.77
"2024-09-20 06:00:00",9.67,23.28,12.43
"2024-09-20 07:00:00",10.92,25.69,13.83
"2024-09-20 08:00:00",11.38,26.53,15.24
"2024-09-20 09:00:00",11.72,26.89,14.76
"2024-09-20 10:00:00",7.4,23.82,13.72
"2024-09-20 11:00:00",9.06,33.75,14.11
"2024-09-20 12:00:00",7.73,30.67,13.1
"2024-09-20 13:00:00",11.07,31.37,11.93
"2024-09-20 14:00:00",9.12,25.83,12.47
"2024-09-20 15:00:00",12.66,26.23,13.98
"2024-09-20 16:00:00",9.61,27.83,13.73
"2024-09-20 17:00:00",6.91,21.28,11.19
"2024-09-20 18:00:00",11.71,21.18,11.25
"2024-09-20 19:00:00",9.82,24.52,14.25
"2024-09-20 20:00:00",10.71,25.27,14.54
"2024-09-20 21:00:00",11.99,27.69,17.88
"2024-09-20 22:00:00",8.42,28.89,21.17
"2024-09-20 23:00:00",3.76,30.09,21.41
"2024-09-21 00:00:00",3.61,28.14,21.11
"2024-09-21 01:00:00",3.2,26.97,20.28
"2024-09-21 02:00:00",2.48,27.53,20.42
"2024-09-21 03:00:00",2.55,27.64,20.99
"2024-09-21 04:00:00",2.63,27.42,20.78
"2024-09-21 05:00:00",3.13,26.25,20.22
"2024-09-21 06:00:00",4.28,25.66,19.48
"2024-09-21 07:00:00",3.73,24.43,19.22
"2024-09-21 08:00:00",3.92,25.77,19.64
"2024-09-21 09:00:00",4.09,25.21,18.59
"2024-09-21 10:00:00",5.36,23.05,17.46
"2024-09-21 11:00:00",6.52,25.93,17.99
"2024-09-21 12:00:00",10.43,26.92,18.43
"2024-09-21 13:00:00",10.14,26.37,17.04
"2024-09-21 14:00:00",8.36,25.22,16.01
"2024-09-21 15:00:00",6.61,25.09,15.43
"2024-09-21 16:00:00",8.13,22.75,14.86
"2024-09-21 17:00:00",4.5,22.42,14.75
"2024-09-21 18:00:00",4.63,21.85,15.48
"2024-09-21 19:00:00",4.39,21.3,15.36
"2024-09-21 20:00:00",3.79,21.33,15.64
"2024-09-21 21:00:00",3.6,24.06,16.28
"2024-09-21 22:00:00",3.1,26.14,17.93
"2024-09-21 23:00:00",3.6,25.45,18.21
"2024-09-22 00:00:00",3.19,24.06,18.35
"2024-09-22 01:00:00",2.72,24.09,17.89
"2024-09-22 02:00:00",2.26,23.78,18.61
"2024-09-22 03:00:00",2.24,25.75,20.16
"2024-09-22 04:00:00",2.11,26.4,20.99
"2024-09-22 05:00:00",2.01,29.2,22.15
"2024-09-22 06:00:00",2.29,34.81,24.63
"2024-09-22 07:00:00",1.89,31.65,23.83
"2024-09-22 08:00:00",1.89,30.62,22.22
"2024-09-22 09:00:00",2.39,29.53,20.59
"2024-09-22 10:00:00",2.68,25.98,18.5
"2024-09-22 11:00:00",3.85,24.06,16.37
"2024-09-22 12:00:00",3.85,24.06,16.37
"2024-09-22 13:00:00",3.84,21.1,15.61
"2024-09-22 14:00:00",5.04,21.11,15.78
"2024-09-22 15:00:00",3.88,23.92,17.1
"2024-09-22 16:00:00",5.74,23.76,17.26
"2024-09-22 17:00:00",3.31,24,17.6
"2024-09-22 18:00:00",3.32,24.53,18.33
"2024-09-22 19:00:00",3.98,24.04,17.96
"2024-09-22 20:00:00",5.4,24.27,17.99
"2024-09-22 21:00:00",4.53,22.17,17.14
"2024-09-22 22:00:00",3.6,22.31,17.21
"2024-09-22 23:00:00",3.23,21.74,16.68
"2024-09-23 00:00:00",2.61,21.9,16.69
"2024-09-23 01:00:00",2.02,20.78,15.25
"2024-09-23 02:00:00",1.7,19.81,14.17
"2024-09-23 03:00:00",1.63,19.19,13.81
"2024-09-23 04:00:00",1.89,19.21,14.06
"2024-09-23 05:00:00",2.58,19.69,14.27
"2024-09-23 06:00:00",2.92,19.66,14.06
"2024-09-23 07:00:00",3.51,20.26,14.28
"2024-09-23 08:00:00",4.52,19.94,14.23
"2024-09-23 09:00:00",7.23,19.65,13.88
"2024-09-23 10:00:00",7.33,19.53,13.58
"2024-09-23 11:00:00",7.21,18.05,12.76
"2024-09-23 12:00:00",7.09,18.63,12.32
"2024-09-23 13:00:00",8.21,17.98,12
"2024-09-23 14:00:00",7.61,18.97,11.62
"2024-09-23 15:00:00",5.04,13.74,9.1
"2024-09-23 16:00:00",7.71,7.54,4.64
"2024-09-23 17:00:00",5.81,5.58,3.72
"2024-09-23 18:00:00",6.85,5.94,3.2
"2024-09-23 19:00:00",5.19,6.12,3.94
"2024-09-23 20:00:00",4.24,7.15,4.82
"2024-09-23 21:00:00",3.02,7.07,4.95
"2024-09-23 22:00:00",2.73,5.27,3.76
"2024-09-23 23:00:00",2.38,6.54,4.44
"2024-09-24 00:00:00",4.23,7.34,5.21
"2024-09-24 01:00:00",2.7,7.15,4.9
"2024-09-24 02:00:00",1.45,6.52,3.75
"2024-09-24 03:00:00",1.34,5.84,3.46
"2024-09-24 04:00:00",2.74,5.45,3.26
"2024-09-24 05:00:00",0.93,4.33,2.56
"2024-09-24 06:00:00",1.78,4.01,2.04
"2024-09-24 07:00:00",5.82,3.56,1.73
"2024-09-24 08:00:00",14.92,4.09,1.52
"2024-09-24 09:00:00",15.65,3.83,1.21
"2024-09-24 10:00:00",7.53,3.21,0.98
"2024-09-24 11:00:00",4.38,8.55,1.7
"2024-09-24 12:00:00",3.17,4.42,1.23
"2024-09-24 13:00:00",3.47,5.74,1.6
"2024-09-24 14:00:00",3,3.88,1.35
"2024-09-24 15:00:00",3.36,3.82,1.43
"2024-09-24 16:00:00",3.12,4.82,1.83
"2024-09-24 17:00:00",4.06,6.15,2.16
"2024-09-24 18:00:00",6.2,5.47,2.23
"2024-09-24 19:00:00",5.07,5.21,1.98
"2024-09-24 20:00:00",4.22,3.77,1.68
"2024-09-24 21:00:00",5.39,4.8,2
"2024-09-24 22:00:00",5.48,6.14,2.58
"2024-09-24 23:00:00",4.55,8.28,3.07
"2024-09-25 00:00:00",3.82,7.97,3.64
"2024-09-25 01:00:00",4.86,8.48,4.28
"2024-09-25 02:00:00",3.07,7.14,4.11
"2024-09-25 03:00:00",2.37,6.87,4.37
"2024-09-25 04:00:00",2.29,7.24,4.92
"2024-09-25 05:00:00",2.14,6.48,4.09
"2024-09-25 06:00:00",2.96,5.73,3.16
"2024-09-25 07:00:00",7.44,7.65,2.82
"2024-09-25 08:00:00",13.37,8.27,2.97
"2024-09-25 09:00:00",13.72,13.88,3.65
"2024-09-25 10:00:00",15.05,15.15,3.99
"2024-09-25 11:00:00",13.95,9.44,3.28
"2024-09-25 12:00:00",9.32,12.35,3.51
"2024-09-25 13:00:00",8.38,9.35,3.1
"2024-09-25 14:00:00",10.17,7.51,2.57
"2024-09-25 15:00:00",7.88,11.25,2.67
"2024-09-25 16:00:00",6.69,3.93,2.05
"2024-09-25 17:00:00",9.69,3.99,2.09
"2024-09-25 18:00:00",9.91,4.56,1.99
"2024-09-25 19:00:00",4.78,5.51,2.66
"2024-09-25 20:00:00",5.17,6.89,4.05
"2024-09-25 21:00:00",4.67,7.31,4.23
"2024-09-25 22:00:00",4.09,5.75,3.71
"2024-09-25 23:00:00",4.21,21.26,18.15
"2024-09-26 00:00:00",3.37,3.98,2.51
"2024-09-26 01:00:00",2.14,2.95,2.05
"2024-09-26 02:00:00",1.89,2.63,1.77
"2024-09-26 03:00:00",1.75,2.48,1.53
"2024-09-26 04:00:00",1.63,2.29,1.42
"2024-09-26 05:00:00",1.78,2.69,1.57
"2024-09-26 06:00:00",1.96,3.63,2.3
"2024-09-26 07:00:00",2.86,3.09,2.04
"2024-09-26 08:00:00",4.01,3.18,1.98
"2024-09-26 09:00:00",5.11,2.79,1.41
"2024-09-26 10:00:00",4.51,2.88,0.92
"2024-09-26 11:00:00",4.17,3.21,0.89
"2024-09-26 12:00:00",4.17,3.21,0.89
"2024-09-26 13:00:00",4.53,4.01,1.14
"2024-09-26 14:00:00",4.18,4.08,1.27
"2024-09-26 15:00:00",4.33,3.49,1.2
"2024-09-26 16:00:00",5.64,2.19,1.16
"2024-09-26 17:00:00",3.77,2.59,1.33
"2024-09-26 18:00:00",2.63,3.11,1.69
"2024-09-26 19:00:00",3.29,3.45,2.14
"2024-09-26 20:00:00",4.28,3.87,2.82
"2024-09-26 21:00:00",4.06,6.7,3.91
"2024-09-26 22:00:00",2.34,8.05,3.94
"2024-09-26 23:00:00",2.33,7.83,3.7
"2024-09-27 00:00:00",1.71,8.06,3.69
"2024-09-27 01:00:00",1.51,8.95,4.22
"2024-09-27 02:00:00",0.81,7.45,3.91
"2024-09-27 03:00:00",0.93,5.71,3.23
"2024-09-27 04:00:00",1.05,8.17,4.34
"2024-09-27 05:00:00",1.66,6.27,3.56
"2024-09-27 06:00:00",2.56,6.5,3.43
"2024-09-27 07:00:00",4.1,9.02,4.13
"2024-09-27 08:00:00",8.21,9.72,4.51
"2024-09-27 09:00:00",4.04,8.24,3.94
"2024-09-27 10:00:00",3.16,10.22,4.32
"2024-09-27 11:00:00",2.45,7.59,3.21
"2024-09-27 12:00:00",2.81,7.17,2.58
"2024-09-27 13:00:00",2.69,9.97,3.1
"2024-09-27 14:00:00",2.03,5.52,2.32
"2024-09-27 15:00:00",2.66,5.02,1.81
"2024-09-27 16:00:00",2.42,5.3,2.21
"2024-09-27 17:00:00",2.33,5.87,2.39
"2024-09-27 18:00:00",2.98,6.61,2.73
"2024-09-27 19:00:00",2.6,6.74,2.77
"2024-09-27 20:00:00",15.18,10.26,4.89
"2024-09-27 21:00:00",12.5,10.76,5.92
"2024-09-27 22:00:00",18.99,8.88,4.4
"2024-09-27 23:00:00",30.83,11.49,5.93
"2024-09-28 00:00:00",15.62,7.22,3.66
"2024-09-28 01:00:00",5.2,5.07,2.21
"2024-09-28 02:00:00",12.36,5.04,2.47
"2024-09-28 03:00:00",6.01,3.44,1.57
"2024-09-28 04:00:00",16.28,5.68,2.69
"2024-09-28 05:00:00",16.39,6.88,2.64
"2024-09-28 06:00:00",27.96,5.04,2.08
"2024-09-28 07:00:00",35.07,5.72,2.07
"2024-09-28 08:00:00",52.44,10.61,3.47
"2024-09-28 09:00:00",38.6,9.5,3.28
"2024-09-28 10:00:00",29.96,6.29,2.32
"2024-09-28 11:00:00",39.47,5.39,2.17
"2024-09-28 12:00:00",46.98,5.97,2.33
"2024-09-28 13:00:00",36.33,6.04,2.33
"2024-09-28 14:00:00",26.9,6.98,3.02
"2024-09-28 15:00:00",22.21,7.94,4.28
"2024-09-28 16:00:00",23.86,7.6,4.55
"2024-09-28 17:00:00",37.43,10.58,6.38
"2024-09-28 18:00:00",51.31,10.59,4.83
"2024-09-28 19:00:00",44.65,8.47,3.66
"2024-09-28 20:00:00",36.75,8.95,5.44
"2024-09-28 21:00:00",28.23,10.45,6.56
"2024-09-28 22:00:00",24.42,9.08,5.1
"2024-09-28 23:00:00",13.18,6.45,3.28
"2024-09-29 00:00:00",8.88,5.75,2.92
"2024-09-29 01:00:00",8.29,4.43,2.31
"2024-09-29 02:00:00",3.63,4.8,2.39
"2024-09-29 03:00:00",2.6,4.76,2.62
"2024-09-29 04:00:00",1.52,4,2.33
"2024-09-29 05:00:00",2.08,5.43,2.78
"2024-09-29 06:00:00",3.43,4.88,2.81
"2024-09-29 07:00:00",3.1,5.48,2.97
"2024-09-29 08:00:00",3.52,6.16,3.31
"2024-09-29 09:00:00",5.43,6.99,3.74
"2024-09-29 10:00:00",5.06,7.06,3.83
"2024-09-29 11:00:00",14.58,8.45,4.43
"2024-09-29 12:00:00",11.01,7.32,4.25
"2024-09-29 13:00:00",12.78,8.48,3.9
"2024-09-29 14:00:00",12.27,7.25,3.09
"2024-09-29 15:00:00",9.93,6.11,2.86
"2024-09-29 16:00:00",7.41,4.29,2.05
"2024-09-29 17:00:00",4.76,4.89,2.39
"2024-09-29 18:00:00",4.58,5.41,2.75
"2024-09-29 19:00:00",4.05,4.46,2.42
"2024-09-29 20:00:00",4.04,4.06,2.2
"2024-09-29 21:00:00",3.84,4.69,2.63
"2024-09-29 22:00:00",2.76,5.87,3.17
"2024-09-29 23:00:00",1.86,5.77,3.17
"2024-09-30 00:00:00",1.8,5.83,3.25
"2024-09-30 01:00:00",1.93,5.86,3.21
"2024-09-30 02:00:00",1.79,6.42,3.21
"2024-09-30 03:00:00",1.74,5.94,3.26
"2024-09-30 04:00:00",2.25,5.36,3.2
"2024-09-30 05:00:00",2.75,6.25,3.18
"2024-09-30 06:00:00",3.21,5.48,2.99
"2024-09-30 07:00:00",4.76,3.78,2.51
"2024-09-30 08:00:00",7.34,3.18,1.83
"2024-09-30 09:00:00",5.36,6.48,2.13
"2024-09-30 10:00:00",8.16,2.66,1.37
"2024-09-30 11:00:00",4.07,3.65,1.45
"2024-09-30 12:00:00",3.69,5.58,1.61
"2024-09-30 13:00:00",2.62,8.38,1.81
"2024-09-30 14:00:00",2.46,13.42,3.07
"2024-09-30 15:00:00",2.13,11.18,2.28
"2024-09-30 16:00:00",2.33,16.66,2.6
"2024-09-30 17:00:00",2.8,3.53,1.42
"2024-09-30 18:00:00",3.88,3.63,1.67
"2024-09-30 19:00:00",3.16,3.3,1.83
"2024-09-30 20:00:00",1.91,3.83,2.01
"2024-09-30 21:00:00",1.59,2.53,1.7
"2024-09-30 22:00:00",1.79,3.92,2.37
"2024-09-30 23:00:00",2.14,4.62,2.5
"2024-10-01 00:00:00",1.34,3.24,2.05
"2024-10-01 01:00:00",1.14,3.4,2.14
"2024-10-01 02:00:00",0.92,4.2,2.37
"2024-10-01 03:00:00",1.03,3.62,2.25
"2024-10-01 04:00:00",1.62,3.79,2.34
"2024-10-01 05:00:00",2.04,4.5,2.69
"2024-10-01 06:00:00",2.37,4.63,2.78
"2024-10-01 07:00:00",3.35,5.4,2.93
"2024-10-01 08:00:00",6.67,7.19,3.38
"2024-10-01 09:00:00",6.15,6.95,3.47
"2024-10-01 10:00:00",4.06,8.49,4.13
"2024-10-01 11:00:00",3.53,10.9,4.88
"2024-10-01 12:00:00",4.28,11.81,5.38
"2024-10-01 13:00:00",3.8,11.58,5.34
"2024-10-01 14:00:00",4.8,12.72,5.21
"2024-10-01 15:00:00",8.08,15.32,5.52
"2024-10-01 16:00:00",6.61,16.15,5.55
"2024-10-01 17:00:00",10.48,12.5,5.29
"2024-10-01 18:00:00",9.27,11.34,5.23
"2024-10-01 19:00:00",10.09,11.17,6.12
"2024-10-01 20:00:00",8.87,12.57,7.38
"2024-10-01 21:00:00",7.41,18.38,13.81
"2024-10-01 22:00:00",7.76,15.6,11.29
"2024-10-01 23:00:00",6.74,14.17,8.82
"2024-10-02 00:00:00",4.28,12.33,7.68
"2024-10-02 01:00:00",3.2,11.04,7.44
"2024-10-02 02:00:00",2.52,9.76,6.61
"2024-10-02 03:00:00",2.45,10.09,6.43
"2024-10-02 04:00:00",2.22,10.22,6.03
"2024-10-02 05:00:00",3.83,10.6,6.07
"2024-10-02 06:00:00",8.78,12.22,6.23
"2024-10-02 07:00:00",15.26,16.84,7.09
"2024-10-02 08:00:00",19.5,18.4,7.71
"2024-10-02 09:00:00",17.24,15.38,7.71
"2024-10-02 10:00:00",11.11,18.28,7.97
"2024-10-02 11:00:00",9.97,15.55,7.64
"2024-10-02 12:00:00",10.07,16.63,6.77
"2024-10-02 13:00:00",17.71,15.38,6.1
"2024-10-02 14:00:00",21.65,12.91,5.38
"2024-10-02 15:00:00",19.71,13.04,4.73
"2024-10-02 16:00:00",18.33,11.07,4.82
"2024-10-02 17:00:00",22.39,12.12,5.44
"2024-10-02 18:00:00",25.59,14.38,6.27
"2024-10-02 19:00:00",17.8,14.14,6.33
"2024-10-02 20:00:00",12.66,15.71,6.89
"2024-10-02 21:00:00",8.68,12.14,6.87
"2024-10-02 22:00:00",9.22,11.54,6.92
"2024-10-02 23:00:00",9.79,11.67,6.46
"2024-10-03 00:00:00",7.37,11,6.27
"2024-10-03 01:00:00",9.79,12.01,6.38
"2024-10-03 02:00:00",6.55,11.3,6.17
"2024-10-03 03:00:00",8.18,11.67,6.37
"2024-10-03 04:00:00",11.4,12.01,6.33
"2024-10-03 05:00:00",17.84,11.83,6.05
"2024-10-03 06:00:00",35.85,11.92,5.91
"2024-10-03 07:00:00",42.53,11.92,5.53
"2024-10-03 08:00:00",42.88,13.45,5.61
"2024-10-03 09:00:00",54.14,14.05,5.43
"2024-10-03 10:00:00",35.86,11.84,4.93
"2024-10-03 11:00:00",33.69,14.05,5.42
"2024-10-03 12:00:00",34.06,11.42,5.16
"2024-10-03 13:00:00",28.48,10.79,5.02
"2024-10-03 14:00:00",28.75,11.89,5.41
"2024-10-03 15:00:00",38.24,10.79,5.04
"2024-10-03 16:00:00",44.53,11.56,5.14
"2024-10-03 17:00:00",39.82,10.12,4.84
"2024-10-03 18:00:00",43.53,8.64,4.84
"2024-10-03 19:00:00",34.11,6.67,4.49
"2024-10-03 20:00:00",21.82,8.87,6
"2024-10-03 21:00:00",13.99,9.29,5.69
"2024-10-03 22:00:00",10.68,9.09,5.93
"2024-10-03 23:00:00",12.21,9.39,5.98
"2024-10-04 00:00:00",5.87,7.2,4.94
"2024-10-04 01:00:00",3.01,8.76,5.51
"2024-10-04 02:00:00",2.43,8.7,5.48
"2024-10-04 03:00:00",2.43,8.84,5.39
"2024-10-04 04:00:00",3.2,7.72,4.75
"2024-10-04 05:00:00",5.4,6.74,4.29
"2024-10-04 06:00:00",13.88,5.07,3.3
"2024-10-04 07:00:00",23.07,3.22,2.15
"2024-10-04 08:00:00",26.9,2.43,1.53
"2024-10-04 09:00:00",23.79,2.46,1.3
"2024-10-04 10:00:00",24.04,4.32,1.61
"2024-10-04 11:00:00",26.71,3.93,1.48
"2024-10-04 12:00:00",28.92,4.6,1.83
"2024-10-04 13:00:00",29.05,4.66,1.74
"2024-10-04 14:00:00",34.25,4.12,1.44
"2024-10-04 15:00:00",25.82,6.22,2.59
"2024-10-04 16:00:00",26.75,4,1.91
"2024-10-04 17:00:00",27.62,3.99,1.85
"2024-10-04 18:00:00",34.73,5.22,2.62
"2024-10-04 19:00:00",27.03,5.98,3.85
"2024-10-04 20:00:00",18.37,5.6,3.88
"2024-10-04 21:00:00",11.76,3.62,2.39
"2024-10-04 22:00:00",8.59,2.12,1.05
"2024-10-04 23:00:00",4.63,1.13,0.56
"2024-10-05 00:00:00",3.29,1.52,0.5
"2024-10-05 01:00:00",2.09,1.01,0.35
"2024-10-05 02:00:00",1.7,1.01,0.46
"2024-10-05 03:00:00",1.3,2.08,1.42
"2024-10-05 04:00:00",2.29,4.04,2.73
"2024-10-05 05:00:00",3.87,6.38,4.06
"2024-10-05 06:00:00",7.45,6.97,4.44
"2024-10-05 07:00:00",11.5,5.25,2.94
"2024-10-05 08:00:00",18.9,3.93,2.09
"2024-10-05 09:00:00",23.72,5.6,3.46
"2024-10-05 10:00:00",25.17,7.1,4.23
"2024-10-05 11:00:00",21.27,8.41,5.87
"2024-10-05 12:00:00",21.01,10.03,6.91
"2024-10-05 13:00:00",22.88,8.99,5.6
"2024-10-05 14:00:00",23.41,7.19,4.49
"2024-10-05 15:00:00",26.22,5.89,3.97
"2024-10-05 16:00:00",18.88,4.4,3.02
"2024-10-05 17:00:00",19.85,3.58,2.42
"2024-10-05 18:00:00",23.09,3.46,2.33
"2024-10-05 19:00:00",15.24,4.4,2.95
"2024-10-05 20:00:00",11.56,3.62,2.37
"2024-10-05 21:00:00",8.07,2.13,1.37
"2024-10-05 22:00:00",8.05,1.71,1.19
"2024-10-05 23:00:00",6.3,2.12,1.38
"2024-10-06 00:00:00",4.8,1.44,0.69
"2024-10-06 01:00:00",3.18,1.94,0.85
"2024-10-06 02:00:00",2.47,1.96,0.97
"2024-10-06 03:00:00",5.65,3.81,2.82
"2024-10-06 04:00:00",8.8,6.88,3.72
"2024-10-06 05:00:00",7.11,9.15,5.14
"2024-10-06 06:00:00",15.85,3.91,2.14
"2024-10-06 07:00:00",18.41,9.35,4.85
"2024-10-06 08:00:00",14.2,5.51,3.09
"2024-10-06 09:00:00",17.88,9.12,4.58
"2024-10-06 10:00:00",17.5,12.94,6.82
"2024-10-06 11:00:00",23.96,16.19,8.21
"2024-10-06 12:00:00",21.19,14.75,7.6
"2024-10-06 13:00:00",19.88,12.78,6.91
"2024-10-06 14:00:00",27.2,12.19,6.43
"2024-10-06 15:00:00",22.04,11.01,6.41
"2024-10-06 16:00:00",23.62,10.43,6.12
"2024-10-06 17:00:00",20.73,10.74,6.35
"2024-10-06 18:00:00",33.68,10.73,6.01
"2024-10-06 19:00:00",30.78,10.64,6.39
"2024-10-06 20:00:00",24.46,15.48,8.9
"2024-10-06 21:00:00",9.44,9.43,5.78
"2024-10-06 22:00:00",11.47,4.16,2.67
"2024-10-06 23:00:00",6.54,4.72,2.6
"2024-10-07 00:00:00",6.09,6.75,3.99
"2024-10-07 01:00:00",3.28,8.48,4.9
"2024-10-07 02:00:00",2.02,9.61,5.52
"2024-10-07 03:00:00",2.6,10.01,5.59
"2024-10-07 04:00:00",9.73,12.18,5.94
"2024-10-07 05:00:00",10.87,12.65,6.44
"2024-10-07 06:00:00",31.26,15.29,7.02
"2024-10-07 07:00:00",32.68,14.55,7.14
"2024-10-07 08:00:00",59.55,18.51,8.83
"2024-10-07 09:00:00",56.12,19.86,9.23
"2024-10-07 10:00:00",32.33,14.73,7.32
"2024-10-07 11:00:00",27.74,13.44,6.76
"2024-10-07 12:00:00",26.24,11.77,6.03
"2024-10-07 13:00:00",29.86,11.15,6.13
"2024-10-07 14:00:00",34.96,10.92,5.26
"2024-10-07 15:00:00",51.18,9.64,4.84
"2024-10-07 16:00:00",49.73,8.73,4.76
"2024-10-07 17:00:00",30.51,4.53,2.53
"2024-10-07 18:00:00",48.17,7.78,4.13
"2024-10-07 19:00:00",29.77,8.89,5.56
"2024-10-07 20:00:00",11.35,9.94,6.51
"2024-10-07 21:00:00",11.79,10.83,6.48
"2024-10-07 22:00:00",7.3,11.26,6.28
"2024-10-07 23:00:00",7.13,11.27,6.4
"2024-10-08 00:00:00",4.43,8.64,5.4
"2024-10-08 01:00:00",2.7,8.83,5.39
"2024-10-08 02:00:00",2.02,7.8,5.02
"2024-10-08 03:00:00",1.96,8.24,5.75
"2024-10-08 04:00:00",1.83,5.44,3.61
"2024-10-08 05:00:00",2.52,4.96,3.45
"2024-10-08 06:00:00",3.9,3.3,2.46
"2024-10-08 07:00:00",5.94,3.03,1.87
"2024-10-08 08:00:00",6.25,3.98,2.57
"2024-10-08 09:00:00",6.12,5.7,4.08
"2024-10-08 10:00:00",5.07,4.96,3.54
"2024-10-08 11:00:00",4.29,3.84,2.46
"2024-10-08 12:00:00",6.83,3.18,1.72
"2024-10-08 13:00:00",6.53,2.89,1.58
"2024-10-08 14:00:00",6.1,2.62,1.36
"2024-10-08 15:00:00",5.89,4.11,2.25
"2024-10-08 16:00:00",5.69,4.52,2.61
"2024-10-08 17:00:00",7.16,4.41,2.64
"2024-10-08 18:00:00",6.1,5.14,3.66
"2024-10-08 19:00:00",4.89,5.92,3.98
"2024-10-08 20:00:00",3.69,5.43,3.71
"2024-10-08 21:00:00",2.99,4.41,2.73
"2024-10-08 22:00:00",3.03,5.45,3.38
"2024-10-08 23:00:00",2.98,4.57,2.95
"2024-10-09 00:00:00",2.38,4.08,2.18
"2024-10-09 01:00:00",2.07,3.65,2.01
"2024-10-09 02:00:00",1.9,4.83,2.46
"2024-10-09 03:00:00",1.8,4.9,2.87
"2024-10-09 04:00:00",1.91,5.54,3.3
"2024-10-09 05:00:00",2.6,6.24,3.52
"2024-10-09 06:00:00",5.19,6.2,3.26
"2024-10-09 07:00:00",6.13,6.57,3.44
"2024-10-09 08:00:00",9.07,6.34,3.26
"2024-10-09 09:00:00",8.73,6.68,2.62
"2024-10-09 10:00:00",5.84,5.95,2.22
"2024-10-09 11:00:00",4.35,6.15,2.33
"2024-10-09 12:00:00",3.77,5.01,1.89
"2024-10-09 13:00:00",4.14,4.07,1.67
"2024-10-09 14:00:00",4.44,5.89,2.5
"2024-10-09 15:00:00",4.6,7.07,2.73
"2024-10-09 16:00:00",4.14,7.1,2.97
"2024-10-09 17:00:00",3.72,6.31,3.11
"2024-10-09 18:00:00",3.08,6.98,3.57
"2024-10-09 19:00:00",2.69,10.4,5.32
"2024-10-09 20:00:00",2.67,12.44,6.48
"2024-10-09 21:00:00",2.93,13.19,6.4
"2024-10-09 22:00:00",2.53,12.02,5.61
"2024-10-09 23:00:00",3.34,9.2,4.53
"2024-10-10 00:00:00",2.52,8.59,4.07
"2024-10-10 01:00:00",1.67,10.28,4.75
"2024-10-10 02:00:00",1.33,8.42,4.34
"2024-10-10 03:00:00",1.12,6.03,3.42
"2024-10-10 04:00:00",1.52,6.4,3.32
"2024-10-10 05:00:00",1.82,8.29,3.65
"2024-10-10 06:00:00",5.02,7.99,3.64
"2024-10-10 07:00:00",7.33,8.04,3.71
"2024-10-10 08:00:00",10.33,7.28,3.58
"2024-10-10 09:00:00",8.43,6.01,3.05
"2024-10-10 10:00:00",5.06,7.16,2.93
"2024-10-10 11:00:00",3.91,5.98,2.13
"2024-10-10 12:00:00",2.68,6.96,2.6
"2024-10-10 13:00:00",3.34,11.74,2.76
"2024-10-10 14:00:00",4.63,6.66,1.74
"2024-10-10 15:00:00",5.13,6.69,1.96
"2024-10-10 16:00:00",5.94,3.28,1.28
"2024-10-10 17:00:00",8.43,5.88,1.96
"2024-10-10 18:00:00",7.24,4.5,2.02
"2024-10-10 19:00:00",13.16,4.99,2.37
"2024-10-10 20:00:00",10.44,5.68,3.25
"2024-10-10 21:00:00",6.72,5.29,3.42
"2024-10-10 22:00:00",21.94,6.14,3.98
"2024-10-10 23:00:00",52.8,11.5,5.71
"2024-10-11 00:00:00",47.21,12.38,8.87
"2024-10-11 01:00:00",37.31,10.3,7.01
"2024-10-11 02:00:00",30.9,10.16,7.33
"2024-10-11 03:00:00",16.91,8.88,5.64
"2024-10-11 04:00:00",13.64,6.75,3.74
"2024-10-11 05:00:00",17.85,7.62,3.47
"2024-10-11 06:00:00",38.65,9.95,4.44
"2024-10-11 07:00:00",51.76,11.79,5.51
"2024-10-11 08:00:00",65.04,11.94,5.52
"2024-10-11 09:00:00",59.38,14.99,5.87
"2024-10-11 10:00:00",47.68,10.21,4.36
"2024-10-11 11:00:00",36.4,9.09,3.05
"2024-10-11 12:00:00",38.39,8.31,2.9
"2024-10-11 13:00:00",26.99,6.2,2
"2024-10-11 14:00:00",28.23,5.96,1.88
"2024-10-11 15:00:00",31.7,5.92,2.27
"2024-10-11 16:00:00",37.98,7.64,2.73
"2024-10-11 17:00:00",39.47,7.9,4.13
"2024-10-11 18:00:00",39.56,8.31,5.04
"2024-10-11 19:00:00",26.43,7.16,5.79
"2024-10-11 20:00:00",43.78,13.59,9.92
"2024-10-11 21:00:00",40.81,7.05,4.4
"2024-10-11 22:00:00",25.24,5.54,3.61
"2024-10-11 23:00:00",11.88,3.86,1.88
"2024-10-12 00:00:00",4.69,3.79,1.85
"2024-10-12 01:00:00",3.68,3.52,1.58
"2024-10-12 02:00:00",2.65,4.1,1.99
"2024-10-12 03:00:00",1.98,4.29,2.2
"2024-10-12 04:00:00",2.78,4.51,1.93
"2024-10-12 05:00:00",8.33,4.26,1.98
"2024-10-12 06:00:00",11.68,5.97,2.68
"2024-10-12 07:00:00",14.01,6.2,3.02
"2024-10-12 08:00:00",26.71,7.32,3.32
"2024-10-12 09:00:00",31.64,7.33,3.49
"2024-10-12 10:00:00",10.51,5.74,2.58
"2024-10-12 11:00:00",3.46,8.08,3.55
"2024-10-12 12:00:00",1.37,9.63,3.39
"2024-10-12 13:00:00",1.28,6.53,2.72
"2024-10-12 14:00:00",1.22,6.89,2.85
"2024-10-12 15:00:00",1.39,8.7,3.1
"2024-10-12 16:00:00",1.59,3.97,1.95
"2024-10-12 17:00:00",1.42,3.61,1.74
"2024-10-12 18:00:00",2.02,4.77,2.3
"2024-10-12 19:00:00",3.08,5.65,2.69
"2024-10-12 20:00:00",11.89,8.88,5.04
"2024-10-12 21:00:00",29.07,16.97,13.25
"2024-10-12 22:00:00",32.85,15.54,11.07
"2024-10-12 23:00:00",47.76,14.4,10.16
"2024-10-13 00:00:00",38.49,13.12,8.89
"2024-10-13 01:00:00",25.13,19.32,13.25
"2024-10-13 02:00:00",14.07,10.1,6.95
"2024-10-13 03:00:00",10.62,9.1,5.17
"2024-10-13 04:00:00",11.77,6.46,3.66
"2024-10-13 05:00:00",11.3,6.2,3.49
"2024-10-13 06:00:00",12.09,7.11,3.15
"2024-10-13 07:00:00",12.71,7.8,3.24
"2024-10-13 08:00:00",18.21,7.71,3.42
"2024-10-13 09:00:00",16.98,8.21,3.48
"2024-10-13 10:00:00",26.71,8.63,3.91
"2024-10-13 11:00:00",29.3,8.52,4
"2024-10-13 12:00:00",38.3,7.51,3.78
"2024-10-13 13:00:00",35.36,7.5,3.93
"2024-10-13 14:00:00",36.32,9.53,5.54
"2024-10-13 15:00:00",33.21,7.81,4.06
"2024-10-13 16:00:00",40.97,8.36,4.19
"2024-10-13 17:00:00",37.32,8.05,4.43
"2024-10-13 18:00:00",40.49,7.25,4.17
"2024-10-13 19:00:00",44.95,7.96,4.26
"2024-10-13 20:00:00",25.76,7.71,4.99
"2024-10-13 21:00:00",20.96,5.21,3.59
"2024-10-13 22:00:00",13.7,4.73,3.32
"2024-10-13 23:00:00",10.9,5.69,3.67
"2024-10-14 00:00:00",4.75,5.59,3.52
"2024-10-14 01:00:00",3.56,5.45,3.37
"2024-10-14 02:00:00",4.2,4.91,3.17
"2024-10-14 03:00:00",3.99,4.61,3.08
"2024-10-14 04:00:00",18.59,5.51,3.45
"2024-10-14 05:00:00",17.29,4.48,2.99
"2024-10-14 06:00:00",45.29,10.28,4.88
"2024-10-14 07:00:00",49.99,8.3,4.72
"2024-10-14 08:00:00",46.03,11.68,5.14
"2024-10-14 09:00:00",55.85,11.88,4.91
"2024-10-14 10:00:00",47.66,9.86,4.39
"2024-10-14 11:00:00",38.25,20.44,6.06
"2024-10-14 12:00:00",44.15,12.72,4.73
"2024-10-14 13:00:00",31.83,7.28,3.7
"2024-10-14 14:00:00",30.2,7.11,4.22
"2024-10-14 15:00:00",45.93,10.94,4.73
"2024-10-14 16:00:00",43.45,8.66,5.04
"2024-10-14 17:00:00",42.46,9.15,5.81
"2024-10-14 18:00:00",30.07,9.43,6.54
"2024-10-14 19:00:00",35.84,8.53,6.09
"2024-10-14 20:00:00",47.7,9.46,6.02
"2024-10-14 21:00:00",33.39,9.16,6.21
"2024-10-14 22:00:00",27.73,6.1,4.08
"2024-10-14 23:00:00",18.5,4.94,3.22
"2024-10-15 00:00:00",4.84,4.87,3.2
"2024-10-15 01:00:00",14.45,4.74,2.59
"2024-10-15 02:00:00",11.2,4.05,2.31
"2024-10-15 03:00:00",4.43,4.19,2.26
"2024-10-15 04:00:00",8.02,3.58,2.06
"2024-10-15 05:00:00",13.15,3.65,2
"2024-10-15 06:00:00",33.3,4.68,2.53
"2024-10-15 07:00:00",55.76,6.62,2.92
"2024-10-15 08:00:00",41.06,6.19,2.69
"2024-10-15 09:00:00",43.8,10.08,3.1
"2024-10-15 10:00:00",49.18,8.53,2.19
"2024-10-15 11:00:00",38.6,6.81,1.85
"2024-10-15 12:00:00",32.91,7.33,2.03
"2024-10-15 13:00:00",31.8,6.87,1.81
"2024-10-15 14:00:00",34.97,6.13,1.82
"2024-10-15 15:00:00",35.06,5.33,1.77
"2024-10-15 16:00:00",33.76,3.43,2.04
"2024-10-15 17:00:00",29.68,5.68,3.39
"2024-10-15 18:00:00",36.69,4.87,2.78
"2024-10-15 19:00:00",26.35,3.72,2.19
"2024-10-15 20:00:00",14.56,2.6,1.52
"2024-10-15 21:00:00",18.92,3.07,1.7
"2024-10-15 22:00:00",18.76,5.09,2.48
"2024-10-15 23:00:00",15.43,5.12,2.6
"2024-10-16 00:00:00",9.33,5,2.57
"2024-10-16 01:00:00",7.1,3.66,1.99
"2024-10-16 02:00:00",4.71,3.09,1.59
"2024-10-16 03:00:00",4.49,3.46,1.85
"2024-10-16 04:00:00",6.54,3.19,1.66
"2024-10-16 05:00:00",7.81,3.24,1.8
"2024-10-16 06:00:00",17.93,4.69,2.97
"2024-10-16 07:00:00",42.11,5.84,3.9
"2024-10-16 08:00:00",35.35,4.56,3.05
"2024-10-16 09:00:00",37.51,4.71,3.12
"2024-10-16 10:00:00",35.64,5.64,3.16
"2024-10-16 11:00:00",22.15,5.6,2.18
"2024-10-16 12:00:00",59.08,11.14,5.48
"2024-10-16 13:00:00",59.23,7.85,4.54
"2024-10-16 14:00:00",55.72,4.49,2.56
"2024-10-16 15:00:00",38.75,9.75,4.03
"2024-10-16 16:00:00",47.59,13.36,5.3
"2024-10-16 17:00:00",71.07,18.63,7.49
"2024-10-16 18:00:00",76.74,24.67,10.71
"2024-10-16 19:00:00",71.57,22.97,9.31
"2024-10-16 20:00:00",53.34,13.21,7.17
"2024-10-16 21:00:00",22.39,10.43,5.98
"2024-10-16 22:00:00",18.67,11.41,6.6
"2024-10-16 23:00:00",10.24,10.41,5.87
"2024-10-17 00:00:00",8.87,10.2,5.34
"2024-10-17 01:00:00",11.65,10.86,5.85
"2024-10-17 02:00:00",3.71,10.99,5.77
"2024-10-17 03:00:00",5.24,9.65,5.14
"2024-10-17 04:00:00",2.95,8.6,4.76
"2024-10-17 05:00:00",5.82,7.67,4.21
"2024-10-17 06:00:00",13.77,6.06,3.37
"2024-10-17 07:00:00",22.86,9.13,4.78
"2024-10-17 08:00:00",31.59,10.65,5.66
"2024-10-17 09:00:00",31.68,8.22,4.34
"2024-10-17 10:00:00",33.77,6.95,3.49
"2024-10-17 11:00:00",26.39,4.55,2.41
"2024-10-17 12:00:00",24.55,11.23,4.96
"2024-10-17 13:00:00",22.61,8.26,3.97
"2024-10-17 14:00:00",27.94,7.58,3.84
"2024-10-17 15:00:00",24.48,7.6,3.64
"2024-10-17 16:00:00",31,9.7,4.21
"2024-10-17 17:00:00",35.3,12.63,5.28
"2024-10-17 18:00:00",37.51,12.95,7
"2024-10-17 19:00:00",38.21,18.27,10.22
"2024-10-17 20:00:00",27.72,14.13,6.32
"2024-10-17 21:00:00",12.55,14.58,6.49
"2024-10-17 22:00:00",12.93,14.26,6.53
"2024-10-17 23:00:00",5.75,11.57,5.38
"2024-10-18 00:00:00",5.05,10.9,5.79
"2024-10-18 01:00:00",3.29,8.37,4.29
"2024-10-18 02:00:00",1.85,8.87,4.1
"2024-10-18 03:00:00",1.83,10.26,4.45
"2024-10-18 04:00:00",1.87,8.48,4.29
"2024-10-18 05:00:00",6.32,7.05,3.79
"2024-10-18 06:00:00",9.33,5.71,2.8
"2024-10-18 07:00:00",17.36,2.71,1.2
"2024-10-18 08:00:00",19.63,2.91,1.14
"2024-10-18 09:00:00",17.06,3.22,1.45
"2024-10-18 10:00:00",15.84,5.13,2.67
"2024-10-18 11:00:00",19.51,10.46,6.96
"2024-10-18 12:00:00",15.75,13.36,9.57
"2024-10-18 13:00:00",31.58,12.35,7.85
"2024-10-18 14:00:00",31.96,11.69,7.06
"2024-10-18 15:00:00",34.78,12.5,6.66
"2024-10-18 16:00:00",22.55,19.34,11.17
"2024-10-18 17:00:00",24.88,23.02,12.37
"2024-10-18 18:00:00",22.28,25.22,13.81
"2024-10-18 19:00:00",21.9,25.09,12.93
"2024-10-18 20:00:00",11.77,29.36,15.76
"2024-10-18 21:00:00",10.71,31.38,15.97
"2024-10-18 22:00:00",8.16,28.13,14.37
"2024-10-18 23:00:00",4.86,22.78,12.37
"2024-10-19 00:00:00",3.86,25.55,13
"2024-10-19 01:00:00",3.79,27.17,12.81
"2024-10-19 02:00:00",4.35,26.29,11.85
"2024-10-19 03:00:00",3.33,22.16,10.19
"2024-10-19 04:00:00",4.97,19.69,9.24
"2024-10-19 05:00:00",5.14,25.39,12.24
"2024-10-19 06:00:00",13.78,29.59,13.42
"2024-10-19 07:00:00",9.76,17.22,7.97
"2024-10-19 08:00:00",17.23,22.2,10.29
"2024-10-19 09:00:00",45.93,19.04,9.46
"2024-10-19 10:00:00",32.43,23.01,10.87
"2024-10-19 11:00:00",24.61,19.48,10.1
"2024-10-19 12:00:00",28.41,15.64,8.29
"2024-10-19 13:00:00",28.83,18.76,9.32
"2024-10-19 14:00:00",22.57,18.5,9.14
"2024-10-19 15:00:00",27.26,18.05,7.96
"2024-10-19 16:00:00",29.43,15.73,7.28
"2024-10-19 17:00:00",42.45,17.71,11.51
"2024-10-19 18:00:00",38.97,15.48,9.05
"2024-10-19 19:00:00",31.7,12.87,8.45
"2024-10-19 20:00:00",21.33,10.74,6.47
"2024-10-19 21:00:00",11.59,14.26,8.54
"2024-10-19 22:00:00",5.77,11.98,7.32
"2024-10-19 23:00:00",4.76,11.27,6.79
"2024-10-20 00:00:00",2.01,10.83,6.22
"2024-10-20 01:00:00",1.71,8.23,4.53
"2024-10-20 02:00:00",1.35,4.26,2.37
"2024-10-20 03:00:00",1.47,2.04,1.17
"2024-10-20 04:00:00",1.79,3.07,1.5
"2024-10-20 05:00:00",1.54,17.93,9.64
"2024-10-20 06:00:00",2.05,21.58,12.09
"2024-10-20 07:00:00",3.08,19.25,10.66
"2024-10-20 08:00:00",2.72,15.24,8.74
"2024-10-20 09:00:00",4.9,17.51,9.97
"2024-10-20 10:00:00",3.99,21.08,10.94
"2024-10-20 11:00:00",5.14,25,14.11
"2024-10-20 12:00:00",6.04,32.64,17.95
"2024-10-20 13:00:00",3.73,37.18,20.25
"2024-10-20 14:00:00",2.99,33.99,20.7
"2024-10-20 15:00:00",3.03,31.09,19.06
"2024-10-20 16:00:00",3.31,30.02,18.63
"2024-10-20 17:00:00",4.35,39.08,23.58
"2024-10-20 18:00:00",5.26,33.74,21.54
"2024-10-20 19:00:00",5.38,34.06,21.62
"2024-10-20 20:00:00",5.97,29.08,18.86
"2024-10-20 21:00:00",6.12,27.72,17
"2024-10-20 22:00:00",5.62,30.26,17.83
"2024-10-20 23:00:00",2.77,18.18,11.42
"2024-10-21 00:00:00",2.63,21.1,11.52
"2024-10-21 01:00:00",2.05,21.13,11.28
"2024-10-21 02:00:00",2.21,15.05,8
"2024-10-21 03:00:00",1.91,15.12,7.68
"2024-10-21 04:00:00",2.82,14.47,5.85
"2024-10-21 05:00:00",7.75,23.06,10.19
"2024-10-21 06:00:00",20.14,25.47,11.97
"2024-10-21 07:00:00",32.09,23.37,10.43
"2024-10-21 08:00:00",40.72,18.89,8.75
"2024-10-21 09:00:00",29.12,16.02,7.68
"2024-10-21 10:00:00",13.76,17.34,8.07
"2024-10-21 11:00:00",12.44,19.27,8.47
"2024-10-21 12:00:00",11.18,19.38,8.74
"2024-10-21 13:00:00",15.25,23.3,9.65
"2024-10-21 14:00:00",15.88,17.92,8.61
"2024-10-21 15:00:00",15.53,21.03,10.73
"2024-10-21 16:00:00",17.73,23.82,12.51
"2024-10-21 17:00:00",20.87,20.75,11.38
"2024-10-21 18:00:00",20.62,16.9,9.86
"2024-10-21 19:00:00",14.11,18.03,10.64
"2024-10-21 20:00:00",16.9,19.98,11.73
"2024-10-21 21:00:00",13.81,11.79,8.12
"2024-10-21 22:00:00",19.84,11.27,7.75
"2024-10-21 23:00:00",14.41,15.5,8.63
"2024-10-22 00:00:00",7.17,16.68,7.94
"2024-10-22 01:00:00",12.03,18.24,7.64
"2024-10-22 02:00:00",7.8,17.19,7.68
"2024-10-22 03:00:00",8.98,14.91,6.21
"2024-10-22 04:00:00",11.41,13.63,5.49
"2024-10-22 05:00:00",24.48,9.67,4.51
"2024-10-22 06:00:00",63.25,11.46,5.22
"2024-10-22 07:00:00",56.55,10.98,5.4
"2024-10-22 08:00:00",71.28,10.7,5.74
"2024-10-22 09:00:00",48.63,11.23,5.86
"2024-10-22 10:00:00",42.24,10.5,5.06
"2024-10-22 11:00:00",27.59,8.41,4.24
"2024-10-22 12:00:00",37.78,10.78,5.03
"2024-10-22 13:00:00",29.61,17.63,5.93
"2024-10-22 14:00:00",28.5,16.72,6.41
"2024-10-22 15:00:00",34.72,20.59,8.25
"2024-10-22 16:00:00",34.98,23.03,8.87
"2024-10-22 17:00:00",43.06,20.95,9.09
"2024-10-22 18:00:00",44.33,25.46,13.29
"2024-10-22 19:00:00",34.59,25.59,15.83
"2024-10-22 20:00:00",28.34,15.76,7.4
"2024-10-22 21:00:00",15.35,15.98,6.98
"2024-10-22 22:00:00",14.06,17.71,7.86
"2024-10-22 23:00:00",9.66,18.58,8.24
"2024-10-23 00:00:00",5.81,13.24,6.97
"2024-10-23 01:00:00",3.25,10.12,5.21
"2024-10-23 02:00:00",2.98,8.96,4.74
"2024-10-23 03:00:00",3.49,9.04,4.68
"2024-10-23 04:00:00",3.42,7.67,4.14
"2024-10-23 05:00:00",8.66,7.55,3.78
"2024-10-23 06:00:00",21.8,8.77,4.11
"2024-10-23 07:00:00",30.69,10.35,4.4
"2024-10-23 08:00:00",23.16,9.43,4.42
"2024-10-23 09:00:00",23.52,9,4.36
"2024-10-23 10:00:00",14.05,9.4,4.45
"2024-10-23 11:00:00",23.94,13.23,5.13
"2024-10-23 12:00:00",23.59,11.02,4.7
"2024-10-23 13:00:00",16.86,9.79,4.75
"2024-10-23 14:00:00",17.37,8.96,4.38
"2024-10-23 15:00:00",24.47,8.76,4.21
"2024-10-23 16:00:00",22.12,9.3,4.75
"2024-10-23 17:00:00",24.38,10,5.61
"2024-10-23 18:00:00",26.04,9.87,5.88
"2024-10-23 19:00:00",22.44,10.91,7.05
"2024-10-23 20:00:00",15.94,9.62,6.22
"2024-10-23 21:00:00",8.38,9.16,5.57
"2024-10-23 22:00:00",5.13,7.64,4.42
"2024-10-23 23:00:00",6.03,7.79,4.27
"2024-10-24 00:00:00",2.14,7.86,4.42
"2024-10-24 01:00:00",1.66,7.61,4.29
"2024-10-24 02:00:00",1.61,7.58,4.25
"2024-10-24 03:00:00",1.73,7.3,4.64
"2024-10-24 04:00:00",2.24,7.97,4.88
"2024-10-24 05:00:00",4.53,7.11,4.32
"2024-10-24 06:00:00",13.68,7.56,4.56
"2024-10-24 07:00:00",34.07,7.62,4.42
"2024-10-24 08:00:00",28.21,9.41,5.07
"2024-10-24 09:00:00",25.87,10.94,5.68
"2024-10-24 10:00:00",27.51,12.58,6.53
"2024-10-24 11:00:00",26.38,12.13,6.96
"2024-10-24 12:00:00",33.89,15.8,8.44
"2024-10-24 13:00:00",37.41,14.77,8.76
"2024-10-24 14:00:00",31.46,15.39,9.02
"2024-10-24 15:00:00",50.31,17.77,9.06
"2024-10-24 16:00:00",64.35,15.83,8.2
"2024-10-24 17:00:00",54.65,14.45,7.27
"2024-10-24 18:00:00",54.66,14.95,8.76
"2024-10-24 19:00:00",55.31,16.71,11.21
"2024-10-24 20:00:00",10.2,11.8,7.98
"2024-10-24 21:00:00",6.08,11.88,6.69
"2024-10-24 22:00:00",3.23,14.41,7.33
"2024-10-24 23:00:00",2.51,5.26,3.78
"2024-10-25 00:00:00",1.21,1.22,0.65
"2024-10-25 01:00:00",1.19,1.08,0.61
"2024-10-25 02:00:00",1.18,1.83,0.66
"2024-10-25 03:00:00",2.53,4.09,2.25
"2024-10-25 04:00:00",9.37,5.56,2.32
"2024-10-25 05:00:00",4,7.15,2.2
"2024-10-25 06:00:00",5.05,7.29,2.74
"2024-10-25 07:00:00",6.96,7.59,3.98
"2024-10-25 08:00:00",13.91,8.17,4.61
"2024-10-25 09:00:00",9.2,7.92,4.68
"2024-10-25 10:00:00",6.39,7.54,3.45
"2024-10-25 11:00:00",6.22,7.28,3.49
"2024-10-25 12:00:00",11.17,6.85,3.54
"2024-10-25 13:00:00",8.66,5.8,3.22
"2024-10-25 14:00:00",8.39,5.38,2.39
"2024-10-25 15:00:00",9.18,5.98,2.42
"2024-10-25 16:00:00",11.19,6.64,2.7
"2024-10-25 17:00:00",8.25,8.5,3.05
"2024-10-25 18:00:00",10.45,8.45,4.01
"2024-10-25 19:00:00",14.84,9.76,5.56
"2024-10-25 20:00:00",30.84,14.71,8.15
"2024-10-25 21:00:00",26.11,14.92,8.47
"2024-10-25 22:00:00",15.61,12.66,7.23
"2024-10-25 23:00:00",12.81,12.41,6.89
"2024-10-26 00:00:00",8.03,12.08,6.75
"2024-10-26 01:00:00",7.4,12.53,6.52
"2024-10-26 02:00:00",5.01,12.46,6.81
"2024-10-26 03:00:00",4.02,11.58,6.87
"2024-10-26 04:00:00",7.08,12.84,7.07
"2024-10-26 05:00:00",7.54,10.89,6.34
"2024-10-26 06:00:00",31.7,14.72,7.15
"2024-10-26 07:00:00",35.51,16.74,8.15
"2024-10-26 08:00:00",27.65,13.98,7.28
"2024-10-26 09:00:00",32.71,12.24,7.1
"2024-10-26 10:00:00",32.85,11.63,6.16
"2024-10-26 11:00:00",29.28,8.53,5.12
"2024-10-26 12:00:00",23.07,9.12,5.33
"2024-10-26 13:00:00",22.18,12.2,6.96
"2024-10-26 14:00:00",23.7,13.25,7.77
"2024-10-26 15:00:00",18.08,10.26,6.32
"2024-10-26 16:00:00",2.33,5.02,3.16
"2024-10-26 17:00:00",2.38,11.77,6.47
"2024-10-26 18:00:00",27.41,13.93,8.25
"2024-10-26 19:00:00",6.84,14.95,7.35
"2024-10-26 20:00:00",17.61,15.34,8.45
"2024-10-26 21:00:00",13.88,14.29,7.76
"2024-10-26 22:00:00",39.51,16.53,9.09
"2024-10-26 23:00:00",38.77,21.43,12.46
"2024-10-27 00:00:00",32.35,22.38,14.31
"2024-10-27 00:01:00",,,
"2024-10-27 01:01:00",,,
"2024-10-27 02:00:00",19.39,18.52,9.99
"2024-10-27 03:00:00",12.41,13.82,6.7
"2024-10-27 04:00:00",5.75,11.34,5.15
"2024-10-27 05:00:00",4.24,11.92,5.32
"2024-10-27 06:00:00",5.63,10.76,5.33
"2024-10-27 07:00:00",4.58,13.84,6.19
"2024-10-27 08:00:00",5.4,10.47,5.34
"2024-10-27 09:00:00",6.17,9.49,4.99
"2024-10-27 10:00:00",7.63,8.09,4.7
"2024-10-27 11:00:00",14.24,6.82,3.93
"2024-10-27 12:00:00",20.04,4.25,2.95
"2024-10-27 13:00:00",16.2,3.58,1.89
"2024-10-27 14:00:00",16.54,9.09,4.58
"2024-10-27 15:00:00",9.82,11.64,7.65
"2024-10-27 16:00:00",16.28,11.15,8.36
"2024-10-27 17:00:00",12.97,11.42,9.59
"2024-10-27 18:00:00",16.42,17.03,13.14
"2024-10-27 19:00:00",13.91,25.08,18.04
"2024-10-27 20:00:00",12.75,20.95,16.26
"2024-10-27 21:00:00",11.12,9.65,8.05
"2024-10-27 22:00:00",7.94,5.21,4.57
"2024-10-27 23:00:00",5.16,2.62,1.98
"2024-10-28 00:00:00",2.54,2.28,1.38
"2024-10-28 01:00:00",2.43,1.75,1.2
"2024-10-28 02:00:00",2.21,1.21,0.79
"2024-10-28 03:00:00",3.05,1.67,1.06
"2024-10-28 04:00:00",3.68,1.65,1.12
"2024-10-28 05:00:00",3.12,3.25,2.04
"2024-10-28 06:00:00",3.92,2.92,1.64
"2024-10-28 07:00:00",8.25,5.8,3.21
"2024-10-28 08:00:00",13.6,10.65,5.56
"2024-10-28 09:00:00",14.15,8.13,4.08
"2024-10-28 10:00:00",18.78,7.77,4.11
"2024-10-28 11:00:00",19.6,7.23,3.78
"2024-10-28 12:00:00",21.16,4.89,2.71
"2024-10-28 13:00:00",20.67,4.38,2.23
"2024-10-28 14:00:00",18.67,3.26,1.72
"2024-10-28 15:00:00",13.33,2.2,1.23
"2024-10-28 16:00:00",23.21,5.14,2.36
"2024-10-28 17:00:00",18.6,6.34,3.33
"2024-10-28 18:00:00",29.99,8.08,4.55
"2024-10-28 19:00:00",42.91,15.56,11.39
"2024-10-28 20:00:00",41.55,23.41,19.01
"2024-10-28 21:00:00",24.03,12.07,8.64
"2024-10-28 22:00:00",11.22,7.29,4.37
"2024-10-28 23:00:00",20.35,9.47,5.66
"2024-10-29 00:00:00",25.43,11.37,8.9
"2024-10-29 01:00:00",23.94,7.64,4.9
"2024-10-29 02:00:00",18.71,6.61,5.04
"2024-10-29 03:00:00",13.26,2.72,1.33
"2024-10-29 04:00:00",10.19,1.9,1.37
"2024-10-29 05:00:00",14.03,3.24,2.33
"2024-10-29 06:00:00",26.47,2.02,1.06
"2024-10-29 07:00:00",40.85,2.08,1.32
"2024-10-29 08:00:00",54.71,4.93,2.95
"2024-10-29 09:00:00",67.26,8.74,6.6
"2024-10-29 10:00:00",53.17,6.71,4.11
"2024-10-29 11:00:00",41.14,10.12,4.08
"2024-10-29 12:00:00",34.8,11.5,2.97
"2024-10-29 13:00:00",32.36,6.74,1.98
"2024-10-29 14:00:00",32.31,8.76,2.59
"2024-10-29 15:00:00",32.45,5.09,1.78
"2024-10-29 15:01:00",
"2024-10-29 16:00:00",,10.63,4.53
"2024-10-29 16:01:00",
"2024-10-29 17:00:00",,7.78,2.77
"2024-10-29 18:00:00",,17.02,10.78
"2024-10-29 19:00:00",,25.17,18.99
"2024-10-29 20:00:00",,15.69,12.48
"2024-10-29 21:00:00",,11.85,10.07
"2024-10-29 22:00:00",,5.25,3.4
"2024-10-29 23:00:00",,9.38,6.82
"2024-10-30 00:00:00",,9.28,6.02
"2024-10-30 01:00:00",,6.74,4.3
"2024-10-30 02:00:00",,7.95,4.97
"2024-10-30 03:00:00",,11.22,8.09
"2024-10-30 04:00:00",,12.27,9.84
"2024-10-30 05:00:00",,13.68,11.31
"2024-10-30 06:00:00",,13.26,9.97
"2024-10-30 07:00:00",,11.93,8.58
"2024-10-30 08:00:00",,13,8.21
"2024-10-30 09:00:00",42.11,14.65,7.83
"2024-10-30 10:00:00",29.98,15.26,7.12
"2024-10-30 11:00:00",28.74,14.31,8.25
"2024-10-30 12:00:00",34.98,13.72,8.27
"2024-10-30 13:00:00",34.15,14.02,9.05
"2024-10-30 14:00:00",33.14,15.98,9.21
"2024-10-30 15:00:00",31.2,13.73,8.62
"2024-10-30 16:00:00",39.48,12.28,8.97
"2024-10-30 17:00:00",39.39,11.87,9.33
"2024-10-30 18:00:00",41.91,11.17,9.17
"2024-10-30 19:00:00",36.44,11.74,8.78
"2024-10-30 20:00:00",26.18,10.15,8.27
"2024-10-30 21:00:00",23.87,7.39,6.18
"2024-10-30 22:00:00",15.63,10.01,7.69
"2024-10-30 23:00:00",13.45,8.68,6.41
"2024-10-31 00:00:00",7.33,5.34,4.07
"2024-10-31 01:00:00",4.59,4.25,2.55
"2024-10-31 02:00:00",3,3.66,1.99
"2024-10-31 03:00:00",1.71,3.09,1.84
"2024-10-31 04:00:00",2.38,4,2.5
"2024-10-31 05:00:00",3.05,4.51,2.69
"2024-10-31 06:00:00",7.85,3.66,2.2
"2024-10-31 07:00:00",23.3,4.54,2.08
"2024-10-31 08:00:00",28.88,3.38,1.79
"2024-10-31 09:00:00",33.89,3.2,1.7
"2024-10-31 10:00:00",34.88,3.14,1.54
"2024-10-31 11:00:00",30.24,3.81,2.04
"2024-10-31 12:00:00",27.65,3.91,2.2
"2024-10-31 13:00:00",24.78,3.04,1.48
"2024-10-31 14:00:00",28.15,2.71,1.72
"2024-10-31 15:00:00",25.6,4.25,2.64
"2024-10-31 16:00:00",35.3,6.87,2.44
"2024-10-31 17:00:00",41.59,6.93,2.71
"2024-10-31 18:00:00",42.47,10.33,4.38
"2024-10-31 19:00:00",33.67,10.8,4.41
"2024-10-31 20:00:00",28.38,10.27,5.19
"2024-10-31 21:00:00",22.54,8.5,4.45
"2024-10-31 22:00:00",15.75,8.4,5
"2024-10-31 23:00:00",9.89,6.79,4.05
"2024-11-01 00:00:00",8.29,7.07,3.87
"2024-11-01 01:00:00",4.89,7.55,4.68
"2024-11-01 02:00:00",5.12,5.64,3.35
"2024-11-01 03:00:00",7.02,6.83,4.11
"2024-11-01 04:00:00",8.02,5.68,3.4
"2024-11-01 05:00:00",13.15,5.18,3.19
"2024-11-01 06:00:00",17.51,7.34,3.88
"2024-11-01 07:00:00",40.35,17.05,5.77
"2024-11-01 08:00:00",60.3,31.22,8.04
"2024-11-01 09:00:00",61.54,23.26,7.49
"2024-11-01 10:00:00",43.45,23.05,6.85
"2024-11-01 11:00:00",41.72,25.28,7.67
"2024-11-01 12:00:00",38.58,18.69,6.17
"2024-11-01 13:00:00",41.43,21.25,6.59
"2024-11-01 14:00:00",44.19,14.78,5.47
"2024-11-01 15:00:00",46.38,15.96,6.32
"2024-11-01 16:00:00",50.63,18.6,6.71
"2024-11-01 17:00:00",65.93,17.23,6.86
"2024-11-01 18:00:00",70.67,14.8,6.38
"2024-11-01 19:00:00",60.01,14.73,6.99
"2024-11-01 20:00:00",44.77,14.69,8.44
"2024-11-01 21:00:00",50.58,14.87,8.09
"2024-11-01 22:00:00",31.92,15.84,10.6
"2024-11-01 23:00:00",23.41,15.14,9.77
"2024-11-02 00:00:00",12.79,11.1,7.91
"2024-11-02 01:00:00",8.04,15.22,11.48
"2024-11-02 02:00:00",5.28,13.2,10.73
"2024-11-02 03:00:00",6.05,10.95,8.44
"2024-11-02 04:00:00",4.94,10.98,7.71
"2024-11-02 05:00:00",5.14,7.97,4.93
"2024-11-02 06:00:00",14.19,9.47,5.08
"2024-11-02 07:00:00",24.25,16.21,7.89
"2024-11-02 08:00:00",16.82,13.78,8.09
"2024-11-02 09:00:00",14.2,12.54,7.25
"2024-11-02 10:00:00",32.79,19.45,9.02
"2024-11-02 11:00:00",49.95,23.54,10.44
"2024-11-02 12:00:00",38.72,15.13,8.64
"2024-11-02 13:00:00",42.15,12.31,7.82
"2024-11-02 14:00:00",39.78,11.71,6.75
"2024-11-02 15:00:00",39.97,11.2,7.4
"2024-11-02 16:00:00",49.16,10.94,7.29
"2024-11-02 17:00:00",50.3,10.94,7.82
"2024-11-02 18:00:00",40.85,12.4,9.6
"2024-11-02 19:00:00",43.03,15.08,12.48
"2024-11-02 20:00:00",35.31,8.35,5.9
"2024-11-02 21:00:00",17.31,10.44,8.08
"2024-11-02 22:00:00",24.4,11.78,8.45
"2024-11-02 23:00:00",14.89,10.81,8.1
"2024-11-03 00:00:00",8.49,11.94,9.65
"2024-11-03 01:00:00",5.83,12.22,10.14
"2024-11-03 02:00:00",8.55,6.26,4.46
"2024-11-03 03:00:00",7.31,5.08,3.01
"2024-11-03 04:00:00",7.67,5.51,2.83
"2024-11-03 05:00:00",5.16,6.19,2.93
"2024-11-03 06:00:00",5.77,7.71,3.89
"2024-11-03 07:00:00",6.16,8.78,4.73
"2024-11-03 08:00:00",12.12,10.28,6.22
"2024-11-03 09:00:00",16.98,11.68,7.77
"2024-11-03 10:00:00",17.49,12.01,8.69
"2024-11-03 11:00:00",15.77,11.68,8.52
"2024-11-03 12:00:00",23.02,14.5,11.17
"2024-11-03 13:00:00",21.57,17.59,13.06
"2024-11-03 14:00:00",23.78,14.76,11.5
"2024-11-03 15:00:00",22.73,12.05,9.02
"2024-11-03 16:00:00",25.53,8.47,6.37
"2024-11-03 17:00:00",15.71,5.48,3.42
"2024-11-03 18:00:00",27.9,8.89,5.66
"2024-11-03 19:00:00",36.47,13.54,8.87
"2024-11-03 20:00:00",26.39,17.12,12.81
"2024-11-03 21:00:00",30.12,16.61,11.81
"2024-11-03 22:00:00",27.3,16.24,12.41
"2024-11-03 23:00:00",12.68,16.14,12.86
"2024-11-04 00:00:00",10,17.26,12.6
"2024-11-04 01:00:00",9.38,16.96,11.98
"2024-11-04 02:00:00",3.87,15.48,10.96
"2024-11-04 03:00:00",5.19,15.3,11
"2024-11-04 04:00:00",6.65,16.93,11.32
"2024-11-04 05:00:00",12.36,18.02,12.03
"2024-11-04 06:00:00",16.3,15.98,11.36
"2024-11-04 07:00:00",34.47,18.56,12.71
"2024-11-04 08:00:00",30.65,12.63,8.89
"2024-11-04 09:00:00",31.18,13.33,8.8
"2024-11-04 10:00:00",20.97,12.66,8.64
"2024-11-04 11:00:00",34.29,19.83,11.07
"2024-11-04 12:00:00",28.2,17.3,9.54
"2024-11-04 13:00:00",21.02,18.25,9.29
"2024-11-04 14:00:00",27.95,16.25,8.2
"2024-11-04 15:00:00",31.84,19.42,10.15
"2024-11-04 16:00:00",30.15,17.93,9.36
"2024-11-04 17:00:00",47.89,27.36,11.8
"2024-11-04 18:00:00",41.3,24.82,12.39
"2024-11-04 19:00:00",28.52,24.42,13.6
"2024-11-04 20:00:00",30.01,22.51,13.72
"2024-11-04 21:00:00",28.12,21.3,13.43
"2024-11-04 22:00:00",25.66,18.03,11.97
"2024-11-04 23:00:00",13.91,18.63,11.68
"2024-11-05 00:00:00",19.29,18.28,11.37
"2024-11-05 01:00:00",11.04,19.12,11.78
"2024-11-05 02:00:00",6.39,17.39,11.96
"2024-11-05 03:00:00",5.01,16.97,11.77
"2024-11-05 04:00:00",3.94,15.53,11.34
"2024-11-05 05:00:00",4.43,14.32,10.74
"2024-11-05 06:00:00",6.97,15.57,10.66
"2024-11-05 07:00:00",10.2,14.6,10.14
"2024-11-05 08:00:00",17.45,15.79,10.64
"2024-11-05 09:00:00",30.58,20.61,12.46
"2024-11-05 10:00:00",22.97,21.09,13.01
"2024-11-05 11:00:00",25.4,21.97,13.58
"2024-11-05 12:00:00",35.32,22.53,12.33
"2024-11-05 13:00:00",34.24,18.49,10.06
"2024-11-05 14:00:00",26.83,12.88,5.8
"2024-11-05 15:00:00",31.38,14.06,6.67
"2024-11-05 16:00:00",25.86,16.5,8
"2024-11-05 17:00:00",39.06,20.43,9.97
"2024-11-05 18:00:00",62,27.12,12.76
"2024-11-05 19:00:00",44.48,22.8,11.61
"2024-11-05 20:00:00",23.5,20.56,12.37
"2024-11-05 21:00:00",17.87,16.83,10.48
"2024-11-05 22:00:00",13.55,14.92,9.58
"2024-11-05 23:00:00",10.79,13.16,8.62
"2024-11-06 00:00:00",8.2,10.44,7.08
"2024-11-06 01:00:00",4.22,7.37,5.42
"2024-11-06 02:00:00",3.62,6.3,4.77
"2024-11-06 03:00:00",4.32,4.39,3.2
"2024-11-06 04:00:00",3.68,3.63,2.2
"2024-11-06 05:00:00",4.62,3.13,2.06
"2024-11-06 06:00:00",8.6,3.11,1.57
"2024-11-06 07:00:00",19.31,3.25,1.42
"2024-11-06 08:00:00",34.36,4.86,1.79
"2024-11-06 09:00:00",53.8,7.11,2.53
"2024-11-06 10:00:00",29.95,6.69,2.74
"2024-11-06 11:00:00",25.68,8.29,3.24
"2024-11-06 12:00:00",18.48,7.16,3.37
"2024-11-06 13:00:00",24.39,8.53,4
"2024-11-06 14:00:00",27.3,8.15,4.35
"2024-11-06 15:00:00",31.37,7.59,4.02
"2024-11-06 16:00:00",23.47,6.37,3.68
"2024-11-06 17:00:00",32.5,7.89,4.57
"2024-11-06 18:00:00",43.8,11.23,6.87
"2024-11-06 19:00:00",42.92,8.16,4.58
"2024-11-06 20:00:00",27.81,7.13,4.76
"2024-11-06 21:00:00",20.76,9.06,6.66
"2024-11-06 22:00:00",16.59,9.07,5.89
"2024-11-06 23:00:00",11.64,8.7,5.79
"2024-11-07 00:00:00",11.69,9.71,6.78
"2024-11-07 01:00:00",3.26,12.82,8.37
"2024-11-07 02:00:00",3.17,12.16,7.97
"2024-11-07 03:00:00",2.35,9.93,6.33
"2024-11-07 04:00:00",3.24,9.56,5.85
"2024-11-07 05:00:00",2.1,8.26,5.28
"2024-11-07 06:00:00",8.49,7.74,4.97
"2024-11-07 07:00:00",21.94,8.52,5.19
"2024-11-07 08:00:00",26.47,11.19,6.75
"2024-11-07 09:00:00",32.66,12.66,6.73
"2024-11-07 10:00:00",28.99,12.03,7.14
"2024-11-07 11:00:00",25.7,8.88,4.48
"2024-11-07 12:00:00",24.31,7.21,3.35
"2024-11-07 13:00:00",20.38,7.83,4.04
"2024-11-07 14:00:00",23.99,6.92,3.88
"2024-11-07 15:00:00",33.36,7.43,4.01
"2024-11-07 16:00:00",39.64,10.73,4.9
"2024-11-07 17:00:00",45.23,11.18,4.02
"2024-11-07 18:00:00",53.77,10.55,4.73
"2024-11-07 19:00:00",30.36,8.48,5.7
"2024-11-07 20:00:00",28.59,5.72,3.01
"2024-11-07 21:00:00",33.42,5.18,3.02
"2024-11-07 22:00:00",15.59,5.06,3.31
"2024-11-07 23:00:00",7.74,4.32,2.97
"2024-11-08 00:00:00",11.16,2.49,1.47
"2024-11-08 01:00:00",5.73,2.65,1.43
"2024-11-08 02:00:00",7.17,2.68,1.46
"2024-11-08 03:00:00",3.99,2.45,1.38
"2024-11-08 04:00:00",3.63,2.2,1.18
"2024-11-08 05:00:00",5.42,2.15,1.16
"2024-11-08 06:00:00",13.9,3.85,1.57
"2024-11-08 07:00:00",29.66,5.69,2.35
"2024-11-08 08:00:00",34.78,9.32,3.83
"2024-11-08 09:00:00",47.78,12.99,5.81
"2024-11-08 10:00:00",49.52,15.91,6.38
"2024-11-08 11:00:00",54.71,17.94,7.23
"2024-11-08 12:00:00",51.38,17.65,7.18
"2024-11-08 13:00:00",46.34,16.78,7.96
"2024-11-08 14:00:00",55.92,21.89,9.7
"2024-11-08 15:00:00",46.37,19.8,9.48
"2024-11-08 16:00:00",38.82,20.36,9.81
"2024-11-08 17:00:00",55.39,21.89,10.23
"2024-11-08 18:00:00",51.83,22.32,9.24
"2024-11-08 19:00:00",48.62,24.01,10.93
"2024-11-08 20:00:00",41.45,17.52,9.32
"2024-11-08 21:00:00",26.4,17.05,9.35
"2024-11-08 22:00:00",15.88,15.34,8.38
"2024-11-08 23:00:00",15.16,15.64,9.23
"2024-11-09 00:00:00",15.39,18.08,10.27
"2024-11-09 01:00:00",13.67,18.73,10.84
"2024-11-09 02:00:00",11.3,19.11,10.98
"2024-11-09 03:00:00",6.39,15.85,9.47
"2024-11-09 04:00:00",4.2,15.28,10.44
"2024-11-09 05:00:00",5.17,19.9,13.89
"2024-11-09 06:00:00",8.13,19.54,13.33
"2024-11-09 07:00:00",13.11,19.42,12.14
"2024-11-09 08:00:00",19.71,15.49,9.41
"2024-11-09 09:00:00",28.6,13.99,8.05
"2024-11-09 10:00:00",42.15,12.41,6.41
"2024-11-09 11:00:00",44.51,16.29,5.66
"2024-11-09 12:00:00",35.76,15.61,6.59
"2024-11-09 13:00:00",42.81,17.23,6.96
"2024-11-09 14:00:00",48.89,14.46,6.45
"2024-11-09 15:00:00",38.62,14.48,7.44
"2024-11-09 16:00:00",37.09,10.54,6.53
"2024-11-09 17:00:00",35.15,15.58,10.61
"2024-11-09 18:00:00",28.8,15.01,11.24
"2024-11-09 19:00:00",37.14,14.01,10.12
"2024-11-09 20:00:00",24.28,13.6,11.33
"2024-11-09 21:00:00",14.39,7.06,5.64
"2024-11-09 22:00:00",11.98,6.3,4.71
"2024-11-09 23:00:00",9.21,4.16,2.58
"2024-11-10 00:00:00",4.59,5.12,3.5
"2024-11-10 01:00:00",4.45,6.56,4.56
"2024-11-10 02:00:00",5.14,7.56,5.31
"2024-11-10 03:00:00",4.12,6.72,4.97
"2024-11-10 04:00:00",3.17,5.61,3.53
"2024-11-10 05:00:00",3.44,3.56,1.95
"2024-11-10 06:00:00",4.43,3.54,2.16
"2024-11-10 07:00:00",13.04,3.23,1.68
"2024-11-10 08:00:00",19.9,3.9,2.5
"2024-11-10 09:00:00",13.93,3.66,2.34
"2024-11-10 10:00:00",1.48,6.93,3.9
"2024-11-10 11:00:00",2.65,11.9,5.53
"2024-11-10 12:00:00",5.09,18.99,8.19
"2024-11-10 13:00:00",1.99,17.18,8.29
"2024-11-10 14:00:00",1.7,16.62,7.96
"2024-11-10 15:00:00",1.62,16.94,8.1
"2024-11-10 16:00:00",3.41,19.84,9.6
"2024-11-10 17:00:00",5.93,19.09,9.11
"2024-11-10 18:00:00",5.69,20.88,10.05
"2024-11-10 19:00:00",3.77,19.67,9.49
"2024-11-10 20:00:00",22.85,19.88,9.88
"2024-11-10 21:00:00",17.57,18.77,9.77
"2024-11-10 22:00:00",42.44,19.55,11.39
"2024-11-10 23:00:00",47.75,20.56,12.44
"2024-11-11 00:00:00",43.39,33.2,27
"2024-11-11 01:00:00",26.84,35.86,30.51
"2024-11-11 02:00:00",24.48,31.56,26.8
"2024-11-11 03:00:00",15.84,21.13,17.21
"2024-11-11 04:00:00",10.47,11.93,10.37
"2024-11-11 05:00:00",17.45,13.09,8.26
"2024-11-11 06:00:00",16.57,11.88,6.99
"2024-11-11 07:00:00",25.7,12.78,7.51
"2024-11-11 08:00:00",56.05,10.14,6.4
"2024-11-11 09:00:00",43.77,11.02,6.35
"2024-11-11 10:00:00",61.37,24.45,10.36
"2024-11-11 11:00:00",47.46,22.21,10.32
"2024-11-11 12:00:00",24.11,18.54,9.04
"2024-11-11 13:00:00",17.91,16.87,8.73
"2024-11-11 14:00:00",21.14,18.04,8.43
"2024-11-11 15:00:00",51.02,23.9,9.99
"2024-11-11 16:00:00",28.07,18.74,9.59
"2024-11-11 17:00:00",21.76,29.21,11.76
"2024-11-11 18:00:00",19.4,10.33,8.38
"2024-11-11 19:00:00",17.69,14.48,11.59
"2024-11-11 20:00:00",14.87,15.49,13.54
"2024-11-11 21:00:00",13.27,20.24,18.78
"2024-11-11 22:00:00",12.81,13.13,12.25
"2024-11-11 23:00:00",10.71,11.87,10.88
"2024-11-12 00:00:00",9.05,10.97,10.1
"2024-11-12 01:00:00",9.98,14.84,13.93
"2024-11-12 02:00:00",12.42,12.12,11.57
"2024-11-12 03:00:00",6.74,12.91,12.42
"2024-11-12 04:00:00",9.94,9.52,9.23
"2024-11-12 05:00:00",5.92,9.25,8.84
"2024-11-12 06:00:00",7.3,7.22,6.91
"2024-11-12 07:00:00",13.36,5.14,4.57
"2024-11-12 08:00:00",13.75,7.13,6.38
"2024-11-12 09:00:00",13.94,5.19,4.52
"2024-11-12 10:00:00",14.97,4.06,3.44
"2024-11-12 11:00:00",21.78,4.88,3.3
"2024-11-12 12:00:00",23.79,350.58,108.18
"2024-11-12 13:00:00",15.22,7.08,3.79
"2024-11-12 14:00:00",18.74,9.29,4.48
"2024-11-12 15:00:00",24.83,10.09,5.36
"2024-11-12 16:00:00",23.73,9.19,5.68
"2024-11-12 17:00:00",17.93,7.22,5.81
"2024-11-12 18:00:00",22.7,9.56,6.98
"2024-11-12 19:00:00",12.03,8.48,8.17
"2024-11-12 20:00:00",21.2,13.16,10.13
"2024-11-12 21:00:00",29.6,14.57,12.06
"2024-11-12 22:00:00",19.85,16.94,15.93
"2024-11-12 23:00:00",12.42,12.54,11.43
"2024-11-13 00:00:00",4.91,7.55,6.94
"2024-11-13 01:00:00",4.51,5.44,5.03
"2024-11-13 02:00:00",6.47,6.43,5.51
"2024-11-13 03:00:00",7.3,5.75,5.2
"2024-11-13 04:00:00",8.14,5.18,4.61
"2024-11-13 05:00:00",12.77,5.34,4.53
"2024-11-13 06:00:00",15.72,4.77,4.12
"2024-11-13 07:00:00",25.06,5.19,4.33
"2024-11-13 08:00:00",39.76,5.8,4.5
"2024-11-13 09:00:00",47.91,8.91,6.19
"2024-11-13 10:00:00",28.68,6.67,4.91
"2024-11-13 11:00:00",12.81,6.22,4.96
"2024-11-13 12:00:00",11.5,9.18,5.14
"2024-11-13 13:00:00",17.75,15.76,7.85
"2024-11-13 14:00:00",15.87,11.3,6.28
"2024-11-13 15:00:00",38.04,22.54,14.91
"2024-11-13 16:00:00",50.43,22.5,18.85
"2024-11-13 17:00:00",63.81,23.76,21.45
"2024-11-13 18:00:00",60.08,28.87,27.65
"2024-11-13 19:00:00",59.35,56.01,54
"2024-11-13 20:00:00",55.64,57.5,55.39
"2024-11-13 21:00:00",44.65,29.47,27.92
"2024-11-13 22:00:00",43.11,38.11,36.63
"2024-11-13 23:00:00",42.57,47.57,45.45
"2024-11-14 00:00:00",35.49,41,37.84
"2024-11-14 01:00:00",20.17,14.05,11.41
"2024-11-14 02:00:00",12.63,10.21,9.24
"2024-11-14 03:00:00",6.84,7.45,6.74
"2024-11-14 04:00:00",5.2,8.44,6.87
"2024-11-14 05:00:00",4.85,9.2,6.82
"2024-11-14 06:00:00",3.98,9.07,6.21
"2024-11-14 07:00:00",3.59,10.54,5.17
"2024-11-14 08:00:00",12.55,20.26,7.26
"2024-11-14 09:00:00",13.21,7.95,4.32
"2024-11-14 10:00:00",13.72,7.53,4.04
"2024-11-14 11:00:00",7.49,6.32,2.83
"2024-11-14 12:00:00",7.36,4.39,2.18
"2024-11-14 13:00:00",7.14,5.15,2.29
"2024-11-14 14:00:00",8.36,10.14,3.37
"2024-11-14 15:00:00",7.17,13.85,3.85
"2024-11-14 16:00:00",8.54,14.29,3.99
"2024-11-14 17:00:00",11.86,13.12,4.14
"2024-11-14 18:00:00",14.97,13.5,5.14
"2024-11-14 19:00:00",11.22,10.36,4.43
"2024-11-14 20:00:00",9.64,10.41,4.88
"2024-11-14 21:00:00",6.14,11.15,4.67
"2024-11-14 22:00:00",7.98,11.78,5.54
"2024-11-14 23:00:00",24.31,13.55,8.02
"2024-11-15 00:00:00",24.61,13.29,8.54
"2024-11-15 01:00:00",18.38,9.68,5.23
"2024-11-15 02:00:00",23.67,10.2,7.46
"2024-11-15 03:00:00",27.89,12.79,10.35
"2024-11-15 04:00:00",20.32,16.98,16.25
"2024-11-15 05:00:00",18.11,15.28,14.23
"2024-11-15 06:00:00",20.22,11.15,9.07
"2024-11-15 07:00:00",30.41,7.54,3.98
"2024-11-15 08:00:00",48.77,6.61,3.08
"2024-11-15 09:00:00",51.2,7.75,4.6
"2024-11-15 10:00:00",43.6,11.01,6.31
"2024-11-15 11:00:00",26.12,9.29,5.82
"2024-11-15 12:00:00",29.21,6.89,3.46
"2024-11-15 13:00:00",33.72,5.63,2.67
"2024-11-15 14:00:00",40.4,6.55,3.22
"2024-11-15 15:00:00",36.63,6.12,3.83
"2024-11-15 16:00:00",47.9,8.62,4.79
"2024-11-15 17:00:00",41.5,10.48,7.31
"2024-11-15 18:00:00",48.76,13.13,9.71
"2024-11-15 19:00:00",31.12,11.33,8.06
"2024-11-15 20:00:00",28.27,10.2,6.78
"2024-11-15 21:00:00",32.65,15.55,11.32
"2024-11-15 22:00:00",25.29,10.97,7.37
"2024-11-15 23:00:00",23.4,12.06,8.14
"2024-11-16 00:00:00",12.75,5.89,3.65
"2024-11-16 01:00:00",7.94,3.27,1.81
"2024-11-16 02:00:00",9.57,3.02,1.52
"2024-11-16 03:00:00",7.6,3.74,1.74
"2024-11-16 04:00:00",4.01,2.6,1.4
"2024-11-16 05:00:00",4.74,1.78,1.12
"2024-11-16 06:00:00",2.15,1.51,0.49
"2024-11-16 07:00:00",4,2.16,1.05
"2024-11-16 08:00:00",1.56,7.3,3.8
"2024-11-16 09:00:00",4.89,10.14,4.7
"2024-11-16 10:00:00",3.61,15.14,6.4
"2024-11-16 11:00:00",6.56,19.99,8.4
"2024-11-16 12:00:00",40.33,18.13,9.02
"2024-11-16 13:00:00",40.98,18.5,8.45
"2024-11-16 14:00:00",21.03,17.56,7.88
"2024-11-16 15:00:00",23.68,12.86,6.2
"2024-11-16 16:00:00",42.29,11.23,6.23
"2024-11-16 17:00:00",27.34,13.48,6.82
"2024-11-16 18:00:00",16.72,13.36,7.14
"2024-11-16 19:00:00",23.11,15.97,8.34
"2024-11-16 20:00:00",10.42,14.78,8.88
"2024-11-16 21:00:00",14.76,13.46,7.75
"2024-11-16 22:00:00",34.28,16.05,11.03
"2024-11-16 23:00:00",28.91,14.11,8.95
"2024-11-17 00:00:00",7.98,9.96,5.47
"2024-11-17 01:00:00",20.28,13.42,6.25
"2024-11-17 02:00:00",17.27,10.83,4.87
"2024-11-17 03:00:00",4.39,7.08,3.1
"2024-11-17 04:00:00",5.05,7.16,3.14
"2024-11-17 05:00:00",14.27,6.35,2.93
"2024-11-17 06:00:00",10.43,4.65,2.41
"2024-11-17 07:00:00",13.32,4.14,2.09
"2024-11-17 08:00:00",16.61,4.58,2.43
"2024-11-17 09:00:00",20.62,6.52,3.43
"2024-11-17 10:00:00",23.11,4.81,2.64
"2024-11-17 11:00:00",22.27,4.58,2.28
"2024-11-17 12:00:00",27.11,4.66,2.37
"2024-11-17 13:00:00",23.08,3.78,1.84
"2024-11-17 14:00:00",19.57,3.39,1.73
"2024-11-17 15:00:00",19.74,3.46,1.75
"2024-11-17 16:00:00",26.83,5.71,2.84
"2024-11-17 17:00:00",40.33,7.44,4.37
"2024-11-17 18:00:00",40.01,9.35,7.01
"2024-11-17 19:00:00",21.39,6.4,4.29
"2024-11-17 20:00:00",20.57,4.92,3.23
"2024-11-17 21:00:00",3.11,1.99,1.4
"2024-11-17 22:00:00",2.7,2.49,1.5
"2024-11-17 23:00:00",1.4,1.47,1.02
"2024-11-18 00:00:00",1.4,1.48,0.87
"2024-11-18 01:00:00",1.03,1.64,0.92
"2024-11-18 02:00:00",0.96,1.81,1.07
"2024-11-18 03:00:00",1.44,2.47,1.47
"2024-11-18 04:00:00",1.29,3.59,1.88
"2024-11-18 05:00:00",3.9,4.38,2.37
"2024-11-18 06:00:00",7.06,5.59,3.86
"2024-11-18 07:00:00",12.11,6.34,4.19
"2024-11-18 08:00:00",39.89,4.96,2.82
"2024-11-18 09:00:00",43.48,7.13,3.58
"2024-11-18 10:00:00",34.4,4.62,3.03
"2024-11-18 11:00:00",30.93,4.04,2.58
"2024-11-18 12:00:00",32.68,3.78,2.39
"2024-11-18 13:00:00",26.82,3.67,2.28
"2024-11-18 14:00:00",26.39,3.67,2.52
"2024-11-18 15:00:00",21.24,2.91,2.05
"2024-11-18 16:00:00",18.35,2.35,1.63
"2024-11-18 17:00:00",14.77,4.31,2.31
"2024-11-18 18:00:00",13.01,4.05,2.8
"2024-11-18 19:00:00",7.8,3.15,1.97
"2024-11-18 20:00:00",5.93,2.75,1.79
"2024-11-18 21:00:00",5.61,1.71,1.12
"2024-11-18 22:00:00",4.25,1.63,1.05
"2024-11-18 23:00:00",4.48,1.76,1.18
"2024-11-19 00:00:00",4.69,2.03,1.3
"2024-11-19 01:00:00",1.86,2.77,1.55
"2024-11-19 02:00:00",3.33,2.32,1.51
"2024-11-19 03:00:00",2.5,1.73,1.17
"2024-11-19 04:00:00",1.14,1.35,0.89
"2024-11-19 05:00:00",1.26,1.4,1.07
"2024-11-19 06:00:00",3.11,1.24,1.03
"2024-11-19 07:00:00",5.56,2.21,1.66
"2024-11-19 08:00:00",7.14,2.42,1.89
"2024-11-19 09:00:00",11.87,2.98,2.42
"2024-11-19 10:00:00",9.75,2.92,2.3
"2024-11-19 11:00:00",7.88,4.7,3.37
"2024-11-19 12:00:00",7.28,4.52,3.44
"2024-11-19 13:00:00",9.25,5.36,3.88
"2024-11-19 14:00:00",7.03,5.22,3.72
"2024-11-19 15:00:00",8.23,5.74,4.39
"2024-11-19 16:00:00",12.17,6.57,4.71
"2024-11-19 17:00:00",12.47,8.37,6.03
"2024-11-19 18:00:00",13.97,9.58,7.81
"2024-11-19 19:00:00",10.92,13.87,11.54
"2024-11-19 20:00:00",15.8,15.06,12.72
"2024-11-19 21:00:00",25.61,17.3,15.22
"2024-11-19 22:00:00",30.46,27.63,25.86
"2024-11-19 23:00:00",47.02,20.56,18.7
"2024-11-20 00:00:00",52.51,14.69,12.33
"2024-11-20 01:00:00",30.03,13.83,11.06
"2024-11-20 02:00:00",20.4,9.04,5.52
"2024-11-20 03:00:00",27.64,8.97,5.53
"2024-11-20 04:00:00",1.11,6.41,2.66
"2024-11-20 05:00:00",1.96,5.43,2.3
"2024-11-20 06:00:00",3.17,3.44,1.61
"2024-11-20 07:00:00",8.55,2.79,1.29
"2024-11-20 08:00:00",13.99,3.19,1.18
"2024-11-20 09:00:00",55.54,6.99,2.59
"2024-11-20 10:00:00",43.21,6.36,3.7
"2024-11-20 11:00:00",31.06,5.58,2.77
"2024-11-20 12:00:00",31.64,12.07,4.68
"2024-11-20 13:00:00",60.6,28.58,8.47
"2024-11-20 14:00:00",68.33,22.72,7.96
"2024-11-20 15:00:00",53.39,15.85,7.8
"2024-11-20 16:00:00",39.58,15.04,7.59
"2024-11-20 17:00:00",58.46,20.15,13.55
"2024-11-20 18:00:00",27.32,9.7,6.53
"2024-11-20 19:00:00",48.52,7.8,4.51
"2024-11-20 20:00:00",21.42,4.21,3.09
"2024-11-20 21:00:00",12.03,4.92,3.84
"2024-11-20 22:00:00",6.11,3.86,2.74
"2024-11-20 23:00:00",5.32,4.25,2.92
"2024-11-21 00:00:00",3.93,3.65,2.74
"2024-11-21 01:00:00",2.59,4.37,3.52
"2024-11-21 02:00:00",2.42,3.91,3.31
"2024-11-21 03:00:00",0.96,1.66,1.24
"2024-11-21 04:00:00",0.7,1.05,0.9
"2024-11-21 05:00:00",0.73,0.76,0.54
"2024-11-21 06:00:00",2.15,0.71,0.4
"2024-11-21 07:00:00",3.91,1.58,1.13
"2024-11-21 08:00:00",9.88,2.64,2.01
"2024-11-21 09:00:00",10.69,2.62,2
"2024-11-21 10:00:00",20.42,2.57,1.97
"2024-11-21 11:00:00",21.36,4.17,2.34
"2024-11-21 12:00:00",19.24,3.27,2.23
"2024-11-21 13:00:00",20.92,12.23,4.07
"2024-11-21 14:00:00",39.37,17.45,8.75
"2024-11-21 15:00:00",8.31,11.43,3.21
"2024-11-21 16:00:00",10,10.57,3.77
"2024-11-21 17:00:00",6.06,3.94,2.26
"2024-11-21 18:00:00",39.15,6.64,4.43
"2024-11-21 19:00:00",11.18,5.14,3.8
"2024-11-21 20:00:00",21.6,4.7,3.01
"2024-11-21 21:00:00",20.6,11.62,4.7
"2024-11-21 22:00:00",8.97,5.66,3.23
"2024-11-21 23:00:00",16.56,6.35,3
"2024-11-22 00:00:00",17.29,7.01,3.62
"2024-11-22 01:00:00",8.62,4.57,2.4
"2024-11-22 02:00:00",0.79,1.73,0.86
"2024-11-22 03:00:00",12.34,4.49,1.48
"2024-11-22 04:00:00",26.58,4.65,1.83
"2024-11-22 05:00:00",24.86,4.75,2.23
"2024-11-22 06:00:00",34.77,12.6,3.63
"2024-11-22 07:00:00",24.99,6.24,2.01
"2024-11-22 08:00:00",59.56,11.92,3.43
"2024-11-22 09:00:00",80.35,21.23,8.35
"2024-11-22 10:00:00",83.37,24.59,11.49
"2024-11-22 11:00:00",68.8,31.88,15.22
"2024-11-22 12:00:00",55.62,32.23,9.7
"2024-11-22 13:00:00",82.95,34.38,15.72
"2024-11-22 14:00:00",74.21,24.98,14.01
"2024-11-22 15:00:00",96.84,32.02,21.57
"2024-11-22 16:00:00",90.75,26.56,20.82
"2024-11-22 17:00:00",67.7,26.4,22.1
"2024-11-22 18:00:00",47.49,24.04,20.93
"2024-11-22 19:00:00",40.62,24.52,21.58
"2024-11-22 20:00:00",40.28,23.2,20.48
"2024-11-22 21:00:00",41.87,23.89,21.31
"2024-11-22 22:00:00",22.3,21.47,18.61
"2024-11-22 23:00:00",9.92,12.3,11.1
"2024-11-23 00:00:00",6.6,6.48,6.03
"2024-11-23 01:00:00",2.23,3.76,3.39
"2024-11-23 02:00:00",1.48,1,0.68
"2024-11-23 03:00:00",0.8,1.06,0.56
"2024-11-23 04:00:00",0.68,1.6,0.71
"2024-11-23 05:00:00",1.47,1.71,0.86
"2024-11-23 06:00:00",0.63,9.21,4.63
"2024-11-23 07:00:00",1.63,7.3,3.83
"2024-11-23 08:00:00",4.75,5.12,2.48
"2024-11-23 09:00:00",5.07,8.46,5.11
"2024-11-23 10:00:00",6.56,15.4,9.41
"2024-11-23 11:00:00",15.71,21.21,13.15
"2024-11-23 12:00:00",18.38,21.22,12.53
"2024-11-23 13:00:00",21.9,15.74,9.33
"2024-11-23 14:00:00",30.96,16.12,9.44
"2024-11-23 15:00:00",25.33,13.31,8.16
"2024-11-23 16:00:00",20.79,12.47,7.67
"2024-11-23 17:00:00",27.9,12.3,8.76
"2024-11-23 18:00:00",18.3,7.43,5.82
"2024-11-23 19:00:00",17.16,11.74,7.63
"2024-11-23 20:00:00",13.04,17.7,12.32
"2024-11-23 21:00:00",13.22,8.32,5.78
"2024-11-23 22:00:00",17.46,7.21,5.13
"2024-11-23 23:00:00",11.46,3.47,1.95
"2024-11-24 00:00:00",2.21,7.03,3.44
"2024-11-24 01:00:00",1.89,14.03,6.64
"2024-11-24 02:00:00",1.8,18.48,9.1
"2024-11-24 03:00:00",1.17,14.62,7.41
"2024-11-24 04:00:00",0.68,17.33,8.51
"2024-11-24 05:00:00",0.71,14.17,7.75
"2024-11-24 06:00:00",1.41,15.73,7.96
"2024-11-24 07:00:00",2.27,11.26,6.1
"2024-11-24 08:00:00",1.97,10.86,5.95
"2024-11-24 09:00:00",2.85,11.58,6.06
"2024-11-24 10:00:00",5.28,10.37,5.8
"2024-11-24 11:00:00",9.95,13.28,7.21
"2024-11-24 12:00:00",12.09,12.67,6.67
"2024-11-24 13:00:00",12.37,14.55,7.58
"2024-11-24 14:00:00",11.06,18.63,9.87
"2024-11-24 15:00:00",11.37,24.03,12.72
"2024-11-24 16:00:00",13.24,24.92,13.43
"2024-11-24 17:00:00",9.41,20.28,11.83
"2024-11-24 18:00:00",9.87,20.63,12.23
"2024-11-24 19:00:00",15.09,21.38,12.59
"2024-11-24 20:00:00",19.73,22.85,13.31
"2024-11-24 21:00:00",18.31,17.91,9.34
"2024-11-24 22:00:00",20.18,16.28,9.15
"2024-11-24 23:00:00",14.78,17.37,8.96
"2024-11-25 00:00:00",6.36,14.21,7.68
"2024-11-25 01:00:00",3.32,13.29,7.27
"2024-11-25 02:00:00",2.24,13.65,7.4
"2024-11-25 03:00:00",6.42,14.85,7.61
"2024-11-25 04:00:00",11.21,15.88,8.07
"2024-11-25 05:00:00",6.52,10.97,5.82
"2024-11-25 06:00:00",18.18,10.44,5.35
"2024-11-25 07:00:00",34.26,9.61,5.28
"2024-11-25 08:00:00",66.12,13.65,6.59
"2024-11-25 09:00:00",52.83,16.62,7.32
"2024-11-25 10:00:00",54.72,16.18,7.56
"2024-11-25 11:00:00",56.46,19.56,8.41
"2024-11-25 12:00:00",61.32,21.47,9.5
"2024-11-25 13:00:00",55.72,25.84,8.69
"2024-11-25 14:00:00",62.48,29.99,12.01
"2024-11-25 15:00:00",67.92,33.89,13.99
"2024-11-25 16:00:00",56.13,25.97,12.18
"2024-11-25 17:00:00",90.1,35.24,18.36
"2024-11-25 18:00:00",89.18,51.67,33.96
"2024-11-25 19:00:00",81.13,31.49,20.87
"2024-11-25 20:00:00",51.63,22.04,14.62
"2024-11-25 21:00:00",13.38,9.13,5.31
"2024-11-25 22:00:00",14.94,6.51,3.93
"2024-11-25 23:00:00",31.52,12.81,10.48
"2024-11-26 00:00:00",33.47,19.5,15.38
"2024-11-26 01:00:00",23.45,14.84,10.73
"2024-11-26 02:00:00",19.92,8.84,4.54
"2024-11-26 03:00:00",15.34,7.89,4.9
"2024-11-26 04:00:00",15.53,6.58,3.34
"2024-11-26 05:00:00",14.16,5.48,2.71
"2024-11-26 06:00:00",29.53,5.03,2.44
"2024-11-26 07:00:00",61.23,5.72,3.3
"2024-11-26 08:00:00",77.07,6.08,3.91
"2024-11-26 09:00:00",58.76,6.41,3.91
"2024-11-26 10:00:00",60.95,7.95,5.47
"2024-11-26 11:00:00",51.85,5.79,3.78
"2024-11-26 12:00:00",44.76,5.62,3.39
"2024-11-26 13:00:00",47.78,6.74,4.29
"2024-11-26 14:00:00",53.3,8.32,5.23
"2024-11-26 15:00:00",67.52,7.4,4.34
"2024-11-26 16:00:00",88.24,9.56,5.56
"2024-11-26 17:00:00",82.21,12.2,7.96
"2024-11-26 18:00:00",66.3,16.39,12.83
"2024-11-26 19:00:00",58.18,16.06,12.19
"2024-11-26 20:00:00",44.57,13.49,11.31
"2024-11-26 21:00:00",48.16,16.85,14.62
"2024-11-26 22:00:00",23.85,14.76,13.04
"2024-11-26 23:00:00",12.38,15.39,12.85
"2024-11-27 00:00:00",20.41,22.45,21.08
"2024-11-27 01:00:00",15.28,20.66,19.43
"2024-11-27 02:00:00",12.03,16.15,16.01
"2024-11-27 03:00:00",8.8,13.91,13.83
"2024-11-27 04:00:00",7.52,11.49,11.4
"2024-11-27 05:00:00",7.55,10.36,10.3
"2024-11-27 06:00:00",10.4,9.67,9.49
"2024-11-27 07:00:00",12.22,8.97,8.87
"2024-11-27 08:00:00",19.47,7.99,7.79
"2024-11-27 09:00:00",22,8.19,7.9
"2024-11-27 10:00:00",15.2,8.21,8
"2024-11-27 11:00:00",17.75,7.69,7.2
"2024-11-27 12:00:00",12,7.9,7.54
"2024-11-27 13:00:00",11.68,8.34,7.89
"2024-11-27 14:00:00",24.75,9.71,8.9
"2024-11-27 15:00:00",33.47,8.87,8.11
"2024-11-27 16:00:00",24.96,11.75,10.55
"2024-11-27 17:00:00",31.86,12.46,11.89
"2024-11-27 18:00:00",22.55,12.81,12.36
"2024-11-27 19:00:00",18.55,14.11,13.65
"2024-11-27 20:00:00",21.02,19.71,19.17
"2024-11-27 21:00:00",17.68,23.31,22.57
"2024-11-27 22:00:00",15.78,20.3,19.44
"2024-11-27 23:00:00",16.5,15.13,14.4
"2024-11-28 00:00:00",12.52,11.25,10.28
"2024-11-28 01:00:00",7.24,11.24,10.36
"2024-11-28 02:00:00",6.54,10.86,10.16
"2024-11-28 03:00:00",6.57,10.53,9.78
"2024-11-28 04:00:00",5.84,11.08,10.33
"2024-11-28 05:00:00",8.28,11.81,10.83
"2024-11-28 06:00:00",7.77,12.15,10.83
"2024-11-28 07:00:00",9.74,9.5,8.64
"2024-11-28 08:00:00",18.59,7.78,6.51
"2024-11-28 09:00:00",31.83,10.49,6.03
"2024-11-28 10:00:00",49.5,19.06,6.83
"2024-11-28 11:00:00",35.61,9.13,4.39
"2024-11-28 12:00:00",38.49,9.55,4.77
"2024-11-28 13:00:00",38.62,7.4,4.22
"2024-11-28 14:00:00",29.97,7.07,4.56
"2024-11-28 15:00:00",34.37,4.3,2.13
"2024-11-28 16:00:00",35.91,2.88,1.62
"2024-11-28 17:00:00",43.12,3.37,2.24
"2024-11-28 18:00:00",32,4.8,3.68
"2024-11-28 19:00:00",28,6.45,5.25
"2024-11-28 20:00:00",22.62,11.98,9.91
"2024-11-28 21:00:00",13.77,11.86,9.47
"2024-11-28 22:00:00",7.08,9.22,7.41
"2024-11-28 23:00:00",12.07,10.52,8.43
"2024-11-29 00:00:00",8.09,14.42,11.42
"2024-11-29 01:00:00",6.68,14.59,11.19
"2024-11-29 02:00:00",6.39,13.58,9.99
"2024-11-29 03:00:00",3.08,12,9.04
"2024-11-29 04:00:00",2.37,11.6,8.85
"2024-11-29 05:00:00",3.46,12.48,8.87
"2024-11-29 06:00:00",5.47,12.7,8.75
"2024-11-29 07:00:00",12.88,12.38,8.35
"2024-11-29 08:00:00",23.21,10.28,7.14
"2024-11-29 09:00:00",36.72,10.88,7.11
"2024-11-29 10:00:00",32.67,11.32,6.95
"2024-11-29 11:00:00",32.42,10.48,6.37
"2024-11-29 12:00:00",31.56,6.51,4.82
"2024-11-29 13:00:00",37.56,4.55,2.99
"2024-11-29 14:00:00",30.57,5.3,3.92
"2024-11-29 15:00:00",28.24,5.46,3.98
"2024-11-29 16:00:00",33.57,7.12,5.61
"2024-11-29 17:00:00",38.28,9.48,6.94
"2024-11-29 18:00:00",55.03,19.16,15.77
"2024-11-29 19:00:00",39.09,21.81,17.11
"2024-11-29 20:00:00",31.43,16.55,12.02
"2024-11-29 21:00:00",15.66,9.24,6.66
"2024-11-29 22:00:00",9.26,18.7,11.87
"2024-11-29 23:00:00",11.52,14.88,8.88
"2024-11-30 00:00:00",10.84,15.3,8.6
"2024-11-30 01:00:00",4.03,11.06,6.73
"2024-11-30 02:00:00",4.4,11.1,6.74
"2024-11-30 03:00:00",3.95,11.48,6.54
"2024-11-30 04:00:00",3.39,9.74,6.02
"2024-11-30 05:00:00",3.43,9.46,5.8
"2024-11-30 06:00:00",4.4,8.46,5.15
"2024-11-30 07:00:00",17.94,10.06,5.37
"2024-11-30 08:00:00",14.32,8.35,4.79
"2024-11-30 09:00:00",21.95,8.35,4.97
"2024-11-30 10:00:00",43.34,11.14,6.37
"2024-11-30 11:00:00",21.41,7.46,5.15
"2024-11-30 12:00:00",20.93,6.71,4.95
"2024-11-30 13:00:00",18.22,5.18,3.57
"2024-11-30 14:00:00",19.78,5.49,3.9
"2024-11-30 15:00:00",21.55,7.75,5.54
"2024-11-30 16:00:00",17.38,7.21,5.49
"2024-11-30 17:00:00",14.75,8.07,5.74
"2024-11-30 18:00:00",19.31,6.26,4.59
"2024-11-30 19:00:00",15.04,8.35,4.98
"2024-11-30 20:00:00",17.62,13.5,8.25
"2024-11-30 21:00:00",12.45,17.37,10.06
"2024-11-30 22:00:00",12.11,15.04,8.44
"2024-11-30 23:00:00",5.82,11.75,7.46
"2024-12-01 00:00:00",6.28,10,6.2
"2024-12-01 01:00:00",3.97,9.91,6.31
"2024-12-01 02:00:00",3.65,10.31,6.47
"2024-12-01 03:00:00",3.3,10.51,6.2
"2024-12-01 04:00:00",2.95,10.05,6.24
"2024-12-01 05:00:00",2.42,8.65,5.22
"2024-12-01 06:00:00",2.31,8.36,5.04
"2024-12-01 07:00:00",3.41,8.07,4.73
"2024-12-01 08:00:00",5.35,8.22,4.4
"2024-12-01 09:00:00",8.96,7.07,3.8
"2024-12-01 10:00:00",11.32,6.49,3.7
"2024-12-01 11:00:00",14.42,7.34,4.37
"2024-12-01 12:00:00",23.22,5.52,2.99
"2024-12-01 13:00:00",16.49,7.61,3.58
"2024-12-01 14:00:00",36.57,9.89,4.4
"2024-12-01 15:00:00",31.28,8.47,4.67
"2024-12-01 16:00:00",34.92,11.54,6.71
"2024-12-01 17:00:00",38.78,12.07,7.49
"2024-12-01 18:00:00",35.1,10.29,7.3
"2024-12-01 19:00:00",30.68,6.58,4.62
"2024-12-01 20:00:00",16.26,5.74,3.78
"2024-12-01 21:00:00",0.96,5.1,2.92
"2024-12-01 22:00:00",0.76,4.11,2.46
"2024-12-01 23:00:00",0.65,5.44,2.72
"2024-12-02 00:00:00",0.65,5.16,2.74
"2024-12-02 01:00:00",6.75,6.46,3.24
"2024-12-02 02:00:00",0.51,6.68,3.26
"2024-12-02 03:00:00",0.24,8.04,4.12
"2024-12-02 04:00:00",-0.03,7.79,3.88
"2024-12-02 05:00:00",0.24,6.69,3.58
"2024-12-02 06:00:00",0.27,7.22,3.59
"2024-12-02 07:00:00",3.93,9.07,3.96
"2024-12-02 08:00:00",8.98,12.58,4.77
"2024-12-02 09:00:00",12.51,10.82,4.49
"2024-12-02 10:00:00",15.85,12.96,4.67
"2024-12-02 11:00:00",8.93,7.73,3.77
"2024-12-02 12:00:00",8.36,10.98,4.46
"2024-12-02 13:00:00",4.54,8.01,4.1
"2024-12-02 14:00:00",5.4,10.54,4.47
"2024-12-02 15:00:00",7.22,20.47,5.99
"2024-12-02 16:00:00",30.83,19,6.41
"2024-12-02 17:00:00",64.53,54.54,12.99
"2024-12-02 18:00:00",73.33,32.52,13.06
"2024-12-02 19:00:00",67.09,36.99,24.4
"2024-12-02 20:00:00",78.9,65.97,48.75
"2024-12-02 21:00:00",63.71,54.82,43.7
"2024-12-02 22:00:00",53.94,29.45,22.65
"2024-12-02 23:00:00",51.57,19.21,14.78
"2024-12-03 00:00:00",24.32,28.13,24.93
"2024-12-03 01:00:00",15.63,15.41,12.36
"2024-12-03 02:00:00",14.04,16.76,12.69
"2024-12-03 03:00:00",12.81,11.12,7.9
"2024-12-03 04:00:00",10.27,9.57,6.14
"2024-12-03 05:00:00",9.61,8.83,5.35
"2024-12-03 06:00:00",11.74,7.65,5.04
"2024-12-03 07:00:00",47.05,9.37,5.72
"2024-12-03 08:00:00",69.03,11.82,6.81
"2024-12-03 09:00:00",56.73,11.94,6.97
"2024-12-03 10:00:00",60.1,13.84,6.88
"2024-12-03 11:00:00",48.24,12.41,6.13
"2024-12-03 12:00:00",47.11,14.27,6.18
"2024-12-03 13:00:00",38.14,9.7,5.27
"2024-12-03 14:00:00",37.04,6.24,4.17
"2024-12-03 15:00:00",33.33,6.62,4.14
"2024-12-03 16:00:00",37.14,4.98,3.18
"2024-12-03 17:00:00",39.71,7.16,5.43
"2024-12-03 18:00:00",35.98,6.16,4.74
"2024-12-03 19:00:00",69.65,20.57,15.5
"2024-12-03 20:00:00",76.18,65.04,56.2
"2024-12-03 21:00:00",70.16,58.45,49.12
"2024-12-03 22:00:00",74.16,44.87,35.96
"2024-12-03 23:00:00",68.98,50.27,40.58
"2024-12-04 00:00:00",61.2,39.11,30.87
"2024-12-04 01:00:00",49.66,30.1,26.22
"2024-12-04 02:00:00",33.96,13.56,12.64
"2024-12-04 03:00:00",8.18,5.45,4.82
"2024-12-04 04:00:00",7.98,7.12,4.43
"2024-12-04 05:00:00",6.65,4,2.79
"2024-12-04 06:00:00",16.1,4.63,3.52
"2024-12-04 07:00:00",28.85,7.45,5.08
"2024-12-04 08:00:00",59.05,8.3,5.58
"2024-12-04 09:00:00",56.88,9.56,5.68
"2024-12-04 10:00:00",26.49,7.34,4.09
"2024-12-04 11:00:00",23.16,4.73,3.22
"2024-12-04 12:00:00",25.61,5.24,3.11
"2024-12-04 13:00:00",21.6,4.4,2.83
"2024-12-04 14:00:00",17.42,3.43,1.93
"2024-12-04 15:00:00",20.97,3.31,1.83
"2024-12-04 16:00:00",30.04,3.46,2.22
"2024-12-04 17:00:00",23.58,4.33,2.48
"2024-12-04 18:00:00",19.96,4.93,3.01
"2024-12-04 19:00:00",19.82,7.9,4.87
"2024-12-04 20:00:00",12.6,16.09,10.34
"2024-12-04 21:00:00",23.35,29.03,16.09
"2024-12-04 22:00:00",15.91,35.81,19.34
"2024-12-04 23:00:00",16.85,39.49,20.08
"2024-12-05 00:00:00",9.05,31.44,16.2
"2024-12-05 01:00:00",6.12,25.48,13.35
"2024-12-05 02:00:00",5.53,14.81,8.67
"2024-12-05 03:00:00",3.57,15.28,8.38
"2024-12-05 04:00:00",4.96,22.6,11.48
"2024-12-05 05:00:00",4.33,20.3,9.73
"2024-12-05 06:00:00",10.62,18.66,8.83
"2024-12-05 07:00:00",21.5,17.97,8.23
"2024-12-05 08:00:00",35.93,14.91,8.07
"2024-12-05 09:00:00",27.02,13.75,8.22
"2024-12-05 10:00:00",24.49,4.06,2.56
"2024-12-05 11:00:00",11.49,14.24,8.67
"2024-12-05 12:00:00",19.81,19.75,12.48
"2024-12-05 13:00:00",38.33,15.1,7.92
"2024-12-05 14:00:00",26.04,16.83,8.81
"2024-12-05 15:00:00",21.05,12.74,6.88
"2024-12-05 16:00:00",26.36,21.75,11.61
"2024-12-05 17:00:00",20.2,14.49,8.92
"2024-12-05 18:00:00",11.48,6.73,4.12
"2024-12-05 19:00:00",1.73,4.58,2.86
"2024-12-05 20:00:00",1.3,7.29,3.53
"2024-12-05 21:00:00",1.26,9.01,4.5
"2024-12-05 22:00:00",21.86,14.29,8.26
"2024-12-05 23:00:00",31.56,16.73,8.94
"2024-12-06 00:00:00",28.6,17.65,11.17
"2024-12-06 01:00:00",26.83,16.65,9.09
"2024-12-06 02:00:00",21.35,13.66,5.86
"2024-12-06 03:00:00",18.53,14.24,6.19
"2024-12-06 04:00:00",9.86,16.1,6.88
"2024-12-06 05:00:00",23.12,14.96,6.77
"2024-12-06 06:00:00",26,14.91,5.96
"2024-12-06 07:00:00",43.99,16.81,7.09
"2024-12-06 08:00:00",50.7,14.35,6.63
"2024-12-06 09:00:00",26.92,12.49,6.21
"2024-12-06 10:00:00",35.96,10.99,6.54
"2024-12-06 11:00:00",54.68,8.45,5.12
"2024-12-06 12:00:00",37.44,6.31,4.25
"2024-12-06 13:00:00",18.87,5.94,4.49
"2024-12-06 14:00:00",22.16,5.14,3.8
"2024-12-06 15:00:00",28.11,3.65,2.71
"2024-12-06 16:00:00",31.57,3.14,2.46
"2024-12-06 17:00:00",25.34,4.55,3.41
"2024-12-06 18:00:00",16.93,11.54,7.65
"2024-12-06 19:00:00",14.54,17.57,11.87
"2024-12-06 20:00:00",13.51,13.9,9.2
"2024-12-06 21:00:00",8.81,17.23,11.61
"2024-12-06 22:00:00",9.53,8.21,6.44
"2024-12-06 23:00:00",0.83,5.67,2.17
"2024-12-07 00:00:00",0.26,5.59,2.88
"2024-12-07 01:00:00",0.01,4.84,2.51
"2024-12-07 02:00:00",-0.16,8.12,4.69
"2024-12-07 03:00:00",-0.13,14.03,7.73
"2024-12-07 04:00:00",-0.04,14.77,7.94
"2024-12-07 05:00:00",-0.01,14.14,7.95
"2024-12-07 06:00:00",-0.04,14.49,7.93
"2024-12-07 07:00:00",-0.08,14.86,8.5
"2024-12-07 08:00:00",-0.05,15.76,8.59
"2024-12-07 09:00:00",0.19,11,6.26
"2024-12-07 10:00:00",0.96,13.25,7.45
"2024-12-07 11:00:00",0.57,12.48,6.9
"2024-12-07 12:00:00",0.96,12.2,6.83
"2024-12-07 13:00:00",0.93,11.2,6.2
"2024-12-07 14:00:00",1.31,10.63,5.87
"2024-12-07 15:00:00",0.98,10.9,6.01
"2024-12-07 16:00:00",1.32,13.59,7.4
"2024-12-07 17:00:00",1.55,15.61,8.05
"2024-12-07 18:00:00",0.97,10.87,6.35
"2024-12-07 19:00:00",0.67,9.78,5.49
"2024-12-07 20:00:00",0.45,10.86,6.56
"2024-12-07 21:00:00",0.43,13.07,7.47
"2024-12-07 22:00:00",0.26,8.23,5.09
"2024-12-07 23:00:00",0.29,9.13,5.29
"2024-12-08 00:00:00",0.19,9.17,5.43
"2024-12-08 01:00:00",0.08,7.98,4.47
"2024-12-08 02:00:00",0.15,7.43,4
"2024-12-08 03:00:00",0.23,7.73,4.26
"2024-12-08 04:00:00",0.28,8.83,4.62
"2024-12-08 05:00:00",0.24,8.6,4.35
"2024-12-08 06:00:00",0.19,7.49,3.77
"2024-12-08 07:00:00",0.29,8.15,4.02
"2024-12-08 08:00:00",0.39,8.35,4.04
"2024-12-08 09:00:00",0.98,6.18,3.43
"2024-12-08 10:00:00",1.84,8.24,3.86
"2024-12-08 11:00:00",1.72,8.57,4.11
"2024-12-08 12:00:00",2.51,9.52,4.75
"2024-12-08 13:00:00",2.36,9.27,4.68
"2024-12-08 14:00:00",1.93,7.59,3.83
"2024-12-08 15:00:00",2.44,8.36,4.03
"2024-12-08 16:00:00",3.47,9.47,5.28
"2024-12-08 17:00:00",3.17,9.33,4.9
"2024-12-08 18:00:00",3.4,9.3,5.19
"2024-12-08 19:00:00",2.67,9.49,5.53
"2024-12-08 20:00:00",2.56,9.87,5.98
"2024-12-08 21:00:00",2.77,8.09,4.48
"2024-12-08 22:00:00",2.73,7.82,4.91
"2024-12-08 23:00:00",2.39,7.95,4.8
"2024-12-09 00:00:00",2.83,7.24,4.47
"2024-12-09 01:00:00",2.11,7.32,4.15
"2024-12-09 02:00:00",1.9,7.06,3.86
"2024-12-09 03:00:00",2.35,6.18,3.45
"2024-12-09 04:00:00",2.01,5.83,3.34
"2024-12-09 05:00:00",3.13,5.97,3.19
"2024-12-09 06:00:00",4.12,5.57,2.86
"2024-12-09 07:00:00",7.61,4.85,2.88
"2024-12-09 08:00:00",13.69,4.79,2.85
"2024-12-09 09:00:00",15,4.98,3.1
"2024-12-09 10:00:00",16.07,5.14,3.5
"2024-12-09 11:00:00",13.03,5.73,4.04
"2024-12-09 12:00:00",12.86,9.25,4.75
"2024-12-09 13:00:00",7.63,5.93,4.26
"2024-12-09 14:00:00",8.08,6.33,4.08
"2024-12-09 15:00:00",8.96,4.74,3.07
"2024-12-09 16:00:00",15.56,6.92,5.25
"2024-12-09 17:00:00",18.46,9.11,6.71
"2024-12-09 18:00:00",19.45,11.17,8.1
"2024-12-09 19:00:00",18.75,15.05,12.48
"2024-12-09 20:00:00",10.35,12.34,11.14
"2024-12-09 21:00:00",12.73,17.96,14.74
"2024-12-09 22:00:00",8.34,11.11,9.89
"2024-12-09 23:00:00",9.45,15.29,13.21
"2024-12-10 00:00:00",11.35,15.54,13.82
"2024-12-10 01:00:00",9.72,13.09,11.46
"2024-12-10 02:00:00",6.5,10.59,9.42
"2024-12-10 03:00:00",6.47,10.05,8.65
"2024-12-10 04:00:00",5.6,8.84,7.92
"2024-12-10 05:00:00",5.57,8.52,7.43
"2024-12-10 06:00:00",7.24,7.3,6.34
"2024-12-10 07:00:00",11.52,6.42,5.63
"2024-12-10 08:00:00",21.3,6.69,5.51
"2024-12-10 09:00:00",25.72,6.9,5.59
"2024-12-10 10:00:00",21.65,8.16,6.29
"2024-12-10 11:00:00",15.2,8.9,7.02
"2024-12-10 12:00:00",15.4,10.79,8.17
"2024-12-10 13:00:00",14.38,13.04,9.63
"2024-12-10 14:00:00",11.57,11.61,9.01
"2024-12-10 15:00:00",13.46,10.62,8.03
"2024-12-10 16:00:00",13.07,9.52,6.51
"2024-12-10 17:00:00",15.96,9.72,6.78
"2024-12-10 18:00:00",15.18,9.6,7.43
"2024-12-10 19:00:00",11.71,11.54,9.19
"2024-12-10 20:00:00",8.44,11.1,8.69
"2024-12-10 21:00:00",9.2,13.91,11.95
"2024-12-10 22:00:00",6.22,11.86,10.09
"2024-12-10 23:00:00",6.3,12.41,10.5
"2024-12-11 00:00:00",5.8,15.74,14
"2024-12-11 01:00:00",4.23,13.03,11.05
"2024-12-11 02:00:00",3.72,12.81,11.07
"2024-12-11 03:00:00",3.53,13.92,11.55
"2024-12-11 04:00:00",3.8,13.75,11.68
"2024-12-11 05:00:00",3.44,13.32,11.37
"2024-12-11 06:00:00",5.8,12.33,10.38
"2024-12-11 07:00:00",10.48,11.31,9.52
"2024-12-11 08:00:00",16.55,12.42,10.49
"2024-12-11 09:00:00",28.81,10.34,7.81
"2024-12-11 10:00:00",34.61,10.48,6.57
"2024-12-11 11:00:00",34.44,11.56,7.03
"2024-12-11 12:00:00",25.94,11.76,7.47
"2024-12-11 13:00:00",14.49,24.47,9.12
"2024-12-11 14:00:00",21.57,30.09,9.46
"2024-12-11 15:00:00",28.59,32.24,9.74
"2024-12-11 16:00:00",47.71,31.24,10.1
"2024-12-11 17:00:00",56.94,28.14,9.4
"2024-12-11 18:00:00",64.36,28.7,11.66
"2024-12-11 19:00:00",49.36,24.61,13.24
"2024-12-11 20:00:00",46.34,28.48,15.98
"2024-12-11 21:00:00",35.73,22.61,15.8
"2024-12-11 22:00:00",27.73,18.91,13.66
"2024-12-11 23:00:00",25.91,19.79,14.12
"2024-12-12 00:00:00",24.75,19.88,15.89
"2024-12-12 01:00:00",17.87,17.56,13.83
"2024-12-12 02:00:00",14.84,15.51,11.33
"2024-12-12 03:00:00",9.63,14.32,9.5
"2024-12-12 04:00:00",8.49,18.96,10.21
"2024-12-12 05:00:00",9.69,22.88,11
"2024-12-12 06:00:00",25.22,26.77,13.2
"2024-12-12 07:00:00",62.04,34.19,15.46
"2024-12-12 08:00:00",63.04,34.3,14.59
"2024-12-12 09:00:00",49.02,17.55,12.16
"2024-12-12 10:00:00",50.16,16.99,11.9
"2024-12-12 11:00:00",39.11,20.6,13.17
"2024-12-12 12:00:00",39.22,17.62,10.27
"2024-12-12 13:00:00",46.71,30.74,14.54
"2024-12-12 14:00:00",31.17,21.34,11.92
"2024-12-12 15:00:00",32.53,20.08,12.76
"2024-12-12 16:00:00",29.13,16.65,12.84
"2024-12-12 17:00:00",47.36,20.18,14.44
"2024-12-12 18:00:00",52.16,21.04,15.87
"2024-12-12 19:00:00",44.03,20.44,16.81
"2024-12-12 20:00:00",35.97,21.88,18.95
"2024-12-12 21:00:00",25.59,22.25,19.82
"2024-12-12 22:00:00",17.46,23.99,21.68
"2024-12-12 23:00:00",22.09,22.95,20.13
"2024-12-13 00:00:00",23.78,24.08,21.68
"2024-12-13 01:00:00",15.95,23.88,21.87
"2024-12-13 02:00:00",9.33,19.63,18.36
"2024-12-13 03:00:00",5.07,19.5,17.95
"2024-12-13 04:00:00",10.48,19.98,17.98
"2024-12-13 05:00:00",7.4,19.12,17.76
"2024-12-13 06:00:00",18.37,19.67,17.39
"2024-12-13 07:00:00",27.49,19.08,16.42
"2024-12-13 08:00:00",52.41,18.79,16.28
"2024-12-13 09:00:00",26.23,21.77,16.6
"2024-12-13 10:00:00",27.46,31.25,19.21
"2024-12-13 11:00:00",39.87,40.4,21.61
"2024-12-13 12:00:00",52.51,26.19,19.94
"2024-12-13 13:00:00",49.82,24.15,19.21
"2024-12-13 14:00:00",64.49,27.82,22.7
"2024-12-13 15:00:00",61.18,40.13,31.88
"2024-12-13 16:00:00",50.8,22.11,15.76
"2024-12-13 17:00:00",58.39,15.7,11.98
"2024-12-13 18:00:00",28.69,12,9.17
"2024-12-13 19:00:00",11.61,9.29,6.64
"2024-12-13 20:00:00",4.94,6.76,5.29
"2024-12-13 21:00:00",2.98,6.61,3.92
"2024-12-13 22:00:00",2.95,6.65,3.56
"2024-12-13 23:00:00",14.46,9.81,6.07
"2024-12-14 00:00:00",25.32,10.05,4.89
"2024-12-14 01:00:00",15.84,8.65,4.53
"2024-12-14 02:00:00",27.99,9.43,5.51
"2024-12-14 03:00:00",21.57,6.94,3.76
"2024-12-14 04:00:00",19.46,4.05,1.91
"2024-12-14 05:00:00",26.78,5.73,2.22
"2024-12-14 06:00:00",20.38,6.03,2.6
"2024-12-14 07:00:00",34.51,6.41,2.48
"2024-12-14 08:00:00",28.84,5.81,2.54
"2024-12-14 09:00:00",59.33,9.52,3.73
"2024-12-14 10:00:00",58.99,10.54,5.34
"2024-12-14 11:00:00",59.55,15.69,7.87
"2024-12-14 12:00:00",50.74,13.48,7.36
"2024-12-14 13:00:00",45.02,12.39,7.9
"2024-12-14 14:00:00",35.45,11.2,5.9
"2024-12-14 15:00:00",35.89,10.64,6.59
"2024-12-14 16:00:00",37.19,14.33,9.82
"2024-12-14 17:00:00",30.82,16.16,11.36
"2024-12-14 18:00:00",27.96,15.94,11.29
"2024-12-14 19:00:00",27.8,15.91,10.6
"2024-12-14 20:00:00",27.63,11.42,7.32
"2024-12-14 21:00:00",18.92,12.08,7.18
"2024-12-14 22:00:00",14.41,11.99,6.45
"2024-12-14 23:00:00",12.41,12.5,7.01
"2024-12-15 00:00:00",10.36,7.19,3.32
"2024-12-15 01:00:00",6.76,5.04,3
"2024-12-15 02:00:00",6.14,4.84,2.9
"2024-12-15 03:00:00",5.3,4.46,2.36
"2024-12-15 04:00:00",4.38,4.8,2.21
"2024-12-15 05:00:00",3.11,3.71,2.04
"2024-12-15 06:00:00",3.79,4.11,2.29
"2024-12-15 07:00:00",5.49,5.47,2.8
"2024-12-15 08:00:00",7.07,4.98,2.6
"2024-12-15 09:00:00",6.98,4.93,2.69
"2024-12-15 10:00:00",11.16,8.01,3.88
"2024-12-15 11:00:00",16.52,9.13,4.81
"2024-12-15 12:00:00",19.73,10.01,5.46
"2024-12-15 13:00:00",23.34,11.46,6.26
"2024-12-15 14:00:00",24.92,13.6,7.35
"2024-12-15 15:00:00",24.74,13.38,7.32
"2024-12-15 16:00:00",25.34,14.24,7.97
"2024-12-15 17:00:00",20.98,14.05,8.3
"2024-12-15 18:00:00",22.23,10.53,6.97
"2024-12-15 19:00:00",18.56,15.84,9.56
"2024-12-15 20:00:00",19.29,16.81,10.81
"2024-12-15 21:00:00",18,17.23,10.34
"2024-12-15 22:00:00",12.15,16.24,8.99
"2024-12-15 23:00:00",9.53,14.93,7.61
"2024-12-16 00:00:00",6.25,14.37,7.16
"2024-12-16 01:00:00",3.7,13.12,6.79
"2024-12-16 02:00:00",3.36,15.84,7.81
"2024-12-16 03:00:00",2.18,15.84,7.51
"2024-12-16 04:00:00",3.07,14.07,7.5
"2024-12-16 05:00:00",3.15,15.93,8.31
"2024-12-16 06:00:00",6.31,16.4,8.4
"2024-12-16 07:00:00",17.53,20.23,10.78
"2024-12-16 08:00:00",26.97,19.94,10.68
"2024-12-16 09:00:00",26.03,20.24,10.77
"2024-12-16 10:00:00",19.67,19.67,10.42
"2024-12-16 11:00:00",28.67,20.69,10.45
"2024-12-16 12:00:00",19.46,18.01,9.84
"2024-12-16 13:00:00",17.29,15.98,8.85
"2024-12-16 14:00:00",21.11,14.93,8.8
"2024-12-16 15:00:00",27.75,14.13,8.47
"2024-12-16 16:00:00",30.18,17.46,10.25
"2024-12-16 17:00:00",30.93,20.1,11.47
"2024-12-16 18:00:00",32.68,19.29,10
"2024-12-16 19:00:00",34.98,15.78,8.35
"2024-12-16 20:00:00",23.49,13.92,7.25
"2024-12-16 21:00:00",26.21,11.5,7.21
"2024-12-16 22:00:00",20.74,14.34,11.51
"2024-12-16 23:00:00",19.38,10.87,8.55
"2024-12-17 00:00:00",8.57,9.96,6.98
"2024-12-17 01:00:00",6.12,8.17,5.87
"2024-12-17 02:00:00",8.31,8.59,6.04
"2024-12-17 03:00:00",3.05,7.11,4.41
"2024-12-17 04:00:00",2.21,7.75,4.45
"2024-12-17 05:00:00",2.93,7.78,4.59
"2024-12-17 06:00:00",13.93,8.99,5.33
"2024-12-17 07:00:00",29.31,9.94,6.33
"2024-12-17 08:00:00",28.1,11.11,7.08
"2024-12-17 09:00:00",29.35,10.75,7.31
"2024-12-17 10:00:00",29.6,8.79,6.13
"2024-12-17 11:00:00",30.02,8.99,6.1
"2024-12-17 12:00:00",22.19,7.67,5.18
"2024-12-17 13:00:00",20.23,6.26,4.44
"2024-12-17 14:00:00",17.17,5,3.86
"2024-12-17 15:00:00",22.11,5.4,4.19
"2024-12-17 16:00:00",20.26,4.8,3.51
"2024-12-17 17:00:00",21.4,4.56,3.45
"2024-12-17 18:00:00",23.83,5.01,4.07
"2024-12-17 19:00:00",20.88,3.84,2.98
"2024-12-17 20:00:00",11.56,3.56,2.39
"2024-12-17 21:00:00",4.61,4.17,2.58
"2024-12-17 22:00:00",5.65,3.44,2.22
"2024-12-17 23:00:00",4.11,2.68,1.53
"2024-12-18 00:00:00",3.52,2.9,1.76
"2024-12-18 01:00:00",1.91,4.2,2.39
"2024-12-18 02:00:00",1.52,4.71,2.9
"2024-12-18 03:00:00",1.07,4.57,2.78
"2024-12-18 04:00:00",1.39,3.34,2.28
"2024-12-18 05:00:00",1.21,5.15,2.98
"2024-12-18 06:00:00",12.59,8.33,4.29
"2024-12-18 07:00:00",33.38,12.77,6.41
"2024-12-18 08:00:00",55.15,13.21,6.56
"2024-12-18 09:00:00",42.32,12.48,5.85
"2024-12-18 10:00:00",48.49,10.95,4.94
"2024-12-18 11:00:00",58.52,13.34,6.36
"2024-12-18 12:00:00",59.18,15.78,7.32
"2024-12-18 13:00:00",62.63,22.85,9.82
"2024-12-18 14:00:00",50.85,25.97,9.94
"2024-12-18 15:00:00",30.4,23.87,9.19
"2024-12-18 16:00:00",10.07,27.51,8.75
"2024-12-18 17:00:00",19.78,26.17,9.07
"2024-12-18 18:00:00",12.12,13.25,5.45
"2024-12-18 19:00:00",3.21,5.24,2.6
"2024-12-18 20:00:00",3.09,4.83,2.87
"2024-12-18 21:00:00",3.13,5.56,3.47
"2024-12-18 22:00:00",4.07,4.46,2.37
"2024-12-18 23:00:00",1.73,5.12,2.66
"2024-12-19 00:00:00",1.16,3.73,1.88
"2024-12-19 01:00:00",1.03,2.66,1.3
"2024-12-19 02:00:00",13.38,4.74,2.12
"2024-12-19 03:00:00",2.01,5.63,2.82
"2024-12-19 04:00:00",4.27,6.02,3.15
"2024-12-19 05:00:00",1.12,3.61,1.83
"2024-12-19 06:00:00",13.03,7.16,3.21
"2024-12-19 07:00:00",7.13,9,4.06
"2024-12-19 08:00:00",14.74,7.9,3.73
"2024-12-19 09:00:00",34.71,10.79,4.78
"2024-12-19 10:00:00",7.09,7.34,4.04
"2024-12-19 11:00:00",6.78,11.36,4.72
"2024-12-19 12:00:00",12.89,7,4
"2024-12-19 13:00:00",3.3,7.13,3.87
"2024-12-19 14:00:00",5.25,8.08,3.64
"2024-12-19 15:00:00",50.4,20.61,8.41
"2024-12-19 16:00:00",29.15,16.83,7.71
"2024-12-19 17:00:00",81.21,24.12,12.69
"2024-12-19 18:00:00",47.17,16.3,10.36
"2024-12-19 19:00:00",74.78,33.28,22.01
"2024-12-19 20:00:00",76.7,45.29,35.27
"2024-12-19 21:00:00",67.72,44.83,37.07
"2024-12-19 22:00:00",47.35,28.15,23.61
"2024-12-19 23:00:00",28.61,13.78,10.1
"2024-12-20 00:00:00",13.78,11.37,6.72
"2024-12-20 01:00:00",4.98,8.62,4.29
"2024-12-20 02:00:00",3.45,7.49,3.86
"2024-12-20 03:00:00",2.26,9.19,4.42
"2024-12-20 04:00:00",2.17,12.04,5.66
"2024-12-20 05:00:00",2.82,12.61,6.24
"2024-12-20 06:00:00",4.56,15.1,7.63
"2024-12-20 07:00:00",11.65,17.93,9.63
"2024-12-20 08:00:00",18.76,19,10.22
"2024-12-20 09:00:00",30.43,17.16,9.98
"2024-12-20 10:00:00",30.37,13.73,7.52
"2024-12-20 11:00:00",49.46,21.26,11.39
"2024-12-20 12:00:00",26.32,16.71,8.89
"2024-12-20 13:00:00",28.05,10.88,5.79
"2024-12-20 14:00:00",28.83,9.2,5.22
"2024-12-20 15:00:00",29.5,10.43,5.72
"2024-12-20 16:00:00",51.29,11.37,6.46
"2024-12-20 17:00:00",55.64,18.55,10.89
"2024-12-20 18:00:00",48.22,19.36,11.91
"2024-12-20 19:00:00",47.76,26.97,16.79
"2024-12-20 20:00:00",40.61,20.44,12
"2024-12-20 21:00:00",26.69,16.71,9.62
"2024-12-20 22:00:00",14.03,13.7,8.17
"2024-12-20 23:00:00",9.27,17.39,9.01
"2024-12-21 00:00:00",5.45,22.83,12.05
"2024-12-21 01:00:00",3.65,21.42,11.44
"2024-12-21 02:00:00",2.24,21.01,12.46
"2024-12-21 03:00:00",1.76,21.16,13.07
"2024-12-21 04:00:00",1.36,23.37,14.2
"2024-12-21 05:00:00",1.26,17.16,11.43
"2024-12-21 06:00:00",2.71,4.92,3.44
"2024-12-21 07:00:00",5.68,19.68,11.56
"2024-12-21 08:00:00",10.64,36.99,21.51
"2024-12-21 09:00:00",15.56,31.51,19.61
"2024-12-21 10:00:00",20.01,27.23,16.58
"2024-12-21 11:00:00",19.27,23.1,13.99
"2024-12-21 12:00:00",21.39,17.88,10.32
"2024-12-21 13:00:00",21.93,14.23,8.37
"2024-12-21 14:00:00",18.47,17.06,9.85
"2024-12-21 15:00:00",16.7,12.71,7.51
"2024-12-21 16:00:00",15.1,12.1,6.9
"2024-12-21 17:00:00",12.78,16.15,9.46
"2024-12-21 18:00:00",8.84,10.85,6.32
"2024-12-21 19:00:00",18.31,15.52,8.82
"2024-12-21 20:00:00",11.93,13.14,7.8
"2024-12-21 21:00:00",3.43,11.6,6.99
"2024-12-21 22:00:00",0.78,7.67,4.51
"2024-12-21 23:00:00",0.71,7.59,4.58
"2024-12-22 00:00:00",0.92,8.76,4.87
"2024-12-22 01:00:00",1.46,7.46,4.57
"2024-12-22 02:00:00",1.32,6.73,3.77
"2024-12-22 03:00:00",2.21,5.16,3.32
"2024-12-22 04:00:00",2.67,8.35,4.54
"2024-12-22 05:00:00",1.59,6.34,3.74
"2024-12-22 06:00:00",-0.07,9.38,5.26
"2024-12-22 07:00:00",-0.04,6.32,3.97
"2024-12-22 08:00:00",-0.06,6.88,4.2
"2024-12-22 09:00:00",1.08,10.93,6.18
"2024-12-22 10:00:00",0.67,11.82,6.79
"2024-12-22 11:00:00",0.77,14.21,7.89
"2024-12-22 12:00:00",0.73,14.66,8.32
"2024-12-22 13:00:00",0.64,12.5,7.27
"2024-12-22 14:00:00",0.76,14.31,8.53
"2024-12-22 15:00:00",1.08,14.17,8.28
"2024-12-22 16:00:00",1.88,13.17,7.88
"2024-12-22 17:00:00",1.29,10.82,6.72
"2024-12-22 18:00:00",2.18,5.86,4
"2024-12-22 19:00:00",6.35,7.04,4.79
"2024-12-22 20:00:00",1.59,7.75,4.45
"2024-12-22 21:00:00",1,8.76,4.68
"2024-12-22 22:00:00",0.52,8.21,4.95
"2024-12-22 23:00:00",19.11,15.6,9.42