"Date and Time","NO<sub>2</sub>","O<sub>3</sub>","SO<sub>2</sub>","PM<sub>10</sub>","PM<sub>2.5</sub>"
"2022-07-03 01:00:00",4.82,36.32,1.79,5,2.89
"2022-07-03 02:00:00",2.64,39.9,1.16,4.58,2.36
"2022-07-03 03:00:00",2.09,39.12,0.55,4.93,2.53
"2022-07-03 04:00:00",1.82,37.61,1.85,5.51,2.86
"2022-07-03 05:00:00",1.81,37.84,1.83,5.6,2.86
"2022-07-03 06:00:00",2.02,39.45,1.65,5.71,2.91
"2022-07-03 07:00:00",2.69,41.2,1.49,4.49,2.48
"2022-07-03 08:00:00",2.09,45.55,1.24,3.47,1.67
"2022-07-03 09:00:00",1.85,47.81,1.33,1.97,1.21
"2022-07-03 10:00:00",1.86,48.45,1.44,2.51,1.29
"2022-07-03 11:00:00",2.38,47.47,1.43,2.59,1.49
"2022-07-03 12:00:00",5.17,46.1,1.27,3.34,1.64
"2022-07-03 13:00:00",3.27,49.1,1.7,3.51,1.54
"2022-07-03 14:00:00",3.35,51.41,1.53,3.19,1.54
"2022-07-03 15:00:00",7.27,49.14,1.57,3.48,1.63
"2022-07-03 16:00:00",1.78,54.96,1.54,2.81,1.27
"2022-07-03 17:00:00",3.79,52.32,1.45,2.86,1.37
"2022-07-03 18:00:00",3.53,52.58,1.31,3.14,1.68
"2022-07-03 19:00:00",3.68,53.17,1.71,3.4,1.92
"2022-07-03 20:00:00",5.58,49.18,1.88,3.17,1.66
"2022-07-03 21:00:00",3.58,51.41,1.54,3.85,1.86
"2022-07-03 22:00:00",2.38,51.04,2.01,3.53,1.63
"2022-07-03 23:00:00",1.56,52.37,1.73,3.27,1.51
"2022-07-04 00:00:00",2.77,51.62,1.39,3.3,1.6
"2022-07-04 01:00:00",1.45,52.49,0.78,2.43,1.18
"2022-07-04 02:00:00",2.64,50.36,0.65,2,1.04
"2022-07-04 03:00:00",2.58,49,1.55,1.58,0.98
"2022-07-04 04:00:00",2.46,48.57,1.42,1.9,1.14
"2022-07-04 05:00:00",2.88,49.26,1.1,3.12,1.75
"2022-07-04 06:00:00",6.01,41.78,0.4,3.86,2.17
"2022-07-04 07:00:00",6.93,41.36,0.5,4.78,2.39
"2022-07-04 08:00:00",6.61,44.97,0.48,4.09,1.7
"2022-07-04 09:00:00",10.52,44.44,0.52,3.58,1.5
"2022-07-04 10:00:00",4.37,53.69,0.43,4.01,1.82
"2022-07-04 11:00:00",5.8,52.48,0.32,5.22,2.08
"2022-07-04 12:00:00",6.27,50.11,0.38,5.82,2.4
"2022-07-04 13:00:00",4.09,51.02,0.34,4.5,2.18
"2022-07-04 14:00:00",5.03,49.68,-0.3,5.28,2.44
"2022-07-04 15:00:00",6.52,53.22,-0.96,6.64,2.85
"2022-07-04 16:00:00",4.65,55.33,-0.09,6.06,2.81
"2022-07-04 17:00:00",6.5,56.31,-0.08,5.77,2.92
"2022-07-04 18:00:00",3.21,58.83,0.31,5.5,2.76
"2022-07-04 19:00:00",3.53,56.28,0.2,5.22,2.79
"2022-07-04 20:00:00",4.14,55.77,0.38,5.08,2.81
"2022-07-04 21:00:00",7.25,52.75,0.51,5.66,3.21
"2022-07-04 22:00:00",7.95,49.36,0.66,6.39,3.58
"2022-07-04 23:00:00",4.91,49.01,0.25,6.31,3.82
"2022-07-05 00:00:00",3.71,44.96,0.28,9.18,4.59
"2022-07-05 01:00:00",3.39,43.77,0.44,9.57,5.11
"2022-07-05 02:00:00",2.52,43.13,0.36,8.02,4.65
"2022-07-05 03:00:00",1.7,42.28,0.39,4.96,3.28
"2022-07-05 04:00:00",2.09,37.68,-0.08,2.85,1.95
"2022-07-05 05:00:00",3.11,29.53,0.09,2.1,1.56
"2022-07-05 06:00:00",5.93,18.5,-0.27,2.05,1.37
"2022-07-05 07:00:00",11.66,11.21,-0.34,2.46,0.93
"2022-07-05 08:00:00",8.74,14.89,-0.31,2.29,0.87
"2022-07-05 09:00:00",7.25,16.07,-0.31,3.06,0.94
"2022-07-05 10:00:00",4.79,19.03,-0.41,2.5,0.93
"2022-07-05 11:00:00",4.48,21.78,-0.31,3.49,1.19
"2022-07-05 12:00:00",6.24,23.15,-0.24,4.53,1.48
"2022-07-05 13:00:00",6.91,26.04,-0.52,3.64,1.64
"2022-07-05 14:00:00",6.06,32.8,-0.2,4.83,1.93
"2022-07-05 15:00:00",6.95,37.18,-0.25,5.57,2.86
"2022-07-05 16:00:00",8.65,35.38,-0.1,6.45,3.41
"2022-07-05 17:00:00",9.98,29.74,-0.01,6.23,3.19
"2022-07-05 18:00:00",7.9,25.43,-0.08,4.77,2.89
"2022-07-05 19:00:00",7.14,20.24,-0.34,4.12,2.79
"2022-07-05 20:00:00",7.73,16.87,-0.33,3.91,2.24
"2022-07-05 21:00:00",5.31,16.95,-0.29,2.48,1.78
"2022-07-05 22:00:00",5.46,15.7,-0.39,4.22,2.96
"2022-07-05 23:00:00",4.46,18.64,-0.64,3.98,2.83
"2022-07-06 00:00:00",5.29,18.8,-0.51,3.86,2.47
"2022-07-06 01:00:00",3.37,20.12,-0.39,3.61,2.64
"2022-07-06 02:00:00",3.65,21.79,-0.2,2.82,1.86
"2022-07-06 03:00:00",1.73,22.03,-0.15,3.26,2.19
"2022-07-06 04:00:00",2.54,19.36,0.32,4.35,2.82
"2022-07-06 05:00:00",3.17,18.2,0.05,4.78,3.38
"2022-07-06 06:00:00",4.58,18.47,-0.32,4.84,3.25
"2022-07-06 07:00:00",9.52,17.79,-0.64,4.13,2.65
"2022-07-06 08:00:00",7.63,21.42,-0.19,5.71,2.32
"2022-07-06 09:00:00",7.14,22.37,-0.14,5.19,2.13
"2022-07-06 10:00:00",5.28,26.95,-0.44,5.25,1.98
"2022-07-06 11:00:00",5.05,28.3,-0.39,7.02,2.46
"2022-07-06 12:00:00",7.58,30.14,-0.28,6.84,2.56
"2022-07-06 13:00:00",5.1,32.72,-0.24,7.68,2.97
"2022-07-06 14:00:00",7.25,36.39,-0.16,11.27,3.1
"2022-07-06 15:00:00",5.63,34.96,-0.46,7.76,2.06
"2022-07-06 16:00:00",6.45,35.64,-0.06,6.66,2.22
"2022-07-06 17:00:00",7.61,33.82,-0.41,6.25,2.52
"2022-07-06 18:00:00",5.9,32.6,-0.47,5.17,2.64
"2022-07-06 19:00:00",5.51,29.74,-0.33,5.82,3.25
"2022-07-06 20:00:00",4.76,30.34,-0.32,5.74,3.22
"2022-07-06 21:00:00",4.77,28.23,-0.15,4.47,2.73
"2022-07-06 22:00:00",4.35,32.01,-0.1,2.66,1.81
"2022-07-06 23:00:00",2.38,38.89,-0.33,2.26,1.45
"2022-07-07 00:00:00",1.93,43.36,-0.32,2.81,2.01
"2022-07-07 01:00:00",1.12,48.35,-0.26,3.16,2.45
"2022-07-07 02:00:00",1.24,50.86,-0.15,3.49,2.57
"2022-07-07 03:00:00",1.51,49.66,-0.19,2.53,1.72
"2022-07-07 04:00:00",2.34,44.04,-0.08,1.98,1.32
"2022-07-07 05:00:00",1.62,44.51,-0.01,1.65,1.19
"2022-07-07 06:00:00",3.02,43.32,-0.23,1.19,0.76
"2022-07-07 07:00:00",5.71,41.8,-0.2,1.53,0.66
"2022-07-07 08:00:00",7.98,41.74,-0.43,2.3,1
"2022-07-07 09:00:00",7.23,43.69,-0.27,3.61,1.53
"2022-07-07 10:00:00",4.89,46.4,-0.36,3.41,1.59
"2022-07-07 11:00:00",5.25,49.69,-0.25,5.4,2
"2022-07-07 11:01:00",,,,,
"2022-07-07 12:01:00",,,,,
"2022-07-07 13:00:00",10.37,36.02,-0.71,4.86,2.29
"2022-07-07 14:00:00",6,38.93,-0.37,7.8,2.68
"2022-07-07 15:00:00",4.8,41.07,-0.25,6.21,2.58
"2022-07-07 16:00:00",23.41,34.6,-0.39,9.04,3.57
"2022-07-07 17:00:00",9.46,35.69,-0.27,5.23,3.03
"2022-07-07 18:00:00",9.73,35.19,0.1,4.47,2.53
"2022-07-07 19:00:00",5.53,35.21,-0.22,3.06,1.67
"2022-07-07 20:00:00",5.3,33.38,0.23,3.46,1.68
"2022-07-07 21:00:00",8.59,27.33,-0.3,3.68,1.88
"2022-07-07 22:00:00",16.31,17,-0.56,5.1,2.53
"2022-07-07 23:00:00",18.87,14.09,-0.38,6.43,3.1
"2022-07-08 00:00:00",6.76,24.42,-0.21,4.07,2.23
"2022-07-08 01:00:00",3.5,28.38,-0.53,3.62,2.31
"2022-07-08 02:00:00",4.13,29.13,-0.69,3.45,2.2
"2022-07-08 03:00:00",2.06,30.6,-0.63,3.44,2.19
"2022-07-08 04:00:00",2.56,27.19,-0.59,4.53,2.97
"2022-07-08 05:00:00",2.57,26.53,-0.42,4.84,3.1
"2022-07-08 06:00:00",4.1,25.33,-0.7,2.51,1.79
"2022-07-08 07:00:00",7.06,23.29,-0.48,2.66,1.27
"2022-07-08 08:00:00",22.72,20.68,-0.25,4.67,2.05
"2022-07-08 09:00:00",15.07,25.95,-0.47,4.53,2.14
"2022-07-08 10:00:00",6.18,27.3,-0.39,5.39,2.98
"2022-07-08 11:00:00",6.29,30.96,-0.37,5.47,3.26
"2022-07-08 12:00:00",6.78,32.6,-0.58,6.75,3.6
"2022-07-08 13:00:00",7.99,36.61,-0.09,6.87,3.02
"2022-07-08 14:00:00",10.18,37.81,-1.15,5.46,2.81
"2022-07-08 15:00:00",5.21,41.53,-0.16,5.21,2.68
"2022-07-08 16:00:00",4.3,39.29,-0.24,4.9,2.59
"2022-07-08 17:00:00",7.42,35.32,-0.57,4.99,2.98
"2022-07-08 18:00:00",11.54,34.96,-0.41,5.81,3.21
"2022-07-08 19:00:00",8.85,35.02,-0.42,4.9,2.88
"2022-07-08 20:00:00",7.49,33,-0.78,5.02,2.78
"2022-07-08 21:00:00",7.9,29.82,-0.64,5.03,2.68
"2022-07-08 22:00:00",9.74,24.2,-0.38,5.3,2.89
"2022-07-08 23:00:00",9.35,21.79,-0.61,5.24,2.79
"2022-07-09 00:00:00",14.86,18.66,-0.58,5.01,2.62
"2022-07-09 01:00:00",5.61,26.53,-0.52,5.34,3.41
"2022-07-09 02:00:00",8.59,22.07,-0.25,3.74,2.17
"2022-07-09 03:00:00",5.23,23.36,-0.56,4.4,3.13
"2022-07-09 04:00:00",5.84,22.38,-0.43,4.46,2.74
"2022-07-09 05:00:00",5.76,20.07,-0.37,4.73,3.08
"2022-07-09 06:00:00",5.95,16.71,-0.44,4.53,2.8
"2022-07-09 07:00:00",6.61,16.87,-0.19,4.84,2.66
"2022-07-09 08:00:00",8.19,18.19,-0.16,4.03,2.36
"2022-07-09 09:00:00",4.98,24.85,-0.41,3.36,1.56
"2022-07-09 10:00:00",2.86,29,-0.3,2.02,1.21
"2022-07-09 11:00:00",3.91,28.06,-0.35,2.82,1.57
"2022-07-09 12:00:00",5.53,32.17,-0.33,3.28,1.68
"2022-07-09 13:00:00",4.94,33.5,-0.5,3.42,1.68
"2022-07-09 14:00:00",10.54,29.8,-0.37,4.59,2.41
"2022-07-09 15:00:00",11.79,30.56,-0.46,4.81,2.74
"2022-07-09 16:00:00",15.37,33.3,-0.44,4.99,2.98
"2022-07-09 17:00:00",11.71,33.14,-1.03,5.27,3.16
"2022-07-09 18:00:00",5.08,34.56,-2.19,2.91,1.87
"2022-07-09 19:00:00",4.33,32.4,-0.31,3.49,2.24
"2022-07-09 20:00:00",6.01,31.14,-0.52,3.13,2.15
"2022-07-09 21:00:00",9.25,28.43,-0.57,3.24,2.27
"2022-07-09 22:00:00",9.03,25.71,-0.75,3.38,2.39
"2022-07-09 23:00:00",11.59,20.03,-0.78,3.7,2.7
"2022-07-09 23:01:00",,,,,
"2022-07-10 00:01:00",,,,,
"2022-07-10 07:00:00",28.05,13.13,-0.38,4.34,3.32
"2022-07-10 08:00:00",21.76,17.14,-0.49,4.2,3.31
"2022-07-10 09:00:00",10.57,27.26,-0.15,3.4,2.45
"2022-07-10 10:00:00",3.15,36.42,0.05,1.9,1.4
"2022-07-10 11:00:00",3.9,39.54,-0.23,2.56,1.7
"2022-07-10 12:00:00",6.01,38.97,-0.32,2.2,1.71
"2022-07-10 13:00:00",5.22,39.32,-0.48,2.75,2.14
"2022-07-10 14:00:00",6.79,33.76,-0.56,3.99,2.85
"2022-07-10 15:00:00",5.33,37.54,-0.37,3.47,2.34
"2022-07-10 16:00:00",4.83,40.85,-0.5,4.23,3.16
"2022-07-10 17:00:00",4.09,38.37,-0.41,3.8,2.66
"2022-07-10 18:00:00",5.54,36.36,-0.42,4.74,3.5
"2022-07-10 19:00:00",8.09,36.34,-0.34,4.43,3.46
"2022-07-10 20:00:00",8.29,35.65,-1.22,5.98,4.31
"2022-07-10 21:00:00",10.54,36.36,-0.26,4.26,3.23
"2022-07-10 22:00:00",11.15,34.98,-0.05,3.78,2.73
"2022-07-10 23:00:00",8.75,38.05,0.1,3.86,2.6
"2022-07-11 00:00:00",7.77,34.22,0.11,3.73,2.56
"2022-07-11 01:00:00",13.95,19.43,-0.3,5.26,3.34
"2022-07-11 02:00:00",12.24,13.92,-0.61,4.6,3.38
"2022-07-11 03:00:00",22.66,3.3,-0.32,4.43,3.29
"2022-07-11 04:00:00",18.23,3.02,-0.3,4.44,3.08
"2022-07-11 05:00:00",15.62,5.18,-0.07,4.65,3.01
"2022-07-11 06:00:00",17.69,7.71,0.07,6,3.37
"2022-07-11 07:00:00",31.06,4.99,0.05,7.73,4.58
"2022-07-11 08:00:00",28.41,13.71,-0.21,9.91,4.47
"2022-07-11 09:00:00",28.46,20.77,-0.51,11.25,4.2
"2022-07-11 10:00:00",23.73,41.89,-0.51,9.35,3.74
"2022-07-11 11:00:00",9.92,75.64,-0.06,11.4,3.82
"2022-07-11 12:00:00",9.41,82.89,0.04,8.83,3.55
"2022-07-11 13:00:00",10.03,78.64,0.24,12.02,4.17
"2022-07-11 14:00:00",12.39,75.32,-0.08,9.9,3.53
"2022-07-11 15:00:00",5.27,85.65,-0.19,6.3,2.49
"2022-07-11 16:00:00",7.79,85.5,-0.46,6.37,2.23
"2022-07-11 17:00:00",6.97,79.13,-0.12,6.46,2.34
"2022-07-11 18:00:00",6.88,78.53,-0.37,5.52,2.44
"2022-07-11 19:00:00",4.98,86.95,0.03,5.45,2.62
"2022-07-11 20:00:00",5.18,86.11,0.25,6.08,2.79
"2022-07-11 21:00:00",4.91,85.89,-0.13,5.74,2.75
"2022-07-11 22:00:00",4.2,85.38,-0.2,4.84,2.65
"2022-07-11 23:00:00",2.41,85.51,0.02,4.61,2.68
"2022-07-12 00:00:00",1.65,86.37,-0.17,4.68,2.9
"2022-07-12 01:00:00",1.42,83.68,0.04,7.49,3.43
"2022-07-12 02:00:00",1.63,83.06,0.14,6.14,3.36
"2022-07-12 03:00:00",3.42,74.2,-0.34,6.6,3.54
"2022-07-12 04:00:00",5.19,64.76,0.14,7.17,3.81
"2022-07-12 05:00:00",3.21,77.62,-0.02,6.93,3.82
"2022-07-12 06:00:00",9.69,77.99,-0.67,6.6,3.93
"2022-07-12 07:00:00",22.64,69.82,0.03,7.2,4.05
"2022-07-12 08:00:00",22.6,64.8,0.21,8.54,3.9
"2022-07-12 09:00:00",15.6,61.83,0,10.48,4.08
"2022-07-12 10:00:00",13.78,64.1,0.21,10.89,4.12
"2022-07-12 11:00:00",10.26,69.45,0.21,9.98,4.26
"2022-07-12 12:00:00",7.79,77.78,0.11,8.72,4.08
"2022-07-12 13:00:00",7.31,78.32,0.16,8.64,3.94
"2022-07-12 14:00:00",8.67,73.67,0.05,10.94,4.37
"2022-07-12 15:00:00",8.1,71.13,-0.15,10.89,4.17
"2022-07-12 16:00:00",8.65,66.64,0.15,8.8,3.87
"2022-07-12 17:00:00",9.61,59.82,-0.08,8.21,4.45
"2022-07-12 18:00:00",5.46,56.04,-0.03,7.3,4.36
"2022-07-12 19:00:00",5.36,49.64,-0.11,4.94,3
"2022-07-12 20:00:00",5.5,38.44,-0.67,3.7,2.12
"2022-07-12 21:00:00",7.8,33.78,-0.37,2.42,1.66
"2022-07-12 22:00:00",5.31,32.77,-0.21,4.21,2.81
"2022-07-12 23:00:00",4.47,34.57,0.03,7.7,4.76
"2022-07-13 00:00:00",3.78,38.31,0.01,12.22,6.06
"2022-07-13 01:00:00",2.23,41.9,-0.26,8.33,4.8
"2022-07-13 02:00:00",1.61,44.75,0.03,7.2,3.97
"2022-07-13 03:00:00",1.89,45.65,-0.32,5.68,3.14
"2022-07-13 04:00:00",3.11,44.04,-0.61,5.09,3
"2022-07-13 05:00:00",4.63,40.82,-0.31,4.79,2.72
"2022-07-13 06:00:00",10.27,34.62,-0.13,5.7,2.99
"2022-07-13 07:00:00",10.56,34.08,-0.08,5.46,2.59
"2022-07-13 08:00:00",10.3,36.52,-0.09,5.74,2.37
"2022-07-13 09:00:00",5.92,42.04,-0.17,4.62,1.98
"2022-07-13 10:00:00",3.81,44.76,-0.09,4.25,1.94
"2022-07-13 11:00:00",5.55,44.68,-0.32,6.21,2.2
"2022-07-13 12:00:00",11.5,44.14,-0.31,5.48,2.16
"2022-07-13 13:00:00",5.81,44.64,-0.03,5.42,2.33
"2022-07-13 14:00:00",3.87,45.76,0.25,4.8,2.34
"2022-07-13 15:00:00",4.29,45.96,-0.2,5.81,2.7
"2022-07-13 16:00:00",5.9,48.57,-0.02,5.29,2.58
"2022-07-13 17:00:00",3.86,50.24,0.12,4.79,2.19
"2022-07-13 18:00:00",5.64,48.86,0.04,5.09,2.34
"2022-07-13 19:00:00",5.63,47.67,-0.08,5.73,2.82
"2022-07-13 20:00:00",5.18,43.81,0.1,8.05,4.02
"2022-07-13 21:00:00",6.58,42.42,0.05,7.02,4.1
"2022-07-13 22:00:00",8.74,37,0.19,8.06,4.98
"2022-07-13 23:00:00",10.29,33.45,0.89,7.69,4.98
"2022-07-14 00:00:00",6.75,34.07,0.03,7.84,4.87
"2022-07-14 01:00:00",5.89,35.3,-0.27,8.85,5.12
"2022-07-14 02:00:00",8.49,30.63,-0.31,8.33,5.05
"2022-07-14 03:00:00",5.15,32.02,-0.14,7.88,4.92
"2022-07-14 04:00:00",7.13,29.64,0.14,8.18,5.16
"2022-07-14 05:00:00",5.95,29.38,-0.01,8.93,5.6
"2022-07-14 06:00:00",8.08,25.24,-0.06,9.33,5.78
"2022-07-14 07:00:00",10.18,27.55,0.26,10.18,5.72
"2022-07-14 08:00:00",8.87,30.61,-0.02,10.29,5.42
"2022-07-14 09:00:00",6.81,38.49,-0.07,7.76,3.97
"2022-07-14 10:00:00",4.69,40.43,-0.22,7.22,3.52
"2022-07-14 11:00:00",4.65,42.87,0.01,6.15,2.92
"2022-07-14 12:00:00",4.53,42.47,-0.2,5.13,2.4
"2022-07-14 13:00:00",6.44,42.44,-0.2,5.92,2.52
"2022-07-14 14:00:00",5.98,43.49,-0.21,6.04,2.61
"2022-07-14 15:00:00",4.07,44.42,0.25,6.19,2.58
"2022-07-14 16:00:00",4.59,45.73,0.12,5.67,2.57
"2022-07-14 17:00:00",8.66,45.49,-0.12,5.66,2.58
"2022-07-14 17:01:00",,,,,
"2022-07-14 18:01:00",,,,,
"2022-07-14 19:00:00",6.86,44.08,0.25,5.4,3.1
"2022-07-14 20:00:00",10.87,40.8,0.14,7.88,4.22
"2022-07-14 21:00:00",6.95,40.19,0.27,9.03,4.88
"2022-07-14 22:00:00",8.91,34.82,0.15,9.04,5.33
"2022-07-14 23:00:00",8.53,33.48,0.27,10.61,5.73
"2022-07-15 00:00:00",5.35,35.54,0.05,8.62,5.24
"2022-07-15 01:00:00",3.74,35.94,-0.16,6.13,4.64
"2022-07-15 01:01:00",,,
"2022-07-15 02:00:00",4.87,35.23,,5.95,4.4
"2022-07-15 02:01:00",,,
"2022-07-15 03:00:00",3.19,38.74,-0.16,6.01,3.93
"2022-07-15 04:00:00",2.63,39.07,-0.03,5.33,3.74
"2022-07-15 05:00:00",2.73,39.62,-0.12,5.43,3.76
"2022-07-15 06:00:00",8.73,30.24,-0.2,6.54,3.73
"2022-07-15 07:00:00",10.58,27,-0.19,5.63,3.31
"2022-07-15 08:00:00",6.47,34.12,-0.3,5.56,2.85
"2022-07-15 09:00:00",6.99,39.83,-0.07,6.81,2.46
"2022-07-15 10:00:00",6.25,42.52,0.14,5.55,2.23
"2022-07-15 11:00:00",4,48.5,-0.27,4.42,2.22
"2022-07-15 12:00:00",8.19,47.27,-0.17,6.96,3.02
"2022-07-15 13:00:00",8.02,47.76,0.29,7.69,3.79
"2022-07-15 14:00:00",7.74,48.23,0,8.03,4.04
"2022-07-15 15:00:00",4,55.16,-0.19,6.96,3.8
"2022-07-15 16:00:00",5.72,59.06,-0.84,7.49,4.3
"2022-07-15 17:00:00",5.39,58.75,-0.19,7.18,4.57
"2022-07-15 18:00:00",14.1,54.35,-0.38,8.5,5.73
"2022-07-15 18:01:00",,,,,
"2022-07-15 19:01:00",,,,,
"2022-07-17 08:00:00",8.9,55.88,-0.08,7.11,4.82
"2022-07-17 09:00:00",8.64,54.59,0.01,8.2,5.35
"2022-07-17 10:00:00",5.92,68.96,-0.06,8.63,5.44
"2022-07-17 11:00:00",5.82,83.38,0,8.54,5.67
"2022-07-17 12:00:00",7.83,89.1,0.01,9.44,5.44
"2022-07-17 13:00:00",8.12,87.17,0.25,10.08,6.13
"2022-07-17 14:00:00",7.05,91.16,0.15,11.84,7.31
"2022-07-17 15:00:00",8.12,92.69,0.08,11.72,7.33
"2022-07-17 16:00:00",11.32,91.6,-0.04,12.89,7.49
"2022-07-17 17:00:00",8.16,100.97,0.14,13.12,6.77
"2022-07-17 18:00:00",7.44,104.13,0.03,13.03,5.16
"2022-07-17 19:00:00",4.32,104.01,-0.12,11.82,5.08
"2022-07-17 20:00:00",4.09,103.71,0.12,12.04,5.08
"2022-07-17 21:00:00",5.28,98.48,0.18,10.02,4.69
"2022-07-17 22:00:00",5.31,97.92,-0.08,8.76,4.37
"2022-07-17 23:00:00",4.11,97.2,0.19,9.03,4.23
"2022-07-18 00:00:00",13.66,84.14,-0.11,9.81,4.8
"2022-07-18 01:00:00",42.79,45.99,-0.07,16.1,7.13
"2022-07-18 02:00:00",54.57,33.01,-0.14,13.43,7.75
"2022-07-18 03:00:00",46.08,34.69,0.07,12.46,7.62
"2022-07-18 04:00:00",31.45,46.2,0.06,13.17,7.9
"2022-07-18 05:00:00",30.25,42.37,0.16,13.49,8.05
"2022-07-18 06:00:00",71.69,5.06,0.1,13.94,8.96
"2022-07-18 07:00:00",70.02,10.54,0.09,15.63,8.92
"2022-07-18 08:00:00",75.31,20.33,-0.22,20.37,9.34
"2022-07-18 09:00:00",76.19,28.19,-0.47,22.45,9.25
"2022-07-18 10:00:00",62.19,47.82,0.1,18.26,7.4
"2022-07-18 11:00:00",33.91,73.66,0.15,17.64,7.38
"2022-07-18 12:00:00",25.44,87.74,0,19.25,7.34
"2022-07-18 13:00:00",17.39,95.77,0,13.86,5.85
"2022-07-18 14:00:00",19.29,99.64,0.09,14.13,5.86
"2022-07-18 14:01:00",,,,,
"2022-07-18 15:01:00",,,,,
"2022-07-18 16:00:00",10.31,101.55,16.2,19.07,7.72
"2022-07-18 17:00:00",26.45,100.24,-2.33,18.72,8.58
"2022-07-18 18:00:00",25.55,100.72,-2.3,18.3,9.03
"2022-07-18 19:00:00",56.66,57.52,-2.09,21.27,10.39
"2022-07-18 20:00:00",25.52,80.82,-0.66,19.3,9.89
"2022-07-18 21:00:00",20.15,80.71,-0.26,13.97,7.87
"2022-07-18 22:00:00",19.93,78.42,-0.32,15.08,8.17
"2022-07-18 23:00:00",14.04,89.78,0.07,13.08,7.46
"2022-07-19 00:00:00",11.57,94.38,-0.13,12.14,6.7
"2022-07-19 01:00:00",16.26,86.63,-0.11,13.41,7.48
"2022-07-19 02:00:00",32.85,57.46,0.03,14.22,8.65
"2022-07-19 03:00:00",23.85,58.99,-0.32,15.63,8.58
"2022-07-19 04:00:00",27.84,41.09,0.12,13.69,9.47
"2022-07-19 05:00:00",29.98,26.89,-0.1,14.46,9.75
"2022-07-19 06:00:00",46.39,34.56,0.14,15.74,9.79
"2022-07-19 07:00:00",44.6,48.7,0.02,16.99,9.31
"2022-07-19 08:00:00",54.89,36.9,-0.06,20.67,9.82
"2022-07-19 09:00:00",87.69,21.96,0.17,27.13,11.24
"2022-07-19 10:00:00",69.16,39.98,0.39,25.25,10.63
"2022-07-19 11:00:00",27.38,77.39,0.1,25.55,9.92
"2022-07-19 12:00:00",14.43,99.52,-1.33,24.02,9.58
"2022-07-19 13:00:00",22,85.56,0.25,24.09,10.77
"2022-07-19 14:00:00",29.73,95.85,0.4,22.27,10.87
"2022-07-19 15:00:00",27.34,115.78,0.32,20.57,10.38
"2022-07-19 16:00:00",19.36,141.5,-0.37,20.39,11.78
"2022-07-19 17:00:00",20.78,137.39,-0.43,19.4,12.21
"2022-07-19 18:00:00",39.84,114.27,-0.03,20.45,11.83
"2022-07-19 19:00:00",24.34,98.76,0.16,18.59,11.11
"2022-07-19 20:00:00",7.55,46.55,0.35,14.61,9.31
"2022-07-19 21:00:00",6.19,42.96,0.24,16.05,8.84
"2022-07-19 22:00:00",4.61,35.09,-0.02,8.31,4.87
"2022-07-19 23:00:00",4,32.36,-0.22,4.91,3.49
"2022-07-20 00:00:00",2.91,32.85,-0.02,5.94,3.7
"2022-07-20 01:00:00",2.36,37.23,0.18,4.11,2.51
"2022-07-20 02:00:00",1.64,40.26,0.07,4.56,2.43
"2022-07-20 03:00:00",1.36,42.91,0.04,4.73,2.58
"2022-07-20 04:00:00",1.4,44.26,0.07,4.02,2.55
"2022-07-20 05:00:00",2.1,43.07,-0.17,4.33,2.71
"2022-07-20 06:00:00",8.46,39.46,-0.4,4,2.6
"2022-07-20 07:00:00",8.15,38.56,-0.15,5.6,2.43
"2022-07-20 08:00:00",8.5,39.09,-0.26,4.04,1.44
"2022-07-20 09:00:00",49,27.82,-0.31,3.98,1.44
"2022-07-20 10:00:00",41.68,28.09,-0.02,3.78,1.39
"2022-07-20 11:00:00",32.46,27.93,-0.03,4.93,1.61
"2022-07-20 12:00:00",39.51,27.08,0.12,20.04,3.5
"2022-07-20 13:00:00",36.45,26.78,0.16,8.99,2.63
"2022-07-20 14:00:00",27.63,31.84,0.05,5.29,1.93
"2022-07-20 15:00:00",25.09,31.96,-0.35,5.79,2.44
"2022-07-20 16:00:00",10.28,38.81,0.07,5.83,2.33
"2022-07-20 17:00:00",8.24,40.64,-0.06,5.86,2.28
"2022-07-20 18:00:00",7.99,41.85,0.07,6.84,2.38
"2022-07-20 19:00:00",6.48,45.72,0.14,5.06,2.28
"2022-07-20 20:00:00",8.43,43.24,0.2,5.07,2.41
"2022-07-20 21:00:00",6.15,44.37,0.12,7.29,4.19
"2022-07-20 22:00:00",6.25,41.46,-0.03,5.89,1.95
"2022-07-20 23:00:00",4.9,41.09,-0.31,5.88,2.68
"2022-07-21 00:00:00",4.51,41.48,-0.06,4.72,2.11
"2022-07-21 01:00:00",4.43,44.54,0.09,4.71,2.18
"2022-07-21 02:00:00",2.12,52.33,0.17,3.07,1.8
"2022-07-21 03:00:00",2,52.31,-0.05,3.54,2.12
"2022-07-21 04:00:00",1.94,49.83,0.11,4.82,2.58
"2022-07-21 05:00:00",2.47,43.29,0.13,5.93,3.29
"2022-07-21 06:00:00",8.88,34.56,-0.02,6.14,3.61
"2022-07-21 07:00:00",19.5,25.32,0.26,10.92,4.65
"2022-07-21 08:00:00",17.44,27.37,-0.06,14.75,4.94
"2022-07-21 09:00:00",9.5,40.6,0.15,5.91,2.9
"2022-07-21 10:00:00",8.84,39.26,-0.46,6.41,3.12
"2022-07-21 11:00:00",13.25,37.54,-0.05,8.37,3.97
"2022-07-21 12:00:00",10.5,40.8,0.12,7.35,3.78
"2022-07-21 13:00:00",12.11,44.46,0.01,5.64,3.03
"2022-07-21 14:00:00",12.33,45.86,0.1,7.8,3.45
"2022-07-21 15:00:00",12.54,49.28,-0.26,6.21,3.45
"2022-07-21 16:00:00",9.99,52.95,-0.02,7.38,3.86
"2022-07-21 17:00:00",12.36,52.38,-0.34,8.19,4.53
"2022-07-21 18:00:00",20.9,42.42,0.03,9.97,7.61
"2022-07-21 19:00:00",13.94,52.56,0.13,10.39,7.42
"2022-07-21 20:00:00",16.03,48.67,0.08,11.56,7.83
"2022-07-21 21:00:00",9.93,56,-0.05,8.14,5.43
"2022-07-21 22:00:00",12.1,51.9,-0.13,8.38,5.13
"2022-07-21 23:00:00",8.15,53.53,-0.01,6.97,4.21
"2022-07-22 00:00:00",13.95,46.39,-0.3,6.32,3.9
"2022-07-22 01:00:00",9.34,46.97,0.06,4.71,3.03
"2022-07-22 02:00:00",6.16,46.2,0.1,4.69,2.63
"2022-07-22 03:00:00",8.03,41.9,0.08,5.55,3.02
"2022-07-22 04:00:00",6.73,38.14,0.1,4.26,2.8
"2022-07-22 05:00:00",4.89,36.59,0.11,4.48,2.49
"2022-07-22 06:00:00",11.16,27.5,-0.1,5.33,2.65
"2022-07-22 07:00:00",31.95,11.14,0.08,7.88,3.65
"2022-07-22 08:00:00",30.81,13.84,0.22,9.63,4.08
"2022-07-22 09:00:00",20.33,27.95,-0.03,9.34,4.1
"2022-07-22 10:00:00",15.72,36.54,0.1,8.86,3.7
"2022-07-22 11:00:00",11.38,42.43,-0.05,9.57,3.73
"2022-07-22 12:00:00",17.15,37.53,0.02,8.7,4.1
"2022-07-22 13:00:00",14.86,42.02,-0.13,8.99,4.09
"2022-07-22 14:00:00",12.01,50.17,-0.07,7.44,3.68
"2022-07-22 15:00:00",9.37,55.62,0.22,6.44,3.56
"2022-07-22 16:00:00",8.09,57.27,0.04,6.27,3.75
"2022-07-22 17:00:00",10,55.33,0.11,7.09,4.36
"2022-07-22 18:00:00",10.48,54.47,0.2,9.39,6.6
"2022-07-22 19:00:00",11.78,51.56,-0.04,12.18,8.83
"2022-07-22 20:00:00",11.49,53.66,0.11,10.94,8.06
"2022-07-22 21:00:00",12.55,48.69,0.07,11.44,7.45
"2022-07-22 22:00:00",15.99,40.13,-0.17,9.23,5.63
"2022-07-22 23:00:00",18.1,36.52,0.17,7.67,4.78
"2022-07-23 00:00:00",18.81,33.52,-0.08,7.37,4.45
"2022-07-23 01:00:00",5.17,52.88,-0.16,4.69,2.6
"2022-07-23 02:00:00",6.35,46.8,0.23,3.21,1.96
"2022-07-23 03:00:00",8.42,40.15,-0.02,4.11,2.67
"2022-07-23 04:00:00",4.75,39.94,0.2,3.97,2.75
"2022-07-23 05:00:00",6.27,33.49,0.2,3.63,2.76
"2022-07-23 06:00:00",6.27,32.44,0.1,4.42,3.09
"2022-07-23 07:00:00",7.24,32.45,0.06,4.61,3.38
"2022-07-23 08:00:00",7.88,33.44,0.12,5.4,3.79
"2022-07-23 09:00:00",7.96,32.35,0.03,3.68,2.73
"2022-07-23 10:00:00",7.14,31.72,-0.44,3.33,2.32
"2022-07-23 11:00:00",7.28,37.21,-0.26,3.03,1.67
"2022-07-23 12:00:00",3.48,36.28,0.12,2.38,1.06
"2022-07-23 13:00:00",2.89,34.55,0.35,2.22,0.98
"2022-07-23 14:00:00",2.92,29.11,0.39,2.53,1.13
"2022-07-23 15:00:00",4,23.53,0.07,4.69,1.95
"2022-07-23 16:00:00",2.48,28.87,0.35,1.88,0.94
"2022-07-23 17:00:00",3.63,33.4,0.14,1.89,1
"2022-07-23 18:00:00",5.4,30.41,0.11,2.07,1.22
"2022-07-23 19:00:00",7.15,24.52,0.2,4.98,3.77
"2022-07-23 20:00:00",2.96,27.86,0.52,0.71,0.43
"2022-07-23 21:00:00",2.2,31.26,0.49,1.77,0.91
"2022-07-23 22:00:00",1.83,35.38,0.18,3.58,2.2
"2022-07-23 23:00:00",1.32,40.82,0.27,5.05,3.62
"2022-07-24 00:00:00",1.27,41.12,0.34,6.72,5.05
"2022-07-24 01:00:00",1.07,41.6,-0.24,6.82,4.86
"2022-07-24 02:00:00",0.97,41.16,0.01,6.26,4.23
"2022-07-24 03:00:00",1.18,41.35,0.3,6.08,3.87
"2022-07-24 04:00:00",0.91,46.4,0.53,4.51,3.09
"2022-07-24 05:00:00",0.57,49.28,0.24,6.7,4.76
"2022-07-24 06:00:00",0.58,50.47,0.15,6.43,4.5
"2022-07-24 07:00:00",0.81,50.41,0,6.38,4.63
"2022-07-24 08:00:00",1.38,49.48,0.09,6.2,4.44
"2022-07-24 09:00:00",0.94,49.62,0.47,6.16,4.65
"2022-07-24 10:00:00",1.08,49.68,-0.06,6.56,4.92
"2022-07-24 11:00:00",1.62,52.67,0.36,5.48,3.78
"2022-07-24 12:00:00",2.25,50.49,0.53,3.91,2.56
"2022-07-24 13:00:00",2.07,51.85,0.3,3.14,2.46
"2022-07-24 14:00:00",2,52.9,0.2,4.98,3.38
"2022-07-24 15:00:00",1.52,51.94,0.31,6.93,3.89
"2022-07-24 16:00:00",1.52,51.5,0.02,6.04,3.85
"2022-07-24 17:00:00",2.86,48.9,0.46,4.65,2.34
"2022-07-24 18:00:00",2.83,46.55,0.29,4.4,2.31
"2022-07-24 19:00:00",5.09,46.5,0.41,6.73,4.23
"2022-07-24 20:00:00",2.92,51.98,-0.9,5.39,3.23
"2022-07-24 21:00:00",3.78,48.03,-0.12,3,1.94
"2022-07-24 22:00:00",5.56,39.44,0.46,3.36,2.04
"2022-07-24 23:00:00",3.43,37.21,0.31,4.56,2.66
"2022-07-25 00:00:00",2.76,38.38,0.23,4.81,2.76
"2022-07-25 01:00:00",1.98,38.93,0.35,6.61,3.16
"2022-07-25 02:00:00",1.83,37.28,0.4,6.88,3.32
"2022-07-25 03:00:00",1.28,37.68,0.09,5.1,2.57
"2022-07-25 04:00:00",1.72,32.94,0.03,5.98,2.7
"2022-07-25 05:00:00",3.15,28.97,0.06,5.16,2.27
"2022-07-25 06:00:00",5.6,26.57,0.2,4.67,2.03
"2022-07-25 07:00:00",6.2,39.12,-0.38,3.03,1.44
"2022-07-25 08:00:00",7.31,41.91,0.1,3.81,1.17
"2022-07-25 09:00:00",8.1,40.99,0.26,4.24,1.25
"2022-07-25 10:00:00",5.56,44.24,-0.01,4.2,1.21
"2022-07-25 11:00:00",7.52,44.77,-0.04,4.1,1.14
"2022-07-25 12:00:00",6.1,51.89,0.2,4.33,1.09
"2022-07-25 13:00:00",5.87,55.76,0.01,4.02,1.33
"2022-07-25 14:00:00",4.36,62.49,0.08,5.17,1.65
"2022-07-25 15:00:00",4.35,64.07,0.35,5.09,1.69
"2022-07-25 16:00:00",5.43,60.36,0.37,5.57,1.87
"2022-07-25 17:00:00",5.33,58.77,0.37,5.36,2.11
"2022-07-25 18:00:00",5.59,54.67,0.37,5.13,2.36
"2022-07-25 19:00:00",7.55,52.81,0.36,6.43,2.85
"2022-07-25 20:00:00",5.57,51.41,0.28,5.73,2.92
"2022-07-25 21:00:00",5.15,50.4,0.19,5.29,2.69
"2022-07-25 22:00:00",4.12,49.68,-0.43,5.73,2.56
"2022-07-25 23:00:00",2.92,52.45,-0.13,3.78,1.92
"2022-07-26 00:00:00",1.94,49.83,0.08,3.92,1.95
"2022-07-26 01:00:00",2.02,46.03,0.02,3.9,1.93
"2022-07-26 02:00:00",1.6,45.89,0.31,3.04,1.56
"2022-07-26 03:00:00",1.19,44.98,0.05,2.77,1.4
"2022-07-26 04:00:00",1.5,41.99,-0.01,2.95,1.5
"2022-07-26 05:00:00",2,39.93,-0.05,2.93,1.45
"2022-07-26 06:00:00",5.66,37.84,0.17,3.3,1.61
"2022-07-26 07:00:00",11.92,32.88,0.29,10.26,2.78
"2022-07-26 08:00:00",13.74,31.15,0.29,5,2.01
"2022-07-26 09:00:00",14.95,31.48,0.2,6.42,2.4
"2022-07-26 10:00:00",7.99,44.09,-0.02,4.32,1.9
"2022-07-26 11:00:00",7.22,47.14,0.23,4.99,1.87
"2022-07-26 12:00:00",6.91,52.73,-0.05,5.9,1.85
"2022-07-26 13:00:00",7,50.93,0.2,4.04,1.49
"2022-07-26 14:00:00",5.97,51.2,0.19,3.26,1.51
"2022-07-26 15:00:00",3.86,56.07,0.16,4.2,1.63
"2022-07-26 16:00:00",5.67,56.32,0.18,4.94,1.82
"2022-07-26 17:00:00",9.5,52.34,0.09,4.13,1.75
"2022-07-26 18:00:00",18.94,45.5,0.01,5.4,2.68
"2022-07-26 19:00:00",7.95,53.3,0.05,4.03,1.75
"2022-07-26 20:00:00",11.48,51.74,0.08,6.67,3.63
"2022-07-26 21:00:00",16,48.3,0.09,7.83,4.64
"2022-07-26 22:00:00",19.32,32.73,-0.1,7.35,3.49
"2022-07-26 23:00:00",20.13,27.57,-0.1,11.82,3.94
"2022-07-27 00:00:00",9.96,32.19,-0.02,8.15,3.09
"2022-07-27 01:00:00",7.44,31.97,0.03,9.53,3.25
"2022-07-27 02:00:00",7.94,26.06,-0.06,8.82,3.87
"2022-07-27 03:00:00",7.92,21.35,0.03,5.23,2.64
"2022-07-27 04:00:00",6.85,24.76,0.44,3.78,2.26
"2022-07-27 05:00:00",8.21,22.36,0.21,4.41,2.43
"2022-07-27 06:00:00",14.72,14.27,-0.03,5.37,3.02
"2022-07-27 07:00:00",26.82,16.6,0.1,7.21,3.67
"2022-07-27 08:00:00",14.68,41.92,0.32,5.95,2.34
"2022-07-27 09:00:00",11.15,46.51,0.3,4.83,1.95
"2022-07-27 10:00:00",9.64,51.19,0.34,5.32,2.06
"2022-07-27 11:00:00",9.07,51.96,0.16,5.54,1.94
"2022-07-27 12:00:00",17.58,48.86,0.28,5.74,2.37
"2022-07-27 13:00:00",11.63,52.44,-0.28,5.92,2.36
"2022-07-27 14:00:00",9.04,56.6,0.03,5.03,2.54
"2022-07-27 15:00:00",10.22,57.43,0.21,5.38,2.94
"2022-07-27 16:00:00",10.86,53.18,-5.15,5.35,2.91
"2022-07-27 17:00:00",15.89,46.01,-1.85,3.06,1.91
"2022-07-27 18:00:00",16.47,49.16,-0.24,4.33,2.71
"2022-07-27 19:00:00",14.74,49.39,0.13,31.99,30.04
"2022-07-27 20:00:00",18.27,45.42,-0.06,6.86,5.64
"2022-07-27 21:00:00",10.95,52.96,-0.35,4.11,3.02
"2022-07-27 22:00:00",16.34,46.17,0.04,2.82,2.09
"2022-07-27 23:00:00",16.46,44.06,-0.32,2.63,2
"2022-07-28 00:00:00",12.49,43.82,-0.24,4.52,2.29
"2022-07-28 01:00:00",11.34,43.89,0,3.54,2.19
"2022-07-28 02:00:00",10.56,38.77,-0.17,3.03,2.07
"2022-07-28 03:00:00",9.83,35.42,-0.04,3.15,2.17
"2022-07-28 04:00:00",9.1,36.55,-0.17,2.72,1.9
"2022-07-28 05:00:00",10.47,31.07,-0.09,3.2,1.89
"2022-07-28 06:00:00",25.04,24.35,-0.04,5.32,2.48
"2022-07-28 07:00:00",16.65,48.48,0.14,6.8,2.27
"2022-07-28 08:00:00",35.12,29.09,0.12,5.98,2.37
"2022-07-28 09:00:00",29.62,34.86,0.12,7.72,3.01
"2022-07-28 10:00:00",21.97,43.85,0.01,5.68,2.91
"2022-07-28 11:00:00",17.91,48.15,0.23,5.86,3.12
"2022-07-28 12:00:00",19.57,52.06,0.16,6.49,3.41
"2022-07-28 13:00:00",14.68,62.27,0.34,6.32,3.43
"2022-07-28 14:00:00",14.18,68.61,-0.13,5.81,3.34
"2022-07-28 15:00:00",16.82,68.94,0.33,6.38,3.49
"2022-07-28 16:00:00",18.27,65.46,-0.09,6.54,4.22
"2022-07-28 17:00:00",16.44,70.11,-0.27,6.64,4.52
"2022-07-28 18:00:00",17.62,65.36,-0.19,7.53,4.95
"2022-07-28 19:00:00",22.69,57.21,0.14,10.27,6.74
"2022-07-28 20:00:00",17.51,59.56,0.12,10.91,7.96
"2022-07-28 21:00:00",26.05,44.97,0.24,9.84,7.05
"2022-07-28 22:00:00",28.77,34.12,0.12,10.68,7.74
"2022-07-28 23:00:00",26.46,28.7,0.01,11.35,8.58
"2022-07-29 00:00:00",28.79,12.41,0.13,10.61,7.32
"2022-07-29 01:00:00",19.95,20.01,0.2,6.77,4.64
"2022-07-29 02:00:00",15.12,24.15,0.05,6.39,4.23
"2022-07-29 03:00:00",13.15,23.79,-0.89,5.62,3.67
"2022-07-29 04:00:00",9.23,29.83,-0.45,5.49,3.26
"2022-07-29 05:00:00",4.57,47.13,-0.03,3.68,2.43
"2022-07-29 06:00:00",9.59,45.96,0,4.17,2.61
"2022-07-29 07:00:00",36.92,22.12,-0.3,7.22,3.82
"2022-07-29 08:00:00",36.13,25.13,-0.06,8.78,4.16
"2022-07-29 09:00:00",23.84,38.11,0.27,8.27,3.51
"2022-07-29 10:00:00",16,41.34,0.08,8.22,3.54
"2022-07-29 11:00:00",18.39,40.01,0.39,9.11,3.97
"2022-07-29 11:01:00",
"2022-07-29 12:00:00",,49.86,0.1,11.18,4.65
"2022-07-29 12:01:00",
"2022-07-29 13:00:00",14.74,52.62,-0.23,9.12,4.03
"2022-07-29 14:00:00",5.22,61.69,0.04,4.85,1.8
"2022-07-29 15:00:00",4.23,60.91,-0.14,4.64,1.79
"2022-07-29 16:00:00",5.9,60.55,-0.16,4.57,1.84
"2022-07-29 17:00:00",6.17,62.19,0.01,4.19,2.07
"2022-07-29 18:00:00",5.58,64.14,-0.19,4.67,2.24
"2022-07-29 19:00:00",6.76,63.09,0.1,5.59,3.06
"2022-07-29 20:00:00",4.77,62.33,-0.12,5.33,2.71
"2022-07-29 21:00:00",6.53,59.28,-0.34,3.16,1.83
"2022-07-29 22:00:00",6.21,54.92,-0.1,2.38,1.48
"2022-07-29 23:00:00",3.64,53.3,0.07,2.62,1.24
"2022-07-30 00:00:00",1.7,47.59,-0.05,2.67,1.31
"2022-07-30 01:00:00",1.84,41.79,-0.05,2.8,1.33
"2022-07-30 02:00:00",1.54,37.94,0.21,3.21,1.34
"2022-07-30 03:00:00",1.71,31.56,-0.06,3,1.32
"2022-07-30 04:00:00",1.37,32.97,0.04,2.43,1.46
"2022-07-30 05:00:00",1.64,33.98,0.12,2.7,1.73
"2022-07-30 06:00:00",1.44,32,0.1,2.68,1.62
"2022-07-30 07:00:00",1.8,31.74,0.09,2.78,1.42
"2022-07-30 08:00:00",3.13,29.72,-0.16,1.88,0.88
"2022-07-30 09:00:00",3.86,29.39,0.06,2.87,1.06
"2022-07-30 10:00:00",4.57,28.56,-0.1,3.18,1.5
"2022-07-30 11:00:00",3.91,31.43,0.24,4.3,2.38
"2022-07-30 12:00:00",3.1,33.13,0.17,5.65,3.16
"2022-07-30 13:00:00",4.26,35.61,0.12,5.44,2.99
"2022-07-30 14:00:00",3.12,35.64,-0.1,3.99,2.33
"2022-07-30 15:00:00",3.82,35.34,-0.13,3.52,2.09
"2022-07-30 16:00:00",4.18,32.74,0.13,4.11,2.06
"2022-07-30 17:00:00",5.81,27.99,-0.24,3.32,1.53
"2022-07-30 18:00:00",8.67,18.18,-0.07,4.53,2.24
"2022-07-30 19:00:00",10.85,9.66,0.15,5.45,2.44
"2022-07-30 20:00:00",11.65,8.85,-0.12,5.07,2.9
"2022-07-30 21:00:00",9.68,13.72,-0.18,5.85,2.27
"2022-07-30 22:00:00",8.3,13.13,-0.01,4.42,2.14
"2022-07-30 23:00:00",7.61,12.92,0.14,5.87,2.26
"2022-07-31 00:00:00",5.73,16.51,-0.31,5.27,2.09
"2022-07-31 01:00:00",4.65,26.08,-2.06,3.49,1.76
"2022-07-31 02:00:00",3.58,32.22,0.11,2.41,1.43
"2022-07-31 03:00:00",7.94,30.37,0.24,2.99,1.9
"2022-07-31 04:00:00",3.33,32.86,0.04,2.55,1.63
"2022-07-31 05:00:00",3.1,34.88,0,2.69,1.59
"2022-07-31 06:00:00",3.29,38.1,0,1.93,1.08
"2022-07-31 07:00:00",4.04,37.21,0.19,1.68,1.04
"2022-07-31 08:00:00",6.32,35.39,0.06,1.39,0.78
"2022-07-31 08:01:00",,,,,
"2022-07-31 09:01:00",,,,,
"2022-07-31 10:00:00",11.4,23.6,0.13,2.6,1.57
"2022-07-31 11:00:00",11.46,23.33,-0.16,3.03,2.01
"2022-07-31 12:00:00",5.11,24.22,-0.03,3.57,2.05
"2022-07-31 13:00:00",5.03,30.8,0.13,3.85,2.34
"2022-07-31 14:00:00",12.24,33.39,-0.05,4.74,3.15
"2022-07-31 15:00:00",13.87,36.44,0.15,4.85,3.23
"2022-07-31 16:00:00",9.54,43.31,0.1,4.8,2.86
"2022-07-31 17:00:00",7.6,46.76,-0.17,5.17,3.56
"2022-07-31 18:00:00",12.74,43.14,0.04,5.91,4.14
"2022-07-31 19:00:00",8.37,48.74,0.14,8.86,7.02
"2022-07-31 20:00:00",9.45,38.63,-0.17,7.93,6.05
"2022-07-31 21:00:00",10.48,29.64,-0.07,8.96,5.89
"2022-07-31 22:00:00",10.47,18.29,-0.1,6.54,3.74
"2022-07-31 23:00:00",13.08,17.14,0.17,7.03,3.59
"2022-08-01 00:00:00",7.25,25.58,0.02,5.06,2.3
"2022-08-01 01:00:00",6.63,24.33,0.06,5.51,2.4
"2022-08-01 02:00:00",4.97,23.45,-0.22,5.46,2.22
"2022-08-01 03:00:00",6.16,19.01,-0.31,4.79,2.13
"2022-08-01 04:00:00",7.76,13.7,0.11,4.9,2.28
"2022-08-01 05:00:00",9.28,7.66,0.17,5.79,2.63
"2022-08-01 06:00:00",11.21,4.9,0.12,6.87,3.23
"2022-08-01 07:00:00",12.49,6.9,0.12,6.71,3.59
"2022-08-01 08:00:00",15.76,9.98,0.04,7.47,3.92
"2022-08-01 09:00:00",21.4,11.28,0.08,8.29,4.33
"2022-08-01 10:00:00",11.2,31.24,-0.11,5.95,2.89
"2022-08-01 11:00:00",4.61,39.77,0,4.02,2.02
"2022-08-01 12:00:00",2.58,41.37,0.06,3.66,1.66
"2022-08-01 13:00:00",4.07,38,0.14,4.24,1.89
"2022-08-01 14:00:00",3.1,39.18,0.2,2.23,0.99
"2022-08-01 15:00:00",3.55,33.83,0.27,2.06,0.8
"2022-08-01 16:00:00",5.38,27.97,0.2,1.93,1.14
"2022-08-01 17:00:00",4.84,27.54,0.24,3.62,1.97
"2022-08-01 18:00:00",3.48,25.88,0.14,5.72,2.41
"2022-08-01 19:00:00",2.45,24.18,0.09,8.78,4.25
"2022-08-01 20:00:00",3.29,23.13,0.18,5.76,2.5
"2022-08-01 21:00:00",1.85,12.6,0.27,4.06,1.55
"2022-08-01 22:00:00",0.92,23.52,-0.2,3.7,1.69
"2022-08-01 23:00:00",0.77,22.69,0.06,5.34,2.17
"2022-08-02 00:00:00",0.69,19.87,0.43,3.83,1.5
"2022-08-02 01:00:00",0.34,19.41,0.35,4.06,1.52
"2022-08-02 02:00:00",0.44,19.89,0.03,4.28,1.43
"2022-08-02 03:00:00",0.47,19.46,-0.05,3.32,1.29
"2022-08-02 04:00:00",0.64,20.43,0.36,3.65,1.24
"2022-08-02 05:00:00",0.71,18.57,0.45,3,0.76
"2022-08-02 06:00:00",1.37,19.57,0.16,2.45,0.68
"2022-08-02 07:00:00",3.03,20.93,0.45,2.92,0.75
"2022-08-02 08:00:00",3.07,24.26,0.23,2.14,0.67
"2022-08-02 09:00:00",5.99,25.12,0.4,3.33,0.98
"2022-08-02 10:00:00",2.61,30.19,0.01,3.35,1.01
"2022-08-02 11:00:00",10.1,29.63,0.12,3.82,1.21
"2022-08-02 12:00:00",4.05,27.09,0.34,4.48,1.51
"2022-08-02 13:00:00",2.89,26.66,0.44,3.89,1.55
"2022-08-02 14:00:00",3.33,30.73,0.45,4.39,1.76
"2022-08-02 15:00:00",3.27,37.7,0.46,5.15,1.74
"2022-08-02 16:00:00",4.31,45.47,0.04,5.51,1.74
"2022-08-02 17:00:00",10.53,44.25,-0.16,6.27,2.3
"2022-08-02 18:00:00",5.58,48.1,0.22,9.14,2.59
"2022-08-02 19:00:00",5.44,46.91,0.14,7.82,2.93
"2022-08-02 20:00:00",4.13,45.75,0.21,7.32,3.44
"2022-08-02 21:00:00",5.81,40.61,-0.06,9.07,4.13
"2022-08-02 22:00:00",3.95,42.32,0.42,8.87,4.31
"2022-08-02 23:00:00",4.29,42.82,0.27,8.07,5.12
"2022-08-03 00:00:00",1.76,49.58,0.26,8.29,5.07
"2022-08-03 01:00:00",0.64,55.9,0.54,5.65,3.59
"2022-08-03 02:00:00",0.34,51.76,0.14,5.58,3.38
"2022-08-03 03:00:00",0.47,51.27,0.7,5.79,3.14
"2022-08-03 04:00:00",0.59,49.27,0.43,5.22,2.93
"2022-08-03 05:00:00",0.77,48.44,0.5,5.41,2.77
"2022-08-03 06:00:00",2.22,44.87,0.67,5.86,2.78
"2022-08-03 07:00:00",5.12,42.72,0.46,6.51,3.1
"2022-08-03 08:00:00",3.55,49.57,0.48,8.47,4.19
"2022-08-03 09:00:00",4.69,46.94,0.54,7.83,3.65
"2022-08-03 10:00:00",3.58,46.88,0.6,6.07,2.6
"2022-08-03 11:00:00",2.8,47.17,0.15,5.22,2.39
"2022-08-03 12:00:00",3.99,46.75,-0.16,4.82,1.71
"2022-08-03 13:00:00",4.67,46.29,0.41,4.79,1.67
"2022-08-03 14:00:00",4.81,43.49,9.47,6.17,1.59
"2022-08-03 15:00:00",7.25,47.96,-3.53,4.41,1.54
"2022-08-03 16:00:00",7.37,49,-1.72,4.33,1.55
"2022-08-03 17:00:00",5.95,50.83,-1.47,4.26,1.61
"2022-08-03 18:00:00",7.2,49.8,-1.35,3.95,1.73
"2022-08-03 19:00:00",8.49,45.46,-1.45,4.85,2.13
"2022-08-03 20:00:00",6.23,49.84,-1.38,3.84,1.74
"2022-08-03 21:00:00",7.73,48.85,-1.51,3.18,1.49
"2022-08-03 22:00:00",8.45,45.05,-0.97,3.99,1.79
"2022-08-03 23:00:00",3.45,49.87,-1.25,4.19,1.67
"2022-08-04 00:00:00",3.9,47.27,-1.78,7.55,2.61
"2022-08-04 01:00:00",3.34,43.51,-1.78,6.93,2.45
"2022-08-04 02:00:00",2.74,41.4,-1.84,6.99,2.8
"2022-08-04 03:00:00",1.85,43.4,-1.89,7.29,2.98
"2022-08-04 04:00:00",2.25,41.59,-1.87,6.38,2.78
"2022-08-04 05:00:00",3.03,40.13,-1.82,5.2,2.35
"2022-08-04 06:00:00",7.8,31.89,-2.05,5.6,2.43
"2022-08-04 07:00:00",12.54,27.59,-2.1,5.38,2.4
"2022-08-04 08:00:00",12.86,28.15,-2.01,7.73,2.77
"2022-08-04 09:00:00",6.18,35.49,-2.13,8.02,2.67
"2022-08-04 10:00:00",3.79,42.1,-2.32,6.3,2.59
"2022-08-04 11:00:00",3.39,46.93,-1.92,7.21,2.88
"2022-08-04 12:00:00",3.15,48.74,-1.82,6.69,2.75
"2022-08-04 13:00:00",2.97,47.47,-2.15,6.31,2.68
"2022-08-04 14:00:00",4.49,47.84,-1.55,4.78,2.15
"2022-08-04 15:00:00",3.76,51.68,-2.08,5.26,2.55
"2022-08-04 16:00:00",5.39,53.41,-2.35,7.86,2.97
"2022-08-04 17:00:00",7.64,52.59,-1.92,6.68,2.83
"2022-08-04 18:00:00",4.66,53.6,-1.92,6.17,2.6
"2022-08-04 19:00:00",6.21,49.54,-1.51,5.85,2.83
"2022-08-04 20:00:00",5.6,48.37,-1.91,6.83,3.13
"2022-08-04 21:00:00",5.19,50.99,-2.04,6.54,3.02
"2022-08-04 22:00:00",4.66,49.9,-2.43,6.31,2.8
"2022-08-04 23:00:00",3.93,48.77,-2.47,6.66,3.02
"2022-08-05 00:00:00",6.31,42.6,-2.49,7.93,3.4
"2022-08-05 01:00:00",4.65,42.43,-2.37,6.84,3.37
"2022-08-05 02:00:00",3.21,44.74,-2.41,6.72,3.26
"2022-08-05 03:00:00",2.46,45.96,-2.28,6.55,3.28
"2022-08-05 04:00:00",2.31,46.08,-2.24,7.26,3.25
"2022-08-05 05:00:00",3.49,45.24,-2.16,6.91,3.24
"2022-08-05 06:00:00",6.15,42.92,-2.22,7.43,3.26
"2022-08-05 07:00:00",11,38.59,-2.11,6.9,3.24
"2022-08-05 08:00:00",12.74,34.78,-2.11,8.79,3.49
"2022-08-05 09:00:00",12.26,33.9,-2.16,8.84,3.44
"2022-08-05 10:00:00",7.01,39.71,-2.23,6.35,2.69
"2022-08-05 11:00:00",7.13,46.17,-2.28,6.47,2.57
"2022-08-05 12:00:00",6.06,43.88,-2.36,4.82,2.37
"2022-08-05 13:00:00",8.44,45.15,-1.8,5.24,2.84
"2022-08-05 14:00:00",5.46,47.8,-2.16,7.52,3.99
"2022-08-05 15:00:00",4.31,52.2,-2.27,6.32,2.79
"2022-08-05 16:00:00",4.13,53.39,-2.54,6.02,2.65
"2022-08-05 17:00:00",4.52,53.25,-2.36,7.33,3.53
"2022-08-05 18:00:00",4.64,53.59,-1.99,7.13,4.2
"2022-08-05 19:00:00",4.43,51.48,-2.24,7.1,4.5
"2022-08-05 20:00:00",11.77,41.83,-1.72,8.41,4.67
"2022-08-05 21:00:00",14.53,36.04,-2.37,8.82,5.03
"2022-08-05 22:00:00",9.97,38.93,-2.36,9.24,5.13
"2022-08-05 23:00:00",12.47,32.06,-2.34,9.43,5.04
"2022-08-06 00:00:00",15.71,25.41,-2.38,10.44,5.46
"2022-08-06 01:00:00",11.89,28.98,-2.57,9.11,4.5
"2022-08-06 02:00:00",8.47,28.25,-2.65,7.24,4.07
"2022-08-06 03:00:00",7.28,30.14,-2.61,7.11,3.62
"2022-08-06 04:00:00",7.73,29.38,-2.54,6.85,3.37
"2022-08-06 05:00:00",8.65,28.35,-2.65,6.3,3.11
"2022-08-06 06:00:00",11.48,26.88,-2.43,5.94,3.1
"2022-08-06 07:00:00",8.21,30.23,-2.46,5.82,2.92
"2022-08-06 08:00:00",4.44,44,-2.06,6.29,2.83
"2022-08-06 09:00:00",2.95,48.57,-2.32,7.8,2.72
"2022-08-06 10:00:00",3.39,48.39,-2.33,6.98,2.41
"2022-08-06 11:00:00",6.55,46.01,-2.2,4.74,2.13
"2022-08-06 12:00:00",4.05,46.96,-2.03,7.78,2.34
"2022-08-06 13:00:00",3.66,48.04,-2.25,3.95,1.58
"2022-08-06 14:00:00",3.85,47.18,-2.28,3.8,1.68
"2022-08-06 15:00:00",4.52,48.79,-2.35,3.71,2.06
"2022-08-06 16:00:00",3.53,43.79,-2.5,5.2,2.96
"2022-08-06 17:00:00",4.98,43.67,-2.54,5.97,3.36
"2022-08-06 18:00:00",4.14,47.57,-2.46,6.72,3.37
"2022-08-06 19:00:00",6.52,45.18,-2.27,6.41,3.62
"2022-08-06 20:00:00",6.22,45.02,-2.28,9.48,6.29
"2022-08-06 21:00:00",10.21,40.46,-2.26,45.79,42.1
"2022-08-06 22:00:00",8.48,39.02,-2.43,8.08,4.06
"2022-08-06 23:00:00",5.87,41.16,-2.52,7.63,4.51
"2022-08-07 00:00:00",4.04,41.95,-2.58,7.85,4.59
"2022-08-07 01:00:00",3.66,39.63,-2.47,7.47,4.41
"2022-08-07 02:00:00",3.16,36.04,-2.43,7.66,4.28
"2022-08-07 03:00:00",2.5,40.45,-2.57,7.63,4.24
"2022-08-07 04:00:00",1.85,40.88,-2.51,8.01,4.16
"2022-08-07 05:00:00",2.13,38.36,-2.53,6.52,3.93
"2022-08-07 06:00:00",1.96,41.55,-2.58,7.45,4.14
"2022-08-07 07:00:00",1.72,44.5,-2.61,7.28,4
"2022-08-07 08:00:00",2.03,44.42,-2.56,7.25,3.85
"2022-08-07 09:00:00",1.05,44.62,-2.53,7.05,3.79
"2022-08-07 10:00:00",1.8,45.45,-2.51,6.49,3.93
"2022-08-07 11:00:00",1.6,47.15,-2.47,6.45,4.06
"2022-08-07 12:00:00",1.74,49.01,-2.34,6.48,4.04
"2022-08-07 13:00:00",1.89,48.71,-2.31,5.38,3.47
"2022-08-07 14:00:00",2.05,52.68,-2.33,5.8,3.44
"2022-08-07 15:00:00",2.43,53.61,-2.25,5.58,3.35
"2022-08-07 16:00:00",2.62,57.74,-2.36,5.21,3.19
"2022-08-07 17:00:00",6.56,57.59,-3.04,4.84,3.18
"2022-08-07 18:00:00",4.18,59.42,-2.79,6.44,4.55
"2022-08-07 19:00:00",5.4,58.65,-2.55,5.65,3.55
"2022-08-07 20:00:00",8.71,50.43,-2.56,6.58,3.69
"2022-08-07 21:00:00",11.16,43.82,-2.62,10.35,7.33
"2022-08-07 22:00:00",13.51,37.93,-2.56,9.07,4.93
"2022-08-07 23:00:00",12.57,37.22,-2.54,8.64,4.87
"2022-08-08 00:00:00",8.49,39.81,-2.59,7.84,4.6
"2022-08-08 01:00:00",6.59,36.62,-2.38,9.74,5.43
"2022-08-08 02:00:00",4.94,33.95,-2.17,6.91,4.29
"2022-08-08 03:00:00",5.58,28.6,-2.48,7.09,4.17
"2022-08-08 04:00:00",14.75,14.5,-2.5,10.68,7.36
"2022-08-08 05:00:00",18.39,9.32,-2.49,10.49,7.88
"2022-08-08 06:00:00",22.17,7.44,-2.5,9.11,6.01
"2022-08-08 07:00:00",22.08,10.39,-2.37,10.26,5.84
"2022-08-08 08:00:00",24.36,11.94,-1.98,14.59,6.52
"2022-08-08 09:00:00",18.52,26.97,-1.92,11.96,5.27
"2022-08-08 10:00:00",10.5,37.41,-2.02,9.58,4.75
"2022-08-08 11:00:00",8.86,43.59,-2.39,10.27,4.81
"2022-08-08 12:00:00",6.11,55.08,-2.16,10.39,4.12
"2022-08-08 13:00:00",19.21,47.48,-1.61,8.21,4.42
"2022-08-08 14:00:00",11.01,53.42,-2.05,8.33,4.6
"2022-08-08 15:00:00",9.02,58.79,-2.04,9.9,4.58
"2022-08-08 16:00:00",7.59,63.85,-2.36,8.98,4.33
"2022-08-08 17:00:00",8.62,59.22,-2.29,8.96,4.82
"2022-08-08 18:00:00",9.56,56.07,-2.38,9.74,6.26
"2022-08-08 19:00:00",12.7,52.15,-2.44,8.96,5.52
"2022-08-08 20:00:00",19.67,42.26,-2.37,9.92,6.34
"2022-08-08 21:00:00",25.02,34.73,-2.65,9.09,6.44
"2022-08-08 22:00:00",21.08,33.12,-2.63,9.2,6.42
"2022-08-08 23:00:00",28.84,19.03,-2.33,9.42,6.37
"2022-08-09 00:00:00",23.45,15.02,-2.58,8.74,5.25
"2022-08-09 01:00:00",18.14,20.05,-2.6,8.57,4.61
"2022-08-09 02:00:00",16.23,20.31,-2.32,8.44,4.36
"2022-08-09 03:00:00",15.08,22.31,-2.7,7.48,4.27
"2022-08-09 04:00:00",13.35,21.63,-2.54,7.86,4.2
"2022-08-09 05:00:00",20.15,12.75,-2.62,7.31,4.16
"2022-08-09 06:00:00",33.06,5.75,-2.76,8.19,4.38
"2022-08-09 07:00:00",33.72,9.35,-2.5,11.31,4.76
"2022-08-09 08:00:00",28.83,11.83,-2.41,16.41,5.87
"2022-08-09 09:00:00",24.66,16.29,-2.55,18.5,6.06
"2022-08-09 10:00:00",13.84,37.37,-2.92,10.21,4.16
"2022-08-09 10:01:00",,,
"2022-08-09 11:00:00",13.83,43.64,,8.26,3.87
"2022-08-09 11:01:00",,,
"2022-08-09 12:00:00",14.79,50.82,1.65,9.04,4.13
"2022-08-09 13:00:00",13.18,58.72,0.22,9.02,4.24
"2022-08-09 14:00:00",12.09,65.94,-0.27,9.89,4.7
"2022-08-09 15:00:00",13.5,69.84,-0.41,9.11,4.61
"2022-08-09 16:00:00",11.19,77.39,-0.07,8.19,4.59
"2022-08-09 17:00:00",41.5,58.28,0.91,7.88,4.27
"2022-08-09 18:00:00",10.41,71.87,-0.25,6.13,3.78
"2022-08-09 19:00:00",15.1,63.48,-0.38,6.95,4.52
"2022-08-09 20:00:00",12.62,60.34,-0.6,7.81,4.71
"2022-08-09 21:00:00",16.2,52.55,-0.22,9.67,5.64
"2022-08-09 22:00:00",19.75,42.95,-0.25,9.22,4.63
"2022-08-09 23:00:00",22.3,31.17,-0.22,9.58,5.21
"2022-08-10 00:00:00",26.36,17.04,-0.23,10.22,5.56
"2022-08-10 01:00:00",23.44,22.08,-0.17,10.8,5.39
"2022-08-10 02:00:00",36.78,10.9,0.05,14.87,8.67
"2022-08-10 03:00:00",22.35,22.61,0.04,12.1,6.54
"2022-08-10 04:00:00",13.71,32.87,-0.1,9.69,4.65
"2022-08-10 05:00:00",12.27,38.56,-0.23,8.15,4.42
"2022-08-10 06:00:00",25.77,26.2,-0.13,11.42,6.89
"2022-08-10 07:00:00",29.11,20.15,-0.14,11.66,5.29
"2022-08-10 08:00:00",20.61,26.49,-0.16,12.44,4.35
"2022-08-10 09:00:00",23.31,27.81,-0.39,13.62,4.7
"2022-08-10 10:00:00",16.54,44.44,-0.12,11.68,4.03
"2022-08-10 11:00:00",20.44,50.33,-0.01,10.65,4.32
"2022-08-10 12:00:00",31.87,43.78,0.31,13.5,5.1
"2022-08-10 13:00:00",22.09,58.56,0.52,12.32,4.79
"2022-08-10 14:00:00",15.21,83.37,0.44,11.83,4.81
"2022-08-10 15:00:00",12.53,88.13,0.35,11.99,4.59
"2022-08-10 16:00:00",14.4,93.94,0.25,10.24,4.5
"2022-08-10 17:00:00",16.11,95.31,-0.1,10.14,4.87
"2022-08-10 18:00:00",17.53,85.62,0.03,8.69,4.86
"2022-08-10 19:00:00",20.38,75.79,-0.11,10.3,5.25
"2022-08-10 20:00:00",22.94,64.31,-0.46,10.64,6.21
"2022-08-10 21:00:00",31.05,47.38,0.2,11.92,6.79
"2022-08-10 22:00:00",36.51,37.43,-0.04,12.01,5.8
"2022-08-10 23:00:00",51.41,12.64,0.01,11.69,6.36
"2022-08-11 00:00:00",63.25,0.57,-0.03,13.06,7.71
"2022-08-11 01:00:00",43.45,14.34,-0.31,11.29,7.3
"2022-08-11 02:00:00",25.54,23.74,-0.12,11.25,6.68
"2022-08-11 03:00:00",25.97,17.08,-0.03,10.23,6.11
"2022-08-11 04:00:00",24.09,17.69,0.15,10.66,6
"2022-08-11 05:00:00",34.97,7.28,0.3,12.22,6.69
"2022-08-11 06:00:00",40.5,3.64,0.33,16.73,9.86
"2022-08-11 07:00:00",41.74,10.05,0.51,16.84,8.49
"2022-08-11 08:00:00",44.36,16.66,0.41,19.28,7.97
"2022-08-11 09:00:00",33.72,42.24,0.23,15.24,6.61
"2022-08-11 10:00:00",25.26,63.24,-0.09,19.5,6.61
"2022-08-11 11:00:00",37.33,53.6,1.14,12.42,4.73
"2022-08-11 12:00:00",19.4,70.46,1.07,10.72,4.26
"2022-08-11 13:00:00",14.93,75.12,0.65,10.26,4.02
"2022-08-11 14:00:00",26.73,63.31,0.77,6.66,3.32
"2022-08-11 15:00:00",17.17,75.75,0.41,7.1,2.85
"2022-08-11 16:00:00",12.75,80.2,0.03,6.09,2.58
"2022-08-11 17:00:00",25.08,77.2,0.24,5.12,2.65
"2022-08-11 18:00:00",20.99,78.38,0.26,6.02,3.76
"2022-08-11 19:00:00",15.9,77.13,0.22,8.1,5.68
"2022-08-11 20:00:00",24.31,64.25,0.57,9.89,7.43
"2022-08-11 21:00:00",41.71,44.91,0.56,12.12,8.23
"2022-08-11 22:00:00",45.45,34,0.63,9.7,4.98
"2022-08-11 23:00:00",59.53,16.91,1.08,8.88,5
"2022-08-12 00:00:00",42.65,34.55,0.6,7.25,4.47
"2022-08-12 01:00:00",20.48,54.63,-0.02,6.98,4.48
"2022-08-12 02:00:00",29.53,35.59,0.03,8.09,5.47
"2022-08-12 03:00:00",28.93,30.01,-0.1,9.05,5.79
"2022-08-12 04:00:00",24.52,25.19,0.01,8.3,5.29
"2022-08-12 05:00:00",18.69,21.02,-0.29,9.25,5.91
"2022-08-12 06:00:00",22.83,12.4,-0.07,9.29,6.22
"2022-08-12 07:00:00",27.27,17.05,0.59,10.57,5.65
"2022-08-12 08:00:00",25.49,23.91,0.93,9.5,4.82
"2022-08-12 09:00:00",25.51,27.65,0.76,11.02,5.05
"2022-08-12 10:00:00",22.24,33.68,0.91,12.4,5.24
"2022-08-12 11:00:00",22.5,40.05,1.19,11.53,4.77
"2022-08-12 12:00:00",21.59,47.55,1.08,11.94,4.93
"2022-08-12 13:00:00",22.98,50.81,0.76,11.33,4.77
"2022-08-12 14:00:00",21.17,57.91,1.1,12.06,4.92
"2022-08-12 15:00:00",27.99,55.84,1.35,12.57,5.54
"2022-08-12 16:00:00",22.61,71.07,1.07,12.44,5.81
"2022-08-12 17:00:00",23.72,71.84,0.85,13.6,7
"2022-08-12 18:00:00",40.66,64.5,0.61,15.51,8.16
"2022-08-12 19:00:00",23.05,90.26,1.01,18.39,9.37
"2022-08-12 20:00:00",32,64.46,0.92,24.65,12.22
"2022-08-12 21:00:00",32.71,52.26,1.06,16.16,9.17
"2022-08-12 22:00:00",43.34,30.71,1.07,10.63,6.47
"2022-08-12 23:00:00",30.4,39.09,0.92,9.89,5.92
"2022-08-13 00:00:00",30.16,40.96,0.59,12.31,7.33
"2022-08-13 01:00:00",22.26,45.98,0.44,13.19,9.04
"2022-08-13 02:00:00",27.21,33.06,0.39,13.95,9.84
"2022-08-13 03:00:00",28.71,33.41,0.31,13.08,9.4
"2022-08-13 04:00:00",24.9,27,0.31,12.62,8.59
"2022-08-13 05:00:00",21.73,32.95,0.2,11.71,7.49
"2022-08-13 06:00:00",21.36,16.2,0.44,10.56,6.54
"2022-08-13 07:00:00",20.59,38.55,0.26,11.11,6.1
"2022-08-13 08:00:00",16.2,47.61,-0.06,12.41,6.37
"2022-08-13 09:00:00",19.11,54.65,-0.05,12.85,6.56
"2022-08-13 10:00:00",17.2,61.47,0.1,13.63,6.91
"2022-08-13 11:00:00",20.66,67.55,0.33,15.27,7.94
"2022-08-13 12:00:00",23.71,69.8,0.1,15.56,7.97
"2022-08-13 13:00:00",21.11,81.37,0.22,16.43,8.64
"2022-08-13 14:00:00",22.05,81.06,0.33,17.61,9.08
"2022-08-13 15:00:00",23.51,88.92,0.53,17.58,9.07
"2022-08-13 16:00:00",28.2,87.28,0.46,17.93,9.48
"2022-08-13 17:00:00",42.89,72.07,0.45,17.73,9.83
"2022-08-13 18:00:00",31.66,86.77,0.48,18.77,10.94
"2022-08-13 19:00:00",14.83,104.64,0.91,18,10.4
"2022-08-13 20:00:00",15.94,97.23,0.73,18.46,10.5
"2022-08-13 21:00:00",18.43,85.95,0.39,17.11,9.52
"2022-08-13 22:00:00",42.06,50.73,0.34,19.48,11.29
"2022-08-13 23:00:00",51.8,45.25,0.22,20.46,11.84
"2022-08-14 00:00:00",34.36,59.93,0.45,15.14,9.87
"2022-08-14 01:00:00",28.15,58.96,0.43,14.89,9.59
"2022-08-14 02:00:00",21.1,66.24,0.21,14.07,9.08
"2022-08-14 03:00:00",25.96,29.45,0.26,16.33,12.99
"2022-08-14 04:00:00",29.97,22.17,0.37,16.43,12.24
"2022-08-14 05:00:00",26.76,20.64,0.42,19.61,15.35
"2022-08-14 06:00:00",20.02,32.31,0.22,16.01,11.69
"2022-08-14 07:00:00",16.1,44.51,0.36,14.97,10.38
"2022-08-14 08:00:00",15.86,58.55,0.15,15.79,9.78
"2022-08-14 09:00:00",15.11,65.25,0.22,16.33,8.71
"2022-08-14 10:00:00",16.05,70.96,0.05,18.59,9.8
"2022-08-14 11:00:00",28.85,60.1,0.4,19.18,9.7
"2022-08-14 12:00:00",26.54,67.13,0.44,18.31,9.69
"2022-08-14 13:00:00",27.29,70.81,0.33,19.58,10.26
"2022-08-14 14:00:00",21.22,80.03,0.4,18.75,10.23
"2022-08-14 15:00:00",23.06,88.88,0.57,20.49,12.12
"2022-08-14 16:00:00",23.5,93.26,0.74,20.04,12.08
"2022-08-14 17:00:00",26.19,103.85,0.71,21.62,12.63
"2022-08-14 18:00:00",27.82,113.79,0.93,23.38,15.49
"2022-08-14 19:00:00",24.93,103.38,0.97,26.44,17.53
"2022-08-14 20:00:00",25.53,80.11,1.02,19.78,11.77
"2022-08-14 21:00:00",32.3,58.81,1.08,16.22,10.17
"2022-08-14 22:00:00",45.19,38.8,0.92,16.15,9.54
"2022-08-14 23:00:00",30.68,50.73,0.77,13.94,8.69
"2022-08-15 00:00:00",16.36,65.39,0.6,13.97,8.94
"2022-08-15 01:00:00",9.86,60.28,0.62,16.8,10.5
"2022-08-15 02:00:00",9.81,53.15,0.53,15.06,11.31
"2022-08-15 03:00:00",9.44,52.18,0.49,14.11,11.71
"2022-08-15 04:00:00",7.89,53.41,0.45,12.45,10.29
"2022-08-15 05:00:00",12.22,40.15,0.39,12.82,10.71
"2022-08-15 06:00:00",19.25,32.26,0.42,15.66,12.9
"2022-08-15 07:00:00",32.23,18.34,0.37,16.36,13.57
"2022-08-15 08:00:00",25.46,51.23,0.15,11.83,8.95
"2022-08-15 09:00:00",15.26,70.21,0.09,10.63,7.65
"2022-08-15 10:00:00",15.87,72.69,0.52,11.13,7.9
"2022-08-15 11:00:00",13.12,95.55,0.29,9.6,6.85
"2022-08-15 12:00:00",13.48,106.14,0.05,8.85,6.01
"2022-08-15 13:00:00",24.21,88.57,0.24,10.66,7.49
"2022-08-15 14:00:00",20.52,78.29,0.41,14.19,9.65
"2022-08-15 15:00:00",13.78,90.75,0.23,11.18,8.75
"2022-08-15 16:00:00",10.73,95.82,0.26,12.79,9.81
"2022-08-15 17:00:00",19.23,77.22,-0.06,16.02,11.96
"2022-08-15 18:00:00",33.59,55.99,-0.01,12.85,11.08
"2022-08-15 19:00:00",22.71,53.16,0.01,11.7,10.29
"2022-08-15 20:00:00",10.44,56.32,-0.51,8.22,7.03
"2022-08-15 21:00:00",10.64,37.57,-0.52,9.76,7.35
"2022-08-15 22:00:00",12.39,23.44,0.19,10.2,6.51
"2022-08-15 23:00:00",9.36,23.56,0.35,10.54,6.25
"2022-08-16 00:00:00",6.53,24.42,0.22,7.65,4.83
"2022-08-16 01:00:00",7.03,25.03,0.2,6.75,3.95
"2022-08-16 02:00:00",5.66,27.1,0.13,6.43,3.47
"2022-08-16 03:00:00",4.47,39.36,0.14,5.92,3.56
"2022-08-16 04:00:00",2.87,35.92,-0.2,6.44,3.19
"2022-08-16 05:00:00",2.94,35.82,-0.03,5.29,2.86
"2022-08-16 06:00:00",5.24,34.53,0.16,6.27,3.09
"2022-08-16 07:00:00",9.08,29.81,0.11,6.14,2.93
"2022-08-16 08:00:00",9.17,34.28,-0.09,6.4,2.78
"2022-08-16 09:00:00",7.26,35.55,0.22,6.61,3.02
"2022-08-16 10:00:00",7.2,38.44,0.17,7.56,3.36
"2022-08-16 11:00:00",6.14,41.65,-0.01,8.07,3.35
"2022-08-16 12:00:00",7.9,42.64,0,7.57,3.42
"2022-08-16 13:00:00",7.76,46.24,0.1,8.04,3.6
"2022-08-16 14:00:00",7.03,48.35,0.15,8.37,3.64
"2022-08-16 15:00:00",12.21,49.84,0.29,8.11,3.5
"2022-08-16 16:00:00",10.53,49.26,-0.13,10.36,4.8
"2022-08-16 17:00:00",11,49.18,0.07,8.66,3.87
"2022-08-16 18:00:00",12.24,49.57,0.19,8.94,4.12
"2022-08-16 19:00:00",7.05,54.87,-0.43,9.43,4.31
"2022-08-16 20:00:00",8.54,50.77,-0.15,8.78,4.34
"2022-08-16 21:00:00",6.66,49.22,-0.07,8.39,4.57
"2022-08-16 22:00:00",5.41,47.25,-0.32,7.62,4.13
"2022-08-16 23:00:00",5.18,44.12,-0.22,8.05,3.9
"2022-08-17 00:00:00",3.65,43.4,-0.1,7.77,4.12
"2022-08-17 01:00:00",3.94,40.99,-0.19,7.41,4.32
"2022-08-17 02:00:00",4.57,40.23,-0.08,7.28,4.53
"2022-08-17 03:00:00",5.2,38.29,-0.09,8.16,4.5
"2022-08-17 04:00:00",5.43,36.18,-0.1,8.43,4.68
"2022-08-17 05:00:00",8.11,31.34,-0.18,8.79,4.98
"2022-08-17 06:00:00",11.41,25.39,-0.12,9.16,4.84
"2022-08-17 07:00:00",20.91,14.51,0.49,11.91,5.17
"2022-08-17 08:00:00",29.83,6.96,0.54,14.03,6.17
"2022-08-17 09:00:00",26.74,7.92,0.3,17.15,6.85
"2022-08-17 10:00:00",28.91,9.68,0.51,16.17,7.25
"2022-08-17 11:00:00",21.78,16.18,0.25,12.94,6.54
"2022-08-17 12:00:00",13.63,22.41,-0.05,10.63,5.39
"2022-08-17 13:00:00",12.6,27.96,-0.33,8.58,4.9
"2022-08-17 14:00:00",14.25,33.82,-0.24,8.7,4.67
"2022-08-17 15:00:00",20.76,26.67,-0.15,9.39,5.36
"2022-08-17 16:00:00",20,33.32,0.04,7.73,4.16
"2022-08-17 17:00:00",19.62,41.2,-0.08,7.18,4.37
"2022-08-17 18:00:00",24.75,37.88,-0.26,9.09,5.72
"2022-08-17 19:00:00",22.29,40.08,-0.16,10.55,6.4
"2022-08-17 20:00:00",18.03,47.34,-0.02,9.4,6.48
"2022-08-17 21:00:00",16.31,40.28,0.03,10.53,7.13
"2022-08-17 22:00:00",18.63,24.43,0.07,9.5,5.89
"2022-08-17 23:00:00",14.36,29.41,0.1,7.34,4.29
"2022-08-18 00:00:00",7.5,37.42,-0.07,6.97,3.56
"2022-08-18 01:00:00",6.5,40.5,-0.07,7.12,3.82
"2022-08-18 02:00:00",5.61,35.22,-0.13,5.64,3.73
"2022-08-18 03:00:00",3.41,49.17,-0.22,6.81,3.84
"2022-08-18 04:00:00",2.01,54.93,-0.2,5.45,3.48
"2022-08-18 05:00:00",2.28,50.75,-0.22,5.09,3.48
"2022-08-18 06:00:00",5.27,48.77,-0.17,3.88,2.59
"2022-08-18 07:00:00",6.99,45.81,-0.04,2.32,1.27
"2022-08-18 08:00:00",5.01,48.37,0,1.87,0.57
"2022-08-18 09:00:00",6.15,42.37,0.15,1.67,0.48
"2022-08-18 10:00:00",4.08,44.64,-0.03,2.47,0.75
"2022-08-18 11:00:00",4.98,39.61,-0.17,4.03,1.07
"2022-08-18 12:00:00",6.36,40.38,0.12,3.58,0.78
"2022-08-18 13:00:00",4.72,37.7,0.14,3.03,0.89
"2022-08-18 14:00:00",4.27,32.68,0.04,4.06,1.14
"2022-08-18 15:00:00",4.98,30.49,0.13,5.41,1.69
"2022-08-18 16:00:00",6.47,38.02,0.33,5.14,1.37
"2022-08-18 17:00:00",6.23,45.73,0.31,6.25,1.63
"2022-08-18 18:00:00",6.41,55.07,0.23,7.2,2.32
"2022-08-18 19:00:00",5.87,55.38,0.34,9.44,4.52
"2022-08-18 20:00:00",11.1,54.01,0.33,10.98,5.86
"2022-08-18 21:00:00",7.5,51.26,0.06,17.79,6.8
"2022-08-18 22:00:00",6.9,50.24,0.18,19.5,7.37
"2022-08-18 23:00:00",4.28,51.95,-0.18,11.76,6.3
"2022-08-19 00:00:00",1.87,55.13,-0.01,13.28,6.62
"2022-08-19 01:00:00",1.48,53.45,0.08,13.04,6.7
"2022-08-19 02:00:00",1.31,51.45,-0.02,14.69,7.69
"2022-08-19 03:00:00",1.53,48.14,-0.16,13.73,7.45
"2022-08-19 04:00:00",1.44,46.28,0.08,10.58,5.83
"2022-08-19 05:00:00",1.14,46.59,0.08,8.96,4.7
"2022-08-19 06:00:00",2.72,43.63,0.07,8.11,4.16
"2022-08-19 07:00:00",4.64,41.57,0.03,6.76,3.48
"2022-08-19 08:00:00",4.67,43.04,0.07,7.18,3.14
"2022-08-19 09:00:00",3.42,43.03,0.09,7.09,2.91
"2022-08-19 10:00:00",4.41,43.73,0.25,6.59,2.8
"2022-08-19 11:00:00",5.13,47.53,0.19,9.18,3.21
"2022-08-19 12:00:00",3.77,50.95,0.18,9.19,3.69
"2022-08-19 13:00:00",3.28,54.09,0.29,10.09,4.34
"2022-08-19 14:00:00",5.73,54.78,0.46,10.13,4.75
"2022-08-19 15:00:00",4.94,53.19,0.23,8.68,3.73
"2022-08-19 16:00:00",5.98,49.37,-0.05,5.97,2.82
"2022-08-19 17:00:00",6,48.17,0.29,6.24,2.54
"2022-08-19 18:00:00",3.85,49.14,0.2,4.87,2.55
"2022-08-19 19:00:00",7.48,45.19,0.29,5.76,2.69
"2022-08-19 20:00:00",4.86,44.32,-0.19,2.77,1.69
"2022-08-19 21:00:00",5.63,39.51,-0.09,3.67,2.22
"2022-08-19 22:00:00",5.59,39.4,0.09,3.62,2.05
"2022-08-19 23:00:00",3,42.75,-0.32,3.49,2.09
"2022-08-20 00:00:00",2.22,43.07,-0.25,3.35,2.24
"2022-08-20 01:00:00",1.32,44.02,-0.18,4.97,3.2
"2022-08-20 02:00:00",1.24,46.75,-0.28,5.02,3.29
"2022-08-20 03:00:00",0.9,44.5,-0.33,4.18,2.84
"2022-08-20 04:00:00",1,40.75,-0.3,5.88,3.95
"2022-08-20 05:00:00",0.68,41.45,-0.08,6.79,4.43
"2022-08-20 06:00:00",1.02,41.5,-0.02,7.81,5.05
"2022-08-20 07:00:00",1.28,41.08,-0.03,9.23,5.71
"2022-08-20 08:00:00",1.32,40.46,-0.01,9.79,6.19
"2022-08-20 09:00:00",1.76,38.54,0.1,10.58,6.38
"2022-08-20 10:00:00",2.49,40.5,0.17,10.98,6.47
"2022-08-20 11:00:00",4.01,43.07,0.4,10.62,6.18
"2022-08-20 12:00:00",2.52,48.59,0.23,11.32,5.98
"2022-08-20 13:00:00",1.85,52.75,0.22,9.05,5.19
"2022-08-20 14:00:00",3.15,56.64,0.24,9,5.16
"2022-08-20 15:00:00",2.79,57.18,0.14,10.71,5.32
"2022-08-20 16:00:00",1.74,57.7,0.21,10.63,5.51
"2022-08-20 17:00:00",4.23,56.5,0.2,9.22,5.63
"2022-08-20 18:00:00",4.53,50.29,0.21,8.39,4.96
"2022-08-20 19:00:00",4.31,50.7,-0.09,4.76,3.28
"2022-08-20 20:00:00",6.72,47.05,-0.13,5.19,3.48
"2022-08-20 21:00:00",7.72,44.32,0.11,5.01,3.11
"2022-08-20 22:00:00",6.15,44.74,0.08,5.24,3.26
"2022-08-20 23:00:00",2.57,47.13,0.04,7.18,4.11
"2022-08-21 00:00:00",2.08,47.76,0.14,9.61,4.95
"2022-08-21 01:00:00",2.88,49.33,0.19,9.88,5.09
"2022-08-21 02:00:00",3.63,50.39,0.07,10.92,5.4
"2022-08-21 03:00:00",3.52,46.61,0.16,10.81,5.54
"2022-08-21 04:00:00",4.3,44.24,0.08,10.95,5.36
"2022-08-21 05:00:00",5.6,43.81,0.08,10.22,5.22
"2022-08-21 06:00:00",7.58,42.47,0.06,9.68,4.87
"2022-08-21 07:00:00",7.59,40.08,0.13,10.09,4.79
"2022-08-21 08:00:00",5.08,47.38,0.18,10.43,4.82
"2022-08-21 09:00:00",3.43,51,0.27,9.66,4.45
"2022-08-21 10:00:00",2.01,57.74,0.16,6.46,3.1
"2022-08-21 11:00:00",3.44,59.41,0.06,4.5,2.1
"2022-08-21 12:00:00",2.76,60.7,0.33,4.72,2.33
"2022-08-21 13:00:00",6.12,60.78,0.27,5.28,2.92
"2022-08-21 14:00:00",7.7,64.32,0.62,5.63,3.18
"2022-08-21 15:00:00",7.14,69.93,0.48,5.91,3.31
"2022-08-21 16:00:00",5.96,68.54,0.38,5.57,3.18
"2022-08-21 17:00:00",6.13,66.26,0.31,5.28,3.51
"2022-08-21 18:00:00",6.02,63.83,0.21,7.7,4.74
"2022-08-21 19:00:00",8.42,60.52,0.02,7.31,4.93
"2022-08-21 20:00:00",9.89,56.93,0.19,9.72,6.12
"2022-08-21 21:00:00",10.96,51.6,0.23,8.11,5.3
"2022-08-21 22:00:00",8.19,54.37,0.15,6.12,3.84
"2022-08-21 23:00:00",6.46,50.39,0.17,4.63,3.21
"2022-08-22 00:00:00",3.22,51.17,0.07,3.25,2.24
"2022-08-22 01:00:00",3.46,45.96,0.12,2.27,1.66
"2022-08-22 02:00:00",3.97,47.92,0.1,1.69,0.89
"2022-08-22 03:00:00",2.73,45.62,-0.01,1.26,0.63
"2022-08-22 04:00:00",2.64,42.77,-0.01,0.74,0.33
"2022-08-22 05:00:00",3.22,35.31,0.14,0.8,0.39
"2022-08-22 06:00:00",8.3,26.18,0.32,1.5,0.75
"2022-08-22 07:00:00",16.96,16.78,0.42,2.26,1.14
"2022-08-22 08:00:00",22.16,13.7,0.4,3.51,1.52
"2022-08-22 09:00:00",7.69,37.91,0.14,3.96,1.16
"2022-08-22 10:00:00",4.05,42.95,-0.05,2.09,0.9
"2022-08-22 11:00:00",6.29,37.7,0.21,2.29,1.02
"2022-08-22 12:00:00",6.42,37.76,0.11,4.99,1.6
"2022-08-22 13:00:00",11.16,39.31,0.47,11.28,5.58
"2022-08-22 14:00:00",8.47,45.22,0.35,7.05,3.63
"2022-08-22 15:00:00",4.51,51.71,0.16,8.63,3
"2022-08-22 16:00:00",5.06,53.55,0.29,9.22,2.86
"2022-08-22 17:00:00",6.89,50.3,0.45,4.97,2.6
"2022-08-22 18:00:00",9.43,50.28,0.4,7.05,2.96
"2022-08-22 19:00:00",5.43,51.48,0.21,5.66,2.88
"2022-08-22 20:00:00",5.85,48.81,0.23,4.12,2.28
"2022-08-22 21:00:00",9.22,40.96,-0.17,5.03,3.35
"2022-08-22 22:00:00",10.41,34.82,0.1,5.67,3.28
"2022-08-22 23:00:00",10.49,27.69,0.13,5.11,3.41
"2022-08-23 00:00:00",10.88,28.23,0.2,5.3,3.64
"2022-08-23 01:00:00",8.73,36.54,0.22,4.91,3.55
"2022-08-23 02:00:00",2.87,44.04,0.27,5.99,3.76
"2022-08-23 03:00:00",2.25,41.87,0.1,6.41,4.44
"2022-08-23 04:00:00",3.81,37.59,0,7.34,5.12
"2022-08-23 05:00:00",2.55,37.46,0,6.54,4.91
"2022-08-23 06:00:00",3.87,36.68,0.2,5.61,3.71
"2022-08-23 07:00:00",8.17,34.69,0.14,6.16,3.22
"2022-08-23 08:00:00",6.33,35.9,0,5.57,2.54
"2022-08-23 09:00:00",7.16,33.18,0.17,5.7,2.26
"2022-08-23 10:00:00",6.8,38,0.16,7.5,2.27
"2022-08-23 11:00:00",5.33,44.23,0.17,5.53,1.62
"2022-08-23 12:00:00",5.82,44.62,0.07,5.95,1.68
"2022-08-23 13:00:00",7.01,49.55,0.35,5.87,1.63
"2022-08-23 14:00:00",3.51,56.99,0.08,6.88,2.82
"2022-08-23 15:00:00",4.18,58.16,-0.01,7.44,2.48
"2022-08-23 16:00:00",5.56,59.58,0.13,6.18,2.04
"2022-08-23 17:00:00",4.08,61.01,-0.02,5.67,1.88
"2022-08-23 18:00:00",6.26,62.65,0.18,8.84,2.66
"2022-08-23 19:00:00",6.65,62.14,0.14,4.22,1.95
"2022-08-23 20:00:00",7.44,57.29,0.04,4.27,1.94
"2022-08-23 21:00:00",9.88,49.89,0.05,5.26,3
"2022-08-23 22:00:00",7.34,49.35,0.18,5.62,2.97
"2022-08-23 23:00:00",12.29,41.03,0.14,5.43,3.24
"2022-08-24 00:00:00",8.56,37.79,0.04,4.13,2.63
"2022-08-24 01:00:00",6.5,32.2,0.16,3.58,2.21
"2022-08-24 02:00:00",3.87,37.98,0.27,2.02,1.34
"2022-08-24 03:00:00",1.28,47.7,0.21,1.64,1.04
"2022-08-24 04:00:00",3.83,41.93,0.11,2.32,1.5
"2022-08-24 05:00:00",7.14,38.03,0.05,3.32,1.81
"2022-08-24 06:00:00",9.14,36.05,0.1,3.73,1.99
"2022-08-24 07:00:00",12.7,34.14,0.17,4.75,1.94
"2022-08-24 08:00:00",10.24,38.52,0.21,4.89,2.02
"2022-08-24 09:00:00",5.63,46.32,0.16,5.65,2.19
"2022-08-24 10:00:00",4.39,49.26,0.12,5.9,2.36
"2022-08-24 11:00:00",5.29,48.75,-0.11,4.3,2.11
"2022-08-24 12:00:00",6.02,48.91,0.33,5,2.24
"2022-08-24 13:00:00",3.51,50.11,0.13,4.64,2.17
"2022-08-24 14:00:00",4.94,52.58,0,5.15,2.34
"2022-08-24 15:00:00",4.29,54.6,-0.02,4.38,2.08
"2022-08-24 16:00:00",5.88,52.73,0,4.48,2.06
"2022-08-24 17:00:00",6.53,55.07,0.14,5.65,2.24
"2022-08-24 18:00:00",8.62,54.46,0.13,5.79,2.4
"2022-08-24 19:00:00",9.21,49.92,0.11,6.9,2.76
"2022-08-24 20:00:00",13.08,39.58,0.03,9.47,3.69
"2022-08-24 21:00:00",15.4,31.94,0.02,9.2,3.78
"2022-08-24 22:00:00",18.38,21.44,-0.02,9.44,4.07
"2022-08-24 23:00:00",15.03,24.16,0.03,11.77,4.62
"2022-08-25 00:00:00",10.61,29.26,-0.04,11.39,4.99
"2022-08-25 01:00:00",4.45,35.75,-0.04,11.42,5.64
"2022-08-25 02:00:00",2.91,39.66,-0.09,9.9,4.97
"2022-08-25 03:00:00",3.39,36.19,0.16,9.38,5.13
"2022-08-25 04:00:00",1.87,37.01,-0.03,9.34,5.16
"2022-08-25 05:00:00",3.95,36.56,-0.07,10.37,5.11
"2022-08-25 06:00:00",9.86,32.01,-0.16,9.97,4.93
"2022-08-25 07:00:00",16.48,29.54,0.12,9.27,4.19
"2022-08-25 08:00:00",15.02,30.9,0.01,9.05,4.02
"2022-08-25 09:00:00",7.15,36.33,0.03,10.14,5.08
"2022-08-25 10:00:00",8.11,39.76,0.08,9.57,5.09
"2022-08-25 11:00:00",7.85,45.14,0.23,9.6,4.64
"2022-08-25 12:00:00",18.48,48.81,0.52,7.61,3.59
"2022-08-25 13:00:00",7.74,52.98,0.08,8.55,4.2
"2022-08-25 14:00:00",5.84,55.67,0.07,8.54,3.4
"2022-08-25 15:00:00",4.32,56.96,0.03,6.43,2.71
"2022-08-25 16:00:00",6.1,55.73,0.1,7.36,3.19
"2022-08-25 17:00:00",5.74,55.26,0.13,9.72,4.17
"2022-08-25 18:00:00",8.12,54.01,0.07,10.33,4.64
"2022-08-25 19:00:00",9.7,53.6,-0.03,9.4,4.82
"2022-08-25 20:00:00",8.97,51.17,0.02,9.39,5.16
"2022-08-25 21:00:00",5.84,49.79,0.01,8.42,4.74
"2022-08-25 22:00:00",5.57,47.2,0.07,8.17,4.56
"2022-08-25 23:00:00",6.99,47.76,0.13,8.32,4.07
"2022-08-26 00:00:00",5.32,45.78,-0.21,6.24,3.41
"2022-08-26 01:00:00",2.19,49.65,-0.19,5.02,2.57
"2022-08-26 02:00:00",1.8,48.7,0.02,3.31,1.81
"2022-08-26 03:00:00",1.44,46.43,-0.08,2.81,1.7
"2022-08-26 04:00:00",1.88,42.69,-0.13,2.87,1.69
"2022-08-26 05:00:00",2.83,39.63,-0.03,1.82,1.02
"2022-08-26 06:00:00",5.8,31.55,-0.18,1.21,0.62
"2022-08-26 07:00:00",10.78,28.35,0.05,1.73,0.83
"2022-08-26 08:00:00",9.76,32.1,0.08,1.68,0.95
"2022-08-26 09:00:00",10.36,30.94,-0.08,3.19,1.1
"2022-08-26 10:00:00",10.53,31.28,-0.09,3.59,1.35
"2022-08-26 11:00:00",11.26,28.99,-0.05,3.3,1.22
"2022-08-26 12:00:00",8.95,32.16,0.06,2.35,1.08
"2022-08-26 13:00:00",8.48,34.51,-0.03,3.04,1.18
"2022-08-26 14:00:00",7.18,38.78,-0.06,3.07,1.28
"2022-08-26 15:00:00",7.99,41.64,-0.09,4.87,1.61
"2022-08-26 16:00:00",6.87,43.59,-0.25,4.8,1.84
"2022-08-26 17:00:00",6.29,46.85,-0.13,5.01,2.27
"2022-08-26 18:00:00",8.49,43.4,-0.03,4.82,2.5
"2022-08-26 19:00:00",8.36,44.46,-0.09,4.22,2.18
"2022-08-26 20:00:00",14.02,38.64,-0.13,6.07,3.58
"2022-08-26 21:00:00",15.74,33.91,-0.11,5.77,3.44
"2022-08-26 22:00:00",22.66,21.87,-0.17,8.1,4.36
"2022-08-26 23:00:00",19.37,20.99,-0.16,7.19,4.18
"2022-08-27 00:00:00",17.32,18.93,-0.03,5.97,3.45
"2022-08-27 01:00:00",16.97,14.76,-0.17,6.35,3.59
"2022-08-27 02:00:00",19.71,9.31,-0.2,5.75,3.88
"2022-08-27 03:00:00",13.99,13.95,-0.09,4.52,2.9
"2022-08-27 04:00:00",19.51,6.46,-0.01,7.58,5.96
"2022-08-27 05:00:00",16.11,6.41,-0.06,5.93,3.86
"2022-08-27 06:00:00",22.96,0.9,0.12,7.08,4.75
"2022-08-27 07:00:00",22.22,3.82,0.4,8.75,5.21
"2022-08-27 08:00:00",24.07,7.76,0.56,10.03,5.79
"2022-08-27 09:00:00",19.99,22.8,0.46,9.22,5.07
"2022-08-27 10:00:00",15.45,35.24,0.11,7.15,3.65
"2022-08-27 11:00:00",24.04,31.61,0.64,9.25,4.05
"2022-08-27 12:00:00",13.57,46.35,0.54,5.8,3.05
"2022-08-27 13:00:00",9.96,51.56,0.47,5.77,3.58
"2022-08-27 14:00:00",7.65,53.52,0.41,6.26,3.7
"2022-08-27 15:00:00",9.58,52.62,0.42,5.21,2.94
"2022-08-27 16:00:00",9.86,53.59,0.49,5.31,3.28
"2022-08-27 17:00:00",11.09,55.12,0.5,6.03,3.87
"2022-08-27 18:00:00",13.39,52.9,0.17,7.33,5.27
"2022-08-27 19:00:00",11.61,51.7,0.15,11.02,8.51
"2022-08-27 20:00:00",14.27,49.08,0.08,19.76,16.99
"2022-08-27 21:00:00",23.14,36.54,0.18,18.65,15.31
"2022-08-27 22:00:00",26.44,30.17,0.05,9.76,7.65
"2022-08-27 23:00:00",23.45,33.76,0.08,6.96,4.79
"2022-08-28 00:00:00",23.23,31.36,0,4.94,3.62
"2022-08-28 01:00:00",29.01,21.52,0.06,5.36,3.91
"2022-08-28 02:00:00",25.91,25.9,-0.03,4.94,3.61
"2022-08-28 03:00:00",18.59,28.93,-0.1,3.45,2.63
"2022-08-28 04:00:00",19.61,24.07,-0.03,3.31,2.22
"2022-08-28 05:00:00",18.76,24.27,-0.17,3.27,2.28
"2022-08-28 06:00:00",14.01,29.19,-0.05,3.42,2.26
"2022-08-28 07:00:00",17.94,30.11,-0.01,3.94,2.58
"2022-08-28 07:01:00",,,
"2022-08-28 08:00:00",19.22,33.15,,5.29,3.05
"2022-08-28 08:01:00",,,
"2022-08-28 09:00:00",13.32,38.95,0.01,4.48,2.71
"2022-08-28 10:00:00",14.26,40.51,0.17,5.32,2.83
"2022-08-28 11:00:00",15.73,38.63,0.26,4.31,2.69
"2022-08-28 12:00:00",15.9,38.72,0.14,4.56,2.86
"2022-08-28 13:00:00",16.56,41.18,0.24,5.02,2.79
"2022-08-28 14:00:00",22.05,39.32,0.28,5.44,3.21
"2022-08-28 15:00:00",18.17,43.03,0.33,4.57,2.99
"2022-08-28 16:00:00",24.05,40.1,0.49,4.83,2.98
"2022-08-28 17:00:00",17.96,43.04,0.28,5.51,4.06
"2022-08-28 18:00:00",35.11,25.93,0.53,7.9,5.41
"2022-08-28 19:00:00",26.44,35.62,0.48,8.45,5.97
"2022-08-28 20:00:00",15.6,44.22,0.32,7.64,5.55
"2022-08-28 21:00:00",24.7,28.32,0.06,22.29,8.5
"2022-08-28 22:00:00",19.97,34.25,-0.29,8.6,6.09
"2022-08-28 23:00:00",16.51,33.05,-0.04,7.51,5.15
"2022-08-29 00:00:00",19.49,27.27,-0.01,7.73,6.12
"2022-08-29 01:00:00",18.02,28.25,-0.2,7.4,5.96
"2022-08-29 02:00:00",15.16,25.62,-0.3,7.02,5.27
"2022-08-29 03:00:00",10.85,33.4,-0.36,6.64,5.11
"2022-08-29 04:00:00",14,23.41,-0.18,6.68,5.43
"2022-08-29 05:00:00",22.87,13.73,-0.24,7.47,5.61
"2022-08-29 06:00:00",33.75,4.93,-0.16,10.17,6.52
"2022-08-29 07:00:00",31.2,15.96,-0.04,14.52,10.12
"2022-08-29 08:00:00",21.61,30.34,-0.1,14.96,10.59
"2022-08-29 09:00:00",21.42,32.22,-0.2,13.97,9.59
"2022-08-29 10:00:00",13.55,46.16,0.39,11.94,8.63
"2022-08-29 11:00:00",12.66,52.48,0.15,11.54,7.79
"2022-08-29 12:00:00",11.91,59.05,-0.37,13.47,7.77
"2022-08-29 13:00:00",11.16,54.07,-0.42,12.66,8.19
"2022-08-29 14:00:00",16.89,42.96,-0.24,15.39,9.28
"2022-08-29 15:00:00",11.29,56.5,-0.26,13.15,8.22
"2022-08-29 16:00:00",17.89,53.36,-0.12,13.2,8.78
"2022-08-29 17:00:00",14.24,73.53,0.07,12.42,8.65
"2022-08-29 18:00:00",27.5,56.97,0.11,9.74,5.62
"2022-08-29 19:00:00",24.07,49.34,0.32,8.38,5.22
"2022-08-29 20:00:00",45.84,21.77,0.29,9.22,5.22
"2022-08-29 21:00:00",30.87,35.66,0.13,9.32,5.01
"2022-08-29 22:00:00",23.45,37.57,0.03,8.46,4.18
"2022-08-29 23:00:00",15.72,40.96,0.07,7.82,3.84
"2022-08-30 00:00:00",12.08,42,0.03,6.98,3.74
"2022-08-30 01:00:00",6.13,45.52,-0.14,8.4,3.78
"2022-08-30 02:00:00",6.47,41.42,-0.06,7.98,4.09
"2022-08-30 03:00:00",7.81,35.34,-0.06,8.63,4.59
"2022-08-30 04:00:00",9.23,31.33,-0.16,7.79,4.23
"2022-08-30 05:00:00",11.43,29.87,-0.04,6.53,4.05
"2022-08-30 06:00:00",16.01,29.37,-0.12,7.08,3.71
"2022-08-30 07:00:00",18.06,30.48,-0.09,7.2,3.62
"2022-08-30 08:00:00",14.37,42.04,-0.04,7.79,3.28
"2022-08-30 09:00:00",10.74,48.56,0.03,6.77,2.28
"2022-08-30 10:00:00",10.93,48.8,0.19,5.68,1.81
"2022-08-30 11:00:00",12.13,49.73,0.27,5.15,2.2
"2022-08-30 12:00:00",7.34,58.39,0.17,5.3,2.74
"2022-08-30 13:00:00",13.67,54.85,-0.03,4.88,2.7
"2022-08-30 14:00:00",8.68,54.6,-0.05,4.88,1.94
"2022-08-30 15:00:00",14.35,50.48,0.17,12.19,2.96
"2022-08-30 16:00:00",13.7,54.11,0.21,6.14,2.55
"2022-08-30 17:00:00",9.81,58.41,0.25,4.27,2.2
"2022-08-30 18:00:00",9.81,54.8,0.23,3.93,2.6
"2022-08-30 19:00:00",15.2,48.58,0.06,5.68,3.62
"2022-08-30 20:00:00",13.79,48.91,0.08,4.94,2.79
"2022-08-30 21:00:00",13.95,47.24,0.07,4.53,2.61
"2022-08-30 22:00:00",11.89,44.84,-0.05,4.7,2.59
"2022-08-30 23:00:00",7.97,49.67,-0.08,4.63,2.25
"2022-08-31 00:00:00",6.06,50.37,-0.22,6.35,2.61
"2022-08-31 01:00:00",7.67,47.72,-0.26,5.51,2.76
"2022-08-31 02:00:00",29.75,23.84,-0.19,7.1,3.48
"2022-08-31 03:00:00",15.07,37.72,-0.24,8.85,3.81
"2022-08-31 04:00:00",4.39,59.81,-0.25,7.83,3.61
"2022-08-31 05:00:00",23.17,39.09,-0.35,9.16,3.97
"2022-08-31 06:00:00",25.27,32.41,-0.24,8.64,3.67
"2022-08-31 07:00:00",26.38,33.32,-0.04,8.26,3.45
"2022-08-31 08:00:00",18.07,45.17,0.16,8.42,3.27
"2022-08-31 09:00:00",10.03,51.87,0.03,6.91,2.76
"2022-08-31 10:00:00",10.75,53.68,0.08,7.05,2.88
"2022-08-31 11:00:00",11.35,53.35,0.16,7.18,2.89
"2022-08-31 12:00:00",11.47,54.5,0.41,7.07,3.18
"2022-08-31 13:00:00",12.45,53.1,0.27,7.19,3.56
"2022-08-31 14:00:00",11.32,61.61,0.14,8.82,3.7
"2022-08-31 15:00:00",11.63,66.25,0.2,9.88,4.63
"2022-08-31 16:00:00",16.53,63.03,0.18,8.48,4.83
"2022-08-31 17:00:00",18.34,62.45,0.14,8.27,5.14
"2022-08-31 18:00:00",14.71,64.17,0.1,8.15,5.16
"2022-08-31 19:00:00",14,64.51,0.05,7.68,5.13
"2022-08-31 20:00:00",16.93,56.52,0.11,8.02,5.27
"2022-08-31 21:00:00",16.7,52.6,-0.11,8.45,4.96
"2022-08-31 22:00:00",14.92,47.09,-0.16,8.1,4.81
"2022-08-31 23:00:00",15.31,44.22,-0.04,8.55,5
"2022-09-01 00:00:00",9.61,52.28,-0.19,9.63,5.14
"2022-09-01 01:00:00",6.31,53.85,-0.27,8.03,4.18
"2022-09-01 02:00:00",11.37,39.15,-0.15,8.28,4.3
"2022-09-01 03:00:00",12.61,35.12,-0.25,9.43,4.86
"2022-09-01 04:00:00",9.05,44.05,-0.08,10.35,5.63
"2022-09-01 05:00:00",9.28,49.69,-0.1,10.15,5.7
"2022-09-01 06:00:00",21.04,34.25,-0.07,10.29,5.88
"2022-09-01 07:00:00",29.91,29.25,0.11,11.08,6.38
"2022-09-01 08:00:00",15.23,46.46,-0.11,10.68,5.71
"2022-09-01 09:00:00",20.95,43.04,0,12.14,5.92
"2022-09-01 10:00:00",12.82,53.28,0.12,11.18,5.66
"2022-09-01 11:00:00",12.65,57.77,0.43,12.69,5.65
"2022-09-01 12:00:00",11,57.06,0.3,11.03,5.28
"2022-09-01 13:00:00",9.87,59.76,0.13,10.21,5.35
"2022-09-01 14:00:00",11.9,61.29,0.17,12.03,5.53
"2022-09-01 15:00:00",20.75,58.84,0.17,12.99,5.64
"2022-09-01 16:00:00",14.58,67.17,-0.02,9.69,5.25
"2022-09-01 17:00:00",16.73,61.12,0.09,8.04,4.66
"2022-09-01 18:00:00",18.49,60.03,0.07,8.24,4.73
"2022-09-01 19:00:00",20.27,56.95,0.08,8,4.46
"2022-09-01 20:00:00",23.46,52.06,-0.07,10.07,6.2
"2022-09-01 21:00:00",18.34,53.75,0.08,7.75,4.63
"2022-09-01 22:00:00",13.65,54.82,0.13,6.66,4
"2022-09-01 23:00:00",15.09,54.02,-0.07,6.43,3.83
"2022-09-02 00:00:00",10.27,55.64,0.04,6.29,3.68
"2022-09-02 01:00:00",11.12,44.52,-0.07,7.28,4.08
"2022-09-02 02:00:00",19.17,28.16,-0.13,6.4,4.34
"2022-09-02 03:00:00",12.75,39.24,0.08,7.05,4.26
"2022-09-02 04:00:00",14.21,38.39,0.02,8.01,4.7
"2022-09-02 05:00:00",18.05,29.99,-0.05,10.38,6.13
"2022-09-02 06:00:00",21.05,22.97,0.02,10.02,5.9
"2022-09-02 07:00:00",40.82,5.33,0.32,15.3,7.27
"2022-09-02 08:00:00",42.09,9.28,0.64,20.98,9.25
"2022-09-02 09:00:00",45.32,12.06,1.03,28.62,11.16
"2022-09-02 10:00:00",28.54,35.41,0.61,21.13,8.05
"2022-09-02 11:00:00",20.36,44.29,0.42,15.58,6.16
"2022-09-02 12:00:00",14.66,53.95,0.19,14.93,6.53
"2022-09-02 13:00:00",26.42,50.89,0.26,21.25,10.28
"2022-09-02 14:00:00",27.91,58.09,0.22,17.15,8.07
"2022-09-02 15:00:00",25.55,58.77,0.39,15.79,8.71
"2022-09-02 16:00:00",23.55,57.41,0.23,16.08,8.74
"2022-09-02 17:00:00",30.01,53.07,0.34,17.31,9.37
"2022-09-02 18:00:00",17.17,73.74,0.07,32.6,24.05
"2022-09-02 19:00:00",16.16,76.63,0.28,21.44,13.88
"2022-09-02 20:00:00",18.44,66.36,0.25,17.22,8.85
"2022-09-02 21:00:00",10.99,76.33,0.22,16.28,10.07
"2022-09-02 22:00:00",7.92,75.17,0.26,9.62,6.62
"2022-09-02 23:00:00",5.49,80.44,-0.07,9.39,6.97
"2022-09-03 00:00:00",4.08,68.12,0.21,11.86,10.62
"2022-09-03 01:00:00",3.48,60.62,0.19,10.15,9.2
"2022-09-03 02:00:00",4.59,57.24,0.1,9.3,7.75
"2022-09-03 03:00:00",4.49,51.68,0.23,7.13,5.88
"2022-09-03 04:00:00",5.02,49.03,0.26,5.95,4.26
"2022-09-03 05:00:00",3.93,52.24,0.25,4.44,3.62
"2022-09-03 06:00:00",6.22,52.75,0.19,2.02,1.33
"2022-09-03 07:00:00",13.02,48.53,0.1,2.48,1.54
"2022-09-03 08:00:00",18.11,46.93,0.08,3.08,1.64
"2022-09-03 09:00:00",21.24,48.5,0.2,3.98,2.36
"2022-09-03 10:00:00",18.76,55.72,0.24,7.52,6.06
"2022-09-03 11:00:00",18.87,58.17,0.21,3.56,2.43
"2022-09-03 12:00:00",19.85,55.25,0.19,3.14,2.34
"2022-09-03 13:00:00",23.47,56.14,0.48,3.07,2.2
"2022-09-03 14:00:00",10.92,71.75,0.26,5.16,3.56
"2022-09-03 15:00:00",10.98,67.41,0.2,5.07,3.29
"2022-09-03 16:00:00",13.67,61.62,0.13,4.62,3.21
"2022-09-03 17:00:00",10.13,65.7,0.24,3.78,2.64
"2022-09-03 18:00:00",8.31,65.92,0.35,8.71,5.87
"2022-09-03 19:00:00",16.64,48.4,0.46,10.48,7.59
"2022-09-03 20:00:00",17.94,45.23,0.4,13.58,11.24
"2022-09-03 21:00:00",14.62,46.81,0.28,7.57,5.7
"2022-09-03 22:00:00",8.58,53.55,-0.04,4.03,2.93
"2022-09-03 23:00:00",10.8,49.97,0.2,5.94,3.66
"2022-09-04 00:00:00",11.78,38.61,0.22,5.65,2.73
"2022-09-04 01:00:00",10.53,48.7,0.21,5.3,2.9
"2022-09-04 02:00:00",4.25,68.62,0.12,2.84,1.67
"2022-09-04 03:00:00",2.1,69.05,0.19,2,1.2
"2022-09-04 04:00:00",1.31,70.58,0.25,4.94,3.56
"2022-09-04 05:00:00",2.03,64.79,0.21,0.88,0.51
"2022-09-04 06:00:00",1.75,52.91,0.52,0.84,0.49
"2022-09-04 07:00:00",6.09,57.29,0.35,1.44,0.63
"2022-09-04 08:00:00",4.29,68.77,0.15,1.11,0.45
"2022-09-04 09:00:00",2.91,69.5,0.08,1.65,0.73
"2022-09-04 10:00:00",2.92,69.75,0.23,2.76,1.1
"2022-09-04 11:00:00",3.39,69.65,0.19,4.57,2.24
"2022-09-04 12:00:00",3.54,70.26,0.12,4.56,2.23
"2022-09-04 13:00:00",4.03,74,-0.84,5.07,2.59
"2022-09-04 14:00:00",4.87,76.32,-0.1,6.49,3.42
"2022-09-04 15:00:00",3.78,77.86,0.1,5.2,2.94
"2022-09-04 16:00:00",4.97,78.99,0.01,3.78,2.14
"2022-09-04 17:00:00",12.42,74.43,0.16,5.23,3.1
"2022-09-04 18:00:00",7.95,70.88,0.22,6.66,4.16
"2022-09-04 19:00:00",9.42,67.73,0.28,7.55,4.61
"2022-09-04 20:00:00",9.37,65.46,0.28,7.14,4.19
"2022-09-04 21:00:00",5.83,65.57,0.08,7.45,4.6
"2022-09-04 22:00:00",2.82,68.5,0.28,6.94,4.26
"2022-09-04 23:00:00",1.91,66.22,0.2,8.04,5.26
"2022-09-05 00:00:00",1.03,72.9,0.2,9.13,5.49
"2022-09-05 01:00:00",1,70.87,0.05,7.64,4.56
"2022-09-05 02:00:00",0.79,74.87,-0.06,5.16,3.08
"2022-09-05 03:00:00",1.61,69.97,-0.08,4.89,2.65
"2022-09-05 04:00:00",1.14,73.86,-0.09,7.17,3.27
"2022-09-05 05:00:00",2.99,59.11,-0.11,7.48,3.17
"2022-09-05 06:00:00",18.2,30.03,0.18,8.11,3.43
"2022-09-05 07:00:00",30.29,24.91,0.39,10.29,4.52
"2022-09-05 08:00:00",20.84,35.84,0.29,12.55,4.85
"2022-09-05 09:00:00",9.35,49.47,0.24,12.8,4.95
"2022-09-05 10:00:00",7.35,59.87,0.14,13.04,5.6
"2022-09-05 11:00:00",4.04,69.38,0.26,12.72,6.1
"2022-09-05 12:00:00",4.59,70.11,0.34,11.4,5.82
"2022-09-05 13:00:00",7.18,69.2,0,14.79,7.41
"2022-09-05 14:00:00",8.32,71.95,0.12,13.72,7.05
"2022-09-05 15:00:00",7.8,76.06,0.22,14.36,7.67
"2022-09-05 16:00:00",7.9,72.82,0.29,13.68,8.26
"2022-09-05 17:00:00",6.73,70.2,0.19,13.49,7.61
"2022-09-05 18:00:00",8.5,68.96,0.24,11.61,7.11
"2022-09-05 19:00:00",5.98,70.1,0.21,11.52,7.23
"2022-09-05 20:00:00",4.93,76.59,0.22,10.24,6.6
"2022-09-05 21:00:00",5.15,78.29,0.08,8.78,5.29
"2022-09-05 22:00:00",7.72,67.84,0.17,12.99,7.27
"2022-09-05 23:00:00",3.72,75.59,0.02,14.41,7.76
"2022-09-06 00:00:00",2.49,76.05,0.14,16,8.52
"2022-09-06 01:00:00",1.81,74.61,0.16,16.57,8.98
"2022-09-06 02:00:00",0.94,77.78,0.25,16.62,9.65
"2022-09-06 03:00:00",1.16,76.81,0.07,15.43,8.86
"2022-09-06 04:00:00",1.09,78.16,-0.09,14.31,8.21
"2022-09-06 05:00:00",1.49,74.57,0.03,12.3,7.3
"2022-09-06 06:00:00",3.52,71.15,0.04,13.73,7.63
"2022-09-06 07:00:00",6.36,64.51,0.03,12.77,7.32
"2022-09-06 08:00:00",8.8,59.93,0.09,8.65,5.46
"2022-09-06 09:00:00",8.39,60.67,0.21,14.73,7.94
"2022-09-06 10:00:00",7.3,62.14,0.28,15.99,8.47
"2022-09-06 11:00:00",8.11,61.76,0.07,9.85,5.99
"2022-09-06 12:00:00",8.86,63.26,0.23,16.68,9.14
"2022-09-06 13:00:00",10.17,63.12,0.25,10.57,6.98
"2022-09-06 14:00:00",9.98,65.37,0.25,10.18,6.64
"2022-09-06 15:00:00",8.9,69.33,0.22,11.19,6.38
"2022-09-06 16:00:00",8.73,73.86,0.24,11.77,6.51
"2022-09-06 17:00:00",8.77,73.61,0.08,6.18,3.4
"2022-09-06 18:00:00",9.35,71.23,0.12,8.87,4.49
"2022-09-06 19:00:00",15.25,63.26,0.19,10.63,5.64
"2022-09-06 20:00:00",18.06,57.9,0.25,11.73,8.21
"2022-09-06 21:00:00",8.75,71.19,0.3,8.21,5.21
"2022-09-06 22:00:00",10.7,60.16,0.24,9.47,5.61
"2022-09-06 23:00:00",5.55,69.97,0.37,10.95,6
"2022-09-07 00:00:00",5.5,70.63,0.37,12.63,6.77
"2022-09-07 01:00:00",2.69,78.76,0.16,9.52,5.37
"2022-09-07 02:00:00",3.85,71.36,0.25,6.25,4.2
"2022-09-07 03:00:00",2.88,71.7,0.16,3.95,2.82
"2022-09-07 04:00:00",1.76,62.74,0.21,6.48,3.6
"2022-09-07 05:00:00",1.84,58.15,0.27,9.23,4.86
"2022-09-07 06:00:00",4.83,56.46,0.23,7.99,4.91
"2022-09-07 07:00:00",8.52,52.88,-0.01,8.09,4.8
"2022-09-07 08:00:00",18.01,44.34,0.35,7.5,4.11
"2022-09-07 09:00:00",18.82,44.1,0.25,9.77,5.38
"2022-09-07 10:00:00",17.9,46.16,0.37,10.64,5.93
"2022-09-07 11:00:00",8.33,60.6,0.3,9.37,5.25
"2022-09-07 12:00:00",13.72,57.57,18.75,11.98,6.51
"2022-09-07 12:01:00",
"2022-09-07 13:00:00",,62.94,12.47,10.13,5.65
"2022-09-07 13:01:00",,,
"2022-09-07 14:00:00",15.53,64.8,,12.76,6.9
"2022-09-07 14:01:00",,,
"2022-09-07 15:00:00",8.52,69.66,5.94,11.86,6.74
"2022-09-07 16:00:00",11,66.03,6.31,10.36,6.13
"2022-09-07 17:00:00",14.52,63.79,6.01,15.25,7.78
"2022-09-07 18:00:00",8.92,70.47,7.08,14.53,7.55
"2022-09-07 19:00:00",11.28,69.2,7.15,17.74,9.46
"2022-09-07 20:00:00",11.5,66.57,7.5,18,9.78
"2022-09-07 21:00:00",9.47,67.33,7.06,14.54,7.96
"2022-09-07 22:00:00",6.77,70.68,6.97,11.38,6.09
"2022-09-07 23:00:00",6.26,71.02,6.91,11.82,6.66
"2022-09-08 00:00:00",4.22,68.52,6.74,12.96,6.78
"2022-09-08 01:00:00",2.88,65.23,7.23,11.97,6.05
"2022-09-08 02:00:00",5.27,61.65,7.19,11.45,5.85
"2022-09-08 03:00:00",8.13,60.15,7.09,11.09,5.37
"2022-09-08 04:00:00",4.15,64.11,7.24,10.46,5.18
"2022-09-08 05:00:00",13.12,51.84,7.07,9.7,5.06
"2022-09-08 06:00:00",20.01,47.77,7.33,10.26,5.24
"2022-09-08 07:00:00",19.25,49.34,7.04,9.73,4.81
"2022-09-08 08:00:00",33.5,32.35,7.45,9.84,4.64
"2022-09-08 09:00:00",27.58,38.18,-0.03,12.26,4.95
"2022-09-08 10:00:00",22.27,42.6,-0.2,10.09,4.53
"2022-09-08 11:00:00",22.14,41.71,-0.09,10.02,4.87
"2022-09-08 12:00:00",19.35,42.08,-0.1,13.49,7.3
"2022-09-08 13:00:00",18.19,50.12,-0.18,14.33,7.98
"2022-09-08 14:00:00",16.99,56.09,-0.24,14.04,8.29
"2022-09-08 15:00:00",20.5,53.62,-0.21,16.68,9.44
"2022-09-08 16:00:00",17.23,62.54,-0.24,13.14,8.24
"2022-09-08 17:00:00",23.17,57.54,-0.02,11.39,6.7
"2022-09-08 18:00:00",33.68,46.22,0.63,9.02,5.9
"2022-09-08 19:00:00",27,43.04,0.09,8.09,5.33
"2022-09-08 20:00:00",34.51,29.53,-0.12,9.92,6.84
"2022-09-08 21:00:00",16.73,40.45,-0.12,9.35,5.9
"2022-09-08 22:00:00",21.53,31.06,-0.24,11.5,7.5
"2022-09-08 23:00:00",14.69,35.58,-0.42,13.45,9.41
"2022-09-09 00:00:00",10.06,39.65,-0.46,8.14,5.75
"2022-09-09 01:00:00",10.15,37.71,-0.47,7.26,5.29
"2022-09-09 02:00:00",6.38,40.53,-0.55,5.42,4.3
"2022-09-09 03:00:00",6.68,40.67,-0.55,4.86,3.68
"2022-09-09 04:00:00",4.59,43.99,-0.84,4.79,3.65
"2022-09-09 05:00:00",4.07,47.63,-0.31,4.53,3.16
"2022-09-09 06:00:00",7.66,48.91,-0.16,3.83,2.45
"2022-09-09 07:00:00",14.62,33.23,-0.37,4.41,2.69
"2022-09-09 08:00:00",23.39,22.96,-0.24,7,2.67
"2022-09-09 09:00:00",15.93,34.63,-0.52,4.73,2.23
"2022-09-09 10:00:00",11.76,47.45,-0.37,3.63,1.7
"2022-09-09 11:00:00",8.42,46.71,-0.62,4.27,1.95
"2022-09-09 12:00:00",10.32,47.66,-0.49,5.2,2.24
"2022-09-09 13:00:00",12.91,45.85,-0.21,5.5,2.48
"2022-09-09 14:00:00",13.32,50.95,-0.05,5.55,2.72
"2022-09-09 15:00:00",24.81,43.31,-0.15,5.87,3.54
"2022-09-09 16:00:00",18.63,51.29,-0.39,4.91,2.83
"2022-09-09 17:00:00",22.99,52.56,-0.27,6.32,3.71
"2022-09-09 18:00:00",21.77,55.75,-0.42,7.83,5.13
"2022-09-09 19:00:00",20.76,51.92,-0.66,6.36,4.62
"2022-09-09 20:00:00",25.39,42.7,-0.76,11.87,8.84
"2022-09-09 21:00:00",19.55,31.76,-0.64,8.31,5.6
"2022-09-09 22:00:00",19.46,31.64,-0.59,7.28,4.59
"2022-09-09 23:00:00",18.91,30.04,-0.36,6.5,3.95
"2022-09-10 00:00:00",19.68,23.99,-0.38,8.12,4.54
"2022-09-10 01:00:00",21.08,19.26,-0.7,7.4,4.61
"2022-09-10 02:00:00",25.03,7.53,-1.3,8.39,5.17
"2022-09-10 03:00:00",21.93,4.86,-0.77,8.58,5.03
"2022-09-10 04:00:00",19.21,3.98,-0.71,8.42,4.56
"2022-09-10 05:00:00",18.43,4.73,-0.5,8.14,4.63
"2022-09-10 06:00:00",17.44,5.73,-0.65,8.67,4.63
"2022-09-10 07:00:00",19.55,4.09,-0.11,10.9,6.66
"2022-09-10 08:00:00",24.54,8.67,-0.04,12.76,7.44
"2022-09-10 09:00:00",25.83,16.66,-0.4,11.2,6.34
"2022-09-10 10:00:00",21.04,36.36,-0.56,9.17,4.65
"2022-09-10 11:00:00",16.72,43.17,-0.61,7.94,4.08
"2022-09-10 12:00:00",13.27,51.89,-0.68,7.21,4.31
"2022-09-10 13:00:00",16.06,52.4,-0.38,6.27,3.96
"2022-09-10 14:00:00",16.36,49.92,-0.61,6.92,4.24
"2022-09-10 15:00:00",12.3,55.8,-0.74,6.74,4.38
"2022-09-10 16:00:00",14.97,53.21,-0.95,8.81,5.5
"2022-09-10 17:00:00",19.29,47.97,-0.66,7.91,4.75
"2022-09-10 18:00:00",15.53,54.12,-0.37,9.06,6.15
"2022-09-10 19:00:00",18.19,51.32,-0.47,12.32,9.26
"2022-09-10 20:00:00",21.05,45.48,-0.44,12.87,9.25
"2022-09-10 21:00:00",21.68,39.78,-0.32,16.22,13.32
"2022-09-10 22:00:00",15.54,42.88,-0.43,10.3,7.6
"2022-09-10 23:00:00",19.43,34.48,-0.57,8.49,5.76
"2022-09-11 00:00:00",18.2,31.02,-0.58,7.97,5.31
"2022-09-11 01:00:00",15.39,22.41,-0.74,7.33,5.07
"2022-09-11 02:00:00",17.91,18.81,-0.63,7.4,4.77
"2022-09-11 03:00:00",17,30.5,-0.72,5.15,3.48
"2022-09-11 04:00:00",7.46,50.38,-0.75,3.51,1.89
"2022-09-11 05:00:00",4.85,55.32,-0.72,2.6,1.51
"2022-09-11 06:00:00",4.37,56.74,-1,3.66,2.25
"2022-09-11 07:00:00",4.36,60.35,-0.87,5.67,4.21
"2022-09-11 08:00:00",7.93,50.24,-0.83,6.85,4.77
"2022-09-11 09:00:00",9.9,46.51,-0.6,7.48,4.9
"2022-09-11 10:00:00",7.59,51.91,-0.81,5.78,3.85
"2022-09-11 11:00:00",7.1,58.14,-0.57,5.8,3.77
"2022-09-11 12:00:00",9.63,59.53,-0.81,5.29,3.73
"2022-09-11 13:00:00",14.36,50.95,-0.44,5.84,4.16
"2022-09-11 14:00:00",13.65,51.42,-0.5,3.99,2.64
"2022-09-11 15:00:00",11.97,46.19,-0.66,2.81,1.98
"2022-09-11 16:00:00",12.54,40.67,-0.31,3.58,2.4
"2022-09-11 17:00:00",12.02,37.74,-0.26,5.24,3.76
"2022-09-11 18:00:00",10.37,36.47,-0.17,4.35,2.36
"2022-09-11 19:00:00",12.86,44.65,-0.3,2.45,1.4
"2022-09-11 20:00:00",7.01,46.31,-0.56,2.45,1.37
"2022-09-11 21:00:00",4.4,47.85,-0.74,2.33,1.31
"2022-09-11 22:00:00",3.1,42.12,-0.37,2.97,1.29
"2022-09-11 23:00:00",2.01,48.54,-0.37,2.47,1.16
"2022-09-12 00:00:00",3.26,44.19,-0.32,2.63,1.16
"2022-09-12 01:00:00",1.33,44.15,-0.23,2.11,1.05
"2022-09-12 02:00:00",1.14,38.36,-0.63,1.83,0.8
"2022-09-12 03:00:00",1.23,35.62,-0.34,1.64,0.67
"2022-09-12 04:00:00",1.73,30.15,-0.71,1.61,0.53
"2022-09-12 05:00:00",4.16,23.07,-0.44,2.26,0.73
"2022-09-12 06:00:00",10.24,25.15,-0.35,2.42,1.11
"2022-09-12 07:00:00",16.8,22.2,-0.54,3.02,1.25
"2022-09-12 08:00:00",24.76,16.62,-0.31,6.33,2.35
"2022-09-12 09:00:00",23.29,22.8,-0.22,4.66,2.28
"2022-09-12 10:00:00",18.94,27.83,-0.62,4.5,2.08
"2022-09-12 11:00:00",21.99,28.73,-0.4,3.9,1.89
"2022-09-12 12:00:00",20.56,31.92,-0.5,4.32,2.6
"2022-09-12 13:00:00",21.54,30,-0.35,6.06,3.19
"2022-09-12 14:00:00",27.96,24.8,-0.28,5.24,2.78
"2022-09-12 15:00:00",28.1,26.08,-0.19,6.29,2.67
"2022-09-12 16:00:00",26.82,24.97,-0.23,5.67,2.87
"2022-09-12 17:00:00",33.92,28.26,0.1,6.26,4.17
"2022-09-12 18:00:00",27.14,28.95,-0.16,7.74,5.34
"2022-09-12 19:00:00",28.69,25.23,-0.27,10.53,5.9
"2022-09-12 20:00:00",25.39,30.29,-0.33,9.11,5.93
"2022-09-12 21:00:00",31.86,17.22,-0.89,9.82,6.97
"2022-09-12 22:00:00",26.28,15.94,-0.68,8.83,6.01
"2022-09-12 23:00:00",20.04,31.2,-1.06,7.92,4.48
"2022-09-13 00:00:00",16.33,27.92,-0.76,7.77,4.24
"2022-09-13 01:00:00",15.52,27.8,-0.66,7.34,4.14
"2022-09-13 02:00:00",11.2,27.59,-0.5,6.45,3.71
"2022-09-13 03:00:00",8.89,28.41,-0.82,5.95,3.39
"2022-09-13 04:00:00",10.57,21.36,-0.6,7.38,3.85
"2022-09-13 05:00:00",9.78,24.93,-0.54,5.9,3.19
"2022-09-13 06:00:00",15.95,24.93,-0.18,5.02,2.7
"2022-09-13 07:00:00",33.1,10.06,-0.11,7.96,3.17
"2022-09-13 08:00:00",39.47,7.77,0.18,9.43,3.86
"2022-09-13 09:00:00",46.23,10.35,0.22,12.26,4.72
"2022-09-13 10:00:00",44.58,17.76,-0.11,13.67,4.78
"2022-09-13 11:00:00",23.52,45.72,-0.29,8.86,3.27
"2022-09-13 12:00:00",20.37,54.83,-0.5,9.61,3.59
"2022-09-13 13:00:00",22.98,59.08,-0.08,6.86,3.4
"2022-09-13 14:00:00",12.71,63.81,-0.39,7.17,3.46
"2022-09-13 15:00:00",18.62,62.94,-0.23,7.81,3.96
"2022-09-13 16:00:00",19.5,63.77,-0.17,7.07,3.49
"2022-09-13 17:00:00",19.59,55.1,-2.13,7.84,4.46
"2022-09-13 18:00:00",29.32,47.25,-0.33,8.44,4.69
"2022-09-13 19:00:00",29.51,49.31,-0.08,9.82,6.25
"2022-09-13 20:00:00",30.39,39.52,-1.35,16.11,11.72
"2022-09-13 21:00:00",41.29,14.29,-0.65,12.86,9.34
"2022-09-13 22:00:00",40.36,4.34,-0.38,14.35,10.11
"2022-09-13 23:00:00",33.22,6.43,0.23,13.92,9.57
"2022-09-14 00:00:00",32.26,7.32,0.09,10.86,7.62
"2022-09-14 01:00:00",26.18,14.67,-0.53,11.5,8.19
"2022-09-14 02:00:00",14.13,37.04,-0.88,21.18,16.81
"2022-09-14 03:00:00",8.84,38.77,-0.37,8.74,5.13
"2022-09-14 04:00:00",5.65,40.8,-1.32,8.91,5.26
"2022-09-14 05:00:00",7.09,42.71,-0.82,8.4,5.18
"2022-09-14 06:00:00",10.61,42.54,-0.26,7.95,4.62
"2022-09-14 07:00:00",20.87,31.06,-0.02,8.1,4.81
"2022-09-14 08:00:00",31.02,23.85,-0.03,8.86,4
"2022-09-14 09:00:00",15.8,42.19,-0.18,5.9,1.86
"2022-09-14 10:00:00",9.51,50.04,-0.7,5.11,1.26
"2022-09-14 11:00:00",8.38,51.22,-0.71,5.4,1.58
"2022-09-14 12:00:00",7.88,52.92,-0.41,4.64,1.73
"2022-09-14 13:00:00",9.03,60.84,-0.58,9.64,4.69
"2022-09-14 14:00:00",9.73,59.92,-0.43,9.36,5.11
"2022-09-14 15:00:00",7.24,62.32,-0.63,8.95,4.8
"2022-09-14 16:00:00",8.26,62.72,-0.74,8.32,4.5
"2022-09-14 17:00:00",11.41,57.4,-0.74,9.04,4.91
"2022-09-14 18:00:00",10.53,56.77,-1.97,6.13,3.58
"2022-09-14 19:00:00",14.43,49.35,-0.98,7.28,3.81
"2022-09-14 20:00:00",17.14,44.03,-0.1,7.52,4.31
"2022-09-14 21:00:00",16,41.6,-1.69,11.09,8.1
"2022-09-14 22:00:00",8.41,50.28,-1.1,5.94,3.48
"2022-09-14 23:00:00",7.59,48.13,-0.8,5.53,2.96
"2022-09-15 00:00:00",7.44,46.48,-0.74,3.84,2.36
"2022-09-15 01:00:00",5.44,47.83,-1.17,4.25,2.67
"2022-09-15 02:00:00",4.03,49.44,-0.68,3.3,2.23
"2022-09-15 03:00:00",3.1,49.3,-0.37,3.14,1.74
"2022-09-15 04:00:00",2.81,46.92,-0.68,3.54,1.92
"2022-09-15 05:00:00",5.13,43.03,-0.82,3.47,1.76
"2022-09-15 06:00:00",11.78,29.95,-0.82,4.78,1.99
"2022-09-15 07:00:00",27.96,17.32,0.26,8.06,2.85
"2022-09-15 08:00:00",24.6,20.98,-0.96,9.62,3.43
"2022-09-15 09:00:00",15.25,33.32,-0.59,7.87,3.25
"2022-09-15 10:00:00",15.38,41.86,-0.68,8.77,3.23
"2022-09-15 11:00:00",12.63,48.94,-0.61,7.21,2.91
"2022-09-15 12:00:00",7.61,53.8,-0.33,6.25,2.51
"2022-09-15 13:00:00",12,51.98,-0.74,5.5,2.23
"2022-09-15 14:00:00",6.06,57.78,-0.74,5,1.66
"2022-09-15 15:00:00",8.02,58.29,-0.49,4.1,1.41
"2022-09-15 16:00:00",8.83,55.73,-1.24,6.77,2.46
"2022-09-15 17:00:00",8.01,56.18,-1.09,6.9,2.64
"2022-09-15 18:00:00",9.42,52.61,-0.39,5.64,2.63
"2022-09-15 19:00:00",9.75,54.04,-0.81,5.62,2.45
"2022-09-15 20:00:00",13.09,46.46,-1.5,5.32,3.03
"2022-09-15 21:00:00",15.84,40.17,-1.2,5.34,2.55
"2022-09-15 22:00:00",9.82,47.69,-0.82,4.48,2.25
"2022-09-15 23:00:00",8.78,45.73,-0.65,4.65,2.3
"2022-09-16 00:00:00",5.29,48.03,-0.62,4.06,2.19
"2022-09-16 01:00:00",4.94,50.99,-0.44,4.08,2.02
"2022-09-16 02:00:00",4.33,50.17,-0.92,4.57,2.05
"2022-09-16 03:00:00",6.11,50.06,-0.75,4.7,2.18
"2022-09-16 04:00:00",5.17,39.93,-1.49,4.35,2.17
"2022-09-16 05:00:00",5.84,44.72,-1.48,4.24,2.08
"2022-09-16 06:00:00",10.97,38.3,-0.94,5,2.14
"2022-09-16 07:00:00",24.47,24.88,-0.81,7.17,2.55
"2022-09-16 08:00:00",22.96,26.63,-0.36,7.96,2.67
"2022-09-16 09:00:00",16.37,32.09,-0.52,8.04,2.68
"2022-09-16 10:00:00",14.96,42.51,-0.47,7.26,2.39
"2022-09-16 11:00:00",9.4,52.34,-0.8,5.58,2.1
"2022-09-16 12:00:00",7.74,53.47,-0.75,6.1,2.06
"2022-09-16 13:00:00",12.15,51.56,-0.72,9.76,2.62
"2022-09-16 14:00:00",14.84,49.85,-1.11,6.28,2.43
"2022-09-16 15:00:00",15.85,53.76,-1.07,6.75,2.41
"2022-09-16 16:00:00",16.83,51.2,-0.59,7.01,2.88
"2022-09-16 17:00:00",21.89,48.08,-0.59,7.57,3.89
"2022-09-16 18:00:00",27.31,41.91,-1.09,8.34,4.15
"2022-09-16 19:00:00",23.85,43.17,-0.71,6.97,3.17
"2022-09-16 20:00:00",22.11,39.16,-0.66,7.18,3.9
"2022-09-16 21:00:00",15.14,46.24,-0.81,7.86,3.95
"2022-09-16 22:00:00",15.75,45.7,-0.94,7.76,3.71
"2022-09-16 23:00:00",12.96,48.93,-1.31,6.77,3.18
"2022-09-17 00:00:00",23.94,31.81,-0.88,7.96,4.21
"2022-09-17 01:00:00",21.41,30.46,-0.62,7.65,4.85
"2022-09-17 02:00:00",18.93,32.19,-0.33,6.54,3.95
"2022-09-17 03:00:00",13.31,39.63,-0.4,6.57,3.65
"2022-09-17 04:00:00",10.67,40.96,-0.87,6.01,3.5
"2022-09-17 05:00:00",11.55,38.72,-1.04,6.99,3.84
"2022-09-17 06:00:00",13.87,36.38,-1.21,6.11,3.35
"2022-09-17 07:00:00",21.09,27.85,-1.04,7.07,3.44
"2022-09-17 08:00:00",25.14,25.78,-0.48,9.69,4.67
"2022-09-17 09:00:00",17.19,33.45,-0.66,7.78,3.55
"2022-09-17 10:00:00",14.41,34.68,-0.59,7.15,3.19
"2022-09-17 11:00:00",9.51,44.03,-0.7,5.92,2.43
"2022-09-17 12:00:00",10.29,48.14,-0.71,4.89,1.82
"2022-09-17 13:00:00",10.22,49.22,-0.55,4.5,1.92
"2022-09-17 14:00:00",6.78,53.55,-1.43,4.44,2
"2022-09-17 15:00:00",5.82,56.41,-1.35,4.64,1.99
"2022-09-17 16:00:00",4.98,60,-1.52,4.67,2.1
"2022-09-17 17:00:00",5.92,58.41,-1.48,3.88,2.01
"2022-09-17 18:00:00",7.9,56.47,-0.83,4.53,2.32
"2022-09-17 19:00:00",13.09,49.18,-0.44,5.11,3.25
"2022-09-17 20:00:00",23.36,32.67,-0.61,12.11,9.37
"2022-09-17 21:00:00",44.43,11.24,-0.62,20.06,16.42
"2022-09-17 22:00:00",30.1,22.24,-0.45,16.86,13.22
"2022-09-17 23:00:00",22.13,27.69,-0.48,16.48,13.79
"2022-09-18 00:00:00",17.58,30.74,-0.63,9.09,7.23
"2022-09-18 01:00:00",18.75,29.26,-0.89,7.5,5.5
"2022-09-18 02:00:00",13.38,38.33,-1.56,6.08,4.09
"2022-09-18 03:00:00",10.68,40.28,-0.53,5.77,3.75
"2022-09-18 04:00:00",6.22,48.35,-0.48,5.55,3.62
"2022-09-18 05:00:00",5.09,46.14,-1.04,5.96,4.06
"2022-09-18 06:00:00",5.55,43.37,-0.99,6.23,4.72
"2022-09-18 07:00:00",6.98,41.39,-0.81,6.29,4.46
"2022-09-18 08:00:00",6.75,39.52,-0.69,5.94,4.3
"2022-09-18 09:00:00",7.64,43.79,-0.53,5.2,3.44
"2022-09-18 10:00:00",8.06,50.48,-0.86,3.37,2.11
"2022-09-18 11:00:00",6.31,46.99,-0.73,4.06,2.57
"2022-09-18 12:00:00",5.92,54.22,-0.77,3.6,2.15
"2022-09-18 13:00:00",4,55.47,-1.76,2.09,1.18
"2022-09-18 14:00:00",4.45,62.25,-0.43,2.08,1.06
"2022-09-18 15:00:00",3.68,64.33,-0.65,3.19,1.8
"2022-09-18 16:00:00",5.07,65.29,-0.61,4.23,2.74
"2022-09-18 17:00:00",6.46,65.46,-0.73,4.65,3.65
"2022-09-18 18:00:00",7.59,61.48,-0.63,5.85,4.56
"2022-09-18 19:00:00",12.81,53.39,-0.87,6.42,4.83
"2022-09-18 20:00:00",18.2,44.24,-0.86,10.68,8.45
"2022-09-18 21:00:00",15.71,42.43,-0.61,8.75,6.76
"2022-09-18 22:00:00",11.84,45.73,-0.38,7.86,6.42
"2022-09-18 23:00:00",7.6,49.21,-0.68,7.69,6.3
"2022-09-19 00:00:00",6.53,48.17,-0.88,8.14,6.27
"2022-09-19 01:00:00",5.61,48.63,-0.53,9.71,7.82
"2022-09-19 02:00:00",3.96,50.68,-0.52,9.06,7.07
"2022-09-19 03:00:00",3.78,50.22,-0.7,7.96,6.12
"2022-09-19 04:00:00",4.33,46.2,-0.62,7.38,5.85
"2022-09-19 05:00:00",5.78,41.96,-0.58,7.28,5.79
"2022-09-19 06:00:00",17.42,28,-1.1,7.79,5.78
"2022-09-19 07:00:00",36.39,9.42,-0.31,16.83,8.09
"2022-09-19 08:00:00",42.36,6.45,0.86,22.52,8.87
"2022-09-19 09:00:00",30.89,21.33,-0.17,15.03,7.45
"2022-09-19 10:00:00",23,28.63,-0.68,13.36,6.52
"2022-09-19 11:00:00",17.62,42.46,-0.91,10.76,5.69
"2022-09-19 12:00:00",12.6,51.64,-0.77,9.67,5.14
"2022-09-19 13:00:00",11.8,55.15,-0.67,8.17,4.13
"2022-09-19 14:00:00",14.31,55.4,-0.54,8.84,4.01
"2022-09-19 15:00:00",24.88,40.01,-0.75,13.65,7.05
"2022-09-19 16:00:00",18.3,49.36,-0.49,10.85,5.74
"2022-09-19 17:00:00",11.76,58.77,-0.5,8.71,4.2
"2022-09-19 18:00:00",21.01,45.94,-0.59,10.9,5.88
"2022-09-19 19:00:00",31.22,29.1,-0.65,13.27,7.74
"2022-09-19 20:00:00",33.73,17.23,-0.49,15.23,10.3
"2022-09-19 21:00:00",23.53,23.73,-0.85,12.91,9.17
"2022-09-19 22:00:00",33.94,12.22,-0.69,15.19,12.03
"2022-09-19 23:00:00",36.4,7.55,-0.66,17.59,13.72
"2022-09-20 00:00:00",33.62,7.44,-0.5,16.46,12.89
"2022-09-20 01:00:00",21.7,21.27,-0.61,13.5,10.91
"2022-09-20 02:00:00",6.07,45.83,-0.74,9.21,6.81
"2022-09-20 03:00:00",3.06,54.96,-0.85,7.46,5.74
"2022-09-20 04:00:00",3.58,52,-1.18,6.97,5.58
"2022-09-20 05:00:00",6.16,45.69,-1.19,7.79,6
"2022-09-20 06:00:00",13.63,29.95,-0.82,8.54,6.34
"2022-09-20 07:00:00",33.9,12.53,-0.54,11.89,7.14
"2022-09-20 08:00:00",46.78,10.33,-0.14,16.83,8.4
"2022-09-20 09:00:00",49.59,17.17,0.2,15.9,8.69
"2022-09-20 10:00:00",12.11,64.44,-0.88,9.04,6.7
"2022-09-20 11:00:00",7.39,67.05,-1.06,8.57,5.84
"2022-09-20 12:00:00",10.36,68.55,-0.67,9.84,6.27
"2022-09-20 13:00:00",10.02,67.02,-0.66,12.98,6.99
"2022-09-20 14:00:00",14.56,66.91,-0.58,11.76,7.48
"2022-09-20 15:00:00",13.47,70.6,-0.63,11.62,7.75
"2022-09-20 16:00:00",20.42,67.67,-0.35,12.81,8.63
"2022-09-20 17:00:00",13.02,72.95,-0.7,11.45,7.29
"2022-09-20 18:00:00",8.7,72.77,-0.97,8.89,5.44
"2022-09-20 19:00:00",18.57,53.44,-0.76,10.51,6.3
"2022-09-20 20:00:00",22.28,42.79,-0.59,10.54,7.91
"2022-09-20 21:00:00",12.66,50.55,-0.88,8.52,6.7
"2022-09-20 22:00:00",8.92,53.38,-0.98,6.21,4.44
"2022-09-20 23:00:00",8.9,52.46,-0.72,5.31,4.06
"2022-09-21 00:00:00",11.55,42.52,-1.04,5.11,3.98
"2022-09-21 01:00:00",11.25,41.1,-1,5.28,3.92
"2022-09-21 02:00:00",8.56,42.53,-0.86,5.21,3.76
"2022-09-21 03:00:00",8.4,50.6,-0.6,6.68,5
"2022-09-21 04:00:00",4.64,48.04,-0.91,8.99,7.74
"2022-09-21 05:00:00",5.77,56.39,-0.77,11.04,9.78
"2022-09-21 06:00:00",6.88,65.11,-0.51,7.84,6.31
"2022-09-21 07:00:00",20.78,51.38,-0.31,5.87,3.72
"2022-09-21 08:00:00",17.65,58.61,-0.42,5.69,3.31
"2022-09-21 09:00:00",9.51,70.83,-1.06,6.2,2.75
"2022-09-21 10:00:00",8.55,73.81,-1.67,5.15,2.61
"2022-09-21 11:00:00",5.45,77.01,-0.62,6,2.94
"2022-09-21 12:00:00",5.32,77.4,-0.86,6.84,2.89
"2022-09-21 13:00:00",5.44,75.26,-2.19,6.4,2.88
"2022-09-21 14:00:00",5.69,71.91,-1.73,6.08,2.95
"2022-09-21 15:00:00",5.48,75.94,-0.8,6.65,2.9
"2022-09-21 16:00:00",6.83,76.5,-0.64,8.08,3.52
"2022-09-21 17:00:00",8.23,76.53,-0.62,7.03,3.63
"2022-09-21 18:00:00",9.34,75.22,-0.69,8.07,5.7
"2022-09-21 19:00:00",7.44,77.58,-0.4,8.41,6.05
"2022-09-21 20:00:00",7.14,82.35,-0.45,8.45,5.29
"2022-09-21 21:00:00",7.09,79.56,-0.48,9.91,6.16
"2022-09-21 22:00:00",3.96,83.24,-0.68,9.03,5.16
"2022-09-21 23:00:00",2.33,84.85,-0.57,8.5,4.71
"2022-09-22 00:00:00",1.76,84.79,-0.61,6.7,3.86
"2022-09-22 01:00:00",1.36,82.25,-0.84,4.86,3.03
"2022-09-22 02:00:00",1.02,81.6,-0.99,4.47,2.69
"2022-09-22 03:00:00",1.13,78,-1.39,2.07,1.26
"2022-09-22 04:00:00",1.05,75.31,-0.51,1.56,0.73
"2022-09-22 05:00:00",1.26,72.52,-0.79,1.02,0.54
"2022-09-22 06:00:00",2.94,67.84,-1.43,1.39,0.6
"2022-09-22 07:00:00",7.52,58.04,-0.63,2.14,0.77
"2022-09-22 08:00:00",20.13,39.86,-0.29,3.49,1.38
"2022-09-22 09:00:00",30.6,45.83,-0.39,3.05,1.46
"2022-09-22 10:00:00",39.12,26.87,-0.42,18.66,4.27
"2022-09-22 11:00:00",37,20.01,0.07,8.46,3.09
"2022-09-22 12:00:00",31.62,19.43,-0.55,6.81,2.87
"2022-09-22 13:00:00",37.05,25.37,-1.11,5.63,2.78
"2022-09-22 14:00:00",41.16,41.87,-0.6,4.3,2.55
"2022-09-22 15:00:00",40.09,30.45,-0.22,5.52,2.9
"2022-09-22 16:00:00",24.26,26.11,-0.47,5.3,2.56
"2022-09-22 17:00:00",17.63,27.59,-0.61,8.13,4.1
"2022-09-22 18:00:00",22.82,23.88,-0.55,6.86,3.45
"2022-09-22 19:00:00",34.77,13.64,-0.47,9.87,6.28
"2022-09-22 20:00:00",31.25,6.39,0.22,14.35,11.2
"2022-09-22 21:00:00",28.92,6.45,0.47,19.86,13.32
"2022-09-22 22:00:00",26.68,6.63,-0.41,14.78,9.89
"2022-09-22 23:00:00",22.99,9.16,-0.6,9.79,6.05
"2022-09-23 00:00:00",16.08,15.6,0,9.6,5.32
"2022-09-23 01:00:00",13.75,19.06,-1.46,7.81,4.12
"2022-09-23 02:00:00",9.44,22.48,-1.23,6.67,3.71
"2022-09-23 03:00:00",11.92,19.22,-0.88,6.48,3.65
"2022-09-23 04:00:00",10.07,20.13,-1.18,6.09,3.68
"2022-09-23 05:00:00",5.91,23.86,-0.86,5.53,2.65
"2022-09-23 06:00:00",17.36,15.37,-0.42,5.93,2.77
"2022-09-23 07:00:00",28.81,8.29,-0.5,7.81,4.22
"2022-09-23 08:00:00",28.34,16.22,-0.32,8.4,4.42
"2022-09-23 09:00:00",16.63,26.29,-0.32,8.42,3.99
"2022-09-23 10:00:00",15.46,25.29,-0.59,7.78,3.91
"2022-09-23 11:00:00",10.87,31.77,-0.49,8.19,3.88
"2022-09-23 12:00:00",13.35,36.65,-0.33,6.65,3.91
"2022-09-23 13:00:00",11.85,41.97,-0.1,5.01,2.27
"2022-09-23 14:00:00",12.67,46.51,-0.15,3.3,1.64
"2022-09-23 15:00:00",5.08,51.85,-1.48,2.73,1.22
"2022-09-23 16:00:00",10.91,44.45,-1.65,2.74,1.3
"2022-09-23 17:00:00",13.91,39.99,-0.32,3.64,2
"2022-09-23 18:00:00",15.74,37.06,-0.4,4.19,2.37
"2022-09-23 19:00:00",16.26,42.39,-0.51,5.73,3.37
"2022-09-23 20:00:00",22.12,41.86,-0.61,7.13,4.85
"2022-09-23 21:00:00",21.68,36.55,-0.66,8.43,5.06
"2022-09-23 22:00:00",13.08,44.92,-0.81,8.99,4.95
"2022-09-23 23:00:00",14.62,38.33,-0.16,10.36,6.23
"2022-09-24 00:00:00",17.38,32.05,-0.46,11.81,6.98
"2022-09-24 01:00:00",14.19,38.44,-0.58,9.56,5.4
"2022-09-24 02:00:00",7.88,45.73,-0.26,8.24,4.53
"2022-09-24 02:01:00",,,,,
"2022-09-24 03:01:00",,,,,
"2022-09-25 08:00:00",8.46,44.11,-0.91,5.91,3.79
"2022-09-25 09:00:00",8.25,46.32,-0.95,6.78,3.74
"2022-09-25 10:00:00",7.76,47.95,-0.8,6.44,3.7
"2022-09-25 11:00:00",6.49,46.69,-0.68,6.46,3.58
"2022-09-25 12:00:00",4.04,52.41,-1.46,5.1,2.95
"2022-09-25 13:00:00",4.54,57.82,-0.86,3.37,2.13
"2022-09-25 14:00:00",5.49,58.93,-0.36,3.12,1.92
"2022-09-25 15:00:00",4.62,58.98,-0.64,3.16,2.01
"2022-09-25 16:00:00",6.65,54.57,-0.84,3.47,1.97
"2022-09-25 17:00:00",7.35,53.19,-0.89,4.39,2.27
"2022-09-25 18:00:00",6.87,52.78,-0.53,4.42,2.52
"2022-09-25 19:00:00",6.54,50.92,-0.6,3.81,2.56
"2022-09-25 20:00:00",8.22,56.75,-0.66,5.5,3.62
"2022-09-25 21:00:00",5.08,64.3,-1.03,8.05,5.46
"2022-09-25 22:00:00",3.2,66.73,-0.86,7.2,4.82
"2022-09-25 23:00:00",3.37,65.09,-0.56,3.4,2.46
"2022-09-26 00:00:00",1.58,61.12,-0.47,1.65,1.09
"2022-09-26 01:00:00",1.63,59.59,-0.37,1.79,1.07
"2022-09-26 02:00:00",1.05,65.09,-0.83,5.73,2.78
"2022-09-26 03:00:00",1.19,68.15,-0.94,12.88,6.59
"2022-09-26 04:00:00",1.22,69.39,-0.68,19.33,10.13
"2022-09-26 05:00:00",1.86,74.32,-0.87,22.79,12.85
"2022-09-26 06:00:00",5.02,70.54,-0.81,21.38,12.41
"2022-09-26 07:00:00",8.4,62.83,-0.35,20.58,11.56
"2022-09-26 08:00:00",10.64,53.58,-0.51,15.56,8.94
"2022-09-26 09:00:00",11.25,47.89,-0.37,15.84,7.31
"2022-09-26 10:00:00",7.17,53.09,-0.72,25.02,8.62
"2022-09-26 11:00:00",5.73,54.42,-0.69,20.76,7.24
"2022-09-26 12:00:00",6.11,57.08,-0.65,12.27,4.26
"2022-09-26 13:00:00",4.89,59.57,-0.24,9.15,3.25
"2022-09-26 14:00:00",8.42,53.44,-0.13,8.54,3.43
"2022-09-26 15:00:00",7.69,54.93,-0.29,10.42,4.34
"2022-09-26 16:00:00",7.07,52.92,-0.65,9.43,4.25
"2022-09-26 17:00:00",6.76,55.78,-0.8,7.98,3.8
"2022-09-26 18:00:00",6.84,57.66,-0.68,13.13,6.58
"2022-09-26 19:00:00",9.5,55.92,-3.44,17.37,8.84
"2022-09-26 20:00:00",9.46,56.24,-1.58,19.18,9.96
"2022-09-26 21:00:00",12.29,53.13,-0.81,19.35,10.34
"2022-09-26 22:00:00",9.32,54.56,-0.79,20.3,10.74
"2022-09-26 23:00:00",5.95,57.04,-0.88,23.84,13.1
"2022-09-27 00:00:00",3.77,58.71,-1.02,19.07,10.24
"2022-09-27 01:00:00",2.63,64.05,-0.99,19.62,10.3
"2022-09-27 02:00:00",2.2,66.21,-0.57,21.69,11.81
"2022-09-27 03:00:00",1.81,70.58,-0.46,23.2,12.17
"2022-09-27 04:00:00",2.51,73.14,-0.43,22.11,12.25
"2022-09-27 05:00:00",2.37,74.75,-0.6,22.05,12.04
"2022-09-27 06:00:00",6.46,67.36,-0.49,22.48,12.2
"2022-09-27 07:00:00",14.17,55.69,-0.6,23.46,12.51
"2022-09-27 08:00:00",20.47,48.51,0.08,26.35,13.2
"2022-09-27 09:00:00",17.38,51.88,-0.32,26.33,12.96
"2022-09-27 10:00:00",13.79,56.46,-0.14,26.43,12.76
"2022-09-27 11:00:00",12.98,57.64,-0.46,27.04,12.7
"2022-09-27 12:00:00",10.79,64.73,-0.29,21.08,11.08
"2022-09-27 13:00:00",7.46,66.65,-0.32,15.61,9.04
"2022-09-27 14:00:00",10.18,65.03,-0.16,13.38,7.86
"2022-09-27 15:00:00",11.51,60.87,-0.42,14.3,7.32
"2022-09-27 16:00:00",15.45,54.41,-0.57,15.34,7.33
"2022-09-27 17:00:00",20.12,51.39,-0.09,14.42,6.9
"2022-09-27 18:00:00",19.08,48.18,-0.2,13.76,7.18
"2022-09-27 19:00:00",23.25,39.41,-0.31,12.59,7.9
"2022-09-27 20:00:00",14.86,44.21,-0.35,16,8.51
"2022-09-27 21:00:00",11.94,50.97,-0.24,17.08,7.73
"2022-09-27 22:00:00",8.3,52.32,-0.26,17.29,7.23
"2022-09-27 23:00:00",9.71,49.6,-0.7,18.63,7.5
"2022-09-28 00:00:00",6.98,50.62,-0.61,18.08,8.02
"2022-09-28 01:00:00",6.83,49.13,-0.86,16.97,9.39
"2022-09-28 02:00:00",4.6,49.82,-0.5,13.66,6.92
"2022-09-28 03:00:00",4.17,49.48,-0.32,10.72,5.28
"2022-09-28 04:00:00",4.77,47.64,-0.52,8.67,4.45
"2022-09-28 05:00:00",4.68,48.08,-0.33,7.69,4.35
"2022-09-28 06:00:00",11.75,38.49,-0.51,7.1,3.52
"2022-09-28 07:00:00",25.98,22.09,-0.29,7.8,3.45
"2022-09-28 08:00:00",29.14,19.83,0.17,10.84,3.6
"2022-09-28 09:00:00",17.27,31.46,0.05,8.53,3.93
"2022-09-28 10:00:00",19.04,38.7,0.29,10.5,5
"2022-09-28 11:00:00",8.55,45.39,-0.37,30.03,6.29
"2022-09-28 12:00:00",9.93,47.31,17.83,47.21,8.46
"2022-09-28 13:00:00",8.92,50.28,0.08,4.58,1.77
"2022-09-28 14:00:00",13.14,42.99,-0.15,4.04,1.7
"2022-09-28 15:00:00",13.09,42.87,0.01,5.93,2.67
"2022-09-28 16:00:00",13.5,38.6,-0.25,4.94,2.24
"2022-09-28 17:00:00",14.37,43.81,-0.52,5.92,2.88
"2022-09-28 18:00:00",19.01,38.16,-0.5,5.85,3.01
"2022-09-28 19:00:00",19.29,33.14,-0.29,8.29,4.66
"2022-09-28 20:00:00",26.27,24.11,-0.43,9.45,6.87
"2022-09-28 21:00:00",26.47,21.03,-0.11,11.03,8.47
"2022-09-28 22:00:00",20.06,25.46,-0.49,10.84,7.95
"2022-09-28 23:00:00",10.01,36.69,-0.32,7.18,4.52
"2022-09-29 00:00:00",7.4,38.87,-0.34,5.8,3.73
"2022-09-29 01:00:00",7.98,39.32,-0.93,5.65,3.76
"2022-09-29 02:00:00",5.8,40.17,-0.65,5.02,3.4
"2022-09-29 03:00:00",6,39.44,-0.73,4.03,2.62
"2022-09-29 04:00:00",6.58,41.57,-0.45,3.83,2.23
"2022-09-29 05:00:00",7.79,38.74,-0.39,3.33,1.9
"2022-09-29 06:00:00",13.36,34.34,-0.44,4.1,1.92
"2022-09-29 07:00:00",23.79,23.93,-0.17,5.3,2.42
"2022-09-29 08:00:00",34.72,13.83,-0.52,8.77,2.99
"2022-09-29 09:00:00",33.9,16.24,0.1,15.24,4.14
"2022-09-29 10:00:00",28.4,21.32,-0.04,35.64,7.39
"2022-09-29 11:00:00",18.34,32.86,-0.83,76.19,14.36
"2022-09-29 12:00:00",16.89,37.23,-0.35,9.66,4.14
"2022-09-29 13:00:00",17.32,47.75,-0.38,11.11,6.16
"2022-09-29 14:00:00",18.95,53.9,-0.38,12.4,7.12
"2022-09-29 15:00:00",15.97,59.31,-0.31,11.65,7.58
"2022-09-29 16:00:00",18.38,56.26,-0.45,11,7.08
"2022-09-29 17:00:00",26.97,52.7,-0.34,12.46,7.51
"2022-09-29 18:00:00",29.14,45.5,-0.71,14.01,8.92
"2022-09-29 19:00:00",40.94,13.88,-0.25,18.19,13.11
"2022-09-29 20:00:00",44.26,8.03,0.07,28.16,22.72
"2022-09-29 21:00:00",40.56,8.36,-0.39,28.98,23.42
"2022-09-29 22:00:00",20.57,26.52,-0.42,17.19,13.2
"2022-09-29 23:00:00",11.74,30.49,-0.32,11.68,8.18
"2022-09-30 00:00:00",10.27,33.43,-0.52,9.26,6.66
"2022-09-30 01:00:00",4.58,43.86,-0.84,5.51,3.72
"2022-09-30 02:00:00",6.58,38.96,-0.71,5.37,3.62
"2022-09-30 03:00:00",3.78,54.65,-0.63,4.11,2.38
"2022-09-30 04:00:00",1.59,65.05,-0.75,2.91,1.36
"2022-09-30 05:00:00",2.09,63.67,-0.68,2.53,1.27
"2022-09-30 06:00:00",3.63,60.45,-0.47,2.16,1.24
"2022-09-30 07:00:00",6.9,58.36,-0.28,1.82,0.83
"2022-09-30 08:00:00",8.99,56.9,-0.25,1.35,0.64
"2022-09-30 09:00:00",5.24,63.98,-0.27,2.25,0.8
"2022-09-30 10:00:00",4.85,65.34,-0.26,1.7,0.62
"2022-09-30 11:00:00",4.31,63.76,-0.31,0.64,0.34
"2022-09-30 12:00:00",3.19,59.02,-0.42,0.07,0.02
"2022-09-30 13:00:00",8.55,47.72,0.21,0.11,0.04
"2022-09-30 14:00:00",7.1,63.53,0.18,3.3,1.82
"2022-09-30 15:00:00",6.61,67.82,-0.32,9.81,5.54
"2022-09-30 16:00:00",8.96,66.22,-0.29,8.68,4.07
"2022-09-30 17:00:00",10.38,55.89,-0.18,10.01,5.46
"2022-09-30 18:00:00",12.39,61.96,-0.02,14.83,7.03
"2022-09-30 19:00:00",11.37,59.23,-0.58,15.64,7.67
"2022-09-30 20:00:00",6.75,63.86,-0.4,11.48,6.58
"2022-09-30 21:00:00",5.72,62.9,-0.42,12.63,7.23
"2022-09-30 22:00:00",4.29,61.11,-0.23,15.65,8.52
"2022-09-30 23:00:00",4.26,59.62,-0.4,15.43,8.06
"2022-10-01 00:00:00",4.57,59.54,-0.16,14.22,7.7
"2022-10-01 01:00:00",2.95,59.54,-0.12,9.92,6.16
"2022-10-01 02:00:00",3.79,59.94,-0.24,11.64,6.35
"2022-10-01 03:00:00",2.7,61.74,-0.39,12.72,6.39
"2022-10-01 04:00:00",1.86,61.08,-0.31,14.22,6.95
"2022-10-01 05:00:00",1.16,58.81,-0.24,11.61,6
"2022-10-01 06:00:00",1.98,57.94,-0.33,10.53,5.86
"2022-10-01 07:00:00",2.85,57.87,-0.66,9.91,5.52
"2022-10-01 08:00:00",4.87,54.16,-0.32,10.31,5.54
"2022-10-01 09:00:00",4.52,49.89,-0.12,10.49,5.64
"2022-10-01 10:00:00",5.43,48.03,-0.15,10.14,5.24
"2022-10-01 11:00:00",6.64,48.43,-0.11,10.48,5.28
"2022-10-01 12:00:00",6.39,46.81,-0.55,8.68,4.85
"2022-10-01 13:00:00",4.65,53.96,-0.41,8.49,4.25
"2022-10-01 14:00:00",5.37,53.87,-0.05,7.47,4.33
"2022-10-01 15:00:00",5.15,54.49,-0.22,7.3,3.83
"2022-10-01 16:00:00",4.65,58.75,-0.26,10.49,5.43
"2022-10-01 17:00:00",6.74,59.02,-1.02,12.36,6.62
"2022-10-01 18:00:00",9.71,49.15,-1.08,15.52,9.85
"2022-10-01 19:00:00",10,47.12,-0.4,14.67,9.02
"2022-10-01 20:00:00",12.36,42.69,-0.2,13.72,9.04
"2022-10-01 21:00:00",8.96,50.54,-0.37,12.54,8.03
"2022-10-01 22:00:00",7.82,50.42,-0.38,11.79,7.66
"2022-10-01 23:00:00",6.43,48.46,-0.48,11.93,7.3
"2022-10-02 00:00:00",8.85,47.81,-1.04,11.78,6.26
"2022-10-02 01:00:00",5.32,50.34,-0.68,10.65,5.32
"2022-10-02 02:00:00",5.91,48.33,-0.46,8.73,4.46
"2022-10-02 03:00:00",3.03,51.66,-0.57,7.39,3.92
"2022-10-02 04:00:00",2.53,50.14,-0.59,9.39,4.36
"2022-10-02 05:00:00",2.97,49.2,-0.57,10.66,5.04
"2022-10-02 06:00:00",3.4,44.97,-1.28,11.73,5.33
"2022-10-02 07:00:00",5.12,42.69,-0.93,10.43,5.15
"2022-10-02 08:00:00",7.38,44.36,-0.7,10.5,5.47
"2022-10-02 09:00:00",8.31,47.1,-0.52,9.36,5.18
"2022-10-02 10:00:00",4.53,49.89,-0.81,9.83,5.09
"2022-10-02 11:00:00",5.07,51.17,-0.67,9.04,4.62
"2022-10-02 12:00:00",4.96,57.5,-0.67,8.17,4.29
"2022-10-02 13:00:00",6.49,57.63,-0.16,7.5,3.98
"2022-10-02 14:00:00",5.46,57.98,-0.86,5.71,3.14
"2022-10-02 15:00:00",3.6,59.18,-1.99,4.21,2.25
"2022-10-02 16:00:00",6.9,55.13,-1.29,4.57,2.46
"2022-10-02 17:00:00",15.63,50.24,-0.43,5.53,3.26
"2022-10-02 18:00:00",15.9,43.95,-0.35,10.05,7.28
"2022-10-02 19:00:00",23.13,32.75,-0.51,11.41,8.81
"2022-10-02 20:00:00",31.47,18.85,-0.34,20.43,17.85
"2022-10-02 21:00:00",30.04,20.12,-0.44,22.26,18.92
"2022-10-02 22:00:00",12.03,41.22,-0.35,10.15,7.43
"2022-10-02 23:00:00",12.04,42.51,-0.24,8.22,6.12
"2022-10-03 00:00:00",8.3,48.33,-0.63,4.2,2.82
"2022-10-03 01:00:00",4.65,52.36,-0.61,3.35,2
"2022-10-03 02:00:00",3.71,50.7,-0.21,3.07,1.71
"2022-10-03 03:00:00",4.88,51.32,-0.48,3.29,1.76
"2022-10-03 04:00:00",7.02,48.83,-0.4,4.62,2.74
"2022-10-03 05:00:00",12.29,40.13,-0.26,3.49,2.09
"2022-10-03 06:00:00",18.63,36.7,-0.45,4.64,2.54
"2022-10-03 07:00:00",11.51,55.92,-0.93,4.93,2.47
"2022-10-03 08:00:00",25.62,37.7,-0.73,5.53,2.69
"2022-10-03 09:00:00",16.77,52.13,-0.43,6.72,3.13
"2022-10-03 10:00:00",9.06,60.99,-0.71,7.41,3.3
"2022-10-03 11:00:00",10.48,55.27,-0.74,7.5,3.88
"2022-10-03 12:00:00",10.98,58.01,-0.45,8.04,3.91
"2022-10-03 13:00:00",8.08,63.82,-0.57,7.07,3.73
"2022-10-03 14:00:00",6,63.77,-0.85,6.5,3.68
"2022-10-03 15:00:00",5.94,62.35,-0.58,6.87,3.53
"2022-10-03 16:00:00",5.97,67.31,-0.61,3.51,1.62
"2022-10-03 17:00:00",5.17,68.58,-0.43,3.45,1.93
"2022-10-03 18:00:00",6.31,70.52,-0.6,3.33,1.85
"2022-10-03 19:00:00",5.92,72.35,-0.69,3.38,2.24
"2022-10-03 20:00:00",4.74,70.2,-0.98,2.69,2.07
"2022-10-03 21:00:00",3.75,70.85,-1.22,3.14,2.19
"2022-10-03 22:00:00",2.31,70.06,-1.58,3.04,1.98
"2022-10-03 23:00:00",1.43,73.73,-1.54,4.73,2.58
"2022-10-04 00:00:00",0.97,70.96,-0.48,4.44,2.37
"2022-10-04 01:00:00",0.52,69.91,-0.54,3.95,2.25
"2022-10-04 02:00:00",0.59,70.62,-0.18,4.31,2.16
"2022-10-04 03:00:00",0.41,69.04,-0.28,3.01,1.65
"2022-10-04 04:00:00",0.66,66.83,-0.58,3.05,1.63
"2022-10-04 05:00:00",0.47,65.73,-0.41,3.43,1.93
"2022-10-04 06:00:00",1.66,63.62,-0.23,3.52,2.23
"2022-10-04 07:00:00",3.73,59.9,-0.68,1.37,0.83
"2022-10-04 08:00:00",4.91,57.56,-0.4,1.51,0.72
"2022-10-04 09:00:00",5.08,54.54,-0.42,1.91,0.8
"2022-10-04 10:00:00",5.74,52.56,-0.47,1.82,0.73
"2022-10-04 11:00:00",13.92,50.68,-0.38,3.79,1.69
"2022-10-04 12:00:00",17.96,45.99,-0.05,4.88,2.53
"2022-10-04 13:00:00",13.98,50.77,-0.3,6.13,3.3
"2022-10-04 14:00:00",11.27,51.76,-0.02,8.04,3.77
"2022-10-04 15:00:00",20.96,40.77,0.05,8.39,4.24
"2022-10-04 16:00:00",21.92,45.53,-0.42,6.01,3.88
"2022-10-04 17:00:00",27.29,35.6,-1.85,6.13,4.29
"2022-10-04 18:00:00",36.77,27.09,0.25,7.53,5.68
"2022-10-04 19:00:00",9.2,59.06,-0.09,4.11,2.81
"2022-10-04 20:00:00",5.3,63.46,-0.2,3.53,2.5
"2022-10-04 21:00:00",6.29,62.44,-0.24,4.81,3.32
"2022-10-04 22:00:00",4.31,64.98,-0.32,5.32,3.7
"2022-10-04 23:00:00",2.29,70.77,-0.1,5.84,3.82
"2022-10-05 00:00:00",1.18,75.82,-0.53,6.02,3.95
"2022-10-05 01:00:00",0.92,73.05,-1.03,4,2.58
"2022-10-05 02:00:00",1.14,75.58,-0.52,1.79,0.97
"2022-10-05 03:00:00",2.67,77.6,0.13,1.94,0.8
"2022-10-05 04:00:00",1.71,72.84,-0.47,1.7,0.66
"2022-10-05 05:00:00",6.48,63.53,-0.5,1.54,0.55
"2022-10-05 06:00:00",13.32,62.67,-0.02,1.89,0.68
"2022-10-05 07:00:00",15.87,59.8,-0.49,1.54,0.77
"2022-10-05 08:00:00",20.21,50.67,-0.27,3.63,1.18
"2022-10-05 09:00:00",15.56,55.22,-0.49,3.97,1.2
"2022-10-05 10:00:00",9.5,60.72,-0.27,4.3,1.29
"2022-10-05 11:00:00",8.82,55.65,-0.53,3.58,1.24
"2022-10-05 12:00:00",8.02,55.05,-0.3,5.84,1.95
"2022-10-05 13:00:00",15.5,51.75,0.21,5.25,1.87
"2022-10-05 14:00:00",12.67,60.15,0.08,3.99,1.69
"2022-10-05 15:00:00",9.73,59.66,-0.35,6.53,2.59
"2022-10-05 16:00:00",8.53,60.32,-0.39,9.21,3.91
"2022-10-05 17:00:00",8.32,60.24,-0.82,10.54,4.41
"2022-10-05 18:00:00",8.53,59.58,-0.39,8.62,4.41
"2022-10-05 19:00:00",10.66,56.65,-0.39,6.96,4.54
"2022-10-05 20:00:00",10.78,56.04,-0.32,9.46,6
"2022-10-05 21:00:00",6.85,56,-0.58,9.7,5.64
"2022-10-05 22:00:00",5.5,54.48,-0.65,10.42,5.92
"2022-10-05 23:00:00",2.72,55.83,-0.27,9.62,4.87
"2022-10-06 00:00:00",1.82,55.74,-0.39,9.77,4.92
"2022-10-06 01:00:00",1.36,57.77,-0.74,11.94,5.42
"2022-10-06 02:00:00",0.93,58.98,-0.85,12.54,6.12
"2022-10-06 03:00:00",0.72,61.36,-0.85,12.59,6.31
"2022-10-06 04:00:00",0.58,63.15,-0.92,12.41,6.03
"2022-10-06 05:00:00",0.89,62.9,-1.18,11.36,5.81
"2022-10-06 06:00:00",2.35,58.96,-1.52,5.97,3.65
"2022-10-06 07:00:00",6.98,53.14,-1.45,7.25,4.09
"2022-10-06 08:00:00",9.22,51.76,-1.26,11.3,5.78
"2022-10-06 09:00:00",8.3,51.31,-0.92,10.04,5.36
"2022-10-06 10:00:00",6.32,53.22,-0.99,7.8,4.43
"2022-10-06 11:00:00",5.91,54.54,-0.62,5.44,3.07
"2022-10-06 12:00:00",4.97,57.23,-0.61,7.37,3.71
"2022-10-06 13:00:00",3.6,60.84,-0.93,7,3.56
"2022-10-06 14:00:00",5.2,58.77,-0.63,7.02,3.16
"2022-10-06 15:00:00",5.38,58.84,-0.71,4.27,2.15
"2022-10-06 16:00:00",6.2,59.25,-0.68,5.78,2.74
"2022-10-06 17:00:00",7.78,57.7,-0.59,5.92,3.21
"2022-10-06 18:00:00",8.04,59.36,-0.75,5.94,3.48
"2022-10-06 19:00:00",8.72,57.32,-0.51,6.59,4.18
"2022-10-06 20:00:00",5.97,64.02,-0.64,6.54,4.15
"2022-10-06 21:00:00",3.65,64.95,-1.05,8.13,4.51
"2022-10-06 22:00:00",3.57,67.01,-1.06,8.21,4.71
"2022-10-06 23:00:00",2.56,68.8,-0.91,7.05,4
"2022-10-07 00:00:00",1.27,70.56,-1.41,7.32,4.09
"2022-10-07 01:00:00",0.72,72.48,-1.12,7.16,4.03
"2022-10-07 02:00:00",1.11,73.27,-0.31,6.62,3.86
"2022-10-07 03:00:00",0.51,71.9,-0.88,6.66,3.89
"2022-10-07 04:00:00",0.55,70.78,-0.94,7.66,4.17
"2022-10-07 05:00:00",0.66,70.93,-0.55,6.65,3.93
"2022-10-07 06:00:00",1.97,70.75,-0.88,6.99,3.87
"2022-10-07 07:00:00",4.49,68.99,-0.36,5.62,3.33
"2022-10-07 08:00:00",13.63,63.32,-0.51,8.1,4.08
"2022-10-07 09:00:00",11.09,61.71,-0.72,14.23,6.66
"2022-10-07 10:00:00",8.04,57.08,-0.24,15.61,6.83
"2022-10-07 11:00:00",10.86,54.26,-0.27,14.2,7.23
"2022-10-07 12:00:00",4.76,54.79,-0.14,13.56,6.32
"2022-10-07 13:00:00",7.25,52.85,-0.49,10.63,4.57
"2022-10-07 14:00:00",6.12,51.9,-0.34,9.73,4.22
"2022-10-07 15:00:00",7.26,47.65,-0.46,7.43,3.66
"2022-10-07 16:00:00",6.61,47.82,-0.36,7.8,4.28
"2022-10-07 17:00:00",8.24,44.8,-0.67,8.35,4.41
"2022-10-07 18:00:00",16.66,38.5,-0.45,10.15,5.21
"2022-10-07 19:00:00",15.47,35.95,-0.59,10.07,6.77
"2022-10-07 20:00:00",11.55,40.39,-0.37,10.56,6.87
"2022-10-07 21:00:00",10.63,41.73,-0.9,13.81,7.47
"2022-10-07 22:00:00",21.65,37.15,0.53,14.77,8.57
"2022-10-07 23:00:00",5.57,48.9,-0.65,14.02,7.49
"2022-10-08 00:00:00",4.26,51.88,-0.88,14.47,7.49
"2022-10-08 01:00:00",9.74,49.38,-0.8,14.32,6.86
"2022-10-08 02:00:00",5.74,48.22,-0.26,13.77,6.74
"2022-10-08 03:00:00",3.23,50.16,-0.69,13.37,6.53
"2022-10-08 04:00:00",3.57,48.52,-0.86,13.21,6.49
"2022-10-08 05:00:00",4.11,44.74,-0.85,12.33,6.22
"2022-10-08 06:00:00",11.37,39.56,-0.69,11.98,6
"2022-10-08 07:00:00",20.49,30.2,-0.41,12.94,6.39
"2022-10-08 08:00:00",12.49,31.49,-0.72,11.01,5.9
"2022-10-08 09:00:00",18.18,30.83,0.01,11.94,6.14
"2022-10-08 10:00:00",9.89,47.57,-0.38,12.67,5.81
"2022-10-08 11:00:00",5.99,51.87,-0.55,11.39,5.17
"2022-10-08 12:00:00",4.29,54.08,-0.83,9.99,4.66
"2022-10-08 13:00:00",4,55.4,-0.16,7.6,4.04
"2022-10-08 14:00:00",4.55,56.29,-0.61,7.47,3.54
"2022-10-08 15:00:00",5.37,55.57,-0.78,6.93,3.71
"2022-10-08 16:00:00",5.18,54.99,-0.74,7.11,3.76
"2022-10-08 17:00:00",7.23,52.39,-0.56,7.05,3.71
"2022-10-08 18:00:00",16.89,40.81,-1.39,11.59,7.34
"2022-10-08 19:00:00",19.35,35.22,-1.16,14.15,11.03
"2022-10-08 20:00:00",14.98,42.15,-0.58,13.73,8.64
"2022-10-08 21:00:00",12.94,46.87,-0.34,13.75,8.88
"2022-10-08 22:00:00",19.85,39.51,0.24,15.79,11.58
"2022-10-08 23:00:00",12.04,48.07,-0.21,13.72,9.6
"2022-10-09 00:00:00",4.88,59.2,-0.63,7.7,4.14
"2022-10-09 01:00:00",4.76,56.99,-0.72,8.05,4.32
"2022-10-09 02:00:00",2.73,61.35,-0.58,6.77,3.56
"2022-10-09 03:00:00",2.36,62.82,-0.69,7.13,3.54
"2022-10-09 03:01:00",,,,,
"2022-10-09 04:01:00",,,,,
"2022-10-09 12:00:00",5.21,72.06,-0.19,5.78,3.63
"2022-10-09 13:00:00",6.58,66.86,-0.23,4.12,2.89
"2022-10-09 14:00:00",4.08,73.48,-0.11,5.63,3.47
"2022-10-09 15:00:00",5.09,70.67,-0.61,3.51,2.47
"2022-10-09 16:00:00",3.23,73.24,-0.48,3.11,2.1
"2022-10-09 17:00:00",3.18,74.64,-0.52,2.51,1.82
"2022-10-09 18:00:00",4.73,70.99,-0.38,2.84,2.24
"2022-10-09 19:00:00",6.07,61.67,-1.75,4.55,3.78
"2022-10-09 20:00:00",10.43,65.87,-0.82,12.35,9.14
"2022-10-09 21:00:00",11.75,56.79,-0.52,19.55,12.92
"2022-10-09 22:00:00",7.23,58.35,-0.51,18.97,10.58
"2022-10-09 23:00:00",6.12,56.04,-0.19,16.31,8.81
"2022-10-10 00:00:00",5.16,54.35,-0.78,14.9,7.8
"2022-10-10 01:00:00",4.25,53.1,-0.53,13.64,7.21
"2022-10-10 02:00:00",3.3,55.78,-0.58,13.58,7.05
"2022-10-10 03:00:00",3.14,55.39,-0.58,14.1,6.99
"2022-10-10 04:00:00",2.56,59.99,-0.53,14.85,7.02
"2022-10-10 05:00:00",4.91,53.72,-0.04,14.03,6.7
"2022-10-10 06:00:00",10.11,48.96,-0.37,13.88,6.75
"2022-10-10 07:00:00",21.62,34.14,-0.91,14.47,6.97
"2022-10-10 08:00:00",21.58,33.56,-0.74,15.99,7.22
"2022-10-10 09:00:00",21.43,31.91,-0.59,16.56,7.33
"2022-10-10 10:00:00",18.89,34.26,-0.18,18.79,9.79
"2022-10-10 10:01:00",,,
"2022-10-10 11:00:00",13.58,42.24,,16.71,9.01
"2022-10-10 11:01:00",,,
"2022-10-10 12:00:00",7.33,54.75,1.24,19.57,9.59
"2022-10-10 13:00:00",5.68,60.25,1.52,20.69,10.26
"2022-10-10 14:00:00",6.99,58.83,1.37,19.27,8.85
"2022-10-10 15:00:00",10.7,55.86,1.18,15.05,7.45
"2022-10-10 16:00:00",7.78,58.04,1.5,16,8
"2022-10-10 17:00:00",15.77,47.54,1.31,17.75,9.45
"2022-10-10 18:00:00",27.35,32.13,1.61,22.28,13.25
"2022-10-10 19:00:00",35.91,19.01,1.52,28.49,18.56
"2022-10-10 20:00:00",41.45,14,1.66,35.94,26.89
"2022-10-10 21:00:00",40.33,11.86,1.62,40.43,25.6
"2022-10-10 22:00:00",24.97,23.87,1.19,25.94,17.16
"2022-10-10 23:00:00",13.42,32.64,1.2,19.26,11.96
"2022-10-11 00:00:00",12.16,34.9,1.35,17.82,11.7
"2022-10-11 01:00:00",4.21,44.81,0.91,13.39,7.72
"2022-10-11 02:00:00",5.51,42.55,0.91,12.44,6.84
"2022-10-11 03:00:00",3.04,48.95,1.22,12.04,6.18
"2022-10-11 04:00:00",2.43,53.92,0.86,12.05,5.95
"2022-10-11 05:00:00",4.36,50.97,0.97,9.76,5.22
"2022-10-11 06:00:00",5.94,54.22,0.87,10.13,4.85
"2022-10-11 07:00:00",21.63,41.13,1.44,10.73,5.43
"2022-10-11 08:00:00",34.03,32.2,1.61,12.98,5.83
"2022-10-11 09:00:00",22.62,43.07,1.22,15.48,6.26
"2022-10-11 10:00:00",14.71,55.92,1.36,13.69,6.03
"2022-10-11 11:00:00",6.43,63.29,1.5,10.74,5.2
"2022-10-11 12:00:00",4.69,64.61,1.61,9.42,4.53
"2022-10-11 13:00:00",4.54,65.71,1.71,10.28,4.81
"2022-10-11 14:00:00",4.71,68.73,1.32,11.4,5.59
"2022-10-11 15:00:00",5.74,63.49,1.51,11.7,5.81
"2022-10-11 16:00:00",12.08,55.73,1.55,12.11,6.29
"2022-10-11 17:00:00",15.72,52.43,1.02,13.85,8.04
"2022-10-11 18:00:00",12.39,58.49,1.36,13.28,8.14
"2022-10-11 19:00:00",13.62,59.66,1.45,12.38,7.37
"2022-10-11 20:00:00",12.56,61.9,1.45,12.13,7.75
"2022-10-11 21:00:00",7.28,69.38,1.38,10.93,6.5
"2022-10-11 22:00:00",5.44,71.44,1.43,10.49,5.95
"2022-10-11 23:00:00",3.66,74.27,1.25,10.41,5.94
"2022-10-12 00:00:00",2.21,72.29,0.93,5.84,3.86
"2022-10-12 01:00:00",1.44,73.47,1.15,2.75,1.93
"2022-10-12 02:00:00",0.88,78.01,1.16,2.16,1.5
"2022-10-12 03:00:00",0.53,78.35,0.85,3.86,2.32
"2022-10-12 04:00:00",0.61,76.39,1.22,2.68,1.38
"2022-10-12 05:00:00",0.9,73.75,1.25,0.86,0.49
"2022-10-12 06:00:00",2.4,68.48,1.29,0.83,0.31
"2022-10-12 07:00:00",6.96,61.59,1.46,1.08,0.34
"2022-10-12 08:00:00",10.48,54.01,1.6,1.75,0.47
"2022-10-12 09:00:00",12.91,51.29,1.48,2.19,0.82
"2022-10-12 10:00:00",11.43,56.35,1.31,4.8,2.17
"2022-10-12 11:00:00",12.91,61.37,1.42,20.5,5.32
"2022-10-12 12:00:00",11.06,63.54,1.46,14.42,5.4
"2022-10-12 13:00:00",12.2,63.38,1.28,20.59,7.27
"2022-10-12 14:00:00",13.47,61.53,1.27,12.8,6.39
"2022-10-12 15:00:00",13.2,60.23,1.3,13.01,6.04
"2022-10-12 16:00:00",19.39,55.14,1.6,14.05,6.49
"2022-10-12 17:00:00",16.48,56.37,1.24,15.94,9.22
"2022-10-12 18:00:00",19.12,49.77,1.13,17.23,10.33
"2022-10-12 19:00:00",26.51,40.03,1.24,18.73,12.47
"2022-10-12 20:00:00",36.91,24.99,1.43,24.8,17.39
"2022-10-12 21:00:00",44.73,15.4,1.64,31.41,23.6
"2022-10-12 22:00:00",32.91,19.86,1.75,25.51,18.72
"2022-10-12 23:00:00",26.43,23.2,1.52,20.75,15.47
"2022-10-13 00:00:00",21.93,21.73,1.53,15.82,11.28
"2022-10-13 01:00:00",21.8,17.44,1.33,15.34,11.41
"2022-10-13 02:00:00",14.97,18.09,1.27,12.12,8.62
"2022-10-13 03:00:00",13.29,16.21,1.24,10.92,7.57
"2022-10-13 04:00:00",13.85,14.23,1.26,9.27,6.25
"2022-10-13 05:00:00",17.65,10.94,1.36,9.32,5.99
"2022-10-13 06:00:00",20.87,8.56,1.86,10.47,6.82
"2022-10-13 07:00:00",23.37,8.63,3.29,13.53,8.8
"2022-10-13 08:00:00",32.32,8.47,5.22,22.88,12.51
"2022-10-13 09:00:00",40.46,8.25,6.53,30.02,16.05
"2022-10-13 10:00:00",41.99,19.73,5.34,31.27,14.31
"2022-10-13 11:00:00",14.4,54.52,1.45,12.08,6.52
"2022-10-13 12:00:00",8.73,68.1,0.64,11.37,6.5
"2022-10-13 13:00:00",5.48,75.01,1.59,9.31,5.3
"2022-10-13 14:00:00",8.07,72.49,1.74,9.21,5.17
"2022-10-13 15:00:00",8.49,70.37,1.79,8.83,5.05
"2022-10-13 16:00:00",10.58,64.18,1.37,8,4.73
"2022-10-13 17:00:00",10.78,64.04,1.67,6.59,4.28
"2022-10-13 18:00:00",12.38,60.63,1.35,6.39,4.33
"2022-10-13 19:00:00",19.23,47.18,1.59,7.07,5.74
"2022-10-13 20:00:00",17.55,44.5,1.49,9.87,7.75
"2022-10-13 21:00:00",11.63,52.08,1.2,7.05,5.58
"2022-10-13 22:00:00",10.35,53.92,1.39,6.81,4.67
"2022-10-13 23:00:00",11.46,52.88,1.54,5.85,4.26
"2022-10-14 00:00:00",7.69,56.94,0.84,7.46,5.31
"2022-10-14 01:00:00",6.1,56.59,-1.93,6.73,4.5
"2022-10-14 02:00:00",2.34,67.27,-0.57,6.39,3.76
"2022-10-14 03:00:00",1.27,70.43,1.33,6.19,3.46
"2022-10-14 04:00:00",0.87,73.74,1.19,6.46,3.3
"2022-10-14 05:00:00",1.27,72.61,1.38,6.36,3.41
"2022-10-14 06:00:00",2.87,69.04,0.81,6.2,3.38
"2022-10-14 07:00:00",10.76,55.94,1.28,6.45,3.34
"2022-10-14 08:00:00",18.93,47.5,1.8,7.48,3.37
"2022-10-14 09:00:00",13.6,52.55,1.65,8.42,3.73
"2022-10-14 10:00:00",10.95,53.4,1.34,11.21,4.24
"2022-10-14 11:00:00",9.9,53.07,1.78,10.58,4.02
"2022-10-14 12:00:00",11.62,51.46,1.6,10.73,4.48
"2022-10-14 13:00:00",10.38,57.81,1.55,9.75,4.33
"2022-10-14 14:00:00",8.67,56.52,1.66,9.62,3.67
"2022-10-14 15:00:00",6.45,58.95,1.96,8.57,3.56
"2022-10-14 16:00:00",10.52,58.19,1.7,7.76,3.55
"2022-10-14 17:00:00",15.03,51.97,2.04,9.46,4.15
"2022-10-14 18:00:00",27.83,32.31,1.89,15.88,10.88
"2022-10-14 19:00:00",38.43,17.26,2.21,26.23,20.99
"2022-10-14 20:00:00",30.53,25.41,1.8,20.27,16.34
"2022-10-14 21:00:00",28.1,27.16,1.53,19.68,15.77
"2022-10-14 22:00:00",31.62,18.01,2.09,28.88,25.3
"2022-10-14 23:00:00",11.82,48.65,1.36,9.01,6.9
"2022-10-15 00:00:00",5.77,56.98,1.11,5.71,3.56
"2022-10-15 01:00:00",6.18,60.38,1.54,5.24,2.92
"2022-10-15 02:00:00",3.89,66.77,1.78,6.4,3.16
"2022-10-15 03:00:00",2.22,70.59,1.74,7.26,3.38
"2022-10-15 04:00:00",2.22,65.75,1.93,3.05,1.58
"2022-10-15 05:00:00",2.42,68.57,1.79,1.15,0.62
"2022-10-15 06:00:00",1.9,72.31,2.07,2.05,0.81
"2022-10-15 07:00:00",1.98,73.69,2.1,3.5,1.53
"2022-10-15 08:00:00",3.48,71.72,1.72,4.81,2.02
"2022-10-15 09:00:00",6.19,67.24,1.81,6.77,3.06
"2022-10-15 10:00:00",6.52,65.12,1.87,9.59,4.95
"2022-10-15 11:00:00",4.61,65.51,1.11,5.74,3.12
"2022-10-15 12:00:00",3.84,66.7,1.61,4.15,2.18
"2022-10-15 13:00:00",4.21,66.77,1.96,7.87,4.18
"2022-10-15 14:00:00",6.43,65.64,1.86,4.8,2.83
"2022-10-15 15:00:00",5.23,66.05,1.49,4.63,2.78
"2022-10-15 16:00:00",3.55,69.77,1.83,4.93,2.84
"2022-10-15 17:00:00",4.37,67.15,1.72,6.29,3.61
"2022-10-15 18:00:00",5.46,68.54,1.85,6.6,4.37
"2022-10-15 19:00:00",4.47,71,1.72,6.4,4.26
"2022-10-15 20:00:00",4.25,71.66,1.28,6.11,4.22
"2022-10-15 21:00:00",3.09,71.32,2.42,6.32,3.99
"2022-10-15 22:00:00",3.43,69.29,2.11,5.51,3.75
"2022-10-15 23:00:00",4.93,68.28,1.59,4.52,3.17
"2022-10-16 00:00:00",3.54,72.16,1.81,4,2.2
"2022-10-16 01:00:00",1.56,69.09,1.5,3.89,2.03
"2022-10-16 02:00:00",1.5,69.9,1.58,4.07,1.97
"2022-10-16 03:00:00",1.72,67.1,1.62,4.66,2.14
"2022-10-16 04:00:00",1.67,69.12,1.61,3.56,1.72
"2022-10-16 05:00:00",1.32,71.63,1.55,3.87,1.73
"2022-10-16 06:00:00",3.97,71.87,1.76,4.4,1.94
"2022-10-16 07:00:00",5.12,67.87,1.44,5.88,2.43
"2022-10-16 08:00:00",7.13,63.71,1.25,6.83,2.66
"2022-10-16 09:00:00",14.84,49.41,1.41,8.75,3.85
"2022-10-16 10:00:00",15.55,51.49,1.64,8.18,3.59
"2022-10-16 11:00:00",16.25,51.95,1.83,8.84,4.06
"2022-10-16 12:00:00",11.69,63.85,1.79,7.99,3.5
"2022-10-16 13:00:00",13.75,64.05,1.58,9.18,4.53
"2022-10-16 14:00:00",16.57,62.12,1.35,9.36,4.89
"2022-10-16 15:00:00",27.06,50.79,0.94,11.69,7.14
"2022-10-16 16:00:00",11.85,72.55,1.42,11.39,6.58
"2022-10-16 17:00:00",10.05,72.65,1.51,13.84,8.01
"2022-10-16 18:00:00",8.98,67.99,1.64,14.35,8.74
"2022-10-16 19:00:00",9.18,62.41,1.32,16.25,10.39
"2022-10-16 20:00:00",6.4,76.26,1.26,15.95,9.79
"2022-10-16 21:00:00",4.22,74.47,1.35,10.15,6.8
"2022-10-16 22:00:00",5.06,76.05,1.49,2.39,1.72
"2022-10-16 23:00:00",3.58,80.11,1.59,0.01,0.01
"2022-10-17 00:00:00",1.41,86.01,1.32,0.01,0
"2022-10-17 01:00:00",0.88,83.82,1.41,0,0
"2022-10-17 02:00:00",0.62,81.78,1.63,0,0
"2022-10-17 03:00:00",0.48,83.22,1.59,0,0
"2022-10-17 04:00:00",0.33,84.19,1.45,0,0
"2022-10-17 05:00:00",1.05,82.05,1.62,0,0
"2022-10-17 06:00:00",1.65,80.66,1.39,0,0
"2022-10-17 07:00:00",3.51,78.64,0.85,0,0
"2022-10-17 08:00:00",5.55,74.76,1.62,0,0
"2022-10-17 09:00:00",5.56,71.01,1.69,0,0
"2022-10-17 10:00:00",7.86,67.83,1.45,0,0
"2022-10-17 11:00:00",5.26,66.33,1.37,0,0
"2022-10-17 12:00:00",5.44,65.56,1.38,0,0
"2022-10-17 13:00:00",4.23,66.11,1.41,0,0
"2022-10-17 14:00:00",4.04,66.39,1.55,0,0
"2022-10-17 15:00:00",4.91,66.24,1.38,0,0
"2022-10-17 16:00:00",6.65,63.27,1.45,0.01,0
"2022-10-17 17:00:00",10.3,57.37,1.39,0,0
"2022-10-17 18:00:00",18,47.05,0.67,0.03,0.01
"2022-10-17 19:00:00",32.33,26.18,0.97,0.22,0.16
"2022-10-17 20:00:00",26.81,35.1,1.76,0.59,0.24
"2022-10-17 21:00:00",20.47,38.53,1.56,6.24,3.27
"2022-10-17 22:00:00",25.9,24.32,1.66,11.08,7.81
"2022-10-17 23:00:00",22.48,20.48,1.76,11.62,8.17
"2022-10-18 00:00:00",17.86,20.4,1.48,11.37,8.03
"2022-10-18 01:00:00",11.79,18.79,1.76,9.8,6.88
"2022-10-18 02:00:00",9.58,18.39,1.58,7.96,5.36
"2022-10-18 03:00:00",10.04,16.55,1.53,6.81,4.55
"2022-10-18 04:00:00",12.05,12.61,1.12,6.65,4.04
"2022-10-18 05:00:00",14.17,9.19,1.14,6.19,3.83
"2022-10-18 06:00:00",17.46,8.15,1.33,6.53,4.34
"2022-10-18 07:00:00",21.04,8.59,2.92,8.42,4.96
"2022-10-18 08:00:00",30.39,8.82,5.42,13.76,6.67
"2022-10-18 09:00:00",53.55,9.57,4.19,22.61,10.62
"2022-10-18 10:00:00",54.46,9.48,4.71,25.17,10.45
"2022-10-18 11:00:00",37.18,25.53,2.49,16.94,7.35
"2022-10-18 12:00:00",16.63,58.46,1.21,12.11,6.05
"2022-10-18 13:00:00",15.92,59.21,1.66,13.12,6.84
"2022-10-18 14:00:00",12.43,66.84,1.47,13.64,6.86
"2022-10-18 15:00:00",12.51,66.08,1.3,11.91,5.77
"2022-10-18 16:00:00",19.82,61.91,1.41,12.6,6.14
"2022-10-18 17:00:00",23.17,57.67,1.46,14.7,7.94
"2022-10-18 18:00:00",27.17,50.44,1.41,20.26,10.41
"2022-10-18 19:00:00",35.38,39.63,1.51,24.82,14.55
"2022-10-18 20:00:00",22.93,49.26,1.52,26.83,15.64
"2022-10-18 21:00:00",13.58,57.09,1.3,21.98,11.49
"2022-10-18 22:00:00",15.92,51.71,0.49,20.02,9.36
"2022-10-18 23:00:00",12.39,53.3,0.81,16.91,8.01
"2022-10-19 00:00:00",7.31,57.88,1.3,12,6.1
"2022-10-19 01:00:00",6.29,60.45,0.57,14,6.57
"2022-10-19 02:00:00",6.74,60.73,0.47,13.34,5.74
"2022-10-19 03:00:00",4.85,65.53,1.07,10.37,4.98
"2022-10-19 04:00:00",5.38,64.02,0.75,9.99,5.13
"2022-10-19 05:00:00",6.22,60.92,-0.22,7.42,4.71
"2022-10-19 06:00:00",12.09,51.64,1.1,11.05,6.84
"2022-10-19 07:00:00",20.85,43.71,1.49,9.35,6.55
"2022-10-19 08:00:00",23.55,43.21,0.73,9.21,6.7
"2022-10-19 09:00:00",21.72,43.37,1.16,10.52,7.15
"2022-10-19 10:00:00",21.41,42.92,0.28,7.87,6.06
"2022-10-19 11:00:00",26.15,37.31,1.31,9.77,5.86
"2022-10-19 12:00:00",19.32,45.59,1.45,17.07,9.75
"2022-10-19 12:01:00",,,,,
"2022-10-19 13:01:00",,,,,
"2022-10-19 14:00:00",17.3,,1.59,22.9,11.16
"2022-10-19 15:00:00",19.14,44.95,1.61,21.79,10.77
"2022-10-19 16:00:00",20.88,42.97,2.1,25.88,12.49
"2022-10-19 17:00:00",36.35,31.21,1.68,26.41,12.01
"2022-10-19 18:00:00",20.75,48.08,1.77,26.32,12.6
"2022-10-19 19:00:00",15.87,50.83,1.52,29.34,14.3
"2022-10-19 20:00:00",13.31,52.73,1.71,36.32,17.35
"2022-10-19 21:00:00",13.94,49.48,1.31,33.98,14.66
"2022-10-19 22:00:00",9.94,52.38,1.19,30.23,15.41
"2022-10-19 23:00:00",10.33,51.43,1.45,25.33,12.47
"2022-10-20 00:00:00",10.43,44.71,1.81,36.38,17.06
"2022-10-20 01:00:00",12.95,41.14,1.72,30.91,14.02
"2022-10-20 02:00:00",8.13,44.55,1.71,25.85,13
"2022-10-20 03:00:00",6.86,42.21,1.6,24.32,13.89
"2022-10-20 04:00:00",10.71,32.08,1.94,23.13,13.37
"2022-10-20 05:00:00",9.99,21.69,1.56,19.92,11.76
"2022-10-20 06:00:00",22.97,15.16,2,14.12,8.93
"2022-10-20 07:00:00",36.83,12.21,2.28,13.2,8.32
"2022-10-20 08:00:00",49.24,8.65,3.47,13.29,7.59
"2022-10-20 09:00:00",43.94,23.95,1.96,17.82,9.13
"2022-10-20 10:00:00",31.18,39.79,1.81,14.79,7.9
"2022-10-20 11:00:00",18.81,55.16,1.71,15.8,8.15
"2022-10-20 12:00:00",13.59,60.88,1.46,14.35,7.73
"2022-10-20 13:00:00",19.58,58.32,1.49,17.85,10.09
"2022-10-20 14:00:00",16.07,62.67,1.46,17.26,9.41
"2022-10-20 15:00:00",19.02,55.68,1.35,15.88,9.1
"2022-10-20 16:00:00",23.19,51.92,1.14,17.35,10.17
"2022-10-20 17:00:00",19.26,52.21,1.86,18.16,10.86
"2022-10-20 18:00:00",27.17,38.78,2.04,19.05,12.24
"2022-10-20 19:00:00",48.84,18.66,1.95,28.27,20.15
"2022-10-20 20:00:00",37.03,29.84,1.85,29.39,21.35
"2022-10-20 21:00:00",31.27,37.16,1.68,26.25,18.93
"2022-10-20 22:00:00",25.65,42.6,2.05,20.97,15.07
"2022-10-20 23:00:00",12.19,59.55,1.72,14.53,9.89
"2022-10-21 00:00:00",6.24,69.72,1.51,11.62,6.9
"2022-10-21 01:00:00",5.47,66.75,1.32,12.68,6.9
"2022-10-21 02:00:00",5.35,61.38,1.54,13.11,7.1
"2022-10-21 03:00:00",4.4,65.78,0.91,12.22,6.29
"2022-10-21 04:00:00",4.66,71.97,0.1,10.32,5.39
"2022-10-21 05:00:00",3.98,73.61,1.76,12.51,6.07
"2022-10-21 06:00:00",5.12,74.1,1.82,12.61,6.36
"2022-10-21 07:00:00",10.42,67.23,1.79,12.44,6.4
"2022-10-21 08:00:00",12.3,63.03,1.66,12.98,6.82
"2022-10-21 09:00:00",8.9,63.73,1.98,13.68,7.67
"2022-10-21 10:00:00",9.34,65.31,2.05,10.54,6.93
"2022-10-21 11:00:00",11.75,70.25,2.12,7.63,4.76
"2022-10-21 12:00:00",8.42,72.89,2.04,11.57,7.06
"2022-10-21 13:00:00",10.18,71.35,1.69,14.58,8.36
"2022-10-21 14:00:00",9.23,75.34,1.52,16.55,9.75
"2022-10-21 15:00:00",12.13,72.81,1.94,19.42,11.66
"2022-10-21 16:00:00",11.85,73.25,1.95,20.12,11.67
"2022-10-21 17:00:00",16.74,65.19,1.77,24.13,14.87
"2022-10-21 18:00:00",21.6,59.25,1.91,30.05,18.76
"2022-10-21 19:00:00",17.68,62.99,2.02,25.16,18.59
"2022-10-21 20:00:00",23.28,54.75,2.1,23.29,18.19
"2022-10-21 21:00:00",19.49,59.22,2.18,25.79,18.31
"2022-10-21 22:00:00",17.77,57.78,2.07,23.46,16.42
"2022-10-21 23:00:00",18.04,54.19,1.87,18.37,11.73
"2022-10-22 00:00:00",12.05,46.21,1.94,13.7,9.59
"2022-10-22 01:00:00",2.09,62.89,1.62,3.06,1.73
"2022-10-22 02:00:00",1.21,68.67,1.35,2.53,1.31
"2022-10-22 03:00:00",1.05,69.27,0.55,2.74,1.43
"2022-10-22 04:00:00",0.84,72.04,-0.38,3.9,1.79
"2022-10-22 05:00:00",0.92,73.06,1.33,6.98,3.11
"2022-10-22 06:00:00",1.55,76.1,1.36,8.49,4.22
"2022-10-22 07:00:00",2.67,79.46,1.64,9.12,4.37
"2022-10-22 08:00:00",4.73,77.67,1.45,7.34,3.62
"2022-10-22 09:00:00",5.85,76.11,1.96,6.68,3.43
"2022-10-22 10:00:00",5.77,74.48,1.86,6.72,3.2
"2022-10-22 11:00:00",8.28,74.22,2.06,6,2.99
"2022-10-22 12:00:00",4.34,72.02,2.05,6.74,3.42
"2022-10-22 13:00:00",3.92,69.45,1.89,5.67,2.84
"2022-10-22 14:00:00",4.49,68.35,1.69,5.9,3.06
"2022-10-22 15:00:00",6.92,69.14,0.65,7.58,4.14
"2022-10-22 16:00:00",8.13,68.08,1.72,6.86,3.9
"2022-10-22 17:00:00",8.39,67.94,1.85,5.53,3.4
"2022-10-22 18:00:00",16.09,55.09,1.65,11.35,8.61
"2022-10-22 19:00:00",14.4,58.01,1.46,10.52,8.57
"2022-10-22 20:00:00",22.88,52.72,1.4,9.21,7.07
"2022-10-22 21:00:00",14.41,60.08,1.65,12.13,9.35
"2022-10-22 22:00:00",18.07,47.71,1.78,11.21,8.76
"2022-10-22 23:00:00",12.01,58.41,1.84,9.06,7.25
"2022-10-23 00:00:00",11.85,53.55,1.77,10.16,7.06
"2022-10-23 01:00:00",10.63,50.57,1.82,11.22,8.12
"2022-10-23 02:00:00",12.54,40.13,1.56,8.22,5.71
"2022-10-23 03:00:00",9.36,49.63,1.58,4.99,2.87
"2022-10-23 04:00:00",8.1,52.72,0.35,5.38,3.32
"2022-10-23 05:00:00",3.37,61.04,1.88,6.45,3.87
"2022-10-23 06:00:00",4.98,57.85,1.62,8.39,4.9
"2022-10-23 07:00:00",5.72,58.11,1.93,9.28,4.83
"2022-10-23 08:00:00",7.83,55.51,1.96,7.55,4.24
"2022-10-23 09:00:00",6.74,57.3,1.83,9.08,4.78
"2022-10-23 10:00:00",7.22,58.39,1.93,8.17,4.94
"2022-10-23 11:00:00",6.54,60.88,1.87,10.33,5.51
"2022-10-23 12:00:00",7.99,56.88,1.71,12.27,7.49
"2022-10-23 13:00:00",6.23,70.26,1.88,7.4,4.78
"2022-10-23 14:00:00",6.62,72.39,1.84,8.01,4.33
"2022-10-23 15:00:00",6.05,75.04,0.41,7.84,4.38
"2022-10-23 16:00:00",9.8,64.99,1.78,11.56,7.01
"2022-10-23 17:00:00",14.97,58.27,2.03,12.93,8.62
"2022-10-23 18:00:00",20.29,44.03,2.08,15.14,10.75
"2022-10-23 19:00:00",24.94,33.9,2.42,23.32,20.42
"2022-10-23 20:00:00",36.11,12.78,1.79,38.1,34.58
"2022-10-23 21:00:00",34.62,15.32,2.41,34.71,30.47
"2022-10-23 22:00:00",12.58,50.45,1.9,16.83,11
"2022-10-23 23:00:00",6.2,56.75,1.85,12.35,7.29
"2022-10-24 00:00:00",1.73,64.15,0.4,14.57,7.77
"2022-10-24 01:00:00",1.66,62.31,0.88,14.07,7.93
"2022-10-24 02:00:00",1.27,62.22,1.4,14.01,7.75
"2022-10-24 03:00:00",1.37,61.15,2.01,13.2,7.26
"2022-10-24 04:00:00",1.37,61.31,2.37,11.2,6.53
"2022-10-24 05:00:00",4.88,62.04,2.32,8.65,5.6
"2022-10-24 06:00:00",4.81,59.91,2.18,9.92,6.07
"2022-10-24 07:00:00",12.44,60.41,1.86,9.14,5.25
"2022-10-24 08:00:00",17.84,58.35,1.94,9.48,4.27
"2022-10-24 09:00:00",17.29,56.93,1.81,6.93,2.85
"2022-10-24 10:00:00",11.73,55.04,1.93,3.59,1.56
"2022-10-24 11:00:00",8.39,56.32,1.77,3.8,1.66
"2022-10-24 12:00:00",6.23,58.61,1.84,5.41,1.8
"2022-10-24 13:00:00",8.69,58.53,1.71,3.85,1.56
"2022-10-24 14:00:00",5.07,54.06,1.13,3.46,1.33
"2022-10-24 15:00:00",7.96,50.15,1.69,3.58,1.35
"2022-10-24 16:00:00",8.69,49.57,1.84,3.39,1.59
"2022-10-24 17:00:00",11.15,51.04,2,4.26,2.03
"2022-10-24 18:00:00",11.7,47.79,1.58,5.55,3.71
"2022-10-24 19:00:00",9.84,49.26,1.23,4.61,3.33
"2022-10-24 20:00:00",9.24,47.84,1.54,4.72,3.46
"2022-10-24 21:00:00",7.35,52.11,1.8,3.84,2.57
"2022-10-24 22:00:00",5.36,55.54,1.1,3.57,2.36
"2022-10-24 23:00:00",2.94,58.27,1.4,3.64,2.3
"2022-10-25 00:00:00",2.27,59.69,1.84,4.46,2.36
"2022-10-25 01:00:00",1.44,64.09,1.43,3.48,1.88
"2022-10-25 02:00:00",3.3,54.73,1.76,3.75,1.87
"2022-10-25 03:00:00",2.9,62.68,1.31,4.04,2.13
"2022-10-25 04:00:00",6.18,49.89,1.39,4.16,2.11
"2022-10-25 05:00:00",9.85,50,1.01,4.2,1.96
"2022-10-25 06:00:00",7.38,64.63,1.32,3.36,1.71
"2022-10-25 07:00:00",24.37,44.79,1.49,5.8,2.25
"2022-10-25 08:00:00",39.08,37.64,1.78,8.8,2.89
"2022-10-25 09:00:00",39.3,29.46,1.6,10.64,4.17
"2022-10-25 10:00:00",10.87,61.05,1.55,6.35,3.15
"2022-10-25 11:00:00",11.09,65.6,1.89,6.43,2.91
"2022-10-25 12:00:00",10.63,64.19,1.72,5.99,2.63
"2022-10-25 13:00:00",8.73,65.05,1.68,4.15,2.02
"2022-10-25 14:00:00",7.67,64.41,1.83,5.29,2.84
"2022-10-25 15:00:00",9.93,63.85,1.84,7.41,4.31
"2022-10-25 16:00:00",13.51,61.72,1.84,8.2,4.39
"2022-10-25 17:00:00",27.34,53.56,2.24,12.32,6.97
"2022-10-25 18:00:00",13.66,64.93,1.73,8.71,6.71
"2022-10-25 19:00:00",7.85,67.57,1.47,7.78,5.49
"2022-10-25 20:00:00",6.02,67.87,1.26,5.92,4.13
"2022-10-25 21:00:00",5.8,67.43,1.48,4.28,3.01
"2022-10-25 22:00:00",3.74,70.56,2.06,4.17,2.88
"2022-10-25 23:00:00",3.74,68.53,1.91,2.49,1.47
"2022-10-26 00:00:00",3.22,64.16,1.89,2.07,1.14
"2022-10-26 01:00:00",3.56,60.32,2.03,1.97,1
"2022-10-26 02:00:00",1.87,63.97,1.84,2.32,1.09
"2022-10-26 03:00:00",1.11,74.28,1.61,4.11,2.03
"2022-10-26 04:00:00",0.76,80.03,0.75,2.45,1.34
"2022-10-26 05:00:00",1.04,91.69,1.1,2.15,1.02
"2022-10-26 06:00:00",4.57,86.54,1.86,4.48,2.53
"2022-10-26 07:00:00",7.15,84.01,1.7,9.57,4.87
"2022-10-26 08:00:00",8.68,80.15,1.79,7.71,4.64
"2022-10-26 09:00:00",6.15,81.55,1.84,8.96,4.97
"2022-10-26 10:00:00",5.21,79.49,1.96,8.97,4.67
"2022-10-26 11:00:00",5.16,81.37,2.04,9.41,4.63
"2022-10-26 12:00:00",6.23,76.57,1.6,10.25,5.12
"2022-10-26 13:00:00",5.45,73.9,1.88,9.14,4.99
"2022-10-26 14:00:00",4.63,75.58,2.05,10.8,4.98
"2022-10-26 15:00:00",8.52,70.41,1.91,7.87,3.65
"2022-10-26 16:00:00",10.12,65.45,1.49,7.57,4.18
"2022-10-26 17:00:00",6.41,70.86,1.69,10.8,5.7
"2022-10-26 18:00:00",8.55,66.83,1.44,12,7
"2022-10-26 19:00:00",14.79,60.75,1.65,15.7,8.64
"2022-10-26 20:00:00",14.93,56.32,1.83,20.46,11.85
"2022-10-26 21:00:00",9.42,62.56,1.49,18.42,10.21
"2022-10-26 22:00:00",10.95,58.61,1.4,17.1,9.54
"2022-10-26 23:00:00",15.71,48.86,1.77,18.56,10.41
"2022-10-27 00:00:00",2.41,65.68,1.48,15.42,8.4
"2022-10-27 01:00:00",1.85,65.41,1.06,15.49,8.4
"2022-10-27 02:00:00",2.2,66.42,1.81,16,8.71
"2022-10-27 03:00:00",2.22,70.96,1.75,17.47,9.73
"2022-10-27 04:00:00",2.11,74.69,1.55,12.11,7.21
"2022-10-27 05:00:00",8.87,62.31,1.56,4.88,3.43
"2022-10-27 06:00:00",9.83,62.14,1.41,1.98,1.19
"2022-10-27 07:00:00",20.57,49.94,1.46,2.38,1.31
"2022-10-27 08:00:00",16.24,57.51,1.74,2.07,1.08
"2022-10-27 09:00:00",10.83,65.9,1.68,3.27,1.6
"2022-10-27 10:00:00",7.71,68.91,1.54,3.39,2.03
"2022-10-27 11:00:00",9.81,60.66,1.13,2.84,1.4
"2022-10-27 12:00:00",8.68,62.14,1.5,3.47,1.9
"2022-10-27 13:00:00",7.9,65.75,1.83,7.83,3.87
"2022-10-27 14:00:00",10.75,62.59,1.65,8.21,4.75
"2022-10-27 15:00:00",14.5,55.31,1.6,10.94,6.62
"2022-10-27 16:00:00",10.13,64.11,1.61,6.99,4.49
"2022-10-27 17:00:00",11.12,65.41,1.7,5.78,3.68
"2022-10-27 18:00:00",13.56,64.89,1.49,9.5,6.39
"2022-10-27 19:00:00",13.35,64.75,1.36,13.14,8.77
"2022-10-27 20:00:00",11.73,66.13,1.56,14.51,9.46
"2022-10-27 21:00:00",7.99,72.98,1.21,10.24,7.19
"2022-10-27 22:00:00",7.21,74.68,0.9,10.59,7.23
"2022-10-27 23:00:00",5.17,74.77,1.13,12.91,8.51
"2022-10-28 00:00:00",3.6,74.56,1.5,10,6.58
"2022-10-28 01:00:00",3.55,73.88,1.49,7.26,4.75
"2022-10-28 02:00:00",3.21,73.55,1.54,6.94,4.54
"2022-10-28 03:00:00",2.18,73.38,1.47,4.24,2.74
"2022-10-28 04:00:00",1.28,74.95,1.32,4.63,3.66
"2022-10-28 05:00:00",1.48,81.03,1.48,0.01,0.01
"2022-10-28 06:00:00",4.38,81.86,1.52,0,0
"2022-10-28 07:00:00",12.69,70.61,1.79,0,0
"2022-10-28 08:00:00",15.01,64.6,2.05,0,0
"2022-10-28 09:00:00",14.81,66.98,1.78,0,0
"2022-10-28 10:00:00",10.12,68.33,2.1,0,0
"2022-10-28 11:00:00",7.01,72.09,1.82,0,0
"2022-10-28 12:00:00",7.93,71.51,1.58,0,0
"2022-10-28 13:00:00",6.06,69.85,1.28,0,0
"2022-10-28 14:00:00",5.85,69.73,1.96,0,0
"2022-10-28 15:00:00",6.35,70.65,1.79,0.01,0.01
"2022-10-28 16:00:00",7.82,71.25,1.26,0,0
"2022-10-28 17:00:00",8.33,71.19,1.39,0.01,0.01
"2022-10-28 18:00:00",11.07,68.42,1.28,0.02,0.02
"2022-10-28 19:00:00",10.33,71.6,0.37,0.11,0.06
"2022-10-28 20:00:00",12.29,66.54,1.39,9.16,5.88
"2022-10-28 21:00:00",16.08,59.07,1.52,18.93,12.38
"2022-10-28 22:00:00",14,57.58,1.74,16.04,9.78
"2022-10-28 23:00:00",7.61,65.7,1.79,15.69,9.3
"2022-10-29 00:00:00",4.08,68.47,1.82,13.04,7.38
"2022-10-29 01:00:00",6.79,60.09,2.06,15.13,8.36
"2022-10-29 02:00:00",3.83,65.99,1.59,15.47,8.4
"2022-10-29 03:00:00",4.24,64.35,1.56,15.08,8.29
"2022-10-29 04:00:00",3.94,66.68,1.53,16,8.5
"2022-10-29 05:00:00",4.8,67.86,1.08,15.17,8.52
"2022-10-29 06:00:00",4.1,70.19,1.3,12.28,7.47
"2022-10-29 07:00:00",5.15,71.11,1.06,11.99,6.74
"2022-10-29 08:00:00",4.98,74.2,1.31,12.36,6.32
"2022-10-29 09:00:00",6.69,75.79,1.74,9.12,5.08
"2022-10-29 10:00:00",14.65,66.5,1.66,7.14,3.99
"2022-10-29 11:00:00",18.9,50.48,2.16,7.07,3.8
"2022-10-29 12:00:00",14.05,53.92,1.46,7.22,4.04
"2022-10-29 13:00:00",8.52,60.59,1.43,9.85,6.62
"2022-10-29 14:00:00",8.12,60.22,1.64,4.89,3.23
"2022-10-29 15:00:00",5.16,72.33,1.8,5.32,3.72
"2022-10-29 16:00:00",5.08,78.97,1.72,5.97,4.02
"2022-10-29 17:00:00",6.33,78.39,1.5,5.26,3.52
"2022-10-29 18:00:00",7.21,78.83,1.5,8.19,5.57
"2022-10-29 19:00:00",11.68,69.92,1.86,12.73,8.17
"2022-10-29 20:00:00",16.79,56.9,1.83,17.82,12.53
"2022-10-29 21:00:00",17.19,60.92,1.21,20.63,12.87
"2022-10-29 21:01:00",,,,,
"2022-10-29 22:01:00",,,,,
"2022-10-30 07:00:00",2.34,82.13,2.04,2.01,1.07
"2022-10-30 08:00:00",10.93,73.5,0.38,6.16,3.84
"2022-10-30 09:00:00",12.86,69.54,1.09,7.62,3.5
"2022-10-30 10:00:00",9.95,69.89,0.54,7.82,3.98
"2022-10-30 11:00:00",3,79.65,0.78,6.22,3.6
"2022-10-30 12:00:00",2.71,79.44,1.29,4.63,2.72
"2022-10-30 13:00:00",2.58,77.93,-0.35,3.52,2.01
"2022-10-30 14:00:00",2.64,74.76,1.82,4.55,2.53
"2022-10-30 15:00:00",2.82,71.5,1.67,3.72,2.08
"2022-10-30 16:00:00",4.75,69.73,2.03,3.82,2.11
"2022-10-30 17:00:00",5.07,71.35,1.45,5.31,3.17
"2022-10-30 18:00:00",7.33,69.57,1.64,10.01,5.65
"2022-10-30 19:00:00",7.26,73.19,1.45,11.09,6.65
"2022-10-30 20:00:00",7.17,72.3,1.36,12.37,7.05
"2022-10-30 21:00:00",5.79,72.59,1.8,11.11,6.76
"2022-10-30 22:00:00",7.43,71.69,1.63,12.69,7.56
"2022-10-30 23:00:00",6.97,69.71,1.74,9.62,5.68
"2022-10-31 00:00:00",5.02,71.51,1.61,7.94,5.12
"2022-10-31 01:00:00",6.28,68.63,1.05,7.95,4.89
"2022-10-31 02:00:00",2.52,78,0.92,7.07,4.25
"2022-10-31 03:00:00",2.52,77.01,1.41,7.16,4.15
"2022-10-31 04:00:00",1.21,76.95,1.54,7.89,4.52
"2022-10-31 05:00:00",1.74,74.2,1.28,7.02,4.08
"2022-10-31 06:00:00",1.71,72.72,1.75,6.45,3.89
"2022-10-31 06:01:00",,,,,
"2022-10-31 07:01:00",,,,,
"2022-10-31 10:00:00",4.06,66.61,1.61,8.67,5.15
"2022-10-31 11:00:00",4.56,66.5,1.73,9.28,5.27
"2022-10-31 12:00:00",4.51,67.73,1.7,9.51,5.43
"2022-10-31 13:00:00",6.43,66.77,1.74,10.02,5.72
"2022-10-31 14:00:00",6.63,70.52,1.72,9.83,6.03
"2022-10-31 15:00:00",7.2,69.37,1.78,10.23,6.35
"2022-10-31 16:00:00",9.4,69.3,1.84,9.04,6.43
"2022-10-31 17:00:00",19.92,54,1.94,12.2,9.87
"2022-10-31 18:00:00",31.38,36.33,2.13,21.96,17.65
"2022-10-31 19:00:00",33.26,29.96,2.15,29.29,22
"2022-10-31 20:00:00",37.87,25.91,2.11,44.06,34.74
"2022-10-31 21:00:00",19,52.79,1.95,28.92,24.53
"2022-10-31 22:00:00",21.42,50.82,1.39,40.85,37.41
"2022-10-31 23:00:00",14.75,55.89,1.59,31.85,27.32
"2022-11-01 00:00:00",16.93,50.34,1.64,24.48,21.28
"2022-11-01 01:00:00",10.82,63.14,1.48,13.34,11.62
"2022-11-01 02:00:00",3.68,67.27,1.75,6.02,5.1
"2022-11-01 03:00:00",4.27,67.91,1.83,3.64,2.87
"2022-11-01 04:00:00",1.72,64.16,1.83,4.85,2.74
"2022-11-01 05:00:00",1.24,69.65,1.56,7.86,4.01
"2022-11-01 06:00:00",1.25,70.89,2.1,8.27,4.08
"2022-11-01 07:00:00",2.69,66.18,0.84,9.45,4.44
"2022-11-01 08:00:00",15.05,59.72,-1.74,8.84,4.35
"2022-11-01 09:00:00",7.19,61.25,0.65,11.79,5.45
"2022-11-01 10:00:00",10.1,59.06,1.68,15.67,7.56
"2022-11-01 11:00:00",6.6,60.61,1.67,17.21,7.67
"2022-11-01 12:00:00",6.88,60.05,1.34,18.14,8.73
"2022-11-01 13:00:00",6.19,62.73,2.2,21.02,9.22
"2022-11-01 14:00:00",6.38,62.22,1.96,17.17,8.44
"2022-11-01 15:00:00",7.61,59.27,1.99,15.31,7.49
"2022-11-01 16:00:00",11,56.39,1.33,11.39,6.19
"2022-11-01 17:00:00",13.28,57.93,1.73,6.13,3.58
"2022-11-01 18:00:00",22.27,44.67,1.54,11.09,7.56
"2022-11-01 19:00:00",16.81,53.45,1.58,10.08,6.38
"2022-11-01 20:00:00",18.81,56.58,1.77,7.63,6.14
"2022-11-01 21:00:00",17.56,53.56,2.44,7.11,5.71
"2022-11-01 22:00:00",6.44,59.48,2.2,7.18,4.95
"2022-11-01 23:00:00",5.19,60.79,2.02,7.62,4.71
"2022-11-02 00:00:00",2.37,64.98,1.56,7.98,4.02
"2022-11-02 01:00:00",1.16,67.61,1.72,7.83,3.91
"2022-11-02 02:00:00",0.7,66.51,1.7,7.14,3.44
"2022-11-02 03:00:00",0.49,65.54,1.58,5.13,2.56
"2022-11-02 04:00:00",0.83,67.93,1.56,6.39,2.98
"2022-11-02 05:00:00",3.06,66.64,1.89,7.08,3.12
"2022-11-02 06:00:00",5.89,60.41,1.55,6.91,3.28
"2022-11-02 07:00:00",4.66,69.41,1.35,7.17,4.01
"2022-11-02 08:00:00",6.9,69.15,1.7,12.77,6.71
"2022-11-02 09:00:00",5.3,72.46,1.91,7.53,5.15
"2022-11-02 10:00:00",4.4,77.79,1.9,8.22,5.46
"2022-11-02 11:00:00",3.36,79.48,2.07,4.97,3.52
"2022-11-02 12:00:00",3.67,81.31,1.7,4.72,2.72
"2022-11-02 13:00:00",5.57,81.41,1.74,1.56,0.86
"2022-11-02 14:00:00",3.81,80.95,2,7.38,4.86
"2022-11-02 15:00:00",5.98,72.78,1.76,14.3,8.49
"2022-11-02 16:00:00",3.85,68.77,2.02,18.43,11.02
"2022-11-02 17:00:00",6.07,65.94,1.54,18.48,10.59
"2022-11-02 18:00:00",4.47,66.4,1.85,12.62,7.44
"2022-11-02 19:00:00",4.27,68.6,1.98,9.53,5.88
"2022-11-02 20:00:00",3.72,70.8,1.77,6.86,4.33
"2022-11-02 21:00:00",5.12,69.07,1.42,4.72,3.58
"2022-11-02 22:00:00",5.09,68.42,1.66,3.65,2.88
"2022-11-02 23:00:00",2.53,67.62,1.74,3.41,2.47
"2022-11-03 00:00:00",2.14,67.58,2.15,2.65,1.86
"2022-11-03 01:00:00",1.79,63.09,1.36,4.06,2.35
"2022-11-03 02:00:00",1.14,64.98,1.59,6,2.73
"2022-11-03 03:00:00",0.89,67.73,1.71,8.9,3.68
"2022-11-03 04:00:00",1.08,72.21,1.82,10.89,4.53
"2022-11-03 05:00:00",1.69,70.41,1.76,11.98,5.36
"2022-11-03 06:00:00",4.61,66.88,1.88,11.06,4.97
"2022-11-03 07:00:00",13.67,54.42,2.16,8.68,4.17
"2022-11-03 08:00:00",24.53,45.35,2.23,7.95,3.55
"2022-11-03 09:00:00",27.26,47.64,1.9,8.97,3.9
"2022-11-03 10:00:00",25.78,49.71,2.09,10.89,4.59
"2022-11-03 11:00:00",16.36,61.25,2.16,12.73,4.98
"2022-11-03 12:00:00",18.57,58.24,2.15,13.88,5.02
"2022-11-03 13:00:00",27.59,44.62,2.16,14.26,5.06
"2022-11-03 14:00:00",25.2,50.92,2.1,14.04,5.42
"2022-11-03 15:00:00",25.37,52.29,1.9,17.13,7.25
"2022-11-03 16:00:00",31.34,54.71,2.15,14.37,5.9
"2022-11-03 17:00:00",32.52,56.13,2.16,11.95,6.11
"2022-11-03 18:00:00",51.02,28.18,2.34,16.78,10.37
"2022-11-03 19:00:00",53.9,22.18,2.11,16.35,11.38
"2022-11-03 20:00:00",48.36,25.86,2.03,12.85,9.66
"2022-11-03 21:00:00",33.29,31.14,1.74,15.18,10.6
"2022-11-03 22:00:00",33.89,26.93,1.85,16.08,11.17
"2022-11-03 23:00:00",22.95,31.82,1.7,17.61,13.55
"2022-11-04 00:00:00",23.89,24.84,1.85,16.79,13.29
"2022-11-04 01:00:00",19.07,25.93,1.82,14.81,11.09
"2022-11-04 02:00:00",15.8,27.12,1.68,12.89,9.01
"2022-11-04 03:00:00",9.34,31.99,1.94,11.02,8.24
"2022-11-04 04:00:00",5.38,38.38,1.93,7.63,5.29
"2022-11-04 05:00:00",5.67,45.62,1.59,5.49,3.81
"2022-11-04 06:00:00",7.57,43.04,1.58,5.64,3.8
"2022-11-04 07:00:00",15.15,37.7,1.14,6.14,4.78
"2022-11-04 08:00:00",33.89,20.63,1.78,8.1,5.96
"2022-11-04 09:00:00",31.72,26.53,1.86,11.19,5.44
"2022-11-04 10:00:00",20.32,40.27,1.78,8.86,3.98
"2022-11-04 11:00:00",17.97,44.99,1.84,8.58,3.47
"2022-11-04 12:00:00",21.41,45.24,1.94,14.76,4.41
"2022-11-04 13:00:00",17.45,49.43,1.77,16.72,4.55
"2022-11-04 14:00:00",12.05,55.92,0.41,8.62,3.41
"2022-11-04 15:00:00",12.96,52.02,1.56,8.46,3.53
"2022-11-04 16:00:00",19.16,44.29,1.88,12.94,5.13
"2022-11-04 17:00:00",23.95,36.66,1.87,11.84,6.36
"2022-11-04 18:00:00",41.81,31.28,3.22,11.66,7.76
"2022-11-04 19:00:00",35.49,31.33,3.31,12.94,9.65
"2022-11-04 20:00:00",18.88,35.72,1.76,12.32,10.03
"2022-11-04 21:00:00",13.49,42.22,1.82,12.35,9.59
"2022-11-04 22:00:00",11.65,44.58,2.22,9.94,7.78
"2022-11-04 23:00:00",8.53,54.98,1.49,7.23,5.44
"2022-11-05 00:00:00",11.89,51.87,1.94,6.33,4.26
"2022-11-05 01:00:00",4.62,68.67,1.71,5.74,3.26
"2022-11-05 02:00:00",3.82,66.39,1.43,5.5,3.18
"2022-11-05 03:00:00",2.33,75.17,1.54,2.78,1.9
"2022-11-05 04:00:00",4.83,72.59,1.73,2.31,1.6
"2022-11-05 05:00:00",3.75,72.46,1.57,2.28,1.4
"2022-11-05 06:00:00",5.63,69.7,1.58,1.55,0.75
"2022-11-05 07:00:00",4.03,73.09,1.9,1.05,0.42
"2022-11-05 08:00:00",2.43,78.15,1.96,0.49,0.17
"2022-11-05 09:00:00",3.38,75.21,1.64,0.72,0.2
"2022-11-05 10:00:00",5.76,66.56,1.58,1.45,0.41
"2022-11-05 11:00:00",8.05,61.39,0.71,11.9,5.04
"2022-11-05 12:00:00",8.54,60.98,1.1,16.05,8.9
"2022-11-05 13:00:00",6.92,64.57,1.39,19.82,10
"2022-11-05 14:00:00",8.03,66.08,1.27,18.88,9.56
"2022-11-05 15:00:00",13.2,62.61,1.58,18.37,9.69
"2022-11-05 16:00:00",10.34,61.39,1.58,16.71,8.57
"2022-11-05 17:00:00",25.97,42.33,1.78,20.63,12.06
"2022-11-05 18:00:00",32.32,32,2.09,29.55,21.61
"2022-11-05 19:00:00",40.35,24.11,2.17,43.63,35
"2022-11-05 20:00:00",34.36,29.45,2.14,37.48,29.52
"2022-11-05 21:00:00",13.46,56.84,1.94,17.29,11.77
"2022-11-05 22:00:00",8.8,67.48,1.84,14.8,8.54
"2022-11-05 23:00:00",8.49,67.58,2.21,15.92,9.62
"2022-11-06 00:00:00",6.99,67.72,2.09,14.96,8.8
"2022-11-06 01:00:00",4.77,69.57,1.99,14.08,8
"2022-11-06 02:00:00",6.72,66.39,15.29,10.42,6.21
"2022-11-06 03:00:00",7.15,62.51,1.98,9.11,5.5
"2022-11-06 04:00:00",6.07,66.31,2.02,6.88,4.01
"2022-11-06 05:00:00",1.74,79.13,1.67,3.63,2.22
"2022-11-06 06:00:00",2.62,77.19,2.18,3.46,1.97
"2022-11-06 07:00:00",3.88,71.76,1.94,5.67,2.96
"2022-11-06 08:00:00",8.4,65.56,1.64,7.92,3.95
"2022-11-06 09:00:00",6.02,72.68,2.09,7.82,4.31
"2022-11-06 10:00:00",4.51,77.33,2.94,9.81,4.92
"2022-11-06 11:00:00",6.44,73.96,2.07,10.88,5.45
"2022-11-06 12:00:00",3.86,76.75,1.69,9.45,5.27
"2022-11-06 13:00:00",4.88,73.09,2,6.94,4.18
"2022-11-06 14:00:00",5.12,70.16,2.13,6.7,4.15
"2022-11-06 15:00:00",8.06,68.51,2.44,7.5,4.25
"2022-11-06 16:00:00",11.52,64.8,2.01,5.97,3.6
"2022-11-06 17:00:00",7.52,65.08,1.5,8.26,5.36
"2022-11-06 18:00:00",11.47,63.23,2.01,6.71,5.23
"2022-11-06 19:00:00",9.72,61.25,2.18,8.18,6.36
"2022-11-06 20:00:00",6.86,64.31,2.09,8,6.08
"2022-11-06 21:00:00",5.42,65.93,2.88,7.2,5.09
"2022-11-06 22:00:00",3.81,67.59,1.84,7.09,4.8
"2022-11-06 23:00:00",3.83,69.76,1.83,7.08,4.21
"2022-11-07 00:00:00",3.19,72.25,2.03,8.9,5.14
"2022-11-07 01:00:00",1.78,77.93,1.91,11.36,6.19
"2022-11-07 02:00:00",1.91,79.79,1.9,8.58,5.07
"2022-11-07 03:00:00",1.05,84.18,2.03,6.18,4.2
"2022-11-07 04:00:00",0.88,86.76,1.8,5.11,3.46
"2022-11-07 05:00:00",0.81,88.89,1.79,4.06,2.94
"2022-11-07 06:00:00",2.97,87.54,1.71,7.74,5.47
"2022-11-07 07:00:00",3.23,86.42,1.75,8.97,5.95
"2022-11-07 08:00:00",8.16,83.39,1.66,10.6,6.95
"2022-11-07 09:00:00",8.91,81.42,1.04,10.9,7.05
"2022-11-07 10:00:00",7.97,83.74,1.65,8.2,5.23
"2022-11-07 11:00:00",7.05,84.27,2.04,13.45,8.36
"2022-11-07 12:00:00",6.69,80.6,2.11,14.96,8.19
"2022-11-07 13:00:00",9.22,76.82,1.69,17.36,8.28
"2022-11-07 14:00:00",11.1,73.5,1.91,13.14,7.74
"2022-11-07 15:00:00",7.73,79.39,2,15.7,7.59
"2022-11-07 16:00:00",6.42,84.44,1.79,15.02,8.23
"2022-11-07 17:00:00",5.97,85.64,1.69,8.68,5.9
"2022-11-07 18:00:00",6.87,85.25,2,7.78,5.75
"2022-11-07 19:00:00",4.93,87.74,1.85,6.19,4.45
"2022-11-07 20:00:00",4.17,90.91,2.18,6.27,4.59
"2022-11-07 21:00:00",3.8,95.53,2.05,4.01,2.94
"2022-11-07 22:00:00",2.99,92.92,2.37,3.19,2.41
"2022-11-07 23:00:00",2.07,88.49,2.43,2.72,1.74
"2022-11-08 00:00:00",1.53,87.36,1.91,5.89,3.19
"2022-11-08 01:00:00",0.89,84.6,2.79,8.06,4.07
"2022-11-08 02:00:00",0.94,82.31,1.91,9.96,4.93
"2022-11-08 03:00:00",2.02,78.25,1.52,12.39,5.73
"2022-11-08 04:00:00",3.82,72.34,1.6,14.59,8.25
"2022-11-08 05:00:00",4.56,70.65,1.77,9.2,5.18
"2022-11-08 06:00:00",4.86,67.19,1.83,5.24,3
"2022-11-08 07:00:00",10.88,57.54,2.33,3.88,2.34
"2022-11-08 08:00:00",40.17,33.54,2.82,5.13,2.8
"2022-11-08 09:00:00",16.43,64.06,2.73,4.1,2.24
"2022-11-08 10:00:00",12.74,63.65,1.29,6.94,3.06
"2022-11-08 11:00:00",9.12,68.37,1.8,11.17,4.31
"2022-11-08 12:00:00",8.73,73.32,2.28,8.15,3.74
"2022-11-08 13:00:00",6.71,77.46,1.91,6.54,2.18
"2022-11-08 14:00:00",5.22,77.16,2.09,6.31,2.57
"2022-11-08 15:00:00",4.98,72.35,2.26,5.97,2.49
"2022-11-08 16:00:00",10.55,67.33,2.19,5.19,2.34
"2022-11-08 17:00:00",11.64,63.69,1.93,6.13,3.1
"2022-11-08 18:00:00",8.03,67.83,1.53,6.34,3.22
"2022-11-08 19:00:00",9.05,65.93,2.23,6.62,3.68
"2022-11-08 20:00:00",7.87,62.42,2.13,7.23,4.85
"2022-11-08 21:00:00",6.58,61.26,2.03,6.94,4.63
"2022-11-08 22:00:00",4.57,62.66,1.76,8.05,5.05
"2022-11-08 23:00:00",3.69,63.35,1.6,9.05,5.15
"2022-11-09 00:00:00",2.46,66.82,1.92,8.74,5.1
"2022-11-09 01:00:00",1.61,66.38,1.93,7.08,4.12
"2022-11-09 02:00:00",1.03,68.15,1.99,6.48,3.56
"2022-11-09 03:00:00",1.27,69.57,2.07,7.65,3.65
"2022-11-09 04:00:00",0.9,69.23,1.94,8.56,4.01
"2022-11-09 05:00:00",0.79,71.56,1.88,8.16,3.85
"2022-11-09 06:00:00",1.36,68.99,1.76,4.54,2.46
"2022-11-09 07:00:00",3.66,67.57,1.67,5.21,2.79
"2022-11-09 08:00:00",7.94,64.84,2.09,5.9,2.97
"2022-11-09 09:00:00",13.23,59.94,2.27,5.4,2.68
"2022-11-09 10:00:00",15.12,57.24,1.54,5.53,2.29
"2022-11-09 11:00:00",10.5,62.25,1.88,4.44,2.05
"2022-11-09 12:00:00",9.27,61.43,1.99,7.58,3.49
"2022-11-09 13:00:00",5.97,65.64,1.85,9.75,4.42
"2022-11-09 14:00:00",7.23,63.19,1.84,8.32,3.92
"2022-11-09 15:00:00",7.71,60.39,1.4,7.28,3.04
"2022-11-09 16:00:00",9.64,62.26,1.69,8.67,3.89
"2022-11-09 17:00:00",9.71,61.16,1.39,9.29,4.39
"2022-11-09 18:00:00",10.86,60.83,1.43,10.89,5.24
"2022-11-09 19:00:00",8.71,65.65,1.76,7.99,4.9
"2022-11-09 20:00:00",5.57,68.17,1.51,6.35,4.12
"2022-11-09 21:00:00",4.68,68.72,1.56,5.34,3.56
"2022-11-09 22:00:00",3.21,70.65,1.57,3.75,2.65
"2022-11-09 23:00:00",2.25,71.02,1.5,3.56,1.98
"2022-11-10 00:00:00",1.26,71.95,1.49,3.75,2.3
"2022-11-10 01:00:00",0.99,74.15,1.18,6.08,3.55
"2022-11-10 02:00:00",0.45,76,0.73,6.73,4.36
"2022-11-10 03:00:00",0.46,76.6,1.38,6.47,4.2
"2022-11-10 04:00:00",0.63,77.07,1.66,6.4,4.04
"2022-11-10 05:00:00",0.59,75.31,1.54,2.76,1.92
"2022-11-10 06:00:00",1.01,74.47,1.61,1.68,1.03
"2022-11-10 07:00:00",2.3,73.49,1.66,2.05,1.15
"2022-11-10 08:00:00",4.37,69.91,1.53,2.53,1.36
"2022-11-10 09:00:00",8.4,67.93,1.64,3.12,1.55
"2022-11-10 10:00:00",3.5,70.45,1.56,2.91,1.36
"2022-11-10 11:00:00",4.27,71.57,1.42,2.76,1.71
"2022-11-10 12:00:00",3.3,72.95,0.93,7.24,4
"2022-11-10 13:00:00",4.06,69.69,1.58,6.4,3.84
"2022-11-10 14:00:00",4.57,71.39,1.41,4.72,2.81
"2022-11-10 15:00:00",4.67,72.3,1.39,7.74,4.48
"2022-11-10 16:00:00",6.14,71.68,1.51,6.73,4.03
"2022-11-10 17:00:00",4.1,71.77,1.77,7.83,4.51
"2022-11-10 18:00:00",7.5,71.81,0.61,7.62,4.3
"2022-11-10 19:00:00",4.54,73.03,0.9,5.02,3.2
"2022-11-10 20:00:00",3.78,74.91,1.86,5.02,3.17
"2022-11-10 21:00:00",3.24,75.22,1.59,6.96,4.56
"2022-11-10 22:00:00",2.61,74.82,1.38,5.85,3.74
"2022-11-10 23:00:00",2.03,74.71,1.18,4.78,3
"2022-11-11 00:00:00",1.58,74.89,1.71,3.38,2.16
"2022-11-11 01:00:00",1.28,75.62,1.53,1.82,1.15
"2022-11-11 02:00:00",0.84,76.55,0.6,2.68,1.84
"2022-11-11 03:00:00",0.69,76.95,1.39,2.84,1.91
"2022-11-11 04:00:00",0.75,78.33,1.62,3.23,2.08
"2022-11-11 05:00:00",0.44,78.88,1.34,1.54,0.82
"2022-11-11 06:00:00",0.94,80.09,1.39,4.87,3.17
"2022-11-11 07:00:00",1.49,80.52,1.55,6.87,4.13
"2022-11-11 08:00:00",4.49,76.69,1.67,7.86,4.2
"2022-11-11 09:00:00",4.47,75.61,0.95,7.84,4.16
"2022-11-11 10:00:00",3.94,75.09,1.26,6.77,3.84
"2022-11-11 11:00:00",5.72,73.04,1.67,8.12,4.92
"2022-11-11 12:00:00",4.2,70.94,1.2,7.16,4.27
"2022-11-11 12:01:00",,,,,
"2022-11-11 13:01:00",,,,,
"2022-11-11 19:00:00",12.86,57.24,0.32,4.15,3.16
"2022-11-11 20:00:00",16.39,55.88,0.39,5.42,4.36
"2022-11-11 21:00:00",11.68,57.75,1.6,3.67,3.07
"2022-11-11 22:00:00",11.26,56.09,1.97,4.12,3.24
"2022-11-11 23:00:00",13.25,53.45,2.22,4.27,3.44
"2022-11-12 00:00:00",12.4,52.25,1.9,4.95,4.25
"2022-11-12 01:00:00",6.96,61.02,1.25,1.13,0.89
"2022-11-12 02:00:00",4.75,66.01,1.59,1.38,0.92
"2022-11-12 03:00:00",2.97,70.37,0.58,2.33,1.57
"2022-11-12 04:00:00",2.45,72.63,1.43,2.73,1.9
"2022-11-12 05:00:00",2.25,73.14,2.05,4.41,2.98
"2022-11-12 06:00:00",2.67,72.75,1.74,5.63,3.55
"2022-11-12 07:00:00",4.43,70.71,1.63,4.73,3.1
"2022-11-12 08:00:00",5.24,70.16,1.47,4.12,2.64
"2022-11-12 09:00:00",5.69,69.63,1.07,7.28,4.61
"2022-11-12 10:00:00",6.12,71.32,1.34,8.6,4.88
"2022-11-12 11:00:00",6.21,70.3,1.49,9.44,5.04
"2022-11-12 12:00:00",5.33,71.49,1.51,8.53,5.19
"2022-11-12 13:00:00",7.07,70.13,1.3,9.14,5.59
"2022-11-12 14:00:00",7.75,65.09,1.59,9.62,6.25
"2022-11-12 15:00:00",9.37,59.49,1.88,12.99,8.29
"2022-11-12 16:00:00",8.47,60.03,1.67,13.28,9.41
"2022-11-12 17:00:00",7.49,64.01,1.65,11.29,8.35
"2022-11-12 18:00:00",10.19,58.64,1.6,13.92,10.08
"2022-11-12 18:01:00",,,,,
"2022-11-12 19:01:00",,,,,
"2022-11-13 05:00:00",2.89,69.22,1.2,14.94,9.36
"2022-11-13 06:00:00",2.53,68.36,1.28,15.36,9.64
"2022-11-13 07:00:00",2.73,66.47,0.94,16.55,10.28
"2022-11-13 08:00:00",3.95,60.79,1.71,18.62,11.3
"2022-11-13 09:00:00",4.31,55.57,1.7,18.91,11.87
"2022-11-13 10:00:00",5.2,55.94,1.78,19.18,11.78
"2022-11-13 11:00:00",5.16,56.39,1.62,18.67,11.37
"2022-11-13 12:00:00",5.26,57.47,1.6,18.11,11.01
"2022-11-13 13:00:00",6.35,56.32,1.58,18.52,11.85
"2022-11-13 14:00:00",6.89,55.82,1.47,20.44,12.47
"2022-11-13 15:00:00",7.53,56.61,1.56,21,12.67
"2022-11-13 16:00:00",9.57,54.87,1.49,21.6,13.03
"2022-11-13 17:00:00",11.29,54.98,1.46,21.74,13.13
"2022-11-13 18:00:00",11.11,55.56,1.54,20.19,13.22
"2022-11-13 19:00:00",9.45,57.23,1.65,19.39,13.19
"2022-11-13 20:00:00",8.73,59.95,1.79,17.99,12.54
"2022-11-13 21:00:00",8.29,58.64,1.83,19.61,13.47
"2022-11-13 22:00:00",7.13,56.96,1.63,18.58,12.59
"2022-11-13 23:00:00",9.45,55.78,1.57,7.44,5.29
"2022-11-14 00:00:00",9.28,60.12,1.84,3.27,2.45
"2022-11-14 01:00:00",7.12,63.96,1.37,3.48,2.42
"2022-11-14 02:00:00",5.06,65.78,1.51,2.69,1.63
"2022-11-14 03:00:00",4.18,58.71,1.65,2.66,1.79
"2022-11-14 04:00:00",5.65,53.03,1.88,2.55,1.82
"2022-11-14 05:00:00",5.61,45.13,1.92,3.64,2.12
"2022-11-14 06:00:00",10.15,44.56,1.65,3.62,1.94
"2022-11-14 07:00:00",16.93,34.45,1.74,3.89,2.32
"2022-11-14 08:00:00",34.16,25.37,1.7,4.25,2.39
"2022-11-14 09:00:00",37.61,27.98,1.98,6.69,2.85
"2022-11-14 10:00:00",36.08,34.73,0.98,7.46,3.07
"2022-11-14 11:00:00",25.25,50.95,1.82,6.42,3.16
"2022-11-14 12:00:00",9.6,67.09,1.56,4.32,2.13
"2022-11-14 13:00:00",10.2,66.69,1.9,3.23,1.65
"2022-11-14 14:00:00",6.83,73.87,1.74,3.2,1.27
"2022-11-14 15:00:00",11.57,69.18,1.9,3.81,1.83
"2022-11-14 16:00:00",9.42,73.62,1.57,6.41,2.93
"2022-11-14 17:00:00",13.76,67.96,1.88,7.78,3.66
"2022-11-14 18:00:00",12.53,69.51,1.69,13.88,6.18
"2022-11-14 19:00:00",12.42,72.37,2.19,13.49,7.02
"2022-11-14 20:00:00",8.28,79.79,2.02,13.66,6.98
"2022-11-14 21:00:00",6.12,81.34,2.53,17.5,8.62
"2022-11-14 22:00:00",4.35,81.28,2.21,9.26,5.7
"2022-11-14 23:00:00",3.07,81.74,2.35,2.99,2.3
"2022-11-15 00:00:00",2.38,82.88,2.69,2.2,1.55
"2022-11-15 01:00:00",1.65,82.46,2.17,1.11,0.72
"2022-11-15 02:00:00",1.71,81.45,1.92,0.81,0.41
"2022-11-15 03:00:00",1.86,78.33,1.68,1.27,0.84
"2022-11-15 04:00:00",3.79,77.07,1.52,5.98,2.75
"2022-11-15 05:00:00",3.34,73.08,1.83,10.85,4.62
"2022-11-15 06:00:00",5.68,67.57,2.04,13.12,5.61
"2022-11-15 07:00:00",9.77,64.08,1.77,15.36,6.23
"2022-11-15 08:00:00",26.75,47.83,2.33,15.14,6.5
"2022-11-15 09:00:00",46.04,25,2.6,16.27,6.68
"2022-11-15 10:00:00",29.07,39.73,2.22,16.96,6.66
"2022-11-15 11:00:00",18.77,53.81,2.41,17.02,6.67
"2022-11-15 12:00:00",11.17,72.17,1.97,13.89,5.97
"2022-11-15 13:00:00",9.08,74.93,2.55,11.04,4.92
"2022-11-15 14:00:00",9.82,73.92,2.46,9.44,4.3
"2022-11-15 15:00:00",11.17,69.91,2.29,9.52,4
"2022-11-15 16:00:00",65.87,30.42,4.21,16.17,7.62
"2022-11-15 17:00:00",41.41,32.82,1.86,19.63,11.61
"2022-11-15 18:00:00",54.23,20.82,2.62,29.51,16.62
"2022-11-15 19:00:00",28.41,53.15,2.21,22.69,13.15
"2022-11-15 20:00:00",19.18,62.95,2.43,18.08,9.15
"2022-11-15 21:00:00",15.46,70.06,2.24,12.87,8.21
"2022-11-15 22:00:00",9.33,78.39,1.91,5.47,3.77
"2022-11-15 23:00:00",9.15,79.08,2.14,4.73,3.31
"2022-11-16 00:00:00",4.34,88.31,2.09,3.81,2.22
"2022-11-16 01:00:00",3.31,82.67,1.84,2.03,1.33
"2022-11-16 02:00:00",3.03,78.69,1.88,1.7,0.94
"2022-11-16 03:00:00",2.79,78.86,1.94,1.19,0.58
"2022-11-16 04:00:00",3.89,63.95,1.78,1.86,0.82
"2022-11-16 05:00:00",9.2,43.24,2.16,2.35,1.1
"2022-11-16 06:00:00",8.66,36.28,1.89,1.89,1.02
"2022-11-16 07:00:00",26.9,17.1,2.08,3.59,1.55
"2022-11-16 08:00:00",37.97,8.92,2.96,4.77,2.72
"2022-11-16 09:00:00",51.18,8.63,5.3,12.09,5.47
"2022-11-16 10:00:00",57.78,10.07,4.82,12.41,5.55
"2022-11-16 11:00:00",55.32,14.09,3.66,13.5,5.32
"2022-11-16 12:00:00",65.5,17.77,4.51,16.89,6.55
"2022-11-16 13:00:00",37.24,45.44,3.27,11.8,5.33
"2022-11-16 14:00:00",11.12,71.96,2.8,8.81,4.03
"2022-11-16 15:00:00",15.4,67.47,2.81,17.21,6.17
"2022-11-16 16:00:00",42.23,40.83,2.48,22.79,7.84
"2022-11-16 17:00:00",57.78,14.75,2.94,17.01,9.68
"2022-11-16 18:00:00",54.64,9.66,3.64,32.23,23.15
"2022-11-16 19:00:00",54.43,10.37,4.46,50.59,43.1
"2022-11-16 20:00:00",63.05,12.56,5.96,77.53,70.96
"2022-11-16 21:00:00",67.58,12.16,5.82,71.77,66.32
"2022-11-16 22:00:00",63.86,10.56,4.64,51.77,48.39
"2022-11-16 23:00:00",60.46,10.82,5.23,50.14,43.76
"2022-11-17 00:00:00",57.84,9.77,4.6,46.26,35.26
"2022-11-17 01:00:00",45.68,10.88,3.03,28.6,20.96
"2022-11-17 02:00:00",32.92,16.03,2.74,16.26,14.04
"2022-11-17 03:00:00",31.64,15.5,2.62,17.34,14.95
"2022-11-17 04:00:00",30.88,14.1,2.12,18.71,17.29
"2022-11-17 05:00:00",14.65,31.46,2.53,16.62,16.18
"2022-11-17 06:00:00",12.61,37.41,2.26,15.5,14.97
"2022-11-17 07:00:00",15.57,42.8,2.51,10.51,9.9
"2022-11-17 08:00:00",29.6,29.3,2.2,9.5,8.49
"2022-11-17 09:00:00",40.19,16.28,2.76,13.24,10.21
"2022-11-17 10:00:00",34.28,21.19,2.27,12.27,8.28
"2022-11-17 11:00:00",44.95,21.43,4.54,15.13,10.83
"2022-11-17 12:00:00",24.82,29.42,3.25,17.47,12.4
"2022-11-17 13:00:00",27.37,31.11,3.04,15.4,9.88
"2022-11-17 14:00:00",20.6,34.32,2.63,17.72,12.65
"2022-11-17 15:00:00",23.54,31.67,2.44,21.52,16.91
"2022-11-17 16:00:00",28.65,27.25,2.15,20.03,14.17
"2022-11-17 17:00:00",38.29,19.51,3.05,18.46,12.28
"2022-11-17 18:00:00",27.49,25.02,2.43,20.71,15.87
"2022-11-17 19:00:00",23.97,31.6,2.2,21.78,19.27
"2022-11-17 20:00:00",18.47,40.28,1.45,19.47,17.39
"2022-11-17 21:00:00",15.17,42.29,1.89,18.57,16.91
"2022-11-17 22:00:00",12.04,41.89,2.05,17.65,16.28
"2022-11-17 23:00:00",11.23,39.2,2.38,17.41,15.84
"2022-11-18 00:00:00",8.17,47.92,2.24,15.08,12.77
"2022-11-18 01:00:00",5.07,54.53,1.81,10.61,8.45
"2022-11-18 02:00:00",4.32,54.94,2.36,8.23,7.03
"2022-11-18 03:00:00",2.89,58.23,2.09,5.18,4.56
"2022-11-18 04:00:00",2.8,62.19,2.24,3.49,2.58
"2022-11-18 05:00:00",2.64,65.66,1.73,3.85,2.12
"2022-11-18 06:00:00",4.21,60.69,1.63,6.22,3.31
"2022-11-18 07:00:00",9.98,52.34,1.76,8.63,4.14
"2022-11-18 08:00:00",19.92,46.25,1.79,9.75,4.72
"2022-11-18 09:00:00",22.37,47.25,2.16,12.56,5.06
"2022-11-18 10:00:00",17.73,51.07,2.07,14.41,7.41
"2022-11-18 11:00:00",14.58,55.61,2.33,12.99,6.8
"2022-11-18 12:00:00",11.3,59.57,2.32,11.48,4.69
"2022-11-18 13:00:00",13.48,60.93,2.5,9.9,4.69
"2022-11-18 14:00:00",11.61,60.14,2.43,10.18,4.75
"2022-11-18 15:00:00",12.17,60.52,2.58,9.74,4.31
"2022-11-18 16:00:00",17.47,54.84,2.34,10.99,5.64
"2022-11-18 17:00:00",26.1,43.04,2.41,14.49,8.58
"2022-11-18 18:00:00",29.25,38.27,2.22,20.17,14.77
"2022-11-18 19:00:00",25.68,42.97,1.95,18.12,14.02
"2022-11-18 20:00:00",22.66,45.71,2.52,18.03,14.38
"2022-11-18 21:00:00",19.11,48.38,1.86,18.47,14.61
"2022-11-18 22:00:00",15.99,51.59,2.01,17.16,13.74
"2022-11-18 23:00:00",16.06,49.76,1.97,14.81,11.25
"2022-11-19 00:00:00",16.4,47.3,2.16,14.26,11.06
"2022-11-19 01:00:00",14.38,45.94,1.96,13.92,10.16
"2022-11-19 02:00:00",11.43,46.53,1.68,11.41,8.14
"2022-11-19 03:00:00",17.04,31.35,1.61,11.01,8.11
"2022-11-19 04:00:00",16.56,30.84,1.63,11.18,8.49
"2022-11-19 05:00:00",15.3,33.12,1.59,9.21,6.73
"2022-11-19 06:00:00",16.17,25.23,1.52,8.66,6.16
"2022-11-19 07:00:00",25.5,17.31,1.99,9.93,7.4
"2022-11-19 08:00:00",33.84,9.45,2.33,11.44,8.65
"2022-11-19 09:00:00",37.7,9.53,3.35,15.4,12.14
"2022-11-19 10:00:00",45.79,10.14,4.92,23.28,12.06
"2022-11-19 11:00:00",49.48,19.56,3.28,16.86,9.35
"2022-11-19 12:00:00",18.42,65.83,2.04,8.41,4.06
"2022-11-19 13:00:00",12.55,70.13,2.42,7.5,3.68
"2022-11-19 14:00:00",10.13,69.78,1.59,7.23,3.69
"2022-11-19 15:00:00",11.72,68.18,3.38,7.15,4.45
"2022-11-19 16:00:00",11.92,72.34,1.68,6.4,3.99
"2022-11-19 17:00:00",11.81,76.78,2.18,5.85,4.21
"2022-11-19 18:00:00",14.09,77.4,1.84,6.56,5.33
"2022-11-19 19:00:00",17.68,74.76,1.62,8.99,7.72
"2022-11-19 20:00:00",22.92,66.13,1.94,13.5,12.15
"2022-11-19 21:00:00",17.16,69.28,1.92,15.27,14.44
"2022-11-19 22:00:00",16.93,61.3,2.18,7.77,7.45
"2022-11-19 23:00:00",8.13,70.32,1.95,5.24,4.63
"2022-11-20 00:00:00",8.65,68.13,2.09,10.87,5.92
"2022-11-20 01:00:00",3.79,68.91,1.83,14.58,8.15
"2022-11-20 02:00:00",3.47,65.09,2.19,18.85,10.16
"2022-11-20 03:00:00",2.88,66.74,1.88,18.91,10.04
"2022-11-20 04:00:00",2.21,72.73,1.88,11.29,6.56
"2022-11-20 05:00:00",1.92,74.48,1.99,10.52,6.29
"2022-11-20 06:00:00",1.83,69.92,1.9,11.91,7.1
"2022-11-20 07:00:00",1.6,73.79,1.87,9.39,5.44
"2022-11-20 08:00:00",3.05,74.83,1.57,10.73,5.91
"2022-11-20 09:00:00",2.86,74.25,1.75,13.53,7.14
"2022-11-20 10:00:00",3.85,71.52,1.16,9.14,5.1
"2022-11-20 11:00:00",5.33,70.27,2.08,5.69,3.24
"2022-11-20 12:00:00",5.83,72.32,2.01,2.74,1.64
"2022-11-20 13:00:00",6.03,72.44,1.48,3.02,1.78
"2022-11-20 14:00:00",6.09,68.2,1.98,5.1,2.8
"2022-11-20 15:00:00",6.21,68.81,2.29,7.29,3.92
"2022-11-20 16:00:00",11.82,64.2,2.2,7.36,4.76
"2022-11-20 17:00:00",11.78,59.44,2.31,9.74,7.33
"2022-11-20 18:00:00",16.62,53.03,2.24,15.97,13.22
"2022-11-20 19:00:00",17.13,51.12,2.47,16.15,12.61
"2022-11-20 20:00:00",15.21,52.87,2.23,16.89,13.16
"2022-11-20 21:00:00",24.16,42.31,2.39,22.07,17.11
"2022-11-20 22:00:00",41.23,25.12,2.74,32.97,25.82
"2022-11-20 23:00:00",32.06,34.47,2.77,31.05,25.68
"2022-11-21 00:00:00",5.76,69.38,2.01,12.84,7.34
"2022-11-21 01:00:00",2.84,76.56,2.53,14.87,7.99
"2022-11-21 02:00:00",2.41,77.18,2.35,12.05,7.06
"2022-11-21 03:00:00",2.36,75.77,2.63,9.68,6.23
"2022-11-21 04:00:00",2.62,76.08,2.37,14.51,8.18
"2022-11-21 05:00:00",2.1,86.02,3.05,18,10.07
"2022-11-21 06:00:00",2.26,87.51,1,9.54,6.47
"2022-11-21 07:00:00",3.95,87.07,0.04,7.09,5.06
"2022-11-21 08:00:00",8.22,81.17,2.28,6.7,4.67
"2022-11-21 09:00:00",11.6,78.16,2.04,12.98,7.61
"2022-11-21 10:00:00",11.83,78.41,2.33,10.31,6.04
"2022-11-21 11:00:00",14.87,67.46,2.18,0.86,0.86
"2022-11-21 12:00:00",21.18,56.82,2.46,1.75,0.86
"2022-11-21 13:00:00",19.13,55.26,2.47,0.64,0.33
"2022-11-21 14:00:00",18.45,57.25,2.62,0.01,0
"2022-11-21 15:00:00",13.03,64.9,2.74,0,0
"2022-11-21 16:00:00",14.08,61.92,2.65,0.01,0.01
"2022-11-21 17:00:00",22.3,51.44,2.32,0.26,0.13
"2022-11-21 18:00:00",21.38,50.74,2.31,0.61,0.23
"2022-11-21 19:00:00",18.15,53.16,1.72,5.89,4.19
"2022-11-21 20:00:00",17.12,55.62,2.18,16.29,13.01
"2022-11-21 21:00:00",13.46,52.32,2.11,12.2,9.76
"2022-11-21 22:00:00",10.29,56.49,2.39,10.48,7.93
"2022-11-21 23:00:00",11.68,49.33,2.46,12.45,8.65
"2022-11-22 00:00:00",10.4,47.76,2.54,12.2,7.44
"2022-11-22 01:00:00",9.02,43.81,2.27,7.3,5.37
"2022-11-22 02:00:00",22.88,28.37,2.63,12.45,10.76
"2022-11-22 03:00:00",36.89,10.77,2.93,11.96,9.26
"2022-11-22 04:00:00",35.45,10.29,3.22,10.71,8.69
"2022-11-22 05:00:00",30.39,10.45,2.74,9.9,8.08
"2022-11-22 06:00:00",25.74,20.8,2.1,7.78,6.5
"2022-11-22 07:00:00",24.45,22.4,2.73,5.94,4.66
"2022-11-22 08:00:00",43.28,11.49,3.02,10.47,6.61
"2022-11-22 09:00:00",44.05,13.47,2.81,10.49,7.83
"2022-11-22 10:00:00",44.09,13.28,3.4,13.97,9.44
"2022-11-22 10:01:00",
"2022-11-22 11:00:00",,22.62,1.95,12.2,7.3
"2022-11-22 11:01:00",
"2022-11-22 12:00:00",33.03,25.59,3.21,16.17,8.27
"2022-11-22 13:00:00",32.23,19.15,3.18,16.38,7.91
"2022-11-22 14:00:00",26.45,28.92,2.36,15.72,9.56
"2022-11-22 15:00:00",17.4,37.99,2.52,14.53,10.57
"2022-11-22 16:00:00",21.46,33.43,2.97,17.47,12.42
"2022-11-22 17:00:00",18.61,44.35,2.24,14.56,10.55
"2022-11-22 18:00:00",20.22,43.03,2.83,16.57,13.79
"2022-11-22 19:00:00",43.84,18.9,3.57,29.33,26.52
"2022-11-22 20:00:00",48.7,13.57,4.05,62.23,52.08
"2022-11-22 21:00:00",55.14,14.81,5.89,86.23,78.2
"2022-11-22 22:00:00",48.15,14.59,6.19,97.44,90.79
"2022-11-22 23:00:00",45.47,14.4,5.29,89.27,84.02
"2022-11-23 00:00:00",26.67,33.99,3.38,22.63,20.88
"2022-11-23 01:00:00",16.33,51.14,2.72,10.18,7.52
"2022-11-23 02:00:00",3.32,74.23,2.79,7.87,3.55
"2022-11-23 03:00:00",2.84,76.95,3.01,4.59,2.9
"2022-11-23 04:00:00",2.03,85.21,2.48,3.73,2.18
"2022-11-23 05:00:00",1.72,85.18,3.53,2.11,1.15
"2022-11-23 06:00:00",2.39,87.55,1.87,2.62,1.41
"2022-11-23 07:00:00",3.81,83.34,2.15,4.56,2.51
"2022-11-23 08:00:00",9.97,76.45,2.4,9.21,4.48
"2022-11-23 09:00:00",12.55,71.77,2.72,12.84,5.92
"2022-11-23 10:00:00",10.61,71.81,2.45,12.05,5.81
"2022-11-23 11:00:00",7.97,73.85,2.28,7.42,3.85
"2022-11-23 12:00:00",10.59,71.43,2.54,6.11,3.18
"2022-11-23 13:00:00",7.65,75.44,2.28,7.46,3.31
"2022-11-23 14:00:00",6.64,76.4,2.76,8.18,3.96
"2022-11-23 15:00:00",6.87,76.3,3.07,6.93,3.48
"2022-11-23 16:00:00",7.33,75.04,2.5,9.2,5.09
"2022-11-23 17:00:00",14.21,76.15,2.26,8.61,5.76
"2022-11-23 18:00:00",10.63,72.46,2.53,8.34,5.71
"2022-11-23 19:00:00",15.92,64.65,2.03,12.2,9.13
"2022-11-23 20:00:00",7.54,74.6,1.63,9.59,6.48
"2022-11-23 21:00:00",6.87,76.06,1.84,7.02,5.1
"2022-11-23 22:00:00",4.53,76.63,2.38,7.02,4.96
"2022-11-23 23:00:00",3.4,77.35,2.32,8.31,5.26
"2022-11-24 00:00:00",2.13,77.56,2.51,10.21,5.7
"2022-11-24 01:00:00",1.63,78.03,2.27,11.12,6.12
"2022-11-24 02:00:00",1.53,81.21,2.61,11.44,6.47
"2022-11-24 03:00:00",0.78,82.37,2.95,10.9,6.23
"2022-11-24 04:00:00",0.66,83.4,1.12,11.93,6.78
"2022-11-24 05:00:00",1.54,84.35,2.14,19.1,9.67
"2022-11-24 06:00:00",6.11,74.74,2.05,18.56,9.79
"2022-11-24 07:00:00",6.4,77.85,2.08,19.43,10
"2022-11-24 08:00:00",7.64,79.23,2.8,11.27,6.94
"2022-11-24 09:00:00",6.58,82.64,2.5,6.77,4.65
"2022-11-24 10:00:00",9.17,89.17,3.02,2.95,1.61
"2022-11-24 11:00:00",5.75,88.12,1.83,6.9,4.23
"2022-11-24 12:00:00",5.16,82.63,1.29,9.31,5.22
"2022-11-24 13:00:00",5.91,79.33,2.45,15.09,8.51
"2022-11-24 14:00:00",6.29,77.21,1.94,18.64,11.13
"2022-11-24 15:00:00",6.85,78.02,2.69,18.99,10.81
"2022-11-24 16:00:00",9.51,83.92,2.5,18.27,9.98
"2022-11-24 17:00:00",14.01,82.28,2.04,13.44,8.06
"2022-11-24 18:00:00",15.13,74.77,2.32,16.68,10.88
"2022-11-24 19:00:00",14.78,72.57,2.44,12.85,8.69
"2022-11-24 20:00:00",24.74,59.46,1.96,14.2,12.71
"2022-11-24 21:00:00",11.03,72.68,1.6,11.76,10.3
"2022-11-24 22:00:00",10.68,69.17,1.87,12.02,9.11
"2022-11-24 23:00:00",7.3,70.87,2.24,15.83,9.26
"2022-11-25 00:00:00",4.7,70.5,1.92,7.31,5.17
"2022-11-25 01:00:00",4.08,69.66,2.07,8.17,4.69
"2022-11-25 02:00:00",1.72,66.25,2.19,11.29,5.86
"2022-11-25 03:00:00",1.6,62.35,1.88,10.47,5.54
"2022-11-25 04:00:00",1.15,60.47,1.7,11.09,6
"2022-11-25 05:00:00",1.1,58.23,1.95,12.51,6.41
"2022-11-25 06:00:00",1.53,59.81,1.88,12.59,6.26
"2022-11-25 07:00:00",4.35,61.28,2.12,12.53,6.42
"2022-11-25 08:00:00",9.64,57.19,2.1,14.22,6.99
"2022-11-25 09:00:00",12.38,58.55,0.98,14.71,7.33
"2022-11-25 10:00:00",8,62.04,-1.32,14.88,7.69
"2022-11-25 11:00:00",7.94,63.56,2.05,13.49,7.33
"2022-11-25 12:00:00",6.36,62.02,2.06,13.77,7.34
"2022-11-25 13:00:00",8.29,60.93,1.18,17.14,7.76
"2022-11-25 14:00:00",9.42,61.94,1.85,14.64,6.99
"2022-11-25 15:00:00",12.25,59.57,1.96,14.51,7.44
"2022-11-25 16:00:00",10.41,62.43,2.02,17.66,9.08
"2022-11-25 17:00:00",10.92,61.59,1.86,17.72,10.05
"2022-11-25 18:00:00",15.62,61.88,1.99,32.27,24.15
"2022-11-25 19:00:00",12.63,65.8,1.8,27.08,19.11
"2022-11-25 20:00:00",11.37,68.65,1.78,24.72,16.27
"2022-11-25 21:00:00",8.02,72.01,1.89,22.26,14.01
"2022-11-25 22:00:00",6.43,73.94,1.96,21.75,14.66
"2022-11-25 23:00:00",8.15,69.87,1.91,21.49,13.65
"2022-11-26 00:00:00",6.43,73.16,1.48,18.44,11.36
"2022-11-26 01:00:00",3.86,77.17,1.83,15.24,9.21
"2022-11-26 02:00:00",4.13,77.57,1.69,12.58,6.89
"2022-11-26 03:00:00",3.67,76.62,1.72,9.14,5.11
"2022-11-26 04:00:00",4.31,74.58,1.67,12.62,6.94
"2022-11-26 05:00:00",2.06,78.38,1.58,7.32,4.19
"2022-11-26 06:00:00",1.86,78.34,1.62,3,2.01
"2022-11-26 07:00:00",2.18,80.14,1.78,4.7,2.91
"2022-11-26 08:00:00",3.94,81,1.53,10.16,6.47
"2022-11-26 09:00:00",5.74,80.63,1.48,6.48,3.73
"2022-11-26 10:00:00",5.61,82.8,1.6,13.95,3.98
"2022-11-26 11:00:00",7.05,76.73,1.7,8.08,3.02
"2022-11-26 12:00:00",6.37,79.44,1.43,4.19,1.96
"2022-11-26 13:00:00",6.43,82.13,1.79,4.08,1.73
"2022-11-26 14:00:00",8.83,73.09,1.82,9.24,2.58
"2022-11-26 15:00:00",8.21,72.07,1.78,7.55,1.95
"2022-11-26 16:00:00",12.78,64.61,1.84,4.59,2.84
"2022-11-26 17:00:00",17.79,57.93,1.78,9.88,5.71
"2022-11-26 18:00:00",18.18,56.64,1.75,12.65,10.14
"2022-11-26 19:00:00",25.86,47.87,1.57,19.09,16.05
"2022-11-26 20:00:00",9.09,71.24,1.49,7.64,6.45
"2022-11-26 21:00:00",4.62,78.76,1.42,2.46,2.1
"2022-11-26 22:00:00",4,77.1,1.53,5.49,3.81
"2022-11-26 23:00:00",4.16,82.4,1.73,14.94,9.03
"2022-11-27 00:00:00",4.57,83.36,2.07,24.37,13.82
"2022-11-27 01:00:00",3.42,85.9,2,31.52,16.98
"2022-11-27 02:00:00",2.94,83.72,1.8,32.15,17.71
"2022-11-27 03:00:00",2.07,83.54,2.32,30.64,16.47
"2022-11-27 04:00:00",1.92,86.47,1.81,27.92,15.56
"2022-11-27 05:00:00",1.18,86.56,-0.46,28.41,15.36
"2022-11-27 06:00:00",0.94,86.02,1.56,27.53,15.09
"2022-11-27 07:00:00",1.31,85.36,1.13,27.64,14.97
"2022-11-27 08:00:00",4.45,83.06,1.83,28.94,14.88
"2022-11-27 09:00:00",7.32,78.16,1.95,29.06,14.35
"2022-11-27 10:00:00",13.27,68.81,1.74,26.72,13.64
"2022-11-27 11:00:00",7.59,77.89,1.54,22.65,12.1
"2022-11-27 12:00:00",5.29,81.77,1.85,13.8,8.2
"2022-11-27 13:00:00",6.98,78.9,1.79,12.55,7.67
"2022-11-27 14:00:00",7.26,76.96,1.69,4.89,3.7
"2022-11-27 15:00:00",9.17,72.15,2.1,7.45,4.46
"2022-11-27 16:00:00",11.44,72.98,2.12,10.89,6.91
"2022-11-27 17:00:00",9.77,76.88,1.96,11.66,7.77
"2022-11-27 18:00:00",12.59,74.12,2.03,23.77,16.64
"2022-11-27 19:00:00",13.91,73.72,1.43,21.37,13.03
"2022-11-27 20:00:00",16.12,75.45,1.27,15.19,13.07
"2022-11-27 21:00:00",28.61,57.5,0.83,23.76,21.07
"2022-11-27 22:00:00",19.13,62.87,1.81,20.69,15.52
"2022-11-27 23:00:00",9.01,72.02,2.43,20.09,12.36
"2022-11-28 00:00:00",4.29,79.54,2.16,16.52,8.84
"2022-11-28 01:00:00",3.62,80.76,1.99,13.25,7.61
"2022-11-28 02:00:00",1.08,81.81,1.15,12.77,7.13
"2022-11-28 03:00:00",1.26,81.84,1.7,15.39,8.16
"2022-11-28 04:00:00",1.47,83.19,1.38,13.6,7.19
"2022-11-28 05:00:00",3.44,75.11,1.91,12.81,6.6
"2022-11-28 06:00:00",1.53,77.13,2.01,10.32,5.5
"2022-11-28 07:00:00",10.77,72.27,1.42,7.06,4.15
"2022-11-28 08:00:00",11.86,69.29,1.48,7.28,3.8
"2022-11-28 09:00:00",21.11,59.21,1.92,8.18,3.87
"2022-11-28 10:00:00",22.81,54.33,1.94,12.34,4.81
"2022-11-28 11:00:00",27.08,47.14,2.3,8.62,4.89
"2022-11-28 12:00:00",24.04,47.3,2.05,9.25,4.59
"2022-11-28 13:00:00",13.31,56.36,1.66,3.43,2.26
"2022-11-28 14:00:00",12.21,59.8,1.77,4.68,3.54
"2022-11-28 15:00:00",14.33,57.79,2,7.98,4.28
"2022-11-28 16:00:00",27.7,40.1,2.09,15.6,10.76
"2022-11-28 17:00:00",47.42,20.39,2.36,22.85,17.01
"2022-11-28 18:00:00",55.53,12.3,3.21,54.27,48.18
"2022-11-28 19:00:00",54.55,13.04,3.07,66.97,59.54
"2022-11-28 20:00:00",43.73,22.41,2.14,40.1,35.3
"2022-11-28 21:00:00",43.84,18.61,1.76,63.55,50.12
"2022-11-28 22:00:00",28.12,31.81,1.85,35.48,28.38
"2022-11-28 23:00:00",19.62,37.91,2.03,21.95,17.38
"2022-11-29 00:00:00",13.6,40.87,1.68,18.54,16.04
"2022-11-29 01:00:00",8.97,46.23,1.46,19.08,16.08
"2022-11-29 02:00:00",5.79,52.11,1.81,16.99,13.71
"2022-11-29 03:00:00",4.91,55.63,1.65,12.5,9.3
"2022-11-29 04:00:00",9.21,51.95,1.51,11.4,8.01
"2022-11-29 05:00:00",6.88,57.97,1.45,9.18,5.79
"2022-11-29 06:00:00",6.59,51.27,1.65,9.07,6.31
"2022-11-29 07:00:00",24.8,27.72,2.13,9.23,6.99
"2022-11-29 08:00:00",40.14,11.18,2.76,12.26,9.82
"2022-11-29 09:00:00",53.3,11.12,3.86,16.17,11.14
"2022-11-29 10:00:00",52.93,11.47,4.45,18.2,10.46
"2022-11-29 11:00:00",56.94,12.55,3.92,23.17,11.04
"2022-11-29 12:00:00",56.63,19.21,3.13,106.79,19.95
"2022-11-29 13:00:00",49.62,28.97,2.5,146.29,22.58
"2022-11-29 14:00:00",35.68,40.56,1.84,18.36,6.62
"2022-11-29 15:00:00",34.39,41.07,1.98,21.43,5.87
"2022-11-29 16:00:00",46.4,23.33,2.35,24.44,11.29
"2022-11-29 17:00:00",51.75,12.72,3.29,62.98,25.86
"2022-11-29 18:00:00",54.96,12.7,4.91,48.53,36.49
"2022-11-29 19:00:00",66.91,15.43,6.03,101.21,85.99
"2022-11-29 20:00:00",55.47,13.01,4.91,105.53,95.18
"2022-11-29 21:00:00",53.12,13.44,4.64,90.49,79.85
"2022-11-29 22:00:00",56.52,13.83,3.81,71.31,64.05
"2022-11-29 23:00:00",49.64,13.41,3.31,64.2,59.02
"2022-11-30 00:00:00",46.5,13.57,2.44,77.76,71.11
"2022-11-30 01:00:00",31.2,30.19,1.81,27.22,22.89
"2022-11-30 02:00:00",27.05,20.94,2.24,20.19,17.04
"2022-11-30 03:00:00",28.13,19.65,2.19,18.32,14.83
"2022-11-30 04:00:00",21.92,29.87,2.07,13.12,9.95
"2022-11-30 05:00:00",11.9,33.84,2.18,10.53,7.23
"2022-11-30 06:00:00",9.74,42.47,1.94,13.46,9.56
"2022-11-30 07:00:00",8.64,58.49,1.99,13.45,9.01
"2022-11-30 08:00:00",13.7,54.56,1.87,12.67,8.81
"2022-11-30 09:00:00",26.15,42.26,2.31,13.8,8.73
"2022-11-30 10:00:00",19.56,48.56,1.49,10.85,7
"2022-11-30 11:00:00",16.7,53.24,1.49,10.19,5.83
"2022-11-30 12:00:00",16.26,51.95,1.6,12.38,5.47
"2022-11-30 13:00:00",22.66,45.99,1.52,14.1,6.15
"2022-11-30 14:00:00",18.86,52.37,1.76,13.67,6.4
"2022-11-30 15:00:00",16.45,53.4,1.77,13.01,6.71
"2022-11-30 16:00:00",28.44,39.71,1.4,18.91,8.83
"2022-11-30 17:00:00",44.65,23.11,1.72,29.98,15.58
"2022-11-30 18:00:00",48.23,17.35,2.01,35.82,24.11
"2022-11-30 19:00:00",54.85,15.2,2.47,35.39,28.53
"2022-11-30 20:00:00",43.22,21.15,1.94,33.61,29.17
"2022-11-30 21:00:00",47.39,15.63,2.7,63.44,59.69
"2022-11-30 22:00:00",47.41,14.39,4.21,94.92,89.06
"2022-11-30 23:00:00",44.74,15.63,4.85,117.89,110.95
"2022-12-01 00:00:00",38.5,14.34,4.83,101.21,95.34
"2022-12-01 01:00:00",36.68,14.23,4.81,104.12,98.51
"2022-12-01 02:00:00",42.62,14.25,4.77,77.74,69.43
"2022-12-01 03:00:00",43.91,12.71,2.92,37.86,31.66
"2022-12-01 04:00:00",38.18,13.32,2.49,25.43,21.38
"2022-12-01 05:00:00",30.44,16.07,2.36,22.98,19.74
"2022-12-01 06:00:00",26.16,29.66,2.26,11.24,8.48
"2022-12-01 07:00:00",37.76,13.57,3.3,16.29,13.41
"2022-12-01 08:00:00",38.04,13.81,4.11,15.56,11.84
"2022-12-01 09:00:00",42.81,14.23,5.57,16.95,12.36
"2022-12-01 10:00:00",51.02,14.83,6.29,24.77,13.36
"2022-12-01 11:00:00",50.91,15.64,4.03,31.65,12.58
"2022-12-01 12:00:00",30,43.61,2.17,13.7,6.77
"2022-12-01 13:00:00",14.37,59.47,1.79,10.08,5.41
"2022-12-01 14:00:00",13.01,62.87,1.84,9.66,5.79
"2022-12-01 15:00:00",14.96,63.29,1.9,9.86,6.2
"2022-12-01 16:00:00",19.56,62.25,1.8,12.74,6.93
"2022-12-01 17:00:00",29.22,55.98,1.91,13.48,8.08
"2022-12-01 18:00:00",27.38,58.1,1.49,16.14,11.59
"2022-12-01 19:00:00",42.2,41.83,1.97,27.92,21.73
"2022-12-01 20:00:00",53.1,27.7,2.61,42.15,33.31
"2022-12-01 21:00:00",56.62,30.54,2.5,54.7,45.33
"2022-12-01 22:00:00",47.18,31.95,2.46,39.56,33.52
"2022-12-01 23:00:00",34,43.21,2.79,30.42,24.26
"2022-12-02 00:00:00",42.23,35.17,2.48,32.43,27.26
"2022-12-02 01:00:00",18.26,56.91,2.52,15.29,11.01
"2022-12-02 02:00:00",28.18,38.76,2.12,18.11,13.44
"2022-12-02 03:00:00",23.32,42.15,2.15,13.85,10.04
"2022-12-02 04:00:00",29.19,29.11,2.09,13.15,8.52
"2022-12-02 05:00:00",14.18,35.6,1.08,8.34,6.06
"2022-12-02 06:00:00",66,37.1,2.62,7.47,5.72
"2022-12-02 07:00:00",33.53,18.38,1.89,10.42,6.69
"2022-12-02 08:00:00",39.65,16.05,3.13,13.03,7.72
"2022-12-02 09:00:00",48.37,16.33,5.32,26.26,12.39
"2022-12-02 10:00:00",46.19,16.59,5.86,25.87,13.01
"2022-12-02 11:00:00",59.63,17.38,6.02,31.93,16.02
"2022-12-02 12:00:00",58.73,20.56,4.03,28.92,13.95
"2022-12-02 13:00:00",49.33,27.5,2.77,19.35,10.61
"2022-12-02 14:00:00",63.14,24.09,2.8,20.07,10.31
"2022-12-02 15:00:00",58.76,20.75,2.88,21.46,11.37
"2022-12-02 16:00:00",62.43,21.3,2.95,34.47,17.6
"2022-12-02 17:00:00",53.35,30.37,2.49,24.25,16.22
"2022-12-02 18:00:00",55.97,27.01,2.2,35.18,26.15
"2022-12-02 18:01:00",,,,,
"2022-12-02 19:01:00",,,,,
"2022-12-04 09:00:00",27.16,57.73,1.98,10.32,5.32
"2022-12-04 10:00:00",19.79,65.52,1.83,12.14,6.8
"2022-12-04 11:00:00",17,67.36,2,10.31,5.7
"2022-12-04 12:00:00",23.6,60.94,2.17,13.35,7.58
"2022-12-04 13:00:00",15.99,67.47,1.82,11.6,5.49
"2022-12-04 14:00:00",12.86,64.65,1.75,12.64,6.65
"2022-12-04 15:00:00",13.63,59.48,2.02,14.73,8.34
"2022-12-04 16:00:00",14.37,59.28,1.74,14.79,8.75
"2022-12-04 17:00:00",14.63,58.38,2.16,16.98,10.71
"2022-12-04 18:00:00",16.06,55.75,1.86,22.47,14.91
"2022-12-04 19:00:00",13.66,55.89,1.86,24.19,17.11
"2022-12-04 20:00:00",11.91,57.66,1.77,17.85,12.42
"2022-12-04 21:00:00",11.17,54.9,1.82,19.24,12.72
"2022-12-04 22:00:00",13.79,54.58,2.08,19.5,11.6
"2022-12-04 23:00:00",9.06,62.81,2.06,12.14,7.66
"2022-12-05 00:00:00",6.63,76.51,1.81,14.25,8.6
"2022-12-05 01:00:00",6.65,66.03,1.89,17.25,10.19
"2022-12-05 02:00:00",5.26,62.6,2.14,12.67,7.45
"2022-12-05 03:00:00",4.62,65.54,1.31,13.37,7.01
"2022-12-05 04:00:00",4.03,64.85,1.84,10.5,6.24
"2022-12-05 05:00:00",5.57,62.64,1.41,11.67,6.84
"2022-12-05 06:00:00",14.4,56.74,0.88,13.29,6.5
"2022-12-05 07:00:00",10.22,59.81,1.81,13.03,6.5
"2022-12-05 08:00:00",13.08,57.02,2.27,14.02,6.06
"2022-12-05 09:00:00",17.02,50.28,1.6,11.62,5.01
"2022-12-05 10:00:00",15.63,52.88,1.57,16.22,5.53
"2022-12-05 11:00:00",17.41,56.39,1.73,14.45,5.34
"2022-12-05 12:00:00",14.82,55.96,2.14,13.47,5.76
"2022-12-05 13:00:00",13.68,59.65,1.78,13.92,5.38
"2022-12-05 14:00:00",17.25,57.25,1.31,15.55,6.55
"2022-12-05 15:00:00",13.56,59.79,1.48,12.76,6.01
"2022-12-05 16:00:00",21.39,52.23,1.26,17.57,7.78
"2022-12-05 17:00:00",25.17,54.84,1.86,20.08,9.51
"2022-12-05 18:00:00",20.55,57.76,2.04,17.8,8.9
"2022-12-05 19:00:00",18.64,60.88,2.06,19.57,11.11
"2022-12-05 20:00:00",15.15,63.17,1.76,21.49,11.18
"2022-12-05 21:00:00",10.73,64.74,1.71,14.94,9.18
"2022-12-05 22:00:00",9.81,65.28,1.69,12.83,7.6
"2022-12-05 23:00:00",15.19,61.34,1.94,11.42,6.49
"2022-12-06 00:00:00",21.81,53.8,1.96,9.64,5.84
"2022-12-06 01:00:00",23.84,52.22,1.66,9.09,4.3
"2022-12-06 02:00:00",3.9,64.73,1.82,7.71,3.11
"2022-12-06 03:00:00",2.84,68.11,1.56,7.1,2.58
"2022-12-06 04:00:00",5.27,67.11,1.59,9.45,3.45
"2022-12-06 05:00:00",22.68,57.78,1,10.2,4.16
"2022-12-06 06:00:00",22.23,56.74,-0.16,6.64,3.46
"2022-12-06 07:00:00",42.35,44.64,2.41,6.48,3.1
"2022-12-06 08:00:00",44.49,43.64,2.49,5.33,2.45
"2022-12-06 09:00:00",45.18,38.73,2.73,8.43,4.53
"2022-12-06 10:00:00",50.65,23.68,2.32,15.91,7.16
"2022-12-06 11:00:00",52.61,19.32,2.36,15.58,7.9
"2022-12-06 12:00:00",35.91,31.42,2,11.8,6.08
"2022-12-06 13:00:00",28.45,38.1,2.01,11.07,5.45
"2022-12-06 14:00:00",32.3,32.38,2.12,10.75,6.85
"2022-12-06 15:00:00",41.05,34.35,2.3,9.47,5.05
"2022-12-06 16:00:00",44.73,29.64,2.05,14.09,8.61
"2022-12-06 17:00:00",37.66,28.31,2.24,17.03,13.62
"2022-12-06 18:00:00",43.9,19.75,2.11,16.87,13.04
"2022-12-06 19:00:00",45.86,16.35,2.1,25.04,21.16
"2022-12-06 20:00:00",52.47,13.69,2.7,53.25,49.34
"2022-12-06 21:00:00",36.39,26.09,2.28,30.1,25.86
"2022-12-06 22:00:00",29.43,31.07,2.17,31.11,26.88
"2022-12-06 23:00:00",30.3,30.84,1.92,21.96,18.08
"2022-12-07 00:00:00",23.97,36.28,0.86,22.2,18.32
"2022-12-07 01:00:00",29.03,26.45,1.87,24.37,20.12
"2022-12-07 02:00:00",28.19,26.8,1.97,23.2,17.01
"2022-12-07 03:00:00",18.26,36.6,2.11,14.98,12.38
"2022-12-07 04:00:00",14.33,41.02,1.65,13.25,11.02
"2022-12-07 05:00:00",10.97,41.27,1.81,14.35,11.81
"2022-12-07 06:00:00",13.73,39.72,1.7,13.52,11.01
"2022-12-07 07:00:00",18.11,38.96,1.92,13.5,10.3
"2022-12-07 08:00:00",39.69,19.39,2.14,12.69,9.39
"2022-12-07 09:00:00",50.96,11.55,2.66,16.28,11.29
"2022-12-07 10:00:00",46.67,14.55,1.64,17.3,10.92
"2022-12-07 11:00:00",45.84,19.68,0.82,15.73,10.12
"2022-12-07 12:00:00",40.5,26.85,2.67,19.56,9.27
"2022-12-07 13:00:00",35.53,31.06,1.92,19.04,9.2
"2022-12-07 14:00:00",35.97,29.18,2.77,19.64,10.74
"2022-12-07 15:00:00",23.79,47.8,2.59,14.1,7.8
"2022-12-07 16:00:00",31.49,39.15,2.28,14.41,8.4
"2022-12-07 17:00:00",39.07,30.54,2.45,21.59,14.47
"2022-12-07 18:00:00",70.71,17.34,3.83,34.04,28.65
"2022-12-07 19:00:00",56.29,13.13,3.26,45.52,39.05
"2022-12-07 20:00:00",48.58,17,2.58,32.79,28.52
"2022-12-07 21:00:00",41.41,17.98,2.69,35.76,31.71
"2022-12-07 22:00:00",38.53,19.71,2.61,36.69,32.54
"2022-12-07 23:00:00",24.25,32.44,1.78,27.57,24
"2022-12-08 00:00:00",17.42,37.33,2.27,19.52,16.72
"2022-12-08 01:00:00",13.39,40.82,2.01,17.03,14.18
"2022-12-08 02:00:00",11.28,41.96,2.11,15.84,13.51
"2022-12-08 03:00:00",11.38,41.15,1.97,14.44,12.68
"2022-12-08 04:00:00",7.84,46.99,2.13,13.54,11.82
"2022-12-08 05:00:00",8.52,49.73,2.23,10.55,8.34
"2022-12-08 06:00:00",9.06,52.47,1.24,9.46,7.37
"2022-12-08 07:00:00",33.87,34.98,2.84,10.85,8.23
"2022-12-08 08:00:00",38.05,26.44,2.66,10.82,8.26
"2022-12-08 09:00:00",46.26,19.61,2.41,13.33,8.28
"2022-12-08 10:00:00",37.52,24.57,2.29,15.68,9.03
"2022-12-08 11:00:00",25.86,36.84,2.29,11.19,8.07
"2022-12-08 12:00:00",27.55,34.08,2.39,13.39,8.29
"2022-12-08 13:00:00",25.4,35.99,2.13,13.18,9.23
"2022-12-08 14:00:00",28.85,34.42,2.91,14.57,11.14
"2022-12-08 15:00:00",23.09,46.91,2.9,10.53,6.29
"2022-12-08 16:00:00",25.95,49.52,1.9,13.37,8.2
"2022-12-08 17:00:00",45.14,28.13,1.31,21.71,13.74
"2022-12-08 18:00:00",58.39,15.35,3.3,30.67,25.57
"2022-12-08 19:00:00",58.36,15.4,3.1,29.33,23.73
"2022-12-08 20:00:00",60.23,16.54,3.1,53.21,48.19
"2022-12-08 21:00:00",62.27,16.03,3.85,72.07,65.81
"2022-12-08 22:00:00",50.47,18.2,2.73,46.63,40.3
"2022-12-08 23:00:00",49.05,16.97,2.64,48.44,42.17
"2022-12-09 00:00:00",36.89,25.19,2.53,35.35,34.31
"2022-12-09 01:00:00",27.97,32.78,3.06,23.01,20.22
"2022-12-09 02:00:00",22.35,32.95,1.88,20.36,18.6
"2022-12-09 03:00:00",19.3,32.92,2.25,16.79,15.46
"2022-12-09 04:00:00",15.35,36.89,3.24,14.62,12.99
"2022-12-09 05:00:00",15.8,35.9,1.81,14.02,11.97
"2022-12-09 06:00:00",19.46,33.71,2.12,15.04,12.42
"2022-12-09 07:00:00",27.32,29.72,2.54,14.97,11.97
"2022-12-09 08:00:00",43.54,18.78,2.54,15.81,11.52
"2022-12-09 09:00:00",55.81,13.07,4.04,21.04,13.96
"2022-12-09 10:00:00",46.29,18.15,2.9,20.52,14.06
"2022-12-09 11:00:00",38.58,28.05,3.72,16.28,11.45
"2022-12-09 12:00:00",36.6,34.2,2.15,18.22,11.16
"2022-12-09 13:00:00",35.47,32.9,3.9,20.72,12.89
"2022-12-09 14:00:00",40.5,29.7,3.31,21.15,13.04
"2022-12-09 15:00:00",39.34,29.54,2.92,19.12,12.86
"2022-12-09 16:00:00",43.03,24.77,3.36,23.29,18.86
"2022-12-09 17:00:00",49.57,16.82,2.53,32.49,28.93
"2022-12-09 18:00:00",49.03,16.92,2.66,35.4,32.99
"2022-12-09 19:00:00",41.61,22.23,3.8,34.18,32.4
"2022-12-09 20:00:00",32.14,30.64,2.21,32.37,30.8
"2022-12-09 21:00:00",21.97,43.35,1.81,26.51,24.1
"2022-12-09 22:00:00",19.04,45.99,1.79,28.75,25.18
"2022-12-09 23:00:00",18.77,46.33,2.45,20.93,18.81
"2022-12-10 00:00:00",17.02,48.64,2.18,15.87,15.07
"2022-12-10 01:00:00",16.09,49.3,2.11,16.7,15.62
"2022-12-10 02:00:00",12.61,56.38,2.92,10.82,9.88
"2022-12-10 03:00:00",8.54,54.84,1.77,10.09,9.18
"2022-12-10 04:00:00",6.27,59.32,1.66,10.43,9.34
"2022-12-10 05:00:00",7.62,57.03,3.21,11.54,10.6
"2022-12-10 06:00:00",7.76,55.77,1.38,12.27,10.94
"2022-12-10 07:00:00",8.84,54.95,2.7,12.81,11.59
"2022-12-10 08:00:00",15.96,48.72,2.07,11.36,10.14
"2022-12-10 09:00:00",17.02,46.79,2.15,13.18,10.18
"2022-12-10 10:00:00",26.48,42.8,4.04,12.09,9.92
"2022-12-10 11:00:00",21.91,42.75,1.56,14.46,11.46
"2022-12-10 12:00:00",25.22,39.15,2.16,17.95,14.05
"2022-12-10 13:00:00",21.79,39.81,3.4,21.96,18.92
"2022-12-10 14:00:00",24.04,35.57,2.06,24.19,21.85
"2022-12-10 15:00:00",30.23,32.69,3.21,29.94,27.09
"2022-12-10 16:00:00",18.49,40.4,3.83,25.92,24.57
"2022-12-10 17:00:00",17.67,42.51,1.68,30.71,29.81
"2022-12-10 18:00:00",18.93,43.6,2.16,32.01,30.96
"2022-12-10 19:00:00",16.97,46.25,1.81,26.83,26.11
"2022-12-10 20:00:00",23.33,42.15,3.41,29.44,28.78
"2022-12-10 21:00:00",23.7,40.22,2.28,36.08,35.06
"2022-12-10 22:00:00",18.49,40.95,3.03,33.94,33.26
"2022-12-10 23:00:00",17.13,37.36,2.14,37.23,36.57
"2022-12-11 00:00:00",14.36,37.73,2.48,33.49,32.84
"2022-12-11 01:00:00",12.77,37.95,2.84,26,25.22
"2022-12-11 02:00:00",13.77,36.55,2.19,26.5,25.61
"2022-12-11 03:00:00",12.29,39.68,1.81,21.24,20.32
"2022-12-11 04:00:00",13.49,35,1.91,20.51,19.57
"2022-12-11 05:00:00",10.84,38.8,3,21.16,19.69
"2022-12-11 06:00:00",9.57,41.81,1.79,17.15,16
"2022-12-11 07:00:00",13.48,38.48,1.54,15.55,14.35
"2022-12-11 08:00:00",19.7,35.83,3.12,12.94,11.68
"2022-12-11 09:00:00",24.33,33.8,1.08,13.93,12.53
"2022-12-11 10:00:00",30.22,30.86,3.05,12.66,11.3
"2022-12-11 11:00:00",27.38,35.79,1.79,12.61,11.41
"2022-12-11 12:00:00",30.55,34.82,2.82,18.15,16.14
"2022-12-11 13:00:00",31.09,33.7,4.76,17.76,16.05
"2022-12-11 14:00:00",23.15,38.48,2.53,18.28,16.53
"2022-12-11 15:00:00",24.04,38.27,1.67,20.16,19.16
"2022-12-11 16:00:00",31.76,31.06,2.98,25.94,24.2
"2022-12-11 17:00:00",30.03,30.43,3.3,29.26,27.92
"2022-12-11 18:00:00",28.32,32.42,1.8,33.11,31.78
"2022-12-11 19:00:00",26.41,32.42,3.51,40.16,39
"2022-12-11 20:00:00",28.87,30.33,2.31,42.65,41.46
"2022-12-11 21:00:00",35.47,25.14,3,50.76,49.74
"2022-12-11 22:00:00",27.31,28.7,3.06,36.8,36.3
"2022-12-11 23:00:00",23.47,29.54,2.23,32.07,31.41
"2022-12-12 00:00:00",12.94,39.95,2.99,24.98,24.5
"2022-12-12 01:00:00",10.54,43.72,2.03,19.51,18.95
"2022-12-12 02:00:00",9.65,40.5,1.87,19.37,18.84
"2022-12-12 03:00:00",8.24,42.68,2.91,16.21,15.82
"2022-12-12 04:00:00",6.81,45.29,2.8,13.61,13.36
"2022-12-12 05:00:00",6.7,46.07,2.86,12.34,12.16
"2022-12-12 06:00:00",10.23,42.27,1.85,11.11,11.04
"2022-12-12 07:00:00",23.51,29.3,1.91,11.58,11.26
"2022-12-12 08:00:00",39.04,14.33,3.46,12.4,11.69
"2022-12-12 09:00:00",43.21,11.32,2.67,13.92,13.29
"2022-12-12 10:00:00",43.42,13.3,2.89,15.95,14.13
"2022-12-12 11:00:00",46.17,13.97,3.31,21.74,17.42
"2022-12-12 12:00:00",47.6,13.3,3.98,24.79,22.92
"2022-12-12 13:00:00",47.61,14.89,3.28,30.82,29.55
"2022-12-12 14:00:00",53.18,12.77,4.39,40.59,37.48
"2022-12-12 15:00:00",58.8,12.41,7.4,52.66,49.62
"2022-12-12 16:00:00",65.26,12.75,7.98,75.88,69.65
"2022-12-12 17:00:00",59.47,11.9,8.49,57.73,53.43
"2022-12-12 18:00:00",58.96,13.57,7.43,80.27,77.94
"2022-12-12 19:00:00",73.23,16.55,10.29,133.59,130.99
"2022-12-12 20:00:00",59.38,14.57,7.25,111.92,110.27
"2022-12-12 21:00:00",57.88,15.53,6.48,94.67,93.3
"2022-12-12 22:00:00",59.14,14.68,5.71,71.22,70.05
"2022-12-12 23:00:00",57.79,15.32,5.45,66.59,65.51
"2022-12-13 00:00:00",57.73,16,7.32,69.52,68.91
"2022-12-13 01:00:00",53.45,14.58,5.54,68.56,67.76
"2022-12-13 02:00:00",49.03,13.81,7.48,57.76,56.75
"2022-12-13 03:00:00",43.05,13.88,5.67,49.89,47.47
"2022-12-13 04:00:00",40.19,13.53,5.91,50.1,46.27
"2022-12-13 05:00:00",35.58,13.58,5.1,45.46,40.84
"2022-12-13 06:00:00",33.47,13.74,6.51,36.29,33.73
"2022-12-13 07:00:00",34.3,13.68,5.33,38.31,35.24
"2022-12-13 08:00:00",40.64,15.07,6.4,35.72,33.72
"2022-12-13 09:00:00",51.83,18.14,5.19,13.45,11.09
"2022-12-13 10:00:00",45.83,27.81,3.33,19.85,16.07
"2022-12-13 11:00:00",26.27,42.19,3.84,16.03,10.81
"2022-12-13 12:00:00",30.53,45.2,4.21,35.07,12.27
"2022-12-13 13:00:00",26.78,48.52,4.56,26.02,11.01
"2022-12-13 14:00:00",34.33,39.26,4.55,18.2,11.76
"2022-12-13 15:00:00",39.12,33.93,4.11,24.18,10.79
"2022-12-13 16:00:00",51.06,25.38,4.78,23.85,13.44
"2022-12-13 17:00:00",43.69,33.27,4.89,20.26,15.54
"2022-12-13 18:00:00",46.15,31.17,4.21,23.73,19.22
"2022-12-13 19:00:00",44.97,30.21,4.31,18.59,14.61
"2022-12-13 20:00:00",51.72,22.83,5.26,49.54,46.13
"2022-12-13 21:00:00",52.74,16.98,5.42,67.95,64.3
"2022-12-13 22:00:00",29.84,38.43,4.35,22.69,18.55
"2022-12-13 23:00:00",16.9,50.02,3.76,16.5,12.07
"2022-12-14 00:00:00",21.86,46.93,3.96,16.8,11.31
"2022-12-14 01:00:00",23.9,47.31,3.94,15.69,10.13
"2022-12-14 02:00:00",9.62,61.04,3.68,15.74,11.63
"2022-12-14 03:00:00",6.49,64.7,3.5,13.86,8.78
"2022-12-14 04:00:00",5.78,66.54,3.42,10.47,6.1
"2022-12-14 05:00:00",5.88,66.48,3.53,7.32,4.02
"2022-12-14 06:00:00",17.09,52.52,3.43,7.15,3.64
"2022-12-14 07:00:00",30.77,42.85,3.15,10.11,4.17
"2022-12-14 08:00:00",31.42,42.65,3.31,12.97,4.77
"2022-12-14 09:00:00",51.51,28.38,4.48,22.01,7.58
"2022-12-14 10:00:00",47.08,30.19,4.31,30.82,9.13
"2022-12-14 11:00:00",43.26,27.98,3.91,22.84,8.61
"2022-12-14 12:00:00",48.1,33.79,4.36,25.2,8.96
"2022-12-14 13:00:00",42.72,46.57,4.09,27.16,9.17
"2022-12-14 14:00:00",25.85,63.86,4.7,22.08,8.74
"2022-12-14 15:00:00",35.5,54.51,4.41,24.55,8.76
"2022-12-14 16:00:00",36.72,45.97,3.43,23.67,11.33
"2022-12-14 17:00:00",38.17,40.94,3.29,24.69,15.55
"2022-12-14 18:00:00",40.76,40.73,3.74,30,21.84
"2022-12-14 19:00:00",48.86,32.42,3.68,41.2,33.93
"2022-12-14 20:00:00",53.71,25.73,3.77,42.54,36.75
"2022-12-14 21:00:00",82.87,21.56,6.11,71.5,66.38
"2022-12-14 22:00:00",88.29,21.01,6.52,59.38,54.09
"2022-12-14 23:00:00",69.25,20.23,5.22,54.22,48.86
"2022-12-15 00:00:00",48.12,21.31,4.4,42.92,38.01
"2022-12-15 01:00:00",33.07,29.94,3.75,28.89,24.92
"2022-12-15 02:00:00",19.8,40.26,3.63,23.03,19.38
"2022-12-15 03:00:00",15.85,46.33,4.27,16.12,13.87
"2022-12-15 04:00:00",13.64,49.68,3.09,16.05,13.07
"2022-12-15 05:00:00",11.92,51.17,3.04,15.2,12.2
"2022-12-15 06:00:00",11.7,53.72,2.44,12.98,9.96
"2022-12-15 07:00:00",21.88,43.7,2.43,11.38,9.03
"2022-12-15 08:00:00",41.89,29.43,2.94,12.61,9.12
"2022-12-15 09:00:00",59.55,19.17,3.44,16.03,10.76
"2022-12-15 10:00:00",55.21,21.36,3.98,18.71,10.32
"2022-12-15 11:00:00",42.65,30.08,3.62,17.49,10.79
"2022-12-15 12:00:00",33.21,39.59,2.93,18.34,11.55
"2022-12-15 13:00:00",35.52,36.87,2.95,20.32,12.7
"2022-12-15 14:00:00",39.07,33.34,3.9,21.48,14.06
"2022-12-15 15:00:00",45.05,27.97,3.82,22.71,15.83
"2022-12-15 16:00:00",49.81,23.18,3.3,27.34,20.3
"2022-12-15 17:00:00",57.03,19.29,4.17,45.04,30.44
"2022-12-15 18:00:00",60.05,20.3,5.23,49.47,41.94
"2022-12-15 19:00:00",55.78,20.22,2.71,41.15,35.6
"2022-12-15 20:00:00",56.04,21.64,3.78,68.16,61.76
"2022-12-15 21:00:00",57.65,22.37,5.61,76.53,61.31
"2022-12-15 22:00:00",45.9,24.95,3.03,72.02,44.88
"2022-12-15 23:00:00",41.19,26.55,2.85,65.66,45.91
"2022-12-16 00:00:00",34.56,28.85,2.01,44.55,33.92
"2022-12-16 01:00:00",28.18,32.63,3.92,40.55,25.76
"2022-12-16 02:00:00",29.67,28.36,3.07,31.97,25.44
"2022-12-16 03:00:00",22.64,35.17,1.7,18.03,16.19
"2022-12-16 04:00:00",17.82,36.95,3.94,16.96,15.37
"2022-12-16 05:00:00",16.79,39.14,2.84,14.9,13.29
"2022-12-16 06:00:00",22.2,35.88,2.88,12.73,10.94
"2022-12-16 07:00:00",40.27,21.72,2.85,12.42,10.32
"2022-12-16 08:00:00",53.99,19.95,5.55,14.96,11.2
"2022-12-16 09:00:00",57.63,19.07,7.19,18.07,13.38
"2022-12-16 10:00:00",67.01,19.46,8.65,44.29,25.91
"2022-12-16 11:00:00",73.64,20.17,9.49,56.84,34.58
"2022-12-16 12:00:00",37.58,52.04,4.44,25.7,17.08
"2022-12-16 13:00:00",19.56,69.86,3.4,24.62,8.29
"2022-12-16 14:00:00",11.34,74.35,2.8,11.08,5.11
"2022-12-16 15:00:00",16.71,71.1,4.69,13.89,6.42
"2022-12-16 16:00:00",16.38,73.56,3.05,8.8,5.72
"2022-12-16 17:00:00",23.89,66.78,2.98,13.07,8.75
"2022-12-16 18:00:00",18.01,73.43,2.73,12.9,9.7
"2022-12-16 19:00:00",19.05,72.98,3.9,12.33,10.07
"2022-12-16 20:00:00",13.66,74.96,3.01,12.88,11.44
"2022-12-16 21:00:00",15.5,73.94,1.88,14.55,13.34
"2022-12-16 22:00:00",9.6,78.74,1.85,11.86,10.38
"2022-12-16 23:00:00",8.34,77.75,3.98,10.2,8.55
"2022-12-17 00:00:00",6.58,80.46,3.42,7.95,6.64
"2022-12-17 01:00:00",5.2,82.11,2.42,7.07,5.55
"2022-12-17 02:00:00",4.55,84.48,1.51,6,4.89
"2022-12-17 03:00:00",2.87,87.25,2.26,4.44,3.76
"2022-12-17 04:00:00",3.01,86.41,2.31,3.2,2.81
"2022-12-17 05:00:00",2.32,88.64,2.09,3.11,2.59
"2022-12-17 06:00:00",2.65,88.12,1.4,3.51,2.71
"2022-12-17 07:00:00",4.44,84.65,1.89,3.88,2.87
"2022-12-17 08:00:00",10.15,78.6,2.46,4.38,3.23
"2022-12-17 09:00:00",39.5,44.64,3.22,54.34,9.97
"2022-12-17 10:00:00",38.83,47.96,3.73,38.39,8.95
"2022-12-17 11:00:00",13.33,76.02,2.61,3.92,2.75
"2022-12-17 12:00:00",26.09,60.47,2.16,5.5,3.57
"2022-12-17 13:00:00",27.03,62.46,2.94,10.78,7.26
"2022-12-17 14:00:00",29.08,58.97,3.06,14.02,12.59
"2022-12-17 15:00:00",21.46,64.77,4.21,7.94,6.56
"2022-12-17 16:00:00",36.6,50.91,2.69,15.04,13.4
"2022-12-17 17:00:00",53.22,24.4,3.61,28.65,26.92
"2022-12-17 18:00:00",61.34,22.32,5.27,64.11,61.87
"2022-12-17 19:00:00",67.64,25.66,7.98,151.61,146.08
"2022-12-17 20:00:00",71.13,27.06,7.25,160.61,155.74
"2022-12-17 21:00:00",56.89,29.67,3.17,44.22,41.52
"2022-12-17 22:00:00",48.14,36.3,3.22,52.06,49.41
"2022-12-17 23:00:00",39.24,39.45,3.15,36.5,34.12
"2022-12-18 00:00:00",50.4,26.04,3.41,64.19,61.61
"2022-12-18 01:00:00",41.03,34.41,2.86,29.6,27.4
"2022-12-18 02:00:00",21.44,53.52,2.87,18.43,15.05
"2022-12-18 03:00:00",17.5,57.94,2.92,13.92,9.81
"2022-12-18 04:00:00",7.2,70.3,3.49,15.9,8.5
"2022-12-18 05:00:00",6.22,64.87,2.13,22.81,14
"2022-12-18 06:00:00",4.95,70.14,2.08,22.79,14.19
"2022-12-18 07:00:00",4.22,75.47,1.99,17.97,11.92
"2022-12-18 08:00:00",4.5,80.65,2.33,12.52,8.51
"2022-12-18 09:00:00",5.48,74.13,2.24,17.03,11.6
"2022-12-18 10:00:00",5.1,72.15,2.63,11.87,8.67
"2022-12-18 11:00:00",7.09,66.87,2.23,8.18,6.2
"2022-12-18 12:00:00",10.74,58.26,2.18,9.36,7.35
"2022-12-18 13:00:00",13.79,51.91,2.42,7.6,5.93
"2022-12-18 14:00:00",19.34,44.9,3.43,7.16,5.54
"2022-12-18 15:00:00",17.59,47.44,3.45,7.18,5.78
"2022-12-18 16:00:00",16.6,51.19,2.96,10.91,8.66
"2022-12-18 17:00:00",22.08,45.26,2.89,12.38,10.74
"2022-12-18 18:00:00",22.43,49.83,3.27,21.45,20.03
"2022-12-18 19:00:00",22.03,50.64,2.66,22.58,20.4
"2022-12-18 20:00:00",13.95,61.14,3.51,14.5,13.23
"2022-12-18 21:00:00",17.12,57.58,2.31,17.61,15.57
"2022-12-18 22:00:00",13.19,59.17,2.48,15.56,13.32
"2022-12-18 23:00:00",14.95,54.68,2.77,10.5,8.42
"2022-12-19 00:00:00",11.75,57.4,2.43,9.24,6.58
"2022-12-19 01:00:00",8.72,64.71,2.64,7.82,5.61
"2022-12-19 02:00:00",2.35,80.42,2.79,2.11,1.43
"2022-12-19 03:00:00",1.91,80.58,2.67,1.53,0.85
"2022-12-19 04:00:00",1.49,82.77,2.78,1.71,1.07
"2022-12-19 05:00:00",1.23,85.87,2.52,2.95,1.97
"2022-12-19 06:00:00",2.69,83.03,2.2,2.87,1.83
"2022-12-19 07:00:00",5.58,76.49,2.45,1.87,0.93
"2022-12-19 08:00:00",5.89,80.51,2.63,1.8,1.12
"2022-12-19 09:00:00",10.8,75.97,2.17,3.34,2.05
"2022-12-19 10:00:00",9.34,75.9,2.43,3.75,2.56
"2022-12-19 11:00:00",8.72,76.85,2.01,3.35,1.83
"2022-12-19 12:00:00",14,69.67,2.67,3.06,1.2
"2022-12-19 13:00:00",9.65,80.9,2.68,2.38,1.18
"2022-12-19 14:00:00",7.77,79.8,2.29,3.58,2.11
"2022-12-19 15:00:00",14.39,71.26,2.23,5.45,2.41
"2022-12-19 16:00:00",12.41,71.12,2.44,5.12,3.06
"2022-12-19 17:00:00",19.7,61.74,2.71,5.57,3.43
"2022-12-19 18:00:00",18.24,67.5,2.58,9.04,6.79
"2022-12-19 19:00:00",15.87,73.58,2.56,11.29,7.12
"2022-12-19 20:00:00",15.06,73.86,2.81,21,12.47
"2022-12-19 21:00:00",10.9,76.82,2.61,21,12.05
"2022-12-19 22:00:00",9.09,78.61,2.45,20.74,11.95
"2022-12-19 23:00:00",7.03,81.32,2.82,18.66,10.67
"2022-12-20 00:00:00",4.12,83.94,2.65,18.91,9.76
"2022-12-20 01:00:00",3.4,84.9,2.5,19.88,9.91
"2022-12-20 02:00:00",2.95,83.91,2.42,20.45,10.56
"2022-12-20 03:00:00",1.21,85.33,2.46,21.5,11.1
"2022-12-20 04:00:00",1.13,83.89,2.69,19.07,10.59
"2022-12-20 05:00:00",1.11,81.66,2.34,17.12,9.76
"2022-12-20 06:00:00",1.56,79.1,2.06,13.46,7.73
"2022-12-20 07:00:00",4.07,77.18,2.23,11.79,6.88
"2022-12-20 08:00:00",15.78,68.92,2.49,36.95,8.59
"2022-12-20 09:00:00",13.76,69.01,2.24,15.03,6.87
"2022-12-20 10:00:00",8.87,76.36,2.04,17.48,7.73
"2022-12-20 11:00:00",9.79,78.26,2.54,36.04,9.91
"2022-12-20 12:00:00",12.65,78.42,2.45,129.72,21.35
"2022-12-20 13:00:00",7.1,79.44,1.08,153.93,27.15
"2022-12-20 14:00:00",7.95,79.83,4.02,21.87,9.58
"2022-12-20 15:00:00",11.3,77.79,3.19,23.9,8.87
"2022-12-20 16:00:00",11.65,75.15,2.51,23.56,9.59
"2022-12-20 17:00:00",12.56,72.85,2.29,19.42,9.73
"2022-12-20 18:00:00",14.64,73.12,2.37,24.81,11.87
"2022-12-20 19:00:00",11.71,75.15,1.94,24.14,12.55
"2022-12-20 20:00:00",10.25,77.43,2.69,24.16,12.99
"2022-12-20 21:00:00",9.21,80.3,2.6,22.57,12.34
"2022-12-20 22:00:00",7.43,82.16,2.16,24.29,12.85
"2022-12-20 23:00:00",5.91,83.9,2.22,21.03,11.34
"2022-12-21 00:00:00",3.59,80.99,2,18.94,10.62
"2022-12-21 01:00:00",2.36,84.92,2.44,9.11,5.53
"2022-12-21 02:00:00",1.18,89.19,1.79,5.56,3.42
"2022-12-21 03:00:00",0.86,90.13,1.67,5.05,2.9
"2022-12-21 04:00:00",0.51,91.35,2.75,7.7,4.3
"2022-12-21 05:00:00",0.58,93.62,2.25,10.38,5.51
"2022-12-21 06:00:00",0.96,92.48,1.53,10.71,5.91
"2022-12-21 07:00:00",6.71,88.75,2,12.01,6.66
"2022-12-21 08:00:00",8.39,86.35,1.6,20.2,8.4
"2022-12-21 09:00:00",6.74,87.41,2.4,18.55,8.66
"2022-12-21 10:00:00",7.35,84.75,2.06,15.07,8.04
"2022-12-21 11:00:00",7.96,83.41,2.88,17.1,8.47
"2022-12-21 12:00:00",8.62,80.08,2.46,16.99,8.46
"2022-12-21 13:00:00",8.77,78.36,2.05,14.53,6.87
"2022-12-21 14:00:00",9.43,75.42,2,14.75,7.46
"2022-12-21 15:00:00",8.7,76.3,2.91,15.38,7.78
"2022-12-21 16:00:00",9.09,74.43,2.5,15.3,8.19
"2022-12-21 17:00:00",13.95,68.92,2.63,16.24,9.41
"2022-12-21 18:00:00",10.59,72.91,2.93,20.67,13.66
"2022-12-21 19:00:00",14.56,70.98,2.64,18.43,11.34
"2022-12-21 20:00:00",12.76,72.08,2.6,20.61,13.79
"2022-12-21 21:00:00",12.84,70.14,2.58,21.72,13.99
"2022-12-21 22:00:00",10.33,70.41,2.56,19.1,11.94
"2022-12-21 23:00:00",8.17,71.3,2.51,19.25,11.29
"2022-12-22 00:00:00",6.11,71.1,2.48,15.74,8.3
"2022-12-22 01:00:00",4.58,72.78,2.37,12.88,7.03
"2022-12-22 02:00:00",6,66.92,2.37,11.26,5.84
"2022-12-22 03:00:00",3.86,72.23,2.6,8.22,4.38
"2022-12-22 04:00:00",4.39,67.48,2.47,4.26,3
"2022-12-22 05:00:00",9.39,63.69,2.25,2.66,1.99
"2022-12-22 06:00:00",16.96,41.9,2.42,2.68,2.35
"2022-12-22 07:00:00",25.71,42.16,2.44,5.85,4.37
"2022-12-22 08:00:00",50.84,27.92,2.32,8.85,5.59
"2022-12-22 09:00:00",59.56,19.6,2.82,8.15,5.4
"2022-12-22 10:00:00",59.38,22.55,2.62,5.37,4.06
"2022-12-22 11:00:00",52.75,30.16,2.56,5.53,4.71
"2022-12-22 12:00:00",53.14,26.14,3.57,10.39,8.21
"2022-12-22 13:00:00",56,30.2,3.84,10.76,7.44
"2022-12-22 14:00:00",37.43,38.98,3.21,7.52,5.95
"2022-12-22 15:00:00",33.82,34.62,2.49,8.68,7.16
"2022-12-22 16:00:00",35.9,34.88,2.42,10.66,8.86
"2022-12-22 17:00:00",47.56,22.71,3.09,15.12,12.83
"2022-12-22 18:00:00",54.45,19.69,3.38,28.1,25.42
"2022-12-22 19:00:00",57.04,16.99,4.2,56.93,53.88
"2022-12-22 20:00:00",56.98,16,4.19,49.95,47
"2022-12-22 21:00:00",46.06,17.48,4.08,47.95,46.2
"2022-12-22 22:00:00",43.23,17.34,3.83,44.03,42.76
"2022-12-22 23:00:00",40.94,17.37,3.7,37.73,37.18
"2022-12-23 00:00:00",41.04,17.38,3.5,32.37,31.96
"2022-12-23 01:00:00",40.95,17.73,3.32,33.53,33.02
"2022-12-23 02:00:00",43.63,16.47,4.75,36.44,34.61
"2022-12-23 03:00:00",40.14,15.97,3.81,26.07,23.18
"2022-12-23 04:00:00",34.75,24.89,3.62,14.65,13.24
"2022-12-23 05:00:00",13.46,49.29,2.76,5.19,3.74
"2022-12-23 06:00:00",6.99,69.75,2.71,4.24,2.74
"2022-12-23 07:00:00",6.42,80.48,2.3,4.3,2.36
"2022-12-23 08:00:00",11.11,76.09,3.33,4.57,2.24
"2022-12-23 09:00:00",11.81,70.88,1.42,6.24,3.03
"2022-12-23 10:00:00",14.81,63.23,2.41,5.62,2.86
"2022-12-23 11:00:00",43.96,53.87,3.49,5.07,3
"2022-12-23 12:00:00",19.77,56.34,2.86,6.47,3.26
"2022-12-23 13:00:00",24.06,48.9,3,4.9,3.2
"2022-12-23 14:00:00",12.65,66.37,2.92,3.92,2.83
"2022-12-23 15:00:00",13.8,67.03,2.98,11.12,6.8
"2022-12-23 16:00:00",11.44,71.98,2.46,15.98,9.4
"2022-12-23 17:00:00",12.61,70.05,2.6,17.9,10.65
"2022-12-23 18:00:00",17.06,62.2,2.58,18.08,11.86
"2022-12-23 19:00:00",15.63,64.26,2.67,20.95,13.91
"2022-12-23 20:00:00",10.62,72.08,2.47,19.4,13.53
"2022-12-23 21:00:00",8.76,72.82,2.46,16.19,11.43
"2022-12-23 22:00:00",7.66,72.08,2.45,15.3,11.71
"2022-12-23 23:00:00",5.99,74.11,2.77,11.18,8.57
"2022-12-24 00:00:00",12.72,77.14,2.1,5.5,4.42
"2022-12-24 01:00:00",2.86,83.98,2.37,6.66,3.84
"2022-12-24 02:00:00",2.34,77.76,2.14,7.99,4.27
"2022-12-24 03:00:00",1.63,77.22,2.09,7.21,3.88
"2022-12-24 04:00:00",1.27,78.46,2.17,9.95,5.34
"2022-12-24 05:00:00",1.13,80.68,1.27,16.06,8.54
"2022-12-24 06:00:00",1.7,81.76,2.18,17.61,9.08
"2022-12-24 07:00:00",7.09,69.9,2.42,15.92,8.15
"2022-12-24 08:00:00",12.05,65.47,2.03,16.57,8.15
"2022-12-24 09:00:00",12.82,66.72,2.5,12.49,6.9
"2022-12-24 10:00:00",16.13,67.88,2.44,9.16,5.9
"2022-12-24 11:00:00",17.27,61.24,2.76,10.53,6.16
"2022-12-24 12:00:00",16.59,60.02,2.4,14.05,8.74
"2022-12-24 13:00:00",23.9,50.86,2.07,15.41,9.68
"2022-12-24 14:00:00",12.23,69.76,1.94,8.6,5.93
"2022-12-24 15:00:00",24.91,51.5,1.49,7.91,6.85
"2022-12-24 16:00:00",44.46,34.72,2.53,12.36,10.69
"2022-12-24 17:00:00",9.44,76.93,2.62,5.69,5.03
"2022-12-24 18:00:00",8.53,81.68,2.53,4.54,4.09
"2022-12-24 19:00:00",9.33,78.1,2.5,8.36,7.52
"2022-12-24 20:00:00",7.59,82.41,2.54,8.4,6.43
"2022-12-24 21:00:00",9.8,81.35,2.28,15.07,11.27
"2022-12-24 22:00:00",10.44,77.47,2.22,12.28,9.27
"2022-12-24 23:00:00",14.64,64.92,2.5,16.74,12.45
"2022-12-25 00:00:00",11.65,64.48,1.67,18.74,13.55
"2022-12-25 01:00:00",2.38,85.26,0.79,14.44,9.2
"2022-12-25 02:00:00",1.98,86.1,2.63,14.6,8.17
"2022-12-25 03:00:00",1.66,85.01,2.53,13.07,7.26
"2022-12-25 04:00:00",0.9,85.59,2.31,10.97,5.85
"2022-12-25 05:00:00",1.46,81.44,2.45,11.9,6.36
"2022-12-25 06:00:00",1.39,81.39,2.54,12.19,6.55
"2022-12-25 07:00:00",2.64,79.62,2.37,12.38,6.45
"2022-12-25 08:00:00",3.63,79.13,2.03,13.09,6.7
"2022-12-25 09:00:00",3.31,80.98,2.63,13.19,7.28
"2022-12-25 10:00:00",3.29,82.16,2.38,12.17,6.94
"2022-12-25 11:00:00",5.69,79.06,2.5,8.59,5.55
"2022-12-25 12:00:00",6.53,75.19,2.27,8.8,6.42
"2022-12-25 13:00:00",8.26,76.73,1.67,11.82,8.67
"2022-12-25 14:00:00",6.49,75.51,2.44,12.15,8.75
"2022-12-25 15:00:00",6.38,76.89,2.66,16.59,12.9
"2022-12-25 16:00:00",7.48,73.92,2.08,15.58,11.81
"2022-12-25 17:00:00",11.16,69.09,2.17,20.51,16.62
"2022-12-25 18:00:00",10.16,68.57,2.8,17.63,14.58
"2022-12-25 19:00:00",10.77,67.84,2.27,15.21,13.03
"2022-12-25 20:00:00",6.09,69.38,1.68,5.91,4.69
"2022-12-25 21:00:00",7.71,73.27,1.85,8.45,6.86
"2022-12-25 22:00:00",10.09,69.49,2.58,10.87,10.17
"2022-12-25 23:00:00",4.68,75.1,1.52,8.93,6.61
"2022-12-26 00:00:00",5.13,67.81,2.14,8.35,6.13
"2022-12-26 01:00:00",4.69,63.39,2.36,8.23,5.66
"2022-12-26 02:00:00",3.26,64.75,2.29,8.36,5.47
"2022-12-26 03:00:00",3.08,67.41,2.01,6.95,4.6
"2022-12-26 04:00:00",4.55,70.74,2.46,5.7,3.44
"2022-12-26 05:00:00",6.01,72.23,2.36,5.14,2.75
"2022-12-26 06:00:00",4.69,74.3,1.9,4.72,2.36
"2022-12-26 07:00:00",4.84,73.35,2.22,4.66,2.34
"2022-12-26 08:00:00",4.16,72.52,2.13,3.95,2
"2022-12-26 09:00:00",3.42,70.22,1.96,3.7,2.03
"2022-12-26 10:00:00",6.74,74.7,2.27,4.81,2.8
"2022-12-26 11:00:00",5.04,78.56,2.1,4.97,3.05
"2022-12-26 12:00:00",4,78,2.24,4.9,3.17
"2022-12-26 13:00:00",7.15,78.38,2.73,3.81,2.71
"2022-12-26 14:00:00",5.77,76.08,2.15,4.86,3.71
"2022-12-26 15:00:00",5.6,75.29,2.7,5.5,4.06
"2022-12-26 16:00:00",7.81,75.33,2.16,6.87,5.17
"2022-12-26 17:00:00",10.88,71.21,2.14,10.96,9.35
"2022-12-26 18:00:00",13.29,69.81,2.76,10.62,9.25
"2022-12-26 19:00:00",11.37,71.64,2.38,10.05,8.29
"2022-12-26 20:00:00",11.89,67.31,3.03,12.37,10.61
"2022-12-26 21:00:00",13.25,62.27,1.92,16.4,14.09
"2022-12-26 22:00:00",9.51,64.64,2.4,11.42,9.78
"2022-12-26 23:00:00",5.91,71.45,2.73,9.57,7.65
"2022-12-27 00:00:00",4.27,75.54,2.42,7.73,5.69
"2022-12-27 01:00:00",6.05,71.33,2.33,7.26,4.9
"2022-12-27 02:00:00",4.7,74.69,2.1,7.94,4.63
"2022-12-27 03:00:00",3.18,80.2,2.54,6.83,3.16
"2022-12-27 04:00:00",3.12,82.48,2.47,4.11,1.9
"2022-12-27 05:00:00",2.76,84.67,2.47,3.88,1.96
"2022-12-27 06:00:00",5.16,77.65,2.62,3.6,2.04
"2022-12-27 07:00:00",7.92,72.1,2.23,4.59,2.95
"2022-12-27 08:00:00",2.74,87.44,2.3,2.78,1.63
"2022-12-27 09:00:00",3.02,84.64,2.93,0.95,0.58
"2022-12-27 10:00:00",2.55,84.19,1.6,0.37,0.27
"2022-12-27 11:00:00",3.22,83,2.61,0.55,0.38
"2022-12-27 12:00:00",3.69,81.17,2,0.67,0.56
"2022-12-27 13:00:00",3.89,78.59,2.03,0.95,0.66
"2022-12-27 14:00:00",4.8,76.26,2.02,1.08,0.91
"2022-12-27 15:00:00",6.67,75.2,2.16,3.15,2.74
"2022-12-27 16:00:00",10.06,85.72,1.9,7.93,6.11
"2022-12-27 17:00:00",13.55,75.88,2.14,13.79,10.34
"2022-12-27 18:00:00",11.55,78.39,2.35,15.15,10.39
"2022-12-27 19:00:00",13.23,74.68,1.24,14.84,11.59
"2022-12-27 20:00:00",10.68,75.75,2.33,17.53,12.31
"2022-12-27 21:00:00",9.54,74.46,2.45,18.34,11.85
"2022-12-27 22:00:00",6.82,74.36,2.44,17.36,11.28
"2022-12-27 23:00:00",4.96,73.49,2.31,16.82,10.32
"2022-12-28 00:00:00",3.91,72.84,2.6,16.9,9.81
"2022-12-28 01:00:00",2.42,74.1,2.34,14.6,8.54
"2022-12-28 02:00:00",2.1,75.09,2.16,15.68,8.38
"2022-12-28 03:00:00",3.37,74.85,2.3,16.93,8.43
"2022-12-28 04:00:00",4.42,78.85,2.41,16.97,8.53
"2022-12-28 05:00:00",4.25,78.3,2.57,14.99,7.86
"2022-12-28 06:00:00",6.02,72.67,2.36,12.47,6.7
"2022-12-28 07:00:00",6.91,70.48,2.49,9.95,5.82
"2022-12-28 08:00:00",7.04,77.29,2.53,4.3,3.01
"2022-12-28 09:00:00",11.8,73.34,3.16,1.49,1.06
"2022-12-28 10:00:00",13.75,71.34,2.41,1.63,1.08
"2022-12-28 11:00:00",11.47,67.95,3.19,1.46,1.1
"2022-12-28 12:00:00",14.14,63.67,2.64,1.92,1.35
"2022-12-28 13:00:00",4.87,77.41,2.73,2.25,1.57
"2022-12-28 14:00:00",7.09,79.01,2.81,8.49,5.05
"2022-12-28 15:00:00",9.15,77.11,1.82,10.16,6.24
"2022-12-28 16:00:00",6.78,78.24,2.33,8.37,6.32
"2022-12-28 17:00:00",10.01,75.2,2.81,5.58,4.18
"2022-12-28 18:00:00",5.64,79.86,2.95,4.93,3.88
"2022-12-28 19:00:00",3.91,82.5,2.58,8.1,6.21
"2022-12-28 20:00:00",5.19,78.03,2.48,7.09,5.92
"2022-12-28 21:00:00",7.4,72.2,1.67,5.88,5.58
"2022-12-28 22:00:00",9.9,71.35,2.49,6.59,6.12
"2022-12-28 23:00:00",8.95,70.66,2.87,5.37,4.97
"2022-12-29 00:00:00",5.97,73.11,2.92,4.88,3.71
"2022-12-29 01:00:00",2.92,77.28,2.61,4.53,2.82
"2022-12-29 02:00:00",2.2,77.86,2.69,3.97,2.35
"2022-12-29 03:00:00",1.7,78.3,2.75,5.35,2.66
"2022-12-29 04:00:00",2.67,76.83,1.81,4.06,2.23
"2022-12-29 05:00:00",2.68,78.99,1.85,5.11,2.72
"2022-12-29 06:00:00",2.43,78.48,2.54,6.69,3.55
"2022-12-29 07:00:00",1.93,78.02,2.45,7.33,4.19
"2022-12-29 08:00:00",2.87,76.48,2.61,7.36,4.16
"2022-12-29 09:00:00",2.57,77.18,2.82,5.89,3.49
"2022-12-29 10:00:00",5.62,74.53,3.21,4.52,2.82
"2022-12-29 11:00:00",2.96,75.43,3.23,4.83,3.11
"2022-12-29 12:00:00",6.26,74.07,2.25,3.76,2.53
"2022-12-29 13:00:00",5.65,74.36,2.1,3.73,2.57
"2022-12-29 14:00:00",6.22,76.3,2.73,4.87,3.38
"2022-12-29 15:00:00",7.06,78.43,2.53,4.15,2.88
"2022-12-29 16:00:00",8.97,72.43,2.36,6.4,4.7
"2022-12-29 17:00:00",12.32,65.8,3.1,8.82,6.96
"2022-12-29 18:00:00",9.62,66.24,2.66,7.92,6.42
"2022-12-29 19:00:00",11.86,65.22,2.8,11.95,9.56
"2022-12-29 20:00:00",16.18,60.6,2.73,18.11,13.77
"2022-12-29 21:00:00",14.31,61.61,3.28,22.01,17.05
"2022-12-29 22:00:00",12.78,60.58,2.68,15.53,11.41
"2022-12-29 23:00:00",8.53,64.53,2.8,10.68,8.34
"2022-12-30 00:00:00",2.98,77.6,3.98,2.73,2.2
"2022-12-30 01:00:00",1.51,83.4,3,1.74,1.2
"2022-12-30 02:00:00",1.35,85.11,2.01,0.84,0.58
"2022-12-30 03:00:00",1.09,86.73,2.29,0.52,0.35
"2022-12-30 04:00:00",0.65,86.54,2.06,0.56,0.35
"2022-12-30 05:00:00",0.61,87.65,2.75,0.34,0.23
"2022-12-30 06:00:00",1.22,89.6,2.84,0.62,0.36
"2022-12-30 07:00:00",2.71,90.05,2.9,0.65,0.43
"2022-12-30 08:00:00",3.59,88.97,2.42,0.61,0.36
"2022-12-30 09:00:00",2.76,89.54,2.8,0.33,0.2
"2022-12-30 10:00:00",4.48,87.7,2.81,0.87,0.42
"2022-12-30 11:00:00",6.71,87.54,1.99,2.18,1.37
"2022-12-30 12:00:00",5.92,90.17,2.51,6.35,3.61
"2022-12-30 13:00:00",4.44,86.31,2.66,6.82,4.07
"2022-12-30 14:00:00",6.83,81.15,2.89,6.65,4.01
"2022-12-30 15:00:00",5.58,78.44,2.73,5.5,3.54
"2022-12-30 16:00:00",4.81,78.05,2.88,5.93,4
"2022-12-30 17:00:00",7.85,72.93,2.91,9.75,7
"2022-12-30 18:00:00",7.33,72.79,2.71,11.27,8.2
"2022-12-30 19:00:00",9.73,71.16,2.39,12.93,9.47
"2022-12-30 20:00:00",10.32,62.05,2.05,13.04,10.06
"2022-12-30 21:00:00",14.82,59.18,2.51,14.21,10.79
"2022-12-30 22:00:00",7.2,67.42,2.62,12.27,9.02
"2022-12-30 23:00:00",4.88,71.12,2.58,11.01,7.35
"2022-12-31 00:00:00",7.1,65.08,2.42,10.78,7.27
"2022-12-31 01:00:00",13.04,53.21,2.79,13.06,8.88
"2022-12-31 02:00:00",15.27,37.26,3.13,11.5,8.23
"2022-12-31 03:00:00",19.77,32.85,2.4,9.67,7.09
"2022-12-31 04:00:00",31.75,21.2,2.94,9.47,7.27
"2022-12-31 05:00:00",23,22.86,2.54,7.86,6.39
"2022-12-31 06:00:00",22.74,17.71,2.28,6.61,5.36
"2022-12-31 07:00:00",20.71,22.88,2.47,6.32,4.91
"2022-12-31 08:00:00",27.05,29,2.79,3.63,2.48
"2022-12-31 09:00:00",43.08,22.28,2.82,3.79,2.51
"2022-12-31 10:00:00",49.92,13.6,3.07,11.89,7.32
"2022-12-31 11:00:00",30.94,38.73,2.73,5.65,3.66
"2022-12-31 12:00:00",18.53,56.96,2.61,5.67,2.96
"2022-12-31 13:00:00",18.92,55.94,2.86,7.65,5.86
"2022-12-31 14:00:00",18.48,58.91,2.92,12.37,7.19
"2022-12-31 15:00:00",8.09,72.9,2.83,13.7,8.12
"2022-12-31 16:00:00",9.56,68,2.89,14.78,9.15
"2022-12-31 17:00:00",16.41,51.38,2.67,15.46,10.68
"2022-12-31 18:00:00",25.66,35.71,2.4,20.63,16.51
"2022-12-31 19:00:00",41.57,16.89,3.08,34.28,31.14
"2022-12-31 20:00:00",37.4,21.24,2.81,35.22,31.25
"2022-12-31 21:00:00",40.76,14.14,3.11,47.93,44.47
"2022-12-31 22:00:00",42.32,10.86,3.23,58.65,54.67
"2022-12-31 23:00:00",35.95,15.31,3.05,45.92,43.04
"2023-01-01 00:00:00",5.25,72.81,2.68,10.13,9.41
"2023-01-01 01:00:00",2.56,82.95,2.76,2.19,1.91
"2023-01-01 02:00:00",4.99,80.4,2.29,2.19,1.9
"2023-01-01 03:00:00",5.79,77.79,2.12,1.61,1.4
"2023-01-01 04:00:00",4,82.81,2.73,2.06,1.41
"2023-01-01 05:00:00",2.24,83.86,2.59,3.24,1.64
"2023-01-01 06:00:00",2.22,85.3,2.71,3.86,1.95
"2023-01-01 07:00:00",4.12,82.65,2.78,4.57,2.15
"2023-01-01 08:00:00",8.43,76.79,2.67,2.9,1.4
"2023-01-01 09:00:00",12.96,69.44,2.69,3.24,1.78
"2023-01-01 10:00:00",5.29,86.56,2.25,2.34,1.41
"2023-01-01 11:00:00",5.34,86.4,1.56,1.62,1.14
"2023-01-01 12:00:00",5.21,77.23,2.6,2.29,1.44
"2023-01-01 13:00:00",4.41,82.24,2.32,1.64,1.33
"2023-01-01 14:00:00",6.13,76.73,2.28,3.35,2.98
"2023-01-01 15:00:00",10.58,70.76,2.36,5.98,5.24
"2023-01-01 16:00:00",13.26,65.04,2.75,6.87,6.38
"2023-01-01 17:00:00",18.71,55.96,2.18,12.14,11.46
"2023-01-01 18:00:00",29.59,40.87,2.38,18.27,17.71
"2023-01-01 19:00:00",26.71,39.12,2.46,28.61,27.48
"2023-01-01 20:00:00",19.67,37.5,2.8,23.5,22.59
"2023-01-01 21:00:00",21.22,30.68,2.78,24.98,24.25
"2023-01-01 22:00:00",20.02,31.9,2.65,25.51,24.71
"2023-01-01 23:00:00",15.74,43.27,2.52,15.96,15.16