"Date and Time","NO<sub>2</sub>","O<sub>3</sub>","SO<sub>2</sub>","PM<sub>10</sub>","PM<sub>2.5</sub>"
"2023-07-04 01:00:00",1.46,45.25,1.08,5.33,3.22
"2023-07-04 02:00:00",1.63,46.64,1.26,4.58,2.98
"2023-07-04 03:00:00",1.86,44.44,1.07,4.68,3.06
"2023-07-04 04:00:00",1.02,43.53,0.57,4.76,3.16
"2023-07-04 05:00:00",1.79,42.99,-0.79,5.37,3.28
"2023-07-04 06:00:00",4.62,39.65,1.02,5.02,3.16
"2023-07-04 07:00:00",7.57,41.48,0.88,5.2,3.35
"2023-07-04 08:00:00",9.26,41.11,0.95,6.45,3.59
"2023-07-04 09:00:00",11.88,39.52,1.19,6.82,3.77
"2023-07-04 10:00:00",18.6,40.63,1.22,6.61,3.87
"2023-07-04 11:00:00",11.5,43.44,1.2,6.61,4.11
"2023-07-04 12:00:00",5.92,47.18,0.52,5.75,3.48
"2023-07-04 13:00:00",14.74,45.56,-0.31,6.63,3.66
"2023-07-04 14:00:00",14.46,47.03,1.27,6.18,3.25
"2023-07-04 15:00:00",16.36,49.43,1.23,6.63,3.7
"2023-07-04 16:00:00",14.47,52.34,1.62,4.53,2.62
"2023-07-04 17:00:00",14.74,50.67,0.9,3.99,2.13
"2023-07-04 18:00:00",5.94,50.37,0.65,3.01,1.73
"2023-07-04 19:00:00",9.19,41.08,1.52,2.95,1.93
"2023-07-04 20:00:00",11.48,39.11,1.2,2.6,1.97
"2023-07-04 21:00:00",7.9,41.09,1.1,2.64,2.06
"2023-07-04 22:00:00",4.97,40.63,0.82,3.03,2.27
"2023-07-04 23:00:00",6.14,38.59,0.35,3.02,2.35
"2023-07-05 00:00:00",3.59,37.47,0.56,3.24,2.13
"2023-07-05 01:00:00",2.75,41.49,0.84,3.12,2.05
"2023-07-05 02:00:00",2.71,36.35,1.01,3.82,2.38
"2023-07-05 03:00:00",2.41,38.65,0.9,3.94,2.56
"2023-07-05 04:00:00",3.22,39.07,0.82,3.77,2.48
"2023-07-05 05:00:00",4.7,40.81,0.87,4.03,2.51
"2023-07-05 06:00:00",7.51,38.24,0.9,4.33,2.32
"2023-07-05 07:00:00",17.74,38,0.91,5.24,2.7
"2023-07-05 08:00:00",12.25,39.5,1.35,5.59,2.7
"2023-07-05 09:00:00",15.37,41.19,1.33,5.07,2.81
"2023-07-05 10:00:00",11.25,43.79,1.17,3.89,2.2
"2023-07-05 11:00:00",26.23,35.84,1.63,3.74,2.17
"2023-07-05 12:00:00",13.41,45.8,0.82,5.72,2.19
"2023-07-05 13:00:00",10.65,48.38,1.23,3.94,1.77
"2023-07-05 14:00:00",15.02,46.03,1.27,2.92,1.72
"2023-07-05 15:00:00",10.6,47.05,1.1,2.79,1.42
"2023-07-05 16:00:00",12.83,47.37,1.03,3.55,1.66
"2023-07-05 17:00:00",10.45,46.28,1.27,4.55,1.69
"2023-07-05 18:00:00",4.94,53.71,1.35,3.84,2.01
"2023-07-05 19:00:00",3.23,54.87,1.14,4.33,1.99
"2023-07-05 20:00:00",4.16,53.04,1.29,4,2.49
"2023-07-05 21:00:00",7.03,53.8,1.28,3.57,2.07
"2023-07-05 22:00:00",7.08,47.18,0.97,3.78,2.3
"2023-07-05 23:00:00",5.93,45.74,0.84,3.58,2.33
"2023-07-06 00:00:00",1.75,55.24,1.23,3.23,2.14
"2023-07-06 01:00:00",1.2,56.9,0.96,2.28,1.58
"2023-07-06 02:00:00",0.8,57.79,1.13,2.39,1.78
"2023-07-06 03:00:00",1.13,56.42,1.05,3.42,2.34
"2023-07-06 04:00:00",1.09,52.64,1.03,3.57,2.44
"2023-07-06 05:00:00",2.05,52.8,0.98,4.25,2.81
"2023-07-06 06:00:00",5.38,48.35,1.36,4.39,3.07
"2023-07-06 07:00:00",17.31,41.39,1.23,5.1,3.69
"2023-07-06 08:00:00",9.36,51.72,1.04,5.14,3.48
"2023-07-06 09:00:00",7.98,54.57,1.26,6.6,3.67
"2023-07-06 10:00:00",11.54,52.95,1.54,6.42,4.27
"2023-07-06 11:00:00",10.1,57.65,1.07,14.95,5.93
"2023-07-06 12:00:00",7.17,59.43,1.03,7.88,4.6
"2023-07-06 13:00:00",12.48,54.79,1.36,8.54,5
"2023-07-06 14:00:00",10.42,54.15,1.06,7.33,4.97
"2023-07-06 15:00:00",6.98,56.05,1.19,7.22,4.34
"2023-07-06 16:00:00",5.5,55.07,0.82,3.82,1.95
"2023-07-06 17:00:00",6.17,49.58,1.3,2.78,1.93
"2023-07-06 18:00:00",9.41,42.13,0.71,2.99,2.57
"2023-07-06 19:00:00",6.29,39.81,0,5.29,4.4
"2023-07-06 20:00:00",5.63,36.67,0.95,6.92,5.88
"2023-07-06 21:00:00",4.35,36.17,1.48,4.41,3.84
"2023-07-06 22:00:00",2.71,38.35,1.3,1.31,0.92
"2023-07-06 23:00:00",2.23,37.43,1.11,1.6,1.25
"2023-07-07 00:00:00",1.79,37.29,0.98,2.88,2.19
"2023-07-07 01:00:00",1.68,36.94,1.38,2.41,1.98
"2023-07-07 02:00:00",0.96,35.62,1.16,0.84,0.59
"2023-07-07 03:00:00",0.84,37,1.11,0.92,0.66
"2023-07-07 04:00:00",1.35,33.97,1.27,0.69,0.52
"2023-07-07 05:00:00",1.54,34.8,1.17,1,0.79
"2023-07-07 06:00:00",7.97,25.06,1.11,1.02,0.74
"2023-07-07 07:00:00",20.75,30.01,1.5,4.44,3.31
"2023-07-07 08:00:00",15.57,29.25,1.41,10.92,6.58
"2023-07-07 09:00:00",12.89,33.13,1.1,12.11,9.35
"2023-07-07 10:00:00",10.71,32.07,-1.26,16.75,8.68
"2023-07-07 11:00:00",6.22,34.06,1.11,24.72,6.97
"2023-07-07 12:00:00",9.51,35.83,1.24,13.3,5.14
"2023-07-07 13:00:00",10.74,38.55,0.93,11.87,5.19
"2023-07-07 14:00:00",11.02,37.26,1.28,7.21,5.21
"2023-07-07 15:00:00",12.39,38.89,1.3,7.9,5.28
"2023-07-07 16:00:00",5.85,50.47,1.56,8.57,5.78
"2023-07-07 16:01:00",,,,,
"2023-07-07 17:01:00",,,,,
"2023-07-09 08:00:00",2.24,52.36,1.33,9.28,6.1
"2023-07-09 09:00:00",4.32,54.13,1.07,10.51,7.14
"2023-07-09 10:00:00",5.91,56.77,1.03,4.15,3.25
"2023-07-09 11:00:00",6.5,50.9,1.19,4.84,3.78
"2023-07-09 12:00:00",5.03,53.93,0.97,4.54,3.41
"2023-07-09 13:00:00",5.08,52.98,0.63,6.32,4.95
"2023-07-09 14:00:00",4.55,60.13,0.91,3.52,2.26
"2023-07-09 15:00:00",3.83,61.67,1.04,3.27,2.13
"2023-07-09 16:00:00",4.88,61.96,1.14,3.49,2.04
"2023-07-09 17:00:00",3.19,62.14,0.81,2.58,1.68
"2023-07-09 18:00:00",2.47,60.41,0.82,2.9,1.96
"2023-07-09 19:00:00",2.74,61.27,0.78,5.05,3.92
"2023-07-09 20:00:00",3.29,59.1,0.95,3.74,2.57
"2023-07-09 21:00:00",4.27,59.63,0.68,2.71,1.96
"2023-07-09 22:00:00",7.49,58.24,0.88,1.98,1.5
"2023-07-09 23:00:00",7.19,53.48,1.15,4.04,2.58
"2023-07-10 00:00:00",1.61,62.34,1.16,4.02,2.78
"2023-07-10 01:00:00",1.99,56.63,1.02,4.41,3.13
"2023-07-10 02:00:00",3.72,53.68,0.8,4.81,3.27
"2023-07-10 03:00:00",2.37,53.02,1.09,5.02,3.4
"2023-07-10 04:00:00",2.65,50.26,0.72,4.87,3.63
"2023-07-10 05:00:00",4.93,42.88,0.76,4.81,3.68
"2023-07-10 06:00:00",6.29,43.86,1.25,4.27,3.24
"2023-07-10 07:00:00",23.98,28.16,1.66,5.36,3.81
"2023-07-10 08:00:00",19.98,34.9,1.23,8.57,5.4
"2023-07-10 09:00:00",24.99,34.56,1.43,7.22,4.78
"2023-07-10 10:00:00",28.18,29.71,1.13,7.57,4.5
"2023-07-10 11:00:00",21.97,38.41,1.36,9.19,5.76
"2023-07-10 12:00:00",22.61,34.76,1.49,10.83,6.61
"2023-07-10 13:00:00",16.29,42.53,1.27,6.85,4.41
"2023-07-10 14:00:00",19.7,45.46,0.84,5.86,4.56
"2023-07-10 15:00:00",29.68,37.58,0.94,6.87,5.75
"2023-07-10 16:00:00",17.77,44.44,1.22,6.39,5.21
"2023-07-10 17:00:00",16.98,35.99,1.43,3.44,2.64
"2023-07-10 18:00:00",12.23,39.95,1.33,2.71,1.32
"2023-07-10 19:00:00",7.04,46.92,0.94,2.41,0.97
"2023-07-10 20:00:00",9.31,37.7,1.19,2.83,1.99
"2023-07-10 21:00:00",9.73,29.69,0.07,3.83,2.77
"2023-07-10 22:00:00",4.41,43.19,0.91,2.57,1.63
"2023-07-10 23:00:00",3.81,36.92,1.17,2.33,1.45
"2023-07-11 00:00:00",4.46,39.76,0.95,2.45,1.52
"2023-07-11 01:00:00",4.15,41.42,0.88,2.42,1.81
"2023-07-11 02:00:00",0.92,46.06,0.62,2.95,2.12
"2023-07-11 03:00:00",2.42,47.01,1.14,2.74,2.03
"2023-07-11 04:00:00",3.2,46.06,1.12,3.28,2.26
"2023-07-11 05:00:00",4.03,40.93,1.26,4.05,2.71
"2023-07-11 06:00:00",8.51,32.08,1.08,4.6,3.09
"2023-07-11 07:00:00",18.45,29.38,1.22,4.89,3.08
"2023-07-11 08:00:00",13.33,34.19,1.07,4.71,3.24
"2023-07-11 09:00:00",11.36,38.9,1.01,5.31,3.59
"2023-07-11 10:00:00",13.41,43.05,1.41,4.92,3.56
"2023-07-11 11:00:00",16.75,40.69,1.66,7.49,3.4
"2023-07-11 12:00:00",20.1,44.39,1.55,8.3,3.6
"2023-07-11 13:00:00",14.11,44.41,1.56,4.31,2.43
"2023-07-11 14:00:00",25.24,42.63,1.85,4.71,2.62
"2023-07-11 15:00:00",16.86,42.11,0.42,4.04,2.62
"2023-07-11 16:00:00",26.1,43.03,1.47,5.18,2.72
"2023-07-11 17:00:00",11.61,51.1,1.32,4.21,2.33
"2023-07-11 18:00:00",6.77,48.39,1.16,3.92,2.29
"2023-07-11 19:00:00",6.04,48.51,1.14,3.35,2.4
"2023-07-11 20:00:00",8.05,45.39,0.6,3.92,2.59
"2023-07-11 21:00:00",6.08,44.3,0.86,4.16,2.79
"2023-07-11 22:00:00",3.6,46.59,1.01,3.97,2.59
"2023-07-11 23:00:00",4.56,46.22,1.01,4.1,2.51
"2023-07-12 00:00:00",3.37,47.31,0.82,3.71,2.35
"2023-07-12 01:00:00",2.02,47.6,1.05,3.42,2.19
"2023-07-12 02:00:00",2.63,45.11,1.26,2.61,1.76
"2023-07-12 03:00:00",3.01,45.39,1.28,2.46,1.64
"2023-07-12 04:00:00",3.42,50.86,1.52,2.58,1.78
"2023-07-12 05:00:00",2.79,59.42,1.43,2.81,2.24
"2023-07-12 06:00:00",5.94,61.83,1.23,3.05,2.44
"2023-07-12 07:00:00",15.96,50.21,0.89,4.45,3.17
"2023-07-12 08:00:00",16.54,46.98,1.5,5.36,3.42
"2023-07-12 09:00:00",17.63,47.29,1.8,5.37,3.48
"2023-07-12 10:00:00",17.27,45.53,1.53,4.88,2.85
"2023-07-12 11:00:00",20.45,42.7,1.23,6.29,3.06
"2023-07-12 12:00:00",19.11,45.55,1.7,4.48,2.67
"2023-07-12 13:00:00",15.45,46.66,1.87,4.16,2.19
"2023-07-12 14:00:00",22.65,44.65,1.75,5.01,2.59
"2023-07-12 15:00:00",28.57,49.4,0.07,4.68,2.55
"2023-07-12 16:00:00",15.42,52.58,1.75,4.57,2.26
"2023-07-12 17:00:00",12.81,56.95,1.42,4.44,2.27
"2023-07-12 18:00:00",7.07,56.5,0.82,4.36,2.31
"2023-07-12 19:00:00",9.98,50.47,1.13,3.94,2.31
"2023-07-12 20:00:00",6.88,50.42,1.43,3.58,2.19
"2023-07-12 21:00:00",9.3,46.88,1.3,3.11,1.84
"2023-07-12 22:00:00",12.32,35.98,0.95,6.06,2.89
"2023-07-12 23:00:00",11.71,35.08,1.02,13.3,4.92
"2023-07-13 00:00:00",9.41,34.36,0.86,5.83,3.25
"2023-07-13 01:00:00",5.51,38.47,1.06,5.95,3.74
"2023-07-13 02:00:00",3.89,41.03,1,6.35,4.04
"2023-07-13 03:00:00",3.3,40.56,0.85,6.33,4.07
"2023-07-13 04:00:00",6.55,36.41,0.83,5.43,3.86
"2023-07-13 05:00:00",6.31,34.74,1.05,5.78,3.94
"2023-07-13 06:00:00",9.86,30.26,0.65,6.91,4.41
"2023-07-13 07:00:00",16.39,30.9,1.21,7.89,4.65
"2023-07-13 08:00:00",20.55,37.94,0.71,8.02,4.44
"2023-07-13 09:00:00",13.51,49.74,0.54,5.41,3.35
"2023-07-13 10:00:00",22.22,50.18,1.6,5.07,3.23
"2023-07-13 11:00:00",10.18,55.53,0.99,5.84,3.25
"2023-07-13 12:00:00",16.29,59.22,0.93,5.98,3.53
"2023-07-13 13:00:00",10.11,60.61,0.85,5.69,3.76
"2023-07-13 14:00:00",14.84,59.04,1.23,6.59,4.05
"2023-07-13 15:00:00",5.06,57.13,0.97,6.26,3.2
"2023-07-13 16:00:00",9.38,46.33,0.96,3.4,2.37
"2023-07-13 17:00:00",7.77,45.33,1.08,3.27,2.24
"2023-07-13 18:00:00",6.36,48.33,0.78,2.65,1.78
"2023-07-13 19:00:00",5.35,49.46,1.08,3.35,2.08
"2023-07-13 20:00:00",4.91,48.68,1.19,3.6,2.52
"2023-07-13 21:00:00",7.11,42.06,1.12,2.66,1.97
"2023-07-13 22:00:00",8.57,39.94,1.04,4.2,3.05
"2023-07-13 23:00:00",5.74,44.85,0.53,3.95,2.8
"2023-07-14 00:00:00",2.38,50.72,0.98,2.87,2.07
"2023-07-14 01:00:00",1.7,53.6,1.48,2.8,1.88
"2023-07-14 02:00:00",1.12,53.34,1.21,2.77,2.02
"2023-07-14 03:00:00",2.37,48.85,0.31,3.02,2.18
"2023-07-14 04:00:00",3.39,45.52,0.71,3.11,2.25
"2023-07-14 05:00:00",3.86,45.66,0.91,4.05,2.69
"2023-07-14 06:00:00",10.18,39.47,1.5,4.35,3.07
"2023-07-14 07:00:00",19.75,40.93,1.48,4,2.42
"2023-07-14 08:00:00",23.23,46.51,1.65,5.03,2.63
"2023-07-14 09:00:00",17.49,49.55,1.65,8.67,4.4
"2023-07-14 10:00:00",10.49,47.41,1.27,6.32,3.38
"2023-07-14 11:00:00",13.38,45.72,1.08,9.56,5.15
"2023-07-14 12:00:00",13.7,46.33,0.64,9.12,5.83
"2023-07-14 13:00:00",14.84,56.59,0.92,6.84,5.05
"2023-07-14 14:00:00",8.87,54.75,1.7,7.61,5.7
"2023-07-14 15:00:00",6.29,55.19,1.55,4.99,3.77
"2023-07-14 16:00:00",7.88,52.04,1.44,4.22,3.42
"2023-07-14 17:00:00",12.44,40.66,1.53,6.66,5.9
"2023-07-14 18:00:00",12.44,22.52,1.26,5.38,4.37
"2023-07-14 19:00:00",5.29,27.46,1.31,2.98,2.19
"2023-07-14 20:00:00",5.8,39.04,1.64,1.69,0.93
"2023-07-14 21:00:00",4.12,46.9,1.64,1.09,0.65
"2023-07-14 22:00:00",2.95,48.2,1.67,2.05,0.81
"2023-07-14 23:00:00",2.76,53.74,1.55,1.92,0.89
"2023-07-15 00:00:00",1.76,53.51,1.28,1.43,0.7
"2023-07-15 01:00:00",1.73,54.03,1.19,1.52,0.73
"2023-07-15 02:00:00",1.46,56.37,1.59,1.26,0.64
"2023-07-15 03:00:00",1.63,57.09,1.61,1.38,0.92
"2023-07-15 04:00:00",0.9,56.32,1.8,1.63,0.98
"2023-07-15 05:00:00",1.25,54.19,1.62,1.66,0.96
"2023-07-15 06:00:00",1.66,54.52,1.36,1.64,0.87
"2023-07-15 07:00:00",1.76,58.16,-0.56,1.47,0.83
"2023-07-15 08:00:00",2.43,55.09,1.83,1.28,0.67
"2023-07-15 09:00:00",3.94,54.01,1.93,0.9,0.48
"2023-07-15 10:00:00",3.71,54.41,1.83,0.57,0.34
"2023-07-15 11:00:00",4.29,52.01,1.64,0.6,0.41
"2023-07-15 12:00:00",4.97,51.63,1.67,1.09,0.59
"2023-07-15 13:00:00",4.64,56.06,1.75,1.17,0.78
"2023-07-15 14:00:00",4.96,53.48,1.57,1.39,0.95
"2023-07-15 15:00:00",4.11,53.65,1.34,1.39,1.06
"2023-07-15 16:00:00",6.11,53.17,1.4,1.93,1.35
"2023-07-15 17:00:00",3.9,54.17,1.65,2.15,1.52
"2023-07-15 18:00:00",4.3,54.64,-1.92,2.37,1.68
"2023-07-15 19:00:00",3.18,55.7,-0.5,2.99,2.23
"2023-07-15 20:00:00",2.58,57.11,1.43,3.19,2.37
"2023-07-15 21:00:00",3.89,57.58,1.26,3.14,2.17
"2023-07-15 22:00:00",2.13,59.79,1.01,1.89,1.14
"2023-07-15 23:00:00",2.11,58.74,1.37,2.38,1.57
"2023-07-16 00:00:00",1.89,59.45,1.22,4.34,3.18
"2023-07-16 01:00:00",1.49,58.48,0.75,6.25,4.3
"2023-07-16 02:00:00",1.6,54.61,1.04,6.14,4.15
"2023-07-16 03:00:00",1.44,53.97,0.78,4.8,3.25
"2023-07-16 04:00:00",0.94,51.24,0.19,4.47,2.88
"2023-07-16 05:00:00",1.23,50.91,0.96,3.31,2.26
"2023-07-16 06:00:00",1.34,49.37,1.19,3.21,2.09
"2023-07-16 07:00:00",1.86,47.19,0.96,3.33,2.26
"2023-07-16 08:00:00",1.88,48.48,0.95,3.8,2.46
"2023-07-16 09:00:00",2.71,46.4,1.13,5.03,3.21
"2023-07-16 10:00:00",3.08,46.44,1.03,5.6,3.48
"2023-07-16 11:00:00",3.49,46.5,1.37,4.53,3.08
"2023-07-16 12:00:00",4.85,44.95,1.2,3.96,2.72
"2023-07-16 13:00:00",5.43,46.86,0.03,4.63,2.87
"2023-07-16 14:00:00",2.32,51.87,1.09,4.62,2.6
"2023-07-16 15:00:00",3.21,49.95,0.33,4.01,2.72
"2023-07-16 16:00:00",4.48,48.18,0.84,3.05,2.18
"2023-07-16 17:00:00",5.83,49.34,1.05,2.78,1.95
"2023-07-16 18:00:00",3.89,47.22,1.18,3.09,2.12
"2023-07-16 19:00:00",6.36,48.87,0.69,3.35,2.08
"2023-07-16 20:00:00",5.32,46.37,0.88,2.2,1.58
"2023-07-16 21:00:00",5.22,41.27,0.99,2.41,1.67
"2023-07-16 22:00:00",4.16,41.67,1.13,2.68,1.82
"2023-07-16 23:00:00",3.47,42.04,0.68,2.89,2.08
"2023-07-17 00:00:00",4.24,36.16,1.37,3.4,2.75
"2023-07-17 01:00:00",2.19,34.82,1.09,5.12,3.56
"2023-07-17 02:00:00",1.52,36.69,1,5.29,3.74
"2023-07-17 03:00:00",1.51,37.4,0.86,4.84,3.38
"2023-07-17 04:00:00",1.32,36.25,1.22,3.79,2.74
"2023-07-17 05:00:00",2.34,36.85,0.78,3.05,2.01
"2023-07-17 06:00:00",5.71,35.38,1.39,3.23,1.84
"2023-07-17 07:00:00",6.81,37.55,1.45,3.87,2.11
"2023-07-17 08:00:00",14.73,31.57,1.85,4.71,2.53
"2023-07-17 09:00:00",23.16,27.29,1.8,4.7,2.53
"2023-07-17 10:00:00",18.6,29.86,0.47,4.09,2.82
"2023-07-17 11:00:00",14.39,34.49,1.24,5.52,2.65
"2023-07-17 12:00:00",9.43,38.08,0.56,4.27,2.14
"2023-07-17 13:00:00",17.58,38.83,0.68,4.59,2.26
"2023-07-17 14:00:00",19.63,41.11,1.38,4.52,2.26
"2023-07-17 15:00:00",16.13,42.47,1.32,5.33,2.44
"2023-07-17 16:00:00",16.03,39.6,1.75,5.26,2.63
"2023-07-17 17:00:00",9.4,42.75,0.54,4.49,2.64
"2023-07-17 18:00:00",8.61,43.23,-0.72,4.01,2.73
"2023-07-17 19:00:00",8.92,42.67,1.26,4.35,3.44
"2023-07-17 20:00:00",8.11,38.56,0.83,5.63,4.13
"2023-07-17 21:00:00",10.16,30.51,0.57,6.73,5.17
"2023-07-17 22:00:00",10.76,25.98,0.78,6.14,4.86
"2023-07-17 23:00:00",7.61,27.44,0.88,5.69,4.34
"2023-07-18 00:00:00",5.91,31.95,0.99,3.68,2.87
"2023-07-18 01:00:00",1.79,41.17,0.82,3.1,2.02
"2023-07-18 02:00:00",1.62,42.83,0.87,3.39,2.08
"2023-07-18 03:00:00",2.25,38.9,0.62,3.39,2.09
"2023-07-18 04:00:00",2.11,33.44,0.42,3.17,2.02
"2023-07-18 05:00:00",5.7,32.73,0.69,2.68,2.03
"2023-07-18 06:00:00",11.63,26.86,0.99,3.32,2.13
"2023-07-18 07:00:00",23.05,24.25,1.24,2.76,1.98
"2023-07-18 08:00:00",26.27,21.26,1.49,4.37,2.3
"2023-07-18 09:00:00",22.92,24.18,1.28,3.41,1.94
"2023-07-18 10:00:00",27.77,22.76,1.95,3.31,1.98
"2023-07-18 11:00:00",32.53,25.58,2.28,3.09,1.83
"2023-07-18 12:00:00",24.18,29.79,1.25,5.42,3.12
"2023-07-18 13:00:00",24.18,31.19,1.6,4.66,2.7
"2023-07-18 14:00:00",22.42,35.39,1.4,3.21,2.02
"2023-07-18 15:00:00",14.25,43.64,0.99,5.02,2.83
"2023-07-18 16:00:00",17.8,39.91,1.26,4.94,2.78
"2023-07-18 17:00:00",26.59,30.63,1.35,4.75,2.88
"2023-07-18 18:00:00",23.4,31.34,1.21,4.16,2.81
"2023-07-18 19:00:00",14.55,38.63,0.88,3.95,2.9
"2023-07-18 20:00:00",13.38,43.26,1.26,21.16,19.87
"2023-07-18 21:00:00",11.83,42.25,0.89,6.99,5.8
"2023-07-18 22:00:00",13.17,38.79,0.88,5.17,3.93
"2023-07-18 23:00:00",15.57,36.88,0.32,5.36,4.43
"2023-07-19 00:00:00",9.78,44.19,0.93,5.66,4.81
"2023-07-19 01:00:00",6.45,44.64,0.65,6.36,5.28
"2023-07-19 02:00:00",6.95,37.16,0.86,9.71,8.48
"2023-07-19 03:00:00",9.87,25.56,0.73,11.62,10.11
"2023-07-19 04:00:00",7.75,19.55,0.61,5.76,4.14
"2023-07-19 05:00:00",7.38,18.4,0.85,5.98,3.68
"2023-07-19 06:00:00",9.55,17.33,0.7,6.39,3.9
"2023-07-19 07:00:00",16.68,19.65,1.01,7.18,4.58
"2023-07-19 08:00:00",26.69,17.56,1.77,15.26,6.39
"2023-07-19 09:00:00",25.08,25.57,1.56,42.84,11.86
"2023-07-19 10:00:00",29.81,28.36,1.84,7.82,3.9
"2023-07-19 11:00:00",27.72,29.52,1.56,10.1,4.25
"2023-07-19 12:00:00",35.74,30.67,1.69,5.22,3.1
"2023-07-19 13:00:00",13.19,37.18,1.27,6.14,3.34
"2023-07-19 14:00:00",26.51,36.75,1.49,41.33,10.82
"2023-07-19 15:00:00",21.95,29.92,1.5,15.97,5.45
"2023-07-19 16:00:00",32.98,29.66,1.65,6.32,3.07
"2023-07-19 17:00:00",16.26,34.32,1.27,3.85,2.29
"2023-07-19 18:00:00",15.93,41.09,0.94,4.49,2.6
"2023-07-19 19:00:00",24.79,32.85,1.02,5.75,4.9
"2023-07-19 20:00:00",15.12,35.86,0.97,6.41,5.21
"2023-07-19 21:00:00",21.05,26.06,1.04,5.35,3.55
"2023-07-19 22:00:00",25.6,14.94,1.09,5.35,4.07
"2023-07-19 23:00:00",21.98,14.98,0.69,5.46,3.97
"2023-07-20 00:00:00",23.04,16.83,0.47,6.05,4.53
"2023-07-20 01:00:00",12.57,28.5,0.52,4.06,2.82
"2023-07-20 02:00:00",13.09,20.84,0.66,4.65,3.39
"2023-07-20 03:00:00",9.55,23.75,0.78,4.21,3.27
"2023-07-20 04:00:00",7.6,22.64,0.55,4.39,3.36
"2023-07-20 05:00:00",10.94,18.16,0.67,5.92,4.76
"2023-07-20 06:00:00",12.21,18.82,0.6,6.08,4.36
"2023-07-20 07:00:00",25.02,13.55,0.13,7.49,5.5
"2023-07-20 08:00:00",29.83,13.6,1.17,13.26,7.05
"2023-07-20 09:00:00",23.55,23.49,1.44,10.87,8.16
"2023-07-20 10:00:00",15.08,34.64,1.47,8.9,6.62
"2023-07-20 11:00:00",24.3,33.12,0.42,9.73,6.63
"2023-07-20 12:00:00",21.9,32.55,0.96,9.68,7.33
"2023-07-20 13:00:00",18.12,42.35,1.4,12.98,8.24
"2023-07-20 14:00:00",18.09,43.5,0.97,12.14,8.37
"2023-07-20 15:00:00",27.8,32.34,1.17,14.48,10.68
"2023-07-20 16:00:00",14.04,40.63,1.06,12.45,9.51
"2023-07-20 17:00:00",26.54,33.21,1.31,11.55,6.75
"2023-07-20 18:00:00",11.65,37.88,0.92,4.59,3.08
"2023-07-20 19:00:00",10.45,35.3,1.22,2.6,1.55
"2023-07-20 20:00:00",9.12,39.68,0.45,2.55,1.72
"2023-07-20 21:00:00",15.86,31.28,0.76,3.54,2.49
"2023-07-20 22:00:00",11.24,34.8,1.29,3.59,2.4
"2023-07-20 23:00:00",8.49,32.71,1.01,3.68,2.67
"2023-07-21 00:00:00",6.89,30.04,0.99,4.34,2.93
"2023-07-21 01:00:00",6.1,32.05,0.9,4.33,2.76
"2023-07-21 02:00:00",4.14,32.94,0.29,4.01,2.72
"2023-07-21 03:00:00",4.43,31.68,0.74,4.17,2.97
"2023-07-21 04:00:00",4.4,31.88,0.95,4.08,2.76
"2023-07-21 05:00:00",5.7,29.14,0.87,3.9,2.73
"2023-07-21 06:00:00",13.75,25.08,1.34,4.15,2.76
"2023-07-21 07:00:00",19.97,22.23,0.24,4.65,2.92
"2023-07-21 08:00:00",23.94,25.2,1.68,9.4,4.29
"2023-07-21 09:00:00",19.55,29.52,1.15,10.56,3.76
"2023-07-21 10:00:00",21.57,33.73,1.5,7.11,2.76
"2023-07-21 11:00:00",16.25,37.8,1.7,6.91,2.96
"2023-07-21 12:00:00",22.89,36.59,1.28,7.26,2.92
"2023-07-21 13:00:00",17.51,40.84,1.44,14.21,4.64
"2023-07-21 14:00:00",17.63,42.17,1.73,8.45,3.41
"2023-07-21 15:00:00",12.8,42.08,1.54,8.98,3.16
"2023-07-21 16:00:00",19.29,40.22,1.8,8.15,3.25
"2023-07-21 17:00:00",14.67,44.36,1.33,3.78,2.53
"2023-07-21 18:00:00",15.12,40.32,1.58,3.37,2.43
"2023-07-21 19:00:00",11.71,37.04,1.26,4,2.98
"2023-07-21 20:00:00",9.33,38.7,1.33,5.19,4.22
"2023-07-21 21:00:00",5.6,41.79,1.2,5.44,4.67
"2023-07-21 22:00:00",5.33,42.33,1.37,6.75,5.72
"2023-07-21 23:00:00",3.11,43.14,1.13,6.59,5.4
"2023-07-22 00:00:00",1.87,44.89,1.6,5.22,4.32
"2023-07-22 01:00:00",1.03,45.4,1.12,4.38,3.77
"2023-07-22 02:00:00",1.21,44.33,1.26,2.62,2.29
"2023-07-22 03:00:00",0.91,41.99,0.97,1.58,1.12
"2023-07-22 04:00:00",1.48,37.99,1.39,1.76,1.1
"2023-07-22 05:00:00",1.13,36.29,1.27,2.6,1.91
"2023-07-22 06:00:00",1.91,37.49,1.26,1.48,1.1
"2023-07-22 07:00:00",2.48,36.37,1.43,1.93,1.52
"2023-07-22 08:00:00",2.39,35.03,0.83,1.25,0.91
"2023-07-22 09:00:00",6.85,32.62,1.03,1.63,0.98
"2023-07-22 10:00:00",5.97,27.29,1.19,1.86,1.06
"2023-07-22 11:00:00",8.09,23.16,1.46,3.2,1.49
"2023-07-22 12:00:00",6.25,23.39,1.65,2.16,1.43
"2023-07-22 13:00:00",16.04,18.13,1.6,4.79,3.4
"2023-07-22 14:00:00",11.66,25.85,1.58,3.01,2.16
"2023-07-22 15:00:00",9.46,29.86,1.84,2.63,1.71
"2023-07-22 16:00:00",12.16,25.66,1.82,3.7,2.8
"2023-07-22 17:00:00",13.53,21.14,1.48,9.54,8.42
"2023-07-22 18:00:00",12.94,19.63,1.5,17.48,16.51
"2023-07-22 19:00:00",9.47,20.85,1.73,2.9,2.26
"2023-07-22 20:00:00",9.39,21.92,1.58,3.52,2.95
"2023-07-22 21:00:00",14.79,17.41,1.43,6.24,5.58
"2023-07-22 22:00:00",9.38,18.43,1.77,8.58,7.48
"2023-07-22 22:01:00",,,,,
"2023-07-22 23:01:00",,,,,
"2023-07-23 09:00:00",7.28,17.66,1.5,1.5,0.61
"2023-07-23 10:00:00",5.88,29.67,1.72,1.26,0.84
"2023-07-23 11:00:00",6.1,33.13,1.59,1.5,1.1
"2023-07-23 12:00:00",9.72,39.6,1.46,1.33,1.04
"2023-07-23 13:00:00",8.37,43.25,1.59,2.22,1.72
"2023-07-23 14:00:00",8.78,41.28,1.47,2.96,2.3
"2023-07-23 15:00:00",7.39,45.35,1.35,3.98,2.83
"2023-07-23 16:00:00",10.37,46.96,1.26,4.58,3.59
"2023-07-23 17:00:00",7.25,49.14,1.09,5.32,3.83
"2023-07-23 18:00:00",7.42,47.36,0.42,5.12,4.13
"2023-07-23 19:00:00",9.04,42.51,1.04,5.86,4.41
"2023-07-23 20:00:00",7.71,44.68,1.36,6.09,4.55
"2023-07-23 21:00:00",7.81,45.74,1.45,6.6,4.82
"2023-07-23 22:00:00",6.91,49.18,1.06,8.22,5.82
"2023-07-23 23:00:00",5.83,48.73,0.83,7.91,5.71
"2023-07-24 00:00:00",3.82,49.2,0.53,6.37,4.83
"2023-07-24 01:00:00",7.95,30.7,1.27,7.59,5.23
"2023-07-24 02:00:00",14.25,22.1,1.29,7.19,4.95
"2023-07-24 03:00:00",6.27,38.52,1.55,7.13,4.48
"2023-07-24 04:00:00",11.41,23.8,1.27,6.94,4.42
"2023-07-24 05:00:00",11.62,22.63,1.23,5.95,4.2
"2023-07-24 06:00:00",17.87,16.93,1.4,6.76,4.39
"2023-07-24 07:00:00",26.21,8.95,1.91,7.97,4.64
"2023-07-24 08:00:00",23.21,13.67,1.93,9.43,4.89
"2023-07-24 09:00:00",15.58,24.88,1.32,6.11,3.43
"2023-07-24 10:00:00",14.74,32.16,1.96,4.41,2.7
"2023-07-24 11:00:00",15.84,34.34,1.61,5.5,2.84
"2023-07-24 12:00:00",13.37,35.83,1.3,5.12,2.9
"2023-07-24 13:00:00",15.79,38.65,1.42,5.05,3.23
"2023-07-24 14:00:00",18.51,40.79,-0.19,9.45,4.21
"2023-07-24 15:00:00",29.45,32.58,1.06,6.8,4.18
"2023-07-24 16:00:00",21.65,39.43,1.97,6.28,4.23
"2023-07-24 17:00:00",17.82,37.39,1.12,6.85,4.27
"2023-07-24 18:00:00",22.38,36,1.61,5.93,4.1
"2023-07-24 19:00:00",24.68,34.22,1.78,7.28,5.48
"2023-07-24 20:00:00",9.57,40.56,1.41,6.13,4.64
"2023-07-24 21:00:00",8.36,39.94,1.34,5.65,3.83
"2023-07-24 22:00:00",10.42,37.14,1.26,4.35,2.87
"2023-07-24 23:00:00",8.4,39.56,1.26,4.08,2.55
"2023-07-25 00:00:00",6.99,37.43,1.3,3.5,2.35
"2023-07-25 01:00:00",6.65,33.88,1.27,3.75,2.62
"2023-07-25 02:00:00",6.38,30.42,1.11,4.2,3.05
"2023-07-25 03:00:00",5.95,29.22,1.37,5.09,3.76
"2023-07-25 04:00:00",5.05,28.17,1.16,4.6,3.3
"2023-07-25 05:00:00",8.73,24.92,1.02,5.28,3.92
"2023-07-25 06:00:00",17.12,21.12,1.1,6.04,4.57
"2023-07-25 07:00:00",24.29,18.38,1.83,5.97,4.02
"2023-07-25 08:00:00",23.3,23.71,1.92,7.15,4.32
"2023-07-25 09:00:00",29.67,25.91,2.64,5.93,3.8
"2023-07-25 09:01:00",
"2023-07-25 10:00:00",,26.15,2.59,5.46,3.59
"2023-07-25 10:01:00",,,
"2023-07-25 11:00:00",,22.72,,7.86,4.58
"2023-07-25 11:01:00",,,
"2023-07-25 12:00:00",31.17,17.09,-0.65,12.28,6.53
"2023-07-25 13:00:00",12.18,27.73,-1.16,9.19,6.76
"2023-07-25 14:00:00",25.26,27.46,-0.82,10.17,6.75
"2023-07-25 15:00:00",21.65,28.72,-0.2,9.64,6.48
"2023-07-25 16:00:00",17.06,32.64,-0.83,9.3,6.52
"2023-07-25 17:00:00",15.11,38.33,-1.35,9.96,6.53
"2023-07-25 18:00:00",6.62,43.32,-1.29,6.05,4.54
"2023-07-25 19:00:00",7.82,42.25,-1,5.69,4.09
"2023-07-25 20:00:00",12.65,39,-1.13,5.84,4.2
"2023-07-25 21:00:00",14.27,32.92,-0.93,7.67,5.17
"2023-07-25 22:00:00",10.59,33.52,-0.39,8.94,5.72
"2023-07-25 23:00:00",5.91,32.85,-0.8,11.52,7.19
"2023-07-26 00:00:00",3.62,33.94,-1.15,8.71,6.45
"2023-07-26 01:00:00",2.86,33.35,-1.2,7.59,5.81
"2023-07-26 02:00:00",2.63,33.51,-1.03,6.52,5
"2023-07-26 03:00:00",2.6,33.85,-1.32,5.71,4.31
"2023-07-26 04:00:00",4.52,26.08,-1.21,5.21,4.13
"2023-07-26 05:00:00",6.94,18.65,-1.48,5.11,4.05
"2023-07-26 06:00:00",12.11,11.36,-1.07,6.21,4.46
"2023-07-26 07:00:00",33.59,4.3,-0.31,9.5,6.27
"2023-07-26 08:00:00",24.64,15.57,-0.94,11.13,4.95
"2023-07-26 09:00:00",18.08,23.59,-0.86,7.44,4.06
"2023-07-26 10:00:00",22.94,17.52,-0.95,4.63,3.3
"2023-07-26 11:00:00",23.46,14.29,-0.84,8.94,3.71
"2023-07-26 12:00:00",30.19,13.53,-0.35,11.73,4.22
"2023-07-26 13:00:00",21.08,15.61,-0.84,14.47,4.17
"2023-07-26 14:00:00",20.23,9.09,-0.65,5.01,2.78
"2023-07-26 15:00:00",20.49,9.22,-0.94,7.45,3.99
"2023-07-26 16:00:00",14.94,24.77,-1.28,26.32,7.87
"2023-07-26 17:00:00",15.91,20.41,-1.37,4.75,3.55
"2023-07-26 18:00:00",16.96,15.52,-0.81,7.96,6.77
"2023-07-26 19:00:00",11.93,15.64,-0.96,4.56,3.64
"2023-07-26 20:00:00",7.01,25.92,-0.99,1.44,0.86
"2023-07-26 21:00:00",6.38,25.66,-1.23,2.61,1.43
"2023-07-26 22:00:00",4.37,24.28,-1.13,2.15,1.37
"2023-07-26 23:00:00",2.64,22.27,-0.94,1.99,1.17
"2023-07-27 00:00:00",1.98,22.01,-2,1.21,0.69
"2023-07-27 01:00:00",2.04,20.17,-1.64,1.09,0.4
"2023-07-27 02:00:00",1.4,20.38,-1.36,1.2,0.41
"2023-07-27 03:00:00",1.26,20.49,-1.36,1.37,0.49
"2023-07-27 04:00:00",1.44,18.83,-1.04,0.86,0.35
"2023-07-27 05:00:00",3.24,16.89,-1,1.24,0.47
"2023-07-27 06:00:00",5.77,15.88,-1.22,1.65,0.6
"2023-07-27 07:00:00",15.53,13.52,-1,1.6,1.04
"2023-07-27 08:00:00",8.79,19.27,-1.1,1.79,0.83
"2023-07-27 09:00:00",11.66,20.46,-0.81,1.84,1.03
"2023-07-27 10:00:00",13.75,19.25,-0.42,2.77,1.63
"2023-07-27 11:00:00",17.11,20.26,-0.62,2.83,1.65
"2023-07-27 12:00:00",10.9,25,-0.43,3.56,1.89
"2023-07-27 13:00:00",15.7,23.54,-1.01,3.89,2.17
"2023-07-27 14:00:00",10.46,22.81,-0.87,4.88,2.05
"2023-07-27 15:00:00",12.54,21.42,-1.88,4.79,2.08
"2023-07-27 16:00:00",14.84,29.29,-1.16,5.18,2.51
"2023-07-27 17:00:00",11.51,29.89,-0.9,3.55,2.22
"2023-07-27 18:00:00",4.29,29.3,-1.6,3.37,2.27
"2023-07-27 19:00:00",4.99,29.48,-1.1,3.21,2.05
"2023-07-27 20:00:00",5.33,28.2,-1.16,2.61,1.95
"2023-07-27 21:00:00",6.63,26.73,-1.17,3.18,2.2
"2023-07-27 22:00:00",5.13,25.7,-1.2,3.06,2.12
"2023-07-27 23:00:00",3.86,26.12,-1.27,3.22,1.81
"2023-07-28 00:00:00",3.05,26.55,-0.49,2.49,1.49
"2023-07-28 01:00:00",2.55,29.43,-0.96,2.11,1.39
"2023-07-28 02:00:00",3.09,32.35,-1.48,2.44,1.52
"2023-07-28 03:00:00",2.19,32.59,-1.02,2.57,1.73
"2023-07-28 04:00:00",3.32,31.04,-0.99,3.57,2.19
"2023-07-28 05:00:00",2.63,32.01,-1.12,3.21,2.45
"2023-07-28 06:00:00",6.27,37.53,-0.65,2.96,2.02
"2023-07-28 07:00:00",9.15,40.82,-1.01,3.38,2.09
"2023-07-28 08:00:00",10.39,39.59,-1.06,4.03,2.21
"2023-07-28 09:00:00",10.13,44.45,-1.12,3.21,1.64
"2023-07-28 10:00:00",7.71,43.15,-0.95,2.79,1.52
"2023-07-28 11:00:00",9.62,35.54,-0.81,3.34,1.78
"2023-07-28 12:00:00",6.35,45.43,-1.58,2.66,1.28
"2023-07-28 13:00:00",4.9,49.08,-1.49,2.74,1.44
"2023-07-28 14:00:00",5.02,49.33,-2.31,4.26,2.1
"2023-07-28 15:00:00",4.82,53.17,-0.9,4.45,2.28
"2023-07-28 16:00:00",3.88,55.75,-0.74,3.64,2.07
"2023-07-28 17:00:00",4.72,55.5,-0.74,4.06,2.4
"2023-07-28 18:00:00",5.68,53.87,-1.37,5.14,2.89
"2023-07-28 19:00:00",3.63,53.38,-1.12,5.8,3.59
"2023-07-28 20:00:00",4.42,49.54,-0.84,5.9,3.92
"2023-07-28 21:00:00",4.63,48.93,-0.72,5.51,3.74
"2023-07-28 22:00:00",2.93,48.39,-0.85,5.24,3.52
"2023-07-28 23:00:00",1.88,47.34,-0.85,4.61,3.22
"2023-07-29 00:00:00",17.89,36.38,-0.3,4.62,2.56
"2023-07-29 01:00:00",1.83,40.27,-1.12,9.18,6.06
"2023-07-29 02:00:00",1.38,39.58,-1.2,5.04,3.13
"2023-07-29 03:00:00",1.06,40.77,-1.15,5.72,3.85
"2023-07-29 04:00:00",1.23,42.05,-0.82,6.97,4.35
"2023-07-29 05:00:00",1.82,44.47,-0.89,6.92,4.35
"2023-07-29 06:00:00",1.76,45.04,-1.13,6.43,4.17
"2023-07-29 07:00:00",1.73,45.54,-0.99,7.3,4.37
"2023-07-29 08:00:00",3.34,43.65,-1.28,7.12,4.25
"2023-07-29 09:00:00",3.2,43.05,-1.35,6.45,3.8
"2023-07-29 10:00:00",3.98,43.24,-0.92,5.79,3.71
"2023-07-29 11:00:00",7.02,44.12,-0.89,5.49,3.52
"2023-07-29 12:00:00",6.98,46.04,-0.78,4.06,2.35
"2023-07-29 13:00:00",4.89,44,-1.05,4.4,2.64
"2023-07-29 14:00:00",4.07,45.56,-1.82,4.96,2.87
"2023-07-29 15:00:00",2.67,47.4,-1.79,5.91,3.01
"2023-07-29 16:00:00",3.38,49.85,-1.35,6.62,4.37
"2023-07-29 17:00:00",6.94,50.8,-1.09,8.93,4.11
"2023-07-29 18:00:00",2.92,53.08,-3.06,6.78,3.76
"2023-07-29 19:00:00",4.09,52.91,-1.42,7.62,4.13
"2023-07-29 20:00:00",3.44,51.92,-0.77,6.37,3.48
"2023-07-29 21:00:00",4.07,51.23,-0.74,4.85,2.72
"2023-07-29 22:00:00",3.04,49.37,-1.21,4.75,2.59
"2023-07-29 23:00:00",3.71,47.86,-1.35,3.9,2.55
"2023-07-30 00:00:00",1.61,47.88,-1.44,4,2.71
"2023-07-30 01:00:00",0.92,48.01,-1.77,4.84,2.99
"2023-07-30 02:00:00",1.14,47.7,-1.18,5.36,3.61
"2023-07-30 03:00:00",0.9,46.97,-1.02,4.28,3.01
"2023-07-30 04:00:00",0.94,46.16,-1.07,3.9,2.64
"2023-07-30 05:00:00",0.68,47.08,-0.8,4.64,2.76
"2023-07-30 06:00:00",0.87,47.57,-1.25,3.23,1.98
"2023-07-30 07:00:00",0.96,45.9,-1.37,2.6,1.65
"2023-07-30 08:00:00",1.42,44.91,-1.1,2.5,1.55
"2023-07-30 09:00:00",1.72,47.13,-0.89,2.68,1.56
"2023-07-30 10:00:00",2.29,44.58,-1.12,3.03,1.67
"2023-07-30 11:00:00",2.17,43.99,-1.45,4.48,2.77
"2023-07-30 12:00:00",2.18,51.14,-2.18,3.04,2.27
"2023-07-30 13:00:00",2.98,50.68,-1.71,2.25,1.89
"2023-07-30 14:00:00",3.18,42.21,-1.18,1.77,1.26
"2023-07-30 15:00:00",3.38,37.17,-1.21,1.49,1.04
"2023-07-30 16:00:00",3.11,38.03,-1.21,2.49,2.09
"2023-07-30 17:00:00",8.2,28.56,-0.96,5.38,4.65
"2023-07-30 18:00:00",5.7,32.34,-0.81,3.85,3.22
"2023-07-30 19:00:00",2.77,38.78,-0.95,1.36,1.08
"2023-07-30 20:00:00",2.42,36.85,-1.02,1.71,1.05
"2023-07-30 21:00:00",1.85,38.71,-1.11,1.42,0.85
"2023-07-30 22:00:00",2.07,43.62,-1.16,1.74,1.07
"2023-07-30 23:00:00",2.27,54.55,-1,2.79,1.68
"2023-07-31 00:00:00",0.94,65.33,-0.79,2.9,2.11
"2023-07-31 01:00:00",0.74,64.09,-1.09,2.15,1.42
"2023-07-31 02:00:00",0.9,61.79,-1.01,1.53,1.1
"2023-07-31 03:00:00",0.5,60.24,-1.36,1.43,1
"2023-07-31 04:00:00",0.63,58.69,-1.72,1.05,0.68
"2023-07-31 05:00:00",1.11,55.72,-2,1.39,0.78
"2023-07-31 06:00:00",3.01,52.83,-1.11,1.48,0.97
"2023-07-31 07:00:00",11.62,49,-1,4.06,2.65
"2023-07-31 08:00:00",8.07,48.24,-1.1,4.81,3.12
"2023-07-31 09:00:00",8.7,42.53,-1.18,5.54,3.06
"2023-07-31 10:00:00",10.11,40.58,-0.92,7.05,4.45
"2023-07-31 11:00:00",8.37,39.44,-0.94,4.24,3.27
"2023-07-31 12:00:00",8.6,38.02,-0.95,3.45,2.83
"2023-07-31 13:00:00",9.38,40.38,-0.98,4.01,2.92
"2023-07-31 14:00:00",8.22,43.71,-0.77,4.74,3.21
"2023-07-31 15:00:00",7.37,40.76,-1.19,4.39,3.08
"2023-07-31 16:00:00",13.73,35.91,-0.47,6.56,4.02
"2023-07-31 17:00:00",7.08,39.37,-0.7,3.7,2.82
"2023-07-31 18:00:00",5.14,39.62,-0.93,4.14,2.92
"2023-07-31 19:00:00",4.76,41.81,-1.03,3.96,2.91
"2023-07-31 20:00:00",4.82,39.1,-0.97,5.69,4.06
"2023-07-31 21:00:00",3.9,38.1,-1.19,6.84,4.45
"2023-07-31 22:00:00",4.06,37.92,-1.36,6.8,4.29
"2023-07-31 23:00:00",3.13,38.34,-1.18,6.38,4.13
"2023-08-01 00:00:00",2.04,38.79,-1.1,6.82,4.32
"2023-08-01 01:00:00",1.4,40.47,-1.25,6.88,4.46
"2023-08-01 02:00:00",1.32,40.53,-0.87,7.04,4.36
"2023-08-01 03:00:00",1.03,41.03,-1.04,5.98,3.88
"2023-08-01 04:00:00",1.27,40.2,-1.13,5.94,3.7
"2023-08-01 05:00:00",2.66,38.62,-0.77,5.06,3.38
"2023-08-01 06:00:00",7.49,34.09,-0.8,5.27,3.31
"2023-08-01 07:00:00",23.34,28.76,-0.3,7.92,5.4
"2023-08-01 08:00:00",14.91,33.16,-0.29,7.15,4.61
"2023-08-01 09:00:00",13.46,38.29,-1.22,8.41,5.66
"2023-08-01 10:00:00",18.71,40.04,-1.86,5.58,4.03
"2023-08-01 11:00:00",19.58,40.51,-0.54,6.72,4.33
"2023-08-01 12:00:00",21.82,42.33,-0.11,6.25,3.2
"2023-08-01 13:00:00",13.47,46.52,-0.71,4.9,2.68
"2023-08-01 14:00:00",7.49,49.39,-0.41,4.76,2.49
"2023-08-01 15:00:00",5.11,48.62,-0.7,4.21,1.7
"2023-08-01 16:00:00",7.49,44.77,-0.6,3.21,1.56
"2023-08-01 17:00:00",7.73,39.75,-0.92,2.48,1.62
"2023-08-01 18:00:00",11.92,38,-1.18,6.81,5.08
"2023-08-01 19:00:00",9.87,39.9,-1.45,6.51,4.67
"2023-08-01 20:00:00",8.93,42.03,-0.76,5.68,4.22
"2023-08-01 21:00:00",8.97,42.53,-0.84,7.3,5.16
"2023-08-01 22:00:00",5.15,48.58,-0.65,6.65,4.89
"2023-08-01 23:00:00",3.95,49.89,-0.58,4.17,3.16
"2023-08-02 00:00:00",1.87,57.97,-0.54,3.65,2.91
"2023-08-02 01:00:00",1.3,55.95,-0.51,2.57,1.8
"2023-08-02 02:00:00",1.43,55.36,-0.67,1.24,0.85
"2023-08-02 03:00:00",0.97,55.21,-0.95,1.75,1.31
"2023-08-02 04:00:00",4.37,56.77,-0.9,2.91,2.08
"2023-08-02 05:00:00",13.48,47.88,-0.52,2.4,1.65
"2023-08-02 06:00:00",15.16,36.05,-0.53,1.89,1.27
"2023-08-02 07:00:00",17.33,27.41,-0.26,3.27,2.03
"2023-08-02 08:00:00",16.98,24,-0.38,3.25,1.67
"2023-08-02 09:00:00",20.24,40.3,-0.7,3.49,2
"2023-08-02 10:00:00",19.5,40.58,-0.71,3.42,2.13
"2023-08-02 11:00:00",26.56,31.81,-0.49,4.25,2.58
"2023-08-02 12:00:00",23.97,27.05,-0.64,4.58,3.23
"2023-08-02 13:00:00",23.3,33.03,-0.52,4.81,3.34
"2023-08-02 14:00:00",25.41,31.58,-0.24,4.99,3.59
"2023-08-02 15:00:00",28.3,30.05,-0.22,5.28,3.93
"2023-08-02 16:00:00",19.69,36.14,-2.64,4.75,3.26
"2023-08-02 17:00:00",18.81,25.6,-1.39,6.03,3.58
"2023-08-02 18:00:00",20.87,33.95,-0.69,5.95,4.19
"2023-08-02 19:00:00",23.31,31.12,-0.58,7.39,4.74
"2023-08-02 20:00:00",13.11,29.04,-0.99,6.01,4.11
"2023-08-02 21:00:00",15.91,25,-0.87,5.96,3.95
"2023-08-02 22:00:00",9.58,27.99,-0.83,12.34,10.5
"2023-08-02 23:00:00",7.59,28.93,-0.86,5.81,3.63
"2023-08-03 00:00:00",4.4,33.07,-0.79,5.43,3.35
"2023-08-03 01:00:00",3.03,33.92,-0.99,5.8,3.83
"2023-08-03 02:00:00",2.56,37.29,-0.81,6.4,4.31
"2023-08-03 03:00:00",2.15,37.84,-1.03,6.55,4.52
"2023-08-03 04:00:00",2.5,36.14,-1.13,6.31,4.4
"2023-08-03 05:00:00",3.53,32.97,-1.51,6.62,4.13
"2023-08-03 06:00:00",7.33,26.66,-1.41,7.24,3.95
"2023-08-03 07:00:00",28.79,20.86,-1.12,5.38,3.61
"2023-08-03 08:00:00",15.96,33.73,-0.86,5.23,3.01
"2023-08-03 09:00:00",17.08,32.37,-0.8,6.13,3.16
"2023-08-03 10:00:00",33.51,34.07,-0.38,3.84,2.21
"2023-08-03 11:00:00",21.41,38.93,-0.37,3.57,1.85
"2023-08-03 12:00:00",19.61,39.61,-0.79,4.45,2.37
"2023-08-03 13:00:00",24.95,36.02,-0.74,4.44,2.61
"2023-08-03 14:00:00",18.64,35.71,-0.72,4.39,2.18
"2023-08-03 15:00:00",23.63,36.57,-0.97,3.75,2.31
"2023-08-03 16:00:00",23.3,37.63,-1.7,4.3,2.58
"2023-08-03 17:00:00",12.37,38.73,-0.9,4.24,2.41
"2023-08-03 18:00:00",6.14,43.56,-2.41,3.91,2.18
"2023-08-03 19:00:00",8.29,41.2,-1.38,2.73,1.81
"2023-08-03 20:00:00",7.83,42.51,-1.05,3.76,2.26
"2023-08-03 21:00:00",6.3,42.42,-0.94,3.07,1.84
"2023-08-03 22:00:00",4.17,45.57,-1.25,2.57,1.61
"2023-08-03 23:00:00",5.4,44.08,-1.56,4.06,2.53
"2023-08-04 00:00:00",2.99,47.6,-1.25,5.08,3.26
"2023-08-04 01:00:00",2.42,47.66,-1.38,5.88,3.73
"2023-08-04 02:00:00",3.15,40.42,-1.2,7.69,5.03
"2023-08-04 03:00:00",2.65,38.32,-1.15,9.06,6.19
"2023-08-04 04:00:00",2.98,34.54,-1.14,9.82,6.72
"2023-08-04 05:00:00",5.48,30.72,-1.18,9.52,6.9
"2023-08-04 06:00:00",9.01,25.62,-1.23,10.96,8.08
"2023-08-04 07:00:00",24.97,18.01,0.13,13.92,11.11
"2023-08-04 08:00:00",19.34,23.63,-0.71,16.33,12.74
"2023-08-04 09:00:00",25.77,25.22,-0.69,22.57,15.09
"2023-08-04 10:00:00",12.07,35.01,-1.27,26.26,14.3
"2023-08-04 11:00:00",7.75,39.45,-1.08,14.3,9.48
"2023-08-04 12:00:00",9.82,44.59,-2.03,11.89,7.99
"2023-08-04 13:00:00",8.04,45.21,-1.75,10.64,7.46
"2023-08-04 14:00:00",10.88,45.4,-1.05,9.47,6.65
"2023-08-04 15:00:00",9.77,46.02,-1.02,8.88,6.04
"2023-08-04 16:00:00",5.48,50.04,-1.2,7.64,5.22
"2023-08-04 17:00:00",5.95,51.19,-1.17,8.09,5.59
"2023-08-04 18:00:00",7.7,47.25,-1.3,7.67,5.5
"2023-08-04 19:00:00",10.14,43.96,-1.5,7.76,5.92
"2023-08-04 20:00:00",12.14,37.79,-1.32,9.2,7.17
"2023-08-04 21:00:00",17.39,28.33,-1.37,13.66,11.22
"2023-08-04 22:00:00",14.4,29.32,-1.33,10.58,8.97
"2023-08-04 23:00:00",9.18,38.02,-1.03,7.33,6.02
"2023-08-05 00:00:00",5.56,45.08,-1.04,6.21,5.15
"2023-08-05 01:00:00",2.06,55.22,-1.35,4.57,3.7
"2023-08-05 02:00:00",2.23,61.42,-1.36,3.59,2.88
"2023-08-05 03:00:00",2.11,70.47,-1.42,2.45,1.67
"2023-08-05 04:00:00",1.78,68.81,-1.76,1.47,0.98
"2023-08-05 05:00:00",1.94,66.37,-1.13,2.32,1.53
"2023-08-05 06:00:00",3.21,64.51,-1.01,6.25,4.58
"2023-08-05 07:00:00",7.67,66.97,-1.06,6.99,5.67
"2023-08-05 08:00:00",5.27,75.14,-1,5.14,4.11
"2023-08-05 09:00:00",9.9,63.06,-0.88,9.27,6.63
"2023-08-05 10:00:00",8.91,62.72,-1.9,7.38,5.22
"2023-08-05 11:00:00",7.08,60.34,-1.43,3.7,3.02
"2023-08-05 12:00:00",8.17,49.01,-1.07,3.24,2.47
"2023-08-05 13:00:00",6.48,48.78,-1.25,2.69,2.08
"2023-08-05 14:00:00",6.53,47.86,-1.12,2.53,1.75
"2023-08-05 15:00:00",5.01,50.25,-1.24,2.58,1.66
"2023-08-05 16:00:00",4.48,54.64,-2.23,2.15,1.19
"2023-08-05 17:00:00",7.95,50.36,-2.07,2.08,1.04
"2023-08-05 18:00:00",6.55,52.85,-1.17,3.09,2.35
"2023-08-05 19:00:00",7.78,49.59,-1.19,7.49,6.72
"2023-08-05 20:00:00",11.43,42.04,-1.08,2.51,1.93
"2023-08-05 21:00:00",10.19,44.03,-1.31,2.49,1.75
"2023-08-05 22:00:00",11.82,40.2,-1.23,2.73,1.98
"2023-08-05 23:00:00",9.85,36.06,-1.07,3.19,2.32
"2023-08-06 00:00:00",6.66,35.22,-1.44,4.21,2.99
"2023-08-06 01:00:00",4.43,36.03,-1.8,4.75,2.98
"2023-08-06 02:00:00",3.53,36.75,-1.79,4.13,2.83
"2023-08-06 03:00:00",6.51,32.92,-1.35,4.09,2.84
"2023-08-06 04:00:00",2.35,41.09,-0.95,3.96,2.86
"2023-08-06 05:00:00",2.28,41.14,-0.4,4.45,2.92
"2023-08-06 06:00:00",3.84,38.67,-0.99,4.1,2.91
"2023-08-06 07:00:00",3.97,40.94,-1.26,4.03,2.9
"2023-08-06 08:00:00",3.89,38.67,-1.48,4.19,2.89
"2023-08-06 09:00:00",2.43,38.13,-1.49,4.47,3.3
"2023-08-06 10:00:00",2.46,39.76,-1.34,4.79,3.52
"2023-08-06 11:00:00",3.3,39.05,-1.35,4,2.72
"2023-08-06 12:00:00",3.93,40.51,-1.18,2.56,1.92
"2023-08-06 13:00:00",4.8,38.09,-1.91,2.19,1.54
"2023-08-06 14:00:00",3.53,40.33,-1.55,2.81,1.64
"2023-08-06 15:00:00",3.61,41.1,-1.32,3,2.06
"2023-08-06 16:00:00",3.57,41.53,-1.9,6.4,5.11
"2023-08-06 17:00:00",5.61,38.28,-0.97,3.39,2.32
"2023-08-06 18:00:00",6.82,35.46,-1.11,6.53,5.5
"2023-08-06 19:00:00",9.07,37.37,-1.4,7.54,6.25
"2023-08-06 20:00:00",13.58,33.23,-1.35,10.93,8.69
"2023-08-06 21:00:00",8.37,44.28,-1.49,4.61,3.01
"2023-08-06 22:00:00",10.95,41.55,-1.48,4.88,3.45
"2023-08-06 23:00:00",9.31,39.49,-1.3,5.11,3.24
"2023-08-07 00:00:00",8.49,39.55,-1.32,5.03,3.12
"2023-08-07 01:00:00",4.47,44.86,-1.45,5.42,3.58
"2023-08-07 02:00:00",4.12,41.92,-1.46,4.7,2.84
"2023-08-07 03:00:00",4.59,36.69,-1.81,4.69,3.09
"2023-08-07 04:00:00",6.85,29.74,-1.22,4.57,2.97
"2023-08-07 05:00:00",6.59,28.22,-0.99,4.16,2.67
"2023-08-07 06:00:00",6.08,31.09,-1.16,3.9,2.45
"2023-08-07 07:00:00",5.54,36.78,-1.39,3.59,2.14
"2023-08-07 08:00:00",3.85,41.71,-1.61,2.93,1.79
"2023-08-07 09:00:00",5.83,42.31,-0.99,2.81,1.63
"2023-08-07 10:00:00",3.51,45.51,-1,2.24,1.39
"2023-08-07 11:00:00",4.42,47.07,-1.12,1.65,1.11
"2023-08-07 12:00:00",3.82,45.04,-1.13,1.61,1.15
"2023-08-07 13:00:00",4.33,45.46,-1.6,1.66,1.16
"2023-08-07 14:00:00",4.75,48.84,-1.17,1.59,1.23
"2023-08-07 15:00:00",5.46,47.42,-1.05,2.58,1.75
"2023-08-07 16:00:00",3.98,46.9,-0.86,2.71,1.96
"2023-08-07 17:00:00",5.44,49.13,-1.22,3.37,2.16
"2023-08-07 18:00:00",4.91,48.99,-1.5,3.2,2.03
"2023-08-07 19:00:00",7.45,48.01,-1.12,2.96,2.09
"2023-08-07 20:00:00",5.51,46.69,-0.94,3.21,2.32
"2023-08-07 21:00:00",4.19,43.83,-1.02,4.27,2.93
"2023-08-07 22:00:00",4.23,41.21,-1,4.7,3.53
"2023-08-07 23:00:00",5.01,37.63,-1.65,4.93,3.8
"2023-08-08 00:00:00",4.58,34.92,-1.99,5.02,3.76
"2023-08-08 01:00:00",4.44,30.65,-1.31,5,3.64
"2023-08-08 02:00:00",9.45,21.99,-1.42,6.64,5.16
"2023-08-08 03:00:00",8.16,23.29,-1.08,5.51,3.93
"2023-08-08 04:00:00",5.88,22.05,-1.33,4.65,3.62
"2023-08-08 05:00:00",6.71,15.19,-2.19,4.59,3.78
"2023-08-08 06:00:00",13.03,3.7,-1.16,6.2,4.42
"2023-08-08 07:00:00",18.87,6.41,-0.66,7.46,4.82
"2023-08-08 08:00:00",26.32,15.29,-0.75,6.98,4.2
"2023-08-08 09:00:00",24.79,17.44,-0.77,9.94,4.52
"2023-08-08 10:00:00",23.58,23.32,-0.81,7.48,4.02
"2023-08-08 11:00:00",22.13,25.5,-1.62,5.79,3.47
"2023-08-08 12:00:00",24.86,27.27,-1.49,9.9,4.35
"2023-08-08 13:00:00",26.28,27.9,-1,7.32,5.76
"2023-08-08 14:00:00",21.27,31.21,-1.03,6.31,4.33
"2023-08-08 15:00:00",25.38,28.02,-1.11,8.05,5.16
"2023-08-08 16:00:00",20.85,35.48,-1.01,7.07,4.74
"2023-08-08 17:00:00",16.64,42.72,-0.62,6.74,4.41
"2023-08-08 18:00:00",16.26,42.88,-0.98,6.01,4.14
"2023-08-08 19:00:00",21.2,35.08,-1.05,7.61,5.52
"2023-08-08 20:00:00",19.29,30.53,-1,11.18,9.12
"2023-08-08 21:00:00",18.43,24.83,-1,7.17,5.67
"2023-08-08 22:00:00",23.97,8.63,-0.73,7.73,5.82
"2023-08-08 23:00:00",18.01,8.78,-1.01,5.38,3.75
"2023-08-09 00:00:00",8.28,17.57,-0.83,4.35,2.4
"2023-08-09 01:00:00",9.39,15.55,-1.23,4.64,2.73
"2023-08-09 02:00:00",7.32,19.16,-1.23,7.11,3.52
"2023-08-09 03:00:00",8.24,17.66,-0.87,6.87,3.58
"2023-08-09 04:00:00",10.54,13.34,-1.22,5.6,3.34
"2023-08-09 05:00:00",20.04,2.47,-0.99,5.45,3.51
"2023-08-09 06:00:00",23.4,2.52,-0.52,6.01,3.82
"2023-08-09 07:00:00",28.29,-0.77,0,10.02,5.48
"2023-08-09 08:00:00",31.55,2.55,-0.54,14.83,5.81
"2023-08-09 09:00:00",14.13,16.75,-0.8,6.04,2.82
"2023-08-09 10:00:00",9.42,25.12,-0.77,3.39,2
"2023-08-09 11:00:00",11.58,24.95,-1.16,3.56,1.93
"2023-08-09 12:00:00",11.06,16.32,-0.77,3.34,1.82
"2023-08-09 13:00:00",6.94,14.94,-1.7,4.19,2.11
"2023-08-09 14:00:00",23.88,12.15,-0.82,11.57,3.83
"2023-08-09 15:00:00",29.66,7.16,-0.54,12.16,4.89
"2023-08-09 16:00:00",16.75,17.73,-1.04,9,5.67
"2023-08-09 17:00:00",14.53,17.54,-0.76,7.76,4.22
"2023-08-09 18:00:00",16.48,16.44,-1.03,8.59,5.03
"2023-08-09 19:00:00",23.29,6.25,-1.2,11.17,7.43
"2023-08-09 20:00:00",22.94,3.02,-1.21,11.09,7.82
"2023-08-09 21:00:00",23.5,2.97,-1.37,9.73,6.36
"2023-08-09 22:00:00",23.08,-0.09,-0.46,9.29,6.28
"2023-08-09 23:00:00",17.49,0.17,-1.3,6.71,4.74
"2023-08-10 00:00:00",15.82,-1.6,-0.64,6.48,4.79
"2023-08-10 01:00:00",15.02,0.24,-0.86,6.89,4.66
"2023-08-10 02:00:00",15.1,-1.74,-0.98,5.17,3.66
"2023-08-10 03:00:00",13.45,-1.24,-1.32,5.73,3.7
"2023-08-10 04:00:00",4.77,8.84,-1.21,2.25,1.25
"2023-08-10 05:00:00",5.14,13.29,-1.16,1.52,0.66
"2023-08-10 06:00:00",7.47,10.19,-0.92,2.23,1.13
"2023-08-10 07:00:00",22.89,4.92,-0.92,3.96,1.95
"2023-08-10 08:00:00",21.52,5.04,-0.74,5.76,3.12
"2023-08-10 09:00:00",21.11,10.75,-0.42,19.2,7.2
"2023-08-10 10:00:00",29.57,21.54,-0.69,10.45,6.05
"2023-08-10 11:00:00",19.13,17.76,-0.65,38.63,9.82
"2023-08-10 12:00:00",26.35,31.88,-0.65,12.58,4.77
"2023-08-10 13:00:00",13.82,41.09,-0.84,8.94,6.63
"2023-08-10 14:00:00",16.9,42.75,-0.8,11.6,7.07
"2023-08-10 15:00:00",14.4,44.25,-0.96,13.49,8.38
"2023-08-10 16:00:00",17.19,43.77,-0.68,9.3,7.14
"2023-08-10 17:00:00",11.79,39.83,-0.91,7.96,5.93
"2023-08-10 18:00:00",8.85,44.74,-0.9,6.52,5.14
"2023-08-10 19:00:00",8.92,38.26,-1.42,6.74,5.65
"2023-08-10 20:00:00",11.95,30.48,-1.35,16.8,14.84
"2023-08-10 21:00:00",8.39,32.59,-1.6,8.61,6.93
"2023-08-10 22:00:00",6.76,31.84,-1.13,3.58,2.76
"2023-08-10 23:00:00",3.97,35.41,-1.24,1.97,1.16
"2023-08-11 00:00:00",2.08,35.34,-1.29,1.33,0.73
"2023-08-11 01:00:00",2.06,38.7,-1.48,2.81,1.82
"2023-08-11 02:00:00",1.87,39.88,-1.25,6.27,4.2
"2023-08-11 03:00:00",1.57,42.95,-1.2,6.94,4.41
"2023-08-11 04:00:00",1.38,48.64,-1.27,7.14,4.68
"2023-08-11 05:00:00",1.46,52.89,-1.39,7.47,5.1
"2023-08-11 06:00:00",5.03,49.59,-1.14,6.75,4.58
"2023-08-11 07:00:00",8.62,48.22,-1.06,6.68,3.98
"2023-08-11 08:00:00",6.02,52.09,-0.97,7.24,4.14
"2023-08-11 09:00:00",5.35,55.72,-0.84,9.17,5.61
"2023-08-11 10:00:00",4,61.03,-1.5,8.83,5.56
"2023-08-11 11:00:00",5.24,59.26,-1.31,12.88,7.59
"2023-08-11 12:00:00",5.7,58.04,-1.29,9.99,6.17
"2023-08-11 13:00:00",5.52,59.38,-1.11,11.27,6.95
"2023-08-11 14:00:00",6.46,59.85,-2.46,18.17,8.67
"2023-08-11 15:00:00",3.67,63.43,-0.98,14.01,6.97
"2023-08-11 16:00:00",4.37,62.75,-0.95,13.71,8.2
"2023-08-11 17:00:00",3.23,64.08,-1.05,13.24,8.38
"2023-08-11 18:00:00",3.4,61.91,-1.15,10.89,6.99
"2023-08-11 19:00:00",2.25,63.12,-1.18,12.26,7.29
"2023-08-11 20:00:00",3.44,58.83,-1.26,11.46,7.67
"2023-08-11 21:00:00",3.06,58.31,-0.92,10.39,7.06
"2023-08-11 22:00:00",2.75,57.96,-2.26,9.19,6.32
"2023-08-11 23:00:00",2.76,56.41,-1.45,9.05,6.36
"2023-08-12 00:00:00",1.94,59.01,-1.13,8.15,5.58
"2023-08-12 01:00:00",1.21,59.13,-1.08,7.22,4.82
"2023-08-12 02:00:00",1.03,59.11,-1.35,6.43,4.47
"2023-08-12 03:00:00",1.07,56.05,-0.95,4.1,2.77
"2023-08-12 04:00:00",0.53,53.61,-0.94,2.89,2.08
"2023-08-12 05:00:00",1.05,50.15,-1.12,2.74,2.08
"2023-08-12 06:00:00",1,49.72,-1.06,2.83,1.89
"2023-08-12 07:00:00",1.95,47.49,-1.14,2.28,1.74
"2023-08-12 08:00:00",3.14,41.29,-0.71,2.58,1.65
"2023-08-12 09:00:00",4.02,38.99,-1,3.02,1.27
"2023-08-12 10:00:00",3.24,40.07,-0.66,2.23,1.08
"2023-08-12 11:00:00",3.74,40.76,-1.48,5.35,2
"2023-08-12 12:00:00",3.21,43.71,-0.79,5.96,2.28
"2023-08-12 13:00:00",4.59,42.45,-0.98,4.48,1.84
"2023-08-12 14:00:00",3.93,42.37,-1.07,10.3,2.39
"2023-08-12 15:00:00",7.55,46.57,-1.32,4.09,1.65
"2023-08-12 16:00:00",2.04,50.67,-0.98,4.14,1.61
"2023-08-12 17:00:00",4.09,46.96,-1.34,3.07,1.77
"2023-08-12 18:00:00",3.95,47.58,-1.24,2.97,1.92
"2023-08-12 19:00:00",4.84,45.7,-1.37,4.12,2.66
"2023-08-12 20:00:00",6.45,43.82,-1.14,4.33,3.02
"2023-08-12 21:00:00",4.44,45.71,-1.12,3.91,2.85
"2023-08-12 22:00:00",2.37,48.15,-1.09,3.7,2.68
"2023-08-12 23:00:00",2.51,46.38,-1.45,2.44,1.79
"2023-08-13 00:00:00",2.07,38.86,-1.51,3.48,2.25
"2023-08-13 01:00:00",1.13,40.53,-1.11,3.27,2.14
"2023-08-13 02:00:00",1.08,40.22,-1.82,3.46,2.23
"2023-08-13 03:00:00",0.96,38.12,-1.58,2.94,1.89
"2023-08-13 04:00:00",0.81,37.91,-1.41,2.01,1.4
"2023-08-13 05:00:00",0.5,39.59,-1.26,2.32,1.51
"2023-08-13 06:00:00",0.89,40.02,-1.16,3.44,2.28
"2023-08-13 07:00:00",1.15,40.54,-1.38,3.5,2.07
"2023-08-13 08:00:00",1.15,44.52,-1.15,3.14,1.96
"2023-08-13 09:00:00",1.6,45.1,-1.16,2.67,1.64
"2023-08-13 10:00:00",1.64,45.5,-0.88,2.81,1.61
"2023-08-13 11:00:00",2.08,46.39,-0.83,2.37,1.42
"2023-08-13 12:00:00",2.48,47.58,-0.91,2.55,1.57
"2023-08-13 13:00:00",2.52,45.15,-1.15,2.54,1.47
"2023-08-13 14:00:00",2.76,47.18,-0.93,2.27,1.35
"2023-08-13 15:00:00",2.13,45.7,-1.18,2.43,1.22
"2023-08-13 16:00:00",1.89,49.02,-1.07,2.35,1.22
"2023-08-13 17:00:00",3.53,49.99,-0.81,2.24,1.18
"2023-08-13 18:00:00",3.68,48.62,-0.91,2.72,1.63
"2023-08-13 19:00:00",4.62,47.15,-1.34,3.46,2.22
"2023-08-13 20:00:00",6.04,51.46,-1.11,4.45,2.99
"2023-08-13 21:00:00",4.75,53.47,-1.02,5.19,3.53
"2023-08-13 22:00:00",3.79,53.1,-1.31,5.5,3.61
"2023-08-13 23:00:00",2.9,55.19,-0.97,4.8,3.44
"2023-08-14 00:00:00",3,52.37,-1.04,4.86,3.6
"2023-08-14 01:00:00",3.18,44.01,-1.02,4.84,3.64
"2023-08-14 02:00:00",4.09,35.34,-1.14,4.62,3.5
"2023-08-14 03:00:00",7.51,32.35,-0.85,5.39,4.06
"2023-08-14 04:00:00",6.03,31.94,-1.16,5.16,4.07
"2023-08-14 05:00:00",8.08,30.33,-1.11,5.3,4.04
"2023-08-14 06:00:00",18.26,24.61,-1.33,6.35,4.5
"2023-08-14 07:00:00",16.26,17.69,-0.87,5.86,4.12
"2023-08-14 08:00:00",21.96,14.47,-0.71,6.22,3.9
"2023-08-14 09:00:00",22.12,14.34,-0.67,7.64,4.03
"2023-08-14 10:00:00",15.44,22.42,-1.05,7.2,3.76
"2023-08-14 11:00:00",12.02,29.36,-0.69,5.65,3.25
"2023-08-14 12:00:00",10.15,36.27,-0.89,5.55,3.08
"2023-08-14 13:00:00",8.25,40.77,-1.23,5.78,3.17
"2023-08-14 14:00:00",8.01,39.77,-1.24,5.62,2.36
"2023-08-14 15:00:00",10.6,39.31,-0.78,5.21,2.09
"2023-08-14 16:00:00",10.17,40.28,-0.72,4.62,2.03
"2023-08-14 17:00:00",8.64,42.79,-0.67,4.07,1.98
"2023-08-14 18:00:00",5.38,48.79,-2.11,4.13,1.69
"2023-08-14 19:00:00",6.57,40.29,-0.73,3.44,1.55
"2023-08-14 20:00:00",6.29,40.82,-1.1,3.19,1.76
"2023-08-14 21:00:00",6.23,42.5,-1.19,3.5,2.06
"2023-08-14 22:00:00",7.56,38.51,-0.91,4,2.53
"2023-08-14 23:00:00",5.19,40.47,-0.86,3.7,2.56
"2023-08-15 00:00:00",4.59,40.72,-0.81,3.81,2.5
"2023-08-15 01:00:00",4.61,35.43,-1.22,3.28,2.41
"2023-08-15 02:00:00",4.51,36.58,-1.32,3.55,2.42
"2023-08-15 03:00:00",2.77,40.32,-1.15,3.45,2.55
"2023-08-15 04:00:00",2.55,36.95,-1.02,4.34,3.16
"2023-08-15 05:00:00",3.22,35.33,-1.07,3.77,2.83
"2023-08-15 06:00:00",5.61,36.35,-0.98,3.26,2.44
"2023-08-15 07:00:00",11.09,35.56,-0.77,4.42,2.73
"2023-08-15 08:00:00",10.06,34.4,-0.65,4.81,2.65
"2023-08-15 09:00:00",13.59,28.65,-0.74,7.17,4.92
"2023-08-15 10:00:00",11.68,32.95,-1.38,6.04,3.43
"2023-08-15 11:00:00",9.04,37.24,-1.8,5.04,2.75
"2023-08-15 12:00:00",8.9,41.21,-0.83,3.85,2.16
"2023-08-15 13:00:00",12.25,40.23,-0.98,5.35,2.45
"2023-08-15 14:00:00",7.75,47.34,-1.08,5.93,2.85
"2023-08-15 15:00:00",7.93,48.73,-1.11,5.34,2.5
"2023-08-15 16:00:00",7.23,49.78,-1.03,4.42,2.61
"2023-08-15 17:00:00",7.4,48.83,-0.95,4.14,2.45
"2023-08-15 18:00:00",7.75,48.26,-1.12,4.61,2.49
"2023-08-15 19:00:00",6.75,49.3,-0.91,3.51,2.26
"2023-08-15 20:00:00",11.8,43.63,-0.87,4.16,2.24
"2023-08-15 21:00:00",15,44.98,-1.31,6.31,3.78
"2023-08-15 22:00:00",13.54,38.83,-1.27,5.24,2.87
"2023-08-15 23:00:00",20.88,19.26,-1.42,5.23,3.26
"2023-08-16 00:00:00",29.71,11.07,-1.77,8.64,4.86
"2023-08-16 01:00:00",23.98,17.06,-1.59,6.27,3.97
"2023-08-16 02:00:00",20.2,11.59,-1.25,6.22,4.07
"2023-08-16 03:00:00",14.43,13.89,-2.4,5.89,3.81
"2023-08-16 04:00:00",8.66,14.91,-1.76,4.78,3.04
"2023-08-16 05:00:00",9.99,11.55,-1.18,4.67,2.9
"2023-08-16 06:00:00",16.62,6.31,-1.18,5.95,3.68
"2023-08-16 07:00:00",24.31,3.39,-0.93,7.25,4.68
"2023-08-16 08:00:00",31.94,8.87,-0.68,8.72,5.16
"2023-08-16 09:00:00",21.63,21.18,-0.97,7.18,4.22
"2023-08-16 10:00:00",28.19,23.84,-0.1,5.66,3.69
"2023-08-16 11:00:00",20.37,38.77,-1.33,4.92,2.7
"2023-08-16 12:00:00",22.31,37.53,-1.23,9.67,4.87
"2023-08-16 13:00:00",17.6,39.45,-1.03,5.17,3.42
"2023-08-16 14:00:00",17.29,42.53,-1.35,6.5,3.82
"2023-08-16 15:00:00",20.97,40.41,-0.92,7.1,4.65
"2023-08-16 16:00:00",12.12,50.8,-0.81,5.79,4.04
"2023-08-16 17:00:00",15.1,49.21,-1.09,6.58,4.31
"2023-08-16 18:00:00",16.26,48.74,-1.05,6.46,5.06
"2023-08-16 19:00:00",16.78,48.1,-1.11,6.39,5.16
"2023-08-16 20:00:00",19.37,42.24,-1.2,7.48,6
"2023-08-16 21:00:00",23.23,34.49,-1.3,6.98,5.44
"2023-08-16 22:00:00",26.83,24.22,-1.32,4.96,3.65
"2023-08-16 23:00:00",25.01,24.72,-1.23,5.94,4.85
"2023-08-17 00:00:00",18.46,27.11,-1.25,4.33,3.12
"2023-08-17 01:00:00",16.05,29.03,-1.12,3.33,2.39
"2023-08-17 02:00:00",13.07,31.78,-1.18,3.25,2.22
"2023-08-17 03:00:00",12.52,32.62,-1.04,3.36,2.13
"2023-08-17 04:00:00",11.41,33.25,-0.98,2.85,1.96
"2023-08-17 05:00:00",13.2,30.07,-1.09,3.15,2.08
"2023-08-17 06:00:00",20.99,21.43,-1.07,3.03,2.13
"2023-08-17 07:00:00",31.41,14.93,-0.32,3.88,2.36
"2023-08-17 08:00:00",24.66,26.11,-0.6,4.55,2.5
"2023-08-17 09:00:00",18.01,30.43,-1.07,5.67,2.67
"2023-08-17 10:00:00",15.95,37.18,-1.18,5.71,3.11
"2023-08-17 11:00:00",16.84,45.23,-1.05,8.96,5.1
"2023-08-17 12:00:00",16.1,53.57,-1.08,13.17,6.43
"2023-08-17 13:00:00",19.02,64.5,-0.83,12.83,7.97
"2023-08-17 14:00:00",13.29,64.33,-0.88,12.22,8.37
"2023-08-17 15:00:00",14.59,63.78,-1.03,14.12,9.38
"2023-08-17 16:00:00",19.9,60.27,-1.01,12.3,9
"2023-08-17 17:00:00",17.64,64.23,-1.01,14.55,10.03
"2023-08-17 18:00:00",18.98,56.58,-1.2,15.71,12.16
"2023-08-17 19:00:00",17.87,56.06,-0.94,20.05,16.25
"2023-08-17 20:00:00",16.02,56.61,-1.01,16.72,13.21
"2023-08-17 21:00:00",12.94,52.9,-1.15,14.02,11.51
"2023-08-17 22:00:00",10.02,56.49,-1.13,10.5,8.51
"2023-08-17 23:00:00",10.21,56.89,-1.45,9.59,6.73
"2023-08-18 00:00:00",5.65,63.28,-1.15,8.69,5.68
"2023-08-18 01:00:00",4.98,62.57,-1.08,9.3,5.78
"2023-08-18 02:00:00",4.78,58.21,-0.98,10.69,6.28
"2023-08-18 03:00:00",4.04,58.29,-0.94,10.59,6.16
"2023-08-18 04:00:00",4.9,55.27,-0.93,10.46,6.12
"2023-08-18 05:00:00",5.83,54.18,-0.95,9.31,5.68
"2023-08-18 06:00:00",16.6,40.97,-1.01,10.52,6.46
"2023-08-18 07:00:00",16.66,40.52,-1.32,10.18,6.69
"2023-08-18 08:00:00",39.45,16.84,-1.72,9.32,6.63
"2023-08-18 09:00:00",22.07,34.77,-0.84,8.96,6.41
"2023-08-18 10:00:00",22.23,33.87,-1.65,8.09,6.7
"2023-08-18 11:00:00",17.2,35.76,-0.86,12.21,9.23
"2023-08-18 12:00:00",16.11,40.95,-0.71,12.61,9.63
"2023-08-18 13:00:00",15.85,37.61,-0.64,11.8,8.87
"2023-08-18 14:00:00",13.84,42.14,-0.76,11.16,8.75
"2023-08-18 15:00:00",14.62,42.61,-0.77,9.44,7.31
"2023-08-18 16:00:00",13.46,45.23,-1.03,10.41,7.13
"2023-08-18 17:00:00",12.03,47.11,-2.16,8.41,6.45
"2023-08-18 18:00:00",11.17,45.75,-1.28,10.8,8.5
"2023-08-18 19:00:00",10.45,43.14,-0.71,11.32,9.6
"2023-08-18 20:00:00",8.94,44.86,-0.51,8.37,7.49
"2023-08-18 21:00:00",6.82,50.12,-0.96,6.27,5.41
"2023-08-18 22:00:00",5.95,57.07,-0.72,4.45,3.86
"2023-08-18 23:00:00",6.65,53,-0.37,5.65,4.83
"2023-08-19 00:00:00",2.05,56.01,-0.57,9.32,7.24
"2023-08-19 01:00:00",2.6,63.03,-0.93,13.48,10.08
"2023-08-19 02:00:00",1.87,59.2,-0.56,6.87,5.52
"2023-08-19 03:00:00",1.31,55.98,-0.65,1.75,1.31
"2023-08-19 04:00:00",1.57,61.11,-0.46,1.07,0.51
"2023-08-19 05:00:00",1.57,49.41,-0.57,0.68,0.31
"2023-08-19 06:00:00",1.66,52.5,-1.3,0.43,0.16
"2023-08-19 07:00:00",1.78,55.74,-0.93,1.15,0.47
"2023-08-19 08:00:00",1.63,48.68,-0.89,2.24,1.35
"2023-08-19 09:00:00",1.78,38.79,-1.19,2.77,1.49
"2023-08-19 10:00:00",2.29,40.43,-0.92,2.77,1.39
"2023-08-19 11:00:00",2.14,37.05,-0.62,3.44,1.5
"2023-08-19 12:00:00",3.45,38.2,-0.88,2.97,1.42
"2023-08-19 13:00:00",2.84,38.62,-0.97,3.08,1.8
"2023-08-19 14:00:00",2.95,39.13,-1.06,3.79,2.17
"2023-08-19 15:00:00",3.05,40.2,-0.83,4.45,2.55
"2023-08-19 16:00:00",2.88,40.98,-1.15,4.53,3.02
"2023-08-19 17:00:00",3.38,41.04,-0.94,3.62,2.39
"2023-08-19 18:00:00",2.83,42.26,-0.98,4.33,3
"2023-08-19 19:00:00",2.95,43.52,-1.01,5.86,4.31
"2023-08-19 20:00:00",3.02,42.56,-1.29,6.08,4.33
"2023-08-19 21:00:00",4.12,39.97,-1.66,5.48,3.93
"2023-08-19 22:00:00",2.73,43.2,-1.36,4.76,3.42
"2023-08-19 23:00:00",1.96,43.94,-1.22,4.85,3.37
"2023-08-20 00:00:00",1.73,44.17,-3.29,5.26,3.64
"2023-08-20 01:00:00",1.45,42.65,-1.85,5.46,3.57
"2023-08-20 02:00:00",2.36,40.44,-1.22,4.83,3.3
"2023-08-20 03:00:00",4.11,37.53,-1.35,4.77,3.05
"2023-08-20 04:00:00",2.38,41.44,-1.1,4.59,2.89
"2023-08-20 05:00:00",1.5,39.86,-0.94,4.26,2.95
"2023-08-20 06:00:00",2.5,35.54,-0.99,4.97,3.12
"2023-08-20 07:00:00",3.09,33.79,-1.1,5.25,3.19
"2023-08-20 08:00:00",2.76,39.85,-1.19,4.72,3.08
"2023-08-20 09:00:00",2.09,53.83,-1.09,4.96,3.41
"2023-08-20 10:00:00",1.78,56.73,-1.24,6.62,4.48
"2023-08-20 11:00:00",2.19,55.24,-1.19,6.2,4.55
"2023-08-20 12:00:00",2.59,53.96,-1.35,6.81,4.66
"2023-08-20 13:00:00",2.51,52.67,-1.04,6.84,4.69
"2023-08-20 14:00:00",5.48,51.01,-1.05,6.65,4.43
"2023-08-20 15:00:00",2.37,49.15,-0.9,6.43,4.26
"2023-08-20 16:00:00",2.35,48.72,-1.11,5.71,3.93
"2023-08-20 17:00:00",2.31,47.03,-1.2,6.18,4.21
"2023-08-20 18:00:00",3.85,45.91,-1.55,6.44,4.47
"2023-08-20 19:00:00",3.19,44.61,-1.34,6.49,4.49
"2023-08-20 20:00:00",5.81,40.29,-1.71,8.7,6.82
"2023-08-20 21:00:00",5.62,36.89,-1.25,8.64,6.64
"2023-08-20 22:00:00",5.77,37.27,-1.57,6.27,4.55
"2023-08-20 23:00:00",3.24,37.62,-1.52,5.86,3.93
"2023-08-21 00:00:00",0.65,44.4,-1.38,4.73,3.02
"2023-08-21 01:00:00",0.55,45.48,-1.16,3.92,2.73
"2023-08-21 02:00:00",1.17,45.57,-0.84,3.26,2.37
"2023-08-21 03:00:00",0.7,45.76,-1.39,2.46,1.89
"2023-08-21 04:00:00",1.04,45.65,-1.2,1.97,1.33
"2023-08-21 05:00:00",2.37,43.64,-1.3,1.53,1.05
"2023-08-21 06:00:00",4.56,43.47,-2.1,2.58,1.62
"2023-08-21 07:00:00",5.24,42.42,-1.26,2.61,1.79
"2023-08-21 08:00:00",3.48,41.61,-1.26,3.23,2.1
"2023-08-21 09:00:00",5.41,43.1,-1.19,4.98,2.71
"2023-08-21 10:00:00",5.35,53.55,-1.04,4.41,2.98
"2023-08-21 11:00:00",3.85,50.76,-0.92,4.79,2.9
"2023-08-21 12:00:00",3.95,51.51,-0.81,6.24,3.42
"2023-08-21 13:00:00",5.75,53.7,-1.04,6.82,3.89
"2023-08-21 14:00:00",3.46,53.16,-0.96,7.27,3.87
"2023-08-21 15:00:00",3.2,54.6,-0.92,6.7,3.85
"2023-08-21 16:00:00",6.76,54.6,-0.78,7.06,4.1
"2023-08-21 17:00:00",5.36,52.4,-1.13,6.51,3.98
"2023-08-21 18:00:00",6.24,50.07,-1.22,5.38,3.57
"2023-08-21 19:00:00",3.7,50.67,-1.2,4.95,3.28
"2023-08-21 20:00:00",3.32,54.02,-0.97,4.27,2.79
"2023-08-21 21:00:00",2.42,55.04,-1.03,4.09,2.69
"2023-08-21 22:00:00",1.83,53.68,-1.12,3.81,2.8
"2023-08-21 23:00:00",1.14,51.66,-1.23,3.71,2.75
"2023-08-22 00:00:00",0.43,50.68,-1.75,3.21,2.4
"2023-08-22 01:00:00",0.46,50.32,-1.56,3.36,2.58
"2023-08-22 02:00:00",0.36,51.99,-1.1,3.88,2.52
"2023-08-22 03:00:00",0.42,49.96,-1.25,3.38,2.42
"2023-08-22 04:00:00",0.32,49.31,-1.41,3.39,2.27
"2023-08-22 05:00:00",1.51,48.64,-1.07,2.86,2.05
"2023-08-22 06:00:00",4.82,46.23,-0.86,1.94,1.39
"2023-08-22 07:00:00",6.18,42.58,-1.25,2.68,1.44
"2023-08-22 08:00:00",8.01,41.39,-1.04,3.53,1.52
"2023-08-22 09:00:00",9.55,40.86,-0.91,3.81,1.62
"2023-08-22 10:00:00",6.35,40.69,-1.03,3.18,1.48
"2023-08-22 11:00:00",9.23,37.76,-1.12,3.47,1.45
"2023-08-22 12:00:00",12.95,37.17,-1.04,2.36,1.26
"2023-08-22 13:00:00",8.58,44.51,-0.75,3.16,1.73
"2023-08-22 14:00:00",6.7,51.07,-0.83,6.93,3.42
"2023-08-22 15:00:00",7.29,55.94,-1.13,8.15,3.89
"2023-08-22 16:00:00",5.47,57.75,-1.18,7.68,4.01
"2023-08-22 17:00:00",10.81,55.13,-0.85,8.3,3.98
"2023-08-22 18:00:00",7.54,52.47,-1.26,7.9,4.44
"2023-08-22 19:00:00",7.48,53.85,-1.12,6.86,4.31
"2023-08-22 20:00:00",6.31,55.94,-1.29,7.02,4.17
"2023-08-22 21:00:00",13.3,44.18,-1.79,7.61,4.62
"2023-08-22 22:00:00",14.04,35.7,-0.8,10.92,5.46
"2023-08-22 23:00:00",9.3,41.85,-1.21,10.66,5.22
"2023-08-23 00:00:00",4.67,47.54,-1.44,6.38,4.1
"2023-08-23 01:00:00",2.92,50.17,-1.39,5.55,3.84
"2023-08-23 02:00:00",1.52,52.41,-1.27,5.52,3.74
"2023-08-23 03:00:00",1.32,50.86,-1.18,5.58,3.66
"2023-08-23 04:00:00",1.91,48.13,-1.25,5.08,3.49
"2023-08-23 05:00:00",3.69,45.58,-1.36,5.19,3.42
"2023-08-23 06:00:00",6.86,37.61,-1.15,4.38,3.06
"2023-08-23 07:00:00",19.78,21.73,-0.9,5.28,3.31
"2023-08-23 08:00:00",26.27,24.76,-1.18,7.15,3.71
"2023-08-23 09:00:00",17.31,40.45,-1.48,6.38,3.5
"2023-08-23 10:00:00",29.75,35.26,0.91,7.18,3.57
"2023-08-23 11:00:00",14.6,46.33,-0.57,6.98,3.78
"2023-08-23 12:00:00",13,47.6,-0.53,6.72,2.82
"2023-08-23 13:00:00",7.13,48.47,-0.54,3.69,1.21
"2023-08-23 14:00:00",7.9,45.99,-1.1,3.71,1.07
"2023-08-23 15:00:00",13.46,36.23,-0.73,5.2,2.4
"2023-08-23 16:00:00",16.15,29.37,-0.89,4.41,2.17
"2023-08-23 17:00:00",12.6,32.96,-0.91,1.6,1.03
"2023-08-23 18:00:00",12.75,33.2,-1.46,4.85,2.14
"2023-08-23 19:00:00",11.06,33.87,-1.09,3.76,2.07
"2023-08-23 20:00:00",12.47,30.28,-0.95,4.24,2.61
"2023-08-23 21:00:00",14.71,28.07,-1.37,5.19,3.02
"2023-08-23 22:00:00",9.41,44.15,-0.93,4.02,2.67
"2023-08-23 23:00:00",7.66,51.72,-0.9,4.16,2.87
"2023-08-24 00:00:00",3.89,52.05,-0.9,6.06,3.64
"2023-08-24 01:00:00",2.56,51.73,-0.96,5.84,3.82
"2023-08-24 02:00:00",1.95,51.05,-0.87,5.16,3.62
"2023-08-24 03:00:00",2.15,47.44,-1.06,4.88,3.41
"2023-08-24 04:00:00",2.67,45.06,-1,4.32,2.97
"2023-08-24 05:00:00",4.71,40.01,-0.72,4.53,3.08
"2023-08-24 06:00:00",14.93,29.39,-1.09,5.01,3.25
"2023-08-24 07:00:00",27.85,19.87,-0.73,7.31,4.25
"2023-08-24 08:00:00",31.12,24.6,-0.68,39.81,11.35
"2023-08-24 09:00:00",36.21,27.11,-0.37,14.7,4.86
"2023-08-24 10:00:00",32.47,38.11,-0.43,8.49,3.23
"2023-08-24 11:00:00",39.13,37.4,-0.46,30.5,6.48
"2023-08-24 12:00:00",31.01,40.15,-0.58,15.62,4.34
"2023-08-24 13:00:00",38.99,39.13,-0.55,19,4.15
"2023-08-24 14:00:00",19.18,49.89,-0.88,17.74,3.36
"2023-08-24 15:00:00",9.73,55.85,-0.79,9.34,2.29
"2023-08-24 16:00:00",13.94,53.87,-0.99,16.35,3.13
"2023-08-24 17:00:00",5.82,60.55,-0.89,7.38,1.86
"2023-08-24 18:00:00",5.98,61.16,-1.02,6.51,2.1
"2023-08-24 19:00:00",8.35,58.39,-1.59,6.33,2.48
"2023-08-24 20:00:00",7.47,56.58,-1.39,5.05,2.45
"2023-08-24 21:00:00",6.98,55.24,-2.12,5.29,2.54
"2023-08-24 22:00:00",7.42,52.44,-6.26,5.26,2.62
"2023-08-24 23:00:00",4.36,51.53,-1.15,5.16,2.57
"2023-08-25 00:00:00",3.91,50.65,-0.94,5.52,2.63
"2023-08-25 01:00:00",2.71,48.55,-1.08,4.29,2.51
"2023-08-25 02:00:00",2.67,47.48,-1.12,5.15,2.84
"2023-08-25 03:00:00",2.95,43.09,-1.97,5,3.18
"2023-08-25 04:00:00",3.35,38.01,-0.92,4.83,3.36
"2023-08-25 05:00:00",4.32,39.01,-1.17,4.48,3.51
"2023-08-25 06:00:00",8.87,39.7,-1.41,4.78,3.01
"2023-08-25 07:00:00",23.92,29.93,-0.44,7.41,3.05
"2023-08-25 08:00:00",47.31,24.81,0.1,33.46,9.74
"2023-08-25 09:00:00",49.67,24.25,-0.36,35,9.01
"2023-08-25 10:00:00",21.01,38.92,-0.63,19.7,5.47
"2023-08-25 11:00:00",50.27,26.84,0.12,33.13,8.39
"2023-08-25 12:00:00",23.77,42.89,-0.44,45.82,9.72
"2023-08-25 13:00:00",8.72,51.42,-0.92,9.86,3.06
"2023-08-25 14:00:00",12.98,45.1,-1.01,8.87,3.07
"2023-08-25 15:00:00",11.55,46.1,-0.71,4.18,2.04
"2023-08-25 16:00:00",9.63,52.1,-0.87,3.68,1.74
"2023-08-25 17:00:00",6.23,56.37,-1.24,3.14,1.37
"2023-08-25 18:00:00",17.14,46.45,-1.04,5.33,3.21
"2023-08-25 19:00:00",15.32,40.71,-0.92,3.09,2.09
"2023-08-25 20:00:00",16.56,26.03,-1.01,3.76,2.3
"2023-08-25 21:00:00",19.75,23.69,-0.76,4.36,3.14
"2023-08-25 22:00:00",12.72,30.04,-0.9,3.26,2.24
"2023-08-25 23:00:00",8.43,38.14,-0.72,2.61,1.79
"2023-08-26 00:00:00",5.18,43.43,-0.81,3.26,2.31
"2023-08-26 01:00:00",3.69,43.77,-0.97,4.35,2.92
"2023-08-26 02:00:00",3.25,42.75,-0.79,4.92,3.18
"2023-08-26 03:00:00",3.79,40.48,-0.95,5.05,3.38
"2023-08-26 04:00:00",2.4,40.67,-1.24,4.46,3.01
"2023-08-26 05:00:00",2.95,38.33,-1.2,3.42,2.26
"2023-08-26 06:00:00",3.47,36.99,-0.82,3.6,2.12
"2023-08-26 07:00:00",5.36,36.3,-1.01,3.41,1.94
"2023-08-26 08:00:00",6.41,34.59,-0.77,4.15,2.12
"2023-08-26 09:00:00",6.21,37.62,-0.83,4.27,2.21
"2023-08-26 10:00:00",7.34,38.36,-1.03,3.77,2.16
"2023-08-26 11:00:00",5.58,39.41,-1.01,3.33,2.08
"2023-08-26 12:00:00",6.04,40.86,-1.28,4.51,2.67
"2023-08-26 13:00:00",7.9,44.21,-0.87,4.19,2.02
"2023-08-26 14:00:00",7.73,48.15,-1,3.58,1.74
"2023-08-26 15:00:00",10.84,47.94,-0.85,3.55,1.98
"2023-08-26 16:00:00",6.01,53.96,-1.11,3.76,1.84
"2023-08-26 17:00:00",6.89,51.91,-0.97,4.25,2.39
"2023-08-26 18:00:00",10.35,40.63,-0.62,3.63,2.4
"2023-08-26 19:00:00",10.88,31.79,-0.74,2.39,1.56
"2023-08-26 20:00:00",8.63,33.13,-0.82,4.15,3.32
"2023-08-26 21:00:00",9.35,33.96,-0.85,3.59,2.38
"2023-08-26 22:00:00",7.16,38.47,-0.66,3.8,2.64
"2023-08-26 23:00:00",5,40.34,-0.84,2.87,1.62
"2023-08-27 00:00:00",3.56,39.5,-0.75,3.71,2.29
"2023-08-27 01:00:00",2.2,45.21,-0.7,1.7,0.93
"2023-08-27 02:00:00",2.58,49.01,-0.98,2.28,1.24
"2023-08-27 03:00:00",1.96,46.31,-1.09,2.99,1.71
"2023-08-27 04:00:00",1.88,41.55,-0.87,3.8,2.35
"2023-08-27 05:00:00",1.87,42.53,-0.86,2.8,1.8
"2023-08-27 06:00:00",2.13,42.02,-1.06,2.46,1.4
"2023-08-27 07:00:00",2.62,40.14,-0.74,3.85,2.01
"2023-08-27 08:00:00",2.88,40.28,-0.84,3.64,2.39
"2023-08-27 09:00:00",3.61,43.51,-1,2.28,1.82
"2023-08-27 10:00:00",3.94,43.92,-1.36,2.32,1.98
"2023-08-27 11:00:00",3.91,47.71,-1.17,1.8,1.55
"2023-08-27 12:00:00",4.84,45.05,-1.12,1.87,1.14
"2023-08-27 13:00:00",4.37,44.64,-1.09,0.93,0.51
"2023-08-27 14:00:00",4.25,40.41,-0.97,0.87,0.56
"2023-08-27 15:00:00",3.26,38.1,-1.92,1.59,1.18
"2023-08-27 16:00:00",5.23,33.87,-0.79,1.79,1.25
"2023-08-27 17:00:00",5.11,43.51,-1.15,2.25,1.26
"2023-08-27 18:00:00",4.13,47.46,-1.27,2.82,1.64
"2023-08-27 19:00:00",4.65,48,-1.06,4.82,3.06
"2023-08-27 20:00:00",3.69,47.41,-0.84,7.3,4.45
"2023-08-27 21:00:00",3.76,47.2,-1.43,5.69,3.63
"2023-08-27 22:00:00",3.51,47.08,-1.47,6.55,4.4
"2023-08-27 23:00:00",4.31,41.64,-0.99,7.58,4.99
"2023-08-28 00:00:00",3.47,40.34,-1.25,8.72,5.86
"2023-08-28 01:00:00",2.88,40.59,-1.56,7.52,5.51
"2023-08-28 02:00:00",2.52,40.62,-1.94,7.31,4.91
"2023-08-28 03:00:00",2.35,38.78,-0.83,6.46,4.38
"2023-08-28 04:00:00",2.94,36.1,-0.96,5.99,3.88
"2023-08-28 05:00:00",3.14,35.92,-1.15,4.76,3.07
"2023-08-28 06:00:00",8.1,33.23,-0.96,4.2,2.42
"2023-08-28 07:00:00",14.86,26.56,-0.82,3.9,2.4
"2023-08-28 08:00:00",19.21,24.09,-0.93,11.01,5.16
"2023-08-28 09:00:00",25.76,26.29,-0.74,6.63,3.58
"2023-08-28 10:00:00",33.93,19.58,-0.22,5.26,2.53
"2023-08-28 11:00:00",36.29,20.13,-0.17,4.68,2.63
"2023-08-28 12:00:00",26.02,27.75,-0.74,3.84,2.1
"2023-08-28 13:00:00",37.53,25.56,-0.56,4.16,2.24
"2023-08-28 14:00:00",42.12,21.27,0.26,5.91,2.42
"2023-08-28 15:00:00",33.49,24.02,0.03,5.89,3.12
"2023-08-28 16:00:00",34.01,23.63,-0.02,34.69,7.02
"2023-08-28 17:00:00",30.49,21.27,-0.35,13.63,4.18
"2023-08-28 18:00:00",10.03,36.11,-1,5.2,2.59
"2023-08-28 19:00:00",7.01,40.25,-1.17,5.57,2.81
"2023-08-28 20:00:00",6.55,43.47,-0.93,5.47,3.59
"2023-08-28 21:00:00",8.45,40.69,-0.85,8.16,5.38
"2023-08-28 22:00:00",6.71,38.9,-1.02,7.2,5.19
"2023-08-28 23:00:00",6.1,38.17,-1.08,8.66,5.77
"2023-08-29 00:00:00",6.44,35.37,-0.94,10.23,6.49
"2023-08-29 01:00:00",5.16,27.92,-1.35,6.84,5.9
"2023-08-29 02:00:00",4.82,25.98,-0.97,7.64,6.21
"2023-08-29 03:00:00",4.87,30.14,-0.96,7.72,6.36
"2023-08-29 04:00:00",4.02,36.76,-1.13,7.72,6.17
"2023-08-29 05:00:00",3.95,42.59,-0.73,7.11,5.45
"2023-08-29 06:00:00",8.98,32.75,-1.09,7.84,6.02
"2023-08-29 07:00:00",17.28,20.75,-0.69,9.69,7
"2023-08-29 08:00:00",17.58,25.22,-0.65,9.91,6.02
"2023-08-29 09:00:00",20.56,29.94,-0.47,12.91,6.37
"2023-08-29 10:00:00",14.63,34.48,-0.62,7.55,5.19
"2023-08-29 11:00:00",19.66,36.89,-0.68,8.05,4.78
"2023-08-29 12:00:00",21.46,41.86,-0.6,10.8,5.62
"2023-08-29 13:00:00",13.25,48.06,-0.86,10.5,6.05
"2023-08-29 14:00:00",15.7,47.59,-0.88,12,6.74
"2023-08-29 15:00:00",16.83,48.2,-1.12,10.93,6.41
"2023-08-29 16:00:00",8.88,52.08,-0.81,11.93,5.92
"2023-08-29 17:00:00",6.65,52.62,-1.1,7.52,4.34
"2023-08-29 18:00:00",6.94,52.2,-0.5,7.46,3.8
"2023-08-29 19:00:00",7.13,52.71,-0.79,5.03,2.93
"2023-08-29 20:00:00",7.6,49.59,-0.62,5.91,3.38
"2023-08-29 21:00:00",9.32,44.33,-0.71,6.26,3.98
"2023-08-29 22:00:00",9.03,40.74,-0.8,6.44,4.16
"2023-08-29 23:00:00",5.15,42.33,-0.88,5.97,3.72
"2023-08-30 00:00:00",3.61,41.88,-0.9,5.08,3.27
"2023-08-30 01:00:00",3.37,38.84,-1.07,4.5,3.12
"2023-08-30 02:00:00",3.37,37.53,-0.96,3.9,2.71
"2023-08-30 03:00:00",2.32,38.38,-0.67,3.23,2.31
"2023-08-30 04:00:00",2.78,35.79,-1.04,3.98,2.47
"2023-08-30 05:00:00",4.52,32.47,-1.1,3.84,2.58
"2023-08-30 06:00:00",8.35,27.81,-1.1,3.85,2.38
"2023-08-30 07:00:00",18.1,22.22,-0.71,6.37,3.16
"2023-08-30 08:00:00",22,22.84,-0.73,6.83,3.31
"2023-08-30 09:00:00",12.37,34.59,-0.7,5.78,3.1
"2023-08-30 10:00:00",8.89,41.06,-0.71,5.27,3.03
"2023-08-30 11:00:00",8.06,41.38,-0.94,5.85,3.25
"2023-08-30 12:00:00",7.56,44.37,-1.15,5.19,3.12
"2023-08-30 13:00:00",7.61,49.63,-0.88,6.34,3.06
"2023-08-30 14:00:00",10.59,52.83,-0.84,6.18,3.16
"2023-08-30 15:00:00",9.06,49.77,-0.88,5.79,3.06
"2023-08-30 16:00:00",8.11,51.28,-0.72,7.06,3.45
"2023-08-30 17:00:00",9.34,50.15,-0.47,7.47,3.71
"2023-08-30 18:00:00",11.11,45.05,-0.45,6.83,3.82
"2023-08-30 19:00:00",9.78,44.91,-1.09,7.76,3.33
"2023-08-30 20:00:00",14.51,34.46,-0.72,6.6,3.6
"2023-08-30 21:00:00",22.15,22.49,-1.16,7.45,4.98
"2023-08-30 22:00:00",19.05,24.78,-0.57,6.07,3.69
"2023-08-30 23:00:00",12.53,29.48,-0.54,5.5,3.39
"2023-08-31 00:00:00",6.68,35.71,-2.53,3.84,2.49
"2023-08-31 01:00:00",7.37,30.46,-2.06,3.83,2.8
"2023-08-31 02:00:00",3.33,42,-0.8,3.15,1.96
"2023-08-31 03:00:00",2.41,51.91,-0.9,2.55,1.74
"2023-08-31 04:00:00",3.97,51.11,-0.74,3.22,1.98
"2023-08-31 05:00:00",5.24,54.14,-0.99,3.71,1.96
"2023-08-31 06:00:00",6.23,54.3,-0.58,2.8,1.98
"2023-08-31 07:00:00",29.73,43.48,-0.4,3.96,3.14
"2023-08-31 08:00:00",26.22,40.13,-0.38,4.6,2.13
"2023-08-31 09:00:00",31.94,34.34,-0.82,3.93,2.13
"2023-08-31 10:00:00",22.87,41.59,-0.55,136.88,29.48
"2023-08-31 11:00:00",27.7,40.97,-0.45,48.25,11.04
"2023-08-31 12:00:00",23.92,38.55,-0.95,21.42,5.76
"2023-08-31 13:00:00",24.97,42.14,-0.67,6.53,3.42
"2023-08-31 14:00:00",21.15,36.44,-0.48,7.03,3.79
"2023-08-31 15:00:00",16.76,40.53,-0.63,5.77,2.97
"2023-08-31 16:00:00",16.11,40.43,-0.77,4.53,2.49
"2023-08-31 17:00:00",16.51,40.45,-0.48,3.93,2.51
"2023-08-31 18:00:00",15.93,40.12,-1.13,5.44,4.19
"2023-08-31 19:00:00",12.94,41.15,-0.83,5.45,4.14
"2023-08-31 20:00:00",13.32,40.74,-0.31,7.24,5.88
"2023-08-31 21:00:00",13.59,37.43,-0.61,5.86,5
"2023-08-31 22:00:00",16.51,27.88,-0.56,5.03,4.39
"2023-08-31 23:00:00",10.86,19.61,-0.61,5.33,4.64
"2023-09-01 00:00:00",14.44,15.74,-0.42,6.45,5.97
"2023-09-01 01:00:00",14.09,13.17,-0.62,8.22,7.43
"2023-09-01 02:00:00",9.81,12.15,-0.46,7.9,6.82
"2023-09-01 03:00:00",7.58,14.51,-1.04,10.17,9
"2023-09-01 04:00:00",7.78,17.28,-1.19,9.61,8.03
"2023-09-01 05:00:00",7.65,20.61,-1.14,5.64,4.35
"2023-09-01 06:00:00",16.03,17.57,-0.64,8.29,6.61
"2023-09-01 07:00:00",25.13,6.86,-0.13,7.07,5.26
"2023-09-01 08:00:00",23.56,8.19,-0.69,7.38,4.74
"2023-09-01 09:00:00",19.48,12.34,-0.93,7.11,4.36
"2023-09-01 10:00:00",14.47,21.3,-0.75,5.37,3.92
"2023-09-01 11:00:00",12.92,24.7,-0.59,4.51,2.96
"2023-09-01 12:00:00",18.64,23.28,-0.9,6.52,2.98
"2023-09-01 13:00:00",18.58,28.22,-0.63,6.71,3.25
"2023-09-01 14:00:00",14.27,35.6,-0.63,4.45,2.75
"2023-09-01 15:00:00",13.8,41.38,-0.75,4.85,2.92
"2023-09-01 16:00:00",11.48,46.97,-0.92,5.56,3.23
"2023-09-01 17:00:00",12.52,47.86,-1.06,9.21,7.12
"2023-09-01 18:00:00",13.87,44.97,-1.14,9.15,7.65
"2023-09-01 19:00:00",19.5,38.94,-1.05,12.3,9.95
"2023-09-01 20:00:00",21.79,36.81,-0.87,12.81,11.41
"2023-09-01 21:00:00",14.23,43,-0.85,13.7,11.83
"2023-09-01 22:00:00",17.09,35.5,-1.02,8.72,6.55
"2023-09-01 23:00:00",14.06,31.14,-1.97,8.52,6.64
"2023-09-02 00:00:00",24.29,18.7,-1.58,9.89,7.75
"2023-09-02 01:00:00",33.1,4.58,-1.33,12.67,10.71
"2023-09-02 02:00:00",15.42,21.34,-1.31,11.99,10.83
"2023-09-02 03:00:00",12.1,21.72,-1.23,12.26,11.33
"2023-09-02 04:00:00",9.72,23.11,-0.95,12.86,12
"2023-09-02 05:00:00",8.34,23.58,-1.13,11.94,11.12
"2023-09-02 06:00:00",9.21,18.1,-1.28,10.38,9.43
"2023-09-02 07:00:00",15.02,20.73,-1.07,12.62,11.39
"2023-09-02 08:00:00",17.25,26.57,-0.74,15.63,14.19
"2023-09-02 09:00:00",15.03,33,-1.04,14.44,12.98
"2023-09-02 10:00:00",15.27,34.51,-1.04,12.97,11.67
"2023-09-02 11:00:00",15.12,34.62,-1.18,10.65,9.15
"2023-09-02 12:00:00",18.42,33.62,-0.64,10.41,8.93
"2023-09-02 13:00:00",15.95,39.34,-0.7,10.28,8.67
"2023-09-02 14:00:00",17.99,51.22,-0.76,14.14,11.35
"2023-09-02 15:00:00",14.85,60.19,-0.66,17.22,13.88
"2023-09-02 16:00:00",9.54,67.15,-1.12,17.64,14.64
"2023-09-02 17:00:00",18.09,57.54,-0.88,16.94,14.43
"2023-09-02 18:00:00",18.53,56.4,-0.88,15.66,13.48
"2023-09-02 19:00:00",23.52,47.29,-0.94,18.72,16.14
"2023-09-02 20:00:00",29.15,34.8,-0.91,18.15,16.02
"2023-09-02 21:00:00",27.33,23.68,-0.9,18.57,17.11
"2023-09-02 22:00:00",30.67,9.8,-0.95,19.14,18.09
"2023-09-02 23:00:00",20.47,11.11,-1.03,10.73,9.4
"2023-09-03 00:00:00",13.35,16.83,-0.91,6.69,5.62
"2023-09-03 01:00:00",12.07,15.51,-1.06,8.13,6.85
"2023-09-03 02:00:00",11.88,10.68,-1.03,4.77,3.81
"2023-09-03 03:00:00",15.37,8.4,-1.03,6.31,4.59
"2023-09-03 04:00:00",10.61,14.67,-1.11,5.72,4.11
"2023-09-03 05:00:00",9.8,15.64,-0.93,5.44,3.68
"2023-09-03 06:00:00",12.58,9,-0.97,5.86,4.5
"2023-09-03 07:00:00",12.01,11.23,-0.97,6.32,4.65
"2023-09-03 08:00:00",11.89,10.73,-1.11,6.25,4.33
"2023-09-03 09:00:00",15.95,14.38,-1.11,7,4.79
"2023-09-03 10:00:00",6.62,39.75,-2.14,4.27,2.89
"2023-09-03 11:00:00",4.7,40.14,-1.11,4.51,2.69
"2023-09-03 12:00:00",6.56,37.98,-1.13,4.24,2.52
"2023-09-03 13:00:00",14.03,31.27,-1.02,5.64,3.6
"2023-09-03 14:00:00",11.29,41.33,-0.93,5.6,3.48
"2023-09-03 15:00:00",5.48,46.84,-0.98,3.23,1.94
"2023-09-03 16:00:00",3.19,52.17,-1.16,2.83,1.77
"2023-09-03 17:00:00",5.44,48.55,-1.05,3.92,2.51
"2023-09-03 18:00:00",17.81,36.91,-0.92,6.53,4
"2023-09-03 19:00:00",35.97,23.34,-1.34,11.19,7.3
"2023-09-03 20:00:00",39.03,13.44,-1.08,12.66,9.09
"2023-09-03 21:00:00",27.48,23.1,-1.21,8.46,6.57
"2023-09-03 22:00:00",35.42,12.24,-1.1,7.63,6.09
"2023-09-03 23:00:00",14.32,15.66,-1.1,6.81,5.17
"2023-09-04 00:00:00",13.07,9.34,-1.29,6.53,4.99
"2023-09-04 01:00:00",11.53,6.62,-1.17,6.94,5.31
"2023-09-04 02:00:00",12.27,4.49,-1.41,6.6,5.48
"2023-09-04 03:00:00",12,3.2,-1.53,6.83,5.45
"2023-09-04 04:00:00",11.34,2.64,-1.44,6.37,5.06
"2023-09-04 05:00:00",12.48,2.87,-1.26,5.75,4.57
"2023-09-04 06:00:00",14.75,2.3,-0.99,5.65,4.29
"2023-09-04 07:00:00",20.72,2.61,-0.19,6.46,4.65
"2023-09-04 08:00:00",36.81,1.22,0.47,12.06,7.58
"2023-09-04 09:00:00",32.81,20.03,-0.7,10.32,5.53
"2023-09-04 10:00:00",23.25,36.35,-0.3,6.8,3.98
"2023-09-04 11:00:00",14.32,44.53,-0.87,7.75,4.31
"2023-09-04 12:00:00",16,53.47,-0.92,10.82,4.85
"2023-09-04 13:00:00",19.89,52.56,-0.81,17.85,6.11
"2023-09-04 14:00:00",20.1,57.18,-1.29,9.04,5.57
"2023-09-04 15:00:00",21.46,56.53,-1.59,8.5,5.78
"2023-09-04 16:00:00",21.75,61.23,-1.02,8.72,6.16
"2023-09-04 17:00:00",35.55,49.69,-1.1,8.76,7.04
"2023-09-04 18:00:00",30.89,54.75,-1.21,9.12,7.05
"2023-09-04 19:00:00",27.23,56.12,-1.2,9.17,7.35
"2023-09-04 20:00:00",24.36,61.88,-1.12,9.92,7.96
"2023-09-04 21:00:00",27.25,54.54,-1.41,13.25,10.02
"2023-09-04 22:00:00",40.76,44.62,-1.33,15.56,12.14
"2023-09-04 23:00:00",27.61,52.69,-1.07,17.65,14.44
"2023-09-05 00:00:00",32.61,39.53,-1.07,17.21,14.24
"2023-09-05 01:00:00",28.04,36.07,-1.28,17.08,14.44
"2023-09-05 02:00:00",33.99,24.27,-1.37,17.73,14.93
"2023-09-05 03:00:00",24.46,35.03,-1.53,16.14,13.33
"2023-09-05 04:00:00",17.83,40.54,-1.01,11.71,9.26
"2023-09-05 05:00:00",19.43,25.7,-1.02,9.71,8.26
"2023-09-05 06:00:00",32.73,11.24,-0.92,12.3,9.22
"2023-09-05 07:00:00",41.76,7.39,-0.67,14.26,10.02
"2023-09-05 08:00:00",39.52,16.79,-0.44,21.46,12.36
"2023-09-05 09:00:00",29.39,40.8,-0.87,19.22,14.69
"2023-09-05 10:00:00",27.75,45.01,-0.79,19.85,15.93
"2023-09-05 11:00:00",23.16,51.8,-0.91,17.96,12.73
"2023-09-05 12:00:00",17.23,66.28,-1.02,17.54,12.35
"2023-09-05 13:00:00",15.21,73.58,-0.87,18.61,14.01
"2023-09-05 14:00:00",13.81,82.52,-0.82,17.24,12.82
"2023-09-05 15:00:00",22.93,81.7,-0.95,20.23,15.29
"2023-09-05 16:00:00",28.69,81.28,-1.02,19.84,14.26
"2023-09-05 17:00:00",26.95,89.27,-0.98,19.17,14.16
"2023-09-05 18:00:00",33.58,83.18,-1.24,17.84,13.14
"2023-09-05 19:00:00",37.25,75.28,-1.11,19.34,14.13
"2023-09-05 20:00:00",29.97,67.63,-0.65,23.64,18.83
"2023-09-05 21:00:00",31.72,52.18,-0.87,26.63,21.83
"2023-09-05 22:00:00",34.89,46.67,-0.8,17.81,13.23
"2023-09-05 23:00:00",47.88,34.99,-0.79,17.58,13.33
"2023-09-06 00:00:00",37.71,41.69,-1.36,16.74,12.45
"2023-09-06 01:00:00",35.39,43.24,-1.01,16.44,12.03
"2023-09-06 02:00:00",33.21,28.59,-1.04,14.7,12.04
"2023-09-06 03:00:00",26.38,19.86,-0.82,15.77,13.4
"2023-09-06 04:00:00",27.77,10.19,-0.79,17.98,14.95
"2023-09-06 05:00:00",27.78,5.6,-1.09,18.05,15.78
"2023-09-06 06:00:00",30.86,1.43,-0.76,19.71,17.05
"2023-09-06 07:00:00",30.3,1.95,-0.51,20.61,16.94
"2023-09-06 08:00:00",47.75,8.56,-0.32,24.7,19.22
"2023-09-06 09:00:00",44.17,13.62,-0.6,24.13,17.5
"2023-09-06 10:00:00",29.95,47.57,-0.87,16.93,10.45
"2023-09-06 11:00:00",25.36,44.34,-1.29,13.28,7.27
"2023-09-06 12:00:00",32.42,42.84,-1.41,18.99,11.39
"2023-09-06 13:00:00",26.95,48.51,-1.35,15.98,8.57
"2023-09-06 14:00:00",17.77,46.92,-1.78,8.52,4.07
"2023-09-06 15:00:00",8.63,51.62,-1.12,8.38,3.66
"2023-09-06 16:00:00",7.84,60.1,-0.86,6.75,3.79
"2023-09-06 17:00:00",10.23,57.02,-1.31,9.64,6.08
"2023-09-06 18:00:00",12.2,53.93,-1.89,13.89,10.76
"2023-09-06 19:00:00",17.25,41.23,-1.14,13.48,9.56
"2023-09-06 20:00:00",19.82,39.22,-1.28,16.11,12.53
"2023-09-06 21:00:00",15.73,43.55,-1.09,8.24,5.99
"2023-09-06 22:00:00",23.14,29.35,-0.68,9.84,6.25
"2023-09-06 23:00:00",18.66,33.03,-0.72,8.27,4.86
"2023-09-07 00:00:00",7.59,55.08,-0.93,6.67,4.02
"2023-09-07 01:00:00",4.64,58.88,-0.71,6.13,3.63
"2023-09-07 02:00:00",7.62,57.75,-0.97,5.86,3.61
"2023-09-07 03:00:00",25.04,38.85,-0.88,8.37,5.01
"2023-09-07 04:00:00",16.1,47.58,-0.82,8.69,5.18
"2023-09-07 05:00:00",30.1,36,-0.75,12.14,7.46
"2023-09-07 06:00:00",63.96,1.81,-0.34,18.2,12.32
"2023-09-07 07:00:00",52.52,13.68,-0.84,23.05,14.92
"2023-09-07 08:00:00",27.86,39.22,-1.16,22.97,13.83
"2023-09-07 09:00:00",24.98,43.29,-1.44,22.7,12.9
"2023-09-07 10:00:00",19.72,48.24,-1.07,22.72,12.95
"2023-09-07 11:00:00",22.36,44.5,-1.01,25.27,13.54
"2023-09-07 12:00:00",33.19,36.29,-0.96,25.39,14.03
"2023-09-07 13:00:00",28.69,45.22,-1.01,26.02,15.18
"2023-09-07 14:00:00",28.48,48.03,-0.69,29.46,16.72
"2023-09-07 15:00:00",22.64,68.75,-0.68,28.7,16.26
"2023-09-07 16:00:00",30.56,67.88,-0.83,27.27,16.56
"2023-09-07 17:00:00",37.19,59.25,-0.63,28.71,18.82
"2023-09-07 18:00:00",44.93,57.63,-0.53,28.39,18.95
"2023-09-07 19:00:00",40.2,48,-0.73,30.21,21.2
"2023-09-07 20:00:00",37.61,43.15,-1.15,31.33,22.65
"2023-09-07 21:00:00",69.92,4.67,-0.42,34.29,27.45
"2023-09-07 22:00:00",35.26,24.43,-0.72,33.81,27.84
"2023-09-07 23:00:00",35.19,17.13,-1.13,34.45,29.99
"2023-09-08 00:00:00",29.69,16.09,-0.39,38.62,33.88
"2023-09-08 01:00:00",28.4,13.85,-0.42,39.48,35.51
"2023-09-08 02:00:00",25.8,4.84,-0.63,38.38,35.11
"2023-09-08 03:00:00",24,2.8,-1.18,38.36,35.58
"2023-09-08 04:00:00",22.06,0.93,-0.53,37.9,34.8
"2023-09-08 05:00:00",20.47,0.82,-0.48,36.13,33.05
"2023-09-08 06:00:00",19.59,-0.06,-0.51,34.67,31.19
"2023-09-08 07:00:00",21.49,0.64,-0.41,35.96,30.85
"2023-09-08 08:00:00",32.69,1.59,-0.25,38.35,32.32
"2023-09-08 09:00:00",47.64,2.48,-0.43,52.43,39.19
"2023-09-08 10:00:00",67.27,4.37,0.2,52.3,37.32
"2023-09-08 11:00:00",46.71,15.12,-0.45,38,28.3
"2023-09-08 12:00:00",35.03,36.11,-0.68,34.63,23.92
"2023-09-08 13:00:00",35.75,36.91,-0.6,35.51,25.45
"2023-09-08 14:00:00",31.27,51.19,-0.86,32.97,23.6
"2023-09-08 15:00:00",20.6,70.2,-1.42,30.59,19.25
"2023-09-08 16:00:00",19.03,76.14,-1.06,31.8,20.63
"2023-09-08 17:00:00",21.96,71.79,-0.82,31.53,23.31
"2023-09-08 18:00:00",22.6,64.15,-1.28,33.71,26.48
"2023-09-08 19:00:00",35.8,42.46,-0.8,35.57,26.43
"2023-09-08 20:00:00",63.19,5.99,-1.01,38.18,29.81
"2023-09-08 21:00:00",74.89,-1.1,0.3,32.88,25.42
"2023-09-08 22:00:00",62.71,-0.41,-0.26,33.3,23.88
"2023-09-08 23:00:00",30.93,16.44,-0.89,27.69,17.28
"2023-09-09 00:00:00",10.77,35.98,-0.73,19.01,12.61
"2023-09-09 01:00:00",6.14,35.34,-0.97,15.86,10.86
"2023-09-09 02:00:00",7.68,35.26,-1.42,14.43,9.49
"2023-09-09 03:00:00",7.93,33.34,-1.13,13.84,9.04
"2023-09-09 04:00:00",5.35,26.6,-0.99,13.6,9.15
"2023-09-09 05:00:00",8.54,21.62,-0.89,14.94,9.78
"2023-09-09 06:00:00",22.46,17.23,-0.7,15.5,10.2
"2023-09-09 07:00:00",21.2,11.68,-0.59,16.38,10.33
"2023-09-09 08:00:00",27.17,5.02,-0.41,18.38,10.97
"2023-09-09 09:00:00",25.61,8.16,-0.59,20.98,10.98
"2023-09-09 10:00:00",16.97,28.29,-0.82,16.04,8.74
"2023-09-09 11:00:00",13.57,33.12,-1.07,14.54,8.11
"2023-09-09 12:00:00",16.05,29.5,-0.76,18.17,9.63
"2023-09-09 13:00:00",15.78,36.14,-0.34,17.27,9.74
"2023-09-09 14:00:00",15.01,42.62,-0.68,16.97,11.16
"2023-09-09 15:00:00",14.39,43.38,-0.94,14.5,9.78
"2023-09-09 16:00:00",13.77,44.83,-0.97,13.58,9.91
"2023-09-09 17:00:00",15.19,36.83,-1.03,14.59,11.31
"2023-09-09 18:00:00",24.13,24.6,-1.76,16.1,11.43
"2023-09-09 19:00:00",43.33,3.82,-0.6,27.75,16.35
"2023-09-09 20:00:00",44.9,-0.54,-0.14,22.11,16.86
"2023-09-09 21:00:00",47.31,-1.46,0.07,23.22,19.19
"2023-09-09 22:00:00",40.63,-1.54,-0.15,18.77,15.23
"2023-09-09 23:00:00",37.6,-1.48,-0.63,17.34,14.16
"2023-09-10 00:00:00",29.06,-1.28,-0.5,13.4,11.16
"2023-09-10 01:00:00",21.99,-0.63,-0.85,11.22,9.32
"2023-09-10 02:00:00",20.39,0.34,-1.17,10.46,8.37
"2023-09-10 03:00:00",21.98,-1.08,-0.57,10.06,8.21
"2023-09-10 04:00:00",20.5,0.47,-0.69,12.98,10.55
"2023-09-10 05:00:00",22.04,7.55,-1.31,17.78,14.42
"2023-09-10 06:00:00",25.74,6.23,-1.14,20.69,16.83
"2023-09-10 06:01:00",,,,,
"2023-09-10 07:01:00",,,,,
"2023-09-11 00:00:00",4.12,50.64,-0.69,11.72,9.01
"2023-09-11 01:00:00",3.52,41.75,-0.47,10.28,8.05
"2023-09-11 02:00:00",2.38,30.68,-1.93,9.03,6.54
"2023-09-11 03:00:00",2.59,33.92,-0.98,5.97,3.88
"2023-09-11 04:00:00",3.95,34.88,-0.75,2.78,1.76
"2023-09-11 05:00:00",3.98,34.28,-1.21,2.32,1.37
"2023-09-11 06:00:00",7.44,28.86,-0.88,2.97,2.04
"2023-09-11 07:00:00",11.32,23.88,-0.94,4.43,2.83
"2023-09-11 08:00:00",15.1,27.13,-1.01,5.59,3.41
"2023-09-11 09:00:00",16.9,25.44,-1,6.94,4.51
"2023-09-11 10:00:00",22.41,18.31,-0.87,8.93,5.5
"2023-09-11 11:00:00",25.95,11.94,-0.59,9.48,5.39
"2023-09-11 12:00:00",27.47,12.11,-0.46,9.16,5.55
"2023-09-11 13:00:00",27.49,11.74,-0.91,9.4,5.76
"2023-09-11 14:00:00",23.15,21.73,-0.78,6.78,4.76
"2023-09-11 15:00:00",24.21,22.53,-0.99,4.81,3.75
"2023-09-11 16:00:00",38.62,7.62,-0.31,4.75,3.61
"2023-09-11 17:00:00",36.38,10.79,-0.51,5.13,3.72
"2023-09-11 18:00:00",32.13,17.06,-0.52,4.1,3.36
"2023-09-11 19:00:00",33.12,14.32,-0.9,4.14,3.28
"2023-09-11 20:00:00",40.44,11.45,-0.66,3.54,2.65
"2023-09-11 21:00:00",20.15,27.99,-0.74,3.39,2.43
"2023-09-11 22:00:00",16.25,32.23,-0.84,3.38,2.16
"2023-09-11 23:00:00",9.71,40,-1.48,3.27,1.87
"2023-09-12 00:00:00",6.5,44.51,-1.23,4.2,2.61
"2023-09-12 01:00:00",4.86,40.67,-1.17,3.74,2.44
"2023-09-12 02:00:00",3.6,37.89,-1.23,3.36,1.93
"2023-09-12 03:00:00",4.47,34.36,-0.98,3.45,1.99
"2023-09-12 04:00:00",3.38,42.45,-1,2.07,1.48
"2023-09-12 05:00:00",4.91,34.79,-1.22,2.71,1.69
"2023-09-12 06:00:00",11.53,19.03,-1.2,5.3,2.81
"2023-09-12 07:00:00",18.82,15.14,-1.14,5.15,2.71
"2023-09-12 08:00:00",23.44,12.93,-0.89,5.36,2.76
"2023-09-12 09:00:00",21.36,19.05,-0.61,6.73,3.05
"2023-09-12 10:00:00",21.85,23.38,-0.5,5.57,2.64
"2023-09-12 10:01:00",
"2023-09-12 11:00:00",,25.72,-0.67,5.71,2.7
"2023-09-12 11:01:00",
"2023-09-12 12:00:00",28,30.57,-0.45,4.91,2.39
"2023-09-12 13:00:00",14.49,32.2,-0.88,4.73,2.53
"2023-09-12 14:00:00",17.14,31.43,-0.72,7.28,3.22
"2023-09-12 15:00:00",9.47,41.18,-0.78,5.18,2.7
"2023-09-12 16:00:00",13.64,44.98,-0.86,6.05,3.46
"2023-09-12 17:00:00",28.72,34.36,-0.55,9.26,7.17
"2023-09-12 18:00:00",23.5,37.19,-1.1,9.5,7.39
"2023-09-12 19:00:00",19.11,42.03,-0.76,8.47,5.52
"2023-09-12 20:00:00",32.85,20.22,-0.6,9.57,6.98
"2023-09-12 21:00:00",37.52,9.53,-0.95,8.34,5.72
"2023-09-12 22:00:00",42.19,0.25,-0.98,9.74,7.35
"2023-09-12 23:00:00",33.65,0.99,-1.3,8.94,6.56
"2023-09-13 00:00:00",23.91,5.75,-1.69,10.14,6.75
"2023-09-13 01:00:00",17.52,8.14,-1.2,8.85,6.26
"2023-09-13 02:00:00",10.95,13.31,-1.22,7.28,5.06
"2023-09-13 03:00:00",7.34,16.03,-1.14,6.13,4.4
"2023-09-13 04:00:00",6.1,14.64,-1.53,5.67,4.03
"2023-09-13 05:00:00",11.85,8.72,-1.15,5.2,4.03
"2023-09-13 06:00:00",19.78,2.04,-0.95,6.42,4.64
"2023-09-13 07:00:00",21.97,0.07,0.53,10.82,7.17
"2023-09-13 08:00:00",28.64,0.31,1.69,18.92,10.44
"2023-09-13 09:00:00",35.5,1.03,1.38,21.84,10.81
"2023-09-13 10:00:00",38.8,8.89,-0.24,14.1,7.08
"2023-09-13 11:00:00",28.19,19.29,-0.68,10.78,6.47
"2023-09-13 12:00:00",21.59,27.44,-0.72,10.24,5.36
"2023-09-13 13:00:00",15.58,31.21,-1.1,8.44,4.84
"2023-09-13 14:00:00",11.28,41.76,-0.75,7.01,4.42
"2023-09-13 15:00:00",17.48,34.77,-1.23,6.8,4.96
"2023-09-13 16:00:00",16.79,37.4,-1.42,6.66,4.98
"2023-09-13 17:00:00",13.72,40.22,-1.04,5.38,3.98
"2023-09-13 18:00:00",16.32,35.16,-1.34,6.4,5.47
"2023-09-13 19:00:00",10.1,45.25,-1.33,4.92,4.2
"2023-09-13 20:00:00",3.84,51.66,-1.25,1.87,1.46
"2023-09-13 21:00:00",2.73,51.15,-1,2.62,1.88
"2023-09-13 22:00:00",2.68,49.57,-1,2.49,1.73
"2023-09-13 23:00:00",2.53,51.37,-1.16,2.02,1.59
"2023-09-14 00:00:00",2.21,49.77,-1.33,2.88,2.14
"2023-09-14 01:00:00",2.22,47.53,-1.19,4.97,3.26
"2023-09-14 02:00:00",4.07,42.37,-0.94,6.11,3.69
"2023-09-14 03:00:00",4.05,41.66,-0.89,5.91,3.63
"2023-09-14 04:00:00",3.16,42.57,-0.8,5.53,3.32
"2023-09-14 05:00:00",3.24,41.48,-1.34,5.75,3.4
"2023-09-14 06:00:00",8.52,36.19,-1.51,5.47,3.32
"2023-09-14 07:00:00",15.69,29.14,-0.99,5.68,3.16
"2023-09-14 08:00:00",18.55,27.21,-0.96,6.69,3.54
"2023-09-14 09:00:00",25.33,34.59,-0.52,5.18,2.83
"2023-09-14 10:00:00",12.34,44.66,-0.59,6.46,3.04
"2023-09-14 11:00:00",8.06,45.58,-0.97,21.94,5.03
"2023-09-14 12:00:00",7.88,46.51,-1.02,6.71,3.25
"2023-09-14 13:00:00",22.5,38.83,-0.64,7.78,3.41
"2023-09-14 14:00:00",17.12,44.33,9.87,7.13,4.36
"2023-09-14 15:00:00",12.23,45.94,-2.86,5.93,3.29
"2023-09-14 16:00:00",9.22,48.27,-1.68,6.27,2.96
"2023-09-14 17:00:00",15.74,41.9,-3.25,6.08,2.94
"2023-09-14 18:00:00",23.72,28.62,-2.16,4.1,2.83
"2023-09-14 19:00:00",26.4,19.78,-1.36,4.94,3.86
"2023-09-14 20:00:00",27.45,16.69,-1.18,7.19,5.57
"2023-09-14 21:00:00",26,10.55,-1.16,6.64,5.76
"2023-09-14 22:00:00",19.58,25.97,-1.38,5.46,4.43
"2023-09-14 23:00:00",20.93,28.35,-0.94,5.86,4.27
"2023-09-15 00:00:00",19.52,26.98,-1.03,5.88,4.53
"2023-09-15 01:00:00",13.07,32.84,-0.87,4.81,3.99
"2023-09-15 02:00:00",16.88,24.62,-0.95,5.61,4.87
"2023-09-15 03:00:00",13.67,22.48,-1.04,5.29,4.35
"2023-09-15 04:00:00",10.44,33.05,-1.29,4.73,3.74
"2023-09-15 05:00:00",9.02,38.77,-1.02,4.34,3.3
"2023-09-15 06:00:00",13.62,29.31,-0.92,4.03,3.3
"2023-09-15 07:00:00",22.3,24.19,-0.73,3.98,3.17
"2023-09-15 08:00:00",28.72,17.32,-0.55,5.21,3.48
"2023-09-15 09:00:00",37.48,21.25,-2.29,5.33,3.4
"2023-09-15 10:00:00",32.31,35.69,-1.57,3.92,2.73
"2023-09-15 11:00:00",31,37.74,-1.14,5.14,3.36
"2023-09-15 12:00:00",33.66,32.42,-0.82,4.37,2.84
"2023-09-15 13:00:00",31.95,33.35,-0.61,5.57,4.38
"2023-09-15 14:00:00",34.16,29.89,-0.71,4.88,3.42
"2023-09-15 15:00:00",32.35,31.6,-0.94,4.19,3.18
"2023-09-15 16:00:00",22.94,34.93,-1.17,4.31,3.44
"2023-09-15 17:00:00",19.77,35.07,-1.23,6.56,5.56
"2023-09-15 18:00:00",18.95,36.74,-1.35,5.55,4.33
"2023-09-15 19:00:00",20.31,35.43,-1.07,5.35,4.08
"2023-09-15 20:00:00",27.63,36.42,-1.17,6.06,4.68
"2023-09-15 21:00:00",13.78,40.46,-1.36,5.53,4.32
"2023-09-15 22:00:00",11.96,37.86,-0.93,5.83,4.39
"2023-09-15 23:00:00",12.5,37.49,-0.9,5.98,4.71
"2023-09-16 00:00:00",11.84,37.3,-0.96,4.83,3.56
"2023-09-16 01:00:00",7.34,40.54,-1.32,4.01,2.86
"2023-09-16 02:00:00",6.51,50.22,-1.43,3.21,2.2
"2023-09-16 03:00:00",6.3,54.24,-1.34,3.65,2.26
"2023-09-16 04:00:00",5.92,50.53,-1.4,4.01,2.3
"2023-09-16 05:00:00",5.99,49.57,-0.93,3.8,2.4
"2023-09-16 06:00:00",6.41,39.07,-1.11,3.72,2.18
"2023-09-16 07:00:00",9.84,34.96,-1.17,3.81,2.29
"2023-09-16 08:00:00",22.09,25.81,-1.15,4.78,3
"2023-09-16 09:00:00",20.5,37.25,-1.41,4.31,2.35
"2023-09-16 10:00:00",21.55,33.4,-1,5.02,2.56
"2023-09-16 11:00:00",22.06,33.84,-0.9,5.68,3.09
"2023-09-16 12:00:00",20.81,37.36,-1.02,4.7,2.8
"2023-09-16 13:00:00",18.62,38.85,-0.89,4.75,2.91
"2023-09-16 14:00:00",17.4,39.87,-0.64,4.73,3.33
"2023-09-16 15:00:00",15.65,41.91,-2.27,5.91,3.92
"2023-09-16 16:00:00",17.78,41.12,-1.73,6.55,4.57
"2023-09-16 17:00:00",15.22,45.33,-0.76,11.02,8.09
"2023-09-16 18:00:00",18.35,38.85,-0.9,12.18,8.51
"2023-09-16 19:00:00",16.98,39.06,-1.03,10.37,6.85
"2023-09-16 20:00:00",17.92,37.45,-0.57,11.79,8.03
"2023-09-16 21:00:00",10.6,45.4,-0.48,12.42,9.06
"2023-09-16 22:00:00",15.36,39.39,-0.82,9.46,6.3
"2023-09-16 23:00:00",16.71,39.69,-1.08,9.75,6.5
"2023-09-17 00:00:00",7.13,46.44,-0.9,9.78,6.76
"2023-09-17 01:00:00",6.9,44.68,-0.84,9.34,7.69
"2023-09-17 02:00:00",6.47,45.77,-0.72,6.54,5.35
"2023-09-17 03:00:00",5.16,46.64,-1.04,8.3,6.81
"2023-09-17 04:00:00",5.58,45.23,-1.26,8.54,6.91
"2023-09-17 05:00:00",3.19,52.74,-1.15,5.29,4.22
"2023-09-17 06:00:00",3.85,57.03,-0.93,5.16,4.09
"2023-09-17 07:00:00",4.43,60.34,-1.3,6.91,5.84
"2023-09-17 08:00:00",8.45,58.45,-1.43,9.04,7.26
"2023-09-17 09:00:00",12.33,54.66,-1.13,8.96,7.07
"2023-09-17 10:00:00",11.65,59.97,-0.81,9.19,7.55
"2023-09-17 11:00:00",13.44,57.85,-0.92,9.8,8.02
"2023-09-17 12:00:00",20.29,51.08,-0.86,10.35,8.73
"2023-09-17 13:00:00",23.98,45.62,-0.95,13.93,11.68
"2023-09-17 14:00:00",19.63,48.13,-0.73,14.95,12.82
"2023-09-17 15:00:00",20.49,43.6,-0.73,18.89,17.46
"2023-09-17 16:00:00",23.26,38.57,-0.86,16.34,14.59
"2023-09-17 17:00:00",26.91,37.71,-1.22,17.32,15.82
"2023-09-17 18:00:00",31.1,31.65,-1.1,19.41,17.49
"2023-09-17 19:00:00",34.51,30.31,-1.37,23.71,21.61
"2023-09-17 20:00:00",48.11,15.42,-1.22,23.48,21.77
"2023-09-17 21:00:00",53,4.28,-0.66,27.05,25.13
"2023-09-17 22:00:00",42.97,3.76,-0.59,27.01,25.53
"2023-09-17 23:00:00",38.29,8.45,-0.54,26.87,25.62
"2023-09-18 00:00:00",15.61,31.33,-0.54,16.67,16.01
"2023-09-18 01:00:00",5.53,49.17,-0.54,7.28,6.65
"2023-09-18 02:00:00",4.75,48.03,-0.8,8.13,7.58
"2023-09-18 03:00:00",3.74,42.72,-0.79,10.94,10.19
"2023-09-18 04:00:00",3.27,36.55,-1.16,6.92,5.86
"2023-09-18 05:00:00",4.01,46.31,-0.86,3.76,2.77
"2023-09-18 06:00:00",7.75,41.21,-0.85,4.65,3.28
"2023-09-18 07:00:00",13.21,37.05,-0.64,3.18,2.15
"2023-09-18 08:00:00",16.79,31.62,-0.67,3.93,2.38
"2023-09-18 09:00:00",11.06,36.65,-0.54,5.89,3.22
"2023-09-18 10:00:00",9.07,41.32,-0.67,8.09,4.37
"2023-09-18 11:00:00",8.73,38.46,-0.46,8.58,4.65
"2023-09-18 12:00:00",5.28,41.28,-0.4,10.27,4.81
"2023-09-18 13:00:00",9.59,45.03,-0.18,11.25,4.54
"2023-09-18 14:00:00",6.12,44.93,-0.42,8.39,2.4
"2023-09-18 15:00:00",5.05,48.61,-0.59,8.5,2.63
"2023-09-18 16:00:00",4.79,52.1,-0.64,7.88,3.02
"2023-09-18 17:00:00",11.1,48.45,-0.49,7.2,3.09
"2023-09-18 18:00:00",7.36,50.77,-1.41,9.14,3.82
"2023-09-18 19:00:00",7.22,52.8,-0.63,11.33,4.48
"2023-09-18 20:00:00",6.09,50.19,-0.82,9.58,4.57
"2023-09-18 21:00:00",5.22,53.18,-0.76,6.16,3.6
"2023-09-18 22:00:00",2.97,53.7,-0.76,8.33,4.87
"2023-09-18 23:00:00",2.49,48.28,-1.38,11.75,6.6
"2023-09-19 00:00:00",1.43,45.19,-1.38,14.99,8.07
"2023-09-19 01:00:00",1.01,45.63,-1.6,10.69,6.1
"2023-09-19 02:00:00",1.55,41.93,-1.1,5.43,3.52
"2023-09-19 03:00:00",1.03,49.6,-0.86,4.35,3.09
"2023-09-19 04:00:00",0.94,52.36,-1.34,3.01,2.06
"2023-09-19 05:00:00",0.76,55.51,-0.98,2.58,1.57
"2023-09-19 06:00:00",4.64,51.34,-0.69,3.07,1.36
"2023-09-19 07:00:00",5.11,44.21,-0.33,1.62,0.63
"2023-09-19 08:00:00",6.05,39.52,-0.85,1.51,0.35
"2023-09-19 09:00:00",5.06,39.5,-0.47,1.29,0.39
"2023-09-19 10:00:00",4.58,37.95,-0.29,1.41,0.43
"2023-09-19 11:00:00",4.33,38.36,-0.44,1.51,0.49
"2023-09-19 12:00:00",4.26,39.49,-0.65,1.33,0.48
"2023-09-19 13:00:00",3.98,39.88,-0.39,1.3,0.65
"2023-09-19 14:00:00",4.24,39.69,-0.81,1.45,0.67
"2023-09-19 15:00:00",5.49,42.74,-1.1,5.2,2.28
"2023-09-19 16:00:00",5.16,44.89,-1.3,8.8,5.02
"2023-09-19 17:00:00",3.76,46.5,-0.71,6.02,3.41
"2023-09-19 18:00:00",3.98,42.98,-0.63,3.6,2.24
"2023-09-19 19:00:00",3.67,42.55,-0.31,2.89,1.68
"2023-09-19 20:00:00",2.46,45.99,-0.08,5.19,3.18
"2023-09-19 21:00:00",1.8,47.12,-0.42,5.35,3.16
"2023-09-19 22:00:00",1.12,50.81,-0.46,7.01,3.75
"2023-09-19 23:00:00",1.56,53.14,-0.79,6.5,3.61
"2023-09-20 00:00:00",0.38,54.93,-0.88,3.17,1.8
"2023-09-20 01:00:00",0.52,56.38,-0.18,1.07,0.47
"2023-09-20 02:00:00",0.99,56.1,-0.2,0.88,0.32
"2023-09-20 03:00:00",0.18,55.61,-0.87,1.44,0.44
"2023-09-20 04:00:00",0.46,50.36,-0.42,1.35,0.64
"2023-09-20 05:00:00",0.34,43.87,-0.65,3.48,1.44
"2023-09-20 06:00:00",4.18,45.7,-0.94,3.05,1.69
"2023-09-20 07:00:00",5.31,54.84,-0.79,6.44,3.33
"2023-09-20 08:00:00",7.18,51.67,-0.68,6.09,2.97
"2023-09-20 09:00:00",6.97,51.17,-1.28,6.64,2.59
"2023-09-20 10:00:00",4.81,52.84,-0.48,5.13,2.27
"2023-09-20 11:00:00",8.98,48.99,-0.07,6.28,2.39
"2023-09-20 12:00:00",8.2,48.58,-0.04,6.23,2.36
"2023-09-20 13:00:00",7.19,48.32,0.14,4.48,1.72
"2023-09-20 14:00:00",4.69,48.36,-0.33,4.98,1.98
"2023-09-20 15:00:00",4.71,50.75,-1.44,5.08,2.12
"2023-09-20 16:00:00",5.38,53.07,-0.35,4.15,2.06
"2023-09-20 17:00:00",7.62,50.64,-0.41,4.62,2.1
"2023-09-20 18:00:00",8.63,48.98,-0.62,4.13,1.82
"2023-09-20 19:00:00",11.47,41.86,-1.05,4.04,2.39
"2023-09-20 20:00:00",10.05,43.82,-0.74,4.59,3.14
"2023-09-20 21:00:00",10.96,38.66,-0.81,5.82,2.76
"2023-09-20 22:00:00",6.22,38.93,-1.47,10.77,3.91
"2023-09-20 23:00:00",3.57,41.78,-1.95,12.56,4.02
"2023-09-21 00:00:00",2.09,42.23,-0.42,5.67,2.37
"2023-09-21 01:00:00",2.74,42.39,0.14,20.34,5.54
"2023-09-21 02:00:00",3.14,45.23,-0.75,9.04,3.34
"2023-09-21 03:00:00",1.21,45.81,-0.47,6.21,2.75
"2023-09-21 04:00:00",1.56,44.84,-0.27,5.88,2.67
"2023-09-21 05:00:00",4.11,38.9,-0.4,5.59,2.69
"2023-09-21 06:00:00",11.11,32.84,-0.38,6.49,2.92
"2023-09-21 07:00:00",27.02,17.22,-0.24,9.65,4.44
"2023-09-21 08:00:00",30.46,17.42,0.26,24.79,6.4
"2023-09-21 09:00:00",13.9,41.4,-0.29,8.54,3.09
"2023-09-21 10:00:00",10.74,45.29,-0.33,7,2.76
"2023-09-21 11:00:00",10.14,41.48,-0.18,7.3,2.65
"2023-09-21 12:00:00",9.3,20.88,-0.08,7.19,2.97
"2023-09-21 13:00:00",7.99,20.83,-0.71,6.98,3.66
"2023-09-21 14:00:00",13.69,27.58,0.27,6.37,3.05
"2023-09-21 15:00:00",8.23,34.63,-0.04,5.34,2.36
"2023-09-21 16:00:00",10.88,35.84,-0.85,4.96,2.35
"2023-09-21 17:00:00",9.49,36.04,-0.99,4.76,2.33
"2023-09-21 18:00:00",15.15,32.09,-0.16,6.58,2.98
"2023-09-21 19:00:00",13.63,31.3,-0.4,6.37,3.02
"2023-09-21 20:00:00",18.25,24.94,-0.42,14.4,5.39
"2023-09-21 21:00:00",13.27,30.37,-0.62,23.39,6.72
"2023-09-21 22:00:00",8.38,33.53,-0.75,7.29,4.35
"2023-09-21 23:00:00",6.22,34.84,-0.03,7.4,4.36
"2023-09-22 00:00:00",4.12,36.91,-0.25,6,3.52
"2023-09-22 01:00:00",3.21,36.66,-0.02,5.95,3.6
"2023-09-22 02:00:00",2.53,35.66,-0.22,6.64,4.11
"2023-09-22 03:00:00",2.61,36.08,-0.63,6.68,4.13
"2023-09-22 04:00:00",2.89,38.98,-0.81,5.92,3.44
"2023-09-22 05:00:00",3.53,39.08,-0.83,6.52,3.59
"2023-09-22 06:00:00",8.35,33.16,-1.23,7.39,3.76
"2023-09-22 07:00:00",18.29,25.47,-0.78,8.46,3.97
"2023-09-22 08:00:00",17.34,27.58,-0.55,8.25,3.87
"2023-09-22 09:00:00",20.73,27.88,-0.33,9,4.11
"2023-09-22 10:00:00",18.64,33.84,-0.14,8.57,3.67
"2023-09-22 11:00:00",16.16,37.15,-0.15,8.34,4.02
"2023-09-22 12:00:00",8.19,42.33,-0.62,8.25,4.08
"2023-09-22 13:00:00",14.43,41.71,-0.37,9.28,4.37
"2023-09-22 14:00:00",8.67,47.07,-0.24,8.93,3.93
"2023-09-22 15:00:00",12.6,48.65,-0.61,9.32,4.68
"2023-09-22 16:00:00",7.1,51.51,-0.85,6.55,3.56
"2023-09-22 17:00:00",6.8,53.2,-0.78,7.98,4.27
"2023-09-22 18:00:00",13.5,45.9,-1,9.16,5.06
"2023-09-22 19:00:00",12.77,48.09,-1.55,9.58,5.25
"2023-09-22 20:00:00",13.91,43.95,-0.97,11.22,6.87
"2023-09-22 21:00:00",16.4,37.54,-0.7,13.44,8.25
"2023-09-22 22:00:00",16.09,33.38,-0.71,14.36,8.61
"2023-09-22 23:00:00",14.87,31.2,-0.79,14.48,8.76
"2023-09-23 00:00:00",11.9,33.99,-0.01,13.6,8.43
"2023-09-23 01:00:00",7.9,37.72,-0.6,14.7,8.18
"2023-09-23 02:00:00",6.6,38.61,-1.01,15.95,8.78
"2023-09-23 03:00:00",6.36,35.86,-0.94,13.8,7.35
"2023-09-23 04:00:00",6.71,31.69,-0.89,11.69,6.55
"2023-09-23 05:00:00",5.61,27.46,-1,11.51,6.27
"2023-09-23 06:00:00",15.81,15.8,-0.75,10.57,6.5
"2023-09-23 07:00:00",22.16,9.22,-1.02,11.29,7.11
"2023-09-23 08:00:00",25.72,16.57,-0.91,10.73,5.76
"2023-09-23 09:00:00",19.06,39.88,-0.72,8.27,4.94
"2023-09-23 10:00:00",8.4,58.79,-0.98,8.38,4.94
"2023-09-23 11:00:00",9.9,55.9,-0.61,6.84,4.11
"2023-09-23 12:00:00",6.84,55.61,-0.54,7.02,4.26
"2023-09-23 13:00:00",6.31,55.15,-0.9,8.56,5.39
"2023-09-23 14:00:00",6.16,56.26,-1.16,9.75,5.98
"2023-09-23 15:00:00",7.47,55.62,-1.4,10.65,6.34
"2023-09-23 16:00:00",8.52,56.71,-0.76,10.52,6.55
"2023-09-23 17:00:00",11.17,54.06,-0.61,16.14,11.5
"2023-09-23 18:00:00",11.87,52.95,-0.87,17.09,10.94
"2023-09-23 19:00:00",11.43,52.23,-1.03,14.17,11.3
"2023-09-23 20:00:00",7.42,58.2,-1.12,6.39,5.4
"2023-09-23 21:00:00",4.52,61.88,-0.95,3.03,2.35
"2023-09-23 22:00:00",4.86,51.48,-0.62,2.2,1.86
"2023-09-23 23:00:00",3.62,51.03,-0.78,1.14,0.8
"2023-09-24 00:00:00",1.49,53.56,-1.01,2.27,1.45
"2023-09-24 01:00:00",1.13,49.96,-0.9,2.57,1.81
"2023-09-24 02:00:00",1.01,52.17,-1.26,3.53,2.37
"2023-09-24 03:00:00",1.07,54.32,-0.85,7.14,4.74
"2023-09-24 04:00:00",2.69,55.68,-0.9,11.35,7.44
"2023-09-24 05:00:00",1.73,55.84,-2.45,12.59,8.19
"2023-09-24 06:00:00",4.77,42.5,-5,13.19,7.95
"2023-09-24 07:00:00",3.72,55.02,-0.54,12.83,8.16
"2023-09-24 08:00:00",3.77,54.99,-0.72,9.53,6.67
"2023-09-24 09:00:00",8.88,40.21,-0.59,3.62,2.2
"2023-09-24 10:00:00",7.82,36.9,-0.77,2.78,1.56
"2023-09-24 11:00:00",10.04,31.31,-1.95,2.27,1.48
"2023-09-24 12:00:00",8.35,36.84,-1.26,3.06,2.32
"2023-09-24 13:00:00",4.35,44.75,-0.69,1.94,0.91
"2023-09-24 14:00:00",2.86,52.84,-0.82,5.04,2.33
"2023-09-24 15:00:00",2.39,52.18,-0.59,5.39,2.69
"2023-09-24 16:00:00",3.12,55.01,-1.13,2.97,1.88
"2023-09-24 17:00:00",3.38,57.82,-0.3,2.45,1.5
"2023-09-24 18:00:00",3.74,56.09,-0.63,3.34,2.52
"2023-09-24 19:00:00",4,56.64,-0.46,3.08,2.4
"2023-09-24 20:00:00",4.34,62.43,-0.68,4.8,3.79
"2023-09-24 21:00:00",2.08,60.76,-0.77,7.11,5.48
"2023-09-24 22:00:00",1.57,65.88,-0.58,5.81,4.04
"2023-09-24 23:00:00",1.83,66.45,-0.13,9.08,5.66
"2023-09-25 00:00:00",0.98,67.9,-0.5,10.86,6.66
"2023-09-25 01:00:00",0.69,66.51,-0.77,14.1,7.91
"2023-09-25 02:00:00",0.54,65.94,-0.59,15.59,8.8
"2023-09-25 03:00:00",0.8,64.2,-0.64,16.76,9.04
"2023-09-25 04:00:00",0.47,63.77,-1.63,14.34,8.38
"2023-09-25 05:00:00",1.38,61.56,-2.2,15.39,8.78
"2023-09-25 06:00:00",5.67,56.97,-0.8,16.58,9.02
"2023-09-25 07:00:00",9.59,51.72,-0.45,15.98,8.85
"2023-09-25 08:00:00",7.96,51.69,-0.59,14.57,8.04
"2023-09-25 09:00:00",6.05,53.78,-0.92,14.37,7.85
"2023-09-25 10:00:00",4.99,55.97,-0.93,15.81,8.78
"2023-09-25 11:00:00",4.64,55.53,-0.69,15.54,8.75
"2023-09-25 12:00:00",4.65,57.84,-1.29,16.68,8.98
"2023-09-25 13:00:00",5.31,59.05,-0.91,16.16,8.96
"2023-09-25 14:00:00",4.24,62.78,-0.49,16.14,8.45
"2023-09-25 15:00:00",4.97,60.47,-0.45,16.01,8.59
"2023-09-25 16:00:00",6.16,60.03,-0.94,15.35,9.05
"2023-09-25 17:00:00",8.82,54.18,-0.72,18.25,10.91
"2023-09-25 18:00:00",7.31,57.45,-0.53,16.13,9.33
"2023-09-25 19:00:00",11.87,50.52,-0.73,14.88,9.1
"2023-09-25 20:00:00",12.74,48.27,-0.78,19.85,12.2
"2023-09-25 21:00:00",10.34,52.06,-0.91,24.31,14.37
"2023-09-25 22:00:00",5.82,55.56,-0.7,21.75,12.65
"2023-09-25 23:00:00",3.7,59.9,-0.81,16.95,9.68
"2023-09-26 00:00:00",1.32,64.09,-0.71,13.88,8
"2023-09-26 01:00:00",0.84,65.24,-0.7,12.88,7.72
"2023-09-26 02:00:00",1.44,65.59,-0.45,13.46,7.95
"2023-09-26 03:00:00",0.77,66.17,-0.71,12.03,7.47
"2023-09-26 04:00:00",0.83,65.54,-0.71,10.4,6.44
"2023-09-26 05:00:00",2.79,64.1,-0.41,11.07,6.64
"2023-09-26 06:00:00",16.91,54.91,-0.42,14.91,10.05
"2023-09-26 07:00:00",13.77,58.42,-0.5,9.49,6.15
"2023-09-26 08:00:00",19.36,45.48,-0.62,3.13,2.06
"2023-09-26 09:00:00",10.49,64.45,0.06,4.84,2.72
"2023-09-26 10:00:00",8.03,55.63,-0.38,7.07,2.94
"2023-09-26 10:01:00",,,
"2023-09-26 11:00:00",5.85,56.78,,10.13,5.13
"2023-09-26 11:01:00",,,
"2023-09-26 12:00:00",,,,10.18,5.35
"2023-09-26 12:01:00",,
"2023-09-26 13:00:00",,,,8,3.72
"2023-09-26 14:00:00",,,,8.18,4.55
"2023-09-26 15:00:00",46.04,,,11.25,5.86
"2023-09-26 16:00:00",188.5,6.62,6.05,8.26,4.45
"2023-09-26 17:00:00",28.5,27.5,1.96,5.26,3.14
"2023-09-26 18:00:00",11,41.57,-0.47,2.79,1.61
"2023-09-26 19:00:00",7.48,36.43,-0.44,7.4,2.93
"2023-09-26 20:00:00",8.06,32.49,-0.5,4.75,2.77
"2023-09-26 21:00:00",5.88,37.51,-0.69,3.63,2.25
"2023-09-26 22:00:00",8.43,31.63,-0.68,3.28,2.02
"2023-09-26 23:00:00",6.81,29.02,-0.5,3.88,2.28
"2023-09-27 00:00:00",16.22,21.47,-0.33,4.59,2.61
"2023-09-27 01:00:00",7.38,34.58,-0.57,5.57,2.86
"2023-09-27 02:00:00",1.1,54.59,-0.44,6.7,3.33
"2023-09-27 03:00:00",3.21,40.08,-0.36,6.68,3.41
"2023-09-27 04:00:00",2.74,41.42,-0.75,9.74,4.63
"2023-09-27 05:00:00",1.19,48.65,-0.66,13.42,6.33
"2023-09-27 06:00:00",4.01,55.09,-1.1,15.37,7.35
"2023-09-27 07:00:00",31.63,36.1,-0.13,15.15,7.77
"2023-09-27 08:00:00",15.34,44.64,-0.46,15,7.93
"2023-09-27 09:00:00",13.4,45.01,-0.54,15.51,8.43
"2023-09-27 10:00:00",12.73,46.96,-0.45,14.12,8.28
"2023-09-27 11:00:00",9.95,50.48,-0.68,12.32,7.75
"2023-09-27 12:00:00",5.34,56.9,-0.32,6.72,4.07
"2023-09-27 13:00:00",3.96,60.03,-0.29,9.37,6.27
"2023-09-27 14:00:00",4.02,64.79,-0.03,10.08,6.7
"2023-09-27 15:00:00",3.9,66.39,-0.01,8.61,5.14
"2023-09-27 16:00:00",5.01,62.53,-0.17,14.96,9.3
"2023-09-27 17:00:00",3.88,64.41,-0.31,6.28,4.29
"2023-09-27 18:00:00",4.58,64.19,-0.77,3.36,2.45
"2023-09-27 18:01:00",,,,,
"2023-09-27 19:01:00",,,,,
"2023-09-27 21:00:00",1.3,65.07,-0.46,5.24,2.84
"2023-09-27 22:00:00",0.77,64.97,-0.57,4.82,3
"2023-09-27 23:00:00",0.19,64.91,-0.33,6.32,4.11
"2023-09-28 00:00:00",0.26,64.29,-0.31,2.5,1.08
"2023-09-28 01:00:00",0.28,67.21,-0.46,4.68,2.33
"2023-09-28 02:00:00",-0.33,64.75,-0.77,4.71,2.7
"2023-09-28 03:00:00",-0.72,62.64,-2.2,5.87,3.13
"2023-09-28 04:00:00",-0.22,59.3,-0.66,3.78,2.06
"2023-09-28 05:00:00",-0.45,58.91,-0.8,7.83,3.94
"2023-09-28 06:00:00",8,54.09,-0.76,9.19,4.72
"2023-09-28 07:00:00",16.37,50.58,-0.31,12.99,6.1
"2023-09-28 08:00:00",7.64,59.37,-0.52,15.78,7.31
"2023-09-28 09:00:00",10.22,56.66,-0.18,18.17,8.21
"2023-09-28 10:00:00",16.21,53.94,-0.32,16.89,8.41
"2023-09-28 11:00:00",15.54,53.5,-0.32,19.31,9.19
"2023-09-28 12:00:00",13.3,54.49,-0.26,20.52,10.14
"2023-09-28 13:00:00",10.83,55.36,-0.31,18.52,10.16
"2023-09-28 14:00:00",9.67,58.68,-0.64,18.15,9.95
"2023-09-28 15:00:00",10.66,57.1,-0.15,16.08,8.95
"2023-09-28 16:00:00",10.57,57.7,-0.43,12.7,8.66
"2023-09-28 17:00:00",7.89,58.97,-0.7,13.83,8.73
"2023-09-28 18:00:00",5.3,61.76,-0.66,9.26,5.94
"2023-09-28 19:00:00",11.8,55.01,-0.47,7.04,5.56
"2023-09-28 20:00:00",10.45,68.99,-0.28,14.04,12.96
"2023-09-28 21:00:00",5.01,68.37,-0.49,15.37,14.57
"2023-09-28 22:00:00",4.13,65.42,-0.35,15,13.57
"2023-09-28 23:00:00",1.77,67.87,-0.32,17.05,14.78
"2023-09-29 00:00:00",0.56,64.59,-0.92,16.79,12.53
"2023-09-29 01:00:00",-0.03,59.63,-1.01,15.64,10.9
"2023-09-29 02:00:00",-0.25,55.33,-0.55,15.13,9.25
"2023-09-29 03:00:00",-0.43,52.44,-0.59,12.86,7.92
"2023-09-29 04:00:00",-0.2,50.55,-1.03,12.25,6.99
"2023-09-29 05:00:00",-0.11,49.28,-0.71,12.11,6.28
"2023-09-29 06:00:00",6.9,42.9,-0.58,10.91,5.69
"2023-09-29 07:00:00",7.81,39.91,-0.57,11.69,5.8
"2023-09-29 08:00:00",8.81,38.67,-0.69,11.98,5.51
"2023-09-29 09:00:00",6.66,42.49,-0.52,11.32,5.33
"2023-09-29 10:00:00",5.6,43.44,-0.48,11.02,5.22
"2023-09-29 11:00:00",4.4,44.08,-0.51,12.8,5.69
"2023-09-29 12:00:00",3.96,46.23,-0.42,11.67,5.59
"2023-09-29 13:00:00",7.91,48.35,-1.06,11.57,4.8
"2023-09-29 14:00:00",5.93,51.06,-0.84,8.63,3.87
"2023-09-29 15:00:00",3.89,52.93,-1.05,6.66,3.44
"2023-09-29 16:00:00",4.89,52.06,-0.95,9.12,4.55
"2023-09-29 17:00:00",7.25,48.36,-0.9,9.55,5.11
"2023-09-29 18:00:00",10.38,41.89,-0.95,10.88,5.75
"2023-09-29 19:00:00",17.44,29.21,-1.97,15.35,7.59
"2023-09-29 20:00:00",22.36,21.28,-0.97,15.47,10.76
"2023-09-29 21:00:00",12.67,32.07,-0.51,12.95,8.61
"2023-09-29 22:00:00",14.55,25.46,-0.4,11.69,7.87
"2023-09-29 23:00:00",8.98,25.52,-0.75,9.86,6.32
"2023-09-30 00:00:00",10.74,24.92,-0.79,10.34,6.39
"2023-09-30 01:00:00",10.94,19.59,-1.13,9.67,5.58
"2023-09-30 02:00:00",12.01,9.19,-0.82,8.32,4.82
"2023-09-30 03:00:00",10.7,10.25,-0.55,7.74,4.76
"2023-09-30 04:00:00",11.29,13.24,-0.53,6.25,3.61
"2023-09-30 05:00:00",11.54,7.41,-0.68,5.82,3.42
"2023-09-30 06:00:00",10.93,5.94,-1.09,6.69,3.86
"2023-09-30 07:00:00",23.66,-0.49,-0.8,6.96,4.07
"2023-09-30 08:00:00",20.64,14.81,-1.01,6.48,3.31
"2023-09-30 09:00:00",16.17,32.41,-0.96,7.82,3.82
"2023-09-30 10:00:00",18.76,26.89,-0.73,6.71,4
"2023-09-30 11:00:00",34.79,11.98,0.08,9.99,5.85
"2023-09-30 12:00:00",22.49,38.95,-0.72,6.72,5.31
"2023-09-30 13:00:00",18.81,40.49,-0.72,7.86,6.01
"2023-09-30 14:00:00",11.26,51.26,-0.8,5.1,3.93
"2023-09-30 15:00:00",11.52,45.7,-0.93,3.91,3.11
"2023-09-30 16:00:00",8.91,46.54,-0.79,4.73,3.72
"2023-09-30 17:00:00",13.79,35.3,-0.38,8.55,7.8
"2023-09-30 18:00:00",18.44,20.69,-0.71,18.91,16.64
"2023-09-30 19:00:00",22.3,12.8,-0.14,16.72,14.7
"2023-09-30 20:00:00",4.84,36.93,-0.47,9.55,8.13
"2023-09-30 21:00:00",2.54,39.2,-0.45,4.29,3.29
"2023-09-30 22:00:00",2.98,39.92,-1.03,5.52,4
"2023-09-30 23:00:00",1.4,49.81,-0.84,3.52,2.34
"2023-10-01 00:00:00",0.48,56.64,-0.67,3.09,2
"2023-10-01 01:00:00",0.71,60.14,-0.72,3.19,2.15
"2023-10-01 02:00:00",-0.02,62.74,-1.03,3.14,2.21
"2023-10-01 03:00:00",-0.04,63.6,-0.79,2.73,2.13
"2023-10-01 04:00:00",-0.03,59.79,-0.94,2.55,2.08
"2023-10-01 05:00:00",-0.34,58.9,-0.84,3.28,2.63
"2023-10-01 06:00:00",-0.01,57.67,-0.85,4.43,3.6
"2023-10-01 07:00:00",0.95,50.64,-0.8,5.46,4.17
"2023-10-01 08:00:00",2.24,46.72,-0.72,6.03,4.74
"2023-10-01 09:00:00",0.72,52.77,-1.01,7.84,5.98
"2023-10-01 10:00:00",0.97,53.98,-1.25,10.18,7.69
"2023-10-01 11:00:00",1.7,49.08,-1.27,10.34,7.65
"2023-10-01 12:00:00",4.32,42.03,-0.93,11.98,8.38
"2023-10-01 13:00:00",2.08,48.82,-1.23,9.58,6.71
"2023-10-01 14:00:00",3.94,46.84,-1.32,12.2,7.81
"2023-10-01 15:00:00",3.71,47.48,-2.03,10.88,7.21
"2023-10-01 16:00:00",6.14,47.79,-1.87,11.47,7.76
"2023-10-01 17:00:00",8.08,47.83,-1.06,11.63,7.26
"2023-10-01 18:00:00",12.16,35.49,-0.99,11.83,7.41
"2023-10-01 19:00:00",20.4,18.45,-0.78,12.41,8.49
"2023-10-01 20:00:00",36.6,-0.14,-0.61,24.4,19.59
"2023-10-01 21:00:00",27.96,3.49,-0.13,18.22,14.74
"2023-10-01 22:00:00",23.29,7.54,0.04,16.15,12.65
"2023-10-01 23:00:00",7.36,28.1,-0.57,12.88,9.4
"2023-10-02 00:00:00",3.03,35.32,-0.74,10.24,6.49
"2023-10-02 01:00:00",2.12,32.98,-0.91,9.58,6.01
"2023-10-02 02:00:00",1.26,42.65,-0.74,9.59,5.24
"2023-10-02 03:00:00",0.31,47.75,-1.13,9.06,4.97
"2023-10-02 04:00:00",1.81,46.92,-0.5,8.42,4.37
"2023-10-02 05:00:00",4.01,37.1,-0.83,7.42,4.13
"2023-10-02 06:00:00",4.16,46.95,-1.13,8.44,4.46
"2023-10-02 07:00:00",27.52,22.57,-1.01,9.08,4.88
"2023-10-02 08:00:00",19.3,31.95,-0.85,11.46,5.51
"2023-10-02 09:00:00",19.93,29.69,-1.07,12.04,5.44
"2023-10-02 10:00:00",24.6,24.47,-0.47,9.97,5.02
"2023-10-02 11:00:00",9.75,37.83,-1.4,13.13,5.26
"2023-10-02 12:00:00",9.88,41.18,-1.14,14.11,5.45
"2023-10-02 13:00:00",31.48,28.39,-0.15,11.65,5.19
"2023-10-02 14:00:00",10.41,41.94,-0.5,13.02,5.42
"2023-10-02 15:00:00",11.97,33.96,-0.69,12.55,5.26
"2023-10-02 16:00:00",12.49,31.79,-1.37,11.29,5.61
"2023-10-02 17:00:00",16.99,25.38,-0.61,10,5.91
"2023-10-02 18:00:00",19.37,25.25,-0.71,12.04,8.14
"2023-10-02 19:00:00",19.4,18.99,-0.56,12.23,9.36
"2023-10-02 20:00:00",11.52,27.38,-0.84,10.76,8.21
"2023-10-02 21:00:00",7.13,33.17,-1.18,9.18,6.9
"2023-10-02 22:00:00",4.13,36.29,-0.85,9.11,6.43
"2023-10-02 23:00:00",2.6,35.96,-1.47,8.29,5.8
"2023-10-03 00:00:00",3.3,35.26,-1.05,7.86,5.41
"2023-10-03 01:00:00",2.11,36.92,-1.73,7.45,5.37
"2023-10-03 02:00:00",0.6,45.62,-1.55,7.56,4.74
"2023-10-03 03:00:00",0.79,48.11,-1.07,6.6,4.26
"2023-10-03 04:00:00",1.29,50.86,-1.57,6.71,3.84
"2023-10-03 05:00:00",1.56,53.96,-1.2,7.29,3.81
"2023-10-03 06:00:00",3.24,50.27,-1.24,8.47,3.99
"2023-10-03 07:00:00",8.15,45.21,-1.09,9.56,4.51
"2023-10-03 08:00:00",10.71,44.72,-0.92,10.8,4.72
"2023-10-03 09:00:00",5.39,48.96,-0.29,8.94,4.42
"2023-10-03 10:00:00",7.22,45.03,-0.66,11.96,4.74
"2023-10-03 11:00:00",6.63,45.83,-0.98,11.28,4.7
"2023-10-03 12:00:00",7.88,46.9,-0.97,9.12,4.36
"2023-10-03 13:00:00",5.04,53.36,-1.09,9.17,4.17
"2023-10-03 14:00:00",5.23,55.21,-1.1,11.58,5.37
"2023-10-03 15:00:00",6.55,53.67,-0.6,14.73,5.88
"2023-10-03 16:00:00",5.03,57.28,-1,15.82,7.63
"2023-10-03 17:00:00",5.66,56.61,-1.04,16.89,8.32
"2023-10-03 18:00:00",11.8,48.35,-1.71,16,7.62
"2023-10-03 19:00:00",12.8,42.88,-1.2,15.11,7.62
"2023-10-03 20:00:00",6.02,51.93,-0.95,8.82,4.63
"2023-10-03 21:00:00",5.75,48.79,-1.18,5.17,3.43
"2023-10-03 22:00:00",1.77,52.68,-1.26,6.13,3.4
"2023-10-03 23:00:00",0.56,56.06,-1.34,7.23,3.72
"2023-10-04 00:00:00",0.04,53.38,-1.12,6.79,3.59
"2023-10-04 01:00:00",-0.32,53.59,-1.28,7.51,4.07
"2023-10-04 02:00:00",0.97,54.07,-1.13,7.92,4.3
"2023-10-04 03:00:00",0.14,55.67,-0.99,8.29,4.83
"2023-10-04 04:00:00",-0.49,58.2,-1.06,8.9,5.3
"2023-10-04 05:00:00",0,57.67,-1.15,11.14,5.63
"2023-10-04 06:00:00",3.02,54.65,-1.45,17.79,7.11
"2023-10-04 07:00:00",4.45,53.58,-2.58,17.04,7.49
"2023-10-04 08:00:00",6.56,53.24,-0.84,12.21,6.17
"2023-10-04 09:00:00",4.81,54.03,-0.98,11.07,5.45
"2023-10-04 10:00:00",3.38,54.33,-1.12,9.62,5.09
"2023-10-04 11:00:00",4.69,53.9,-1.25,11.78,5.12
"2023-10-04 12:00:00",3.57,55.86,-0.82,11.05,5.22
"2023-10-04 13:00:00",3.05,59.98,-1.15,9.63,4.76
"2023-10-04 14:00:00",9.13,56.89,-0.82,10.29,4.83
"2023-10-04 15:00:00",6.25,55.17,-0.88,10.66,4.68
"2023-10-04 16:00:00",4.35,53.09,-1.09,8,4.37
"2023-10-04 17:00:00",5.95,50.78,-1.29,6.5,3.99
"2023-10-04 18:00:00",7.77,49.03,-1.11,7.83,4.86
"2023-10-04 19:00:00",5.94,48.75,-0.86,7.74,5.24
"2023-10-04 20:00:00",3.66,53.58,-1.04,7.4,4.85
"2023-10-04 21:00:00",2.06,55.41,-1.21,7.13,4.48
"2023-10-04 22:00:00",2.18,53.16,-1.81,5.32,3.75
"2023-10-04 23:00:00",2.89,52.12,-1.21,5.84,3.9
"2023-10-05 00:00:00",0.16,54.11,-1.34,5.04,3.46
"2023-10-05 01:00:00",-0.47,54.29,-1.33,3.75,2.6
"2023-10-05 02:00:00",-0.64,53.65,-1.16,1.43,1.16
"2023-10-05 03:00:00",-0.71,56.16,-1.57,1.6,1.16
"2023-10-05 04:00:00",-0.7,61.52,-1.48,2.11,1.51
"2023-10-05 05:00:00",-0.28,63.22,-1.31,2.95,2.02
"2023-10-05 06:00:00",2.68,62.72,-1.16,3.15,2.27
"2023-10-05 07:00:00",7.23,55.11,-1.02,2.56,1.71
"2023-10-05 08:00:00",10.55,54.8,-1.43,6.48,2.56
"2023-10-05 09:00:00",7.52,59.68,-1.11,3.38,1.66
"2023-10-05 10:00:00",6.17,62.64,-1.35,2.25,1.5
"2023-10-05 11:00:00",3.81,64.13,-1.16,5.06,2.52
"2023-10-05 12:00:00",4.35,63.61,-1.12,3.41,1.39
"2023-10-05 13:00:00",6.99,60.08,-1.03,3.05,1.29
"2023-10-05 14:00:00",2.1,59.28,-0.67,4.53,1.74
"2023-10-05 15:00:00",4.26,57.33,-0.64,3.24,1.73
"2023-10-05 16:00:00",2.42,54.97,-0.91,3.05,1.89
"2023-10-05 17:00:00",2.44,53.9,-0.8,3.06,1.95
"2023-10-05 18:00:00",3.05,51.57,-0.88,3.48,2.32
"2023-10-05 19:00:00",2.55,49.92,-0.59,3.14,1.92
"2023-10-05 20:00:00",2.74,48.39,-0.78,3.18,1.77
"2023-10-05 21:00:00",2.13,48.05,-1.09,1.44,1.03
"2023-10-05 22:00:00",0.37,48.81,-0.87,2.24,1.31
"2023-10-05 23:00:00",0.05,49.2,-0.92,2.32,1.44
"2023-10-06 00:00:00",-0.41,49.42,-0.87,1.95,1.02
"2023-10-06 01:00:00",-0.67,49.2,-0.84,1.18,0.59
"2023-10-06 02:00:00",-0.75,49.47,-1.04,1.24,0.63
"2023-10-06 03:00:00",-0.93,50.78,-0.95,1.46,0.7
"2023-10-06 04:00:00",-0.79,49.35,-1.08,1.58,0.85
"2023-10-06 05:00:00",-0.75,47.12,-1.01,1.86,0.97
"2023-10-06 06:00:00",0.82,42.39,-1.16,2.96,1.39
"2023-10-06 07:00:00",4.77,36.89,-0.97,4.3,1.85
"2023-10-06 08:00:00",3.8,36.35,-1.33,6.42,3.09
"2023-10-06 09:00:00",3.03,36.59,-1.33,13.29,4.27
"2023-10-06 10:00:00",2.04,37.13,-1.78,6.76,3.09
"2023-10-06 11:00:00",3.58,37.4,-1.35,6.06,2.65
"2023-10-06 12:00:00",2.73,36.75,-1.3,5.7,2.54
"2023-10-06 13:00:00",4,37.28,-0.99,6.68,2.87
"2023-10-06 14:00:00",3.29,38.7,-1.27,7.1,2.87
"2023-10-06 15:00:00",3.58,39.32,-0.63,7.19,3.07
"2023-10-06 16:00:00",4.63,37.46,-0.39,6.9,2.87
"2023-10-06 17:00:00",3.43,37.67,-0.8,8.17,3.56
"2023-10-06 18:00:00",2.96,39.97,-0.98,8.31,4.36
"2023-10-06 19:00:00",3.16,38.49,-0.83,8.02,4.64
"2023-10-06 20:00:00",5.17,36.19,-0.84,6.49,3.57
"2023-10-06 21:00:00",1.37,40.36,-0.46,4.75,2.94
"2023-10-06 22:00:00",1.89,45.14,-0.92,5.58,3.76
"2023-10-06 23:00:00",2.49,53.39,-0.79,7.48,5.56
"2023-10-07 00:00:00",1.89,59.72,-0.82,9,6.71
"2023-10-07 01:00:00",0.57,61.3,-0.9,10.11,6.49
"2023-10-07 02:00:00",-0.16,59.87,-1,10.57,6.23
"2023-10-07 03:00:00",0.15,58.65,-0.91,10.67,6.25
"2023-10-07 04:00:00",0.25,55.21,-1.02,10.94,5.55
"2023-10-07 05:00:00",2.12,42,-1.17,10.76,5.45
"2023-10-07 06:00:00",0.31,55.74,-2.1,10.1,4.81
"2023-10-07 07:00:00",8.59,41.17,-1.45,11.33,5.53
"2023-10-07 08:00:00",24.7,21.31,-0.66,14.5,7.15
"2023-10-07 09:00:00",32.04,19.23,0.05,23.97,9.88
"2023-10-07 10:00:00",4.29,35.83,-1.02,25.52,9.33
"2023-10-07 11:00:00",5.4,31.66,-1.38,26.4,9.85
"2023-10-07 12:00:00",4.02,35.23,-0.62,27.04,9.62
"2023-10-07 13:00:00",4.84,35.22,-0.6,28.29,10.63
"2023-10-07 14:00:00",3.65,34.87,-1.08,33.02,11.85
"2023-10-07 15:00:00",6.11,31.42,-0.74,33.56,12.12
"2023-10-07 16:00:00",6.46,32.72,-0.85,33.96,12.89
"2023-10-07 17:00:00",23.19,31.31,-0.15,32.17,13.12
"2023-10-07 18:00:00",12.74,32.67,-0.36,36.73,14.45
"2023-10-07 19:00:00",5.78,41.69,-0.55,38.44,13.66
"2023-10-07 20:00:00",3.36,46.79,-0.57,35.66,12.05
"2023-10-07 21:00:00",3.16,43.79,-0.98,35.92,11.22
"2023-10-07 22:00:00",25.84,11.73,-0.3,39.84,16.22
"2023-10-07 23:00:00",41.59,-3.15,0.25,36.69,18.88
"2023-10-08 00:00:00",41.03,-4.09,0.6,31.93,18.92
"2023-10-08 01:00:00",37.38,-4.13,0.26,29.63,17.8
"2023-10-08 02:00:00",31.44,-3.28,-0.03,28.62,16.99
"2023-10-08 03:00:00",27.82,-3.67,-0.24,28.21,15.88
"2023-10-08 04:00:00",25.83,-2.28,-0.36,26.28,15.07
"2023-10-08 05:00:00",20.96,-2.1,-0.53,25.92,14.52
"2023-10-08 06:00:00",23.05,-3.96,-0.23,25.31,14.99
"2023-10-08 07:00:00",25.74,-3.91,-0.56,23.87,14.99
"2023-10-08 08:00:00",23.46,0.87,-0.69,20.46,13.64
"2023-10-08 09:00:00",22.46,7.77,-1.25,17.01,11.94
"2023-10-08 10:00:00",12.46,41.18,-1.37,10.32,6.57
"2023-10-08 11:00:00",11.24,53.57,-0.99,10.45,6.29
"2023-10-08 12:00:00",32.13,11.51,-0.09,19.24,11.85
"2023-10-08 13:00:00",19.01,37.16,0.14,14.13,8.86
"2023-10-08 14:00:00",6.9,55.47,-0.81,12.61,7.57
"2023-10-08 15:00:00",5.53,64.46,-0.21,15.53,8.74
"2023-10-08 16:00:00",10.68,45.99,-0.04,16.96,9.26
"2023-10-08 17:00:00",14.25,34.8,-0.58,14.86,9.22
"2023-10-08 18:00:00",37.91,12.09,-0.54,21.99,14.96
"2023-10-08 19:00:00",41.9,1.13,-0.43,21.24,14.4
"2023-10-08 20:00:00",33.21,1.52,-0.57,18.45,12.97
"2023-10-08 21:00:00",20.46,21.89,-0.66,16.49,10.93
"2023-10-08 22:00:00",4.52,43.71,-0.58,10.81,6.91
"2023-10-08 23:00:00",2.33,40.23,-1.03,9.73,6.4
"2023-10-09 00:00:00",3.26,36.56,-0.99,11.06,6.9
"2023-10-09 01:00:00",3.16,33.07,-1.23,12.58,6.93
"2023-10-09 02:00:00",4.97,23.84,-1.71,12.51,7.31
"2023-10-09 03:00:00",5.68,29.06,-0.87,11.57,7.13
"2023-10-09 04:00:00",4.97,29.15,-0.85,11.47,7.04
"2023-10-09 05:00:00",12.49,18.92,-2,13.15,7.73
"2023-10-09 06:00:00",19.42,4.49,-2.75,13.82,8.11
"2023-10-09 07:00:00",23.11,-3.23,-0.25,13.83,8.39
"2023-10-09 08:00:00",23.88,-3.07,0.63,21.39,10.39
"2023-10-09 09:00:00",34.6,-2.57,1.16,26.99,11.43
"2023-10-09 10:00:00",51.35,0.45,1.97,25,13.84
"2023-10-09 11:00:00",44.36,5.39,1.32,18.34,10.93
"2023-10-09 12:00:00",47.91,5.89,0.99,24.78,11.07
"2023-10-09 13:00:00",50.16,5.09,1.69,26.02,10.96
"2023-10-09 14:00:00",50.5,8.08,2.71,21.76,10.79
"2023-10-09 15:00:00",46.39,11.2,1.1,16.5,8.88
"2023-10-09 16:00:00",49,13.13,0.75,15.27,8.11
"2023-10-09 17:00:00",63.62,-1.01,1.97,23.84,12.4
"2023-10-09 18:00:00",50.21,-3.53,2.4,21.62,11.91
"2023-10-09 19:00:00",47.5,-3.88,2.53,21.75,14.42
"2023-10-09 20:00:00",45.29,-3.92,3.73,26.48,19.34
"2023-10-09 21:00:00",38.33,-4.03,2.92,26.9,18.44
"2023-10-09 22:00:00",32.88,-4.1,3.13,25.69,18.3
"2023-10-09 23:00:00",25.05,-3.99,2.44,23.65,16.17
"2023-10-10 00:00:00",23.94,-3.9,1.95,22.89,15.95
"2023-10-10 01:00:00",26.51,-3.86,2.13,21.94,13.84
"2023-10-10 02:00:00",25.81,-4.21,0.23,18.8,10.81
"2023-10-10 03:00:00",23.21,-4.22,0.03,17.73,10.12
"2023-10-10 04:00:00",22.19,-4.28,-0.27,17.38,9.58
"2023-10-10 05:00:00",22.78,-4.31,0.25,18.07,10.13
"2023-10-10 06:00:00",24.1,2.63,0.21,21.31,9.87
"2023-10-10 07:00:00",23.64,15.3,0.54,21.4,10.18
"2023-10-10 08:00:00",19.67,54.25,-0.56,25.57,9.77
"2023-10-10 09:00:00",26.69,53.75,0.69,21.68,9.66
"2023-10-10 10:00:00",8.81,66.81,-0.02,23.99,10.14
"2023-10-10 11:00:00",5.3,73.46,-0.1,26.49,10.6
"2023-10-10 12:00:00",5.01,74.91,-0.46,24.08,10.28
"2023-10-10 13:00:00",4.28,67.48,-0.37,24.38,10.32
"2023-10-10 14:00:00",3.12,62.58,-0.04,20.85,8.9
"2023-10-10 15:00:00",5.9,55.74,-0.07,18.19,8.04
"2023-10-10 16:00:00",5.3,52.57,-0.32,17.01,7.81
"2023-10-10 17:00:00",5.58,50.49,-0.05,10.43,4.96
"2023-10-10 18:00:00",4.84,50.15,-0.4,7.78,4.23
"2023-10-10 19:00:00",5.57,51.42,-0.46,9.58,4.14
"2023-10-10 20:00:00",4.33,56.24,-0.55,6.07,3.08
"2023-10-10 21:00:00",2.54,61.58,-0.77,4.06,2.49
"2023-10-10 22:00:00",1.84,60.19,-0.87,5.83,3.57
"2023-10-10 23:00:00",0.49,63.77,-0.85,4.86,2.69
"2023-10-11 00:00:00",-0.17,60.9,-0.87,4.81,2.91
"2023-10-11 01:00:00",-0.42,57.33,-1.01,3.47,2.07
"2023-10-11 02:00:00",-0.49,56.8,-0.89,3.52,2.41
"2023-10-11 03:00:00",-0.13,57.73,-0.63,3.24,2.25
"2023-10-11 04:00:00",-0.09,58.73,-0.52,2.5,1.62
"2023-10-11 05:00:00",0.74,55.55,-0.83,2.08,1.35
"2023-10-11 06:00:00",5.97,47.68,-0.47,1.17,0.4
"2023-10-11 07:00:00",13.27,40.49,-0.87,1.77,0.8
"2023-10-11 08:00:00",21.28,37.74,-0.27,7.7,4.19
"2023-10-11 09:00:00",18.17,41.16,-0.38,11.33,6.76
"2023-10-11 10:00:00",22.73,34.91,-0.56,14.02,8.07
"2023-10-11 11:00:00",24.4,35.33,-0.62,14.99,9.1
"2023-10-11 12:00:00",26.31,29.72,0.18,13.58,8.15
"2023-10-11 13:00:00",23.46,29.38,-0.4,13.31,7.61
"2023-10-11 14:00:00",23.44,28.23,0.23,12.21,6.67
"2023-10-11 15:00:00",25.34,28.37,-0.27,12.63,6.93
"2023-10-11 16:00:00",26.38,22.37,-0.15,12.76,6.82
"2023-10-11 17:00:00",28.32,15.08,-0.22,14.45,7.66
"2023-10-11 18:00:00",18.42,22.89,-0.59,13.29,7.3
"2023-10-11 19:00:00",22.98,13.83,-0.62,13.59,7.21
"2023-10-11 20:00:00",37.48,-0.97,0,30.46,25.27
"2023-10-11 21:00:00",33.14,-3.28,0.76,26.18,20.14
"2023-10-11 22:00:00",30.33,-3.42,0.61,23.8,18.6
"2023-10-11 23:00:00",25.95,-3.81,0.14,16.48,13.2
"2023-10-12 00:00:00",21.78,-2.17,-0.23,12.32,8.61
"2023-10-12 01:00:00",19.23,-0.92,-0.38,10.31,6.17
"2023-10-12 02:00:00",17.16,2.86,-0.94,10.55,6.36
"2023-10-12 03:00:00",12.16,7.4,-0.74,9.52,5.99
"2023-10-12 04:00:00",10.95,7.94,-0.37,8.87,5.88
"2023-10-12 05:00:00",18.58,3.42,-0.72,10.72,6.79
"2023-10-12 06:00:00",27.6,-1.7,0.61,11.38,7.94
"2023-10-12 07:00:00",27.25,-3.27,-0.06,8.33,4.76
"2023-10-12 08:00:00",35,-3.18,1.14,12.04,5.66
"2023-10-12 09:00:00",44.03,-1.73,1.83,13.76,6.06
"2023-10-12 10:00:00",48,1.84,1.11,23.32,9.61
"2023-10-12 11:00:00",49.34,8.4,0.31,15.93,6.88
"2023-10-12 12:00:00",28.27,23.7,-0.25,14.76,6.17
"2023-10-12 13:00:00",22.92,25.74,-0.34,13.32,5.77
"2023-10-12 14:00:00",7.54,44.37,-0.63,8.77,4.02
"2023-10-12 15:00:00",6.81,44.9,-0.76,6.32,3.27
"2023-10-12 16:00:00",7.49,44.73,-0.38,5.49,2.88
"2023-10-12 17:00:00",10.11,38.61,-0.37,6.58,3.67
"2023-10-12 18:00:00",12.91,32.29,-0.18,7.12,4.39
"2023-10-12 19:00:00",22.91,19.59,0,10.57,7.01
"2023-10-12 20:00:00",26.83,14.1,-0.01,15.66,11.06
"2023-10-12 21:00:00",29.93,10.14,0.24,19.75,14.13
"2023-10-12 22:00:00",30.2,4.64,0.35,15.48,11.87
"2023-10-12 23:00:00",23.11,5.47,0.19,12.66,9.58
"2023-10-13 00:00:00",22.8,4.11,0.42,10.66,8.13
"2023-10-13 01:00:00",24.59,-1.02,0.23,12.19,8.48
"2023-10-13 02:00:00",30.18,-3.35,0,13.3,9.55
"2023-10-13 03:00:00",26.15,3.34,-0.26,11.45,8.12
"2023-10-13 04:00:00",11.53,17.97,-0.36,8.68,6.72
"2023-10-13 05:00:00",7.96,17.1,-0.58,6.75,5.68
"2023-10-13 06:00:00",9.18,31.23,-0.83,3.83,3.1
"2023-10-13 07:00:00",13.55,36.59,-0.6,3.74,2.4
"2023-10-13 08:00:00",28.46,25.45,-0.47,6.53,3.04
"2023-10-13 09:00:00",18.3,31.76,-0.29,7.4,3.53
"2023-10-13 10:00:00",12.97,35.73,-0.19,7.51,3.84
"2023-10-13 11:00:00",8.57,46,-0.27,12.22,5.87
"2023-10-13 12:00:00",9.11,54.04,-0.2,12.72,6.23
"2023-10-13 13:00:00",6.15,51.59,-0.49,12.12,5.45
"2023-10-13 14:00:00",6.2,51.45,-0.42,9.79,4.58
"2023-10-13 15:00:00",7.03,49.2,0.1,10.49,4.8
"2023-10-13 16:00:00",7.82,50.21,-0.58,11.7,5.2
"2023-10-13 17:00:00",6.74,49.52,-0.34,8.24,3.95
"2023-10-13 18:00:00",35.34,34.49,0.67,8.12,4.04
"2023-10-13 19:00:00",12.59,38.52,-0.41,10.62,5.93
"2023-10-13 20:00:00",10.37,37.36,-0.67,12.64,7.72
"2023-10-13 21:00:00",13.37,31.85,0.61,12.69,7.84
"2023-10-13 22:00:00",8.94,32.64,0.31,12.41,7.6
"2023-10-13 23:00:00",6.12,34.23,-0.25,10.45,6.94
"2023-10-14 00:00:00",4.63,35.58,-0.61,10.1,6.07
"2023-10-14 01:00:00",3.08,34.2,-0.07,8.29,5.19
"2023-10-14 02:00:00",1.87,36.94,-0.61,6.04,3.98
"2023-10-14 03:00:00",3.22,40.12,-0.47,4.01,2.57
"2023-10-14 04:00:00",1.47,38.7,-0.36,3.5,2.24
"2023-10-14 05:00:00",2.35,35.24,-0.37,4.61,2.77
"2023-10-14 06:00:00",3.37,34.26,-0.33,3.67,2.15
"2023-10-14 07:00:00",5.62,34.34,-0.19,4.85,2.08
"2023-10-14 08:00:00",8.04,32.24,-0.66,4.44,2.33
"2023-10-14 09:00:00",8.78,34.08,-0.69,5.58,2.4
"2023-10-14 10:00:00",6.44,39.82,-0.54,4.35,1.95
"2023-10-14 11:00:00",9.61,36.81,-0.46,3.79,2.1
"2023-10-14 12:00:00",14.45,38.63,-0.12,4.52,2.07
"2023-10-14 13:00:00",6.68,45.47,-1.13,4.61,2.44
"2023-10-14 14:00:00",5.11,47.93,-0.66,4.8,2.46
"2023-10-14 15:00:00",4.35,53.06,-1.15,4.86,2.47
"2023-10-14 16:00:00",5.49,50.65,-1.3,5.22,2.68
"2023-10-14 17:00:00",6.56,46.62,-0.63,5.94,3.11
"2023-10-14 18:00:00",10.84,42.93,-0.38,5.5,3.44
"2023-10-14 19:00:00",16.96,32.03,0.37,12.41,9.14
"2023-10-14 20:00:00",15.29,32.09,0.09,12.55,9.85
"2023-10-14 21:00:00",12.1,34.88,0.25,14.54,11.45
"2023-10-14 22:00:00",9.93,33.01,0.18,11.07,8.29
"2023-10-14 23:00:00",11.3,26.61,0.01,11.72,8.92
"2023-10-15 00:00:00",7.64,31.8,-0.13,8.34,6.42
"2023-10-15 01:00:00",4.44,37.39,-0.38,7.82,5.01
"2023-10-15 02:00:00",3.41,37.48,-0.58,7.53,4.66
"2023-10-15 03:00:00",4.88,32.98,-0.54,6.44,4.39
"2023-10-15 04:00:00",4.3,35.48,-0.92,6.22,3.8
"2023-10-15 05:00:00",4.32,33.82,-1.05,5.88,3.88
"2023-10-15 06:00:00",8.02,27.57,-0.64,5.7,3.76
"2023-10-15 07:00:00",8.14,26.53,-0.75,5.31,3.39
"2023-10-15 08:00:00",19.7,12.6,-0.95,6.59,3.94
"2023-10-15 09:00:00",17.95,19.51,-0.87,8.29,5.11
"2023-10-15 10:00:00",9.84,37.67,-0.58,7.91,4.19
"2023-10-15 11:00:00",8.78,37.31,-0.47,7.08,4.02
"2023-10-15 12:00:00",6.49,44.04,-0.7,5.25,3.11
"2023-10-15 13:00:00",11.73,41.32,-0.38,6.18,3.23
"2023-10-15 14:00:00",14.7,40.21,-0.27,6.29,4.22
"2023-10-15 15:00:00",16.23,43.1,-0.67,7.47,4.56
"2023-10-15 16:00:00",20.35,37.51,-0.46,28.63,25.09
"2023-10-15 17:00:00",19.76,37.04,-0.61,17.97,14.08
"2023-10-15 18:00:00",24.43,25.31,-0.2,15.71,11.96
"2023-10-15 19:00:00",42.53,3.15,1.11,37.29,33.84
"2023-10-15 20:00:00",48.83,-0.96,3.06,65.99,61.83
"2023-10-15 21:00:00",47.71,0.87,7.05,92.91,87.83
"2023-10-15 22:00:00",43.73,-2.4,6.58,60.37,56.71
"2023-10-15 23:00:00",37.59,-2.19,4.13,44.95,41.89
"2023-10-16 00:00:00",39.44,-2.47,2.74,39.67,36.23
"2023-10-16 01:00:00",36.95,-3.26,1.56,26.77,23.83
"2023-10-16 02:00:00",34.19,-3.34,1.69,24.25,21.3
"2023-10-16 03:00:00",33.94,-2.86,0.35,19.13,16.39
"2023-10-16 04:00:00",20.32,6.73,-0.79,8.61,7.29
"2023-10-16 05:00:00",22.75,1.35,-0.4,9.51,7.62
"2023-10-16 06:00:00",27.56,-1.85,0.01,9.63,7.45
"2023-10-16 07:00:00",35.36,-3.51,1.94,10.95,7.85
"2023-10-16 08:00:00",52.53,-3.14,2.93,13.63,8.17
"2023-10-16 09:00:00",45.07,-1.42,2.02,15.02,6.98
"2023-10-16 10:00:00",29.55,18.33,-0.07,10.86,4.07
"2023-10-16 11:00:00",20.74,35.24,-0.43,8.51,3.03
"2023-10-16 12:00:00",28.48,35.69,1.1,11.15,3.38
"2023-10-16 13:00:00",49.98,39.62,1.39,17.85,4.82
"2023-10-16 14:00:00",23.18,40.39,0.05,7.18,2.91
"2023-10-16 15:00:00",25.86,40.87,-0.57,8.34,3.6
"2023-10-16 16:00:00",28.23,40.84,-0.36,9.23,4.72
"2023-10-16 17:00:00",19.27,40.84,-0.67,9.4,4.54
"2023-10-16 18:00:00",36.47,21.97,-0.46,13.04,9.05
"2023-10-16 19:00:00",47,2.78,0.41,23.62,18.22
"2023-10-16 20:00:00",40.56,9.71,0.94,22.88,18.81
"2023-10-16 21:00:00",20.97,36.47,0.33,10.88,7.73
"2023-10-16 22:00:00",11.93,45.13,-0.1,10.87,6.07
"2023-10-16 23:00:00",6.56,48.81,-0.64,10.07,5.21
"2023-10-17 00:00:00",5.65,48.99,-0.58,10.61,5.83
"2023-10-17 01:00:00",5.7,45.36,-1.5,9.69,5.36
"2023-10-17 02:00:00",5.05,47.26,-0.96,9.26,5.22
"2023-10-17 03:00:00",3.81,50.3,-0.46,7.84,4.85
"2023-10-17 04:00:00",2.78,53.02,-0.72,8.17,4.69
"2023-10-17 05:00:00",3.24,52.03,-0.76,7.77,4.44
"2023-10-17 06:00:00",7.13,48.54,-0.54,6.91,3.82
"2023-10-17 07:00:00",23.82,35.7,-0.37,8.06,3.98
"2023-10-17 08:00:00",29.08,27.51,-0.63,10.89,4.76
"2023-10-17 09:00:00",30.8,28.14,0.32,20.54,6.61
"2023-10-17 10:00:00",29.24,34.97,0.02,11.64,5.57
"2023-10-17 11:00:00",32.55,36.17,0.3,14.45,6.14
"2023-10-17 12:00:00",34.89,34.3,0.37,13.6,6.26
"2023-10-17 13:00:00",32.17,36.95,0.58,15.15,7.46
"2023-10-17 14:00:00",29.64,37.66,-2.7,16.63,7.94
"2023-10-17 15:00:00",35.77,36.57,-0.97,15.75,7.96
"2023-10-17 16:00:00",27.19,38.59,-0.75,16.25,8.36
"2023-10-17 17:00:00",25.48,37.65,-0.03,14.36,8.03
"2023-10-17 18:00:00",25.66,38.71,-0.21,15.79,9.67
"2023-10-17 19:00:00",18.95,43.18,0.49,18.84,11.81
"2023-10-17 20:00:00",16.81,46.35,0.67,16.28,10.11
"2023-10-17 21:00:00",9.72,53.77,0.49,15.1,8.87
"2023-10-17 22:00:00",10.12,51.44,0.03,13.13,7.06
"2023-10-17 23:00:00",7.29,56.18,-0.13,11.79,6.5
"2023-10-18 00:00:00",4.94,59.02,-0.47,11.87,6.58
"2023-10-18 01:00:00",3.93,59.51,-0.54,12.57,6.86
"2023-10-18 02:00:00",3.39,60.1,-0.34,15.71,7.15
"2023-10-18 03:00:00",3.97,56.51,-0.49,13.2,6.61
"2023-10-18 04:00:00",3.28,57.72,-0.09,14.65,6.98
"2023-10-18 05:00:00",4.52,52.87,-0.33,17.77,7.72
"2023-10-18 06:00:00",11.49,45.22,-0.2,16.65,8.27
"2023-10-18 07:00:00",19.97,35.54,-0.16,14.95,8.27
"2023-10-18 08:00:00",27.51,25.36,0.27,28.13,12.85
"2023-10-18 09:00:00",39.82,16.14,1.53,31.79,14.02
"2023-10-18 10:00:00",56.72,14.05,1.77,46.04,15.22
"2023-10-18 11:00:00",53.97,13.71,2.24,108.37,23.43
"2023-10-18 12:00:00",46.05,17.18,0.92,38.35,16.5
"2023-10-18 13:00:00",51.59,14.34,1.69,40.88,18.17
"2023-10-18 14:00:00",46.93,20.08,1.14,36.74,18.71
"2023-10-18 15:00:00",47.81,22.47,1.38,34.92,16.67
"2023-10-18 16:00:00",46.23,21.11,1.04,32.94,20.63
"2023-10-18 17:00:00",47.08,17.13,1.16,18.47,13.82
"2023-10-18 18:00:00",19.57,34.34,0.15,21.92,14.86
"2023-10-18 19:00:00",17.54,37.45,-2.21,26.33,16.59
"2023-10-18 20:00:00",11.44,41.15,-1.16,24.91,17.35
"2023-10-18 21:00:00",12.1,35.35,-0.02,14.79,10.93
"2023-10-18 22:00:00",12.47,33.02,0.06,13.26,10.02
"2023-10-18 23:00:00",8.93,35.49,0.24,13.41,9.48
"2023-10-19 00:00:00",6.94,38.67,0.16,13.37,9.87
"2023-10-19 01:00:00",6.24,39.77,0.21,12.86,8.93
"2023-10-19 02:00:00",6.66,37.85,-0.08,9.83,5.63
"2023-10-19 03:00:00",6.24,35.73,-0.03,7.2,4.14
"2023-10-19 04:00:00",8.26,30.5,0.08,7.08,3.89
"2023-10-19 05:00:00",13.84,22.99,-0.74,5.17,3.12
"2023-10-19 06:00:00",22.25,13.68,0.6,5.95,2.81
"2023-10-19 07:00:00",55.66,4.59,2.48,10.26,4.09
"2023-10-19 08:00:00",37.63,2.69,1.32,23.24,4.89
"2023-10-19 09:00:00",42.39,2.51,2.51,5.04,3.06
"2023-10-19 10:00:00",48.08,5.98,2.69,4.89,2.74
"2023-10-19 11:00:00",64.97,7.46,4.73,6.22,2.55
"2023-10-19 12:00:00",51.21,14.07,2.73,6.66,3.21
"2023-10-19 13:00:00",25.45,40.47,0.79,6.12,3.36
"2023-10-19 14:00:00",18.46,59.34,-0.5,8.1,4.36
"2023-10-19 15:00:00",31.2,52.33,-0.03,19.04,9.1
"2023-10-19 16:00:00",63.92,35.46,1.63,11.85,8.25
"2023-10-19 17:00:00",30.14,36.3,0.3,13.26,10.98
"2023-10-19 18:00:00",35.92,25.63,0.19,11.94,8.85
"2023-10-19 19:00:00",27.27,32.2,0.09,19.22,15.41
"2023-10-19 20:00:00",29.51,26.68,0.42,16.16,11.99
"2023-10-19 21:00:00",15.93,37.87,0.24,14.05,10.34
"2023-10-19 22:00:00",10.43,40.48,0.01,7.79,5.37
"2023-10-19 23:00:00",10.06,41.92,-0.23,7.82,4.46
"2023-10-20 00:00:00",10.61,40.96,0.1,8.84,4.86
"2023-10-20 01:00:00",7.31,45.92,-0.34,8.36,4.58
"2023-10-20 02:00:00",7.35,39.94,-0.1,7.74,4.02
"2023-10-20 03:00:00",6.32,41.97,-0.07,7.73,4.03
"2023-10-20 04:00:00",6.4,33.03,-0.63,7.34,3.79
"2023-10-20 05:00:00",4.88,15.56,-0.88,4.84,2.76
"2023-10-20 06:00:00",7.83,7.11,-0.1,5.25,3.27
"2023-10-20 07:00:00",28.77,1.87,0.18,7.22,4.65
"2023-10-20 08:00:00",67.31,3.16,2.11,12.15,7.25
"2023-10-20 09:00:00",87.39,5.45,3.12,19.49,10.38
"2023-10-20 10:00:00",78.54,15.77,2.53,79.47,18.3
"2023-10-20 11:00:00",74.88,19.97,2.32,8.39,4.94
"2023-10-20 12:00:00",50.2,18.52,1.72,11.52,6.37
"2023-10-20 13:00:00",39.02,33.56,0.83,15.08,8.7
"2023-10-20 14:00:00",43.44,30.78,0.93,14.83,8.75
"2023-10-20 15:00:00",34.23,36.5,0.49,13.85,8.2
"2023-10-20 16:00:00",13.55,47.11,0.11,16.26,8.93
"2023-10-20 17:00:00",17.26,44.4,0.43,14.86,8.21
"2023-10-20 18:00:00",13.58,50.17,0.38,14.76,8.28
"2023-10-20 19:00:00",14.77,49.37,0.7,15.68,9
"2023-10-20 20:00:00",12.6,50.2,0.27,16.34,8.69
"2023-10-20 21:00:00",8.33,53.02,0.12,20.01,9.04
"2023-10-20 22:00:00",5.78,53.65,-0.19,19.14,7.79
"2023-10-20 23:00:00",5.09,53.33,-0.69,13.05,6.14
"2023-10-21 00:00:00",4.75,54.43,-0.77,15.32,6.25
"2023-10-21 01:00:00",3.2,56.31,-0.3,15.05,5.75
"2023-10-21 02:00:00",2.43,54.69,-0.3,14.25,5.21
"2023-10-21 03:00:00",2.71,51.32,-0.51,13.75,4.59
"2023-10-21 04:00:00",2.92,44.06,-0.54,8.92,3.89
"2023-10-21 05:00:00",3.68,42.25,-0.95,4.92,2.69
"2023-10-21 06:00:00",4.52,35.17,-0.52,5.29,1.93
"2023-10-21 07:00:00",10.77,26.02,-0.6,4.64,1.87
"2023-10-21 08:00:00",15.44,20.28,-0.33,3.93,1.87
"2023-10-21 09:00:00",14.46,21.65,-0.24,4.93,2.29
"2023-10-21 10:00:00",11.67,25.71,-0.68,5.42,2.61
"2023-10-21 11:00:00",10.74,27.81,-0.45,5,2.82
"2023-10-21 12:00:00",7.58,27.85,0.13,4.62,2.51
"2023-10-21 13:00:00",5.65,32.67,0.06,3.43,1.97
"2023-10-21 14:00:00",6.55,33.93,-0.29,2.98,1.7
"2023-10-21 15:00:00",12.06,32.68,-0.03,3.52,2.09
"2023-10-21 16:00:00",8.91,32.85,-0.29,3.36,2.01
"2023-10-21 17:00:00",16.17,26.96,-0.27,7.44,5.01
"2023-10-21 18:00:00",16.83,22.12,-0.19,9.96,7.74
"2023-10-21 19:00:00",18.76,22.2,-0.45,11.68,9.88
"2023-10-21 20:00:00",11.45,30.14,0.16,11.05,9.04
"2023-10-21 21:00:00",11.64,29.93,-0.23,10.28,8.52
"2023-10-21 22:00:00",8.44,31.49,0.29,9.44,7.62
"2023-10-21 23:00:00",8.19,30.69,0.3,8.38,6.87
"2023-10-22 00:00:00",7.31,27.39,0.58,8.33,6.8
"2023-10-22 01:00:00",4.25,34.07,-0.09,6.71,4.94
"2023-10-22 02:00:00",4.46,32.74,-0.35,5.53,3.76
"2023-10-22 03:00:00",3.03,32.37,-0.07,5.14,3.66
"2023-10-22 04:00:00",0.81,34.41,-0.37,4.84,3.05
"2023-10-22 05:00:00",1.15,32.48,-0.64,4.56,2.75
"2023-10-22 06:00:00",3.07,29.71,-0.9,4.24,2.32
"2023-10-22 07:00:00",9.73,15.98,-2.24,4.75,3.01
"2023-10-22 08:00:00",16.8,6.07,-1.18,6.76,4.95
"2023-10-22 09:00:00",21.44,5.35,-0.06,8.93,6.32
"2023-10-22 10:00:00",16.56,25.34,-0.43,8.77,4.88
"2023-10-22 11:00:00",6.72,45.89,-0.68,5.29,2.63
"2023-10-22 12:00:00",3.87,43.31,-0.47,4.44,2.53
"2023-10-22 13:00:00",3.46,51.28,-0.66,6.32,4.11
"2023-10-22 14:00:00",9.66,42.69,-0.42,6.11,3.59
"2023-10-22 15:00:00",13.44,39.63,-0.4,7.13,4.1
"2023-10-22 16:00:00",14.43,40.15,-0.97,8.1,5.3
"2023-10-22 17:00:00",18.46,32.63,-0.41,10.22,7.35
"2023-10-22 18:00:00",34.64,11.99,0.51,24.25,20.56
"2023-10-22 19:00:00",38.92,-1.65,1.42,43.02,38.58
"2023-10-22 20:00:00",39.51,6.3,1.52,47.61,42.32
"2023-10-22 21:00:00",35.45,8.18,2.24,27.58,24.71
"2023-10-22 22:00:00",23.56,22.13,1.9,16.43,14.25
"2023-10-22 23:00:00",23.84,17.99,0.87,9.09,7.1
"2023-10-23 00:00:00",11.42,31.25,0.52,6.6,5.04
"2023-10-23 01:00:00",5.88,30.97,-0.58,4.85,3.54
"2023-10-23 02:00:00",3.23,46.95,-0.37,6.74,3.57
"2023-10-23 03:00:00",2.15,48.18,-0.45,8.01,4.17
"2023-10-23 04:00:00",2.62,54.75,-0.58,9.65,5.16
"2023-10-23 05:00:00",4.19,53.34,-0.46,10.2,5.3
"2023-10-23 06:00:00",11.8,42.96,-0.58,10.78,5.58
"2023-10-23 07:00:00",24.04,34.88,-0.45,11.95,6.01
"2023-10-23 08:00:00",27.13,33.25,-0.64,11.89,5.79
"2023-10-23 09:00:00",20.89,37.43,-0.59,12.58,6.02
"2023-10-23 10:00:00",22.3,39.87,-0.23,11.59,5.5
"2023-10-23 11:00:00",31.47,34.38,0.23,14.23,6.04
"2023-10-23 12:00:00",30.46,37.77,0.26,13.66,6.04
"2023-10-23 13:00:00",27.02,37.4,0.04,31.56,9.19
"2023-10-23 14:00:00",21.48,38.61,-0.26,16.39,6.94
"2023-10-23 15:00:00",20.92,36.18,-0.38,16.11,8.47
"2023-10-23 16:00:00",21.61,35.73,-0.43,15.92,9.22
"2023-10-23 17:00:00",21.62,38.95,-0.39,15.99,8.75
"2023-10-23 18:00:00",21.9,38.27,-0.2,16.49,9.09
"2023-10-23 19:00:00",13.68,48.19,-0.28,10.7,6.59
"2023-10-23 20:00:00",19.97,43.89,-0.07,7.03,5.55
"2023-10-23 21:00:00",17.68,46.98,-0.16,7.17,5.8
"2023-10-23 22:00:00",14.21,51.41,-0.15,6.63,4.79
"2023-10-23 23:00:00",8.65,52.53,-0.36,4.91,3.2
"2023-10-24 00:00:00",3.75,64.27,-0.51,3.96,2.22
"2023-10-24 01:00:00",0.8,64.33,-0.4,9.24,4.34
"2023-10-24 02:00:00",0.34,67.71,-0.46,9.58,3.96
"2023-10-24 03:00:00",0.73,63.13,-1.07,9.56,3.25
"2023-10-24 04:00:00",1.11,57.63,-3.91,6.85,2.66
"2023-10-24 05:00:00",0.82,62.69,-0.44,6.31,2.46
"2023-10-24 06:00:00",8.38,47.7,-0.53,2.69,1.21
"2023-10-24 07:00:00",39.01,13.29,-0.33,3.6,1.77
"2023-10-24 08:00:00",37.52,24.37,-0.44,9.39,3.17
"2023-10-24 09:00:00",37.13,28.27,-0.45,10.31,4.41
"2023-10-24 10:00:00",19.83,45.76,-0.75,5,2.52
"2023-10-24 11:00:00",33.57,33.34,-0.35,6.24,2.49
"2023-10-24 12:00:00",35.96,37.18,0.21,7.01,2.75
"2023-10-24 13:00:00",36.67,32.83,1.4,4.88,2.95
"2023-10-24 14:00:00",34.78,34.19,0.68,6.72,4.2
"2023-10-24 15:00:00",27.64,35.48,0.68,10.4,4.89
"2023-10-24 16:00:00",57.1,21.86,0.85,8.09,4.66
"2023-10-24 17:00:00",43.88,17.4,0.07,10.22,6.13
"2023-10-24 18:00:00",47.25,8.17,0,14.06,10.96
"2023-10-24 19:00:00",57.16,0.59,0.98,23.38,20.52
"2023-10-24 20:00:00",55.61,1.42,1.15,26.62,23.3
"2023-10-24 21:00:00",44.61,0.87,1.04,25.83,22.33
"2023-10-24 22:00:00",40.02,-2.73,1.19,20.85,18.52
"2023-10-24 23:00:00",31.37,-3.23,-0.54,18.17,15.83
"2023-10-25 00:00:00",26.13,-2.85,0.17,20.92,18.68
"2023-10-25 01:00:00",26.12,-2.75,0.84,21.97,19.53
"2023-10-25 02:00:00",22.59,-3.13,0.67,15.02,12.36
"2023-10-25 03:00:00",24.82,-1.37,-0.03,13.23,11.27
"2023-10-25 04:00:00",8.65,10.83,-0.46,6.2,3.71
"2023-10-25 05:00:00",13.69,4.08,-0.36,6.08,3.99
"2023-10-25 06:00:00",18.41,-2.24,0.02,5.44,3.77
"2023-10-25 07:00:00",21.85,-2.25,1.39,6.62,4.96
"2023-10-25 08:00:00",28.74,-2.29,2.68,13.31,7.59
"2023-10-25 09:00:00",33.88,-1.9,4.6,18.27,11.22
"2023-10-25 10:00:00",55.83,-1.46,6.37,26.1,18.37
"2023-10-25 11:00:00",41,13.65,2.21,27.04,13.77
"2023-10-25 12:00:00",28.9,25,0.87,20.22,9.74
"2023-10-25 13:00:00",35.76,30.09,1.22,10.43,7.49
"2023-10-25 14:00:00",22.4,38.8,0.41,11.27,7.82
"2023-10-25 15:00:00",28.11,36.55,-0.2,14.08,9.01
"2023-10-25 16:00:00",29.23,35.08,0.35,11.8,8.66
"2023-10-25 17:00:00",39.15,27.83,0.26,12.73,9
"2023-10-25 18:00:00",43.48,15.26,0.15,16.28,12.49
"2023-10-25 19:00:00",37.36,21.59,-0.19,20.53,16.45
"2023-10-25 20:00:00",33.2,30.45,0.26,16.44,13.12
"2023-10-25 21:00:00",14.25,43.61,0.09,11.81,9.09
"2023-10-25 22:00:00",12.54,51.57,1.4,8.27,5.63
"2023-10-25 23:00:00",4.75,58.28,0.58,7.65,4.88
"2023-10-26 00:00:00",3.94,58.6,-0.07,8.35,5.16
"2023-10-26 01:00:00",2.31,58.09,-0.16,6.65,4.95
"2023-10-26 02:00:00",4.96,44.83,-1.67,3.2,2.14
"2023-10-26 03:00:00",2.51,52.42,0.41,1.95,1.02
"2023-10-26 04:00:00",1.47,55.84,0.54,2.14,0.97
"2023-10-26 05:00:00",10.49,27.42,0.13,2.98,1.46
"2023-10-26 06:00:00",18.61,11.46,0.08,3.26,1.69
"2023-10-26 07:00:00",31.49,1.92,1.19,4.51,3.08
"2023-10-26 08:00:00",41.14,0.16,2.17,9.92,4.69
"2023-10-26 09:00:00",57.93,0.65,3.5,13.29,5.62
"2023-10-26 10:00:00",48.53,0.75,2.71,12.46,6.23
"2023-10-26 11:00:00",47.8,13.75,1.35,10.65,4.9
"2023-10-26 12:00:00",39.03,22.11,1.04,9.56,4.6
"2023-10-26 13:00:00",27.85,33.32,1.55,7.25,3.85
"2023-10-26 14:00:00",15.3,44.74,1.6,12.91,4.06
"2023-10-26 15:00:00",14.33,42.8,0.05,4.37,2.53
"2023-10-26 16:00:00",18.41,40.16,-0.12,7.44,5.1
"2023-10-26 17:00:00",24.59,31.42,-0.1,9.14,6
"2023-10-26 18:00:00",45.96,15.68,0.41,14.66,11.14
"2023-10-26 19:00:00",45.25,11.31,0.82,17.81,15.24
"2023-10-26 20:00:00",29.28,15.63,0.42,14.83,12.14
"2023-10-26 21:00:00",36.87,7.05,1.36,21.01,18.5
"2023-10-26 22:00:00",31.16,6.16,0.7,16.14,13.71
"2023-10-26 23:00:00",29.66,0.63,0.78,15.44,12.95
"2023-10-27 00:00:00",26.29,0.15,0.62,14.15,11.7
"2023-10-27 01:00:00",20.58,3.05,-0.49,9.63,7.68
"2023-10-27 02:00:00",13.25,6.5,0.03,7.37,4.99
"2023-10-27 03:00:00",17.71,1.47,0.07,6.5,4.37
"2023-10-27 04:00:00",11.91,3.91,0.1,5.32,3.52
"2023-10-27 05:00:00",12.22,2.09,-0.22,6.07,3.95
"2023-10-27 06:00:00",21.81,3,0.33,7.33,4.33
"2023-10-27 07:00:00",40,-1.37,1.14,8.32,4.56
"2023-10-27 08:00:00",68.02,-0.98,3.4,16,7.61
"2023-10-27 09:00:00",49.72,0.99,1.21,13.15,6.25
"2023-10-27 10:00:00",46.03,5.01,0.72,12.23,5.53
"2023-10-27 11:00:00",25.43,35.83,0.09,11.05,5.28
"2023-10-27 12:00:00",25.19,36.73,0.25,12.05,5.45
"2023-10-27 13:00:00",53.91,27.6,1.59,14.78,6.89
"2023-10-27 14:00:00",42.24,26,1.31,10.58,5.37
"2023-10-27 15:00:00",20.12,47.65,0,11.96,6.79
"2023-10-27 16:00:00",20.45,40.2,0.22,11.71,8.4
"2023-10-27 17:00:00",17.59,39.25,0.29,13.48,9.63
"2023-10-27 18:00:00",32.33,20.56,0.28,22.92,16.45
"2023-10-27 19:00:00",27.87,32.71,0.5,32.79,25.57
"2023-10-27 20:00:00",24.51,39.41,0.87,20.19,16.19
"2023-10-27 21:00:00",22.72,38.83,1.1,22.34,18.18
"2023-10-27 22:00:00",13.66,46.99,0.11,7.68,5.64
"2023-10-27 23:00:00",16.44,44.7,0.31,6.78,4.72
"2023-10-28 00:00:00",12.07,46.89,0.06,6.67,4.2
"2023-10-28 01:00:00",11.09,33.83,0.42,6.79,4.51
"2023-10-28 02:00:00",11.45,36.91,0.54,7.87,4.76
"2023-10-28 03:00:00",7.28,37.75,-0.09,5.39,3.2
"2023-10-28 04:00:00",6.4,44.58,-0.12,5.23,2.8
"2023-10-28 05:00:00",7.04,44.31,0.22,5.65,2.88
"2023-10-28 06:00:00",9.35,45.02,-0.09,4.32,2.21
"2023-10-28 07:00:00",35.07,25.23,0.75,4.01,2.27
"2023-10-28 08:00:00",60.64,22.48,1.13,5.47,2.92
"2023-10-28 09:00:00",43.33,23.08,0.35,10.07,4.48
"2023-10-28 10:00:00",44.53,24.93,0.7,7.36,4.04
"2023-10-28 11:00:00",19.75,38.95,0.78,8.87,4.76
"2023-10-28 12:00:00",15.81,42.01,0.29,12.13,5.59
"2023-10-28 13:00:00",21.86,38.63,-1.09,11.89,6.81
"2023-10-28 14:00:00",10.12,47.4,-0.85,10.71,5.33
"2023-10-28 15:00:00",11.93,51.91,-0.02,12.6,7.21
"2023-10-28 16:00:00",13.6,55.12,-0.33,18.63,10.28
"2023-10-28 17:00:00",26.41,43.86,-0.13,21.78,13.9
"2023-10-28 18:00:00",24.55,48.56,0.08,34.93,24.28
"2023-10-28 19:00:00",23.59,47.48,-0.12,22.45,18.5
"2023-10-28 20:00:00",10.98,59.54,-0.31,21.86,16.51
"2023-10-28 21:00:00",6.14,65.76,0.24,17.28,11.34
"2023-10-28 22:00:00",8.99,63.21,0.45,11.92,6.79
"2023-10-28 23:00:00",6.42,60.99,-0.08,10.99,6.19
"2023-10-29 00:00:00",6.11,56.62,-0.23,10.87,5.64
"2023-10-29 00:01:00",,,,,
"2023-10-29 01:01:00",,,,,
"2023-10-29 02:00:00",0.98,64.89,-0.05,1.87,0.75
"2023-10-29 03:00:00",1.61,60.69,-0.08,1.35,0.59
"2023-10-29 04:00:00",1.45,58.78,-0.44,1.66,0.99
"2023-10-29 05:00:00",1.48,54.78,-0.47,2.06,1.14
"2023-10-29 06:00:00",6.35,35.21,-0.31,2.45,1.63
"2023-10-29 07:00:00",14.4,18.19,-0.05,3.01,1.82
"2023-10-29 07:01:00",,,,,
"2023-10-29 08:01:00",,,,,
"2023-10-30 10:00:00",27.04,-0.66,1.12,12.43,10.28
"2023-10-30 11:00:00",35.12,-0.05,1.49,13.24,10.51
"2023-10-30 12:00:00",37.01,5.37,1,11.18,8.02
"2023-10-30 13:00:00",29.64,17.33,-0.44,12.43,8.96
"2023-10-30 14:00:00",22.34,31.02,0.37,7.91,5.73
"2023-10-30 15:00:00",21.24,37.21,0.57,9.38,7.33
"2023-10-30 16:00:00",29.03,32.55,0.48,9.37,6.33
"2023-10-30 17:00:00",22.41,42.15,-0.23,11.24,7.38
"2023-10-30 18:00:00",41.45,17,-0.33,14.85,11.09
"2023-10-30 19:00:00",43.33,5.38,0.54,16.71,13.18
"2023-10-30 20:00:00",45.83,1.99,0.9,26.02,23.02
"2023-10-30 21:00:00",44.08,-1.4,1.23,30.09,27.98
"2023-10-30 22:00:00",36.21,-1.05,1.16,42.44,40.83
"2023-10-30 23:00:00",32.85,-0.48,1.88,47.08,45.43
"2023-10-31 00:00:00",37.5,-0.58,2.91,50.99,50.3
"2023-10-31 01:00:00",31.06,-0.92,1.09,30.73,29.74
"2023-10-31 02:00:00",21.14,2.23,0.44,18.28,15.99
"2023-10-31 03:00:00",23.88,2.31,0.22,14.48,12.64
"2023-10-31 04:00:00",2.7,34.12,-0.04,4.37,3.25
"2023-10-31 05:00:00",1.87,37.3,-0.57,3.92,3
"2023-10-31 06:00:00",3.6,34.41,-0.69,5.24,4.29
"2023-10-31 07:00:00",8.9,33.63,-0.44,5.29,4.75
"2023-10-31 08:00:00",13.33,27.33,-0.44,9.3,6.39
"2023-10-31 09:00:00",13.98,28.92,-0.37,7.58,5.47
"2023-10-31 10:00:00",8.95,41.71,-0.21,5.1,3.31
"2023-10-31 11:00:00",12.65,35.27,-0.51,4.79,3.29
"2023-10-31 12:00:00",12.54,36.68,-0.57,6.1,3.27
"2023-10-31 13:00:00",33.12,23.78,0.86,8.21,4.21
"2023-10-31 14:00:00",40.43,24.87,0.78,8.4,4.77
"2023-10-31 15:00:00",52.29,23.71,1.05,7.89,4.5
"2023-10-31 16:00:00",62.8,16.73,1.52,8.95,5.46
"2023-10-31 17:00:00",34.53,7.53,0.04,11.48,7.38
"2023-10-31 18:00:00",34.74,14.45,0,12.95,9.37
"2023-10-31 19:00:00",32,19.86,-0.3,25.05,20.6
"2023-10-31 20:00:00",20.77,38.68,-0.27,18.79,15.23
"2023-10-31 21:00:00",16.38,40.67,-0.29,15.9,13.93
"2023-10-31 22:00:00",8.18,60.42,-0.1,8.86,7.1
"2023-10-31 23:00:00",5.78,66.11,-0.29,3.98,2.7
"2023-11-01 00:00:00",6.16,62.3,0,5.22,3.22
"2023-11-01 01:00:00",6.05,56.55,-0.08,6.3,4.36
"2023-11-01 02:00:00",1.77,60.39,-0.2,6.78,4.16
"2023-11-01 03:00:00",3.88,60.01,-0.13,4.16,2.86
"2023-11-01 04:00:00",3.14,62.3,-0.66,7.08,4.5
"2023-11-01 05:00:00",2.59,64.3,-1.84,6.33,4.63
"2023-11-01 06:00:00",5.53,56.75,-1.25,2.71,1.5
"2023-11-01 07:00:00",23.44,47.63,0.29,5.33,2.46
"2023-11-01 08:00:00",74.14,22.07,1.47,11.23,5.66
"2023-11-01 09:00:00",54.04,31.99,0.52,12.07,7.41
"2023-11-01 10:00:00",16.4,53.84,-0.8,6.89,3.73
"2023-11-01 11:00:00",6.52,69.06,-0.1,3.99,1.91
"2023-11-01 12:00:00",5.99,64.48,-0.02,5.54,2.21
"2023-11-01 13:00:00",5.29,55.91,0.08,5.79,3.36
"2023-11-01 14:00:00",6.48,55.14,0.22,10.55,5.78
"2023-11-01 15:00:00",6.84,53.3,-0.16,8.25,3.87
"2023-11-01 16:00:00",5.75,53.02,-0.5,8.12,3.37
"2023-11-01 17:00:00",7.2,48.47,-0.71,7.37,3.16
"2023-11-01 18:00:00",19.72,37.04,0.3,9.57,5.89
"2023-11-01 19:00:00",36.52,19.9,1.36,22.13,16.5
"2023-11-01 20:00:00",40.96,14.96,1.19,30.43,25.12
"2023-11-01 21:00:00",45.15,12.45,2.31,31.43,25.76
"2023-11-01 22:00:00",39.82,5.92,2.1,33.81,28.1
"2023-11-01 23:00:00",39.86,3.09,3.21,40.71,36
"2023-11-02 00:00:00",35.57,3.97,2.93,33.48,28.45
"2023-11-02 01:00:00",34.99,2.86,2.85,30.85,26.71
"2023-11-02 02:00:00",21.36,23.72,1.05,15.92,11.88
"2023-11-02 03:00:00",7.09,41.93,-0.09,9.35,5.6
"2023-11-02 04:00:00",9.4,40.3,-0.13,8.91,5.39
"2023-11-02 05:00:00",9.85,39.8,0.46,9.44,5.01
"2023-11-02 06:00:00",5.55,50.67,0.29,7.75,3.77
"2023-11-02 07:00:00",11.05,42.46,-0.23,7.43,3.78
"2023-11-02 08:00:00",28.37,23.93,-0.25,9.44,4.58
"2023-11-02 09:00:00",52.84,17.18,1.27,10.77,5.23
"2023-11-02 10:00:00",30.17,20.03,0.53,15.68,6.02
"2023-11-02 11:00:00",23.46,28.62,0.62,11.75,5.25
"2023-11-02 12:00:00",20.76,33.56,0.64,11.69,4.66
"2023-11-02 13:00:00",21.42,26.95,1.07,15.2,7.55
"2023-11-02 14:00:00",24.73,20.39,1.01,15.61,7.75
"2023-11-02 15:00:00",20.4,29.86,0.6,12.41,6.41
"2023-11-02 16:00:00",12.2,49.82,0.31,8.87,4.73
"2023-11-02 17:00:00",11.13,54.95,0.26,8.16,4.39
"2023-11-02 18:00:00",21.37,37.41,0.64,13.69,8.51
"2023-11-02 19:00:00",29.12,28.42,0.79,21.26,12.35
"2023-11-02 20:00:00",19.13,43.71,0.75,17.37,11.9
"2023-11-02 21:00:00",15.03,39.06,1.11,14.86,10.97
"2023-11-02 22:00:00",9.8,40.67,1.02,11.33,8.9
"2023-11-02 23:00:00",9.18,39,1.14,10.23,8.17
"2023-11-03 00:00:00",8.37,28.36,0.82,9.84,7.34
"2023-11-03 01:00:00",14.03,14.64,-1.15,9.52,6.99
"2023-11-03 02:00:00",9.53,19.82,-0.46,8.65,6.68
"2023-11-03 03:00:00",6.13,26.6,-0.66,6.7,5.39
"2023-11-03 04:00:00",9.64,22.33,-0.31,10.13,8.81
"2023-11-03 05:00:00",8.77,29.82,-0.21,8.83,7.25
"2023-11-03 06:00:00",7.51,33.74,-0.23,7.55,5.78
"2023-11-03 07:00:00",15.2,30.61,-0.12,7.45,5.04
"2023-11-03 08:00:00",20.79,22.15,0.01,7.75,4.75
"2023-11-03 09:00:00",19.01,24.83,0.17,7.98,4.47
"2023-11-03 10:00:00",16.81,29.19,0.17,8.55,4.42
"2023-11-03 11:00:00",16.89,32.96,0.23,8.72,4.45
"2023-11-03 12:00:00",9.76,37.23,0.28,7.87,4.15
"2023-11-03 13:00:00",8.18,42.77,0.05,7.53,3.79
"2023-11-03 14:00:00",7.39,42.85,0.04,8.54,4.24
"2023-11-03 15:00:00",14.58,40.03,0.42,10.08,4.49
"2023-11-03 16:00:00",12.09,40.71,0.31,9.48,4.44
"2023-11-03 17:00:00",17.92,33.51,-0.15,10.85,6.1
"2023-11-03 18:00:00",22.86,30.13,0.51,33.41,11.7
"2023-11-03 19:00:00",23.61,23.43,0.61,17.98,12.63
"2023-11-03 20:00:00",16.13,31.95,0.22,15.28,11.35
"2023-11-03 21:00:00",9.89,39.76,0.8,13.35,9.13
"2023-11-03 22:00:00",18.92,24.48,1.21,20.13,15.15
"2023-11-03 23:00:00",17.7,23.56,1.56,15.64,13.51
"2023-11-04 00:00:00",12.7,34.4,1.26,7.68,6.27
"2023-11-04 01:00:00",17.24,15.88,1.32,6.6,5.47
"2023-11-04 02:00:00",26.94,2.52,1.78,11.33,9.66
"2023-11-04 03:00:00",22.99,6.96,1.87,9.88,8.26
"2023-11-04 04:00:00",17.57,20.04,1.36,5.1,3.87
"2023-11-04 05:00:00",13.53,30.12,0.87,3.63,2.42
"2023-11-04 06:00:00",8.52,46.59,0.23,3.43,2.31
"2023-11-04 07:00:00",12.96,30.78,0.17,2.96,1.82
"2023-11-04 08:00:00",35.14,19.7,0.71,4.07,2.42
"2023-11-04 09:00:00",48.75,23.35,1.54,6.08,3.66
"2023-11-04 10:00:00",24.88,35.4,0.1,7.63,4
"2023-11-04 11:00:00",29.59,39.27,0.37,6.72,3.69
"2023-11-04 12:00:00",77.93,25.86,2.34,8.38,5.17
"2023-11-04 13:00:00",65.12,27.31,2.43,10.44,5.97
"2023-11-04 14:00:00",49.76,37.09,1.93,11.01,7.03
"2023-11-04 15:00:00",18.51,49.97,0.34,12.76,6.78
"2023-11-04 16:00:00",21.12,52.6,1.02,9.6,5.47
"2023-11-04 17:00:00",25.77,42.36,-0.05,9.64,6.31
"2023-11-04 18:00:00",36.48,22.81,0.07,14.62,10.23
"2023-11-04 19:00:00",23.69,34.89,1.19,13.11,9.37
"2023-11-04 20:00:00",16.96,29.64,1.84,12.84,10.5
"2023-11-04 21:00:00",18.42,21.9,0.99,14.52,11.89
"2023-11-04 22:00:00",14.63,23.7,1.1,15.26,13.16
"2023-11-04 23:00:00",15.1,18.33,1.25,17.14,15.07
"2023-11-05 00:00:00",11.71,20.21,1.78,13.29,11.24
"2023-11-05 01:00:00",9.73,23.41,1.36,10.96,9.52
"2023-11-05 02:00:00",6.88,25.28,1.05,11.08,9.16
"2023-11-05 03:00:00",3.19,31.17,0.44,7.3,5.81
"2023-11-05 04:00:00",2.33,35.08,0.86,7.4,5.81
"2023-11-05 05:00:00",1.86,37.61,0.55,6.43,5.13
"2023-11-05 06:00:00",1.73,39,-0.09,4.61,3.41
"2023-11-05 07:00:00",1.89,40.22,-1,4.81,3.54
"2023-11-05 08:00:00",2.39,38.91,-0.1,6.38,4.75
"2023-11-05 09:00:00",3.7,39.85,-0.06,4.89,3.58
"2023-11-05 10:00:00",3.54,40.02,-0.41,4.41,3.05
"2023-11-05 11:00:00",5.94,38.62,-0.62,6.29,4.55
"2023-11-05 12:00:00",4.34,41.4,-0.12,5.71,4
"2023-11-05 13:00:00",3.83,49.08,0.49,4.22,2.63
"2023-11-05 14:00:00",4.36,49.68,0.22,4.49,2.92
"2023-11-05 15:00:00",8.39,50.98,0.11,5.09,2.84
"2023-11-05 16:00:00",15.91,49.49,-0.69,4.93,2.99
"2023-11-05 17:00:00",8.87,45.19,0.36,5.23,3.95
"2023-11-05 18:00:00",11.49,38.76,0.32,7.95,6.34
"2023-11-05 19:00:00",12.38,41.62,0.79,10.58,8.97
"2023-11-05 20:00:00",9.97,40.85,0.7,8.24,6.68
"2023-11-05 20:01:00",,,,,
"2023-11-05 21:01:00",,,,,
"2023-11-06 20:00:00",7.11,55.05,0.05,11.41,7.72
"2023-11-06 21:00:00",5.45,55.62,0.17,11.27,6.65
"2023-11-06 22:00:00",4.47,53.28,-0.52,9.33,6.21
"2023-11-06 23:00:00",2.72,55.1,0,9.05,5.49
"2023-11-07 00:00:00",1.33,57.25,-0.06,8.43,4.74
"2023-11-07 01:00:00",0.77,55.48,-0.74,7.42,4.05
"2023-11-07 02:00:00",1.26,50.66,-0.35,7.38,4.01
"2023-11-07 03:00:00",0.75,47.99,-0.98,6.62,3.84
"2023-11-07 04:00:00",0.63,44.65,-0.65,6.21,3.68
"2023-11-07 05:00:00",0.62,48.52,-0.74,5.8,3.19
"2023-11-07 06:00:00",1.7,46.4,-0.66,4.94,2.88
"2023-11-07 07:00:00",7.92,40.93,-0.91,6.42,3.7
"2023-11-07 08:00:00",16.95,32.9,-0.71,6.55,3.61
"2023-11-07 09:00:00",19.17,28,-0.75,9.95,4.27
"2023-11-07 10:00:00",16.16,36.86,-0.7,13.48,5.18
"2023-11-07 11:00:00",10.58,43.9,-0.96,12.83,5.27
"2023-11-07 12:00:00",7.92,48.99,-0.63,10.36,4.73
"2023-11-07 13:00:00",5.08,57.09,-0.65,10.18,4.69
"2023-11-07 14:00:00",7.77,54.16,-0.4,11,4.82
"2023-11-07 15:00:00",14.26,47.71,-0.34,11.02,4.67
"2023-11-07 16:00:00",15.95,42.14,-0.36,14.9,5.46
"2023-11-07 17:00:00",20.71,37.44,-0.42,11.68,5.65
"2023-11-07 18:00:00",30.13,22.21,0.05,15.75,10.31
"2023-11-07 19:00:00",23.62,29.01,-0.06,15.59,10.41
"2023-11-07 20:00:00",25.62,27.91,-0.02,14.42,10.5
"2023-11-07 21:00:00",16.26,42.02,0.2,9.8,6.67
"2023-11-07 22:00:00",16.89,42.95,1.53,14.65,10.8
"2023-11-07 23:00:00",16.46,42.76,1.52,12.37,9.09
"2023-11-08 00:00:00",10.63,51.66,0.86,8.47,4.81
"2023-11-08 01:00:00",1.37,66.12,-0.47,4.48,2.73
"2023-11-08 02:00:00",1.53,61.07,-0.18,3.22,2.18
"2023-11-08 03:00:00",0.84,67.44,-0.13,1.45,0.93
"2023-11-08 04:00:00",-0.4,75.68,-0.46,0.45,0.17
"2023-11-08 05:00:00",0.01,74.73,-0.55,0.49,0.11
"2023-11-08 06:00:00",0.47,71.47,-0.44,4.11,2.12
"2023-11-08 07:00:00",4.11,63.7,-1.13,7.15,3.7
"2023-11-08 08:00:00",12.08,50.49,-0.81,9.24,4.62
"2023-11-08 09:00:00",17.08,43.69,-0.34,13.52,6.13
"2023-11-08 10:00:00",12.75,47.4,-0.94,18.86,8.91
"2023-11-08 11:00:00",13.19,43.51,-0.89,19.56,9.1
"2023-11-08 12:00:00",11.26,44.08,-1.43,18.89,8.86
"2023-11-08 13:00:00",5.97,49.57,-0.44,17.38,8.14
"2023-11-08 14:00:00",6.94,46.44,-0.3,14.66,7.47
"2023-11-08 15:00:00",5.91,48.06,-0.54,14.5,7.1
"2023-11-08 16:00:00",8.11,45.8,-0.67,13.98,6.66
"2023-11-08 17:00:00",9.25,45.11,-0.47,12.39,6.72
"2023-11-08 18:00:00",9.53,43.88,-0.28,14.68,8.47
"2023-11-08 19:00:00",9.81,43.17,-0.37,12.79,7.22
"2023-11-08 20:00:00",7.74,51.46,-0.33,7.72,5.38
"2023-11-08 21:00:00",13.44,49.58,-0.42,8.72,6.87
"2023-11-08 22:00:00",5.76,51.01,-0.3,6.78,4.74
"2023-11-08 23:00:00",3.09,57.78,0.13,6.91,4.05
"2023-11-09 00:00:00",1.15,61.29,-0.1,7.02,3.91
"2023-11-09 01:00:00",0.56,59.88,-0.88,6.91,3.95
"2023-11-09 02:00:00",-0.27,65.15,-0.29,7.48,4.1
"2023-11-09 03:00:00",-0.62,66.8,-0.3,6.7,3.69
"2023-11-09 04:00:00",-0.54,62.84,-0.86,5.71,3.32
"2023-11-09 05:00:00",-0.4,62.45,-0.57,4.79,2.87
"2023-11-09 06:00:00",0.26,62.96,-0.38,4.56,2.55
"2023-11-09 07:00:00",3.29,60.57,-0.25,5.66,2.8
"2023-11-09 08:00:00",12.51,51.97,-0.69,5.04,2.65
"2023-11-09 09:00:00",15.19,51.97,-0.69,5.68,2.51
"2023-11-09 10:00:00",10.74,58.23,0,3.67,1.74
"2023-11-09 11:00:00",6.69,61.94,-0.01,4.16,1.98
"2023-11-09 12:00:00",4.87,63.98,-0.76,6.43,2.4
"2023-11-09 13:00:00",5.14,70.43,0.76,4.72,1.95
"2023-11-09 14:00:00",6.75,69.16,-0.28,5.21,1.94
"2023-11-09 15:00:00",12.62,65.03,-0.94,9.71,2.79
"2023-11-09 16:00:00",11.66,58.95,-0.56,12.96,3.53
"2023-11-09 17:00:00",15.51,49.09,0.03,14.38,5.56
"2023-11-09 18:00:00",12.21,52.2,0.22,10.26,6.24
"2023-11-09 19:00:00",10.69,51.59,-0.03,11.32,6.67
"2023-11-09 20:00:00",11.43,48.38,0.26,10.97,7.56
"2023-11-09 21:00:00",9.38,50,0.56,11.47,8.62
"2023-11-09 22:00:00",6.96,50.45,-0.03,10.88,7.55
"2023-11-09 23:00:00",5.18,48.13,0.15,11.52,7.91
"2023-11-10 00:00:00",2.6,50.89,0.29,8.66,5.78
"2023-11-10 01:00:00",1.26,51.58,-0.16,9.05,5.56
"2023-11-10 02:00:00",1.03,54.76,-0.1,7.5,4.65
"2023-11-10 03:00:00",3.52,38.64,-0.19,4.55,3.1
"2023-11-10 04:00:00",5.79,36.56,-0.23,3.69,2.93
"2023-11-10 05:00:00",6.37,33.07,-0.46,6.21,4.83
"2023-11-10 06:00:00",7.59,32.08,-0.34,7.98,6.35
"2023-11-10 07:00:00",8.77,32.21,-0.53,7.23,5.99
"2023-11-10 08:00:00",18.13,21.65,-0.8,9.46,7.95
"2023-11-10 09:00:00",23.74,17.3,-0.62,10.13,7.32
"2023-11-10 10:00:00",27.07,16.7,-0.51,10.52,7.34
"2023-11-10 11:00:00",19.1,27.43,-0.52,8.79,6.04
"2023-11-10 12:00:00",20.27,30.5,-0.04,6.61,3.77
"2023-11-10 13:00:00",13.29,41.78,-0.64,6.32,3.45
"2023-11-10 14:00:00",11.95,45.94,-0.92,5.35,2.75
"2023-11-10 15:00:00",11.99,43.83,0.47,5.72,2.66
"2023-11-10 16:00:00",17.04,38.73,-0.22,5.91,3.39
"2023-11-10 17:00:00",22.76,28.33,-0.65,10.66,6.89
"2023-11-10 18:00:00",22.2,27.75,-0.15,14.3,10.2
"2023-11-10 19:00:00",19.33,32.58,0.3,14.29,10.34
"2023-11-10 20:00:00",15.8,35.06,0.54,17.47,13.18
"2023-11-10 21:00:00",17.09,28.39,1.04,15.82,13.16
"2023-11-10 22:00:00",15.97,29.57,0.95,12.91,11.19
"2023-11-10 23:00:00",15.07,27.86,0.73,11.45,9.91
"2023-11-11 00:00:00",7.62,33.65,-0.89,8.17,6.58
"2023-11-11 01:00:00",6.51,32.56,0.49,7.25,5.51
"2023-11-11 02:00:00",4.63,38.39,-0.04,7.33,5.16
"2023-11-11 03:00:00",2.68,40.84,-0.94,8.07,5.98
"2023-11-11 04:00:00",3.28,37.12,-1.74,10.27,8.2
"2023-11-11 05:00:00",3.8,32.8,-2.36,10.79,7.89
"2023-11-11 06:00:00",9.13,26.12,-0.58,10.16,6.42
"2023-11-11 07:00:00",11.72,23.9,-0.88,9.19,5.39
"2023-11-11 08:00:00",18.1,16.83,-0.97,10.68,5.41
"2023-11-11 09:00:00",31.01,2.19,0.04,9.96,5.82
"2023-11-11 10:00:00",32.9,0.18,0.7,17.33,8.48
"2023-11-11 11:00:00",21.81,12.41,-0.21,15.49,7.28
"2023-11-11 12:00:00",19.33,14.87,-0.26,13.9,6.94
"2023-11-11 13:00:00",28.37,7.22,0.1,16.37,8.56
"2023-11-11 14:00:00",30.79,2.75,0.39,17.02,10.03
"2023-11-11 15:00:00",42.73,0.32,1.99,19.88,13.12
"2023-11-11 16:00:00",43.57,-1.46,1.47,22.32,15.39
"2023-11-11 17:00:00",40.06,-1.09,1.91,26.69,19.8
"2023-11-11 18:00:00",41.92,-1.86,1.77,33.06,27.14
"2023-11-11 19:00:00",43.1,-1.84,3.16,40.88,34.8
"2023-11-11 20:00:00",39.09,2.61,1.9,43.49,38.78
"2023-11-11 21:00:00",17.23,40.97,0.55,19.44,15.03
"2023-11-11 22:00:00",9.15,50.62,0.36,13.14,9.61
"2023-11-11 23:00:00",9.33,45.59,0.12,9.03,5.83
"2023-11-12 00:00:00",7.92,45.29,-0.29,8.44,4.78
"2023-11-12 01:00:00",5.29,52.37,-0.09,7.74,4.22
"2023-11-12 02:00:00",4.11,53.23,-0.46,7.67,3.77
"2023-11-12 03:00:00",3.43,54.43,-1.04,7.41,3.79
"2023-11-12 04:00:00",1.67,56.42,-1.31,9.56,4.41
"2023-11-12 05:00:00",2.14,55.2,-0.96,8.94,4.71
"2023-11-12 06:00:00",2.47,53.37,-0.55,9.52,5.09
"2023-11-12 07:00:00",2.28,58.52,-0.32,7.59,4.38
"2023-11-12 08:00:00",3.35,56.97,-0.45,6.38,3.96
"2023-11-12 09:00:00",3.32,57.65,-0.48,4.67,2.8
"2023-11-12 10:00:00",5.53,55.72,0.69,2.27,1.51
"2023-11-12 11:00:00",9.12,43.49,0.2,6.3,3.87
"2023-11-12 12:00:00",19.01,27.33,0.24,10.7,7.37
"2023-11-12 13:00:00",6.35,51.59,0.9,7.72,4.6
"2023-11-12 14:00:00",6.45,53.01,0.81,8.49,5.33
"2023-11-12 15:00:00",7.69,46.19,0.38,10.58,7.02
"2023-11-12 16:00:00",7.57,52.98,0.17,9.27,5.97
"2023-11-12 17:00:00",13.61,43.29,-0.3,12.24,8.48
"2023-11-12 18:00:00",18.89,35.01,0.2,16.74,12.93
"2023-11-12 19:00:00",25.36,31.97,2.04,21.42,16.98
"2023-11-12 20:00:00",26.83,27.65,2.16,25.82,19.35
"2023-11-12 21:00:00",14.42,45.11,2.32,24.79,17.27
"2023-11-12 22:00:00",16.42,41.36,1.75,23.37,15.66
"2023-11-12 23:00:00",8.7,46.54,0.99,21.99,14.22
"2023-11-13 00:00:00",11.58,43.98,0.85,20.91,13.81
"2023-11-13 01:00:00",2.05,61.63,0.49,10.73,7.49
"2023-11-13 02:00:00",0.71,69.92,0.07,5.32,3.9
"2023-11-13 03:00:00",0.72,77.44,-0.29,5.34,3.56
"2023-11-13 04:00:00",0.08,76.6,-0.77,2.62,1.74
"2023-11-13 05:00:00",0.28,73.74,-0.56,1.43,0.66
"2023-11-13 06:00:00",-0.41,84.84,0.24,3.2,2.02
"2023-11-13 07:00:00",0.46,86.11,-0.48,2.33,0.83
"2023-11-13 08:00:00",1.81,82.16,-0.38,1.81,0.88
"2023-11-13 09:00:00",3.69,81.81,-1.05,3.31,1.52
"2023-11-13 10:00:00",3.72,78.14,-0.65,7.45,3.69
"2023-11-13 11:00:00",5.37,73.11,-0.92,12.17,5.34
"2023-11-13 12:00:00",4.67,72.04,0,12.48,5.38
"2023-11-13 13:00:00",7.81,71.14,-0.28,11.3,5.22
"2023-11-13 14:00:00",3.69,69.95,-0.82,11.96,5.59
"2023-11-13 15:00:00",6.87,61.09,-0.25,12.32,6.44
"2023-11-13 16:00:00",8.74,58.29,-0.65,16.42,8.16
"2023-11-13 17:00:00",10.52,50.93,-0.9,16.9,8.87
"2023-11-13 18:00:00",9.37,51.68,-0.82,20.68,10.94
"2023-11-13 19:00:00",7.13,53.25,-0.3,18.25,11.61
"2023-11-13 20:00:00",6.16,51.96,-1.22,18.4,11.75
"2023-11-13 21:00:00",5.65,50.31,-1.83,17.42,11.72
"2023-11-13 22:00:00",3.46,53.58,-0.72,17.55,11.67
"2023-11-13 23:00:00",2.03,59.03,-0.18,15.2,9.94
"2023-11-14 00:00:00",0.74,61.73,-0.25,15.58,9.92
"2023-11-14 01:00:00",-0.03,63.39,-0.26,17.42,10.72
"2023-11-14 02:00:00",-0.18,65.59,-0.9,16.18,10.28
"2023-11-14 03:00:00",-0.59,66.72,-0.77,11.89,7.6
"2023-11-14 04:00:00",-0.51,65.88,-1.56,10.41,6.79
"2023-11-14 05:00:00",-0.52,64.94,-0.84,9.99,6.47
"2023-11-14 06:00:00",0.04,63.29,-0.65,10.24,6.54
"2023-11-14 07:00:00",2.47,60.05,-0.9,9.53,6.01
"2023-11-14 08:00:00",5.54,57.61,-0.28,11.46,6.56
"2023-11-14 09:00:00",11.27,49.17,-0.85,10.2,6.04
"2023-11-14 10:00:00",23.12,46.69,-0.87,10.83,5.99
"2023-11-14 11:00:00",7.34,51.66,-1.04,10.94,6.15
"2023-11-14 12:00:00",9.38,50.89,-0.8,13.47,6.71
"2023-11-14 13:00:00",7.11,56.42,-0.71,13.24,6.74
"2023-11-14 14:00:00",9.74,51.88,-0.85,11.59,5.82
"2023-11-14 15:00:00",6.81,55.62,-0.89,10.09,4.58
"2023-11-14 16:00:00",10.11,51.67,-0.78,10.14,4.95
"2023-11-14 17:00:00",11.1,50.41,-0.8,13.96,6.93
"2023-11-14 18:00:00",13.96,48.14,-0.69,14.29,7.91
"2023-11-14 19:00:00",10.13,52.62,-0.38,18.16,10.56
"2023-11-14 20:00:00",8.73,52.61,-0.43,20.32,10.42
"2023-11-14 21:00:00",6.02,55.02,-0.36,15.63,9.33
"2023-11-14 22:00:00",4.27,56.32,-0.32,13.44,8.48
"2023-11-14 22:01:00",,,,,
"2023-11-14 23:01:00",,,,,
"2023-11-15 07:00:00",6.17,60.23,-0.82,7.55,3.68
"2023-11-15 08:00:00",14.31,52.31,-0.96,9.69,4.34
"2023-11-15 09:00:00",16,50.21,-0.69,9.78,4.18
"2023-11-15 10:00:00",14.64,51.47,-1.12,12.4,5
"2023-11-15 11:00:00",13.48,53.04,-0.66,11.41,5.01
"2023-11-15 12:00:00",9.05,60.89,-1.31,10.44,5.01
"2023-11-15 13:00:00",6.71,67.63,-1.11,11.21,5.32
"2023-11-15 14:00:00",7.48,63.76,-0.69,12.17,5.5
"2023-11-15 15:00:00",11.26,61.7,-0.66,12.83,6.17
"2023-11-15 16:00:00",17.56,49.52,-0.62,17.11,7.54
"2023-11-15 17:00:00",38.41,24.82,-0.28,28.92,15.44
"2023-11-15 18:00:00",54.47,2.34,0.43,39.89,23.15
"2023-11-15 19:00:00",54.32,-1.96,1.02,42.26,34.44
"2023-11-15 20:00:00",57.05,-1.13,3.6,63.33,53.41
"2023-11-15 21:00:00",57.56,-1.38,4.51,79.87,70.21
"2023-11-15 22:00:00",48.4,-1.96,4.13,79.89,73.92
"2023-11-15 23:00:00",43.92,-2.05,3.82,83.61,77.93
"2023-11-16 00:00:00",39.28,-2.51,2.52,70.78,66.38
"2023-11-16 01:00:00",33.57,-1.65,3.57,86.74,81.5
"2023-11-16 02:00:00",33.84,-2.11,5.02,91.92,86.33
"2023-11-16 03:00:00",30.13,-2.5,3.97,79.05,73.35
"2023-11-16 04:00:00",28.38,-2.89,2.79,63.96,59.17
"2023-11-16 05:00:00",22.98,-3.13,1.83,52.61,48.83
"2023-11-16 06:00:00",27.55,-3.1,2.51,49,45.04
"2023-11-16 07:00:00",31.65,-3.33,2.2,40.57,36.3
"2023-11-16 08:00:00",39.4,-3.54,2.71,33.14,24.47
"2023-11-16 09:00:00",44.68,-3.34,3.52,36.68,25.19
"2023-11-16 10:00:00",48.71,-3.16,4.61,53.76,32.86
"2023-11-16 11:00:00",51.9,-2.53,4.11,46.7,27.04
"2023-11-16 12:00:00",57.37,-3.38,4.86,55.91,26.01
"2023-11-16 13:00:00",41.16,11.44,2.87,44.83,20.19
"2023-11-16 14:00:00",9.41,48.06,-0.46,12.14,5.21
"2023-11-16 15:00:00",9.68,49.95,-0.7,10.22,4.64
"2023-11-16 16:00:00",8.08,52.56,-0.58,6.46,3.2
"2023-11-16 17:00:00",13.57,51.29,-0.72,3.53,2.63
"2023-11-16 18:00:00",11.92,53.92,-0.62,5.29,4.2
"2023-11-16 19:00:00",18.07,42.23,-0.42,8.05,6.77
"2023-11-16 20:00:00",15.79,45.85,-0.25,11.16,9.86
"2023-11-16 21:00:00",7.88,54.43,-0.1,9.88,6.97
"2023-11-16 22:00:00",7.94,54.39,0.13,12.38,8.18
"2023-11-16 23:00:00",5.62,55.83,-0.27,13.56,8.03
"2023-11-17 00:00:00",3.61,55.7,-0.07,11.54,6.7
"2023-11-17 01:00:00",1.63,60.25,-0.24,12.44,6.51
"2023-11-17 02:00:00",0.7,64.47,-0.65,12.01,6.43
"2023-11-17 03:00:00",0.16,65.94,-0.56,9.33,5.36
"2023-11-17 04:00:00",0.05,61.35,-0.96,9.12,5.35
"2023-11-17 05:00:00",-0.01,60.63,-0.94,8.17,4.9
"2023-11-17 06:00:00",0.75,58.87,-2.83,9.38,4.95
"2023-11-17 07:00:00",6.05,56.81,-1.68,8.85,4.48
"2023-11-17 08:00:00",10.9,50.28,-1.2,9.08,4.3
"2023-11-17 09:00:00",18.1,40.3,-1,10.37,4.52
"2023-11-17 10:00:00",15.24,46.35,-0.83,11.12,4.56
"2023-11-17 11:00:00",14.5,46.81,-0.4,11.32,4.93
"2023-11-17 12:00:00",10.5,50.55,-1.29,10.81,4.77
"2023-11-17 13:00:00",14.48,45.97,-0.7,11.99,5.02
"2023-11-17 14:00:00",23.47,35.81,-0.9,12.58,5.71
"2023-11-17 15:00:00",28.34,30.45,-0.75,14.37,7.05
"2023-11-17 16:00:00",43.21,12.51,-0.13,16.53,9.07
"2023-11-17 17:00:00",29.55,26.76,-0.6,17.15,9.92
"2023-11-17 18:00:00",23.71,38.22,-0.02,18.23,14.22
"2023-11-17 19:00:00",25.49,37.69,-0.6,21.14,17.54
"2023-11-17 20:00:00",12.19,60.71,-0.62,16.5,13.72
"2023-11-17 21:00:00",14.61,59.76,-0.62,10.85,9.24
"2023-11-17 22:00:00",8.02,61.88,-0.39,8.57,7.58
"2023-11-17 23:00:00",4.6,66.57,-0.37,4,3.57
"2023-11-18 00:00:00",5.41,62.41,-0.59,2.09,1.81
"2023-11-18 01:00:00",5,57.59,-0.61,1.63,1.27
"2023-11-18 02:00:00",4.68,47.55,-0.45,1.94,1.55
"2023-11-18 03:00:00",5.31,37.6,0,2.25,1.6
"2023-11-18 04:00:00",0.32,43.58,-0.31,0.62,0.42
"2023-11-18 05:00:00",0.32,44.23,-0.92,0.93,0.49
"2023-11-18 06:00:00",0.52,51.6,-0.8,1.75,1
"2023-11-18 07:00:00",1.31,58.5,-0.65,4.77,3.03
"2023-11-18 08:00:00",2.9,60.26,-0.18,5.94,3.96
"2023-11-18 09:00:00",4.91,59.1,-0.69,7.47,4.91
"2023-11-18 10:00:00",5.85,58.58,-0.72,8.24,5.43
"2023-11-18 11:00:00",3.87,62.77,-1.14,10.12,6.24
"2023-11-18 12:00:00",4.85,58.98,-0.54,7.64,5
"2023-11-18 13:00:00",6.86,59.82,-0.46,7.13,4.67
"2023-11-18 14:00:00",5.73,59.87,-0.74,10.56,6.53
"2023-11-18 15:00:00",6.99,56.5,-0.78,12.5,8.25
"2023-11-18 16:00:00",5.07,60.42,-0.42,10.64,7.05
"2023-11-18 17:00:00",7.66,57.88,-0.73,9.7,6.83
"2023-11-18 18:00:00",6.61,59.15,-1.32,10.1,7.31
"2023-11-18 19:00:00",8.33,58.46,-0.67,14.11,9.4
"2023-11-18 20:00:00",4.39,63.6,-0.07,14.98,10.58
"2023-11-18 21:00:00",7.36,65.22,-0.3,12.41,9.16
"2023-11-18 22:00:00",2.91,68.28,-1.24,12.08,8.52
"2023-11-18 23:00:00",1.81,67.59,-0.97,11.51,8.5
"2023-11-19 00:00:00",1.56,67.34,-0.32,11.33,8.18
"2023-11-19 01:00:00",3.74,64.94,-0.05,11.61,7.75
"2023-11-19 02:00:00",0.38,69.49,-1.47,9.36,6.4
"2023-11-19 03:00:00",-0.25,71.37,-0.72,8.5,5.63
"2023-11-19 04:00:00",-0.42,71.63,-1.35,7.82,5.26
"2023-11-19 05:00:00",-0.63,71.74,-3.24,6.57,4.43
"2023-11-19 06:00:00",-0.58,71.56,-0.56,5.45,3.51
"2023-11-19 07:00:00",-0.32,73.35,-0.79,2.82,1.98
"2023-11-19 08:00:00",-0.05,73.11,-0.9,2.7,1.92
"2023-11-19 09:00:00",0.3,69.36,-0.73,1.62,1.15
"2023-11-19 10:00:00",0.8,66.82,-0.9,0.81,0.45
"2023-11-19 11:00:00",1.72,64.94,-0.53,1.24,0.83
"2023-11-19 12:00:00",2.52,59.32,-0.58,1.16,0.72
"2023-11-19 13:00:00",2.71,56.88,-0.55,1.46,1
"2023-11-19 14:00:00",2.7,58.35,-0.94,5.99,3.89
"2023-11-19 15:00:00",3.04,60.36,-0.89,8.52,5.31
"2023-11-19 16:00:00",3.52,60.12,-0.64,8.4,5.85
"2023-11-19 17:00:00",5.23,59.27,-1.83,12.75,8.38
"2023-11-19 18:00:00",9.68,57.38,-1.36,13.89,9.05
"2023-11-19 19:00:00",5.07,59.33,-0.38,15.55,10.51
"2023-11-19 20:00:00",3.64,61.27,-0.58,18.07,11.86
"2023-11-19 21:00:00",3.68,61.3,-0.72,17.11,10.81
"2023-11-19 22:00:00",2.41,62.26,-0.32,16.95,10.25
"2023-11-19 23:00:00",3.26,59.38,-0.4,11.63,7.23
"2023-11-20 00:00:00",0.84,59.7,-0.34,10.42,5.97
"2023-11-20 01:00:00",0.46,56.12,-0.77,8.45,5.25
"2023-11-20 02:00:00",1.19,53.48,-0.37,6.66,4.35
"2023-11-20 03:00:00",1.39,51.02,-0.79,5.62,3.95
"2023-11-20 04:00:00",0.82,52.72,-0.84,6.37,4.21
"2023-11-20 05:00:00",1.04,49.46,-0.68,8.54,6.22
"2023-11-20 06:00:00",3.05,44.56,-1.09,9.64,7.43
"2023-11-20 07:00:00",8.08,36.93,-0.79,4.73,3.89
"2023-11-20 08:00:00",14.21,34.86,-0.89,3.01,1.93
"2023-11-20 09:00:00",16.63,31.65,-1.29,2.84,1.5
"2023-11-20 10:00:00",10.82,34.39,-0.94,2.62,1.25
"2023-11-20 11:00:00",8.95,32.5,-0.91,2.6,1.39
"2023-11-20 12:00:00",9.4,31.25,-1.22,4.39,1.85
"2023-11-20 13:00:00",8.48,32.97,-1.05,4.68,2
"2023-11-20 14:00:00",7.33,36.77,-0.72,3.92,2.26
"2023-11-20 15:00:00",6.79,37.27,-0.92,5.55,2.67
"2023-11-20 16:00:00",11.33,31.6,-0.88,5.65,2.73
"2023-11-20 17:00:00",11.74,30.71,-1.04,6.51,3.48
"2023-11-20 18:00:00",10.45,31.67,-1.13,6.37,3.94
"2023-11-20 19:00:00",10.61,35.69,-0.9,7.31,4.59
"2023-11-20 20:00:00",8.79,39.29,-1.18,8.84,5.64
"2023-11-20 21:00:00",7.44,46.3,-0.95,9.66,6.21
"2023-11-20 22:00:00",5.68,52.64,-0.69,12.85,7.13
"2023-11-20 23:00:00",6.41,54.36,-0.43,14.62,8.07
"2023-11-21 00:00:00",4.26,55.7,-0.63,13.59,7.5
"2023-11-21 01:00:00",3.15,56.39,-0.94,15,7.65
"2023-11-21 02:00:00",1.81,56.78,-1.21,14.35,6.93
"2023-11-21 03:00:00",1.83,56.3,-1.52,12.83,6.45
"2023-11-21 04:00:00",2.66,49.1,-1.08,13.16,6.54
"2023-11-21 05:00:00",2.37,52.84,-1.22,12.37,6.08
"2023-11-21 06:00:00",3.47,50.86,-1.66,12.28,5.67
"2023-11-21 07:00:00",18.22,34.81,-1.17,11.85,5.94
"2023-11-21 08:00:00",35.34,11.28,-1.11,14.89,6.49
"2023-11-21 09:00:00",42.42,5.99,-1.78,23.66,8.17
"2023-11-21 10:00:00",39.89,6.07,-2.12,19.86,7.85
"2023-11-21 11:00:00",29.99,15.59,-2.85,15.66,7.02
"2023-11-21 11:01:00",,
"2023-11-21 12:00:00",28.72,,-1.46,13.43,6.36
"2023-11-21 12:01:00",,
"2023-11-21 13:00:00",18.39,25.65,-1.03,13.2,5.82
"2023-11-21 14:00:00",16.26,27.6,-0.37,14.23,6.59
"2023-11-21 15:00:00",18.16,26.28,-0.86,13.95,6.61
"2023-11-21 16:00:00",29.62,18.78,-1.79,18.99,8.58
"2023-11-21 17:00:00",44.63,5.76,-0.95,27.26,11.81
"2023-11-21 18:00:00",37.69,9.2,-0.57,25.54,13.93
"2023-11-21 19:00:00",31.51,9.34,-0.45,23.61,14.7
"2023-11-21 20:00:00",33.66,11.41,0.43,24.11,18.18
"2023-11-21 21:00:00",20.8,22.25,0.7,19.96,15.25
"2023-11-21 22:00:00",14.62,32.1,0.65,14.4,10.94
"2023-11-21 23:00:00",10.94,38.81,-0.34,10.93,7.68
"2023-11-22 00:00:00",6.09,46.09,-0.52,8.15,5.39
"2023-11-22 01:00:00",3.24,48.84,-0.74,5.99,3.98
"2023-11-22 02:00:00",2.71,51.72,-1,4.32,3.21
"2023-11-22 03:00:00",1.82,52.68,-0.94,3.16,2.45
"2023-11-22 04:00:00",2.33,51.74,-1.14,3.14,2.21
"2023-11-22 05:00:00",2.27,53.43,-1.6,2.05,1.31
"2023-11-22 06:00:00",2.25,59.35,-1.62,1.39,0.91
"2023-11-22 07:00:00",9.76,54.31,-1.13,2.28,1.4
"2023-11-22 08:00:00",13.12,50.15,-1.34,3.44,2.14
"2023-11-22 09:00:00",14.81,49.23,-1.69,4.88,2.29
"2023-11-22 10:00:00",12.64,48.63,-1.44,3.88,1.82
"2023-11-22 11:00:00",11.64,47.41,-1.35,2.63,1.58
"2023-11-22 12:00:00",13.38,46.47,-1.35,2.27,1.43
"2023-11-22 13:00:00",12.12,47.33,-1.35,2.32,1.43
"2023-11-22 14:00:00",14.79,45.4,-1.26,7.83,2.44
"2023-11-22 15:00:00",13.19,44.46,-1.59,4.38,2
"2023-11-22 16:00:00",15.22,43.4,-1.4,7.23,2.7
"2023-11-22 17:00:00",14.73,44.29,-1.56,6.82,3.92
"2023-11-22 18:00:00",16.96,45.29,-1.62,8.2,4.77
"2023-11-22 19:00:00",16.37,44.4,-1.33,11.27,6.21
"2023-11-22 20:00:00",13.62,43.93,-0.81,9.91,6.01
"2023-11-22 21:00:00",7.57,53.74,-0.71,7.44,5.06
"2023-11-22 22:00:00",5.06,59.86,-0.82,4.5,3.21
"2023-11-22 23:00:00",4.46,59.31,-0.86,5.92,2.6
"2023-11-23 00:00:00",3.33,63.77,-1.12,3.6,1.7
"2023-11-23 01:00:00",3.15,63.88,-1.14,1.53,1.01
"2023-11-23 02:00:00",2.11,65.87,-1.19,1.25,0.76
"2023-11-23 03:00:00",1.94,65.41,-1.59,0.95,0.55
"2023-11-23 04:00:00",1.88,62.86,-1.49,1.13,0.64
"2023-11-23 05:00:00",1.87,62.59,-1.08,1.42,0.79
"2023-11-23 06:00:00",2.24,61.67,-1.5,1.39,0.77
"2023-11-23 07:00:00",6.97,57.81,-1.12,1.92,1
"2023-11-23 08:00:00",10.03,57.25,-1.44,4.25,2.14
"2023-11-23 09:00:00",14.64,51.4,-1.1,6.79,3.36
"2023-11-23 10:00:00",14.8,51.31,-1.02,11.21,4.17
"2023-11-23 11:00:00",11.99,53.26,-1.05,9.92,3.61
"2023-11-23 12:00:00",12.26,48.58,-1.07,9.42,3.69
"2023-11-23 13:00:00",13.22,47.81,-0.92,12.82,4.89
"2023-11-23 14:00:00",11.24,53.35,-0.86,10.4,5.8
"2023-11-23 15:00:00",9.05,55.82,-0.71,11.19,6.09
"2023-11-23 16:00:00",12.33,50.61,-1.71,12.19,7.3
"2023-11-23 17:00:00",17.29,41.87,-1,9.37,6.78
"2023-11-23 18:00:00",14.68,43.86,-1.16,7.1,5.89
"2023-11-23 19:00:00",11.58,46.9,-0.97,4.24,3.43
"2023-11-23 20:00:00",9.22,51.13,-1.14,3.5,2.73
"2023-11-23 21:00:00",8.28,56.41,-1.11,5.92,3.93
"2023-11-23 22:00:00",11.38,54.01,-0.71,10.01,6.3
"2023-11-23 23:00:00",9.59,51.43,-0.65,13.14,7.67
"2023-11-24 00:00:00",8.5,50.25,-0.61,12.99,7.25
"2023-11-24 01:00:00",5.52,50.48,-0.37,15.96,8.43
"2023-11-24 02:00:00",6.56,47.78,-0.73,16.76,8.63
"2023-11-24 03:00:00",4.81,46.23,-0.98,17.15,9.22
"2023-11-24 04:00:00",3.71,45.92,-0.78,17.88,9.7
"2023-11-24 05:00:00",3.65,48.59,-1.21,19.31,10.14
"2023-11-24 06:00:00",4.32,48.23,-1.08,23.16,11.11
"2023-11-24 07:00:00",10.48,41.41,-0.89,22.82,11.16
"2023-11-24 08:00:00",24.59,30.89,-0.84,24.2,11.39
"2023-11-24 09:00:00",27.19,27.13,-0.89,24.48,11.69
"2023-11-24 10:00:00",28.58,29.53,-0.58,24.13,11.46
"2023-11-24 11:00:00",23.17,36.83,-0.52,22.53,10.1
"2023-11-24 12:00:00",25.76,45.83,-0.87,18.32,8.43
"2023-11-24 13:00:00",23.18,47.96,-0.93,15.39,7.34
"2023-11-24 14:00:00",28.44,42.51,-1,13.43,6.57
"2023-11-24 15:00:00",26.77,38.76,-1.54,12.25,6.24
"2023-11-24 16:00:00",27.06,38.39,-0.77,10.59,5.78
"2023-11-24 17:00:00",28.76,34.89,-0.33,10.96,6.9
"2023-11-24 18:00:00",36.25,28.49,-0.41,15.38,10.57
"2023-11-24 19:00:00",28.99,33.13,0.32,22.22,15.59
"2023-11-24 20:00:00",36.65,22.2,1.08,28.93,21.3
"2023-11-24 21:00:00",48.67,11.85,1.58,30.39,21.73
"2023-11-24 22:00:00",48.45,9.86,3.71,34.19,25.4
"2023-11-24 23:00:00",55.45,2.16,5.8,55.42,48.53
"2023-11-25 00:00:00",41.91,5.14,5.17,47.35,40.41
"2023-11-25 01:00:00",36.85,11.11,0.28,27.76,21.37
"2023-11-25 02:00:00",25.1,19.29,1.95,19.12,13.77
"2023-11-25 03:00:00",18.08,18.33,1.2,17.18,12.35
"2023-11-25 04:00:00",17.64,15.13,0.99,16.11,11.49
"2023-11-25 05:00:00",11.46,24.04,0.4,13.05,8.02
"2023-11-25 06:00:00",9.38,23.16,-0.24,10.48,6.04
"2023-11-25 07:00:00",20.51,10.82,-0.13,11.2,7.54
"2023-11-25 08:00:00",41.03,0.06,-0.03,12.82,7.69
"2023-11-25 09:00:00",44.2,-1.26,0.96,18.21,10.55
"2023-11-25 10:00:00",46.11,-0.8,2.02,27.21,16.61
"2023-11-25 11:00:00",47.45,0.32,2.14,37.4,20.32
"2023-11-25 12:00:00",46.24,5.63,0.78,31.75,18.49
"2023-11-25 13:00:00",37.93,18.94,0.1,21.59,12.64
"2023-11-25 14:00:00",37.49,20.69,0.15,21.36,13.71
"2023-11-25 15:00:00",32.94,26.27,-0.49,14.73,10.21
"2023-11-25 16:00:00",46.05,15.28,0.26,22.9,16.08
"2023-11-25 17:00:00",52.7,9.07,1.71,25.77,19.14
"2023-11-25 18:00:00",55.94,-0.38,1.88,37.76,29.1
"2023-11-25 19:00:00",61.36,-0.49,4.74,60.99,54.17
"2023-11-25 20:00:00",62.5,0.26,8.79,85.2,77.63
"2023-11-25 21:00:00",69.93,1.62,15.95,126.23,118.61
"2023-11-25 22:00:00",46.77,6.03,5.07,62.52,58.76
"2023-11-25 23:00:00",29.7,19.82,2.26,22.98,20.51
"2023-11-26 00:00:00",14.19,39.71,2.48,13.99,11.64
"2023-11-26 01:00:00",16.32,30.8,2.29,12.44,9.99
"2023-11-26 02:00:00",21.62,19.38,2.02,14.37,11.73
"2023-11-26 03:00:00",33.35,14.13,1.74,15.25,12.69
"2023-11-26 04:00:00",25.3,20.02,1.25,8.67,7.06
"2023-11-26 05:00:00",30.66,8.99,0.84,6.42,5.17
"2023-11-26 06:00:00",23.21,6.96,0.46,5.14,4.33
"2023-11-26 07:00:00",29.84,1.28,0.61,7.07,5.36
"2023-11-26 08:00:00",35.58,1.55,0.77,7.53,5.57
"2023-11-26 09:00:00",28.94,18.55,0.23,4.85,3.52
"2023-11-26 10:00:00",22.79,30.37,0.51,4.8,3.19
"2023-11-26 11:00:00",17.51,35.49,-0.14,6.58,4.71
"2023-11-26 12:00:00",23.68,28.96,0.45,5.97,4.13
"2023-11-26 13:00:00",24.32,29.75,0.37,5.14,3.86
"2023-11-26 14:00:00",25.53,25.73,0.16,6.87,5.5
"2023-11-26 15:00:00",31.74,18.84,0.23,9.56,8.46
"2023-11-26 16:00:00",33.75,11.51,0.1,10.88,10.01
"2023-11-26 17:00:00",37.23,4.53,0.01,18.86,18.23
"2023-11-26 18:00:00",43.55,3.46,0.65,20.23,19.27
"2023-11-26 19:00:00",34.38,13.55,0.95,23.17,21.92
"2023-11-26 20:00:00",26.14,22.1,0.65,19.28,17.17
"2023-11-26 21:00:00",19.89,27.03,-0.34,18.96,17.67
"2023-11-26 22:00:00",12.85,36.05,0.33,11,10.21
"2023-11-26 23:00:00",7.9,43.84,0.57,6.99,6.16
"2023-11-27 00:00:00",5.7,45.64,-0.02,6.68,5.36
"2023-11-27 01:00:00",4.22,47.37,0.07,6.81,5.5
"2023-11-27 02:00:00",3.03,49.43,-0.45,6.51,5.4
"2023-11-27 03:00:00",2.94,49.1,-0.38,5.09,4.17
"2023-11-27 04:00:00",2.07,53,-0.53,3.05,2.46
"2023-11-27 05:00:00",2.66,48.6,-0.56,2.45,1.94
"2023-11-27 06:00:00",3.33,47.13,-0.42,2.02,1.59
"2023-11-27 07:00:00",13.35,40.18,-0.31,1.69,1.12
"2023-11-27 08:00:00",18.9,34.96,-0.52,2.48,1.48
"2023-11-27 09:00:00",26.29,26.82,-0.19,3.65,2.09
"2023-11-27 10:00:00",17.05,36.65,-0.65,4.55,2.23
"2023-11-27 11:00:00",19.27,33.42,-0.55,4.43,2.35
"2023-11-27 12:00:00",16.44,36.9,-0.95,5.52,3.19
"2023-11-27 13:00:00",21.95,33.62,-2.08,6.63,3.67
"2023-11-27 14:00:00",17.13,35.56,-0.54,5.5,3.28
"2023-11-27 15:00:00",16.47,35.78,-0.48,6.15,2.94
"2023-11-27 16:00:00",26,33.78,-0.41,6.83,3.52
"2023-11-27 17:00:00",21.63,32.75,-0.42,8.06,4.22
"2023-11-27 18:00:00",34.54,18.83,-0.2,10.59,6.82
"2023-11-27 19:00:00",34.22,20.12,0.26,13.84,9.66
"2023-11-27 20:00:00",27.77,20.47,1.22,15.09,10.99
"2023-11-27 21:00:00",46.42,20.59,1.69,16.29,12.45
"2023-11-27 22:00:00",30.55,16.6,2.02,24.68,20.32
"2023-11-27 23:00:00",20.55,23.83,1.57,20.33,15.92
"2023-11-28 00:00:00",18.02,24.07,1.54,15.38,11.5
"2023-11-28 01:00:00",13.43,24.73,1.2,14.86,10.82
"2023-11-28 02:00:00",9.9,29.15,0.36,12.58,10.04
"2023-11-28 03:00:00",7.69,29.97,0.18,11.13,8.47
"2023-11-28 04:00:00",6.95,32.6,0.08,9.07,6.76
"2023-11-28 05:00:00",8.1,31.6,0.03,9.04,6.71
"2023-11-28 06:00:00",12.79,26.67,-0.38,9,7.3
"2023-11-28 07:00:00",31.84,7.05,-0.13,11.44,8.53
"2023-11-28 08:00:00",43.64,0.4,-0.3,14.77,10.09
"2023-11-28 09:00:00",49.22,-1.09,0.88,17.69,10.38
"2023-11-28 10:00:00",45.01,1.22,0.46,19.53,10.05
"2023-11-28 11:00:00",37.25,5.98,0.26,20.2,10.04
"2023-11-28 12:00:00",34.77,8.67,0.87,18.83,9.07
"2023-11-28 13:00:00",32.71,13.9,0.51,17.59,8.4
"2023-11-28 14:00:00",29.7,18.44,0.19,19.69,9.83
"2023-11-28 15:00:00",27.76,21.09,0.41,18.55,10.52
"2023-11-28 16:00:00",36.67,11.42,-0.11,21.8,11.41
"2023-11-28 17:00:00",54.45,1.62,2.34,27.36,17.01
"2023-11-28 18:00:00",53.47,-0.62,1.97,37.28,25.61
"2023-11-28 19:00:00",52.92,4.46,2.41,26.43,21.15
"2023-11-28 20:00:00",47.23,10.31,2.61,26.75,21.24
"2023-11-28 21:00:00",48.97,9.41,2.43,24.45,21.24
"2023-11-28 22:00:00",46.16,1.36,2.51,37.12,33.64
"2023-11-28 23:00:00",44.27,-0.76,4.36,45.77,41.48
"2023-11-29 00:00:00",31.34,1.22,1.47,45.04,41.63
"2023-11-29 01:00:00",16.38,15.83,0.89,30.03,28.56
"2023-11-29 02:00:00",10.3,24.69,-0.18,17.9,17.44
"2023-11-29 03:00:00",8.53,24.54,-1.42,15.75,15.28
"2023-11-29 04:00:00",7.55,26.35,-0.75,14.85,14.51
"2023-11-29 05:00:00",9.11,21.87,-0.79,14.3,13.99
"2023-11-29 06:00:00",15.61,14.58,-0.79,15.25,14.94
"2023-11-29 07:00:00",27.26,3.99,-0.7,12.78,12.16
"2023-11-29 08:00:00",36.85,-1.5,-0.18,16.24,14.09
"2023-11-29 09:00:00",48.8,-0.97,2.55,28.15,18.31
"2023-11-29 10:00:00",42.88,-0.57,2.82,28.27,16.88
"2023-11-29 11:00:00",38.03,0.93,1.6,26.26,14.38
"2023-11-29 12:00:00",37.41,3.04,0.67,18.24,11.54
"2023-11-29 13:00:00",42.87,2.81,-0.21,20.52,12.14
"2023-11-29 14:00:00",37.63,23.97,0.26,11.33,6.05
"2023-11-29 15:00:00",36.74,25.04,-0.1,10.35,6.67
"2023-11-29 16:00:00",47.88,17.84,0.61,10.42,6.55
"2023-11-29 17:00:00",50.34,14.79,0.62,15.5,9.94
"2023-11-29 18:00:00",37.22,27.99,0.22,18.49,13.5
"2023-11-29 19:00:00",37.21,31.06,1.26,15.69,11.32
"2023-11-29 20:00:00",42.5,18.66,1.86,19.26,15.3
"2023-11-29 21:00:00",28.53,21.1,1.53,19.68,16.89
"2023-11-29 22:00:00",22.27,30.95,-2.42,11.11,9.79
"2023-11-29 23:00:00",21.23,29.82,-1.45,11.48,10
"2023-11-30 00:00:00",15.79,33.19,0.13,8.21,6.97
"2023-11-30 01:00:00",13.43,37.6,0.47,6.23,4.54
"2023-11-30 02:00:00",7.81,44.55,0.64,5.48,2.71
"2023-11-30 03:00:00",6.19,47.21,-0.07,5.28,2.63
"2023-11-30 04:00:00",7,48.4,-0.46,6.3,2.76
"2023-11-30 05:00:00",6.06,50.48,-0.6,3.26,1.57
"2023-11-30 06:00:00",18.14,37.43,0.74,7.21,3.07
"2023-11-30 07:00:00",16.03,34.9,-0.15,5.92,2.89
"2023-11-30 08:00:00",21.98,28.28,-0.41,6.14,2.85
"2023-11-30 09:00:00",22.47,29.2,-0.28,6.25,3.61
"2023-11-30 10:00:00",26.87,26.51,-0.7,7.74,3.81
"2023-11-30 11:00:00",19.21,32.3,0.15,9.1,4.86
"2023-11-30 12:00:00",21.24,32.46,-1.11,7.02,4.1
"2023-11-30 13:00:00",35.19,21.63,0.33,8.43,5.72
"2023-11-30 14:00:00",39.24,17.19,1.36,12.63,7.72
"2023-11-30 15:00:00",33.42,18.51,-0.01,10.63,6.8
"2023-11-30 16:00:00",40.45,9.16,1.31,13.93,9.32
"2023-11-30 17:00:00",43.01,8.28,1.48,17.24,13
"2023-11-30 18:00:00",33.39,15.27,0.78,10.11,7.74
"2023-11-30 19:00:00",48.95,0.76,1.58,19.6,17.9
"2023-11-30 20:00:00",46.32,1.06,2.93,24.46,21.61
"2023-11-30 21:00:00",38.28,5.67,2.4,16.79,14.84
"2023-11-30 22:00:00",43.89,1.27,3.94,23.93,21.9
"2023-11-30 23:00:00",38.86,3.84,5.12,21.53,19.74
"2023-12-01 00:00:00",31.31,4.26,3.24,18.6,16.54
"2023-12-01 01:00:00",25.55,7.52,2.08,18.5,16.63
"2023-12-01 02:00:00",24.45,8.37,2.15,16.24,14.63
"2023-12-01 03:00:00",21.79,9.48,1.28,14.51,13.2
"2023-12-01 04:00:00",18.51,13.17,0.65,11.27,10.16
"2023-12-01 05:00:00",23.02,7.4,0.26,13.47,12.35
"2023-12-01 06:00:00",20.75,9.54,-0.26,13.43,12.45
"2023-12-01 07:00:00",26.43,9.25,0.99,12.26,11.15
"2023-12-01 08:00:00",38.47,-0.5,0.47,13.17,11.23
"2023-12-01 09:00:00",50.53,-1.76,2.07,21.11,15.32
"2023-12-01 10:00:00",52.41,-1,2.77,29.57,17.14
"2023-12-01 11:00:00",44.03,2.22,1.46,25.58,16.03
"2023-12-01 12:00:00",37.29,6.08,1.21,19.39,12.14
"2023-12-01 13:00:00",38.1,4.94,1.54,17.5,13.74
"2023-12-01 14:00:00",41.24,4.69,1.98,22.07,15.35
"2023-12-01 15:00:00",49.81,4.5,2.12,19.71,13.96
"2023-12-01 16:00:00",43.47,1.93,2.43,20.87,16.24
"2023-12-01 17:00:00",42.45,-1.37,2.38,34.08,30.89
"2023-12-01 18:00:00",50.06,-0.58,5.37,51.62,46.41
"2023-12-01 19:00:00",51.21,-0.96,8.16,71.75,67.06
"2023-12-01 20:00:00",46.13,-0.86,5.69,52.43,46.08
"2023-12-01 21:00:00",47.27,0.99,8.93,104.54,95.74
"2023-12-01 22:00:00",42.86,-0.44,9.36,68.73,64.94
"2023-12-01 23:00:00",36.5,0.35,7.73,53.3,51.37
"2023-12-02 00:00:00",38.28,-0.85,5.99,40.37,39.1
"2023-12-02 01:00:00",30.87,-1.48,3.83,37.95,36.88
"2023-12-02 02:00:00",30.12,0.42,2,27.89,26.68
"2023-12-02 03:00:00",8.43,19.67,1.56,4.52,3.98
"2023-12-02 04:00:00",6.07,26.3,0.41,2.82,2.29
"2023-12-02 05:00:00",7.01,25.64,0.81,2.87,2.25
"2023-12-02 06:00:00",38.86,20.38,0.65,2.9,2.48
"2023-12-02 07:00:00",33.99,20.14,1.16,3.11,2.52
"2023-12-02 08:00:00",35.31,6.8,1.96,4.53,3.54
"2023-12-02 09:00:00",37.8,-0.56,0.44,6.63,4.95
"2023-12-02 10:00:00",43.78,1.16,3.28,11.82,9.63
"2023-12-02 11:00:00",52.15,-0.66,3.47,17.4,12.54
"2023-12-02 12:00:00",31.4,20.11,0.15,11.14,7.85
"2023-12-02 13:00:00",23.88,31.63,0.66,6.25,3.99
"2023-12-02 14:00:00",23.94,27.95,1.6,7.4,5.33
"2023-12-02 15:00:00",36.97,9.21,0.97,13.21,10.63
"2023-12-02 16:00:00",42.77,2.14,1.23,14.74,11.45
"2023-12-02 17:00:00",48.41,0.49,3.35,25.96,23.74
"2023-12-02 18:00:00",44.84,5.2,1.78,21.99,20.3
"2023-12-02 19:00:00",49.58,-1.44,3.92,36.5,34.68
"2023-12-02 20:00:00",50.87,0.5,4.82,58.14,55.96
"2023-12-02 21:00:00",51.78,-0.4,-0.25,104.88,102.61
"2023-12-02 22:00:00",50.88,-0.12,7.28,121.2,118.47
"2023-12-02 23:00:00",43.53,-0.87,7.45,87.08,85.47
"2023-12-03 00:00:00",42.31,0.68,8.07,71.66,70.28
"2023-12-03 01:00:00",38.66,0.9,4.66,51.05,49.96
"2023-12-03 02:00:00",21.03,12.09,1.09,18.88,18.72
"2023-12-03 03:00:00",19.19,13.97,0.61,20.83,20.66
"2023-12-03 04:00:00",12.95,24.69,0.06,16.56,16.29
"2023-12-03 05:00:00",7.93,28.77,-0.18,16.07,15.92
"2023-12-03 06:00:00",8.96,27.29,0.02,15.89,15.66
"2023-12-03 07:00:00",9.84,24.09,-1.14,15.46,15.34
"2023-12-03 08:00:00",16.7,17.93,-0.18,14.41,14.21
"2023-12-03 09:00:00",24.95,7.96,-1.38,15.92,15.66
"2023-12-03 10:00:00",27.63,7.8,-0.46,18.74,18.25
"2023-12-03 11:00:00",28.25,11.01,-0.11,21.28,20.5
"2023-12-03 12:00:00",29.83,18.11,0.72,16.64,15.96
"2023-12-03 13:00:00",29.85,14.56,0.04,17.01,16.37
"2023-12-03 14:00:00",35.35,12.12,0.05,18.21,16.8
"2023-12-03 15:00:00",40.2,7.65,3.67,23.6,22.44
"2023-12-03 16:00:00",45.55,5.85,2.77,29.55,28.07
"2023-12-03 17:00:00",45.17,20.43,3.13,18.16,16.02
"2023-12-03 18:00:00",41.88,13.98,3.87,25.96,24.17
"2023-12-03 19:00:00",34.55,26.23,4.47,25.06,22.21
"2023-12-03 20:00:00",16.44,43.88,2.81,16.68,14.38
"2023-12-03 21:00:00",18.82,41.91,2.69,12.4,10.63
"2023-12-03 22:00:00",15.58,46.5,2.74,9.31,7.14
"2023-12-03 23:00:00",8.56,49.14,1.41,7.64,5.65
"2023-12-04 00:00:00",7.13,48.83,0.67,7.59,5.34
"2023-12-04 01:00:00",5.17,51.05,1.15,5.88,4.29
"2023-12-04 02:00:00",4.4,55.74,0.96,5.87,3.61
"2023-12-04 03:00:00",4.42,50.84,0.43,5.84,3.41
"2023-12-04 04:00:00",5.38,45.29,-0.16,5.78,3.43
"2023-12-04 05:00:00",5.31,43.14,-0.05,5.37,3.22
"2023-12-04 06:00:00",5.93,38.99,-0.7,5.81,4.48
"2023-12-04 07:00:00",11.05,30.39,0.09,7.22,6.27
"2023-12-04 08:00:00",24.5,20.49,0.36,8.37,7.19
"2023-12-04 09:00:00",29.66,14.38,0.02,10.09,7.3
"2023-12-04 10:00:00",25.05,15.48,0.16,11.25,8.14
"2023-12-04 11:00:00",29.24,14.66,-1.65,10.57,8.3
"2023-12-04 12:00:00",22.41,20.6,0.62,12.55,9.47
"2023-12-04 13:00:00",25.47,19.43,1.07,11.03,8.69
"2023-12-04 14:00:00",25.26,19.41,0.02,11.34,9.15
"2023-12-04 15:00:00",24.49,20.1,0.4,12.22,9.49
"2023-12-04 16:00:00",25.99,20.85,0.73,10.58,7.67
"2023-12-04 17:00:00",25.33,22.02,0.6,10.89,8.1
"2023-12-04 18:00:00",23.29,20.23,-0.16,10.32,8.62
"2023-12-04 19:00:00",24.5,21.9,1.28,8.66,7.1
"2023-12-04 19:01:00",,,,,
"2023-12-04 20:01:00",,,,,
"2023-12-04 21:00:00",-0.35,,45.6,16.87,14.3
"2023-12-04 22:00:00",12.38,30.88,10.93,16.84,13.88
"2023-12-04 23:00:00",12.02,31.61,-1.25,11.86,9.21
"2023-12-05 00:00:00",8.02,35.25,0.47,9.65,7.36
"2023-12-05 01:00:00",5.81,36.98,-0.01,8.42,6.22
"2023-12-05 02:00:00",6.48,36.8,0.42,6.83,5.06
"2023-12-05 03:00:00",5.49,37.59,0.93,5.87,4.34
"2023-12-05 04:00:00",6.26,36.59,0.96,4.91,3.64
"2023-12-05 05:00:00",7.12,39.9,1.2,3.87,3.03
"2023-12-05 06:00:00",9.55,40.94,1.03,2.91,2.32
"2023-12-05 07:00:00",18.73,29.48,0.86,2.86,2.14
"2023-12-05 08:00:00",24.07,24.26,0.48,4.23,3.07
"2023-12-05 09:00:00",32.1,14.51,1.55,8.85,4.79
"2023-12-05 10:00:00",32.51,12.96,1.43,9.65,5.46
"2023-12-05 11:00:00",33.61,10.31,1.32,11.69,6.66
"2023-12-05 12:00:00",29.67,13.54,0.47,8.38,5.32
"2023-12-05 13:00:00",31.77,12.02,0.42,8.81,6.19
"2023-12-05 14:00:00",32.14,12.48,0.94,12.27,8.73
"2023-12-05 15:00:00",38.98,5.47,1.68,16.71,11.94
"2023-12-05 16:00:00",43.12,0.31,2,24.37,15.94
"2023-12-05 17:00:00",46.23,-1.54,2.22,36.56,24.82
"2023-12-05 18:00:00",43.97,-1.58,3.52,46.86,40.29
"2023-12-05 19:00:00",47.26,-0.38,4.27,56.99,54.29
"2023-12-05 20:00:00",50.81,-0.46,7.71,81.62,78.93
"2023-12-05 21:00:00",44.62,0.08,8.12,86.3,83.97
"2023-12-05 22:00:00",53.17,1.05,10.7,97.99,95
"2023-12-05 23:00:00",45.68,-1.07,6.19,41.86,39.46
"2023-12-06 00:00:00",32.64,-1.09,3.1,25.17,24.15
"2023-12-06 01:00:00",33.83,0.96,3.68,21.49,20.05
"2023-12-06 02:00:00",13.94,18.97,2.17,8.36,7.52
"2023-12-06 03:00:00",5.85,35.2,0.92,6.44,5.46
"2023-12-06 04:00:00",4.37,40.65,0.65,6.44,4.77
"2023-12-06 05:00:00",5.26,38.7,1.5,6.19,4.72
"2023-12-06 06:00:00",5.55,37.64,1.31,5.01,3.99
"2023-12-06 07:00:00",12.35,31.64,0.85,4.35,3.36
"2023-12-06 08:00:00",18.97,30.48,0.94,5.51,3.58
"2023-12-06 09:00:00",23.44,31.4,1.82,8.67,5.14
"2023-12-06 10:00:00",28.11,28.71,1.67,12.85,6.65
"2023-12-06 11:00:00",15.51,32.98,1.21,12.27,6.56
"2023-12-06 12:00:00",14.94,33.82,1.25,15.44,7.46
"2023-12-06 13:00:00",15.02,32.73,0.76,14.68,7.69
"2023-12-06 14:00:00",26.44,29.8,0.69,21.87,9.04
"2023-12-06 15:00:00",15.24,37.46,1.1,26.42,9.8
"2023-12-06 16:00:00",16.61,32.87,1.04,24.38,12.33
"2023-12-06 17:00:00",16.54,34.51,1.01,14.75,9.46
"2023-12-06 18:00:00",16.71,34.39,1.06,13.6,9.43
"2023-12-06 19:00:00",13.56,39.85,0.98,12.52,9.12
"2023-12-06 20:00:00",12.49,40.54,1.16,11.26,8.27
"2023-12-06 21:00:00",9.21,44.19,1.6,8.41,6.97
"2023-12-06 22:00:00",6.27,52.7,1.03,6.6,5.02
"2023-12-06 23:00:00",4.43,54.47,0.64,5.26,3.95
"2023-12-07 00:00:00",5.21,54.18,0.72,3.46,2.82
"2023-12-07 01:00:00",5.03,55.63,0.92,3.63,2.53
"2023-12-07 02:00:00",3.3,60.78,1.28,2.97,1.87
"2023-12-07 03:00:00",2.51,60.88,0.89,2.12,1.46
"2023-12-07 04:00:00",2.77,57.5,0.91,2.26,1.62
"2023-12-07 05:00:00",5.64,49.96,1.41,2.24,1.46
"2023-12-07 06:00:00",11.25,42.83,1.11,3.31,2.02
"2023-12-07 07:00:00",7.65,57.53,0.97,9.64,5.94
"2023-12-07 08:00:00",22.21,50.12,0.39,11.05,6.92
"2023-12-07 09:00:00",27.88,46.14,1,13.2,6.44
"2023-12-07 10:00:00",39.3,31.07,0.63,21.63,9.07
"2023-12-07 11:00:00",26.46,36.48,1.25,4.19,1.7
"2023-12-07 11:01:00",,,
"2023-12-07 12:00:00",20.08,20.4,,12.88,3.51
"2023-12-07 12:01:00",,,
"2023-12-07 13:00:00",14,23.11,1.51,38.61,14.11
"2023-12-07 14:00:00",14.54,37.28,1.59,5.46,3.04
"2023-12-07 15:00:00",15.09,42.2,0.94,11.25,5.81
"2023-12-07 16:00:00",14.83,43.59,1.24,17.57,9.24
"2023-12-07 17:00:00",32.06,28.31,1.42,22.93,14.16
"2023-12-07 18:00:00",34.87,27.9,1.41,23.55,15.38
"2023-12-07 19:00:00",18.02,45.92,0.89,19.15,12.01
"2023-12-07 20:00:00",15.18,49.66,1.01,17.15,10.68
"2023-12-07 21:00:00",8.16,55.88,1.4,12.6,7.87
"2023-12-07 22:00:00",9.14,55.01,1.26,11.53,6.97
"2023-12-07 23:00:00",7.69,55.16,1.5,12.06,7.27
"2023-12-08 00:00:00",5.75,57.12,1.02,14.15,7.68
"2023-12-08 01:00:00",5.16,58.89,0.99,14.21,7.41
"2023-12-08 02:00:00",2.09,62.54,0.93,13.9,7.48
"2023-12-08 03:00:00",1.19,64.71,1.1,11.36,6.43
"2023-12-08 04:00:00",1.13,65.11,1.35,10.03,5.71
"2023-12-08 05:00:00",0.87,64.87,0.55,10.39,6.02
"2023-12-08 06:00:00",3.86,63.74,1.05,10.31,6.27
"2023-12-08 07:00:00",3.82,62.65,0.47,8.36,5.4
"2023-12-08 08:00:00",8.02,58.44,0.72,11.25,6.51
"2023-12-08 09:00:00",8.61,59.3,0.54,12.8,7.18
"2023-12-08 10:00:00",8.27,58.92,0.71,12.11,6.42
"2023-12-08 11:00:00",6.35,59.65,0.31,9.37,5.61
"2023-12-08 12:00:00",6.84,58.01,0.55,9.76,5.14
"2023-12-08 13:00:00",6.47,58.98,0.39,8.25,4.66
"2023-12-08 14:00:00",7.51,59.01,0.64,9.07,5.06
"2023-12-08 15:00:00",7.54,57.46,0.84,10.75,5.83
"2023-12-08 16:00:00",7.55,60.12,1.14,10.84,6.29
"2023-12-08 17:00:00",8.51,60.79,0.87,11.84,7.11
"2023-12-08 18:00:00",7.57,61.88,0.09,13.59,8.48
"2023-12-08 19:00:00",9.37,62.97,0.44,17.17,10.07
"2023-12-08 20:00:00",8.63,62.74,1.2,17.07,10.98
"2023-12-08 21:00:00",7.21,64.35,0.89,15.14,9.57
"2023-12-08 22:00:00",4.5,63.6,0.67,14.65,8.87
"2023-12-08 23:00:00",4.39,63.05,0.95,14.28,8.53
"2023-12-09 00:00:00",2.84,70.53,1.06,15.21,8.63
"2023-12-09 01:00:00",3.38,71.63,0.85,12.28,7.55
"2023-12-09 02:00:00",7.88,59.55,1.26,7.45,4.86
"2023-12-09 03:00:00",9.1,55.82,1.18,4.87,3.33
"2023-12-09 04:00:00",5.84,62.57,0.64,1.22,0.62
"2023-12-09 05:00:00",4.13,67.74,1.13,1.33,0.63
"2023-12-09 06:00:00",8.68,59.14,1.08,0.57,0.35
"2023-12-09 07:00:00",6.46,62.74,0.48,0.52,0.29
"2023-12-09 08:00:00",3.3,69.16,1.41,1.17,0.61
"2023-12-09 09:00:00",4.6,69.02,0.7,2.83,1.66
"2023-12-09 10:00:00",5.03,70.95,1.2,10.14,5.26
"2023-12-09 11:00:00",4.8,73.45,1.37,22.59,12.71
"2023-12-09 12:00:00",4.94,76.09,1.11,22.9,12.7
"2023-12-09 13:00:00",5.57,75.33,0.47,19.17,10.88
"2023-12-09 14:00:00",3.65,77.8,0.74,16.58,8.82
"2023-12-09 15:00:00",4.99,74.98,0.44,17.65,10.25
"2023-12-09 16:00:00",5,73.88,0.69,20.06,11.08
"2023-12-09 17:00:00",5.5,73.43,0.7,15.44,9.46
"2023-12-09 18:00:00",6.36,71.98,1.31,17.1,10.55
"2023-12-09 19:00:00",6.97,69.8,0.8,16.88,11.08
"2023-12-09 20:00:00",6.43,69.9,0.58,17.86,11.05
"2023-12-09 21:00:00",6.04,68.46,1.27,19.25,12.33
"2023-12-09 22:00:00",5.49,68.05,1.27,18.44,11.45
"2023-12-09 23:00:00",4.21,66.71,0.99,17.45,10.85
"2023-12-10 00:00:00",4.5,65.62,0.9,14.72,8.61
"2023-12-10 01:00:00",2.76,64.66,0.33,15.4,8.17
"2023-12-10 02:00:00",2.61,64.05,0.91,12.53,6.24
"2023-12-10 03:00:00",2.95,62.61,0.77,11.9,6
"2023-12-10 04:00:00",2.88,64.8,0.67,14.42,6.73
"2023-12-10 05:00:00",5.54,61.99,0.71,13.54,6.59
"2023-12-10 06:00:00",5.66,52.71,0.53,12.97,6.08
"2023-12-10 07:00:00",5.2,66.64,1.15,9.52,5.19
"2023-12-10 08:00:00",7.81,65.2,0.81,8.7,5.24
"2023-12-10 09:00:00",14.27,57.15,0.83,8.54,5.33
"2023-12-10 10:00:00",6.87,69.98,0.63,9.76,6.24
"2023-12-10 11:00:00",7.07,67.63,1.13,5.56,3.39
"2023-12-10 12:00:00",4.43,69.12,1.42,13.76,7.65
"2023-12-10 13:00:00",5.08,69.34,0.71,16.06,9.7
"2023-12-10 14:00:00",5.69,69.3,0.67,15.91,9.86
"2023-12-10 15:00:00",4.51,70.89,0.61,15.07,9.55
"2023-12-10 16:00:00",5.26,70.78,0.89,12.97,8.51
"2023-12-10 17:00:00",5.2,72.68,1.06,9.07,6.53
"2023-12-10 18:00:00",9.5,74.68,0.5,6.4,4.98
"2023-12-10 19:00:00",3.82,78.94,0.54,5.62,4.38
"2023-12-10 20:00:00",4.45,74.2,1.46,5.65,4.06
"2023-12-10 21:00:00",4.98,71.29,0.91,4.87,3.7
"2023-12-10 22:00:00",4.74,70.37,-0.24,6.29,4.69
"2023-12-10 23:00:00",4.34,70.98,0.01,7.06,5.31
"2023-12-11 00:00:00",3.37,69.85,0.84,9.34,5.99
"2023-12-11 01:00:00",2.64,67.73,0.63,12.74,7.85
"2023-12-11 02:00:00",2.02,66.39,0.69,7.63,5.07
"2023-12-11 03:00:00",1.57,63.68,0.74,5.12,3.41
"2023-12-11 04:00:00",1.99,63.79,0.61,3.87,2.53
"2023-12-11 05:00:00",2,66.07,0.89,3.64,1.87
"2023-12-11 06:00:00",4.51,65.94,0.43,4.16,1.92
"2023-12-11 07:00:00",8.05,62.17,0.83,4.78,2.26
"2023-12-11 08:00:00",35.98,45.08,1.28,7.33,3.17
"2023-12-11 09:00:00",21.92,48.29,0.35,7.19,3.17
"2023-12-11 10:00:00",26.05,36.7,1.47,15.29,4.9
"2023-12-11 11:00:00",14.01,49.53,0.9,12.11,4.28
"2023-12-11 12:00:00",16.33,52.08,0.82,10.57,4.4
"2023-12-11 13:00:00",12.45,54.54,0.57,8.32,3.51
"2023-12-11 14:00:00",22.57,47.99,1.28,6.85,3.48
"2023-12-11 15:00:00",27.65,35.44,2.14,67.33,14.57
"2023-12-11 16:00:00",34.26,26.36,2.36,46.22,12.39
"2023-12-11 17:00:00",28.75,31.27,1.79,73.18,17.95
"2023-12-11 18:00:00",26.68,41.4,-1.2,16.65,9.71
"2023-12-11 19:00:00",19.17,50.87,1.17,12,8.63
"2023-12-11 20:00:00",23.34,46.59,1.2,9.31,7.9
"2023-12-11 21:00:00",16.04,50.13,1.54,10.74,8.28
"2023-12-11 22:00:00",16.29,48.03,0.79,6.53,5.41
"2023-12-11 23:00:00",26.34,33.93,0.82,7.25,6.42
"2023-12-12 00:00:00",5.11,61.14,1.09,4.04,2.85
"2023-12-12 01:00:00",9.62,49.74,1.21,6.91,4.75
"2023-12-12 02:00:00",6.71,53.85,1,8.68,5.76
"2023-12-12 03:00:00",1.81,63.22,0.57,7.97,4.98
"2023-12-12 04:00:00",2.98,56.59,0.57,4.9,2.93
"2023-12-12 05:00:00",5.97,42.59,0.38,4.91,3.09
"2023-12-12 06:00:00",7.34,34.09,0.96,6.3,3.95
"2023-12-12 07:00:00",22.04,16.44,1.25,6.76,4.26
"2023-12-12 08:00:00",52.11,2.1,1.69,7.45,4.99
"2023-12-12 09:00:00",59.72,-0.75,3.7,185.71,39.13
"2023-12-12 10:00:00",49.87,-0.78,4.97,29.73,11.98
"2023-12-12 11:00:00",56.97,-0.58,4.56,26.77,12.92
"2023-12-12 12:00:00",49.93,4.17,2.63,15.03,9.81
"2023-12-12 13:00:00",36.77,15.85,1.67,12.28,8.98
"2023-12-12 14:00:00",37.23,22.8,1.5,11.65,7.84
"2023-12-12 15:00:00",25.65,32.44,1.46,12.35,7.97
"2023-12-12 16:00:00",29.96,24.81,1.71,17.53,11.02
"2023-12-12 17:00:00",28.45,22.82,1.52,15.74,10.31
"2023-12-12 18:00:00",28.8,19.89,0.69,12.4,10.27
"2023-12-12 19:00:00",27.5,20.36,0.64,13.91,11.82
"2023-12-12 20:00:00",27.34,16.47,1.79,15.9,14.14
"2023-12-12 21:00:00",18.64,25.83,1.1,11.9,11.32
"2023-12-12 22:00:00",17.75,27.64,1.6,12.78,12.2
"2023-12-12 23:00:00",15.25,26.48,1.16,10.48,9.53
"2023-12-13 00:00:00",11.98,27.5,0.74,8.45,7.2
"2023-12-13 01:00:00",8.84,33.58,1.17,6,5.37
"2023-12-13 02:00:00",7.33,38.79,1.31,5.56,4.55
"2023-12-13 03:00:00",7.48,38.14,0.79,4.27,3.5
"2023-12-13 04:00:00",7.89,36.52,0.95,4.58,3.64
"2023-12-13 05:00:00",6.64,33.38,0.54,3.4,2.34
"2023-12-13 06:00:00",9.32,28.66,1.02,2.37,1.48
"2023-12-13 07:00:00",16.15,18.87,0.57,2.74,1.42
"2023-12-13 08:00:00",22.7,10.88,0.43,3.12,1.51
"2023-12-13 09:00:00",36.59,-0.64,0.99,4.45,2.26
"2023-12-13 10:00:00",31.41,0.48,1.42,9.19,4.37
"2023-12-13 11:00:00",23.75,9.15,0.94,23.61,6.22
"2023-12-13 12:00:00",17.91,14.7,1.13,34.26,8.1
"2023-12-13 13:00:00",17.15,18.5,0.07,7.35,3.25
"2023-12-13 14:00:00",18.15,18.72,0.64,7.52,4.06
"2023-12-13 15:00:00",18.79,17.59,1.16,7.42,3.75
"2023-12-13 16:00:00",25.26,7.83,0.86,9.84,5.7
"2023-12-13 17:00:00",38.03,-3.42,1.72,20.66,13.17
"2023-12-13 18:00:00",39.94,-3.97,2.05,35.76,22.05
"2023-12-13 19:00:00",39.66,-3.48,1.92,36.77,24.34
"2023-12-13 20:00:00",38.07,-3.07,2.49,29.68,22.54
"2023-12-13 21:00:00",31.5,1.83,2.3,23.42,19.82
"2023-12-13 22:00:00",15.71,21.34,1.76,14.22,11.49
"2023-12-13 23:00:00",11.61,35.2,0.13,8.92,6.19
"2023-12-14 00:00:00",10.83,46.64,1.22,6.3,4.01
"2023-12-14 01:00:00",3.45,63.28,1.22,2.67,1.82
"2023-12-14 02:00:00",2.14,58.96,1.49,2.8,2
"2023-12-14 03:00:00",3.02,55.54,1.15,2.5,1.9
"2023-12-14 04:00:00",1.58,51.96,0.64,5.94,3.87
"2023-12-14 05:00:00",1.45,54.2,0.07,1.75,1.49
"2023-12-14 06:00:00",3.14,57.54,0.27,3.73,2.56
"2023-12-14 07:00:00",10.79,44.65,-0.12,7.33,4.34
"2023-12-14 08:00:00",33.19,26.61,-0.03,13.94,7.28
"2023-12-14 09:00:00",35.16,24.16,0.64,61.63,16.27
"2023-12-14 10:00:00",29.87,22.83,0.01,31.45,13.17
"2023-12-14 11:00:00",30.21,20.71,0.31,25.53,13.12
"2023-12-14 12:00:00",24.69,27.08,0.83,24.38,12.24
"2023-12-14 13:00:00",22.81,27.92,0.69,26.56,13.02
"2023-12-14 14:00:00",26.85,26.67,0.96,27.15,13.2
"2023-12-14 15:00:00",28.4,22.14,0.2,29.43,14.28
"2023-12-14 16:00:00",27.12,19.27,0.02,27.15,13.9
"2023-12-14 17:00:00",31.07,20.2,0.58,29.97,13.82
"2023-12-14 18:00:00",21.93,26.92,0.9,29.46,15.67
"2023-12-14 19:00:00",18.52,35.01,1.29,22.75,14.35
"2023-12-14 20:00:00",14.43,40.2,1.42,21.69,13.52
"2023-12-14 21:00:00",17.13,41.13,1.31,24.59,15.68
"2023-12-14 22:00:00",11.45,44.49,0.66,20.79,12.68
"2023-12-14 23:00:00",7.23,48.73,1,20.63,11.45
"2023-12-15 00:00:00",7.32,52.74,0.94,18.07,9.71
"2023-12-15 01:00:00",4.25,55.22,0.59,12.38,7.43
"2023-12-15 02:00:00",3.11,54.91,0.51,11.43,6.37
"2023-12-15 03:00:00",3.52,53.57,-0.54,11.64,6.09
"2023-12-15 04:00:00",2.55,49.79,-0.32,12.04,6.89
"2023-12-15 05:00:00",1.95,56.72,0.32,9.41,5.2
"2023-12-15 06:00:00",2.55,58.99,-0.26,8.93,5.17
"2023-12-15 07:00:00",12.56,50.58,0.63,11.74,6.38
"2023-12-15 08:00:00",21.77,41.53,0.7,14.41,6.93
"2023-12-15 09:00:00",16.98,41.99,0.33,20.63,8.64
"2023-12-15 10:00:00",15.21,44.75,-0.06,21.5,9.62
"2023-12-15 11:00:00",12.41,46.23,0.12,16.14,8.28
"2023-12-15 12:00:00",8.72,51.43,0.3,12.34,5.08
"2023-12-15 13:00:00",8.78,51.95,0.25,8.28,3.41
"2023-12-15 14:00:00",7.02,51.19,0.28,6.51,3.14
"2023-12-15 15:00:00",8.07,49.66,0.17,5.51,2.66
"2023-12-15 16:00:00",11.08,42.46,0.01,4.66,2.57
"2023-12-15 17:00:00",11.35,41.88,-0.16,4.55,3.2
"2023-12-15 18:00:00",10.51,44.66,0.43,3.62,3.08
"2023-12-15 19:00:00",10.85,44.45,0.36,5.02,4.63
"2023-12-15 20:00:00",9.98,42.01,0.2,6.34,5.88
"2023-12-15 21:00:00",8.8,43.4,0.15,6.36,6.05
"2023-12-15 22:00:00",6.66,44.25,0.31,6.6,6.05
"2023-12-15 23:00:00",5.22,49.63,-1.55,4.23,3.75
"2023-12-16 00:00:00",7.51,46.88,-0.02,5.53,4.76
"2023-12-16 01:00:00",4.11,49.78,0.72,3.79,3.35
"2023-12-16 02:00:00",2.69,51.78,0.69,2.35,2
"2023-12-16 03:00:00",2.5,51.61,0.64,2.22,1.73
"2023-12-16 04:00:00",4.14,45.65,-0.03,2.35,1.9
"2023-12-16 05:00:00",1.93,59.09,-0.16,1.92,1.36
"2023-12-16 06:00:00",1.63,56.93,-0.12,1.64,1.04
"2023-12-16 07:00:00",2.12,57.39,0.12,1.21,0.67
"2023-12-16 08:00:00",3.25,56.19,0.21,1.86,0.72
"2023-12-16 09:00:00",4.74,55.94,0.3,1.06,0.56
"2023-12-16 10:00:00",7.58,52.06,0.42,1.67,0.69
"2023-12-16 11:00:00",5.85,56.72,0.08,1.54,0.65
"2023-12-16 12:00:00",5.76,54.91,0.06,3.15,0.88
"2023-12-16 13:00:00",6.82,57.41,0.25,3.68,1.12
"2023-12-16 14:00:00",8.37,54.89,0.45,3.03,1.3
"2023-12-16 15:00:00",6.64,53.31,0.39,2.9,1.35
"2023-12-16 16:00:00",7.67,51.11,-0.41,3.46,2.2
"2023-12-16 17:00:00",9.3,49.66,0.15,3.73,2.53
"2023-12-16 18:00:00",9.85,50.57,0.25,4.29,3.4
"2023-12-16 19:00:00",9.09,52.88,0.56,4.78,3.91
"2023-12-16 20:00:00",8.36,53.32,0.53,5.87,4.77
"2023-12-16 21:00:00",8.99,53.61,0.27,4.55,3.77
"2023-12-16 22:00:00",10.22,52.34,0.76,6.86,6.38
"2023-12-16 23:00:00",5.76,57.68,0.21,3.16,2.82
"2023-12-17 00:00:00",3.15,66.84,0.37,2.37,1.52
"2023-12-17 01:00:00",2.17,71.15,0.5,3.19,1.86
"2023-12-17 02:00:00",2.19,68.16,0.11,1.58,0.76
"2023-12-17 03:00:00",1.73,69.7,-0.3,1.64,0.75
"2023-12-17 04:00:00",1.34,71.45,0.2,1.3,0.63
"2023-12-17 05:00:00",1.08,72.61,0.42,2.4,1.39
"2023-12-17 06:00:00",0.95,74.2,0.07,4.78,2.9
"2023-12-17 07:00:00",0.87,75.02,0.18,4.97,3.13
"2023-12-17 08:00:00",1.6,74.52,0.4,3.51,2.29
"2023-12-17 09:00:00",2.15,73.14,0.19,2.97,1.93
"2023-12-17 10:00:00",2.39,71.91,-0.22,4.19,2.82
"2023-12-17 11:00:00",2.27,68.18,0.33,7.69,4.86
"2023-12-17 12:00:00",2.48,65.55,-0.16,8.04,5.23
"2023-12-17 13:00:00",4.14,62.38,-0.27,7.61,4.79
"2023-12-17 14:00:00",3.68,62.65,-0.27,7.41,5
"2023-12-17 15:00:00",3.91,62.93,0.04,8.54,5.9
"2023-12-17 16:00:00",4.08,62.29,0.23,9.43,6.81
"2023-12-17 17:00:00",4.89,61.29,0.28,10.9,7.21
"2023-12-17 18:00:00",4.97,60.53,0.13,10.76,7.93
"2023-12-17 19:00:00",5.38,61.67,0.27,8.97,6.75
"2023-12-17 20:00:00",4.98,59.03,-0.01,5.77,4.78
"2023-12-17 21:00:00",4.46,61.13,-0.19,3.69,3.18
"2023-12-17 22:00:00",3.67,60.9,0.09,2.71,2.29
"2023-12-17 23:00:00",2.43,61.43,0.67,2.52,2.06
"2023-12-18 00:00:00",1.68,60.27,0.27,2.17,1.82
"2023-12-18 01:00:00",1.44,61.99,0.51,1.55,1.19
"2023-12-18 02:00:00",1.17,63.32,0.45,1.15,0.85
"2023-12-18 03:00:00",0.87,60.9,0.01,1.6,0.94
"2023-12-18 04:00:00",0.94,61.16,0.18,1.27,0.83
"2023-12-18 05:00:00",0.74,60.87,-0.48,1.26,0.71
"2023-12-18 06:00:00",1.26,59.2,-1,1.06,0.64
"2023-12-18 07:00:00",3.83,56.08,-0.73,1,0.58
"2023-12-18 08:00:00",7.74,49.55,0.07,1.41,0.73
"2023-12-18 09:00:00",11.65,45.69,0.46,1.6,0.63
"2023-12-18 10:00:00",13.63,39.53,-0.19,2.31,1.05
"2023-12-18 10:01:00",,,,,
"2023-12-18 11:01:00",,,,,
"2023-12-18 12:00:00",9.68,41.35,0.07,1.95,0.75
"2023-12-18 13:00:00",11.12,42.22,0.8,1.64,0.78
"2023-12-18 14:00:00",18.39,44.64,0.56,1.73,0.95
"2023-12-18 15:00:00",11.55,44.03,-0.54,3.14,1.01
"2023-12-18 16:00:00",13.94,40.08,0.23,4.54,1.67
"2023-12-18 17:00:00",18.84,37.11,0.4,3.84,3.08
"2023-12-18 18:00:00",18.4,37.05,0.18,4.47,3.65
"2023-12-18 19:00:00",18.24,37.14,0.71,6.91,6.15
"2023-12-18 20:00:00",13.17,42.62,0.61,7.65,7.19
"2023-12-18 21:00:00",12.35,42.51,0.77,7.77,6.96
"2023-12-18 22:00:00",8.68,46.32,0.6,7.57,6.89
"2023-12-18 23:00:00",7.27,48.44,1.03,7.21,6.32
"2023-12-19 00:00:00",6.9,47.73,0.62,5.96,5.36
"2023-12-19 01:00:00",3.94,50.96,0.64,4.3,3.63
"2023-12-19 02:00:00",3.65,49.67,1.05,4.48,3.5
"2023-12-19 03:00:00",2.4,51.27,0.72,4.69,3.19
"2023-12-19 04:00:00",2.7,49.73,0.59,6.93,4
"2023-12-19 05:00:00",2.73,49.77,0.53,3.83,2.76
"2023-12-19 06:00:00",4.54,57.85,0.37,2.89,1.57
"2023-12-19 07:00:00",12.91,48.91,0.57,4.23,2.2
"2023-12-19 08:00:00",20.42,42.3,0.46,6.73,3.16
"2023-12-19 09:00:00",26.28,32.02,1.31,9.71,4.28
"2023-12-19 10:00:00",32.51,26.86,0.41,11.81,5.23
"2023-12-19 11:00:00",17.48,44.27,0.66,15.51,5.54
"2023-12-19 12:00:00",17.28,44.47,0.82,13.05,5.45
"2023-12-19 13:00:00",14.18,46,0.68,9.75,4.84
"2023-12-19 14:00:00",22.05,42.2,0.88,12.91,5.62
"2023-12-19 15:00:00",14.75,47.46,0.41,29.43,9.53
"2023-12-19 16:00:00",22.33,41.48,0.3,15.73,7.91
"2023-12-19 17:00:00",19.47,40.5,0.47,15.46,8.81
"2023-12-19 18:00:00",16.84,43.47,0.92,15.66,10.07
"2023-12-19 19:00:00",16.76,41.14,0.83,18.04,11.98
"2023-12-19 20:00:00",13.31,47.18,-0.32,15.96,9.61
"2023-12-19 21:00:00",11.01,49.02,0.34,15.99,10.35
"2023-12-19 22:00:00",7.43,52.8,1.31,15.26,8.64
"2023-12-19 23:00:00",6.27,52.29,0.81,13.95,7.66
"2023-12-20 00:00:00",4.12,54.6,0.33,16.79,8.06
"2023-12-20 01:00:00",3.65,55.08,0.92,14.25,8.21
"2023-12-20 02:00:00",2.25,57.8,0.72,11.15,6.33
"2023-12-20 03:00:00",1.87,60.41,0.99,8.3,4.79
"2023-12-20 04:00:00",1.48,60.47,1.01,6.42,3.7
"2023-12-20 05:00:00",1.64,59.29,0.81,6.02,3.27
"2023-12-20 06:00:00",2.59,59.26,0.57,5.12,3.05
"2023-12-20 07:00:00",6.35,55.79,0.38,5.16,3.2
"2023-12-20 08:00:00",11.81,51.04,0.86,3.92,2.51
"2023-12-20 09:00:00",12.93,54.13,0.77,7.21,4.58
"2023-12-20 10:00:00",10.12,56.89,0.6,10.01,6.06
"2023-12-20 11:00:00",10.31,58.43,0.45,12.58,7.62
"2023-12-20 12:00:00",9.82,59.25,0.72,14.92,9.44
"2023-12-20 13:00:00",9.88,58.41,0.16,16.01,10.54
"2023-12-20 14:00:00",10.39,58.29,0.43,11.95,8.49
"2023-12-20 15:00:00",12.16,58.09,1.11,10.2,7.6
"2023-12-20 16:00:00",11.66,56.5,1.33,5.33,3.94
"2023-12-20 17:00:00",11.12,55.83,0.51,3.26,2.78
"2023-12-20 18:00:00",10.03,57.85,0.22,3.22,2.76
"2023-12-20 19:00:00",9.19,60.49,0.88,3.42,2.95
"2023-12-20 20:00:00",6.59,62.77,0.38,4.11,3.48
"2023-12-20 21:00:00",6.92,62.24,1.12,5.19,4.29
"2023-12-20 22:00:00",4.85,64.87,0.78,5.35,4.01
"2023-12-20 23:00:00",5.33,64.87,0.87,4.9,3.9
"2023-12-21 00:00:00",3.11,68.08,0.55,2.76,2.1
"2023-12-21 01:00:00",1.98,68.19,0.53,2.42,1.97
"2023-12-21 02:00:00",1.29,71.34,0.42,3.26,2.4
"2023-12-21 03:00:00",1.11,72.43,0.65,4.27,3.07
"2023-12-21 04:00:00",0.95,71.8,0.67,5.59,3.94
"2023-12-21 05:00:00",1.13,73.04,0.61,7.06,4.81
"2023-12-21 06:00:00",1.59,73.27,0.75,6.21,4.21
"2023-12-21 07:00:00",10.07,69.7,0.74,4.63,2.81
"2023-12-21 08:00:00",30.21,61.17,1.64,3.75,2.32
"2023-12-21 09:00:00",15.77,66.63,0.79,7.39,3.13
"2023-12-21 10:00:00",11.21,63.24,0.96,4.58,3.05
"2023-12-21 11:00:00",9.79,66.18,0.62,7.66,4.91
"2023-12-21 12:00:00",10.4,66.46,0.77,6.51,4.14
"2023-12-21 13:00:00",7.39,67.75,0.77,14.7,8.72
"2023-12-21 14:00:00",8.74,64.4,0.84,17.07,10.14
"2023-12-21 15:00:00",9.18,64.99,0.58,16.95,10.32
"2023-12-21 16:00:00",11.39,62.81,0.82,15.98,9.66
"2023-12-21 17:00:00",7.89,63.81,0.78,20.46,12.19
"2023-12-21 18:00:00",11.14,59.17,0.89,20.74,13.23
"2023-12-21 19:00:00",10.08,58.02,1.14,18.89,12.33
"2023-12-21 20:00:00",11.46,58.47,0.8,14.93,10.61
"2023-12-21 21:00:00",14,54.35,1.22,9.04,7.68
"2023-12-21 22:00:00",6.27,64.28,1.07,7.46,5.32
"2023-12-21 23:00:00",5.84,65.89,0.74,4.2,3.12
"2023-12-22 00:00:00",4.44,67.09,1.21,1.99,1.67
"2023-12-22 01:00:00",2.63,68.26,0.29,1.68,1.23
"2023-12-22 02:00:00",1.46,71.19,-0.24,2.32,1.62
"2023-12-22 03:00:00",1.24,73.1,1.11,4.11,2.91
"2023-12-22 04:00:00",1.22,73.05,0.73,7.02,4.46
"2023-12-22 05:00:00",1.3,74.15,0.92,6.74,4.63
"2023-12-22 06:00:00",2.79,72.19,0.48,5.38,3.57
"2023-12-22 07:00:00",3.42,71.3,0.36,5.23,3.64
"2023-12-22 08:00:00",5.44,70.14,0.66,7.7,5.12
"2023-12-22 09:00:00",7.7,69.54,0.1,9,5.79
"2023-12-22 10:00:00",7.19,70.39,0.67,9.27,5.69
"2023-12-22 11:00:00",11.21,66.32,0.84,10.13,5.76
"2023-12-22 12:00:00",7.85,66.81,0.6,9.71,5.37
"2023-12-22 13:00:00",8.78,64.98,0.14,8.66,4.64
"2023-12-22 14:00:00",10.87,62.78,0.59,7.29,4.37
"2023-12-22 15:00:00",8.97,61.73,0.29,6.8,4.34
"2023-12-22 16:00:00",10.37,63.03,0.65,6.43,4.14
"2023-12-22 17:00:00",9.96,62.67,0.49,7.99,5.56
"2023-12-22 18:00:00",10.18,61.92,0.83,12.13,8.16
"2023-12-22 19:00:00",9.42,64.94,1.15,11.39,7.74
"2023-12-22 20:00:00",8.45,67.06,1.22,10.66,6.84
"2023-12-22 21:00:00",8.29,63.84,1.47,9.96,6.54
"2023-12-22 22:00:00",5.19,66.48,1.69,10.06,6.88
"2023-12-22 23:00:00",3.44,66.56,1.44,7,4.49
"2023-12-23 00:00:00",2.82,65.58,1.22,3.93,2.43
"2023-12-23 01:00:00",1.55,67.56,1.11,3.08,2.1
"2023-12-23 02:00:00",2.2,67.19,0.86,7.22,4.35
"2023-12-23 03:00:00",1.79,70.16,0.81,7.36,4.07
"2023-12-23 04:00:00",1.23,71.02,0.98,2.51,1.45
"2023-12-23 05:00:00",1.76,76.66,0.67,4.08,2.58
"2023-12-23 06:00:00",1.57,74.32,0.85,4.4,2.73
"2023-12-23 07:00:00",2.17,71.18,0.48,2.67,1.66
"2023-12-23 08:00:00",3.08,70.57,0.47,3.31,1.91
"2023-12-23 09:00:00",4.36,67.32,0.69,2.42,1.39
"2023-12-23 10:00:00",6,66.46,0.56,1.99,1.2
"2023-12-23 11:00:00",4.62,65.09,0.95,1.45,0.92
"2023-12-23 12:00:00",6.11,62.55,0.64,1.85,1.2
"2023-12-23 13:00:00",5.62,63.24,0.71,2.58,1.46
"2023-12-23 14:00:00",5.47,64.37,0.69,3.11,1.73
"2023-12-23 15:00:00",5.41,65.43,0.54,3.39,1.86
"2023-12-23 16:00:00",8.76,60.52,1.19,3.51,2.24
"2023-12-23 17:00:00",5.75,60.66,0.68,3.41,2.55
"2023-12-23 18:00:00",7.5,60.88,1.29,4.23,3.02
"2023-12-23 19:00:00",4.93,63.68,0.98,2.88,2.55
"2023-12-23 20:00:00",4.67,64.58,0.9,2.83,2.48
"2023-12-23 21:00:00",5.75,65.17,1.51,2.68,2.38
"2023-12-23 22:00:00",3.63,67.65,1.02,2.5,2.15
"2023-12-23 23:00:00",3.75,68.42,0.58,1.79,1.64
"2023-12-24 00:00:00",4.16,67.14,0.97,1.43,1.2
"2023-12-24 01:00:00",2.03,68.68,0.83,0.91,0.69
"2023-12-24 02:00:00",3.25,67.54,1.22,0.65,0.49
"2023-12-24 03:00:00",1.61,67.61,0.92,0.76,0.53
"2023-12-24 04:00:00",1.4,68.75,0.77,0.58,0.34
"2023-12-24 05:00:00",1.11,69.96,1.3,0.47,0.2
"2023-12-24 06:00:00",1.35,68.12,1.01,0.38,0.15
"2023-12-24 07:00:00",1.3,68.5,0.49,0.25,0.1
"2023-12-24 08:00:00",2.02,69.66,0.09,0.25,0.12
"2023-12-24 09:00:00",2.78,69.59,0.64,0.52,0.21
"2023-12-24 10:00:00",3.18,68.6,0.5,0.51,0.31
"2023-12-24 11:00:00",3.06,68.33,0.55,0.71,0.41
"2023-12-24 12:00:00",3.58,67.62,0.51,1.53,0.82
"2023-12-24 13:00:00",3.02,70.37,1.14,3.12,1.82
"2023-12-24 14:00:00",5.39,65.78,1.06,4.49,2.62
"2023-12-24 15:00:00",4.55,65.94,0.92,4.27,3.09
"2023-12-24 16:00:00",4.93,67.41,1.33,6.35,4.69
"2023-12-24 16:01:00",,,,,
"2023-12-24 17:01:00",,,,,
"2023-12-24 19:00:00",4.91,67.23,0.97,11.35,7.37
"2023-12-24 20:00:00",6.49,63.87,1.84,13.21,9.24
"2023-12-24 21:00:00",6.72,64.75,1.39,12.73,9.17
"2023-12-24 22:00:00",5.39,65.75,1.85,11.96,8.42
"2023-12-24 23:00:00",3.1,68.17,1.48,7.84,5.61
"2023-12-25 00:00:00",2.71,70.93,1.61,7.46,5.06
"2023-12-25 01:00:00",2.23,70.32,1.27,8.74,5.44
"2023-12-25 02:00:00",1.8,70.6,1.36,8.22,5.38
"2023-12-25 03:00:00",1.9,68.85,1.03,9.88,6.01
"2023-12-25 03:01:00",,,,,
"2023-12-25 04:01:00",,,,,
"2023-12-27 23:00:00",2.17,78.2,1.73,3.63,2.93
"2023-12-28 00:00:00",1.74,75.49,1.06,5,3.57
"2023-12-28 01:00:00",1.46,81.04,1.3,3.65,2.54
"2023-12-28 02:00:00",1.54,79.27,1.11,4.9,2.73
"2023-12-28 03:00:00",0.75,77.9,1.16,6.26,3.49
"2023-12-28 04:00:00",0.85,73.73,1.14,7.3,4.04
"2023-12-28 05:00:00",2.34,69.75,1.55,6.98,4.18
"2023-12-28 06:00:00",0.76,68.76,1.29,11.46,6.36
"2023-12-28 07:00:00",1.55,69.96,-0.06,7.5,4.57
"2023-12-28 08:00:00",2.12,76.26,1.63,4.3,2.8
"2023-12-28 09:00:00",2.52,74.57,0.86,5.97,3.84
"2023-12-28 10:00:00",3.73,74.26,0.78,5.48,3.76
"2023-12-28 11:00:00",2.97,74.81,2.23,2.75,1.87
"2023-12-28 12:00:00",4.87,69.61,1,4.28,2.64
"2023-12-28 13:00:00",4.55,65.59,0.58,6.72,3.8
"2023-12-28 14:00:00",4.74,65.91,1.43,8.06,4.83
"2023-12-28 15:00:00",4.67,67.86,1.45,6.43,3.9
"2023-12-28 16:00:00",4.88,67.87,1.35,4.56,3.39
"2023-12-28 17:00:00",6.27,68.98,1.23,4.58,3.42
"2023-12-28 18:00:00",7.35,64.56,0.31,7.74,5.47
"2023-12-28 19:00:00",5.58,62.55,0.57,10.4,7.29
"2023-12-28 20:00:00",4.47,65.87,2.62,11.79,8.38
"2023-12-28 21:00:00",6.19,65.65,1.54,11.36,8.32
"2023-12-28 22:00:00",3.29,64.12,0.36,14.46,9.57
"2023-12-28 22:01:00",,,,,
"2023-12-28 23:01:00",,,,,
"2024-01-02 10:00:00",30.23,26.85,1.88,11.42,7.29
"2024-01-02 11:00:00",41.26,11.46,2.12,11.65,8.01
"2024-01-02 12:00:00",33.63,29.43,2.47,9.43,6.98
"2024-01-02 13:00:00",17.06,54.82,1.37,4.5,3.63
"2024-01-02 14:00:00",13.76,61.18,1.87,4.74,3.96
"2024-01-02 15:00:00",12.81,62.78,2.15,3.52,2.99
"2024-01-02 16:00:00",13.23,60.31,2.43,5.35,4.71
"2024-01-02 17:00:00",20.89,49.04,2.66,7.24,6.11
"2024-01-02 18:00:00",17,58.65,2.46,7.86,7.24
"2024-01-02 19:00:00",14.07,60.07,2.38,8.75,7.87
"2024-01-02 20:00:00",11.29,62.29,2.17,8.79,7.68
"2024-01-02 21:00:00",8.13,65.05,2.45,9.49,6.99
"2024-01-02 22:00:00",6.99,62.35,2.53,10.91,7.55
"2024-01-02 23:00:00",5.9,62.76,2.69,11.4,7.08