"Date and Time","NO<sub>2</sub>","O<sub>3</sub>","SO<sub>2</sub>","PM<sub>10</sub>","PM<sub>2.5</sub>"
"2022-01-01 01:00:00",3.48,54.42,1.52,16.27,11.56
"2022-01-01 02:00:00",3.3,56.39,0.76,19.37,11.87
"2022-01-01 03:00:00",2.53,58.8,1.39,19.61,11.69
"2022-01-01 04:00:00",2.2,59.89,1.56,21.58,12.97
"2022-01-01 05:00:00",1.67,66.52,1.67,20.15,12.99
"2022-01-01 06:00:00",1.59,70.12,1.44,15.79,10.65
"2022-01-01 07:00:00",1.38,75.93,1.38,18.5,12.54
"2022-01-01 08:00:00",1.7,79.53,1.65,15.14,10.59
"2022-01-01 09:00:00",1.75,84.32,1.64,16.55,11.11
"2022-01-01 10:00:00",1.61,84.42,1.95,16.49,10.63
"2022-01-01 11:00:00",1.71,82.47,1.2,18.58,12.12
"2022-01-01 12:00:00",1.99,82.95,1.01,17.16,11.14
"2022-01-01 13:00:00",2.68,81.24,1.09,16.06,10.61
"2022-01-01 14:00:00",2.32,80.1,1.27,14.39,9.67
"2022-01-01 15:00:00",2.96,78.61,0.98,14.03,9.24
"2022-01-01 16:00:00",3.25,79.38,1.03,14.52,9.46
"2022-01-01 17:00:00",3.26,79.97,1.26,13.47,9.3
"2022-01-01 18:00:00",9.77,77.87,1.57,13.27,9.44
"2022-01-01 19:00:00",5.31,75.14,1.59,13.25,9.45
"2022-01-01 20:00:00",9.19,72.14,1.59,12.47,8.56
"2022-01-01 21:00:00",10.26,66.26,1.16,14.19,9.65
"2022-01-01 22:00:00",8.1,68.86,1.2,15.48,10.48
"2022-01-01 23:00:00",12.16,56.74,1.92,15.91,11.29
"2022-01-02 00:00:00",8.72,59.56,2.02,16.35,10.83
"2022-01-02 01:00:00",3.44,70.12,1.18,14.25,8.73
"2022-01-02 02:00:00",1.77,73.88,-0.83,12.84,7.83
"2022-01-02 03:00:00",1.65,75.39,1.45,11.55,7.11
"2022-01-02 04:00:00",1.17,78.17,2.03,8.68,5.24
"2022-01-02 05:00:00",1.02,78.29,1.88,9.03,5.35
"2022-01-02 06:00:00",1.2,78.74,1.3,9.11,5.26
"2022-01-02 07:00:00",1.15,79.8,1,7.4,4.48
"2022-01-02 08:00:00",1.77,79.62,1.06,6.97,4.18
"2022-01-02 09:00:00",1.76,80.16,1.34,7.03,4.1
"2022-01-02 10:00:00",2.47,80.33,1.35,7.27,4.45
"2022-01-02 11:00:00",2.33,81.37,0.94,5.32,3.48
"2022-01-02 12:00:00",3.01,82.02,0.42,2.58,1.73
"2022-01-02 13:00:00",2.61,81.05,0.55,3.57,2
"2022-01-02 14:00:00",5.42,76.43,1.42,5.49,3.32
"2022-01-02 15:00:00",4.52,73.86,1.51,7.17,4.48
"2022-01-02 16:00:00",5.59,72.57,1.33,6.76,4.7
"2022-01-02 17:00:00",5.94,70.58,1.36,8.36,5.64
"2022-01-02 18:00:00",6.24,67.91,1.54,11.86,8.08
"2022-01-02 19:00:00",7.83,67.09,1.93,13.13,9.06
"2022-01-02 20:00:00",5.21,68.14,1.57,13.2,8.86
"2022-01-02 21:00:00",5.87,69.25,1.51,12.69,8.78
"2022-01-02 22:00:00",5.7,70.91,1.63,13.45,8.52
"2022-01-02 23:00:00",3.2,71.57,1.83,14.34,8.94
"2022-01-03 00:00:00",4.98,72.66,1.57,10.9,7.23
"2022-01-03 01:00:00",1.48,73.96,1.43,11.99,7.48
"2022-01-03 02:00:00",1.03,76.64,1.39,10.71,6.47
"2022-01-03 03:00:00",0.91,75.53,1.28,11.38,6.66
"2022-01-03 04:00:00",1.09,74.91,1.15,10.86,6.8
"2022-01-03 05:00:00",0.87,76,0.98,9.2,5.68
"2022-01-03 06:00:00",1.58,75,0.43,9.55,5.89
"2022-01-03 07:00:00",1.86,75.53,1.06,10.29,6.03
"2022-01-03 08:00:00",2.57,74.65,1.08,11.14,6.61
"2022-01-03 09:00:00",3.05,72.22,1.31,9.94,6.21
"2022-01-03 10:00:00",4.61,69.83,1.42,10.27,6.41
"2022-01-03 11:00:00",4.5,68.36,1.33,9.78,5.97
"2022-01-03 12:00:00",4.8,66.83,1.17,9.49,5.9
"2022-01-03 13:00:00",4.23,67.22,1.38,9.98,6.32
"2022-01-03 14:00:00",6.63,63.21,1.18,9.3,5.83
"2022-01-03 15:00:00",6.61,62.92,1.49,9.25,5.64
"2022-01-03 16:00:00",8.15,61.34,1.94,8.69,5.61
"2022-01-03 17:00:00",11.13,61.6,1.45,10.92,7.2
"2022-01-03 18:00:00",11,60.3,1.56,11.73,7.91
"2022-01-03 19:00:00",14.7,58.37,2.14,11.98,8.47
"2022-01-03 20:00:00",16.41,49.6,1.91,11.26,9.36
"2022-01-03 21:00:00",14.55,55.43,1.72,4.27,3.67
"2022-01-03 22:00:00",13.62,57.33,1.61,9.11,7.74
"2022-01-03 23:00:00",8.45,67.01,1.55,9.32,5.33
"2022-01-04 00:00:00",6.14,70.82,1.88,7.51,4.41
"2022-01-04 01:00:00",7.68,60.6,1.78,9.03,4.95
"2022-01-04 02:00:00",7.86,52.09,1.68,7.84,4.73
"2022-01-04 03:00:00",6.93,51.35,1.07,9.14,5
"2022-01-04 04:00:00",5.08,54.23,1.5,9.23,4.47
"2022-01-04 05:00:00",3.5,53.19,1.13,8.14,3.99
"2022-01-04 06:00:00",4.74,50.55,1.39,7.36,3.91
"2022-01-04 07:00:00",11.04,45.55,1.47,6.33,3.61
"2022-01-04 08:00:00",22.16,31.72,1.72,6.67,3.86
"2022-01-04 09:00:00",32.4,20.77,2.54,7.8,4.7
"2022-01-04 10:00:00",26.23,28.33,1.13,10.61,5.87
"2022-01-04 11:00:00",19.7,31.78,0.96,11.58,6.65
"2022-01-04 12:00:00",16.27,37.38,1.62,12.45,7.38
"2022-01-04 13:00:00",13.66,44.82,1.64,10.9,6.48
"2022-01-04 14:00:00",11.39,49.02,1.57,11.35,6.19
"2022-01-04 15:00:00",10.02,48.04,0.68,11.48,6.6
"2022-01-04 16:00:00",17.41,39.72,1.8,13.74,7.87
"2022-01-04 17:00:00",27.04,30.21,1.91,16.08,10.72
"2022-01-04 18:00:00",27.6,33.34,2.28,15.15,11.4
"2022-01-04 19:00:00",26.7,30.9,2.71,18.53,15.14
"2022-01-04 20:00:00",18.2,37.04,2.56,19.88,15.94
"2022-01-04 21:00:00",18.56,37.8,2.85,17.02,13.63
"2022-01-04 22:00:00",13.97,40.78,2.82,15.38,12.1
"2022-01-04 23:00:00",11.47,40.72,2.56,14.33,10.76
"2022-01-05 00:00:00",8.52,42.04,2.49,12.2,8.85
"2022-01-05 01:00:00",6.03,45.22,1.64,11.37,7.47
"2022-01-05 02:00:00",5.38,43.85,2.35,11.39,7.51
"2022-01-05 03:00:00",5,46.22,0.01,11.48,7.4
"2022-01-05 04:00:00",4.95,47.06,1.53,10.11,6.59
"2022-01-05 05:00:00",5.48,44.49,1.25,9.52,6.05
"2022-01-05 06:00:00",6.99,48.96,2.2,9.21,5.59
"2022-01-05 07:00:00",13.47,38.88,1.27,9.62,5.38
"2022-01-05 08:00:00",25.89,28.01,1.62,9.51,5.38
"2022-01-05 09:00:00",37.31,16.65,1.93,10.16,5.42
"2022-01-05 10:00:00",33,19.6,1.69,9.93,5.73
"2022-01-05 11:00:00",32.84,16.8,2.33,11.27,6.31
"2022-01-05 12:00:00",30.48,22.46,2.49,13.22,6.55
"2022-01-05 13:00:00",32.76,18.05,2.7,13.91,7.63
"2022-01-05 14:00:00",27.78,24.37,2.8,14.5,8.56
"2022-01-05 15:00:00",26.63,23.78,1.85,12.98,8.29
"2022-01-05 16:00:00",41.21,9.1,2.67,22.07,14.6
"2022-01-05 17:00:00",53.6,-0.1,4.6,38.36,27.7
"2022-01-05 18:00:00",55.92,-1.94,5.39,53,46.67
"2022-01-05 19:00:00",63.75,-0.09,6.18,62.46,56.18
"2022-01-05 20:00:00",67.04,-0.11,7.82,89.3,82.49
"2022-01-05 21:00:00",68.03,0.09,9.02,82.15,75.59
"2022-01-05 22:00:00",56.31,7.41,6.46,48.04,44.06
"2022-01-05 23:00:00",41.22,17.68,8.67,25.42,22.29
"2022-01-06 00:00:00",27.98,28,6.35,15.06,12.88
"2022-01-06 01:00:00",9.18,57.39,3.66,8.41,6.15
"2022-01-06 02:00:00",3.91,66.65,2.06,4.88,2.75
"2022-01-06 03:00:00",3.36,71.35,3.2,4.53,2.51
"2022-01-06 04:00:00",3.12,70.62,2.49,4.26,2.36
"2022-01-06 05:00:00",2.53,71.63,1.14,5.14,2.52
"2022-01-06 06:00:00",2.48,75.49,2.31,5.2,2.64
"2022-01-06 07:00:00",3.33,74.77,2,5.21,2.78
"2022-01-06 08:00:00",6.85,69.95,1.58,3.62,2.04
"2022-01-06 09:00:00",10.59,68.48,1.47,2.21,1.33
"2022-01-06 10:00:00",8.1,68.96,1.26,2.11,1.26
"2022-01-06 11:00:00",11.77,64.77,1.67,1.39,0.78
"2022-01-06 12:00:00",9.87,74.65,1.9,4.07,2.51
"2022-01-06 13:00:00",10.55,72.06,1.8,9.07,5.12
"2022-01-06 14:00:00",11.24,72.53,1.49,9.23,4.99
"2022-01-06 15:00:00",14.26,62.92,2.29,12.07,6.37
"2022-01-06 16:00:00",14.54,65.31,1.39,5.42,3.4
"2022-01-06 17:00:00",10.91,66.24,1.47,7.76,5.13
"2022-01-06 18:00:00",11.4,65.44,1.38,7.16,5.41
"2022-01-06 19:00:00",12.78,63.25,1.83,9.32,6.85
"2022-01-06 20:00:00",8.5,67.17,2.3,9.61,6.75
"2022-01-06 21:00:00",12.96,67.73,2.53,5.8,5.31
"2022-01-06 22:00:00",6.74,71.58,1.95,5.3,4.64
"2022-01-06 23:00:00",4.36,74.27,1.58,4.19,3.17
"2022-01-07 00:00:00",2.68,75.99,1.4,4.32,3.01
"2022-01-07 01:00:00",2.6,73.11,1.19,2.98,2.27
"2022-01-07 02:00:00",1.6,76.56,0.94,2.64,1.69
"2022-01-07 03:00:00",1.28,78.52,2.62,2.06,1.42
"2022-01-07 04:00:00",1.17,78.77,1.59,2,1.36
"2022-01-07 05:00:00",1.27,75.1,1.52,2.76,1.8
"2022-01-07 06:00:00",1.85,74.52,1.32,2.3,1.54
"2022-01-07 07:00:00",4.67,74.63,1.85,2.53,1.64
"2022-01-07 08:00:00",11.5,65,0.97,4.17,2.43
"2022-01-07 09:00:00",16.25,55.41,1.68,5.65,3.12
"2022-01-07 10:00:00",16.47,56.15,1.04,7.24,3.69
"2022-01-07 11:00:00",14.19,60.87,3,7.02,3.94
"2022-01-07 12:00:00",20.21,54.81,2.11,4.26,3.02
"2022-01-07 13:00:00",27.13,44.18,1.71,4.02,3.08
"2022-01-07 14:00:00",16.11,57.73,2.15,3.35,2.33
"2022-01-07 15:00:00",18.31,49.03,1.9,6.94,4.74
"2022-01-07 16:00:00",28,36.34,1.22,6.94,5.26
"2022-01-07 17:00:00",28.03,33.04,1.57,13.8,10.65
"2022-01-07 18:00:00",26.4,37.27,2.79,17.66,15.24
"2022-01-07 19:00:00",20.59,42.65,2.94,16.35,13.62
"2022-01-07 20:00:00",18.56,47.03,2.03,18.27,13.44
"2022-01-07 21:00:00",22.32,43.43,2.75,16.05,11.93
"2022-01-07 22:00:00",13.15,48.46,2.46,13.29,10.01
"2022-01-07 23:00:00",14.29,50.65,3.07,9.73,8.21
"2022-01-08 00:00:00",4.38,60.58,1.4,12.97,8.62
"2022-01-08 01:00:00",2.56,71.91,1.95,10.19,7.02
"2022-01-08 02:00:00",1.44,78.89,2.86,8.28,5.48
"2022-01-08 03:00:00",1.4,81.47,1.55,5.78,3.94
"2022-01-08 04:00:00",1.09,81.58,1.31,2.88,2.17
"2022-01-08 05:00:00",1.04,82.75,1.72,1.82,1.46
"2022-01-08 06:00:00",1.96,80.39,2.02,0.83,0.59
"2022-01-08 07:00:00",2.36,78.47,1.84,0.56,0.33
"2022-01-08 08:00:00",3.47,80.15,1.76,3.45,2.39
"2022-01-08 09:00:00",5.28,81.62,1.3,13.49,9.65
"2022-01-08 10:00:00",12.65,72.53,1.92,17.34,11.26
"2022-01-08 11:00:00",11.87,67.46,1.74,26.48,15.93
"2022-01-08 12:00:00",12.03,64.7,1.83,23.2,14.36
"2022-01-08 13:00:00",9.86,70.27,2.06,15.86,10.05
"2022-01-08 14:00:00",12.9,69.98,2.07,11.07,7
"2022-01-08 15:00:00",8.78,68.9,2.06,7.35,4.82
"2022-01-08 16:00:00",12.15,65.54,1.85,9.95,6.36
"2022-01-08 17:00:00",12.28,63.3,1.78,12.05,7.92
"2022-01-08 18:00:00",13.72,62.12,2.13,12.25,9.37
"2022-01-08 19:00:00",11.9,62.23,2.16,12.15,9.85
"2022-01-08 20:00:00",10.77,66.6,2.38,8.39,7.6
"2022-01-08 21:00:00",8.37,67.34,2.47,10.07,8.47
"2022-01-08 22:00:00",7.93,68.32,2.17,10.39,8.4
"2022-01-08 23:00:00",5.3,71.02,2.58,11.29,8.18
"2022-01-09 00:00:00",3.71,73.76,1.85,7.95,5.77
"2022-01-09 01:00:00",2.73,73.73,2.73,8.87,5.49
"2022-01-09 02:00:00",1.84,74.71,2.17,6.71,4.49
"2022-01-09 03:00:00",1.87,73.48,1.64,6.67,4.4
"2022-01-09 04:00:00",1.42,75.63,1.96,6.08,3.7
"2022-01-09 05:00:00",1.24,75.39,1.15,6.17,3.93
"2022-01-09 06:00:00",1.31,73.58,1.79,9.55,5.32
"2022-01-09 07:00:00",1.77,78.12,2.39,8.53,5.16
"2022-01-09 08:00:00",3.16,76.48,1.78,9.16,5.47
"2022-01-09 09:00:00",9.59,68.89,1.48,8.46,4.98
"2022-01-09 10:00:00",5.61,73.71,2.58,9.84,5.9
"2022-01-09 11:00:00",6.6,73.38,1.74,9.75,5.58
"2022-01-09 12:00:00",6.85,68.68,1.32,10.06,6
"2022-01-09 13:00:00",6.98,67.92,2.2,10.89,7.15
"2022-01-09 14:00:00",7.22,67.12,2.37,13.01,8.53
"2022-01-09 15:00:00",9.16,65.49,1.92,15.23,9.61
"2022-01-09 16:00:00",10.89,62.89,2.77,16.52,10.92
"2022-01-09 17:00:00",13.07,61.91,2.44,19.81,12.98
"2022-01-09 18:00:00",14.75,55.43,2.52,23.87,16.14
"2022-01-09 19:00:00",15.89,51.82,2.38,26.94,19.28
"2022-01-09 20:00:00",16.69,50.76,3.09,25.66,19.62
"2022-01-09 21:00:00",14.92,46.86,1.83,20.47,16.38
"2022-01-09 22:00:00",16.24,46.41,2.69,21.41,18.69
"2022-01-09 23:00:00",13.62,47.82,2.8,13.5,11.64
"2022-01-10 00:00:00",20.51,33.36,2.59,12.92,11.7
"2022-01-10 01:00:00",26.27,27.04,3.26,18.92,17.12
"2022-01-10 02:00:00",19.33,18.65,2.57,15.7,14.45
"2022-01-10 03:00:00",15.14,31.05,2.05,13.6,12.64
"2022-01-10 04:00:00",8.83,33.38,1.94,4.48,4.01
"2022-01-10 05:00:00",11.27,26.55,1.81,2.91,2.46
"2022-01-10 06:00:00",23.12,10.11,2.29,2.85,2.24
"2022-01-10 07:00:00",19.58,29.67,2.09,3.37,2.81
"2022-01-10 08:00:00",18.56,33.1,1.9,4.09,2.82
"2022-01-10 09:00:00",24.55,30.39,1.86,2.32,1.3
"2022-01-10 10:00:00",28.03,28.42,1.96,3.33,1.96
"2022-01-10 11:00:00",15.42,49.27,1.99,2.53,1.61
"2022-01-10 12:00:00",14.74,55.01,1.9,2.31,1.3
"2022-01-10 13:00:00",14.28,53.09,1.53,2.65,1.43
"2022-01-10 14:00:00",13.02,55.14,1.42,2.13,1.33
"2022-01-10 15:00:00",10.38,55.06,1.59,3.24,1.74
"2022-01-10 16:00:00",9.69,55.21,1.45,3.75,2.26
"2022-01-10 17:00:00",10.85,50.18,1.12,3.81,2.53
"2022-01-10 18:00:00",15.6,47.88,1.41,4.97,3.52
"2022-01-10 19:00:00",44.47,45.84,2.91,6.72,5.75
"2022-01-10 20:00:00",21.9,50.11,1.74,13.48,10.61
"2022-01-10 21:00:00",19.91,43.68,1.39,15.02,11.96
"2022-01-10 22:00:00",13.83,47.21,1.4,14.47,10.71
"2022-01-10 23:00:00",11.68,46.47,1.61,14.93,9.39
"2022-01-11 00:00:00",7.55,51.87,1.54,16.39,9.38
"2022-01-11 01:00:00",6.4,52.18,1.86,16.82,9.56
"2022-01-11 02:00:00",6.43,52.07,1.5,16.13,9.04
"2022-01-11 03:00:00",5.08,53.11,1.52,16.79,9.07
"2022-01-11 04:00:00",5.81,50.84,1.57,17.95,9.58
"2022-01-11 05:00:00",5.16,48.38,1.71,17.32,9.4
"2022-01-11 06:00:00",9.14,36.52,1.1,13.84,7.97
"2022-01-11 07:00:00",19.96,17.7,1.05,12.18,7.23
"2022-01-11 08:00:00",41.77,-0.86,1.14,11.67,6.82
"2022-01-11 09:00:00",48.29,7.01,1.94,16.24,7.59
"2022-01-11 10:00:00",39.01,17.9,2.09,20.91,8.17
"2022-01-11 11:00:00",30.94,30.88,1.76,20.1,8.18
"2022-01-11 12:00:00",25.74,35.88,1.51,20.63,8.56
"2022-01-11 13:00:00",16.01,51.91,1,18.5,7.74
"2022-01-11 14:00:00",13.49,56.15,1.37,14.56,6.81
"2022-01-11 15:00:00",18.46,43.14,1.47,14.6,7.05
"2022-01-11 16:00:00",25.49,37.54,1.44,17.13,7.83
"2022-01-11 17:00:00",38.36,24.36,1.32,15.69,8.67
"2022-01-11 18:00:00",48.59,8.64,2.1,24.21,16.97
"2022-01-11 19:00:00",32.63,22.25,1.76,21.43,15.78
"2022-01-11 20:00:00",29.95,27.38,2.04,19.29,13.75
"2022-01-11 21:00:00",26.2,30.26,2.31,20.86,15.2
"2022-01-11 22:00:00",20.8,35.86,2.26,17.86,12.63
"2022-01-11 23:00:00",13.34,43.49,1.8,12.86,8.28
"2022-01-12 00:00:00",7.41,50.38,1.54,12.67,7.69
"2022-01-12 01:00:00",5.77,51.8,1.5,12.15,6.72
"2022-01-12 02:00:00",3.43,55.85,1.4,9.95,5.2
"2022-01-12 03:00:00",3.13,57.3,1.32,9.64,4.9
"2022-01-12 04:00:00",2.63,59.82,1.19,9.87,4.79
"2022-01-12 05:00:00",2.6,61.37,1.27,9.49,4.45
"2022-01-12 06:00:00",4.15,57.7,1.15,9.15,4.43
"2022-01-12 07:00:00",10.58,56.23,0.93,9.44,4.29
"2022-01-12 08:00:00",21.11,45.38,1.08,9.03,4.26
"2022-01-12 09:00:00",33.43,33.8,1.27,10.44,4.49
"2022-01-12 10:00:00",29.46,37.38,0.93,12.4,5.08
"2022-01-12 11:00:00",22.43,44.62,1.4,11.46,4.89
"2022-01-12 12:00:00",20.12,50.89,1.41,11.31,4.88
"2022-01-12 13:00:00",22.19,52.59,1.62,10.8,4.76
"2022-01-12 14:00:00",12.18,56.15,1.1,9.16,4.25
"2022-01-12 15:00:00",15.78,48.66,1.35,9.94,4.26
"2022-01-12 16:00:00",18.4,47.66,1,11.77,5.01
"2022-01-12 17:00:00",33.57,25.95,1.21,13.17,7.05
"2022-01-12 18:00:00",54.53,-0.41,1.55,18.48,12.77
"2022-01-12 19:00:00",64.2,-0.4,4.94,45.6,36.95
"2022-01-12 20:00:00",47.63,8.79,2.45,33.61,29.63
"2022-01-12 21:00:00",44.91,7.69,2.74,28.5,23.94
"2022-01-12 22:00:00",32.09,20.12,2.66,20.71,17.26
"2022-01-12 23:00:00",23.56,24.24,2.42,16.08,13.4
"2022-01-13 00:00:00",21.36,21.75,1.88,11.07,9.28
"2022-01-13 01:00:00",12.09,33.54,2.02,8.25,6.89
"2022-01-13 02:00:00",7.75,43.31,0.59,5.59,4.14
"2022-01-13 03:00:00",5.05,43.64,0.64,5.77,3.91
"2022-01-13 04:00:00",6.22,34.82,1.11,6.13,4.25
"2022-01-13 05:00:00",17.07,16.58,0.92,8.04,6.03
"2022-01-13 06:00:00",23.14,7,0.58,8.26,6.66
"2022-01-13 07:00:00",36.63,-1.22,1.35,9.12,6.93
"2022-01-13 08:00:00",44.86,3.75,1.94,7.98,5.59
"2022-01-13 09:00:00",40.72,20.33,1.34,8.52,4.99
"2022-01-13 10:00:00",45.57,33.06,2.5,11.78,5.32
"2022-01-13 11:00:00",14.76,59.16,1.59,7.69,4.32
"2022-01-13 12:00:00",14.27,64.05,1.48,7.12,4.11
"2022-01-13 13:00:00",11.8,62.07,1.41,8.85,4.66
"2022-01-13 14:00:00",12.26,59.51,0.78,9.95,5
"2022-01-13 15:00:00",16.98,55.08,1.18,9.76,5.49
"2022-01-13 16:00:00",25.57,44.45,1.17,13.66,8.75
"2022-01-13 17:00:00",25.57,44.28,1.53,14.31,10.25
"2022-01-13 18:00:00",23.44,47.41,1.37,14.18,10.72
"2022-01-13 19:00:00",37.97,28.89,2.47,18.99,15.96
"2022-01-13 20:00:00",56.19,6.27,4.17,33.61,30.1
"2022-01-13 21:00:00",60.76,-0.04,5.19,45.02,41.19
"2022-01-13 22:00:00",51.67,1.04,3.18,42.71,39.03
"2022-01-13 23:00:00",48.79,1.82,3.04,37.36,34.05
"2022-01-14 00:00:00",45.46,2.42,3.32,33.9,31.36
"2022-01-14 01:00:00",22.21,31.39,3.09,18.19,16.33
"2022-01-14 02:00:00",15.75,30.32,3.44,15.44,13.93
"2022-01-14 03:00:00",20.01,19.83,3.72,14.63,13.35
"2022-01-14 04:00:00",12.03,32.77,2.72,14.38,12.8
"2022-01-14 05:00:00",10.41,39.25,2.49,13.34,11.99
"2022-01-14 06:00:00",7.8,43.18,1.64,11.38,10
"2022-01-14 07:00:00",20.23,25.66,1.61,9.57,8.56
"2022-01-14 08:00:00",46.37,1.02,2.23,11.95,9.62
"2022-01-14 09:00:00",56.59,-1.82,3.89,13.34,10.25
"2022-01-14 10:00:00",60.61,-1.83,4.92,18.72,11.49
"2022-01-14 11:00:00",60.64,-0.76,6.68,25.02,14.94
"2022-01-14 12:00:00",65.05,0.34,5.41,31.29,19.55
"2022-01-14 13:00:00",61.2,4.51,3.48,26.23,16.1
"2022-01-14 14:00:00",53.47,13.14,2.83,22.4,15.08
"2022-01-14 15:00:00",42.5,22.83,2.75,18.94,12.82
"2022-01-14 16:00:00",42.28,25,2.18,20.01,15.31
"2022-01-14 17:00:00",40.32,26.7,1.96,20.15,15.97
"2022-01-14 18:00:00",54.62,12.85,2.26,31.16,28.04
"2022-01-14 19:00:00",63.21,4.53,3.13,46.26,42.87
"2022-01-14 20:00:00",59.5,6.61,3.52,49.13,46.06
"2022-01-14 21:00:00",40.56,26.91,3.65,35.64,32.82
"2022-01-14 22:00:00",42.91,15.65,3.8,37.07,35.22
"2022-01-14 23:00:00",59.21,-1.67,5.7,55.64,52.76
"2022-01-15 00:00:00",57.33,-1.24,7.75,69.64,65.89
"2022-01-15 01:00:00",49.62,-0.62,7.83,78.08,75.32
"2022-01-15 02:00:00",41.14,-1.62,6.68,56.4,54.29
"2022-01-15 03:00:00",36.6,-2.15,6.22,40.44,39.02
"2022-01-15 04:00:00",43.96,-1.72,6.85,39.74,36.75
"2022-01-15 05:00:00",30.76,15.73,4.13,25.15,21.42
"2022-01-15 06:00:00",15.18,30.22,2.34,14.33,11.99
"2022-01-15 07:00:00",22.5,19.22,2.21,17.91,14.62
"2022-01-15 08:00:00",33.53,5.28,2.63,17.38,16.05
"2022-01-15 09:00:00",34.7,3.8,2.68,13.34,12.54
"2022-01-15 10:00:00",39.99,-2.56,3.42,17.68,16.16
"2022-01-15 11:00:00",43.97,-1.97,3.8,28.35,21.97
"2022-01-15 12:00:00",44.3,0.94,4.04,18.7,15.71
"2022-01-15 13:00:00",28.54,24.87,2.33,8.76,6.97
"2022-01-15 14:00:00",24.48,35.58,2.13,9.15,5.66
"2022-01-15 15:00:00",22.9,36.25,2.18,9.75,6.01
"2022-01-15 16:00:00",30.85,28.14,2.07,15.1,10.39
"2022-01-15 17:00:00",29.21,31.7,2.67,13.5,10.04
"2022-01-15 18:00:00",54.29,4.39,4.09,36.64,31.98
"2022-01-15 19:00:00",46.14,14.17,3.7,36.98,33.26
"2022-01-15 20:00:00",50.79,14.43,5.2,31.57,26.79
"2022-01-15 21:00:00",31.89,32.47,3.49,20.38,18.03
"2022-01-15 22:00:00",28.72,27.05,3.32,23.85,22.17
"2022-01-15 23:00:00",25.92,26.8,2.98,26.74,25.19
"2022-01-16 00:00:00",29.34,11.99,1.67,29.71,27.98
"2022-01-16 01:00:00",20.81,25.38,2.85,20.63,18.57
"2022-01-16 02:00:00",30.07,16.46,3.14,26.79,24.6
"2022-01-16 03:00:00",6.58,46.25,2.43,9.12,7.08
"2022-01-16 04:00:00",5.32,44.84,1.89,9.97,8.17
"2022-01-16 05:00:00",5.76,41.99,1.76,10.85,9.15
"2022-01-16 06:00:00",5.84,42.39,1.67,10.72,9.03
"2022-01-16 07:00:00",4.97,43.47,1.51,9.45,8.34
"2022-01-16 08:00:00",7.36,33.97,1.55,10.6,9.29
"2022-01-16 09:00:00",8.59,39.64,1.27,7.12,5.98
"2022-01-16 10:00:00",11.24,44.94,1.48,7.71,4.78
"2022-01-16 11:00:00",10.68,49.23,1.38,11.38,5.64
"2022-01-16 12:00:00",10.75,57.14,1.36,13.39,7.26
"2022-01-16 13:00:00",10.56,63.18,1.46,15.84,8.56
"2022-01-16 14:00:00",11.15,64,1.7,15.08,8.14
"2022-01-16 15:00:00",8.69,60.66,1.63,14.48,7.83
"2022-01-16 16:00:00",13.95,56.47,1.75,16.29,8.73
"2022-01-16 17:00:00",37.53,39.95,2.56,21.83,14.46
"2022-01-16 18:00:00",40.74,25.97,2.79,32.83,25.61
"2022-01-16 19:00:00",47.42,19.59,2.69,36.44,28.89
"2022-01-16 20:00:00",53.11,13.87,4.43,37.87,30.61
"2022-01-16 21:00:00",61.61,5.44,6.16,48.98,41.61
"2022-01-16 22:00:00",64.53,2.4,6.72,52.81,46.08
"2022-01-16 23:00:00",60.4,2.39,6.81,45.3,39.46
"2022-01-17 00:00:00",40.2,13.27,5.51,33.27,28.3
"2022-01-17 01:00:00",26.07,22.26,4.81,21.4,17.81
"2022-01-17 02:00:00",22.7,23.3,3.98,16.51,13.57
"2022-01-17 03:00:00",15.9,29.07,3.54,11.75,9.18
"2022-01-17 04:00:00",14.5,25.9,2.85,8.72,6.65
"2022-01-17 05:00:00",20.08,16.77,2.33,9.77,7.54
"2022-01-17 06:00:00",28.78,4.43,2.03,12.82,10.08
"2022-01-17 07:00:00",38.99,-0.42,2.24,13.94,10.98
"2022-01-17 08:00:00",49.34,-3.32,7.09,15.89,10.81
"2022-01-17 09:00:00",63.33,-1.05,6.78,20.54,14.39
"2022-01-17 10:00:00",58.84,-1.14,7.28,21.18,14.38
"2022-01-17 11:00:00",73.92,0.31,9.98,33.71,18.54
"2022-01-17 12:00:00",71.86,1.11,7.12,24.8,14.12
"2022-01-17 13:00:00",71.76,0.95,5.86,25.54,14.37
"2022-01-17 14:00:00",58.72,11.37,3.99,21.99,12.04
"2022-01-17 15:00:00",48.67,15.67,2.48,15.79,8.3
"2022-01-17 16:00:00",55.79,2.29,3.99,19.52,11.63
"2022-01-17 17:00:00",52.02,-1.62,5.26,29.49,17.06
"2022-01-17 18:00:00",57.26,-1.05,7,39.48,29.75
"2022-01-17 19:00:00",65.03,-0.96,9.28,63.61,55.54
"2022-01-17 20:00:00",78.44,3.07,13.51,147.69,138.89
"2022-01-17 21:00:00",74.33,2.02,15.52,158.06,149.23
"2022-01-17 22:00:00",59.86,1.25,11.39,105.09,99.06
"2022-01-17 23:00:00",50.33,0.14,8.99,88.49,83.88
"2022-01-18 00:00:00",46.75,0.17,9.45,80.11,75.66
"2022-01-18 01:00:00",40.41,-1.36,7.86,44.17,41.37
"2022-01-18 02:00:00",34.13,0,6.22,33.82,30.56
"2022-01-18 03:00:00",35.4,-2.67,7.05,29.89,26.94
"2022-01-18 04:00:00",43.81,-2.33,4.72,25.51,20.87
"2022-01-18 05:00:00",41.43,-2.67,4.09,18.28,14.96
"2022-01-18 06:00:00",37.55,-2.03,3.2,15.39,12.66
"2022-01-18 07:00:00",41.15,-1.99,3.96,20.48,17.53
"2022-01-18 08:00:00",46.88,-0.75,7.33,22.82,19.94
"2022-01-18 09:00:00",61.45,-3.02,8.1,23.54,18.57
"2022-01-18 10:00:00",67.86,-1.7,9.53,31.53,20.95
"2022-01-18 11:00:00",69.98,-1.38,11.22,35.98,25.26
"2022-01-18 12:00:00",75.32,-6.97,10.22,41.73,28.37
"2022-01-18 13:00:00",21.94,39.83,4.07,11.76,7.98
"2022-01-18 14:00:00",27.25,41.6,3.65,8.77,5.33
"2022-01-18 15:00:00",8.52,61.56,2.44,7.1,4.11
"2022-01-18 16:00:00",13.18,58.21,2.17,7.37,5.02
"2022-01-18 17:00:00",25.57,43.73,2.73,11.91,8.45
"2022-01-18 18:00:00",18.91,51.42,2.51,13.05,9.59
"2022-01-18 19:00:00",11.64,58.62,1.85,6.15,4.82
"2022-01-18 20:00:00",9.65,60.4,1.76,4.75,4.24
"2022-01-18 21:00:00",9.3,59.17,1.43,5.27,4.62
"2022-01-18 22:00:00",9.31,56.02,1.7,7.78,6.41
"2022-01-18 23:00:00",6.07,58.63,1.38,8.27,6.36
"2022-01-19 00:00:00",3.66,58.41,1.63,10.22,7.55
"2022-01-19 01:00:00",2.46,59.79,1.31,11.59,8.09
"2022-01-19 02:00:00",2.2,59.4,0.81,11.57,8.17
"2022-01-19 03:00:00",2.82,59.8,1.08,11.59,7.77
"2022-01-19 04:00:00",2.61,63.97,1.25,7.34,4.82
"2022-01-19 05:00:00",2.49,61.63,1.19,5.76,4.01
"2022-01-19 06:00:00",3.95,63.05,1.01,4.81,3.3
"2022-01-19 07:00:00",7.61,58.96,1.14,5.15,3.12
"2022-01-19 08:00:00",15.91,51.18,0.9,7.44,3.58
"2022-01-19 09:00:00",30.28,33.33,1.27,8.61,4.36
"2022-01-19 10:00:00",21.56,45.03,1.51,9.59,4.69
"2022-01-19 11:00:00",15.7,52.82,1.05,9.92,5.12
"2022-01-19 12:00:00",12.94,54.4,1.03,10.93,5.58
"2022-01-19 13:00:00",15.09,55.81,1.27,9.32,4.64
"2022-01-19 14:00:00",10.13,56.9,1.19,8.91,4.3
"2022-01-19 15:00:00",23.67,46.35,1.84,10.16,4.61
"2022-01-19 16:00:00",43.59,38.01,2.6,10.23,5
"2022-01-19 17:00:00",24.1,48.54,1.52,8.76,5.16
"2022-01-19 18:00:00",41.6,25.46,1.84,17.94,13.66
"2022-01-19 19:00:00",35.03,30.32,1.97,17.39,13.4
"2022-01-19 20:00:00",39.03,23.35,2.06,19.49,15.54
"2022-01-19 21:00:00",33.96,24.85,1.92,20.33,15.37
"2022-01-19 22:00:00",26.35,29.41,1.95,18.46,14.14
"2022-01-19 23:00:00",13.99,41.96,1.36,14.67,10.76
"2022-01-20 00:00:00",9.03,49.12,1.56,11.82,7.13
"2022-01-20 01:00:00",7.3,50.31,1.42,11.07,6.95
"2022-01-20 02:00:00",7.26,46.91,1.24,9.3,5.83
"2022-01-20 03:00:00",7.69,44.61,0.8,9.38,5.86
"2022-01-20 04:00:00",5.91,48.92,0.57,7.88,5.1
"2022-01-20 05:00:00",5.22,49.76,1.06,8.13,4.99
"2022-01-20 06:00:00",12.27,38.24,1.17,9.64,5.58
"2022-01-20 07:00:00",23.34,29.86,1.09,10.62,6.22
"2022-01-20 08:00:00",42.34,11.76,1.22,13.54,8.5
"2022-01-20 09:00:00",51.46,3.17,1.66,14.82,8.53
"2022-01-20 10:00:00",46.76,6,1.83,14.47,7.7
"2022-01-20 11:00:00",37.93,15.71,1.54,14.25,7.6
"2022-01-20 12:00:00",40.4,12.46,1.34,16.65,8.48
"2022-01-20 13:00:00",40.18,12.76,2.06,19.25,10.58
"2022-01-20 14:00:00",46.68,8.15,2.29,19.5,10.9
"2022-01-20 15:00:00",40.83,15.41,2.09,17.55,9.46
"2022-01-20 16:00:00",42.7,15.19,1.98,19.82,12.04
"2022-01-20 17:00:00",36.68,30.18,1.82,18.54,9.93
"2022-01-20 18:00:00",49.23,18.77,3.46,23.76,15.78
"2022-01-20 19:00:00",63.31,4.27,4.04,40.13,29.67
"2022-01-20 20:00:00",71.4,0.33,5.16,48.71,38.6
"2022-01-20 21:00:00",69.16,0.85,7.57,59.88,51.18
"2022-01-20 22:00:00",68.28,0,7.62,55.71,47.37
"2022-01-20 23:00:00",62.68,-0.58,6.13,41.75,34.44
"2022-01-21 00:00:00",55.1,0.04,5.25,33.17,27.95
"2022-01-21 01:00:00",36.25,13.76,3.69,22.85,17.45
"2022-01-21 02:00:00",24.81,27.24,3.2,15.68,12.28
"2022-01-21 03:00:00",22.08,32.92,1.98,13.58,9.82
"2022-01-21 04:00:00",17.53,37.58,2.26,12.04,8.42
"2022-01-21 05:00:00",16.04,39.43,2,10.95,7.63
"2022-01-21 06:00:00",20.14,33.06,1.73,14.03,9.96
"2022-01-21 07:00:00",22.06,26.8,1.39,12.83,9.39
"2022-01-21 08:00:00",34.85,16.95,1.68,9.54,6.6
"2022-01-21 09:00:00",54.74,3.73,1.83,11.4,7.59
"2022-01-21 10:00:00",54.32,7.19,1.73,8.93,4.83
"2022-01-21 11:00:00",46.69,16.7,1.91,8.81,4.69
"2022-01-21 12:00:00",29.76,37.3,1.68,7.24,4.08
"2022-01-21 13:00:00",20.01,49.5,1.37,8.37,4.36
"2022-01-21 14:00:00",15.68,53.66,1.26,10.98,5.98
"2022-01-21 15:00:00",15.06,58.91,1.28,10.08,4.89
"2022-01-21 16:00:00",19.84,54.19,1.45,12.36,6.39
"2022-01-21 17:00:00",19.12,52.41,1.6,16.79,11.36
"2022-01-21 18:00:00",30.55,39.53,1.47,22.16,16.28
"2022-01-21 19:00:00",28.37,44.32,1.92,24.59,19.07
"2022-01-21 20:00:00",29.46,39.22,2.43,25.09,20.91
"2022-01-21 21:00:00",30.03,39.84,2.69,23.71,19.72
"2022-01-21 22:00:00",22.52,44.48,3.01,21.79,16.97
"2022-01-21 23:00:00",16.91,48.88,2.76,21.45,15.97
"2022-01-22 00:00:00",11.45,56.48,2.22,11.62,9.96
"2022-01-22 01:00:00",8.19,61.14,1.95,6.78,5.63
"2022-01-22 02:00:00",7.21,64.16,1.54,5.7,4.15
"2022-01-22 03:00:00",5.66,63.37,1.23,5.26,3.91
"2022-01-22 04:00:00",4.69,59.89,1.3,5.03,4.17
"2022-01-22 05:00:00",3.63,62.46,1.2,3.75,3.18
"2022-01-22 06:00:00",4.06,62.02,0.67,2.93,2.45
"2022-01-22 07:00:00",7.18,57.11,0.78,2.96,2.58
"2022-01-22 08:00:00",12.25,54.25,0.76,3.67,2.66
"2022-01-22 09:00:00",17.65,52.44,1.04,5.89,3.42
"2022-01-22 10:00:00",15.71,52.96,1.16,5.89,3.15
"2022-01-22 11:00:00",12.13,56.2,1.16,3.51,2.4
"2022-01-22 12:00:00",15.22,61.4,1.41,3.09,1.5
"2022-01-22 13:00:00",14.98,58.45,1.66,3.15,1.79
"2022-01-22 14:00:00",17.89,54.53,1.37,4.88,3.1
"2022-01-22 15:00:00",19.46,51.2,1.1,6.54,4.5
"2022-01-22 16:00:00",22.21,50.75,1,7.32,5.68
"2022-01-22 17:00:00",23.92,47.18,1.23,7.36,5.97
"2022-01-22 18:00:00",26.44,42.82,1.8,12.46,10.8
"2022-01-22 19:00:00",28.07,39.93,2,16,14.46
"2022-01-22 20:00:00",27.2,44.62,2.51,16.47,14.65
"2022-01-22 21:00:00",20.94,50.21,2.34,15.73,13.94
"2022-01-22 22:00:00",22.48,46.87,2.63,15.1,13.25
"2022-01-22 23:00:00",17.6,51.72,2.76,13.35,11.49
"2022-01-23 00:00:00",12.73,54.59,2.42,10.11,8.65
"2022-01-23 01:00:00",8.42,63.47,1.99,7.66,6.24
"2022-01-23 02:00:00",5.53,71.11,1.77,6.91,4.9
"2022-01-23 03:00:00",4.25,74.06,1.34,6.16,4.67
"2022-01-23 04:00:00",3.48,72.9,1.18,6.14,4.86
"2022-01-23 05:00:00",2.59,73.51,0.92,7.22,5.76
"2022-01-23 06:00:00",3.03,73.94,1.02,5.75,4.64
"2022-01-23 07:00:00",3.17,74.81,0.94,6.02,4.93
"2022-01-23 08:00:00",7.64,68.07,1.11,6.86,5.33
"2022-01-23 09:00:00",7.15,71.49,0.86,6.54,4.49
"2022-01-23 10:00:00",11.52,70.1,0.94,4.72,2.71
"2022-01-23 11:00:00",7.32,75.28,1.28,3.69,2.22
"2022-01-23 12:00:00",12.5,65.86,1.39,5.8,3.81
"2022-01-23 13:00:00",15.21,62.38,1.54,5.74,3.45
"2022-01-23 14:00:00",14.49,62.19,1.57,6.5,3.62
"2022-01-23 15:00:00",9.84,66.56,0.86,15.23,6.91
"2022-01-23 16:00:00",10.34,64.23,1.52,13.21,7.22
"2022-01-23 17:00:00",10.29,66.42,1.33,13.09,7.77
"2022-01-23 18:00:00",17.31,58.97,1.63,17.72,10.07
"2022-01-23 19:00:00",24.48,51.55,1.72,23.92,14.84
"2022-01-23 20:00:00",18.86,56.16,1.78,24.6,15.46
"2022-01-23 21:00:00",23.82,47.46,2.67,30.17,20.95
"2022-01-23 22:00:00",22.62,47.67,2.81,26.38,17.55
"2022-01-23 23:00:00",8.39,66.08,2.31,20.93,9.81
"2022-01-24 00:00:00",5.33,67.23,1.83,19.38,8.49
"2022-01-24 01:00:00",5.78,64.28,1.28,18.64,8.65
"2022-01-24 02:00:00",5.78,59.84,1.65,21.74,9.43
"2022-01-24 03:00:00",3.81,61.39,1.51,18.06,9.12
"2022-01-24 04:00:00",4.49,54.11,1.5,17.69,8.54
"2022-01-24 05:00:00",8.51,49.51,0.93,16.37,8.86
"2022-01-24 06:00:00",5.89,50.59,1.07,19.52,10.78
"2022-01-24 07:00:00",25.66,20.53,1.18,21.24,12.4
"2022-01-24 08:00:00",45.84,-2.76,2.27,23.37,14.3
"2022-01-24 09:00:00",54.82,-2.37,5.73,26.88,16.65
"2022-01-24 10:00:00",62.42,-1.44,7.86,35.59,19.99
"2022-01-24 11:00:00",57.22,-0.78,6.4,46.31,22.28
"2022-01-24 12:00:00",48.74,4.64,2.9,36.15,18.37
"2022-01-24 13:00:00",41.51,12.62,1.36,37.43,20.46
"2022-01-24 14:00:00",34.1,17.38,2.22,34.78,18.14
"2022-01-24 15:00:00",29.79,21.37,2.22,38.64,22.73
"2022-01-24 16:00:00",22.58,24.64,1.78,39.49,25.19
"2022-01-24 17:00:00",30.9,15.9,2.04,40.94,27.51
"2022-01-24 18:00:00",38.82,5.4,1.44,44.45,30.19
"2022-01-24 19:00:00",33.98,10.94,2.36,50.72,37.16
"2022-01-24 20:00:00",21.63,36.92,1.73,37.21,26.02
"2022-01-24 21:00:00",22.58,40.01,2.58,32.32,22.41
"2022-01-24 22:00:00",18.91,40.24,2.3,35.41,25.96
"2022-01-24 23:00:00",13.89,45.65,2.2,28.74,22.35
"2022-01-25 00:00:00",7.67,53.24,1.51,22.13,17.94
"2022-01-25 01:00:00",7.03,52.92,1.62,20.29,16.71
"2022-01-25 02:00:00",4.56,54.91,1.65,18.81,15.73
"2022-01-25 03:00:00",4.41,56.69,1.64,14.9,12.88
"2022-01-25 04:00:00",6.23,52.25,1.43,13.9,12.37
"2022-01-25 05:00:00",7.31,47.34,1.51,13.56,12
"2022-01-25 06:00:00",7.32,42.68,1.22,12.33,10.87
"2022-01-25 07:00:00",9.21,51.47,1.19,12.13,10.16
"2022-01-25 08:00:00",23.02,39.02,1.43,14.38,10.14
"2022-01-25 09:00:00",47.34,14.98,1.77,15.68,11.06
"2022-01-25 10:00:00",45.5,15.63,1.9,45.55,16.09
"2022-01-25 11:00:00",45.1,14.41,1.73,37.06,16.13
"2022-01-25 12:00:00",30.29,30.82,1.18,17.56,10.69
"2022-01-25 13:00:00",15.53,46.93,1.3,18.17,9.39
"2022-01-25 14:00:00",14.3,48.71,1.57,12.19,7.05
"2022-01-25 15:00:00",26.4,35.87,1.68,17.18,8.36
"2022-01-25 16:00:00",24.52,34.31,1.6,18.98,9.12
"2022-01-25 17:00:00",29.19,24.87,1.75,23.54,12.65
"2022-01-25 18:00:00",46.8,2.57,2.48,31.74,21.93
"2022-01-25 19:00:00",59.42,-1.01,5.3,67.66,49.78
"2022-01-25 20:00:00",51.23,5.66,4.79,59.84,46.46
"2022-01-25 21:00:00",41.52,4.67,2.51,35.91,29.03
"2022-01-25 22:00:00",37.89,8.78,2.83,32.01,25.38
"2022-01-25 23:00:00",38.89,3.55,3.14,39.42,29.68
"2022-01-26 00:00:00",30.06,10.27,3.13,30.49,25.04
"2022-01-26 01:00:00",12.62,31.57,2.71,19.73,14.8
"2022-01-26 02:00:00",4.35,44.41,2.07,14.32,10.38
"2022-01-26 03:00:00",4.45,42.14,2.06,14.05,10.27
"2022-01-26 04:00:00",4.31,42.61,1.84,13.08,9.39
"2022-01-26 05:00:00",10.2,29.23,1.7,13.66,9.65
"2022-01-26 06:00:00",4.78,47.11,1.43,11.45,7.93
"2022-01-26 07:00:00",7.58,52.34,1.47,10.34,6.78
"2022-01-26 08:00:00",17.98,45.67,1.38,11.41,7.32
"2022-01-26 09:00:00",20.94,43.94,1.21,13.58,7.63
"2022-01-26 10:00:00",14.72,56.46,1.48,16.4,7.57
"2022-01-26 11:00:00",8.33,62.91,1.7,12.1,5.68
"2022-01-26 12:00:00",7.9,60.43,1.46,14.71,5.87
"2022-01-26 13:00:00",8.62,59.26,1.49,16.73,7.58
"2022-01-26 14:00:00",10.4,55.63,1.76,17.24,7.89
"2022-01-26 15:00:00",9.11,51.58,1.48,15.76,7.77
"2022-01-26 16:00:00",10.55,50.1,1.61,18.32,8.65
"2022-01-26 17:00:00",12.1,53.95,1.55,18.14,8
"2022-01-26 18:00:00",11.79,51.23,1.09,16.69,8.33
"2022-01-26 19:00:00",10.16,53.2,1.42,16.61,10.3
"2022-01-26 20:00:00",9.28,52.86,1.4,13.99,9.55
"2022-01-26 21:00:00",7.61,52.35,1.36,12.42,8.95
"2022-01-26 22:00:00",7.67,51.67,1.16,12.58,9.61
"2022-01-26 23:00:00",4.61,57.83,1.01,7.68,5.95
"2022-01-27 00:00:00",3.14,59.85,0.06,3.66,2.9
"2022-01-27 01:00:00",2.79,58.49,0.76,1.9,1.63
"2022-01-27 02:00:00",3.05,57.53,0.84,1.05,0.91
"2022-01-27 03:00:00",2.76,54.45,1.14,0.81,0.72
"2022-01-27 04:00:00",3.1,53.71,0.9,0.75,0.61
"2022-01-27 05:00:00",3.62,58.49,0.65,0.95,0.53
"2022-01-27 06:00:00",4.47,59.67,0.57,2.09,1.27
"2022-01-27 07:00:00",13.38,54.03,0.98,4.44,2.51
"2022-01-27 08:00:00",17,57.44,1.12,5.45,3
"2022-01-27 09:00:00",28.8,43.22,0.71,6.13,3.33
"2022-01-27 10:00:00",21.45,45.04,0.87,8.48,4.24
"2022-01-27 11:00:00",17.46,47.78,0.73,8.6,4.43
"2022-01-27 12:00:00",18.23,50.26,0.08,7.24,3.63
"2022-01-27 13:00:00",13.19,59.01,1.13,6.04,2.87
"2022-01-27 14:00:00",12.3,61.89,1.22,5.38,2.1
"2022-01-27 15:00:00",15.87,58.29,1.12,7.15,2.72
"2022-01-27 16:00:00",16.49,52.33,1.06,7.71,3.42
"2022-01-27 17:00:00",19.46,47.14,-0.55,5.89,3.05
"2022-01-27 18:00:00",21.68,44.9,1.08,11.77,9.06
"2022-01-27 19:00:00",40.69,27.8,0.84,18.23,13.78
"2022-01-27 20:00:00",44.4,20.65,1.97,21.38,16.92
"2022-01-27 21:00:00",45.02,18.39,2.59,28.44,18.44
"2022-01-27 22:00:00",36.14,22.38,1.54,20.53,17.22
"2022-01-27 23:00:00",31.73,19.15,2.94,22.4,19.12
"2022-01-28 00:00:00",47.22,4.92,3.57,27.14,22.63
"2022-01-28 01:00:00",49.21,1.22,3.66,32.02,19.59
"2022-01-28 02:00:00",36.96,16.63,2.29,22.13,13.75
"2022-01-28 03:00:00",13.79,39.77,1.65,7.66,5.13
"2022-01-28 04:00:00",11.02,45.05,1.29,4.81,3.31
"2022-01-28 05:00:00",14.47,32.74,1.55,4.22,3.18
"2022-01-28 06:00:00",7.16,51.64,1.31,3.7,2.71
"2022-01-28 07:00:00",10.81,56.3,0.77,3.33,2.53
"2022-01-28 08:00:00",12.75,51.03,1.25,4.91,3.24
"2022-01-28 09:00:00",16.25,46.75,1.36,4.69,3.47
"2022-01-28 10:00:00",12.29,49.42,1.22,4.75,3.04
"2022-01-28 11:00:00",8.1,53.81,1.58,2.93,1.82
"2022-01-28 12:00:00",8.83,53.35,1.36,2.52,1.36
"2022-01-28 13:00:00",8.95,50.55,1.06,3.57,1.56
"2022-01-28 14:00:00",8.47,52.85,1.59,5.55,1.47
"2022-01-28 15:00:00",9.16,49.88,1.41,3.31,1.41
"2022-01-28 16:00:00",12.92,48.01,0.8,4.23,1.85
"2022-01-28 17:00:00",14.91,55.09,1.01,7.3,2.85
"2022-01-28 18:00:00",14.88,55.59,1.19,10.94,4.28
"2022-01-28 19:00:00",11.49,54.93,1.37,9.32,5.21
"2022-01-28 20:00:00",9.31,55.65,1.38,8.97,4.73
"2022-01-28 21:00:00",9.26,56.57,1.22,5.84,4.09
"2022-01-28 22:00:00",6.25,60.39,1.35,6.92,3.65
"2022-01-28 23:00:00",5.5,61.02,1.36,3.43,2.26
"2022-01-29 00:00:00",4.77,60.25,1.4,2.37,1.79
"2022-01-29 01:00:00",3.03,63.59,1.38,1.5,0.97
"2022-01-29 02:00:00",2.5,64.22,1.08,2.31,1.25
"2022-01-29 03:00:00",1.93,69.08,1.08,6.87,3.38
"2022-01-29 04:00:00",1.54,70.17,1.03,10.96,5.26
"2022-01-29 05:00:00",1.74,70.04,1.1,9.92,4.98
"2022-01-29 06:00:00",2.35,69.98,0.82,9.33,4.75
"2022-01-29 07:00:00",2.54,70.72,0.88,11.69,5.71
"2022-01-29 08:00:00",3.25,70.3,1.25,10.33,5.07
"2022-01-29 09:00:00",4.09,66.15,1.13,4.23,2.17
"2022-01-29 10:00:00",5.58,66.58,0.88,4.53,2.75
"2022-01-29 11:00:00",6.88,71.79,0.66,19.63,11.85
"2022-01-29 12:00:00",6.4,69.88,0.98,20.81,12.14
"2022-01-29 13:00:00",7.42,70.6,1.26,18.36,10.54
"2022-01-29 14:00:00",7.86,73.32,1.24,15.13,8.44
"2022-01-29 14:01:00",,,,,
"2022-01-29 15:01:00",,,,,
"2022-01-29 16:00:00",9.03,69.87,1.09,14.37,8.06
"2022-01-29 17:00:00",10.77,68.76,0.96,14.78,9.57
"2022-01-29 18:00:00",21.36,59.93,2.22,16.71,10.98
"2022-01-29 19:00:00",23.04,55.52,2.2,18.91,12.19
"2022-01-29 20:00:00",30.2,43.72,2.72,22.56,16.38
"2022-01-29 21:00:00",27.65,42.67,2.95,25.23,18.91
"2022-01-29 22:00:00",20.87,47.43,2.62,25.59,18.21
"2022-01-29 23:00:00",19.99,47.94,2.05,24.47,16.38
"2022-01-30 00:00:00",16.54,43.09,2.27,22.4,16.09
"2022-01-30 01:00:00",15.54,41.53,2.58,20.85,13.97
"2022-01-30 02:00:00",18.78,37.1,1.9,19.09,12.84
"2022-01-30 03:00:00",19.01,33.14,2.41,17.63,11.76
"2022-01-30 04:00:00",16.83,32.86,1.55,16.15,10.19
"2022-01-30 05:00:00",13.69,36.3,1.52,15.18,9.54
"2022-01-30 06:00:00",18.22,23.59,1.22,13.51,9.35
"2022-01-30 07:00:00",24.43,14.23,1.35,14.27,9.56
"2022-01-30 08:00:00",34.54,6.26,1.59,15.15,10.2
"2022-01-30 09:00:00",42.19,-0.36,2.04,14.77,10.45
"2022-01-30 10:00:00",30.51,30.41,1.92,12.48,7.15
"2022-01-30 11:00:00",10.47,70.99,1.6,12.7,6.31
"2022-01-30 12:00:00",8.02,74.32,1.24,12.21,6.33
"2022-01-30 13:00:00",6.63,78.17,1.41,11.74,6.6
"2022-01-30 14:00:00",5.42,75.33,0.36,10.2,6.22
"2022-01-30 15:00:00",5.92,66.13,1.87,5.14,3.8
"2022-01-30 16:00:00",4.54,68.5,1.01,4.79,3.29
"2022-01-30 17:00:00",6.49,61.18,0.75,3.62,3.16
"2022-01-30 18:00:00",9.95,63.65,1.65,4.18,3.54
"2022-01-30 19:00:00",7.71,71.42,0.99,7.59,5.59
"2022-01-30 20:00:00",8.15,71.87,1.09,9.43,6.55
"2022-01-30 21:00:00",8.79,69.58,-1.53,11.02,7.51
"2022-01-30 22:00:00",6.26,70.73,0.92,12.26,7.93
"2022-01-30 23:00:00",4.95,70.23,1.4,11.72,7.58
"2022-01-31 00:00:00",3.28,72.51,1.46,10.41,6.61
"2022-01-31 01:00:00",3.65,71.25,1.61,12.16,7.02
"2022-01-31 02:00:00",2.45,70.98,1.31,11.7,6.76
"2022-01-31 03:00:00",2.29,68.87,1.23,11.41,6.51
"2022-01-31 04:00:00",3.18,67.86,1.24,10.69,6.14
"2022-01-31 05:00:00",5.62,62.74,1.38,11.45,6.46
"2022-01-31 06:00:00",4.99,63.28,1.32,10.66,6.27
"2022-01-31 07:00:00",12.66,51.94,0.8,9.61,5.63
"2022-01-31 08:00:00",19.69,46.37,1.16,9.97,6.02
"2022-01-31 09:00:00",25.2,40.04,0.82,9.98,5.72
"2022-01-31 10:00:00",27.63,35.82,0.88,11.95,6.24
"2022-01-31 11:00:00",18.57,47.22,1.64,12.08,6.34
"2022-01-31 12:00:00",15.6,53.09,1.86,8.96,5.21
"2022-01-31 13:00:00",11.99,56.88,1.72,9.42,4.9
"2022-01-31 14:00:00",17.11,51.8,1.44,12.52,6.27
"2022-01-31 15:00:00",19.32,45.92,1.27,16.03,8.29
"2022-01-31 16:00:00",18.56,46.6,1.38,17.31,9.06
"2022-01-31 17:00:00",20.46,46.33,1.32,17.49,9.6
"2022-01-31 18:00:00",18.25,48.73,1.64,16.53,9.17
"2022-01-31 19:00:00",19.21,51.45,1.73,21.02,11.83
"2022-01-31 20:00:00",13.01,61.8,2.02,20.75,12.46
"2022-01-31 21:00:00",11.14,64.25,2.14,23.42,11.57
"2022-01-31 22:00:00",7.87,71.21,1.64,18.07,9.81
"2022-01-31 23:00:00",3.99,77.96,1.56,18.49,9.97
"2022-02-01 00:00:00",2.35,82.61,1.51,16.09,8.98
"2022-02-01 01:00:00",2.28,84.02,1.77,14.58,8.1
"2022-02-01 02:00:00",2.14,82.32,1.43,13.76,8.07
"2022-02-01 03:00:00",2.22,76.72,1.11,9.05,5.84
"2022-02-01 04:00:00",2.13,74.45,1.08,3.83,2.8
"2022-02-01 05:00:00",1.93,73.32,1.22,2.24,1.76
"2022-02-01 06:00:00",3,69.5,1.1,2.47,1.89
"2022-02-01 07:00:00",7.26,61.86,1.06,1.52,1.11
"2022-02-01 08:00:00",13.41,53.76,1.27,1.33,0.98
"2022-02-01 09:00:00",17.52,47.99,1.14,2.17,1.36
"2022-02-01 10:00:00",19.02,46.02,0.87,2.46,1.42
"2022-02-01 11:00:00",12.98,49.41,1.24,1.87,1.24
"2022-02-01 12:00:00",12.03,51.49,1.17,2.55,1.31
"2022-02-01 13:00:00",12.04,52.88,1.23,1.8,1.06
"2022-02-01 14:00:00",10.6,52.47,1.15,2.09,1.27
"2022-02-01 15:00:00",12.08,52.69,1.09,2.1,1.18
"2022-02-01 16:00:00",13.77,50,1.2,2.28,1.76
"2022-02-01 17:00:00",14.92,48.88,1.22,3.4,2.72
"2022-02-01 18:00:00",18.73,48.77,1.2,3.87,3.09
"2022-02-01 19:00:00",11.28,53.36,1,4.6,4.07
"2022-02-01 20:00:00",11.81,46.82,0.58,5.36,4.93
"2022-02-01 21:00:00",9.82,50.18,1.25,5.19,4.93
"2022-02-01 22:00:00",6.55,54.56,1.1,4.29,3.91
"2022-02-01 23:00:00",4.31,58.5,0.87,3.83,3.27
"2022-02-02 00:00:00",3.36,60.68,1.35,2.77,2.28
"2022-02-02 01:00:00",2.6,64.63,1.24,2.32,1.87
"2022-02-02 02:00:00",2.77,65.91,1.27,1.75,1.42
"2022-02-02 03:00:00",2.61,65.9,1.32,3.27,2.01
"2022-02-02 04:00:00",2.65,65.58,0.9,5.41,3.27
"2022-02-02 05:00:00",2.73,67.24,0.57,5.12,3.11
"2022-02-02 06:00:00",3.43,65.04,0.87,8.26,4.52
"2022-02-02 07:00:00",7.31,65.96,1.39,9.81,5.69
"2022-02-02 08:00:00",15.1,54.79,1.6,12.4,6.91
"2022-02-02 09:00:00",29.9,36.19,1.8,15.65,8.43
"2022-02-02 10:00:00",20.83,46.93,1.63,17.75,9.3
"2022-02-02 11:00:00",19.05,48.85,1.38,16.29,8.23
"2022-02-02 12:00:00",17.19,50.52,1.33,14.68,7.36
"2022-02-02 13:00:00",15.48,55.6,1.7,12.15,6.26
"2022-02-02 14:00:00",17.19,56.73,1.42,10.1,5.1
"2022-02-02 15:00:00",21.83,47.78,1.58,13.37,6.55
"2022-02-02 16:00:00",20.68,48,1.67,11.71,5.85
"2022-02-02 17:00:00",17.54,51.8,1.5,13.24,7.1
"2022-02-02 18:00:00",17.37,48.61,1.62,11.62,7.81
"2022-02-02 19:00:00",20.12,48.1,1.61,9.09,7.05
"2022-02-02 20:00:00",16.14,51.97,1.83,8.16,6.38
"2022-02-02 21:00:00",16.34,48.83,1.66,8.8,7.06
"2022-02-02 22:00:00",17.84,44.32,1.78,8.58,7.32
"2022-02-02 23:00:00",7.72,59.54,1.62,5.05,4.01
"2022-02-03 00:00:00",5.16,57.72,1.64,4.97,4.04
"2022-02-03 01:00:00",3.31,59.44,1.51,6.21,4.85
"2022-02-03 02:00:00",2.97,60.82,1.02,6.34,5.1
"2022-02-03 03:00:00",2.26,61.53,1.05,5.72,4.61
"2022-02-03 04:00:00",1.69,67.54,1.19,3.89,3.23
"2022-02-03 05:00:00",1.74,70.31,1.59,2.99,2.3
"2022-02-03 06:00:00",2.53,73.21,1.41,2.03,1.56
"2022-02-03 07:00:00",4.65,73.84,1.5,2.35,1.5
"2022-02-03 08:00:00",11.99,61.76,1.36,3.13,1.92
"2022-02-03 09:00:00",13.12,62.15,1.48,3.55,1.78
"2022-02-03 10:00:00",10.57,66.33,1.46,4.44,2.01
"2022-02-03 11:00:00",9.34,67.67,1.61,4.98,2.46
"2022-02-03 12:00:00",7.94,68.62,1.17,5.34,2.4
"2022-02-03 13:00:00",9.05,69.41,1.3,6.59,2.55
"2022-02-03 14:00:00",6.93,70.53,1.48,6.2,2.23
"2022-02-03 15:00:00",10.15,68.17,1.56,6.33,2.49
"2022-02-03 16:00:00",8.33,67.61,1.45,11.75,4.44
"2022-02-03 17:00:00",9.13,67.19,1.52,18.13,7.19
"2022-02-03 18:00:00",9.59,67.6,1.49,18.48,7.42
"2022-02-03 19:00:00",8.32,68.74,1.56,16.18,7.34
"2022-02-03 20:00:00",6.26,69.02,1.68,19.21,8.51
"2022-02-03 21:00:00",11.25,66.73,1.6,5.99,4.14
"2022-02-03 22:00:00",10.87,65.01,1.32,4.63,3.65
"2022-02-03 23:00:00",8.99,64.88,1.71,5.12,3.86
"2022-02-04 00:00:00",9.58,63.09,1.54,5.55,3.89
"2022-02-04 01:00:00",7.6,61.28,1.6,6.61,4.12
"2022-02-04 02:00:00",5.28,63.53,1.72,9.76,5.19
"2022-02-04 03:00:00",5.91,61.22,1.42,10.19,5.46
"2022-02-04 04:00:00",4.77,63.12,1.55,9.26,5.14
"2022-02-04 05:00:00",3.83,62.9,1.17,9.13,4.73
"2022-02-04 06:00:00",5.87,63.39,1.49,7.97,4.44
"2022-02-04 07:00:00",10.52,70.15,1.49,7.77,4.39
"2022-02-04 08:00:00",18.74,58.73,2.09,7.93,3.76
"2022-02-04 09:00:00",20.27,54.03,2.21,7.53,3.16
"2022-02-04 10:00:00",16.06,56.25,1.16,8.59,3.24
"2022-02-04 11:00:00",15.2,54.89,0.92,9.94,3.83
"2022-02-04 12:00:00",11.03,64.53,2.27,7.15,3.36
"2022-02-04 13:00:00",9.17,64.47,1.86,7.93,3.13
"2022-02-04 14:00:00",8.7,64.3,1.25,5.8,2.64
"2022-02-04 15:00:00",10.87,63.2,1.57,3.24,1.95
"2022-02-04 16:00:00",19.54,57.49,2.04,3.49,2.27
"2022-02-04 17:00:00",19.04,55.1,1.92,5.2,3.68
"2022-02-04 18:00:00",20.57,48.34,1.83,8.13,6.11
"2022-02-04 19:00:00",23.75,41.77,0.94,10.17,8.68
"2022-02-04 20:00:00",22.29,44.48,2.46,16.55,12.74
"2022-02-04 21:00:00",19.88,49.24,2.36,15.53,11.08
"2022-02-04 22:00:00",13.65,52.59,1.2,15.49,11.39
"2022-02-04 23:00:00",9.16,58.08,2.26,12.17,8.38
"2022-02-05 00:00:00",7.48,59.53,1.93,10.9,6.79
"2022-02-05 01:00:00",5.12,58.61,1.75,8.98,5.38
"2022-02-05 02:00:00",4,62.63,1.43,7.61,4.43
"2022-02-05 03:00:00",2.75,65.87,1.36,7.53,4.25
"2022-02-05 04:00:00",2.27,62.25,1.67,7.92,4.26
"2022-02-05 05:00:00",1.74,65.69,1.64,7.4,4.01
"2022-02-05 06:00:00",1.72,66.63,1.93,6.92,3.99
"2022-02-05 07:00:00",2.35,68.93,1.69,6.36,3.56
"2022-02-05 08:00:00",3.52,70.33,1.81,4.7,2.99
"2022-02-05 09:00:00",3.77,71.27,1.78,5.45,3.17
"2022-02-05 10:00:00",6.85,71.12,1.28,7.06,4.05
"2022-02-05 11:00:00",5.72,72.21,1.25,9.81,5.86
"2022-02-05 12:00:00",9.62,69.48,1.54,11.04,6.41
"2022-02-05 13:00:00",13.83,67.75,1.87,9.11,6.04
"2022-02-05 14:00:00",10.47,70.62,1.64,6.92,5.1
"2022-02-05 15:00:00",7.28,74,1.64,6.2,4.6
"2022-02-05 16:00:00",6.42,73.11,2.09,6.61,5.16
"2022-02-05 17:00:00",10.21,70.95,1.9,6.34,4.93
"2022-02-05 18:00:00",8.61,72.16,1.7,7.93,6.53
"2022-02-05 19:00:00",10.21,75.26,1.51,7.84,6.66
"2022-02-05 20:00:00",9.46,76.95,1.69,5.72,4.95
"2022-02-05 21:00:00",6.69,78.4,1.35,5.06,4.35
"2022-02-05 22:00:00",8.05,76.16,1.62,3.35,2.99
"2022-02-05 23:00:00",4.32,81.31,1.55,3.29,2.5
"2022-02-06 00:00:00",2.96,82.42,1.4,3.01,2.39
"2022-02-06 01:00:00",2.83,82.7,1.5,2.71,2.02
"2022-02-06 02:00:00",2.41,82.31,1.31,2.47,1.76
"2022-02-06 03:00:00",1.86,82.45,1.54,1.17,0.88
"2022-02-06 04:00:00",3.12,78.67,1.6,1.63,1.11
"2022-02-06 05:00:00",1.62,76.47,1.18,2.84,1.84
"2022-02-06 06:00:00",1.9,78.69,1.76,3.06,1.82
"2022-02-06 07:00:00",2.51,76.84,1.3,5.33,3.03
"2022-02-06 08:00:00",3.61,74.01,1.59,5.16,3.23
"2022-02-06 09:00:00",4.06,73.26,1.37,5.61,3.34
"2022-02-06 10:00:00",3.79,72.05,1.82,7.12,3.95
"2022-02-06 11:00:00",4.35,74.15,1.79,8.25,5.1
"2022-02-06 12:00:00",3.89,76.3,1.95,6.09,4.02
"2022-02-06 13:00:00",5.37,78.75,1.62,5.37,3.33
"2022-02-06 14:00:00",4.57,78.84,1.48,7.38,4.23
"2022-02-06 15:00:00",5.11,78.96,1.78,7.4,4.85
"2022-02-06 16:00:00",8.22,75.36,1.68,9.38,6.82
"2022-02-06 17:00:00",7.9,73.21,1.61,12.66,8.46
"2022-02-06 18:00:00",12.73,68.82,1.89,15.49,10.41
"2022-02-06 19:00:00",18.83,61.13,2.03,17.66,11.81
"2022-02-06 20:00:00",15.55,60.56,1.9,18.85,13.25
"2022-02-06 21:00:00",13.44,60.91,2.59,18.07,13.32
"2022-02-06 22:00:00",11.83,58.05,2.44,16.72,11.82
"2022-02-06 23:00:00",8.89,61.3,2.28,16.86,11.07
"2022-02-07 00:00:00",6.08,64.66,1.98,14.07,8.91
"2022-02-07 01:00:00",5.85,62.42,1.79,13.42,8.29
"2022-02-07 02:00:00",5.14,60.44,1.58,12.85,7.53
"2022-02-07 03:00:00",6.77,58.42,1.95,13.12,7.11
"2022-02-07 04:00:00",3.78,60.51,1.54,12.71,6.87
"2022-02-07 05:00:00",2.19,64.7,1.05,11.64,6.24
"2022-02-07 06:00:00",4.09,69.54,1.58,13.38,6.94
"2022-02-07 07:00:00",5.76,63.65,1.43,10.64,5.95
"2022-02-07 08:00:00",21.08,43.69,1.66,2.78,1.78
"2022-02-07 09:00:00",14.17,51.72,1.17,1.46,0.76
"2022-02-07 10:00:00",15.52,47.96,2.05,1.46,0.74
"2022-02-07 11:00:00",12.65,47.17,1.84,1.62,0.89
"2022-02-07 11:01:00",,,
"2022-02-07 12:00:00",,57.44,,3.5,1.45
"2022-02-07 12:01:00",,,
"2022-02-07 13:00:00",,,,4.46,2.83
"2022-02-07 13:01:00",,
"2022-02-07 14:00:00",,,,3.85,2.2
"2022-02-07 15:00:00",,72.85,1.85,9.27,4.69
"2022-02-07 16:00:00",,71.87,2.08,10.65,5.5
"2022-02-07 17:00:00",,68.28,1.93,9.71,5.74
"2022-02-07 18:00:00",,66.73,1.8,9.83,5.81
"2022-02-07 19:00:00",,65.77,1.81,9.19,5.83
"2022-02-07 20:00:00",,67.38,1.72,8.96,6.07
"2022-02-07 21:00:00",,66.09,1.68,8.96,5.96
"2022-02-07 22:00:00",,66.76,1.92,9.18,6.11
"2022-02-07 23:00:00",,71.77,1.73,6.56,4.12
"2022-02-08 00:00:00",,71.91,1.7,5.3,3.16
"2022-02-08 01:00:00",,71.76,1.7,5.58,3.51
"2022-02-08 02:00:00",,71.49,1.4,4.51,2.6
"2022-02-08 03:00:00",,71.52,1.6,3.88,2.01
"2022-02-08 04:00:00",,69.72,1.59,3.84,2.07
"2022-02-08 05:00:00",,68.3,1.58,5.85,3.12
"2022-02-08 06:00:00",,67.78,1.46,4.24,2.35
"2022-02-08 07:00:00",,64.97,1.43,3.6,1.94
"2022-02-08 07:01:00",,,
"2022-02-08 08:00:00",,,,2.34,1.36
"2022-02-08 08:01:00",,,
"2022-02-08 09:00:00",,,,1.76,0.8
"2022-02-08 10:00:00",18.09,55.33,21.04,2.38,0.85
"2022-02-08 10:01:00",
"2022-02-08 11:00:00",,52.65,1.93,1.42,0.72
"2022-02-08 11:01:00",,,
"2022-02-08 12:00:00",,54.5,,1.25,0.8
"2022-02-08 12:01:00",,,,,
"2022-02-08 13:01:00",,,,,
"2022-02-08 14:00:00",25.64,44.73,1.7,2.72,1.39
"2022-02-08 15:00:00",16.64,52.52,1.77,2.57,1.4
"2022-02-08 16:00:00",28.08,41.09,1.63,5.43,2.46
"2022-02-08 17:00:00",35.05,32.83,1.63,7.24,3.56
"2022-02-08 18:00:00",35.36,32.29,1.47,6.81,5.61
"2022-02-08 19:00:00",32.31,34.31,1.6,6.97,6.02
"2022-02-08 20:00:00",36.82,33.53,2.07,10.08,8.22
"2022-02-08 21:00:00",31.85,37.96,2.08,6.9,5.98
"2022-02-08 22:00:00",13.34,47.14,2.03,5.08,4.63
"2022-02-08 23:00:00",7.94,61.86,1.62,2.62,2.31
"2022-02-09 00:00:00",3.64,65.86,1.75,1.5,1.02
"2022-02-09 01:00:00",2.77,65.82,1.67,1.78,0.92
"2022-02-09 02:00:00",1.95,66.07,1.42,1.4,0.94
"2022-02-09 03:00:00",2.25,64.43,1.35,2.66,1.79
"2022-02-09 04:00:00",2.03,66.9,1.18,4.51,2.39
"2022-02-09 05:00:00",2.12,66.95,1.27,7.32,3.29
"2022-02-09 06:00:00",3.99,63.76,1.05,9.13,4.1
"2022-02-09 07:00:00",9.68,58.46,0.36,8.13,3.66
"2022-02-09 08:00:00",16.59,51.43,1.24,7.92,3.55
"2022-02-09 09:00:00",28.14,41.88,1.65,10.96,4.82
"2022-02-09 10:00:00",15.9,52.66,1.42,12.45,5.41
"2022-02-09 11:00:00",13.06,55.09,1.66,9.82,4.76
"2022-02-09 12:00:00",12.6,56.09,1.46,9.91,4.97
"2022-02-09 13:00:00",10.54,60.23,1.88,12.13,5.33
"2022-02-09 14:00:00",12.05,57.9,1.6,12.08,5.36
"2022-02-09 15:00:00",10.66,60.55,1.66,8.99,4.12
"2022-02-09 16:00:00",17.8,54.86,1.51,10.67,4.52
"2022-02-09 17:00:00",21.65,54.28,1.64,12.27,6.23
"2022-02-09 18:00:00",41.78,33.88,2.11,19.04,10.52
"2022-02-09 19:00:00",24.31,49.25,1.8,14.44,9.33
"2022-02-09 20:00:00",17.33,55.54,2.12,11.42,7.94
"2022-02-09 21:00:00",15.67,54.66,2.36,11.36,8.37
"2022-02-09 22:00:00",12.7,55.23,1.63,9.43,6.8
"2022-02-09 23:00:00",12.06,57.81,1.78,8.45,5.6
"2022-02-10 00:00:00",5.63,62.13,1.81,7.96,4.56
"2022-02-10 01:00:00",3.06,65.1,1.45,6.58,3.69
"2022-02-10 02:00:00",2.45,68.45,1.67,6.4,3.34
"2022-02-10 03:00:00",1.74,70.77,1.28,7.1,3.58
"2022-02-10 04:00:00",1.69,69.07,1.21,7.04,3.51
"2022-02-10 05:00:00",1.51,66.64,1.13,6.21,3.68
"2022-02-10 06:00:00",2.24,66.72,1.31,7.23,3.85
"2022-02-10 07:00:00",5.99,64.63,1.23,6.98,3.73
"2022-02-10 08:00:00",11.37,59.55,1.19,6.53,3.38
"2022-02-10 09:00:00",16.96,55.14,1.45,9.66,3.93
"2022-02-10 10:00:00",14.17,55.3,2.01,11.85,4.35
"2022-02-10 11:00:00",13.29,56.81,2.29,9.91,4.37
"2022-02-10 12:00:00",11.03,61.27,1.62,9.65,4.2
"2022-02-10 13:00:00",9.19,66.54,1.99,9.52,4.67
"2022-02-10 14:00:00",9.69,66.08,2.09,9.99,5.17
"2022-02-10 15:00:00",11.75,60.69,1.92,10.2,5.22
"2022-02-10 16:00:00",16.6,54.47,1.68,6.86,3.88
"2022-02-10 17:00:00",22.71,51.59,1.66,4.87,3.73
"2022-02-10 18:00:00",22.96,48.35,2.22,8.77,6.48
"2022-02-10 19:00:00",26.43,44.09,2.22,11.44,9.29
"2022-02-10 20:00:00",28.2,43.42,2.69,12.76,10.47
"2022-02-10 21:00:00",18.31,46,2.64,13.65,11.03
"2022-02-10 22:00:00",19.65,46.26,2.58,14.77,10.27
"2022-02-10 23:00:00",17.32,47.6,2.64,15.1,9.48
"2022-02-11 00:00:00",11.03,51.62,2.12,11.47,7.43
"2022-02-11 01:00:00",9.33,53.53,2.36,10.6,6.72
"2022-02-11 02:00:00",8.53,55.8,2.23,10.83,6.25
"2022-02-11 03:00:00",4.64,58.87,2.09,9.92,5.69
"2022-02-11 04:00:00",7.41,54.18,1.87,9.56,5.45
"2022-02-11 05:00:00",8.11,52.85,1.69,8.95,5.06
"2022-02-11 06:00:00",7.68,51.31,1.91,8.82,4.72
"2022-02-11 07:00:00",27.66,34.87,2.04,8.79,4.5
"2022-02-11 08:00:00",37.25,23.4,2.25,10.57,4.98
"2022-02-11 09:00:00",73.86,1.77,4.59,13.22,6.53
"2022-02-11 10:00:00",59.83,13.91,1.54,14.81,7.44
"2022-02-11 11:00:00",34.45,36.9,2.21,10.41,4.35
"2022-02-11 12:00:00",19.66,56.59,2.16,10.77,4.54
"2022-02-11 13:00:00",12.75,61.97,2.78,8.64,3.68
"2022-02-11 14:00:00",8.58,68.96,1.89,7.16,3.19
"2022-02-11 15:00:00",8.48,68.69,-0.11,5.95,2.87
"2022-02-11 16:00:00",10,68.18,0.92,5.08,2.69
"2022-02-11 17:00:00",12.16,68.13,1.57,6.63,3.39
"2022-02-11 18:00:00",11.9,69.58,1.79,7.07,4.28
"2022-02-11 19:00:00",12.29,69.73,2.1,7.64,5.17
"2022-02-11 20:00:00",10.41,73.42,2.54,8.56,5.57
"2022-02-11 21:00:00",9.6,71.79,2.06,7.97,5.3
"2022-02-11 22:00:00",4.64,76.76,1.63,5.53,3.12
"2022-02-11 23:00:00",2.48,79.96,2.33,6.3,3.21
"2022-02-12 00:00:00",2.85,78.58,1.74,5.46,3.32
"2022-02-12 01:00:00",2.14,79.82,1.52,4.49,2.81
"2022-02-12 02:00:00",1.61,79.73,1.41,3.46,2.21
"2022-02-12 03:00:00",1.29,81.98,1.5,2.48,1.71
"2022-02-12 04:00:00",1.12,82.8,1.88,2.06,1.38
"2022-02-12 05:00:00",0.94,83.26,1.53,1.43,1.09
"2022-02-12 06:00:00",1.03,82.37,1.51,0.93,0.72
"2022-02-12 07:00:00",1.99,82.34,1.26,0.8,0.57
"2022-02-12 08:00:00",3.47,80.38,1.65,0.48,0.37
"2022-02-12 09:00:00",5.54,77.69,1.68,0.57,0.42
"2022-02-12 10:00:00",4.92,77.65,1.54,0.91,0.61
"2022-02-12 11:00:00",6.42,74.78,1.66,2.09,1.22
"2022-02-12 12:00:00",6.8,69.64,1.46,3.16,1.78
"2022-02-12 13:00:00",9.54,63.86,1.57,2.57,1.57
"2022-02-12 14:00:00",5.9,65.16,1.86,4.3,2.88
"2022-02-12 15:00:00",7.85,65.88,1.59,4.4,2.81
"2022-02-12 16:00:00",9.85,64.07,1.84,6.12,4.45
"2022-02-12 17:00:00",14.54,65.06,1.62,8.04,5.76
"2022-02-12 18:00:00",18,56.26,1.52,10.85,7.82
"2022-02-12 19:00:00",20.73,50.11,2.6,15.61,12.59
"2022-02-12 20:00:00",25.28,43.09,2.94,15.23,11.19
"2022-02-12 21:00:00",14.85,52.84,2.56,12.65,9.35
"2022-02-12 22:00:00",11.41,56.9,2.51,12.85,9.26
"2022-02-12 23:00:00",7.26,63.6,2.18,8.86,5.77
"2022-02-13 00:00:00",4.72,67.11,1.8,6.93,4.44
"2022-02-13 01:00:00",6.92,65.78,2.02,5.42,3.61
"2022-02-13 02:00:00",7.03,64.37,1.93,4.24,2.75
"2022-02-13 03:00:00",5.53,67.56,2.15,4.58,3
"2022-02-13 04:00:00",4.82,69.09,1.77,5.7,3.43
"2022-02-13 05:00:00",3.04,69.11,2.06,4.13,2.62
"2022-02-13 06:00:00",3.94,76.42,1.51,1.71,1.22
"2022-02-13 07:00:00",12.75,66.38,1.68,1.56,0.94
"2022-02-13 08:00:00",2.31,88.94,2.26,0.45,0.21
"2022-02-13 09:00:00",8.19,74.97,2.06,0.78,0.37
"2022-02-13 10:00:00",15.28,64.29,1.56,1.35,0.87
"2022-02-13 11:00:00",11.03,67.75,2.14,1.23,0.64
"2022-02-13 12:00:00",6.68,67.2,2.22,1.19,0.92
"2022-02-13 13:00:00",11.11,60.94,2.25,3.74,2.92
"2022-02-13 14:00:00",9.87,68.52,2.26,2.46,1.78
"2022-02-13 15:00:00",10.97,67.15,2.17,2.67,2.09
"2022-02-13 16:00:00",11.31,63.96,2.21,3.26,2.89
"2022-02-13 17:00:00",15.86,54.22,2.37,6.14,5.68
"2022-02-13 18:00:00",23.76,51.65,2.48,11.2,10.74
"2022-02-13 19:00:00",19.01,56.31,2.38,9.84,9.32
"2022-02-13 20:00:00",14.94,66.52,2.5,6.93,6.5
"2022-02-13 21:00:00",12.57,66.7,2.55,6.49,5.89
"2022-02-13 22:00:00",9.34,67.05,2.36,4.7,4.42
"2022-02-13 23:00:00",7.91,71.93,2.22,2.45,2.28
"2022-02-14 00:00:00",5.48,73.61,2.15,2.21,2.01
"2022-02-14 01:00:00",4.1,73.49,2.18,2.35,1.8
"2022-02-14 02:00:00",5.6,68.01,2.12,2.38,1.85
"2022-02-14 03:00:00",2.46,70.81,2.26,2.1,1.84
"2022-02-14 04:00:00",1.9,72.69,1.94,1.61,1.22
"2022-02-14 05:00:00",2.65,69.62,1.68,2.87,1.81
"2022-02-14 06:00:00",5.1,65.9,1.97,2.08,1.29
"2022-02-14 07:00:00",9.47,59.36,1.94,2.45,1.51
"2022-02-14 08:00:00",19.76,52.99,2.27,3.34,1.61
"2022-02-14 09:00:00",21.45,47.18,1.9,3.34,1.71
"2022-02-14 10:00:00",18.34,48.03,1.8,5.16,2.34
"2022-02-14 11:00:00",11.53,56.24,1.86,3.97,2.03
"2022-02-14 12:00:00",13.21,60.17,2.04,4.04,2.16
"2022-02-14 13:00:00",7.27,61.23,2.1,4.83,2.47
"2022-02-14 14:00:00",8.93,60.68,1.77,5.91,2.67
"2022-02-14 15:00:00",17.08,56.44,2.03,6.46,3.11
"2022-02-14 16:00:00",14.14,56.78,1.75,5.16,2.7
"2022-02-14 17:00:00",14.02,61,1.73,7.58,3.45
"2022-02-14 18:00:00",21.91,55.47,1.85,11.45,6.39
"2022-02-14 19:00:00",27.66,48.6,2.08,12.46,8.6
"2022-02-14 20:00:00",31.52,42.62,3.01,18.72,13.86
"2022-02-14 21:00:00",31.59,42.62,3.26,17.97,12.75
"2022-02-14 22:00:00",14.36,54.28,2.39,11.73,7.76
"2022-02-14 23:00:00",6.68,66.24,2.02,9.32,5.57
"2022-02-15 00:00:00",2.92,74.41,2.36,6.54,3.51
"2022-02-15 01:00:00",1.58,76.77,1.9,5.92,3.15
"2022-02-15 02:00:00",1.63,80.41,1.9,4.78,2.96
"2022-02-15 03:00:00",0.78,83.11,1.89,3.94,2.8
"2022-02-15 04:00:00",0.59,87.17,2.34,2.59,1.94
"2022-02-15 05:00:00",0.98,86.56,1.93,2.16,1.55
"2022-02-15 06:00:00",1.94,85.97,1.62,2.68,1.85
"2022-02-15 07:00:00",8.26,79.76,1.52,10.25,5.71
"2022-02-15 08:00:00",21.08,67.14,1.85,16.89,9.5
"2022-02-15 09:00:00",23.43,60.23,1.89,19.6,10.98
"2022-02-15 10:00:00",25.33,55.02,1.78,23.12,11.71
"2022-02-15 11:00:00",18.4,61.28,2.28,23.17,11.72
"2022-02-15 12:00:00",14.68,63.9,1.96,20.54,10.4
"2022-02-15 13:00:00",28.11,62.99,2.62,18.99,9.69
"2022-02-15 14:00:00",13.52,64.38,1.66,20.94,10.16
"2022-02-15 15:00:00",12.39,63.96,1.7,21.46,10.57
"2022-02-15 16:00:00",11.66,65.28,1.61,20.05,10.66
"2022-02-15 17:00:00",13.66,65.02,2.17,18.35,10.31
"2022-02-15 18:00:00",13.91,66.28,2.04,16.36,10.01
"2022-02-15 19:00:00",19.62,60.85,1.81,13.4,10.23
"2022-02-15 20:00:00",23.27,59.91,2.23,10.79,9.36
"2022-02-15 21:00:00",26.58,53.22,2.13,11.63,10.62
"2022-02-15 22:00:00",16.44,64.81,2.26,9.22,8.48
"2022-02-15 23:00:00",2.67,81.82,2.28,1.74,1.43
"2022-02-16 00:00:00",1.87,70.81,1.68,0.89,0.82
"2022-02-16 01:00:00",1.73,64.11,1.73,0.72,0.56
"2022-02-16 02:00:00",1.54,66.94,1.92,1.06,0.73
"2022-02-16 03:00:00",0.97,73.88,1.79,3.99,2.47
"2022-02-16 04:00:00",1.06,79.22,1.79,11.71,7.77
"2022-02-16 05:00:00",1.31,79.61,1.57,15.43,10.97
"2022-02-16 06:00:00",1.62,79.39,1.73,18.57,12.73
"2022-02-16 07:00:00",3.09,80.08,1.48,20.9,14.89
"2022-02-16 08:00:00",6.94,74.17,1.84,22.95,15.56
"2022-02-16 09:00:00",11.83,68.95,1.72,22.05,14.72
"2022-02-16 10:00:00",8,68.55,1.88,15.83,11.21
"2022-02-16 11:00:00",4.67,63.11,1.61,7.18,5.21
"2022-02-16 12:00:00",6.34,55.93,1.62,2.66,0.85
"2022-02-16 13:00:00",6.22,59.23,2,1.56,0.77
"2022-02-16 14:00:00",11.45,71.02,2.25,5.69,3.04
"2022-02-16 15:00:00",8.38,80.33,2.04,6.08,4.5
"2022-02-16 16:00:00",7.57,81.31,2.31,11.93,8.02
"2022-02-16 17:00:00",6.61,82,1.85,17.73,11.54
"2022-02-16 18:00:00",6.51,82.53,0.8,19.56,12.54
"2022-02-16 19:00:00",8.6,85.38,1.13,14.91,10.56
"2022-02-16 20:00:00",7.41,86.76,1.78,15.8,11.15
"2022-02-16 21:00:00",5.95,87.88,1.08,15.67,10.5
"2022-02-16 22:00:00",4.18,86.77,2,15.44,9.99
"2022-02-16 23:00:00",3.12,85.61,2.01,7.33,5.01
"2022-02-17 00:00:00",3.1,82.02,2.03,7.5,4.7
"2022-02-17 01:00:00",2.98,78.05,1.89,10.28,5.65
"2022-02-17 02:00:00",1.65,76.06,1.41,10.57,5.69
"2022-02-17 03:00:00",1.59,74.06,1.73,8.92,4.81
"2022-02-17 04:00:00",1.95,71.7,1.56,9.23,5.01
"2022-02-17 05:00:00",1.44,78.13,1.67,3.68,1.99
"2022-02-17 06:00:00",3.21,74.77,1.58,4.1,2.27
"2022-02-17 07:00:00",7.23,71.78,1.57,7.15,3.76
"2022-02-17 08:00:00",14.92,62.09,1.75,11.62,5.41
"2022-02-17 09:00:00",20.58,51.71,1.98,15.13,6.65
"2022-02-17 10:00:00",13.85,59.14,1.5,13.31,6.51
"2022-02-17 11:00:00",12.41,62.23,1.55,5.41,3.07
"2022-02-17 12:00:00",19.36,55.18,1.7,3.88,2.18
"2022-02-17 13:00:00",21.53,46.64,2.4,4.93,2.93
"2022-02-17 14:00:00",12.19,58.88,1.94,4.28,2.51
"2022-02-17 15:00:00",12.77,64.6,1.81,6.29,3.1
"2022-02-17 16:00:00",14.46,60.37,1.82,4.99,2.88
"2022-02-17 17:00:00",14.51,65.86,1.88,8.22,4.43
"2022-02-17 18:00:00",18.41,64.13,2.33,10.09,5.89
"2022-02-17 19:00:00",20.82,60.68,2.41,16.48,9.81
"2022-02-17 20:00:00",18.04,59.37,2.49,15.38,9.71
"2022-02-17 21:00:00",21.3,60.01,2.41,19.66,11.16
"2022-02-17 22:00:00",19.63,61.48,2.79,17.58,10.86
"2022-02-17 23:00:00",9.83,69.94,1.97,11.14,7.14
"2022-02-18 00:00:00",4.32,84.19,1.6,3.04,2.38
"2022-02-18 01:00:00",2.84,89.13,1.37,2.8,1.64
"2022-02-18 02:00:00",1.65,88.83,0.86,2.4,1.48
"2022-02-18 02:01:00",,,,,
"2022-02-18 03:01:00",,,,,
"2022-02-18 04:00:00",0.72,88.14,2.19,14.55,8.41
"2022-02-18 05:00:00",0.58,86.51,2.3,16.23,9.55
"2022-02-18 06:00:00",1.36,87.78,1.77,9.86,5.7
"2022-02-18 07:00:00",8.14,82.4,2.26,2.03,1.28
"2022-02-18 08:00:00",22.93,63.3,2.62,7.23,4.04
"2022-02-18 09:00:00",32.41,51.17,3.06,12.26,7.73
"2022-02-18 10:00:00",22.04,60.26,2.92,9.57,5.66
"2022-02-18 11:00:00",8.33,73.66,2.14,1.1,0.55
"2022-02-18 12:00:00",9.58,79.13,2.38,1.86,1.05
"2022-02-18 13:00:00",10.15,71.64,1.74,5.59,3.19
"2022-02-18 14:00:00",6.98,69.21,1.7,8.92,4.62
"2022-02-18 15:00:00",8.31,72.34,2.28,6.19,3.22
"2022-02-18 16:00:00",10.36,72.72,2.5,5.65,3.28
"2022-02-18 17:00:00",11.28,70.45,2.31,4.38,3.09
"2022-02-18 18:00:00",25.99,64.62,2.1,5.99,4.85
"2022-02-18 19:00:00",15.74,61.46,2.33,8.92,6.95
"2022-02-18 20:00:00",14.44,63.11,3.58,10.75,8.28
"2022-02-18 21:00:00",11.83,62.35,2.14,9.91,7.64
"2022-02-18 22:00:00",10.26,66.02,2.11,10.35,7.33
"2022-02-18 23:00:00",7.23,66.48,2.87,9.38,6.08
"2022-02-19 00:00:00",5.03,67.04,2.45,7.14,4.79
"2022-02-19 01:00:00",2.79,66.45,1.53,5.77,3.59
"2022-02-19 02:00:00",2.52,71.01,2.1,4.63,2.73
"2022-02-19 03:00:00",1.66,68.44,2.81,5.88,3.63
"2022-02-19 04:00:00",1.26,68.61,1.68,5.16,3.28
"2022-02-19 05:00:00",0.65,72.78,2,4.19,2.67
"2022-02-19 06:00:00",1.26,71.58,1.78,3.75,2.27
"2022-02-19 07:00:00",4.31,71.62,1.72,4.33,2.37
"2022-02-19 08:00:00",17.64,53.64,1.66,2.5,1.46
"2022-02-19 09:00:00",19.6,52.07,2.28,1.75,1.44
"2022-02-19 10:00:00",16.55,60.76,2.07,5.65,3.23
"2022-02-19 11:00:00",8.72,69.66,2.35,10.67,5.95
"2022-02-19 12:00:00",9.36,59.87,1.91,3.34,2.23
"2022-02-19 13:00:00",16.42,51.37,2.26,1.76,1.38
"2022-02-19 14:00:00",16.24,47.69,2.26,2.45,1.93
"2022-02-19 15:00:00",11.91,52.21,2.48,2.9,2.37
"2022-02-19 16:00:00",11.7,51.26,2.17,3.61,2.74
"2022-02-19 17:00:00",17.55,49.45,2.36,8.76,6.43
"2022-02-19 18:00:00",19.64,48.3,2.22,11.58,8.35
"2022-02-19 19:00:00",34.2,40.54,2.53,16.64,13.73
"2022-02-19 20:00:00",29.96,50.15,2.44,13.68,11.96
"2022-02-19 21:00:00",8.16,66.59,2.35,4.24,3.96
"2022-02-19 22:00:00",6.21,72.34,2.2,4.11,3.59
"2022-02-19 23:00:00",3.96,77.68,2.08,7.17,5.7
"2022-02-20 00:00:00",3.53,79.62,2.16,14.66,10.89
"2022-02-20 01:00:00",1.79,82.8,1.87,16.02,11.72
"2022-02-20 02:00:00",1.58,84.69,2.03,17.21,11.94
"2022-02-20 03:00:00",0.88,86.7,1.88,14.72,10.2
"2022-02-20 04:00:00",0.87,87.11,1.96,10.27,8.03
"2022-02-20 05:00:00",0.96,87.92,1.77,5.52,4.35
"2022-02-20 06:00:00",1.29,87.92,1.37,3.26,2.52
"2022-02-20 07:00:00",0.85,88.3,1.65,2.91,2.31
"2022-02-20 08:00:00",2.03,87.38,1.63,2.08,1.68
"2022-02-20 09:00:00",1.65,87.91,1.75,2.15,1.7
"2022-02-20 10:00:00",1.89,87.9,1.88,3.07,2.55
"2022-02-20 11:00:00",2.59,85.96,1.87,3.45,2.79
"2022-02-20 12:00:00",2.96,83.81,1.78,1.82,1.26
"2022-02-20 13:00:00",5.76,91.11,2.13,2.34,1.58
"2022-02-20 14:00:00",5.7,89.99,1.95,5.09,3.81
"2022-02-20 15:00:00",5.6,85.68,2.03,8.54,6.23
"2022-02-20 16:00:00",4.82,84.36,1.54,10.57,7.37
"2022-02-20 17:00:00",5.49,81.47,1.94,10.76,7.6
"2022-02-20 18:00:00",5.21,78.78,2.12,10.15,7.17
"2022-02-20 19:00:00",7.12,74.72,2.52,10.62,7.68
"2022-02-20 20:00:00",7.1,74.32,2.34,9.62,7.52
"2022-02-20 21:00:00",7.57,72.82,1.85,9.2,7.68
"2022-02-20 22:00:00",7,77.81,2.21,6.89,5.55
"2022-02-20 23:00:00",4.3,79.6,2.03,8.32,5.61
"2022-02-21 00:00:00",2.91,78.65,2.04,11.17,7.19
"2022-02-21 01:00:00",2.59,79.14,2.68,13.93,8.24
"2022-02-21 02:00:00",1.62,80.83,1.95,15.3,8.78
"2022-02-21 03:00:00",0.45,82.16,1.16,15.53,9.82
"2022-02-21 04:00:00",0.51,83.29,1.81,15.81,10.11
"2022-02-21 05:00:00",0.48,80.62,1.59,13.82,9.52
"2022-02-21 06:00:00",1.01,78.79,1.63,12.57,8.79
"2022-02-21 07:00:00",4.33,73.65,1.7,12.13,8.24
"2022-02-21 08:00:00",12.03,68.14,1.78,14.45,9.77
"2022-02-21 09:00:00",12.66,66.07,2.31,16.46,10.81
"2022-02-21 10:00:00",13.77,60.07,1.6,20.14,12.27
"2022-02-21 11:00:00",8.09,64.63,1.73,21.21,12.96
"2022-02-21 12:00:00",8.06,62.87,2.34,20.15,12.51
"2022-02-21 13:00:00",8.37,62.49,2.08,17.44,10.79
"2022-02-21 14:00:00",7.65,63.64,1.73,16.73,9.67
"2022-02-21 15:00:00",6.74,63.66,1.48,13.59,8.24
"2022-02-21 16:00:00",8.8,62.27,1.65,15.67,9.05
"2022-02-21 17:00:00",14.59,59.48,2.03,21.41,12.59
"2022-02-21 18:00:00",29.9,46.67,2.3,30.47,17.61
"2022-02-21 19:00:00",28.28,48.76,2.66,34.97,22.12
"2022-02-21 20:00:00",17.42,53.44,2.17,33.1,20.41
"2022-02-21 21:00:00",10.78,57.22,1.82,20.86,14.42
"2022-02-21 22:00:00",6.94,63.7,2.15,18.61,11.34
"2022-02-21 23:00:00",3.49,66.01,2.22,11.18,7.34
"2022-02-22 00:00:00",3.49,63.74,1.68,9.43,6.86
"2022-02-22 01:00:00",1.9,68.83,1.69,9.57,6.6
"2022-02-22 02:00:00",0.91,69.88,1.65,10.07,6.62
"2022-02-22 03:00:00",0.6,75.19,1.44,9.62,6.34
"2022-02-22 04:00:00",0.34,80.19,1.56,9.69,6.57
"2022-02-22 05:00:00",0.35,82.71,1.48,10.19,6.99
"2022-02-22 06:00:00",0.45,82.75,1.63,10.95,7.34
"2022-02-22 07:00:00",2.17,79.41,1.71,9.2,6.4
"2022-02-22 08:00:00",10.03,87.64,1.43,2.74,1.58
"2022-02-22 09:00:00",21.63,74.45,1.65,7.83,3.63
"2022-02-22 10:00:00",14.43,74.5,1.88,9.9,5.46
"2022-02-22 11:00:00",8.81,73.04,1.73,10.91,6.66
"2022-02-22 12:00:00",8.16,71.73,1.54,10.97,6.26
"2022-02-22 13:00:00",7.38,68.99,1.74,9.76,5.84
"2022-02-22 14:00:00",7.34,68.23,1.78,7.03,4.39
"2022-02-22 15:00:00",5.43,68.52,1.78,7.87,4.51
"2022-02-22 16:00:00",8.64,66.46,1.72,7.67,4.32
"2022-02-22 17:00:00",13.31,61.21,1.99,7.27,4.43
"2022-02-22 18:00:00",20.76,55.74,2.02,10.64,6.46
"2022-02-22 19:00:00",18.28,56.09,1.99,12.68,8.03
"2022-02-22 20:00:00",15.38,59.85,2.08,13.52,9.02
"2022-02-22 21:00:00",12.21,61.51,2.34,15.31,9.89
"2022-02-22 22:00:00",10.21,65.53,1.79,15.43,9.46
"2022-02-22 23:00:00",5.07,69.74,2.01,16.07,9.62
"2022-02-23 00:00:00",2.67,75.22,1.89,14.96,8.43
"2022-02-23 01:00:00",1.55,75.97,1.73,15.41,8.63
"2022-02-23 02:00:00",1.02,77.83,1.46,13.48,7.4
"2022-02-23 03:00:00",0.62,80.24,1.68,11.1,6
"2022-02-23 04:00:00",0.53,80.96,1.57,9.08,5.11
"2022-02-23 05:00:00",0.65,80.12,1.53,7.18,4.47
"2022-02-23 06:00:00",0.93,77.73,1.22,6.68,4.1
"2022-02-23 07:00:00",2.93,75.97,1.6,6.39,3.71
"2022-02-23 08:00:00",6.09,72.82,0.61,6.03,3.35
"2022-02-23 09:00:00",6.83,70.3,0.83,5.87,2.97
"2022-02-23 10:00:00",7.51,69.89,1.9,6.51,2.81
"2022-02-23 11:00:00",4.77,73.22,1.91,5.61,2.67
"2022-02-23 12:00:00",4.53,74.36,1.63,7.42,3.32
"2022-02-23 13:00:00",6.27,72.58,1.6,6.22,3.1
"2022-02-23 14:00:00",4.55,74.79,1.76,5.57,2.94
"2022-02-23 15:00:00",6.61,72.78,1.85,7.14,3.66
"2022-02-23 16:00:00",15.71,66.7,2.46,6.93,4.24
"2022-02-23 17:00:00",18.21,65.44,1.81,7.07,4.81
"2022-02-23 18:00:00",28.97,60.25,2.83,7.35,5.28
"2022-02-23 19:00:00",10.84,69.54,1.8,8.49,6.25
"2022-02-23 20:00:00",8.7,72.77,1.8,6.8,4.96
"2022-02-23 21:00:00",8.86,70.16,1.59,5.74,4.6
"2022-02-23 22:00:00",12.32,70.46,2.14,8.73,5.63
"2022-02-23 23:00:00",5.71,71.9,2.11,7.92,4.86
"2022-02-24 00:00:00",4.7,72.13,2.08,10.09,5.77
"2022-02-24 01:00:00",1.85,73.43,1.72,10.97,6.13
"2022-02-24 02:00:00",2.48,72.24,1.68,7.72,4.67
"2022-02-24 03:00:00",1.04,71.68,1.99,7.36,4.31
"2022-02-24 04:00:00",0.95,71.43,1.9,7.04,4.02
"2022-02-24 05:00:00",0.61,74.91,1.4,3.65,2.36
"2022-02-24 06:00:00",1.68,73.87,1.17,1.91,1.27
"2022-02-24 07:00:00",5.02,70.76,1.73,1.4,0.93
"2022-02-24 08:00:00",12.49,61.16,2.2,4.41,1.36
"2022-02-24 09:00:00",15.2,53.65,1.29,2.34,1.04
"2022-02-24 10:00:00",17.94,56.38,1.72,3.36,1.61
"2022-02-24 11:00:00",10.91,63.53,2.39,4.57,2.15
"2022-02-24 12:00:00",10.08,64.9,1.96,5.19,2.4
"2022-02-24 13:00:00",10.17,66.36,1.86,7.35,3.52
"2022-02-24 14:00:00",7.4,67.13,1.84,7.34,3.62
"2022-02-24 15:00:00",9.26,64.03,2.15,8.53,4.57
"2022-02-24 16:00:00",9.76,65.28,2.13,12.07,4.98
"2022-02-24 17:00:00",12.8,62.45,1.9,9.38,5.29
"2022-02-24 18:00:00",15.72,57.12,1.92,8.21,5.83
"2022-02-24 19:00:00",12.7,56.59,2.06,12.65,8.14
"2022-02-24 20:00:00",9.5,64.43,2.52,13.2,9.17
"2022-02-24 21:00:00",8.5,68.15,1.89,8.99,6.84
"2022-02-24 22:00:00",8.03,68.52,2.05,8.11,5.38
"2022-02-24 23:00:00",5.73,70.77,1.53,5.91,4.2
"2022-02-25 00:00:00",5.29,69.85,1.86,6.58,4.14
"2022-02-25 01:00:00",3.85,69.04,1.09,8.27,4.78
"2022-02-25 02:00:00",3.26,68.94,1.89,7.21,4.46
"2022-02-25 03:00:00",2.18,71.38,2,8.16,4.75
"2022-02-25 04:00:00",2.16,67.65,1.06,7.32,4.35
"2022-02-25 05:00:00",2.8,67.03,0.58,8.19,4.59
"2022-02-25 06:00:00",4.67,65.28,1.73,10.4,5.94
"2022-02-25 07:00:00",11.87,60.76,1.49,12.22,6.52
"2022-02-25 08:00:00",28.08,48.33,2.53,13.27,6.66
"2022-02-25 09:00:00",25.71,44.39,1.98,15.61,7.75
"2022-02-25 10:00:00",17.69,50.2,1.95,16.31,8.46
"2022-02-25 11:00:00",11.36,54.78,1.73,14.35,7.19
"2022-02-25 12:00:00",13.29,56.13,1.39,14.05,7.07
"2022-02-25 13:00:00",7.7,61.11,1.18,13.01,6.37
"2022-02-25 14:00:00",6.66,62.36,1.48,11.63,5.95
"2022-02-25 15:00:00",7.13,64.04,1.36,10.93,5.53
"2022-02-25 16:00:00",9.48,65.53,1.42,8.52,4.88
"2022-02-25 17:00:00",10.97,64.32,1.5,8.87,5.17
"2022-02-25 18:00:00",18.16,57.14,2.19,13.61,9.71
"2022-02-25 19:00:00",17.78,57.81,2.02,13.59,9.67
"2022-02-25 20:00:00",14.76,62.95,1.94,10.05,7.68
"2022-02-25 21:00:00",14,63.14,1.75,9.82,7.33
"2022-02-25 22:00:00",10.98,66.4,1.56,7.41,5.37
"2022-02-25 23:00:00",6.37,72.04,1.59,5.21,3.56
"2022-02-26 00:00:00",8.6,71.51,1.73,4.33,2.61
"2022-02-26 01:00:00",4.62,75.52,1.72,3.49,2.26
"2022-02-26 02:00:00",5.19,75.08,1.61,5.59,2.82
"2022-02-26 03:00:00",2.7,79.36,1.35,5.37,2.8
"2022-02-26 04:00:00",2.54,81.67,1.2,4.41,2.28
"2022-02-26 05:00:00",2.88,78.05,1.39,3.91,2.13
"2022-02-26 06:00:00",3.7,76.25,1.49,4.76,2.44
"2022-02-26 07:00:00",3.6,76.9,1.5,4.21,2.32
"2022-02-26 08:00:00",3.7,78.6,1.52,4.29,2.81
"2022-02-26 09:00:00",4.59,75.95,1.48,5.52,2.83
"2022-02-26 10:00:00",5.73,72.08,1.18,5.31,2.74
"2022-02-26 11:00:00",5.56,73.21,1.32,7.18,3.62
"2022-02-26 12:00:00",5.28,74.53,1.63,6.66,3.24
"2022-02-26 13:00:00",6.39,73.86,1.46,7.73,4.62
"2022-02-26 14:00:00",6.28,76.19,1.47,9.12,5.59
"2022-02-26 15:00:00",8.46,73.99,1.71,10.59,6.46
"2022-02-26 16:00:00",11.17,71.14,1.46,12.16,7.93
"2022-02-26 17:00:00",8.95,75.62,1.67,13.13,8.92
"2022-02-26 18:00:00",14.76,73.62,1.97,16.03,10.21
"2022-02-26 19:00:00",12.54,74.5,1.81,20.4,12.93
"2022-02-26 20:00:00",10.24,77.19,1.91,18.37,11.96
"2022-02-26 21:00:00",10.92,76.44,2.26,19.05,12.56
"2022-02-26 22:00:00",9.57,74.9,1.93,18.16,11.57
"2022-02-26 23:00:00",7.19,77.78,1.72,16.13,10.36
"2022-02-27 00:00:00",6.49,78.32,1.86,16.22,10.17
"2022-02-27 01:00:00",6.23,78.2,1.63,16.6,9.93
"2022-02-27 02:00:00",5.56,77.66,1.19,17.16,9.61
"2022-02-27 03:00:00",5.91,75.5,1.43,18.55,9.74
"2022-02-27 04:00:00",5.2,75.22,1.37,16.8,9.34
"2022-02-27 05:00:00",4.24,76.22,1.22,15.54,8.96
"2022-02-27 06:00:00",5.14,73.12,1.26,18,9.67
"2022-02-27 07:00:00",4.41,72.48,1.36,16.01,9.65
"2022-02-27 08:00:00",5.09,70.89,1.54,18.31,10.33
"2022-02-27 09:00:00",5.06,69.25,1.28,17.58,10.12
"2022-02-27 10:00:00",6.41,66.74,1.29,16.95,9.87
"2022-02-27 11:00:00",6.84,65.95,1.52,20.02,11.65
"2022-02-27 12:00:00",7.65,66.73,1.5,18.09,10.59
"2022-02-27 13:00:00",7.91,68.77,1.19,17.02,10.35
"2022-02-27 14:00:00",8.94,70.68,1.46,18.34,11.18
"2022-02-27 15:00:00",10.65,69.23,1.61,17.24,10.99
"2022-02-27 16:00:00",9.9,67.23,1.17,14.23,10.11
"2022-02-27 17:00:00",12.24,64.49,1.66,10.17,7.69
"2022-02-27 18:00:00",12.5,70.31,1.71,6.58,5.36
"2022-02-27 19:00:00",12.72,71.06,1.84,7.93,5.81
"2022-02-27 20:00:00",19.54,63.04,2.08,13.32,9.31
"2022-02-27 21:00:00",8.22,78.63,1.92,9.84,5.96
"2022-02-27 22:00:00",6.26,78.85,2.04,7.73,5.02
"2022-02-27 23:00:00",4.7,81.19,1.63,6.19,3.98
"2022-02-28 00:00:00",2.93,85.25,2.07,6.09,4.11
"2022-02-28 01:00:00",2.16,84.63,1.44,2.52,1.81
"2022-02-28 02:00:00",1.15,82.34,1.5,0.83,0.56
"2022-02-28 03:00:00",1.39,76.43,1.54,0.62,0.48
"2022-02-28 04:00:00",3.42,67.23,1.32,0.53,0.36
"2022-02-28 05:00:00",7.17,58.44,1.39,0.46,0.23
"2022-02-28 06:00:00",5.3,64.67,1.69,0.48,0.22
"2022-02-28 07:00:00",15.88,63.64,2.01,4.07,1.93
"2022-02-28 08:00:00",20.09,49.81,1.33,10.69,5.48
"2022-02-28 09:00:00",33.41,35.69,1.61,11.88,5.98
"2022-02-28 09:01:00",,,,,
"2022-02-28 10:01:00",,,,,
"2022-03-02 11:00:00",16.29,33.14,0.79,6.23,3.72
"2022-03-02 12:00:00",17.84,31.84,1.5,5.06,3.02
"2022-03-02 13:00:00",20.78,27.81,1.75,6.53,4.55
"2022-03-02 14:00:00",21.1,32.75,1.8,4.35,3.39
"2022-03-02 15:00:00",20.71,41.18,1.84,3.02,2.43
"2022-03-02 16:00:00",16.12,53.98,1.62,3.79,2.99
"2022-03-02 17:00:00",15.95,57.35,1.81,4.76,4.09
"2022-03-02 18:00:00",19.33,53.81,1.94,5.19,4.44
"2022-03-02 19:00:00",24.98,47.79,1.83,9.77,8.95
"2022-03-02 20:00:00",17.85,55.08,1.63,7.62,6.4
"2022-03-02 21:00:00",12.51,60.83,1.97,6.92,5.8
"2022-03-02 22:00:00",9.67,69.61,1.73,7.27,5.86
"2022-03-02 23:00:00",6.68,73.44,1.39,3.86,3.16
"2022-03-03 00:00:00",5.63,73.59,0.21,2.03,1.8
"2022-03-03 01:00:00",4.7,73.4,-1.15,0.8,0.6
"2022-03-03 02:00:00",2.13,81.04,1.37,2.14,1.4
"2022-03-03 03:00:00",2.69,82.47,1.81,4.28,2.29
"2022-03-03 04:00:00",2.09,83.95,1.56,8.05,3.94
"2022-03-03 05:00:00",3.81,79.79,1.77,11.43,5.18
"2022-03-03 06:00:00",6.39,75.77,1.83,12.67,6.21
"2022-03-03 07:00:00",10.93,69.91,1.7,13.61,6.61
"2022-03-03 08:00:00",30.92,50.24,1.94,14.27,6.89
"2022-03-03 09:00:00",39.49,44.13,2.2,16.47,7.33
"2022-03-03 10:00:00",24.57,49.91,1.85,16.77,7.2
"2022-03-03 11:00:00",15.05,57.47,2.13,14.58,6.48
"2022-03-03 12:00:00",12.12,62.42,1.89,12.88,5.77
"2022-03-03 13:00:00",8.99,68.42,1.7,11.46,5.07
"2022-03-03 14:00:00",10.15,68.28,2.18,10.46,4.5
"2022-03-03 15:00:00",12.18,65.71,2.11,10.43,4.81
"2022-03-03 16:00:00",19.37,59.43,1.85,11.29,5.3
"2022-03-03 17:00:00",23.03,58.49,2.1,10.14,5.49
"2022-03-03 18:00:00",45.52,39.93,2.27,13.45,7.66
"2022-03-03 19:00:00",59.65,24.64,2.08,21.43,14.72
"2022-03-03 20:00:00",68.86,11.36,3.6,37.14,29.19
"2022-03-03 21:00:00",27.74,41.28,2.38,14.61,11.31
"2022-03-03 22:00:00",20.8,46.25,1.7,12.56,9.43
"2022-03-03 23:00:00",16.43,46.73,2.38,10.59,8.69
"2022-03-04 00:00:00",13.92,49.66,2.42,7.31,5.99
"2022-03-04 01:00:00",8.03,55.68,1.84,6.07,4.29
"2022-03-04 02:00:00",6.29,57.46,1.7,4.99,3.37
"2022-03-04 03:00:00",5.37,56.66,2.06,4.32,2.98
"2022-03-04 04:00:00",3.95,56.61,1.74,4.86,3.17
"2022-03-04 05:00:00",5.58,53,1.65,5.35,3.36
"2022-03-04 06:00:00",9.77,48.05,1.53,6.25,3.72
"2022-03-04 07:00:00",16.12,37.95,1.64,7.48,3.95
"2022-03-04 08:00:00",36.53,23.88,2.16,8.91,4.21
"2022-03-04 09:00:00",34.98,24.83,2.18,10.17,4.33
"2022-03-04 10:00:00",29.41,28.83,2.42,10.89,4.49
"2022-03-04 11:00:00",20.21,37.64,2.24,10.19,4.49
"2022-03-04 12:00:00",10.2,52.43,2.11,8,3.59
"2022-03-04 13:00:00",8.37,61.79,1.69,6.59,2.82
"2022-03-04 14:00:00",8.15,63.13,1.65,6.83,2.6
"2022-03-04 15:00:00",11.68,62.24,1.58,5.73,2.47
"2022-03-04 16:00:00",9.69,60.57,1.61,4.31,1.84
"2022-03-04 17:00:00",12.31,56.46,1.36,5.66,2.5
"2022-03-04 18:00:00",20.24,51.43,1.42,5.04,2.74
"2022-03-04 19:00:00",30.66,39.79,2.96,12.82,10.92
"2022-03-04 20:00:00",57.88,13.21,3.66,33.65,29.91
"2022-03-04 21:00:00",65.36,3.42,4.95,32.23,27.93
"2022-03-04 22:00:00",63.13,3.18,5.22,39.47,32.48
"2022-03-04 23:00:00",48.61,10.09,3.94,26.27,21.87
"2022-03-05 00:00:00",53.02,4.76,3.79,28.65,22.99
"2022-03-05 01:00:00",45.05,8.71,3.41,21.56,17.51
"2022-03-05 02:00:00",31.25,18.24,2.7,14.12,11.44
"2022-03-05 03:00:00",27.47,20.91,2.58,12.4,9.99
"2022-03-05 04:00:00",18.93,29.11,2.3,11.59,8.59
"2022-03-05 05:00:00",16.59,31.07,1.67,10.05,6.8
"2022-03-05 06:00:00",17.66,31.53,1.77,9.1,6.02
"2022-03-05 07:00:00",22.78,27.06,1.75,9.37,5.97
"2022-03-05 08:00:00",28.99,24.19,2.08,8.47,5.18
"2022-03-05 09:00:00",29.46,24.88,2.62,8.58,5.13
"2022-03-05 10:00:00",22,30.34,2.45,9.33,5.27
"2022-03-05 11:00:00",21.59,36.72,2.09,8.8,4.83
"2022-03-05 12:00:00",16.7,56.38,1.88,7.86,3.45
"2022-03-05 13:00:00",14.08,58.48,1.85,7.28,3.36
"2022-03-05 14:00:00",13.54,60.74,1.93,7.17,3.39
"2022-03-05 15:00:00",12.23,65.16,1.82,7.2,3.52
"2022-03-05 16:00:00",16.78,65.31,1.71,6.64,3.42
"2022-03-05 17:00:00",17.49,65.23,2.06,7.87,5.14
"2022-03-05 18:00:00",25.61,58.25,2.2,11.48,7.94
"2022-03-05 19:00:00",41.07,43.13,2.94,12.5,8.91
"2022-03-05 20:00:00",58.33,21.81,3.97,24.22,19.61
"2022-03-05 21:00:00",65.05,13.31,3.59,20.22,15.94
"2022-03-05 22:00:00",65.45,17.03,6.08,36.69,31.81
"2022-03-05 23:00:00",74.42,7.08,10.22,85.02,79.3
"2022-03-06 00:00:00",64.95,2.55,7.14,51.94,47.22
"2022-03-06 01:00:00",62.66,1.39,6.25,38.82,34.69
"2022-03-06 02:00:00",55.52,1.06,5.33,29.84,26.26
"2022-03-06 03:00:00",46.11,3.28,4.1,23.43,20.6
"2022-03-06 04:00:00",41.72,3.12,3.4,18.38,15.64
"2022-03-06 05:00:00",34.33,5.13,2.76,14.88,12.1
"2022-03-06 06:00:00",27.75,5.75,2.4,11.08,9.1
"2022-03-06 07:00:00",33.9,0.65,2.39,10.54,8.87
"2022-03-06 08:00:00",36.31,0.78,2.77,10.35,8.55
"2022-03-06 09:00:00",40.74,3.15,4.48,15.79,13.34
"2022-03-06 10:00:00",27.18,40.83,3.63,16.11,11.75
"2022-03-06 11:00:00",8.55,72.72,2.12,8.3,3.93
"2022-03-06 12:00:00",7.83,75.76,2.52,10.39,6.14
"2022-03-06 13:00:00",8.56,75.96,2.26,8.36,4.51
"2022-03-06 14:00:00",10.05,75.12,1.93,7.42,4.3
"2022-03-06 15:00:00",10.36,76.08,1.67,7.04,4.4
"2022-03-06 16:00:00",10.98,76.44,1.71,8.61,5.25
"2022-03-06 17:00:00",15.12,72.81,2.43,10.25,6.59
"2022-03-06 18:00:00",18.49,69.51,2.35,9.98,6.94
"2022-03-06 19:00:00",31.95,53.69,2.86,16.85,12.49
"2022-03-06 20:00:00",55.52,22.04,4.35,34.51,29.66
"2022-03-06 21:00:00",73.03,6.88,7.66,54.25,49.74
"2022-03-06 22:00:00",70.58,4.89,9.03,54.27,49.84
"2022-03-06 23:00:00",62.46,5.54,10.13,39.06,35.58
"2022-03-07 00:00:00",58.24,4.54,9.31,36.84,33.74
"2022-03-07 01:00:00",40.82,12.96,8.08,23.43,20.88
"2022-03-07 02:00:00",29.54,17.18,5.97,13.74,11.99
"2022-03-07 03:00:00",33.39,10.74,5.53,14.51,12.33
"2022-03-07 04:00:00",12.17,56.49,4.04,8.61,6.41
"2022-03-07 05:00:00",5.91,69.22,2.82,6.27,3.46
"2022-03-07 06:00:00",7.6,67.62,1.97,5.85,3.35
"2022-03-07 07:00:00",14.19,66.68,2.26,5.61,3.21
"2022-03-07 08:00:00",22.26,58.19,2.4,7.54,3.7
"2022-03-07 09:00:00",19.09,62.03,2.23,8.91,3.94
"2022-03-07 10:00:00",9.93,71.74,2.5,8.49,3.8
"2022-03-07 11:00:00",8.15,72.2,2.11,6.95,3.44
"2022-03-07 12:00:00",6.78,72.58,1.78,7.96,3.53
"2022-03-07 13:00:00",7.23,73.38,1.32,8.39,3.84
"2022-03-07 14:00:00",7.72,76.09,1.79,7.65,3.77
"2022-03-07 15:00:00",9.96,74.2,1.58,7.38,3.87
"2022-03-07 16:00:00",9.52,77.04,2.04,8.01,4.07
"2022-03-07 17:00:00",10.66,78.13,1.88,8.03,4.55
"2022-03-07 18:00:00",15.46,74.25,2.34,8.84,5.21
"2022-03-07 19:00:00",21.63,67.16,2.28,10.99,7.46
"2022-03-07 20:00:00",13.68,75.15,2.64,10.37,6.88
"2022-03-07 21:00:00",11.72,75.2,2.46,10.78,7.66
"2022-03-07 22:00:00",8.57,77.99,2.66,9.42,6.18
"2022-03-07 23:00:00",7.12,75.06,2.07,11.56,7.41
"2022-03-08 00:00:00",6.18,75.7,2.25,14.73,9.95
"2022-03-08 01:00:00",6.67,73.4,2.3,23.01,17.48
"2022-03-08 02:00:00",6,76.21,2.11,26.98,21.76
"2022-03-08 03:00:00",5.03,78.34,1.95,27.17,22.14
"2022-03-08 04:00:00",5.21,76.62,2.07,28.75,23.55
"2022-03-08 05:00:00",5.01,75.84,2.18,31.73,25.45
"2022-03-08 06:00:00",4.59,78.59,2.13,30.76,24.83
"2022-03-08 07:00:00",6.64,76.73,2.3,31.44,25.35
"2022-03-08 08:00:00",9.79,71.84,0.46,34.13,26.44
"2022-03-08 09:00:00",12.76,66.99,1.36,34.15,26.48
"2022-03-08 10:00:00",11.87,67.15,2.21,34.4,26.65
"2022-03-08 11:00:00",9.81,68.54,1.94,33.72,26.39
"2022-03-08 12:00:00",10.59,70.63,2.25,29.26,24.36
"2022-03-08 13:00:00",12.68,69.45,2.43,21.91,18.79
"2022-03-08 14:00:00",10.24,70.34,2.43,13.15,11.58
"2022-03-08 15:00:00",8.29,76.44,2.26,5.44,3.98
"2022-03-08 16:00:00",6.77,78.91,2.45,9.92,6.35
"2022-03-08 17:00:00",9.59,78.43,2.22,6.47,4.43
"2022-03-08 18:00:00",11.93,78.98,2.17,6.41,4.3
"2022-03-08 19:00:00",16.2,73.53,2.33,12.03,7.93
"2022-03-08 20:00:00",16.79,72,2.06,15.03,9.52
"2022-03-08 21:00:00",21.07,65.1,2.58,18.16,13.06
"2022-03-08 22:00:00",12.2,74.84,2.62,17.33,10.97
"2022-03-08 23:00:00",7.51,78.39,1.83,14.8,8.33
"2022-03-09 00:00:00",3.89,84.24,2.13,14.11,7.5
"2022-03-09 01:00:00",2.19,87.68,1.96,10.69,6.04
"2022-03-09 02:00:00",1.53,89.04,1.73,9.76,5.5
"2022-03-09 03:00:00",1.27,89.73,1.86,10.1,5.83
"2022-03-09 04:00:00",0.98,89.39,1.63,8.79,5.31
"2022-03-09 05:00:00",1.27,88.61,1.64,10.01,5.85
"2022-03-09 06:00:00",1.81,86.99,1.73,11.54,6.56
"2022-03-09 07:00:00",5.72,81.09,1.91,9.54,5.85
"2022-03-09 08:00:00",8.62,79,2.06,10.3,6.14
"2022-03-09 09:00:00",11.9,74.66,1.82,7.78,5.08
"2022-03-09 10:00:00",9.95,75.94,1.9,6.04,4.03
"2022-03-09 11:00:00",9.86,76.47,1.74,4.38,2.69
"2022-03-09 12:00:00",12.02,75.32,1.75,4.17,2.64
"2022-03-09 13:00:00",43.17,52.15,2.13,3.91,2.47
"2022-03-09 14:00:00",21.54,54.44,1.78,3.43,2.51
"2022-03-09 15:00:00",23.29,55.17,2,2.54,2.05
"2022-03-09 16:00:00",23.65,50.74,1.86,3.41,2.55
"2022-03-09 17:00:00",25.46,49.11,1.5,3.25,2.68
"2022-03-09 18:00:00",28.86,47.59,1.57,6.79,6.37
"2022-03-09 19:00:00",37.03,44.35,3.37,8.2,7.67
"2022-03-09 20:00:00",40.99,36.98,2.17,14.8,14.25
"2022-03-09 21:00:00",40.53,37.08,1.96,13.72,12.86
"2022-03-09 22:00:00",30.66,41.08,2.33,11.59,10.83
"2022-03-09 23:00:00",23.84,45.95,2.11,11.64,11.37
"2022-03-10 00:00:00",23.84,40.72,2.25,11.67,11.38
"2022-03-10 01:00:00",19.2,43.04,2.16,9.7,9.44
"2022-03-10 02:00:00",16.53,42.6,2.2,9.6,9.3
"2022-03-10 03:00:00",10.7,46.47,2.08,7.23,7.06
"2022-03-10 04:00:00",11,48.98,2.13,7.09,6.77
"2022-03-10 05:00:00",6.86,52.96,2.14,4.57,4.42
"2022-03-10 06:00:00",7.99,46.7,1.95,3.87,3.81
"2022-03-10 07:00:00",16.21,44.69,2.04,3.12,2.74
"2022-03-10 08:00:00",25.53,35.58,2.53,2.56,1.84
"2022-03-10 09:00:00",24.95,39.59,2.23,4.1,2.13
"2022-03-10 10:00:00",16.06,55.62,2.18,3.45,1.77
"2022-03-10 11:00:00",7.94,64.99,2.36,4.18,2.26
"2022-03-10 12:00:00",10.12,66.9,1.75,5.75,2.6
"2022-03-10 13:00:00",9.19,67.92,1.83,5.63,2.8
"2022-03-10 14:00:00",6.97,72.45,2.1,5.78,2.79
"2022-03-10 15:00:00",7.59,77.53,1.45,5.12,2.75
"2022-03-10 16:00:00",9.73,76.28,1.46,6.77,3.3
"2022-03-10 17:00:00",9.11,78.66,1.79,8.64,4.2
"2022-03-10 18:00:00",11.58,78.53,2.17,10.9,5.76
"2022-03-10 19:00:00",15.83,73.86,2.33,13.95,7.91
"2022-03-10 20:00:00",14.14,76.33,2.11,15,8.96
"2022-03-10 21:00:00",12.1,85.04,2.7,11.7,7.2
"2022-03-10 22:00:00",8.54,89.13,2.17,12.1,6.6
"2022-03-10 23:00:00",8.25,88.03,2.35,13.27,7.08
"2022-03-11 00:00:00",6.29,87.82,1.85,10.53,6.55
"2022-03-11 01:00:00",5.17,86.38,1.9,11.94,6.85
"2022-03-11 02:00:00",4.06,80.39,1.7,15.14,7.74
"2022-03-11 03:00:00",3.77,77.85,1.53,12.21,7.34
"2022-03-11 04:00:00",3.58,77.71,2.06,12.49,7.4
"2022-03-11 05:00:00",2.82,77.97,2.08,12.45,7.04
"2022-03-11 06:00:00",4,72.96,2.15,13.67,8.24
"2022-03-11 07:00:00",9.08,69.32,1.96,13.98,7.99
"2022-03-11 08:00:00",13.6,68.09,2.11,10.89,6.73
"2022-03-11 09:00:00",13.29,66.78,2.3,11.06,7.87
"2022-03-11 10:00:00",11.38,72.87,2.07,10.5,6.9
"2022-03-11 11:00:00",13.78,71.27,2.29,9.23,6.11
"2022-03-11 12:00:00",13.98,70.15,2.16,8.02,5.44
"2022-03-11 13:00:00",16.54,66.07,2.11,6.91,5.05
"2022-03-11 14:00:00",21.56,61.2,2.25,4.74,3.08
"2022-03-11 15:00:00",9.3,82.6,2.62,1.68,0.97
"2022-03-11 16:00:00",7.49,83.48,2.16,2.85,1.78
"2022-03-11 17:00:00",10.79,79.16,1.26,3.89,2.23
"2022-03-11 18:00:00",19.66,72.34,2.48,5.18,4.54
"2022-03-11 19:00:00",34.68,48.7,2.41,13.33,12.59
"2022-03-11 20:00:00",31.96,51.31,2.35,14.96,14.05
"2022-03-11 21:00:00",30.44,46.08,2.71,12.58,11.95
"2022-03-11 22:00:00",35.26,39.47,3.03,17.74,17.09
"2022-03-11 23:00:00",20.87,52.28,2.57,9.43,8.95
"2022-03-12 00:00:00",11.62,60.03,2.67,5.41,4.83
"2022-03-12 01:00:00",8.56,62.17,2.41,5.16,4.05
"2022-03-12 02:00:00",6.18,68,2.33,4.88,3.61
"2022-03-12 03:00:00",6.12,68.37,2.27,4.91,3.44
"2022-03-12 04:00:00",3.03,73.08,2.28,4.5,2.92
"2022-03-12 05:00:00",1.73,74.85,1.86,4.71,3.03
"2022-03-12 06:00:00",2.29,69.72,1.87,5.01,3.36
"2022-03-12 07:00:00",3.83,65.29,1.75,5.4,3.8
"2022-03-12 08:00:00",6.74,66.4,2.16,3.25,2.34
"2022-03-12 09:00:00",8.68,67.9,2.22,3.44,1.84
"2022-03-12 10:00:00",8.1,69.53,2.39,5.42,2.44
"2022-03-12 11:00:00",5.23,76.53,2.41,4.13,2.4
"2022-03-12 12:00:00",6.17,79.31,2.16,6.65,3.42
"2022-03-12 13:00:00",8.29,81.75,1.99,5.92,3.44
"2022-03-12 14:00:00",8.94,82.91,2.29,8.52,4.8
"2022-03-12 15:00:00",12.12,82.69,1.98,13.9,7.92
"2022-03-12 16:00:00",10.91,87.25,1.81,13.76,7.87
"2022-03-12 17:00:00",10.98,86.63,1.94,10.13,6.14
"2022-03-12 18:00:00",10.74,88.72,1.91,11.46,7.48
"2022-03-12 19:00:00",7.11,90.16,1.71,12.17,8.27
"2022-03-12 20:00:00",8.17,87.59,2.25,12.36,8.68
"2022-03-12 21:00:00",6.65,94.41,1.98,12.07,8
"2022-03-12 22:00:00",6.13,98.17,2.21,13.43,8.5
"2022-03-12 23:00:00",4.82,97.76,1.49,13.09,7.25
"2022-03-13 00:00:00",3.18,96.37,1.98,11.75,7.11
"2022-03-13 01:00:00",2.83,96.24,2.05,10.98,6.96
"2022-03-13 02:00:00",2.27,96.95,2.16,18.15,11.44
"2022-03-13 03:00:00",1.57,96.5,2.07,22.36,13.49
"2022-03-13 04:00:00",1.4,96.34,2.2,17.98,12.14
"2022-03-13 05:00:00",1.09,96.33,2.19,19.22,12.35
"2022-03-13 06:00:00",0.69,96.1,2.04,16.59,11.01
"2022-03-13 07:00:00",0.88,96.63,2.23,10.05,6.7
"2022-03-13 08:00:00",2.97,93.53,2.35,9.58,6.21
"2022-03-13 09:00:00",3.79,90.13,2.55,3.32,2.16
"2022-03-13 10:00:00",6.79,82.97,2.35,2.49,1.56
"2022-03-13 11:00:00",5.08,82.8,2.18,4.55,2.67
"2022-03-13 12:00:00",5.9,80.53,2.22,4.05,2.49
"2022-03-13 13:00:00",6.18,80.5,2.01,4.1,2.45
"2022-03-13 14:00:00",4.16,80.34,1.95,3.1,2.04
"2022-03-13 14:01:00",,,,,
"2022-03-13 15:01:00",,,,,
"2022-03-15 07:00:00",22.28,52.76,2.12,2.78,1.35
"2022-03-15 08:00:00",31.79,47.93,1.98,3.36,1.62
"2022-03-15 09:00:00",20.23,64.4,1.94,3.77,1.78
"2022-03-15 10:00:00",21.85,72.39,2.61,3.81,1.84
"2022-03-15 11:00:00",15.86,70.79,2,4.28,1.97
"2022-03-15 12:00:00",19.54,64.99,1.83,6.14,3.02
"2022-03-15 13:00:00",12.43,74.99,2.08,4.7,2.8
"2022-03-15 14:00:00",11.21,75.78,1.66,4.79,2.54
"2022-03-15 15:00:00",10.01,77.96,1.83,4.96,2.61
"2022-03-15 16:00:00",9.21,81.92,1.88,5.46,3.23
"2022-03-15 16:01:00",,
"2022-03-15 17:00:00",11.88,,1.48,6.52,3.62
"2022-03-15 17:01:00",,
"2022-03-15 18:00:00",17.13,47.94,2.11,8.47,5.47
"2022-03-15 19:00:00",15.46,59.55,2.19,7.66,5.28
"2022-03-15 20:00:00",19.59,58.43,1.93,9.07,6.37
"2022-03-15 21:00:00",17.95,61.94,1.94,8.43,5.71
"2022-03-15 22:00:00",13.02,67.62,2.07,8.07,5.93
"2022-03-15 23:00:00",8.5,70.79,1.89,6.71,4.63
"2022-03-16 00:00:00",8.79,69.92,1.94,5.11,3.52
"2022-03-16 01:00:00",3.09,70.58,1.69,3.87,2.9
"2022-03-16 02:00:00",3.98,63.29,1.55,3.67,3.2
"2022-03-16 03:00:00",5,64.54,1.1,2.41,2.12
"2022-03-16 04:00:00",5.61,59.15,1.44,4.09,3.6
"2022-03-16 05:00:00",6.47,54.94,1.79,6.21,5.5
"2022-03-16 06:00:00",8.77,50.77,1.77,5.55,4.69
"2022-03-16 07:00:00",10.11,47.86,1.69,7.24,5.77
"2022-03-16 08:00:00",28.1,32.06,1.93,9,6.6
"2022-03-16 09:00:00",38.48,24.97,2.44,8.96,6.35
"2022-03-16 10:00:00",26.82,30.97,1.75,8.69,5.93
"2022-03-16 11:00:00",17.88,39.79,2.04,7.84,4.84
"2022-03-16 12:00:00",8.32,55.34,1.69,8.08,3.71
"2022-03-16 13:00:00",7.24,62.91,1.71,7.41,3.7
"2022-03-16 14:00:00",6.12,65.01,1.92,6.91,3.34
"2022-03-16 15:00:00",7.73,66.12,1.78,5.58,2.75
"2022-03-16 16:00:00",9.71,65.66,2.05,5.72,2.83
"2022-03-16 17:00:00",9.51,66.18,1.19,7.99,3.73
"2022-03-16 18:00:00",17.85,56.02,1.73,8.66,4.68
"2022-03-16 19:00:00",28.12,42.67,2.32,11.64,7.11
"2022-03-16 20:00:00",61.08,24.26,6.14,22.46,16.41
"2022-03-16 21:00:00",59.54,12.12,4.99,31.2,24.15
"2022-03-16 22:00:00",71.38,3.81,7.33,43.17,32.5
"2022-03-16 23:00:00",42.31,17.54,4.38,26.47,21.35
"2022-03-17 00:00:00",17.57,39.83,2.56,14.2,10.6
"2022-03-17 01:00:00",12.11,44.32,2.1,10.49,7.58
"2022-03-17 02:00:00",13.27,42.42,1.55,8.94,6.23
"2022-03-17 03:00:00",11.47,47.47,1.74,8.54,5.43
"2022-03-17 04:00:00",1.97,62.42,1.61,4.28,2.59
"2022-03-17 05:00:00",1.47,69.49,1.63,2.54,1.43
"2022-03-17 06:00:00",2.17,76.14,1.36,3.03,1.41
"2022-03-17 07:00:00",1.95,78.05,1.61,3.45,1.57
"2022-03-17 08:00:00",3.12,78.22,1.71,3.22,1.89
"2022-03-17 09:00:00",1.93,76.8,1.32,4.69,2.46
"2022-03-17 10:00:00",2.27,73.89,1.75,5.48,3.13
"2022-03-17 11:00:00",3.42,70.84,1.88,7.7,4.49
"2022-03-17 12:00:00",3.04,74.36,1.23,8.15,5.17
"2022-03-17 13:00:00",4.34,74.71,0.79,8.46,5.6
"2022-03-17 14:00:00",4.92,74.73,1.74,9.68,6.27
"2022-03-17 15:00:00",4.87,76.56,1.63,10.4,6.31
"2022-03-17 16:00:00",5.27,75.65,1.56,9.88,6.55
"2022-03-17 17:00:00",6.46,74.79,2.05,11.1,6.75
"2022-03-17 18:00:00",7.56,72.38,1.64,6.51,4.55
"2022-03-17 19:00:00",14.22,60.69,1.63,10.47,7.79
"2022-03-17 20:00:00",36.02,33.07,2.5,21.54,18.49
"2022-03-17 21:00:00",45.78,19.61,2.73,36.37,32.32
"2022-03-17 22:00:00",33.27,33.34,2.66,29.11,23.22
"2022-03-17 23:00:00",20.77,42.87,2.61,27.17,19.88
"2022-03-18 00:00:00",15.66,44.49,2.53,22.32,15.68
"2022-03-18 01:00:00",18,36.38,2.54,19.25,12.99
"2022-03-18 02:00:00",34.24,18.27,2.18,20.91,13.65
"2022-03-18 03:00:00",16.93,34.15,1.85,16.74,10.45
"2022-03-18 04:00:00",18.79,33.51,1.49,14.97,8.73
"2022-03-18 05:00:00",14.68,35.81,1.34,14.83,8.51
"2022-03-18 06:00:00",15.23,29.34,1.67,14.79,8.95
"2022-03-18 07:00:00",37.36,8.73,1.65,14.77,8.63
"2022-03-18 08:00:00",41.12,9.99,2.55,14.88,8.63
"2022-03-18 09:00:00",13.66,62.26,1.65,15.55,7.98
"2022-03-18 10:00:00",5.25,70.45,1.67,10.84,6.77
"2022-03-18 11:00:00",7.07,65.01,1.5,7.55,5.18
"2022-03-18 12:00:00",6.11,67.56,1.37,7.06,4.51
"2022-03-18 13:00:00",6.16,69.92,1.39,9.61,6.63
"2022-03-18 14:00:00",6.24,70.14,1.23,9.41,6.64
"2022-03-18 15:00:00",6.82,69.4,1.31,8.4,6
"2022-03-18 16:00:00",6.95,72.67,1.18,8.71,6.36
"2022-03-18 17:00:00",6.6,76.37,1.01,7.67,5.36
"2022-03-18 18:00:00",13.07,68.03,1.11,12.82,10.15
"2022-03-18 19:00:00",16.52,68.01,1.86,10.46,8.25
"2022-03-18 20:00:00",14.84,70.25,1.83,12.46,9.53
"2022-03-18 21:00:00",19.96,58.58,1.52,19.38,15.82
"2022-03-18 22:00:00",18.98,58.08,1.4,20.41,16.91
"2022-03-18 23:00:00",17.71,55.19,1.53,18.44,15.2
"2022-03-19 00:00:00",20.87,50.59,1.72,16.11,12.89
"2022-03-19 01:00:00",13.07,54.93,1.72,10.95,8.68
"2022-03-19 02:00:00",6.81,67.63,1.2,8.18,6.27
"2022-03-19 03:00:00",5.57,69.72,1.45,8.75,6.39
"2022-03-19 04:00:00",4.91,74.76,1.65,7.06,5.02
"2022-03-19 05:00:00",5.56,70.86,1.36,8.76,5.35
"2022-03-19 06:00:00",6.99,69.47,1.33,9.5,5.44
"2022-03-19 07:00:00",6.44,72.01,1.35,9.76,6.86
"2022-03-19 08:00:00",6.32,69.76,0.98,15.27,11.35
"2022-03-19 09:00:00",5.79,68.11,1.45,16.37,12.83
"2022-03-19 10:00:00",6.15,70.26,1.6,14.86,11.38
"2022-03-19 11:00:00",6.46,73.95,1.39,11.89,8.73
"2022-03-19 12:00:00",5.56,77.28,1.55,10.42,7.16
"2022-03-19 13:00:00",5.72,78.09,1.38,8.93,5.88
"2022-03-19 14:00:00",6.08,80.81,1.58,8.12,5.45
"2022-03-19 15:00:00",7.49,80.29,1.51,8.66,5.69
"2022-03-19 16:00:00",11.1,73.25,1.42,9.96,6.67
"2022-03-19 17:00:00",15.83,68.71,1.82,13.95,8.44
"2022-03-19 18:00:00",16.04,69.35,1.76,15.33,9.96
"2022-03-19 19:00:00",18.7,69.54,2.15,22.56,18.12
"2022-03-19 20:00:00",14.35,75.39,2.14,18.19,13.62
"2022-03-19 21:00:00",11.69,78.02,1.89,15.53,10.81
"2022-03-19 22:00:00",10.36,75.87,1.79,16.3,9.93
"2022-03-19 23:00:00",11.67,72.72,1.9,13.57,8.93
"2022-03-20 00:00:00",9.54,74.9,1.88,15.76,11.27
"2022-03-20 01:00:00",8.51,70.42,1.76,13.54,8.62
"2022-03-20 02:00:00",6.39,72.04,1.5,16.59,9.23
"2022-03-20 03:00:00",6.22,67.85,1.8,17.44,9.59
"2022-03-20 04:00:00",7,64.12,1.43,18,9.71
"2022-03-20 05:00:00",6.5,62.61,1.36,17.46,9.35
"2022-03-20 06:00:00",5.9,61.92,0.97,16.79,9.01
"2022-03-20 07:00:00",9.94,54.45,1.59,16.06,9.11
"2022-03-20 08:00:00",11.5,52.22,0.93,18.71,9.78
"2022-03-20 09:00:00",7.82,57.67,1.32,16.28,9.17
"2022-03-20 10:00:00",6.69,61.96,1.74,17.05,9.41
"2022-03-20 11:00:00",6.94,60.52,1.62,16.83,10.28
"2022-03-20 12:00:00",7.25,61.57,1.82,16.76,10.74
"2022-03-20 13:00:00",8.7,62.35,1.78,17.22,10.86
"2022-03-20 14:00:00",9.8,63.57,1.58,16.54,11.04
"2022-03-20 15:00:00",9.46,66.88,1,16.02,10.63
"2022-03-20 16:00:00",10.02,68.65,1.68,17.13,11.67
"2022-03-20 17:00:00",13.53,68.34,1.58,15.58,10.55
"2022-03-20 18:00:00",19.04,63.83,1.71,17.31,12.61
"2022-03-20 19:00:00",27.84,54.67,2.41,22.49,15.87
"2022-03-20 20:00:00",24.64,58.71,2.52,24.13,18.29
"2022-03-20 21:00:00",20.92,59.85,2.69,19.04,14.96
"2022-03-20 22:00:00",18.66,62.73,2.91,16.99,13.01
"2022-03-20 23:00:00",14.43,66.37,2.52,14.66,11.01
"2022-03-21 00:00:00",11.92,67.09,2.74,12.62,9.14
"2022-03-21 01:00:00",14.45,58.84,2.46,12.13,8.83
"2022-03-21 02:00:00",8.12,68.63,1.85,11.78,7.79
"2022-03-21 03:00:00",12.23,57.31,2.15,15.22,10.23
"2022-03-21 04:00:00",4.42,73.2,1.8,11.7,8.16
"2022-03-21 05:00:00",4.87,75.54,0.99,14.22,9.38
"2022-03-21 06:00:00",9.02,71.9,1.43,15.06,10.69
"2022-03-21 07:00:00",12.66,67.71,1.69,14.74,10.7
"2022-03-21 08:00:00",20.21,57.16,1.78,20.91,13.88
"2022-03-21 09:00:00",21.26,58,1.86,21.34,15.64
"2022-03-21 10:00:00",17.09,64.36,1.78,22.53,16.23
"2022-03-21 11:00:00",16.13,65.06,1.85,23.44,16.71
"2022-03-21 12:00:00",13.67,70.07,1.92,22.78,16.87
"2022-03-21 13:00:00",17.88,60.27,1.6,25.37,17.12
"2022-03-21 14:00:00",16.46,66.8,1.87,24.02,16.62
"2022-03-21 15:00:00",15.8,68.65,2.19,23.41,16.24
"2022-03-21 16:00:00",17.1,69.11,1.73,25.9,18.84
"2022-03-21 17:00:00",18.05,73.09,1.99,26.09,19.83
"2022-03-21 18:00:00",22.04,69.5,2.03,26.77,20.83
"2022-03-21 19:00:00",22.72,68.89,2.13,29.98,23.29
"2022-03-21 20:00:00",23.03,65.95,1.96,30.12,22.7
"2022-03-21 21:00:00",33.03,53.92,2.03,32.7,26.11
"2022-03-21 22:00:00",27.75,56.71,1.92,33.39,24.88
"2022-03-21 23:00:00",19.32,63.23,1.48,29.38,23.3
"2022-03-22 00:00:00",19.16,57.8,1.6,28.57,22.16
"2022-03-22 01:00:00",15.82,58.85,1.42,26.35,20
"2022-03-22 02:00:00",10.71,61.23,1.48,27.51,22.04
"2022-03-22 03:00:00",8.72,57.57,1.53,26.76,22.45
"2022-03-22 04:00:00",6.8,59.31,1.97,25.04,21.25
"2022-03-22 05:00:00",7.5,56.18,2.07,29.58,25.13
"2022-03-22 06:00:00",10.13,51.78,1.17,32.57,28.18
"2022-03-22 07:00:00",16.76,43.63,1.57,31.7,27.44
"2022-03-22 08:00:00",22.38,47.79,1.78,27.78,22.93
"2022-03-22 09:00:00",18.18,54.8,2,20.43,16.39
"2022-03-22 10:00:00",17.3,51.15,1.91,21.51,15.5
"2022-03-22 11:00:00",11.72,63.85,1.53,19.37,14.21
"2022-03-22 12:00:00",13.46,63.49,1.81,20.02,14.16
"2022-03-22 13:00:00",19.21,62.09,2.23,23,15.44
"2022-03-22 14:00:00",11.65,75.54,1.92,19.5,13.39
"2022-03-22 15:00:00",13.78,78.42,1.98,18.34,13.06
"2022-03-22 16:00:00",19.01,72.54,2.08,23.16,16.07
"2022-03-22 17:00:00",26.86,68.81,2.18,23.84,17.35
"2022-03-22 18:00:00",26.72,65.41,1.4,23.8,17.87
"2022-03-22 19:00:00",47.63,42.65,1.67,25.77,20.01
"2022-03-22 20:00:00",59.11,28.25,2.09,29.76,23.3
"2022-03-22 21:00:00",58.13,25.66,2.34,34.53,27.08
"2022-03-22 22:00:00",34.23,48.68,2.19,26.57,21.66
"2022-03-22 23:00:00",34.13,38.44,2.29,27.56,22.42
"2022-03-23 00:00:00",19.22,65.83,2.27,23.3,18.36
"2022-03-23 01:00:00",5.6,94.13,1.95,15.39,10.77
"2022-03-23 02:00:00",10.8,77.93,2.08,16.03,11.46
"2022-03-23 03:00:00",14.19,71.92,2.12,18.2,12.45
"2022-03-23 04:00:00",10.47,63.2,1.56,16.86,12.46
"2022-03-23 05:00:00",12.2,62.04,1.28,17.38,12.57
"2022-03-23 06:00:00",21.24,52.84,1.35,18.01,13.01
"2022-03-23 07:00:00",42.4,25.07,1.28,21.27,14.53
"2022-03-23 08:00:00",60.52,22.43,2.26,25.83,16.2
"2022-03-23 09:00:00",35.41,46.59,2.44,25.46,16.78
"2022-03-23 10:00:00",24.48,58.17,2.5,25.35,16.79
"2022-03-23 11:00:00",19.36,61.81,2.2,24.86,16.52
"2022-03-23 12:00:00",20.46,64.06,2.5,23.08,15.89
"2022-03-23 13:00:00",18.2,69.67,2.13,24.14,15.43
"2022-03-23 14:00:00",9.32,88.42,1.5,17.44,11.69
"2022-03-23 15:00:00",13.55,84.36,2.09,18.18,11.86
"2022-03-23 16:00:00",16.95,80.85,2.05,23.1,13.6
"2022-03-23 17:00:00",20.97,78.06,1.21,23.68,13.35
"2022-03-23 18:00:00",20.75,79.84,2.1,21.04,12.15
"2022-03-23 19:00:00",33.95,64.85,2.32,22.85,14.33
"2022-03-23 19:01:00",,,,,
"2022-03-23 20:01:00",,,,,
"2022-03-25 02:00:00",53.23,1.11,4.47,45.25,35.91
"2022-03-25 03:00:00",48.12,1.2,4.36,43.45,33.26
"2022-03-25 04:00:00",47.61,0.89,2.98,34.4,26.34
"2022-03-25 05:00:00",47.02,0.99,2.12,30.14,24.37
"2022-03-25 06:00:00",44.21,1.97,2.12,27.78,23.55
"2022-03-25 07:00:00",33.97,3.77,1.97,29.77,24.98
"2022-03-25 08:00:00",41.6,4.94,2.56,34.81,28.11
"2022-03-25 09:00:00",52.95,13.97,3.16,39.68,30.6
"2022-03-25 10:00:00",46.39,33.99,2.58,38.14,26.05
"2022-03-25 11:00:00",54.9,31.23,3.52,41.25,25.44
"2022-03-25 12:00:00",42.54,37.99,3.89,37.49,27.08
"2022-03-25 13:00:00",37.68,46.18,3.75,33.76,25.41
"2022-03-25 14:00:00",42.47,50.97,4.59,31.51,24.77
"2022-03-25 15:00:00",24.57,69.12,3.64,29.95,22.68
"2022-03-25 16:00:00",25.06,64.07,3.26,30.83,25.07
"2022-03-25 17:00:00",35.45,63.24,3.49,31.17,25.8
"2022-03-25 18:00:00",54.41,42.39,3.22,32.28,26.66
"2022-03-25 19:00:00",62.12,34.57,3.08,44.67,38.61
"2022-03-25 20:00:00",72.4,23.33,3.13,46.38,39.08
"2022-03-25 21:00:00",70.11,12.36,3.27,46.05,40.22
"2022-03-25 22:00:00",68.86,7.69,3.22,55.89,49.92
"2022-03-25 23:00:00",62.6,9.38,2.93,56.67,51.59
"2022-03-26 00:00:00",63.44,3.73,3.72,57.9,53.01
"2022-03-26 01:00:00",56.5,0.69,3.15,58.55,53.42
"2022-03-26 02:00:00",56.72,0.86,3.06,56.26,48.65
"2022-03-26 03:00:00",52.85,0.66,2.92,46.19,38.55
"2022-03-26 04:00:00",50.88,1,2.66,41.69,33.75
"2022-03-26 05:00:00",40.12,6.47,1.78,34.94,28.6
"2022-03-26 06:00:00",36.12,6.11,1.59,35.64,30.29
"2022-03-26 07:00:00",36.7,7.12,2.07,35.7,29.41
"2022-03-26 08:00:00",43.28,6.84,3.07,33.81,27.04
"2022-03-26 09:00:00",57.37,6.63,4.2,48.63,40.12
"2022-03-26 10:00:00",62.7,13.58,5.65,69.51,55.13
"2022-03-26 11:00:00",45.98,27.81,5.9,63.33,51.15
"2022-03-26 12:00:00",32.21,54.56,3.82,50.35,39.97
"2022-03-26 13:00:00",43.49,52.27,4.48,45.5,34.58
"2022-03-26 14:00:00",38.26,65.41,3.97,46.13,34.6
"2022-03-26 15:00:00",40.73,69.72,4.8,50.69,38.7
"2022-03-26 16:00:00",38.49,78.06,3.92,54.98,41.46
"2022-03-26 17:00:00",57.76,57.4,3.28,45.24,33.23
"2022-03-26 18:00:00",58.5,48.61,4.18,47.66,37.08
"2022-03-26 19:00:00",69.16,43.25,4.53,49.49,40.23
"2022-03-26 20:00:00",96.03,17.16,4.68,62.21,51.45
"2022-03-26 21:00:00",97.46,5.75,4.45,59.58,50.15
"2022-03-26 22:00:00",84.47,4,4.49,66.63,57.32
"2022-03-26 23:00:00",73.63,3.09,3.82,59.43,52.03
"2022-03-27 00:00:00",60.94,9.76,3.27,55,47.61
"2022-03-27 02:00:00",48.06,16.05,3.87,41.58,36.18
"2022-03-27 03:00:00",37.33,17.5,2.93,34.26,29.82
"2022-03-27 04:00:00",38.64,13.57,3.1,33.24,28.49
"2022-03-27 05:00:00",46.09,3.58,3,33.56,29.06
"2022-03-27 06:00:00",36.11,8.03,2.51,29.61,25.56
"2022-03-27 07:00:00",37.41,5.12,2.4,29.94,25.34
"2022-03-27 08:00:00",44.83,5.49,3.72,35.09,29.09
"2022-03-27 09:00:00",46.54,19.44,3.93,38.91,30.78
"2022-03-27 10:00:00",24.98,48.99,3.23,32.61,26.63
"2022-03-27 11:00:00",17.15,58.81,2.76,28.23,24
"2022-03-27 12:00:00",21.36,59.88,2.8,26.84,22.95
"2022-03-27 13:00:00",22.35,60.88,2.96,25.58,22.04
"2022-03-27 14:00:00",17.69,68.96,2.53,26.31,21.17
"2022-03-27 15:00:00",14.24,77.11,2.37,26.99,22.98
"2022-03-27 16:00:00",16.34,74.74,2.42,26.37,22.21
"2022-03-27 17:00:00",18.73,74.13,1.78,28.08,23.43
"2022-03-27 18:00:00",26.35,67.21,2.56,29.95,26.29
"2022-03-27 19:00:00",33.71,54.33,2.55,34.58,31.22
"2022-03-27 20:00:00",39.13,47.1,2.44,31.66,28.37
"2022-03-27 21:00:00",36.9,49.2,2.67,28.68,25.86
"2022-03-27 22:00:00",40.1,38.14,2.94,26.37,23.48
"2022-03-27 23:00:00",43.68,22.53,2.58,29.1,25.52
"2022-03-28 00:00:00",50.52,11.3,2.88,32.17,26.83
"2022-03-28 01:00:00",43.39,9.15,2.88,28.49,25.54
"2022-03-28 02:00:00",36.9,8.83,2.59,26.93,24.07
"2022-03-28 03:00:00",26.81,13.86,1.91,19.02,16.74
"2022-03-28 04:00:00",31.52,8.09,2.03,18.81,15.83
"2022-03-28 05:00:00",35.94,4.77,2.02,21.06,17.88
"2022-03-28 06:00:00",43.76,1.75,3.3,30.6,25.79
"2022-03-28 07:00:00",53.21,2.17,4.48,29.64,24.57
"2022-03-28 07:01:00",,,,,
"2022-03-28 08:01:00",,,,,
"2022-03-28 09:00:00",61.04,5.98,4.84,34.85,19.69
"2022-03-28 10:00:00",40.1,32.85,3.24,27.16,17.45
"2022-03-28 11:00:00",42.45,39.78,3.85,25.28,16.92
"2022-03-28 12:00:00",60.33,27.97,5.61,34.17,20.84
"2022-03-28 13:00:00",34.16,44.38,4.27,26.59,18.46
"2022-03-28 14:00:00",30.72,48.42,3.83,21.19,15.25
"2022-03-28 15:00:00",21.79,49.89,3.54,20.54,15.4
"2022-03-28 16:00:00",19.11,55.27,2.85,18.48,16.1
"2022-03-28 17:00:00",23.91,46.46,1.79,19.76,17.64
"2022-03-28 18:00:00",27.97,46.31,1.43,19.19,16.91
"2022-03-28 19:00:00",33.78,43.93,2.67,23.19,19.89
"2022-03-28 20:00:00",40.21,28.92,2.67,26.14,23.09
"2022-03-28 21:00:00",49.86,14.77,2.39,28.97,26.11
"2022-03-28 22:00:00",59.78,3.16,2.98,35.81,32.71
"2022-03-28 23:00:00",49.24,1.65,2.97,28.37,25.57
"2022-03-29 00:00:00",43.88,2.5,3.5,23.06,19.75
"2022-03-29 01:00:00",38.87,10.42,3.66,29.32,27.53
"2022-03-29 02:00:00",18.52,36.97,2.6,28.55,27.44
"2022-03-29 03:00:00",20.13,29.38,2.49,27.07,25.77
"2022-03-29 04:00:00",12.66,29.28,2.12,28.58,27.15
"2022-03-29 05:00:00",18.18,25.52,2.32,26.42,25.03
"2022-03-29 06:00:00",18.05,31.39,2.35,21.36,20
"2022-03-29 07:00:00",34.53,11.78,2.23,22.61,20.32
"2022-03-29 08:00:00",44.16,9.03,2.7,23.94,16.94
"2022-03-29 09:00:00",47.3,6.67,2.92,27.08,19.19
"2022-03-29 10:00:00",47.51,3.39,3.44,32.37,20.7
"2022-03-29 11:00:00",39.39,8.06,3.3,31.51,20.47
"2022-03-29 12:00:00",26.71,29.21,2.66,30.13,23.6
"2022-03-29 13:00:00",23.35,39.17,2.82,33.66,28.29
"2022-03-29 14:00:00",18.73,51.16,3.02,43.33,36.71
"2022-03-29 15:00:00",26.94,48.5,3.92,43.08,36.03
"2022-03-29 16:00:00",23.74,56.03,3.52,43.1,35.6
"2022-03-29 17:00:00",27.56,56.98,2.68,39.83,34.53
"2022-03-29 18:00:00",35.47,51.52,2.69,39.84,34.87
"2022-03-29 19:00:00",39.76,45.85,2.77,40.38,35.76
"2022-03-29 20:00:00",62.94,18.3,2.97,39.88,34.32
"2022-03-29 21:00:00",62.18,13.3,2.43,41.04,36.34
"2022-03-29 22:00:00",55,10.14,3.27,40.97,35.97
"2022-03-29 23:00:00",34.64,27.07,2.91,34.47,29.86
"2022-03-30 00:00:00",25.76,26.67,3.04,25.69,22.89
"2022-03-30 01:00:00",35.68,14.21,3.05,28.62,25.93
"2022-03-30 02:00:00",47.82,7.51,3.06,36.68,31.45
"2022-03-30 03:00:00",39.06,16.96,2.74,35.34,29.18
"2022-03-30 04:00:00",34.15,20.05,2.48,36.04,31.97
"2022-03-30 05:00:00",34.48,16.21,2.79,36.66,32.47
"2022-03-30 06:00:00",49.47,4.92,2.52,37.57,32.38
"2022-03-30 07:00:00",52.11,5.98,3.16,43.12,34.83
"2022-03-30 08:00:00",50.02,16.18,3.62,42.34,31.8
"2022-03-30 09:00:00",26.2,50.62,2.51,23.12,13.05
"2022-03-30 10:00:00",22.66,56.48,2.6,19.85,11.09
"2022-03-30 11:00:00",19.71,63.74,2.97,17.08,8.79
"2022-03-30 12:00:00",25.16,58.87,2.41,15.64,7.89
"2022-03-30 13:00:00",20.99,62.11,2.6,13.75,6.95
"2022-03-30 14:00:00",19.34,62.59,2.55,11.5,4.99
"2022-03-30 15:00:00",19.23,61.99,2.19,12.72,4.79
"2022-03-30 16:00:00",20.46,60.78,2.61,12.22,4.79
"2022-03-30 17:00:00",20.58,63.38,2.84,11.18,4.22
"2022-03-30 18:00:00",19.49,64.54,2.75,9.06,3.91
"2022-03-30 19:00:00",18.85,63.84,2.19,10.8,4.85
"2022-03-30 20:00:00",21.41,55.4,2.03,10.01,5.62
"2022-03-30 21:00:00",22.55,57.07,2.63,8.09,5.17
"2022-03-30 22:00:00",13.93,67.29,2.55,7.74,3.86
"2022-03-30 23:00:00",13.3,67.08,2.37,8.61,3.54
"2022-03-31 00:00:00",7.41,73.25,2.3,5.91,2.62
"2022-03-31 01:00:00",5.01,76.53,2.48,4.91,2.06
"2022-03-31 02:00:00",4.45,76.9,2.45,4.68,2
"2022-03-31 03:00:00",3.86,77.81,2.4,4.51,1.88
"2022-03-31 04:00:00",4.19,76.04,2.46,5.19,2.26
"2022-03-31 05:00:00",5.72,74.06,2.19,5.9,2.57
"2022-03-31 06:00:00",16.98,60.13,2.38,6.98,3.03
"2022-03-31 07:00:00",25.99,52.16,2.15,7.53,2.95
"2022-03-31 08:00:00",29.69,48.13,2.81,9.81,3.31
"2022-03-31 09:00:00",23.05,57.2,2.82,8.9,3.41
"2022-03-31 10:00:00",15.08,61.38,2.64,9.12,3.4
"2022-03-31 11:00:00",20.46,57.44,2.54,10.77,3.62
"2022-03-31 12:00:00",18.63,61.17,2.45,8.38,3.12
"2022-03-31 13:00:00",20.9,58.27,2.63,9.05,3.42
"2022-03-31 14:00:00",18.39,59.38,2.96,9.32,4.08
"2022-03-31 15:00:00",19.26,60.45,2.6,8.49,3.87
"2022-03-31 16:00:00",18.84,65.19,2.35,10.72,5.79
"2022-03-31 17:00:00",19.93,65.92,2.49,8.73,5.57
"2022-03-31 18:00:00",21.46,65.56,2.75,9.34,6.07
"2022-03-31 19:00:00",28.17,57.31,3.31,9.11,5.86
"2022-03-31 20:00:00",24.37,55.67,3.54,11.53,7.89
"2022-03-31 21:00:00",26.43,51.45,3.44,13.36,9.29
"2022-03-31 22:00:00",25.95,47.91,3.03,11.77,6.87
"2022-03-31 23:00:00",19.88,55.37,2.67,12.2,7.77
"2022-04-01 00:00:00",13.9,53.92,2.62,8.02,4.76
"2022-04-01 01:00:00",7.16,58.61,2.46,8.13,4.79
"2022-04-01 02:00:00",8.75,55.43,2,8.79,4.85
"2022-04-01 03:00:00",8.58,53.04,2.2,7.17,4.4
"2022-04-01 04:00:00",9.25,51.94,2.1,7.4,4.56
"2022-04-01 05:00:00",11.39,49.77,2,6.96,4.4
"2022-04-01 06:00:00",25.47,39.35,2.39,7.56,4.3
"2022-04-01 07:00:00",51.71,14.14,2.86,12.55,5.44
"2022-04-01 08:00:00",47.36,17.61,3.41,13.4,5.71
"2022-04-01 09:00:00",37.78,27.45,3.35,10.42,4.82
"2022-04-01 10:00:00",15.32,57.41,2.57,9.12,4.53
"2022-04-01 11:00:00",12.52,62.71,1.97,7.07,3.09
"2022-04-01 12:00:00",12.98,66.46,2.44,6.65,2.89
"2022-04-01 13:00:00",14.6,65.78,2.65,7.12,3.42
"2022-04-01 14:00:00",13.94,65.2,2.55,10.27,3.68
"2022-04-01 15:00:00",9.12,68,2.31,8.29,4.13
"2022-04-01 16:00:00",16.77,60.24,2.42,9.84,5.66
"2022-04-01 17:00:00",12.41,61.46,2.42,5.42,3.7
"2022-04-01 18:00:00",25.62,48.45,2.55,9.05,7.84
"2022-04-01 19:00:00",25.77,44.45,2.46,8.21,7.13
"2022-04-01 20:00:00",20.81,52.92,1.55,9.3,8.66
"2022-04-01 21:00:00",16.28,59.58,2.25,8.55,7.77
"2022-04-01 22:00:00",13.59,56.9,2.19,6.55,5.87
"2022-04-01 23:00:00",13.17,57.13,2.43,4.72,4.39
"2022-04-02 00:00:00",8.24,55.44,2.2,3.29,2.95
"2022-04-02 01:00:00",6.91,52.1,2.25,3.27,2.85
"2022-04-02 02:00:00",6.39,52.7,2.05,3.23,2.64
"2022-04-02 03:00:00",6.86,51.57,0.56,2.67,2.26
"2022-04-02 04:00:00",8.73,54.9,-11.71,2.09,1.49
"2022-04-02 05:00:00",6.53,56.79,1.99,2.5,1.66
"2022-04-02 06:00:00",7.5,52.75,2.3,3.25,2.44
"2022-04-02 07:00:00",14.82,41.38,2.06,5.09,3.75
"2022-04-02 08:00:00",17.31,39.6,1.87,5.03,3.6
"2022-04-02 09:00:00",15.99,42.94,2.4,4.97,2.97
"2022-04-02 10:00:00",11.88,53.3,2.58,3.2,1.91
"2022-04-02 11:00:00",15.15,59.89,2.43,5.07,2.35
"2022-04-02 12:00:00",18.82,59.54,2.41,4.4,2.26
"2022-04-02 13:00:00",14.05,66.9,2.64,5.34,3.43
"2022-04-02 14:00:00",15.49,67.35,2.71,5.33,3.48
"2022-04-02 15:00:00",16.55,67.76,2.82,5.73,4.31
"2022-04-02 16:00:00",15.01,69.88,2.23,5.5,3.89
"2022-04-02 17:00:00",19.95,68.16,2.35,5.68,4.47
"2022-04-02 18:00:00",18.19,70.9,2.2,7.08,5.44
"2022-04-02 19:00:00",28.91,60.72,2.87,8.78,6.9
"2022-04-02 20:00:00",35.44,53.88,3.19,9.37,7.57
"2022-04-02 21:00:00",61.39,25,4.31,18.56,15.55
"2022-04-02 22:00:00",62.64,15.43,3.3,23.01,19.94
"2022-04-02 23:00:00",55.77,8.92,3.56,30.84,28.38
"2022-04-03 00:00:00",53.43,5.7,3.88,32.21,29.99
"2022-04-03 01:00:00",46.97,5.68,3.29,21.91,20.05
"2022-04-03 02:00:00",45.99,8.02,2.86,18.83,16.66
"2022-04-03 03:00:00",35.29,13.2,2.59,15.82,14.61
"2022-04-03 04:00:00",16.19,32.09,2.4,8.82,7.85
"2022-04-03 05:00:00",27.23,15.65,2.4,12.19,11.05
"2022-04-03 06:00:00",22.81,26.59,1.19,12.78,11.82
"2022-04-03 07:00:00",25.83,24.32,1.94,10.36,9.28
"2022-04-03 08:00:00",26.28,30.52,3.05,9.13,7.57
"2022-04-03 09:00:00",10.88,65.04,2.53,10.9,9.23
"2022-04-03 10:00:00",10.62,66.18,3.83,7.72,6.15
"2022-04-03 11:00:00",8.04,68.93,3.44,6.63,5.33
"2022-04-03 12:00:00",6.54,70.02,2.09,6.86,5.54
"2022-04-03 13:00:00",7.77,72.5,2.22,7.75,5.85
"2022-04-03 14:00:00",5.05,74.48,2.54,6.43,5.17
"2022-04-03 15:00:00",5.14,75.65,2.51,6.15,4.27
"2022-04-03 16:00:00",4.88,78.37,2.4,5.4,3.58
"2022-04-03 17:00:00",7.05,77.59,2.61,5.53,3.32
"2022-04-03 18:00:00",11.52,73.28,3.03,5.67,3.66
"2022-04-03 19:00:00",9.15,76.32,3.26,6.25,3.99
"2022-04-03 20:00:00",7.48,76.68,2.9,6.45,3.97
"2022-04-03 21:00:00",6.56,72.4,2.81,5.95,4.42
"2022-04-03 22:00:00",4.32,73.27,2.5,3.73,2.88
"2022-04-03 23:00:00",3.33,70.93,2.46,2.51,2.07
"2022-04-04 00:00:00",3.23,66.46,1.93,1.63,1.44
"2022-04-04 01:00:00",3.12,61.98,1.77,2.6,2.51
"2022-04-04 02:00:00",2.91,60.5,2.71,3.06,2.79
"2022-04-04 03:00:00",2.57,61.61,2.46,1.72,1.49
"2022-04-04 04:00:00",3.04,60.69,2.3,1.56,1.12
"2022-04-04 05:00:00",3.77,63.12,2.31,1.35,0.89
"2022-04-04 06:00:00",10.1,59.05,2.47,1.46,0.95
"2022-04-04 07:00:00",12.13,55.26,2.86,2.36,1.62
"2022-04-04 08:00:00",16.33,50.66,2.89,3.27,1.88
"2022-04-04 09:00:00",19.08,48.84,2.18,2.46,1.31
"2022-04-04 10:00:00",12.29,51.06,2.17,3.13,1.51
"2022-04-04 11:00:00",10.69,50.87,2.52,3.2,1.1
"2022-04-04 12:00:00",9.55,51.95,2.37,5.09,1.37
"2022-04-04 13:00:00",11.3,59.18,2.06,2.92,1.07
"2022-04-04 14:00:00",5.92,63.18,2.25,3.8,1.39
"2022-04-04 15:00:00",6.73,59.47,2.39,4.1,1.6
"2022-04-04 16:00:00",7.65,58.84,1.79,4.75,2.2
"2022-04-04 17:00:00",11.54,58.59,2.34,4.97,2.93
"2022-04-04 18:00:00",12.98,60.86,2.53,6.13,4.11
"2022-04-04 19:00:00",10.07,59.04,2.31,5.99,4.56
"2022-04-04 20:00:00",8.02,62.74,2.38,6.9,5.5
"2022-04-04 21:00:00",6.63,64.28,2.21,10.27,7.33
"2022-04-04 22:00:00",5.53,65.56,2.37,7.85,5.72
"2022-04-04 23:00:00",4.21,69.14,2.59,10.86,7.36
"2022-04-05 00:00:00",2.58,71.69,2.46,12.75,8.5
"2022-04-05 01:00:00",2.37,72.57,2.45,14.1,8.68
"2022-04-05 02:00:00",2.09,72.5,2.52,15.23,9.47
"2022-04-05 03:00:00",1.88,75.82,2.22,12.77,7.74
"2022-04-05 04:00:00",2.32,78.16,2.37,11.35,6.6
"2022-04-05 05:00:00",3.5,77.92,2.23,12.08,6.8
"2022-04-05 06:00:00",7.1,75.62,2.47,11.01,5.87
"2022-04-05 07:00:00",13.6,70.25,2.29,10.95,4.99
"2022-04-05 08:00:00",19.23,65.64,2.19,12.03,4.5
"2022-04-05 09:00:00",12.75,69.88,2.14,8.52,3.35
"2022-04-05 10:00:00",9.03,73.04,2.38,12.88,3.94
"2022-04-05 11:00:00",10.44,73.71,2.54,13.94,4.19
"2022-04-05 12:00:00",8.28,79.37,2.78,13.64,4.31
"2022-04-05 13:00:00",9.37,77.28,2.85,10.75,3.7
"2022-04-05 14:00:00",6.98,78.7,2.57,12.53,3.49
"2022-04-05 15:00:00",9.07,78.66,2.7,14.3,3.72
"2022-04-05 16:00:00",9.58,76.3,2.92,12.68,4.43
"2022-04-05 17:00:00",10.29,74.56,2.31,9.51,4.07
"2022-04-05 18:00:00",10.03,72.56,2.77,6.66,4.29
"2022-04-05 19:00:00",9.06,71.88,2.85,3.88,2.9
"2022-04-05 20:00:00",9.32,69.7,2.38,4.64,3.86
"2022-04-05 21:00:00",6.21,74.07,2.47,3.67,2.84
"2022-04-05 22:00:00",4.52,76.69,2.52,4.23,3.16
"2022-04-05 23:00:00",3.99,77.75,2.47,5.42,2.99
"2022-04-06 00:00:00",3.3,79.51,2.67,5.49,3.56
"2022-04-06 01:00:00",2.97,78.8,2.49,4.62,2.86
"2022-04-06 02:00:00",2.35,75.39,2.4,4,2.3
"2022-04-06 03:00:00",2.37,74.87,2.56,5.64,2.89
"2022-04-06 04:00:00",2.81,71.85,2.29,6.43,3.52
"2022-04-06 05:00:00",2.25,71.05,2.51,6.94,3.77
"2022-04-06 06:00:00",7.75,69.22,2.75,2.34,1.28
"2022-04-06 07:00:00",11.41,61.89,2.65,1.6,0.75
"2022-04-06 08:00:00",13.21,63.3,2.77,2.17,1.08
"2022-04-06 09:00:00",10.83,63.42,2.8,3.66,1.51
"2022-04-06 10:00:00",5.68,66.3,2.86,5.5,2.16
"2022-04-06 11:00:00",5.87,69.14,3.35,3.44,1.55
"2022-04-06 12:00:00",7.98,68.37,2.89,4.66,1.8
"2022-04-06 13:00:00",6.91,67.63,2.68,5.51,1.83
"2022-04-06 14:00:00",5.51,67.45,3.03,6.1,2.14
"2022-04-06 15:00:00",6.61,64.99,3.1,6.46,2.55
"2022-04-06 16:00:00",5.8,65.58,3.28,7.31,2.9
"2022-04-06 17:00:00",10.02,61.75,2.81,5.38,3.33
"2022-04-06 18:00:00",8,73.37,2.91,3.69,2.55
"2022-04-06 19:00:00",14.44,79.15,3.03,7.04,3.93
"2022-04-06 20:00:00",7.02,81.72,3.61,11.19,6.54
"2022-04-06 21:00:00",4.58,82.01,3.32,10.21,6.03
"2022-04-06 22:00:00",3.26,80.65,3.14,8.08,4.59
"2022-04-06 23:00:00",3.47,81.18,3.13,8.64,4.85
"2022-04-07 00:00:00",2.22,83.55,2.96,9.75,4.97
"2022-04-07 01:00:00",1.84,84.82,3.06,8.89,4.76
"2022-04-07 02:00:00",1.26,84.95,2.92,7.67,4.86
"2022-04-07 03:00:00",1.5,87.17,3.18,6.13,3.52
"2022-04-07 04:00:00",2.05,85.89,2.11,5.94,3.56
"2022-04-07 05:00:00",2.76,85.31,2.42,7.14,4.16
"2022-04-07 06:00:00",4.42,82.19,2.62,7.85,4.57
"2022-04-07 07:00:00",10.29,80.71,2.89,8.19,4.24
"2022-04-07 08:00:00",13.01,76.07,3.04,7.94,4.16
"2022-04-07 09:00:00",9.91,77.68,2.77,7.79,3.68
"2022-04-07 10:00:00",8.12,78.24,2.62,6.36,2.63
"2022-04-07 11:00:00",6.4,77.41,2.97,4.88,2.17
"2022-04-07 12:00:00",11.95,74.07,3.28,9.2,3.33
"2022-04-07 13:00:00",6.9,75.62,3.24,9.61,4.05
"2022-04-07 14:00:00",6.64,78.09,2.9,12.76,4.7
"2022-04-07 15:00:00",10.04,72.93,2.76,10.57,4.8
"2022-04-07 16:00:00",7.35,77.8,2.07,7.69,3.51
"2022-04-07 17:00:00",10.1,71.91,3.02,8.44,4.72
"2022-04-07 18:00:00",9.81,71.34,2.88,10.57,6.97
"2022-04-07 19:00:00",10.91,72.15,2.24,8.3,5.05
"2022-04-07 20:00:00",18.29,60.01,3.65,10.81,7.21
"2022-04-07 21:00:00",17.89,54.56,3.48,10.57,6.71
"2022-04-07 22:00:00",16.97,53.47,3.22,12.72,6.72
"2022-04-07 23:00:00",14.03,57.46,3.22,13.28,6.8
"2022-04-08 00:00:00",12.68,57.83,2.98,10.47,6.28
"2022-04-08 01:00:00",8.91,55.54,2.86,9.63,6.1
"2022-04-08 02:00:00",9.03,55.59,3.09,9.49,6.12
"2022-04-08 02:01:00",,,,,
"2022-04-08 03:01:00",,,,,
"2022-04-08 07:00:00",38.11,26.49,3.45,14.39,6.62
"2022-04-08 08:00:00",34.95,29.39,3.51,13.6,6.6
"2022-04-08 09:00:00",29.22,39.54,3.95,14.86,6.31
"2022-04-08 10:00:00",16.88,54.68,3.51,11.27,4.93
"2022-04-08 11:00:00",12.18,64.06,2.86,8.35,4.21
"2022-04-08 12:00:00",15.48,61.3,2.14,9.15,4.45
"2022-04-08 13:00:00",18.04,58.49,2.62,10.44,4.91
"2022-04-08 14:00:00",22.42,58.26,3.16,9.85,4.67
"2022-04-08 15:00:00",10.31,71.25,3.46,10.32,5.02
"2022-04-08 16:00:00",12.52,68.3,2.93,5.49,2.99
"2022-04-08 17:00:00",8.93,74.4,2.79,4.84,2.69
"2022-04-08 18:00:00",18.86,66.02,3.05,13.11,11.13
"2022-04-08 19:00:00",17.29,69.18,3.18,6.9,5.33
"2022-04-08 20:00:00",21.9,56.77,3.22,7.69,5.7
"2022-04-08 21:00:00",23.73,53.92,3.24,9.99,8.38
"2022-04-08 22:00:00",27.45,45.04,3.34,16.54,14.41
"2022-04-08 23:00:00",20.79,48.36,2.96,13.51,10.97
"2022-04-09 00:00:00",16.54,49.83,2.36,10.15,7.5
"2022-04-09 01:00:00",12.98,53.18,3.13,9.15,5.78
"2022-04-09 02:00:00",11.1,55.13,2.91,7,4.64
"2022-04-09 03:00:00",10.51,55.37,2.63,7.05,4.77
"2022-04-09 04:00:00",6.68,58.31,2.43,8.2,5.21
"2022-04-09 05:00:00",5.81,62.29,2.48,7.24,4.4
"2022-04-09 06:00:00",8.18,59.9,2.81,8.22,4.52
"2022-04-09 07:00:00",15.37,51.82,2.75,8.64,4.76
"2022-04-09 08:00:00",15.69,49.86,3.04,8.31,4.45
"2022-04-09 09:00:00",15.06,48.65,3.16,8.32,4.51
"2022-04-09 10:00:00",12.38,53.44,2.95,8.8,4.44
"2022-04-09 11:00:00",12.08,59.87,2.71,6.78,3.47
"2022-04-09 12:00:00",6.33,69.04,2.53,4.1,2.28
"2022-04-09 13:00:00",6.9,73.05,2.65,5.03,2.57
"2022-04-09 14:00:00",5.91,76.24,2.64,4.48,2.45
"2022-04-09 15:00:00",7.37,75.37,2.77,4.26,2.48
"2022-04-09 16:00:00",18.19,69.27,2.99,7.44,4.85
"2022-04-09 17:00:00",18.05,67.56,2.75,9.29,6.21
"2022-04-09 18:00:00",17.34,71.52,2.88,9.12,6.28
"2022-04-09 19:00:00",22.57,64.14,3.26,12.23,9.1
"2022-04-09 20:00:00",26.08,55.57,3.46,14.71,11.58
"2022-04-09 21:00:00",36.48,36.67,3.99,26.42,22.57
"2022-04-09 22:00:00",47.22,17.32,3.88,28.33,24.45
"2022-04-09 23:00:00",57.46,5.92,3.91,33.7,30.39
"2022-04-10 00:00:00",49.29,10.27,4.06,27.99,25.07
"2022-04-10 01:00:00",45.38,12.23,3.87,22.71,20.13
"2022-04-10 02:00:00",39.34,20.15,3.14,15.78,12.52
"2022-04-10 03:00:00",18.5,55.13,3,5.69,3.93
"2022-04-10 04:00:00",17.22,57.42,3.33,5.14,3.07
"2022-04-10 05:00:00",4.18,79.87,2.57,4.4,2.36
"2022-04-10 06:00:00",5.25,78.72,2.82,4.11,2.29
"2022-04-10 07:00:00",4.77,78.92,2.32,4.49,2.41
"2022-04-10 08:00:00",5.55,78.84,3.1,4.88,2.58
"2022-04-10 09:00:00",6.82,78.78,3,6.58,3.58
"2022-04-10 10:00:00",6.97,80.42,2.5,6.74,3.74
"2022-04-10 11:00:00",7.43,81.78,2.76,10.66,6.12
"2022-04-10 12:00:00",8.39,84.49,2.95,10.85,6.33
"2022-04-10 13:00:00",6.99,87.74,2.96,8.51,5.36
"2022-04-10 14:00:00",7.58,88.72,2.92,9.65,6.11
"2022-04-10 15:00:00",13.45,87.26,2.67,10.92,6.64
"2022-04-10 16:00:00",8.78,89.3,2.64,10.62,6.73
"2022-04-10 17:00:00",8.6,88.8,2.73,11.92,7.41
"2022-04-10 18:00:00",10.69,88.6,2.65,12.82,8.69
"2022-04-10 19:00:00",14.28,85.36,2.64,12.88,8.8
"2022-04-10 20:00:00",15.16,80.69,2.84,16.02,11.58
"2022-04-10 21:00:00",13.58,81.55,2.61,13.35,9.11
"2022-04-10 22:00:00",5.93,91.88,2.71,9.27,5.74
"2022-04-10 23:00:00",4.38,92.41,2.61,7.98,5.02
"2022-04-11 00:00:00",5.52,88.51,2.93,8.54,4.96
"2022-04-11 01:00:00",4.48,86.49,2.83,9.92,5.38
"2022-04-11 02:00:00",5.03,83.87,2.47,9.79,5.6
"2022-04-11 03:00:00",3.7,86.32,2.58,8.88,5.18
"2022-04-11 04:00:00",4.03,85.6,2.75,10.21,5.29
"2022-04-11 05:00:00",6.05,81.92,2.6,10.26,5.29
"2022-04-11 06:00:00",10.26,78.82,2.88,11.75,5.61
"2022-04-11 07:00:00",12.98,78.22,3.01,8.68,5.01
"2022-04-11 08:00:00",13.59,76,2.91,10.52,5.31
"2022-04-11 09:00:00",11.09,81.07,2.68,10.95,5.34
"2022-04-11 10:00:00",14.67,74.96,3.25,13.14,6.46
"2022-04-11 11:00:00",23.86,66.31,3.5,13.82,7.55
"2022-04-11 12:00:00",18.37,71.55,2.78,14.28,7.31
"2022-04-11 13:00:00",10.56,79.43,3.05,10.86,6.29
"2022-04-11 14:00:00",9.97,79.61,3.31,11.89,6.33
"2022-04-11 15:00:00",13.24,77.43,2.75,12.88,6.94
"2022-04-11 16:00:00",14.3,74.44,2.87,14.3,7.47
"2022-04-11 17:00:00",26.98,59.82,3.13,17.24,10.48
"2022-04-11 18:00:00",18.57,68.66,2.78,18.19,10.91
"2022-04-11 19:00:00",12.96,76.64,2.75,19.15,11.11
"2022-04-11 20:00:00",17.31,72.52,2.76,20.08,12.04
"2022-04-11 21:00:00",8.92,80.77,2.36,18.82,11.55
"2022-04-11 22:00:00",7.78,79.06,2.98,18.32,11.42
"2022-04-11 23:00:00",6.54,74.05,2.78,16.32,10.24
"2022-04-12 00:00:00",12.7,63.93,3.1,17.93,10.92
"2022-04-12 01:00:00",5.04,73.69,2.42,17.38,11.06
"2022-04-12 02:00:00",6.48,67.13,2.68,16.36,11.26
"2022-04-12 03:00:00",7.5,63.95,2.7,16.02,10.76
"2022-04-12 04:00:00",10.34,53.63,2.77,17.48,11.44
"2022-04-12 05:00:00",12.68,44.98,2.45,15.53,10.72
"2022-04-12 06:00:00",32.37,32.69,2.46,17.77,10.73
"2022-04-12 07:00:00",35.76,35.52,3,15.67,9.66
"2022-04-12 08:00:00",46.23,23.45,3.32,14.53,10.01
"2022-04-12 09:00:00",46.21,21.61,3.25,13.51,9.43
"2022-04-12 10:00:00",59.02,9.26,3.75,12.27,9.2
"2022-04-12 11:00:00",41.16,24.12,2.83,24.64,21.87
"2022-04-12 12:00:00",42.73,27.16,3.66,30.61,27.72
"2022-04-12 13:00:00",35.65,38.39,3.27,25.71,23.27
"2022-04-12 14:00:00",32.71,37.31,3.04,22.09,19.74
"2022-04-12 15:00:00",33.29,35.83,3.18,24.36,22.09
"2022-04-12 16:00:00",28.95,38.65,3.16,23.18,20.81
"2022-04-12 17:00:00",24.37,40.56,3.15,21.13,18.61
"2022-04-12 18:00:00",23.2,40.5,2.79,22.1,19.86
"2022-04-12 19:00:00",23.56,39.73,3.05,28.9,27.11
"2022-04-12 20:00:00",36.28,24.22,3.16,36.42,34.31
"2022-04-12 21:00:00",23.52,38.6,3.1,28.72,25.24
"2022-04-12 22:00:00",18.27,38.04,2.04,23.61,22.3
"2022-04-12 23:00:00",12.71,39.97,2.35,22.26,21.26
"2022-04-13 00:00:00",15.96,27.51,2.95,24.1,22.56
"2022-04-13 01:00:00",18.68,20.63,2.27,25.56,23.82
"2022-04-13 02:00:00",12.71,23.3,-0.02,24.32,22.95
"2022-04-13 03:00:00",8.17,36.73,2.92,27.18,25.89
"2022-04-13 04:00:00",6.24,42.05,2.93,24.47,23.06
"2022-04-13 05:00:00",5.74,37.56,1.78,21.01,19.91
"2022-04-13 06:00:00",13.34,28.61,2.02,19.02,17.88
"2022-04-13 07:00:00",23.79,36.5,3.04,12.84,10.4
"2022-04-13 08:00:00",27.16,36.79,2.95,13.73,8.37
"2022-04-13 09:00:00",15.5,51.78,3.27,10.33,5.99
"2022-04-13 10:00:00",10.78,59.56,2.99,8.99,4.52
"2022-04-13 11:00:00",9.65,56.39,2.66,9.4,4.84
"2022-04-13 12:00:00",9.77,56.67,2.65,7.75,4.86
"2022-04-13 13:00:00",7.2,65.19,2.72,6.73,3.76
"2022-04-13 14:00:00",10.11,65.52,2.79,6.61,3.21
"2022-04-13 15:00:00",12.29,65.84,2.8,5.48,2.93
"2022-04-13 16:00:00",10.26,67.73,2.92,6.34,3.62
"2022-04-13 17:00:00",18.01,65.82,3.13,6.67,3.21
"2022-04-13 18:00:00",12.07,64.52,3.06,6.4,3.34
"2022-04-13 18:01:00",,,,,
"2022-04-13 19:01:00",,,,,
"2022-04-14 02:00:00",26.55,15.06,2.25,8.49,6.55
"2022-04-14 03:00:00",20.39,15.39,2.28,8,6.52
"2022-04-14 04:00:00",23.97,5.61,2.65,9.1,7.2
"2022-04-14 05:00:00",29.52,4.13,2.57,10.29,8.58
"2022-04-14 06:00:00",34.68,3.95,2.51,9.74,7.19
"2022-04-14 07:00:00",37.85,2.61,4.05,11.43,7.67
"2022-04-14 08:00:00",49.29,5.27,4.1,14.4,8.95
"2022-04-14 09:00:00",45.43,15.77,3.42,13.01,7.8
"2022-04-14 10:00:00",33.06,32.98,2.81,10.16,5.06
"2022-04-14 11:00:00",18.07,52.46,2.77,7.98,3.42
"2022-04-14 12:00:00",11.39,60.19,2.58,8.25,3.03
"2022-04-14 13:00:00",14,57.97,2.62,7.83,3.64
"2022-04-14 14:00:00",10.43,64.02,2.55,4.94,2.54
"2022-04-14 15:00:00",10.87,60.71,2.76,5.33,2.82
"2022-04-14 16:00:00",11.78,60.02,2.79,6.22,4.1
"2022-04-14 16:01:00",,,,,
"2022-04-14 17:01:00",,,,,
"2022-04-19 05:00:00",9.31,54.55,2.76,7.79,3.42
"2022-04-19 06:00:00",23.02,39.55,2.61,7.17,3.63
"2022-04-19 07:00:00",35.48,34.89,2.84,9.11,4.34
"2022-04-19 08:00:00",30.61,46.45,3.53,11.99,5.3
"2022-04-19 09:00:00",16.99,58.81,3.05,11.22,4.89
"2022-04-19 10:00:00",12.82,63.83,2.82,9.92,4.91
"2022-04-19 11:00:00",7.54,76.38,2.76,7.97,4.28
"2022-04-19 12:00:00",7.22,76.82,2.6,6.7,3.66
"2022-04-19 13:00:00",5.61,79.2,2.64,6.04,3.13
"2022-04-19 14:00:00",14.22,75.74,3.04,9.82,5.71
"2022-04-19 15:00:00",10.99,86.64,2.77,9.42,5.6
"2022-04-19 16:00:00",12.17,88.86,2.66,9.5,5.68
"2022-04-19 17:00:00",15.08,85.69,2.63,9.64,5.79
"2022-04-19 18:00:00",17.14,87.25,2.79,8.98,5.82
"2022-04-19 19:00:00",17.35,84.77,2.78,8.6,5.61
"2022-04-19 20:00:00",29.89,69.09,3.09,9.86,6.54
"2022-04-19 21:00:00",40.3,51,3.6,14.67,10.74
"2022-04-19 22:00:00",44.07,34.03,3.12,18.08,13.84
"2022-04-19 23:00:00",52.48,12.73,3.17,25.05,20.28
"2022-04-20 00:00:00",50.97,6.23,2.92,22.51,18.11
"2022-04-20 01:00:00",28.66,19.59,2.89,11.42,9.08
"2022-04-20 02:00:00",17.4,22.86,2.8,8.7,6.8
"2022-04-20 03:00:00",16.79,21.8,2.37,8.29,6.11
"2022-04-20 04:00:00",17.09,19.34,2.41,8.08,6.02
"2022-04-20 05:00:00",16.48,22.68,2.3,6.57,5.26
"2022-04-20 06:00:00",24.47,17.44,2.45,6.92,4.61
"2022-04-20 07:00:00",44.87,7.34,4.55,16.21,10.36
"2022-04-20 08:00:00",50.13,13.63,4.87,23.99,14.52
"2022-04-20 09:00:00",29.54,53.68,3.72,9.93,6.15
"2022-04-20 10:00:00",29.97,55.27,4.06,6.97,4.1
"2022-04-20 11:00:00",22.32,62.45,3.81,7.78,3.9
"2022-04-20 12:00:00",22.01,69.73,4.35,6.45,3.26
"2022-04-20 13:00:00",16.56,75.01,3.74,5.35,3.12
"2022-04-20 14:00:00",16.32,77.38,3.76,6.18,3.56
"2022-04-20 15:00:00",16.45,74.97,3.7,7.53,4.28
"2022-04-20 16:00:00",15.81,77.29,3.51,10.58,7.12
"2022-04-20 17:00:00",18.47,75.2,3.17,13.05,9.79
"2022-04-20 18:00:00",16.31,81.56,2.48,10.62,7.54
"2022-04-20 19:00:00",29.4,71.29,3.24,10.26,7.29
"2022-04-20 20:00:00",38.73,66.45,3.52,18.31,15.02
"2022-04-20 21:00:00",42.76,52.33,3.22,17.01,13.32
"2022-04-20 22:00:00",38.67,47.42,2.96,14.62,11.16
"2022-04-20 23:00:00",31.39,50.39,2.75,17.83,14.31
"2022-04-21 00:00:00",23.31,56.4,2.84,17.82,14.88
"2022-04-21 01:00:00",37.8,34.15,4.4,15.59,13.03
"2022-04-21 02:00:00",40.74,24.86,3.67,18.89,15.67
"2022-04-21 03:00:00",33.36,26.51,1.85,16.65,14.19
"2022-04-21 04:00:00",28.2,37.19,2.91,18.12,15.52
"2022-04-21 05:00:00",19.45,46.4,2.81,18.91,16.34
"2022-04-21 06:00:00",26.89,44.24,3.06,17.83,14.55
"2022-04-21 07:00:00",31.93,45.7,3.16,17.21,11.42
"2022-04-21 08:00:00",24.18,55.15,3.26,17.15,9.45
"2022-04-21 09:00:00",17.32,64.76,3.33,14.29,8.02
"2022-04-21 10:00:00",24.57,59.64,4.08,16.09,9.52
"2022-04-21 11:00:00",18.55,64.21,3.67,16.73,9.95
"2022-04-21 12:00:00",13.98,78.92,3.24,21.24,12.82
"2022-04-21 12:01:00",,,
"2022-04-21 13:00:00",18.03,73.42,,26.09,16.93
"2022-04-21 13:01:00",,,
"2022-04-21 14:00:00",21.63,75,9.32,26.15,16.68
"2022-04-21 15:00:00",23.12,77,3.12,25.35,14.89
"2022-04-21 16:00:00",22.19,85.98,2.63,21.04,11.77
"2022-04-21 17:00:00",35.79,76.6,4.15,22.69,11.76
"2022-04-21 18:00:00",40.87,73.99,4.11,24.02,13.94
"2022-04-21 19:00:00",33.79,76.36,2.61,21.83,12.31
"2022-04-21 20:00:00",38.48,67.63,2.23,23.22,13.59
"2022-04-21 21:00:00",31.67,72.49,3.41,17.68,11.37
"2022-04-21 22:00:00",18,87.99,2.74,18.85,11.3
"2022-04-21 23:00:00",13.92,91.03,2.91,22.79,13.77
"2022-04-22 00:00:00",7.07,93.4,2.72,24.79,14.87
"2022-04-22 01:00:00",8.16,87.22,2.45,23.73,14.37
"2022-04-22 02:00:00",12.35,76.86,1.8,23.47,13.95
"2022-04-22 03:00:00",9.77,82.85,1.61,24.13,13.81
"2022-04-22 04:00:00",7.79,90,1.99,20.57,12.37
"2022-04-22 05:00:00",19.79,80.01,2.04,21.08,13.17
"2022-04-22 06:00:00",34.28,60.66,2.31,21.19,13.36
"2022-04-22 07:00:00",28.12,64.43,2.19,24.11,14.63
"2022-04-22 08:00:00",20.28,69.21,2.13,20.73,12.83
"2022-04-22 09:00:00",15.31,75.97,2.38,17.09,10.43
"2022-04-22 10:00:00",15.69,72.91,2.38,14.66,8.53
"2022-04-22 11:00:00",17.68,70.64,2.19,20.07,10.74
"2022-04-22 12:00:00",23.61,67.64,2.41,20.38,10.69
"2022-04-22 13:00:00",20.45,68.23,2.3,21.81,12.23
"2022-04-22 14:00:00",20.73,68.92,2.49,20.23,10.82
"2022-04-22 15:00:00",12.84,81.64,2.46,20.48,10.46
"2022-04-22 15:01:00",,,,,
"2022-04-22 16:01:00",,,,,
"2022-04-23 23:00:00",14.43,87.06,2.21,15.37,9.9
"2022-04-24 00:00:00",17.55,81.31,2.43,15.5,9.44
"2022-04-24 01:00:00",8.1,81.77,2.08,17.93,11.32
"2022-04-24 02:00:00",6.74,84.56,1.81,17.88,10.53
"2022-04-24 03:00:00",8.25,86.83,1.99,18.82,11.56
"2022-04-24 04:00:00",7.07,89.35,1.6,18.23,10.95
"2022-04-24 05:00:00",5.15,87.88,1.98,16.97,10.68
"2022-04-24 06:00:00",6,86.57,2.15,16.91,10.39
"2022-04-24 07:00:00",7.87,81.51,1.95,18.22,10.4
"2022-04-24 08:00:00",6.57,77.6,2.25,16.75,9.2
"2022-04-24 09:00:00",7.54,78.16,2.26,15.62,8.1
"2022-04-24 10:00:00",7.9,77.72,2.38,13.71,7.49
"2022-04-24 11:00:00",9.63,77.38,2.96,13.94,7.39
"2022-04-24 12:00:00",8.99,78.28,2.79,13.26,7.49
"2022-04-24 13:00:00",9.12,78.41,3.01,12.63,7.17
"2022-04-24 14:00:00",7.48,83.36,2.99,14.11,7.41
"2022-04-24 15:00:00",7.8,84.27,2.52,13.75,7.57
"2022-04-24 16:00:00",8.2,87.34,2.34,13.98,7.22
"2022-04-24 17:00:00",11.09,85.18,2.66,11.25,6.29
"2022-04-24 18:00:00",13.08,83.74,2.27,12.37,7.09
"2022-04-24 19:00:00",14.5,82.36,2.56,15.05,9.09
"2022-04-24 20:00:00",20.03,74.27,2.45,11.34,6.3
"2022-04-24 21:00:00",15.6,76.11,2.43,13.58,8.67
"2022-04-24 22:00:00",13.99,74.96,2.05,16.73,10.26
"2022-04-24 23:00:00",23.05,60.08,2.01,17.77,10.76
"2022-04-25 00:00:00",4.55,78.71,1.41,17.19,8.96
"2022-04-25 01:00:00",3.87,80.91,1.72,15.22,7.69
"2022-04-25 02:00:00",5.16,78.09,1.86,15.56,7.83
"2022-04-25 03:00:00",3.5,81.39,1.76,15.35,7.97
"2022-04-25 04:00:00",7.67,74.95,2.13,15.97,8.47
"2022-04-25 05:00:00",22.52,56.39,2.13,16.23,9.4
"2022-04-25 06:00:00",24.79,57.2,2.32,16.35,9.33
"2022-04-25 07:00:00",29.81,52.51,2.26,17.76,8.95
"2022-04-25 08:00:00",18.18,67.03,2.52,14.88,7.1
"2022-04-25 09:00:00",13.37,72.07,2.24,12.86,6.46
"2022-04-25 10:00:00",9.17,76.51,2.21,12.26,6.52
"2022-04-25 11:00:00",7.74,80.4,2.41,11.87,6.32
"2022-04-25 12:00:00",11.82,77.89,2.87,10.83,6.18
"2022-04-25 13:00:00",12.31,79.66,2.53,8.62,5.05
"2022-04-25 14:00:00",10.05,79.02,2.2,8.56,4.51
"2022-04-25 15:00:00",10.17,77.42,2.25,9.21,5.25
"2022-04-25 16:00:00",12.55,78.36,2.28,7.82,5.02
"2022-04-25 17:00:00",17.44,74.63,2.03,7.47,4.74
"2022-04-25 18:00:00",14.23,79.56,2.34,7.78,5.46
"2022-04-25 19:00:00",17.2,79.56,2.28,8.32,5.97
"2022-04-25 20:00:00",24.26,72.1,2.65,9.4,6.67
"2022-04-25 21:00:00",25.91,70.17,2.74,9.47,6.82
"2022-04-25 22:00:00",24.77,66.76,2.64,9.45,6.59
"2022-04-25 23:00:00",21.1,63.43,2.6,9.4,6.22
"2022-04-26 00:00:00",23.16,43,2.44,12.38,10.02
"2022-04-26 01:00:00",16.71,45.57,2.36,10.48,8.39
"2022-04-26 02:00:00",15.25,42.18,2.4,9.01,7.06
"2022-04-26 03:00:00",11.96,42.72,2.54,8.78,6.56
"2022-04-26 04:00:00",15.5,29.48,2.47,9.27,7.01
"2022-04-26 05:00:00",38.36,5.95,2.65,16.95,11.8
"2022-04-26 06:00:00",38.09,8.9,2.8,19.25,13.27
"2022-04-26 07:00:00",52.02,19.27,3.96,21.03,14.21
"2022-04-26 08:00:00",55.25,18.59,3.11,19.46,11.14
"2022-04-26 09:00:00",32.6,40.56,2.29,19.37,11.09
"2022-04-26 10:00:00",13.67,58.68,2.25,16.27,11.25
"2022-04-26 11:00:00",15.71,64.03,2.12,17.62,11.93
"2022-04-26 12:00:00",13.49,67.86,1.89,17.6,11.74
"2022-04-26 13:00:00",16.67,66.16,2.78,18.5,13.4
"2022-04-26 14:00:00",13.24,77.36,2.7,17.42,12.55
"2022-04-26 15:00:00",15.03,80.37,2.88,21.27,16.68
"2022-04-26 16:00:00",23.52,72.93,3.74,19.85,15.44
"2022-04-26 17:00:00",45.26,59.94,4.71,17.01,13.17
"2022-04-26 18:00:00",23.64,72.98,3.15,18.56,15
"2022-04-26 19:00:00",23.15,76.35,2.29,18.01,13.09
"2022-04-26 20:00:00",17.55,86.53,2.19,17.69,13.64
"2022-04-26 21:00:00",23.7,78.17,1.94,16.92,12.79
"2022-04-26 22:00:00",27.97,64.63,1.73,15.44,11.5
"2022-04-26 23:00:00",32.44,48.76,2.19,19.56,15.69
"2022-04-27 00:00:00",24.75,42.77,1.83,16.62,14.41
"2022-04-27 01:00:00",20.5,40.96,1.53,16.25,13.66
"2022-04-27 02:00:00",13.4,41.87,1.92,9.97,8.2
"2022-04-27 03:00:00",12.29,33.73,1.59,8.59,6.99
"2022-04-27 04:00:00",13.9,28.95,0.81,7.92,6.16
"2022-04-27 05:00:00",14.8,28.62,1.78,7.47,5.63
"2022-04-27 06:00:00",23.67,21.71,1.67,8.93,6.18
"2022-04-27 07:00:00",43.44,13.59,2.49,13.88,8.92
"2022-04-27 08:00:00",47.73,18.58,3.84,21.11,12.87
"2022-04-27 09:00:00",30.13,40.94,2.75,19.81,13.15
"2022-04-27 10:00:00",13.79,61.45,2.32,19.8,12.48
"2022-04-27 11:00:00",10.45,72.25,1.9,16.95,10.99
"2022-04-27 12:00:00",8.69,73.45,1.85,15.16,10.42
"2022-04-27 13:00:00",9.8,76.66,2.23,15.16,11.37
"2022-04-27 14:00:00",13.84,74.84,2.75,15.31,11.01
"2022-04-27 15:00:00",11.67,81.62,2.59,15.3,10.54
"2022-04-27 16:00:00",15.24,83.26,3.18,12.54,8.59
"2022-04-27 17:00:00",41.65,59.63,4.84,10.42,6.47
"2022-04-27 18:00:00",21.72,82.33,2.84,10.36,6.49
"2022-04-27 19:00:00",15.3,86.12,1.81,9.92,6.73
"2022-04-27 20:00:00",13.98,83.1,2.13,9.36,6.51
"2022-04-27 21:00:00",19.91,73.47,1.94,11.49,8.01
"2022-04-27 22:00:00",21.05,70,2.16,8.67,6.01
"2022-04-27 23:00:00",20.51,65.77,1.84,9.31,6.28
"2022-04-28 00:00:00",32.92,45.29,2.03,11.28,8.51
"2022-04-28 01:00:00",27.83,40.45,1.95,11.82,8.8
"2022-04-28 02:00:00",16.08,50.11,1.73,10.79,7.73
"2022-04-28 03:00:00",12.67,48.01,1.62,9.69,6.52
"2022-04-28 04:00:00",11.39,45.2,1.71,9.05,6.07
"2022-04-28 05:00:00",14.92,36.87,1.89,9.03,6.08
"2022-04-28 06:00:00",22.61,27.16,2.08,10.1,6.46
"2022-04-28 07:00:00",45.16,20.43,2.42,13.48,7.87
"2022-04-28 08:00:00",51.16,21.48,2.41,19.36,9.42
"2022-04-28 09:00:00",23.73,57.63,1.84,17.4,9.67
"2022-04-28 10:00:00",15.71,60.7,1.94,16.41,10.55
"2022-04-28 11:00:00",14.14,64.03,1.76,17.72,11.34
"2022-04-28 12:00:00",18.03,64.86,2.1,18.68,11.56
"2022-04-28 13:00:00",15.81,71.76,2.2,18.32,12.2
"2022-04-28 14:00:00",11.99,79.87,2.22,20.24,13.06
"2022-04-28 15:00:00",14.33,80.94,2.55,21.25,13.27
"2022-04-28 16:00:00",11.93,86.96,2.23,18.62,12.92
"2022-04-28 17:00:00",17.25,85.08,2.12,18.35,13.29
"2022-04-28 18:00:00",21.18,84.51,2.12,19.26,14.48
"2022-04-28 19:00:00",16.85,85.36,2.02,18.9,14.48
"2022-04-28 20:00:00",21.92,79.73,2.34,21.58,16.63
"2022-04-28 21:00:00",25.01,74.02,2.25,21.17,16.9
"2022-04-28 21:01:00",,,,,
"2022-04-28 22:01:00",,,,,
"2022-04-28 23:00:00",13.77,40.43,25.24
"2022-04-29 00:00:00",23.11,61.47,2.89
"2022-04-29 01:00:00",17.13,56.37,-0.14
"2022-04-29 02:00:00",16.61,47.86,0.19
"2022-04-29 03:00:00",13.18,45.21,1.26
"2022-04-29 04:00:00",13.44,39.66,1.51
"2022-04-29 05:00:00",12.85,44.76,1.2
"2022-04-29 06:00:00",24,34.11,1.41
"2022-04-29 07:00:00",38.78,27.25,2.2
"2022-04-29 08:00:00",50.47,34.16,3.16
"2022-04-29 09:00:00",17.01,71.73,2.72
"2022-04-29 10:00:00",19.3,68.58,2.83
"2022-04-29 11:00:00",20.55,72.37,2.56
"2022-04-29 12:00:00",22.89,69.67,2.28
"2022-04-29 13:00:00",13.78,77.79,2.3
"2022-04-29 14:00:00",10.32,86.25,1.88
"2022-04-29 15:00:00",12.06,86.46,2.18,23.73,12.57
"2022-04-29 16:00:00",13.16,88.4,2.12,23.2,14.31
"2022-04-29 17:00:00",15.67,86.14,1.7,20.45,15.7
"2022-04-29 18:00:00",13.48,90.9,1.44,23.28,18.39
"2022-04-29 19:00:00",14.27,87.75,1.89,22.94,18.56
"2022-04-29 20:00:00",21.61,82.68,2,25.7,21.06
"2022-04-29 21:00:00",29.83,71.15,2.07,27.05,22.9
"2022-04-29 22:00:00",28.64,71.4,2.43,25.52,21.33
"2022-04-29 23:00:00",24.48,68.29,2.43,25.05,20.87
"2022-04-30 00:00:00",18.21,67.9,2.08,22.1,18.53
"2022-04-30 01:00:00",31.52,15.19,2.65,31.16,26.03
"2022-04-30 02:00:00",26.42,32.74,2.66,31.21,26.22
"2022-04-30 03:00:00",21.55,34.86,3.05,26.74,22.65
"2022-04-30 04:00:00",22.81,29.25,2.36,26.69,22.71
"2022-04-30 05:00:00",27.44,21.83,2.2,29.09,24.69
"2022-04-30 06:00:00",31.81,18.77,2.26,29.91,24.91
"2022-04-30 07:00:00",34.1,21.59,2.42,31.77,24.79
"2022-04-30 08:00:00",14.37,57.95,1.85,17.91,14.62
"2022-04-30 09:00:00",11.93,60.93,2.08,15.88,13.54
"2022-04-30 10:00:00",12.8,57.68,1.83,16.84,13.43
"2022-04-30 11:00:00",20.08,58.83,2.28,13.52,11.78
"2022-04-30 12:00:00",19.52,68.13,2.15,11.32,9.65
"2022-04-30 13:00:00",31.1,52.38,2.94,10.72,9.64
"2022-04-30 14:00:00",22.51,51.79,2.76,10.52,9.75
"2022-04-30 15:00:00",11.02,60.89,2.17,9.23,8.51
"2022-04-30 16:00:00",12.55,53.88,2.04,11.16,10.02
"2022-04-30 17:00:00",16.2,46.94,2.04,13.91,12.74
"2022-04-30 18:00:00",22.12,35.53,2.18,19.26,17.71
"2022-04-30 19:00:00",23.12,27.56,2.02,21.23,19.66
"2022-04-30 20:00:00",15.6,45.17,2.09,15.64,13.97
"2022-04-30 21:00:00",15.76,51.84,2.06,14.03,12.62
"2022-04-30 22:00:00",8.53,71.09,1.62,11.88,10.87
"2022-04-30 23:00:00",8.93,72.6,1.91,10.6,9.7
"2022-05-01 00:00:00",4.08,78.44,1.79,8.96,8.33
"2022-05-01 01:00:00",3.66,76.87,2.13,8.13,7.65
"2022-05-01 02:00:00",3.4,76.64,2.02,8.27,7.68
"2022-05-01 03:00:00",3.09,80.15,1.88,9.12,7.97
"2022-05-01 04:00:00",1.57,85.18,1.71,9,7.77
"2022-05-01 05:00:00",1.75,82.52,2.5,9.36,8.43
"2022-05-01 06:00:00",1.73,79.06,-0.05,9.77,8.86
"2022-05-01 07:00:00",2.79,74.36,1.25,10.63,9.32
"2022-05-01 08:00:00",3.12,69.94,1.72,8.62,7.71
"2022-05-01 09:00:00",3.22,69.93,1.81,7.86,6.88
"2022-05-01 10:00:00",5.55,64.24,1.8,7.92,6.67
"2022-05-01 10:01:00",,,,,
"2022-05-01 11:01:00",,,,,
"2022-05-01 19:00:00",18.07,52.13,2.01,10.21,8.02
"2022-05-01 20:00:00",19.07,41.88,2.14,10.46,9.11
"2022-05-01 21:00:00",16.84,35.22,1.54,8.01,7.41
"2022-05-01 22:00:00",30.69,12.87,1.97,11.9,10.92
"2022-05-01 23:00:00",33.92,6.12,2.76,18.75,16.29
"2022-05-02 00:00:00",28.11,6.5,2.45,21.11,19.35
"2022-05-02 01:00:00",15.75,17,2.1,7.96,6.97
"2022-05-02 02:00:00",16.79,11.06,2.18,7.67,6.36
"2022-05-02 03:00:00",15.72,13.26,2.23,7.18,6.14
"2022-05-02 04:00:00",17.98,17.26,1.94,11.95,10.94
"2022-05-02 05:00:00",18.11,7.32,2.24,10.15,8.8
"2022-05-02 06:00:00",32.08,8.4,1.56,18.87,17.14
"2022-05-02 07:00:00",29.27,27.29,2.05,20.15,19.17
"2022-05-02 08:00:00",27.51,27.54,2.09,20.13,19.1
"2022-05-02 09:00:00",30.19,24.84,2.02,19.68,18.04
"2022-05-02 10:00:00",21.94,40.63,1.99,9.85,8.47
"2022-05-02 11:00:00",23.79,42.85,2.18,8.13,7.11
"2022-05-02 12:00:00",20.58,50.54,1.6,8.05,6.98
"2022-05-02 13:00:00",19.35,53.43,0.41,9.06,7.75
"2022-05-02 14:00:00",15.25,52.56,2.4,11.65,10.2
"2022-05-02 15:00:00",18.43,51.98,2,10.62,9.05
"2022-05-02 16:00:00",28.87,48.83,2.21,8.95,7.97
"2022-05-02 17:00:00",23.71,53.09,2.33,9.73,8.54
"2022-05-02 18:00:00",27.99,49.28,2.11,11.32,10.17
"2022-05-02 19:00:00",24.85,51.24,2.1,16.2,14.13
"2022-05-02 20:00:00",26.97,36.08,2.14,14,12.67
"2022-05-02 21:00:00",33.58,27.42,2.15,19,17.27
"2022-05-02 22:00:00",35.04,24.54,2.51,17.27,15.77
"2022-05-02 23:00:00",48.03,10.83,2.42,12.3,11.41
"2022-05-03 00:00:00",56.73,4.42,3.43,11.66,10.49
"2022-05-03 01:00:00",50.89,4.39,3.41,10.22,9.17
"2022-05-03 02:00:00",51.03,5.21,3.42,10.3,9.05
"2022-05-03 03:00:00",27.8,26.55,2.51,11.25,10.61
"2022-05-03 04:00:00",28.02,20.95,2.27,13.24,12.31
"2022-05-03 05:00:00",37.88,11.23,2.5,12.56,11.83
"2022-05-03 06:00:00",23.2,28.78,2.25,9.95,9.35
"2022-05-03 07:00:00",32.32,17.33,2.51,10.89,9.79
"2022-05-03 08:00:00",31.91,17.34,2.9,12.6,11.14
"2022-05-03 09:00:00",27.02,22.85,2.74,17.87,12.13
"2022-05-03 10:00:00",21.48,30.49,2.44,12.21,10.1
"2022-05-03 11:00:00",23.51,33.8,2.4,11.96,8.66
"2022-05-03 12:00:00",21.88,36.81,2.38,11.66,8.37
"2022-05-03 13:00:00",24.03,31.26,2.79,12.35,8.74
"2022-05-03 13:01:00",,,,,
"2022-05-03 14:01:00",,,,,
"2022-05-04 00:00:00",5.45,52.38,2.26,5.69,4.59
"2022-05-04 01:00:00",4.29,57.04,2.34,4.11,3.13
"2022-05-04 02:00:00",4.49,57.37,1.48,3.45,2.38
"2022-05-04 03:00:00",2.82,56.04,1.71,2.24,1.53
"2022-05-04 04:00:00",2.92,53.41,1.89,2.26,1.35
"2022-05-04 05:00:00",3.75,50.99,2.01,2.08,1.26
"2022-05-04 06:00:00",6.8,47.72,1.94,2.47,1.34
"2022-05-04 07:00:00",13.27,45.36,1.95,2.53,1.23
"2022-05-04 08:00:00",14.08,44.03,2.33,3.11,1.44
"2022-05-04 09:00:00",16.01,51.93,2.42,4.1,1.49
"2022-05-04 10:00:00",6.45,61.86,1.97,3.53,1.35
"2022-05-04 11:00:00",7.83,58.49,2.14,4.22,1.73
"2022-05-04 12:00:00",12.44,57.32,2.51,5.75,2.61
"2022-05-04 13:00:00",6.54,68.6,2.2,9.25,4.98
"2022-05-04 14:00:00",6.05,70.07,1.44,8.98,4.93
"2022-05-04 15:00:00",8.29,68.91,2.22,8.67,4.75
"2022-05-04 16:00:00",4.42,75,2.19,7.83,4.21
"2022-05-04 17:00:00",5.39,73.92,2.35,554.63,99.17
"2022-05-04 18:00:00",5.66,73,2.33,633.74,112.35
"2022-05-04 19:00:00",8.6,66.98,2.08,15.29,5.84
"2022-05-04 20:00:00",14.56,60,2.05,10.44,6.14
"2022-05-04 21:00:00",23.88,57,2.39,11.18,6.97
"2022-05-04 22:00:00",31.81,50.58,2.83,10.77,6.15
"2022-05-04 22:01:00",,,,,
"2022-05-04 23:01:00",,,,,
"2022-05-05 03:00:00",3.22,63.93,2.18,8.72,6.48
"2022-05-05 04:00:00",3.18,65.82,2.14,9.42,6.4
"2022-05-05 05:00:00",4.75,68.27,1.89,8.02,5.54
"2022-05-05 06:00:00",10.56,64.85,2.14,8.56,5.41
"2022-05-05 07:00:00",15.31,60.23,2.42,10.37,5.33
"2022-05-05 08:00:00",18.86,54.06,2.41,9.67,3.72
"2022-05-05 09:00:00",20.4,46.87,2.43,9.68,4.01
"2022-05-05 10:00:00",15.35,47.59,2.83,9.06,4.66
"2022-05-05 11:00:00",8.21,52.61,2.31,6.82,3.38
"2022-05-05 12:00:00",8.95,50.7,1.69,8.25,3.14
"2022-05-05 13:00:00",10.77,49.29,1.84,7.77,3.16
"2022-05-05 14:00:00",9.03,51.9,1.51,7.86,2.65
"2022-05-05 15:00:00",7.42,52.39,2.1,6.8,2.98
"2022-05-05 16:00:00",14.28,45.81,2.11,7.87,3.22
"2022-05-05 17:00:00",20.86,44.78,2.77,7.54,3.5
"2022-05-05 18:00:00",16.15,49.38,2.16,7.24,3.95
"2022-05-05 19:00:00",13.98,48.06,2.44,9.46,6.24
"2022-05-05 20:00:00",17.1,41.32,2.25,10.41,6.54
"2022-05-05 21:00:00",19.52,33.37,1.8,15.93,11.51
"2022-05-05 22:00:00",13.62,40.42,1.66,8.79,5.31
"2022-05-05 23:00:00",20,38.66,2.73,11.38,5.89
"2022-05-06 00:00:00",7.18,40.83,2.06,7.02,4.31
"2022-05-06 01:00:00",4.93,41.38,1.96,6.2,3.21
"2022-05-06 02:00:00",4.35,39.59,1.97,5.59,3.38
"2022-05-06 03:00:00",3.5,43.78,2.14,5,3.1
"2022-05-06 04:00:00",2.45,43.69,2.09,4.37,2.91
"2022-05-06 05:00:00",2.52,42.99,2.14,4.88,2.87
"2022-05-06 06:00:00",5.54,45.53,2.11,3.55,1.88
"2022-05-06 07:00:00",11.07,44.49,2.5,5.69,1.8
"2022-05-06 08:00:00",13.27,42.59,2.47,5.2,1.53
"2022-05-06 09:00:00",10.19,46.33,2.35,6.81,1.9
"2022-05-06 10:00:00",7.54,45.45,1.73,4.72,1.57
"2022-05-06 11:00:00",9.27,41.01,2.02,6.33,1.97
"2022-05-06 12:00:00",7.85,40.57,1.97,2.92,1.27
"2022-05-06 13:00:00",14.41,44.21,2.25,1.81,0.92
"2022-05-06 14:00:00",11.42,58.34,2.08,2.47,0.95
"2022-05-06 15:00:00",23.69,45.7,2.78,5.72,2.19
"2022-05-06 16:00:00",22.7,34.23,1.74,4.57,2.7
"2022-05-06 17:00:00",12.82,41.55,1.52,7.56,6.23
"2022-05-06 18:00:00",13.17,45.21,1.76,4.25,3.24
"2022-05-06 19:00:00",16.32,41.47,2.29,4.26,2.73
"2022-05-06 20:00:00",17.69,42.44,2.07,6.22,3.61
"2022-05-06 21:00:00",22.33,32.28,2,9.64,7.18
"2022-05-06 22:00:00",18.73,32.54,1.97,8.02,6.62
"2022-05-06 23:00:00",18.84,28.25,2.3,8.33,6.52
"2022-05-07 00:00:00",9.54,33,2.01,6.78,4.75
"2022-05-07 01:00:00",9.42,26.18,2.11,7.27,5.7
"2022-05-07 02:00:00",11.01,19.76,2.15,7.96,6.11
"2022-05-07 03:00:00",12.16,17.93,2.25,8.37,5.94
"2022-05-07 04:00:00",11.8,24.12,2.29,8.82,6.88
"2022-05-07 05:00:00",6.58,31.39,1.92,8.86,6.71
"2022-05-07 06:00:00",9.18,27.31,1.76,9.48,7.02
"2022-05-07 07:00:00",10.64,24.12,1.84,11,8.86
"2022-05-07 08:00:00",11.01,29.4,1.95,6.87,5.79
"2022-05-07 09:00:00",9.51,34.1,1.83,6.01,4.67
"2022-05-07 10:00:00",10.64,35.49,1.53,6.46,5.09
"2022-05-07 11:00:00",12.75,38.05,1.94,8.7,6.6
"2022-05-07 12:00:00",16.03,38.28,2.14,10.63,8.61
"2022-05-07 13:00:00",11.84,45.2,1.97,11.76,9.36
"2022-05-07 14:00:00",11.88,50.03,2.18,11.24,9.27
"2022-05-07 15:00:00",9.39,64.76,2.22,12.03,9.78
"2022-05-07 15:01:00",,,,,
"2022-05-07 16:01:00",,,,,
"2022-05-08 10:00:00",8.16,59.04,2.14,7.43,5.01
"2022-05-08 11:00:00",8.38,63,2.16,7.65,4.9
"2022-05-08 12:00:00",7.48,62.16,1.72,8.17,6.16
"2022-05-08 13:00:00",6.63,67.49,1.72,7.53,5.44
"2022-05-08 14:00:00",6.4,71.89,2.16,5.08,3.28
"2022-05-08 15:00:00",6.41,74.99,2.59,8.33,5.59
"2022-05-08 16:00:00",6.78,73.78,2.51,5.44,3.86
"2022-05-08 17:00:00",4.59,79.76,2.28,8.23,6.63
"2022-05-08 18:00:00",3.62,76.35,2.25,5.97,4.06
"2022-05-08 19:00:00",4.22,72.8,1.86,4.89,3.4
"2022-05-08 20:00:00",4.55,70.6,2.21,6.53,4.84
"2022-05-08 21:00:00",6.13,65.55,2.12,6.71,4.93
"2022-05-08 22:00:00",5.16,66.79,2.22,4.13,3.24
"2022-05-08 23:00:00",8.78,54.94,2.01,5.46,4.14
"2022-05-09 00:00:00",6.97,55.02,1.88,5.46,4.03
"2022-05-09 01:00:00",1.72,78.98,2.13,4.37,2.54
"2022-05-09 02:00:00",1.09,79.77,1.99,3.73,2.65
"2022-05-09 03:00:00",1.55,78.71,1.81,5.84,4.65
"2022-05-09 04:00:00",1.9,79.79,2.13,6.11,4.5
"2022-05-09 05:00:00",3.2,76.38,2.19,6.07,4.41
"2022-05-09 06:00:00",5.4,78.86,2.49,7.6,5.3
"2022-05-09 07:00:00",5.79,76.86,2.2,8.16,5.65
"2022-05-09 08:00:00",10.42,71.17,2.37,7.66,5.26
"2022-05-09 09:00:00",9.15,72.2,2.44,5.42,3.86
"2022-05-09 10:00:00",7.84,72.94,2.11,7.6,4.92
"2022-05-09 11:00:00",11.05,72.39,2.23,7.89,4.81
"2022-05-09 12:00:00",8.98,73.59,2.1,5.9,3.83
"2022-05-09 13:00:00",7.59,72.82,2.38,3.87,2.2
"2022-05-09 14:00:00",5.52,72.66,2.1,3.93,1.99
"2022-05-09 15:00:00",4.98,70.85,1.88,2.84,1.45
"2022-05-09 16:00:00",4.58,71.54,2.15,1.72,0.84
"2022-05-09 17:00:00",4.28,72.08,2.07,2.1,1.02
"2022-05-09 18:00:00",4.52,71.22,2.47,2.69,1.47
"2022-05-09 19:00:00",5.02,69.27,2.47,3.37,2.21
"2022-05-09 20:00:00",4,68.88,2.45,3.27,2.16
"2022-05-09 21:00:00",4.87,64.72,2.28,2.87,1.97
"2022-05-09 22:00:00",4.94,76.63,2.26,5.49,2.91
"2022-05-09 23:00:00",5.4,75.16,2.14,6.82,3.5
"2022-05-10 00:00:00",1.71,75.97,2.02,8.65,4.34
"2022-05-10 01:00:00",1.61,72.65,2.31,9.73,5.34
"2022-05-10 02:00:00",1.2,69.63,2.39,9.59,5.18
"2022-05-10 03:00:00",0.9,68.29,2.19,10.36,5.37
"2022-05-10 04:00:00",0.92,69.66,2.26,9.96,5.27
"2022-05-10 05:00:00",1.09,68.23,1.89,10.33,5.43
"2022-05-10 06:00:00",2.99,64.85,2.03,10.9,5.45
"2022-05-10 07:00:00",4.84,61.94,1.95,10.12,5.02
"2022-05-10 08:00:00",9.23,59.12,2.34,10.03,4.82
"2022-05-10 09:00:00",5.84,63.22,2.64,9.6,4.33
"2022-05-10 10:00:00",4.87,67.18,2.29,11.21,4.39
"2022-05-10 11:00:00",4.29,69.4,2.32,11.9,4.37
"2022-05-10 12:00:00",5.98,67.93,1.9,11.5,4.33
"2022-05-10 13:00:00",5.42,68.18,1.69,12.59,4.49
"2022-05-10 14:00:00",4.54,70.49,2.2,8.99,3.47
"2022-05-10 15:00:00",3.39,75.53,2.41,9.02,3.61
"2022-05-10 16:00:00",6.58,74.78,2.44,10.02,3.48
"2022-05-10 17:00:00",8.38,68.66,2.65,8.39,3.75
"2022-05-10 18:00:00",5.38,70.31,2.67,7.97,3.38
"2022-05-10 19:00:00",4.48,73.7,2.37,5.5,2.19
"2022-05-10 20:00:00",5.35,70.85,2.14,4.93,2.63
"2022-05-10 21:00:00",2.8,72.92,2.09,5.64,2.81
"2022-05-10 22:00:00",2.59,71.9,2.07,5.36,3.14
"2022-05-10 23:00:00",1.69,73.22,2.33,6.88,3.88
"2022-05-11 00:00:00",1,74.67,2.24,6.09,3.6
"2022-05-11 01:00:00",0.92,77.27,2.01,4.83,2.99
"2022-05-11 02:00:00",0.82,76.72,2.36,4.71,2.98
"2022-05-11 03:00:00",0.95,73.63,1.8,5.42,3.26
"2022-05-11 04:00:00",0.78,72.46,2.28,5.53,3.31
"2022-05-11 05:00:00",1.38,73.24,2.19,6.59,3.6
"2022-05-11 06:00:00",4.63,66.94,2.26,6.97,3.59
"2022-05-11 07:00:00",8.62,61.78,2.25,7.85,3.89
"2022-05-11 08:00:00",12.14,57.81,2.54,9.16,4.17
"2022-05-11 09:00:00",8.85,55.61,2.83,8.78,3.96
"2022-05-11 10:00:00",8.33,57.6,2.47,5.09,2.85
"2022-05-11 11:00:00",5.04,61.99,2.04,5.16,2.28
"2022-05-11 12:00:00",6.57,62.62,1.78,5.41,2.59
"2022-05-11 13:00:00",6.4,66.74,1.7,6.34,2.95
"2022-05-11 14:00:00",4.86,66.47,2.29,7.53,2.9
"2022-05-11 15:00:00",6.23,64.13,2.63,6.6,2.66
"2022-05-11 16:00:00",5.42,62.32,2.78,7.03,2.73
"2022-05-11 17:00:00",7.83,63.96,2.46,4.49,1.8
"2022-05-11 18:00:00",8.59,65.11,2.59,3.44,1.71
"2022-05-11 19:00:00",8.47,63.59,2.48,4.34,2.25
"2022-05-11 20:00:00",12.38,53.61,2.18,7.55,3.54
"2022-05-11 21:00:00",11.99,52.92,2.2,7.13,3.63
"2022-05-11 22:00:00",7.69,53.21,1.79,6.65,3.66
"2022-05-11 23:00:00",7.02,54.43,2.04,7.88,3.56
"2022-05-12 00:00:00",9.81,52.87,2.61,8.27,3.69
"2022-05-12 01:00:00",3.4,55.74,2.14,7.64,3.82
"2022-05-12 02:00:00",3.18,57.03,2.22,8.21,4.11
"2022-05-12 03:00:00",3.49,56.2,2.54,8.43,4.22
"2022-05-12 04:00:00",3.8,57.4,2.43,9.49,4.42
"2022-05-12 05:00:00",4.36,59.62,2.2,11.27,4.94
"2022-05-12 06:00:00",8.57,57.53,2.1,11.7,5.17
"2022-05-12 07:00:00",12.07,54.4,2.28,12.9,5.17
"2022-05-12 08:00:00",18.09,55.29,2.32,12.79,5.33
"2022-05-12 09:00:00",7.5,65.91,1.62,11.84,5.3
"2022-05-12 10:00:00",4.17,79.28,2.1,8.2,4.39
"2022-05-12 11:00:00",4.1,77.08,2.28,7.99,3.63
"2022-05-12 12:00:00",6.24,77.01,2.11,8.47,3.65
"2022-05-12 13:00:00",5.64,76.09,1.92,8.25,3.3
"2022-05-12 14:00:00",5.57,71.21,1.9,6.97,2.46
"2022-05-12 15:00:00",5.61,68.57,2.06,3.82,1.27
"2022-05-12 16:00:00",10.55,62.65,1.89,3.98,1.4
"2022-05-12 17:00:00",7.57,66.63,1.71,5.16,1.87
"2022-05-12 18:00:00",9.16,66.96,2.59,11.11,2.99
"2022-05-12 19:00:00",7.64,72.42,2.13,7.53,3
"2022-05-12 20:00:00",9.85,69.58,1.93,7.56,3.72
"2022-05-12 21:00:00",6.18,72.95,2.41,7.56,4.89
"2022-05-12 22:00:00",2.91,75.5,2.51,11.22,6.6
"2022-05-12 23:00:00",2.45,77.14,2.36,13.72,7.37
"2022-05-13 00:00:00",1.69,76.4,2.01,13.55,7.79
"2022-05-13 01:00:00",1.06,77.09,2.11,13.07,7.54
"2022-05-13 02:00:00",0.87,76.89,2.04,11.72,6.94
"2022-05-13 03:00:00",1.31,77.68,2.05,12.95,7.28
"2022-05-13 04:00:00",0.78,78.22,1.91,13.16,7.3
"2022-05-13 05:00:00",1.49,78.48,1.84,12.62,7.07
"2022-05-13 06:00:00",3.9,77.23,2.18,13.89,7.32
"2022-05-13 07:00:00",5.76,76.07,2,14.66,7.4
"2022-05-13 08:00:00",8.79,75.02,2.12,17.38,8.47
"2022-05-13 09:00:00",8.64,78.48,2.36,20.5,9.65
"2022-05-13 10:00:00",7.03,81.82,2.28,24.83,10.99
"2022-05-13 11:00:00",10.7,80.46,1.51,23.94,11.3
"2022-05-13 12:00:00",8.46,82.16,2.26,26.13,11.54
"2022-05-13 13:00:00",5.95,83.2,2.55,21.14,10.9
"2022-05-13 14:00:00",5.85,81.9,2.3,22.8,10.9
"2022-05-13 15:00:00",57.14,69.12,5.21,20.39,10.43
"2022-05-13 16:00:00",30.24,74.51,3.22,19.58,10.39
"2022-05-13 17:00:00",9.12,83.11,2.31,15.01,8.8
"2022-05-13 18:00:00",10.11,83.12,2.91,16.1,8.94
"2022-05-13 19:00:00",9.85,79.18,2.33,14.29,8.42
"2022-05-13 20:00:00",9.22,76.43,2.34,16.88,9.4
"2022-05-13 21:00:00",9.27,75.96,2.6,18.35,10.05
"2022-05-13 22:00:00",5.91,79.83,2.49,15.84,9.78
"2022-05-13 23:00:00",7.1,72.35,2.32,19.11,11.07
"2022-05-14 00:00:00",6.35,72.62,2.3,19.22,11.7
"2022-05-14 01:00:00",5,75.72,2.34,20.09,11.85
"2022-05-14 01:01:00",,,,,
"2022-05-14 02:01:00",,,,,
"2022-05-14 16:00:00",14.76,74.69,2.57,11.99,8.47
"2022-05-14 17:00:00",17.75,70.28,2.52,12.76,9.34
"2022-05-14 18:00:00",20.03,69.69,2.6,16.61,12.7
"2022-05-14 19:00:00",20.33,70.52,2.83,18.45,14.3
"2022-05-14 20:00:00",18.24,64.79,2.69,16.29,12.91
"2022-05-14 21:00:00",19.89,58.3,2.45,19.3,15.45
"2022-05-14 22:00:00",22.87,54.04,2.01,21.08,18.39
"2022-05-14 23:00:00",13.18,64.55,2.19,16.43,14.36
"2022-05-15 00:00:00",10.83,62.66,1.51,14.17,11.01
"2022-05-15 01:00:00",11.18,56.24,2.31,14.15,10.89
"2022-05-15 02:00:00",10.63,56.31,2.1,15.15,11.3
"2022-05-15 03:00:00",8.75,61.58,1.62,15.37,11.08
"2022-05-15 04:00:00",6.36,63.08,2.18,15.77,11.08
"2022-05-15 05:00:00",9.15,59.42,2.29,15.23,10.85
"2022-05-15 06:00:00",11.76,59.9,2.19,13.24,9.63
"2022-05-15 07:00:00",21.51,53.62,2.23,13.33,9.09
"2022-05-15 08:00:00",29.84,48.02,2.72,19.23,11.01
"2022-05-15 09:00:00",11.62,69.81,2.74,16.54,10.89
"2022-05-15 10:00:00",25.91,67.68,2.89,15.01,10.54
"2022-05-15 11:00:00",7.24,76.15,2.64,14.49,10.33
"2022-05-15 12:00:00",24.07,62.53,3.44,15.84,11.05
"2022-05-15 13:00:00",31.05,54.29,3.43,17.87,11.53
"2022-05-15 14:00:00",24.61,63.54,2.93,18.59,12.25
"2022-05-15 15:00:00",15.67,72.34,2.17,15.35,11.59
"2022-05-15 16:00:00",15.98,86.72,2.13,13.16,9.93
"2022-05-15 17:00:00",16.46,88.05,2.14,17.08,12.41
"2022-05-15 18:00:00",24.15,78.58,2.22,17.84,13.69
"2022-05-15 19:00:00",18.23,83.61,2.37,20.27,15.59
"2022-05-15 20:00:00",24.97,71.55,2.2,22.15,17.71
"2022-05-15 21:00:00",28.5,61.62,2.03,16.02,12.27
"2022-05-15 22:00:00",21.24,66.57,2.06,14.56,11.29
"2022-05-15 23:00:00",14.23,72.49,2.08,13.03,9.55
"2022-05-16 00:00:00",10.66,67.27,1.94,10.95,8.19
"2022-05-16 01:00:00",6.88,65.02,2.15,5.49,4.38
"2022-05-16 02:00:00",5.1,68.01,2.32,4.85,3.07
"2022-05-16 03:00:00",4.6,64.9,2,5.86,3.99
"2022-05-16 04:00:00",5.51,60.34,2.11,7.04,5.78
"2022-05-16 05:00:00",6.33,57.04,2.23,6.64,5.66
"2022-05-16 06:00:00",13.64,45.79,1.72,5.32,4.7
"2022-05-16 07:00:00",26.14,28.89,2.38,4.08,3.04
"2022-05-16 08:00:00",33.73,24.33,2.62,6.99,4.3
"2022-05-16 09:00:00",23.96,37.12,2.8,7.63,4.76
"2022-05-16 10:00:00",11.72,45.4,1.62,5.36,3.02
"2022-05-16 11:00:00",6.52,62.51,0.86,5.03,3.16
"2022-05-16 12:00:00",5.6,65.66,2.14,8,5.17
"2022-05-16 13:00:00",6.32,63.78,2.32,7.62,5.47
"2022-05-16 14:00:00",6.05,68.71,2,6.87,4.64
"2022-05-16 15:00:00",5.24,73.82,1.84,10.76,7.06
"2022-05-16 16:00:00",5.15,82.02,1.74,10.83,5.36
"2022-05-16 17:00:00",4.28,84.25,1.84,7.16,4.24
"2022-05-16 18:00:00",4.19,81,1.49,9.72,5.54
"2022-05-16 19:00:00",5.27,78.71,2.15,9.93,5.78
"2022-05-16 20:00:00",5.11,80.63,1.86,11.08,6.3
"2022-05-16 21:00:00",4.61,80.82,1.98,12.26,7.31
"2022-05-16 22:00:00",4.44,83.31,1.85,13.42,7.85
"2022-05-16 23:00:00",1.89,84.45,1.91,16.07,9.31
"2022-05-17 00:00:00",2.18,80.06,1.9,17.57,10.48
"2022-05-17 01:00:00",1.89,88.24,1.96,16.87,10.48
"2022-05-17 02:00:00",1.01,93.45,1.89,16.36,10.46
"2022-05-17 03:00:00",1.1,94.28,1.35,14.98,9.97
"2022-05-17 04:00:00",1.86,86.44,1.84,15.51,10.25
"2022-05-17 05:00:00",2.78,79.9,0.56,12.96,8.55
"2022-05-17 06:00:00",5.52,71.33,1.32,5.61,4.04
"2022-05-17 07:00:00",18.61,50.93,2.04,2.36,1.1
"2022-05-17 08:00:00",29.95,40.18,1.87,5.97,2.51
"2022-05-17 09:00:00",19.36,53.65,1.57,12.44,6.34
"2022-05-17 10:00:00",19.36,50.81,2.05,12.7,7.43
"2022-05-17 11:00:00",10,68,2,15,8.43
"2022-05-17 12:00:00",10.52,66.6,1.99,13.03,8
"2022-05-17 13:00:00",14.04,61.95,1.59,5.34,3.82
"2022-05-17 14:00:00",20.35,59.58,2.41,3.45,2.06
"2022-05-17 15:00:00",22.11,44.84,2.49,8.09,4.73
"2022-05-17 16:00:00",24.21,42.12,2.32,9.23,6.36
"2022-05-17 17:00:00",27.66,39.02,2.38,11.35,8.87
"2022-05-17 18:00:00",30.84,34.25,1.98,8.55,6.63
"2022-05-17 19:00:00",10.78,79.58,2.01,3.14,2.2
"2022-05-17 20:00:00",8.61,83.2,1.84,2.79,1.84
"2022-05-17 21:00:00",12.31,72.52,1.5,4.04,2.85
"2022-05-17 22:00:00",9.46,70.88,1.74,4.69,2.97
"2022-05-17 23:00:00",6.03,76.83,1.8,4.91,2.76
"2022-05-18 00:00:00",1.83,89.49,1.75,5.2,2.85
"2022-05-18 01:00:00",0.86,94.46,1.27,9.47,4.91
"2022-05-18 02:00:00",0.54,93.53,1.86,9.76,5.14
"2022-05-18 03:00:00",0.57,93.86,1.76,10.46,5.2
"2022-05-18 04:00:00",0.56,95.33,2.27,12.3,5.98
"2022-05-18 05:00:00",1.25,94.85,1.65,12.21,5.93
"2022-05-18 06:00:00",6.67,84.12,1.44,11.94,5.97
"2022-05-18 07:00:00",9.13,80.67,0.44,11.81,5.77
"2022-05-18 08:00:00",12.1,76.99,1.49,12.73,5.99
"2022-05-18 09:00:00",16.51,73.77,2.02,11.5,5.63
"2022-05-18 10:00:00",6.13,87.31,1.9,9.94,5.32
"2022-05-18 11:00:00",5.72,89.07,2.19,9.33,4.94
"2022-05-18 12:00:00",5.85,89.85,1.89,12.06,6.73
"2022-05-18 13:00:00",6.78,89.32,1.78,12.34,7.29
"2022-05-18 14:00:00",7.1,88.63,1.89,11.66,6.88
"2022-05-18 15:00:00",6.33,91.25,1.98,12.36,7.54
"2022-05-18 16:00:00",5.14,88.33,2.19,13.2,7.36
"2022-05-18 17:00:00",5,87.01,2.16,12.02,7.6
"2022-05-18 18:00:00",5.23,83.72,1.91,11.83,7.19
"2022-05-18 19:00:00",5.52,86.37,1.84,10.76,6.89
"2022-05-18 20:00:00",5.64,98.74,1.83,4.59,3.04
"2022-05-18 21:00:00",5.69,97.96,1.86,7.05,4.31
"2022-05-18 22:00:00",3.47,97.91,2.02,8.42,4.76
"2022-05-18 23:00:00",1.82,99.36,1.88,6.39,3.72
"2022-05-19 00:00:00",2.19,90.83,1.98,5.04,2.75
"2022-05-19 01:00:00",2.7,82.05,1.96,5.67,2.66
"2022-05-19 02:00:00",0.85,80.32,1.59,5.9,2.81
"2022-05-19 03:00:00",1.5,77.16,1.51,8.32,3.58
"2022-05-19 04:00:00",1.05,74.75,1.76,7.2,3.6
"2022-05-19 05:00:00",2.19,69.9,1.68,8.8,3.96
"2022-05-19 06:00:00",9.33,63.82,1.71,11.66,4.69
"2022-05-19 07:00:00",8.53,68.98,1.42,10.55,4.8
"2022-05-19 08:00:00",10.64,64.13,1.93,9.58,4.74
"2022-05-19 09:00:00",5.84,69.89,2.17,8.81,4.11
"2022-05-19 10:00:00",5.63,73.09,2.27,8.33,3.92
"2022-05-19 11:00:00",3.97,78.53,1.99,8.08,3.92
"2022-05-19 12:00:00",3.77,83.62,2.08,6.83,3.4
"2022-05-19 13:00:00",6.61,84.21,1.18,7.44,3.2
"2022-05-19 14:00:00",4.4,86.77,1.54,6.83,3.27
"2022-05-19 15:00:00",3.56,89.22,1.81,5.86,3.04
"2022-05-19 16:00:00",4.27,93.64,1.79,6.5,3.01
"2022-05-19 17:00:00",5.21,97.3,2.18,5.53,2.8
"2022-05-19 18:00:00",5.67,97.7,1.91,5.6,3.07
"2022-05-19 19:00:00",6.19,94.76,1.9,6.03,3.19
"2022-05-19 20:00:00",6.03,91.17,2.07,5.9,3.26
"2022-05-19 21:00:00",6.08,90.1,1.8,5.6,3.19
"2022-05-19 22:00:00",4.07,91,1.68,6.23,3.28
"2022-05-19 23:00:00",2.82,95.44,1.76,6.53,3.22
"2022-05-20 00:00:00",3.35,93.55,1.74,6.09,3.25
"2022-05-20 01:00:00",1.65,92.85,1.91,6.32,3.43
"2022-05-20 02:00:00",2.67,86.22,1.57,5.86,3.32
"2022-05-20 03:00:00",2.19,86.89,1.82,5.6,2.89
"2022-05-20 04:00:00",0.87,89.65,1.51,5.73,2.93
"2022-05-20 05:00:00",1.51,90.71,1.63,6.48,2.89
"2022-05-20 06:00:00",10.66,84.9,2.15,5.63,2.93
"2022-05-20 07:00:00",9.98,76.38,1.99,5.79,2.78
"2022-05-20 08:00:00",8.2,77.65,1.96,7.1,3.27
"2022-05-20 09:00:00",5.76,80.94,1.87,6.73,3.16
"2022-05-20 10:00:00",4.81,82.82,1.86,5.86,2.87
"2022-05-20 11:00:00",5.61,84.49,1.97,6.57,3.09
"2022-05-20 12:00:00",5.77,81,1.63,4.45,2.73
"2022-05-20 13:00:00",6.03,80.63,1.58,2.53,1.59
"2022-05-20 14:00:00",6.35,72.85,1.99,3.18,1.37
"2022-05-20 15:00:00",9,65.78,2.09,5.71,2.15
"2022-05-20 15:01:00",,,,,
"2022-05-20 16:01:00",,,,,
"2022-05-20 18:00:00",7.31,65.24,2.31,5.13,2.61
"2022-05-20 19:00:00",4.83,64.92,2.18,5.72,2.91
"2022-05-20 20:00:00",5.85,63.36,1.76,6.48,3.49
"2022-05-20 21:00:00",6.17,64.86,1.65,10.93,4.63
"2022-05-20 22:00:00",5.72,64.46,1.77,9.98,4.5
"2022-05-20 23:00:00",4.95,66.91,1.75,6.56,3.72
"2022-05-21 00:00:00",5.95,63.99,1.51,6.72,3.77
"2022-05-21 01:00:00",3.9,66.54,1.76,6.88,3.69
"2022-05-21 02:00:00",2.84,69.8,1.87,6.86,3.35
"2022-05-21 03:00:00",3,68.63,1.61,6.76,3.78
"2022-05-21 04:00:00",2.97,67.06,1.31,6.94,3.97
"2022-05-21 05:00:00",2.32,64.58,1.77,7.78,4.25
"2022-05-21 06:00:00",3.43,59.46,1.5,9.7,4.91
"2022-05-21 07:00:00",3.67,60.75,1.44,10.39,5.23
"2022-05-21 08:00:00",5.28,58.63,1.5,10,5.2
"2022-05-21 09:00:00",6.91,63.06,1.48,9.1,4.93
"2022-05-21 10:00:00",4.84,63.54,1.53,8.32,4.59
"2022-05-21 11:00:00",5.08,63.17,1.65,7.52,4.24
"2022-05-21 12:00:00",5.11,67.82,1.71,5.94,3.55
"2022-05-21 12:01:00",,,,,
"2022-05-21 13:01:00",,,,,
"2022-05-21 15:00:00",18.17,63.25,2.11,5.68,3.87
"2022-05-21 16:00:00",4.71,70.01,1.48,6.2,4.09
"2022-05-21 17:00:00",4.14,69.33,1.29,6.74,4.18
"2022-05-21 18:00:00",5.51,69.92,1.68,7.03,4.34
"2022-05-21 19:00:00",5.15,71.02,1.99,6.28,4.12
"2022-05-21 20:00:00",3.45,73.87,1.64,5.91,3.49
"2022-05-21 21:00:00",4.01,72.55,1.79,4.73,3.11
"2022-05-21 22:00:00",3.63,71.22,1.78,4.07,2.55
"2022-05-21 23:00:00",5.07,68.93,1.46,3.98,2.69
"2022-05-22 00:00:00",2.32,73.99,1.63,4.04,2.92
"2022-05-22 01:00:00",1.1,75.09,1.72,3.56,2.64
"2022-05-22 02:00:00",1.66,77.43,3.63,2.94,2.16
"2022-05-22 03:00:00",1.62,74.45,1.79,2.35,1.79
"2022-05-22 04:00:00",2.07,71.5,1.76,2.61,2.08
"2022-05-22 05:00:00",1.58,73.48,1.79,1.86,1.44
"2022-05-22 06:00:00",1.28,71.6,2.13,1.33,0.82
"2022-05-22 07:00:00",1.53,71.2,2.02,0.89,0.55
"2022-05-22 08:00:00",2.04,66.84,1.69,1.24,0.65
"2022-05-22 09:00:00",1.82,65.76,1.7,1.65,0.95
"2022-05-22 10:00:00",4.32,64.87,1.9,4.42,2.68
"2022-05-22 11:00:00",2.72,66.27,1.72,3.59,1.93
"2022-05-22 12:00:00",3.35,70.32,1.98,4.34,2.55
"2022-05-22 13:00:00",4.32,69.77,2.02,4.84,2.94
"2022-05-22 14:00:00",6.32,68.79,1.05,5.58,3.11
"2022-05-22 15:00:00",2.96,71.15,1.44,5.67,3.33
"2022-05-22 16:00:00",2.9,72.27,2.15,3.83,2.21
"2022-05-22 17:00:00",3.97,72.89,1.96,2.89,1.66
"2022-05-22 18:00:00",4.8,70.87,1.89,2.61,1.61
"2022-05-22 19:00:00",3.84,68.51,2,2.13,1.42
"2022-05-22 20:00:00",3.96,64.16,1.91,3.55,2.58
"2022-05-22 21:00:00",5.74,58.38,1.94,5.16,3.19
"2022-05-22 22:00:00",8.7,51.02,2.1,5.26,2.98
"2022-05-22 23:00:00",3.98,59.13,1.8,4.93,2.71
"2022-05-23 00:00:00",3.35,58.27,1.92,5.07,2.66
"2022-05-23 01:00:00",2.66,57.66,2.04,4.55,2.59
"2022-05-23 02:00:00",2.24,62.24,2.2,3.73,2.11
"2022-05-23 03:00:00",1.81,64.04,2.04,4.29,2.94
"2022-05-23 04:00:00",1.87,63.53,1.89,3.97,2.47
"2022-05-23 05:00:00",4.62,61.14,1.99,2.62,1.75
"2022-05-23 06:00:00",9.61,54,1.67,3.58,1.88
"2022-05-23 07:00:00",10.88,50.6,1.76,3.83,1.83
"2022-05-23 08:00:00",11.36,51.94,1.79,4.71,2.13
"2022-05-23 09:00:00",8.98,56.77,1.88,4.86,2.14
"2022-05-23 10:00:00",7.53,62.13,2.19,4.67,2.02
"2022-05-23 11:00:00",5.1,66.3,2.13,4.91,1.94
"2022-05-23 12:00:00",6.27,62.08,1.16,5.19,1.71
"2022-05-23 13:00:00",7.54,56.82,1.78,3.07,1.33
"2022-05-23 14:00:00",10.14,53.14,2.2,2.8,1.29
"2022-05-23 15:00:00",8.9,59.68,1.94,3.87,1.26
"2022-05-23 16:00:00",6.41,65.07,1.95,1.72,0.79
"2022-05-23 17:00:00",11.36,62.22,2.17,2.67,1.26
"2022-05-23 18:00:00",16.93,54.17,2.1,4.22,2.37
"2022-05-23 19:00:00",8.77,61.19,1.74,3.4,1.62
"2022-05-23 20:00:00",11.9,56.7,2.06,5.75,4.43
"2022-05-23 21:00:00",16.33,48.3,2.33,3.47,1.88
"2022-05-23 22:00:00",11.44,45.82,2.03,3.89,2.23
"2022-05-23 23:00:00",6.91,48.89,1.27,3.02,1.78
"2022-05-24 00:00:00",6.19,45.83,2.03,2.82,1.88
"2022-05-24 01:00:00",5.91,45.32,1.81,2.92,1.59
"2022-05-24 02:00:00",7.61,43.65,1.89,3.05,1.58
"2022-05-24 03:00:00",5.53,46.04,2.11,3.04,1.68
"2022-05-24 04:00:00",3.28,47.54,2.35,2.99,1.63
"2022-05-24 05:00:00",3.86,45.74,1.92,3.29,1.7
"2022-05-24 06:00:00",9.29,38.59,2.06,3.67,1.83
"2022-05-24 07:00:00",11.34,36.3,1.94,4.97,2.31
"2022-05-24 08:00:00",12.15,40.61,1.86,4.96,1.92
"2022-05-24 09:00:00",8.77,51.37,1.88,3.9,1.45
"2022-05-24 10:00:00",5.1,59.14,2.06,3.72,1.45
"2022-05-24 11:00:00",7.39,63.27,2.31,3.74,1.42
"2022-05-24 12:00:00",6.23,64.2,2.06,4.37,1.4
"2022-05-24 13:00:00",7.62,59.59,2.11,3.5,1.47
"2022-05-24 14:00:00",32.62,43.21,3.46,3.2,1.29
"2022-05-24 15:00:00",42.73,39.04,6.18,4.18,1.3
"2022-05-24 16:00:00",8.77,64.27,1.55,3.96,1.45
"2022-05-24 17:00:00",10.57,61.43,1.98,3.99,1.63
"2022-05-24 18:00:00",6.66,62.16,2.01,3.46,1.2
"2022-05-24 19:00:00",5.07,62.3,2.06,3.01,1.42
"2022-05-24 20:00:00",8.16,59.28,2.43,5.04,2.01
"2022-05-24 21:00:00",6.61,59.59,2.08,4.83,2.49
"2022-05-24 22:00:00",5.45,70.72,1.79,8.15,3.22
"2022-05-24 23:00:00",2.74,75.57,1.44,5.33,2.61
"2022-05-25 00:00:00",1.51,74.66,1.72,4.62,2.43
"2022-05-25 01:00:00",0.65,73.22,1.89,3.32,1.93
"2022-05-25 02:00:00",0.74,73.84,2.05,2.71,1.51
"2022-05-25 03:00:00",0.53,71.57,1.96,1.3,0.81
"2022-05-25 04:00:00",0.51,70.07,2.08,0.72,0.49
"2022-05-25 05:00:00",0.93,66.96,1.79,0.78,0.31
"2022-05-25 06:00:00",2.44,63.36,1.8,1.06,0.4
"2022-05-25 07:00:00",6.82,61.32,1.9,2.33,0.8
"2022-05-25 08:00:00",9.88,56.75,2.14,6.14,1.71
"2022-05-25 09:00:00",8.46,56.3,2.26,6.7,2.38
"2022-05-25 10:00:00",7.09,58.54,1.45,7.72,2.21
"2022-05-25 11:00:00",8.82,53.91,1.93,5.29,2.02
"2022-05-25 12:00:00",7.85,54.36,2.03,4.24,1.42
"2022-05-25 13:00:00",5.71,57.03,-0.32,5.02,1.5
"2022-05-25 14:00:00",6.06,57.81,0.33,6.03,1.82
"2022-05-25 15:00:00",4.85,58.18,1.8,5.92,2.06
"2022-05-25 16:00:00",9.66,57.5,2.22,5.36,2.06
"2022-05-25 17:00:00",6.56,57.96,1.88,7.39,2.85
"2022-05-25 18:00:00",5.19,61.44,2.05,6.96,2.89
"2022-05-25 19:00:00",4.23,63.37,1.93,6.44,2.64
"2022-05-25 20:00:00",5.88,59.35,1.87,4.66,2.08
"2022-05-25 21:00:00",5.23,58.4,1.77,4.3,1.93
"2022-05-25 22:00:00",7.96,53.46,1.42,6.78,2.38
"2022-05-25 23:00:00",5.26,55.23,1.4,3.35,1.83
"2022-05-26 00:00:00",2.32,56.87,1.76,4.66,2.31
"2022-05-26 01:00:00",1.18,57.1,1.36,4.16,2.07
"2022-05-26 02:00:00",0.72,59.75,1.14,3.64,2.1
"2022-05-26 03:00:00",0.65,60.71,1.73,4.29,2.34
"2022-05-26 04:00:00",0.43,61.15,1.98,2.11,1.38
"2022-05-26 05:00:00",1.32,57.41,1.68,2.52,1.48
"2022-05-26 06:00:00",1.86,55.88,1.6,2.87,1.67
"2022-05-26 07:00:00",5.37,52.71,1.75,1.76,0.96
"2022-05-26 08:00:00",6.79,52.41,2,3.2,0.85
"2022-05-26 09:00:00",7.05,53.08,2.14,3.81,0.85
"2022-05-26 10:00:00",7.74,48.03,2.19,3.02,0.84
"2022-05-26 10:01:00",,,
"2022-05-26 11:00:00",6.37,52.69,,2.08,0.93
"2022-05-26 11:01:00",,,
"2022-05-26 12:00:00",6.4,57.91,,2.4,0.85
"2022-05-26 13:00:00",7.01,60.07,15.54,3.14,1.03
"2022-05-26 14:00:00",4.8,65.39,1.91,3.91,1.25
"2022-05-26 14:01:00",
"2022-05-26 15:00:00",,67.94,1.03,5.44,1.65
"2022-05-26 15:01:00",
"2022-05-26 16:00:00",5.09,78.78,0.97,7.11,2.79
"2022-05-26 17:00:00",7.6,74.8,1.74,9.45,4.44
"2022-05-26 18:00:00",5.54,76.01,1.69,10.62,5.55
"2022-05-26 19:00:00",6.37,73.44,1.96,10.74,6.42
"2022-05-26 20:00:00",6.96,70.92,1.84,14.22,9.03
"2022-05-26 21:00:00",5.29,77.46,1.48,13.76,7.59
"2022-05-26 22:00:00",7.29,77.1,1.38,13.75,8.37
"2022-05-26 23:00:00",7.85,71.63,1.48,15.06,9.35
"2022-05-27 00:00:00",3.78,74.41,0.48,14.43,7.81
"2022-05-27 01:00:00",2.77,73.47,1.41,14.78,8.29
"2022-05-27 02:00:00",3.26,75.67,1.45,14.78,8.46
"2022-05-27 03:00:00",2.76,76.32,1.26,15.71,9.64
"2022-05-27 04:00:00",2.41,76.88,1.35,13.61,7.49
"2022-05-27 05:00:00",5.63,70.86,1.45,12.79,7.15
"2022-05-27 06:00:00",10.5,64.2,1.1,13.82,7.23
"2022-05-27 07:00:00",14.74,59.67,1.36,13.71,6.84
"2022-05-27 08:00:00",10.13,65.2,1.32,12.46,6.17
"2022-05-27 09:00:00",8.28,68.5,1.68,10.94,5.46
"2022-05-27 10:00:00",9.87,68.9,1.47,9.03,4.5
"2022-05-27 11:00:00",4.4,68.91,1.53,8.88,4.38
"2022-05-27 12:00:00",11.54,66.86,1.14,8.14,4.03
"2022-05-27 13:00:00",7.35,68.2,0.63,7.43,3.87
"2022-05-27 14:00:00",6.34,69.85,1.3,8.38,4.02
"2022-05-27 15:00:00",4.9,72.88,1.37,7.91,3.85
"2022-05-27 16:00:00",5.6,74.85,1.73,7.37,3.92
"2022-05-27 17:00:00",4.77,74.53,1.65,8.99,4.94
"2022-05-27 18:00:00",6.65,72.02,1.66,9.02,5.42
"2022-05-27 19:00:00",6.7,70.47,1.52,10.73,6.87
"2022-05-27 20:00:00",6.59,71.27,1.53,8.55,4.61
"2022-05-27 20:01:00",,,,,
"2022-05-27 21:01:00",,,,,
"2022-05-29 06:00:00",6.37,50.02,2.28,7.35,3.9
"2022-05-29 07:00:00",7.04,48.86,1.77,7.83,4.04
"2022-05-29 08:00:00",7.43,50.49,1.56,7.13,3.9
"2022-05-29 09:00:00",8.26,50.98,1.05,6.8,4.02
"2022-05-29 10:00:00",9.75,53.72,1.43,7.63,4.63
"2022-05-29 11:00:00",8.93,58.44,1.6,8.61,5.2
"2022-05-29 12:00:00",12.09,65.27,1.73,10.87,6.45
"2022-05-29 13:00:00",11.26,69.37,1.53,10.09,6.12
"2022-05-29 14:00:00",9.85,66.3,1.74,9.35,5.89
"2022-05-29 15:00:00",9.19,66.56,1.56,5.31,3.25
"2022-05-29 16:00:00",8.47,68.26,1.18,4.93,3.02
"2022-05-29 17:00:00",9.37,67.87,1.12,6.89,4.86
"2022-05-29 18:00:00",10.87,70.04,0.98,5,3.79
"2022-05-29 19:00:00",16.44,65.3,1.89,5.84,4.22
"2022-05-29 20:00:00",24.78,56.26,1.64,8.28,6.13
"2022-05-29 21:00:00",34.86,46.17,1.99,6.91,4.54
"2022-05-29 22:00:00",10.21,64.51,2,4.49,2.31
"2022-05-29 23:00:00",7.84,63.75,1.95,4.22,2.25
"2022-05-30 00:00:00",6.72,59.17,1.4,5.09,3.1
"2022-05-30 01:00:00",6.53,58.35,1.13,5.19,2.94
"2022-05-30 02:00:00",6.72,55.32,1.41,5.62,3.07
"2022-05-30 03:00:00",5.53,54.68,1.3,5.69,3.25
"2022-05-30 04:00:00",4.75,53.05,1.7,6.65,3.43
"2022-05-30 05:00:00",10.23,46.98,1.43,7.22,3.94
"2022-05-30 06:00:00",11.76,46.86,1.36,8.12,4.13
"2022-05-30 07:00:00",19.48,39.71,1.52,9.01,4.26
"2022-05-30 08:00:00",20.16,46.27,1.33,10.88,4.63
"2022-05-30 09:00:00",17.89,61.49,1.72,7.74,3.16
"2022-05-30 10:00:00",14.04,56.24,1.91,8.41,3.7
"2022-05-30 11:00:00",8.56,65.24,1.11,7.13,3.55
"2022-05-30 12:00:00",7.68,68.27,1.37,6.03,2.64
"2022-05-30 13:00:00",10.5,65.72,1.92,4.44,1.93
"2022-05-30 14:00:00",9.1,65.97,1.41,6.49,2.77
"2022-05-30 15:00:00",11.27,59.27,1.4,4.27,2.22
"2022-05-30 16:00:00",13.22,58.32,1.74,3.95,1.86
"2022-05-30 17:00:00",16.6,59.27,1.05,5.38,4.41
"2022-05-30 18:00:00",15.72,60.63,1.58,3.06,2.07
"2022-05-30 19:00:00",21.36,59.61,1.6,3.34,2.54
"2022-05-30 20:00:00",19.54,55.64,1.38,4.68,3.81
"2022-05-30 21:00:00",19.1,56.22,1.88,5.83,4.52
"2022-05-30 22:00:00",18.39,49.6,1.69,4.79,3.59
"2022-05-30 23:00:00",15.55,49.26,1.27,7.4,4.82
"2022-05-31 00:00:00",13.47,45.11,1.19,4.66,3.71
"2022-05-31 01:00:00",8.32,39.91,1.5,5.57,4.06
"2022-05-31 02:00:00",6.67,36.81,1.28,5.7,4.17
"2022-05-31 03:00:00",7.39,36.54,1.47,5.54,3.94
"2022-05-31 04:00:00",7.43,36.48,1.3,5.19,3.61
"2022-05-31 05:00:00",9.32,36.27,1.03,5.12,3.3
"2022-05-31 06:00:00",11.31,35.88,1.33,5.35,3.35
"2022-05-31 07:00:00",16.91,33.76,1.6,5.21,3.16
"2022-05-31 08:00:00",14.5,33.71,1.54,6.6,3.2
"2022-05-31 09:00:00",9.06,40.74,1.65,5.98,3.06
"2022-05-31 10:00:00",8.26,47.62,1.6,5.12,2.59
"2022-05-31 11:00:00",6.11,51.17,1.52,5.15,2.6
"2022-05-31 12:00:00",7.07,50.99,1.2,3.94,2.22
"2022-05-31 13:00:00",5.52,55.85,1.36,4.06,2.22
"2022-05-31 14:00:00",7.32,53.59,1.59,3.14,1.57
"2022-05-31 15:00:00",10.82,51.37,1.81,3.6,1.56
"2022-05-31 16:00:00",6.31,54.94,1.61,3.71,1.72
"2022-05-31 17:00:00",15.17,44.99,1.72,3.76,2.3
"2022-05-31 18:00:00",14.36,44.29,1.48,2.79,2.1
"2022-05-31 19:00:00",13.49,40.03,1.48,3.16,2.1
"2022-05-31 20:00:00",11.36,42.83,1.55,3.54,2.45
"2022-05-31 21:00:00",15.44,37.35,1.17,4.73,3.33
"2022-05-31 22:00:00",10.89,40.25,1.03,4.47,3.24
"2022-05-31 23:00:00",6.92,50.44,1.26,3.51,2.56
"2022-06-01 00:00:00",7.3,48.97,1.17,3.85,3.01
"2022-06-01 01:00:00",5.07,48.4,1.34,4.02,3.13
"2022-06-01 02:00:00",2.77,49.32,1.15,3.68,2.83
"2022-06-01 03:00:00",3.05,45.78,1.35,3.54,2.71
"2022-06-01 04:00:00",3.35,43.46,1.29,3.75,2.69
"2022-06-01 05:00:00",3.24,41.47,1.34,3.87,2.71
"2022-06-01 06:00:00",8.27,34.84,1.42,3.82,2.78
"2022-06-01 07:00:00",14.81,28.4,1.21,3.83,2.65
"2022-06-01 08:00:00",17.32,30.54,1.52,4.44,2.78
"2022-06-01 09:00:00",19.71,34.78,2.02,4.71,2.74
"2022-06-01 09:01:00",,,,,
"2022-06-01 10:01:00",,,,,
"2022-06-01 11:00:00",12.03,46.11,1.22,5.32,2.68
"2022-06-01 12:00:00",17.13,46.66,1.63,6.54,3.25
"2022-06-01 13:00:00",13.05,59.37,2.04,4.8,2.79
"2022-06-01 14:00:00",12.71,61.39,1.7,4.64,2.55
"2022-06-01 15:00:00",8.61,67.53,1.8,3.66,2.29
"2022-06-01 16:00:00",9.46,75.01,1.42,2.82,1.86
"2022-06-01 17:00:00",11.13,76.87,0.77,3.81,2.54
"2022-06-01 18:00:00",13.56,75.46,0.41,5.19,3.91
"2022-06-01 19:00:00",15.32,73.42,-2.26,7.48,6.13
"2022-06-01 19:01:00",,,,,
"2022-06-01 20:01:00",,,,,
"2022-06-02 00:00:00",21.11,24.35,1.69,6.56,4.41
"2022-06-02 01:00:00",24.66,15.95,1.79,6.42,4.36
"2022-06-02 02:00:00",22.06,14.94,1.63,5.92,3.98
"2022-06-02 03:00:00",21.75,16.83,1.34,6.81,4.39
"2022-06-02 04:00:00",25.13,17.34,1.02,8.57,5.46
"2022-06-02 05:00:00",11.35,31.45,1.63,4.09,2.77
"2022-06-02 06:00:00",20.17,27.06,1.97,5.11,2.89
"2022-06-02 07:00:00",33.32,25.82,2.15,8.28,4.99
"2022-06-02 08:00:00",25.83,38.17,2.12,6.39,3.94
"2022-06-02 09:00:00",25.77,39.42,2.02,7.34,4.48
"2022-06-02 10:00:00",17.3,54.08,1.39,6.08,3.34
"2022-06-02 11:00:00",16.07,60.14,1.86,5.64,2.8
"2022-06-02 12:00:00",17.62,62.06,1.77,7.44,3.79
"2022-06-02 13:00:00",20.47,58.79,1.39,8.79,4.55
"2022-06-02 14:00:00",14.27,62.32,0.45,6.81,2.55
"2022-06-02 15:00:00",8.1,71.42,1.28,12.59,2.6
"2022-06-02 16:00:00",38.19,58.17,2.49,6.4,2.65
"2022-06-02 17:00:00",40.32,57.54,2.79,6.25,2.58
"2022-06-02 18:00:00",17.88,44.37,1.75,6.55,3.27
"2022-06-02 19:00:00",18.29,41.07,1.81,4.91,3.67
"2022-06-02 20:00:00",17.25,44,1.79,3.34,2.59
"2022-06-02 21:00:00",22.22,39.92,1.61,4.59,3.78
"2022-06-02 22:00:00",29.83,28.58,1.72,6.45,5.6
"2022-06-02 23:00:00",23.61,33.94,1.77,7,5.78
"2022-06-03 00:00:00",21.93,33.39,1.31,7.97,6.96
"2022-06-03 01:00:00",15.24,33.71,1.27,7.15,6.43
"2022-06-03 02:00:00",11.34,45.1,1.33,6.73,6
"2022-06-03 03:00:00",10.49,47.47,1.66,7.27,6.48
"2022-06-03 04:00:00",9.62,57.43,1.34,4.89,3.44
"2022-06-03 05:00:00",16.65,49.06,1.63,3.48,2.29
"2022-06-03 06:00:00",16.96,34.61,1.73,3.57,2.31
"2022-06-03 07:00:00",25.9,33.93,1.55,4.23,3.01
"2022-06-03 08:00:00",33.46,33.87,1.89,6.2,4.16
"2022-06-03 09:00:00",37.66,38.67,3.98,8.1,4.61
"2022-06-03 10:00:00",23.38,57.02,1.53,7.17,4.22
"2022-06-03 11:00:00",16.85,77.69,1.48,6.3,4.12
"2022-06-03 12:00:00",18.54,80.79,1.42,7.78,4.18
"2022-06-03 13:00:00",19.79,80.91,1.7,8.1,4.53
"2022-06-03 14:00:00",15.19,86.49,0.95,7.05,4.26
"2022-06-03 15:00:00",19.85,84.88,0.32,7.03,4.94
"2022-06-03 16:00:00",18.32,88.47,1.66,10.75,7.78
"2022-06-03 17:00:00",13.9,93.99,1.06,9.52,6.54
"2022-06-03 18:00:00",16.08,97.28,0.73,8.91,6.2
"2022-06-03 19:00:00",15.56,93.07,1.16,8.79,6.45
"2022-06-03 20:00:00",15.37,88.54,1.33,8.43,6.25
"2022-06-03 20:01:00",,,,,
"2022-06-03 21:01:00",,,,,
"2022-06-04 23:00:00",19.83,64.53,1.39,14.04,8.86
"2022-06-05 00:00:00",24.64,62.13,1.6,14.68,9.14
"2022-06-05 01:00:00",11.49,65,1.04,16.15,9.96
"2022-06-05 02:00:00",7.56,65.64,1.27,17.76,11.02
"2022-06-05 03:00:00",16.74,51.75,1.44,18.33,11.83
"2022-06-05 04:00:00",13.96,54.43,1.69,18.21,12.05
"2022-06-05 05:00:00",16.08,51.88,1.4,17.2,12.26
"2022-06-05 06:00:00",13.08,55.46,1.48,17.96,12.59
"2022-06-05 07:00:00",22.27,41.82,1.74,18.55,12.69
"2022-06-05 08:00:00",23.97,40.4,1.85,13.95,9.9
"2022-06-05 09:00:00",13.46,56.37,1.38,14.15,10.55
"2022-06-05 10:00:00",9.92,61.6,1.43,12.64,9.88
"2022-06-05 11:00:00",12.87,62.54,1.27,14.84,11.69
"2022-06-05 12:00:00",18.1,60.25,1.64,13.65,11.19
"2022-06-05 13:00:00",14.56,62.3,1.49,13.65,11.37
"2022-06-05 14:00:00",24.09,55.36,1.64,12.96,11.13
"2022-06-05 15:00:00",18.39,61.92,1.46,15.49,12.69
"2022-06-05 16:00:00",18.37,60.79,1.5,13.58,11.26
"2022-06-05 17:00:00",21.64,61.66,1.79,10.86,9.36
"2022-06-05 18:00:00",17.53,64.24,1.1,14.36,12.34
"2022-06-05 19:00:00",15.62,64.29,1.14,14.91,13.1
"2022-06-05 20:00:00",17.27,64.22,1.28,15.32,12.81
"2022-06-05 21:00:00",19.13,56.73,0.57,14.12,11.76
"2022-06-05 22:00:00",17.65,54.93,0.31,11.27,9.18
"2022-06-05 22:01:00",,,,,
"2022-06-05 23:01:00",,,,,
"2022-06-06 10:00:00",7.83,69.5,1.39,6.18,4.21
"2022-06-06 11:00:00",6.3,73.52,1.54,5.72,4.08
"2022-06-06 12:00:00",7.33,76.76,1.81,5.39,4.21
"2022-06-06 13:00:00",9.6,77.97,1.86,5.83,4.63
"2022-06-06 14:00:00",7.09,81.1,1.79,4.29,3.44
"2022-06-06 15:00:00",5.94,82.93,1.76,3.82,2.97
"2022-06-06 16:00:00",5.69,84.1,1.62,3.81,3.1
"2022-06-06 17:00:00",6.96,81.65,0.65,4.92,3.93
"2022-06-06 18:00:00",8.23,82.04,1.14,5.44,4.57
"2022-06-06 19:00:00",9.83,77.1,1.67,7.33,5.96
"2022-06-06 20:00:00",11.97,75.01,1.62,6.93,5.84
"2022-06-06 21:00:00",12.75,69.37,1.37,5.67,4.88
"2022-06-06 22:00:00",17,60.57,1.58,6.05,5.08
"2022-06-06 23:00:00",18.65,52.18,1.6,7,5.79
"2022-06-07 00:00:00",9.61,58.86,1.24,6.12,5.34
"2022-06-07 01:00:00",8,58.26,1.24,5.84,5.1
"2022-06-07 02:00:00",7,53.19,1.41,5.79,5.1
"2022-06-07 03:00:00",7.7,31.03,1.18,5.81,4.41
"2022-06-07 04:00:00",7.24,25.21,1.6,4.52,3.2
"2022-06-07 05:00:00",10.28,19.27,1.55,4.48,3.36
"2022-06-07 06:00:00",18.1,23.49,1.85,5.64,4.28
"2022-06-07 07:00:00",23.76,46.02,1.77,6.8,4.82
"2022-06-07 08:00:00",17.8,58.76,1.81,6.9,4.69
"2022-06-07 09:00:00",13.11,66.4,1.79,7.5,5.25
"2022-06-07 10:00:00",9.33,71.33,1.96,8.21,5.67
"2022-06-07 11:00:00",12.65,71.94,1.58,7.99,6.1
"2022-06-07 12:00:00",11.89,74.31,1.74,13.36,6.66
"2022-06-07 13:00:00",12.39,74.88,1.58,8.87,5.84
"2022-06-07 14:00:00",9.81,75.82,1.04,8.89,5.9
"2022-06-07 15:00:00",8.26,79.46,0.61,8.38,5.14
"2022-06-07 16:00:00",8.13,81.2,1.92,7.21,4.32
"2022-06-07 17:00:00",12.23,75.87,1.92,7.45,4.39
"2022-06-07 18:00:00",14.77,72.11,2.04,6.23,4.59
"2022-06-07 19:00:00",12.09,75.65,2.13,6.83,5.23
"2022-06-07 20:00:00",12.92,72.48,1.8,6.54,4.95
"2022-06-07 21:00:00",10.12,71.83,1.57,6.36,5.34
"2022-06-07 22:00:00",10.63,65.24,1.28,10.86,9.94
"2022-06-07 23:00:00",2.94,62.96,1.81,1.69,1.07
"2022-06-08 00:00:00",2.25,61.65,1.89,1.04,0.68
"2022-06-08 01:00:00",3.81,51.24,1.69,0.92,0.61
"2022-06-08 02:00:00",2.63,45.04,1.74,0.98,0.56
"2022-06-08 03:00:00",1,49.61,1.73,1.59,0.78
"2022-06-08 04:00:00",1.69,64.39,1.7,2.76,1.29
"2022-06-08 05:00:00",2.35,71.04,1.75,4.33,1.98
"2022-06-08 06:00:00",5.35,67.8,1.95,4.2,2.08
"2022-06-08 07:00:00",7.1,67.12,1.91,4.62,2.17
"2022-06-08 08:00:00",7.11,63.87,1.88,4.97,2.01
"2022-06-08 09:00:00",8.81,60.75,1.6,6.62,2.42
"2022-06-08 10:00:00",9.02,63.32,1.49,7.16,2.54
"2022-06-08 11:00:00",8.57,63.79,2,7.65,2.73
"2022-06-08 12:00:00",5.17,64.58,0.67,7.97,2.38
"2022-06-08 13:00:00",5.16,61.46,2.03,6.95,2.64
"2022-06-08 14:00:00",7.3,54.8,1.41,8.2,3.76
"2022-06-08 15:00:00",5.79,60.07,1.54,10.72,4.07
"2022-06-08 16:00:00",3.92,62.98,1.45,10.6,4.21
"2022-06-08 17:00:00",4.69,59.27,1.91,11.98,4.47
"2022-06-08 18:00:00",4.76,60.86,1.63,12.28,4.61
"2022-06-08 19:00:00",4.22,58.84,1.69,10.43,4.35
"2022-06-08 20:00:00",4.01,59.21,1.52,9.83,4.44
"2022-06-08 21:00:00",4.65,57.04,1.83,9.56,4.48
"2022-06-08 22:00:00",5.02,55.63,1.54,10.3,4.8
"2022-06-08 23:00:00",6.38,53.51,1.39,10.27,4.9
"2022-06-09 00:00:00",3.83,56.01,1.45,9.58,4.82
"2022-06-09 01:00:00",2.76,56.89,1.67,9.21,4.79
"2022-06-09 02:00:00",1.39,57.28,1.03,8.88,4.65
"2022-06-09 03:00:00",1.44,56.28,1.01,8.9,4.64
"2022-06-09 04:00:00",1.52,54.41,1.57,9.66,5.05
"2022-06-09 05:00:00",1.79,54.03,1.58,9.87,5.19
"2022-06-09 06:00:00",4.49,52.43,1.46,8.12,4.66
"2022-06-09 07:00:00",13.38,44.54,1.64,6.72,3.76
"2022-06-09 08:00:00",24.51,32.7,1.4,4.41,2.63
"2022-06-09 09:00:00",31.6,21.92,2.09,6.35,3.19
"2022-06-09 10:00:00",17.53,37.49,1.83,2.85,1.57
"2022-06-09 11:00:00",12.04,42.68,1.93,2.55,1.07
"2022-06-09 12:00:00",4.67,44.92,1.88,1.61,0.59
"2022-06-09 13:00:00",5.26,41.01,1.81,2.38,1.17
"2022-06-09 14:00:00",8.94,42.77,2.06,6.17,2.5
"2022-06-09 15:00:00",4.99,50.41,1.69,6.91,3.88
"2022-06-09 16:00:00",5.89,60.1,1.89,10.78,6.13
"2022-06-09 17:00:00",6.4,68.54,1.66,12.4,6.6
"2022-06-09 18:00:00",6.48,67.13,1.81,14.39,7.64
"2022-06-09 19:00:00",6.22,68.16,1.82,14.83,8.52
"2022-06-09 20:00:00",6.65,69.8,1.98,15.87,9.58
"2022-06-09 21:00:00",5.69,64.74,1.74,16.83,10.57
"2022-06-09 22:00:00",2.9,64.48,1.32,15.78,9.74
"2022-06-09 23:00:00",2.17,63.94,1.68,15.7,9.23
"2022-06-10 00:00:00",1.25,61.54,1.25,16.71,9.96
"2022-06-10 01:00:00",0.61,63.7,1.66,16.24,10.04
"2022-06-10 02:00:00",0.51,67,1.53,16.09,10.21
"2022-06-10 03:00:00",0.53,68.38,1.43,16.99,10.51
"2022-06-10 04:00:00",0.44,68.39,0.79,16.92,10.17
"2022-06-10 05:00:00",1.07,65.95,1.29,16.7,9.93
"2022-06-10 06:00:00",3.41,63.62,1.44,14.94,9.01
"2022-06-10 07:00:00",5.04,61.05,1.29,13.89,8.51
"2022-06-10 08:00:00",5.91,60.17,1.47,13.76,7.81
"2022-06-10 09:00:00",4.3,61.96,1.57,13.06,7.24
"2022-06-10 10:00:00",4.24,63.59,1.56,10.69,6.24
"2022-06-10 11:00:00",3.16,65.31,1.52,11.68,6.33
"2022-06-10 12:00:00",3.39,64.4,1.88,11.76,5.83
"2022-06-10 13:00:00",3.5,40.75,0.42,11.35,6.22
"2022-06-10 14:00:00",4.33,45.41,0.83,7.96,3.71
"2022-06-10 15:00:00",9.75,36.07,1.38,5.62,3.11
"2022-06-10 16:00:00",8.58,43.94,1.42,4.24,2.48
"2022-06-10 17:00:00",4.53,47.44,1.34,5.6,3.16
"2022-06-10 18:00:00",5.72,45.56,1.71,6.38,3.96
"2022-06-10 19:00:00",4.26,45.08,1.51,6.11,3.75
"2022-06-10 20:00:00",4.89,43.97,1.59,6.52,3.97
"2022-06-10 21:00:00",5.26,45.88,-0.08,6.71,4.02
"2022-06-10 22:00:00",3.6,48.07,1.23,8.55,5.16
"2022-06-10 23:00:00",11.39,48.69,1.56,8.28,5.12
"2022-06-11 00:00:00",5.16,51.3,1.62,9.66,5.54
"2022-06-11 01:00:00",1.39,55.12,0.34,9.97,6.05
"2022-06-11 02:00:00",0.87,58.15,-0.35,10.12,6.28
"2022-06-11 03:00:00",0.62,58.75,1.28,8.79,5.85
"2022-06-11 04:00:00",0.89,60.24,1.8,7.99,5.31
"2022-06-11 05:00:00",1.32,59.89,1.68,8.51,5.35
"2022-06-11 06:00:00",1.25,57.64,1.25,8.95,5.97
"2022-06-11 07:00:00",1.85,57.37,-0.05,9.25,5.73
"2022-06-11 08:00:00",2.58,56.05,1.34,8.35,5.31
"2022-06-11 09:00:00",2.21,56.9,1.56,7.35,4.66
"2022-06-11 10:00:00",3.48,58.44,1.34,6.87,4.25
"2022-06-11 11:00:00",5.26,58.54,1.21,7.31,4.4
"2022-06-11 12:00:00",5.19,57.57,1.21,8.79,4.63
"2022-06-11 13:00:00",3.81,61.06,0.76,7.37,4.49
"2022-06-11 14:00:00",4.47,64.5,0.85,7.08,4.12
"2022-06-11 15:00:00",4.82,67.19,1.69,6.59,3.9
"2022-06-11 16:00:00",3.41,66.85,1.79,8.54,4.98
"2022-06-11 17:00:00",5.23,64.37,1.56,7.82,4.39
"2022-06-11 18:00:00",5.26,63.47,1.16,10.04,5.25
"2022-06-11 19:00:00",6.96,58.84,0.91,10.71,6.3
"2022-06-11 20:00:00",5.67,58.23,1.49,11.48,6.39
"2022-06-11 21:00:00",4.27,60.92,1.57,11.49,6.31
"2022-06-11 22:00:00",4.73,57.46,1.39,13,7.52
"2022-06-11 23:00:00",6.42,52.76,1.53,12.19,7.43
"2022-06-12 00:00:00",4.09,59.86,0.96,12.46,7.68
"2022-06-12 00:01:00",,,,,
"2022-06-12 01:01:00",,,,,
"2022-06-12 10:00:00",1.18,62.58,1.15,9.06,5.43
"2022-06-12 11:00:00",2.43,62.39,0.93,7.2,4.26
"2022-06-12 12:00:00",2.56,61.06,1.29,7.73,4.15
"2022-06-12 13:00:00",4.43,61.93,1.41,5.08,2.85
"2022-06-12 14:00:00",2.85,64.27,0.36,5.79,3.11
"2022-06-12 15:00:00",3.65,61.35,0.61,6.62,3.35
"2022-06-12 16:00:00",3.61,60.59,1.4,4.97,2.8
"2022-06-12 17:00:00",3.03,59.74,1.32,4.52,2.68
"2022-06-12 18:00:00",3.88,59.85,1.4,3.63,1.9
"2022-06-12 19:00:00",6.81,55.43,1.23,3.48,1.98
"2022-06-12 20:00:00",5.46,57.27,-0.92,4.03,2.39
"2022-06-12 21:00:00",5.25,54.81,0.74,4.51,2.88
"2022-06-12 22:00:00",4.19,56,1.2,4.75,3.11
"2022-06-12 23:00:00",3.71,54.02,1.22,5.74,3.5
"2022-06-13 00:00:00",2.86,54.38,1.28,5.44,3.46
"2022-06-13 01:00:00",2.09,54.97,1.02,5.54,3.3
"2022-06-13 02:00:00",1.72,53.33,1.24,4.96,3.12
"2022-06-13 03:00:00",1.66,52.28,0.79,5.37,3.18
"2022-06-13 04:00:00",2.39,52.54,1.11,5.66,3.2
"2022-06-13 05:00:00",5.33,50.02,1.11,5.9,3.38
"2022-06-13 06:00:00",7.56,46.92,1.3,6.64,3.72
"2022-06-13 07:00:00",15.88,42.02,1.62,8.66,4.1
"2022-06-13 08:00:00",11.28,46.24,1.82,8.41,4.19
"2022-06-13 09:00:00",15.69,48.18,1.81,9.84,4.89
"2022-06-13 10:00:00",7.23,55.29,1.25,9.97,4.92
"2022-06-13 11:00:00",6.06,57.75,0.92,10.93,5.31
"2022-06-13 12:00:00",10.59,58.04,1.64,9.38,4.54
"2022-06-13 13:00:00",6.67,58.52,0.92,10.32,4.78
"2022-06-13 14:00:00",10.97,56.52,-0.15,11.54,5.25
"2022-06-13 15:00:00",9.63,55.22,0.78,10.58,5.05
"2022-06-13 16:00:00",6.78,58.61,1.26,7.98,3.41
"2022-06-13 17:00:00",7.83,53.09,1.61,8.72,4.4
"2022-06-13 18:00:00",6.64,55.28,1.18,7.67,3.9
"2022-06-13 19:00:00",6.35,58.36,1.48,6.55,2.9
"2022-06-13 20:00:00",8.4,56.81,1.47,6.77,3.68
"2022-06-13 21:00:00",7.96,54.93,1.38,6.68,3.92
"2022-06-13 22:00:00",6.04,57.14,1.43,7.15,3.62
"2022-06-13 23:00:00",6.94,55.61,1.42,8.2,3.63
"2022-06-14 00:00:00",6.21,56.98,1.34,8.34,3.27
"2022-06-14 01:00:00",5.21,55.86,1.52,7.23,3.06
"2022-06-14 02:00:00",3.83,59.04,1.32,5.63,2.41
"2022-06-14 03:00:00",4.86,55.52,1.35,4.59,2.46
"2022-06-14 04:00:00",5.19,52.92,0.65,5.1,2.5
"2022-06-14 05:00:00",4.15,51.12,0.69,4.59,2.42
"2022-06-14 06:00:00",6.24,53.81,1.4,4.65,2.29
"2022-06-14 07:00:00",12.11,54.67,1.59,9.79,3.35
"2022-06-14 08:00:00",10.77,61.61,1.76,4.45,1.92
"2022-06-14 09:00:00",12.23,61.34,1.99,9.98,2.65
"2022-06-14 10:00:00",6.66,68.18,1.46,7.68,2.25
"2022-06-14 11:00:00",4.61,69.75,1.22,9.55,2.55
"2022-06-14 12:00:00",7.18,70.83,0.25,5.96,2.2
"2022-06-14 13:00:00",5.4,71.28,0.39,7.86,2.52
"2022-06-14 14:00:00",9.73,67.3,1.47,7.89,3.09
"2022-06-14 15:00:00",7.91,71.37,1.62,10.25,3.68
"2022-06-14 16:00:00",8.78,72.63,0.53,8.84,3.51
"2022-06-14 17:00:00",11.86,70.92,1.32,7.67,3.37
"2022-06-14 18:00:00",9.59,68,1.79,6.82,3.59
"2022-06-14 19:00:00",10.49,64.61,1.58,6.6,3.73
"2022-06-14 20:00:00",16.83,55.66,1.15,8.92,4.79
"2022-06-14 21:00:00",24.57,46.75,1.5,9.75,5.32
"2022-06-14 22:00:00",19.09,40.12,1.37,7.41,4.25
"2022-06-14 23:00:00",12.59,51.92,1.28,6.47,3.98
"2022-06-15 00:00:00",6.15,61.3,1.12,7.09,3.07
"2022-06-15 01:00:00",2.4,69.01,1.14,5.4,2.31
"2022-06-15 02:00:00",3.92,68.21,1.3,4.83,2.35
"2022-06-15 03:00:00",6.37,60.76,1.19,5.72,2.54
"2022-06-15 04:00:00",4.47,55.17,1.37,4.93,2.55
"2022-06-15 05:00:00",4.86,52,1.22,4.92,2.67
"2022-06-15 06:00:00",17.78,35.85,1.75,7.38,3.65
"2022-06-15 07:00:00",19.83,45.37,1.52,9.64,4.42
"2022-06-15 08:00:00",17.44,49.08,1.14,10.37,4.7
"2022-06-15 09:00:00",20.32,48.64,1.18,10.37,4.73
"2022-06-15 10:00:00",31.49,43.5,1.88,12.65,5.38
"2022-06-15 11:00:00",26.57,45.61,2.47,14.71,6.03
"2022-06-15 12:00:00",18.91,57.67,2.25,12.75,5.6
"2022-06-15 13:00:00",15.41,63.7,2.14,10.73,5.2
"2022-06-15 14:00:00",11.3,73.4,1.94,11.42,4.82
"2022-06-15 15:00:00",12.82,73.87,1.4,9.7,4.34
"2022-06-15 16:00:00",12.52,73.97,1.76,7.86,3.82
"2022-06-15 17:00:00",15.24,70.93,1.55,9.49,4.23
"2022-06-15 18:00:00",14.51,67.7,1.62,10.17,5.06
"2022-06-15 19:00:00",17.75,60.85,1.53,9.8,5.58
"2022-06-15 20:00:00",16.13,60.61,1.39,12.71,7.51
"2022-06-15 21:00:00",21.62,45.42,1.41,9.54,5.23
"2022-06-15 22:00:00",54.34,8.28,1.3,12.73,7.44
"2022-06-15 23:00:00",58.16,5.57,1.05,12.7,7.16
"2022-06-16 00:00:00",19.55,39.6,1.11,10.03,5.19
"2022-06-16 01:00:00",16.63,33.89,1.35,9.44,5.11
"2022-06-16 02:00:00",22.15,23.61,1.22,11.48,6.57
"2022-06-16 03:00:00",15.92,32.16,1.33,7.6,4.41
"2022-06-16 04:00:00",10.87,32.44,1.29,6.87,3.82
"2022-06-16 05:00:00",9.56,26.78,0.96,6.29,3.8
"2022-06-16 06:00:00",18.28,16.63,1.17,6.89,4.21
"2022-06-16 07:00:00",28.4,19.17,1.53,10.76,5.26
"2022-06-16 08:00:00",23.95,28.39,1.66,11.68,5.17
"2022-06-16 09:00:00",20.33,34.28,1.41,14.71,5.02
"2022-06-16 10:00:00",31.82,24.8,1.95,15.27,5.39
"2022-06-16 11:00:00",31.07,34.01,1.82,16.25,5.78
"2022-06-16 12:00:00",18.09,48.95,1.52,13.72,5.17
"2022-06-16 13:00:00",17.28,50.09,1.7,11.08,5.5
"2022-06-16 14:00:00",14.54,54.95,1.66,12.79,5.91
"2022-06-16 15:00:00",15.3,63.86,1.57,11.23,4.86
"2022-06-16 16:00:00",10.22,63,1.6,11.02,3.52
"2022-06-16 17:00:00",6.52,64.41,1.81,7.37,2.1
"2022-06-16 18:00:00",6.21,64.76,1.56,4.67,2.04
"2022-06-16 19:00:00",7.21,65.59,0.65,3.66,1.62
"2022-06-16 20:00:00",13.1,59.14,1.41,7.18,3.74
"2022-06-16 21:00:00",12.22,60.23,1.86,8,4.26
"2022-06-16 22:00:00",21.96,47.85,1.65,7.64,4.38
"2022-06-16 23:00:00",10.76,60.4,1.84,6.71,3.58
"2022-06-17 00:00:00",9.27,60.48,1.53,8.75,3.98
"2022-06-17 01:00:00",9.05,57.07,1.32,8.55,4.25
"2022-06-17 02:00:00",10.76,53.54,1.74,9.43,4.4
"2022-06-17 03:00:00",10.55,52.94,1.57,8.33,4.58
"2022-06-17 04:00:00",2.06,88.82,1.53,6.46,2.35
"2022-06-17 05:00:00",1.39,91.78,1.62,10.76,3.67
"2022-06-17 06:00:00",5.7,116.84,1.44,12.04,5.49
"2022-06-17 07:00:00",7.37,108.45,1.67,11.96,5.65
"2022-06-17 08:00:00",10.35,88.68,1.83,14.7,5.92
"2022-06-17 09:00:00",9.83,84.23,2.32,14.64,6.27
"2022-06-17 10:00:00",10.87,73.06,2.11,15.83,6.53
"2022-06-17 11:00:00",9.65,58.8,1.56,12.65,6.09
"2022-06-17 12:00:00",15.14,46.36,1.89,14.12,5.83
"2022-06-17 13:00:00",8.72,41.61,1.97,6.81,2.98
"2022-06-17 14:00:00",6.58,51.25,1.84,6.4,2.02
"2022-06-17 15:00:00",7.07,54.09,1.98,4.36,1.69
"2022-06-17 16:00:00",7.8,55.05,1.81,4.07,1.76
"2022-06-17 17:00:00",8.67,47.78,1.79,3.57,1.7
"2022-06-17 18:00:00",9.66,35.3,1.73,4.49,2.27
"2022-06-17 19:00:00",7.26,38.96,1.7,3.68,2.5
"2022-06-17 20:00:00",7.77,42.3,1.66,4.27,2.58
"2022-06-17 21:00:00",7.96,45.68,1.64,8.2,4.16
"2022-06-17 22:00:00",7.61,46.3,1.39,8.31,4.48
"2022-06-17 23:00:00",7.09,47.16,1.74,9.69,5.08
"2022-06-18 00:00:00",4.34,50.42,1.54,13.15,6.59
"2022-06-18 01:00:00",3.8,55.74,1.57,14.24,7.21
"2022-06-18 02:00:00",3.18,55.92,1.47,12.67,6.58
"2022-06-18 03:00:00",2.91,52.83,1.68,11.38,5.95
"2022-06-18 04:00:00",5.19,47.72,1.47,12.79,6.58
"2022-06-18 05:00:00",5.98,44.69,1.16,13.54,7.03
"2022-06-18 06:00:00",5.99,43.29,1.33,13.26,6.37
"2022-06-18 07:00:00",5.58,45.14,1.78,14.71,6.89
"2022-06-18 08:00:00",4.52,44.14,1.42,15.21,7.07
"2022-06-18 08:01:00",,,,,
"2022-06-18 09:01:00",,,,,
"2022-06-18 21:00:00",6.85,54.45,-0.34,8.41,4.06
"2022-06-18 22:00:00",5.29,54.36,1.02,8.21,4.28
"2022-06-18 23:00:00",6.49,51.6,1.3,7.69,4.06
"2022-06-19 00:00:00",7.48,49.19,1.17,8.27,4.33
"2022-06-19 01:00:00",6.61,47.42,1.55,7.93,4.25
"2022-06-19 02:00:00",3.82,47.38,1.41,7.48,4.2
"2022-06-19 03:00:00",2.54,50.87,1.37,6.33,3.69
"2022-06-19 04:00:00",1.84,50.25,1.26,7.17,4.12
"2022-06-19 05:00:00",2.66,47.68,1.57,6.42,3.88
"2022-06-19 06:00:00",1.21,49.34,1.63,8.62,4.78
"2022-06-19 07:00:00",2.09,47.46,1.45,9.87,5.36
"2022-06-19 08:00:00",2.88,44.49,1.49,12.98,6.67
"2022-06-19 09:00:00",3.67,46.23,1.24,13.91,6.79
"2022-06-19 10:00:00",4.54,47.52,1.16,12.03,5.85
"2022-06-19 11:00:00",12.04,45.36,1.52,10.17,5.06
"2022-06-19 12:00:00",4.68,49.48,1.21,6.2,3.22
"2022-06-19 13:00:00",6.77,49.81,1.47,6.43,3.23
"2022-06-19 14:00:00",13.06,46.57,1.27,6.41,3.51
"2022-06-19 15:00:00",11.36,53.74,0.83,8.61,4.42
"2022-06-19 16:00:00",11.81,51.34,1.91,12.78,5.41
"2022-06-19 17:00:00",13.63,47.13,2.06,11.33,5.43
"2022-06-19 18:00:00",13.23,48.25,1.38,10.37,6.26
"2022-06-19 19:00:00",15.68,45.66,1.64,12.77,6.86
"2022-06-19 20:00:00",14.44,47.43,1.32,12.92,8.65
"2022-06-19 21:00:00",17.55,42.04,1.18,11.52,7.06
"2022-06-19 22:00:00",4.35,53.36,1.29,11.11,6.41
"2022-06-19 23:00:00",4.73,51.83,1.38,11.13,6.32
"2022-06-20 00:00:00",6.75,46.63,1.53,10.55,6.31
"2022-06-20 01:00:00",8.46,43.92,1.47,10.65,6.1
"2022-06-20 02:00:00",9.37,40.15,1.25,10.12,6.28
"2022-06-20 03:00:00",9.13,38.66,0.82,9.8,6.18
"2022-06-20 04:00:00",10.43,38.96,1.47,10.73,6.18
"2022-06-20 05:00:00",14.06,32.89,1.64,10.38,6.23
"2022-06-20 06:00:00",14.41,31.62,1.52,10.82,6.44
"2022-06-20 07:00:00",14.27,33.91,1.25,12.66,6.73
"2022-06-20 08:00:00",18.24,29.06,1.37,14.2,7.06
"2022-06-20 09:00:00",15.39,33.72,1.72,12.2,6.48
"2022-06-20 10:00:00",17.34,35.04,1.6,13.71,6.59
"2022-06-20 11:00:00",12.55,43.4,1.56,13.31,6.1
"2022-06-20 12:00:00",13.55,49.9,0.89,10.16,4.92
"2022-06-20 13:00:00",7.07,57.16,1.19,8.59,4.49
"2022-06-20 14:00:00",8.99,58.47,1.7,11.64,6.55
"2022-06-20 15:00:00",14.53,58.51,2.07,12.74,6.92
"2022-06-20 16:00:00",11.18,60.44,2.16,12.45,6.61
"2022-06-20 17:00:00",15.23,58.01,1.11,12.88,6.56
"2022-06-20 18:00:00",20.14,57.94,1.41,15.41,7.17
"2022-06-20 19:00:00",14.16,56.77,1.72,13.77,7.72
"2022-06-20 20:00:00",17.81,48.64,1.63,15.13,8.6
"2022-06-20 21:00:00",21.98,36.53,1.45,12.14,7.27
"2022-06-20 22:00:00",25.75,25.38,1.45,11.92,6.92
"2022-06-20 23:00:00",15.52,39.53,1.25,16.6,7.16
"2022-06-21 00:00:00",7.87,46.17,1.19,14.8,7.39
"2022-06-21 01:00:00",8.18,43.9,1.7,15.01,6.67
"2022-06-21 02:00:00",8.15,43.8,1.37,10.58,5.67
"2022-06-21 03:00:00",5.25,43.92,1.54,10.72,5.55
"2022-06-21 04:00:00",4.31,41.14,1.59,8.28,5.36
"2022-06-21 05:00:00",3.91,41.71,1.45,6.11,4.59
"2022-06-21 06:00:00",7.65,37.23,1.3,6.38,4
"2022-06-21 07:00:00",9.07,33.59,1.41,4.26,2.29
"2022-06-21 08:00:00",12.52,27.74,1.19,6.83,2.38
"2022-06-21 09:00:00",14.44,25.71,1.49,6.86,3.2
"2022-06-21 10:00:00",13.55,24.3,1.29,7.97,4.62
"2022-06-21 11:00:00",12.01,29.16,1.63,7.82,4.51
"2022-06-21 12:00:00",11.88,34.29,1.75,49.56,14.07
"2022-06-21 13:00:00",25.56,22.69,2.08,9.88,4.87
"2022-06-21 14:00:00",17.1,36.47,1.23,8.78,5.66
"2022-06-21 15:00:00",10.35,48.14,1.4,8.1,5.83
"2022-06-21 16:00:00",12.89,51.01,1.55,7.2,4.99
"2022-06-21 17:00:00",13.35,55.06,1.58,7.12,4.46
"2022-06-21 18:00:00",13.5,55.13,1.74,8.19,5.05
"2022-06-21 19:00:00",13.2,50.16,1.61,8.79,5.5
"2022-06-21 20:00:00",16.48,41.29,1.86,7.76,5.16
"2022-06-21 21:00:00",12.72,46.32,1.77,6.39,4.16
"2022-06-21 22:00:00",11.86,49.99,1.31,5.6,3.84
"2022-06-21 23:00:00",8.93,50.14,1.41,4.65,3.28
"2022-06-22 00:00:00",13.62,43.33,0.96,4.31,3.38
"2022-06-22 01:00:00",13.09,41.99,1.26,4.42,3.29
"2022-06-22 02:00:00",20.77,33.1,1.15,4.54,3.22
"2022-06-22 03:00:00",16.2,35.39,1.28,4.37,3.05
"2022-06-22 04:00:00",34.6,17.34,1.37,4.37,3.22
"2022-06-22 05:00:00",37.23,16.9,1.65,3.64,2.59
"2022-06-22 06:00:00",24.64,29.52,1.62,4.22,2.88
"2022-06-22 07:00:00",21.92,27.83,1.36,7.51,5.75
"2022-06-22 08:00:00",27.2,22.24,0.5,9.65,6.63
"2022-06-22 09:00:00",33.8,13.6,1.87,13.14,7.62
"2022-06-22 10:00:00",29.14,19.91,1.05,11.07,6.62
"2022-06-22 11:00:00",30.88,20.14,1.93,11.45,7.43
"2022-06-22 12:00:00",26.98,24.23,1.9,12.1,7.1
"2022-06-22 13:00:00",23.19,29.64,1.73,10.32,6.48
"2022-06-22 14:00:00",24.76,27.02,1.56,11.23,6.03
"2022-06-22 15:00:00",23.17,33.17,1.92,11.9,5.7
"2022-06-22 16:00:00",20.69,36.64,2.01,12.81,5.78
"2022-06-22 17:00:00",22.21,38.57,1.99,10.83,5.52
"2022-06-22 18:00:00",29.21,36.81,1.87,9.55,5.27
"2022-06-22 19:00:00",29.46,34.64,1.78,10.65,6.73
"2022-06-22 20:00:00",25.11,37.93,1.38,13.79,10.03
"2022-06-22 21:00:00",23.87,33.04,1.56,12.09,6.65
"2022-06-22 22:00:00",45.74,8.67,1.65,10.78,6.21
"2022-06-22 23:00:00",38.21,10.01,1.1,10.81,6.82
"2022-06-23 00:00:00",19.87,17.19,2.35,6.4,3.57
"2022-06-23 01:00:00",11.95,24.82,1.65,6.31,3.1
"2022-06-23 02:00:00",7.95,35.85,1.58,5.69,2.79
"2022-06-23 03:00:00",7.39,35.76,1.6,4.92,2.92
"2022-06-23 04:00:00",11.83,28.09,1.54,6.37,3.68
"2022-06-23 05:00:00",8.06,31.53,1.32,7.8,5.13
"2022-06-23 06:00:00",16.87,20.79,1.55,4.78,2.65
"2022-06-23 07:00:00",24.82,18.11,1.79,5.67,2.91
"2022-06-23 08:00:00",27.85,13.48,1.77,11.91,4.07
"2022-06-23 09:00:00",25.07,14.82,1.85,14.05,5.41
"2022-06-23 10:00:00",16.82,20.07,1.85,14.37,5.75
"2022-06-23 11:00:00",17.63,25.16,2.19,15.26,6.46
"2022-06-23 12:00:00",28.99,18.57,1.89,13.85,6.23
"2022-06-23 13:00:00",25.74,26.77,1.86,12.75,6.74
"2022-06-23 14:00:00",19.54,37.27,1.73,15.1,8.61
"2022-06-23 15:00:00",19.69,48.98,1.77,14.19,8.53
"2022-06-23 16:00:00",16.02,56.43,1.73,11.03,6.43
"2022-06-23 17:00:00",19.87,53.56,1.74,11.03,6.1
"2022-06-23 18:00:00",23.84,53.33,1.39,12.78,6.81
"2022-06-23 19:00:00",18.23,53.52,1.04,12.65,6.19
"2022-06-23 20:00:00",7.08,65.39,1.02,8.64,3.73
"2022-06-23 21:00:00",8.91,59.82,1.35,6.83,3.21
"2022-06-23 22:00:00",7.75,51.04,1.52,6.89,3.28
"2022-06-23 23:00:00",12.72,32.58,1.82,6.72,3.4
"2022-06-24 00:00:00",8.82,38.49,0.63,5.96,3.39
"2022-06-24 01:00:00",3.81,56.15,1.35,7.79,3.86
"2022-06-24 02:00:00",4.53,47.46,1.94,5.92,3.42
"2022-06-24 03:00:00",9.5,37.04,2.08,6.31,3.64
"2022-06-24 04:00:00",11.89,31.91,2.08,6.92,4.2
"2022-06-24 05:00:00",5.13,31.32,1.95,5.29,3.56
"2022-06-24 06:00:00",3.65,30.06,1.93,1.74,0.92
"2022-06-24 07:00:00",6.52,31.6,1.64,1.53,0.67
"2022-06-24 08:00:00",5.84,31.26,1.92,2.21,0.72
"2022-06-24 09:00:00",4.12,33.63,2.1,2.93,0.72
"2022-06-24 10:00:00",3.54,37.91,1.88,3.04,1
"2022-06-24 11:00:00",5.58,54.83,1.93,6.67,2.25
"2022-06-24 12:00:00",6.72,66.59,2.16,7.48,3.67
"2022-06-24 13:00:00",6.68,70.16,2.13,8.76,4.52
"2022-06-24 14:00:00",7.61,64.78,2.08,9.38,4.65
"2022-06-24 15:00:00",7.18,55.88,0.96,10.29,4.71
"2022-06-24 16:00:00",7.27,51.95,1.51,5.39,2.7
"2022-06-24 17:00:00",9.28,43.81,2.1,5.32,2.45
"2022-06-24 17:01:00",,,,,
"2022-06-24 18:01:00",,,,,
"2022-06-24 21:00:00",7.64,50.67,1.76,6.65,4.48
"2022-06-24 22:00:00",6.28,47.79,2.05,5.62,3.51
"2022-06-24 23:00:00",6.07,43.74,2.18,5.31,3.09
"2022-06-25 00:00:00",2.41,51.52,1.68,1.63,0.59
"2022-06-25 01:00:00",1.16,58.17,2.36,1.05,0.3
"2022-06-25 02:00:00",1,60.33,2.46,0.64,0.27
"2022-06-25 03:00:00",0.58,61.68,1.28,1.35,0.42
"2022-06-25 04:00:00",0.69,62.77,1.83,1.29,0.7
"2022-06-25 05:00:00",1.08,64.22,1.79,1.37,0.92
"2022-06-25 06:00:00",1,63.92,1.76,1.62,1.02
"2022-06-25 07:00:00",1.31,66.64,1.6,2.25,1.37
"2022-06-25 08:00:00",1.91,65.09,1.22,2.8,1.48
"2022-06-25 09:00:00",2.88,67.2,1.8,4.38,1.99
"2022-06-25 10:00:00",2.55,69.12,1.82,5.16,2.04
"2022-06-25 11:00:00",2.93,65.17,1.96,4.3,1.98
"2022-06-25 12:00:00",3.52,62.05,2.25,4.51,1.94
"2022-06-25 13:00:00",3.84,63.06,1.16,3.98,1.8
"2022-06-25 14:00:00",3.56,64.1,1.6,4.72,1.87
"2022-06-25 15:00:00",3.39,65.98,1.97,4.46,2.09
"2022-06-25 16:00:00",4.07,69.16,1.78,4.35,2.32
"2022-06-25 17:00:00",4.72,66.71,1.77,5.28,3.27
"2022-06-25 18:00:00",4.25,68.91,1.68,6.55,4.08
"2022-06-25 19:00:00",4.38,70.34,1.83,6.77,4.5
"2022-06-25 20:00:00",4.5,71.62,1.88,6.91,5.09
"2022-06-25 21:00:00",5.06,68.83,1.77,5.79,4.16
"2022-06-25 22:00:00",3.93,67.29,1.81,5.09,3.38
"2022-06-25 23:00:00",2.59,67.34,1.62,5.32,3.19
"2022-06-26 00:00:00",1.51,66.56,2.08,5.11,3.11
"2022-06-26 00:01:00",,,,,
"2022-06-26 01:01:00",,,,,
"2022-06-26 06:00:00",0.94,53.27,1.66,0.84,0.41
"2022-06-26 07:00:00",0.9,56,1.3,0.65,0.36
"2022-06-26 08:00:00",1.2,57.4,1.56,0.73,0.46
"2022-06-26 09:00:00",1.78,53.47,1.74,0.96,0.54
"2022-06-26 10:00:00",2.1,53.27,1.68,1.53,0.73
"2022-06-26 11:00:00",1.63,50.78,1.75,1.56,0.81
"2022-06-26 12:00:00",1.95,49.71,1.99,2.05,0.91
"2022-06-26 13:00:00",2.88,48.93,1.97,2.35,0.89
"2022-06-26 14:00:00",2.06,50.29,1.06,1.91,0.96
"2022-06-26 15:00:00",4.79,48.79,0.92,2.28,1.16
"2022-06-26 16:00:00",5.1,47.46,2.04,3.26,1.5
"2022-06-26 17:00:00",5.4,43.56,2.12,3.13,1.85
"2022-06-26 18:00:00",5.73,40.69,2.09,4.59,2.77
"2022-06-26 19:00:00",5.44,53.39,2.09,5.92,3.47
"2022-06-26 20:00:00",6.58,55.22,1.79,4.86,2.83
"2022-06-26 21:00:00",9.46,48.96,1.87,5.99,3.79
"2022-06-26 22:00:00",9.65,44.78,1.8,3.42,2.4
"2022-06-26 23:00:00",4.26,41.8,1.93,5.23,3.15
"2022-06-27 00:00:00",3.65,44,0.81,4.27,2.28
"2022-06-27 01:00:00",2.38,46.54,1.21,5.6,2.76
"2022-06-27 02:00:00",2.63,46.48,1.59,5.57,3.01
"2022-06-27 03:00:00",1.21,49.54,1.61,6.34,2.99
"2022-06-27 04:00:00",2.74,47.99,1.69,9.59,4.43
"2022-06-27 05:00:00",4.11,44.92,1.72,10.39,4.88
"2022-06-27 06:00:00",6.19,42.13,2.01,9.79,4.49
"2022-06-27 07:00:00",6.4,41.55,1.72,8.99,4.05
"2022-06-27 08:00:00",6.59,40.52,1.45,8.68,3.83
"2022-06-27 09:00:00",7.88,42.71,1.72,9.45,3.75
"2022-06-27 10:00:00",6.36,47.05,1.55,8.12,3.36
"2022-06-27 11:00:00",5.63,49.46,1.63,7.74,3.22
"2022-06-27 12:00:00",4.98,52.71,1.52,6.93,3.11
"2022-06-27 13:00:00",3.74,55.12,1.49,7.4,2.75
"2022-06-27 14:00:00",3.36,54.84,0.9,5.22,2.5
"2022-06-27 15:00:00",2.79,56.98,0.02,5.08,2.16
"2022-06-27 16:00:00",3.67,58.11,1.73,5.17,2.34
"2022-06-27 17:00:00",4.68,56.48,1.86,6.32,3.15
"2022-06-27 18:00:00",5.01,53.79,1.51,8.68,4.48
"2022-06-27 19:00:00",7.6,56.07,1.52,8.06,4.38
"2022-06-27 20:00:00",5.37,55.26,1.62,9.11,5.29
"2022-06-27 21:00:00",4.7,55.48,1.9,9.26,5
"2022-06-27 22:00:00",3,55.28,1.78,10.77,5.29
"2022-06-27 23:00:00",2.55,55.51,1.76,9.53,5.19
"2022-06-28 00:00:00",1.89,54.55,1.72,9.26,4.63
"2022-06-28 01:00:00",0.69,57.55,1.55,9.39,4.7
"2022-06-28 02:00:00",0.6,56.96,2.08,5.79,3.06
"2022-06-28 03:00:00",0.45,56.76,1.71,3.2,1.9
"2022-06-28 04:00:00",0.58,56.63,1.73,3.68,2.04
"2022-06-28 05:00:00",0.87,55.1,1.52,3.4,2.17
"2022-06-28 06:00:00",3.71,49,1.74,2.48,1.65
"2022-06-28 07:00:00",5.79,46.84,1.72,1.23,0.79
"2022-06-28 08:00:00",7.56,44.98,1.68,1.17,0.63
"2022-06-28 09:00:00",6.8,45.76,1.51,1.1,0.49
"2022-06-28 10:00:00",7.71,43.49,1.58,1.56,0.86
"2022-06-28 11:00:00",6.79,44.29,1.97,1.41,0.49
"2022-06-28 12:00:00",7.78,43.55,1.69,1.9,0.8
"2022-06-28 13:00:00",2.75,55.34,1.59,6.38,3.4
"2022-06-28 14:00:00",3.94,51.66,1.79,7.32,4.42
"2022-06-28 15:00:00",4.29,49.94,1.83,6.22,3.56
"2022-06-28 16:00:00",3.63,51.64,1.77,6.4,3.44
"2022-06-28 17:00:00",3.72,52.75,1.77,7.32,4.44
"2022-06-28 18:00:00",4.64,53.32,1.77,6.08,3.6
"2022-06-28 19:00:00",7.4,48.75,1.79,6.69,3.88
"2022-06-28 20:00:00",5.21,46.93,1.54,7.11,4.19
"2022-06-28 21:00:00",5.18,44.93,1.83,6.42,3.72
"2022-06-28 22:00:00",4.49,44.25,2.03,5.82,3.33
"2022-06-28 23:00:00",2.98,45.49,1.65,4.58,2.63
"2022-06-29 00:00:00",2.38,43.34,1.55,5.43,3.04
"2022-06-29 01:00:00",2.5,42.1,1.75,7.31,3.51
"2022-06-29 02:00:00",1.21,43.33,1.79,6.5,3.36
"2022-06-29 03:00:00",1.17,42.42,1.44,5.46,3.03
"2022-06-29 04:00:00",1.03,41.32,1.41,6.23,3.14
"2022-06-29 05:00:00",1.29,43.25,1.68,4.96,2.91
"2022-06-29 06:00:00",1.94,40.18,1.59,5.03,2.79
"2022-06-29 07:00:00",6.43,35.14,1.74,6.35,2.96
"2022-06-29 08:00:00",9.45,32.79,1.99,6.55,3.21
"2022-06-29 09:00:00",5.65,35.86,1.9,6.18,2.84
"2022-06-29 10:00:00",4.68,37.41,2.08,6.8,2.76
"2022-06-29 11:00:00",3.95,42.17,1.9,5.92,2.14
"2022-06-29 12:00:00",3.77,47.79,1.95,3.62,1.63
"2022-06-29 13:00:00",4.58,50.21,1.93,5.44,1.9
"2022-06-29 14:00:00",7.06,47.26,1.69,6.19,2.91
"2022-06-29 15:00:00",10.91,44.03,2,7.93,4.07
"2022-06-29 16:00:00",9.3,43.59,1.99,5.44,2.21
"2022-06-29 17:00:00",10.58,47.18,1.74,3.88,1.82
"2022-06-29 18:00:00",9.01,50.72,1.57,4.26,1.84
"2022-06-29 19:00:00",6.39,50.05,2.01,2.8,1.45
"2022-06-29 19:01:00",,,,,
"2022-06-29 20:01:00",,,,,
"2022-06-29 21:00:00",8.97,45.7,1.83,2.06,1.3
"2022-06-29 22:00:00",8.32,41.83,1.79,4.25,1.69
"2022-06-29 23:00:00",6.16,41.32,1.52,2.9,1.58
"2022-06-30 00:00:00",7.28,36.12,1.4,2.88,1.65
"2022-06-30 01:00:00",5.71,33.59,1.61,3.32,2.02
"2022-06-30 02:00:00",4.48,30.73,1.77,3.55,2.2
"2022-06-30 03:00:00",5.4,26.57,1.93,4.3,2.36
"2022-06-30 04:00:00",2.91,31.65,1.69,3.41,2.01
"2022-06-30 05:00:00",3.55,33.29,1.68,3.37,1.93
"2022-06-30 06:00:00",8.35,28.34,1.85,3.4,2.07
"2022-06-30 07:00:00",16.34,22.52,1.58,3.93,2.3
"2022-06-30 08:00:00",16.73,19.43,1.6,5.05,2.63
"2022-06-30 09:00:00",13.97,22.28,1.47,5.22,3.17
"2022-06-30 10:00:00",7.33,29.88,1.79,5.18,2.65
"2022-06-30 11:00:00",6.52,33.15,1.13,4.87,2.59
"2022-06-30 12:00:00",6.37,38.72,1.35,5.92,3.41
"2022-06-30 13:00:00",9,38.39,1.43,5.19,2.44
"2022-06-30 14:00:00",10.28,39.17,1.47,4.89,2.36
"2022-06-30 15:00:00",8.97,41.33,0.33,5.05,2.48
"2022-06-30 16:00:00",5.45,46.82,1.67,5.02,2.4
"2022-06-30 17:00:00",6.72,49.94,1.7,6.05,3.03
"2022-06-30 18:00:00",14.31,52.13,2.32,4.69,2.74
"2022-06-30 19:00:00",7.08,52.67,1.71,5.23,3.03
"2022-06-30 20:00:00",7.51,48.04,1.31,6.03,2.94
"2022-06-30 21:00:00",10.25,41.93,1.97,6.46,2.67
"2022-06-30 22:00:00",9.72,39.44,1.72,6.08,2.57
"2022-06-30 23:00:00",9.38,40.35,1.89,7.3,3.19
"2022-07-01 00:00:00",5.2,42.24,1.94,4.85,2.32
"2022-07-01 01:00:00",3.31,43.03,0.67,2.47,1.23
"2022-07-01 02:00:00",4.37,40.72,1.29,2.62,1.69
"2022-07-01 03:00:00",4.49,38.56,1.35,2.43,1.79
"2022-07-01 04:00:00",3.24,37.81,1.11,2.91,1.79
"2022-07-01 05:00:00",5.02,35.19,1.79,2.6,1.64
"2022-07-01 06:00:00",7.81,35.39,1.69,3.59,2.05
"2022-07-01 07:00:00",16.54,26.98,1.93,3.41,2.22
"2022-07-01 08:00:00",13.13,25.81,1.64,5.79,3.11
"2022-07-01 09:00:00",7.92,34.76,1.72,4.4,2.38
"2022-07-01 10:00:00",3.82,44.98,1.15,3.41,1.83
"2022-07-01 11:00:00",5.36,49.01,1.13,3.75,2.02
"2022-07-01 12:00:00",5.3,52.82,1.79,3.37,1.67
"2022-07-01 13:00:00",3.15,57.23,1.71,3.14,1.5
"2022-07-01 14:00:00",6.34,51.87,1.08,3.63,1.48
"2022-07-01 15:00:00",5.9,52,0.48,2.03,0.85
"2022-07-01 16:00:00",5.94,49.47,1.94,1.57,0.68
"2022-07-01 17:00:00",3.39,47.12,1.61,1.65,0.83
"2022-07-01 18:00:00",5.75,44.95,2.02,1.96,0.97
"2022-07-01 19:00:00",5.44,44.21,2.02,2.21,1.45
"2022-07-01 20:00:00",3.73,44.52,1.57,2.12,1.45
"2022-07-01 21:00:00",6.14,39.62,1.76,2.33,1.45
"2022-07-01 22:00:00",4.78,40.84,1.79,2.89,1.67
"2022-07-01 23:00:00",10.48,37.86,1.68,3.35,2.18
"2022-07-02 00:00:00",3.44,39.14,1.59,4.34,2.33
"2022-07-02 01:00:00",4.48,35.69,1.32,4.51,2.35
"2022-07-02 02:00:00",3.26,36.31,1.92,5.19,2.58
"2022-07-02 03:00:00",1.35,41.67,1.69,4.79,2.52
"2022-07-02 04:00:00",3.07,41.74,1.72,3.72,1.93
"2022-07-02 05:00:00",0.75,45.23,1.53,3.36,1.73
"2022-07-02 06:00:00",0.95,45.24,1.16,3.37,1.76
"2022-07-02 07:00:00",1.98,46.39,1.27,4.34,2.09
"2022-07-02 08:00:00",2.58,47.97,1.6,4.92,2.53
"2022-07-02 09:00:00",4.06,48.85,1.71,6.5,2.96
"2022-07-02 10:00:00",4.11,48.71,0.82,5.69,2.68
"2022-07-02 11:00:00",3.85,50.21,0.96,5.8,2.49
"2022-07-02 12:00:00",4.33,49.87,1.08,5.03,2.5
"2022-07-02 13:00:00",4.17,51.98,0.59,3.63,2.03
"2022-07-02 14:00:00",9.48,51.24,1.13,2.82,1.54
"2022-07-02 15:00:00",4.78,50.33,1.39,3.95,1.63
"2022-07-02 16:00:00",6.92,52.43,2.04,2.67,1.37
"2022-07-02 17:00:00",7.66,49.69,1.88,2.95,1.36
"2022-07-02 18:00:00",3.85,49.52,2.07,2.47,1.29
"2022-07-02 19:00:00",7.72,45.32,2.13,2.63,1.5
"2022-07-02 20:00:00",10.63,34.4,1.74,2.85,1.71
"2022-07-02 21:00:00",10.02,32.62,1.98,3.3,1.84
"2022-07-02 22:00:00",7.94,38.33,1.87,3.31,1.95
"2022-07-02 23:00:00",5.35,39.03,1.63,3.64,2.41