"Date and Time","NO<sub>2</sub>","O<sub>3</sub>","PM<sub>10</sub>","PM<sub>2.5</sub>"
"2024-01-03 01:00:00",7.19,56.79,13.44,7.47
"2024-01-03 02:00:00",5.71,62.61,11.28,6.5
"2024-01-03 03:00:00",3.69,68.62,4.66,3.38
"2024-01-03 04:00:00",3.76,73.03,8.78,4.6
"2024-01-03 05:00:00",4.94,69.87,4.41,2.71
"2024-01-03 06:00:00",7.59,64.32,5.07,2.65
"2024-01-03 07:00:00",15.4,48.88,3.79,2.2
"2024-01-03 08:00:00",21.93,43.81,4.55,2.26
"2024-01-03 09:00:00",28.92,39.5,4.62,2.47
"2024-01-03 10:00:00",20.95,52.17,6.19,3.02
"2024-01-03 11:00:00",17.88,52.32,6.27,3.62
"2024-01-03 12:00:00",15.06,59.86,4.13,2.25
"2024-01-03 13:00:00",14.16,65.33,4.79,2.48
"2024-01-03 14:00:00",14.92,62.81,3.12,1.54
"2024-01-03 15:00:00",24.54,61.8,2.22,1.2
"2024-01-03 16:00:00",23.72,63.69,3.29,1.74
"2024-01-03 17:00:00",19.85,53.07,13.54,10.58
"2024-01-03 18:00:00",12.11,66.57,3.06,1.84
"2024-01-03 19:00:00",19.08,71.56,2.63,1.41
"2024-01-03 20:00:00",7.26,77.4,6.21,3.7
"2024-01-03 21:00:00",7.78,69.56,10.21,6.59
"2024-01-03 22:00:00",8.04,67.15,8.94,5.45
"2024-01-03 23:00:00",9.83,62.25,10.04,6.86
"2024-01-04 00:00:00",4.74,67.08,9.75,5.67
"2024-01-04 01:00:00",3.77,68.27,9.94,5.46
"2024-01-04 02:00:00",4.54,65.07,9.25,5.21
"2024-01-04 03:00:00",3.51,72.52,9.05,4.76
"2024-01-04 04:00:00",3.3,70.64,9.75,4.98
"2024-01-04 05:00:00",4.89,64.1,8.9,4.63
"2024-01-04 06:00:00",5.72,70.05,9.67,4.58
"2024-01-04 07:00:00",17.86,45.6,8.58,4.38
"2024-01-04 08:00:00",38.74,15.22,7.41,4.43
"2024-01-04 09:00:00",43.34,13.24,11,7.32
"2024-01-04 10:00:00",44.27,12.43,11.12,6.29
"2024-01-04 11:00:00",51.59,13.27,27.51,20.58
"2024-01-04 12:00:00",42.63,24.27,22.69,14
"2024-01-04 13:00:00",37.8,28.43,11.71,5.61
"2024-01-04 14:00:00",32.63,37.87,10.97,5.14
"2024-01-04 15:00:00",34.06,30.47,14.52,8.3
"2024-01-04 16:00:00",39.72,21.85,27.47,20.87
"2024-01-04 17:00:00",42.85,12.36,15.64,9.23
"2024-01-04 18:00:00",45.34,10.96,43.67,38.24
"2024-01-04 19:00:00",46.1,11.65,85.52,80.4
"2024-01-04 20:00:00",44.19,12.01,137.74,132.05
"2024-01-04 21:00:00",42.9,12.17,153.64,149.53
"2024-01-04 22:00:00",22.72,26.38,13.03,10.38
"2024-01-04 23:00:00",21.02,34.4,10.94,8.51
"2024-01-05 00:00:00",15.59,42.4,12.67,10.37
"2024-01-05 01:00:00",10.71,50.16,10.04,8.19
"2024-01-05 02:00:00",7.02,48.38,9.06,7.53
"2024-01-05 03:00:00",6.67,48.03,7.59,6.43
"2024-01-05 04:00:00",5.83,47.15,9.19,7.27
"2024-01-05 05:00:00",5.67,43.36,9.08,7.57
"2024-01-05 06:00:00",7.92,44.17,8.65,6.8
"2024-01-05 07:00:00",8.37,41.79,7.65,5.32
"2024-01-05 08:00:00",13.4,38.49,7.16,4.56
"2024-01-05 09:00:00",28.2,20.94,6.59,4.52
"2024-01-05 10:00:00",26.1,24.11,7.69,4.93
"2024-01-05 11:00:00",18.4,39.79,7.97,4.08
"2024-01-05 12:00:00",13.99,48.6,8.7,4.77
"2024-01-05 13:00:00",13.05,55.03,15.01,7.32
"2024-01-05 14:00:00",12.43,54.03,10.64,4.83
"2024-01-05 15:00:00",12.65,55.86,10.72,5.62
"2024-01-05 16:00:00",15.03,55.85,11.33,4.93
"2024-01-05 17:00:00",15.11,52.74,10.38,4.46
"2024-01-05 18:00:00",17.02,46.27,8.09,4.57
"2024-01-05 19:00:00",12.14,51.92,6.45,3.91
"2024-01-05 20:00:00",10.57,56.91,5.11,3.49
"2024-01-05 21:00:00",8.03,61.75,6.12,4.03
"2024-01-05 22:00:00",10.36,55.5,6.01,4.72
"2024-01-05 23:00:00",13.08,48.98,9.57,7.4
"2024-01-06 00:00:00",11.37,43.38,9.56,7.42
"2024-01-06 01:00:00",10.17,45.42,12.04,9.44
"2024-01-06 02:00:00",6.25,53.76,11.59,8.11
"2024-01-06 03:00:00",8.02,48.5,10.3,7.82
"2024-01-06 04:00:00",6.23,54.41,9.33,6.66
"2024-01-06 05:00:00",7.31,51.36,9.49,6.7
"2024-01-06 06:00:00",6.2,50.62,8.65,5.68
"2024-01-06 07:00:00",5.35,55.68,7.56,4.99
"2024-01-06 08:00:00",9.68,51.95,7.88,4.68
"2024-01-06 09:00:00",8.13,56.89,7.66,4.39
"2024-01-06 10:00:00",13.42,51.51,7.47,4.48
"2024-01-06 11:00:00",13.86,53.04,8.92,5.34
"2024-01-06 12:00:00",11.4,55.99,10.18,6.78
"2024-01-06 13:00:00",12.05,55.94,7.94,4.61
"2024-01-06 14:00:00",11.94,56.4,8.46,5.44
"2024-01-06 15:00:00",13.01,56.59,8.26,4.69
"2024-01-06 16:00:00",13.21,53.76,8.63,5.61
"2024-01-06 17:00:00",16.23,45.08,13.86,10.24
"2024-01-06 18:00:00",26.76,32.31,45.9,41.09
"2024-01-06 19:00:00",26.06,32.83,34.45,30.75
"2024-01-06 20:00:00",31.19,22.42,47.55,44.42
"2024-01-06 21:00:00",26.35,19.22,24.57,21.48
"2024-01-06 22:00:00",19.89,21.29,13.61,11.63
"2024-01-06 23:00:00",16.51,27.1,20.27,17.79
"2024-01-07 00:00:00",21.51,22.1,33.55,30.98
"2024-01-07 01:00:00",9.39,33.85,15.01,13.23
"2024-01-07 02:00:00",6.21,35.93,12.87,10.81
"2024-01-07 03:00:00",4.14,42.48,10.67,9.1
"2024-01-07 04:00:00",4.16,45.96,10.78,8.89
"2024-01-07 05:00:00",5.76,39.16,11.37,9.92
"2024-01-07 06:00:00",3.96,38.45,10.49,9.53
"2024-01-07 07:00:00",3.68,47.09,8.33,8.21
"2024-01-07 08:00:00",5.14,44.93,6.36,6.14
"2024-01-07 09:00:00",6.79,36.93,7.61,7.32
"2024-01-07 10:00:00",6.95,39.85,6.9,6.58
"2024-01-07 11:00:00",8.12,40.43,6.89,6.28
"2024-01-07 12:00:00",19.96,43.14,7.71,7.05
"2024-01-07 13:00:00",12.76,41.9,11.03,10.03
"2024-01-07 14:00:00",11.5,37.24,13.38,12.63
"2024-01-07 15:00:00",12.31,36.26,10.59,9.65
"2024-01-07 16:00:00",13.68,32.53,14.06,13.25
"2024-01-07 17:00:00",14.49,27.6,19.59,18.78
"2024-01-07 18:00:00",20.01,18.92,41.69,40.34
"2024-01-07 19:00:00",18.72,15.83,25.26,24.46
"2024-01-07 20:00:00",20.83,17.3,32.32,31.25
"2024-01-07 21:00:00",21.62,14.72,35.66,34.39
"2024-01-07 22:00:00",14.71,17.96,13.9,13.3
"2024-01-07 23:00:00",12.97,19.72,17.59,17.1
"2024-01-08 00:00:00",13.77,21.05,19.84,19.2
"2024-01-08 01:00:00",10.83,24.56,19.06,18.26
"2024-01-08 02:00:00",10.35,21.18,18.18,17.73
"2024-01-08 03:00:00",7.59,32.16,13.09,12.25
"2024-01-08 04:00:00",6.82,53.61,8.66,7.41
"2024-01-08 05:00:00",7.4,49.92,8.93,7.36
"2024-01-08 06:00:00",9.48,58.01,9.04,6.58
"2024-01-08 07:00:00",14.77,66.1,8.1,4.96
"2024-01-08 08:00:00",11.75,76.6,6.99,3.97
"2024-01-08 09:00:00",19.85,70.34,10.35,6.51
"2024-01-08 10:00:00",18.71,70.42,7.82,4.59
"2024-01-08 11:00:00",16.09,72.09,9.14,5.08
"2024-01-08 12:00:00",13.96,73.94,8.01,5.17
"2024-01-08 13:00:00",11.9,78.73,8.7,4.98
"2024-01-08 14:00:00",11.33,82.68,9.26,5.09
"2024-01-08 15:00:00",12.69,79.76,8.92,5.29
"2024-01-08 16:00:00",20.73,67.25,18.84,13.86
"2024-01-08 17:00:00",36.67,47.94,58.38,53.83
"2024-01-08 18:00:00",23.63,62.37,37.06,33.03
"2024-01-08 19:00:00",25.45,60.85,39.16,36.09
"2024-01-08 20:00:00",21.34,64.41,39.66,36.4
"2024-01-08 21:00:00",18.8,66.97,27.91,23.89
"2024-01-08 22:00:00",16.53,71.3,18.93,15.42
"2024-01-08 23:00:00",11.44,78.33,14.68,10.96
"2024-01-09 00:00:00",9.87,75.45,13.38,10.15
"2024-01-09 01:00:00",7.68,80.27,8.43,6.28
"2024-01-09 02:00:00",8.61,79.28,6.02,4.62
"2024-01-09 03:00:00",9.41,74.73,6.47,5.12
"2024-01-09 04:00:00",7.57,75.17,8.09,5.18
"2024-01-09 05:00:00",7.21,78.75,8.99,5.53
"2024-01-09 06:00:00",6.47,79.9,8.94,5.55
"2024-01-09 07:00:00",6.36,82.85,9.94,5.63
"2024-01-09 08:00:00",7.21,83.37,9.32,5.52
"2024-01-09 09:00:00",11.44,78.68,10.21,5.74
"2024-01-09 10:00:00",13.17,73.88,10.86,6.24
"2024-01-09 11:00:00",13.92,70.6,12.81,7.21
"2024-01-09 12:00:00",14.61,70.09,15.12,9.91
"2024-01-09 13:00:00",19.64,73.08,19.03,12.13
"2024-01-09 14:00:00",12.38,77.99,22.25,13.79
"2024-01-09 15:00:00",16.84,74.59,21.77,14.62
"2024-01-09 16:00:00",16.81,75.05,24.96,18.43
"2024-01-09 17:00:00",23.68,66.32,30.85,23.43
"2024-01-09 18:00:00",22.44,65.11,45.48,38.79
"2024-01-09 19:00:00",24.29,61.51,51.83,44.91
"2024-01-09 20:00:00",34.1,46.71,55.76,49.79
"2024-01-09 21:00:00",24.63,59.05,37.95,31.66
"2024-01-09 22:00:00",17.67,66,29.08,22.51
"2024-01-09 23:00:00",13.99,69.06,21.7,15.39
"2024-01-10 00:00:00",10.61,72,17.08,10.84
"2024-01-10 01:00:00",8.63,73.99,14.43,8.98
"2024-01-10 02:00:00",8.95,68.24,10.47,6.74
"2024-01-10 03:00:00",7.53,70.2,10.01,5.87
"2024-01-10 04:00:00",6.35,70.08,11.19,5.98
"2024-01-10 05:00:00",7.37,69.74,11.24,5.92
"2024-01-10 06:00:00",7.52,70.77,10.23,5.39
"2024-01-10 07:00:00",8.75,70.73,10.48,5.25
"2024-01-10 08:00:00",11.08,68.99,9.62,5.44
"2024-01-10 09:00:00",20.31,60.05,12.07,6.56
"2024-01-10 10:00:00",26.6,56.66,12.92,7.47
"2024-01-10 11:00:00",18.86,62.01,13.93,8.55
"2024-01-10 12:00:00",19.98,64.92,11.94,7.11
"2024-01-10 13:00:00",13.4,69.06,12.83,9.08
"2024-01-10 14:00:00",10.27,72.18,15.52,11.69
"2024-01-10 15:00:00",15.01,66.84,16.11,12.45
"2024-01-10 16:00:00",16.21,65.85,20.71,17.81
"2024-01-10 17:00:00",24.37,54.85,27.09,23.59
"2024-01-10 18:00:00",21.49,59.32,23.01,20.28
"2024-01-10 19:00:00",19.61,61.34,21.91,19.6
"2024-01-10 20:00:00",23.03,52.44,26.73,23.78
"2024-01-10 21:00:00",19.67,50.64,22.07,20.01
"2024-01-10 22:00:00",16.3,49.37,14.8,13.43
"2024-01-10 23:00:00",15.34,45.54,16.51,14.71
"2024-01-11 00:00:00",12.42,43.53,14.62,13.56
"2024-01-11 01:00:00",10.05,46.63,15.65,14.61
"2024-01-11 02:00:00",8.97,45.51,12.73,11.47
"2024-01-11 03:00:00",8.12,46.55,11.22,10.02
"2024-01-11 04:00:00",7.82,41.91,10.58,9.71
"2024-01-11 05:00:00",6.94,49.66,8.95,7.95
"2024-01-11 06:00:00",7.55,64.78,5.56,4.23
"2024-01-11 07:00:00",12.41,61.23,6.04,4.05
"2024-01-11 08:00:00",20.26,54.42,7.21,4.57
"2024-01-11 09:00:00",25.08,52.83,7.61,4.45
"2024-01-11 10:00:00",24.91,56.98,12.46,8.32
"2024-01-11 11:00:00",16.21,67.78,10.94,7.12
"2024-01-11 12:00:00",11.48,73.8,10.23,6.4
"2024-01-11 13:00:00",10.25,75.57,11.78,8.31
"2024-01-11 14:00:00",10.38,77.15,14.37,9.61
"2024-01-11 15:00:00",12.94,75.67,17.39,12.87
"2024-01-11 16:00:00",14.9,72.46,24.56,21.58
"2024-01-11 17:00:00",18.22,66.59,31.26,28.87
"2024-01-11 18:00:00",25.01,59,42.81,40
"2024-01-11 19:00:00",28.32,55.43,28.85,25.92
"2024-01-11 20:00:00",21.67,62.52,39.02,36.26
"2024-01-11 21:00:00",21.34,60.95,27.83,25.43
"2024-01-11 22:00:00",14.54,68.44,12.14,10.49
"2024-01-11 23:00:00",12.25,68.56,10.75,8.94
"2024-01-12 00:00:00",12.13,65.82,9.54,7.73
"2024-01-12 01:00:00",10.42,59.13,8.49,7.03
"2024-01-12 02:00:00",9.7,55.08,8.41,7.14
"2024-01-12 03:00:00",7.46,67.93,7.32,5.72
"2024-01-12 04:00:00",6.45,73.66,5.59,4.03
"2024-01-12 05:00:00",6.36,73.34,5,3.54
"2024-01-12 06:00:00",7.16,72.16,5.54,3.61
"2024-01-12 07:00:00",14.05,62.17,5.27,3.68
"2024-01-12 08:00:00",11.36,63.81,6.52,4.32
"2024-01-12 09:00:00",17.85,57.79,8.87,5.5
"2024-01-12 10:00:00",19.74,56.72,8.92,5.87
"2024-01-12 11:00:00",19.2,57.5,9.06,6.59
"2024-01-12 12:00:00",19.75,53.44,8.88,6.77
"2024-01-12 13:00:00",21.96,48.06,9.82,7.81
"2024-01-12 14:00:00",21.54,43.63,12.18,8.69
"2024-01-12 15:00:00",24.2,38.65,18.1,14.46
"2024-01-12 16:00:00",32.52,32.74,19.44,16.12
"2024-01-12 17:00:00",26.44,48.77,32.85,29.62
"2024-01-12 18:00:00",26.43,50.44,30.69,27.46
"2024-01-12 19:00:00",25.05,51.82,32.25,30.27
"2024-01-12 20:00:00",19.4,53.81,29.64,27.4
"2024-01-12 21:00:00",17.58,54.43,25.62,23.26
"2024-01-12 22:00:00",15.18,50.18,30.29,28.42
"2024-01-12 23:00:00",13.74,50.07,24.37,22.75
"2024-01-13 00:00:00",11.37,51.13,23.81,22.51
"2024-01-13 01:00:00",9.39,52.14,24.24,22.79
"2024-01-13 02:00:00",8.07,52.68,21.4,20.37
"2024-01-13 03:00:00",6.21,57.53,16.48,15.74
"2024-01-13 04:00:00",5.9,56.75,15.84,14.87
"2024-01-13 05:00:00",5.85,55.75,16.54,15.66
"2024-01-13 06:00:00",5.29,62.62,10.7,10.25
"2024-01-13 07:00:00",6.91,56.51,14.42,13.52
"2024-01-13 08:00:00",10.46,49.34,13.43,12.17
"2024-01-13 09:00:00",10.1,47.05,11.79,11.13
"2024-01-13 10:00:00",10.55,45.72,11.82,10.96
"2024-01-13 11:00:00",12.3,46.89,10.41,9.23
"2024-01-13 12:00:00",12.45,47.45,10.96,9.9
"2024-01-13 13:00:00",13.93,47.45,16.3,9.54
"2024-01-13 14:00:00",13.35,47.81,15.46,9.17
"2024-01-13 15:00:00",14.31,45.49,18.71,11.9
"2024-01-13 16:00:00",16.61,44.84,27.45,23.44
"2024-01-13 17:00:00",21.78,38.46,22.78,20.4
"2024-01-13 18:00:00",26.36,30.42,30.04,27.83
"2024-01-13 19:00:00",25.07,24.28,41.08,38.63
"2024-01-13 20:00:00",26.95,25.93,46.35,44.56
"2024-01-13 21:00:00",25.53,24.34,35.32,33.68
"2024-01-13 22:00:00",19.4,28.47,25.49,24.48
"2024-01-13 23:00:00",15.36,32.99,15.51,14.43
"2024-01-14 00:00:00",11.79,44.55,8.8,8.53
"2024-01-14 01:00:00",9.59,41.07,12.9,12.42
"2024-01-14 02:00:00",8.02,46.24,8.21,8.01
"2024-01-14 03:00:00",8.96,41.84,9.56,9.11
"2024-01-14 04:00:00",10.86,37.11,10.14,9.66
"2024-01-14 05:00:00",8.45,39.9,6.61,6.23
"2024-01-14 06:00:00",7.22,40.11,8.57,8.17
"2024-01-14 07:00:00",7.62,38.92,12.35,11.62
"2024-01-14 08:00:00",10.05,40.64,10.38,9.69
"2024-01-14 09:00:00",10.25,47.15,6.23,5.2
"2024-01-14 10:00:00",14.73,46.49,7.77,6.55
"2024-01-14 11:00:00",10.78,59.66,4.59,3.24
"2024-01-14 12:00:00",9.57,67.99,4.6,3.07
"2024-01-14 13:00:00",8.43,70.41,6.19,4.79
"2024-01-14 14:00:00",9.03,70.57,5.67,3.7
"2024-01-14 15:00:00",10.33,70.76,7.28,5.53
"2024-01-14 16:00:00",12.16,66.59,10.39,8.84
"2024-01-14 17:00:00",15.4,60.46,14.2,13.02
"2024-01-14 18:00:00",16.86,51.43,20.72,19.44
"2024-01-14 19:00:00",21.95,38.26,29.72,28.01
"2024-01-14 20:00:00",25.55,31.49,35.89,33.57
"2024-01-14 21:00:00",26.33,28.88,40.64,37.64
"2024-01-14 22:00:00",21.03,34.73,20.02,17.29
"2024-01-14 23:00:00",26.45,25.28,26.22,24.62
"2024-01-15 00:00:00",16.62,30.15,21.66,19.85
"2024-01-15 01:00:00",13.12,38.34,11.81,9.35
"2024-01-15 02:00:00",7.4,50.51,10.05,6.7
"2024-01-15 03:00:00",5.61,54.83,9.08,5.86
"2024-01-15 04:00:00",5.94,49.8,8.46,5.84
"2024-01-15 05:00:00",8.4,49.95,7.75,5.81
"2024-01-15 06:00:00",9.73,48.22,9.29,6.54
"2024-01-15 07:00:00",24.8,29.51,8.51,6.2
"2024-01-15 08:00:00",27.69,35.97,10.32,7.36
"2024-01-15 09:00:00",22.15,45.35,8.97,6.37
"2024-01-15 10:00:00",18.5,52.62,8,5.68
"2024-01-15 11:00:00",16.32,52.4,7.42,4.34
"2024-01-15 12:00:00",15.32,56.31,9.3,4.22
"2024-01-15 13:00:00",15.88,60.29,10.98,4.75
"2024-01-15 14:00:00",15.58,61.1,10.9,6.81
"2024-01-15 15:00:00",18.6,61.07,14.66,8.35
"2024-01-15 16:00:00",18.89,63.72,16.17,10.02
"2024-01-15 17:00:00",31.29,45.53,26.88,21.13
"2024-01-15 18:00:00",47.46,25.99,47.84,43.61
"2024-01-15 19:00:00",43.89,22.62,37.34,32.98
"2024-01-15 20:00:00",22.82,37.34,16.07,13
"2024-01-15 21:00:00",33.46,22.93,38.89,35.26
"2024-01-15 22:00:00",28.37,23.12,23.86,20.69
"2024-01-15 23:00:00",28.2,21.36,19.66,17.22
"2024-01-16 00:00:00",19.5,35.74,23.41,20.93
"2024-01-16 01:00:00",16.28,34.91,19.38,16.64
"2024-01-16 02:00:00",19.86,30.18,24.22,21.46
"2024-01-16 03:00:00",16.12,31.58,21.21,18.99
"2024-01-16 04:00:00",16.93,23.99,23.4,21.21
"2024-01-16 05:00:00",17.2,19.6,23.42,22.21
"2024-01-16 06:00:00",19.37,16.32,23.72,22.63
"2024-01-16 07:00:00",21.51,16.98,23.27,22.21
"2024-01-16 08:00:00",25.21,15.44,21.2,19.84
"2024-01-16 09:00:00",30.74,15.2,20.96,18.57
"2024-01-16 10:00:00",30.21,17.08,21.19,18.1
"2024-01-16 11:00:00",30.02,22.94,23.21,19.6
"2024-01-16 12:00:00",34.43,23.63,38.02,31.25
"2024-01-16 13:00:00",25.73,44.73,12.74,8.82
"2024-01-16 14:00:00",20.89,61.23,6.21,3.95
"2024-01-16 15:00:00",18.28,71.08,6.7,3.28
"2024-01-16 16:00:00",21.71,63.36,8.84,3.77
"2024-01-16 17:00:00",50.27,23.77,32.82,26.37
"2024-01-16 18:00:00",68.64,11.3,32.65,26.45
"2024-01-16 19:00:00",60.53,13.29,111.77,107.1
"2024-01-16 20:00:00",63.1,14.74,242.33,235.53
"2024-01-16 21:00:00",58.38,15.51,287.51,282.44
"2024-01-16 22:00:00",46.61,11.92,142.37,137.83
"2024-01-16 23:00:00",41.83,12.99,70.13,64.62
"2024-01-17 00:00:00",37.58,13.4,77.28,72.1
"2024-01-17 01:00:00",31.94,15.68,61.2,57.88
"2024-01-17 02:00:00",29,24.87,53.54,50.36
"2024-01-17 03:00:00",28.84,26.47,50.96,48.74
"2024-01-17 04:00:00",15.64,45.99,21.72,20.34
"2024-01-17 05:00:00",13.7,42.85,12.9,11.45
"2024-01-17 06:00:00",10.6,55.19,11.24,9.47
"2024-01-17 07:00:00",13.14,55.29,11.11,10.26
"2024-01-17 08:00:00",16.72,54,9.92,9.31
"2024-01-17 09:00:00",29.3,46.46,11.26,8.82
"2024-01-17 10:00:00",27.07,48.27,12.79,9.04
"2024-01-17 11:00:00",17.46,53.91,11.62,9.42
"2024-01-17 12:00:00",16.64,58.35,15.98,9.27
"2024-01-17 13:00:00",15.06,60.54,11.78,8.94
"2024-01-17 14:00:00",16.8,60.69,13.87,10.81
"2024-01-17 15:00:00",15.99,63.57,13.65,9.92
"2024-01-17 16:00:00",19.02,62.97,14.76,10.32
"2024-01-17 17:00:00",25.95,55.06,15.98,11.26
"2024-01-17 18:00:00",37.29,40.7,23.68,19.56
"2024-01-17 19:00:00",38.5,29.02,34.48,30.74
"2024-01-17 20:00:00",22.56,46.95,15.3,12.49
"2024-01-17 21:00:00",21.14,52.85,20.87,16.87
"2024-01-17 22:00:00",16.71,56.54,20.48,18.16
"2024-01-17 23:00:00",14.37,56.57,14.28,10.37
"2024-01-18 00:00:00",15.55,52.07,12.73,10.88
"2024-01-18 01:00:00",10.74,55.02,12.06,10.82
"2024-01-18 02:00:00",8.2,57.57,9.2,8.48
"2024-01-18 03:00:00",8.79,54.52,10.45,9.18
"2024-01-18 04:00:00",7.35,58.94,9.54,8.91
"2024-01-18 05:00:00",5.97,61.16,9.5,8.96
"2024-01-18 06:00:00",6.65,67.92,8.44,7.62
"2024-01-18 07:00:00",8.5,69.94,9.18,6.91
"2024-01-18 08:00:00",14.25,67.79,9.34,6.02
"2024-01-18 09:00:00",28.15,51.37,10.43,6.82
"2024-01-18 10:00:00",26.27,51,9.26,6.59
"2024-01-18 11:00:00",16.92,60.68,16.49,7.95
"2024-01-18 11:01:00",,
"2024-01-18 12:00:00",,,5.72,4.09
"2024-01-18 12:01:00",,
"2024-01-18 13:00:00",14.49,47,4.8,3.39
"2024-01-18 14:00:00",13.39,55.93,6.59,3.79
"2024-01-18 15:00:00",13.3,56.54,5.78,3.66
"2024-01-18 16:00:00",15.12,54.38,6.89,4.29
"2024-01-18 17:00:00",30.44,40.59,9.03,5.38
"2024-01-18 18:00:00",55.57,20.32,24.05,20.66
"2024-01-18 19:00:00",46.27,21.39,16.29,13.93
"2024-01-18 20:00:00",48.89,18.16,82.41,78.98
"2024-01-18 21:00:00",52.85,17,116.53,113.01
"2024-01-18 22:00:00",55.76,17.08,152.06,149.07
"2024-01-18 23:00:00",47.88,16.87,161.12,158.6
"2024-01-19 00:00:00",38.55,17.68,131.91,129.22
"2024-01-19 01:00:00",36.72,18.46,85.93,83.6
"2024-01-19 02:00:00",31.01,18.96,59.6,57.56
"2024-01-19 03:00:00",24.13,20.35,38.26,36.64
"2024-01-19 04:00:00",18.57,20.46,43.21,41.33
"2024-01-19 05:00:00",19.85,21.07,31.65,29.62
"2024-01-19 06:00:00",19.35,21.45,25.84,23.77
"2024-01-19 07:00:00",17.2,21.66,21.23,19.38
"2024-01-19 08:00:00",24.98,21.75,24.23,21.56
"2024-01-19 09:00:00",26.19,21.4,33.54,30.14
"2024-01-19 10:00:00",42.11,20.66,45.74,40.24
"2024-01-19 11:00:00",45.93,21.74,54.21,45.62
"2024-01-19 12:00:00",50.81,25.24,48.94,40.97
"2024-01-19 13:00:00",32.96,43,22.76,17.13
"2024-01-19 14:00:00",20.66,60.43,6.55,2.92
"2024-01-19 15:00:00",10.14,71.57,7.35,4.26
"2024-01-19 16:00:00",10.51,71.96,9.66,6.16
"2024-01-19 17:00:00",9.92,72.87,11.63,6.98
"2024-01-19 18:00:00",8.83,74.51,15.4,11.05
"2024-01-19 19:00:00",7.61,77.34,13.26,7.93
"2024-01-19 20:00:00",7.74,76.71,13.34,8.6
"2024-01-19 21:00:00",6.72,80.26,12.58,7.11
"2024-01-19 22:00:00",6.05,82.13,11,6.07
"2024-01-19 23:00:00",5.3,81.23,10.73,5.79
"2024-01-20 00:00:00",4.47,82.19,12.11,6.21
"2024-01-20 01:00:00",3.99,84.18,12.89,6.68
"2024-01-20 02:00:00",3.66,83.7,14.61,7.38
"2024-01-20 03:00:00",3.54,84.39,15.33,7.93
"2024-01-20 04:00:00",3.26,83.57,13.58,7.62
"2024-01-20 05:00:00",3.38,82.45,15,8.31
"2024-01-20 06:00:00",3.03,83.59,15.72,8.84
"2024-01-20 07:00:00",2.85,83.95,13.52,8.2
"2024-01-20 08:00:00",3.33,82.07,12.62,8.43
"2024-01-20 09:00:00",3.4,81.88,9,6.39
"2024-01-20 10:00:00",3.79,81.3,9.71,7.15
"2024-01-20 11:00:00",4.12,80.29,13.21,9
"2024-01-20 12:00:00",4.35,80,11.87,8.25
"2024-01-20 13:00:00",4.21,79.69,13.55,9.6
"2024-01-20 14:00:00",4.37,79.56,15.14,10.7
"2024-01-20 15:00:00",4.33,79.34,17.49,11.99
"2024-01-20 16:00:00",4.3,80.05,15.06,10.63
"2024-01-20 17:00:00",4.48,80.27,17.12,12.24
"2024-01-20 18:00:00",4.58,81.6,18.13,12.5
"2024-01-20 19:00:00",4.62,81.43,15.09,10.69
"2024-01-20 20:00:00",4.3,81.8,9.55,6.89
"2024-01-20 21:00:00",3.86,81.58,13.49,9.06
"2024-01-20 22:00:00",3.44,80.66,10.08,6.6
"2024-01-20 23:00:00",3.7,82.37,18.41,8.98
"2024-01-21 00:00:00",3.86,79.52,14.6,6.89
"2024-01-21 01:00:00",4.85,73.74,14.28,6.36
"2024-01-21 02:00:00",4.06,73.45,16.1,8.01
"2024-01-21 03:00:00",3.59,75.07,16.33,7.57
"2024-01-21 04:00:00",4.23,75.6,21.82,10.31
"2024-01-21 05:00:00",3.34,78.59,15.43,7.64
"2024-01-21 06:00:00",4.02,74.55,16.19,7.7
"2024-01-21 07:00:00",3.88,78.41,27.63,13.36
"2024-01-21 08:00:00",4.44,82.19,28.22,15.48
"2024-01-21 09:00:00",3.69,82.99,31.21,19.22
"2024-01-21 10:00:00",4.75,82.5,28.9,19.78
"2024-01-21 11:00:00",4.35,81.59,29.14,21.14
"2024-01-21 12:00:00",3.75,81.58,30.99,21.85
"2024-01-21 13:00:00",3.89,80.74,30.24,22.05
"2024-01-21 14:00:00",4.06,81.7,26.16,19.66
"2024-01-21 15:00:00",3.87,81.77,25.88,18.63
"2024-01-21 16:00:00",3.74,81.15,26.59,19.87
"2024-01-21 17:00:00",3.55,79.47,22.84,17.57
"2024-01-21 18:00:00",3.5,77.62,19.08,14.46
"2024-01-21 19:00:00",3.02,77.25,24.59,17.92
"2024-01-21 20:00:00",2.85,76.78,14.84,10.98
"2024-01-21 21:00:00",3.26,76.53,37.73,25.14
"2024-01-21 22:00:00",2.91,78.52,44.25,30.19
"2024-01-21 23:00:00",2.39,80.12,13.11,8.1
"2024-01-22 00:00:00",2.57,74.99,12.09,7.18
"2024-01-22 01:00:00",2.59,76.1,14.51,8.17
"2024-01-22 02:00:00",2.23,75.7,12.19,6.88
"2024-01-22 03:00:00",1.86,75.27,11.38,6.48
"2024-01-22 04:00:00",1.87,76.96,12.48,6.99
"2024-01-22 05:00:00",2.68,77.3,15.11,7.97
"2024-01-22 06:00:00",4.5,78.54,11.94,6.79
"2024-01-22 07:00:00",5.41,77.11,11.96,6.94
"2024-01-22 08:00:00",8.53,75.83,8.76,5.38
"2024-01-22 09:00:00",13.66,71.51,10.38,5.8
"2024-01-22 10:00:00",12.28,72.41,9.54,5.69
"2024-01-22 11:00:00",8.69,72.8,9.72,5.91
"2024-01-22 12:00:00",8.87,73.12,10.22,5.51
"2024-01-22 13:00:00",7.37,74.98,13.93,6.79
"2024-01-22 14:00:00",7.62,76.34,13.32,6.38
"2024-01-22 15:00:00",7.08,76.83,9.51,4.76
"2024-01-22 16:00:00",7.44,75.44,8.59,4.85
"2024-01-22 17:00:00",8.99,74.74,11.11,5.97
"2024-01-22 18:00:00",8.43,76.23,10.99,5.96
"2024-01-22 19:00:00",8.3,75.04,15.47,7.71
"2024-01-22 20:00:00",7.26,71.49,17.73,9.66
"2024-01-22 21:00:00",6.51,74.89,19.12,10.82
"2024-01-22 22:00:00",7.25,71.12,20.99,12.73
"2024-01-22 23:00:00",5.41,74.23,17.94,10.19
"2024-01-23 00:00:00",6.06,71.24,22.51,11.63
"2024-01-23 01:00:00",7.33,66.38,25.68,12.96
"2024-01-23 02:00:00",7.2,64.89,30.17,13.85
"2024-01-23 03:00:00",6.76,69.32,32.29,14.56
"2024-01-23 04:00:00",3.76,79.43,17.4,10.89
"2024-01-23 05:00:00",3.56,77.24,16.47,10.65
"2024-01-23 06:00:00",3.94,78.12,10.09,7.41
"2024-01-23 07:00:00",3.82,79.67,7.6,5.86
"2024-01-23 08:00:00",3.71,79.05,6.94,5.04
"2024-01-23 09:00:00",5.14,73.06,9.49,6.46
"2024-01-23 10:00:00",4.97,68.43,7.6,5.22
"2024-01-23 11:00:00",4.39,66.06,5.87,4.19
"2024-01-23 12:00:00",4.6,64.04,7.73,5.75
"2024-01-23 13:00:00",4,64.68,7.77,6.02
"2024-01-23 14:00:00",4.44,63.96,8.47,6.64
"2024-01-23 15:00:00",4.66,63.65,7.67,6.19
"2024-01-23 16:00:00",4.35,63.53,9.97,7.6
"2024-01-23 17:00:00",5.86,62.57,12.13,8.9
"2024-01-23 18:00:00",12.04,58.52,18.54,12.55
"2024-01-23 19:00:00",6.54,75.03,16.49,10.81
"2024-01-23 20:00:00",6.01,75.19,26.56,16.33
"2024-01-23 21:00:00",3.63,76.51,27.86,16.78
"2024-01-23 22:00:00",3.9,75.74,28.93,17.23
"2024-01-23 23:00:00",3.27,77.37,24.49,14.55
"2024-01-24 00:00:00",2.86,79.99,20.64,12.42
"2024-01-24 01:00:00",2.65,80.93,20.88,12.23
"2024-01-24 02:00:00",2.69,80.77,21.05,12.43
"2024-01-24 03:00:00",3.1,80.46,21.97,12.17
"2024-01-24 04:00:00",3.55,79.71,24.51,13.31
"2024-01-24 05:00:00",3.72,79.38,22.18,12.61
"2024-01-24 06:00:00",4.76,78.84,19.88,10.84
"2024-01-24 07:00:00",6.94,73.25,17.85,10.05
"2024-01-24 08:00:00",10.23,74.32,21.07,11.12
"2024-01-24 09:00:00",13.45,67.92,23.31,12.05
"2024-01-24 10:00:00",18.88,56.62,23.28,12.29
"2024-01-24 11:00:00",20.73,53.65,22.69,11.61
"2024-01-24 12:00:00",16.94,55.42,23.27,11.82
"2024-01-24 13:00:00",14.67,55.19,24.5,12.68
"2024-01-24 14:00:00",15,55.06,30.82,15.29
"2024-01-24 15:00:00",17.36,52.93,30.66,15.93
"2024-01-24 16:00:00",20.2,50.81,32.36,17.53
"2024-01-24 17:00:00",16.98,55.63,40.55,22.07
"2024-01-24 18:00:00",26.72,46.01,45.85,28.07
"2024-01-24 19:00:00",22.56,52.97,51.75,34.89
"2024-01-24 20:00:00",23.62,46.47,47.1,30.47
"2024-01-24 21:00:00",35.12,33.69,46.62,31.28
"2024-01-24 22:00:00",15.37,55.03,44.13,27.65
"2024-01-24 23:00:00",9.7,62.55,39.73,22.05
"2024-01-25 00:00:00",6.76,68.46,23.81,15.65
"2024-01-25 01:00:00",5.17,75.98,12.52,8.28
"2024-01-25 02:00:00",4.94,78.76,1.35,0.89
"2024-01-25 03:00:00",5.02,73.64,1.89,1.54
"2024-01-25 04:00:00",3.98,68.43,15.4,10.4
"2024-01-25 05:00:00",4.52,69.79,12.88,7.43
"2024-01-25 06:00:00",4.76,69.86,9.37,6.26
"2024-01-25 07:00:00",4.51,71.53,6.97,5.21
"2024-01-25 08:00:00",4.71,72.12,10.29,7.2
"2024-01-25 09:00:00",6.74,69.67,13.94,9.47
"2024-01-25 10:00:00",6.36,70.48,10.23,7.43
"2024-01-25 11:00:00",5.94,70.38,7.93,5.92
"2024-01-25 12:00:00",6.33,70.51,7.51,5.77
"2024-01-25 13:00:00",6.19,70.4,4.12,2.99
"2024-01-25 14:00:00",6.89,70.25,7.5,5.78
"2024-01-25 15:00:00",7.03,71.8,6.85,5.77
"2024-01-25 16:00:00",6.73,74.53,5.53,4.28
"2024-01-25 17:00:00",7.22,74.58,8.33,6.72
"2024-01-25 18:00:00",7.38,73.33,12.75,10.17
"2024-01-25 19:00:00",5.96,73.23,10.89,8.23
"2024-01-25 20:00:00",5.65,72.75,7.98,5.88
"2024-01-25 21:00:00",5.27,73.37,9.89,6.92
"2024-01-25 22:00:00",4.33,76.12,21.26,13.63
"2024-01-25 23:00:00",3.68,76.72,22,13.87
"2024-01-26 00:00:00",3.02,77.34,15.9,10.26
"2024-01-26 01:00:00",3.1,77.15,2.19,0.95
"2024-01-26 02:00:00",3.48,79.72,4.34,2.02
"2024-01-26 03:00:00",3.58,75.55,6.84,3.06
"2024-01-26 04:00:00",4.17,69.79,7.84,3.62
"2024-01-26 05:00:00",4.37,68.5,9.41,3.62
"2024-01-26 06:00:00",5.66,68.63,9.55,4.3
"2024-01-26 07:00:00",5.71,65.07,8.99,4.05
"2024-01-26 08:00:00",6.99,64.55,8.67,4.25
"2024-01-26 09:00:00",16.84,53.04,11.35,5.01
"2024-01-26 10:00:00",17.13,49.97,11.71,5.24
"2024-01-26 11:00:00",14.84,52.51,12.47,5.45
"2024-01-26 12:00:00",13.99,53.47,14.41,6.11
"2024-01-26 13:00:00",12.21,57.41,17.1,7.4
"2024-01-26 14:00:00",13.28,59.16,15.69,6.9
"2024-01-26 15:00:00",12.15,61.37,15.77,6.97
"2024-01-26 16:00:00",13.87,58.69,10.94,5.5
"2024-01-26 17:00:00",16.42,54.85,12.02,5.71
"2024-01-26 18:00:00",13.26,59.1,16.86,8.18
"2024-01-26 19:00:00",11.99,60.77,13.9,6.07
"2024-01-26 20:00:00",13.96,56.63,18.59,8.05
"2024-01-26 21:00:00",13.22,59.5,20.37,9.04
"2024-01-26 22:00:00",12.07,58.97,19.35,8.74
"2024-01-26 23:00:00",6.78,66.72,19.09,9.59
"2024-01-27 00:00:00",4.95,70.86,14.35,6.59
"2024-01-27 01:00:00",3.78,72.82,11.12,4.81
"2024-01-27 02:00:00",3.56,73.54,9.16,3.84
"2024-01-27 03:00:00",4.01,72.66,10.84,4.51
"2024-01-27 04:00:00",4.07,73.31,11.15,5.04
"2024-01-27 05:00:00",4.06,73.04,11.84,5.36
"2024-01-27 06:00:00",4.55,72.38,13.34,5.79
"2024-01-27 07:00:00",5.37,71.96,12.91,6.14
"2024-01-27 08:00:00",5.5,71.95,15.12,7.03
"2024-01-27 09:00:00",6.4,73.34,18.02,9.27
"2024-01-27 10:00:00",4.99,76.03,20.38,10.33
"2024-01-27 11:00:00",6.02,74.91,20.7,11.21
"2024-01-27 12:00:00",5.53,76.41,20.24,11.12
"2024-01-27 13:00:00",6.44,74.31,21.89,11.91
"2024-01-27 14:00:00",7.28,72.88,23.57,12.9
"2024-01-27 15:00:00",7.54,72.88,24.34,13.94
"2024-01-27 16:00:00",8.04,70.99,29.55,17.84
"2024-01-27 17:00:00",8.55,70.82,28.85,17.8
"2024-01-27 18:00:00",7.76,71.64,29.45,19.91
"2024-01-27 19:00:00",8.09,70.43,27.97,19.03
"2024-01-27 20:00:00",7.48,69.67,22.75,15.3
"2024-01-27 21:00:00",6.76,66.5,10.12,7.65
"2024-01-27 22:00:00",6.35,64.73,7.43,5.53
"2024-01-27 23:00:00",6.42,64.93,15.88,9.72
"2024-01-28 00:00:00",5.29,67.96,22.17,13.38
"2024-01-28 01:00:00",4.64,70.2,26.23,14.04
"2024-01-28 02:00:00",4.04,71.85,30.53,14.54
"2024-01-28 03:00:00",4.28,71.16,32.43,15.96
"2024-01-28 04:00:00",4.36,70.04,32.6,16.46
"2024-01-28 05:00:00",4.31,69.9,37.67,17.87
"2024-01-28 06:00:00",4.68,68.89,34.59,16.74
"2024-01-28 07:00:00",5.2,67.42,38.28,17.53
"2024-01-28 08:00:00",5.13,67.75,39.98,19.41
"2024-01-28 09:00:00",5.06,67.85,46.16,22.15
"2024-01-28 10:00:00",5.52,65.56,48.97,24.33
"2024-01-28 11:00:00",7.34,64.54,48.4,26.4
"2024-01-28 12:00:00",7.23,63.83,40.71,24.31
"2024-01-28 13:00:00",6.92,60.13,34.98,23.78
"2024-01-28 14:00:00",7.07,59.34,37.25,25.78
"2024-01-28 15:00:00",7.28,61.95,43.07,27.21
"2024-01-28 16:00:00",6.42,65.03,44.26,26.67
"2024-01-28 17:00:00",6.28,66.74,50.91,28.2
"2024-01-28 18:00:00",6.49,65.59,48.67,28.52
"2024-01-28 19:00:00",8.01,68.76,11.27,6.63
"2024-01-28 20:00:00",10.16,67.43,13.72,7.53
"2024-01-28 21:00:00",9.06,66.79,12.5,6.41
"2024-01-28 22:00:00",9.85,65.67,8.58,5.36
"2024-01-28 23:00:00",10.29,63.43,7.98,5.18
"2024-01-29 00:00:00",8.84,62.8,9.41,5.38
"2024-01-29 01:00:00",6.49,67.07,12.02,6.9
"2024-01-29 02:00:00",6.39,64.02,9.72,6.28
"2024-01-29 03:00:00",6.68,65.16,7.95,5.25
"2024-01-29 04:00:00",5.23,68.59,6.84,4.67
"2024-01-29 05:00:00",4.47,71.59,5.14,3.79
"2024-01-29 06:00:00",4.64,65.66,3.62,2.72
"2024-01-29 07:00:00",5.79,68.8,2.61,1.65
"2024-01-29 08:00:00",8.4,69.44,1.84,1.33
"2024-01-29 09:00:00",11.64,66.28,1.21,0.85
"2024-01-29 10:00:00",11.68,63.94,1.97,1.41
"2024-01-29 11:00:00",10.55,64.42,1.94,1.68
"2024-01-29 12:00:00",12.44,63.38,1.6,1.4
"2024-01-29 13:00:00",12.97,64.48,2.48,1.9
"2024-01-29 14:00:00",13.8,63.76,4.93,4.53
"2024-01-29 15:00:00",17.3,56.54,5.96,5.16
"2024-01-29 16:00:00",16.99,55.96,8.82,7.39
"2024-01-29 17:00:00",18.83,54.89,8.12,6.67
"2024-01-29 18:00:00",22.89,50.74,14.7,13.14
"2024-01-29 19:00:00",16.51,59.62,11.32,9.88
"2024-01-29 20:00:00",15.36,60.93,11.51,9.16
"2024-01-29 21:00:00",11.87,55.65,10.09,6.16
"2024-01-29 22:00:00",10.49,54.41,10.01,6.23
"2024-01-29 23:00:00",9.09,57.06,11.58,6.62
"2024-01-30 00:00:00",6.66,58.18,10.55,6.5
"2024-01-30 01:00:00",6.21,58.57,11.4,6.8
"2024-01-30 02:00:00",7.5,54.97,12.27,6.77
"2024-01-30 03:00:00",8.47,52.25,10.87,6.61
"2024-01-30 04:00:00",9.57,51.46,10.01,6.11
"2024-01-30 05:00:00",8.91,48.76,9.5,5.94
"2024-01-30 06:00:00",12.7,38.52,8.15,5.52
"2024-01-30 07:00:00",21.59,31.82,8.1,5.68
"2024-01-30 08:00:00",27.03,32.98,8.77,6.08
"2024-01-30 09:00:00",42.4,21.01,10.86,7.6
"2024-01-30 10:00:00",34.97,32.27,10.2,6.83
"2024-01-30 11:00:00",26.26,42.09,10.89,6.69
"2024-01-30 12:00:00",32.83,36.03,15.08,9.91
"2024-01-30 13:00:00",24.49,44.23,12.11,8.1
"2024-01-30 14:00:00",11.71,64.86,7.21,3.49
"2024-01-30 15:00:00",11.44,62.12,8.58,3.8
"2024-01-30 16:00:00",17.45,57.28,11.1,4.49
"2024-01-30 17:00:00",25.27,52.01,12.39,7.29
"2024-01-30 18:00:00",57.65,21.24,10.41,6.36
"2024-01-30 19:00:00",55.55,23.13,39.67,35.24
"2024-01-30 20:00:00",62.89,13.46,69.22,65.15
"2024-01-30 21:00:00",51.91,22.91,49.18,45.28
"2024-01-30 22:00:00",37.21,37.63,29.7,26.47
"2024-01-30 23:00:00",26.83,51.12,22.04,18.27
"2024-01-31 00:00:00",12.08,67.38,8.39,5.69
"2024-01-31 01:00:00",5.9,77.73,5.86,3.19
"2024-01-31 02:00:00",4.34,81.38,6.44,3.1
"2024-01-31 03:00:00",3.95,82.28,6.49,3.09
"2024-01-31 04:00:00",3.58,83.22,6.28,3.07
"2024-01-31 05:00:00",3.37,85.06,7.92,3.49
"2024-01-31 06:00:00",3.06,84.69,8.2,3.86
"2024-01-31 07:00:00",3.78,83.34,9.68,4.48
"2024-01-31 08:00:00",5.21,82.31,9.68,4.65
"2024-01-31 09:00:00",5.37,82.46,10.46,5.28
"2024-01-31 10:00:00",5.5,83.03,10.18,5.46
"2024-01-31 11:00:00",5.21,82.66,11.43,6.17
"2024-01-31 12:00:00",5.93,80.74,12.81,6.75
"2024-01-31 13:00:00",5.23,81.49,11.06,6.4
"2024-01-31 14:00:00",5.85,78.68,12.58,6.94
"2024-01-31 15:00:00",6.78,74.5,11.01,6.88
"2024-01-31 16:00:00",8.9,66.86,8.26,5.34
"2024-01-31 17:00:00",9.88,66.98,3.44,2.22
"2024-01-31 18:00:00",10.71,64.81,1.54,1.16
"2024-01-31 19:00:00",9.72,65.98,1.54,1
"2024-01-31 20:00:00",12.1,63.19,3.16,2.62
"2024-01-31 21:00:00",14.29,58.88,9.59,8.22
"2024-01-31 22:00:00",12.5,58.36,13.5,7.62
"2024-01-31 23:00:00",21.98,41.15,21.75,13.96
"2024-02-01 00:00:00",21.5,38.16,18.83,10.29
"2024-02-01 01:00:00",11.57,41.69,13.27,8.46
"2024-02-01 02:00:00",7.1,48.74,13.59,8.17
"2024-02-01 03:00:00",11.39,34.37,13.06,9.24
"2024-02-01 04:00:00",11.86,27.7,12.77,9.22
"2024-02-01 05:00:00",12.49,25.5,12.16,8.79
"2024-02-01 06:00:00",12.64,25.53,12.07,7.86
"2024-02-01 07:00:00",21.65,20.7,12.45,8.15
"2024-02-01 08:00:00",29.71,15.21,11.47,8.54
"2024-02-01 09:00:00",40.23,14.15,18.54,14.69
"2024-02-01 10:00:00",50.56,14.58,23.44,18.16
"2024-02-01 11:00:00",48.11,15,32.82,22.26
"2024-02-01 12:00:00",43.54,19.75,37.1,23.89
"2024-02-01 13:00:00",16.45,49.73,23.98,11.79
"2024-02-01 14:00:00",15.3,65.03,22.53,10.47
"2024-02-01 15:00:00",14.03,66.61,20.11,9.8
"2024-02-01 16:00:00",11.59,72.5,20.05,10.54
"2024-02-01 17:00:00",16.28,67.43,21.02,11.38
"2024-02-01 18:00:00",16.43,64,22.45,13.72
"2024-02-01 19:00:00",13.39,64.42,19.02,11.54
"2024-02-01 20:00:00",11.99,63.33,20.53,13.36
"2024-02-01 21:00:00",10.5,65.92,10.3,8.13
"2024-02-01 22:00:00",8.71,62.64,7.52,6.78
"2024-02-01 23:00:00",8.93,60.86,6,5.31
"2024-02-02 00:00:00",7.71,60.12,6.18,5.6
"2024-02-02 01:00:00",6.07,64.96,4.67,4.36
"2024-02-02 02:00:00",6.19,64.48,4.02,3.37
"2024-02-02 03:00:00",5.9,62.27,4.45,3.32
"2024-02-02 04:00:00",5.7,64.4,3.28,2.16
"2024-02-02 05:00:00",5.45,65.02,3,1.69
"2024-02-02 06:00:00",5.53,64.8,3.75,2.08
"2024-02-02 07:00:00",5.93,63.62,2.85,1.82
"2024-02-02 08:00:00",7.69,61.79,2.71,1.51
"2024-02-02 09:00:00",17.29,53.32,1.76,0.66
"2024-02-02 10:00:00",15.64,54.92,1.82,0.73
"2024-02-02 11:00:00",10.68,58.64,1.75,0.95
"2024-02-02 12:00:00",12.35,54.54,5.51,2.83
"2024-02-02 13:00:00",17.05,52.24,6.29,3.81
"2024-02-02 14:00:00",10.99,56.87,9.75,5.62
"2024-02-02 15:00:00",10.8,57.14,22.03,12.36
"2024-02-02 16:00:00",9.46,56.97,28.64,16.32
"2024-02-02 17:00:00",12.73,51.47,34.35,21.75
"2024-02-02 18:00:00",12.94,51.67,31.41,19.08
"2024-02-02 19:00:00",11.81,54.89,34.59,20.76
"2024-02-02 20:00:00",9.51,57.39,31.25,18.6
"2024-02-02 21:00:00",10.19,56.02,34.2,20.4
"2024-02-02 22:00:00",9.69,54.38,32.06,19.14
"2024-02-02 23:00:00",8.85,53.18,31.92,18.6
"2024-02-03 00:00:00",6.47,57.93,44.66,23
"2024-02-03 01:00:00",6.26,55.68,48.65,24.34
"2024-02-03 02:00:00",6.71,54.05,40.32,19.42
"2024-02-03 03:00:00",4.66,59.1,18.63,9.46
"2024-02-03 04:00:00",3.43,61.87,7.8,4
"2024-02-03 05:00:00",2.65,61.15,5.5,2.94
"2024-02-03 06:00:00",3.55,58.94,5.17,2.97
"2024-02-03 07:00:00",6.56,53.85,7.71,4.36
"2024-02-03 08:00:00",9.43,49.36,8.81,5.05
"2024-02-03 09:00:00",10.01,48.8,9.38,5.79
"2024-02-03 10:00:00",13.57,46.87,6.79,4.34
"2024-02-03 11:00:00",9.14,51.69,6.24,4.3
"2024-02-03 12:00:00",10.76,50.31,7.51,5.05
"2024-02-03 13:00:00",11.35,47.08,6.08,4.24
"2024-02-03 14:00:00",12.51,45.65,8.79,5.97
"2024-02-03 15:00:00",9.55,50.67,9.66,6.41
"2024-02-03 16:00:00",14.04,51.68,1.15,0.57
"2024-02-03 17:00:00",14.08,53.64,1.58,1.12
"2024-02-03 18:00:00",15.12,53.04,2.52,2.09
"2024-02-03 19:00:00",25.64,40.41,21.44,20.79
"2024-02-03 20:00:00",49.6,16.74,46.65,45.29
"2024-02-03 21:00:00",27.74,33.9,14.86,14.29
"2024-02-03 22:00:00",36.59,22.03,43.57,42.55
"2024-02-03 23:00:00",25.54,33.5,36.5,34.49
"2024-02-04 00:00:00",5.51,56.28,9.53,7.3
"2024-02-04 01:00:00",2.94,59.68,9.27,6.76
"2024-02-04 02:00:00",3.76,64.33,5.06,3.73
"2024-02-04 03:00:00",3.62,67.03,1.85,1.21
"2024-02-04 04:00:00",5.15,66.17,1.8,1.05
"2024-02-04 05:00:00",4.87,72.4,3.11,1.78
"2024-02-04 06:00:00",5.42,70.54,3.94,2.41
"2024-02-04 07:00:00",6.9,58.92,3.52,1.94
"2024-02-04 08:00:00",3.23,65.27,2.68,1.61
"2024-02-04 09:00:00",3.13,63.28,2.76,1.59
"2024-02-04 10:00:00",3.91,66.33,4.21,2.06
"2024-02-04 11:00:00",3.94,66.25,4.64,2.37
"2024-02-04 12:00:00",4.62,65.35,9.6,4.91
"2024-02-04 13:00:00",5.18,61.62,20.4,10.1
"2024-02-04 14:00:00",4.89,63.97,33.49,14
"2024-02-04 15:00:00",4.81,67.8,35.82,14.56
"2024-02-04 16:00:00",6.33,64.65,37.99,15.27
"2024-02-04 17:00:00",6.53,64.67,39.25,15.47
"2024-02-04 18:00:00",12.53,56.84,41.73,18.4
"2024-02-04 19:00:00",9.02,59.14,36.13,17.26
"2024-02-04 20:00:00",8.01,62.27,33.22,14.27
"2024-02-04 21:00:00",8.39,59.42,33.93,14.48
"2024-02-04 22:00:00",8.06,61.66,26.39,12.54
"2024-02-04 23:00:00",6.2,63.93,24.4,11.56
"2024-02-05 00:00:00",4.2,67.58,20.03,9.87
"2024-02-05 01:00:00",3.15,70.38,16.8,8.57
"2024-02-05 02:00:00",3.07,71.05,17.76,8.47
"2024-02-05 03:00:00",2.9,71.49,24.39,10.61
"2024-02-05 04:00:00",2.86,72.56,21.9,8.92
"2024-02-05 05:00:00",4.41,68.7,11.73,5.06
"2024-02-05 06:00:00",4.77,68.85,2.33,1.16
"2024-02-05 07:00:00",4.12,72.06,6.18,3.19
"2024-02-05 08:00:00",5.42,72.87,16.13,8.66
"2024-02-05 09:00:00",6.56,74.19,21.72,11.13
"2024-02-05 10:00:00",6.17,75.13,24.36,13.46
"2024-02-05 11:00:00",7.72,71.35,27.4,15.31
"2024-02-05 12:00:00",5.75,71.54,28.64,16.77
"2024-02-05 13:00:00",6.07,71.7,28.34,16.07
"2024-02-05 14:00:00",7.91,66.88,24.18,13.89
"2024-02-05 15:00:00",7.71,66.63,20.3,11.2
"2024-02-05 16:00:00",8.31,68.46,18.37,10.63
"2024-02-05 17:00:00",8.9,67.02,19.16,11.24
"2024-02-05 18:00:00",7.93,67.16,13.95,9.12
"2024-02-05 19:00:00",7.04,66.6,17.95,11.19
"2024-02-05 20:00:00",7.03,66.34,19.87,12.25
"2024-02-05 21:00:00",8.71,63.28,9.11,5.68
"2024-02-05 22:00:00",7.17,65.66,3.46,2.07
"2024-02-05 23:00:00",6.01,66.71,3.97,2.42
"2024-02-06 00:00:00",6.64,63.53,5.6,3.71
"2024-02-06 01:00:00",5.45,66.27,3,2.03
"2024-02-06 02:00:00",5.17,65.68,4.05,2.11
"2024-02-06 03:00:00",4.64,65.71,2.8,1.37
"2024-02-06 04:00:00",4.1,65.07,3.29,1.44
"2024-02-06 05:00:00",4.21,65.88,14.89,6.25
"2024-02-06 06:00:00",3.86,66.56,30.92,15.01
"2024-02-06 07:00:00",4.32,67.66,42.79,21.63
"2024-02-06 08:00:00",5.44,64.46,42.93,22.11
"2024-02-06 09:00:00",8.81,62.71,45.64,23.26
"2024-02-06 10:00:00",7.61,66.09,45.97,23.34
"2024-02-06 11:00:00",5.69,66.91,46.79,24.04
"2024-02-06 12:00:00",6.58,65.84,23.59,13.87
"2024-02-06 13:00:00",8.34,63.26,24.55,14.97
"2024-02-06 14:00:00",6.74,68.11,14.09,9.92
"2024-02-06 15:00:00",12.98,57.42,7.94,5.58
"2024-02-06 16:00:00",16.13,54.16,11.75,11.16
"2024-02-06 17:00:00",18.15,54.39,13.29,12.14
"2024-02-06 18:00:00",24.94,48.06,18.46,17.25
"2024-02-06 19:00:00",19.01,54.01,22.02,20.16
"2024-02-06 20:00:00",26.12,42.81,34.71,30.89
"2024-02-06 21:00:00",22.56,39.41,27.19,22.28
"2024-02-06 22:00:00",16.56,40.61,18.71,13.99
"2024-02-06 23:00:00",11.53,41.86,19.14,14.17
"2024-02-07 00:00:00",9.66,42.35,16.14,10.64
"2024-02-07 01:00:00",8.35,42.08,14.01,8.52
"2024-02-07 02:00:00",7.19,41.53,13.32,8.22
"2024-02-07 03:00:00",7.47,40.51,14.34,8.65
"2024-02-07 04:00:00",6.27,38.26,14.83,9.31
"2024-02-07 05:00:00",6,37.6,14.28,9.38
"2024-02-07 06:00:00",6.27,36.83,14.68,9.42
"2024-02-07 07:00:00",8.01,40.83,16.16,9.59
"2024-02-07 08:00:00",20.49,25.94,15.07,9.77
"2024-02-07 09:00:00",30.28,22.84,19.46,9.54
"2024-02-07 10:00:00",19.29,30.98,18.65,9.88
"2024-02-07 11:00:00",12.49,37.31,17.45,10.57
"2024-02-07 12:00:00",12.54,43.52,17.29,9.68
"2024-02-07 13:00:00",19.24,46.75,15.87,8.95
"2024-02-07 14:00:00",35.25,54.78,15.52,9.56
"2024-02-07 15:00:00",33.15,52.07,18.58,11.09
"2024-02-07 16:00:00",26.85,50.5,28.41,20.97
"2024-02-07 17:00:00",30.43,43.37,32.07,25.03
"2024-02-07 18:00:00",44.88,27.72,50.03,42.21
"2024-02-07 19:00:00",34.55,34.39,55.45,49.11
"2024-02-07 20:00:00",23.9,47.56,27.83,22.3
"2024-02-07 21:00:00",31.6,45.21,29,23.8
"2024-02-07 22:00:00",19.98,51.02,16.67,12.3
"2024-02-07 23:00:00",15.22,53.56,13.25,9.38
"2024-02-08 00:00:00",11.14,60.57,8.82,5.53
"2024-02-08 01:00:00",7.85,65.22,7.56,4.53
"2024-02-08 02:00:00",8.48,60.1,11.88,7.65
"2024-02-08 03:00:00",10.29,52.03,14.33,12.11
"2024-02-08 04:00:00",10.19,50.83,13.08,11.73
"2024-02-08 05:00:00",7.7,54.78,7.53,6.83
"2024-02-08 06:00:00",6.31,58.46,3.17,2.64
"2024-02-08 07:00:00",5.83,59.34,2.35,1.65
"2024-02-08 08:00:00",6.24,60.05,2.14,1.48
"2024-02-08 09:00:00",13.81,53.8,2.72,2.18
"2024-02-08 10:00:00",17.28,47.76,2.8,2.33
"2024-02-08 11:00:00",16.62,44.11,4.97,3.41
"2024-02-08 12:00:00",21.98,37.08,5.89,4.3
"2024-02-08 13:00:00",21.4,34.73,7.08,3.03
"2024-02-08 14:00:00",18.29,34.39,7.34,4.81
"2024-02-08 15:00:00",19.94,46.43,7.81,5.82
"2024-02-08 16:00:00",13.92,65.58,36.3,23.98
"2024-02-08 17:00:00",14.08,65.02,30.79,21.41
"2024-02-08 18:00:00",22.28,54.08,15.89,13.77
"2024-02-08 19:00:00",25.14,52.8,13.86,12.69
"2024-02-08 20:00:00",20.45,57.8,8.29,7.23
"2024-02-08 21:00:00",16.26,60.22,6.57,5.26
"2024-02-08 22:00:00",14.19,61.51,3.94,3.44
"2024-02-08 23:00:00",11.94,61.45,4.6,3.71
"2024-02-09 00:00:00",11.99,60.43,5.5,4.55
"2024-02-09 01:00:00",10.24,61.36,2.97,2.38
"2024-02-09 02:00:00",9.57,57.42,2.09,1.52
"2024-02-09 03:00:00",14.45,38.75,3.58,3.04
"2024-02-09 04:00:00",19.98,31.68,3.23,2.68
"2024-02-09 05:00:00",12.43,37.92,2.03,1.51
"2024-02-09 06:00:00",10.03,41.16,2.72,2.29
"2024-02-09 07:00:00",9.51,44.26,4.44,3.67
"2024-02-09 08:00:00",12.04,40.9,6.62,5.58
"2024-02-09 09:00:00",19.47,34.29,8.29,7.04
"2024-02-09 10:00:00",22.82,34.74,6.68,5.84
"2024-02-09 11:00:00",15.55,40.1,6.46,4.76
"2024-02-09 12:00:00",13.62,40.45,5.88,3.91
"2024-02-09 13:00:00",14.74,39.73,4.52,2.83
"2024-02-09 14:00:00",14.32,38.24,2.93,2.46
"2024-02-09 15:00:00",15.65,41.14,4.91,3.7
"2024-02-09 16:00:00",13.15,46.61,11.22,6.02
"2024-02-09 17:00:00",11.72,60.72,14.62,8.09
"2024-02-09 18:00:00",13.74,60.49,17.89,11.04
"2024-02-09 19:00:00",17.74,52.38,27.84,18.65
"2024-02-09 20:00:00",17.68,51.6,34.04,24.66
"2024-02-09 21:00:00",16.39,51.78,33.86,26.58
"2024-02-09 22:00:00",34.47,31.71,41,33.46
"2024-02-09 23:00:00",17.67,47.71,36.91,22.77
"2024-02-10 00:00:00",24.76,31.44,20.82,14.44
"2024-02-10 01:00:00",23.38,36.42,20.8,12.47
"2024-02-10 02:00:00",7.76,65.43,16.37,7.46
"2024-02-10 03:00:00",5.44,69.28,18.73,8.04
"2024-02-10 04:00:00",6.48,67.88,18.59,8.43
"2024-02-10 05:00:00",9.44,73.15,21.65,10.42
"2024-02-10 06:00:00",8.52,74.57,23.26,12.24
"2024-02-10 07:00:00",6.29,77.81,14.39,8.01
"2024-02-10 08:00:00",7.36,76.31,13.92,8.18
"2024-02-10 09:00:00",8.62,74.7,14.73,7.87
"2024-02-10 10:00:00",8.46,74.92,15.95,9.25
"2024-02-10 11:00:00",10.13,72.42,16.89,10.56
"2024-02-10 12:00:00",9.32,72.73,18.24,11.05
"2024-02-10 13:00:00",11.58,71.31,17.89,11.18
"2024-02-10 14:00:00",17.18,65.04,14.39,12.11
"2024-02-10 15:00:00",15.44,66.15,15.15,10.82
"2024-02-10 16:00:00",15.64,64.11,14.36,11.27
"2024-02-10 17:00:00",19.11,58.85,25.25,23.45
"2024-02-10 18:00:00",20.47,55.53,19.48,18.26
"2024-02-10 19:00:00",18.1,55.88,22.19,20.57
"2024-02-10 20:00:00",18.74,54.72,33.35,31.55
"2024-02-10 21:00:00",17.83,54.98,22.61,20.66
"2024-02-10 22:00:00",14.22,49.51,16.01,14.36
"2024-02-10 23:00:00",10.55,52.32,12.47,10.86
"2024-02-11 00:00:00",8.42,52.25,11.76,9.94
"2024-02-11 01:00:00",5.92,46.9,11.73,10.01
"2024-02-11 02:00:00",5.95,48.13,8.4,7.49
"2024-02-11 03:00:00",4.9,51.87,6.91,5.56
"2024-02-11 04:00:00",5.79,49.28,4.76,3.73
"2024-02-11 05:00:00",4.7,52.45,4.62,2.59
"2024-02-11 06:00:00",8.59,55.9,5.74,2.63
"2024-02-11 07:00:00",7.22,56.59,6.15,3.02
"2024-02-11 08:00:00",16.46,45.69,6.39,3.28
"2024-02-11 09:00:00",8.92,54.14,6.28,3.09
"2024-02-11 10:00:00",13.26,57.52,5.67,2.77
"2024-02-11 11:00:00",12.79,68.09,6.76,3.17
"2024-02-11 12:00:00",10.28,71.55,7.14,3
"2024-02-11 13:00:00",10.53,71.59,7.72,3.42
"2024-02-11 14:00:00",12.84,71.43,8.08,3.64
"2024-02-11 15:00:00",13.28,68.59,6.9,3.14
"2024-02-11 16:00:00",14.98,65.58,5.76,2.94
"2024-02-11 17:00:00",14.24,66.91,7.41,3.12
"2024-02-11 18:00:00",17.43,59.85,8.89,3.69
"2024-02-11 19:00:00",15.54,64.88,4.7,2.72
"2024-02-11 20:00:00",22.93,53.84,5.56,3.84
"2024-02-11 21:00:00",14.14,64.2,3.66,2.01
"2024-02-11 22:00:00",15.24,61.37,4.63,2.83
"2024-02-11 23:00:00",11.22,65.5,4.56,2.22
"2024-02-12 00:00:00",21.03,47.09,6.92,5.58
"2024-02-12 01:00:00",15.52,47.95,6.48,5.15
"2024-02-12 02:00:00",13.64,41.82,4.02,2.95
"2024-02-12 03:00:00",10.18,43.4,3.53,2.56
"2024-02-12 04:00:00",6.78,41.31,3.96,2.69
"2024-02-12 05:00:00",7.76,55.66,5.14,2.26
"2024-02-12 06:00:00",12.35,49.8,4.32,2.19
"2024-02-12 07:00:00",12.47,51.54,4.79,2.61
"2024-02-12 08:00:00",34.14,27.43,5.42,2.88
"2024-02-12 09:00:00",51.72,17.67,8.3,5.5
"2024-02-12 10:00:00",14.53,60.97,6.96,2.7
"2024-02-12 11:00:00",7.89,67.18,6.15,2.65
"2024-02-12 12:00:00",7.56,69.32,6.02,2.31
"2024-02-12 13:00:00",10.01,68.5,5.75,2.01
"2024-02-12 14:00:00",12.12,68.84,6.05,2.15
"2024-02-12 15:00:00",12.94,69.32,6.25,2.6
"2024-02-12 16:00:00",14.46,66.44,7.81,3.41
"2024-02-12 17:00:00",15.71,67.1,6.92,2.82
"2024-02-12 18:00:00",15.01,67.66,5.03,2.5
"2024-02-12 19:00:00",15.45,63.03,4.81,2.75
"2024-02-12 20:00:00",11.88,66.52,6.38,3.54
"2024-02-12 21:00:00",23.3,50.08,9.61,6.52
"2024-02-12 22:00:00",20.72,53,9.43,6.89
"2024-02-12 23:00:00",14.03,58.84,8.56,5.15
"2024-02-13 00:00:00",11.63,61.98,7.7,4.88
"2024-02-13 01:00:00",10.78,61.42,9.54,5.93
"2024-02-13 02:00:00",13.11,48.34,9.68,6.95
"2024-02-13 03:00:00",15.4,40.59,11.25,8.08
"2024-02-13 04:00:00",9.84,51.46,9.77,5.86
"2024-02-13 05:00:00",10.69,50.46,4.66,3.24
"2024-02-13 06:00:00",17.52,30.33,5.92,4.74
"2024-02-13 07:00:00",23.41,35.93,5.37,3.81
"2024-02-13 08:00:00",20.8,57.52,6.68,3.39
"2024-02-13 09:00:00",31.84,50.45,6.24,4.34
"2024-02-13 10:00:00",28.39,57.55,4.37,2.46
"2024-02-13 11:00:00",16.13,72.31,5.18,2.99
"2024-02-13 12:00:00",12.37,76.01,4.12,2.56
"2024-02-13 13:00:00",11.55,76.92,1.34,1.09
"2024-02-13 14:00:00",14.22,72.99,2.18,1.82
"2024-02-13 15:00:00",17.06,67.27,2.96,2.02
"2024-02-13 16:00:00",21.8,59.25,5.32,4.53
"2024-02-13 17:00:00",23.51,53.08,7.01,6.75
"2024-02-13 18:00:00",21.18,55.35,12.96,11.89
"2024-02-13 19:00:00",21.06,57.04,18.54,17.19
"2024-02-13 20:00:00",9.74,70.45,27.74,20.03
"2024-02-13 21:00:00",9.59,71.25,16.06,12.13
"2024-02-13 22:00:00",8.34,72.67,4.74,3.64
"2024-02-13 23:00:00",8.23,72.3,5.02,4.17
"2024-02-14 00:00:00",8.54,71.97,4.63,3.48
"2024-02-14 01:00:00",6.71,74.1,7.61,5.51
"2024-02-14 02:00:00",7.16,73.76,14.57,11.33
"2024-02-14 03:00:00",5.88,75.43,15.99,12.19
"2024-02-14 04:00:00",5.86,75.74,13.13,10.52
"2024-02-14 05:00:00",6.08,74.27,7.37,6.2
"2024-02-14 06:00:00",6.81,73.32,5.92,4.82
"2024-02-14 07:00:00",6.29,76.24,20.07,14.53
"2024-02-14 08:00:00",6.73,77.27,21.76,15.48
"2024-02-14 09:00:00",9.51,75.56,30.63,19.65
"2024-02-14 10:00:00",9.83,73.68,36.69,23.13
"2024-02-14 11:00:00",8.39,74.03,39.14,24.76
"2024-02-14 12:00:00",7.83,74.34,38.88,25.08
"2024-02-14 13:00:00",7.61,72.71,39.55,26.95
"2024-02-14 14:00:00",7.88,71.1,10.75,9.75
"2024-02-14 15:00:00",8.68,69.16,8.22,7.74
"2024-02-14 16:00:00",9.56,68.62,4.4,4.07
"2024-02-14 17:00:00",8.39,70.83,8.1,7.06
"2024-02-14 18:00:00",6.86,72.49,8.83,7.53
"2024-02-14 19:00:00",7.72,70.76,9.08,7.72
"2024-02-14 20:00:00",7.55,69.11,8.67,7.52
"2024-02-14 21:00:00",6.93,67.41,4.7,4.09
"2024-02-14 22:00:00",5.5,64.78,2.58,2.16
"2024-02-14 23:00:00",5.39,59.12,2.34,1.94
"2024-02-15 00:00:00",5.06,49.95,2.32,1.9
"2024-02-15 01:00:00",4.62,48.73,2.23,1.85
"2024-02-15 02:00:00",5.46,50.6,1.84,1.56
"2024-02-15 03:00:00",4.96,48.33,0.9,0.76
"2024-02-15 04:00:00",4.74,39.97,0.24,0.08
"2024-02-15 05:00:00",3.91,38.87,0.01,0.01
"2024-02-15 06:00:00",4.6,38,0.01,0.01
"2024-02-15 07:00:00",4.75,39.1,0.05,0.05
"2024-02-15 08:00:00",5.54,39.21,0.03,0.03
"2024-02-15 09:00:00",6.61,38.54,0.04,0.04
"2024-02-15 10:00:00",5.93,39.82,0.05,0.04
"2024-02-15 11:00:00",12.96,33.67,0.09,0.07
"2024-02-15 11:01:00",,,,
"2024-02-15 12:00:00",15.55,32.68
"2024-02-15 12:01:00",,,,
"2024-02-15 13:00:00",10.37,45.69
"2024-02-15 14:00:00",10.2,56.47
"2024-02-15 15:00:00",5.22,55.17
"2024-02-15 16:00:00",10.64,54.09,0.56,0.4
"2024-02-15 17:00:00",17.73,46.33,0.88,0.54
"2024-02-15 18:00:00",23.42,39.47,0.36,0.24
"2024-02-15 19:00:00",21.92,35.39,0.72,0.32
"2024-02-15 20:00:00",20.5,34.44,0.37,0.25
"2024-02-15 21:00:00",9.9,46.19,0.28,0.22
"2024-02-15 22:00:00",8.22,49.63,0.27,0.19
"2024-02-15 23:00:00",11.31,48.34,0.33,0.24
"2024-02-16 00:00:00",5.9,52.78,0.27,0.2
"2024-02-16 01:00:00",3.9,53.5,0.38,0.23
"2024-02-16 02:00:00",1.62,61.1,0.24,0.17
"2024-02-16 03:00:00",0.76,64.45,0.31,0.17
"2024-02-16 04:00:00",0.42,65.39,0.31,0.13
"2024-02-16 04:01:00",,,,
"2024-02-16 05:00:00",0.27,65.94
"2024-02-16 05:01:00",,,,
"2024-02-16 06:00:00",0.93,63.97
"2024-02-16 07:00:00",2.44,59.76,0.2,0.09
"2024-02-16 08:00:00",5.87,60.25,0.23,0.12
"2024-02-16 08:01:00",,,,
"2024-02-16 09:00:00",11.96,57.99
"2024-02-16 09:01:00",,,,
"2024-02-16 10:00:00",8.8,61.41,0.23,0.13
"2024-02-16 10:01:00",,,,
"2024-02-16 11:00:00",14.05,58.34
"2024-02-16 11:01:00",,,,
"2024-02-16 12:00:00",8.94,62.15,0.54,0.29
"2024-02-16 13:00:00",6.54,66.64,0.54,0.29
"2024-02-16 14:00:00",6.76,66.31,0.36,0.22
"2024-02-16 15:00:00",3.77,69.29,0.4,0.23
"2024-02-16 16:00:00",3.83,72.81,0.55,0.32
"2024-02-16 17:00:00",4.11,73.08,1.12,0.68
"2024-02-16 18:00:00",3.92,72.99,1.23,0.85
"2024-02-16 19:00:00",4.48,74.26,1.26,0.98
"2024-02-16 20:00:00",5.27,73.99,0.82,0.76
"2024-02-16 21:00:00",4.46,72.96,0.46,0.42
"2024-02-16 22:00:00",11.29,66.29,0.41,0.3
"2024-02-16 23:00:00",10.77,65.82,0.23,0.2
"2024-02-17 00:00:00",4.84,62.71,0.38,0.34
"2024-02-17 01:00:00",3.52,64.93,0.34,0.32
"2024-02-17 02:00:00",1.26,74.22,0.18,0.18
"2024-02-17 02:01:00",,,,
"2024-02-17 03:00:00",0.43,75.91
"2024-02-17 03:01:00",,,,
"2024-02-17 04:00:00",0.77,74.62
"2024-02-17 05:00:00",0.71,76.79
"2024-02-17 06:00:00",0.55,80.88
"2024-02-17 07:00:00",1.33,80.5
"2024-02-17 08:00:00",1.66,81.68
"2024-02-17 09:00:00",2.19,82.85
"2024-02-17 10:00:00",3.01,82.59,0.15,0.15
"2024-02-17 11:00:00",2.65,83.97,0.16,0.15
"2024-02-17 12:00:00",2.58,82.85,0.27,0.17
"2024-02-17 13:00:00",1.96,80.39,0.14,0.13
"2024-02-17 13:01:00",,,,
"2024-02-17 14:00:00",2.26,76.79
"2024-02-17 14:01:00",,,,
"2024-02-17 15:00:00",2.89,72.83,0.17,0.15
"2024-02-17 16:00:00",2.33,71.38,0.29,0.28
"2024-02-17 17:00:00",2.58,70.17,0.25,0.2
"2024-02-17 18:00:00",4.88,65.94,0.37,0.34
"2024-02-17 19:00:00",6.26,61.45,0.68,0.47
"2024-02-17 20:00:00",5.45,58.25,0.84,0.71
"2024-02-17 21:00:00",3.77,60.48,0.51,0.41
"2024-02-17 22:00:00",6.05,51.55,0.88,0.55
"2024-02-17 23:00:00",7.56,45.65,0.76,0.61
"2024-02-18 00:00:00",6,47.55,0.64,0.41
"2024-02-18 01:00:00",2.76,52.46,0.29,0.24
"2024-02-18 02:00:00",3.63,49.06,0.29,0.23
"2024-02-18 03:00:00",4.82,47.39,0.37,0.26
"2024-02-18 04:00:00",1.38,49.92,0.22,0.18
"2024-02-18 05:00:00",5.77,39.87,0.21,0.18
"2024-02-18 06:00:00",2.04,48.95,0.22,0.17
"2024-02-18 07:00:00",7.11,37.66,0.19,0.14
"2024-02-18 07:01:00",,,,
"2024-02-18 08:00:00",16.31,21.53
"2024-02-18 08:01:00",,,,
"2024-02-18 09:00:00",19.58,16.71,0.19,0.18
"2024-02-18 09:01:00",,,,
"2024-02-18 10:00:00",12.34,45.39
"2024-02-18 10:01:00",,,,
"2024-02-18 11:00:00",6.93,59.92
"2024-02-18 12:00:00",3.24,67.18
"2024-02-18 13:00:00",2.73,69.04
"2024-02-18 14:00:00",2.85,68.43
"2024-02-18 15:00:00",3.62,67.42,0.17,0.13
"2024-02-18 16:00:00",5.62,63.61,0.22,0.11
"2024-02-18 17:00:00",5.34,62.54,0.17,0.14
"2024-02-18 18:00:00",10.34,57.83,0.21,0.12
"2024-02-18 19:00:00",33.91,28.5,1.65,0.97
"2024-02-18 20:00:00",25.02,28.97,1.18,0.67
"2024-02-18 21:00:00",17.43,40.08,0.82,0.39
"2024-02-18 22:00:00",5.77,51.14,0.52,0.34
"2024-02-18 23:00:00",2.39,61.86,0.4,0.27
"2024-02-19 00:00:00",2.73,59.3,0.62,0.38
"2024-02-19 01:00:00",1.82,64.88,0.93,0.54
"2024-02-19 02:00:00",0.47,69.12,0.52,0.34
"2024-02-19 03:00:00",0.11,68.29,0.32,0.23
"2024-02-19 04:00:00",1.13,66.89,0.24,0.16
"2024-02-19 05:00:00",4.53,69.85,0.34,0.19
"2024-02-19 06:00:00",5.32,74.22,0.4,0.25
"2024-02-19 07:00:00",10.73,61.68,0.46,0.31
"2024-02-19 08:00:00",26.34,47.87,0.43,0.29
"2024-02-19 09:00:00",27.08,53.88,0.82,0.44
"2024-02-19 10:00:00",29.4,48.09,0.78,0.41
"2024-02-19 11:00:00",14.3,55.72,0.76,0.38
"2024-02-19 12:00:00",9.05,62.22,0.53,0.35
"2024-02-19 13:00:00",11.44,66.59,0.73,0.4
"2024-02-19 14:00:00",12.7,70.56,0.56,0.31
"2024-02-19 15:00:00",12.84,63.41,0.67,0.34
"2024-02-19 16:00:00",8.34,62.87,1.03,0.61
"2024-02-19 17:00:00",8.44,61.15,2.65,1.44
"2024-02-19 18:00:00",8.44,66.52,2.64,1.49
"2024-02-19 19:00:00",9.57,61.49,3.47,1.93
"2024-02-19 20:00:00",9.53,56.19,4.51,2.67
"2024-02-19 21:00:00",7.32,62.88,2.71,1.67
"2024-02-19 22:00:00",2.73,74.97,0.8,0.54
"2024-02-19 23:00:00",1.34,78.13,0.64,0.38
"2024-02-20 00:00:00",1.15,79.54,0.7,0.35
"2024-02-20 00:01:00",,,,
"2024-02-20 01:00:00",0.84,76.87
"2024-02-20 01:01:00",,,,
"2024-02-20 02:00:00",0.23,76.37
"2024-02-20 03:00:00",0.01,76.47
"2024-02-20 04:00:00",-0.06,73.91
"2024-02-20 05:00:00",0.29,75.08,0.19,0.15
"2024-02-20 06:00:00",0.32,79.79,0.46,0.27
"2024-02-20 07:00:00",0.99,77.77,0.62,0.37
"2024-02-20 08:00:00",2.37,73.96,0.68,0.38
"2024-02-20 09:00:00",4.24,75.66,0.66,0.41
"2024-02-20 10:00:00",4.06,76.52,0.53,0.35
"2024-02-20 11:00:00",2.69,77.08,0.36,0.26
"2024-02-20 12:00:00",2.84,76.47,0.57,0.38
"2024-02-20 13:00:00",3.88,76.3,0.55,0.32
"2024-02-20 14:00:00",3.42,77.16,0.43,0.35
"2024-02-20 15:00:00",3.54,76.5,0.31,0.25
"2024-02-20 16:00:00",7.98,71.79,0.61,0.55
"2024-02-20 17:00:00",19.14,63.33,3.34,2.73
"2024-02-20 18:00:00",32.65,45.61,0.61,0.35
"2024-02-20 19:00:00",46.39,24.45,0.72,0.61
"2024-02-20 20:00:00",58.17,11.68,8.01,6.59
"2024-02-20 21:00:00",57.72,11.45,9.65,8.33
"2024-02-20 22:00:00",48.88,11.75,5.73,4.93
"2024-02-20 23:00:00",42.45,12.12,6.84,6.07
"2024-02-21 00:00:00",17.56,36.88,1.43,1.11
"2024-02-21 01:00:00",2.96,67.84,0.18,0.18
"2024-02-21 01:01:00",,,,
"2024-02-21 02:00:00",0.63,77.94
"2024-02-21 02:01:00",,,,
"2024-02-21 03:00:00",1.03,80.21
"2024-02-21 04:00:00",1.18,78.71
"2024-02-21 05:00:00",0.83,77.01
"2024-02-21 06:00:00",0.96,78.44
"2024-02-21 07:00:00",1.11,79.11
"2024-02-21 08:00:00",0.99,73.94
"2024-02-21 09:00:00",3.13,67.55,0.17,0.12
"2024-02-21 10:00:00",3.38,63.77,0.21,0.15
"2024-02-21 11:00:00",3.1,60.56,0.3,0.25
"2024-02-21 11:01:00",,,,
"2024-02-21 12:00:00",7.71,66.66
"2024-02-21 12:01:00",,,,
"2024-02-21 13:00:00",5.6,75.5
"2024-02-21 14:00:00",8.02,72.48
"2024-02-21 15:00:00",6.42,75.5,0.47,0.26
"2024-02-21 16:00:00",7.04,73.19,0.54,0.34
"2024-02-21 16:01:00",,,,
"2024-02-21 17:00:00",9.48,71.61
"2024-02-21 17:01:00",,,,
"2024-02-21 18:00:00",9.25,70.23
"2024-02-21 19:00:00",8.88,67.23,0.66,0.39
"2024-02-21 20:00:00",5.22,76.89,2.43,1.21
"2024-02-21 21:00:00",2.86,83.7,1.6,0.89
"2024-02-21 22:00:00",1.72,85.71,0.58,0.32
"2024-02-21 23:00:00",0.96,83.97,0.62,0.33
"2024-02-22 00:00:00",0.37,86.5,0.5,0.31
"2024-02-22 00:01:00",,,,
"2024-02-22 01:00:00",0.4,85.19
"2024-02-22 01:01:00",,,,
"2024-02-22 02:00:00",0.56,86.72,0.26,0.16
"2024-02-22 03:00:00",0.64,81.38,0.25,0.19
"2024-02-22 03:01:00",,,,
"2024-02-22 04:00:00",2.12,72.74
"2024-02-22 04:01:00",,,,
"2024-02-22 05:00:00",0.72,77.26
"2024-02-22 06:00:00",4.37,68.62
"2024-02-22 07:00:00",9.44,60.34
"2024-02-22 08:00:00",18.44,52.62
"2024-02-22 09:00:00",22.11,59.16
"2024-02-22 10:00:00",21.22,60.57
"2024-02-22 11:00:00",8.62,70.97
"2024-02-22 12:00:00",10.89,73.28
"2024-02-22 13:00:00",6.81,79.36
"2024-02-22 14:00:00",7.77,79.7,0.21,0.14
"2024-02-22 14:01:00",,,,
"2024-02-22 15:00:00",9.22,76.33
"2024-02-22 15:01:00",,,,
"2024-02-22 16:00:00",8.86,73.8
"2024-02-22 17:00:00",9.15,67.31,0.97,0.69
"2024-02-22 18:00:00",9.7,61.86,1.29,0.66
"2024-02-22 19:00:00",10.98,60.51,1.19,0.7
"2024-02-22 20:00:00",10.21,64.71,0.41,0.27
"2024-02-22 21:00:00",4.54,71.45,0.36,0.16
"2024-02-22 22:00:00",5.98,69.75,0.17,0.09
"2024-02-22 22:01:00",,,,
"2024-02-22 23:00:00",10.48,74.04
"2024-02-22 23:01:00",,,,
"2024-02-23 00:00:00",6.59,75.22
"2024-02-23 01:00:00",8.63,79.79
"2024-02-23 02:00:00",2.79,80.04
"2024-02-23 03:00:00",0.86,73.61
"2024-02-23 04:00:00",2.26,76.06
"2024-02-23 05:00:00",0.95,78.97
"2024-02-23 06:00:00",2.28,74.34
"2024-02-23 07:00:00",6.52,74.61
"2024-02-23 08:00:00",11.84,62.58
"2024-02-23 09:00:00",25.44,52.55
"2024-02-23 10:00:00",15.82,65.16
"2024-02-23 11:00:00",11.94,70.37
"2024-02-23 12:00:00",8.61,69.39
"2024-02-23 13:00:00",6.13,72.38
"2024-02-23 14:00:00",10.34,68.84
"2024-02-23 15:00:00",9.58,70.09
"2024-02-23 16:00:00",8.47,72.6
"2024-02-23 17:00:00",9.72,67.76
"2024-02-23 18:00:00",18.68,62.19,0.69,0.48
"2024-02-23 19:00:00",23.47,47.65,3.43,2.26
"2024-02-23 20:00:00",12.73,57.83,0.96,0.59
"2024-02-23 21:00:00",13.28,57.04,0.27,0.21
"2024-02-23 22:00:00",4.25,64.9,0.34,0.16
"2024-02-23 23:00:00",4.07,68.52,0.17,0.12
"2024-02-24 00:00:00",2.35,73.15,0.16,0.1
"2024-02-24 00:01:00",,,,
"2024-02-24 01:00:00",0.78,75.93
"2024-02-24 01:01:00",,,,
"2024-02-24 02:00:00",1.46,75.08
"2024-02-24 03:00:00",1.66,72.48
"2024-02-24 04:00:00",6.32,61.84
"2024-02-24 05:00:00",4.26,71.39
"2024-02-24 06:00:00",2.91,71.65
"2024-02-24 07:00:00",2.47,70.41
"2024-02-24 08:00:00",5.01,63.49
"2024-02-24 09:00:00",7.08,61.13
"2024-02-24 10:00:00",6.99,61.48
"2024-02-24 11:00:00",6.42,66.15
"2024-02-24 12:00:00",4.83,75.43
"2024-02-24 13:00:00",5.48,75.58,0.5,0.33
"2024-02-24 13:01:00",,,,
"2024-02-24 14:00:00",5.84,74.51
"2024-02-24 14:01:00",,,,
"2024-02-24 15:00:00",6.68,73.6
"2024-02-24 16:00:00",6.02,74.05
"2024-02-24 17:00:00",10.28,67.88
"2024-02-24 18:00:00",19.07,53.92,0.29,0.11
"2024-02-24 19:00:00",45.48,22.99,5.68,3.08
"2024-02-24 20:00:00",54.83,13.23,10.32,6.64
"2024-02-24 21:00:00",48.41,12.88,8.1,5.69
"2024-02-24 22:00:00",45.58,12.53,9.38,6.66
"2024-02-24 23:00:00",41.4,14.63,7.62,4.89
"2024-02-25 00:00:00",33.15,18.74,4.09,2.27
"2024-02-25 01:00:00",29.77,17.57,3.05,1.71
"2024-02-25 02:00:00",19.07,33.52,1.74,0.96
"2024-02-25 03:00:00",3.63,69.54,0.47,0.24
"2024-02-25 04:00:00",2.74,76.48,0.3,0.12
"2024-02-25 05:00:00",2.66,80.48,0.2,0.11
"2024-02-25 06:00:00",3.41,82.52,0.2,0.11
"2024-02-25 07:00:00",4.08,83.25,0.2,0.12
"2024-02-25 08:00:00",4.91,84.18,0.19,0.1
"2024-02-25 09:00:00",5.17,79.56,0.14,0.12
"2024-02-25 09:01:00",,,,
"2024-02-25 10:00:00",4.37,82.18
"2024-02-25 10:01:00",,,,
"2024-02-25 11:00:00",4.3,85.22
"2024-02-25 12:00:00",6.39,76.78,0.37,0.3
"2024-02-25 13:00:00",5.81,71.24,0.56,0.46
"2024-02-25 14:00:00",5.28,71.28,0.81,0.57
"2024-02-25 15:00:00",5.29,72.44,0.71,0.52
"2024-02-25 16:00:00",5.29,70.61,1.71,1.23
"2024-02-25 17:00:00",7.18,68.8,2,1.48
"2024-02-25 18:00:00",8.02,69.33,1.62,1.2
"2024-02-25 19:00:00",9.65,71.65,1.45,1.26
"2024-02-25 20:00:00",9.43,70.74,0.98,0.82
"2024-02-25 21:00:00",7.63,70.83,0.75,0.56
"2024-02-25 22:00:00",5.37,70.64,0.51,0.4
"2024-02-25 23:00:00",4.89,63.15,0.27,0.23
"2024-02-26 00:00:00",4.27,61.59,0.24,0.19
"2024-02-26 01:00:00",3.84,60.38,0.2,0.18
"2024-02-26 02:00:00",3.84,57.97,0.37,0.17
"2024-02-26 03:00:00",3.51,58.47,0.31,0.16
"2024-02-26 04:00:00",2.52,58.27,0.14,0.13
"2024-02-26 05:00:00",1.77,58.81,0.14,0.12
"2024-02-26 05:01:00",,,,
"2024-02-26 06:00:00",2.22,59.94
"2024-02-26 06:01:00",,,,
"2024-02-26 07:00:00",3.62,59.58,0.15,0.11
"2024-02-26 07:01:00",,,,
"2024-02-26 08:00:00",7.58,56.49
"2024-02-26 08:01:00",,,,
"2024-02-26 09:00:00",13.45,52.83
"2024-02-26 10:00:00",9.93,58.74,0.25,0.1
"2024-02-26 10:01:00",,,,
"2024-02-26 11:00:00",6.28,62.72
"2024-02-26 11:01:00",,,,
"2024-02-26 12:00:00",4.43,72.47,0.16,0.12
"2024-02-26 13:00:00",7.11,72.68,0.16,0.13
"2024-02-26 14:00:00",5.65,72.52,0.2,0.14
"2024-02-26 15:00:00",7.37,71.41,0.27,0.19
"2024-02-26 16:00:00",6.87,73.02,0.46,0.34
"2024-02-26 17:00:00",10.19,68.06,1.22,0.91
"2024-02-26 18:00:00",16.64,59.94,0.67,0.43
"2024-02-26 19:00:00",16.01,55.16,0.24,0.17
"2024-02-26 20:00:00",18.57,49.94,0.83,0.46
"2024-02-26 21:00:00",21.18,43.36,1.05,0.56
"2024-02-26 22:00:00",35.83,21.05,2.9,2.15
"2024-02-26 23:00:00",38.69,15.73,3.23,1.99
"2024-02-27 00:00:00",33.17,18.29,2.49,1.49
"2024-02-27 01:00:00",24.59,22.6,2.02,1.32
"2024-02-27 02:00:00",22.65,19.43,2.02,1.22
"2024-02-27 03:00:00",21.34,19.43,1.71,1.12
"2024-02-27 04:00:00",17.94,27.59,1.05,0.78
"2024-02-27 05:00:00",1.98,67.51,0.34,0.18
"2024-02-27 06:00:00",2.01,69.42,0.16,0.1
"2024-02-27 07:00:00",3.88,69.16,0.3,0.11
"2024-02-27 08:00:00",4.69,74.79,0.2,0.12
"2024-02-27 08:01:00",,,,
"2024-02-27 09:00:00",10.9,70.04
"2024-02-27 09:01:00",,,,
"2024-02-27 10:00:00",14.28,66.93,0.23,0.13
"2024-02-27 11:00:00",9.5,69.38,0.31,0.2
"2024-02-27 11:01:00",,,,
"2024-02-27 12:00:00",9.01,67.9
"2024-02-27 12:01:00",,,,
"2024-02-27 13:00:00",8.07,67.36
"2024-02-27 14:00:00",8.9,73.35,0.18,0.11
"2024-02-27 15:00:00",6.09,79.11,0.34,0.2
"2024-02-27 16:00:00",8.06,79.54,0.87,0.47
"2024-02-27 17:00:00",11.12,72.7,0.87,0.49
"2024-02-27 18:00:00",14.73,67.85,1.04,0.54
"2024-02-27 19:00:00",22.23,57.04,2.23,1.08
"2024-02-27 20:00:00",24.62,52.61,4.26,1.96
"2024-02-27 21:00:00",30.64,40.51,5.38,3.01
"2024-02-27 22:00:00",36.42,32.89,2.63,1.28
"2024-02-27 23:00:00",38.33,24.18,3.59,1.93
"2024-02-28 00:00:00",43.56,14.61,8.22,5.01
"2024-02-28 01:00:00",34.74,18.27,6.35,3.86
"2024-02-28 02:00:00",17.05,32.47,3.11,1.78
"2024-02-28 03:00:00",12.18,35.79,1.81,1.07
"2024-02-28 04:00:00",8.3,50.34,1.13,0.62
"2024-02-28 05:00:00",1.89,77.9,0.79,0.42
"2024-02-28 06:00:00",0.94,86.15,0.61,0.31
"2024-02-28 07:00:00",1.88,88.63,0.28,0.21
"2024-02-28 07:01:00",,,,
"2024-02-28 08:00:00",2,87.67
"2024-02-28 08:01:00",,,,
"2024-02-28 09:00:00",5.83,81.59
"2024-02-28 10:00:00",10.88,70.66
"2024-02-28 11:00:00",11.21,63.16
"2024-02-28 12:00:00",8.44,61.95,3.11,1.88
"2024-02-28 13:00:00",4.01,65.33,9.1,6.42
"2024-02-28 14:00:00",4.04,65.98,8.6,5.81
"2024-02-28 15:00:00",3.61,70.6,7.55,5.04
"2024-02-28 16:00:00",4.16,73.19,3.23,2.48
"2024-02-28 17:00:00",5.05,73.05,3.32,2.8
"2024-02-28 18:00:00",5.12,74.58,3.15,2.54
"2024-02-28 19:00:00",4.9,74.61,4.01,2.92
"2024-02-28 20:00:00",6.23,71.21,4.87,3.23
"2024-02-28 21:00:00",6.24,68.6,7.05,5.07
"2024-02-28 22:00:00",9.82,61.64,5.67,4.07
"2024-02-28 23:00:00",8.62,66.93,4.63,1.9
"2024-02-29 00:00:00",4.59,67.22,8.12,4.36
"2024-02-29 01:00:00",3.68,68.6,9.46,5.02
"2024-02-29 02:00:00",1.8,80.95,14.77,7.48
"2024-02-29 03:00:00",3.52,79.36,17.67,8.05
"2024-02-29 04:00:00",2.85,80.61,18.78,8.56
"2024-02-29 05:00:00",3.5,67.32,16.14,7.57
"2024-02-29 06:00:00",5.23,65.67,16.72,7.92
"2024-02-29 07:00:00",9.09,61.64,15.84,7.47
"2024-02-29 08:00:00",10.03,62.73,15.03,7.18
"2024-02-29 09:00:00",19.56,52.68,13.73,6.73
"2024-02-29 10:00:00",21.49,51.16,15.14,6.8
"2024-02-29 11:00:00",8.69,65.52,11.1,5.35
"2024-02-29 12:00:00",8.1,71.23,9.54,4.15
"2024-02-29 13:00:00",7.05,70.4,6.83,3
"2024-02-29 14:00:00",6.43,75.9,7.26,2.68
"2024-02-29 15:00:00",11.48,69.72,4.77,2.58
"2024-02-29 16:00:00",7.42,71.91,3.48,1.83
"2024-02-29 17:00:00",11.37,65.86,5.01,1.91
"2024-02-29 18:00:00",16.25,60.37,6.98,2.86
"2024-02-29 19:00:00",17.02,56.41,14.73,11.55
"2024-02-29 20:00:00",13.76,61.37,22.39,17.3
"2024-02-29 21:00:00",5.04,79.83,16.66,9.52
"2024-02-29 22:00:00",2.66,84.09,12.73,7.7
"2024-02-29 23:00:00",1.54,87.51,7.41,4.53
"2024-03-01 00:00:00",0.9,89.43,6.26,3.56
"2024-03-01 01:00:00",1.13,87.11,5.76,3.14
"2024-03-01 02:00:00",1.39,82.09,1.9,1.09
"2024-03-01 03:00:00",1.39,78.95,0.77,0.62
"2024-03-01 04:00:00",1.09,81.06,1.45,0.97
"2024-03-01 05:00:00",1.6,86.04,3.65,1.93
"2024-03-01 06:00:00",11.12,87.16,5.41,2.74
"2024-03-01 07:00:00",6.77,97.19,6.49,3.11
"2024-03-01 08:00:00",15.6,88.89,6.97,3.01
"2024-03-01 09:00:00",11.99,85.32,5.29,2.55
"2024-03-01 10:00:00",14.85,83.62,5.43,2.64
"2024-03-01 11:00:00",10.9,85.02,6.23,2.55
"2024-03-01 12:00:00",9.64,90.34,7.13,2.54
"2024-03-01 13:00:00",10.15,85.79,6.76,2.41
"2024-03-01 14:00:00",10.06,74.62,2.52,1.63
"2024-03-01 15:00:00",9.07,58.59,1.29,0.87
"2024-03-01 16:00:00",13.26,53.95,4.37,2.6
"2024-03-01 17:00:00",11.51,64.11,5.99,5.5
"2024-03-01 18:00:00",8.8,66.05,6.67,5.75
"2024-03-01 19:00:00",7.72,66.14,6.95,6.03
"2024-03-01 20:00:00",7.26,67.27,8.34,7.47
"2024-03-01 21:00:00",6.32,66.24,9.25,8.28
"2024-03-01 22:00:00",5.36,72.09,6.69,6.17
"2024-03-01 23:00:00",4.56,75.26,6.35,5.94
"2024-03-02 00:00:00",4.76,64.01,12.67,10.67
"2024-03-02 01:00:00",3.46,64.06,7.11,5.38
"2024-03-02 02:00:00",2.54,65.8,6.04,4.64
"2024-03-02 03:00:00",2.67,65.4,5.87,4.04
"2024-03-02 04:00:00",2.64,64.2,6.44,3.85
"2024-03-02 05:00:00",2.03,63.05,6.54,4.08
"2024-03-02 06:00:00",1.72,65.6,7.7,4.65
"2024-03-02 07:00:00",2.69,67.42,7.86,4.42
"2024-03-02 08:00:00",3.46,67.31,8,4.11
"2024-03-02 09:00:00",3.98,69.99,5.49,3.08
"2024-03-02 10:00:00",4.62,71.82,5.86,3.07
"2024-03-02 11:00:00",4.5,72.62,6.76,2.75
"2024-03-02 12:00:00",4.21,74.63,5.71,2.81
"2024-03-02 13:00:00",5,74.3,6.99,3.51
"2024-03-02 14:00:00",5.74,71.9,5.56,3.12
"2024-03-02 15:00:00",4.92,71.88,3.73,2.62
"2024-03-02 16:00:00",4.1,72.37,3.59,2.21
"2024-03-02 17:00:00",3.59,72.6,4.37,2.75
"2024-03-02 18:00:00",3.83,71.52,6.28,3.83
"2024-03-02 19:00:00",3.84,71.9,6.58,4.18
"2024-03-02 20:00:00",3.1,72.62,4.24,2.86
"2024-03-02 21:00:00",2.87,72.52,4.26,3.16
"2024-03-02 22:00:00",3.58,71.04,3.28,2.7
"2024-03-02 23:00:00",2.43,72.22,2.7,2.17
"2024-03-03 00:00:00",1.69,74.81,1.21,0.8
"2024-03-03 01:00:00",4.86,70.23,2.64,1.96
"2024-03-03 02:00:00",6.1,66.62,4.63,3.31
"2024-03-03 03:00:00",10.6,69.47,2.57,1.64
"2024-03-03 04:00:00",5.87,72.01,2.79,1.66
"2024-03-03 05:00:00",3.08,72.35,3.51,1.72
"2024-03-03 06:00:00",3.63,73.06,2.24,1.34
"2024-03-03 07:00:00",3.58,68.6,2.21,1.39
"2024-03-03 08:00:00",6.35,64.5,1.62,1.11
"2024-03-03 09:00:00",4.41,66.53,1.3,0.94
"2024-03-03 10:00:00",3.8,68.88,1.94,1.34
"2024-03-03 11:00:00",4.79,71.27,3.48,2.2
"2024-03-03 12:00:00",4.22,77.62,3.31,1.87
"2024-03-03 13:00:00",5.39,77.95,3.33,2.05
"2024-03-03 14:00:00",5.15,78.14,5.12,3.5
"2024-03-03 15:00:00",4.77,79.16,5.54,2.51
"2024-03-03 16:00:00",5.68,77.15,4.52,2.02
"2024-03-03 17:00:00",8.76,73.23,4.7,2.16
"2024-03-03 18:00:00",6.28,73.32,10.05,8.12
"2024-03-03 19:00:00",15.27,60.98,23.12,20.98
"2024-03-03 20:00:00",22.81,48.9,24.47,20.91
"2024-03-03 21:00:00",37.17,23.69,26.51,24.14
"2024-03-03 22:00:00",47.09,14.42,54.19,51.39
"2024-03-03 23:00:00",42.68,13.71,61.55,57.78
"2024-03-04 00:00:00",39.04,16.27,45.85,42.15
"2024-03-04 01:00:00",27.89,21.6,33.3,30.47
"2024-03-04 02:00:00",18.64,31.88,21.48,18.17
"2024-03-04 03:00:00",5.62,62.52,9.69,5.41
"2024-03-04 04:00:00",1.79,76.6,8.1,3.78
"2024-03-04 05:00:00",1.43,78.8,9.07,4.24
"2024-03-04 06:00:00",2.62,81.09,6.82,3.35
"2024-03-04 07:00:00",3.79,80.55,9.07,4.58
"2024-03-04 08:00:00",7.22,83.83,8.03,3.88
"2024-03-04 09:00:00",8.85,83.18,9,4.83
"2024-03-04 10:00:00",6.7,87.87,8.23,4.5
"2024-03-04 11:00:00",6.42,87.05,7.84,4.46
"2024-03-04 12:00:00",11.78,83.98,6.75,4.21
"2024-03-04 13:00:00",5.45,88.57,8.33,5.21
"2024-03-04 14:00:00",5.42,89.01,11.53,6.94
"2024-03-04 15:00:00",6.01,87.45,15.37,9.07
"2024-03-04 16:00:00",6.16,85.67,10.74,7.06
"2024-03-04 17:00:00",6.59,84.01,10.18,7.22
"2024-03-04 18:00:00",4.38,87.44,19.33,10.33
"2024-03-04 19:00:00",3.77,84.77,18.86,9.73
"2024-03-04 20:00:00",3.3,89.47,19.37,12.07
"2024-03-04 21:00:00",2.53,88.5,17.72,9.62
"2024-03-04 22:00:00",1.53,90.3,13.54,6.6
"2024-03-04 23:00:00",1.16,88.65,9.84,4.7
"2024-03-05 00:00:00",0.8,87.77,10.51,4.75
"2024-03-05 01:00:00",0.62,88.13,12.91,6.19
"2024-03-05 02:00:00",1.34,83.86,22.65,11.07
"2024-03-05 03:00:00",0.76,85.62,16.94,9.16
"2024-03-05 04:00:00",0.24,86.17,12.26,6.16
"2024-03-05 05:00:00",-0.08,86.97,5.12,2.54
"2024-03-05 06:00:00",0.35,83.08,16.59,7.3
"2024-03-05 07:00:00",1.47,78.56,11.28,5.73
"2024-03-05 08:00:00",8.32,68.3,10.5,5.69
"2024-03-05 09:00:00",16.42,56.44,18.17,8.52
"2024-03-05 10:00:00",10.22,64.92,17.81,8.2
"2024-03-05 11:00:00",7.42,74.11,17.21,7.77
"2024-03-05 12:00:00",7.75,72.43,17.55,7.85
"2024-03-05 13:00:00",5.75,73.45,17.22,7.55
"2024-03-05 14:00:00",4.12,73.93,15.63,6.96
"2024-03-05 15:00:00",3.34,76.52,19.18,8.97
"2024-03-05 16:00:00",3.17,79.04,19.43,9.02
"2024-03-05 17:00:00",3.71,79.92,20.17,9.76
"2024-03-05 18:00:00",5.8,76.87,26.23,12.9
"2024-03-05 19:00:00",12.96,66.68,44.63,23.79
"2024-03-05 20:00:00",17.18,59.35,44.49,27.63
"2024-03-05 21:00:00",16.24,59.51,45.71,24.83
"2024-03-05 22:00:00",22.17,51.26,37.44,20.27
"2024-03-05 23:00:00",13.23,56.91,24,12.8
"2024-03-06 00:00:00",13.79,49.01,19.12,11.27
"2024-03-06 01:00:00",9.3,58.86,19.63,9.68
"2024-03-06 02:00:00",4.09,67.32,20.58,9.54
"2024-03-06 03:00:00",2.32,71.96,21.12,9.81
"2024-03-06 04:00:00",1.97,76.22,20.61,9.81
"2024-03-06 05:00:00",2.22,80.68,11.37,6.14
"2024-03-06 06:00:00",3.12,81.59,12.66,7.66
"2024-03-06 07:00:00",3.11,81.61,15.76,8.67
"2024-03-06 08:00:00",7,77.84,14.47,8.91
"2024-03-06 09:00:00",8.44,74.57,14.79,9.11
"2024-03-06 10:00:00",8.84,73.43,15.81,9.64
"2024-03-06 11:00:00",7,75.38,19.76,11.18
"2024-03-06 12:00:00",5.7,77.42,20.33,11.82
"2024-03-06 13:00:00",5.7,79.41,19.54,11.06
"2024-03-06 14:00:00",6.86,79.14,20.35,11.99
"2024-03-06 15:00:00",5.87,79.84,17.95,10.25
"2024-03-06 16:00:00",5.42,80.46,16.53,10.24
"2024-03-06 17:00:00",7.75,78.52,16.72,10.62
"2024-03-06 18:00:00",8.7,77.52,16.04,10.91
"2024-03-06 19:00:00",7.06,77.83,17.71,12.2
"2024-03-06 20:00:00",7.08,76.92,18.38,12.13
"2024-03-06 21:00:00",6.93,76.72,17.68,11.11
"2024-03-06 22:00:00",5.98,77.02,17.87,11.44
"2024-03-06 23:00:00",4.79,78.54,16.98,10.42
"2024-03-07 00:00:00",4.32,78.82,14.55,9.44
"2024-03-07 01:00:00",3.79,78.11,15.79,9.08
"2024-03-07 02:00:00",4.34,76.92,17.43,10.23
"2024-03-07 03:00:00",3.69,78.81,14.25,8.63
"2024-03-07 04:00:00",3.76,77.53,15.25,8.76
"2024-03-07 05:00:00",5.27,74.38,15.77,9.85
"2024-03-07 06:00:00",5.32,75.46,17.22,11.16
"2024-03-07 07:00:00",5.89,71.86,20.09,13.06
"2024-03-07 08:00:00",7.87,71.4,17.33,11.65
"2024-03-07 09:00:00",9.78,68.43,19.44,11.96
"2024-03-07 10:00:00",9.82,68.59,19.22,13.66
"2024-03-07 11:00:00",9.27,69.13,19.74,14.6
"2024-03-07 12:00:00",8.7,69.8,19.69,15.54
"2024-03-07 13:00:00",9.71,68.23,19.73,15.37
"2024-03-07 14:00:00",8.84,72.45,16.93,13.46
"2024-03-07 15:00:00",8.5,75.56,16.68,13.1
"2024-03-07 16:00:00",8.69,73.42,16.35,12.57
"2024-03-07 17:00:00",9.82,74.02,14.8,10.58
"2024-03-07 18:00:00",13.27,69.96,16.23,11.48
"2024-03-07 19:00:00",15.31,64.49,22.14,17.81
"2024-03-07 20:00:00",15.7,59.75,26.17,21.72
"2024-03-07 21:00:00",14.66,54.06,35.63,31.15
"2024-03-07 22:00:00",12.79,53.88,38.53,35.04
"2024-03-07 23:00:00",10.84,55.01,39.2,35.31
"2024-03-08 00:00:00",7.95,59.95,34.16,29.52
"2024-03-08 01:00:00",6.36,64.41,31.6,27.85
"2024-03-08 02:00:00",6.26,64.15,32.25,28.04
"2024-03-08 03:00:00",6.01,64.87,31.29,26.99
"2024-03-08 04:00:00",5.43,66.49,31.29,27.01
"2024-03-08 05:00:00",5.2,67.58,30.82,26.44
"2024-03-08 06:00:00",4.55,69.02,28.79,24.24
"2024-03-08 07:00:00",5.02,68.45,31.31,25.59
"2024-03-08 08:00:00",7.15,64.25,35.31,28.77
"2024-03-08 09:00:00",9.32,58.6,40.78,34.17
"2024-03-08 10:00:00",9.65,58.06,38.21,31.54
"2024-03-08 11:00:00",8.96,58.3,35.08,28.56
"2024-03-08 12:00:00",8.13,61.05,33.5,27.17
"2024-03-08 13:00:00",9.03,62.49,33.73,27.51
"2024-03-08 14:00:00",9.37,63.68,33.48,27.68
"2024-03-08 15:00:00",8.83,68.29,34.02,27.48
"2024-03-08 16:00:00",10.89,66.94,36.38,30.08
"2024-03-08 17:00:00",10.6,67.51,35.99,29.98
"2024-03-08 18:00:00",11.47,65.91,36.08,30.46
"2024-03-08 19:00:00",16.66,58.83,41.33,35.44
"2024-03-08 20:00:00",19.36,56.75,45.59,39.24
"2024-03-08 21:00:00",18.77,56.89,41.98,34.97
"2024-03-08 22:00:00",18.34,55.75,40.41,34.2
"2024-03-08 23:00:00",14.1,60.04,36.42,30.26
"2024-03-09 00:00:00",11.65,61.41,36.77,30.39
"2024-03-09 01:00:00",12.68,60.93,34.92,29.06
"2024-03-09 02:00:00",10.63,62.83,36.49,29.74
"2024-03-09 03:00:00",5.94,66.82,36.96,30.44
"2024-03-09 04:00:00",5.43,69.31,36.67,30.12
"2024-03-09 05:00:00",4.81,70.18,35.26,29.48
"2024-03-09 06:00:00",4.89,69.23,37.75,32.1
"2024-03-09 07:00:00",5.66,65.01,43.36,36.22
"2024-03-09 08:00:00",6.24,61.87,44.44,37.78
"2024-03-09 09:00:00",6.81,61.35,47.12,39.26
"2024-03-09 10:00:00",7.24,61.32,44.33,38.06
"2024-03-09 11:00:00",7.49,61.43,43.63,37.9
"2024-03-09 12:00:00",8.48,59.52,44.39,39.52
"2024-03-09 13:00:00",9.6,56.73,45.83,41.2
"2024-03-09 14:00:00",10.17,52.87,45.23,39.66
"2024-03-09 15:00:00",11.48,48.6,48.37,42.47
"2024-03-09 16:00:00",12.71,45.48,40.96,36.04
"2024-03-09 17:00:00",11.44,50.3,39.85,35.4
"2024-03-09 18:00:00",13.55,50.68,41.41,37.68
"2024-03-09 19:00:00",14,50.01,41.26,38.78
"2024-03-09 20:00:00",14.73,49.08,41.14,38.84
"2024-03-09 21:00:00",13.69,50.07,37.64,35.44
"2024-03-09 22:00:00",11.31,53.19,29.63,27.77
"2024-03-09 23:00:00",10.82,54.16,35.57,32.82
"2024-03-10 00:00:00",9.46,56.92,37.57,33.16
"2024-03-10 01:00:00",8.03,58.46,39.39,34.5
"2024-03-10 02:00:00",7.12,59.19,38.36,33.07
"2024-03-10 03:00:00",4.74,62.71,36.05,31.18
"2024-03-10 04:00:00",4.22,60.54,34.98,30.98
"2024-03-10 05:00:00",3.76,61.58,39.13,33.96
"2024-03-10 06:00:00",3.42,61.21,39.36,32.78
"2024-03-10 07:00:00",3.26,59.26,36.32,30.82
"2024-03-10 08:00:00",3.76,55.54,35.72,29.8
"2024-03-10 09:00:00",4.42,53.49,31.25,26.35
"2024-03-10 10:00:00",4.76,53.5,22.69,20.04
"2024-03-10 11:00:00",5.92,51.87,21.25,18.93
"2024-03-10 12:00:00",6.17,51.9,16.93,15.42
"2024-03-10 13:00:00",7.07,50.82,14.18,13.15
"2024-03-10 14:00:00",8.08,51.26,16.62,15.42
"2024-03-10 15:00:00",9.03,49.9,18.19,16.23
"2024-03-10 16:00:00",8.67,48.71,20.19,17.91
"2024-03-10 17:00:00",8.3,47.02,20.12,18.29
"2024-03-10 18:00:00",11.7,41.08,17,14.89
"2024-03-10 19:00:00",10.65,36.03,11.86,10.28
"2024-03-10 20:00:00",8.9,36.03,10.75,9.8
"2024-03-10 21:00:00",7.27,37.12,6.96,6.31
"2024-03-10 22:00:00",9.02,36.12,9.56,8.7
"2024-03-10 23:00:00",6.01,36.93,8.03,7.67
"2024-03-11 00:00:00",5.45,36.23,10.62,9.99
"2024-03-11 01:00:00",5.65,36.19,12.74,11.93
"2024-03-11 02:00:00",4.99,36.09,13.74,12.85
"2024-03-11 03:00:00",4.27,37.07,14.9,14.14
"2024-03-11 04:00:00",4.16,33.51,20.46,18.35
"2024-03-11 05:00:00",3.96,33.67,21.06,19.01
"2024-03-11 06:00:00",4.82,33.11,19.27,18.21
"2024-03-11 07:00:00",5.84,32.29,17.89,16.77
"2024-03-11 08:00:00",9.88,27.98,15.57,14.56
"2024-03-11 09:00:00",11.74,25.46,17.02,14.67
"2024-03-11 10:00:00",9.81,29.88,16.78,15.22
"2024-03-11 11:00:00",8.05,37,15.08,12.69
"2024-03-11 12:00:00",8.2,43.71,12.28,10.08
"2024-03-11 13:00:00",9.65,43.89,13.74,11.33
"2024-03-11 14:00:00",9.13,46.74,13.82,12.44
"2024-03-11 15:00:00",5.43,58.37,16.64,14.4
"2024-03-11 16:00:00",6.18,70.57,16.76,13.62
"2024-03-11 17:00:00",5.86,74.65,15.13,12.29
"2024-03-11 18:00:00",5.76,73.6,14.92,12.09
"2024-03-11 19:00:00",5.11,75.28,15.31,12.24
"2024-03-11 20:00:00",6.53,76.8,17.69,14.4
"2024-03-11 21:00:00",5.53,81.16,12.27,8.69
"2024-03-11 22:00:00",3.27,87.08,8.01,6.19
"2024-03-11 23:00:00",2.4,87.59,9.01,6.4
"2024-03-12 00:00:00",1.08,79,5.5,3.72
"2024-03-12 01:00:00",0.4,73.05,9.88,7.03
"2024-03-12 02:00:00",0.27,71.17,9.14,6.76
"2024-03-12 03:00:00",0.2,71.13,9.32,6.76
"2024-03-12 04:00:00",-0.04,70.46,9.97,7.06
"2024-03-12 05:00:00",0.12,69,8.56,5.55
"2024-03-12 06:00:00",0.38,73.71,5.58,2.71
"2024-03-12 07:00:00",1.3,73.34,6.37,3.02
"2024-03-12 08:00:00",3,70.29,6.69,3.49
"2024-03-12 09:00:00",5.42,66.27,6.29,3.1
"2024-03-12 10:00:00",8.35,61.95,5.34,2.45
"2024-03-12 11:00:00",6.25,64.2,5.21,2.91
"2024-03-12 12:00:00",4.96,62.3,5.19,3.63
"2024-03-12 13:00:00",2.7,63.1,14.4,9.69
"2024-03-12 14:00:00",2.84,65.67,19.51,12.64
"2024-03-12 15:00:00",2.43,65.62,20.08,13.5
"2024-03-12 16:00:00",2.38,65.02,23.01,15.04
"2024-03-12 17:00:00",4.71,64.64,12.81,9.28
"2024-03-12 18:00:00",3.74,65.46,13.59,9.51
"2024-03-12 19:00:00",2.92,67.02,12.47,9.35
"2024-03-12 20:00:00",2.69,67.68,16.41,11.1
"2024-03-12 21:00:00",1.97,69.56,16.13,10.68
"2024-03-12 22:00:00",1.58,71.77,17.64,11.1
"2024-03-12 23:00:00",1.35,73.72,18.6,11.73
"2024-03-13 00:00:00",0.88,77.07,23.15,13.5
"2024-03-13 01:00:00",0.63,80.16,23.62,13.89
"2024-03-13 02:00:00",0.95,81.37,24.03,14.59
"2024-03-13 03:00:00",0.34,81.08,15.7,10.33
"2024-03-13 04:00:00",0.35,82.39,12.8,8.56
"2024-03-13 05:00:00",0.15,82.31,10.72,7.71
"2024-03-13 06:00:00",0.44,82.02,12.39,8.49
"2024-03-13 07:00:00",0.75,82.09,9.62,6.77
"2024-03-13 08:00:00",1.63,81.7,5.94,3.92
"2024-03-13 09:00:00",2.72,81.04,5.99,4.01
"2024-03-13 10:00:00",3.49,80.21,7.24,4.9
"2024-03-13 11:00:00",2.79,81.69,7.75,5.41
"2024-03-13 12:00:00",3.1,81.55,10.02,6.95
"2024-03-13 13:00:00",2.62,82.01,7.29,5.37
"2024-03-13 14:00:00",2.61,81.92,9.71,7.23
"2024-03-13 15:00:00",3.49,81.04,12.44,9.21
"2024-03-13 16:00:00",3.34,81.1,8.7,6.45
"2024-03-13 17:00:00",4.38,79.21,9.71,6.89
"2024-03-13 18:00:00",4.76,79.25,7.1,5.4
"2024-03-13 19:00:00",4.08,80.85,9.42,6.93
"2024-03-13 20:00:00",2.61,82.02,10.3,8.54
"2024-03-13 21:00:00",2.32,82.56,11.23,8.77
"2024-03-13 22:00:00",1.83,83.2,9.93,7.76
"2024-03-13 23:00:00",1.32,85.18,9.23,7.33
"2024-03-14 00:00:00",0.82,85.71,4.57,3.42
"2024-03-14 01:00:00",1.07,88.04,4.91,3.73
"2024-03-14 02:00:00",0.96,90.18,5.08,3.52
"2024-03-14 03:00:00",0.81,91.25,8.69,6.28
"2024-03-14 04:00:00",0.73,91.15,12.64,8.84
"2024-03-14 05:00:00",0.81,91.69,15.29,10.02
"2024-03-14 06:00:00",1.54,91.55,17.72,11.11
"2024-03-14 07:00:00",1.87,89.66,17.83,11.21
"2024-03-14 08:00:00",4.52,86.48,8.67,6.65
"2024-03-14 09:00:00",5.15,87.17,9.7,6.92
"2024-03-14 10:00:00",5.82,86.47,7.82,5.76
"2024-03-14 11:00:00",2.12,82.13,9.47,6.67
"2024-03-14 12:00:00",2.18,77.38,15.43,10.14
"2024-03-14 13:00:00",2.3,77,5.78,4.42
"2024-03-14 14:00:00",2.26,77.39,8,6.19
"2024-03-14 15:00:00",2.76,78.58,7.05,5.3
"2024-03-14 16:00:00",2.73,80.49,12.65,8.53
"2024-03-14 17:00:00",3.85,84.03,16,10.29
"2024-03-14 18:00:00",3.7,89.17,24.51,15.68
"2024-03-14 19:00:00",3.48,87.47,28.18,17.95
"2024-03-14 20:00:00",2.85,86.38,32.25,20.01
"2024-03-14 21:00:00",2.12,85.32,32.4,19.67
"2024-03-14 22:00:00",1.77,85.57,34.14,20.8
"2024-03-14 23:00:00",1.14,87.2,31.57,19.52
"2024-03-15 00:00:00",0.45,88.86,30.17,18.24
"2024-03-15 01:00:00",0.6,88.23,30.66,18.53
"2024-03-15 02:00:00",0.28,85.56,27.99,17.22
"2024-03-15 03:00:00",0.33,81.88,28.24,17.45
"2024-03-15 04:00:00",0.14,78.85,29.57,17.31
"2024-03-15 05:00:00",0.68,77.24,30.16,17.42
"2024-03-15 06:00:00",1.47,76.06,28.18,16.35
"2024-03-15 07:00:00",2.02,75.01,8.23,5.64
"2024-03-15 08:00:00",15.14,58.3,5.57,3.3
"2024-03-15 09:00:00",8.91,57.32,3.01,1.42
"2024-03-15 10:00:00",8.97,62.53,2.83,1.47
"2024-03-15 11:00:00",8.15,59.68,3.64,1.18
"2024-03-15 12:00:00",7.07,62.79,4.12,1.62
"2024-03-15 13:00:00",5.96,66.42,5.06,1.97
"2024-03-15 14:00:00",7.96,69.3,6.35,2.37
"2024-03-15 15:00:00",8.07,68.67,7.07,3.6
"2024-03-15 16:00:00",9.19,69.22,8.79,3.89
"2024-03-15 17:00:00",7.87,69.95,6.5,3.2
"2024-03-15 18:00:00",9.93,67.13,8.51,4.71
"2024-03-15 19:00:00",20.87,55.45,17.76,14.54
"2024-03-15 20:00:00",31.79,35.85,29.55,24.52
"2024-03-15 21:00:00",48.13,12.36,24.3,17.35
"2024-03-15 22:00:00",44.09,11.44,33.41,26.06
"2024-03-15 23:00:00",32.82,11.81,40.3,33.66
"2024-03-16 00:00:00",28.34,11.62,41.18,36.27
"2024-03-16 01:00:00",23.02,12.56,40.74,35.76
"2024-03-16 02:00:00",18.41,13.03,39.83,34.25
"2024-03-16 03:00:00",18.67,13.16,28.88,21.55
"2024-03-16 04:00:00",16.8,17.25,19.89,13.44
"2024-03-16 05:00:00",14.42,24.28,17.53,11.96
"2024-03-16 06:00:00",8.09,40.98,13.55,8.55
"2024-03-16 07:00:00",3.01,67.65,7.28,4.4
"2024-03-16 08:00:00",2.22,78.12,4.01,2.38
"2024-03-16 09:00:00",3.42,78.08,3.01,2.06
"2024-03-16 10:00:00",2.51,81.97,2.7,2.23
"2024-03-16 11:00:00",2.94,79.28,2.73,2.48
"2024-03-16 12:00:00",2.69,75.66,2.82,2.34
"2024-03-16 13:00:00",2.96,74.79,3.04,2.83
"2024-03-16 14:00:00",2.68,74.61,5.02,4.05
"2024-03-16 15:00:00",2.05,74.52,7.29,6.15
"2024-03-16 16:00:00",2.7,74.19,9.55,7.66
"2024-03-16 17:00:00",2.94,76.02,9.72,7.61
"2024-03-16 18:00:00",2.2,77.68,6.52,5.22
"2024-03-16 19:00:00",2.22,76.96,5.45,4.23
"2024-03-16 20:00:00",2.65,76.59,6.48,5.41
"2024-03-16 21:00:00",2.48,76.66,6.84,5.33
"2024-03-16 22:00:00",1.98,75.8,9.02,7.37
"2024-03-16 23:00:00",1.98,74.63,7.27,5.82
"2024-03-17 00:00:00",1.45,75.45,3.85,3
"2024-03-17 01:00:00",1.01,75.44,3.59,2.94
"2024-03-17 02:00:00",1.51,75.33,4.59,3.38
"2024-03-17 03:00:00",0.61,75.96,2.95,2.36
"2024-03-17 04:00:00",0.86,77.06,2.12,1.57
"2024-03-17 05:00:00",0.71,78.51,1.54,1.13
"2024-03-17 06:00:00",0.67,76.33,2.49,1.96
"2024-03-17 07:00:00",0.78,76.58,7.4,4.38
"2024-03-17 08:00:00",0.94,79.11,12.07,7.32
"2024-03-17 09:00:00",1.53,85.55,10.47,6.85
"2024-03-17 10:00:00",1.24,86.57,6.1,3.42
"2024-03-17 11:00:00",1.64,82.2,10.58,5.28
"2024-03-17 12:00:00",2.15,76.68,4.32,2.26
"2024-03-17 13:00:00",1.94,79.82,5.21,2.45
"2024-03-17 14:00:00",1.79,76.22,6.59,3.3
"2024-03-17 15:00:00",1.88,81.25,18.71,9.76
"2024-03-17 16:00:00",2.28,82.24,20.84,11.44
"2024-03-17 17:00:00",1.52,83.22,23.25,12.86
"2024-03-17 18:00:00",2.19,83.86,21.71,12.51
"2024-03-17 19:00:00",2.59,83.84,24.09,14.14
"2024-03-17 20:00:00",2.58,84.3,25.16,14.65
"2024-03-17 21:00:00",2.33,83.35,22.39,12.76
"2024-03-17 22:00:00",2.05,82.55,21.51,12.36
"2024-03-17 23:00:00",1.4,83.55,22.94,13
"2024-03-18 00:00:00",1.03,82.89,19.5,11.86
"2024-03-18 01:00:00",0.52,83.39,8.02,5.73
"2024-03-18 02:00:00",0.75,81.19,11.18,6.9
"2024-03-18 03:00:00",0.99,72.88,12.59,7.54
"2024-03-18 04:00:00",1.72,65.85,8.25,5.28
"2024-03-18 05:00:00",1.2,63.94,8.3,4.8
"2024-03-18 06:00:00",1.07,68,10.69,5.63
"2024-03-18 07:00:00",1.34,68.06,15.88,7.84
"2024-03-18 08:00:00",1.38,76.93,23.63,11.29
"2024-03-18 09:00:00",2.47,80.37,21.12,10.25
"2024-03-18 10:00:00",1.89,85.8,17.46,10.06
"2024-03-18 11:00:00",1.17,86.67,17.17,9.8
"2024-03-18 12:00:00",1.61,86.34,17.32,9.97
"2024-03-18 13:00:00",1.56,85.94,16.72,10.18
"2024-03-18 14:00:00",1.83,86.01,17.64,10.57
"2024-03-18 15:00:00",1.89,85.13,18.41,11.13
"2024-03-18 16:00:00",1.76,84.13,19.3,11.69
"2024-03-18 17:00:00",2.15,83.23,21.42,12.8
"2024-03-18 18:00:00",2.42,84.08,21.21,13.76
"2024-03-18 19:00:00",2.22,85,25.21,15.63
"2024-03-18 20:00:00",2.13,85.18,28.17,17.85
"2024-03-18 21:00:00",1.64,86.18,18.77,12.8
"2024-03-18 22:00:00",1.22,87.15,16.68,11.63
"2024-03-18 23:00:00",1.13,87.29,12.4,8.78
"2024-03-19 00:00:00",0.35,88.91,25.36,16.13
"2024-03-19 01:00:00",0.41,89.63,26.86,17.18
"2024-03-19 02:00:00",0.85,82.08,25.98,15.19
"2024-03-19 03:00:00",4.49,75.24,8.07,4.81
"2024-03-19 04:00:00",2.65,69.3,4.1,2.03
"2024-03-19 05:00:00",2.25,63.32,5.44,2.42
"2024-03-19 06:00:00",2.59,65.58,7.31,3.24
"2024-03-19 07:00:00",8.71,53.72,7.63,3.63
"2024-03-19 08:00:00",15.72,52.41,10.6,5.18
"2024-03-19 09:00:00",14.07,57.33,15.16,7.75
"2024-03-19 10:00:00",14.38,58.29,17.08,8.94
"2024-03-19 11:00:00",4.86,67.11,20.36,10.43
"2024-03-19 12:00:00",3.36,70.74,20.42,11.47
"2024-03-19 13:00:00",2.6,73.79,21.49,11.48
"2024-03-19 14:00:00",2.65,75.76,18.67,10.57
"2024-03-19 15:00:00",3.19,77.06,18.62,10.17
"2024-03-19 16:00:00",2.89,76.04,18.77,11.08
"2024-03-19 17:00:00",5.12,75.1,23.13,12.89
"2024-03-19 18:00:00",5.71,73.94,25.7,15.77
"2024-03-19 19:00:00",9.67,65.87,28.06,18.2
"2024-03-19 20:00:00",10.66,67.42,26.24,19.74
"2024-03-19 21:00:00",8.63,71.34,17.69,13.59
"2024-03-19 22:00:00",12.36,65.04,15.03,11.74
"2024-03-19 23:00:00",12.64,63.49,11.7,9.46
"2024-03-20 00:00:00",9.28,72.54,8.09,6.48
"2024-03-20 01:00:00",4.71,75.63,5.73,4.68
"2024-03-20 02:00:00",1.8,80.99,4.26,3.11
"2024-03-20 03:00:00",1.53,77.88,3.4,2.36
"2024-03-20 04:00:00",1.27,70.13,4.63,3.46
"2024-03-20 05:00:00",1.48,76.95,4.22,2.82
"2024-03-20 06:00:00",2.68,69.76,4.07,3.08
"2024-03-20 07:00:00",3.77,64.82,5.4,4.16
"2024-03-20 08:00:00",6.95,50.02,4,3.28
"2024-03-20 09:00:00",9.86,42.69,3.71,2.64
"2024-03-20 10:00:00",10.69,45.57,4.96,3.68
"2024-03-20 11:00:00",7.03,56.83,6.3,5.18
"2024-03-20 12:00:00",7.61,63.56,7.22,6.36
"2024-03-20 13:00:00",7.56,67.2,8.92,7.74
"2024-03-20 14:00:00",7.77,63.01,10.31,7.65
"2024-03-20 15:00:00",7.95,68.59,10.47,8.78
"2024-03-20 16:00:00",11.97,66.64,12.5,10.46
"2024-03-20 17:00:00",10.92,65.71,14.46,12.11
"2024-03-20 18:00:00",12.72,65.47,16.29,13.63
"2024-03-20 19:00:00",21.77,56.12,40.85,36.39
"2024-03-20 20:00:00",50.74,17.01,58.45,50.14
"2024-03-20 21:00:00",50.88,12.32,50.03,41.11
"2024-03-20 22:00:00",38.7,20.57,30.91,25.86
"2024-03-20 23:00:00",32.94,13.59,44.2,40.18
"2024-03-21 00:00:00",27.24,13.21,54.97,51.16
"2024-03-21 01:00:00",21.2,13.56,41.49,38
"2024-03-21 02:00:00",17.71,13.93,33.2,29.21
"2024-03-21 03:00:00",15.17,20.51,24.41,21.39
"2024-03-21 04:00:00",3.59,46.94,15.76,13.61
"2024-03-21 05:00:00",2.03,54.92,13.28,11.61
"2024-03-21 06:00:00",1.09,68.65,10.38,7.08
"2024-03-21 07:00:00",2.58,72.56,9.71,5.5
"2024-03-21 08:00:00",7.53,69.83,8.25,4.66
"2024-03-21 09:00:00",9.36,67.8,10.07,5.14
"2024-03-21 10:00:00",5.71,74.94,11.77,6.35
"2024-03-21 11:00:00",3.75,80.56,14.4,7.65
"2024-03-21 12:00:00",3.96,81.12,16.68,8.74
"2024-03-21 13:00:00",4.27,82.35,18.69,10.05
"2024-03-21 14:00:00",3.9,82.11,22.18,10.89
"2024-03-21 15:00:00",5.33,77.71,24.17,12.07
"2024-03-21 16:00:00",5.37,76.23,24.22,13.2
"2024-03-21 17:00:00",5.17,75.64,32.08,17.42
"2024-03-21 18:00:00",4.64,75.49,25.53,15.86
"2024-03-21 19:00:00",5.13,69.9,17.45,12.16
"2024-03-21 20:00:00",5.57,67.2,13.07,10.12
"2024-03-21 21:00:00",4.57,67.06,8.82,7.24
"2024-03-21 22:00:00",3.73,68.15,6.51,5.2
"2024-03-21 23:00:00",2.93,84,6.33,4.53
"2024-03-22 00:00:00",9.38,78.68,15.51,9.77
"2024-03-22 01:00:00",2.47,78.61,20.13,11.73
"2024-03-22 02:00:00",5.36,76.71,25.22,13.44
"2024-03-22 03:00:00",8.06,72.66,26.45,13.57
"2024-03-22 04:00:00",4.55,70.64,25.83,13.13
"2024-03-22 05:00:00",4.12,69.55,27.97,13.79
"2024-03-22 06:00:00",3.01,69.8,25.87,12.93
"2024-03-22 07:00:00",12.65,53.68,21.83,11.17
"2024-03-22 08:00:00",15.01,55.29,22.29,11.05
"2024-03-22 09:00:00",9.82,59.71,18.99,9.14
"2024-03-22 10:00:00",7.49,67.45,16.29,7.83
"2024-03-22 11:00:00",5.81,72.44,17.57,8.43
"2024-03-22 12:00:00",6.72,73.24,16.85,7.48
"2024-03-22 13:00:00",4.77,74.97,11.99,5.54
"2024-03-22 14:00:00",6.57,74.78,8.2,3.9
"2024-03-22 15:00:00",7.26,75.19,8.31,3.68
"2024-03-22 16:00:00",5.06,75.21,7.7,3.32
"2024-03-22 17:00:00",5.93,75.77,6.09,2.41
"2024-03-22 18:00:00",5.38,77.43,6.07,3.07
"2024-03-22 19:00:00",5.33,78.49,7.22,3.72
"2024-03-22 20:00:00",14.33,75.37,9.07,4.81
"2024-03-22 21:00:00",12.16,79.24,6.79,3.96
"2024-03-22 22:00:00",12.69,77.09,9.11,4.9
"2024-03-22 23:00:00",12.12,79.03,8.48,4.69
"2024-03-23 00:00:00",5.28,83.01,8.34,4.61
"2024-03-23 01:00:00",2.54,84.11,7.1,4.02
"2024-03-23 02:00:00",10.52,85.92,8.7,4.66
"2024-03-23 03:00:00",6.46,87.1,10.66,5.52
"2024-03-23 04:00:00",5.32,86.84,9.71,5.15
"2024-03-23 05:00:00",7.28,84.91,4.73,2.97
"2024-03-23 06:00:00",9.4,80.32,3.13,1.63
"2024-03-23 07:00:00",2.3,79.92,3.27,1.81
"2024-03-23 08:00:00",2.85,82.98,4.21,2.52
"2024-03-23 09:00:00",5.88,83.01,6.15,3.75
"2024-03-23 10:00:00",2.79,82.32,5.86,3.23
"2024-03-23 11:00:00",2.8,85.11,5.12,2.96
"2024-03-23 12:00:00",2.6,82.58,5.88,2.95
"2024-03-23 13:00:00",3.44,80.4,4.88,2.79
"2024-03-23 14:00:00",3.54,78.17,8.14,3.64
"2024-03-23 15:00:00",4.65,77.92,6.92,3.58
"2024-03-23 16:00:00",3.69,78.57,6.94,4.26
"2024-03-23 17:00:00",4.24,77.3,8.35,4.14
"2024-03-23 18:00:00",5.52,77.23,9.43,5.32
"2024-03-23 19:00:00",9.49,75.78,11.61,6.14
"2024-03-23 20:00:00",6.36,79.66,14.19,7.6
"2024-03-23 21:00:00",3.76,80.25,15.23,7.74
"2024-03-23 22:00:00",3.39,79.81,16.17,8.37
"2024-03-23 23:00:00",3.28,81.56,16.83,8.23
"2024-03-24 00:00:00",2.87,82.08,14.91,7.36
"2024-03-24 01:00:00",1.91,81.18,13.88,6.79
"2024-03-24 02:00:00",1.71,80.69,13.78,6.59
"2024-03-24 03:00:00",2.02,78.57,14.36,6.43
"2024-03-24 04:00:00",1.25,79.62,12.21,5.73
"2024-03-24 05:00:00",1.1,81.32,10.4,5.16
"2024-03-24 06:00:00",1.36,80.03,9.62,4.89
"2024-03-24 07:00:00",3.28,74.89,11.97,5.44
"2024-03-24 08:00:00",3.23,72.39,11.99,5.37
"2024-03-24 09:00:00",4.3,71.6,10.93,4.98
"2024-03-24 10:00:00",5.33,75.3,12.47,5.22
"2024-03-24 11:00:00",4.56,81.22,12.48,5.4
"2024-03-24 12:00:00",3.59,78.93,9.85,4.72
"2024-03-24 13:00:00",2.7,86.94,3.91,2.39
"2024-03-24 14:00:00",3.29,84.71,6.41,4.25
"2024-03-24 15:00:00",3.72,89.18,8.71,6.55
"2024-03-24 16:00:00",4.25,88.58,7.6,6.07
"2024-03-24 17:00:00",4.73,91.99,4.81,3.87
"2024-03-24 18:00:00",6.97,87.89,4.54,4.31
"2024-03-24 19:00:00",10.43,72.61,6.77,6.47
"2024-03-24 20:00:00",4.97,71.3,7.87,7
"2024-03-24 21:00:00",2.56,74.71,5.98,5.06
"2024-03-24 22:00:00",1.88,77.21,5.41,4.11
"2024-03-24 23:00:00",1.07,79.75,2.41,1.83
"2024-03-25 00:00:00",0.95,82.32,6.67,4.33
"2024-03-25 01:00:00",0.79,84.74,6.69,4.19
"2024-03-25 02:00:00",0.98,86.08,7.51,4.83
"2024-03-25 03:00:00",1.14,88.84,10.25,5.72
"2024-03-25 04:00:00",1.27,89.28,13.13,7.17
"2024-03-25 05:00:00",0.81,93.42,5.82,3.7
"2024-03-25 06:00:00",1.4,91.78,5.4,2.99
"2024-03-25 07:00:00",2.08,90.1,6.62,3.5
"2024-03-25 08:00:00",3.48,88.85,7.88,3.65
"2024-03-25 09:00:00",6.5,83.52,5.9,2.48
"2024-03-25 10:00:00",7.96,75.51,3.29,1.54
"2024-03-25 11:00:00",10.22,74.13,1.69,0.81
"2024-03-25 12:00:00",8.77,73.35,1.41,0.9
"2024-03-25 13:00:00",7.38,78.04,1.64,1.07
"2024-03-25 14:00:00",7.05,77.09,1.26,0.73
"2024-03-25 15:00:00",11.48,75.36,1.58,0.94
"2024-03-25 16:00:00",6.83,75.57,2.57,1.82
"2024-03-25 17:00:00",7.8,77.91,3.48,1.6
"2024-03-25 18:00:00",7.32,77.65,6.72,4.3
"2024-03-25 19:00:00",9.52,73.52,9.72,7.4
"2024-03-25 20:00:00",14.35,66.24,13.85,11.44
"2024-03-25 21:00:00",20.82,59,22.91,20.79
"2024-03-25 22:00:00",15.05,65.96,17.16,15.42
"2024-03-25 23:00:00",12.49,76.49,8.66,7.82
"2024-03-26 00:00:00",7.1,79.4,5.03,4.35
"2024-03-26 01:00:00",4.52,79.3,4.09,3.48
"2024-03-26 02:00:00",3.62,75.31,7.1,5.32
"2024-03-26 03:00:00",2.86,73.62,8.43,6.43
"2024-03-26 04:00:00",2.78,77.52,7.94,5.39
"2024-03-26 05:00:00",2.8,78.11,6.13,4.81
"2024-03-26 06:00:00",3.49,79.01,4.9,4.21
"2024-03-26 07:00:00",5.11,79.32,4,3.41
"2024-03-26 08:00:00",6.11,76.51,3.03,2.63
"2024-03-26 09:00:00",11.83,65.78,3.37,2.75
"2024-03-26 10:00:00",10.34,83.03,4.6,2.48
"2024-03-26 11:00:00",7.8,95.1,5.09,2.07
"2024-03-26 12:00:00",5.93,93,9.7,3.14
"2024-03-26 13:00:00",7.46,90.68,5.8,2.3
"2024-03-26 14:00:00",7.99,93.91,4.98,1.68
"2024-03-26 15:00:00",8.41,93.72,4.29,1.61
"2024-03-26 16:00:00",10.53,88.54,7.99,2.83
"2024-03-26 17:00:00",11.43,81.83,6.56,3.63
"2024-03-26 18:00:00",9.03,78.24,6.93,4.2
"2024-03-26 19:00:00",8.32,77.05,9.2,5.91
"2024-03-26 20:00:00",5.59,83.15,9.08,5.88
"2024-03-26 21:00:00",4.85,83.89,9.42,5.34
"2024-03-26 22:00:00",3.33,82.52,7.54,4.8
"2024-03-26 23:00:00",2.54,77.53,4.9,3.02
"2024-03-27 00:00:00",6.38,71.41,8.81,5.99
"2024-03-27 01:00:00",2.49,87.73,7.9,3.53
"2024-03-27 02:00:00",3.14,81.85,5.11,2.51
"2024-03-27 03:00:00",2.22,85.38,3.68,1.93
"2024-03-27 04:00:00",2.63,87.32,3.86,2.05
"2024-03-27 05:00:00",1.06,91.19,3.81,1.82
"2024-03-27 06:00:00",0.24,94.79,4.76,1.86
"2024-03-27 07:00:00",1.15,96.79,3.01,1.31
"2024-03-27 08:00:00",2.65,98.92,6.43,2.71
"2024-03-27 09:00:00",5.05,95.64,8,3.13
"2024-03-27 10:00:00",2.3,95.63,4.51,2.13
"2024-03-27 11:00:00",2.21,97.45,5.08,1.75
"2024-03-27 12:00:00",2.05,90.91,4.93,1.92
"2024-03-27 13:00:00",3.59,88.35,5.12,3.12
"2024-03-27 14:00:00",3.67,87.83,9.35,4.57
"2024-03-27 15:00:00",2.42,89.7,7.93,3.93
"2024-03-27 16:00:00",3.17,91.01,7.83,4.11
"2024-03-27 17:00:00",4.06,92.63,7.89,4.3
"2024-03-27 18:00:00",4.37,91.82,11.3,7.18
"2024-03-27 19:00:00",5.54,90.8,10.79,7.02
"2024-03-27 20:00:00",6.58,89.4,13.33,8.13
"2024-03-27 21:00:00",5.74,95.21,10.92,6.67
"2024-03-27 22:00:00",10.94,87.98,12.05,9.38
"2024-03-27 23:00:00",28.38,62.72,34.55,31.81
"2024-03-28 00:00:00",17.75,71.16,15.9,12.06
"2024-03-28 01:00:00",14.12,68.4,11.47,8.03
"2024-03-28 02:00:00",9.51,76.97,7.84,4.77
"2024-03-28 03:00:00",11.11,75.2,9.01,5.13
"2024-03-28 04:00:00",7.73,74.68,6.45,3.48
"2024-03-28 05:00:00",8.19,74.31,6.04,2.92
"2024-03-28 06:00:00",8.62,74.23,6.9,2.85
"2024-03-28 07:00:00",8.58,76.64,6.01,2.83
"2024-03-28 08:00:00",12.39,76.67,6.51,2.63
"2024-03-28 09:00:00",15.89,78.13,5.17,2.52
"2024-03-28 10:00:00",14.06,81.23,7.05,3.63
"2024-03-28 11:00:00",9.73,86.91,8.86,3.84
"2024-03-28 12:00:00",11.32,88.22,10.51,4.78
"2024-03-28 13:00:00",7.27,87.96,11.86,5.01
"2024-03-28 14:00:00",6.65,86.19,9.31,4.14
"2024-03-28 15:00:00",11,79.11,9.4,4.08
"2024-03-28 16:00:00",10.06,77.84,9.05,3.37
"2024-03-28 17:00:00",8.98,80.07,6.64,2.36
"2024-03-28 18:00:00",14.01,76.29,5.21,2.02
"2024-03-28 19:00:00",19.1,71.24,6.26,2.38
"2024-03-28 20:00:00",30.83,47.07,10.5,4.7
"2024-03-28 21:00:00",21.42,58.12,17.11,9.29
"2024-03-28 22:00:00",6.21,76.04,18.03,10.11
"2024-03-28 23:00:00",3.97,78.58,14.51,7.12
"2024-03-29 00:00:00",4.57,72.58,16.03,8.42
"2024-03-29 01:00:00",5.36,76.86,12.96,6.14
"2024-03-29 02:00:00",2.95,86.65,7.84,2.98
"2024-03-29 03:00:00",2.05,86.28,14.9,4.75
"2024-03-29 04:00:00",1.67,86.32,12.06,4.33
"2024-03-29 05:00:00",2.41,83.34,4.22,2.04
"2024-03-29 06:00:00",4.34,57.47,6.86,2.66
"2024-03-29 07:00:00",22.3,36.33,6.78,3.46
"2024-03-29 08:00:00",22.06,59.52,9.83,4.43
"2024-03-29 09:00:00",12.06,82,5.24,2.91
"2024-03-29 10:00:00",3.66,93.08,12.26,5.57
"2024-03-29 11:00:00",2.63,91.84,9.67,4.4
"2024-03-29 12:00:00",2.66,88.08,5.91,2.35
"2024-03-29 13:00:00",2.29,87.66,5.29,2.08
"2024-03-29 14:00:00",2.38,86.46,4.69,2.13
"2024-03-29 15:00:00",2.39,85.83,5.9,2.62
"2024-03-29 16:00:00",2.75,87.21,5.69,2.76
"2024-03-29 17:00:00",2.84,88,7.03,3.55
"2024-03-29 18:00:00",2.86,87.46,9.08,4.61
"2024-03-29 19:00:00",3.8,85.64,11.44,6.67
"2024-03-29 20:00:00",4.59,83.14,14.66,8.76
"2024-03-29 21:00:00",3.8,83.64,14.22,8.8
"2024-03-29 22:00:00",4.77,79.4,15.42,9.61
"2024-03-29 23:00:00",4.6,80,11.22,6.29
"2024-03-30 00:00:00",2.73,85.99,8.05,4.44
"2024-03-30 01:00:00",3.09,78.22,3.62,1.94
"2024-03-30 02:00:00",2.07,72.71,10.1,3.86
"2024-03-30 03:00:00",4.85,57.11,8.28,4.11
"2024-03-30 04:00:00",10,39.89,8.78,5.23
"2024-03-30 05:00:00",4.85,49.66,10.47,5.76
"2024-03-30 06:00:00",1.55,86.99,9.38,3.95
"2024-03-30 07:00:00",2.88,84.48,9.69,3.62
"2024-03-30 08:00:00",1.57,88.74,9.93,3.95
"2024-03-30 09:00:00",1.87,88.65,13.6,4.96
"2024-03-30 10:00:00",1.75,92.58,9.89,4.56
"2024-03-30 11:00:00",2.32,92.83,10.95,5
"2024-03-30 12:00:00",2.25,93.07,11.6,5.15
"2024-03-30 13:00:00",2.56,92.69,10.28,4.91
"2024-03-30 14:00:00",2.8,93.25,11.1,5.58
"2024-03-30 15:00:00",2.83,92.87,10.47,5.02
"2024-03-30 16:00:00",2.75,90.23,9.77,4.97
"2024-03-30 17:00:00",2.62,89.92,9.08,4.37
"2024-03-30 18:00:00",3.35,89.79,10.07,5.07
"2024-03-30 19:00:00",5.91,88.01,13.24,7.39
"2024-03-30 20:00:00",7.6,85.42,13.98,8.58
"2024-03-30 21:00:00",6.76,83.43,15.46,8.53
"2024-03-30 22:00:00",6.56,83.91,14.93,8.42
"2024-03-30 23:00:00",6.14,86.82,10.55,5.8
"2024-03-31 00:00:00",6.61,87.23,9.41,5.48
"2024-03-31 02:00:00",6.51,85.02,7.86,5.11
"2024-03-31 03:00:00",3.4,86.48,11.57,6.07
"2024-03-31 04:00:00",2.04,88.63,9.73,4.11
"2024-03-31 05:00:00",2.43,84.36,7.47,3.2
"2024-03-31 06:00:00",3.07,84.22,7.59,3.88
"2024-03-31 07:00:00",3.99,84.39,4.52,2.47
"2024-03-31 08:00:00",5.32,78,10.19,5.73
"2024-03-31 09:00:00",5.21,73.49,14.09,8.64
"2024-03-31 10:00:00",6.66,73.68,15.54,9.37
"2024-03-31 11:00:00",6.64,72.34,14.11,8.67
"2024-03-31 12:00:00",7.04,75.04,13.89,7.75
"2024-03-31 13:00:00",6.34,80.38,10.63,6.29
"2024-03-31 14:00:00",6.85,86.3,7.92,5.46
"2024-03-31 15:00:00",7.18,87.44,6.54,4.05
"2024-03-31 16:00:00",7.94,83.41,7.53,5
"2024-03-31 17:00:00",9.71,77.31,11.07,8
"2024-03-31 18:00:00",11.43,71.28,16.11,13.44
"2024-03-31 19:00:00",13.05,70.13,19.34,17.38
"2024-03-31 20:00:00",12.58,67.64,27.35,25.02
"2024-03-31 21:00:00",11.23,66.54,19.76,17.75
"2024-03-31 22:00:00",9.79,68.13,16.6,14.29
"2024-03-31 23:00:00",11.11,68.54,12.16,9.76
"2024-04-01 00:00:00",11.95,69.24,10.4,8.49
"2024-04-01 01:00:00",7.88,70.79,11.77,8.61
"2024-04-01 02:00:00",6.59,71.96,11.77,8.53
"2024-04-01 03:00:00",6.9,71.31,11.36,8.6
"2024-04-01 04:00:00",6.27,69.72,11.56,8.61
"2024-04-01 05:00:00",3.28,78.48,4.03,2.38
"2024-04-01 06:00:00",3.55,78.04,4.16,1.78
"2024-04-01 07:00:00",8.61,63.33,4.03,1.74
"2024-04-01 08:00:00",15.85,53.93,7.27,3.77
"2024-04-01 09:00:00",4.47,80.07,5.65,2.15
"2024-04-01 10:00:00",3.75,87.35,4.56,1.93
"2024-04-01 11:00:00",4.5,88.81,4.15,1.85
"2024-04-01 12:00:00",4.8,90.94,4.02,2.2
"2024-04-01 13:00:00",6.01,93.31,4.64,2.46
"2024-04-01 14:00:00",5.25,94.39,4.77,2.74
"2024-04-01 15:00:00",4.89,96.11,5.36,3.21
"2024-04-01 16:00:00",3.93,97.09,4.93,2.99
"2024-04-01 17:00:00",4.12,97.39,5.82,3.6
"2024-04-01 18:00:00",4.17,96.25,6.1,3.76
"2024-04-01 19:00:00",6.07,91.38,8.45,6.01
"2024-04-01 20:00:00",10.47,84.92,12.49,9.05
"2024-04-01 21:00:00",21.73,64.44,20.6,16.55
"2024-04-01 22:00:00",27.36,50.57,25.73,21.83
"2024-04-01 23:00:00",20.45,40.12,13.61,11.42
"2024-04-02 00:00:00",13.43,37.4,8.06,6.46
"2024-04-02 01:00:00",10.11,35.54,9.17,7.61
"2024-04-02 02:00:00",13.45,30.24,11.75,9.68
"2024-04-02 03:00:00",13.97,24.5,11.65,10.2
"2024-04-02 04:00:00",9.44,24.53,14.32,12.16
"2024-04-02 05:00:00",7.85,33.78,20.49,18.05
"2024-04-02 06:00:00",10.78,47.49,18.11,14.22
"2024-04-02 07:00:00",13.81,53.46,14.62,9.96
"2024-04-02 08:00:00",16.49,63.45,11.85,7.91
"2024-04-02 09:00:00",12.41,68.43,13.73,6.8
"2024-04-02 10:00:00",6.43,85.67,7.28,3.6
"2024-04-02 11:00:00",4.87,87.27,5.92,3.08
"2024-04-02 12:00:00",8.51,83.27,9.23,4.35
"2024-04-02 13:00:00",6.49,83.63,7.09,3.88
"2024-04-02 14:00:00",7.2,83.24,6.87,3.85
"2024-04-02 15:00:00",8.71,81.35,11.24,4.72
"2024-04-02 16:00:00",9.61,80.29,6.69,4.55
"2024-04-02 17:00:00",12.45,78.3,8.5,6.09
"2024-04-02 18:00:00",9.16,85.07,7.6,5.59
"2024-04-02 19:00:00",12.97,81.53,13.81,12.46
"2024-04-02 20:00:00",12.25,78.23,15.75,14.65
"2024-04-02 21:00:00",9.77,79.86,6.94,6.15
"2024-04-02 22:00:00",7.21,82.01,4.52,4.05
"2024-04-02 23:00:00",5.38,84.72,2.85,2.34
"2024-04-03 00:00:00",2.78,87.16,2.36,1.95
"2024-04-03 01:00:00",1.9,82.19,2.47,1.52
"2024-04-03 02:00:00",2.41,73.92,2.03,1.39
"2024-04-03 03:00:00",3.18,70.58,3.88,3.34
"2024-04-03 04:00:00",3.41,70.45,4.93,3.9
"2024-04-03 05:00:00",2.29,72.35,4.13,3.27
"2024-04-03 06:00:00",4.59,70.69,5,3.51
"2024-04-03 07:00:00",6.72,64.92,4.64,3.47
"2024-04-03 08:00:00",7.71,64.72,4.18,3.34
"2024-04-03 09:00:00",6.89,68.69,5.03,3.45
"2024-04-03 10:00:00",8.78,70.76,4.53,2.7
"2024-04-03 11:00:00",6.15,71.42,4.33,2.47
"2024-04-03 12:00:00",8.01,73.91,4.69,2.54
"2024-04-03 13:00:00",9.5,75.58,4.36,2.25
"2024-04-03 14:00:00",6.53,70.69,5.7,3.56
"2024-04-03 15:00:00",4.58,75.07,7.65,4.35
"2024-04-03 16:00:00",4.19,79.47,6.67,4.19
"2024-04-03 17:00:00",3.84,79.53,9.05,5.22
"2024-04-03 18:00:00",3.95,81.35,14.58,8.95
"2024-04-03 19:00:00",5.15,79.24,16.13,9.95
"2024-04-03 20:00:00",9.69,75.19,20.94,12.83
"2024-04-03 21:00:00",7.04,79.57,13.16,7.76
"2024-04-03 22:00:00",6.68,87.34,7.42,4.71
"2024-04-03 23:00:00",3.96,91.34,6.24,3.45
"2024-04-04 00:00:00",5.51,92.22,3.34,2.08
"2024-04-04 01:00:00",5.71,89.73,3.53,2.38
"2024-04-04 02:00:00",12.07,79.49,6.42,3.73
"2024-04-04 03:00:00",3.28,84.87,3.74,2.91
"2024-04-04 04:00:00",3.45,83.51,3.64,2.88
"2024-04-04 05:00:00",3.48,80.41,3.89,3.23
"2024-04-04 06:00:00",7.13,76.55,4.32,3.02
"2024-04-04 07:00:00",8.76,70.87,4.85,3.62
"2024-04-04 08:00:00",7.59,75.83,6.36,4.19
"2024-04-04 09:00:00",11.58,72.91,6.3,3.7
"2024-04-04 10:00:00",8.82,77.28,6.58,3.32
"2024-04-04 11:00:00",6.1,87.01,6.06,3.11
"2024-04-04 12:00:00",5.37,90.63,6.66,3.39
"2024-04-04 13:00:00",6.09,90.98,7.04,3.95
"2024-04-04 14:00:00",7.77,86.36,3.13,2.11
"2024-04-04 15:00:00",4.26,88.05,9.38,6.36
"2024-04-04 16:00:00",3.37,84.76,25.26,15.32
"2024-04-04 17:00:00",3.42,85.34,22.77,16.27
"2024-04-04 18:00:00",8.77,80.59,13.3,11.13
"2024-04-04 19:00:00",4.49,83.01,9.39,7.54
"2024-04-04 20:00:00",3.5,80.5,24.58,16.46
"2024-04-04 21:00:00",2.6,79.04,26.47,17.39
"2024-04-04 22:00:00",2.6,79.77,15.6,11.58
"2024-04-04 23:00:00",1.8,83.53,21.66,14.07
"2024-04-05 00:00:00",1.29,85.29,18.71,12.12
"2024-04-05 01:00:00",1.09,89.43,18.69,11.28
"2024-04-05 02:00:00",1.22,90.95,22.8,13.04
"2024-04-05 03:00:00",2.05,87.08,28.88,17.22
"2024-04-05 04:00:00",1.02,86.55,33.77,20.81
"2024-04-05 05:00:00",1.01,87.52,36.76,22.67
"2024-04-05 06:00:00",1.45,87.54,37.24,23.33
"2024-04-05 07:00:00",1.78,87.32,35.21,22.67
"2024-04-05 08:00:00",2.87,85.76,34.36,21.4
"2024-04-05 09:00:00",2.6,84.77,34.99,21.89
"2024-04-05 10:00:00",2.2,84.71,34,22.21
"2024-04-05 11:00:00",2.21,84.07,38.1,23.19
"2024-04-05 12:00:00",2.19,84.01,38.87,23.78
"2024-04-05 13:00:00",2.3,83.56,37.53,23.07
"2024-04-05 14:00:00",2.45,83.66,38.87,23.5
"2024-04-05 15:00:00",2.22,83.18,36.99,22.77
"2024-04-05 16:00:00",2.3,82.88,36.9,23.19
"2024-04-05 17:00:00",2.2,82.22,40.91,24.95
"2024-04-05 18:00:00",2.92,80.84,36.66,24.05
"2024-04-05 19:00:00",2.83,83.93,22.89,16.35
"2024-04-05 20:00:00",2.78,86.97,23.11,14.49
"2024-04-05 21:00:00",3.18,87.56,11.88,9.11
"2024-04-05 22:00:00",3.3,82.06,7.15,5.1
"2024-04-05 23:00:00",3.24,76.22,16.75,11.7
"2024-04-06 00:00:00",2.54,79.03,24.31,15.78
"2024-04-06 01:00:00",2.08,87.06,29.18,17.22
"2024-04-06 02:00:00",1.99,88.98,29.79,16.86
"2024-04-06 03:00:00",2.03,87,31.91,17.26
"2024-04-06 04:00:00",1.82,86.15,37.67,19.14
"2024-04-06 05:00:00",2.34,88.43,38.84,19.6
"2024-04-06 06:00:00",2.31,90.7,35.47,19.24
"2024-04-06 07:00:00",2.11,104.18,33.29,19.58
"2024-04-06 08:00:00",2.02,108.47,35.04,20.76
"2024-04-06 09:00:00",1.83,105.68,36.08,21.6
"2024-04-06 10:00:00",1.88,98.86,30.99,20.07
"2024-04-06 11:00:00",1.88,88.95,31.36,19.21
"2024-04-06 12:00:00",2.04,86.2,34.73,21.75
"2024-04-06 13:00:00",1.64,84.43,36.45,22.45
"2024-04-06 14:00:00",1.72,83.88,39.31,23.81
"2024-04-06 15:00:00",1.71,83.94,38.01,22.91
"2024-04-06 16:00:00",1.7,84.48,37.87,22.85
"2024-04-06 17:00:00",1.78,84.57,38.17,22.64
"2024-04-06 18:00:00",1.63,83.94,36.53,22.14
"2024-04-06 19:00:00",1.68,84.79,27.11,15.94
"2024-04-06 20:00:00",1.8,85.3,23.76,13.76
"2024-04-06 21:00:00",1.42,87.24,15.09,8.54
"2024-04-06 22:00:00",1.08,91.97,17.66,9.14
"2024-04-06 23:00:00",0.98,95.1,20.81,10.63
"2024-04-07 00:00:00",0.76,96.71,21.35,11.86
"2024-04-07 01:00:00",0.71,95.45,23.46,12.96
"2024-04-07 02:00:00",0.42,93.54,15.29,8.16
"2024-04-07 03:00:00",0.36,92.59,15.59,7.84
"2024-04-07 04:00:00",0.43,94.1,15.74,8.4
"2024-04-07 05:00:00",0.14,95.39,13.08,6.37
"2024-04-07 06:00:00",0.17,93.92,17.87,8.75
"2024-04-07 07:00:00",0.46,93.06,19,9.32
"2024-04-07 08:00:00",0.49,94.53,20.27,9.99
"2024-04-07 09:00:00",0.81,96.21,18.69,9.93
"2024-04-07 10:00:00",0.91,94.7,19.66,10.82
"2024-04-07 11:00:00",1.42,93.92,16.95,8.66
"2024-04-07 12:00:00",1.7,92.95,20.07,10.82
"2024-04-07 13:00:00",1.71,94.67,17.45,9.04
"2024-04-07 14:00:00",1.49,94.39,13.02,6.91
"2024-04-07 15:00:00",1.48,94.42,16.72,8.8
"2024-04-07 16:00:00",1.66,95.05,16.78,8.77
"2024-04-07 17:00:00",1.68,96.22,17.36,9.44
"2024-04-07 18:00:00",1.88,95.57,20.16,10.25
"2024-04-07 19:00:00",2.21,93.48,19.3,9.69
"2024-04-07 20:00:00",2.65,89.76,19.42,9.9
"2024-04-07 21:00:00",3.04,88.04,20.91,10.15
"2024-04-07 22:00:00",2.19,85.95,20.81,9.52
"2024-04-07 23:00:00",4.02,74.25,20.42,9.57
"2024-04-08 00:00:00",4.58,68.79,21.5,10.29
"2024-04-08 01:00:00",1.98,76.29,22.59,9.96
"2024-04-08 02:00:00",1.56,80.2,12.93,6.34
"2024-04-08 03:00:00",3.58,71.01,9.77,5.27
"2024-04-08 04:00:00",4.99,71.62,8,5.07
"2024-04-08 05:00:00",4.66,79.3,6.34,4
"2024-04-08 06:00:00",7.85,68.55,4.4,2.87
"2024-04-08 07:00:00",11.46,69.14,3.85,2.18
"2024-04-08 08:00:00",19.78,58.68,4.59,2.2
"2024-04-08 09:00:00",23.43,57.48,6.16,2.54
"2024-04-08 10:00:00",17.58,60.63,4.2,2.52
"2024-04-08 11:00:00",26.03,47.03,4.46,2.96
"2024-04-08 12:00:00",19.63,61.46,5.89,4.35
"2024-04-08 13:00:00",11.59,77.09,7.21,5.05
"2024-04-08 14:00:00",10.84,70.09,4.66,3.13
"2024-04-08 15:00:00",8.57,68.91,1.51,0.84
"2024-04-08 16:00:00",7.86,72.47,1.12,0.77
"2024-04-08 17:00:00",6.99,76.72,1.62,0.81
"2024-04-08 18:00:00",5.32,78.8,1.99,1.24
"2024-04-08 19:00:00",4.32,77.87,2.1,1.21
"2024-04-08 20:00:00",4.23,80.25,3.05,2.76
"2024-04-08 21:00:00",3.66,81.99,4.15,3.14
"2024-04-08 22:00:00",2.61,81.06,4.46,3.14
"2024-04-08 23:00:00",2.29,87.39,4.24,2.9
"2024-04-09 00:00:00",1.4,81.06,3.86,2.78
"2024-04-09 01:00:00",1.42,82.89,4.43,2.91
"2024-04-09 02:00:00",0.69,86.12,5.07,2.86
"2024-04-09 03:00:00",0.7,84.01,6.17,3.03
"2024-04-09 04:00:00",1.29,81.55,7.39,3.57
"2024-04-09 05:00:00",1.64,81.61,8.55,3.99
"2024-04-09 06:00:00",3.3,81.28,8.23,4.12
"2024-04-09 07:00:00",5.43,78.54,8.82,4.32
"2024-04-09 08:00:00",8.77,74.88,9.36,4.4
"2024-04-09 09:00:00",6.19,77.41,8.82,4.09
"2024-04-09 10:00:00",4.72,78.07,8.78,4.21
"2024-04-09 11:00:00",6.27,79.36,7.74,3.86
"2024-04-09 12:00:00",5.78,78.66,6.67,3.38
"2024-04-09 13:00:00",6.57,79.39,7.24,3.25
"2024-04-09 14:00:00",7.1,82.04,7.35,3.2
"2024-04-09 15:00:00",9.1,81.42,7.59,3.37
"2024-04-09 16:00:00",6.68,82.54,6.57,2.82
"2024-04-09 17:00:00",10.91,80.8,5.73,2.65
"2024-04-09 18:00:00",10.22,80.36,5.01,2.53
"2024-04-09 19:00:00",8.67,79.49,6.8,2.88
"2024-04-09 20:00:00",14.66,64.73,8.19,3.53
"2024-04-09 21:00:00",32.07,34.78,22.18,16.32
"2024-04-09 22:00:00",24.38,36.87,21.94,16.59
"2024-04-09 23:00:00",9.99,53.52,14.35,8.97
"2024-04-10 00:00:00",5.17,60.96,12.3,5.91
"2024-04-10 01:00:00",3.19,69.24,13.08,6.14
"2024-04-10 02:00:00",2.28,82.11,13.49,6.58
"2024-04-10 03:00:00",1.08,83.87,15.16,7.99
"2024-04-10 04:00:00",0.91,85.76,12.83,7.51
"2024-04-10 05:00:00",0.99,88.36,7.35,4.94
"2024-04-10 06:00:00",1.52,85.96,4.92,3.3
"2024-04-10 07:00:00",2.45,87.13,4.87,3.07
"2024-04-10 08:00:00",3.2,85.32,3.66,2.27
"2024-04-10 09:00:00",3.57,75.38,3.02,2.18
"2024-04-10 10:00:00",2.74,64.21,3.25,2.67
"2024-04-10 11:00:00",4.84,57.2,4.19,3.4
"2024-04-10 12:00:00",2.43,58.55,4.88,4.02
"2024-04-10 13:00:00",3.37,55.14,7.78,5.53
"2024-04-10 14:00:00",3.21,56.77,14.73,9.89
"2024-04-10 15:00:00",3.15,57.19,14.49,9.82
"2024-04-10 16:00:00",3.04,58.5,10.03,6.86
"2024-04-10 17:00:00",4.41,56.98,9.19,6.45
"2024-04-10 18:00:00",4.58,59.12,8.74,5.89
"2024-04-10 19:00:00",3.15,62.38,7.14,5.67
"2024-04-10 20:00:00",3.65,61.93,8.73,6.71
"2024-04-10 21:00:00",3.19,58.48,10.14,7.2
"2024-04-10 22:00:00",3.5,57.62,11.05,7.46
"2024-04-10 23:00:00",2.39,60.19,12.1,7.48
"2024-04-11 00:00:00",1.21,63.94,8.08,5.58
"2024-04-11 01:00:00",1.25,63.06,5.82,4
"2024-04-11 02:00:00",0.78,60.34,5.85,3.83
"2024-04-11 03:00:00",1.54,59.52,7.65,5.44
"2024-04-11 04:00:00",1.28,61.02,8.54,6.23
"2024-04-11 05:00:00",1.22,59.47,11.06,7.02
"2024-04-11 06:00:00",1.6,60.5,10.22,7.01
"2024-04-11 07:00:00",4.22,59.71,22.7,15.8
"2024-04-11 08:00:00",5.62,60.35,26.31,18
"2024-04-11 09:00:00",3.82,64.38,17.27,13.31
"2024-04-11 10:00:00",3.07,65.34,7.25,5.88
"2024-04-11 11:00:00",3.28,66.32,4.71,3.28
"2024-04-11 12:00:00",2.95,69.23,3.76,2.9
"2024-04-11 13:00:00",4.01,68.37,2.67,2.13
"2024-04-11 14:00:00",3.28,71.77,1.94,1.45
"2024-04-11 15:00:00",3.13,73.68,1.22,0.78
"2024-04-11 16:00:00",2.82,72.19,2.02,1.47
"2024-04-11 17:00:00",4,68.8,5.52,4.66
"2024-04-11 18:00:00",2.74,69.82,9.3,7.46
"2024-04-11 19:00:00",2.97,71.08,5.22,4.06
"2024-04-11 20:00:00",3.72,68.68,4.56,3.27
"2024-04-11 21:00:00",2.96,71.47,9.32,5.76
"2024-04-11 22:00:00",1.61,74.48,7.52,4.93
"2024-04-11 23:00:00",1.11,77.39,13.56,7.68
"2024-04-12 00:00:00",0.59,78.16,13.45,8.02
"2024-04-12 01:00:00",0.53,77.65,11.16,6.84
"2024-04-12 02:00:00",0.3,76.57,7.93,4.99
"2024-04-12 03:00:00",0.61,78.37,11.21,7.03
"2024-04-12 04:00:00",0.74,81.63,12.38,8.09
"2024-04-12 05:00:00",0.56,82.95,15.05,9.87
"2024-04-12 06:00:00",1.43,80.92,13.73,9.24
"2024-04-12 07:00:00",2.35,80.27,14.85,9.66
"2024-04-12 08:00:00",3.62,77.89,14.75,9.34
"2024-04-12 09:00:00",3.75,76.68,15.09,9.26
"2024-04-12 10:00:00",2.34,77.5,16.26,9.79
"2024-04-12 11:00:00",3.64,75.54,18.64,10.48
"2024-04-12 12:00:00",2.71,75.4,18.11,9.82
"2024-04-12 13:00:00",2.7,75.41,16.25,9.81
"2024-04-12 14:00:00",2.97,74.85,14.32,8.91
"2024-04-12 15:00:00",2.89,74.66,17.43,10.35
"2024-04-12 16:00:00",3.29,74.41,16.99,10.84
"2024-04-12 17:00:00",2.49,76.57,12.78,9.21
"2024-04-12 18:00:00",3.06,74.6,10.64,7.91
"2024-04-12 19:00:00",2.54,75.3,14.09,10.87
"2024-04-12 20:00:00",2.73,75.02,16.15,11.14
"2024-04-12 21:00:00",2,74.75,12,8.79
"2024-04-12 22:00:00",2.29,73.43,7.48,5.81
"2024-04-12 23:00:00",0.89,74.44,5.92,4.75
"2024-04-13 00:00:00",1.08,74.02,4.37,3.44
"2024-04-13 01:00:00",1.21,73.18,4.05,2.71
"2024-04-13 02:00:00",1.04,76.02,2.5,1.82
"2024-04-13 03:00:00",0.46,77.18,1.96,1.42
"2024-04-13 04:00:00",0.51,76.89,2.24,1.49
"2024-04-13 05:00:00",0.82,76.69,1.83,1.26
"2024-04-13 06:00:00",1.06,76.97,2.27,1.51
"2024-04-13 07:00:00",0.9,75.99,2.07,1.23
"2024-04-13 08:00:00",1.21,75.71,1.73,1.21
"2024-04-13 09:00:00",1.79,74.72,2.15,1.35
"2024-04-13 10:00:00",2.18,72.63,4.61,2.74
"2024-04-13 11:00:00",1.9,75.1,7.2,4.05
"2024-04-13 12:00:00",2.09,75.36,9.66,5.37
"2024-04-13 13:00:00",2.83,74.4,7.45,4.13
"2024-04-13 14:00:00",3.12,72.69,5.73,2.55
"2024-04-13 15:00:00",3.3,78.6,9.74,4.49
"2024-04-13 16:00:00",4.21,84.58,10.29,5.03
"2024-04-13 17:00:00",3.36,81.93,8.24,3.97
"2024-04-13 18:00:00",4.23,79.9,8.05,3.92
"2024-04-13 19:00:00",11.02,80.6,6.03,2.92
"2024-04-13 20:00:00",14.91,73.77,6.66,3.37
"2024-04-13 21:00:00",12.96,75.71,6.63,3.46
"2024-04-13 22:00:00",15.69,76.77,8.1,3.88
"2024-04-13 23:00:00",6.03,75.18,11.69,6.16
"2024-04-14 00:00:00",4.48,68.35,11.58,5.48
"2024-04-14 01:00:00",4.29,65.09,9.25,4.72
"2024-04-14 02:00:00",4.75,60.87,10.95,5.06
"2024-04-14 03:00:00",6.16,62.4,9.4,4.36
"2024-04-14 04:00:00",2.44,65.11,9.01,4.21
"2024-04-14 05:00:00",3.52,55.36,8.51,4.25
"2024-04-14 06:00:00",5.62,47.67,8.72,4.07
"2024-04-14 07:00:00",8.63,47.12,9.87,4.51
"2024-04-14 08:00:00",1.89,66.54,10.42,4.82
"2024-04-14 09:00:00",1.31,73.5,8.91,4.06
"2024-04-14 10:00:00",1.54,79.83,8.58,3.72
"2024-04-14 11:00:00",2.25,81.47,8.01,3.7
"2024-04-14 12:00:00",1.74,86.98,8.56,4.34
"2024-04-14 13:00:00",2.27,87.77,8.97,4.51
"2024-04-14 14:00:00",2.18,85.61,10.26,5.49
"2024-04-14 15:00:00",2.22,83.61,11.95,6.24
"2024-04-14 16:00:00",2.07,82.45,9.32,4.62
"2024-04-14 17:00:00",1.97,85.79,11.47,5.92
"2024-04-14 18:00:00",2.23,82.16,10.84,5.81
"2024-04-14 19:00:00",2.95,79.47,10.86,5.96
"2024-04-14 20:00:00",2.98,81.72,14.18,8.25
"2024-04-14 21:00:00",2.38,81.53,14.77,8.31
"2024-04-14 22:00:00",1.46,78.23,7.34,4.2
"2024-04-14 23:00:00",1.31,74.71,4.3,2.75
"2024-04-15 00:00:00",0.96,78.84,8.27,4.39
"2024-04-15 01:00:00",0.89,76.66,9.55,5
"2024-04-15 02:00:00",0.42,81.87,12.07,6.61
"2024-04-15 03:00:00",0.31,80.52,8.27,5.15
"2024-04-15 04:00:00",3.2,82.31,4.66,2.74
"2024-04-15 05:00:00",1.43,90.08,6.26,3.33
"2024-04-15 06:00:00",3.86,90.65,9.81,5.55
"2024-04-15 07:00:00",5.5,87.31,7.59,4.78
"2024-04-15 08:00:00",9.6,80.03,11.2,5.9
"2024-04-15 09:00:00",5.09,82.41,14.96,7.76
"2024-04-15 10:00:00",3.29,84.58,11.98,6.32
"2024-04-15 11:00:00",4,85.26,8.09,4.09
"2024-04-15 12:00:00",4.15,84.27,8.35,4.45
"2024-04-15 13:00:00",5.34,83.84,9.69,4.63
"2024-04-15 14:00:00",5.6,82.83,6.11,3.38
"2024-04-15 15:00:00",8.47,79.63,7.08,3.59
"2024-04-15 16:00:00",5.46,83.33,10.98,5.53
"2024-04-15 17:00:00",6.26,80.71,12.45,6.16
"2024-04-15 18:00:00",3.56,84.11,9.9,5.26
"2024-04-15 19:00:00",3.39,84.56,11.08,6.37
"2024-04-15 20:00:00",4.1,82.94,14.14,7.86
"2024-04-15 21:00:00",8.98,81.22,14.73,8.6
"2024-04-15 22:00:00",5.69,80.78,16.64,9.77
"2024-04-15 23:00:00",7.74,80.8,17.06,9.68
"2024-04-16 00:00:00",12.23,78.26,14.94,8.09
"2024-04-16 01:00:00",12.03,77.21,15.12,8.12
"2024-04-16 02:00:00",3.2,79.3,13.15,7.45
"2024-04-16 03:00:00",8.16,77.72,12.67,6.93
"2024-04-16 04:00:00",7.87,77.66,10.66,5.99
"2024-04-16 05:00:00",1.91,77.88,11.38,6.01
"2024-04-16 06:00:00",2.62,77.85,12.39,6.5
"2024-04-16 07:00:00",5.38,77.25,12.43,6.41
"2024-04-16 08:00:00",7.9,75.23,15.11,7.43
"2024-04-16 09:00:00",6.46,87.15,11.66,5.84
"2024-04-16 10:00:00",6.78,95.78,12.4,5.05
"2024-04-16 11:00:00",6.37,97.37,11.33,4.7
"2024-04-16 12:00:00",9.77,90.52,11.03,3.93
"2024-04-16 13:00:00",9.1,86.67,10.02,3.86
"2024-04-16 14:00:00",7.85,84.72,9.03,3.09
"2024-04-16 15:00:00",4.63,86.03,4.64,2.19
"2024-04-16 16:00:00",5.87,84.19,6.98,2.75
"2024-04-16 17:00:00",7.94,83.69,7.37,3.33
"2024-04-16 18:00:00",8.83,76.26,6.46,4.14
"2024-04-16 19:00:00",8.91,77.3,6.56,4.28
"2024-04-16 20:00:00",7.97,74.4,5.23,2.78
"2024-04-16 21:00:00",5.49,73.69,4.62,2.45
"2024-04-16 22:00:00",4.54,69.29,4.88,2.42
"2024-04-16 23:00:00",4.41,65.64,5.31,2.76
"2024-04-17 00:00:00",3.58,68.23,5.42,2.89
"2024-04-17 01:00:00",3.38,66.56,5.17,3.18
"2024-04-17 02:00:00",3.69,65.67,7.58,4.33
"2024-04-17 03:00:00",2.65,68.05,12.15,6.01
"2024-04-17 04:00:00",1.7,70.94,12.52,6.17
"2024-04-17 05:00:00",3.49,66.94,12.31,5.93
"2024-04-17 06:00:00",6.65,62.36,12.6,6.17
"2024-04-17 07:00:00",11.27,57.71,11.74,5.77
"2024-04-17 08:00:00",11.53,61.62,14.13,5.86
"2024-04-17 09:00:00",7.25,68.37,12.87,6.16
"2024-04-17 10:00:00",5.58,72.63,12.72,6.52
"2024-04-17 11:00:00",7.25,71.86,13.92,7.35
"2024-04-17 12:00:00",8.3,71.82,11.27,6.01
"2024-04-17 13:00:00",14.02,73.14,10.3,4.84
"2024-04-17 14:00:00",14.05,71.84,9.52,4.29
"2024-04-17 15:00:00",6.6,74.96,4.38,1.87
"2024-04-17 16:00:00",5.66,73.43,3.71,1.43
"2024-04-17 17:00:00",7.04,71.98,4.51,2.11
"2024-04-17 18:00:00",5.63,69.05,4.51,2.28
"2024-04-17 19:00:00",5.82,70.85,4.75,3.44
"2024-04-17 20:00:00",6.48,66.23,4.5,3
"2024-04-17 21:00:00",5.58,64.73,5.27,4.14
"2024-04-17 22:00:00",7.34,55.04,5.44,3.54
"2024-04-17 23:00:00",8.38,56.18,5.74,4.79
"2024-04-18 00:00:00",9.28,66.46,3.55,3.06
"2024-04-18 01:00:00",10.78,55.22,4.52,4.04
"2024-04-18 02:00:00",8.02,58.13,4.69,3.88
"2024-04-18 03:00:00",3.66,56.3,4.31,4.04
"2024-04-18 04:00:00",4.73,45.61,5.45,4.98
"2024-04-18 05:00:00",3.83,48.01,6.16,5.8
"2024-04-18 06:00:00",8.9,36.31,6.32,6.04
"2024-04-18 07:00:00",17.02,30.91,7.57,7.01
"2024-04-18 08:00:00",16.86,37.17,9.06,6.79
"2024-04-18 09:00:00",11.28,44.23,8.49,5.68
"2024-04-18 10:00:00",7.56,57.66,4.48,2.52
"2024-04-18 11:00:00",7.62,63.08,6.16,3.2
"2024-04-18 12:00:00",5.26,57.85,6.49,4.36
"2024-04-18 13:00:00",4.57,62.95,4.81,2.66
"2024-04-18 14:00:00",5.12,63.9,6.97,3.42
"2024-04-18 15:00:00",11.74,61.87,9.26,4.02
"2024-04-18 16:00:00",13.31,60.77,8.2,3.83
"2024-04-18 17:00:00",9.29,60.15,7.29,3.66
"2024-04-18 18:00:00",6.35,68.44,5.86,2.71
"2024-04-18 19:00:00",4.77,72.41,8.34,4.16
"2024-04-18 20:00:00",7.21,71.19,8.52,4.44
"2024-04-18 21:00:00",7.74,71.42,9.73,4.88
"2024-04-18 22:00:00",5.19,72.14,10.09,5.59
"2024-04-18 23:00:00",2.06,73.9,8.95,4.96
"2024-04-19 00:00:00",1.76,73.82,7,4
"2024-04-19 01:00:00",1.71,72.55,7.14,3.57
"2024-04-19 02:00:00",3.77,69.99,5.2,2.89
"2024-04-19 03:00:00",5.4,67.39,3.5,2.1
"2024-04-19 04:00:00",4.03,67.93,3.08,1.55
"2024-04-19 05:00:00",7.47,64.04,1.99,1.16
"2024-04-19 06:00:00",15.92,56.42,2.75,1.46
"2024-04-19 07:00:00",9.41,55.33,2.8,1.5
"2024-04-19 08:00:00",11.2,55.48,3.04,1.43
"2024-04-19 09:00:00",8.37,59.48,2.87,1.06
"2024-04-19 10:00:00",6.72,64.3,3.64,1.17
"2024-04-19 11:00:00",6.8,65.59,4.42,1.53
"2024-04-19 12:00:00",6.06,65.62,4.55,1.51
"2024-04-19 13:00:00",7.52,64.02,4.89,1.58
"2024-04-19 14:00:00",8.45,65.35,6.55,1.93
"2024-04-19 15:00:00",9.06,66.48,6.91,1.92
"2024-04-19 16:00:00",6.51,69.73,5.58,1.87
"2024-04-19 17:00:00",6.58,72.82,4.63,1.84
"2024-04-19 18:00:00",7.52,66.7,3.5,1.96
"2024-04-19 19:00:00",6.7,69.2,4.18,2.88
"2024-04-19 20:00:00",14.13,55.78,6.76,2.37
"2024-04-19 21:00:00",14.47,60.13,6.52,4.4
"2024-04-19 22:00:00",15.15,54.8,7.94,6.12
"2024-04-19 23:00:00",17.18,44.82,9.07,7.47
"2024-04-20 00:00:00",14.81,46.22,6.44,4.38
"2024-04-20 01:00:00",20.68,29.88,14.29,12.12
"2024-04-20 02:00:00",21.39,39.96,9.6,7.81
"2024-04-20 03:00:00",11.64,52.76,9.08,5.72
"2024-04-20 04:00:00",8.16,43.17,6.73,4.7
"2024-04-20 05:00:00",7.26,35.89,6.86,4.29
"2024-04-20 06:00:00",8.81,30.68,7.31,4.77
"2024-04-20 07:00:00",14.72,31.74,8.45,5.37
"2024-04-20 08:00:00",8.1,47.84,9.54,5.69
"2024-04-20 09:00:00",9.99,60.97,8.59,4.95
"2024-04-20 10:00:00",6.01,72.28,6.56,3.67
"2024-04-20 11:00:00",5.87,73.54,7.65,4.04
"2024-04-20 12:00:00",3.99,75.87,8.41,4.77
"2024-04-20 13:00:00",3.15,78.29,9.36,5.67
"2024-04-20 14:00:00",2.61,82.2,9.02,5.29
"2024-04-20 15:00:00",2.11,84.07,8.24,4.88
"2024-04-20 16:00:00",2.66,84.33,7.87,4.76
"2024-04-20 17:00:00",2.56,85.17,7.73,4.55
"2024-04-20 18:00:00",2.66,83.6,8.41,5.3
"2024-04-20 19:00:00",2.69,81.31,8.58,5.38
"2024-04-20 20:00:00",5,72.4,12.52,8.98
"2024-04-20 21:00:00",9.2,63.73,19.32,15.5
"2024-04-20 22:00:00",13.45,54.7,29.2,25.29
"2024-04-20 23:00:00",17.89,39.29,15.1,11.73
"2024-04-21 00:00:00",23.04,25.02,23.44,19.07
"2024-04-21 01:00:00",19.92,21.59,23.84,18.61
"2024-04-21 02:00:00",20.39,17.21,22,15.5
"2024-04-21 03:00:00",18.69,14.87,18.57,14.7
"2024-04-21 04:00:00",9.58,23.03,15.62,13.49
"2024-04-21 05:00:00",8.31,27.85,12.8,11.68
"2024-04-21 06:00:00",5.61,36.6,9.58,8.12
"2024-04-21 07:00:00",7.33,37.53,8.83,7.18
"2024-04-21 08:00:00",3.98,45.81,9.9,7.07
"2024-04-21 09:00:00",7.95,56.88,11.05,8
"2024-04-21 10:00:00",8.78,67.58,11.16,8.28
"2024-04-21 11:00:00",7.86,75.8,8.66,5.96
"2024-04-21 12:00:00",5.85,80.41,7.01,4.61
"2024-04-21 13:00:00",3.99,80.55,7.55,4.46
"2024-04-21 14:00:00",3.75,83.97,6.45,3.54
"2024-04-21 15:00:00",3.08,85.98,5.93,3.54
"2024-04-21 16:00:00",2.72,86.66,5.76,3.73
"2024-04-21 17:00:00",2.27,85.26,5.37,3.15
"2024-04-21 18:00:00",2.61,83.26,4.81,3.24
"2024-04-21 19:00:00",3.6,80.36,8.13,6.19
"2024-04-21 20:00:00",6.95,76.05,7.16,4.6
"2024-04-21 21:00:00",10.16,67.38,15.4,10.33
"2024-04-21 22:00:00",14.12,53.09,11.22,7.21
"2024-04-21 23:00:00",15.53,47.59,10.2,7.42
"2024-04-22 00:00:00",16.55,35.87,14.18,11.75
"2024-04-22 01:00:00",12.52,29.01,10.34,8.16
"2024-04-22 02:00:00",11.08,31.17,7.7,6.09
"2024-04-22 03:00:00",11.36,24.77,9.96,7.52
"2024-04-22 04:00:00",8.71,27.11,8.64,6.39
"2024-04-22 05:00:00",11.18,27.54,8.81,6.21
"2024-04-22 06:00:00",14.07,31.49,10.16,6.29
"2024-04-22 07:00:00",13.78,36.57,11.48,7.39
"2024-04-22 08:00:00",12.88,37.33,11.31,6.34
"2024-04-22 09:00:00",10.38,41.99,11.76,6.97
"2024-04-22 10:00:00",6.32,45.23,12.68,7.08
"2024-04-22 11:00:00",6.32,48.24,11.52,7.07
"2024-04-22 12:00:00",6.01,63.97,13.34,6.36
"2024-04-22 13:00:00",5.81,71.39,11.74,5.95
"2024-04-22 14:00:00",6.85,76,10.5,4.24
"2024-04-22 15:00:00",5.49,77.26,10.69,4.54
"2024-04-22 16:00:00",5.61,73,8.92,4.71
"2024-04-22 17:00:00",5.49,73.65,9.36,4.55
"2024-04-22 18:00:00",5.8,71.1,10.41,5.14
"2024-04-22 19:00:00",7.01,67.48,12.25,6.81
"2024-04-22 20:00:00",9.72,64.65,13.02,7.6
"2024-04-22 21:00:00",8.49,64.56,14.08,7.9
"2024-04-22 22:00:00",5.88,68.6,9.35,5.93
"2024-04-22 23:00:00",4.96,66.08,6.87,3.84
"2024-04-23 00:00:00",3.59,64.07,5.31,2.56
"2024-04-23 01:00:00",4.47,60.41,5.45,2.94
"2024-04-23 02:00:00",2.52,70.55,4.23,2.16
"2024-04-23 03:00:00",2.47,68.84,4.95,2.14
"2024-04-23 04:00:00",3.22,65.45,3.17,1.77
"2024-04-23 05:00:00",4.18,60.45,3.7,2.16
"2024-04-23 06:00:00",9.04,51.18,4.91,2.55
"2024-04-23 07:00:00",9.32,51.09,6.7,2.8
"2024-04-23 08:00:00",11.36,53.01,7.11,3.13
"2024-04-23 09:00:00",8.45,59.72,5.9,3.11
"2024-04-23 10:00:00",8.12,66.57,6.04,2.57
"2024-04-23 11:00:00",7.69,73.17,7.79,2.65
"2024-04-23 12:00:00",6.24,76.45,8.92,3.4
"2024-04-23 13:00:00",5.78,78.15,5.87,2.49
"2024-04-23 14:00:00",5.04,78.85,6.73,2.32
"2024-04-23 15:00:00",5.1,79.99,8.29,2.48
"2024-04-23 16:00:00",7.15,82.31,8.31,3.01
"2024-04-23 17:00:00",7.13,86.71,10.02,4.52
"2024-04-23 18:00:00",4.61,89.54,14.63,7.82
"2024-04-23 19:00:00",4.12,87.79,13.43,7.35
"2024-04-23 20:00:00",4.98,84.64,14.38,8.51
"2024-04-23 21:00:00",9.35,75,18.91,12.33
"2024-04-23 22:00:00",16.07,59.08,13.63,9
"2024-04-23 23:00:00",12,61.25,13.13,7.2
"2024-04-24 00:00:00",10.17,58.49,12.62,7.69
"2024-04-24 01:00:00",4.14,64.52,10.27,5.89
"2024-04-24 02:00:00",3.28,65.35,10.17,5.9
"2024-04-24 03:00:00",4.21,60.85,10.26,5.89
"2024-04-24 04:00:00",5.1,59.7,9.68,6
"2024-04-24 05:00:00",10.93,58.19,9.68,6.04
"2024-04-24 06:00:00",12.65,50.62,12.96,6.36
"2024-04-24 07:00:00",11.23,55.95,11.69,5.89
"2024-04-24 08:00:00",15.46,55.12,19.42,7.26
"2024-04-24 09:00:00",8.61,70.6,13.5,6.67
"2024-04-24 10:00:00",5.5,79.86,15.02,7.48
"2024-04-24 11:00:00",7.75,78.17,14.01,7.33
"2024-04-24 12:00:00",8.44,77.24,13.94,7.44
"2024-04-24 13:00:00",5.9,78.57,13.23,7.23
"2024-04-24 14:00:00",6.32,78.85,14.1,7.35
"2024-04-24 15:00:00",7.14,80.07,14.3,7.22
"2024-04-24 16:00:00",7.43,79.81,12.63,6.73
"2024-04-24 17:00:00",9.14,79.1,14.65,7.2
"2024-04-24 18:00:00",3.43,82.76,15.83,8.88
"2024-04-24 19:00:00",4.83,82.57,16.33,9.35
"2024-04-24 20:00:00",6.4,79.58,15.07,7.98
"2024-04-24 21:00:00",10.5,76.63,14.96,8.23
"2024-04-24 22:00:00",8.92,68.24,14.97,9.12
"2024-04-24 23:00:00",5.95,61.37,19.18,13.98
"2024-04-25 00:00:00",8.07,54.78,11.94,6.96
"2024-04-25 01:00:00",5.55,56.64,9.77,6.13
"2024-04-25 02:00:00",4.98,62.37,7.31,4.47
"2024-04-25 03:00:00",3.45,62.85,6.81,4.17
"2024-04-25 04:00:00",3.82,60.58,7.01,4.36
"2024-04-25 05:00:00",5.32,58.35,8.73,5.46
"2024-04-25 06:00:00",6.66,57.76,10.8,6.09
"2024-04-25 07:00:00",9.42,59.43,12.83,6.67
"2024-04-25 08:00:00",14.7,56.72,13.62,7.01
"2024-04-25 09:00:00",10.53,61.97,10.62,5.2
"2024-04-25 10:00:00",8.96,69.75,8.2,3.59
"2024-04-25 11:00:00",8.21,70.53,5.88,2.45
"2024-04-25 12:00:00",8.45,68.8,6.16,2.26
"2024-04-25 13:00:00",11.44,66.88,5.37,2.16
"2024-04-25 14:00:00",8.85,67.18,5.39,2.66
"2024-04-25 15:00:00",12.05,66.28,7.23,2.94
"2024-04-25 16:00:00",9.41,67.15,10.55,5.4
"2024-04-25 17:00:00",8.77,64.76,8.49,4.27
"2024-04-25 18:00:00",8.61,65.42,5.82,2.89
"2024-04-25 19:00:00",5.47,68.16,5.6,3.83
"2024-04-25 20:00:00",5.51,69.22,5.55,4.15
"2024-04-25 21:00:00",9.69,66.06,6.36,4.17
"2024-04-25 22:00:00",12.26,59.95,7.06,5.27
"2024-04-25 23:00:00",8.38,66.83,8.26,6.71
"2024-04-26 00:00:00",6.15,70,6.64,5.56
"2024-04-26 01:00:00",5.29,73.81,6.61,5.62
"2024-04-26 02:00:00",5.33,75.53,6.02,4.79
"2024-04-26 03:00:00",5.5,74.54,5.63,4.58
"2024-04-26 04:00:00",7.07,72.27,5.86,4.65
"2024-04-26 05:00:00",4.75,70.54,6.22,4.62
"2024-04-26 06:00:00",6.48,68.88,6.16,4.54
"2024-04-26 07:00:00",12.04,57.83,6.39,4.31
"2024-04-26 08:00:00",13.88,59.36,5.75,3.04
"2024-04-26 09:00:00",13.02,61.3,6.91,4.59
"2024-04-26 10:00:00",9.29,68.82,7.04,3.82
"2024-04-26 11:00:00",11.2,76.95,6.25,4.26
"2024-04-26 12:00:00",9.65,79.21,7.5,4.47
"2024-04-26 13:00:00",9.04,82.32,7.06,3.88
"2024-04-26 14:00:00",9.98,84.02,8.36,5.39
"2024-04-26 15:00:00",11.12,83.98,8.61,5.6
"2024-04-26 16:00:00",11.29,87.46,6.19,4.27
"2024-04-26 17:00:00",10.69,87.61,5.8,3.45
"2024-04-26 18:00:00",11.52,85.93,8.31,6.13
"2024-04-26 19:00:00",12.22,84.74,7.98,5.99
"2024-04-26 20:00:00",20.41,73.68,16.3,13.75
"2024-04-26 21:00:00",15.58,73.6,15.04,11.48
"2024-04-26 22:00:00",11.06,75.74,9.37,6.71
"2024-04-26 23:00:00",7.71,76.39,8.96,6.3
"2024-04-27 00:00:00",8.15,66.23,6.95,5.56
"2024-04-27 01:00:00",5.88,66.96,5.39,3.91
"2024-04-27 02:00:00",6.61,62.58,7.22,5.81
"2024-04-27 03:00:00",6.08,60.97,6.53,5.17
"2024-04-27 04:00:00",6.12,60.27,6,4.86
"2024-04-27 05:00:00",5.65,61.05,6.31,5.09
"2024-04-27 06:00:00",5.71,60.63,6.98,4.9
"2024-04-27 07:00:00",6.53,60.49,7.1,4.92
"2024-04-27 08:00:00",7.82,58.58,7.98,5.29
"2024-04-27 09:00:00",11.77,54.04,8.1,5.84
"2024-04-27 10:00:00",10.32,64.08,8.85,7.29
"2024-04-27 11:00:00",10.76,65.34,10.4,8.98
"2024-04-27 12:00:00",12,58.41,11.52,10.25
"2024-04-27 13:00:00",11.99,61.88,13.43,12.06
"2024-04-27 14:00:00",8.46,68.25,14.23,12.83
"2024-04-27 15:00:00",7.6,71.66,12.38,11.46
"2024-04-27 16:00:00",12.07,60.19,15.62,14.15
"2024-04-27 17:00:00",11.25,64.11,13.2,11.2
"2024-04-27 18:00:00",12.1,69.42,16.6,14.8
"2024-04-27 19:00:00",14.64,65.11,21.9,19.41
"2024-04-27 20:00:00",15.73,50.47,26.29,22.96
"2024-04-27 21:00:00",18.8,42.36,19.82,16.68
"2024-04-27 22:00:00",22.76,36.66,19.85,17.27
"2024-04-27 23:00:00",21.86,31.95,23.41,20.87
"2024-04-28 00:00:00",20.73,33.89,22.56,20.34
"2024-04-28 01:00:00",7.39,41.52,14,12.02
"2024-04-28 02:00:00",6.73,47.43,17.81,15.82
"2024-04-28 03:00:00",6,45.29,10.72,8.93
"2024-04-28 04:00:00",4.17,49.21,10.39,8.7
"2024-04-28 05:00:00",4.44,50.57,11.17,9.51
"2024-04-28 06:00:00",8.1,43.74,14.17,12.65
"2024-04-28 07:00:00",8.61,47.34,13.46,11.85
"2024-04-28 08:00:00",9.74,49.24,11.16,9.72
"2024-04-28 09:00:00",4.95,63.8,8.87,7.12
"2024-04-28 10:00:00",5.25,72.45,8.37,6.59
"2024-04-28 11:00:00",4.84,77.08,5.38,4.1
"2024-04-28 12:00:00",4.06,79.81,3.74,2.25
"2024-04-28 13:00:00",3.7,79.79,4.34,2.66
"2024-04-28 14:00:00",2.31,82.99,4.39,2.49
"2024-04-28 15:00:00",2.34,84.4,4.7,2.49
"2024-04-28 16:00:00",2.01,83.83,5.76,2.67
"2024-04-28 17:00:00",2.14,83.61,6.76,3.37
"2024-04-28 18:00:00",3.41,78.34,7.16,4.2
"2024-04-28 19:00:00",4.44,75.04,5.38,3.14
"2024-04-28 20:00:00",3.73,73.12,7.48,3.79
"2024-04-28 21:00:00",4.84,65.02,5.02,2.67
"2024-04-28 22:00:00",5.73,62.95,4.96,3.01
"2024-04-28 23:00:00",7.13,57.56,5.58,3.59
"2024-04-29 00:00:00",2.89,65.62,6.88,3.26
"2024-04-29 01:00:00",1.27,73.88,9.26,3.82
"2024-04-29 02:00:00",1.55,82.53,9.43,4.44
"2024-04-29 03:00:00",2.02,85.81,11.01,5.09
"2024-04-29 04:00:00",1.2,85.51,9.58,4.86
"2024-04-29 05:00:00",1.38,84.98,10.26,5.4
"2024-04-29 06:00:00",1.58,84.53,10.76,5.84
"2024-04-29 07:00:00",1.93,83.73,8.47,4.37
"2024-04-29 08:00:00",2.89,86.29,9.36,5.05
"2024-04-29 09:00:00",2.7,88.64,8.67,4.65
"2024-04-29 10:00:00",1.94,88.63,7.65,3.81
"2024-04-29 11:00:00",2.28,89.61,8.66,4.53
"2024-04-29 12:00:00",2.4,91.31,11.15,5.43
"2024-04-29 13:00:00",2.21,90.58,8.8,4.03
"2024-04-29 14:00:00",2.56,89.01,6.95,2.98
"2024-04-29 15:00:00",2.31,92.35,8.78,3.88
"2024-04-29 16:00:00",2.92,93.39,10.63,4.76
"2024-04-29 17:00:00",2.93,92.86,11.48,5.64
"2024-04-29 18:00:00",2.84,88.51,11.42,5.73
"2024-04-29 19:00:00",2.67,85.62,13.72,7.15
"2024-04-29 20:00:00",4.23,84.97,15.67,8.62
"2024-04-29 21:00:00",2.78,89.69,17.31,8.83
"2024-04-29 22:00:00",3.68,89,16.13,7.72
"2024-04-29 23:00:00",5.05,87.37,17.93,9.89
"2024-04-30 00:00:00",3.27,85.4,7.9,3.92
"2024-04-30 01:00:00",6.14,77.45,4.71,3.07
"2024-04-30 02:00:00",6.22,83.54,3.8,2.53
"2024-04-30 03:00:00",3.37,82.7,2.7,1.7
"2024-04-30 04:00:00",5.26,69.91,2.61,1.36
"2024-04-30 05:00:00",4.39,75.55,1.71,0.94
"2024-04-30 06:00:00",7.5,78.61,1.33,0.86
"2024-04-30 07:00:00",13.04,65.97,3.04,1.72
"2024-04-30 08:00:00",14.61,73.49,3.08,1.26
"2024-04-30 09:00:00",13.09,78.6,1.32,0.59
"2024-04-30 10:00:00",12.13,79.77,1.5,0.71
"2024-04-30 11:00:00",5.79,86.98,2.9,1.17
"2024-04-30 12:00:00",2.72,91.38,2.99,1.49
"2024-04-30 13:00:00",2.99,90.72,5.41,2.6
"2024-04-30 14:00:00",2.95,92.17,5.9,2.37
"2024-04-30 15:00:00",3.86,88.49,7.51,3.09
"2024-04-30 16:00:00",2.89,87.21,6.75,2.88
"2024-04-30 17:00:00",3.17,85.44,6.79,3.42
"2024-04-30 18:00:00",2.89,85.4,6.75,3.26
"2024-04-30 19:00:00",3.33,82.6,8.27,4.17
"2024-04-30 20:00:00",3.7,81.46,11.16,5.81
"2024-04-30 21:00:00",4.6,80.58,14.84,7.79
"2024-04-30 22:00:00",4.15,78.58,11.5,6.23
"2024-04-30 23:00:00",2.79,78.14,11.91,5.95
"2024-05-01 00:00:00",1.9,80.41,10.84,5.43
"2024-05-01 01:00:00",3.13,75.26,10.85,4.78
"2024-05-01 02:00:00",1.4,82.86,8.84,3.41
"2024-05-01 03:00:00",2.03,81.76,8.3,3.32
"2024-05-01 04:00:00",1.5,82.58,7.61,3.04
"2024-05-01 05:00:00",3.46,79.9,8.94,3.86
"2024-05-01 06:00:00",5.72,74.27,8.25,3.41
"2024-05-01 07:00:00",7.29,74.21,8.37,3.86
"2024-05-01 08:00:00",10.21,76.04,6.68,3.04
"2024-05-01 09:00:00",4.78,90.8,5.39,2.03
"2024-05-01 10:00:00",4.61,89.29,6.23,2.53
"2024-05-01 11:00:00",4.79,89.67,5.62,2.81
"2024-05-01 12:00:00",3.72,90.54,5.54,2.66
"2024-05-01 13:00:00",4.59,90.87,6.83,3.6
"2024-05-01 14:00:00",3.95,88.96,6.62,3.23
"2024-05-01 15:00:00",3.07,89.08,5.72,2.89
"2024-05-01 16:00:00",3.03,88.95,6.1,3.18
"2024-05-01 17:00:00",3.34,88.89,5.38,2.65
"2024-05-01 18:00:00",4.18,91.92,4.25,2.54
"2024-05-01 19:00:00",4.1,88.84,4.34,2.49
"2024-05-01 20:00:00",5.68,89.24,7.2,3.54
"2024-05-01 21:00:00",9.99,83.11,12.08,7.21
"2024-05-01 22:00:00",11.12,74.69,12.6,7.8
"2024-05-01 23:00:00",14.2,66.31,15.05,9.72
"2024-05-02 00:00:00",13.23,61.01,11.3,7.63
"2024-05-02 01:00:00",8.66,52.07,10.6,7.56
"2024-05-02 02:00:00",6.29,54.32,8.61,6.38
"2024-05-02 03:00:00",5.27,54.91,8.59,6.05
"2024-05-02 04:00:00",4.51,50.93,7.97,5.64
"2024-05-02 05:00:00",5.83,47.66,7.79,5.32
"2024-05-02 06:00:00",8.29,46.47,8.5,5.54
"2024-05-02 07:00:00",14.27,52.95,7.53,4.86
"2024-05-02 08:00:00",13.54,46.58,6.75,5.51
"2024-05-02 09:00:00",17.03,50.13,5.42,4.36
"2024-05-02 10:00:00",8.91,69.49,3.81,2.72
"2024-05-02 11:00:00",8.29,69.77,3.45,1.88
"2024-05-02 12:00:00",8.38,61.88,3.1,2.05
"2024-05-02 13:00:00",12.04,52.48,3.32,1.99
"2024-05-02 14:00:00",24.07,44.16,4.6,3.02
"2024-05-02 15:00:00",10.9,55.35,8.62,2.48
"2024-05-02 16:00:00",9.46,58.13,2.79,1.45
"2024-05-02 17:00:00",9.82,62.74,2.76,1.31
"2024-05-02 18:00:00",9.22,66.99,2.84,1.45
"2024-05-02 19:00:00",8.93,70.88,3.32,1.26
"2024-05-02 20:00:00",6.81,69.95,2.56,1.4
"2024-05-02 21:00:00",10.29,67.16,3.75,2.06
"2024-05-02 22:00:00",8.08,70.53,2.46,1.15
"2024-05-02 23:00:00",5.43,66.98,2.38,1.08
"2024-05-03 00:00:00",6.21,54.06,2.96,1.58
"2024-05-03 01:00:00",6.62,60.02,3.35,1.55
"2024-05-03 02:00:00",3.99,61.02,3.44,1.56
"2024-05-03 03:00:00",8.2,71.73,2.76,1.47
"2024-05-03 04:00:00",2.57,75.44,3.64,1.54
"2024-05-03 05:00:00",8.29,72.21,2.72,1.24
"2024-05-03 06:00:00",5.83,72.47,3.59,1.46
"2024-05-03 07:00:00",7.4,71.58,3.27,1.65
"2024-05-03 08:00:00",12.06,73.06,2.43,1.52
"2024-05-03 09:00:00",15.27,72.39,3.01,1.37
"2024-05-03 10:00:00",15.18,72.16,3.33,1.75
"2024-05-03 11:00:00",8.39,73.09,2.64,1.65
"2024-05-03 12:00:00",9.63,71.6,3.4,1.93
"2024-05-03 13:00:00",19.03,64.47,4.65,1.88
"2024-05-03 14:00:00",9.81,66.03,5.73,2.58
"2024-05-03 15:00:00",11.2,62.39,5.66,2.21
"2024-05-03 16:00:00",10.89,66.25,4.87,2.06
"2024-05-03 17:00:00",12.53,64.41,5.56,2.38
"2024-05-03 18:00:00",11.46,63.72,6.54,3.35
"2024-05-03 19:00:00",13.76,51.06,8.94,5.77
"2024-05-03 20:00:00",18.83,40.16,8.48,4.36
"2024-05-03 21:00:00",16.25,41.22,9.32,5.47
"2024-05-03 22:00:00",10.69,50.04,8.27,5.33
"2024-05-03 23:00:00",9.13,46.33,8.85,5.67
"2024-05-04 00:00:00",8.49,40.06,8.36,5.86
"2024-05-04 01:00:00",6.94,38.54,7.87,5.49
"2024-05-04 02:00:00",6.48,32.75,7.76,5.41
"2024-05-04 03:00:00",7.65,28.24,7.64,5.31
"2024-05-04 04:00:00",8.95,26.95,7.74,5.1
"2024-05-04 05:00:00",6.68,30.88,7.89,5.52
"2024-05-04 06:00:00",7.78,31.66,7.02,4.58
"2024-05-04 07:00:00",11.73,27.94,7.85,5.03
"2024-05-04 08:00:00",13.64,34.8,7.25,4.53
"2024-05-04 09:00:00",11.02,34.77,7.77,5
"2024-05-04 10:00:00",10.33,54.57,6.79,4.08
"2024-05-04 11:00:00",11.8,54.78,7.98,4.87
"2024-05-04 12:00:00",5.87,59.46,6.71,3.66
"2024-05-04 13:00:00",5.34,65.72,6.27,3.18
"2024-05-04 14:00:00",3.36,74.9,4.4,2.98
"2024-05-04 15:00:00",2.3,79.45,4.02,2.58
"2024-05-04 16:00:00",2.14,83.64,4.1,2.55
"2024-05-04 17:00:00",2.04,83.87,3.39,2.33
"2024-05-04 18:00:00",1.87,84.13,3.74,2.71
"2024-05-04 19:00:00",1.85,82.12,4.73,3.61
"2024-05-04 20:00:00",5.69,71.47,6.09,4.34
"2024-05-04 21:00:00",27.89,39.13,11.49,8.59
"2024-05-04 22:00:00",21.32,33.13,13.79,10.95
"2024-05-04 23:00:00",20.04,30.63,11.6,8.86
"2024-05-05 00:00:00",21.74,18,12.57,9.33
"2024-05-05 01:00:00",17.2,18.41,13.46,10.29
"2024-05-05 02:00:00",8.87,27.92,8.14,5.63
"2024-05-05 03:00:00",4.39,36.37,4.44,3.21
"2024-05-05 04:00:00",4.45,32.52,4.84,3.51
"2024-05-05 05:00:00",4.13,35.2,5.03,3.37
"2024-05-05 06:00:00",4.17,35.97,4.81,3.3
"2024-05-05 07:00:00",5.63,43.12,4.57,3.45
"2024-05-05 08:00:00",4.51,53.82,4.99,3.44
"2024-05-05 09:00:00",4.41,72.65,3.56,2.23
"2024-05-05 10:00:00",5.85,79.31,3.27,2.1
"2024-05-05 11:00:00",7.45,84.16,4.55,2.78
"2024-05-05 12:00:00",7,92.1,6.08,4.2
"2024-05-05 13:00:00",7.52,93.3,6.2,4.08
"2024-05-05 14:00:00",6.3,89.88,4.5,2.94
"2024-05-05 15:00:00",7.55,87.63,5.26,3.12
"2024-05-05 16:00:00",8.29,83.64,5.27,3.75
"2024-05-05 17:00:00",8.47,76.03,6.05,4.18
"2024-05-05 18:00:00",8.85,82.24,6.17,4.34
"2024-05-05 19:00:00",10.58,80.09,6.79,5.14
"2024-05-05 20:00:00",16.99,75.37,6.64,5.23
"2024-05-05 21:00:00",19.86,60.17,17.74,15.31
"2024-05-05 22:00:00",25.76,33.38,16.2,13.87
"2024-05-05 23:00:00",25.81,30.51,16.02,13.28
"2024-05-06 00:00:00",15.77,32.99,12.98,10.88
"2024-05-06 01:00:00",10.49,28.86,9.79,7.67
"2024-05-06 02:00:00",9.89,27.28,9.76,7.64
"2024-05-06 03:00:00",10.57,22.87,8.3,6.5
"2024-05-06 04:00:00",7.47,23.31,8.21,6.5
"2024-05-06 05:00:00",10.39,26.14,8.06,6.26
"2024-05-06 06:00:00",10.78,21.96,8.57,6.88
"2024-05-06 07:00:00",7.03,41.63,8.43,6.61
"2024-05-06 08:00:00",5.33,39.23,8.2,6.53
"2024-05-06 09:00:00",5.77,34.84,7.34,6.16
"2024-05-06 10:00:00",4.75,38.08,7.56,5.77
"2024-05-06 11:00:00",3.58,47.37,6.75,5.32
"2024-05-06 12:00:00",3.21,59.37,7.64,5.34
"2024-05-06 13:00:00",4.17,63.38,6.25,4.52
"2024-05-06 14:00:00",3.33,68.73,4.69,3.44
"2024-05-06 15:00:00",4.06,64.49,5.52,4.22
"2024-05-06 16:00:00",5.24,56.88,6.19,4.81
"2024-05-06 17:00:00",6.53,54.13,5.59,4.45
"2024-05-06 18:00:00",6.47,69.9,11.32,7.23
"2024-05-06 19:00:00",8.94,65.37,10.98,7.83
"2024-05-06 20:00:00",9.55,61.52,10.02,7.18
"2024-05-06 21:00:00",8.82,60.35,9.25,6.63
"2024-05-06 22:00:00",8.35,59.05,9.04,6.6
"2024-05-06 23:00:00",7.26,56.69,7.88,6.1
"2024-05-07 00:00:00",6.03,60.09,9.03,6.43
"2024-05-07 01:00:00",5.28,64.09,7.75,6.11
"2024-05-07 02:00:00",5.03,67.36,7.91,6.21
"2024-05-07 03:00:00",4.42,65.58,7.94,6.03
"2024-05-07 04:00:00",2.86,71.87,8.19,5.78
"2024-05-07 05:00:00",4.82,69.04,10.37,6.71
"2024-05-07 06:00:00",6.54,67.35,13.53,7.62
"2024-05-07 07:00:00",12.87,59.05,18.25,8.58
"2024-05-07 08:00:00",15.47,61.6,15.83,7.61
"2024-05-07 09:00:00",12.46,63.4,12.93,7.24
"2024-05-07 10:00:00",10.21,64.34,11.39,7.08
"2024-05-07 11:00:00",11.6,65.15,14.5,7.29
"2024-05-07 12:00:00",9.58,67.26,12.33,7.18
"2024-05-07 13:00:00",6.52,72.66,11.72,7.45
"2024-05-07 14:00:00",7.3,71.46,11.72,7.64
"2024-05-07 15:00:00",4.32,79.26,9.43,6.46
"2024-05-07 16:00:00",3.7,83.51,7.84,5.55
"2024-05-07 17:00:00",2.91,85.92,8.14,5.92
"2024-05-07 18:00:00",3.41,80.07,8.86,6.26
"2024-05-07 19:00:00",4.8,74.53,9.36,6.51
"2024-05-07 20:00:00",4.63,70.93,11.48,7.69
"2024-05-07 21:00:00",8.56,58.89,14.24,9.51
"2024-05-07 22:00:00",14.83,43.5,14.82,11.27
"2024-05-07 23:00:00",17.52,38.1,12.62,9.3
"2024-05-08 00:00:00",14.03,37.21,13.1,9.6
"2024-05-08 01:00:00",8.23,49.96,10.65,8.34
"2024-05-08 02:00:00",4.91,54.58,10.83,8.41
"2024-05-08 03:00:00",6.04,47.01,11.4,9.02
"2024-05-08 04:00:00",5.86,43.23,11.23,9.33
"2024-05-08 05:00:00",6.12,35.94,11.28,9.37
"2024-05-08 06:00:00",10.2,44.9,11.9,9.76
"2024-05-08 07:00:00",11.86,56.17,12.51,9.94
"2024-05-08 08:00:00",14.48,52.83,12.86,9.97
"2024-05-08 09:00:00",5.26,66.69,12.91,10.17
"2024-05-08 10:00:00",3.72,69.57,13.84,10.49
"2024-05-08 11:00:00",3.9,74.43,13.69,9.99
"2024-05-08 12:00:00",4.24,77.89,13.46,10.24
"2024-05-08 13:00:00",3.71,81.41,14.05,10.61
"2024-05-08 14:00:00",4.14,82.45,12.32,8.77
"2024-05-08 15:00:00",3.05,81.26,10.7,7.51
"2024-05-08 16:00:00",3.58,80.37,10.17,7.54
"2024-05-08 17:00:00",3.09,81.39,8.72,7
"2024-05-08 18:00:00",2.92,78.62,10.28,7.79
"2024-05-08 19:00:00",3.4,80.24,12.94,10.21
"2024-05-08 20:00:00",3.71,78.96,12.92,9.97
"2024-05-08 21:00:00",4.15,77.72,13.66,11.05
"2024-05-08 22:00:00",5.2,75.19,13.58,11.12
"2024-05-08 23:00:00",4.37,73.75,12.5,10.59
"2024-05-09 00:00:00",2.85,74.36,11.61,9.64
"2024-05-09 01:00:00",2.42,65.56,10.84,8.99
"2024-05-09 02:00:00",4.93,59.42,10.23,8.59
"2024-05-09 03:00:00",3.45,72.3,9.87,8.32
"2024-05-09 04:00:00",3.26,66.74,9.82,8.41
"2024-05-09 05:00:00",6.29,56,10.43,8.78
"2024-05-09 06:00:00",15.25,39.84,12.98,9.17
"2024-05-09 07:00:00",14.26,52.51,12.57,9.44
"2024-05-09 08:00:00",13.59,59.98,13.51,9.7
"2024-05-09 09:00:00",7.04,76.44,13.47,10.13
"2024-05-09 10:00:00",4.24,81.23,12.45,9.64
"2024-05-09 11:00:00",3.23,82.12,10.94,8.86
"2024-05-09 12:00:00",2.93,85.82,10.64,8.67
"2024-05-09 13:00:00",3.36,92.21,12.61,10.98
"2024-05-09 14:00:00",2.97,97.03,12.7,11.05
"2024-05-09 15:00:00",3.45,97.18,14.53,12.1
"2024-05-09 16:00:00",4.06,98.14,15.61,12.2
"2024-05-09 17:00:00",4.42,98.91,16.88,13.58
"2024-05-09 18:00:00",4.59,94,16.08,12.52
"2024-05-09 19:00:00",5.42,91.71,16.15,12.58
"2024-05-09 20:00:00",8.24,74.49,17.46,13.79
"2024-05-09 21:00:00",12.29,71.03,20.38,16.83
"2024-05-09 22:00:00",15.68,62.48,26.09,21.39
"2024-05-09 23:00:00",15.04,54.87,22.5,19.27
"2024-05-10 00:00:00",14.74,51,22.67,19.14
"2024-05-10 01:00:00",15.31,45.55,21.8,19.03
"2024-05-10 02:00:00",10.95,41.91,20.07,17.87
"2024-05-10 03:00:00",11.5,46.31,23.19,18.79
"2024-05-10 04:00:00",11.57,47.15,24.89,19.91
"2024-05-10 05:00:00",13.41,39.32,23.57,18.47
"2024-05-10 06:00:00",17.73,34.98,23.61,18.69
"2024-05-10 07:00:00",27.94,39.05,26.59,19.27
"2024-05-10 08:00:00",25.3,45.17,27.75,18.8
"2024-05-10 09:00:00",15.02,63,28.68,16.85
"2024-05-10 10:00:00",8.56,78.55,18.13,14.01
"2024-05-10 11:00:00",5.27,98.45,16.63,11.97
"2024-05-10 12:00:00",3.95,104.9,15.55,11.84
"2024-05-10 13:00:00",3.87,105.51,12.93,9.82
"2024-05-10 14:00:00",5.73,104.79,14.58,11.13
"2024-05-10 15:00:00",5.67,106.4,14.29,10.4
"2024-05-10 16:00:00",4.16,105.67,14.91,10.56
"2024-05-10 17:00:00",4.41,102.52,13.37,9.9
"2024-05-10 18:00:00",4.71,107.31,17.6,13.98
"2024-05-10 19:00:00",4.63,104.4,19.77,15.61
"2024-05-10 20:00:00",6.75,99.72,22.48,16.61
"2024-05-10 21:00:00",9.86,91.15,23.3,16.34
"2024-05-10 22:00:00",14.51,79.89,22.55,17.17
"2024-05-10 23:00:00",15.79,62.83,28.45,22.53
"2024-05-11 00:00:00",16.56,51.11,26.15,22.25
"2024-05-11 01:00:00",16.02,38.78,24.51,21.11
"2024-05-11 02:00:00",17.58,27.14,25.16,22.19
"2024-05-11 03:00:00",16.01,28.03,26.93,21.87
"2024-05-11 04:00:00",12.65,34.09,25.87,21.72
"2024-05-11 05:00:00",13.03,30.64,23.57,20.66
"2024-05-11 06:00:00",17.81,21.89,22.01,19.32
"2024-05-11 07:00:00",17.73,24.81,23,19.06
"2024-05-11 08:00:00",21.38,52.84,29.73,22.44
"2024-05-11 09:00:00",17.42,72.31,23.98,19.96
"2024-05-11 10:00:00",7.33,92.42,17.99,14.69
"2024-05-11 11:00:00",7.15,99.05,18.24,14.31
"2024-05-11 12:00:00",6.96,98.14,20.27,15.71
"2024-05-11 13:00:00",6.83,100.41,24.8,18.92
"2024-05-11 14:00:00",6.22,105.02,29.7,23.72
"2024-05-11 15:00:00",4.99,111,30.74,23.9
"2024-05-11 16:00:00",5.36,111.32,30.41,23.78
"2024-05-11 17:00:00",5.23,110.95,29.67,22.79
"2024-05-11 18:00:00",6.01,110.98,27.93,21.14
"2024-05-11 19:00:00",7.02,106.78,27.79,21.85
"2024-05-11 20:00:00",8.2,97.01,27.51,21.11
"2024-05-11 21:00:00",10.11,96.08,29.07,22.96
"2024-05-11 22:00:00",11.61,91.3,30.76,24.8
"2024-05-11 23:00:00",12.82,85.91,32.66,27.61
"2024-05-12 00:00:00",11.58,81.07,34.53,29.74
"2024-05-12 01:00:00",10.74,76.38,35.2,30.06
"2024-05-12 02:00:00",12.28,65.69,33.56,29.44
"2024-05-12 03:00:00",12.7,55.46,35.13,30.53
"2024-05-12 04:00:00",10.96,53.85,34.66,30.19
"2024-05-12 05:00:00",10.04,39,33.67,28.9
"2024-05-12 06:00:00",8.66,41.44,35.45,27.87
"2024-05-12 07:00:00",17.98,52.87,34.84,29.68
"2024-05-12 08:00:00",22.14,65.63,36.02,31.45
"2024-05-12 09:00:00",8.48,78.02,38.46,33.13
"2024-05-12 10:00:00",6.69,96.94,37.73,32.52
"2024-05-12 11:00:00",6.14,109.26,39.44,32.14
"2024-05-12 12:00:00",4.71,107.07,37.09,30.94
"2024-05-12 13:00:00",4.69,102.34,36.67,30.12
"2024-05-12 14:00:00",5.33,95.35,34.62,28.37
"2024-05-12 15:00:00",3.86,100.47,31.9,25.8
"2024-05-12 16:00:00",3.16,99.22,26.56,21.86
"2024-05-12 17:00:00",3.37,98.61,27.14,22.05
"2024-05-12 18:00:00",3.66,92.94,24.75,20.4
"2024-05-12 19:00:00",3.29,87.22,19.3,15.91
"2024-05-12 20:00:00",4.46,82.51,11.53,8.74
"2024-05-12 21:00:00",4.99,73.18,9.78,6.59
"2024-05-12 22:00:00",2.98,67.31,10.96,6.12
"2024-05-12 23:00:00",2.46,61.82,11.67,6.26
"2024-05-13 00:00:00",1.87,61.83,11.19,5.66
"2024-05-13 01:00:00",2.11,64.5,9.3,4.93
"2024-05-13 02:00:00",2.71,67.66,8.43,4.25
"2024-05-13 03:00:00",2.65,69.67,7.3,3.43
"2024-05-13 04:00:00",3.32,70.81,4.94,2.81
"2024-05-13 05:00:00",6.14,68.57,5.49,2.97
"2024-05-13 06:00:00",5.64,73.38,5.4,2.97
"2024-05-13 07:00:00",8.61,78.39,6.89,3.85
"2024-05-13 08:00:00",10.73,73.03,9.24,5.58
"2024-05-13 09:00:00",9.84,72.02,7.57,5.31
"2024-05-13 10:00:00",8.63,73.06,5.22,3.49
"2024-05-13 11:00:00",7.87,64.51,4.83,3.05
"2024-05-13 12:00:00",6.13,53.89,3.78,2.1
"2024-05-13 13:00:00",4.47,51.74,2.17,1.44
"2024-05-13 14:00:00",4.14,50.52,3.22,2
"2024-05-13 15:00:00",3.71,69.28,4.72,2.8
"2024-05-13 16:00:00",3.06,79.5,8.28,3.99
"2024-05-13 17:00:00",2.84,82.6,10,4.59
"2024-05-13 18:00:00",3.17,83.86,12.49,6.16
"2024-05-13 19:00:00",3.27,85.92,15.64,7.43
"2024-05-13 20:00:00",4.48,77.84,17.2,8.14
"2024-05-13 21:00:00",7.81,71.91,16.8,8.38
"2024-05-13 22:00:00",10.32,66.64,17.07,8.55
"2024-05-13 23:00:00",9.73,65.3,17.19,8.31
"2024-05-14 00:00:00",9.37,68.88,16.37,8.07
"2024-05-14 01:00:00",8.8,72.26,14.69,7.72
"2024-05-14 02:00:00",8.47,70.52,14.95,7.42
"2024-05-14 03:00:00",9.04,66.92,14.7,7.3
"2024-05-14 04:00:00",11.01,61.53,11.67,6.56
"2024-05-14 05:00:00",13.38,58.92,11.14,6.18
"2024-05-14 06:00:00",13.14,58.45,10.07,5.74
"2024-05-14 07:00:00",12.34,58.05,9.61,5.44
"2024-05-14 08:00:00",14.44,57.32,9.35,4.95
"2024-05-14 09:00:00",13.13,59.76,5.47,3.57
"2024-05-14 10:00:00",14.85,56,6.24,4.22
"2024-05-14 11:00:00",12.52,58.09,8.15,5.28
"2024-05-14 12:00:00",11.3,62.91,8.76,5.65
"2024-05-14 13:00:00",11.78,66.43,8.74,5.32
"2024-05-14 14:00:00",11.06,67.85,9.16,5.63
"2024-05-14 15:00:00",9.96,73.35,8.24,4.32
"2024-05-14 16:00:00",9.05,75.59,8.12,4.47
"2024-05-14 17:00:00",10.75,73.81,7.3,4.3
"2024-05-14 18:00:00",10.51,73.01,8.72,4.96
"2024-05-14 19:00:00",11.43,71.04,8.66,5.35
"2024-05-14 20:00:00",10.65,71.23,9.28,5.68
"2024-05-14 21:00:00",9.58,72.27,9.99,6.26
"2024-05-14 22:00:00",8.96,70.79,11.72,6.63
"2024-05-14 23:00:00",9.62,70.44,13.15,7.26
"2024-05-15 00:00:00",8.97,70.02,13.12,6.91
"2024-05-15 01:00:00",8.49,68.66,12.45,6.79
"2024-05-15 02:00:00",8.15,67.45,11.74,6.51
"2024-05-15 03:00:00",9,64.72,11.23,6.21
"2024-05-15 04:00:00",7.62,63.02,9.82,5.54
"2024-05-15 05:00:00",8.51,60,9.57,5.18
"2024-05-15 06:00:00",9.3,59.25,8.34,4.83
"2024-05-15 07:00:00",11.9,52.71,8.63,5.23
"2024-05-15 08:00:00",17.89,48.83,9.2,5.59
"2024-05-15 09:00:00",11.75,58.37,9.02,5.87
"2024-05-15 10:00:00",10.32,61.65,9.71,5.6
"2024-05-15 11:00:00",10.01,64.56,9.63,5.58
"2024-05-15 12:00:00",8.86,67.7,9.19,5.18
"2024-05-15 13:00:00",7.83,71.01,8.35,5.06
"2024-05-15 14:00:00",8.24,71.36,7.48,4.57
"2024-05-15 15:00:00",8.57,73.66,7.54,4.08
"2024-05-15 16:00:00",8.78,74.61,7.95,4.23
"2024-05-15 17:00:00",8.08,76.17,7.63,4.48
"2024-05-15 18:00:00",8.34,74.45,8.04,4.21
"2024-05-15 19:00:00",6.78,75.99,7.41,4.17
"2024-05-15 20:00:00",8.3,74.16,7.39,4.11
"2024-05-15 21:00:00",13.91,62.87,9.07,4.89
"2024-05-15 22:00:00",15.64,57,8.61,5.69
"2024-05-15 23:00:00",17.72,53.73,9.3,6.09
"2024-05-16 00:00:00",17.5,53.64,8.26,5.87
"2024-05-16 01:00:00",15.85,52.64,10.79,7.96
"2024-05-16 02:00:00",8.88,47.82,9.81,7.34
"2024-05-16 03:00:00",7.35,42.89,10.5,7.6
"2024-05-16 04:00:00",5.83,41.57,10.64,8.03
"2024-05-16 05:00:00",8.01,39.27,10.06,7.64
"2024-05-16 06:00:00",14.23,39.27,10.7,7.6
"2024-05-16 07:00:00",12.57,46.82,10.71,7.77
"2024-05-16 08:00:00",16.42,51.23,13.05,8.81
"2024-05-16 09:00:00",10.93,63.11,10.76,7.38
"2024-05-16 10:00:00",8.63,67.57,10.72,7.05
"2024-05-16 11:00:00",7.96,74.33,8.98,5.44
"2024-05-16 12:00:00",7.83,74.02,9.18,4.88
"2024-05-16 13:00:00",8.88,74.51,7.1,4.68
"2024-05-16 14:00:00",5.85,78.81,7.95,4.89
"2024-05-16 15:00:00",4.74,81.55,11.91,6.33
"2024-05-16 16:00:00",18.13,60.01,6.79,3.7
"2024-05-16 17:00:00",16.86,55.78,5.87,3.5
"2024-05-16 18:00:00",13.29,52.39,6.42,4.41
"2024-05-16 19:00:00",16.87,45.26,6.17,4.13
"2024-05-16 20:00:00",10.68,57.71,7.55,5.35
"2024-05-16 21:00:00",9.62,54.63,11.63,7.26
"2024-05-16 22:00:00",7.11,61.77,16.26,4.99
"2024-05-16 23:00:00",6.42,60.66,9.59,4.38
"2024-05-17 00:00:00",5.02,57.32,8.46,4.55
"2024-05-17 01:00:00",4.28,52.84,8.62,4.88
"2024-05-17 02:00:00",5.46,48.41,10.52,6.41
"2024-05-17 03:00:00",3.95,55.68,10.76,7.84
"2024-05-17 04:00:00",4.76,54.81,11.86,8.06
"2024-05-17 05:00:00",4.95,54.46,15.29,10.05
"2024-05-17 06:00:00",5.56,54.77,17.38,12.28
"2024-05-17 07:00:00",8.2,55.56,20.63,14.26
"2024-05-17 08:00:00",12.92,50.92,21.83,15.6
"2024-05-17 09:00:00",13.19,51.05,22.96,15.82
"2024-05-17 10:00:00",13.36,57.66,10.91,8.01
"2024-05-17 11:00:00",12.57,61.46,9.06,6.29
"2024-05-17 12:00:00",12.71,59.77,9.09,6.26
"2024-05-17 13:00:00",13.79,61.62,7.26,5.49
"2024-05-17 14:00:00",8.7,74.94,4.79,3.11
"2024-05-17 15:00:00",7.25,77.3,3.55,2.16
"2024-05-17 16:00:00",9.05,75.77,3.49,2.3
"2024-05-17 17:00:00",13.11,73.43,6.01,3.53
"2024-05-17 18:00:00",11.72,65.83,5.76,3.75
"2024-05-17 19:00:00",8.49,62.88,5.87,3.46
"2024-05-17 20:00:00",9.36,57.64,6.18,3.44
"2024-05-17 21:00:00",9.85,44.18,9.43,5.77
"2024-05-17 22:00:00",11.99,37.78,15.24,10.45
"2024-05-17 23:00:00",10.74,37.75,24.79,18.19
"2024-05-18 00:00:00",8.38,40.74,31.71,23.3
"2024-05-18 01:00:00",7.05,41.68,32.94,24.7
"2024-05-18 02:00:00",6.89,36,30.6,22.85
"2024-05-18 03:00:00",5.92,40.52,22.13,15.76
"2024-05-18 04:00:00",3.86,49.13,20.08,13.02
"2024-05-18 05:00:00",4.34,49.29,21.46,14.24
"2024-05-18 06:00:00",5.45,50.79,22.77,14.81
"2024-05-18 07:00:00",5.26,51.66,19.18,13.39
"2024-05-18 08:00:00",5.58,53.36,20.19,13.74
"2024-05-18 09:00:00",4.99,54.1,17.26,11.83
"2024-05-18 10:00:00",6.54,48.84,19.88,13.31
"2024-05-18 11:00:00",6.32,52.9,16.62,11.82
"2024-05-18 12:00:00",5.98,55.97,17.76,12.03
"2024-05-18 13:00:00",5.72,58.4,16.56,12.21
"2024-05-18 14:00:00",4.24,61.92,14.89,11.7
"2024-05-18 15:00:00",4.5,61.47,15.03,12.03
"2024-05-18 16:00:00",5.14,61.25,15.54,12.37
"2024-05-18 17:00:00",6.3,58.74,15.84,12.3
"2024-05-18 18:00:00",5.47,60.44,17.12,13.18
"2024-05-18 19:00:00",5.19,60.35,15.46,12.11
"2024-05-18 20:00:00",6.52,59.94,14.18,11.59
"2024-05-18 21:00:00",7.16,58.19,15.11,12.01
"2024-05-18 22:00:00",6.75,56.37,14.86,12.21
"2024-05-18 23:00:00",5.72,53.8,16.49,12.28
"2024-05-19 00:00:00",5.36,49.62,16.43,12.59
"2024-05-19 01:00:00",5.42,53.44,16.97,12.94
"2024-05-19 02:00:00",4.86,50.39,17.13,12.94
"2024-05-19 03:00:00",3.75,48.04,15.92,12.62
"2024-05-19 04:00:00",4.68,43.05,14.26,11.17
"2024-05-19 05:00:00",4.04,39.54,12.96,9.27
"2024-05-19 06:00:00",4.24,37.43,11.38,8.57
"2024-05-19 07:00:00",6.41,36.8,10.71,7.77
"2024-05-19 08:00:00",4.37,42.27,11.34,8.38
"2024-05-19 09:00:00",3.72,44.63,12.53,9.05
"2024-05-19 10:00:00",3.4,52.12,13.68,9.38
"2024-05-19 11:00:00",3.1,60.3,14.23,9.7
"2024-05-19 12:00:00",2.94,60.67,14.91,9.78
"2024-05-19 13:00:00",3.07,70.14,16.36,10.17
"2024-05-19 14:00:00",3.66,70.16,16.41,11.21
"2024-05-19 15:00:00",3.23,72.79,14.91,9.3
"2024-05-19 16:00:00",2.34,73.21,15.42,9.62
"2024-05-19 17:00:00",4.53,78.5,12.85,8.05
"2024-05-19 18:00:00",3.22,71.46,14.19,9.3
"2024-05-19 19:00:00",7.32,59.26,15.36,9.22
"2024-05-19 20:00:00",9.62,52.81,13.8,8.95
"2024-05-19 21:00:00",11.44,46.29,14.8,9.11
"2024-05-19 22:00:00",11.37,37.38,13.46,8.95
"2024-05-19 23:00:00",12.53,30.44,14.61,9.5
"2024-05-20 00:00:00",11.54,23.17,14.62,9.57
"2024-05-20 01:00:00",9.65,19.1,9.41,6.99
"2024-05-20 02:00:00",8.18,20.68,8.74,6.98
"2024-05-20 03:00:00",5.7,23.78,9.29,6.92
"2024-05-20 04:00:00",5.6,21.25,8.44,5.89
"2024-05-20 05:00:00",6.08,21,9.94,6.5
"2024-05-20 06:00:00",7.87,25.2,10.39,6.76
"2024-05-20 07:00:00",10.17,32.46,17.93,13.19
"2024-05-20 08:00:00",14.93,44.57,18.47,12.02
"2024-05-20 09:00:00",20.31,60.05,19.34,11.45
"2024-05-20 10:00:00",9.48,72.96,18.56,10.17
"2024-05-20 11:00:00",6.34,87.67,23.07,12.43
"2024-05-20 12:00:00",4.58,101.92,27.55,13.31
"2024-05-20 13:00:00",4.15,105.8,25.27,12.53
"2024-05-20 14:00:00",4.47,107.93,26.61,12.66
"2024-05-20 15:00:00",4.47,109.95,26.44,13.16
"2024-05-20 16:00:00",5.16,107.79,26.93,13.22
"2024-05-20 17:00:00",4,109.51,27.66,12.82
"2024-05-20 18:00:00",4.2,109.14,23.54,12.18
"2024-05-20 19:00:00",5.21,104.34,25.3,12.93
"2024-05-20 20:00:00",8,94.06,26,13.85
"2024-05-20 21:00:00",10.16,85.41,26.16,15.97
"2024-05-20 22:00:00",13.02,63.96,27.93,17.57
"2024-05-20 23:00:00",15.77,58.26,27.04,17.45
"2024-05-21 00:00:00",11.83,70.94,32.75,17.59
"2024-05-21 01:00:00",9.19,63.7,28.13,17.68
"2024-05-21 02:00:00",5.82,76,27.29,17.93
"2024-05-21 03:00:00",5.94,60.71,22.82,16.22
"2024-05-21 04:00:00",7.87,55.48,23.86,16.58
"2024-05-21 05:00:00",9.7,50.86,23.89,17.62
"2024-05-21 06:00:00",11.7,55.96,25.14,17.74
"2024-05-21 07:00:00",14.77,53.54,25.62,18.16
"2024-05-21 08:00:00",17.58,51.18,26.4,17.84
"2024-05-21 09:00:00",15.6,58.75,23.91,16.51
"2024-05-21 10:00:00",13.18,43.74,34.56,20.16
"2024-05-21 11:00:00",14.27,54.33,21.44,13.75
"2024-05-21 12:00:00",8.31,65.75,17.34,11.45
"2024-05-21 13:00:00",6.39,62.81,14.93,10.35
"2024-05-21 14:00:00",6.72,66.07,12.54,8.16
"2024-05-21 15:00:00",6.09,67.7,12.63,7.08
"2024-05-21 16:00:00",7.37,61.61,9.34,5.88
"2024-05-21 17:00:00",8.37,63.68,8.67,5.45
"2024-05-21 18:00:00",7.99,76.46,9.86,6.39
"2024-05-21 19:00:00",12.25,79.07,9.57,6.65
"2024-05-21 20:00:00",6.56,78.43,11.42,7.65
"2024-05-21 21:00:00",10.52,69.67,8.46,6.11
"2024-05-21 22:00:00",8.65,64.32,8.52,5.42
"2024-05-21 23:00:00",5.05,62.01,8.6,4.62
"2024-05-22 00:00:00",5.34,56.62,10.46,6.08
"2024-05-22 01:00:00",4.41,58.14,9.15,6.37
"2024-05-22 02:00:00",3.69,46.29,10.5,6.49
"2024-05-22 03:00:00",4.35,54.65,15.1,9.3
"2024-05-22 04:00:00",3.91,53.98,14.24,9.45
"2024-05-22 05:00:00",3.3,48.66,14.77,9.11
"2024-05-22 06:00:00",4.09,46.62,12.16,7.54
"2024-05-22 07:00:00",7.09,44.64,9.98,5.51
"2024-05-22 08:00:00",6.12,48.6,9.44,5.09
"2024-05-22 09:00:00",6.57,53.1,8.27,4.41
"2024-05-22 10:00:00",6.74,58.21,6.95,3.18
"2024-05-22 11:00:00",8.54,61.62,4.51,2.29
"2024-05-22 12:00:00",5.84,63.67,5.12,2.39
"2024-05-22 13:00:00",5.23,74.49,6.95,4.42
"2024-05-22 14:00:00",5.13,73.81,8.74,5.46
"2024-05-22 15:00:00",4.95,75.25,9.76,5.34
"2024-05-22 16:00:00",7.1,72.06,10.39,4.99
"2024-05-22 17:00:00",6.58,69.41,9.27,4.69
"2024-05-22 18:00:00",5.33,70.61,8.23,4.12
"2024-05-22 19:00:00",4.76,67.04,7.88,3.59
"2024-05-22 20:00:00",4.15,66.16,7.07,3.16
"2024-05-22 21:00:00",4.04,62.03,5.52,2.42
"2024-05-22 22:00:00",3.47,59.76,3.88,1.39
"2024-05-22 23:00:00",3.62,60.85,5.02,2.7
"2024-05-23 00:00:00",3.93,62.14,5.64,2.55
"2024-05-23 01:00:00",3.01,64.34,4.5,1.99
"2024-05-23 02:00:00",2.53,68.56,7.25,3.01
"2024-05-23 03:00:00",2.37,71.98,8.94,3.69
"2024-05-23 04:00:00",2.52,73.13,9.57,4.4
"2024-05-23 05:00:00",2.75,70.55,9.88,4.88
"2024-05-23 06:00:00",3.79,68.03,11.44,5.29
"2024-05-23 07:00:00",5.98,66.59,12.09,5.48
"2024-05-23 08:00:00",7.46,70.11,17.91,6.02
"2024-05-23 09:00:00",6.84,73.2,15.33,5.61
"2024-05-23 10:00:00",5.52,73.71,11.88,5.03
"2024-05-23 11:00:00",5.79,71.23,18,5.38
"2024-05-23 12:00:00",5.51,72.3,15.87,5.08
"2024-05-23 13:00:00",4.97,74.91,12.66,4.57
"2024-05-23 14:00:00",5.76,74.54,15.72,5.04
"2024-05-23 15:00:00",4.07,75.09,11.5,4.31
"2024-05-23 16:00:00",5.55,74.2,13.1,4.52
"2024-05-23 17:00:00",5.53,72.5,10.89,4.38
"2024-05-23 18:00:00",4.22,72.51,7.96,4.03
"2024-05-23 19:00:00",4.37,72.06,8.02,4.02
"2024-05-23 20:00:00",4.86,69.71,8.1,3.95
"2024-05-23 21:00:00",8.29,61.85,8.55,4
"2024-05-23 22:00:00",10.25,56.76,8.25,4.26
"2024-05-23 23:00:00",8.36,56.98,7.96,3.84
"2024-05-24 00:00:00",5.98,58.6,6.78,3.5
"2024-05-24 01:00:00",4.91,58.28,6.29,3.34
"2024-05-24 02:00:00",4.74,57.82,6.59,3.41
"2024-05-24 03:00:00",5.22,56.8,6.84,3.69
"2024-05-24 04:00:00",8.27,56.59,7.46,3.76
"2024-05-24 05:00:00",14.17,55.84,7.27,3.8
"2024-05-24 06:00:00",19.25,51.52,9.88,4.24
"2024-05-24 07:00:00",19.41,51.13,8.58,3.92
"2024-05-24 08:00:00",12.34,49.62,9.17,4.13
"2024-05-24 09:00:00",8.52,60.4,8.85,3.8
"2024-05-24 10:00:00",5.6,68.63,9.27,4.18
"2024-05-24 11:00:00",6.7,73.74,6.12,3.81
"2024-05-24 12:00:00",6,75.01,6.9,3.77
"2024-05-24 13:00:00",6.21,72.47,7.22,3.99
"2024-05-24 14:00:00",5.34,72.52,7.83,3.58
"2024-05-24 15:00:00",4.78,76.47,6.73,3.46
"2024-05-24 16:00:00",4.29,81.6,6.55,3.29
"2024-05-24 17:00:00",3.75,82.02,6.96,3.14
"2024-05-24 18:00:00",2.95,80.93,6.36,3.23
"2024-05-24 19:00:00",3.35,81.55,5.89,3.13
"2024-05-24 20:00:00",4.69,75.45,9.94,4.13
"2024-05-24 21:00:00",8.8,67.35,8.98,5.02
"2024-05-24 22:00:00",13.73,54.96,14.15,9.76
"2024-05-24 23:00:00",15.54,46.48,11.27,7.7
"2024-05-25 00:00:00",12.55,51.11,7.3,3.84
"2024-05-25 01:00:00",8.42,53.24,5.01,3.18
"2024-05-25 02:00:00",9.32,52.56,4.75,3.08
"2024-05-25 03:00:00",9.36,53.8,3.93,2.35
"2024-05-25 04:00:00",7.95,58.14,4.51,2.38
"2024-05-25 05:00:00",6.25,63.13,4.86,2.74
"2024-05-25 06:00:00",6.76,66.85,4.91,3.1
"2024-05-25 07:00:00",4.88,74.22,8.93,4.99
"2024-05-25 08:00:00",5.68,76.74,10.39,5.48
"2024-05-25 09:00:00",6.8,75.78,9.64,5.43
"2024-05-25 10:00:00",7.83,76.99,10.01,5.55
"2024-05-25 11:00:00",8.1,82.26,10.17,5.93
"2024-05-25 12:00:00",7.08,97.45,10.29,6.64
"2024-05-25 13:00:00",7.2,98.51,11.4,7.47
"2024-05-25 14:00:00",7.41,93.56,13.39,8.41
"2024-05-25 15:00:00",7.42,92.09,12.32,8.14
"2024-05-25 16:00:00",5.89,86.02,10.67,6.95
"2024-05-25 17:00:00",6.75,83.37,12.14,7.9
"2024-05-25 18:00:00",7.75,84.73,11.56,7.56
"2024-05-25 19:00:00",8.76,83.83,10.88,7.22
"2024-05-25 20:00:00",10.12,83.81,11.56,7.63
"2024-05-25 21:00:00",9.88,82.34,8.56,5.82
"2024-05-25 22:00:00",10.34,81.1,9.48,6.22
"2024-05-25 23:00:00",8.58,82.46,12.56,7.88
"2024-05-26 00:00:00",8.46,83.01,10.17,6.46
"2024-05-26 01:00:00",7.02,84,5.87,4.48
"2024-05-26 02:00:00",7.61,83.4,6.47,4.66
"2024-05-26 03:00:00",7.26,82.1,9.26,5.35
"2024-05-26 04:00:00",5.01,77.62,12.77,6.65
"2024-05-26 05:00:00",4.76,59.55,13.91,7.42
"2024-05-26 06:00:00",6.27,56.57,14.92,7.21
"2024-05-26 07:00:00",6.74,67.64,8.43,4.81
"2024-05-26 08:00:00",6.39,61.41,5.37,3.25
"2024-05-26 09:00:00",5.17,61.08,6.03,2.92
"2024-05-26 10:00:00",7.12,59.72,5.33,3.17
"2024-05-26 11:00:00",5.04,59.4,4.41,2.76
"2024-05-26 12:00:00",2.47,58.65,4.66,2.42
"2024-05-26 13:00:00",2.28,63.62,6.48,2.71
"2024-05-26 14:00:00",2.19,66.5,5.26,2.02
"2024-05-26 15:00:00",3.24,63.41,2.13,0.65
"2024-05-26 16:00:00",4.64,61.35,2.5,0.92
"2024-05-26 17:00:00",4.06,60.05,3.21,1.32
"2024-05-26 18:00:00",4.8,54.07,4.33,1.21
"2024-05-26 19:00:00",4.5,58.68,3.05,0.84
"2024-05-26 20:00:00",4.31,56.28,3.56,1.39
"2024-05-26 21:00:00",7.25,47.22,4.65,1.91
"2024-05-26 22:00:00",9.14,51.73,5.56,2.1
"2024-05-26 23:00:00",4.19,51.06,5.21,2.03
"2024-05-27 00:00:00",3.19,49.8,6.54,2.03
"2024-05-27 01:00:00",2.92,51.36,4.61,1.58
"2024-05-27 02:00:00",2.44,48.68,4.73,1.9
"2024-05-27 03:00:00",3.71,49.61,7.07,2.66
"2024-05-27 04:00:00",2.63,51.31,7.34,2.88
"2024-05-27 05:00:00",4.27,52.8,7.7,3.12
"2024-05-27 06:00:00",11.72,47.67,7.74,3.21
"2024-05-27 07:00:00",9.51,55.39,7.88,3.34
"2024-05-27 08:00:00",13.81,57.55,8.14,3.59
"2024-05-27 09:00:00",9.75,64.65,8.91,4.13
"2024-05-27 10:00:00",5.97,71.14,9.7,4.61
"2024-05-27 11:00:00",5.54,78.99,10.29,5.04
"2024-05-27 12:00:00",4.08,83.97,10.6,5.5
"2024-05-27 13:00:00",5.3,83.35,15.56,7.02
"2024-05-27 14:00:00",3.89,83.78,15.57,7.19
"2024-05-27 15:00:00",3.93,85.05,14.83,6.68
"2024-05-27 16:00:00",4.24,80.14,10.49,4.99
"2024-05-27 17:00:00",3.55,79.57,6.48,3.07
"2024-05-27 18:00:00",3.59,78.87,4.3,2.06
"2024-05-27 19:00:00",3.11,78.82,3.87,2
"2024-05-27 20:00:00",3.42,76,3.89,2.44
"2024-05-27 21:00:00",3.17,73.51,3.99,2.24
"2024-05-27 22:00:00",3.81,73.58,4.64,2.39
"2024-05-27 23:00:00",2.63,74.68,2.91,1.81
"2024-05-28 00:00:00",2.63,72.79,3.56,1.73
"2024-05-28 01:00:00",2.48,72.75,3.01,1.65
"2024-05-28 02:00:00",3.44,72.89,1.97,1.07
"2024-05-28 03:00:00",2.53,69.96,1.9,0.75
"2024-05-28 04:00:00",2.37,61.73,2.74,1.36
"2024-05-28 05:00:00",2.21,61.59,4.08,1.97
"2024-05-28 06:00:00",2.55,58.88,3.94,1.95
"2024-05-28 07:00:00",4.86,52.09,3.75,1.71
"2024-05-28 08:00:00",7.63,46.45,3.65,1.58
"2024-05-28 09:00:00",6.8,44.43,5.18,1.75
"2024-05-28 10:00:00",5.13,43.53,6.05,2.46
"2024-05-28 11:00:00",3.68,47.83,7.12,3.21
"2024-05-28 12:00:00",3.61,51.06,9.45,5.09
"2024-05-28 13:00:00",3.06,53.55,9.22,4.68
"2024-05-28 14:00:00",3.09,55.66,6.56,3.1
"2024-05-28 15:00:00",7,62.97,5.98,2.83
"2024-05-28 16:00:00",7.3,63.69,8.06,3.68
"2024-05-28 17:00:00",10.49,72.83,7.27,3.46
"2024-05-28 18:00:00",6.37,70.68,6.88,3.66
"2024-05-28 19:00:00",6.21,67.12,10.44,5.47
"2024-05-28 20:00:00",7.12,63.38,6.09,3.88
"2024-05-28 21:00:00",5.14,58.12,7.32,4.57
"2024-05-28 22:00:00",13.3,48.13,4.88,2.98
"2024-05-28 23:00:00",7.67,48.56,5.96,3.39
"2024-05-29 00:00:00",14.26,49.5,7.38,4.3
"2024-05-29 01:00:00",6.62,63.06,8.13,4.83
"2024-05-29 02:00:00",5.52,69.33,6.53,4.19
"2024-05-29 03:00:00",11.74,65.03,7.06,4.36
"2024-05-29 04:00:00",6.38,54.19,7.86,4.8
"2024-05-29 05:00:00",10.55,51.64,7.14,4.34
"2024-05-29 06:00:00",10.32,49.9,8.13,4.82
"2024-05-29 07:00:00",17.61,47.71,9.29,5.02
"2024-05-29 08:00:00",13.45,52.74,6.87,4.15
"2024-05-29 09:00:00",12.75,57.07,7.38,3.16
"2024-05-29 10:00:00",9.99,58.25,4.6,2.17
"2024-05-29 11:00:00",6.28,59.45,3.25,1.39
"2024-05-29 12:00:00",4.83,61.74,3.14,1.11
"2024-05-29 13:00:00",4.83,60.65,3.23,1.05
"2024-05-29 14:00:00",5.94,62.57,3.25,1.09
"2024-05-29 15:00:00",4.8,62.87,4.39,1.66
"2024-05-29 16:00:00",5.24,62.64,8.35,2.39
"2024-05-29 17:00:00",5.28,66.07,5.11,2.44
"2024-05-29 18:00:00",4.66,70.36,5.87,2.83
"2024-05-29 19:00:00",4.52,74.84,5.99,3.14
"2024-05-29 20:00:00",5.09,76.22,5.98,3.59
"2024-05-29 21:00:00",4.92,76.04,6.6,3.74
"2024-05-29 22:00:00",4.09,75.72,6.52,4.18
"2024-05-29 23:00:00",6.54,69.89,6.12,3.71
"2024-05-30 00:00:00",5.96,67.83,8.45,5.06
"2024-05-30 01:00:00",3.68,71.01,9.44,5.8
"2024-05-30 02:00:00",3.2,73.56,8.4,4.97
"2024-05-30 03:00:00",2.49,76.72,3.56,1.82
"2024-05-30 04:00:00",2.65,68.21,3.81,2.08
"2024-05-30 05:00:00",2.9,69.52,4.5,2.42
"2024-05-30 06:00:00",3.41,70.42,5.28,2.4
"2024-05-30 07:00:00",7.13,63.75,5.62,2.49
"2024-05-30 08:00:00",10.47,57.87,7.38,2.97
"2024-05-30 09:00:00",8.91,59.06,5.04,2.2
"2024-05-30 10:00:00",7.18,64.44,6.07,2.3
"2024-05-30 11:00:00",7.76,66.71,10.12,3.16
"2024-05-30 12:00:00",7.27,69.44,9.37,2.74
"2024-05-30 13:00:00",6.22,69.08,7.41,2.03
"2024-05-30 14:00:00",4.8,69.57,7.15,2.07
"2024-05-30 15:00:00",4.43,69.67,7.5,1.88
"2024-05-30 16:00:00",4.62,69.58,6.82,2.17
"2024-05-30 17:00:00",4.39,72.12,7.15,2.39
"2024-05-30 18:00:00",3.85,71.45,8.23,3.01
"2024-05-30 19:00:00",3.26,72.45,6.12,3.03
"2024-05-30 20:00:00",3.76,71.93,6.88,3.73
"2024-05-30 21:00:00",4.34,70.33,6.94,3.81
"2024-05-30 22:00:00",3.99,70.09,7.62,3.97
"2024-05-30 23:00:00",4.39,67.78,8.43,4.53
"2024-05-31 00:00:00",3.97,66.88,7.66,4.64
"2024-05-31 01:00:00",3.25,65.24,9.73,5.26
"2024-05-31 02:00:00",3.12,64.18,9.18,5.08
"2024-05-31 03:00:00",3.55,62.32,8.69,5
"2024-05-31 04:00:00",2.85,64.43,8.91,5.32
"2024-05-31 05:00:00",3.51,64.13,9.2,5.43
"2024-05-31 06:00:00",5.31,66.73,9.55,5.3
"2024-05-31 07:00:00",4.42,77.14,10.27,6.23
"2024-05-31 08:00:00",5.91,76.86,13.82,8.58
"2024-05-31 09:00:00",5.95,76.87,17.73,11.61
"2024-05-31 10:00:00",5.42,78.38,18.88,13.34
"2024-05-31 11:00:00",5.46,79.92,16.67,11.05
"2024-05-31 12:00:00",5.32,78.22,18.85,11.48
"2024-05-31 13:00:00",5.35,76.75,17.8,11.78
"2024-05-31 14:00:00",5.25,79.27,16.71,10.89
"2024-05-31 15:00:00",7.04,77.35,17.24,11.04
"2024-05-31 16:00:00",5.16,81.21,13.72,9.15
"2024-05-31 17:00:00",4.6,82.35,13.47,9.22
"2024-05-31 18:00:00",4.72,83.07,13.74,9.34
"2024-05-31 19:00:00",5.65,85.21,17.66,13.37
"2024-05-31 20:00:00",5.57,86.2,23.04,18.02
"2024-05-31 21:00:00",7.55,77.93,23.5,18.43
"2024-05-31 22:00:00",21.75,61.91,25.24,19.2
"2024-05-31 23:00:00",22.72,47,25.92,20.64
"2024-06-01 00:00:00",12.48,51.13,22.51,16.75
"2024-06-01 01:00:00",7.42,55.28,15.54,11.33
"2024-06-01 02:00:00",6.07,55.01,15.31,10.43
"2024-06-01 03:00:00",5.42,52.92,14.66,10.33
"2024-06-01 04:00:00",4.91,51.11,13.94,10.03
"2024-06-01 05:00:00",6.45,47.43,12.98,9.62
"2024-06-01 06:00:00",6.93,47.36,13.73,9.76
"2024-06-01 07:00:00",5.71,53.17,14.72,10.28
"2024-06-01 08:00:00",5,59.15,15.43,10.94
"2024-06-01 09:00:00",4.9,67.16,14.23,10.05
"2024-06-01 10:00:00",3.99,71.49,12.73,9.31
"2024-06-01 11:00:00",4.15,78.21,12.38,8.63
"2024-06-01 12:00:00",4.65,81.48,11.61,8.22
"2024-06-01 13:00:00",4.87,80.84,11.22,7.92
"2024-06-01 14:00:00",5.2,81.1,10.91,7.79
"2024-06-01 15:00:00",4.58,83.22,9.98,7.29
"2024-06-01 16:00:00",3.27,83.48,9.68,7.06
"2024-06-01 17:00:00",3.31,84.28,9.79,7.17
"2024-06-01 18:00:00",4.21,83.74,11.35,7.96
"2024-06-01 19:00:00",4.27,81.24,12.56,8.91
"2024-06-01 20:00:00",4.57,82.95,12.74,9.19
"2024-06-01 21:00:00",4.75,79.62,16.05,11.29
"2024-06-01 22:00:00",12.84,64.08,18.77,14.35
"2024-06-01 23:00:00",11.87,64.52,13.13,9.43
"2024-06-02 00:00:00",12.59,54.84,12.11,9.16
"2024-06-02 01:00:00",12.15,50.74,13.04,9.6
"2024-06-02 02:00:00",8.85,52.51,12.84,9.95
"2024-06-02 03:00:00",7.58,48.32,13.27,9.9
"2024-06-02 04:00:00",8.09,42.49,10.82,8.51
"2024-06-02 05:00:00",7.49,44.82,10.05,7.51
"2024-06-02 06:00:00",5.77,45.18,10.1,7.37
"2024-06-02 07:00:00",4.94,46.62,9.88,7.27
"2024-06-02 08:00:00",4.02,50.08,9.6,6.77
"2024-06-02 09:00:00",3.05,53.2,10.83,7.11
"2024-06-02 10:00:00",2.58,59.62,10.66,6.72
"2024-06-02 11:00:00",2.49,68.29,9.36,6.13
"2024-06-02 12:00:00",2.41,71.57,9.89,5.79
"2024-06-02 13:00:00",2.16,74.08,8.85,4.93
"2024-06-02 14:00:00",2.29,66.71,6.7,3.69
"2024-06-02 15:00:00",2.65,65.08,6.07,3.75
"2024-06-02 16:00:00",2.92,61.98,6.51,3.82
"2024-06-02 17:00:00",2.98,59.94,7.2,4.33
"2024-06-02 18:00:00",5.37,55.86,12.73,8.17
"2024-06-02 19:00:00",5.27,50.41,7.61,4.49
"2024-06-02 20:00:00",4.82,50.74,6.8,3.94
"2024-06-02 21:00:00",4.59,48.13,7.14,4
"2024-06-02 22:00:00",6.36,43.89,6.16,3.09
"2024-06-02 23:00:00",5.88,42.31,5.61,3.36
"2024-06-03 00:00:00",5.98,39.37,6.08,3.9
"2024-06-03 01:00:00",3.98,38.1,5.14,3.64
"2024-06-03 02:00:00",6.56,34.39,4.79,3.7
"2024-06-03 03:00:00",5.3,33.86,4.94,3.32
"2024-06-03 04:00:00",4.98,35.4,4.2,3.26
"2024-06-03 05:00:00",3.98,43.66,4.47,3.26
"2024-06-03 06:00:00",4.57,51.58,6.01,4.04
"2024-06-03 07:00:00",3.65,56.5,6.98,4.57
"2024-06-03 08:00:00",4.03,56.61,5.92,3.56
"2024-06-03 09:00:00",2.6,58.73,2.38,1.42
"2024-06-03 10:00:00",2.95,58.65,3.02,1.51
"2024-06-03 11:00:00",2.87,66.46,5.75,3.44
"2024-06-03 12:00:00",4.74,67.84,8.43,5.86
"2024-06-03 13:00:00",3.22,66.25,10.44,6.61
"2024-06-03 14:00:00",3.89,60.85,9.06,5.76
"2024-06-03 15:00:00",3.74,59.37,7.86,5.1
"2024-06-03 16:00:00",4.01,56.05,8.97,5.29
"2024-06-03 17:00:00",3.16,58.46,7.48,4.53
"2024-06-03 18:00:00",2.88,56.88,5.4,3.44
"2024-06-03 19:00:00",4.75,53.06,4.14,2.51
"2024-06-03 20:00:00",5.14,49.53,2.96,1.65
"2024-06-03 21:00:00",5.46,49.51,2.75,1.63
"2024-06-03 22:00:00",4.5,48.37,2.68,1.59
"2024-06-03 23:00:00",4.87,45.96,2.45,1.34
"2024-06-04 00:00:00",6.18,44.63,3.26,1.71
"2024-06-04 01:00:00",5.84,45.24,2.08,1.34
"2024-06-04 02:00:00",4.18,46.89,2.66,1.85
"2024-06-04 03:00:00",5.13,53.92,4.18,2.65
"2024-06-04 04:00:00",7.57,50.77,4.64,2.82
"2024-06-04 05:00:00",7,43.91,3.82,2.43
"2024-06-04 06:00:00",9.2,35.44,4.81,2.83
"2024-06-04 07:00:00",14.09,34.74,4.09,2.34
"2024-06-04 08:00:00",14.59,35.26,2.59,1.41
"2024-06-04 09:00:00",10.56,34,2.42,1.11
"2024-06-04 10:00:00",7.69,50.22,2.84,1.7
"2024-06-04 11:00:00",6.4,47.28,3.53,1.48
"2024-06-04 12:00:00",6.47,52.95,4.2,1.42
"2024-06-04 13:00:00",5.54,58.49,3.02,1.1
"2024-06-04 14:00:00",5.18,62.38,9.01,2.87
"2024-06-04 14:01:00",
"2024-06-04 15:00:00",,51.61,13.37,5.38
"2024-06-04 15:01:00",,
"2024-06-04 16:00:00",,,16.64,8.11
"2024-06-04 16:01:00",,
"2024-06-04 17:00:00",,,22.64,11.7
"2024-06-04 18:00:00",5.51,,26.03,14.28
"2024-06-04 19:00:00",3.44,77.89,22.82,12.47
"2024-06-04 20:00:00",3.35,76.17,15.81,10.06
"2024-06-04 21:00:00",5.76,63.44,17.08,11.99
"2024-06-04 22:00:00",7.96,56.24,19.12,12.39
"2024-06-04 23:00:00",8.79,51.54,16.74,10.52
"2024-06-05 00:00:00",9.05,46.08,15.32,9.33
"2024-06-05 01:00:00",5.99,47.68,12.19,6.85
"2024-06-05 02:00:00",8.05,45.89,12.1,6.06
"2024-06-05 03:00:00",5.51,49.42,11.27,5.72
"2024-06-05 04:00:00",9.08,42.85,10.18,5.63
"2024-06-05 05:00:00",12.45,41.15,14.64,7.67
"2024-06-05 06:00:00",11.13,42.43,17.54,10.54
"2024-06-05 07:00:00",9.45,46.48,19.48,12.77
"2024-06-05 08:00:00",9.95,50.66,18.58,12.78
"2024-06-05 09:00:00",7.62,60.2,17.78,12.66
"2024-06-05 10:00:00",6.29,63.57,17,12.78
"2024-06-05 11:00:00",7.03,68.07,17.82,13.06
"2024-06-05 12:00:00",6.94,68.07,16.96,12.96
"2024-06-05 13:00:00",7.27,68.42,14.08,10.91
"2024-06-05 14:00:00",6.33,68.61,14.1,10.66
"2024-06-05 15:00:00",8.8,67.75,15.24,11.2
"2024-06-05 16:00:00",8.26,68.48,15.35,10.58
"2024-06-05 17:00:00",8,68.49,9.09,5.23
"2024-06-05 18:00:00",8.09,70.76,6.94,3.09
"2024-06-05 19:00:00",7.78,68.82,7.28,3.46
"2024-06-05 20:00:00",5.26,69.46,8.91,4.09
"2024-06-05 21:00:00",8,65.11,9.96,5.21
"2024-06-05 22:00:00",7.33,64.3,9.73,5.87
"2024-06-05 23:00:00",6.98,62.38,10.26,5.79
"2024-06-06 00:00:00",6.86,57.33,10.19,6.01
"2024-06-06 01:00:00",10.65,49.89,10.5,6.52
"2024-06-06 02:00:00",6.78,52.36,12.31,7.44
"2024-06-06 03:00:00",6.54,53.02,11.91,8.12
"2024-06-06 04:00:00",4.98,53.78,11.9,8.45
"2024-06-06 05:00:00",6.77,49.93,11.29,8.14
"2024-06-06 06:00:00",7.99,47.69,11.22,7.87
"2024-06-06 07:00:00",9.06,47.64,11.9,7.71
"2024-06-06 08:00:00",10.07,47.9,12.01,7.7
"2024-06-06 09:00:00",7.95,59.08,11.45,6.78
"2024-06-06 10:00:00",6.18,62.76,8.63,5.58
"2024-06-06 11:00:00",10.16,59.88,9.41,5.91
"2024-06-06 12:00:00",8.05,63.34,7.19,4.35
"2024-06-06 13:00:00",6.8,67.12,8.72,4.99
"2024-06-06 14:00:00",6.52,69.09,9.71,5.59
"2024-06-06 15:00:00",4.36,75.98,14.44,7.93
"2024-06-06 16:00:00",7.07,72.74,14.22,8.25
"2024-06-06 17:00:00",9.29,75.03,13.43,8.15
"2024-06-06 18:00:00",10.64,74.28,9.5,6.17
"2024-06-06 19:00:00",8.4,71.48,10.18,6.55
"2024-06-06 20:00:00",9.2,64.24,10.14,6.71
"2024-06-06 21:00:00",9.15,60.79,9.77,6.58
"2024-06-06 22:00:00",12.31,57.1,15.83,8.21
"2024-06-06 23:00:00",17.47,41.92,13.63,8.23
"2024-06-07 00:00:00",27.09,28.71,12.88,8.43
"2024-06-07 01:00:00",15.6,42.07,12.05,8.42
"2024-06-07 02:00:00",14.08,41.73,12.08,8.36
"2024-06-07 03:00:00",9.29,46.35,10.95,8
"2024-06-07 04:00:00",19.26,32.01,9.24,6.91
"2024-06-07 05:00:00",9.84,37.73,7.73,5.47
"2024-06-07 06:00:00",13.97,40.1,5.64,3.66
"2024-06-07 07:00:00",12.66,43.26,5.34,3.34
"2024-06-07 08:00:00",15.32,60.81,8.3,5.05
"2024-06-07 09:00:00",8.8,73.39,8.48,5.37
"2024-06-07 10:00:00",10.23,70.65,7.18,4.34
"2024-06-07 11:00:00",10.01,66.11,9.6,5.17
"2024-06-07 12:00:00",4.79,70.53,7.33,3.99
"2024-06-07 13:00:00",5.81,70.41,9.18,4.55
"2024-06-07 14:00:00",4.73,75.12,10.93,5.4
"2024-06-07 15:00:00",4.89,70.56,10.82,5.06
"2024-06-07 16:00:00",4.42,62.29,8.5,3.7
"2024-06-07 17:00:00",4.9,53.13,8.94,3.69
"2024-06-07 18:00:00",4.55,46.9,9.62,3.59
"2024-06-07 19:00:00",4.91,48.62,6.93,2.29
"2024-06-07 20:00:00",5.22,53.11,5.08,1.63
"2024-06-07 21:00:00",4.77,57.39,4.24,1.39
"2024-06-07 22:00:00",5.44,55.28,3.98,1.38
"2024-06-07 23:00:00",9.25,52.73,2.56,1.28
"2024-06-08 00:00:00",8.23,51.54,2.15,1.18
"2024-06-08 01:00:00",6.64,54.16,1.38,0.89
"2024-06-08 02:00:00",7.09,53.26,1.44,0.85
"2024-06-08 03:00:00",7.65,48.93,1.7,0.94
"2024-06-08 04:00:00",8.59,52.73,2.34,1.17
"2024-06-08 05:00:00",7.5,49.61,2.68,1.35
"2024-06-08 06:00:00",9.79,47,2.49,1.38
"2024-06-08 07:00:00",6.32,43.85,2.85,1.51
"2024-06-08 08:00:00",7.95,42.62,1.84,1.15
"2024-06-08 09:00:00",6.37,58.46,2.95,1.87
"2024-06-08 10:00:00",4.52,65.17,3.74,2.17
"2024-06-08 11:00:00",5.39,68.05,3.78,1.96
"2024-06-08 12:00:00",5.22,68.96,4.62,2.3
"2024-06-08 13:00:00",4.5,69.1,6.06,3.16
"2024-06-08 14:00:00",3.97,69.05,7.96,4.59
"2024-06-08 15:00:00",3.34,69.17,11.87,7.84
"2024-06-08 16:00:00",3.27,67.48,12.92,8.95
"2024-06-08 17:00:00",3.54,67.4,13.32,8.87
"2024-06-08 18:00:00",3.57,67.91,11.3,6.61
"2024-06-08 19:00:00",3.37,68.82,9.83,5.61
"2024-06-08 20:00:00",5.15,65.44,10.77,5.36
"2024-06-08 21:00:00",6.17,59.59,13.52,6.29
"2024-06-08 22:00:00",15,54.95,13.6,6.4
"2024-06-08 23:00:00",6.87,55.82,12.7,6.61
"2024-06-09 00:00:00",8.06,56.06,14.43,8.87
"2024-06-09 01:00:00",4.53,57.4,16.09,10.48
"2024-06-09 02:00:00",6.49,61.13,14.9,10.35
"2024-06-09 03:00:00",6.31,61.56,14.39,9.88
"2024-06-09 04:00:00",16.75,51.93,14.52,9.98
"2024-06-09 05:00:00",23.74,50.78,15.22,9.84
"2024-06-09 06:00:00",15.3,58.16,14.27,8.9
"2024-06-09 07:00:00",10.84,62.05,13.21,7.61
"2024-06-09 08:00:00",3.82,69.01,14.13,7.28
"2024-06-09 09:00:00",3.8,71.36,12.57,6.48
"2024-06-09 10:00:00",4.52,72.87,12.48,6.25
"2024-06-09 11:00:00",4.09,76.07,10.65,5.62
"2024-06-09 12:00:00",8.98,73.82,12.12,6.09
"2024-06-09 13:00:00",7.32,73.2,10.77,5.85
"2024-06-09 14:00:00",7.62,68.1,10.21,5.32
"2024-06-09 15:00:00",9.12,67.94,6.52,3.68
"2024-06-09 16:00:00",9.17,68.69,4.33,2.29
"2024-06-09 17:00:00",7.32,65.94,2.87,1.54
"2024-06-09 18:00:00",6.65,63.35,5.93,2.82
"2024-06-09 19:00:00",3.58,61.68,6.67,3.57
"2024-06-09 20:00:00",3.23,60.96,7.79,4.26
"2024-06-09 21:00:00",4.01,59.63,7.67,4.1
"2024-06-09 22:00:00",4.72,59.37,5.75,3.34
"2024-06-09 23:00:00",9.14,55.64,2.3,1.54
"2024-06-10 00:00:00",4.43,55.55,0.74,0.47
"2024-06-10 01:00:00",3.77,54.57,1.58,0.86
"2024-06-10 02:00:00",2.87,61.42,1.52,0.79
"2024-06-10 03:00:00",4.07,56.83,1.97,0.97
"2024-06-10 04:00:00",3.72,51.13,3.76,1.88
"2024-06-10 05:00:00",4.25,50.14,4.49,2.35
"2024-06-10 06:00:00",7,44.19,6.19,2.68
"2024-06-10 07:00:00",7.44,45.17,6.89,2.97
"2024-06-10 08:00:00",6.77,52.21,7.09,3.44
"2024-06-10 09:00:00",5.84,59.38,8.08,4.17
"2024-06-10 10:00:00",6.6,61.74,7.4,3.94
"2024-06-10 11:00:00",5.61,66.32,6.68,3.46
"2024-06-10 12:00:00",4.68,68.68,7.34,3.64
"2024-06-10 13:00:00",4.87,69.94,8.11,3.61
"2024-06-10 14:00:00",4.95,71.01,12.14,4.14
"2024-06-10 15:00:00",4.26,69.85,9.96,4.08
"2024-06-10 16:00:00",5.27,69.29,8.03,3.36
"2024-06-10 17:00:00",5.68,71.49,7.17,3.68
"2024-06-10 18:00:00",4.76,71.67,7.44,4.38
"2024-06-10 19:00:00",5.5,71.41,8.08,4.52
"2024-06-10 20:00:00",4.94,72.06,8.75,4.7
"2024-06-10 21:00:00",6.69,71.07,8.01,5
"2024-06-10 22:00:00",7.73,73.37,9.71,5.62
"2024-06-10 23:00:00",7.76,64.82,9.57,5.62
"2024-06-11 00:00:00",6.63,57.87,7.74,4.88
"2024-06-11 01:00:00",5.22,58.95,7.78,4.87
"2024-06-11 02:00:00",6.6,51.14,8.2,5.25
"2024-06-11 03:00:00",7.51,42.57,7.8,5.12
"2024-06-11 04:00:00",7.31,45.22,8.03,5
"2024-06-11 05:00:00",7.4,37.91,8.23,5.1
"2024-06-11 06:00:00",8.11,40.55,9.44,5.22
"2024-06-11 07:00:00",10.02,42.84,12.72,5.6
"2024-06-11 08:00:00",8.88,47.36,12.87,5.34
"2024-06-11 09:00:00",6.73,58.93,11.58,4.91
"2024-06-11 10:00:00",5.48,66.36,6.81,3.87
"2024-06-11 11:00:00",5.45,68.11,8.12,3.74
"2024-06-11 12:00:00",6.46,69.01,8.02,3.62
"2024-06-11 13:00:00",6.65,66.49,7.52,3.54
"2024-06-11 14:00:00",6.2,68.58,6.18,3.08
"2024-06-11 15:00:00",8.09,66.16,10.51,3.64
"2024-06-11 16:00:00",6.98,66.77,7.85,3.47
"2024-06-11 17:00:00",7.49,64.35,6.96,3.7
"2024-06-11 18:00:00",5.92,64.29,8.5,4.36
"2024-06-11 19:00:00",5.68,64.55,8.27,5.01
"2024-06-11 20:00:00",6.47,62.83,9.07,5.76
"2024-06-11 21:00:00",10.46,54.52,10.29,6.37
"2024-06-11 22:00:00",15.65,44.41,10.75,6.63
"2024-06-11 23:00:00",9.67,52.93,9.98,6.5
"2024-06-12 00:00:00",9.26,54.06,10.1,6.56
"2024-06-12 01:00:00",9.27,55.32,8.85,6.22
"2024-06-12 02:00:00",7.3,58.55,9.4,6.39
"2024-06-12 03:00:00",6.44,57.14,9.75,6.78
"2024-06-12 04:00:00",6.92,55.07,9.67,7.37
"2024-06-12 05:00:00",7.44,54.92,10.77,8
"2024-06-12 06:00:00",7.85,53.17,12.74,8.52
"2024-06-12 07:00:00",12.37,47.78,18.87,9.92
"2024-06-12 08:00:00",12.39,52.07,15.96,8.16
"2024-06-12 09:00:00",7.78,62.79,11.16,6.16
"2024-06-12 10:00:00",6.02,69.48,9.49,5.53
"2024-06-12 11:00:00",4.8,73.83,10.04,5.85
"2024-06-12 12:00:00",3.83,76.71,10.94,6.23
"2024-06-12 13:00:00",3.55,76.02,10.73,6.36
"2024-06-12 14:00:00",3.44,75.84,10.65,6.44
"2024-06-12 15:00:00",3.6,75.87,10.15,6.09
"2024-06-12 16:00:00",3.5,74.82,10.54,6.24
"2024-06-12 17:00:00",3.49,75.14,11.21,6.77
"2024-06-12 18:00:00",3.59,76.5,11.74,7.06
"2024-06-12 19:00:00",3.34,76.32,9.11,5.66
"2024-06-12 20:00:00",3.78,71.73,7.81,4.67
"2024-06-12 21:00:00",4.13,67.61,8.42,4.98
"2024-06-12 22:00:00",4.73,65.18,10.56,6.51
"2024-06-12 23:00:00",4.51,65.11,9.43,6.3
"2024-06-13 00:00:00",4.47,72.92,10.1,6.7
"2024-06-13 01:00:00",3.72,74.01,9.8,5.46
"2024-06-13 02:00:00",3.78,74.27,9.54,5.3
"2024-06-13 03:00:00",3.27,74.86,8.73,4.65
"2024-06-13 04:00:00",3.01,73.57,10.4,5.19
"2024-06-13 05:00:00",3.8,69.93,11.9,6.12
"2024-06-13 06:00:00",4.51,62.26,12.8,7.12
"2024-06-13 07:00:00",4.06,61.43,15.59,8.16
"2024-06-13 08:00:00",4.64,57.99,13.79,7.08
"2024-06-13 09:00:00",4.04,63.6,11.29,6.33
"2024-06-13 10:00:00",3.15,62.05,7.47,4.75
"2024-06-13 11:00:00",3.21,60.17,5.54,3.56
"2024-06-13 12:00:00",3.54,60.43,6.56,4.19
"2024-06-13 13:00:00",3.38,58.53,9.33,5.01
"2024-06-13 14:00:00",2.7,55.81,14.53,6.85
"2024-06-13 15:00:00",7.83,58.54,10.57,4.71
"2024-06-13 16:00:00",10.9,70.76,7.15,2.75
"2024-06-13 17:00:00",10.74,66.9,4.76,1.9
"2024-06-13 18:00:00",8.26,68.78,5.14,1.87
"2024-06-13 19:00:00",7.94,64.83,4.1,1.77
"2024-06-13 20:00:00",9.84,59.07,4.35,2.15
"2024-06-13 21:00:00",7.73,56.85,4.54,1.9
"2024-06-13 22:00:00",9.77,49.07,4.57,2.08
"2024-06-13 23:00:00",6.25,49.53,3.97,1.97
"2024-06-14 00:00:00",4.22,49.39,4.2,2.07
"2024-06-14 01:00:00",7.83,48.61,5.72,2.93
"2024-06-14 02:00:00",6.32,47.92,3.85,2.23
"2024-06-14 03:00:00",3.08,50.74,7.19,3.53
"2024-06-14 04:00:00",3.56,48.87,6.2,3.07
"2024-06-14 05:00:00",5.45,47.47,4.63,2.26
"2024-06-14 06:00:00",9.47,41.85,5.2,2.64
"2024-06-14 07:00:00",6.36,50.77,7.53,3.46
"2024-06-14 08:00:00",7.35,56.82,9.59,4.13
"2024-06-14 09:00:00",6.14,66.38,8.51,4.44
"2024-06-14 10:00:00",4.55,70.28,7.8,4.01
"2024-06-14 11:00:00",6.36,73.2,12.4,5.14
"2024-06-14 12:00:00",6.05,74.5,9.18,3.74
"2024-06-14 13:00:00",4.25,78.18,13.05,4.13
"2024-06-14 14:00:00",6.73,75.42,4.56,2.16
"2024-06-14 15:00:00",6.31,75.92,5.38,2.5
"2024-06-14 16:00:00",5.6,76.05,4.32,1.89
"2024-06-14 17:00:00",5.86,74.85,4.56,2.22
"2024-06-14 18:00:00",7.03,72.37,2.44,1.24
"2024-06-14 19:00:00",5.74,72.73,3.37,1.57
"2024-06-14 20:00:00",7.02,68.38,4.57,2.1
"2024-06-14 21:00:00",8.11,67.32,6.74,2.86
"2024-06-14 22:00:00",7.65,66.09,7.4,3.29
"2024-06-14 23:00:00",7.93,59.03,10.38,3.87
"2024-06-15 00:00:00",5.36,56.46,7.78,3.68
"2024-06-15 01:00:00",5.83,58.7,8.02,4.04
"2024-06-15 02:00:00",9.29,48.67,8.32,4
"2024-06-15 03:00:00",10.58,43.28,7.69,3.68
"2024-06-15 04:00:00",7.68,45.22,6.94,3.44
"2024-06-15 05:00:00",11.21,57.09,4.94,2.95
"2024-06-15 06:00:00",7.88,69.56,5.05,2.79
"2024-06-15 07:00:00",13.69,65.3,5.08,3.1
"2024-06-15 08:00:00",7.66,67.29,6.51,3.51
"2024-06-15 09:00:00",6.4,65,8.42,4.45
"2024-06-15 10:00:00",6.77,63.11,10.14,5.33
"2024-06-15 11:00:00",7.48,57.13,9.25,5.62
"2024-06-15 12:00:00",5.97,62.65,11.9,6.89
"2024-06-15 13:00:00",4.91,62.24,5.28,3.27
"2024-06-15 14:00:00",5.6,62.35,2.33,1.36
"2024-06-15 15:00:00",5.14,62.66,2.53,1.34
"2024-06-15 16:00:00",5.42,63.07,4.35,2.22
"2024-06-15 17:00:00",4.58,62.68,3.12,1.9
"2024-06-15 18:00:00",6.78,63.65,3.38,1.92
"2024-06-15 19:00:00",9.63,64.36,3.66,1.81
"2024-06-15 20:00:00",13.34,50.1,4.19,2.09
"2024-06-15 21:00:00",6.42,61.49,4.37,2.6
"2024-06-15 22:00:00",11.31,53.36,4.27,1.64
"2024-06-15 23:00:00",8.57,46.41,5.08,2.02
"2024-06-16 00:00:00",7.46,44.33,6.26,2.58
"2024-06-16 01:00:00",6.28,45.53,5.88,2.76
"2024-06-16 02:00:00",5.55,51.09,6.71,3.37
"2024-06-16 03:00:00",5.38,54.77,8.26,4.05
"2024-06-16 04:00:00",7.85,51.97,8.37,3.99
"2024-06-16 05:00:00",3.35,50.45,8.66,4.02
"2024-06-16 06:00:00",6.56,54.12,8.34,3.99
"2024-06-16 07:00:00",4.3,55.37,8.32,3.94
"2024-06-16 08:00:00",4.5,55.37,7.19,3.76
"2024-06-16 09:00:00",3.15,56.95,5.54,3.07
"2024-06-16 10:00:00",2.35,59.96,5.79,3.07
"2024-06-16 11:00:00",2.97,68.55,4.6,2.56
"2024-06-16 12:00:00",2.73,71.78,4.69,2.8
"2024-06-16 13:00:00",2.87,77.02,4.23,2.35
"2024-06-16 14:00:00",2.61,70.46,5.5,3.06
"2024-06-16 15:00:00",2.47,72.82,5,2.91
"2024-06-16 16:00:00",2.62,75.03,5.78,2.79
"2024-06-16 17:00:00",2.75,78.91,6.3,3.02
"2024-06-16 18:00:00",2.85,79,6.23,3.05
"2024-06-16 19:00:00",5.84,77.89,5.76,3.1
"2024-06-16 20:00:00",5.57,74.39,6.21,3.06
"2024-06-16 21:00:00",7.58,66.13,6.6,3.11
"2024-06-16 22:00:00",18.29,47.22,5.94,3.02
"2024-06-16 23:00:00",10.86,50.54,5.85,2.93
"2024-06-17 00:00:00",8.28,51.13,5.1,2.94
"2024-06-17 01:00:00",7.72,50.45,5.81,2.88
"2024-06-17 02:00:00",5.7,52.17,5.04,2.83
"2024-06-17 03:00:00",5.79,52.98,4.72,2.99
"2024-06-17 04:00:00",6.22,49.83,5.41,3.42
"2024-06-17 05:00:00",7.93,34.54,6.05,3.78
"2024-06-17 06:00:00",11.28,40,7.98,5.13
"2024-06-17 07:00:00",7.61,54.2,9.36,5.58
"2024-06-17 08:00:00",7.72,61.51,7.72,4.21
"2024-06-17 09:00:00",7.4,64.44,7.02,3.34
"2024-06-17 10:00:00",4.75,68.33,6.08,2.53
"2024-06-17 11:00:00",3.55,76.43,2.93,1.36
"2024-06-17 12:00:00",4.54,78.64,2.5,1.4
"2024-06-17 13:00:00",4.63,73.74,3.79,1.68
"2024-06-17 14:00:00",6.39,68.89,5.66,2.15
"2024-06-17 15:00:00",4.99,71.97,4.54,2.33
"2024-06-17 16:00:00",5.52,72.43,5.03,2.65
"2024-06-17 17:00:00",5.54,72.3,5.1,2.76
"2024-06-17 18:00:00",5.38,72.45,4.6,2.81
"2024-06-17 19:00:00",4.55,72.06,5.75,3.1
"2024-06-17 20:00:00",6.5,66.07,5.62,3.37
"2024-06-17 21:00:00",7.25,61.5,5.59,3.05
"2024-06-17 22:00:00",7.49,58.39,6.3,3.08
"2024-06-17 23:00:00",4.61,57.98,5.63,3.31
"2024-06-18 00:00:00",4.58,54.02,4.96,3.25
"2024-06-18 01:00:00",4.7,53.41,4.98,3.02
"2024-06-18 02:00:00",4.48,55.87,4.11,2.73
"2024-06-18 03:00:00",3.77,55.51,4.07,2.71
"2024-06-18 04:00:00",3.76,57.16,3.73,2.53
"2024-06-18 05:00:00",4.76,61.89,3.35,2.01
"2024-06-18 06:00:00",6.78,59.51,4.3,2.17
"2024-06-18 07:00:00",5.54,66.5,3.62,1.52
"2024-06-18 08:00:00",8.08,64.07,3.13,1.52
"2024-06-18 09:00:00",7.89,66.81,3.9,1.45
"2024-06-18 10:00:00",5.73,63.53,4.09,1.55
"2024-06-18 11:00:00",5.32,66.46,3.79,1.18
"2024-06-18 12:00:00",5.18,66.22,4.69,1.69
"2024-06-18 13:00:00",4.9,66.89,5.13,1.4
"2024-06-18 14:00:00",6.13,67.73,6.38,1.65
"2024-06-18 15:00:00",5.76,69.26,7.43,2.29
"2024-06-18 16:00:00",6.55,69.22,8.15,3.27
"2024-06-18 17:00:00",6.21,68.25,7.62,3.92
"2024-06-18 18:00:00",5.75,66.26,7.42,4
"2024-06-18 19:00:00",6.24,66.24,7.82,4.4
"2024-06-18 20:00:00",5.94,65.82,9.36,5.73
"2024-06-18 21:00:00",5.8,64.18,9.09,5.13
"2024-06-18 22:00:00",5.31,62.13,8.37,4.26
"2024-06-18 23:00:00",5,61,7.32,4.3
"2024-06-19 00:00:00",4.67,58.55,7.48,3.91
"2024-06-19 01:00:00",4.68,57.51,6.91,3.65
"2024-06-19 02:00:00",6.12,53.52,5.76,3.37
"2024-06-19 03:00:00",5.19,50.64,6.49,3.65
"2024-06-19 04:00:00",4.43,50.33,7.15,3.59
"2024-06-19 05:00:00",5.21,48.38,6.75,3.6
"2024-06-19 06:00:00",6.48,47.55,6.98,3.83
"2024-06-19 07:00:00",7.19,48.37,7.94,4
"2024-06-19 08:00:00",9.13,45.45,8.9,4.29
"2024-06-19 09:00:00",7.1,52.02,9.82,4.61
"2024-06-19 10:00:00",5.38,58.82,10.23,4.85
"2024-06-19 11:00:00",4.78,62.96,9.32,4.75
"2024-06-19 12:00:00",5.09,67.26,9.44,5.34
"2024-06-19 13:00:00",4.19,30.13,11.41,6.28
"2024-06-19 14:00:00",4.24,47.71,10.48,5.75
"2024-06-19 15:00:00",3.44,57.94,10.29,5.71
"2024-06-19 16:00:00",2.61,60.05,10.19,5.29
"2024-06-19 17:00:00",2.93,61.68,10.35,5.65
"2024-06-19 18:00:00",3.15,60.82,10.85,5.66
"2024-06-19 19:00:00",2.82,59.95,9.01,5.22
"2024-06-19 20:00:00",3.36,61.81,9.29,5.43
"2024-06-19 21:00:00",5.28,56.98,8.22,4.75
"2024-06-19 22:00:00",9.1,51.15,8.3,4.89
"2024-06-19 23:00:00",14.17,41.94,8.47,4.5
"2024-06-20 00:00:00",9.94,37.4,8.5,4.8
"2024-06-20 01:00:00",5.05,39.26,6.44,3.52
"2024-06-20 02:00:00",5.66,38.47,6.24,3.81
"2024-06-20 03:00:00",4.61,38.5,5.57,3.3
"2024-06-20 04:00:00",4.45,37.36,5.2,3.49
"2024-06-20 05:00:00",6.22,35.52,5.02,3.48
"2024-06-20 06:00:00",8.14,34.53,6.51,4.08
"2024-06-20 07:00:00",9.75,36.3,14.76,5.62
"2024-06-20 08:00:00",7.07,41.19,7.6,4.53
"2024-06-20 09:00:00",11.04,45.21,9.98,4.85
"2024-06-20 10:00:00",4.97,51.28,10.66,5.41
"2024-06-20 11:00:00",2.55,58.33,8.97,4.81
"2024-06-20 12:00:00",3.47,56.41,10.78,4.86
"2024-06-20 13:00:00",3.87,54.65,9.72,4.9
"2024-06-20 14:00:00",3.05,53.81,9.09,4.69
"2024-06-20 15:00:00",2.32,57.32,8.61,4.86
"2024-06-20 16:00:00",3.08,59.79,10.55,4.78
"2024-06-20 17:00:00",2.75,58.64,9.85,4.35
"2024-06-20 18:00:00",2.53,61.88,8.69,4
"2024-06-20 19:00:00",2.93,62.2,9.38,4.95
"2024-06-20 20:00:00",2.54,57.74,10.91,7.39
"2024-06-20 21:00:00",2.51,57.5,12.47,8.69
"2024-06-20 22:00:00",2.74,54.67,14.58,10.04
"2024-06-20 23:00:00",3.01,51.73,14.16,10.41
"2024-06-21 00:00:00",3.08,50.43,12.93,9.32
"2024-06-21 01:00:00",3.56,48.28,10.62,8.6
"2024-06-21 02:00:00",2.96,48.96,7.43,5.98
"2024-06-21 03:00:00",2.67,51.8,7.75,6.38
"2024-06-21 04:00:00",1.64,54.84,12.2,8.16
"2024-06-21 05:00:00",1.94,57.74,13.91,9.07
"2024-06-21 06:00:00",2.25,59.01,13.89,8.71
"2024-06-21 07:00:00",3.46,55.94,13.92,8.88
"2024-06-21 08:00:00",3.8,54,13.37,7.7
"2024-06-21 09:00:00",3.21,54.2,14.24,7.76
"2024-06-21 10:00:00",2.29,57.49,13.91,7.68
"2024-06-21 11:00:00",2.88,57.55,16.56,8.81
"2024-06-21 12:00:00",3.61,55.82,11.73,7.72
"2024-06-21 13:00:00",3.35,52.91,7.7,5.82
"2024-06-21 14:00:00",3.18,51.22,5.01,3.17
"2024-06-21 15:00:00",3.25,52.2,4.36,2.68
"2024-06-21 16:00:00",4.01,49.54,10.41,5.54
"2024-06-21 17:00:00",2.59,54.68,9.83,5.44
"2024-06-21 18:00:00",4.75,51.8,6.6,3.62
"2024-06-21 19:00:00",9.52,44.78,6.99,3.52
"2024-06-21 20:00:00",9.74,43.9,7.45,4.29
"2024-06-21 21:00:00",5.31,47.61,8.56,3.93
"2024-06-21 22:00:00",10.21,43.07,9.2,4.32
"2024-06-21 23:00:00",8.22,39.1,9.81,4.31
"2024-06-22 00:00:00",5.74,34.38,8.54,3.79
"2024-06-22 01:00:00",7.55,29.38,7.62,3.53
"2024-06-22 02:00:00",6.26,25.65,7.48,3.59
"2024-06-22 03:00:00",8.17,21.77,8.36,3.72
"2024-06-22 04:00:00",8.53,18.08,7.04,3.53
"2024-06-22 05:00:00",7.72,13.67,7.34,3.45
"2024-06-22 06:00:00",9.41,13.85,7.75,3.59
"2024-06-22 07:00:00",6.41,28.51,7.56,3.45
"2024-06-22 08:00:00",4.62,41.09,5.75,2.71
"2024-06-22 09:00:00",2.73,47.96,6.14,2.69
"2024-06-22 10:00:00",3.25,49.33,7.74,3.1
"2024-06-22 11:00:00",2.21,51.18,6.55,2.88
"2024-06-22 12:00:00",2.37,52.02,7.39,3.47
"2024-06-22 13:00:00",1.87,53.27,8.74,4.07
"2024-06-22 14:00:00",1.86,55.7,11.96,6.11
"2024-06-22 15:00:00",2.29,65.99,7.61,4.88
"2024-06-22 16:00:00",2.54,68.41,8.67,4.72
"2024-06-22 17:00:00",2.54,66.6,7.35,4.92
"2024-06-22 18:00:00",2.68,63.71,5.97,4.58
"2024-06-22 19:00:00",2.62,60.79,6.36,5.2
"2024-06-22 20:00:00",2.86,57.4,6.82,6.02
"2024-06-22 21:00:00",2.59,56.17,5.95,5.45
"2024-06-22 22:00:00",3.29,52.75,5.87,5.54
"2024-06-22 23:00:00",2.8,48,8.89,8.21
"2024-06-23 00:00:00",3.24,41.75,8.14,7.3
"2024-06-23 01:00:00",4.29,36.41,8.84,7.61
"2024-06-23 02:00:00",3.54,33.56,5.53,4.72
"2024-06-23 03:00:00",3.34,40,3.22,2.05
"2024-06-23 04:00:00",3.61,40.5,3.86,2.44
"2024-06-23 05:00:00",4.22,38.06,5.17,3.44
"2024-06-23 06:00:00",3.48,42.56,8.84,5.31
"2024-06-23 07:00:00",3.17,44.13,11.09,6.7
"2024-06-23 08:00:00",2.17,51.99,11.8,7.22
"2024-06-23 09:00:00",2.05,54.45,13.28,7.5
"2024-06-23 10:00:00",2.15,54.89,11.41,7
"2024-06-23 11:00:00",1.87,56.11,11.69,7.12
"2024-06-23 12:00:00",2.22,60.17,11.05,7.15
"2024-06-23 13:00:00",1.62,58.34,12.17,7.38
"2024-06-23 14:00:00",1.58,56.44,10.95,7.35
"2024-06-23 15:00:00",1.56,56.11,11.56,7.41
"2024-06-23 16:00:00",1.37,56.68,12.04,7.38
"2024-06-23 17:00:00",1.67,58.1,9.97,6.97
"2024-06-23 18:00:00",1.74,56.61,10.34,6.83
"2024-06-23 19:00:00",2.04,56.43,10.05,7.26
"2024-06-23 20:00:00",2.18,54.45,11.17,8.05
"2024-06-23 21:00:00",2.5,53.57,11.06,8.28
"2024-06-23 22:00:00",1.63,51.35,11.32,8.03
"2024-06-23 23:00:00",2.16,49.93,14.04,9.14
"2024-06-24 00:00:00",2.36,47.64,17.18,10.53
"2024-06-24 01:00:00",1.13,48.15,17.21,11.11
"2024-06-24 02:00:00",1.31,46.61,18.79,11.98
"2024-06-24 03:00:00",2.22,46.14,20.27,13.29
"2024-06-24 04:00:00",2.28,44.23,21.83,15.21
"2024-06-24 05:00:00",1.66,41.16,18.4,14.26
"2024-06-24 06:00:00",3.45,33.5,14.97,13.09
"2024-06-24 07:00:00",5.05,38.19,9.63,8.26
"2024-06-24 08:00:00",5.35,38.64,8.06,7.19
"2024-06-24 09:00:00",4.07,41.78,7.5,6.88
"2024-06-24 10:00:00",2.23,44.05,7.33,6.29
"2024-06-24 11:00:00",2.54,45.3,7.86,6.15
"2024-06-24 12:00:00",2.09,45.36,7.55,6.63
"2024-06-24 13:00:00",1.96,46.1,5.18,4.54
"2024-06-24 14:00:00",2.36,45.75,6.52,5.23
"2024-06-24 15:00:00",2.27,48.07,6.94,5.72
"2024-06-24 16:00:00",2.39,46.97,10.45,8.15
"2024-06-24 17:00:00",2.4,45.53,11.08,8.55
"2024-06-24 18:00:00",2.06,45.38,11.88,9.77
"2024-06-24 19:00:00",1.74,44.55,14.08,11.22
"2024-06-24 20:00:00",1.62,44.61,11.57,10.03
"2024-06-24 21:00:00",1.89,43.14,11.66,9.34
"2024-06-24 22:00:00",1.94,40.72,9.15,7.91
"2024-06-24 23:00:00",3.9,37.41,10.37,9.69
"2024-06-25 00:00:00",1.27,40.86,10.31,9.46
"2024-06-25 01:00:00",2.7,39.38,11.16,10.19
"2024-06-25 02:00:00",1.58,40.06,10.86,10.37
"2024-06-25 03:00:00",1.86,37.08,8.28,7.77
"2024-06-25 04:00:00",3.35,30.82,8.31,7.21
"2024-06-25 05:00:00",5.28,24.83,8.69,7.72
"2024-06-25 06:00:00",5.3,23.33,9.93,8.57
"2024-06-25 07:00:00",7.13,18.08,12.78,9.11
"2024-06-25 08:00:00",7.73,15.47,12.63,6.75
"2024-06-25 09:00:00",7.67,15.18,8.75,5.59
"2024-06-25 10:00:00",4.97,17.62,3.11,1.87
"2024-06-25 11:00:00",3.43,22.54,2.52,1.43
"2024-06-25 12:00:00",5.14,22.73,3.21,1.53
"2024-06-25 13:00:00",4.62,24.03,3.37,1.74
"2024-06-25 14:00:00",3.04,25.96,4.71,2.05
"2024-06-25 15:00:00",5.54,29.28,5.63,2.62
"2024-06-25 16:00:00",5.18,32.87,5.55,3.12
"2024-06-25 17:00:00",5.61,33.01,7.29,3.58
"2024-06-25 18:00:00",4.59,33.73,6.37,3.06
"2024-06-25 19:00:00",5.29,31,4.73,2.75
"2024-06-25 20:00:00",6.25,26.03,4.94,3.12
"2024-06-25 21:00:00",5.07,26.84,7.78,5.82
"2024-06-25 22:00:00",7.41,22.28,8.17,6.42
"2024-06-25 23:00:00",6.11,23.67,8.4,6.05
"2024-06-26 00:00:00",5.38,26.1,8.24,6.14
"2024-06-26 01:00:00",4.2,24.49,8.15,6.06
"2024-06-26 02:00:00",3.68,25.8,8.9,6.94
"2024-06-26 03:00:00",4.09,21.25,9.4,7.55
"2024-06-26 04:00:00",4.49,19.06,10.23,7.89
"2024-06-26 05:00:00",5.01,20.29,11.35,8.56
"2024-06-26 06:00:00",6.26,19.39,12.06,8.97
"2024-06-26 07:00:00",8.83,20.52,13.92,9.06
"2024-06-26 08:00:00",7.99,25.19,13.74,9.45
"2024-06-26 09:00:00",9.03,28.55,13.45,9.14
"2024-06-26 10:00:00",4.41,31.62,13.57,9.97
"2024-06-26 11:00:00",3.25,42.95,13.19,9.82
"2024-06-26 12:00:00",3.14,48.89,12.24,9.07
"2024-06-26 13:00:00",3.19,51.67,9.76,6.72
"2024-06-26 14:00:00",4.27,50.22,11.9,6.74
"2024-06-26 15:00:00",3.38,49.17,11.03,6.85
"2024-06-26 16:00:00",4.28,45.17,11.2,6.73
"2024-06-26 17:00:00",3.84,44.11,9.97,7.56
"2024-06-26 18:00:00",3.16,46.33,7.86,5.78
"2024-06-26 19:00:00",2.78,49.04,6.35,3.29
"2024-06-26 20:00:00",2.87,53.45,6.63,2.99
"2024-06-26 21:00:00",2.08,54.91,8.04,3.61
"2024-06-26 22:00:00",1.97,49.86,6.13,3.1
"2024-06-26 23:00:00",1.37,43.37,2.62,1.58
"2024-06-27 00:00:00",1.27,40.06,2.37,1.2
"2024-06-27 01:00:00",1.27,38.07,3.72,2.09
"2024-06-27 02:00:00",1.6,39.69,7.87,4.66
"2024-06-27 03:00:00",4.09,44.63,15.58,8.45
"2024-06-27 04:00:00",1.55,45.7,14.99,8.58
"2024-06-27 05:00:00",3.68,43.1,16.83,8.38
"2024-06-27 06:00:00",3.02,43.8,11.73,6.43
"2024-06-27 07:00:00",5.23,42.4,8.32,4.22
"2024-06-27 08:00:00",4.14,48.54,6.59,2.38
"2024-06-27 09:00:00",4.23,48.64,6.18,2.3
"2024-06-27 10:00:00",3.99,49.11,6.29,2.31
"2024-06-27 11:00:00",4.12,50.38,7.38,2.29
"2024-06-27 12:00:00",7.48,47.04,5.36,2.08
"2024-06-27 13:00:00",6.19,47.73,4.18,1.5
"2024-06-27 14:00:00",8.64,48.47,6.1,2.22
"2024-06-27 15:00:00",7.21,50.8,8.31,2.73
"2024-06-27 16:00:00",6.59,51.88,6.91,2.75
"2024-06-27 17:00:00",5.37,51.98,6.62,2.89
"2024-06-27 18:00:00",6.93,53.46,8.18,3.5
"2024-06-27 19:00:00",6.95,53.14,9.1,4.35
"2024-06-27 20:00:00",5.94,52.04,8,4.01
"2024-06-27 21:00:00",6.44,49.71,5.78,3.01
"2024-06-27 22:00:00",5.97,51.06,8.02,4.23
"2024-06-27 23:00:00",5.26,51.28,8.08,4.49
"2024-06-28 00:00:00",14.85,49.02,8.75,4.64
"2024-06-28 01:00:00",5.65,49.09,9.59,5.01
"2024-06-28 02:00:00",9.26,48.86,8.98,4.61
"2024-06-28 03:00:00",5.68,50.76,9.87,4.6
"2024-06-28 04:00:00",2.46,52.44,8.15,3.96
"2024-06-28 05:00:00",6.01,44.1,7.87,4.32
"2024-06-28 06:00:00",6.2,41.58,9.67,4.62
"2024-06-28 07:00:00",7.36,39.22,9.71,4.97
"2024-06-28 08:00:00",9.43,38.86,11.48,5.32
"2024-06-28 09:00:00",11.06,42.74,12.12,5.01
"2024-06-28 10:00:00",5.88,52.53,7.87,4.01
"2024-06-28 11:00:00",7.07,54.97,10.18,4.16
"2024-06-28 12:00:00",5.71,55.31,16.17,5.32
"2024-06-28 13:00:00",4.9,54.57,10.15,4.76
"2024-06-28 14:00:00",3.39,58.01,11.7,5.56
"2024-06-28 15:00:00",3.25,59.66,11.61,5.29
"2024-06-28 16:00:00",2.71,58.82,13.36,5.39
"2024-06-28 17:00:00",2.71,58.75,11.95,4.57
"2024-06-28 18:00:00",2.71,56.44,11.74,4.48
"2024-06-28 19:00:00",3.82,53.69,9.14,4.17
"2024-06-28 20:00:00",6.09,48.6,7.65,3.6
"2024-06-28 21:00:00",5.85,48.24,8.01,3.7
"2024-06-28 22:00:00",3,51.82,6.65,3.38
"2024-06-28 23:00:00",3.04,52.78,4.55,3.16
"2024-06-29 00:00:00",2.71,52.02,4.65,3
"2024-06-29 01:00:00",2.75,52.57,4.55,3.11
"2024-06-29 02:00:00",2.38,52.47,5.35,2.77
"2024-06-29 03:00:00",2.08,53.54,6.41,3.64
"2024-06-29 04:00:00",2.22,54.9,4.15,2.43
"2024-06-29 05:00:00",2.57,55.11,4.35,2.07
"2024-06-29 06:00:00",2.84,53.92,2.56,1.12
"2024-06-29 07:00:00",2.91,51.67,1.9,0.71
"2024-06-29 08:00:00",2.85,49.62,2.93,1.44
"2024-06-29 09:00:00",2.85,50.03,3.18,1.3
"2024-06-29 10:00:00",2.83,49.52,3.21,1.71
"2024-06-29 11:00:00",2.91,48,2.51,1.49
"2024-06-29 12:00:00",3.01,45.38,2.99,1.91
"2024-06-29 13:00:00",2.28,44.03,3.21,1.83
"2024-06-29 14:00:00",2.19,42.58,2.87,1.88
"2024-06-29 15:00:00",3.2,39.21,3.55,1.67
"2024-06-29 16:00:00",4.28,33.22,3.56,1.11
"2024-06-29 17:00:00",4.75,32.8,3.68,0.87
"2024-06-29 18:00:00",5.23,36.57,3.32,1.11
"2024-06-29 19:00:00",4.26,34.86,5.74,2.95
"2024-06-29 20:00:00",4.47,32.74,7.48,3.72
"2024-06-29 21:00:00",4.29,31.32,9.2,5.08
"2024-06-29 22:00:00",3.53,30.4,9.3,4.6
"2024-06-29 23:00:00",2.61,37.67,10.58,4.14
"2024-06-30 00:00:00",2.44,38.3,10.64,4.2
"2024-06-30 01:00:00",2.1,36.16,10.7,4.41
"2024-06-30 02:00:00",2.08,40.13,11.6,5.25
"2024-06-30 03:00:00",2.24,35.2,10.96,5.21
"2024-06-30 04:00:00",2.92,34.4,11.69,5.32
"2024-06-30 05:00:00",1.92,35.16,12.42,5.97
"2024-06-30 06:00:00",1.74,34.11,11.55,5.91
"2024-06-30 07:00:00",1.73,34.49,11.41,5.48
"2024-06-30 08:00:00",1.29,37.63,8.74,4.39
"2024-06-30 09:00:00",1.97,38.57,7.41,3.54
"2024-06-30 10:00:00",3.81,42.3,4.95,2.31
"2024-06-30 11:00:00",3.51,45.9,4.86,2.57
"2024-06-30 12:00:00",3.85,45.17,4.26,1.86
"2024-06-30 13:00:00",3.78,44.43,3.95,1.82
"2024-06-30 14:00:00",3.17,46.67,4.73,2.19
"2024-06-30 15:00:00",2.42,50.84,5.3,2.54
"2024-06-30 16:00:00",1.99,51.06,6.36,3.58
"2024-06-30 17:00:00",3.23,49.89,8.22,4.68
"2024-06-30 18:00:00",4.7,46.9,10.1,5.33
"2024-06-30 19:00:00",3.05,47.4,12.24,6.4
"2024-06-30 20:00:00",4.45,43.68,11.4,6.35
"2024-06-30 21:00:00",4.41,42.25,9.47,5.37
"2024-06-30 22:00:00",4.31,42.62,7.09,4.29
"2024-06-30 23:00:00",3.55,42.52,5.23,3.32
"2024-07-01 00:00:00",3.18,42.73,4.34,2.58
"2024-07-01 01:00:00",3.72,49.36,3.77,1.77
"2024-07-01 02:00:00",5.34,41.86,3.91,1.77
"2024-07-01 03:00:00",6.35,33.46,3.87,2.12
"2024-07-01 04:00:00",7.11,31.04,3.71,2.19
"2024-07-01 05:00:00",11.17,28.27,4.41,2.8
"2024-07-01 06:00:00",7.8,26.59,5.67,3.55
"2024-07-01 07:00:00",12.57,23.59,7.39,3.92
"2024-07-01 08:00:00",11.99,29.8,8.61,4.2
"2024-07-01 09:00:00",8.07,35.45,9.15,4.37
"2024-07-01 10:00:00",7.7,38.51,6.39,3.17
"2024-07-01 11:00:00",11.83,29.31,6.48,3.26
"2024-07-01 12:00:00",9.43,29.7,10.56,3.65
"2024-07-01 13:00:00",5.29,33.94,6.21,3.16
"2024-07-01 14:00:00",8.2,33.53,5.73,2.89
"2024-07-01 15:00:00",7.97,35.51,5.97,3.09
"2024-07-01 16:00:00",6.72,33.77,6.08,2.68
"2024-07-01 17:00:00",3.51,35.66,3.56,1.72
"2024-07-01 18:00:00",3.76,41.78,4.89,2.4
"2024-07-01 19:00:00",3.75,46.36,6.55,3.65
"2024-07-01 20:00:00",4.93,50.67,8.38,4.49
"2024-07-01 21:00:00",4.22,54.4,7.64,4.04
"2024-07-01 22:00:00",4.24,48.76,9.02,5.06
"2024-07-01 23:00:00",3.65,42.69,11.53,5.96
"2024-07-02 00:00:00",2.13,40.2,14.44,7.47
"2024-07-02 01:00:00",2.29,36.92,15.43,8.42
"2024-07-02 02:00:00",1.6,35.97,17.57,9.23
"2024-07-02 03:00:00",2.42,33.46,16.68,9.1
"2024-07-02 04:00:00",2.05,33.03,16.56,9.22
"2024-07-02 05:00:00",3.02,32.13,16.62,8.85
"2024-07-02 06:00:00",4.1,29.31,14.7,8.25
"2024-07-02 07:00:00",5.81,27.09,15.29,8.64
"2024-07-02 08:00:00",9.01,27,16.82,9.56
"2024-07-02 09:00:00",8.78,30.84,19.38,10.02
"2024-07-02 10:00:00",7.2,32.71,16.17,9.13
"2024-07-02 11:00:00",7.33,32.59,15.03,8.4
"2024-07-02 12:00:00",8.96,33.69,15.06,7.7
"2024-07-02 13:00:00",7.7,39.24,10.44,6
"2024-07-02 14:00:00",5.85,41.14,17.03,7.85
"2024-07-02 15:00:00",3.12,43.45,17.28,8.04
"2024-07-02 16:00:00",4.3,44.49,10.55,6.63
"2024-07-02 17:00:00",4.96,50.48,10.47,6.18
"2024-07-02 18:00:00",4.05,49.61,8.21,4.19
"2024-07-02 19:00:00",2.56,46.19,10.63,5.5
"2024-07-02 20:00:00",3.22,46.3,9.78,5.62
"2024-07-02 21:00:00",3.84,43.86,8.81,5.13
"2024-07-02 22:00:00",2.86,46.28,9.01,5.28
"2024-07-02 23:00:00",2.42,44.4,11.78,6.96
"2024-07-03 00:00:00",2.77,44.07,14.46,8.4
"2024-07-03 01:00:00",2.28,45.21,14.59,8.96
"2024-07-03 02:00:00",3.68,44.54,15.27,9.15
"2024-07-03 03:00:00",2.44,49.68,13.47,8.32
"2024-07-03 04:00:00",2.08,55.6,9.51,6.16
"2024-07-03 05:00:00",3.39,55.57,8.15,5.15
"2024-07-03 06:00:00",3.97,54.63,6.83,4.48
"2024-07-03 07:00:00",6.34,51.72,4.3,2.77
"2024-07-03 08:00:00",8.58,48.18,3.69,1.91
"2024-07-03 09:00:00",6.41,47.98,3.11,1.42
"2024-07-03 10:00:00",9.67,43.6,3.95,1.2
"2024-07-03 11:00:00",6.31,43.89,6.04,1.46
"2024-07-03 12:00:00",5.82,49.22,10.84,2.33
"2024-07-03 13:00:00",5.69,50.48,5.13,1.74
"2024-07-03 14:00:00",4.16,49.98,9.24,2.52
"2024-07-03 15:00:00",2.43,49.58,8.71,1.92
"2024-07-03 16:00:00",2.87,47.4,6.61,1.77
"2024-07-03 17:00:00",2.51,49.22,7.15,1.86
"2024-07-03 18:00:00",2.63,51.03,6.12,2.26
"2024-07-03 19:00:00",2.59,52.49,9.76,4.28
"2024-07-03 20:00:00",3.17,54.46,9.81,4.34
"2024-07-03 21:00:00",3.71,53.27,7.84,3.76
"2024-07-03 22:00:00",7.71,49.38,10.14,4.76
"2024-07-03 23:00:00",4.54,49.99,11.13,5.18