"Date and Time","NO<sub>2</sub>","O<sub>3</sub>","PM<sub>10</sub>","PM<sub>2.5</sub>"
"2025-01-03 01:00:00",8.01,25.8,9.45,8.12
"2025-01-03 02:00:00",6.62,31,12.49,10.35
"2025-01-03 03:00:00",4.23,36.01,10.06,8.37
"2025-01-03 04:00:00",3.74,35.24,9.42,7.58
"2025-01-03 05:00:00",4.27,33.09,8.06,6.44
"2025-01-03 06:00:00",7.35,35.01,7.88,6.26
"2025-01-03 07:00:00",10.41,29.95,8.15,6.5
"2025-01-03 08:00:00",18.35,22.28,9.15,6.99
"2025-01-03 09:00:00",22.47,21.76,9.82,7.88
"2025-01-03 10:00:00",13.67,28.63,9.86,8.08
"2025-01-03 11:00:00",13.27,28.68,9.82,7.71
"2025-01-03 12:00:00",10.64,34.91,10.14,7.35
"2025-01-03 13:00:00",11.88,35.61,9.43,6.42
"2025-01-03 14:00:00",11.48,37.65,8.99,6.49
"2025-01-03 15:00:00",11.14,41.46,7.41,4.47
"2025-01-03 16:00:00",16.96,35.72,10.42,8.15
"2025-01-03 17:00:00",27.21,24.14,12.93,9.79
"2025-01-03 18:00:00",29.58,18.36,11.31,8.76
"2025-01-03 19:00:00",35.74,12.95,42.62,40.27
"2025-01-03 20:00:00",36.78,7.02,29.73,27.16
"2025-01-03 21:00:00",36.97,5.98,75.79,72.15
"2025-01-03 22:00:00",36.31,5.85,114.92,111.29
"2025-01-03 23:00:00",28.94,5.2,45.81,41.28
"2025-01-04 00:00:00",26.22,5.81,27.88,25.05
"2025-01-04 01:00:00",24.76,5.8,74.9,70.4
"2025-01-04 02:00:00",22.14,6.81,44.39,43.42
"2025-01-04 03:00:00",19.59,6.44,36.3,35.05
"2025-01-04 04:00:00",17.64,5.73,38.61,37.68
"2025-01-04 05:00:00",16.74,5.93,33.25,31.93
"2025-01-04 06:00:00",17.03,7.36,19.79,18.27
"2025-01-04 07:00:00",16.53,6.85,16.37,15.22
"2025-01-04 08:00:00",16.67,10.53,11.83,11.03
"2025-01-04 09:00:00",20.12,9.49,16.47,15.18
"2025-01-04 10:00:00",24.66,12.04,13.86,12.78
"2025-01-04 11:00:00",29.69,14.94,27.04,25.26
"2025-01-04 12:00:00",24.57,29.63,19.85,18.31
"2025-01-04 13:00:00",23.12,31.13,24.18,21.51
"2025-01-04 14:00:00",23.46,30.02,33.44,30.87
"2025-01-04 15:00:00",19.68,34.07,22.24,20.82
"2025-01-04 16:00:00",6.3,56.61,6,4.66
"2025-01-04 17:00:00",10.35,54.13,10.12,8.32
"2025-01-04 18:00:00",5.38,63,5.98,4.74
"2025-01-04 19:00:00",7.48,59.19,5.82,4.92
"2025-01-04 20:00:00",6.51,60.8,4.04,3.53
"2025-01-04 21:00:00",7.13,57.68,6.91,6.61
"2025-01-04 22:00:00",6.97,57.67,4.42,4.2
"2025-01-04 23:00:00",5.11,61.56,3.76,3.38
"2025-01-05 00:00:00",5.31,60.05,2.97,2.59
"2025-01-05 01:00:00",4.36,61.09,3.11,2.85
"2025-01-05 02:00:00",2.87,66.23,1.45,1.11
"2025-01-05 03:00:00",2.49,66.74,1.25,1.06
"2025-01-05 04:00:00",2.79,62.84,0.29,0.26
"2025-01-05 05:00:00",2.21,60.18,0.68,0.46
"2025-01-05 06:00:00",2.34,56.46,1.02,0.93
"2025-01-05 07:00:00",3.3,53.47,1.72,1.61
"2025-01-05 08:00:00",3.56,52.72,2.63,2.41
"2025-01-05 09:00:00",4.08,49.24,3.2,2.75
"2025-01-05 10:00:00",5.58,46.63,6.09,5.77
"2025-01-05 11:00:00",7.45,45.68,9.36,9.04
"2025-01-05 12:00:00",7.39,48.27,4.78,4.53
"2025-01-05 13:00:00",9.24,46.17,9.84,9.61
"2025-01-05 14:00:00",9.42,46.53,8.71,8.45
"2025-01-05 15:00:00",9.04,48.24,5.59,5.27
"2025-01-05 16:00:00",8.86,47.33,12.01,11.92
"2025-01-05 17:00:00",11.28,44.28,14.19,13.85
"2025-01-05 18:00:00",8.79,46.58,8.28,7.84
"2025-01-05 19:00:00",7.63,48.43,12.49,12.34
"2025-01-05 20:00:00",6.56,51.3,9.84,9.56
"2025-01-05 21:00:00",5.01,54,9.07,8.92
"2025-01-05 22:00:00",4.21,55.7,7.26,7.11
"2025-01-05 23:00:00",3.14,57.81,7.57,7.29
"2025-01-06 00:00:00",2.02,61.62,5.52,5.12
"2025-01-06 01:00:00",1.5,60.89,4.63,4.15
"2025-01-06 02:00:00",1.19,61.29,3.42,2.86
"2025-01-06 03:00:00",1.23,57.17,3.83,3.21
"2025-01-06 04:00:00",0.75,60.7,3.18,2.32
"2025-01-06 05:00:00",0.88,61.54,2.87,1.94
"2025-01-06 06:00:00",1.83,58,3.06,2.04
"2025-01-06 07:00:00",2.61,56.96,3.07,2.15
"2025-01-06 08:00:00",6.08,52.98,2.77,1.92
"2025-01-06 09:00:00",9.53,49.75,2.99,1.87
"2025-01-06 10:00:00",6.24,55.18,2.26,1.61
"2025-01-06 11:00:00",7.82,52.86,2.64,1.72
"2025-01-06 12:00:00",5.08,55.07,1.93,1.42
"2025-01-06 13:00:00",7.67,54.98,4.75,1.77
"2025-01-06 14:00:00",6.22,58.26,6.59,2.39
"2025-01-06 15:00:00",9.48,55.95,6.27,3.11
"2025-01-06 16:00:00",7.67,57.55,6.5,3.54
"2025-01-06 17:00:00",12.48,53.26,7.85,3.43
"2025-01-06 18:00:00",13.63,50.02,12.24,4.46
"2025-01-06 19:00:00",10.45,53.89,9.74,5.12
"2025-01-06 20:00:00",11.16,51.66,10.23,5.55
"2025-01-06 21:00:00",7.46,57.78,8.08,4
"2025-01-06 22:00:00",5.2,60.83,6.83,3.81
"2025-01-06 23:00:00",4.66,58.86,4.34,2.45
"2025-01-07 00:00:00",1.02,60.95,3.16,1.84
"2025-01-07 01:00:00",3.18,62.36,3.72,1.83
"2025-01-07 02:00:00",0.55,68.57,2.63,1.6
"2025-01-07 03:00:00",0.4,66.88,1.85,1.12
"2025-01-07 04:00:00",0.58,64.85,1.21,0.73
"2025-01-07 05:00:00",0.64,64.04,1.33,0.72
"2025-01-07 06:00:00",1.36,61.64,2.09,1.18
"2025-01-07 07:00:00",8.68,53.1,2.74,1.39
"2025-01-07 08:00:00",22.8,40.53,4.65,2.08
"2025-01-07 09:00:00",41.25,23.78,7.93,5.95
"2025-01-07 10:00:00",22.11,40.88,6.79,3.2
"2025-01-07 11:00:00",13.91,44.6,9.59,3.34
"2025-01-07 12:00:00",10.37,48.59,6.39,2.89
"2025-01-07 13:00:00",8.7,50.83,7.61,3.19
"2025-01-07 14:00:00",10.66,49.45,7.81,3.41
"2025-01-07 15:00:00",14.48,45.43,7.09,3.6
"2025-01-07 16:00:00",13.84,46.48,11.48,3.91
"2025-01-07 17:00:00",17.67,42.31,15.28,5.21
"2025-01-07 18:00:00",33.79,25.65,21.58,15.59
"2025-01-07 19:00:00",35.24,23.98,21.9,18.29
"2025-01-07 20:00:00",16.18,40.16,13.08,9.85
"2025-01-07 21:00:00",31.33,22.77,17.84,15.13
"2025-01-07 22:00:00",33.02,16.14,25.92,23.41
"2025-01-07 23:00:00",38.79,9.01,59.22,56.27
"2025-01-08 00:00:00",37.1,12.17,58.98,56.45
"2025-01-08 01:00:00",15.03,28.48,18.06,16.41
"2025-01-08 02:00:00",9.87,30.87,13.95,11.81
"2025-01-08 03:00:00",5.13,38.5,9.27,8.03
"2025-01-08 04:00:00",3.21,42.79,6.91,5.81
"2025-01-08 05:00:00",3.96,40.47,6.53,5.58
"2025-01-08 06:00:00",8.28,34.27,6.15,5.19
"2025-01-08 07:00:00",11.05,35.2,7.11,6.26
"2025-01-08 08:00:00",19.48,28,6.96,6.29
"2025-01-08 09:00:00",37.51,15.23,7.44,6.17
"2025-01-08 10:00:00",28.05,28.43,8.43,6.21
"2025-01-08 11:00:00",22.89,35.32,19.78,16.91
"2025-01-08 12:00:00",18.35,34.44,19.43,17.78
"2025-01-08 13:00:00",16.96,31.63,21.79,20.35
"2025-01-08 14:00:00",18.76,28.99,18.23,16.84
"2025-01-08 15:00:00",19.72,28.35,15.89,13.62
"2025-01-08 16:00:00",22.64,26.76,27.77,26.08
"2025-01-08 17:00:00",22.73,26.23,22.72,21.16
"2025-01-08 18:00:00",22.82,24.78,29.94,28.73
"2025-01-08 19:00:00",19.82,27.29,32.46,31.24
"2025-01-08 20:00:00",18.78,28.17,30.16,29.11
"2025-01-08 21:00:00",18.61,26.61,25.24,24.03
"2025-01-08 22:00:00",15.37,30.38,25.13,23.88
"2025-01-08 23:00:00",13.93,32.39,21.89,20.23
"2025-01-09 00:00:00",11.67,34.92,17.78,15.61
"2025-01-09 01:00:00",10.01,34.64,19.16,17.56
"2025-01-09 02:00:00",7.02,38.71,15.71,14.36
"2025-01-09 03:00:00",6.5,39.66,15.49,14.37
"2025-01-09 04:00:00",6.06,41.37,13.09,12
"2025-01-09 05:00:00",5.75,38.92,14.31,12.75
"2025-01-09 06:00:00",7.01,38.84,12.36,11.79
"2025-01-09 07:00:00",8.29,40.05,10.42,9.91
"2025-01-09 08:00:00",14.11,34.74,10.62,9.04
"2025-01-09 09:00:00",36.43,18.89,10.26,8.84
"2025-01-09 10:00:00",31.59,23.18,22.8,13.53
"2025-01-09 11:00:00",18.59,34.23,11.93,9.77
"2025-01-09 12:00:00",13.33,39.79,13.92,8.23
"2025-01-09 13:00:00",12.28,42.34,25.46,9.19
"2025-01-09 14:00:00",11.94,46.19,12.92,7.45
"2025-01-09 15:00:00",14.03,47.51,13.34,7.19
"2025-01-09 16:00:00",34.42,26.8,32.07,20.2
"2025-01-09 17:00:00",51.44,14.08,48.87,28.83
"2025-01-09 18:00:00",51.27,11.99,42.76,34.85
"2025-01-09 19:00:00",53.31,10.07,65.48,58.17
"2025-01-09 20:00:00",53.67,9.96,140.29,134.77
"2025-01-09 21:00:00",47.42,8.93,91.97,87.45
"2025-01-09 22:00:00",36.88,14.98,56.36,54.12
"2025-01-09 23:00:00",36.6,9.56,44.21,42.06
"2025-01-10 00:00:00",33.63,9.01,38.22,35.72
"2025-01-10 01:00:00",24.04,21.71,31.97,30.3
"2025-01-10 02:00:00",11.07,33.21,15.33,13.15
"2025-01-10 03:00:00",8.32,39.86,12.81,10.66
"2025-01-10 04:00:00",6,39.94,11.01,8.92
"2025-01-10 05:00:00",7.73,41.69,8.85,6.1
"2025-01-10 06:00:00",3.59,60.01,6.83,3.17
"2025-01-10 07:00:00",5.24,56.82,9.77,4.87
"2025-01-10 08:00:00",14.25,49.76,10.12,5.08
"2025-01-10 09:00:00",16.6,47.97,8.99,4.64
"2025-01-10 10:00:00",10.92,55.26,9.12,4.32
"2025-01-10 11:00:00",8.37,57.21,8.22,4.45
"2025-01-10 12:00:00",8.55,56,9.64,4.97
"2025-01-10 13:00:00",9.37,54.74,8.85,5.14
"2025-01-10 14:00:00",10.79,51.51,12.15,7.23
"2025-01-10 15:00:00",12.95,50.66,12.67,7.98
"2025-01-10 16:00:00",11.9,50.75,9.79,6.6
"2025-01-10 17:00:00",10.86,51.97,11.85,8.76
"2025-01-10 18:00:00",9.6,53.43,10.22,7.8
"2025-01-10 19:00:00",10.35,51.96,12.95,10.05
"2025-01-10 20:00:00",9.63,51.7,12.81,10.12
"2025-01-10 21:00:00",7.47,54.03,11.73,9.04
"2025-01-10 22:00:00",5.54,55.92,6.12,5.11
"2025-01-10 23:00:00",5.55,55.19,5.26,4.44
"2025-01-11 00:00:00",4,57.72,4.18,3.37
"2025-01-11 01:00:00",3.46,59.21,3.52,2.84
"2025-01-11 02:00:00",2.87,57.86,3.99,2.9
"2025-01-11 03:00:00",2.04,64,2.05,1.48
"2025-01-11 04:00:00",2.17,61.88,2.16,1.44
"2025-01-11 05:00:00",4.23,53.18,2.08,1.51
"2025-01-11 06:00:00",2.79,57.52,1.97,1.27
"2025-01-11 07:00:00",4.19,58.05,4.97,2.63
"2025-01-11 08:00:00",4.21,58.12,6.49,3.19
"2025-01-11 09:00:00",9.65,52.76,8.59,5.69
"2025-01-11 10:00:00",11.27,48.36,7.54,4.91
"2025-01-11 11:00:00",19.73,40.97,8.21,5.84
"2025-01-11 12:00:00",17.65,38.93,10.65,6.42
"2025-01-11 13:00:00",8.22,41.81,5.7,4.12
"2025-01-11 14:00:00",8.42,45.06,3.57,2.64
"2025-01-11 15:00:00",9.67,40.93,6.11,3.61
"2025-01-11 16:00:00",12.92,36.37,10.56,7.68
"2025-01-11 17:00:00",30.06,15.62,32.09,28.65
"2025-01-11 18:00:00",32.89,5.6,26.22,23.78
"2025-01-11 19:00:00",36.53,4.89,16.63,14.92
"2025-01-11 20:00:00",40.22,4.91,74.3,73.33
"2025-01-11 21:00:00",42.09,5.48,137.46,136.31
"2025-01-11 22:00:00",36.63,5.08,75.1,73.99
"2025-01-11 23:00:00",39.05,5.82,140.41,138.57
"2025-01-12 00:00:00",26.74,4.75,28.33,27.17
"2025-01-12 01:00:00",26.76,5.15,56.62,55.3
"2025-01-12 02:00:00",30.64,5.75,81.01,80.03
"2025-01-12 03:00:00",30.58,5.66,90.7,90.26
"2025-01-12 04:00:00",25.29,5.63,71.04,70.53
"2025-01-12 05:00:00",21.28,5.53,48.03,47.56
"2025-01-12 06:00:00",19.27,5.22,35.64,35.29
"2025-01-12 07:00:00",18.55,5.56,25.38,25.03
"2025-01-12 08:00:00",16.6,6.51,14.84,14.54
"2025-01-12 09:00:00",16.95,5.44,22.81,22.36
"2025-01-12 10:00:00",17.92,6.15,28.19,26.27
"2025-01-12 11:00:00",27.14,10.83,28.7,22.72
"2025-01-12 12:00:00",3.82,42.39,16.3,8.83
"2025-01-12 13:00:00",3.51,53.82,16.58,8.92
"2025-01-12 14:00:00",3.51,56.62,19.52,11.22
"2025-01-12 15:00:00",3.63,57.83,22.65,14.49
"2025-01-12 16:00:00",4.6,56.8,24.85,16.19
"2025-01-12 17:00:00",5.77,57.07,23.83,15.59
"2025-01-12 18:00:00",5.11,58.82,24.9,16.79
"2025-01-12 19:00:00",5.59,58.92,21.67,14.6
"2025-01-12 20:00:00",4.32,60.94,21.48,13.58
"2025-01-12 21:00:00",3.49,59.94,19.77,12.09
"2025-01-12 22:00:00",3.23,59.29,22.2,13.34
"2025-01-12 23:00:00",2.57,60.46,17.6,11.24
"2025-01-13 00:00:00",2.06,61.71,8.57,6.67
"2025-01-13 01:00:00",1.58,62.98,7.01,5.44
"2025-01-13 02:00:00",1.2,64.04,3.93,2.98
"2025-01-13 03:00:00",0.98,64.98,5.78,4.42
"2025-01-13 04:00:00",0.78,64.12,6.02,4.4
"2025-01-13 05:00:00",0.84,64.03,5.1,3.73
"2025-01-13 06:00:00",0.97,63.26,7.13,5.17
"2025-01-13 07:00:00",1.23,64.05,9.6,6.72
"2025-01-13 08:00:00",2.13,63.84,9.26,6.38
"2025-01-13 09:00:00",3.36,62.83,13.72,8.81
"2025-01-13 10:00:00",2.49,63.01,18.76,11.29
"2025-01-13 11:00:00",2.05,61.78,19.56,11.8
"2025-01-13 12:00:00",2.57,61.18,20.85,12.32
"2025-01-13 13:00:00",2.4,60.9,22.01,13.06
"2025-01-13 14:00:00",2.44,60.42,17.11,11.68
"2025-01-13 15:00:00",2.58,60.84,23.59,14.27
"2025-01-13 16:00:00",2.79,60.85,13.58,9.89
"2025-01-13 17:00:00",2.77,61.69,20.58,13.11
"2025-01-13 18:00:00",2.79,61.37,27.35,15.68
"2025-01-13 19:00:00",2.52,61.63,15.43,10.59
"2025-01-13 20:00:00",1.97,62.57,12.29,9.08
"2025-01-13 21:00:00",2,62.45,13.17,9.22
"2025-01-13 22:00:00",1.71,63.12,8.96,6.66
"2025-01-13 23:00:00",1.53,64.38,7.2,5.19
"2025-01-14 00:00:00",0.97,64.28,5.95,4.3
"2025-01-14 01:00:00",0.8,64.14,5.1,3.77
"2025-01-14 02:00:00",0.61,63.69,4.1,2.97
"2025-01-14 03:00:00",0.9,63.06,3.69,3.13
"2025-01-14 04:00:00",1.65,60.62,3.29,2.72
"2025-01-14 05:00:00",1.14,58.97,2.98,2.33
"2025-01-14 06:00:00",1.53,57.42,2.78,2.11
"2025-01-14 07:00:00",4.04,53.61,1.97,1.65
"2025-01-14 08:00:00",8.09,46.14,3.54,2.96
"2025-01-14 09:00:00",10.42,43.29,3.68,2.87
"2025-01-14 10:00:00",6.47,46.98,3.09,2.42
"2025-01-14 11:00:00",4.25,51.02,2.52,2.04
"2025-01-14 12:00:00",5.83,50.46,2.12,1.82
"2025-01-14 13:00:00",5.31,51.11,4.53,3.5
"2025-01-14 14:00:00",4.79,51.09,3.83,3.47
"2025-01-14 15:00:00",5.22,51.03,4.18,3.31
"2025-01-14 16:00:00",7.12,50.54,4.02,3.48
"2025-01-14 17:00:00",8.4,52.42,3.85,3.24
"2025-01-14 18:00:00",7.93,52.46,7.48,6.6
"2025-01-14 19:00:00",5.39,53.55,8.26,7.48
"2025-01-14 20:00:00",4.08,57.02,7.11,6.24
"2025-01-14 21:00:00",4.64,55.88,14.43,9.8
"2025-01-14 22:00:00",4.44,54.33,15.02,10.2
"2025-01-14 23:00:00",4.48,51.95,16.98,11.89
"2025-01-15 00:00:00",2.46,55.93,13.52,9.42
"2025-01-15 01:00:00",1.5,55.67,11.34,8.15
"2025-01-15 02:00:00",0.68,57.02,10.72,6.9
"2025-01-15 03:00:00",0.93,57.05,12.18,7.59
"2025-01-15 04:00:00",2.92,51.55,10.58,6.3
"2025-01-15 05:00:00",1.28,55.73,10.64,6.64
"2025-01-15 06:00:00",3.61,52.05,10.14,6.04
"2025-01-15 07:00:00",11.43,39.49,10.12,5.83
"2025-01-15 08:00:00",32.42,21.48,12.2,8.97
"2025-01-15 09:00:00",52.1,6.7,11.31,7.81
"2025-01-15 10:00:00",22.65,42.03,10.36,6.51
"2025-01-15 11:00:00",7.64,53.55,11.01,7.28
"2025-01-15 12:00:00",3.93,59.16,9.82,6.32
"2025-01-15 13:00:00",3.89,58.27,11.89,7.85
"2025-01-15 14:00:00",4.74,59.1,12.78,8.75
"2025-01-15 15:00:00",5.02,59.46,13.08,9
"2025-01-15 16:00:00",11.33,53.2,17.34,12.28
"2025-01-15 17:00:00",13.43,49.22,19.75,15.3
"2025-01-15 18:00:00",27.64,36.1,24.92,20.72
"2025-01-15 19:00:00",21.91,39.35,25.32,20.83
"2025-01-15 20:00:00",31.61,31.48,37.73,33.01
"2025-01-15 21:00:00",10.19,52.83,21.1,16.65
"2025-01-15 22:00:00",9.46,50.11,17.5,13.92
"2025-01-15 23:00:00",5.42,56.03,15.91,11.9
"2025-01-16 00:00:00",6.78,49.82,17.18,12.82
"2025-01-16 01:00:00",10.02,41.1,10.77,8.29
"2025-01-16 02:00:00",5.18,51.89,11.66,7.58
"2025-01-16 03:00:00",3.61,53.96,11.74,6.83
"2025-01-16 04:00:00",2.32,58.69,14.07,7.19
"2025-01-16 05:00:00",2.22,61.74,10.65,6.25
"2025-01-16 06:00:00",2.28,61.85,11,6.82
"2025-01-16 07:00:00",4.06,59.32,11.49,6.88
"2025-01-16 08:00:00",5.2,59.89,11.89,6.56
"2025-01-16 09:00:00",8.67,58.43,10.75,6.14
"2025-01-16 10:00:00",8.98,58.82,11.87,6.69
"2025-01-16 11:00:00",4.96,64.48,12.19,6.19
"2025-01-16 12:00:00",4.32,66.42,12.92,6.67
"2025-01-16 13:00:00",3.26,66.26,11.56,6.71
"2025-01-16 14:00:00",4.28,66.69,13.83,7.85
"2025-01-16 15:00:00",4.73,65.93,16.73,9.04
"2025-01-16 16:00:00",4.32,65.68,16.17,10.04
"2025-01-16 17:00:00",6.18,63.11,18.63,12.26
"2025-01-16 18:00:00",7.43,65.56,18.68,12.42
"2025-01-16 19:00:00",4.82,70.46,15.16,9.69
"2025-01-16 20:00:00",3.87,69.39,14.68,9.11
"2025-01-16 21:00:00",3.36,69.78,13.01,8.39
"2025-01-16 22:00:00",3.1,69.88,13.87,8.75
"2025-01-16 23:00:00",2.11,68.56,16.63,10.74
"2025-01-17 00:00:00",1.52,64.93,19.55,12.24
"2025-01-17 01:00:00",2.28,65.31,16.1,10.22
"2025-01-17 02:00:00",0.8,67.06,14.37,7.99
"2025-01-17 03:00:00",0.49,68.05,13.46,6.97
"2025-01-17 04:00:00",0.58,67.23,13.04,6.94
"2025-01-17 05:00:00",0.57,67.34,12.66,6.32
"2025-01-17 06:00:00",1.03,67.6,12.38,6.3
"2025-01-17 07:00:00",1.6,66.19,12.42,6.21
"2025-01-17 08:00:00",7.25,61.53,11.99,5.87
"2025-01-17 09:00:00",6.51,62.52,9.51,4.68
"2025-01-17 10:00:00",4.62,63.3,8.36,3.92
"2025-01-17 11:00:00",3.16,61.94,8.57,4.5
"2025-01-17 12:00:00",2.93,60.77,11.28,6.17
"2025-01-17 13:00:00",2.99,60.5,8.82,4.96
"2025-01-17 14:00:00",3.22,61.42,13.56,7.1
"2025-01-17 15:00:00",3.07,65.17,11.53,6.73
"2025-01-17 16:00:00",4.33,62.95,13.7,8.55
"2025-01-17 17:00:00",5,60.34,15.85,9.76
"2025-01-17 18:00:00",4.7,59.73,18.84,12.73
"2025-01-17 19:00:00",3.85,60.8,16.93,11.03
"2025-01-17 20:00:00",3.91,59.71,16.33,10.78
"2025-01-17 21:00:00",3.34,58.54,17.82,12.14
"2025-01-17 22:00:00",3.13,57.54,15.47,10.25
"2025-01-17 23:00:00",2.61,58.79,13.95,8.37
"2025-01-18 00:00:00",1.85,61.33,12.9,7.71
"2025-01-18 01:00:00",1.47,59.54,11.98,7.18
"2025-01-18 02:00:00",1.33,59.39,11.68,6.91
"2025-01-18 03:00:00",1.31,61.71,11.83,6.35
"2025-01-18 04:00:00",1.47,64.79,9.61,5.23
"2025-01-18 05:00:00",0.91,64.01,13.98,6.58
"2025-01-18 06:00:00",1.12,65.7,14.69,7.52
"2025-01-18 07:00:00",1.2,65.85,15.26,7.38
"2025-01-18 08:00:00",1.79,65.02,15.75,7.79
"2025-01-18 09:00:00",2.22,64.34,14.09,7.57
"2025-01-18 10:00:00",3.99,60.91,18.2,9.28
"2025-01-18 11:00:00",3.75,60.55,19.71,9.98
"2025-01-18 12:00:00",3.4,60.5,20.81,11.5
"2025-01-18 13:00:00",3.95,62.1,20.36,11.22
"2025-01-18 14:00:00",3.61,63.03,21.06,11.53
"2025-01-18 15:00:00",3.69,63.79,23.21,12.68
"2025-01-18 16:00:00",4.22,61.23,24.77,14.31
"2025-01-18 17:00:00",4.41,61.36,21.67,13.62
"2025-01-18 18:00:00",4.72,61.4,22,14.05
"2025-01-18 19:00:00",4.3,63.68,23.58,14.05
"2025-01-18 20:00:00",4.38,62.8,23.11,13.55
"2025-01-18 21:00:00",4.22,62.77,24.11,14.72
"2025-01-18 22:00:00",3.82,63.06,22.16,12.58
"2025-01-18 23:00:00",2.98,62.47,18.86,11.05
"2025-01-19 00:00:00",2.48,61.24,16.59,10.23
"2025-01-19 01:00:00",2.54,60.45,16.4,10.07
"2025-01-19 02:00:00",2.59,59.07,16.42,10.27
"2025-01-19 03:00:00",2.97,56.55,16.42,10.49
"2025-01-19 04:00:00",2.42,57.28,14.98,9.43
"2025-01-19 05:00:00",2.04,57.57,15.37,9.71
"2025-01-19 06:00:00",2.61,56.21,15.33,11.05
"2025-01-19 07:00:00",2.29,56.92,15.85,11.73
"2025-01-19 08:00:00",2.55,55.33,16.35,12.09
"2025-01-19 09:00:00",3.17,51.53,18.33,13.72
"2025-01-19 10:00:00",3.28,52.35,18.32,13.23
"2025-01-19 11:00:00",3.28,53.84,17.3,11.86
"2025-01-19 12:00:00",3.62,54.34,18.17,12.72
"2025-01-19 13:00:00",3.89,55.96,16.38,11.6
"2025-01-19 14:00:00",3.96,57.41,16.15,10.51
"2025-01-19 15:00:00",5.36,56.29,16.77,11.48
"2025-01-19 16:00:00",6.09,55.06,17.65,12.01
"2025-01-19 17:00:00",6.76,53.61,22.75,16.25
"2025-01-19 18:00:00",7.65,50.92,25.74,18.81
"2025-01-19 19:00:00",11.41,48.73,30.84,20.42
"2025-01-19 20:00:00",12.66,47.58,31.86,20.7
"2025-01-19 21:00:00",9.7,47.7,32.56,18.55
"2025-01-19 22:00:00",7.04,50.07,31.22,18.96
"2025-01-19 23:00:00",6.21,50.48,27.74,17.18
"2025-01-20 00:00:00",3.23,52.37,24.75,13.52
"2025-01-20 01:00:00",2.58,51.78,23.49,13.04
"2025-01-20 02:00:00",2.47,50.74,19.22,12.07
"2025-01-20 03:00:00",1.87,50.55,17.9,11.14
"2025-01-20 04:00:00",1.48,56.25,13.37,9.02
"2025-01-20 05:00:00",1.45,60.74,11.93,7.52
"2025-01-20 06:00:00",1.89,64.05,9.33,6.19
"2025-01-20 07:00:00",2.48,64.4,13.25,7.75
"2025-01-20 08:00:00",6.27,63.6,10.26,6.71
"2025-01-20 09:00:00",12.48,57.83,11.01,6.8
"2025-01-20 10:00:00",10.31,59.47,10.99,6.95
"2025-01-20 11:00:00",7.35,60.76,11.39,7.25
"2025-01-20 12:00:00",8.59,59.99,10.58,7.48
"2025-01-20 13:00:00",7.42,63.72,7.97,5.89
"2025-01-20 14:00:00",6.53,66.89,9.81,6.33
"2025-01-20 15:00:00",7.95,63.94,11.5,8.17
"2025-01-20 16:00:00",8.96,61.06,14.5,9.72
"2025-01-20 17:00:00",9.74,62.69,14.46,10.9
"2025-01-20 18:00:00",6.81,64.84,13.14,9.66
"2025-01-20 19:00:00",7.05,61.27,14.94,11.37
"2025-01-20 20:00:00",10.64,55.91,24.2,20.95
"2025-01-20 21:00:00",7.06,60.11,14.26,10.9
"2025-01-20 22:00:00",11.87,49.03,17.67,14.57
"2025-01-20 23:00:00",5.26,60.95,8.8,6.66
"2025-01-21 00:00:00",3.11,63.2,7.32,4.98
"2025-01-21 01:00:00",4.52,57.27,9.39,7.14
"2025-01-21 02:00:00",1.31,61.98,5.75,4.06
"2025-01-21 03:00:00",1.29,60.67,5.92,4.1
"2025-01-21 04:00:00",2.51,57.91,5.81,3.91
"2025-01-21 05:00:00",6.94,51.39,6.97,4.67
"2025-01-21 06:00:00",13.16,42.34,6.16,4.25
"2025-01-21 07:00:00",8.07,40.58,9.71,8.22
"2025-01-21 08:00:00",14.32,23.43,11.97,10.78
"2025-01-21 09:00:00",34.4,5.09,20.24,14.69
"2025-01-21 10:00:00",20.69,15.95,14.92,13.25
"2025-01-21 11:00:00",16.96,27.93,10.87,9.41
"2025-01-21 12:00:00",12.2,35.9,9.52,7.67
"2025-01-21 13:00:00",11.9,41.23,7.78,6.06
"2025-01-21 14:00:00",12.12,43.42,7.62,4.84
"2025-01-21 15:00:00",11.98,46.78,5.33,3.71
"2025-01-21 16:00:00",18.68,39.43,8.91,5.5
"2025-01-21 17:00:00",41,12.29,15,10.43
"2025-01-21 18:00:00",58.18,3.14,25.93,15.33
"2025-01-21 19:00:00",52.35,3.55,70.03,62.48
"2025-01-21 20:00:00",43.49,3.24,39.62,34.36
"2025-01-21 21:00:00",34.56,4.1,68.91,63.61
"2025-01-21 22:00:00",35.37,4.36,106.12,100.85
"2025-01-21 23:00:00",38.35,4.39,91.78,90.71
"2025-01-22 00:00:00",36.42,4.6,72.76,72.3
"2025-01-22 01:00:00",30.18,4.2,55.87,55.27
"2025-01-22 02:00:00",20.93,6.8,21.7,21.06
"2025-01-22 03:00:00",20.53,4.1,30.57,29.6
"2025-01-22 04:00:00",15.09,5.32,22.52,21.46
"2025-01-22 05:00:00",11.69,6.09,18.69,17.17
"2025-01-22 06:00:00",14.82,3.47,17.49,15.91
"2025-01-22 07:00:00",12.51,12.05,15.95,14.86
"2025-01-22 08:00:00",14.31,15.04,14.46,13.88
"2025-01-22 09:00:00",31.58,5.88,12.83,11.69
"2025-01-22 10:00:00",27.77,6.73,16.8,15.08
"2025-01-22 11:00:00",13.64,23.49,11.01,9.7
"2025-01-22 12:00:00",12.09,38.34,5.28,3.59
"2025-01-22 13:00:00",15.24,44.11,3.89,2.05
"2025-01-22 14:00:00",13.36,46.1,3,1.81
"2025-01-22 15:00:00",15.72,43.49,3.72,1.81
"2025-01-22 16:00:00",15.99,42.2,6.55,3.76
"2025-01-22 17:00:00",16.22,40.41,14.6,11.38
"2025-01-22 18:00:00",27.26,20.81,28.27,25.23
"2025-01-22 19:00:00",23.31,21.47,29.64,26.72
"2025-01-22 20:00:00",20.3,24.15,18.37,16.02
"2025-01-22 21:00:00",28.26,14.38,16.74,14.39
"2025-01-22 22:00:00",30.63,7.83,22.9,21.02
"2025-01-22 23:00:00",30.41,7.48,20.4,17.82
"2025-01-23 00:00:00",19.02,17.92,16.38,14.67
"2025-01-23 01:00:00",2.78,42.86,7.83,4.92
"2025-01-23 02:00:00",4.23,44.16,5.87,3.94
"2025-01-23 03:00:00",4.35,44.59,6.77,4.34
"2025-01-23 04:00:00",3.63,54.82,5.66,3.29
"2025-01-23 05:00:00",0.2,62.7,6.1,2.88
"2025-01-23 06:00:00",0.38,64.33,6.68,3.38
"2025-01-23 07:00:00",0.68,69.01,10.26,5.29
"2025-01-23 08:00:00",2.09,74.95,11.86,5.49
"2025-01-23 09:00:00",31.88,48.93,3.6,1.55
"2025-01-23 10:00:00",14.88,58.41,4.29,2
"2025-01-23 11:00:00",8.02,64.86,2.3,1.01
"2025-01-23 12:00:00",10.32,61.53,4.47,2.02
"2025-01-23 13:00:00",7.41,65.99,9.89,4.52
"2025-01-23 14:00:00",8.1,66.9,11.38,4.79
"2025-01-23 15:00:00",10.14,62.7,12.82,4.72
"2025-01-23 16:00:00",13.53,55.89,12.19,5.04
"2025-01-23 17:00:00",13.39,55.81,13.32,6.58
"2025-01-23 18:00:00",33.03,32.03,35.5,26.67
"2025-01-23 19:00:00",15.68,49.34,32.13,23.21
"2025-01-23 20:00:00",5.44,65.32,23.16,13.53
"2025-01-23 21:00:00",3.27,72.41,21.08,11.49
"2025-01-23 22:00:00",1.92,74.22,19.76,11.43
"2025-01-23 23:00:00",1.28,75.37,20.17,13.71
"2025-01-24 00:00:00",0.93,75.88,21.47,14.75
"2025-01-24 01:00:00",1.04,75.61,17.17,12.08
"2025-01-24 02:00:00",0.18,76.54,14.89,10.88
"2025-01-24 03:00:00",-0.1,76.45,45.46,26.31
"2025-01-24 04:00:00",-0.16,73.14,38.98,21.05
"2025-01-24 05:00:00",-0.28,73.44,24.24,13.91
"2025-01-24 06:00:00",-0.15,75.93,36.74,18.69
"2025-01-24 07:00:00",0.1,76.76,35.26,16.96
"2025-01-24 08:00:00",0.42,76.7,35.06,14.99
"2025-01-24 09:00:00",0.64,74.09,36.2,15.95
"2025-01-24 10:00:00",0.8,72.72,31.31,13.78
"2025-01-24 11:00:00",2.34,70.23,31.15,13.15
"2025-01-24 12:00:00",3.45,66.44,27.72,12.14
"2025-01-24 13:00:00",3.2,66.1,23.88,10.36
"2025-01-24 14:00:00",3.19,66.37,18.15,8.04
"2025-01-24 15:00:00",3.58,64.48,15.74,7.48
"2025-01-24 16:00:00",4.37,63.57,14.56,7.05
"2025-01-24 17:00:00",6.71,58.92,7.27,3.67
"2025-01-24 18:00:00",7.24,55.49,5.47,2.9
"2025-01-24 19:00:00",9.4,52.06,4.44,2.37
"2025-01-24 20:00:00",6.95,54.93,7.62,3.66
"2025-01-24 21:00:00",5.4,53.37,6.76,3.8
"2025-01-24 22:00:00",11.37,47.47,10.87,4.73
"2025-01-24 23:00:00",4.6,61.5,10.99,4.66
"2025-01-25 00:00:00",2.6,63.48,9.43,4.16
"2025-01-25 01:00:00",1.76,59.06,8.87,4.06
"2025-01-25 02:00:00",5.45,46.55,10.64,4.95
"2025-01-25 03:00:00",9.56,34.05,14.22,8.34
"2025-01-25 04:00:00",4.99,42.32,11.43,4.99
"2025-01-25 05:00:00",3.64,39.57,11.09,4.77
"2025-01-25 06:00:00",5.44,37.76,10.69,4.67
"2025-01-25 07:00:00",6.26,41.07,12.24,5.08
"2025-01-25 08:00:00",23.65,17.87,11.51,5.51
"2025-01-25 09:00:00",26.52,14.31,13.38,6.08
"2025-01-25 10:00:00",32.73,14.23,15.21,8.66
"2025-01-25 11:00:00",19.89,34.4,13.09,8
"2025-01-25 12:00:00",4.79,54.11,13.16,5.61
"2025-01-25 13:00:00",4.34,60.14,10.74,4.75
"2025-01-25 14:00:00",4.59,65.51,10.52,6.05
"2025-01-25 15:00:00",3.53,66.93,9.99,5.35
"2025-01-25 16:00:00",2.21,68.22,9.79,5.4
"2025-01-25 17:00:00",3.21,68.49,10.22,5.97
"2025-01-25 18:00:00",3.92,69.71,12.17,7.13
"2025-01-25 19:00:00",8.2,61.83,13.83,7.38
"2025-01-25 20:00:00",11.78,53.25,13.84,7.21
"2025-01-25 21:00:00",15.03,43.81,14.38,10.53
"2025-01-25 22:00:00",41.48,12.48,43.43,40.61
"2025-01-25 23:00:00",34.65,11.38,34.8,32.22
"2025-01-26 00:00:00",26.87,15.47,17.82,15.98
"2025-01-26 01:00:00",28.4,10.03,25.07,23.22
"2025-01-26 02:00:00",26.91,10.76,23.38,20.96
"2025-01-26 03:00:00",18.5,22.73,15.44,11.19
"2025-01-26 04:00:00",12.73,27.93,12.14,8.21
"2025-01-26 05:00:00",4.6,53.99,9.32,4.66
"2025-01-26 06:00:00",1.49,68.03,7.72,3.71
"2025-01-26 07:00:00",1.53,75.51,9.21,4.72
"2025-01-26 08:00:00",1.27,78.36,9.32,5.08
"2025-01-26 09:00:00",1.13,77.59,9.77,6.06
"2025-01-26 10:00:00",1.07,80.01,12.09,7.55
"2025-01-26 11:00:00",1.6,79.47,17.4,10.78
"2025-01-26 12:00:00",0.98,79.01,25.54,14.47
"2025-01-26 13:00:00",1.52,78.81,26.16,14.61
"2025-01-26 14:00:00",1.56,76.89,23.84,14.47
"2025-01-26 15:00:00",1.52,74.34,28.25,17.17
"2025-01-26 16:00:00",1.49,73.62,44.35,26.32
"2025-01-26 17:00:00",2.11,74.07,44.61,25.52
"2025-01-26 18:00:00",1.99,74.73,20.64,12.13
"2025-01-26 19:00:00",2.49,74.69,27.42,16.33
"2025-01-26 20:00:00",1.91,74.2,32.19,17.76
"2025-01-26 21:00:00",2.11,73.57,25.18,13.2
"2025-01-26 22:00:00",1.59,74.24,23.63,11.9
"2025-01-26 23:00:00",1.28,74.09,13.33,7.38
"2025-01-27 00:00:00",1.68,71.32,26.55,12.61
"2025-01-27 01:00:00",0.47,76.61,22.58,12.06
"2025-01-27 02:00:00",0.31,78.66,40.29,20.8
"2025-01-27 03:00:00",0.21,76.82,32.52,17.15
"2025-01-27 04:00:00",0.18,73.55,19.41,10.92
"2025-01-27 05:00:00",0.23,73.33,18.21,9.87
"2025-01-27 06:00:00",0.02,72.61,17.94,10.51
"2025-01-27 07:00:00",0.38,72.54,17.52,10.2
"2025-01-27 08:00:00",1.07,71.98,26.51,14.15
"2025-01-27 09:00:00",1.89,70.9,27.89,15.78
"2025-01-27 10:00:00",1.67,72.23,24.4,13.6
"2025-01-27 11:00:00",1.4,72.26,19.81,12.28
"2025-01-27 12:00:00",1.7,72.07,23.49,14.32
"2025-01-27 13:00:00",1.4,72.17,18.32,12.14
"2025-01-27 14:00:00",2.13,70.78,14.67,10.23
"2025-01-27 15:00:00",2.22,68.91,23.04,14.56
"2025-01-27 16:00:00",2.45,67.32,28.53,17.43
"2025-01-27 17:00:00",3.62,65.37,34.35,20.52
"2025-01-27 18:00:00",5.01,65.62,30.56,18.72
"2025-01-27 19:00:00",4.18,70.95,24.87,15.8
"2025-01-27 20:00:00",2.95,69.73,20.49,11.83
"2025-01-27 21:00:00",5.02,61.7,29.6,15.22
"2025-01-27 22:00:00",14.18,44.28,33.45,18.16
"2025-01-27 23:00:00",9.89,47.42,16.89,9.07
"2025-01-28 00:00:00",7.1,59.4,3.41,2.48
"2025-01-28 01:00:00",1.75,56.59,5.18,4.17
"2025-01-28 02:00:00",1.92,50.91,4.64,3.74
"2025-01-28 03:00:00",2.6,43.57,5.06,4.66
"2025-01-28 04:00:00",1.39,49.83,3.84,3.31
"2025-01-28 05:00:00",0.8,55.37,4.67,3.41
"2025-01-28 06:00:00",1.06,58.16,4.07,2.53
"2025-01-28 07:00:00",1.83,57.6,6.3,3.63
"2025-01-28 08:00:00",3.87,55.77,5.81,3.37
"2025-01-28 09:00:00",7.85,50.4,3.91,2.17
"2025-01-28 10:00:00",6.55,49.6,2.81,1.74
"2025-01-28 11:00:00",7.27,44.93,2.76,1.31
"2025-01-28 12:00:00",6.56,48.23,3.7,2.15
"2025-01-28 13:00:00",6.06,47.44,2.55,1.56
"2025-01-28 14:00:00",4.76,50.44,3.35,1.59
"2025-01-28 15:00:00",5.19,50.64,5.13,1.93
"2025-01-28 16:00:00",6.12,48.4,5.06,1.58
"2025-01-28 17:00:00",9.85,46.45,5.98,1.9
"2025-01-28 18:00:00",12.65,47.92,10.26,3.81
"2025-01-28 19:00:00",8.85,49.96,10.2,5.07
"2025-01-28 20:00:00",8.42,51.99,11.02,5.67
"2025-01-28 21:00:00",9.47,52.64,14.84,7.39
"2025-01-28 22:00:00",7.89,54.8,12.29,6.24
"2025-01-28 23:00:00",5.3,55.25,9.34,4.87
"2025-01-29 00:00:00",7.15,53.05,9.39,4.56
"2025-01-29 01:00:00",8.85,50.08,10.04,4.58
"2025-01-29 02:00:00",8.71,35.23,11.71,7.98
"2025-01-29 03:00:00",9.19,27.79,9.77,6.48
"2025-01-29 04:00:00",10.73,21.95,8.41,5.48
"2025-01-29 05:00:00",4,41,7.8,4.54
"2025-01-29 06:00:00",3.97,42.96,6.61,4.04
"2025-01-29 07:00:00",8.1,34.13,6.74,3.94
"2025-01-29 08:00:00",16.47,27.38,5.82,4
"2025-01-29 09:00:00",14.07,32.76,6.16,4.11
"2025-01-29 10:00:00",13.11,33.64,6.45,4.35
"2025-01-29 11:00:00",10.33,38.76,6.7,4.13
"2025-01-29 12:00:00",7.24,48.08,3.63,2.34
"2025-01-29 12:01:00",,
"2025-01-29 13:00:00",20.89,,4.27,2.65
"2025-01-29 13:01:00",,
"2025-01-29 14:00:00",7.12,49.5,5.94,4.04
"2025-01-29 15:00:00",8.02,54.34,8.22,5.19
"2025-01-29 16:00:00",10.84,53.07,9.65,6.09
"2025-01-29 17:00:00",13.23,52.91,7.99,5.52
"2025-01-29 18:00:00",18.34,50.34,11.36,7.9
"2025-01-29 19:00:00",9.35,59.79,12.19,8.88
"2025-01-29 20:00:00",8.54,56.62,10.03,6.19
"2025-01-29 21:00:00",7.85,57.7,13.7,9.74
"2025-01-29 22:00:00",6.66,57.34,9.92,5.47
"2025-01-29 23:00:00",7.05,53.86,10.16,6.13
"2025-01-30 00:00:00",2.6,58.43,8.42,5.12
"2025-01-30 01:00:00",2.77,58.58,7.61,4.75
"2025-01-30 02:00:00",2.21,57.94,7.59,4.45
"2025-01-30 03:00:00",2.57,57.94,7.38,4.33
"2025-01-30 04:00:00",3.18,57.55,6.91,4.39
"2025-01-30 05:00:00",4.41,56.1,7.4,4.1
"2025-01-30 06:00:00",10.41,47.51,6.97,3.87
"2025-01-30 07:00:00",13.68,50.35,8.75,4.3
"2025-01-30 08:00:00",28.18,34.71,8.9,4.45
"2025-01-30 09:00:00",45.78,23.76,9.57,4.68
"2025-01-30 10:00:00",46.03,15.94,19.44,7.93
"2025-01-30 11:00:00",50.16,17.89,15.8,8.87
"2025-01-30 12:00:00",25.26,44.28,12.42,5.45
"2025-01-30 13:00:00",10.84,63.36,14.45,4.13
"2025-01-30 14:00:00",12.9,64.03,15.94,4.54
"2025-01-30 15:00:00",7.91,64.85,13.22,4.89
"2025-01-30 16:00:00",11.16,60.51,13.65,7.09
"2025-01-30 17:00:00",25.53,47.02,16.68,9.1
"2025-01-30 18:00:00",16.85,60.1,24.49,19.3
"2025-01-30 19:00:00",6.79,73.85,12.67,8.36
"2025-01-30 20:00:00",3.83,77.26,13.63,7.84
"2025-01-30 21:00:00",2.48,79.74,12.61,6.99
"2025-01-30 22:00:00",2.17,79.89,12.65,6.77
"2025-01-30 23:00:00",1.04,80.7,5.05,3.38
"2025-01-31 00:00:00",1.81,76.46,1.55,0.93
"2025-01-31 01:00:00",3.11,73.53,9.8,5.18
"2025-01-31 02:00:00",1.64,73.2,17.2,9.89
"2025-01-31 03:00:00",1.8,69.77,20.45,11.75
"2025-01-31 04:00:00",2.55,65.55,22.46,13.03
"2025-01-31 05:00:00",3.19,61.47,21.07,11.72
"2025-01-31 06:00:00",12.05,45.21,18.69,10.72
"2025-01-31 07:00:00",20.73,39.05,20.12,11.47
"2025-01-31 08:00:00",26.92,30.48,22.19,13.05
"2025-01-31 09:00:00",52.12,6.76,23.14,12.29
"2025-01-31 10:00:00",45.16,22.11,35.11,14.62
"2025-01-31 11:00:00",20.37,39.23,23.97,12.96
"2025-01-31 12:00:00",15.09,47,27.27,11.71
"2025-01-31 13:00:00",10.93,52.44,19.87,10.18
"2025-01-31 14:00:00",9.43,57.28,19.86,10.07
"2025-01-31 15:00:00",11.6,54.2,21.36,10.24
"2025-01-31 16:00:00",11.52,54.41,21.94,11.01
"2025-01-31 17:00:00",18.95,45.53,29.98,18.52
"2025-01-31 18:00:00",32.98,27.57,26.92,17.01
"2025-01-31 19:00:00",55.18,5.23,42.72,34.76
"2025-01-31 20:00:00",48.66,4.84,39.46,31.55
"2025-01-31 21:00:00",46.54,5.16,84.17,78.54
"2025-01-31 22:00:00",46.38,4.9,144.11,138.18
"2025-01-31 23:00:00",35.7,4.92,83.89,77.75
"2025-02-01 00:00:00",31.3,5.23,77.51,72.37
"2025-02-01 01:00:00",34.24,5.54,53.36,48.53
"2025-02-01 02:00:00",28.91,8.12,30.81,26.54
"2025-02-01 03:00:00",14.56,36.79,22.62,14.68
"2025-02-01 04:00:00",1.83,63.85,17.9,9.33
"2025-02-01 05:00:00",1.77,67.92,17.34,9.14
"2025-02-01 06:00:00",1.61,72.64,18.32,9.55
"2025-02-01 07:00:00",1.5,73.99,17.55,10.01
"2025-02-01 08:00:00",1.82,73.64,18.8,10.23
"2025-02-01 09:00:00",2.19,74.77,19.1,10.55
"2025-02-01 10:00:00",2.82,74.69,23.03,11.7
"2025-02-01 11:00:00",2.8,75.68,21.29,11.78
"2025-02-01 12:00:00",3.2,74.58,23.29,13.11
"2025-02-01 13:00:00",5.2,69.36,27.61,15.13
"2025-02-01 14:00:00",4.89,71.66,28.74,15.91
"2025-02-01 15:00:00",4.6,72.07,28.99,17.56
"2025-02-01 16:00:00",4.64,73.68,26.24,17.12
"2025-02-01 17:00:00",4.06,75.44,24.25,14.93
"2025-02-01 18:00:00",3.71,76.76,25.02,16.07
"2025-02-01 19:00:00",2.7,78.86,22.97,14.19
"2025-02-01 20:00:00",3.37,77.38,24.71,15.46
"2025-02-01 21:00:00",3.51,77.22,25.01,14.69
"2025-02-01 22:00:00",2.8,77.6,25.51,14.59
"2025-02-01 23:00:00",2.91,75.82,20.25,12.9
"2025-02-02 00:00:00",2.63,74.95,14.87,10.73
"2025-02-02 01:00:00",2.56,74.91,12.66,8.87
"2025-02-02 02:00:00",2.05,74.67,19.14,11.78
"2025-02-02 03:00:00",1.47,76.23,22.42,12.89
"2025-02-02 04:00:00",1.48,74.1,20.05,11.48
"2025-02-02 05:00:00",1.3,72.81,9.81,6.92
"2025-02-02 06:00:00",1.11,73.48,7.34,5.11
"2025-02-02 07:00:00",1.82,74.46,6.46,4
"2025-02-02 08:00:00",1.47,80.38,1.06,0.24
"2025-02-02 09:00:00",2.65,75.51,0.96,0.35
"2025-02-02 10:00:00",3.51,72.05,0.94,0.44
"2025-02-02 11:00:00",3.66,71.02,1.35,0.9
"2025-02-02 12:00:00",3.15,69.01,1.59,1.08
"2025-02-02 13:00:00",3.97,61.15,2.91,2.18
"2025-02-02 14:00:00",2.67,63.47,1.96,1.25
"2025-02-02 15:00:00",3.31,66.03,3.29,1.65
"2025-02-02 16:00:00",3.55,67.69,5.58,2.82
"2025-02-02 17:00:00",10.72,58.46,20.77,16.49
"2025-02-02 18:00:00",24.82,26.09,17.67,12.96
"2025-02-02 19:00:00",41.49,9.08,24.16,19.09
"2025-02-02 20:00:00",43.1,5.01,61.82,55.74
"2025-02-02 21:00:00",40.42,5.21,43.06,37.53
"2025-02-02 22:00:00",27.99,17.15,31.41,26.32
"2025-02-02 23:00:00",15.82,31.31,23.16,16.92
"2025-02-03 00:00:00",10.92,40.03,18.93,11.01
"2025-02-03 01:00:00",5.77,51.85,14.54,7.82
"2025-02-03 02:00:00",1.14,65.88,14,6.37
"2025-02-03 03:00:00",2.04,66.57,15.01,7.09
"2025-02-03 04:00:00",2.02,72.04,15.07,7.55
"2025-02-03 05:00:00",0.9,74.9,16.63,8.27
"2025-02-03 06:00:00",0.43,76.22,17.57,8.94
"2025-02-03 07:00:00",0.41,76.7,18.28,9.45
"2025-02-03 08:00:00",0.59,77.47,18.57,9.91
"2025-02-03 09:00:00",0.77,78.05,20.24,10.52
"2025-02-03 10:00:00",0.79,78.18,19.27,10.97
"2025-02-03 11:00:00",0.6,78.16,20.7,11.07
"2025-02-03 12:00:00",0.92,78.25,20.51,11.24
"2025-02-03 13:00:00",1,78.24,21.26,12.24
"2025-02-03 14:00:00",1.24,78.32,22.18,12.64
"2025-02-03 15:00:00",1.52,78.58,19.53,11.67
"2025-02-03 16:00:00",1.43,79.15,19.36,11.85
"2025-02-03 17:00:00",1.58,78.73,19.85,11.82
"2025-02-03 18:00:00",1.87,79.63,21.92,13.23
"2025-02-03 19:00:00",1.66,80.66,23.58,13.67
"2025-02-03 20:00:00",2.12,80.91,25.64,14.47
"2025-02-03 21:00:00",1.65,82.25,23.14,13.26
"2025-02-03 22:00:00",1.15,81.54,23.22,13.59
"2025-02-03 23:00:00",0.84,82,23.73,13.91
"2025-02-04 00:00:00",0.62,82.49,25.2,14.38
"2025-02-04 01:00:00",0.43,82.3,23.37,13.9
"2025-02-04 02:00:00",0.58,81.37,20,12.95
"2025-02-04 03:00:00",0.59,83.43,24.77,14.52
"2025-02-04 04:00:00",0.55,84.07,21.34,13.93
"2025-02-04 05:00:00",0.33,84.51,17.08,11.84
"2025-02-04 06:00:00",0.38,84.24,13.57,9.4
"2025-02-04 07:00:00",0.62,83.68,12.69,8.92
"2025-02-04 08:00:00",3.42,80.15,7.34,5.15
"2025-02-04 09:00:00",22.97,58.17,4.51,1.79
"2025-02-04 10:00:00",22.47,53.25,5.8,2.69
"2025-02-04 11:00:00",7.72,62.17,14.96,6.4
"2025-02-04 12:00:00",5.41,69.85,25.39,11.73
"2025-02-04 13:00:00",5.08,70,17.82,8.35
"2025-02-04 14:00:00",6.22,69.08,10.14,4.38
"2025-02-04 15:00:00",7.47,66.8,7.08,2.86
"2025-02-04 16:00:00",7.36,65.84,6.12,2.03
"2025-02-04 17:00:00",25.53,46.99,5.1,1.75
"2025-02-04 18:00:00",28.65,40.92,8.13,3.63
"2025-02-04 19:00:00",34.75,27.53,25.31,18.3
"2025-02-04 20:00:00",27.75,31.26,16.4,9.23
"2025-02-04 21:00:00",23.36,36.87,9.34,4.66
"2025-02-04 22:00:00",12.64,48.65,8.55,4.8
"2025-02-04 23:00:00",9.03,51.84,11,7.58
"2025-02-05 00:00:00",3.99,60.32,7.26,4.17
"2025-02-05 01:00:00",2.59,63.61,7.55,3.95
"2025-02-05 02:00:00",1.86,60.24,8.09,4.51
"2025-02-05 03:00:00",1.72,58.1,7.74,3.92
"2025-02-05 04:00:00",4.16,47.68,7.39,3.87
"2025-02-05 05:00:00",9.89,49.38,9.42,4.4
"2025-02-05 06:00:00",8.02,53.49,8.55,4.35
"2025-02-05 07:00:00",28.66,28.22,8.94,4.4
"2025-02-05 08:00:00",46.41,9.77,9.24,4.55
"2025-02-05 09:00:00",56.73,12.84,13.26,5.5
"2025-02-05 10:00:00",54.55,11.77,17.39,6.99
"2025-02-05 11:00:00",54.77,9.3,27.85,12.26
"2025-02-05 12:00:00",39.86,22.2,18.64,8.86
"2025-02-05 13:00:00",22.47,39.85,16.32,6.55
"2025-02-05 14:00:00",11.89,54.24,18.98,6.38
"2025-02-05 15:00:00",10.29,57.37,16.89,5.9
"2025-02-05 16:00:00",14.9,53.62,19.83,6.48
"2025-02-05 17:00:00",32.25,35.85,23.27,7.55
"2025-02-05 18:00:00",72.88,4.81,44.78,24.05
"2025-02-05 19:00:00",62.12,3.86,95.97,79.55
"2025-02-05 20:00:00",49.77,3.52,92.76,81.87
"2025-02-05 21:00:00",47.67,3.35,109.12,98.78
"2025-02-05 22:00:00",42.13,3.82,113.18,106.06
"2025-02-05 23:00:00",38.37,3.89,103.84,96.18
"2025-02-06 00:00:00",31.84,3.86,97.98,90.93
"2025-02-06 01:00:00",28.49,4.1,49.46,44.44
"2025-02-06 02:00:00",20.35,4.27,26.55,22.72
"2025-02-06 03:00:00",19.07,4.21,29.5,26.68
"2025-02-06 04:00:00",17.32,4.47,32.03,28.82
"2025-02-06 05:00:00",17.93,5.83,24.36,21.39
"2025-02-06 06:00:00",21,7.93,14.57,12.17
"2025-02-06 07:00:00",31.91,6.05,17.07,12.28
"2025-02-06 08:00:00",41.52,5.57,15.72,10.9
"2025-02-06 09:00:00",53.74,5.02,22.63,11.75
"2025-02-06 10:00:00",54.12,6.72,26.94,13.88
"2025-02-06 11:00:00",26.52,30.95,16.71,9.24
"2025-02-06 12:00:00",9.06,60.52,12.93,6.75
"2025-02-06 13:00:00",7.24,62.2,14.38,6.68
"2025-02-06 14:00:00",6.42,64.23,13.43,7.04
"2025-02-06 15:00:00",8.95,62.68,14.44,7
"2025-02-06 16:00:00",10.97,60.87,15.31,7.03
"2025-02-06 17:00:00",17.19,53.52,19.49,10.23
"2025-02-06 18:00:00",30.96,39.63,21.87,14.31
"2025-02-06 19:00:00",32.77,34.31,36.68,31.1
"2025-02-06 20:00:00",22.25,40.65,26.3,21.87
"2025-02-06 21:00:00",24.56,35.31,39.73,35.56
"2025-02-06 22:00:00",25.51,31.95,26.71,22.56
"2025-02-06 23:00:00",21.47,34.09,18.43,14.49
"2025-02-07 00:00:00",20.95,35.87,19.51,15.53
"2025-02-07 01:00:00",16.72,37.92,17.28,13.3
"2025-02-07 02:00:00",11.27,40.38,15.39,12.52
"2025-02-07 03:00:00",9.69,46.41,12.64,9.34
"2025-02-07 04:00:00",5.38,45.7,12.71,9.58
"2025-02-07 05:00:00",3.45,56.49,11.73,7.98
"2025-02-07 06:00:00",8.55,52.88,10.98,7.6
"2025-02-07 07:00:00",12.87,49.71,11.11,7.08
"2025-02-07 08:00:00",15.03,53.09,13.33,8.15
"2025-02-07 09:00:00",20.5,49.17,12.46,7.45
"2025-02-07 10:00:00",16.62,52.83,11.85,6.27
"2025-02-07 11:00:00",8.87,61.05,13.21,6.48
"2025-02-07 12:00:00",8.62,63.1,20.57,12.05
"2025-02-07 13:00:00",8.03,64.95,18.23,10.21
"2025-02-07 14:00:00",7.64,66.56,18.37,11.18
"2025-02-07 15:00:00",10,64.18,18.5,10.98
"2025-02-07 16:00:00",15.33,57.33,23.04,14.9
"2025-02-07 17:00:00",20.69,51.12,26.07,17.44
"2025-02-07 18:00:00",22.48,46.67,33.84,25.22
"2025-02-07 19:00:00",26.01,40.27,34.7,28.05
"2025-02-07 20:00:00",18.63,46.48,27.21,20.44
"2025-02-07 21:00:00",14.8,49.3,22.1,15.88
"2025-02-07 22:00:00",11.23,52.34,20.97,15.15
"2025-02-07 23:00:00",9.34,55.29,20.46,13.91
"2025-02-08 00:00:00",7.17,56.48,17.14,10.96
"2025-02-08 01:00:00",6.31,54.08,14,9.57
"2025-02-08 02:00:00",4.83,56.59,12.88,8.49
"2025-02-08 03:00:00",3.69,54.92,12.13,8.15
"2025-02-08 04:00:00",2.98,59.34,11.03,8.34
"2025-02-08 05:00:00",2.41,58.61,10.16,7.84
"2025-02-08 06:00:00",2.64,57.27,7.55,6.48
"2025-02-08 07:00:00",4.88,50.66,7.91,6.44
"2025-02-08 08:00:00",8.63,45.04,9.99,7.18
"2025-02-08 09:00:00",7.61,45.59,11.43,7.82
"2025-02-08 10:00:00",10.42,38.55,12.55,9.11
"2025-02-08 11:00:00",11.55,35.98,12.05,8.71
"2025-02-08 12:00:00",9.92,43.92,20.37,11.55
"2025-02-08 13:00:00",8.25,49.32,22.18,13.45
"2025-02-08 14:00:00",8.2,49.87,17.46,10.8
"2025-02-08 15:00:00",8.07,51.27,17.47,11.47
"2025-02-08 16:00:00",12.31,44.08,25.05,19.98
"2025-02-08 17:00:00",16.88,37.63,27.68,22.6
"2025-02-08 18:00:00",21.32,32.2,34.48,30.77
"2025-02-08 19:00:00",23.09,29.41,37.22,33.19
"2025-02-08 20:00:00",19.16,33.65,33.13,31.12
"2025-02-08 21:00:00",18.1,32.86,25.98,24.04
"2025-02-08 22:00:00",17.09,30.45,30.85,29.39
"2025-02-08 23:00:00",12.62,34.73,22.35,20.97
"2025-02-09 00:00:00",8.92,36.7,19.58,18.4
"2025-02-09 01:00:00",6.99,38.77,16.82,16.03
"2025-02-09 02:00:00",5.37,40.19,15.92,14.57
"2025-02-09 03:00:00",4.73,40.03,17.19,15.76
"2025-02-09 04:00:00",3.69,41.15,16.38,15
"2025-02-09 05:00:00",2.68,44.5,16.19,15.01
"2025-02-09 06:00:00",2.2,48.74,14.87,13.45
"2025-02-09 07:00:00",2.24,50.35,14.28,12.62
"2025-02-09 08:00:00",2.96,46.47,15.31,13.58
"2025-02-09 09:00:00",3.92,42.69,17.36,14.81
"2025-02-09 10:00:00",5.58,42.29,24.47,20.78
"2025-02-09 11:00:00",5.88,42.42,24.77,21.23
"2025-02-09 12:00:00",7.7,38.74,20.38,17.52
"2025-02-09 13:00:00",7.15,34.88,26.87,22.95
"2025-02-09 14:00:00",11,31.7,33.17,29.5
"2025-02-09 15:00:00",11.17,33.26,31.28,27.94
"2025-02-09 16:00:00",10.06,34.35,30.2,27.22
"2025-02-09 17:00:00",12.02,34.9,37.48,34.72
"2025-02-09 18:00:00",10.29,40.72,44.81,40.69
"2025-02-09 19:00:00",12.37,41.81,47.82,42.75
"2025-02-09 20:00:00",14.16,40.11,48.52,43.95
"2025-02-09 21:00:00",12.91,39.04,38.28,34.13
"2025-02-09 22:00:00",9.56,43.11,36.11,32.23
"2025-02-09 23:00:00",7.15,44.99,33.74,29.72
"2025-02-10 00:00:00",6.16,45.91,32.44,28.16
"2025-02-10 01:00:00",4.28,48.6,29.3,25.13
"2025-02-10 02:00:00",3.35,54.48,26.04,21.95
"2025-02-10 03:00:00",2.71,59.75,24.55,20.66
"2025-02-10 04:00:00",2.19,62.82,22.11,19.05
"2025-02-10 05:00:00",2.3,64.2,20.57,17.16
"2025-02-10 06:00:00",3.04,62.82,16.92,14.12
"2025-02-10 07:00:00",4.13,59.67,13.38,11.21
"2025-02-10 08:00:00",10.35,52.72,12.51,9.88
"2025-02-10 09:00:00",18.42,46.54,13.26,9.63
"2025-02-10 10:00:00",21.54,46.19,15.86,11.1
"2025-02-10 11:00:00",18.42,48.51,15.64,11.54
"2025-02-10 12:00:00",13.51,49.23,12.9,10.86
"2025-02-10 13:00:00",11.2,50.99,14.15,11.84
"2025-02-10 14:00:00",14.25,46.44,19.66,17.11
"2025-02-10 15:00:00",17.94,46.77,21.57,17.96
"2025-02-10 16:00:00",13.4,53.44,26.93,22.97
"2025-02-10 17:00:00",17.44,50.91,26.8,23.18
"2025-02-10 18:00:00",16.85,45.88,26.08,22.72
"2025-02-10 19:00:00",17.29,41.69,35.62,31.45
"2025-02-10 20:00:00",16.88,40.45,27.97,26.01
"2025-02-10 21:00:00",15.28,40.77,24,22.44
"2025-02-10 22:00:00",14.97,37.23,21.77,20.83
"2025-02-10 23:00:00",11.52,39.7,14.77,13.79
"2025-02-11 00:00:00",8.88,41.59,14.4,13.16
"2025-02-11 01:00:00",8.76,47.29,10.42,9.69
"2025-02-11 02:00:00",6.77,46.15,10.73,9.87
"2025-02-11 03:00:00",4.93,43.07,12.21,10.64
"2025-02-11 04:00:00",3.79,46.73,11.64,9.46
"2025-02-11 05:00:00",3,55.01,9.39,7.86
"2025-02-11 06:00:00",8.87,46.62,10.51,8.36
"2025-02-11 07:00:00",14.11,39.93,11.92,9.44
"2025-02-11 08:00:00",15.83,40.61,10.86,8.77
"2025-02-11 09:00:00",24.64,36.18,11.34,9.79
"2025-02-11 10:00:00",19,45.47,12.03,10.27
"2025-02-11 11:00:00",16.72,50.04,12.21,9.47
"2025-02-11 12:00:00",14.75,54.61,9.59,8.17
"2025-02-11 13:00:00",23.26,52.88,14.81,12.58
"2025-02-11 14:00:00",16.67,48.08,15.36,12.89
"2025-02-11 15:00:00",15.14,52.17,15.67,13.29
"2025-02-11 16:00:00",16.26,49.05,16.88,14.32
"2025-02-11 17:00:00",22.3,40.92,18.28,15.79
"2025-02-11 18:00:00",14.14,48.14,17.85,16.26
"2025-02-11 19:00:00",11.1,52.3,18.67,17.3
"2025-02-11 20:00:00",9.69,51.96,18.15,16.85
"2025-02-11 21:00:00",7.8,53.03,18.01,16.46
"2025-02-11 22:00:00",6.99,51.95,17.46,15.94
"2025-02-11 23:00:00",5.29,56.14,16.78,15.12
"2025-02-12 00:00:00",4.33,57.88,16.6,14.46
"2025-02-12 01:00:00",4.34,56.57,16.62,15.13
"2025-02-12 02:00:00",4.28,56.1,16.93,15.43
"2025-02-12 03:00:00",3.87,55.91,16.78,15.25
"2025-02-12 04:00:00",4.79,53.59,18.65,16.62
"2025-02-12 05:00:00",4.52,51.32,18.71,17.37
"2025-02-12 06:00:00",4.57,52.12,17.97,16.66
"2025-02-12 07:00:00",5.63,52.8,16.14,14.68
"2025-02-12 08:00:00",9.06,49.59,15.77,13.43
"2025-02-12 09:00:00",14.54,45.2,17.34,12.2
"2025-02-12 10:00:00",13.88,46.51,15.73,12.13
"2025-02-12 11:00:00",9.72,50.07,18.81,12.1
"2025-02-12 12:00:00",13.22,48.62,20.11,12.77
"2025-02-12 13:00:00",11.07,53.4,16.79,11.51
"2025-02-12 14:00:00",12.29,51.7,18.64,13.26
"2025-02-12 15:00:00",11.45,53.25,18.74,12.56
"2025-02-12 16:00:00",12.79,45.87,19.26,13.19
"2025-02-12 17:00:00",13.88,43.53,21.95,15.02
"2025-02-12 18:00:00",17.48,39.48,20.69,17.41
"2025-02-12 19:00:00",18.31,31.33,22.01,19.8
"2025-02-12 20:00:00",21.71,22.45,27.58,25.38
"2025-02-12 21:00:00",18.37,23.75,26.59,24.53
"2025-02-12 22:00:00",15.6,24.05,24.69,22.37
"2025-02-12 23:00:00",12.7,26.25,22.55,20.25
"2025-02-13 00:00:00",11.5,26.59,20.23,17.57
"2025-02-13 01:00:00",10.71,26.3,18.48,16.52
"2025-02-13 02:00:00",10.43,22.51,20.29,17.53
"2025-02-13 03:00:00",10.29,22.3,20.06,16.93
"2025-02-13 04:00:00",8.88,27.96,18.64,16.07
"2025-02-13 05:00:00",8.96,29.75,19.44,16.67
"2025-02-13 06:00:00",8.36,32.49,18.01,15.48
"2025-02-13 07:00:00",6.23,46.42,14.41,12.28
"2025-02-13 08:00:00",11.82,40.01,15.64,13.3
"2025-02-13 09:00:00",13.94,38.61,20.55,17.66
"2025-02-13 10:00:00",12.22,43.71,24.91,19.6
"2025-02-13 11:00:00",8.78,53.63,19.16,15.97
"2025-02-13 12:00:00",8.58,56.95,16.9,13.1
"2025-02-13 13:00:00",8.7,54.35,20.6,16.8
"2025-02-13 14:00:00",8.01,60.09,22.72,17.77
"2025-02-13 15:00:00",8.12,62.94,24.78,19.7
"2025-02-13 16:00:00",8.51,64.36,28.9,22.54
"2025-02-13 17:00:00",9.54,63.99,26.08,21.03
"2025-02-13 18:00:00",8.8,64.13,27.32,22.52
"2025-02-13 19:00:00",7.83,60.86,27.63,22.95
"2025-02-13 20:00:00",6.68,59.82,27.51,23.09
"2025-02-13 21:00:00",5.52,59.61,28.38,23.5
"2025-02-13 22:00:00",5.18,58.11,28.35,23.75
"2025-02-13 23:00:00",5.28,56.51,27.17,23.29
"2025-02-14 00:00:00",5.1,54.44,28.22,23.86
"2025-02-14 01:00:00",5.53,50.66,27.82,25.1
"2025-02-14 02:00:00",5.82,47.36,28.11,25.99
"2025-02-14 03:00:00",5.37,47.99,22.3,21.09
"2025-02-14 04:00:00",4.99,50.53,17.39,16.52
"2025-02-14 05:00:00",3.85,54.32,16.56,15.11
"2025-02-14 06:00:00",3.47,57.2,22.44,19.25
"2025-02-14 07:00:00",3.47,59.38,23.91,19.34
"2025-02-14 08:00:00",6.14,57.09,22.69,19.6
"2025-02-14 09:00:00",8.64,59.15,16.23,14.21
"2025-02-14 10:00:00",9.52,57.46,11.78,9.87
"2025-02-14 11:00:00",8.58,52.5,8.68,7.5
"2025-02-14 12:00:00",10.14,48.89,5.52,4.53
"2025-02-14 13:00:00",10.7,46.04,8.39,5.59
"2025-02-14 14:00:00",8.34,47.52,13.63,8.43
"2025-02-14 15:00:00",8,47.32,21.98,12.34
"2025-02-14 16:00:00",7.82,47.69,26.5,14.06
"2025-02-14 17:00:00",8.51,47.92,24.06,13.32
"2025-02-14 18:00:00",8.15,47.42,26.19,14.21
"2025-02-14 19:00:00",8.82,47.47,23.48,13.7
"2025-02-14 20:00:00",8.16,45.36,26.33,16.01
"2025-02-14 21:00:00",7.22,45.45,19.03,12.32
"2025-02-14 22:00:00",6.89,41.94,22.89,13.59
"2025-02-14 23:00:00",6.42,42.39,22.62,14.39
"2025-02-15 00:00:00",5.79,42.74,19.09,12.32
"2025-02-15 01:00:00",5.88,43.14,25.86,18.23
"2025-02-15 02:00:00",6.31,43.76,28.17,19.9
"2025-02-15 03:00:00",5.63,46.77,16.59,14
"2025-02-15 04:00:00",4.59,50.83,7.5,7.16
"2025-02-15 05:00:00",4.43,50.31,12.88,12.1
"2025-02-15 06:00:00",4.6,49.58,16.15,15.07
"2025-02-15 07:00:00",6.04,44.57,18.62,16.8
"2025-02-15 08:00:00",7.57,41.57,18.02,15.25
"2025-02-15 09:00:00",8.72,38.73,18.05,14.91
"2025-02-15 10:00:00",8.62,37.53,14.66,12.04
"2025-02-15 10:01:00",,,,
"2025-02-15 11:01:00",,,,
"2025-02-16 09:00:00",5.03,53.75,29.55,21.46
"2025-02-16 10:00:00",4.97,56.56,27.52,20.3
"2025-02-16 11:00:00",4.79,54.28,28.94,21.54
"2025-02-16 12:00:00",4.74,53.48,31.03,23.68
"2025-02-16 13:00:00",4.53,55.27,30.45,23.26
"2025-02-16 14:00:00",4.82,57.49,29.85,22.68
"2025-02-16 15:00:00",4.53,60.34,28.38,21.64
"2025-02-16 16:00:00",5.16,58.31,29.91,23.14
"2025-02-16 17:00:00",5.51,56.05,31.75,24.9
"2025-02-16 18:00:00",6.56,53.44,33.27,25.96
"2025-02-16 19:00:00",6.67,53.23,35.17,27.25
"2025-02-16 20:00:00",6.78,53.64,34.42,26
"2025-02-16 21:00:00",5.75,57.16,28.54,21.49
"2025-02-16 22:00:00",4.97,58.78,26.66,19.67
"2025-02-16 23:00:00",4.48,58.67,25.63,19.67
"2025-02-17 00:00:00",4.26,57.41,26.46,20.55
"2025-02-17 01:00:00",4.41,54.8,29.93,23.91
"2025-02-17 02:00:00",4.27,54.07,29.98,23.84
"2025-02-17 03:00:00",3.86,54.91,27.28,21.93
"2025-02-17 04:00:00",3.59,57.12,23.88,18.86
"2025-02-17 05:00:00",4.11,58.59,22.55,17.7
"2025-02-17 06:00:00",4.31,60.59,21.68,16.94
"2025-02-17 07:00:00",4.8,59.01,23.82,18.53
"2025-02-17 08:00:00",8.71,54.74,26.71,20.54
"2025-02-17 09:00:00",8.16,55.47,27.5,21.35
"2025-02-17 10:00:00",6.93,57.5,28.03,21.29
"2025-02-17 11:00:00",6.05,57.98,27.48,21
"2025-02-17 12:00:00",6.45,57.73,28.29,22.17
"2025-02-17 13:00:00",6.97,58.73,28.76,22.18
"2025-02-17 14:00:00",6.77,57.91,30.13,24.02
"2025-02-17 15:00:00",7.61,55.17,33.55,27.98
"2025-02-17 16:00:00",7.97,53.68,36.08,30
"2025-02-17 17:00:00",9.11,51.25,35.3,29.87
"2025-02-17 18:00:00",9.7,49.28,38.13,30.93
"2025-02-17 19:00:00",8.73,52.34,38.94,30.54
"2025-02-17 20:00:00",7.69,53.67,37.58,29.24
"2025-02-17 21:00:00",7.14,53.29,34.9,28.7
"2025-02-17 22:00:00",5.35,56.33,32.57,26.08
"2025-02-17 23:00:00",4.73,58.62,29.67,22.59
"2025-02-18 00:00:00",4.99,58.48,27.76,21.15
"2025-02-18 01:00:00",4.58,59.12,24.36,19.85
"2025-02-18 02:00:00",3.8,59.77,16.55,14.61
"2025-02-18 03:00:00",2.94,60.2,15.01,12.99
"2025-02-18 04:00:00",3.17,59.05,17.7,14.81
"2025-02-18 05:00:00",3.07,58.43,21.39,17.27
"2025-02-18 06:00:00",3.58,57.1,27.92,21.38
"2025-02-18 07:00:00",4.18,54.6,27.31,21.46
"2025-02-18 08:00:00",7.04,51.49,30.59,24.87
"2025-02-18 09:00:00",6.75,51.44,34.87,27.67
"2025-02-18 10:00:00",7.04,49.14,37.8,30.8
"2025-02-18 11:00:00",7.02,46.52,41.58,32.55
"2025-02-18 12:00:00",7.3,45.35,40.59,32.65
"2025-02-18 13:00:00",7.29,47.79,37.16,30.68
"2025-02-18 14:00:00",7.68,48.35,41.75,33
"2025-02-18 15:00:00",9.41,48.51,41.05,33
"2025-02-18 16:00:00",11.02,47.9,42.27,33.94
"2025-02-18 17:00:00",11.8,48.11,43.32,33.77
"2025-02-18 18:00:00",11.41,50.57,40.49,32
"2025-02-18 19:00:00",10.11,55.67,37.26,28.56
"2025-02-18 20:00:00",6.72,67.74,28.51,19.18
"2025-02-18 21:00:00",5.39,70.18,27.62,17.92
"2025-02-18 22:00:00",4.77,70.01,27.87,18.03
"2025-02-18 23:00:00",4.32,69.84,28.3,18.12
"2025-02-19 00:00:00",4.5,68.53,27.03,16.95
"2025-02-19 01:00:00",4.99,64.72,31.08,20.33
"2025-02-19 02:00:00",5.1,60.58,36.37,26.81
"2025-02-19 03:00:00",5.41,57.5,38.05,29.22
"2025-02-19 04:00:00",5.45,55.29,35.05,29
"2025-02-19 05:00:00",5.03,56.52,32.99,26.01
"2025-02-19 06:00:00",1.07,82.2,12.43,7.78
"2025-02-19 07:00:00",2.74,82.63,9.41,5.01
"2025-02-19 08:00:00",7.13,79.66,10.74,5.31
"2025-02-19 09:00:00",6.76,80.44,13.78,6.95
"2025-02-19 10:00:00",5.97,78.65,18.73,9.41
"2025-02-19 11:00:00",2.94,79.57,19.74,10.21
"2025-02-19 12:00:00",3.38,78.28,20.88,11.14
"2025-02-19 13:00:00",3.49,76.89,22.73,12.79
"2025-02-19 14:00:00",4.17,74.62,20.59,11.54
"2025-02-19 15:00:00",4.37,75.17,16.66,10.83
"2025-02-19 16:00:00",4.19,76.78,12.33,8.81
"2025-02-19 17:00:00",3.7,78.22,13.19,9.22
"2025-02-19 18:00:00",3.72,77.83,13.09,9.69
"2025-02-19 19:00:00",3.07,76.02,13.33,10.05
"2025-02-19 20:00:00",2.13,76.14,9.88,8.2
"2025-02-19 21:00:00",1.4,76.09,7.88,6
"2025-02-19 22:00:00",0.96,76.21,7.17,5.6
"2025-02-19 23:00:00",0.67,76,7.61,5.84
"2025-02-20 00:00:00",0.57,75.73,11.96,8.73
"2025-02-20 01:00:00",0.44,75.98,14.02,11.29
"2025-02-20 02:00:00",0.41,76.43,6.16,4.96
"2025-02-20 03:00:00",0.35,76.57,5.44,4.19
"2025-02-20 04:00:00",0.25,75.83,5.21,3.72
"2025-02-20 05:00:00",0.46,76.07,10.84,7.37
"2025-02-20 06:00:00",0.61,76.62,9.54,6.59
"2025-02-20 07:00:00",0.82,75.59,9.91,7.07
"2025-02-20 08:00:00",0.99,75.24,20.84,13.64
"2025-02-20 09:00:00",1.86,76.99,26.18,17.61
"2025-02-20 10:00:00",2.23,78.35,26.93,17.53
"2025-02-20 11:00:00",1.44,82.53,20.72,13.24
"2025-02-20 12:00:00",1.33,81.71,22.46,13.56
"2025-02-20 13:00:00",1.67,80.85,31.39,18.61
"2025-02-20 14:00:00",2.44,81.52,34.12,20.04
"2025-02-20 15:00:00",2.01,80.97,39.47,23.33
"2025-02-20 16:00:00",3.33,79.11,42.35,24.69
"2025-02-20 17:00:00",4.15,78,40.7,24.48
"2025-02-20 18:00:00",2.96,78.87,40.4,25.35
"2025-02-20 19:00:00",2.66,77.82,43.75,27.25
"2025-02-20 20:00:00",2.47,76.08,45.31,28.79
"2025-02-20 21:00:00",2.77,74.57,52.85,33.29
"2025-02-20 22:00:00",2.03,76.22,47.93,30.6
"2025-02-20 23:00:00",1.78,74.38,32.74,22.29
"2025-02-21 00:00:00",1.09,72.62,24.83,17.35
"2025-02-21 01:00:00",0.83,73.27,26.13,17.54
"2025-02-21 02:00:00",0.95,74.39,15.45,11.08
"2025-02-21 03:00:00",0.55,74.63,10.15,6.86
"2025-02-21 04:00:00",0.6,75.72,10.81,7.49
"2025-02-21 05:00:00",0.53,76.14,16.95,11.47
"2025-02-21 06:00:00",0.67,76.6,19.59,13.27
"2025-02-21 07:00:00",0.76,77.2,15.11,10.32
"2025-02-21 08:00:00",1.32,76.2,16.37,11.04
"2025-02-21 09:00:00",2.25,74.75,7.63,5.42
"2025-02-21 10:00:00",2.03,75.17,15.08,9.99
"2025-02-21 11:00:00",1.94,78.08,19.82,12.83
"2025-02-21 12:00:00",1.54,81.71,20.51,13.3
"2025-02-21 13:00:00",3.76,78.07,11.92,7.77
"2025-02-21 14:00:00",4.75,76.54,6.76,3.85
"2025-02-21 15:00:00",2.34,80.31,22.53,12.56
"2025-02-21 16:00:00",2.65,81.1,19.93,10.55
"2025-02-21 17:00:00",2.04,82.35,17.74,9.42
"2025-02-21 18:00:00",2.62,79.89,21.96,12.56
"2025-02-21 19:00:00",2.75,75.97,26.55,15.17
"2025-02-21 20:00:00",2.6,74.19,25.82,15.22
"2025-02-21 21:00:00",2.4,73.61,26.93,15.21
"2025-02-21 22:00:00",2.09,73.5,28.85,15.37
"2025-02-21 23:00:00",2.56,71.74,30.96,16.13
"2025-02-22 00:00:00",2.2,72.18,29.76,15.6
"2025-02-22 01:00:00",0.5,75.22,28.63,14.77
"2025-02-22 02:00:00",0.54,75.15,28.71,14.95
"2025-02-22 03:00:00",1.03,72.96,30.07,15.47
"2025-02-22 04:00:00",1.27,71.95,28.62,13.45
"2025-02-22 05:00:00",1.65,70.26,27.74,13.13
"2025-02-22 06:00:00",1.13,65.79,20.01,9.53
"2025-02-22 07:00:00",2.98,62.26,14.95,7.41
"2025-02-22 08:00:00",4.91,57.57,13.84,7.1
"2025-02-22 09:00:00",4.78,58.35,15.66,7.69
"2025-02-22 10:00:00",5.4,59.1,24.39,10.6
"2025-02-22 11:00:00",3.2,62.84,24.66,11.59
"2025-02-22 12:00:00",3.21,63.7,27.04,13.15
"2025-02-22 13:00:00",3.76,63.32,22.67,11.03
"2025-02-22 14:00:00",2.55,65.1,18.74,10.11
"2025-02-22 15:00:00",2.06,66.46,17.4,8.82
"2025-02-22 16:00:00",2.08,68.05,17.66,8.58
"2025-02-22 17:00:00",3.75,69.14,20.13,10.91
"2025-02-22 18:00:00",4.38,67.65,20.87,10.88
"2025-02-22 19:00:00",3.97,69.19,23.68,13.81
"2025-02-22 20:00:00",4.18,67.36,22.67,12.56
"2025-02-22 21:00:00",2.44,70.55,19.02,11.43
"2025-02-22 22:00:00",1.48,72.63,19.27,10.9
"2025-02-22 23:00:00",1.72,73.98,20.9,11.29
"2025-02-23 00:00:00",0.9,76.74,20.16,11.4
"2025-02-23 01:00:00",0.82,78.37,21.87,12.03
"2025-02-23 02:00:00",0.63,79.88,22.44,12.58
"2025-02-23 03:00:00",0.46,81,22.67,13.32
"2025-02-23 04:00:00",0.29,81.94,24.54,14.43
"2025-02-23 05:00:00",0.36,82.75,25.98,15.98
"2025-02-23 06:00:00",0.21,85.16,26.62,16.46
"2025-02-23 07:00:00",0.4,85.86,25.6,16.49
"2025-02-23 08:00:00",0.39,86.35,17.36,12.47
"2025-02-23 09:00:00",0.35,85.86,16.42,11.49
"2025-02-23 10:00:00",0.38,84.34,18.05,12.17
"2025-02-23 11:00:00",0.57,81.93,14.27,10.53
"2025-02-23 12:00:00",0.47,78.56,10.37,7.92
"2025-02-23 13:00:00",0.69,80.14,9.64,6.58
"2025-02-23 14:00:00",1.05,88.61,12.82,7.76
"2025-02-23 15:00:00",1.14,83.78,13.88,8.5
"2025-02-23 16:00:00",1.23,84.44,22.78,13.55
"2025-02-23 17:00:00",1.25,82.6,27.99,17.54
"2025-02-23 18:00:00",1.54,83.4,36.83,23.4
"2025-02-23 19:00:00",1.5,85.2,27.81,16.92
"2025-02-23 20:00:00",1.98,82.54,35.49,22.6
"2025-02-23 21:00:00",1.34,83.53,41.31,25.12
"2025-02-23 22:00:00",1.08,83.89,37.56,21.58
"2025-02-23 23:00:00",0.69,83.06,38.99,22.49
"2025-02-24 00:00:00",0.52,82.75,40.43,22.68
"2025-02-24 01:00:00",0.44,83.1,39.61,23.3
"2025-02-24 02:00:00",0.18,86.08,26.67,16.23
"2025-02-24 03:00:00",0.25,83.87,25.08,13.96
"2025-02-24 04:00:00",0.33,82.67,21.68,11.99
"2025-02-24 05:00:00",2.37,74.68,23.69,12.15
"2025-02-24 06:00:00",1.15,79.73,23.75,12.42
"2025-02-24 07:00:00",3.88,71.05,19.95,10.56
"2025-02-24 08:00:00",13.59,58.15,17.18,10.15
"2025-02-24 09:00:00",12.28,55.79,12.33,7.5
"2025-02-24 10:00:00",8.15,61.1,18.4,9.22
"2025-02-24 11:00:00",5.43,67.56,24.26,11.94
"2025-02-24 12:00:00",3.79,73.13,28.8,14.17
"2025-02-24 13:00:00",2.54,80.18,27.66,14.31
"2025-02-24 14:00:00",2.47,81.45,20.28,10.8
"2025-02-24 15:00:00",4.39,78.82,15.01,7.45
"2025-02-24 16:00:00",6.1,72.85,7.04,3.6
"2025-02-24 17:00:00",14.71,58.12,7.58,3.87
"2025-02-24 18:00:00",14.45,57.82,5.03,3.03
"2025-02-24 19:00:00",13.6,59.23,6.15,3.78
"2025-02-24 20:00:00",24.35,40.62,20.74,17.85
"2025-02-24 21:00:00",13.92,50.78,10.77,8.65
"2025-02-24 22:00:00",12.11,51.46,14.92,10.01
"2025-02-24 23:00:00",15.49,45.71,14.12,9.68
"2025-02-25 00:00:00",18.75,43.43,10.35,5.87
"2025-02-25 01:00:00",5.46,57.95,10.89,5.93
"2025-02-25 02:00:00",3.59,58.11,9.55,5.52
"2025-02-25 03:00:00",0.52,67.01,8.67,4.31
"2025-02-25 04:00:00",4.51,63.91,8.59,4.07
"2025-02-25 05:00:00",4.94,59.77,8.26,4.25
"2025-02-25 06:00:00",14.78,47.31,7.26,3.76
"2025-02-25 07:00:00",13.89,54.64,9.23,4.44
"2025-02-25 08:00:00",36.87,32.96,10.19,4.52
"2025-02-25 09:00:00",40.64,27.94,8.35,4.12
"2025-02-25 10:00:00",14.55,56.74,8.59,3.85
"2025-02-25 11:00:00",6.66,65.82,10.23,4.49
"2025-02-25 12:00:00",7.06,71.78,14.05,5.42
"2025-02-25 13:00:00",7.04,72.44,10.23,4.17
"2025-02-25 14:00:00",7,72.92,7.15,2.87
"2025-02-25 15:00:00",9.22,65.43,8.67,3.28
"2025-02-25 16:00:00",10.8,69.89,7.14,2.43
"2025-02-25 17:00:00",11.53,65.39,10.61,3.2
"2025-02-25 18:00:00",20.86,55.76,10.67,4.71
"2025-02-25 19:00:00",15.61,57.33,16.04,11.82
"2025-02-25 20:00:00",20.57,49.4,17.76,13.1
"2025-02-25 21:00:00",8.18,64.32,8.44,4.66
"2025-02-25 22:00:00",12.19,57.54,17.9,12.23
"2025-02-25 23:00:00",17.51,43.34,24.44,16.74
"2025-02-26 00:00:00",3.07,76.66,13.96,8.08
"2025-02-26 01:00:00",0.79,84.25,7.94,4.76
"2025-02-26 02:00:00",0.76,84.83,7.4,4.47
"2025-02-26 03:00:00",3.23,73.51,5.17,3
"2025-02-26 04:00:00",4.29,69.72,5.55,2.91
"2025-02-26 05:00:00",1.03,71.55,7.48,3.64
"2025-02-26 06:00:00",7.45,62.77,8.3,3.7
"2025-02-26 07:00:00",10.42,61.09,5.88,2.92
"2025-02-26 08:00:00",20.7,57.85,5.45,2.61
"2025-02-26 09:00:00",18.24,57.57,5.26,2.51
"2025-02-26 10:00:00",7.87,68.12,5.81,2.75
"2025-02-26 11:00:00",8.69,69.18,5.87,2.81
"2025-02-26 12:00:00",8.15,68.72,5.28,2.54
"2025-02-26 13:00:00",9.66,67.82,9.45,3.74
"2025-02-26 14:00:00",7.48,69.03,11.98,5.12
"2025-02-26 15:00:00",6.46,73.12,16.29,6.23
"2025-02-26 16:00:00",7.68,72.42,505.54,142.58
"2025-02-26 17:00:00",10.68,69.6,13.21,5.13
"2025-02-26 18:00:00",10.12,67.62,13.69,6.09
"2025-02-26 19:00:00",5.68,70.33,12.81,5.64
"2025-02-26 20:00:00",5.67,68.87,13.02,6.43
"2025-02-26 21:00:00",4.75,68.35,12.96,7.14
"2025-02-26 22:00:00",4.38,67.01,11.38,6.49
"2025-02-26 23:00:00",3.81,65.6,11.41,6.55
"2025-02-27 00:00:00",4.77,61.08,13.07,8
"2025-02-27 01:00:00",3.05,63.06,11.14,5.85
"2025-02-27 02:00:00",2.47,66.91,10.38,5.24
"2025-02-27 03:00:00",2.29,66.47,10.43,5.41
"2025-02-27 04:00:00",4.57,56.27,12.07,6.09
"2025-02-27 05:00:00",4.6,53.06,11.39,6.02
"2025-02-27 06:00:00",5.83,52.48,10.73,5.58
"2025-02-27 07:00:00",8.78,50.92,10.32,5.5
"2025-02-27 08:00:00",16.41,42.93,11.36,5.77
"2025-02-27 09:00:00",28.49,31.02,12.92,6.29
"2025-02-27 10:00:00",12.5,49.98,10.44,5.41
"2025-02-27 11:00:00",8.52,57.55,12.65,5.16
"2025-02-27 12:00:00",8.66,62,14.91,5.19
"2025-02-27 13:00:00",8.45,69.95,12.6,4.69
"2025-02-27 14:00:00",8.23,71.53,11.02,5.09
"2025-02-27 15:00:00",9.23,73.6,10.25,4.45
"2025-02-27 16:00:00",8.66,73.15,10.52,3.62
"2025-02-27 17:00:00",13.46,70.07,12.94,7.06
"2025-02-27 18:00:00",34.29,46.13,19.11,10.83
"2025-02-27 19:00:00",43.44,28.86,19.69,8
"2025-02-27 20:00:00",43.71,19,21.56,10.43
"2025-02-27 21:00:00",29.34,34.17,20.18,12.91
"2025-02-27 22:00:00",17.48,44.03,15.69,10.65
"2025-02-27 23:00:00",24.84,32.25,15.47,11.1
"2025-02-28 00:00:00",17.15,35.82,13.77,10.01
"2025-02-28 01:00:00",13.96,36.48,14.43,10.56
"2025-02-28 02:00:00",16.23,40.59,17.1,12.38
"2025-02-28 03:00:00",13.47,37.09,17.27,12.79
"2025-02-28 04:00:00",12.16,32.37,11.84,9.44
"2025-02-28 05:00:00",12.85,27.09,11.73,9.15
"2025-02-28 06:00:00",16.18,22.86,11.33,8.36
"2025-02-28 07:00:00",20.71,16.41,12.8,9.62
"2025-02-28 08:00:00",28.59,15.67,12.94,7.62
"2025-02-28 09:00:00",34.2,16.84,33.32,17.52
"2025-02-28 10:00:00",42.8,22.67,33.29,19.63
"2025-02-28 11:00:00",40.77,28.73,26.85,14.2
"2025-02-28 12:00:00",13.31,62.07,14.2,7.64
"2025-02-28 13:00:00",3.93,85.72,7.55,4.01
"2025-02-28 14:00:00",3.27,88.82,5.51,2.8
"2025-02-28 15:00:00",3.81,89.24,5.13,2.87
"2025-02-28 16:00:00",4.15,90.23,6.33,3.34
"2025-02-28 17:00:00",6.28,85.05,11.79,7.42
"2025-02-28 18:00:00",10.25,78.95,15.82,10.74
"2025-02-28 19:00:00",26.81,59.58,30.58,23.67
"2025-02-28 20:00:00",34.39,47.27,41.08,34.56
"2025-02-28 21:00:00",64.5,12.03,58.88,48.74
"2025-02-28 22:00:00",56.42,15.27,36.99,31.49
"2025-02-28 23:00:00",47.69,18.03,39.54,35.23
"2025-03-01 00:00:00",53.41,13.44,68.22,62.38
"2025-03-01 01:00:00",20.77,60.53,16.35,13.09
"2025-03-01 02:00:00",2.89,88.38,6.67,4.34
"2025-03-01 03:00:00",5.55,83.31,5.62,3.5
"2025-03-01 04:00:00",3.67,82.91,5.45,3.23
"2025-03-01 05:00:00",4.54,66.26,5.13,2.7
"2025-03-01 06:00:00",6.01,62.8,5.17,2.74
"2025-03-01 07:00:00",13.85,42.68,6.81,4.22
"2025-03-01 08:00:00",35.05,22.96,7.26,4.15
"2025-03-01 09:00:00",33.39,31.1,9.31,5.29
"2025-03-01 10:00:00",15.04,63.36,8.3,3.6
"2025-03-01 11:00:00",3.97,89.62,5.28,2.46
"2025-03-01 12:00:00",2.83,90.59,5.33,2.86
"2025-03-01 13:00:00",2.76,90.37,5.92,3.47
"2025-03-01 14:00:00",3.42,89.44,5.66,2.71
"2025-03-01 15:00:00",2.83,89.95,5.44,3.41
"2025-03-01 16:00:00",4.33,88.15,6.3,3.32
"2025-03-01 17:00:00",4.47,88,7.19,4.49
"2025-03-01 18:00:00",5.61,85.84,9.76,7.3
"2025-03-01 19:00:00",8.73,81.98,12.97,10.4
"2025-03-01 20:00:00",21.73,57.54,15.22,11.48
"2025-03-01 21:00:00",40.39,37.88,27.57,22.47
"2025-03-01 22:00:00",26.18,43.31,26.05,21.96
"2025-03-01 23:00:00",24.24,38.17,27.13,23.5
"2025-03-02 00:00:00",43.37,16.89,43.07,39.41
"2025-03-02 01:00:00",45.25,19.05,45.45,40.69
"2025-03-02 02:00:00",28.93,22.84,36.82,33.73
"2025-03-02 03:00:00",23.88,23.84,25.01,22.3
"2025-03-02 04:00:00",37.21,13.6,23.8,19.04
"2025-03-02 05:00:00",24.28,18.99,21.47,17.41
"2025-03-02 06:00:00",22.31,18.57,22.44,17.4
"2025-03-02 07:00:00",8.81,48.24,13.5,9.4
"2025-03-02 08:00:00",5.43,57.12,12.68,8.84
"2025-03-02 09:00:00",3.86,73.55,7.16,5.07
"2025-03-02 10:00:00",3.74,78.82,6.33,3.91
"2025-03-02 11:00:00",3.4,83.78,6.37,3.32
"2025-03-02 12:00:00",2.46,87.59,4.47,2.26
"2025-03-02 13:00:00",2.37,90.62,4.31,2.37
"2025-03-02 14:00:00",2.11,91.51,4.99,2.72
"2025-03-02 15:00:00",2.65,88.88,5.45,3.02
"2025-03-02 16:00:00",3.38,86.35,8.49,4.43
"2025-03-02 17:00:00",4.42,85,9.61,5.44
"2025-03-02 18:00:00",5.07,81.89,11.7,6.69
"2025-03-02 19:00:00",9.55,75.2,16.33,11.44
"2025-03-02 20:00:00",7.14,76.68,9.32,4.92
"2025-03-02 21:00:00",4.93,78.04,8.06,4.45
"2025-03-02 22:00:00",6.17,74.15,8.66,5.17
"2025-03-02 23:00:00",3.21,81.77,5.3,3
"2025-03-03 00:00:00",2.47,83.62,4.24,2.9
"2025-03-03 01:00:00",1.91,84.53,4.8,3.06
"2025-03-03 02:00:00",2.7,82.36,5.43,3.8
"2025-03-03 03:00:00",2.55,81.95,5.22,3.43
"2025-03-03 04:00:00",2.42,80.75,4.89,3.21
"2025-03-03 05:00:00",3.28,73,5.62,3.84
"2025-03-03 06:00:00",6.56,72.93,4.57,2.98
"2025-03-03 07:00:00",9.4,73.69,5.74,3.03
"2025-03-03 08:00:00",23.62,61.73,7.89,3.82
"2025-03-03 09:00:00",36.05,46.14,10.22,5.22
"2025-03-03 10:00:00",19.72,60.84,10.4,4.46
"2025-03-03 11:00:00",5.79,81.06,6.7,3.05
"2025-03-03 12:00:00",5.45,82.15,5.64,2.53
"2025-03-03 13:00:00",4.2,85.23,3.91,1.82
"2025-03-03 14:00:00",5.74,84.41,5.1,2.38
"2025-03-03 15:00:00",4.99,86.96,6.2,2.83
"2025-03-03 16:00:00",3.79,87.46,4.91,2.42
"2025-03-03 17:00:00",4.81,85.55,5.93,3.16
"2025-03-03 18:00:00",9.23,76.89,8.5,5.02
"2025-03-03 19:00:00",11.18,73.31,11.49,8.25
"2025-03-03 20:00:00",18.21,61.84,20.44,17.06
"2025-03-03 21:00:00",46.34,26.74,25.67,19.71
"2025-03-03 22:00:00",46.7,16.77,22.73,17.13
"2025-03-03 23:00:00",47.04,12.59,24.19,18.72
"2025-03-04 00:00:00",36.25,16.84,21.33,17.69
"2025-03-04 01:00:00",21.16,26.06,22.43,20
"2025-03-04 02:00:00",13.25,35.15,16.03,13.81
"2025-03-04 03:00:00",8.39,47.49,8.89,7.03
"2025-03-04 04:00:00",4.09,70.17,6.4,4.6
"2025-03-04 05:00:00",7.01,43.38,7.66,6.1
"2025-03-04 06:00:00",6.65,56.11,6.48,4.83
"2025-03-04 07:00:00",9.61,63.6,7.4,5.41
"2025-03-04 08:00:00",40.08,32.95,9.16,7.43
"2025-03-04 09:00:00",28.72,52.95,12.08,6.79
"2025-03-04 10:00:00",8.22,79.4,10.6,6.41
"2025-03-04 11:00:00",8.54,85.34,11.59,6.07
"2025-03-04 12:00:00",6.75,89.38,9.36,4.85
"2025-03-04 13:00:00",5.07,92.01,7.68,4.09
"2025-03-04 14:00:00",4.17,93.72,9.75,4.54
"2025-03-04 15:00:00",4.75,93.85,8.16,4.32
"2025-03-04 16:00:00",4.51,93.25,9.15,4.88
"2025-03-04 17:00:00",4.71,93.53,9.09,5.53
"2025-03-04 18:00:00",6.9,88.92,11.86,7.39
"2025-03-04 19:00:00",7.23,88.9,11.54,7.57
"2025-03-04 20:00:00",5.93,90.16,10.39,6.65
"2025-03-04 21:00:00",4.75,91.07,10.45,6.16
"2025-03-04 22:00:00",3.17,93.92,7.93,4.62
"2025-03-04 23:00:00",2.45,95.02,7.73,4.61
"2025-03-05 00:00:00",2.24,93.69,7.98,4.86
"2025-03-05 01:00:00",1.57,94.41,9.3,5.48
"2025-03-05 02:00:00",1.39,93.99,9.26,5.53
"2025-03-05 03:00:00",1.17,94.68,9.58,5.82
"2025-03-05 04:00:00",0.58,96.97,8.17,4.94
"2025-03-05 05:00:00",0.74,96.27,7.82,4.68
"2025-03-05 06:00:00",1.08,96.15,6.95,4.3
"2025-03-05 07:00:00",1.86,96.02,8.22,4.73
"2025-03-05 08:00:00",3.3,92.57,9.56,5.5
"2025-03-05 09:00:00",4,92.3,9.89,5.84
"2025-03-05 10:00:00",3.42,93.02,10.36,5.93
"2025-03-05 11:00:00",3.04,94.65,11.85,7.28
"2025-03-05 12:00:00",3,95.04,11.68,8.01
"2025-03-05 13:00:00",3.29,94.47,12.27,8.16
"2025-03-05 14:00:00",3.78,93.91,12.23,8.58
"2025-03-05 15:00:00",3.47,95.22,13.35,9.01
"2025-03-05 16:00:00",4.12,94.46,14.94,10.78
"2025-03-05 17:00:00",4.51,94.57,15.31,10.96
"2025-03-05 18:00:00",5.83,93.87,14.69,10.19
"2025-03-05 19:00:00",7.07,88.68,14.97,10.83
"2025-03-05 20:00:00",7.97,87.38,18.54,14.23
"2025-03-05 21:00:00",7.31,86.1,23.26,18.1
"2025-03-05 22:00:00",5.53,89.54,25.8,21.09
"2025-03-05 23:00:00",4.85,90.1,24.7,20.32
"2025-03-06 00:00:00",3.22,95.3,30.9,25.68
"2025-03-06 01:00:00",3.17,93.54,37.1,31.2
"2025-03-06 02:00:00",4.47,82.66,41.66,35.3
"2025-03-06 03:00:00",4.63,79.55,43.39,36.42
"2025-03-06 04:00:00",4.15,81.15,43.16,33.94
"2025-03-06 05:00:00",3.87,81.41,35.31,25.66
"2025-03-06 06:00:00",4.3,81.72,34.46,24.05
"2025-03-06 07:00:00",5.45,79.99,38.15,24.71
"2025-03-06 08:00:00",6.94,78.49,32.09,19.75
"2025-03-06 09:00:00",9.35,76.53,30.7,17.27
"2025-03-06 10:00:00",7.38,78.43,30.9,17.33
"2025-03-06 11:00:00",5.66,80.86,30.42,16.58
"2025-03-06 12:00:00",5.81,79.59,32.03,16.68
"2025-03-06 13:00:00",5.27,79.19,33.12,17.08
"2025-03-06 14:00:00",5.08,81.11,31.24,17.78
"2025-03-06 15:00:00",5.85,81.35,32.32,18.42
"2025-03-06 16:00:00",5.8,80.94,31.81,17.75
"2025-03-06 17:00:00",4.92,79.69,31.78,18.32
"2025-03-06 18:00:00",5.8,76.37,34.19,20.05
"2025-03-06 19:00:00",5.27,76.64,30.4,18.59
"2025-03-06 20:00:00",4.93,77.91,30.48,18.5
"2025-03-06 21:00:00",4.94,78.29,29.74,18.28
"2025-03-06 22:00:00",3.55,80.54,25.56,16.35
"2025-03-06 23:00:00",2.09,83.46,22.35,13.87
"2025-03-07 00:00:00",1.63,83.95,21.34,13.68
"2025-03-07 01:00:00",1.6,83.9,20.86,13.3
"2025-03-07 02:00:00",2.14,83.49,21.36,13.11
"2025-03-07 03:00:00",1.52,82.2,18.73,12.08
"2025-03-07 04:00:00",2.36,79.3,24.77,14.73
"2025-03-07 05:00:00",1.35,78.13,25.41,15.64
"2025-03-07 06:00:00",2.17,75.5,31.08,18.12
"2025-03-07 07:00:00",3.16,74.8,21.1,13.83
"2025-03-07 08:00:00",6.24,71.02,22.55,14.6
"2025-03-07 09:00:00",10.3,66.25,17.41,11.58
"2025-03-07 10:00:00",12.37,64.37,9.71,7.36
"2025-03-07 11:00:00",9.52,68.94,9.97,7.41
"2025-03-07 12:00:00",6.95,75.16,8.11,5.98
"2025-03-07 13:00:00",10.83,70.41,6.78,5.09
"2025-03-07 14:00:00",11.74,63.43,4.12,3.23
"2025-03-07 15:00:00",7.22,68.81,8.16,6.39
"2025-03-07 16:00:00",6.59,73.51,12.91,9.72
"2025-03-07 17:00:00",5.14,75.76,16.32,12.01
"2025-03-07 18:00:00",6.27,75.37,20.87,15.18
"2025-03-07 19:00:00",6.33,79.34,22.59,17.29
"2025-03-07 20:00:00",6.96,79.26,22.67,17.08
"2025-03-07 21:00:00",6.01,79.04,20.92,15.25
"2025-03-07 22:00:00",5.38,77.99,17.89,12.73
"2025-03-07 23:00:00",5.71,73.62,18.21,12.76
"2025-03-08 00:00:00",5.87,68.25,17.78,12.56
"2025-03-08 01:00:00",4.78,65.8,21.12,14.51
"2025-03-08 02:00:00",6.01,55.21,30.2,21.13
"2025-03-08 03:00:00",4.87,54.88,29.04,20.99
"2025-03-08 04:00:00",4.82,57.5,26.99,19.58
"2025-03-08 05:00:00",4.06,61.9,27.07,18.58
"2025-03-08 06:00:00",4.57,61.37,25.28,17.43
"2025-03-08 07:00:00",6.51,58.92,27.62,18.71
"2025-03-08 08:00:00",7.65,58.15,27.13,18.41
"2025-03-08 09:00:00",6.54,61.55,26.06,17.37
"2025-03-08 10:00:00",7.49,62.06,24.09,16.87
"2025-03-08 11:00:00",7.51,63.36,25.17,17
"2025-03-08 12:00:00",9.16,61.92,27.24,18.91
"2025-03-08 13:00:00",10.2,61.17,26.07,19.02
"2025-03-08 14:00:00",11.11,59.66,27.78,19.24
"2025-03-08 15:00:00",10.29,59.3,27.65,19.33
"2025-03-08 16:00:00",10.32,60.58,28.25,20.23
"2025-03-08 17:00:00",10.58,61.57,27.36,19.43
"2025-03-08 18:00:00",11.88,60.06,30.18,21.29
"2025-03-08 19:00:00",14.9,59.55,29.23,21.4
"2025-03-08 20:00:00",15.71,59.31,28.85,23.44
"2025-03-08 21:00:00",17.63,50.14,39.62,34.89
"2025-03-08 22:00:00",18.65,47.62,29.51,24.46
"2025-03-08 23:00:00",16.56,47.66,26.92,22.33
"2025-03-09 00:00:00",11.96,51.86,20.99,17.63
"2025-03-09 01:00:00",8.17,57.73,18.4,14.7
"2025-03-09 02:00:00",6.33,58.62,17.5,14.05
"2025-03-09 03:00:00",5.26,61.31,16.39,13.2
"2025-03-09 04:00:00",4.38,64.31,16.83,12.9
"2025-03-09 05:00:00",3.74,66.77,16.82,13.36
"2025-03-09 06:00:00",4.12,67.96,17.81,14.33
"2025-03-09 07:00:00",4.44,66.15,17.72,14.44
"2025-03-09 08:00:00",4.99,65.23,17.8,14.19
"2025-03-09 09:00:00",4.6,68.17,16.17,12.8
"2025-03-09 10:00:00",4.65,67.37,17.06,13.57
"2025-03-09 11:00:00",5.44,67.05,18.81,14.95
"2025-03-09 12:00:00",5.59,72.42,21.56,16.79
"2025-03-09 13:00:00",6,84.19,22.96,18.56
"2025-03-09 14:00:00",5.53,93.79,24.74,20.06
"2025-03-09 15:00:00",5.98,98.09,25.61,20.89
"2025-03-09 16:00:00",5.65,100.22,27.35,21.96
"2025-03-09 17:00:00",7.39,99.37,29.2,24.51
"2025-03-09 18:00:00",11.06,92.39,38.17,33.16
"2025-03-09 19:00:00",17.25,81.45,48.92,42.31
"2025-03-09 20:00:00",20.96,72.43,56.71,50.69
"2025-03-09 21:00:00",14.15,80.64,51.52,46.23
"2025-03-09 22:00:00",13.15,76.58,53.17,48.07
"2025-03-09 23:00:00",18.21,60.78,47.82,41.61
"2025-03-10 00:00:00",11.13,61.57,45.66,40.54
"2025-03-10 01:00:00",7.92,61.31,47.38,42.95
"2025-03-10 02:00:00",7.5,60.41,46.7,42.46
"2025-03-10 03:00:00",6.6,59.54,47.46,43.02
"2025-03-10 04:00:00",6.35,57.56,46.93,43.06
"2025-03-10 05:00:00",6.46,54.2,46.54,42.35
"2025-03-10 06:00:00",7.28,49.76,45.32,41.39
"2025-03-10 07:00:00",12.76,42.6,44.81,40.28
"2025-03-10 08:00:00",36.18,20.41,62.24,42.14
"2025-03-10 09:00:00",33.51,26.98,63.7,43.14
"2025-03-10 10:00:00",24.7,30.83,55.13,43.11
"2025-03-10 11:00:00",18.07,31.89,57.89,44.59
"2025-03-10 12:00:00",15.27,37.87,52.61,44.34
"2025-03-10 13:00:00",14.71,65.23,54.22,44.53
"2025-03-10 14:00:00",12.12,81.5,46.83,38.79
"2025-03-10 15:00:00",15.88,87.17,48.67,39.75
"2025-03-10 16:00:00",17.02,92.32,56.96,48.98
"2025-03-10 17:00:00",18.69,93.17,62.24,52.16
"2025-03-10 18:00:00",17.81,86.86,53.85,44.61
"2025-03-10 19:00:00",17.99,74.82,56.4,47.74
"2025-03-10 20:00:00",13.02,78.29,46.47,39.84
"2025-03-10 21:00:00",10.62,81.74,50.98,43.75
"2025-03-10 22:00:00",7.89,79.92,43.64,36.29
"2025-03-10 23:00:00",5.82,77.41,35.09,28.87
"2025-03-11 00:00:00",4.9,75.71,29.26,22.72
"2025-03-11 01:00:00",4.11,75.03,24.31,18.07
"2025-03-11 02:00:00",3.39,75.41,22.45,17.03
"2025-03-11 03:00:00",2.62,77.52,21.73,16.14
"2025-03-11 04:00:00",1.88,77.55,16.14,10.2
"2025-03-11 05:00:00",1.68,75.98,14.63,8.39
"2025-03-11 06:00:00",4.01,73.66,15.52,8.6
"2025-03-11 07:00:00",6.09,70.06,15.38,7.92
"2025-03-11 08:00:00",14.09,60.18,15.3,7.73
"2025-03-11 09:00:00",14.56,62.93,16.75,8.06
"2025-03-11 10:00:00",7.83,72.88,16.14,7.36
"2025-03-11 11:00:00",6.17,75.84,13.09,6.01
"2025-03-11 12:00:00",8.73,73.32,10.66,5.24
"2025-03-11 13:00:00",9.12,71.04,9.82,5.06
"2025-03-11 14:00:00",9.13,71.43,10.81,5.69
"2025-03-11 15:00:00",11.46,72.43,9.85,5.31
"2025-03-11 16:00:00",9.5,73.19,10.25,5.21
"2025-03-11 17:00:00",11.62,70.17,13.12,6.97
"2025-03-11 18:00:00",14.6,65.37,14.12,8.07
"2025-03-11 19:00:00",23.68,51.24,19.54,13.3
"2025-03-11 20:00:00",28.42,38.4,16.6,8.74
"2025-03-11 21:00:00",13.73,53.76,12.68,7.76
"2025-03-11 22:00:00",10.01,57.02,10.18,5.97
"2025-03-11 23:00:00",9.17,56.11,9.3,6.03
"2025-03-12 00:00:00",6.86,57.22,8.87,5.68
"2025-03-12 01:00:00",5.13,58.09,8.07,5.35
"2025-03-12 02:00:00",4.33,68.42,7.53,4.8
"2025-03-12 03:00:00",5.16,63.66,6.87,4.72
"2025-03-12 04:00:00",2.24,67.9,5.39,3.48
"2025-03-12 05:00:00",0.85,73.39,5.55,3.32
"2025-03-12 06:00:00",2.48,66.95,7.36,4
"2025-03-12 07:00:00",3.8,63.49,8.54,4.74
"2025-03-12 08:00:00",10.89,57.91,13.7,6.04
"2025-03-12 09:00:00",10.61,64.24,12.69,6.21
"2025-03-12 10:00:00",7.58,77.3,10.89,5.34
"2025-03-12 11:00:00",4.33,82.89,9.27,4.74
"2025-03-12 12:00:00",5.02,80.7,9.43,5.18
"2025-03-12 13:00:00",8.42,81.21,8.91,4.25
"2025-03-12 14:00:00",7.94,81.17,8.48,4.2
"2025-03-12 15:00:00",7.4,81.54,6.75,3.9
"2025-03-12 16:00:00",7.7,81.59,6.98,3.71
"2025-03-12 17:00:00",9.49,78.05,9.02,4.78
"2025-03-12 18:00:00",12.84,73.14,11.96,8.59
"2025-03-12 19:00:00",23.55,56.7,19.9,14.91
"2025-03-12 20:00:00",26.79,50.23,26.56,20.99
"2025-03-12 21:00:00",14.18,58.68,16.06,9.95
"2025-03-12 22:00:00",12.19,57.28,19.65,13.86
"2025-03-12 23:00:00",8.25,60.71,11.7,7.18
"2025-03-13 00:00:00",6.48,63.29,9.92,5.84
"2025-03-13 01:00:00",4.25,71.63,11.63,6.45
"2025-03-13 02:00:00",3.68,71.73,11.92,6.95
"2025-03-13 03:00:00",3.13,72.35,13.28,7.18
"2025-03-13 04:00:00",2.68,71.81,12.17,6.8
"2025-03-13 05:00:00",2.05,71.07,11.44,6.63
"2025-03-13 06:00:00",2.89,68.64,12.45,6.83
"2025-03-13 07:00:00",5.34,68.04,13.95,7.11
"2025-03-13 08:00:00",9.74,63.35,12.35,6.64
"2025-03-13 09:00:00",12.36,59.5,13.14,6.89
"2025-03-13 10:00:00",9.63,64.01,13.89,7.08
"2025-03-13 11:00:00",6.28,70.38,11.52,6.03
"2025-03-13 12:00:00",8.38,75.3,10.07,4.6
"2025-03-13 13:00:00",6.9,75.77,9.98,4.64
"2025-03-13 14:00:00",8.32,77.02,10.11,4.6
"2025-03-13 15:00:00",8.51,80.52,8.58,4.51
"2025-03-13 16:00:00",11.03,78.88,12.22,6.36
"2025-03-13 17:00:00",13.48,74.95,16.25,10.51
"2025-03-13 18:00:00",17.11,69.27,25.13,19.42
"2025-03-13 19:00:00",30.8,50.52,24.78,18
"2025-03-13 20:00:00",45.11,26.67,17.46,8.11
"2025-03-13 21:00:00",52.83,19.68,23.18,12.02
"2025-03-13 22:00:00",35.32,36.09,18.25,12.73
"2025-03-13 23:00:00",38.07,31.66,18.56,12.4
"2025-03-14 00:00:00",32.04,27.66,27.67,21.6
"2025-03-14 01:00:00",20.31,40.37,16.88,12.06
"2025-03-14 02:00:00",15.78,41.4,16.52,12.27
"2025-03-14 03:00:00",7.82,51.96,17.93,11.67
"2025-03-14 04:00:00",6.17,54.5,11.32,8.14
"2025-03-14 05:00:00",5.58,54.53,7.46,6.11
"2025-03-14 06:00:00",5.5,54.85,6.92,5.24
"2025-03-14 07:00:00",10.91,54.69,7.74,4.71
"2025-03-14 08:00:00",14.01,48.27,7.01,4.42
"2025-03-14 09:00:00",20.5,43.11,7.83,5.25
"2025-03-14 10:00:00",11.32,65.72,3.15,2.7
"2025-03-14 11:00:00",10.19,71.78,3.98,3.27
"2025-03-14 12:00:00",9.32,74.53,3.95,3
"2025-03-14 13:00:00",9,78.26,3.8,2.83
"2025-03-14 14:00:00",7.7,80.01,7.4,5.84
"2025-03-14 15:00:00",11.07,80.01,6.54,4.47
"2025-03-14 16:00:00",12.48,79.59,7.48,5.53
"2025-03-14 17:00:00",9.37,80.55,11.65,9.15
"2025-03-14 18:00:00",11.91,77.46,16.25,12.35
"2025-03-14 19:00:00",18.15,66.86,36.8,32.98
"2025-03-14 20:00:00",23.11,59.11,27.55,22.87
"2025-03-14 21:00:00",21.27,62.94,21.08,17.13
"2025-03-14 22:00:00",19.03,62.48,21.93,19.04
"2025-03-14 23:00:00",13.21,63.21,20.82,18.48
"2025-03-15 00:00:00",9.01,64.07,10.17,7.81
"2025-03-15 01:00:00",7.48,62.84,9.77,7.77
"2025-03-15 02:00:00",10.89,51.41,9.48,7.81
"2025-03-15 03:00:00",7.9,54.06,11.5,9.32
"2025-03-15 04:00:00",7.89,55.02,11.98,9.83
"2025-03-15 05:00:00",6.9,52.45,13.65,10.78
"2025-03-15 06:00:00",8.6,52.91,14.1,10.65
"2025-03-15 07:00:00",9.46,52.22,13.73,11
"2025-03-15 08:00:00",11.5,47.8,15.97,12.38
"2025-03-15 09:00:00",10.19,47.07,17.86,13.48
"2025-03-15 10:00:00",9.28,51.86,17.35,13.13
"2025-03-15 11:00:00",7.48,59.45,18.14,11.64
"2025-03-15 12:00:00",6.53,73.14,13.46,8.25
"2025-03-15 13:00:00",5.43,77.62,8.95,5.67
"2025-03-15 14:00:00",6.34,79.03,8.71,6.35
"2025-03-15 15:00:00",7.38,76.67,9.85,7.06
"2025-03-15 16:00:00",6.87,77.19,11.09,7.93
"2025-03-15 17:00:00",8.16,76.6,13.67,11.35
"2025-03-15 18:00:00",11.65,74.64,24.6,21.85
"2025-03-15 19:00:00",22.5,63.56,31.25,27.67
"2025-03-15 20:00:00",26.01,56.33,40.34,35.04
"2025-03-15 21:00:00",29.19,53.13,27.48,22.83
"2025-03-15 22:00:00",24.21,56.84,35.11,31.47
"2025-03-15 23:00:00",24.76,48.74,23.12,19.49
"2025-03-16 00:00:00",14.63,56.86,12.14,9.57
"2025-03-16 01:00:00",10.83,58.23,11.78,8.97
"2025-03-16 02:00:00",10.67,54.33,11.09,8.46
"2025-03-16 03:00:00",6.16,59.83,8.63,6.58
"2025-03-16 04:00:00",7,52.33,8.55,6.49
"2025-03-16 05:00:00",4.41,55.5,9.28,7.07
"2025-03-16 06:00:00",4.68,52.43,9.66,7.64
"2025-03-16 07:00:00",5.1,54.3,11.17,8.7
"2025-03-16 08:00:00",5.7,53.35,11.02,8.93
"2025-03-16 09:00:00",6.65,53.21,13,9.66
"2025-03-16 10:00:00",7.01,59.24,12.24,9.05
"2025-03-16 11:00:00",5.25,70.21,8.17,5.74
"2025-03-16 12:00:00",4.32,76.25,6.97,4.99
"2025-03-16 13:00:00",5.2,79.88,7.07,5.19
"2025-03-16 14:00:00",5.62,80.21,9.07,7.24
"2025-03-16 15:00:00",5.94,78.03,11.35,8.68
"2025-03-16 16:00:00",7.88,75.83,12.59,10.14
"2025-03-16 17:00:00",7.86,77.93,16.27,14.21
"2025-03-16 18:00:00",8.41,80.06,12.46,10.91
"2025-03-16 19:00:00",14.49,71.71,29.48,27.03
"2025-03-16 20:00:00",21.59,62.96,37.13,33.81
"2025-03-16 21:00:00",17.74,63.72,20.93,18.22
"2025-03-16 22:00:00",15.44,61.94,22.77,19.09
"2025-03-16 23:00:00",13.26,61.14,18.85,15.62
"2025-03-17 00:00:00",12.33,61.32,16.62,12.6
"2025-03-17 01:00:00",9.35,62.36,12.45,8.82
"2025-03-17 02:00:00",7.05,63.77,13.1,9.84
"2025-03-17 03:00:00",5.63,64.02,10.65,7.87
"2025-03-17 04:00:00",6.15,61.72,8.46,5.77
"2025-03-17 05:00:00",5.51,61.01,11,7.39
"2025-03-17 06:00:00",5.22,61.7,14.54,11.32
"2025-03-17 07:00:00",4.06,71.42,11.46,8.28
"2025-03-17 08:00:00",4.17,75.71,9.68,6.66
"2025-03-17 09:00:00",4.48,75.61,9.2,6.28
"2025-03-17 10:00:00",5.47,83.34,7.55,3.79
"2025-03-17 11:00:00",3.82,86.88,7.46,3.62
"2025-03-17 12:00:00",4.54,85.73,6.47,3.59
"2025-03-17 13:00:00",4.58,88.04,5.43,2.94
"2025-03-17 14:00:00",3.94,90.37,3.78,1.99
"2025-03-17 15:00:00",4.03,90.31,3.7,2.04
"2025-03-17 16:00:00",5.1,88.2,5.54,2.89
"2025-03-17 17:00:00",4.99,86.53,6.17,3.86
"2025-03-17 18:00:00",5.89,82.67,8.39,5.73
"2025-03-17 19:00:00",7.07,78.42,9.16,6.02
"2025-03-17 20:00:00",8.91,73.58,10.19,6.84
"2025-03-17 21:00:00",8.03,73.63,10.7,7.21
"2025-03-17 22:00:00",7.2,74.63,10.8,7.36
"2025-03-17 23:00:00",5.56,75.27,9.92,6.45
"2025-03-18 00:00:00",4.48,77.37,9.91,6.99
"2025-03-18 01:00:00",4.52,77.95,12.63,8.8
"2025-03-18 02:00:00",3.96,81.67,14.27,10.37
"2025-03-18 03:00:00",4.48,80.67,18.93,12.84
"2025-03-18 04:00:00",4.91,80.05,23.59,15.92
"2025-03-18 05:00:00",4.66,80.17,24.04,17.45
"2025-03-18 06:00:00",4.44,77.19,22.97,17.76
"2025-03-18 07:00:00",5.23,74.44,25.18,19.54
"2025-03-18 08:00:00",7.98,70.91,30.22,22.31
"2025-03-18 09:00:00",10.4,68.53,32.85,25.15
"2025-03-18 10:00:00",10.38,65.62,34.85,26.12
"2025-03-18 11:00:00",10.2,64.93,40.62,27.12
"2025-03-18 12:00:00",9.32,69.7,35.54,26.46
"2025-03-18 13:00:00",7.8,80.28,41.1,23.49
"2025-03-18 14:00:00",6.54,85.17,28.6,20.02
"2025-03-18 15:00:00",7.58,83.9,29.9,21.34
"2025-03-18 16:00:00",7.75,83.69,30.41,21.91
"2025-03-18 17:00:00",9.81,81.17,31.84,23.01
"2025-03-18 18:00:00",9.91,81.47,32.59,23.09
"2025-03-18 19:00:00",14.39,76.89,33.64,24.43
"2025-03-18 20:00:00",20.46,65.76,36.97,25.85
"2025-03-18 21:00:00",22.57,61.85,35.46,24.63
"2025-03-18 22:00:00",23.08,55.63,39.39,30.01
"2025-03-18 23:00:00",23.07,54.5,37.84,28.77
"2025-03-19 00:00:00",20.07,55.33,34.35,26.81
"2025-03-19 01:00:00",16.9,52.86,30.37,22.89
"2025-03-19 02:00:00",12.94,45.89,27.1,20.98
"2025-03-19 03:00:00",10.69,54.6,21.17,15.22
"2025-03-19 04:00:00",8.97,60.54,24.56,16.36
"2025-03-19 05:00:00",10.61,58.72,27.67,18.97
"2025-03-19 06:00:00",7.17,60.85,26.28,18.73
"2025-03-19 07:00:00",14.68,52.08,26.98,19.46
"2025-03-19 08:00:00",13.3,52.44,29.45,21.39
"2025-03-19 09:00:00",17.39,51.01,34.32,22.6
"2025-03-19 10:00:00",12.52,57.56,37.66,23.08
"2025-03-19 11:00:00",10.62,60.98,34.03,23.08
"2025-03-19 12:00:00",10.24,68.6,36.07,25.23
"2025-03-19 13:00:00",9.52,76.41,36.69,25.86
"2025-03-19 14:00:00",9.45,79.35,37.08,26.26
"2025-03-19 15:00:00",8.97,83.97,33.36,25.87
"2025-03-19 16:00:00",9.88,87.82,34.74,26.34
"2025-03-19 17:00:00",11.09,87.04,32.1,26.81
"2025-03-19 18:00:00",13.33,80.16,34.96,27.22
"2025-03-19 19:00:00",16.31,74.29,42.15,32.65
"2025-03-19 20:00:00",16.12,73.45,44.42,34.43
"2025-03-19 21:00:00",17.41,69.66,44.77,35.91
"2025-03-19 22:00:00",14.22,69.1,36.97,30.03
"2025-03-19 23:00:00",13.98,69.59,32.69,26.7
"2025-03-20 00:00:00",12.79,69.09,30.89,26.06
"2025-03-20 01:00:00",13.51,64.91,31.63,26.43
"2025-03-20 02:00:00",15.78,60.18,33.91,27.96
"2025-03-20 03:00:00",12.38,61.02,31.77,27.53
"2025-03-20 04:00:00",13.98,56.52,32.72,27.41
"2025-03-20 05:00:00",13.09,56.96,32.31,26.58
"2025-03-20 06:00:00",19.22,50.19,33.61,28.74
"2025-03-20 07:00:00",20.82,44.96,35.76,29.95
"2025-03-20 08:00:00",22.11,42.95,38.04,30.52
"2025-03-20 09:00:00",16.39,47.92,36.04,29.31
"2025-03-20 10:00:00",13.71,54.53,33.24,25.93
"2025-03-20 11:00:00",10.18,70.08,31.15,21.4
"2025-03-20 12:00:00",10.24,76.67,31.8,20.42
"2025-03-20 13:00:00",9.86,83.18,30.28,18.87
"2025-03-20 14:00:00",9.21,86.11,24.81,18.17
"2025-03-20 15:00:00",9.26,87.42,24.32,17.11
"2025-03-20 16:00:00",9.32,89.93,23.71,16.58
"2025-03-20 17:00:00",10.43,90.12,24.68,16.95
"2025-03-20 18:00:00",11,89.44,22.98,16.35
"2025-03-20 19:00:00",11.62,84.93,25.44,17.57
"2025-03-20 20:00:00",10.68,83.43,21.11,13.67
"2025-03-20 21:00:00",9.12,82.92,19.78,11.87
"2025-03-20 22:00:00",7.14,82.88,17.32,10.16
"2025-03-20 23:00:00",6.46,81.52,16.97,9.65
"2025-03-21 00:00:00",5.7,80.03,18.69,11.13
"2025-03-21 01:00:00",6.61,77.09,22.89,14.19
"2025-03-21 02:00:00",6.59,75.29,21.85,14.66
"2025-03-21 03:00:00",5.8,72.42,23.92,16.17
"2025-03-21 04:00:00",5.76,69.78,22.72,14.52
"2025-03-21 05:00:00",5.64,68.66,22.2,14.23
"2025-03-21 06:00:00",5.89,66.35,24.09,14.82
"2025-03-21 07:00:00",7.27,62.13,25.42,17.46
"2025-03-21 08:00:00",11.06,57.43,26.86,17.16
"2025-03-21 09:00:00",13.75,54.8,30.17,17.77
"2025-03-21 10:00:00",12.08,59.38,26.47,16.54
"2025-03-21 11:00:00",8.62,67.07,24.71,15.89
"2025-03-21 12:00:00",9.92,66.42,29.48,17.98
"2025-03-21 13:00:00",15.86,53.54,28.44,20.02
"2025-03-21 14:00:00",21.46,45.28,26.48,21.33
"2025-03-21 15:00:00",19.22,45.97,26.6,22.66
"2025-03-21 16:00:00",17.85,49.55,23.99,19.39
"2025-03-21 17:00:00",14.6,55.83,23.39,18.11
"2025-03-21 18:00:00",16.03,52.33,28.61,17.83
"2025-03-21 19:00:00",12.25,60.01,39.29,18.68
"2025-03-21 20:00:00",10.24,63.14,40.13,18.65
"2025-03-21 21:00:00",9.62,62.5,39.99,18.14
"2025-03-21 22:00:00",7.7,62.83,30.93,16.52
"2025-03-21 23:00:00",7.78,61.14,30.15,17.36
"2025-03-22 00:00:00",6.28,66.12,30.04,16.34
"2025-03-22 01:00:00",4.99,76.72,22.93,12.9
"2025-03-22 02:00:00",3.47,83.87,17.8,9.91
"2025-03-22 03:00:00",3.29,82.56,17.38,9.67
"2025-03-22 04:00:00",2.38,83.99,8.54,5.59
"2025-03-22 05:00:00",2.61,81.97,4.66,3.13
"2025-03-22 06:00:00",2.85,81.44,5.72,3.98
"2025-03-22 07:00:00",4.24,75.4,3.33,2.64
"2025-03-22 08:00:00",7.27,68.47,6.19,4.02
"2025-03-22 09:00:00",8,62.49,14.17,8.91
"2025-03-22 10:00:00",10.28,57.7,12.46,8.22
"2025-03-22 11:00:00",7.89,52.73,3.02,1.76
"2025-03-22 12:00:00",4.32,59.89,1.54,1.13
"2025-03-22 13:00:00",3.83,62.62,1.7,0.97
"2025-03-22 14:00:00",3.63,63.96,1.09,0.74
"2025-03-22 15:00:00",3.56,66.76,1.61,0.96
"2025-03-22 16:00:00",4.12,67.98,2.51,1.75
"2025-03-22 17:00:00",5.62,67.74,3.03,2.15
"2025-03-22 18:00:00",6.4,66.69,4.05,3.07
"2025-03-22 19:00:00",5.34,69.13,4.75,3.85
"2025-03-22 20:00:00",4.53,71.1,3.8,3
"2025-03-22 21:00:00",3.71,75.28,3.47,2.99
"2025-03-22 22:00:00",2.98,76.26,4.09,3.44
"2025-03-22 23:00:00",2.13,78.74,2.37,1.95
"2025-03-23 00:00:00",1.83,81.49,2.29,1.81
"2025-03-23 01:00:00",1.53,82.86,3.53,2.43
"2025-03-23 02:00:00",0.85,83.49,4.07,2.65
"2025-03-23 03:00:00",0.57,83.08,5.35,3.06
"2025-03-23 04:00:00",0.48,84.27,6,3.24
"2025-03-23 05:00:00",0.39,84.8,5.67,3.16
"2025-03-23 06:00:00",0.29,84.83,6.22,3.23
"2025-03-23 07:00:00",0.59,84.83,6.08,3.32
"2025-03-23 08:00:00",0.36,82.83,6.88,3.56
"2025-03-23 09:00:00",0.74,79.07,7.49,3.81
"2025-03-23 10:00:00",1.02,77.28,7.5,3.87
"2025-03-23 11:00:00",1.7,79.95,8.27,4.05
"2025-03-23 12:00:00",1.56,79.22,8.05,4.2
"2025-03-23 13:00:00",1.97,78.01,8.27,4.79
"2025-03-23 14:00:00",2.8,76.46,7.72,4.33
"2025-03-23 15:00:00",2.65,74.84,8.77,4.9
"2025-03-23 16:00:00",2.69,74.56,8.34,5.08
"2025-03-23 17:00:00",3.31,74.55,10.73,7.53
"2025-03-23 18:00:00",5.36,69.08,12.53,9.54
"2025-03-23 19:00:00",7.21,66.86,12.51,9.57
"2025-03-23 20:00:00",7.12,63.77,11.51,7.01
"2025-03-23 21:00:00",5.36,65.64,11.93,7.61
"2025-03-23 22:00:00",4.12,70.56,10.53,6.93
"2025-03-23 23:00:00",3.33,71.64,10.05,6.06
"2025-03-24 00:00:00",3.16,71.44,10.67,7.33
"2025-03-24 01:00:00",2.67,71.68,8.33,5.16
"2025-03-24 02:00:00",2.7,70.94,9.19,5.09
"2025-03-24 03:00:00",1.81,70.65,9.22,5.08
"2025-03-24 04:00:00",1.85,67.64,8.64,4.85
"2025-03-24 05:00:00",2.18,62.92,9.65,4.96
"2025-03-24 06:00:00",3.74,58.96,9.3,4.88
"2025-03-24 07:00:00",7.54,53.86,11.44,5.08
"2025-03-24 08:00:00",11.03,48.94,10.67,4.99
"2025-03-24 09:00:00",11.77,52.59,13.62,5.22
"2025-03-24 10:00:00",7.5,66.11,7.98,4.04
"2025-03-24 11:00:00",5.22,70.8,7.63,3.91
"2025-03-24 12:00:00",5.16,71.87,7.01,3.35
"2025-03-24 13:00:00",5.4,69.49,8.57,3.71
"2025-03-24 14:00:00",4.22,74.53,8.05,3.51
"2025-03-24 15:00:00",4.11,76.95,7.95,2.79
"2025-03-24 16:00:00",6.4,74.24,6.97,3.54
"2025-03-24 17:00:00",8.08,72,8.16,4.09
"2025-03-24 18:00:00",10.95,68.61,10.73,5.8
"2025-03-24 19:00:00",13.18,65.99,12.38,6.36
"2025-03-24 20:00:00",25.57,44.82,25.74,18.7
"2025-03-24 21:00:00",37.39,26,32.04,23.34
"2025-03-24 22:00:00",9.17,60.66,8.59,4.49
"2025-03-24 23:00:00",7.1,63.71,7.35,3.86
"2025-03-25 00:00:00",6.59,61.66,6.08,3.91
"2025-03-25 01:00:00",5.97,62.12,7.27,4.7
"2025-03-25 02:00:00",4.7,64.6,8.18,5.73
"2025-03-25 03:00:00",16.8,39.81,7.7,5.75
"2025-03-25 04:00:00",16.01,36.87,7.37,5.4
"2025-03-25 05:00:00",5.23,56.27,7.53,5.26
"2025-03-25 06:00:00",7.51,53.11,7.97,5.34
"2025-03-25 07:00:00",6.97,56.82,6.67,4.54
"2025-03-25 08:00:00",10.12,52.51,6.28,4.13
"2025-03-25 09:00:00",11.39,48.91,6.26,3.87
"2025-03-25 10:00:00",10.94,46.82,5.05,3.23
"2025-03-25 11:00:00",8.46,50.52,4.97,2.28
"2025-03-25 12:00:00",6.36,55.17,3.32,1.83
"2025-03-25 13:00:00",10,52.44,4.25,2.27
"2025-03-25 14:00:00",7.53,55.36,4.67,2.28
"2025-03-25 15:00:00",11.09,48.05,7.64,3.09
"2025-03-25 16:00:00",11.09,46.17,7.85,3.41
"2025-03-25 17:00:00",13.36,43.77,8.68,4.89
"2025-03-25 18:00:00",15.88,43.07,12.74,9.43
"2025-03-25 19:00:00",18.35,38.48,13.61,11.09
"2025-03-25 20:00:00",23.97,30.64,18.45,13.34
"2025-03-25 21:00:00",16.51,43.67,20.29,17.22
"2025-03-25 22:00:00",7.97,56.64,16.45,12.28
"2025-03-25 23:00:00",7.52,52.03,17.23,14.64
"2025-03-26 00:00:00",5.61,54.08,12.33,10.59
"2025-03-26 01:00:00",5.42,53.66,13.04,10.17
"2025-03-26 02:00:00",3.92,54.4,13.01,10.63
"2025-03-26 03:00:00",2.81,56.16,9.58,8.73
"2025-03-26 04:00:00",2.48,56.94,8.51,7.73
"2025-03-26 05:00:00",2.27,58.34,7.48,6.94
"2025-03-26 06:00:00",1.73,61.03,5.22,4.93
"2025-03-26 07:00:00",3.42,54.19,5.95,4.92
"2025-03-26 08:00:00",5.12,57.44,5.85,3.24
"2025-03-26 09:00:00",6.22,61.77,5.41,3.03
"2025-03-26 10:00:00",4.22,66.68,4.65,2.56
"2025-03-26 11:00:00",2.93,70.21,1.93,0.91
"2025-03-26 12:00:00",2.53,70.56,1.58,0.63
"2025-03-26 13:00:00",2.62,70.15,1.35,0.48
"2025-03-26 14:00:00",3.19,69.2,1.31,0.65
"2025-03-26 15:00:00",2.89,66.98,1.41,0.62
"2025-03-26 16:00:00",3.14,64.68,1.41,0.62
"2025-03-26 17:00:00",4.5,62.25,2.6,1.2
"2025-03-26 18:00:00",6.59,58.67,5.17,2.93
"2025-03-26 19:00:00",5.63,59.69,6.9,4.86
"2025-03-26 20:00:00",4.78,59.79,5.38,4.5
"2025-03-26 21:00:00",4.86,57.98,3.72,3.32
"2025-03-26 22:00:00",3.83,60.18,3.53,2.97
"2025-03-26 23:00:00",2.46,62.45,3.29,3.08
"2025-03-27 00:00:00",1.65,64.8,2.26,1.92
"2025-03-27 01:00:00",1.36,64.11,1.51,1.27
"2025-03-27 02:00:00",0.92,67.46,0.72,0.4
"2025-03-27 03:00:00",0.94,67.16,0.58,0.37
"2025-03-27 04:00:00",1.52,67.49,0.69,0.54
"2025-03-27 05:00:00",1.58,66.14,0.91,0.67
"2025-03-27 06:00:00",1.76,66.14,0.6,0.36
"2025-03-27 07:00:00",3.24,63.62,0.93,0.32
"2025-03-27 08:00:00",4.23,61.19,1.09,0.64
"2025-03-27 09:00:00",5.44,60.71,0.95,0.56
"2025-03-27 10:00:00",4.41,63.2,0.87,0.41
"2025-03-27 11:00:00",3.11,64.52,1.48,0.68
"2025-03-27 12:00:00",2.04,67.31,1.48,0.81
"2025-03-27 13:00:00",2.51,67.5,2.65,1.63
"2025-03-27 14:00:00",2.65,69.17,3.92,2.79
"2025-03-27 15:00:00",2.67,69.75,5.6,3.21
"2025-03-27 16:00:00",3.33,69.17,6.38,3.67
"2025-03-27 17:00:00",3.79,68.23,7.56,5.09
"2025-03-27 18:00:00",4.2,68.46,5.44,4.06
"2025-03-27 19:00:00",3.62,68.2,7.13,4.82
"2025-03-27 20:00:00",5.68,64.18,6.32,4.29
"2025-03-27 21:00:00",4.3,74.1,10.05,6.37
"2025-03-27 22:00:00",2.5,78.02,13.26,8.44
"2025-03-27 23:00:00",2.16,79.12,11.16,7.42
"2025-03-28 00:00:00",4.91,77.29,10.5,5.93
"2025-03-28 01:00:00",5.32,79.35,18.51,9.41
"2025-03-28 02:00:00",4.09,81.35,18.23,9.56
"2025-03-28 03:00:00",5.75,78.27,15.39,8.07
"2025-03-28 04:00:00",8.43,75.23,11.33,6.02
"2025-03-28 05:00:00",3.59,76.03,8.95,4.56
"2025-03-28 06:00:00",7.57,73.05,11.2,5.21
"2025-03-28 07:00:00",13.55,70.28,17.63,8.03
"2025-03-28 08:00:00",11.07,72.67,18.02,8.34
"2025-03-28 09:00:00",10.82,72.96,18,8.12
"2025-03-28 10:00:00",5.23,77.77,13.36,6.34
"2025-03-28 11:00:00",4.58,78.81,12.61,5.97
"2025-03-28 12:00:00",5.45,78.28,12.66,5.88
"2025-03-28 13:00:00",5.93,75.84,14.24,6.22
"2025-03-28 14:00:00",5.04,76.23,10.01,4.45
"2025-03-28 15:00:00",6.39,73.29,9.19,3.99
"2025-03-28 16:00:00",8.57,68.26,6.2,3.33
"2025-03-28 17:00:00",7.42,68.33,7.06,3.49
"2025-03-28 18:00:00",8.07,70.77,7.94,4.38
"2025-03-28 19:00:00",4.58,73.75,10.4,5.49
"2025-03-28 20:00:00",14.6,61,13.38,6.6
"2025-03-28 21:00:00",16.76,55.53,15.46,7.54
"2025-03-28 22:00:00",22.41,44.42,14.44,8.03
"2025-03-28 23:00:00",17.99,49.24,19.06,11.63
"2025-03-29 00:00:00",15.4,49.75,14.68,7.77
"2025-03-29 01:00:00",15.47,40.47,11.16,6.37
"2025-03-29 02:00:00",26.68,34.77,12.58,6.36
"2025-03-29 03:00:00",14.68,42.75,11.23,5.92
"2025-03-29 04:00:00",10.88,51.48,12.4,5.94
"2025-03-29 05:00:00",6.87,60.61,11.78,5.75
"2025-03-29 06:00:00",1.65,65.1,12.41,6.16
"2025-03-29 07:00:00",3.08,62.8,13.01,6.58
"2025-03-29 08:00:00",1.39,79.65,14.91,7.3
"2025-03-29 09:00:00",1.3,87.29,11.75,5.71
"2025-03-29 10:00:00",1.86,87.11,10.39,5.88
"2025-03-29 11:00:00",2.06,87.29,6.1,3.95
"2025-03-29 12:00:00",2.14,86.64,4.33,3.14
"2025-03-29 13:00:00",2.18,85.71,2.2,1.87
"2025-03-29 14:00:00",2.31,84.19,2.48,1.61
"2025-03-29 15:00:00",3.34,80.41,3.59,2.76
"2025-03-29 16:00:00",3.53,69.15,5.13,4.17
"2025-03-29 17:00:00",3.15,57.82,8.86,7.64
"2025-03-29 18:00:00",8.98,47.07,4.08,3.24
"2025-03-29 19:00:00",5.61,55.23,2.03,1.16
"2025-03-29 20:00:00",6.64,55.89,2.04,1.03
"2025-03-29 21:00:00",6.46,61.59,2.81,1.82
"2025-03-29 22:00:00",6.22,63.35,7.37,4.42
"2025-03-29 23:00:00",2.07,70.93,12.37,7.31
"2025-03-30 00:00:00",1.67,74.44,17.95,10.36
"2025-03-30 02:00:00",2.82,77.18,26.78,14.71
"2025-03-30 03:00:00",2.65,77.97,31.12,17.22
"2025-03-30 04:00:00",1.91,78.47,32.72,18.46
"2025-03-30 05:00:00",1.33,82.37,32.35,18.92
"2025-03-30 06:00:00",1.54,82.2,32.46,18.45
"2025-03-30 07:00:00",3.16,75.29,31.34,17.51
"2025-03-30 08:00:00",3.71,71.53,29.17,16.65
"2025-03-30 09:00:00",2.54,72.89,26.82,14.36
"2025-03-30 10:00:00",2.61,73.75,25.87,14.04
"2025-03-30 11:00:00",2.61,73.28,24.11,13.4
"2025-03-30 12:00:00",2.94,71.94,23.36,12.77
"2025-03-30 13:00:00",2.46,74.41,25.2,14.12
"2025-03-30 14:00:00",1.83,75.46,26.24,15.34
"2025-03-30 15:00:00",2.22,74.48,27.27,16.26
"2025-03-30 16:00:00",2.19,74.78,24.53,14.92
"2025-03-30 17:00:00",3.17,68.38,20.05,12.33
"2025-03-30 18:00:00",8.59,57.37,18.43,11.61
"2025-03-30 19:00:00",9.94,50.71,24.19,16.32
"2025-03-30 20:00:00",22.09,32.08,29.98,22.3
"2025-03-30 21:00:00",25.14,27.41,17.53,12.25
"2025-03-30 22:00:00",8.6,50.68,8.53,5.36
"2025-03-30 23:00:00",9.61,44.45,8.55,6.54
"2025-03-31 00:00:00",15.38,27.2,11.86,9.37
"2025-03-31 01:00:00",13.08,29.01,7.2,5.32
"2025-03-31 02:00:00",13.61,28.91,7.34,5.35
"2025-03-31 03:00:00",15.65,16.26,8.78,7.04
"2025-03-31 04:00:00",16.3,15.39,9.19,6.92
"2025-03-31 05:00:00",15.79,13.74,9.63,6.28
"2025-03-31 06:00:00",27.47,5.89,11.89,6.94
"2025-03-31 07:00:00",27.51,4.74,12.27,7.3
"2025-03-31 08:00:00",25.37,8.41,16.09,8.36
"2025-03-31 09:00:00",12.89,35.57,13.56,7.8
"2025-03-31 10:00:00",5.45,54.71,5.8,3.77
"2025-03-31 11:00:00",4.17,60.83,3.49,1.81
"2025-03-31 12:00:00",3.24,63.72,6.94,3.82
"2025-03-31 13:00:00",3.39,68.9,11.19,6.45
"2025-03-31 14:00:00",2.79,75.78,16.44,9.55
"2025-03-31 15:00:00",3.7,79.86,19.16,11.33
"2025-03-31 16:00:00",4.18,84.13,15.6,9.07
"2025-03-31 17:00:00",4.7,85.21,12.83,7.89
"2025-03-31 18:00:00",5.57,81.34,12.86,7.29
"2025-03-31 19:00:00",6.98,75.92,13.94,8.13
"2025-03-31 20:00:00",11.45,71.1,15.86,10.22
"2025-03-31 21:00:00",12.27,71.22,18.66,11.68
"2025-03-31 22:00:00",12.51,64.51,17.44,11.04
"2025-03-31 23:00:00",11.8,62.47,16.46,11.32
"2025-04-01 00:00:00",10.17,57.76,18.08,11.47
"2025-04-01 01:00:00",7.6,62.2,18.19,11.51
"2025-04-01 02:00:00",6.83,65.11,16.86,10.56
"2025-04-01 03:00:00",3.92,71.27,12.72,8.05
"2025-04-01 04:00:00",4.43,69.73,10.95,6.64
"2025-04-01 05:00:00",4.75,76.01,13.07,7.27
"2025-04-01 06:00:00",5.95,72.03,13.5,7.17
"2025-04-01 07:00:00",10.16,66.3,16.72,8.57
"2025-04-01 08:00:00",9.96,67.6,17.15,9.44
"2025-04-01 09:00:00",7.75,71.49,17.94,9.42
"2025-04-01 10:00:00",6.19,75.46,17.01,9.09
"2025-04-01 11:00:00",6.75,75.16,19.71,9.66
"2025-04-01 12:00:00",7.08,74.67,22.83,10.6
"2025-04-01 13:00:00",7.12,76.98,20.96,11.72
"2025-04-01 14:00:00",7.74,82.31,30.42,18.08
"2025-04-01 15:00:00",7.66,86.69,29.83,19.81
"2025-04-01 16:00:00",8.04,92.21,30.15,19.43
"2025-04-01 17:00:00",8.39,94.23,25.73,17.41
"2025-04-01 18:00:00",8.64,95.1,24.41,16.42
"2025-04-01 19:00:00",10.96,87.54,25.41,16.13
"2025-04-01 20:00:00",21.73,73.29,28.2,18.49
"2025-04-01 21:00:00",24.82,66.08,26.29,17.83
"2025-04-01 22:00:00",25.43,58.67,27.47,18.37
"2025-04-01 23:00:00",16.3,60.94,25.14,16.54
"2025-04-02 00:00:00",15.91,51.62,26.02,16.63
"2025-04-02 01:00:00",7.74,69.27,21.57,14.18
"2025-04-02 02:00:00",6.99,73.52,18.56,9.99
"2025-04-02 03:00:00",7.23,70.74,21.72,11.89
"2025-04-02 04:00:00",6.23,68.26,22.61,13.22
"2025-04-02 05:00:00",6.17,66.63,20.11,13.08
"2025-04-02 06:00:00",8.23,61.25,23.34,15.11
"2025-04-02 07:00:00",10.02,60.41,25.41,13.48
"2025-04-02 08:00:00",12.07,57.65,23.44,12.69
"2025-04-02 09:00:00",9.92,63.21,25.43,13.55
"2025-04-02 10:00:00",7.49,68.63,20.85,11.98
"2025-04-02 11:00:00",7.53,71.67,25.77,12.12
"2025-04-02 12:00:00",6.73,75.43,21.18,12.05
"2025-04-02 13:00:00",6.06,81.91,17.96,10.8
"2025-04-02 14:00:00",6.54,84.99,17.18,10.51
"2025-04-02 15:00:00",6.91,86.82,21.39,10.39
"2025-04-02 16:00:00",6.81,88.99,16.75,9.43
"2025-04-02 17:00:00",8.09,88.63,18.73,12.13
"2025-04-02 18:00:00",8.76,86.92,21.48,13.88
"2025-04-02 19:00:00",10.44,82.65,25.27,18.6
"2025-04-02 20:00:00",11.05,79.89,24.73,18.47
"2025-04-02 21:00:00",10.45,78.57,24.5,17.23
"2025-04-02 22:00:00",10.87,73.67,22.05,14.51
"2025-04-02 23:00:00",8.47,74.78,18.26,11.11
"2025-04-03 00:00:00",7.12,75.37,16.53,9.41
"2025-04-03 01:00:00",6.17,74.46,14.72,8.54
"2025-04-03 02:00:00",5.08,73.47,14.63,8.5
"2025-04-03 03:00:00",4.4,73.54,13.99,7.91
"2025-04-03 04:00:00",4.34,73.56,13.16,7.46
"2025-04-03 05:00:00",4.74,73.25,12.74,7.71
"2025-04-03 06:00:00",6.3,72.3,15.59,10.29
"2025-04-03 07:00:00",8.57,67.86,19,13.44
"2025-04-03 08:00:00",10.19,65.72,24.21,16.02
"2025-04-03 09:00:00",9.09,66.72,25.71,17.5
"2025-04-03 10:00:00",8.47,68.33,29.22,18.86
"2025-04-03 11:00:00",8.48,73.47,31.76,20.4
"2025-04-03 12:00:00",8.32,76.2,34.89,22.49
"2025-04-03 13:00:00",12.26,77.79,31.69,21.89
"2025-04-03 14:00:00",9.11,84.05,32.05,21.25
"2025-04-03 15:00:00",9.25,86.31,33.35,22.27
"2025-04-03 16:00:00",11.36,83.6,36.78,25.71
"2025-04-03 17:00:00",14.49,79.47,41.65,30.69
"2025-04-03 18:00:00",14.06,80.43,37.88,27.72
"2025-04-03 19:00:00",17.11,76.51,41.95,31.16
"2025-04-03 20:00:00",11.97,79.59,27.63,21.44
"2025-04-03 21:00:00",9.46,81.96,18.17,14.23
"2025-04-03 22:00:00",7.57,80.98,14.09,11.16
"2025-04-03 23:00:00",5.61,84.88,13.69,10.69
"2025-04-04 00:00:00",4.91,82.63,18.49,13.64
"2025-04-04 01:00:00",4.79,75.63,19.62,14.81
"2025-04-04 02:00:00",4.75,71.7,19.74,15.21
"2025-04-04 03:00:00",5.44,68.14,22.21,16.96
"2025-04-04 04:00:00",4.26,68.5,18.1,13.43
"2025-04-04 05:00:00",4.6,66.03,18.04,12.97
"2025-04-04 06:00:00",5.77,61.99,19.07,13.81
"2025-04-04 07:00:00",12.77,52.8,33.38,18.32
"2025-04-04 08:00:00",17.38,45.33,24.35,18.04
"2025-04-04 09:00:00",13.67,48.29,22.61,17.31
"2025-04-04 10:00:00",14.44,49.47,24.26,16.31
"2025-04-04 11:00:00",12.46,55.28,19.52,14.73
"2025-04-04 12:00:00",11.8,63.33,19.02,15.76
"2025-04-04 13:00:00",9.08,69.29,13.25,10.5
"2025-04-04 14:00:00",11.24,64.42,19.53,16.31
"2025-04-04 15:00:00",10.75,67.47,17.97,13.64
"2025-04-04 16:00:00",9.69,80.55,22.03,16.86
"2025-04-04 17:00:00",10.74,87.93,27.62,21.6
"2025-04-04 18:00:00",10.39,89.96,34.71,27.3
"2025-04-04 19:00:00",15.36,81.3,39.38,31.44
"2025-04-04 20:00:00",17.44,78.45,42.33,32.24
"2025-04-04 21:00:00",13.81,80.45,33.61,25.11
"2025-04-04 22:00:00",11.83,79.67,31.21,21.74
"2025-04-04 23:00:00",9.97,78.52,29.9,20.54
"2025-04-05 00:00:00",8.52,79.33,29.49,18.27
"2025-04-05 01:00:00",7.14,83.88,24.39,15.61
"2025-04-05 02:00:00",6.17,87.03,22.72,14.14
"2025-04-05 03:00:00",5.1,87.89,20.25,13.03
"2025-04-05 04:00:00",4.99,84.89,18.97,11.72
"2025-04-05 05:00:00",7.09,83.43,17.47,11.27
"2025-04-05 06:00:00",7.55,80.02,15.32,9.46
"2025-04-05 07:00:00",4.88,78.57,12.82,7.62
"2025-04-05 08:00:00",6.2,77.88,11.45,6.89
"2025-04-05 09:00:00",7.64,78.96,11.51,6.88
"2025-04-05 10:00:00",6.82,80.1,13.21,7.69
"2025-04-05 11:00:00",7.32,84.52,14.32,7.88
"2025-04-05 12:00:00",6.35,86.31,14.42,8.75
"2025-04-05 13:00:00",6.12,88.57,16.26,9.26
"2025-04-05 14:00:00",5.45,90.12,14.96,8.73
"2025-04-05 15:00:00",5.34,92.61,15.52,8.86
"2025-04-05 16:00:00",4.84,93.64,14.85,8.62
"2025-04-05 17:00:00",5.25,93.01,15.57,10.34
"2025-04-05 18:00:00",6.07,92.94,15.73,10.03
"2025-04-05 19:00:00",7.67,90.23,17.94,11.61
"2025-04-05 20:00:00",9.41,85.72,20.77,13.52
"2025-04-05 21:00:00",9.14,81.64,19.78,12.23
"2025-04-05 22:00:00",10.41,78.47,22.29,13.2
"2025-04-05 23:00:00",10.07,76.17,21.51,13.62
"2025-04-06 00:00:00",8.06,76.02,18.97,10.1
"2025-04-06 01:00:00",8.62,73.5,18.61,9.56
"2025-04-06 02:00:00",6.46,73.13,17.47,8.49
"2025-04-06 03:00:00",6.71,70.81,16.8,8.46
"2025-04-06 04:00:00",6.34,69.35,15.95,7.94
"2025-04-06 05:00:00",7.05,67.44,16.85,8.34
"2025-04-06 06:00:00",6.59,68.06,16.1,8.22
"2025-04-06 07:00:00",8.12,65.92,16.89,8.47
"2025-04-06 08:00:00",5.22,68.4,15.16,7.47
"2025-04-06 09:00:00",4.27,72.56,12.3,5.94
"2025-04-06 10:00:00",4.44,80.62,10.42,5
"2025-04-06 11:00:00",4.77,82.84,12.1,6.1
"2025-04-06 12:00:00",4.8,85.15,15.31,7.87
"2025-04-06 13:00:00",5.1,85.93,15.85,9.55
"2025-04-06 14:00:00",5.41,89.25,18.15,10.85
"2025-04-06 15:00:00",4.99,91.27,18.16,11.03
"2025-04-06 16:00:00",5.76,93.85,18.54,11.48
"2025-04-06 17:00:00",5.67,94.16,18.32,10.81
"2025-04-06 18:00:00",6.63,92.37,18.03,10.99
"2025-04-06 19:00:00",7.2,84.36,17.82,10.03
"2025-04-06 20:00:00",12.52,71.23,24.91,15.04
"2025-04-06 21:00:00",19.09,59.8,24.04,15.34
"2025-04-06 22:00:00",26.15,43.32,17.43,11.03
"2025-04-06 23:00:00",33.83,23.63,19.49,13.85
"2025-04-07 00:00:00",26.14,22.19,19.61,14.11
"2025-04-07 01:00:00",16.8,28.31,17.22,12.14
"2025-04-07 02:00:00",10.27,35.7,15.98,11.55
"2025-04-07 03:00:00",9.32,33.82,14.18,10.25
"2025-04-07 04:00:00",7.35,34.62,13.36,9.33
"2025-04-07 05:00:00",11.74,30.21,11.74,7.66
"2025-04-07 06:00:00",19.18,23.49,12.28,7.19
"2025-04-07 07:00:00",35.43,15.34,22.42,9.78
"2025-04-07 08:00:00",33.52,27.18,35.74,13
"2025-04-07 09:00:00",27.51,43.39,25.9,11.65
"2025-04-07 10:00:00",10.03,67.76,16.79,8.75
"2025-04-07 11:00:00",7.51,77.35,13.94,7.99
"2025-04-07 12:00:00",6.9,82.63,13.05,7.09
"2025-04-07 13:00:00",6.82,86.47,12.24,6.21
"2025-04-07 14:00:00",5.35,88.61,11.88,5.78
"2025-04-07 15:00:00",5.68,90.58,11.81,5.86
"2025-04-07 16:00:00",5.31,95.26,13.38,6.71
"2025-04-07 17:00:00",5.15,96.46,15.72,8.15
"2025-04-07 18:00:00",6.09,96.62,14.73,8.63
"2025-04-07 19:00:00",8.49,91.5,16.35,9.76
"2025-04-07 20:00:00",25.1,65.83,21.79,13.24
"2025-04-07 21:00:00",48.44,31,33.93,24.52
"2025-04-07 22:00:00",50.76,16.26,30.56,20.53
"2025-04-07 23:00:00",40.67,12.57,25.34,14.96
"2025-04-08 00:00:00",38.06,9.36,29.96,21.54
"2025-04-08 01:00:00",35.11,9.53,29.48,21.6
"2025-04-08 02:00:00",25.85,14.48,20.96,14.38
"2025-04-08 03:00:00",19.71,20.67,17.4,12.3
"2025-04-08 04:00:00",12.94,25.67,15.63,11.07
"2025-04-08 05:00:00",14.38,28.68,16.49,12.15
"2025-04-08 06:00:00",25.59,12,19.61,12.5
"2025-04-08 07:00:00",33.12,8.38,34.4,14.49
"2025-04-08 08:00:00",36.05,21.26,45.3,17.44
"2025-04-08 09:00:00",25.39,66.32,23.02,12.69
"2025-04-08 10:00:00",12.4,78.04,19.1,11.25
"2025-04-08 11:00:00",8.78,81.73,22.05,11.99
"2025-04-08 12:00:00",13.96,80.87,21.87,13.41
"2025-04-08 13:00:00",6.44,85.38,21.15,14
"2025-04-08 14:00:00",6.08,100.21,23.4,13.83
"2025-04-08 15:00:00",5.82,103.47,22.91,13.41
"2025-04-08 16:00:00",5.89,104.19,20.37,12.63
"2025-04-08 17:00:00",6.53,104.74,19.85,13.66
"2025-04-08 18:00:00",6.04,103.64,19.46,12.89
"2025-04-08 19:00:00",10.24,95.25,22.39,13.33
"2025-04-08 20:00:00",22.99,72.73,28.55,19.26
"2025-04-08 21:00:00",23.54,67.3,31.25,23.25
"2025-04-08 22:00:00",40.43,39.33,31.14,18.21
"2025-04-08 23:00:00",28.77,53.24,30.91,19.37
"2025-04-09 00:00:00",18.19,46.13,27.87,19.25
"2025-04-09 01:00:00",16.62,39.32,24.52,18.09
"2025-04-09 02:00:00",15.83,37.18,22.61,17.04
"2025-04-09 03:00:00",13.07,39.12,22.04,16.64
"2025-04-09 04:00:00",9.48,41.68,22.92,16.66
"2025-04-09 05:00:00",10.43,47.85,20.08,14.27
"2025-04-09 06:00:00",9.65,58.61,22.15,15.16
"2025-04-09 07:00:00",20.1,43.64,45.81,19.67
"2025-04-09 08:00:00",24.58,43.22,65.84,24.04
"2025-04-09 09:00:00",25.17,45.08,88.37,27.94
"2025-04-09 10:00:00",17.45,64.36,49.96,23.84
"2025-04-09 11:00:00",10.69,88.56,47.05,35.76
"2025-04-09 12:00:00",11.09,92.36,34.21,23.18
"2025-04-09 13:00:00",8.04,96.04,27.71,18.23
"2025-04-09 14:00:00",8.37,99.47,29.99,18.6
"2025-04-09 15:00:00",7.26,99.32,34.14,22.35
"2025-04-09 16:00:00",7.49,90.21,31.84,17.55
"2025-04-09 17:00:00",7.31,88.14,24.48,13.39
"2025-04-09 18:00:00",11.52,94.89,25.19,14.13
"2025-04-09 19:00:00",14.37,91.17,25.22,17.69
"2025-04-09 20:00:00",16.84,81.26,29.36,20.57
"2025-04-09 21:00:00",17.64,71.55,29.39,16.49
"2025-04-09 22:00:00",16.11,65.48,20.48,12.38
"2025-04-09 23:00:00",14.12,63.37,16.82,10.21
"2025-04-10 00:00:00",10.66,65.56,16.04,9.76
"2025-04-10 01:00:00",6.41,73.56,14.81,9.72
"2025-04-10 02:00:00",6.54,77.61,14.43,9.48
"2025-04-10 03:00:00",4.36,74.89,13.11,8.91
"2025-04-10 04:00:00",5.97,61.86,13.24,9.39
"2025-04-10 05:00:00",13.87,45.46,17.21,11.22
"2025-04-10 06:00:00",20.3,34.77,19.2,12.35
"2025-04-10 07:00:00",36.89,19.6,31.98,15.19
"2025-04-10 08:00:00",29.05,33.49,31.1,16.53
"2025-04-10 09:00:00",24.57,45.11,38.91,22.07
"2025-04-10 10:00:00",9.69,69.06,29.76,19.92
"2025-04-10 11:00:00",6.13,80.17,28.22,19.59
"2025-04-10 12:00:00",6.49,84.7,31.27,21.28
"2025-04-10 13:00:00",6.24,86.52,29.61,20.91
"2025-04-10 14:00:00",6.02,89.16,31.34,19.93
"2025-04-10 15:00:00",5.59,88.99,27.21,16.47
"2025-04-10 16:00:00",5.39,87.56,26.13,14.31
"2025-04-10 17:00:00",4.69,85.65,23.63,13.59
"2025-04-10 18:00:00",6.25,83.12,20.86,13.06
"2025-04-10 19:00:00",9.27,76.24,20.83,13.1
"2025-04-10 20:00:00",12.89,65.86,18.56,11.99
"2025-04-10 21:00:00",15.91,56.58,22.32,15.27
"2025-04-10 22:00:00",21.73,38.21,32.13,23.75
"2025-04-10 23:00:00",26.31,22.49,35.44,27.34
"2025-04-11 00:00:00",29.05,13.62,28.83,22.75
"2025-04-11 01:00:00",14.15,24.53,19.27,15.57
"2025-04-11 02:00:00",11.09,25.57,17.97,15.28
"2025-04-11 03:00:00",9.61,27.79,22.2,17.78
"2025-04-11 04:00:00",8.66,33.43,23.88,19.43
"2025-04-11 05:00:00",14.14,14.32,20.4,15.88
"2025-04-11 06:00:00",19.02,7.73,24.49,16.8
"2025-04-11 07:00:00",22.64,8.05,29.03,18.64
"2025-04-11 08:00:00",33.2,17.5,49.48,24.17
"2025-04-11 09:00:00",22.66,42.91,42.14,23.89
"2025-04-11 10:00:00",23.05,53.9,39.29,24
"2025-04-11 11:00:00",18.04,74.49,38.89,25.56
"2025-04-11 12:00:00",6.78,84.7,31.07,20.75
"2025-04-11 13:00:00",5.17,88.79,31.01,21.71
"2025-04-11 14:00:00",4.41,100.79,26.66,18.75
"2025-04-11 15:00:00",4.67,99.04,26.26,17.25
"2025-04-11 16:00:00",4.59,95.41,25.42,16.37
"2025-04-11 17:00:00",4.53,94.66,23.09,14.65
"2025-04-11 18:00:00",5.3,91.13,18.91,12.52
"2025-04-11 19:00:00",7.21,90.45,25.24,18.37
"2025-04-11 20:00:00",8.47,82.47,24.83,18.05
"2025-04-11 21:00:00",15.08,64.08,29.76,22.63
"2025-04-11 22:00:00",19.07,48.77,32.13,26.56
"2025-04-11 23:00:00",13.39,46.37,30.6,24.63
"2025-04-12 00:00:00",17.79,36.95,35.03,28.85
"2025-04-12 01:00:00",8.69,62.27,22.87,21.48
"2025-04-12 02:00:00",6.54,78.82,15.6,14.54
"2025-04-12 03:00:00",9.22,60.89,20.84,20.13
"2025-04-12 04:00:00",11.71,52.12,23.95,22.5
"2025-04-12 05:00:00",11.98,41.94,19.98,19.55
"2025-04-12 06:00:00",14.84,36,17.93,17.41
"2025-04-12 07:00:00",18.13,29.58,17.83,16.04
"2025-04-12 08:00:00",14.19,31.12,15.68,13.15
"2025-04-12 09:00:00",15.41,34.26,20.14,15.25
"2025-04-12 10:00:00",20.06,28.71,21.08,16.07
"2025-04-12 11:00:00",18.11,51.02,26.78,20.05
"2025-04-12 12:00:00",12.33,60.49,29.58,22.21
"2025-04-12 13:00:00",8.71,64.54,22.22,17.24
"2025-04-12 14:00:00",6.17,76.4,13.83,9.69
"2025-04-12 15:00:00",4.14,85.94,12.21,7.49
"2025-04-12 16:00:00",3.82,91.93,12.41,7.42
"2025-04-12 17:00:00",4.72,88.43,19.19,14.85
"2025-04-12 18:00:00",6.27,81.88,22.65,17.27
"2025-04-12 19:00:00",7.49,78.56,19.07,13.6
"2025-04-12 20:00:00",5.53,82.7,16.89,5.8
"2025-04-12 21:00:00",4.5,82.38,8.8,4.81
"2025-04-12 22:00:00",3.94,81.53,6.56,3.5
"2025-04-12 23:00:00",5.52,75.64,7.28,4.21
"2025-04-13 00:00:00",3.51,79.78,8.42,4.29
"2025-04-13 01:00:00",4.34,76.51,9.33,4.95
"2025-04-13 02:00:00",9.3,67.87,11.04,5.65
"2025-04-13 03:00:00",6.31,67.87,10.42,5.43
"2025-04-13 04:00:00",4.16,68.46,7.68,4.24
"2025-04-13 05:00:00",6.6,66.24,7.62,3.8
"2025-04-13 06:00:00",10.58,54.93,7.79,3.5
"2025-04-13 07:00:00",9.25,51.77,9.39,3.84
"2025-04-13 08:00:00",4.88,63.45,8.92,3.56
"2025-04-13 09:00:00",3.24,68.27,9,3.41
"2025-04-13 10:00:00",2.93,74.23,8.08,3.18
"2025-04-13 11:00:00",2.43,80,7.94,3.13
"2025-04-13 12:00:00",2.49,82.69,7.62,3.19
"2025-04-13 13:00:00",2.42,85.03,8.45,3.2
"2025-04-13 14:00:00",2.62,85.25,9.94,3.52
"2025-04-13 15:00:00",2.48,83.77,6.86,2.63
"2025-04-13 16:00:00",4.14,80.12,4.94,1.72
"2025-04-13 17:00:00",4.69,74.86,3.66,1.58
"2025-04-13 18:00:00",2.89,79,6.04,2.66
"2025-04-13 19:00:00",3.03,79.47,8.66,3.99
"2025-04-13 20:00:00",4.65,76.56,9.31,4.07
"2025-04-13 21:00:00",3.29,77.63,10.48,5.66
"2025-04-13 22:00:00",2.38,83.31,9.41,4.39
"2025-04-13 23:00:00",1.57,86.34,10.58,4.61
"2025-04-14 00:00:00",1.21,87.84,7.26,2.9
"2025-04-14 01:00:00",1.4,84.17,6.12,2.84
"2025-04-14 02:00:00",1.35,80.53,9.16,4.15
"2025-04-14 03:00:00",1.95,74.34,8.09,3.32
"2025-04-14 04:00:00",2.74,65.73,6.65,3.2
"2025-04-14 05:00:00",1.84,81.46,3.73,1.94
"2025-04-14 06:00:00",3.85,75.84,4.43,1.91
"2025-04-14 07:00:00",9.06,66.07,4.6,1.91
"2025-04-14 08:00:00",16.72,57.69,4.9,2.19
"2025-04-14 09:00:00",6.84,78.48,4.17,1.96
"2025-04-14 10:00:00",4.89,79.2,3.53,1.64
"2025-04-14 11:00:00",3.21,84.31,3.94,1.69
"2025-04-14 12:00:00",5.27,80.44,4.78,1.67
"2025-04-14 13:00:00",2.61,86.87,5.31,2.24
"2025-04-14 14:00:00",2.98,86.93,6.36,2.4
"2025-04-14 15:00:00",2.92,85.78,6.42,2.96
"2025-04-14 16:00:00",3.38,84.79,6.35,2.53
"2025-04-14 17:00:00",3.75,84.56,7.02,3
"2025-04-14 18:00:00",3.65,83.59,8.03,3.36
"2025-04-14 19:00:00",4.4,83.04,8.93,4.3
"2025-04-14 20:00:00",7.64,77.33,11.25,4.99
"2025-04-14 21:00:00",9.22,70.58,12.71,5.24
"2025-04-14 22:00:00",11.17,58.68,7.53,3.49
"2025-04-14 23:00:00",7.36,58.56,6.65,3.67
"2025-04-15 00:00:00",6.18,60.38,7.55,3.48
"2025-04-15 01:00:00",5.36,61.93,6.78,3.24
"2025-04-15 02:00:00",4.5,65.4,9.05,3.68
"2025-04-15 03:00:00",4.65,64.55,9.46,3.93
"2025-04-15 04:00:00",2.57,67.56,10.61,4.09
"2025-04-15 05:00:00",4.3,65.78,8.21,3.55
"2025-04-15 06:00:00",6.4,64.22,8.71,3.32
"2025-04-15 07:00:00",9.88,62,8.23,2.95
"2025-04-15 08:00:00",11.68,60.93,10.44,3.05
"2025-04-15 09:00:00",5.1,76.61,5.6,1.85
"2025-04-15 10:00:00",4.8,80.09,5.07,1.93
"2025-04-15 11:00:00",4.35,81.96,4.42,1.59
"2025-04-15 12:00:00",5.87,80.78,4.92,1.7
"2025-04-15 13:00:00",5.62,80.91,5.11,1.54
"2025-04-15 14:00:00",5.13,78.65,5.67,1.78
"2025-04-15 15:00:00",5.68,75.19,7.25,2.5
"2025-04-15 16:00:00",7.52,70.55,8,3.35
"2025-04-15 17:00:00",8.97,67.94,10.06,4.12
"2025-04-15 18:00:00",8.64,66.7,13.17,7.37
"2025-04-15 19:00:00",8.42,66.06,9.31,5.14
"2025-04-15 20:00:00",13.47,63.08,12.23,8.38
"2025-04-15 21:00:00",9.7,66.14,8.11,5.61
"2025-04-15 22:00:00",7.46,69.75,5.22,3.37
"2025-04-15 23:00:00",6.37,67.31,5.26,3.6
"2025-04-16 00:00:00",3.53,67.65,5.1,2.91
"2025-04-16 01:00:00",4.95,59.17,5.84,3.27
"2025-04-16 02:00:00",5.42,55.37,7.25,3.86
"2025-04-16 03:00:00",3.96,59.17,7.74,3.82
"2025-04-16 04:00:00",3.62,58.76,7.09,3.89
"2025-04-16 05:00:00",3.94,59.7,6.84,3.7
"2025-04-16 06:00:00",5.03,58.68,7.98,3.83
"2025-04-16 07:00:00",7.17,56.86,7.94,3.78
"2025-04-16 08:00:00",7.68,59.6,7.62,3.33
"2025-04-16 09:00:00",5.32,63.38,7.82,3.35
"2025-04-16 10:00:00",4.71,68.66,9.51,3.23
"2025-04-16 11:00:00",4.06,71.55,6.72,2.48
"2025-04-16 12:00:00",5.26,71.53,3.79,1.48
"2025-04-16 13:00:00",7.77,73.72,2.76,1.43
"2025-04-16 14:00:00",7.42,71.48,3.02,1.52
"2025-04-16 15:00:00",6.38,73.54,4.33,2.16
"2025-04-16 16:00:00",6.45,72.59,7.31,2.47
"2025-04-16 17:00:00",7.17,74.08,6.08,2.44
"2025-04-16 18:00:00",10.26,70.96,5.62,2.49
"2025-04-16 19:00:00",9.64,70.98,6.23,2.58
"2025-04-16 20:00:00",12.12,64.79,5.26,2.63
"2025-04-16 21:00:00",22.57,47.06,7.16,3.92
"2025-04-16 22:00:00",17.22,54.08,6.92,3.89
"2025-04-16 23:00:00",22.7,29.44,14.43,11.08
"2025-04-17 00:00:00",22.01,23.38,15.49,11.66
"2025-04-17 01:00:00",11.72,25.85,7.69,5.96
"2025-04-17 02:00:00",12.65,20.84,10.17,8.27
"2025-04-17 03:00:00",10.71,19.07,10.1,8.23
"2025-04-17 04:00:00",11.87,16.77,8.6,6.88
"2025-04-17 05:00:00",18.83,13.93,9.65,7.71
"2025-04-17 06:00:00",24.72,12.3,11.84,7.07
"2025-04-17 07:00:00",22.24,12.24,14.46,7.94
"2025-04-17 08:00:00",29.02,21.93,15.82,8.24
"2025-04-17 09:00:00",16.29,53.94,12.75,5.44
"2025-04-17 10:00:00",4.79,74.41,8.72,3.78
"2025-04-17 11:00:00",2.85,84.63,6.14,2.58
"2025-04-17 12:00:00",3.05,85.47,5.41,2.39
"2025-04-17 13:00:00",3.75,84.07,7.11,2.77
"2025-04-17 14:00:00",3.79,82.83,8.97,3.88
"2025-04-17 15:00:00",3.64,81.86,7.11,3.34
"2025-04-17 16:00:00",3.83,82.83,8.22,3.28
"2025-04-17 17:00:00",4.36,90.07,6.83,3.36
"2025-04-17 18:00:00",5.76,88.81,5.76,3.34
"2025-04-17 19:00:00",6.06,84.29,6.89,3.62
"2025-04-17 20:00:00",9.54,79.43,10.56,5.4
"2025-04-17 21:00:00",12.61,72.62,11.3,6.78
"2025-04-17 22:00:00",9.76,70.26,10.89,6.27
"2025-04-17 23:00:00",10.6,65.47,9.73,5.7
"2025-04-18 00:00:00",13.11,64.97,7.55,5.35
"2025-04-18 01:00:00",9.77,71.23,6.15,4.36
"2025-04-18 02:00:00",3.38,91.02,5.27,2.96
"2025-04-18 03:00:00",2.78,96.17,3.14,1.84
"2025-04-18 04:00:00",2.07,93.18,2.82,1.68
"2025-04-18 05:00:00",2.62,86.17,2.97,1.5
"2025-04-18 06:00:00",5.76,81.8,2.46,1.25
"2025-04-18 07:00:00",9.44,76.73,2.03,1.03
"2025-04-18 08:00:00",6.15,78.28,4.66,3.03
"2025-04-18 09:00:00",4.52,79.98,5.8,3.77
"2025-04-18 10:00:00",4.71,77.28,3.4,2.47
"2025-04-18 11:00:00",5.61,74.12,3.31,2.3
"2025-04-18 12:00:00",4.68,75.34,10.05,6.37
"2025-04-18 13:00:00",5.91,73.57,9.8,6.21
"2025-04-18 14:00:00",6.71,69.23,8.22,5.19
"2025-04-18 15:00:00",7.04,67.63,10.57,7.21
"2025-04-18 16:00:00",6.79,65.81,8.3,6.57
"2025-04-18 17:00:00",6.32,69.66,5.68,4.54
"2025-04-18 18:00:00",6.15,70.96,9.85,7.2
"2025-04-18 19:00:00",7.05,71.73,12.56,8.57
"2025-04-18 20:00:00",7.21,67.65,4.39,3.4
"2025-04-18 21:00:00",7.46,62.57,8.04,6
"2025-04-18 22:00:00",7.08,59.71,6.93,5.13
"2025-04-18 23:00:00",5.91,59.88,2.96,2.19
"2025-04-19 00:00:00",4.63,61.45,3.83,2.29
"2025-04-19 01:00:00",4.44,61.06,4.3,2.53
"2025-04-19 02:00:00",5.08,60.73,2.87,1.69
"2025-04-19 03:00:00",4.53,62.58,2.51,1.47
"2025-04-19 04:00:00",8.15,57.36,2.88,1.74
"2025-04-19 05:00:00",4.8,62.27,2.15,1.27
"2025-04-19 06:00:00",8.12,66.29,4.9,3.61
"2025-04-19 07:00:00",5.13,71.64,7.09,5.66
"2025-04-19 08:00:00",6.25,67.39,17.02,14.84
"2025-04-19 09:00:00",8.56,64.12,16.37,15.27
"2025-04-19 10:00:00",12.1,59.68,25.02,22.34
"2025-04-19 11:00:00",13.06,57.9,17.38,14.49
"2025-04-19 12:00:00",9.6,64.97,6.57,5.79
"2025-04-19 13:00:00",10,64.43,7.1,6.45
"2025-04-19 14:00:00",10.55,65.4,13.5,10.43
"2025-04-19 15:00:00",11.98,67.1,15.5,11.78
"2025-04-19 16:00:00",9.86,70.86,16.05,11.59
"2025-04-19 17:00:00",10.4,69.81,18.34,13.47
"2025-04-19 18:00:00",10.47,70.31,17.84,13.23
"2025-04-19 19:00:00",10.65,68.13,19.27,13.86
"2025-04-19 20:00:00",11.44,63.73,19.12,15.05
"2025-04-19 21:00:00",27.66,30.67,24.95,21.56
"2025-04-19 22:00:00",30.41,23.33,34.72,29.99
"2025-04-19 23:00:00",17.94,32.45,24.46,16.55
"2025-04-20 00:00:00",17,24.51,22.13,17.04
"2025-04-20 01:00:00",14.56,26.77,19.95,16.45
"2025-04-20 02:00:00",10.61,30.21,18.46,15.13
"2025-04-20 03:00:00",8.43,34.88,18.83,15.61
"2025-04-20 04:00:00",8.21,34.74,17.85,14.61
"2025-04-20 05:00:00",10.04,40.96,20.36,16.65
"2025-04-20 06:00:00",11.55,40.74,20.29,17.19
"2025-04-20 07:00:00",10.14,41.25,22.35,18.39
"2025-04-20 08:00:00",8.08,50.03,18.3,14.08
"2025-04-20 09:00:00",5.95,60.98,14.9,9.62
"2025-04-20 10:00:00",5.7,67.28,15.86,9.58
"2025-04-20 11:00:00",5.05,69.49,15.26,8.72
"2025-04-20 12:00:00",5.63,68.88,16.25,9.93
"2025-04-20 13:00:00",4.66,70.84,18.51,11.15
"2025-04-20 14:00:00",5.09,72.48,19.08,12.39
"2025-04-20 15:00:00",4.64,74.1,19.51,12.64
"2025-04-20 16:00:00",4.8,73.54,20.08,13.2
"2025-04-20 17:00:00",5.1,74.48,17.84,12.26
"2025-04-20 18:00:00",5.4,73.67,19.74,13.89
"2025-04-20 19:00:00",4.56,71.41,14.35,11.01
"2025-04-20 20:00:00",4.73,69.5,9.17,6.44
"2025-04-20 21:00:00",4.6,72.84,10.69,7.1
"2025-04-20 22:00:00",4.37,72.84,8.5,4.62
"2025-04-20 23:00:00",5.99,70.83,9.16,4.86
"2025-04-21 00:00:00",4.58,67.71,10.87,5.19
"2025-04-21 01:00:00",4.22,64.82,8.56,4.12
"2025-04-21 02:00:00",4.07,62.17,8.19,4.22
"2025-04-21 03:00:00",3.27,72.17,4.95,3.02
"2025-04-21 04:00:00",3.14,72.01,3.15,2.09
"2025-04-21 05:00:00",3.35,72.65,3.07,1.71
"2025-04-21 06:00:00",9.33,62.04,3.31,1.38
"2025-04-21 07:00:00",7.61,55.91,2.66,1.64
"2025-04-21 08:00:00",5.78,65,4.71,2.35
"2025-04-21 09:00:00",3.21,73.27,8.09,4.22
"2025-04-21 10:00:00",3.36,73.87,11.62,5.48
"2025-04-21 11:00:00",3.23,75.68,10.18,4.74
"2025-04-21 12:00:00",3.5,74.64,8.22,4.17
"2025-04-21 13:00:00",3.33,76.53,8.19,3.59
"2025-04-21 14:00:00",3.62,81.17,5.18,2.04
"2025-04-21 15:00:00",3.98,81.03,5.2,2.52
"2025-04-21 16:00:00",4.59,77.29,4.43,2.36
"2025-04-21 17:00:00",4.59,76.01,5.42,3.69
"2025-04-21 18:00:00",4.29,73.15,12.16,6.64
"2025-04-21 19:00:00",7.71,70.9,9.95,6.49
"2025-04-21 20:00:00",17.64,50.04,9.75,6.49
"2025-04-21 21:00:00",12.01,55.65,6.31,2.78
"2025-04-21 22:00:00",18.3,38.97,7.4,3.59
"2025-04-21 23:00:00",17.03,35.95,7.79,4.01
"2025-04-22 00:00:00",16.44,38.87,7.87,4.15
"2025-04-22 01:00:00",12.73,42.33,7.01,3.94
"2025-04-22 02:00:00",10.1,31.76,6.93,4.21
"2025-04-22 03:00:00",6.21,34.39,7.73,4.29
"2025-04-22 04:00:00",7.7,32.23,7.48,3.7
"2025-04-22 05:00:00",10.97,22.86,7.69,3.59
"2025-04-22 06:00:00",17.78,21.93,9.98,4.82
"2025-04-22 07:00:00",12.44,53.75,8.92,3.76
"2025-04-22 08:00:00",4.61,79.31,10.3,4.33
"2025-04-22 09:00:00",4.29,83.38,11.88,5.33
"2025-04-22 10:00:00",4.07,82.72,13.47,6.07
"2025-04-22 11:00:00",4.08,81.26,14.45,6.63
"2025-04-22 12:00:00",4.94,79.69,16.66,7.62
"2025-04-22 13:00:00",4.26,80.96,17.16,8.27
"2025-04-22 14:00:00",5.06,80.53,16,8.75
"2025-04-22 15:00:00",5.43,82.98,16.43,10.86
"2025-04-22 16:00:00",4.63,84.97,13.22,8.79
"2025-04-22 17:00:00",3.97,86.04,8.22,5.85
"2025-04-22 18:00:00",3.29,84.65,8.49,5.25
"2025-04-22 19:00:00",6.71,67.54,9.88,5.68
"2025-04-22 20:00:00",5.62,67.68,9.49,5.23
"2025-04-22 21:00:00",7.07,65.87,6.07,2.7
"2025-04-22 22:00:00",13.76,49.75,6.43,3.14
"2025-04-22 23:00:00",9.05,58.04,5.65,2.68
"2025-04-23 00:00:00",6.15,54.56,6.89,3.33
"2025-04-23 01:00:00",2.06,57.26,4.52,2.64
"2025-04-23 02:00:00",7.96,51.47,5.44,2.73
"2025-04-23 03:00:00",5.85,51.86,4.43,2.37
"2025-04-23 04:00:00",4.11,49.35,2.68,1.74
"2025-04-23 05:00:00",6.03,46.75,3.08,1.97
"2025-04-23 06:00:00",7.06,57.31,3.78,1.47
"2025-04-23 07:00:00",9.54,58.38,3.86,1.75
"2025-04-23 08:00:00",8.6,58.28,4.15,2.46
"2025-04-23 09:00:00",6.4,55.4,3.88,2.73
"2025-04-23 10:00:00",7.87,50.01,6.7,3.73
"2025-04-23 11:00:00",9.32,48.8,9.03,4.56
"2025-04-23 12:00:00",9.4,54.43,8.5,4.73
"2025-04-23 13:00:00",9.2,57.38,9.65,5.46
"2025-04-23 14:00:00",10.86,54.83,10.04,5.16
"2025-04-23 15:00:00",9.4,59.24,10.39,6.86
"2025-04-23 16:00:00",9.05,62.03,9.73,5.39
"2025-04-23 17:00:00",7.62,64.4,6.93,3.96
"2025-04-23 18:00:00",7.24,66.78,7.55,4.32
"2025-04-23 19:00:00",7.85,65.34,8.63,5.62
"2025-04-23 20:00:00",16.51,44.33,9.39,5.71
"2025-04-23 21:00:00",32.43,27.34,19.77,14.99
"2025-04-23 22:00:00",37.2,21.41,26.05,21.72
"2025-04-23 23:00:00",26.15,23.15,18.25,14.35
"2025-04-24 00:00:00",13.64,36.35,10.98,8
"2025-04-24 01:00:00",13.37,27.62,9.84,6.42
"2025-04-24 02:00:00",10.07,37.49,10.32,5.8
"2025-04-24 03:00:00",12.94,28.14,16.99,7.38
"2025-04-24 04:00:00",10.44,31.91,15.77,7.1
"2025-04-24 05:00:00",10.54,26.83,15.4,6.75
"2025-04-24 06:00:00",14.42,26.96,12.8,6.62
"2025-04-24 07:00:00",19.94,26.09,13.48,7.45
"2025-04-24 08:00:00",15.37,36.02,12.2,7.67
"2025-04-24 09:00:00",10.57,49.88,10.94,6.64
"2025-04-24 10:00:00",5.55,66.49,5.23,2.97
"2025-04-24 11:00:00",5.34,70.57,5.6,3.12
"2025-04-24 12:00:00",6.24,71.08,5.55,3.58
"2025-04-24 13:00:00",7.44,69.94,6.35,3.88
"2025-04-24 14:00:00",7.88,69.84,6.22,4.48
"2025-04-24 15:00:00",5,72.52,6.55,4.25
"2025-04-24 16:00:00",4.59,71.27,4.83,3.56
"2025-04-24 17:00:00",4.8,69.85,5.26,4
"2025-04-24 18:00:00",4.26,68.92,5.67,4.58
"2025-04-24 19:00:00",4.92,68.17,5.17,4.36
"2025-04-24 20:00:00",4.45,70.65,5.21,4.56
"2025-04-24 21:00:00",3.7,72.56,4.85,3.99
"2025-04-24 22:00:00",3.52,72.02,5.13,4.08
"2025-04-24 23:00:00",4.08,71,10.39,7.97
"2025-04-25 00:00:00",4.11,72.55,13,10.36
"2025-04-25 01:00:00",3.44,74.43,7.51,5.17
"2025-04-25 02:00:00",4.43,79.39,9.35,6.94
"2025-04-25 03:00:00",5.16,74.92,9.6,7.44
"2025-04-25 04:00:00",4.67,80.84,13.78,10.79
"2025-04-25 05:00:00",5.11,82.75,11.91,9.78
"2025-04-25 06:00:00",6.16,79.75,12.79,10.43
"2025-04-25 07:00:00",6.26,76.72,6.22,5.16
"2025-04-25 08:00:00",5.86,78,6,4.66
"2025-04-25 09:00:00",5.61,75.81,3.96,2.98
"2025-04-25 10:00:00",5.73,70.88,3.53,2.61
"2025-04-25 11:00:00",5.43,63.13,4.31,2.66
"2025-04-25 12:00:00",4.2,74.67,5.43,3.63
"2025-04-25 13:00:00",2.81,81.84,5.45,3.68
"2025-04-25 14:00:00",3.4,80.69,7.37,4.45
"2025-04-25 15:00:00",3.43,77.1,9.23,6.16
"2025-04-25 16:00:00",3.32,77.94,9.3,6.16
"2025-04-25 17:00:00",3.69,72.92,11.21,7.28
"2025-04-25 18:00:00",3.96,69.43,8.7,6.52
"2025-04-25 19:00:00",4.38,66.17,8.05,6.55
"2025-04-25 20:00:00",4.43,66.64,7.3,5.58
"2025-04-25 21:00:00",4.36,70.24,4.9,3.82
"2025-04-25 22:00:00",5.21,69.43,4.35,3.64
"2025-04-25 23:00:00",4.73,67.3,5.4,4.38
"2025-04-26 00:00:00",4.36,64.83,6.1,4.52
"2025-04-26 01:00:00",3.33,65.98,4.18,2.64
"2025-04-26 02:00:00",4.35,65.24,4.78,2.92
"2025-04-26 03:00:00",5.25,57.18,6.06,3.59
"2025-04-26 04:00:00",9.17,46.18,7.38,4.62
"2025-04-26 05:00:00",10.35,28.55,7,3.98
"2025-04-26 06:00:00",18.96,15.52,5.06,3.15
"2025-04-26 07:00:00",15.12,31.48,6.12,4.34
"2025-04-26 08:00:00",7.86,45.42,6.13,4.93
"2025-04-26 09:00:00",9.87,45.36,7.23,4.98
"2025-04-26 10:00:00",6.19,58.19,8.98,5.1
"2025-04-26 11:00:00",3,69.43,8.44,4.51
"2025-04-26 12:00:00",2.73,72.1,5.96,3.58
"2025-04-26 13:00:00",2.56,77.77,5.55,3.21
"2025-04-26 14:00:00",2.12,76.51,5.95,3.05
"2025-04-26 15:00:00",2.13,76.14,6.22,3.12
"2025-04-26 16:00:00",2.29,78.03,7.58,4.16
"2025-04-26 17:00:00",2.29,76.39,8.25,4.5
"2025-04-26 18:00:00",3.78,74.84,11,6.07
"2025-04-26 19:00:00",3.8,73.66,11.58,6.84
"2025-04-26 20:00:00",3.17,73.24,13.64,7.32
"2025-04-26 21:00:00",3.6,71.92,12.8,7.41
"2025-04-26 22:00:00",2.72,74.08,11.95,6.86
"2025-04-26 23:00:00",2.47,73.38,10.91,6.53
"2025-04-27 00:00:00",2.04,74.39,11.75,6.59
"2025-04-27 01:00:00",2.31,72.49,12.73,7.48
"2025-04-27 02:00:00",1.81,72.09,13.04,7.07
"2025-04-27 03:00:00",1.82,73.24,13.19,7.25
"2025-04-27 04:00:00",1.66,72.91,15.68,8.31
"2025-04-27 05:00:00",1.48,73.35,14.47,7.8
"2025-04-27 06:00:00",1.59,71.42,15.18,7.97
"2025-04-27 07:00:00",1.64,72.81,13.79,7.61
"2025-04-27 08:00:00",1.65,71.52,13.86,7.85
"2025-04-27 09:00:00",1.76,73.57,14.08,8.15
"2025-04-27 10:00:00",1.87,74.78,14.3,8.38
"2025-04-27 11:00:00",2.17,74.92,14.56,8.36
"2025-04-27 12:00:00",2.16,75.38,14.33,8.68
"2025-04-27 13:00:00",2.36,72.38,15.51,9.24
"2025-04-27 14:00:00",2.2,72.79,16.35,9.84
"2025-04-27 15:00:00",2.56,72.14,16.33,9.75
"2025-04-27 16:00:00",3.88,71.52,14.64,8.73
"2025-04-27 17:00:00",2.82,73.59,13.25,8.22
"2025-04-27 18:00:00",3.05,71.52,13.56,8.12
"2025-04-27 19:00:00",2.56,71.49,15.17,9.14
"2025-04-27 20:00:00",2.85,72.78,14.74,9.35
"2025-04-27 21:00:00",2.91,74.83,13.09,8.44
"2025-04-27 22:00:00",2.33,72.86,12.02,7.65
"2025-04-27 23:00:00",2.07,72.11,12.71,7.79
"2025-04-28 00:00:00",2.04,70.72,11.93,7.54
"2025-04-28 01:00:00",2.12,70.89,11.36,7.06
"2025-04-28 02:00:00",1.87,72.21,10.78,6.79
"2025-04-28 03:00:00",1.43,72.04,9.96,6.29
"2025-04-28 04:00:00",1.95,69.48,10,6.19
"2025-04-28 05:00:00",2.25,69.83,10.88,6.58
"2025-04-28 06:00:00",3.2,67.05,9.23,5.97
"2025-04-28 07:00:00",3.88,65.83,9.23,5.33
"2025-04-28 08:00:00",4.95,66.07,8.63,5.24
"2025-04-28 09:00:00",5.56,66.6,9.44,5.7
"2025-04-28 10:00:00",4.12,69.54,10.7,5.89
"2025-04-28 11:00:00",3.64,71.12,9.07,5.53
"2025-04-28 12:00:00",3.74,74.73,7.99,4.69
"2025-04-28 13:00:00",4.84,78.25,9.35,5.2
"2025-04-28 14:00:00",5.15,76.97,5.68,3.87
"2025-04-28 15:00:00",5.03,90.74,10.93,8.31
"2025-04-28 16:00:00",5.82,95.19,13.04,9.97
"2025-04-28 17:00:00",6.22,93.17,11.8,8.87
"2025-04-28 18:00:00",6.08,95.46,13.39,9.95
"2025-04-28 19:00:00",8.14,89.18,15.01,11.2
"2025-04-28 20:00:00",9.77,83.1,16.28,11.13
"2025-04-28 21:00:00",13.2,78.36,18.15,13.13
"2025-04-28 22:00:00",12.3,71.6,17.69,13.49
"2025-04-28 23:00:00",10.7,67.27,15.28,11.71
"2025-04-29 00:00:00",12.12,57.73,16.95,11.99
"2025-04-29 01:00:00",7.75,58.77,12.45,8.86
"2025-04-29 02:00:00",8.81,55.42,9.37,7.05
"2025-04-29 03:00:00",11.06,45.79,9.31,6.97
"2025-04-29 04:00:00",12.95,30.24,10.76,7.74
"2025-04-29 05:00:00",12.1,26.3,9.83,7.11
"2025-04-29 06:00:00",22.47,15.91,11.91,7.71
"2025-04-29 07:00:00",29.3,23.4,15.15,8.2
"2025-04-29 08:00:00",29.3,42.1,17.26,9.13
"2025-04-29 09:00:00",14.03,67.37,18.01,8.76
"2025-04-29 10:00:00",8.35,81.85,13.16,8.82
"2025-04-29 10:01:00",,
"2025-04-29 11:00:00",,,14.46,9.49
"2025-04-29 11:01:00",,
"2025-04-29 12:00:00",27.87,69.21,15.25,11.1
"2025-04-29 13:00:00",6.67,101.57,15.64,11.57
"2025-04-29 14:00:00",8.21,109.78,20.65,14.13
"2025-04-29 15:00:00",8.13,118.29,20.87,16
"2025-04-29 16:00:00",7.73,119.04,24.87,16.1
"2025-04-29 17:00:00",7.6,122,24.39,16.92
"2025-04-29 18:00:00",7.57,123.37,22.86,17.26
"2025-04-29 19:00:00",9.09,122.33,24.46,18.03
"2025-04-29 20:00:00",13.25,111.71,25.3,18.9
"2025-04-29 21:00:00",22.6,87.85,33.56,22.98
"2025-04-29 22:00:00",23.46,77.29,25.38,18.05
"2025-04-29 23:00:00",11.49,93.72,20.61,14.64
"2025-04-30 00:00:00",15.56,85.24,20.68,16.1
"2025-04-30 01:00:00",14.77,69.67,20.49,15.88
"2025-04-30 02:00:00",9.97,58.81,18.72,14.87
"2025-04-30 03:00:00",11.28,57,21.29,16.38
"2025-04-30 04:00:00",9.47,46.47,20.79,17.4
"2025-04-30 05:00:00",14.77,38.33,22.12,17.92
"2025-04-30 06:00:00",27.38,26.28,24.86,18.06
"2025-04-30 07:00:00",32.75,19.05,26.48,18.66
"2025-04-30 08:00:00",31.39,48.02,37.21,19.95
"2025-04-30 09:00:00",14.65,90.22,33.41,18.48
"2025-04-30 10:00:00",6.99,108.67,25.42,18.04
"2025-04-30 11:00:00",7.03,118.64,21.38,17.09
"2025-04-30 12:00:00",8.26,127.7,26.5,20.74
"2025-04-30 13:00:00",7.24,136.17,32.14,26.49
"2025-04-30 14:00:00",7.19,135.81,30.61,23.07
"2025-04-30 15:00:00",7.7,139.02,30.46,23.16
"2025-04-30 16:00:00",6.75,138.28,31.22,21.38
"2025-04-30 17:00:00",5.79,137.65,26.39,19.05
"2025-04-30 18:00:00",6.87,135.88,27.27,18.32
"2025-04-30 19:00:00",8.76,131.92,28.15,20.25
"2025-04-30 20:00:00",10.13,123.54,31.47,22.47
"2025-04-30 21:00:00",22.84,103.72,36.06,26.06
"2025-04-30 22:00:00",39.14,63.41,41.58,31.49
"2025-04-30 23:00:00",19.69,76.41,38.8,31.1
"2025-05-01 00:00:00",22.17,53.73,37.72,30.67
"2025-05-01 01:00:00",19.33,47.43,39.42,32.48
"2025-05-01 02:00:00",25.96,26.59,39.31,33.72
"2025-05-01 03:00:00",24.91,17.63,36.46,30.94
"2025-05-01 04:00:00",16.29,35.5,37.99,33.11
"2025-05-01 05:00:00",18.5,28.38,32.69,27.99
"2025-05-01 06:00:00",16.4,46.16,33.57,27.96
"2025-05-01 07:00:00",23.78,58.52,37.87,28.33
"2025-05-01 08:00:00",23.99,70.78,40.36,27.03
"2025-05-01 09:00:00",22.59,81.68,44.03,24.3
"2025-05-01 10:00:00",11.63,95.79,29.22,17.09
"2025-05-01 11:00:00",12.26,121.82,14.72,8.04
"2025-05-01 12:00:00",6.85,128.05,13.07,6.93
"2025-05-01 13:00:00",7.73,123.06,13.17,7.05
"2025-05-01 14:00:00",6.93,119.81,14.2,6.97
"2025-05-01 15:00:00",5.3,129.65,17.92,10.31
"2025-05-01 16:00:00",8.86,102.42,22.78,14.44
"2025-05-01 17:00:00",10.53,112.35,24.89,16.43
"2025-05-01 18:00:00",11.41,104.07,32.52,22.38
"2025-05-01 19:00:00",8.4,84.86,22.24,15.22
"2025-05-01 20:00:00",7.62,82.11,21.33,15.21
"2025-05-01 21:00:00",6.18,75.68,19.34,14.25
"2025-05-01 22:00:00",7.42,69.61,20.94,14.88
"2025-05-01 23:00:00",11.74,68.36,27.91,21.87
"2025-05-02 00:00:00",4.5,67.1,19.64,15.81
"2025-05-02 01:00:00",3.2,65.43,15.25,11.75
"2025-05-02 02:00:00",2.68,58.14,13.39,9.72
"2025-05-02 03:00:00",2.5,66.56,13.23,8.31
"2025-05-02 04:00:00",2.24,60.64,12.79,7.79
"2025-05-02 05:00:00",3.49,56.93,14.4,9.68
"2025-05-02 06:00:00",7.08,47.43,14.7,9.15
"2025-05-02 07:00:00",8.99,42.39,14.42,8.5
"2025-05-02 08:00:00",9.97,44.04,13.68,7.71
"2025-05-02 09:00:00",7.13,61.62,11.13,6.62
"2025-05-02 10:00:00",4.89,66.53,10.6,6.41
"2025-05-02 11:00:00",6.74,69.04,9.48,5.96
"2025-05-02 12:00:00",5.14,69.01,10.37,5.85
"2025-05-02 13:00:00",5.4,71.08,9.4,5.41
"2025-05-02 14:00:00",5.55,76.71,10.25,4.81
"2025-05-02 15:00:00",5.96,79.46,11.74,5.01
"2025-05-02 16:00:00",5.32,81.77,11.36,4.51
"2025-05-02 17:00:00",5.96,78.66,11.24,4.38
"2025-05-02 18:00:00",6.29,76.64,12.26,4.01
"2025-05-02 19:00:00",5.34,77.41,11.44,4.82
"2025-05-02 20:00:00",8.51,74.16,11.87,5.89
"2025-05-02 21:00:00",13.25,67.4,13.04,5.69
"2025-05-02 22:00:00",12.48,60.58,12.99,7.3
"2025-05-02 23:00:00",10.61,58.9,12.18,7.08
"2025-05-03 00:00:00",7.52,52.38,10.21,5.1
"2025-05-03 01:00:00",6.83,49.07,9.05,5.27
"2025-05-03 02:00:00",5.34,50.59,11.33,6.48
"2025-05-03 03:00:00",5.83,44.44,10.38,7.02
"2025-05-03 04:00:00",5.25,46.13,13.93,9.02
"2025-05-03 05:00:00",4.25,51.37,13.53,8.52
"2025-05-03 06:00:00",4,54.3,14.52,8.53
"2025-05-03 07:00:00",4.71,50.37,16.21,9.65
"2025-05-03 08:00:00",3.78,62.25,17.1,10.69
"2025-05-03 09:00:00",3.45,70.5,15.7,8.78
"2025-05-03 10:00:00",3.05,80.44,12.27,6.57
"2025-05-03 11:00:00",3.75,80.08,10.9,5.01
"2025-05-03 12:00:00",3.45,77.36,6.07,2.73
"2025-05-03 13:00:00",3.62,74.67,8.44,3.97
"2025-05-03 14:00:00",4.43,72.15,8.19,4.67
"2025-05-03 15:00:00",4.28,75.79,7.47,3.74
"2025-05-03 16:00:00",4.27,77.9,7.76,3.47
"2025-05-03 17:00:00",3.41,74.31,8.58,4.17
"2025-05-03 18:00:00",3.52,77.69,8.94,4.2
"2025-05-03 19:00:00",4.49,78.81,10.78,5.06
"2025-05-03 20:00:00",15.54,61.76,15.42,6.73
"2025-05-03 21:00:00",18.04,53.49,13.87,6.44
"2025-05-03 22:00:00",11.99,56.41,15.05,7.84
"2025-05-03 23:00:00",9.12,51.98,11.74,6.09
"2025-05-04 00:00:00",5.28,59.08,9.33,4.93
"2025-05-04 01:00:00",2.82,67.08,7.04,3.72
"2025-05-04 02:00:00",2.3,65.35,7.21,3.97
"2025-05-04 03:00:00",0.99,68.42,8.94,4.6
"2025-05-04 04:00:00",1.97,61.03,7.88,4.46
"2025-05-04 05:00:00",1.64,60.83,8.64,4.53
"2025-05-04 06:00:00",1.62,63.92,6.99,3.9
"2025-05-04 07:00:00",1.41,65.36,7.68,4.02
"2025-05-04 08:00:00",1.68,65.36,7.91,4.13
"2025-05-04 09:00:00",1.97,65.38,7.77,4.23
"2025-05-04 10:00:00",1.84,67.6,8.17,4.12
"2025-05-04 11:00:00",1.97,71.93,7.21,3.94
"2025-05-04 12:00:00",2.1,72.69,6.93,3.83
"2025-05-04 13:00:00",2.04,73.16,9.77,4.01
"2025-05-04 14:00:00",3.38,76.02,9.68,5.1
"2025-05-04 15:00:00",4.99,78.48,13.06,6.67
"2025-05-04 16:00:00",5.01,79.39,11.21,6.31
"2025-05-04 17:00:00",3.98,79.26,9.75,5.89
"2025-05-04 18:00:00",4.04,77.07,9.39,5.4
"2025-05-04 19:00:00",5.62,75.07,11.73,6.53
"2025-05-04 20:00:00",5.84,74.35,10.26,6.18
"2025-05-04 21:00:00",6.52,72.97,7.92,4.99
"2025-05-04 22:00:00",7.05,67.23,8.14,4.94
"2025-05-04 23:00:00",6.6,64.72,6.83,4.59
"2025-05-05 00:00:00",4.62,62.1,5.34,2.76
"2025-05-05 01:00:00",5.5,56.29,4.68,2.51
"2025-05-05 02:00:00",2.85,63.09,3.99,2.4
"2025-05-05 03:00:00",3.37,59.91,5.06,2.86
"2025-05-05 04:00:00",3.15,57.37,5.46,3.22
"2025-05-05 05:00:00",2.91,55.15,5.61,3.31
"2025-05-05 06:00:00",4.23,55.67,6.29,3.47
"2025-05-05 07:00:00",3.1,64.28,8.8,4.15
"2025-05-05 08:00:00",2.1,63.66,9.15,4.31
"2025-05-05 09:00:00",1.98,61.26,8.5,4.04
"2025-05-05 10:00:00",2.7,64.32,8.83,4.07
"2025-05-05 11:00:00",2.49,68.35,7.82,3.65
"2025-05-05 12:00:00",2.33,73.7,7.39,3.42
"2025-05-05 13:00:00",2.42,75.23,8.78,3.81
"2025-05-05 14:00:00",2.41,77.07,8.09,4.55
"2025-05-05 15:00:00",2.85,76.31,8.19,4.03
"2025-05-05 16:00:00",3.65,77.12,7.69,3.71
"2025-05-05 17:00:00",3.65,78.05,6.36,3.36
"2025-05-05 18:00:00",4.63,75.54,6.03,3.04
"2025-05-05 19:00:00",5.79,73.23,6.24,3.47
"2025-05-05 20:00:00",8.21,69.65,8.52,5.7
"2025-05-05 21:00:00",8.94,64.14,8.58,5.83
"2025-05-05 22:00:00",14.61,52.64,8.11,5.31
"2025-05-05 23:00:00",16.18,42.5,8.88,5.19
"2025-05-06 00:00:00",10.9,42.37,10.06,6.57
"2025-05-06 01:00:00",10.33,37.39,8.17,4.62
"2025-05-06 02:00:00",9.73,33.55,7.19,4.08
"2025-05-06 03:00:00",7.73,37.81,7.31,4.02
"2025-05-06 04:00:00",6.78,36.58,7.83,4.35
"2025-05-06 05:00:00",7.52,34.83,9.31,6.98
"2025-05-06 06:00:00",15.63,26.23,10.19,5.44
"2025-05-06 07:00:00",12.02,35.66,11.16,4.9
"2025-05-06 08:00:00",13.68,43.55,28.68,7.56
"2025-05-06 09:00:00",9.6,55.25,9.71,4.35
"2025-05-06 10:00:00",5.67,68.21,7.56,3.71
"2025-05-06 11:00:00",3.93,80.05,7.64,4.15
"2025-05-06 12:00:00",4.02,82.16,8.45,4.41
"2025-05-06 13:00:00",2.75,80.94,9.95,4.65
"2025-05-06 14:00:00",2.76,81.15,9.85,4.81
"2025-05-06 15:00:00",2.78,82.34,9.97,4.84
"2025-05-06 16:00:00",2.86,82.81,10.23,4.76
"2025-05-06 17:00:00",3.03,82.75,9.76,4.77
"2025-05-06 18:00:00",3.08,83.58,10.44,4.99
"2025-05-06 19:00:00",4.38,82.59,10.66,5.93
"2025-05-06 20:00:00",4.52,74.27,9.23,5.42
"2025-05-06 21:00:00",17.54,53.46,13.45,8.57
"2025-05-06 22:00:00",22.36,45.91,12.33,6.55
"2025-05-06 23:00:00",14.21,50.91,9.86,5.47
"2025-05-07 00:00:00",13.82,39.6,12.08,6.66
"2025-05-07 01:00:00",11.47,39.76,9.59,6.36
"2025-05-07 02:00:00",7.4,44.63,8.48,5.86
"2025-05-07 03:00:00",8.06,34.97,11.45,6.09
"2025-05-07 04:00:00",8.47,35.52,9.22,5.67
"2025-05-07 05:00:00",10.94,34.7,8.14,5.11
"2025-05-07 06:00:00",16.26,31.79,13.64,7.04
"2025-05-07 07:00:00",14.7,37.76,17.51,7.65
"2025-05-07 08:00:00",22.22,40.28,40.16,11.47
"2025-05-07 09:00:00",9.25,64.05,10.83,5.26
"2025-05-07 10:00:00",5.39,77.03,10.02,5.09
"2025-05-07 11:00:00",3.94,83.85,8.17,4.55
"2025-05-07 12:00:00",5.38,84.56,11.5,5.48
"2025-05-07 13:00:00",4.46,86.96,12,6.41
"2025-05-07 14:00:00",4.15,89.27,9.6,5.85
"2025-05-07 15:00:00",4.24,91.44,12.92,7.12
"2025-05-07 16:00:00",4.2,90.96,14.24,7.82
"2025-05-07 17:00:00",3.37,92.49,13.01,7.19
"2025-05-07 18:00:00",3.47,92.19,11.47,6.94
"2025-05-07 19:00:00",4.08,90.95,13.02,7.64
"2025-05-07 20:00:00",6.78,86.86,12.76,7.95
"2025-05-07 21:00:00",10.81,77.61,13.77,8.18
"2025-05-07 22:00:00",15.01,64.85,14.87,10.31
"2025-05-07 23:00:00",17.14,52.48,15.99,8.83
"2025-05-08 00:00:00",16.13,49.41,16.84,9.47
"2025-05-08 01:00:00",13.82,42.61,14.13,8.75
"2025-05-08 02:00:00",11.18,44.27,13.47,9.14
"2025-05-08 03:00:00",8.62,46.92,12.19,8.92
"2025-05-08 04:00:00",7.25,48.12,11.09,8.22
"2025-05-08 05:00:00",8.96,43.63,10.21,7.33
"2025-05-08 06:00:00",9.64,47.31,11.93,7.99
"2025-05-08 07:00:00",12.44,45.37,15.91,9.29
"2025-05-08 08:00:00",12.49,56,16.74,10.01
"2025-05-08 09:00:00",10.63,71.26,16.19,10.49
"2025-05-08 10:00:00",7.22,77.66,16.31,9.82
"2025-05-08 11:00:00",7.16,79.61,16.44,9.76
"2025-05-08 12:00:00",5.45,82.66,16.32,9.15
"2025-05-08 13:00:00",5.06,82.87,13.9,8.54
"2025-05-08 14:00:00",4.12,83.21,16.13,8.84
"2025-05-08 15:00:00",3.7,82.7,14.11,8.81
"2025-05-08 16:00:00",3.55,82.28,13.69,8.08
"2025-05-08 17:00:00",3.95,83.5,13.02,7.79
"2025-05-08 18:00:00",4.03,84.21,13.66,8.31
"2025-05-08 19:00:00",5.6,83.65,12.65,8.03
"2025-05-08 20:00:00",7.65,81.37,14.7,8.73
"2025-05-08 21:00:00",8.03,79.72,13.86,7.92
"2025-05-08 22:00:00",14.25,63.86,17.51,9.98
"2025-05-08 23:00:00",14.55,68.75,21.79,12.29
"2025-05-09 00:00:00",15.96,52.55,18.58,11.29
"2025-05-09 01:00:00",11.67,53.25,16.83,10.95
"2025-05-09 02:00:00",8.06,49.41,11.03,8.28
"2025-05-09 03:00:00",13.21,28.8,12.28,8.55
"2025-05-09 04:00:00",14.29,25.81,11.22,8.61
"2025-05-09 05:00:00",10.87,32.12,12.25,8.85
"2025-05-09 06:00:00",18.14,34.59,16.44,10.8
"2025-05-09 07:00:00",19.5,47.85,23.09,11.83
"2025-05-09 08:00:00",21.78,58.49,24.53,12.2
"2025-05-09 09:00:00",11.72,82.03,19.1,9.78
"2025-05-09 10:00:00",7.73,84.34,15.95,9.08
"2025-05-09 11:00:00",4.84,88.16,14.24,8.27
"2025-05-09 12:00:00",4.46,90.79,16.33,8.67
"2025-05-09 13:00:00",4.59,92.16,15.63,9.79
"2025-05-09 14:00:00",4.75,93.63,17.45,10.69
"2025-05-09 15:00:00",4.46,95.68,18.12,11.46
"2025-05-09 16:00:00",4.18,96.87,18.23,11.21
"2025-05-09 17:00:00",3.86,97.79,17.47,10.94
"2025-05-09 18:00:00",3.75,99.03,17.75,10.81
"2025-05-09 19:00:00",4.35,100.23,17.45,11
"2025-05-09 20:00:00",6.52,96.44,18.97,12.3
"2025-05-09 21:00:00",16.79,75.96,24.63,15.85
"2025-05-09 22:00:00",26.78,54.68,29.03,20.64
"2025-05-09 23:00:00",18.18,57.63,22.26,15.76
"2025-05-10 00:00:00",17.53,47.9,20.05,14.99
"2025-05-10 01:00:00",18.92,27.51,24.19,18.28
"2025-05-10 02:00:00",19.43,21.87,26.78,21.57
"2025-05-10 03:00:00",22.36,16.01,23.92,18.05
"2025-05-10 04:00:00",17.8,18.58,19.61,15.37
"2025-05-10 05:00:00",16.76,15.81,14.74,12.21
"2025-05-10 06:00:00",16.41,18.53,15.63,12.61
"2025-05-10 07:00:00",14.39,30.62,17.96,13.58
"2025-05-10 08:00:00",6.54,60.89,16.7,12.68
"2025-05-10 09:00:00",9.33,63.22,20.43,11.85
"2025-05-10 10:00:00",7.31,92.09,14.82,8.54
"2025-05-10 11:00:00",3.93,99.52,14.35,7.98
"2025-05-10 12:00:00",4.14,100.27,15.04,8.67
"2025-05-10 13:00:00",5.1,109.23,16.89,10.27
"2025-05-10 14:00:00",4.13,117.11,13.58,7.26
"2025-05-10 15:00:00",3.91,118.82,14.25,7.64
"2025-05-10 16:00:00",4.1,119.85,13.86,7.61
"2025-05-10 17:00:00",3.6,119.39,14.83,7.02
"2025-05-10 18:00:00",4.73,123.46,17.12,8.57
"2025-05-10 19:00:00",5.19,117.47,17.8,8.67
"2025-05-10 20:00:00",8.38,108.17,17.84,8.96
"2025-05-10 21:00:00",16.17,86.11,19.11,10.5
"2025-05-10 22:00:00",18.59,78.15,17.26,10.56
"2025-05-10 23:00:00",23.46,62.71,16.7,9.99
"2025-05-11 00:00:00",15.89,57.86,19.61,12.8
"2025-05-11 01:00:00",17.16,45.02,18.97,12.46
"2025-05-11 02:00:00",12.32,60.9,20.65,13.28
"2025-05-11 03:00:00",8.21,65.82,18.85,12.33
"2025-05-11 04:00:00",8.36,64.93,20.02,13.08
"2025-05-11 05:00:00",7.62,72.37,19.54,14.5
"2025-05-11 06:00:00",8.1,70.3,19.61,13.72
"2025-05-11 07:00:00",6.3,65.88,17.55,12.59
"2025-05-11 08:00:00",5.36,64.75,16.88,11.28
"2025-05-11 09:00:00",3.62,66.87,17.73,10.62
"2025-05-11 10:00:00",3.7,88.25,15.91,8.94
"2025-05-11 11:00:00",4.13,96.57,14.35,7.98
"2025-05-11 12:00:00",3.45,106.22,13.97,7.4
"2025-05-11 13:00:00",3.72,111.3,15.6,7.53
"2025-05-11 14:00:00",5.84,109.56,13.85,7.02
"2025-05-11 15:00:00",4.56,111.75,14.94,7.48
"2025-05-11 16:00:00",8.34,99.11,15.03,7.55
"2025-05-11 17:00:00",9.06,90.31,15.72,8.58
"2025-05-11 18:00:00",12.01,81.76,15.26,9.73
"2025-05-11 19:00:00",11.12,77.01,13.39,9.12
"2025-05-11 20:00:00",10.59,77.83,11.48,7.99
"2025-05-11 21:00:00",8.39,75.54,11.25,8.15
"2025-05-11 22:00:00",6.58,69.65,9.78,7.23
"2025-05-11 23:00:00",3.48,61.55,8.85,5.69
"2025-05-12 00:00:00",2.69,64.07,5.84,3.76
"2025-05-12 01:00:00",3.64,61.73,5.44,3.08
"2025-05-12 02:00:00",3.09,63.53,4.76,2.49
"2025-05-12 03:00:00",2.71,64.07,4.5,2.5
"2025-05-12 04:00:00",2.98,64.31,5.22,3.16
"2025-05-12 05:00:00",3.15,65.05,5.63,3.85
"2025-05-12 06:00:00",4.07,63.91,5.93,3.47
"2025-05-12 07:00:00",6.21,58.57,5.47,2.93
"2025-05-12 08:00:00",9.08,56.87,7.1,3.49
"2025-05-12 09:00:00",7.67,57.22,11.48,4.66
"2025-05-12 10:00:00",6.48,63.6,9.78,5.48
"2025-05-12 11:00:00",5.61,74.33,11.04,6.83
"2025-05-12 12:00:00",6.34,82.88,12.11,7.66
"2025-05-12 13:00:00",8.26,89.02,15.31,10.9
"2025-05-12 14:00:00",12.44,86.39,19.8,14.06
"2025-05-12 15:00:00",13.08,80.77,22.66,15.93
"2025-05-12 16:00:00",12.76,78.81,21.99,17.33
"2025-05-12 17:00:00",9.83,91.78,21.82,16.77
"2025-05-12 18:00:00",11.7,91.86,22.91,16.55
"2025-05-12 19:00:00",8.75,91.57,21.27,15.09
"2025-05-12 20:00:00",11.78,89.07,21.86,16.04
"2025-05-12 21:00:00",16.83,75.83,24.9,17.66
"2025-05-12 22:00:00",23.27,46.72,22.55,17.83
"2025-05-12 23:00:00",15.03,44.69,29.54,24.78
"2025-05-13 00:00:00",9.79,76.72,17.55,13.04
"2025-05-13 01:00:00",5.64,91.97,12.5,9.04
"2025-05-13 02:00:00",4.45,93.85,11.29,8.88
"2025-05-13 03:00:00",4.16,98.29,11.97,9.53
"2025-05-13 04:00:00",6.17,92.35,13.69,10.77
"2025-05-13 05:00:00",6.98,87.43,16.68,12.95
"2025-05-13 06:00:00",8.87,81.18,18.59,13.56
"2025-05-13 07:00:00",11.19,74.34,17.42,12.62
"2025-05-13 08:00:00",15.4,69.23,17.14,12.01
"2025-05-13 09:00:00",12.55,73.44,16.93,11.56
"2025-05-13 10:00:00",6.78,85.26,13.53,8.72
"2025-05-13 11:00:00",6.77,91.77,16.03,10.42
"2025-05-13 12:00:00",7.74,96.27,19.35,11.73
"2025-05-13 13:00:00",6.89,102.92,21.28,14.02
"2025-05-13 14:00:00",7.89,103.78,20.72,11.13
"2025-05-13 15:00:00",7.85,106.5,19.5,11.3
"2025-05-13 16:00:00",8.71,105.76,19.9,8.78
"2025-05-13 17:00:00",5.89,109.27,15.32,7.63
"2025-05-13 18:00:00",6.56,110.14,14.31,7.5
"2025-05-13 19:00:00",8.05,102.97,16.58,8.17
"2025-05-13 20:00:00",10.52,97.03,17.3,8.68
"2025-05-13 21:00:00",10.24,105.69,14.9,9.16
"2025-05-13 22:00:00",9.8,100.49,13.36,8.51
"2025-05-13 23:00:00",11.7,94.57,15.33,9.91
"2025-05-14 00:00:00",8.37,92.54,16.81,10.12
"2025-05-14 01:00:00",6.23,87.6,17.06,9.42
"2025-05-14 02:00:00",5.74,77.59,15.08,8.62
"2025-05-14 03:00:00",6.71,83.95,13.93,7.66
"2025-05-14 04:00:00",10.64,73.11,14.59,8.22
"2025-05-14 05:00:00",8.22,76.88,14.39,8
"2025-05-14 06:00:00",8.6,80.89,15.04,8.01
"2025-05-14 07:00:00",10.57,80.71,17.88,9.05
"2025-05-14 08:00:00",10.19,81.62,17.22,8.78
"2025-05-14 09:00:00",9.9,80.4,18.81,10.14
"2025-05-14 10:00:00",8.08,89.77,18.5,11.8
"2025-05-14 11:00:00",7.49,98.69,23.34,12.3
"2025-05-14 12:00:00",7.22,104.29,21.27,12.18
"2025-05-14 13:00:00",5.79,112.36,16.97,10.97
"2025-05-14 14:00:00",5.77,115.88,18.95,10.84
"2025-05-14 15:00:00",5.92,117.16,18.3,10.36
"2025-05-14 16:00:00",6.4,118.89,17.5,10.1
"2025-05-14 17:00:00",5.62,112.79,11.85,6.1
"2025-05-14 18:00:00",5.53,110.43,11.79,5.72
"2025-05-14 19:00:00",6.53,109.13,13.2,6.55
"2025-05-14 20:00:00",12.03,105.39,19.1,9.98
"2025-05-14 21:00:00",12.91,98.56,17.94,10.29
"2025-05-14 22:00:00",11.82,91.38,18.33,11.84
"2025-05-14 23:00:00",8.24,93.38,20.44,13.63
"2025-05-15 00:00:00",6.57,91.91,18.47,12.95
"2025-05-15 01:00:00",9.33,75.04,17.22,11.98
"2025-05-15 02:00:00",8.11,65.11,17.47,11.83
"2025-05-15 03:00:00",6.24,69.09,16.22,11.42
"2025-05-15 04:00:00",6.3,66.93,16.05,11.39
"2025-05-15 05:00:00",7.01,65.56,17.9,12.38
"2025-05-15 06:00:00",12.97,56.21,18.64,12.81
"2025-05-15 07:00:00",12.82,58.19,21.71,13.86
"2025-05-15 08:00:00",14.45,57.73,24.95,15.41
"2025-05-15 09:00:00",10.33,73.04,27.22,16.07
"2025-05-15 10:00:00",8.46,83.22,24.04,15.9
"2025-05-15 11:00:00",7.34,94.88,27.71,17.77
"2025-05-15 12:00:00",6.16,98.33,24.32,14.49
"2025-05-15 13:00:00",5.62,100.33,13.28,6.7
"2025-05-15 14:00:00",6.37,97.56,137.67,42.51
"2025-05-15 15:00:00",3.49,95.12,15.62,6.16
"2025-05-15 16:00:00",3.86,93.54,13.66,5.65
"2025-05-15 17:00:00",3.61,93.8,16.88,7.47
"2025-05-15 18:00:00",4.14,86.34,19.89,9
"2025-05-15 19:00:00",5.97,81.74,18.28,8.64
"2025-05-15 20:00:00",11.79,75.69,19.53,8.15
"2025-05-15 21:00:00",13.65,69.91,17.82,8.36
"2025-05-15 22:00:00",18.21,52.54,18.26,8.95
"2025-05-15 23:00:00",13.72,52.34,16.8,8.27
"2025-05-16 00:00:00",9.43,60.04,10.99,5.48
"2025-05-16 01:00:00",8.16,58.52,12.43,6.53
"2025-05-16 02:00:00",3.61,71.94,12.17,6.79
"2025-05-16 03:00:00",4.19,65.47,13.15,7.03
"2025-05-16 04:00:00",6.2,61,13.89,7.89
"2025-05-16 05:00:00",9.78,54.6,15.92,9.57
"2025-05-16 06:00:00",16.48,52.51,20.57,11.31
"2025-05-16 07:00:00",11.28,65.53,21.88,12.49
"2025-05-16 08:00:00",11.99,67.71,25.02,14.35
"2025-05-16 09:00:00",8.76,76.51,27.26,14.96
"2025-05-16 10:00:00",6.24,83.87,28.06,15.62
"2025-05-16 11:00:00",6.72,85.13,26.65,15.53
"2025-05-16 12:00:00",5.29,86.92,26.96,15.64
"2025-05-16 13:00:00",5.07,89.05,29.34,16.87
"2025-05-16 14:00:00",4.47,89.63,27.71,16.79
"2025-05-16 15:00:00",4,92.46,29.69,17.52
"2025-05-16 16:00:00",3.6,91.56,26.99,15.9
"2025-05-16 17:00:00",3.37,91.28,26.3,15.68
"2025-05-16 18:00:00",3.61,91.91,24.76,14.94
"2025-05-16 19:00:00",5.17,90.11,23.15,14.28
"2025-05-16 20:00:00",6.92,83.96,21.86,14.01
"2025-05-16 21:00:00",14.32,65.4,22.46,14.12
"2025-05-16 22:00:00",19.19,53.07,25.08,15.66
"2025-05-16 23:00:00",15.57,48.43,24.07,15.87
"2025-05-17 00:00:00",12.57,43.42,21.9,14.79
"2025-05-17 01:00:00",10.41,45.58,22.01,14.78
"2025-05-17 02:00:00",8.02,46.58,15.29,10.67
"2025-05-17 03:00:00",6.59,52.3,15.61,11.04
"2025-05-17 04:00:00",7.95,48.91,17.87,12.1
"2025-05-17 05:00:00",7.65,52.94,16.38,11.24
"2025-05-17 06:00:00",8.13,49.98,16.33,9.95
"2025-05-17 07:00:00",8.51,53.19,17.57,9.42
"2025-05-17 08:00:00",7.75,60.06,19.57,7.56
"2025-05-17 09:00:00",5.7,79.01,10.09,5.04
"2025-05-17 10:00:00",4.32,91.54,10.17,4.98
"2025-05-17 11:00:00",4.09,95.38,9.9,4.63
"2025-05-17 12:00:00",3.29,98.59,10.41,4.47
"2025-05-17 13:00:00",4.34,102.33,9.88,4.93
"2025-05-17 14:00:00",4.03,110.46,14.5,6.91
"2025-05-17 15:00:00",4.76,108.46,15.59,7.98
"2025-05-17 16:00:00",4.88,101.86,17.97,8.92
"2025-05-17 17:00:00",3.75,97.23,15.58,7.68
"2025-05-17 18:00:00",4.32,94.74,13.49,7.63
"2025-05-17 19:00:00",4.66,91.96,15.63,8.06
"2025-05-17 20:00:00",6.67,89.42,16.42,9.08
"2025-05-17 21:00:00",8.1,88.84,15.21,9.23
"2025-05-17 22:00:00",8.98,87.08,18.74,11.51
"2025-05-17 23:00:00",6.92,88.44,17,11.11
"2025-05-18 00:00:00",6.96,85.46,18.4,11.72
"2025-05-18 01:00:00",5.25,87,16.21,10.71
"2025-05-18 02:00:00",6.26,76.84,13.82,9.5
"2025-05-18 03:00:00",5.83,64.33,13.54,8.91
"2025-05-18 04:00:00",6.2,60.51,13.12,9.12
"2025-05-18 05:00:00",7.36,55.75,13.68,9.89
"2025-05-18 06:00:00",8.63,55.42,14.92,10.44
"2025-05-18 07:00:00",5.78,62.43,14.27,9.98
"2025-05-18 08:00:00",4.13,70.84,15.18,10.12
"2025-05-18 09:00:00",3.43,78.86,16.21,9.97
"2025-05-18 10:00:00",3.62,94.78,16.78,10.22
"2025-05-18 11:00:00",4.51,105.46,14.17,9.19
"2025-05-18 12:00:00",4.17,106.95,11.64,6.7
"2025-05-18 13:00:00",4.1,102.72,13.26,8.05
"2025-05-18 14:00:00",3.65,96.81,12.46,6.41
"2025-05-18 15:00:00",3.19,96,10.29,5.25
"2025-05-18 16:00:00",2.92,93.42,13.72,7.5
"2025-05-18 17:00:00",3,91.17,15.33,7.97
"2025-05-18 18:00:00",3.44,94.47,13.53,7.76
"2025-05-18 19:00:00",3.99,93.55,13.62,6.93
"2025-05-18 20:00:00",4.39,88.58,13.22,7.64
"2025-05-18 21:00:00",7.02,84.32,14.65,8.68
"2025-05-18 22:00:00",11.12,74.13,14.91,9.1
"2025-05-18 23:00:00",13.13,64.63,13.23,7.98
"2025-05-19 00:00:00",9.49,62.15,14.14,8.56
"2025-05-19 01:00:00",3.68,83.77,17.14,11.78
"2025-05-19 02:00:00",3.91,82.53,19.04,14.11
"2025-05-19 03:00:00",5.86,69.71,22.32,18.15
"2025-05-19 04:00:00",5.82,71.7,29.74,25.22
"2025-05-19 05:00:00",5.61,76.73,28.38,21.56
"2025-05-19 06:00:00",7.48,73.81,30.67,24.38
"2025-05-19 07:00:00",10.63,71.23,28.55,20.65
"2025-05-19 08:00:00",10.73,72.1,25.97,16.91
"2025-05-19 09:00:00",8.04,78.64,24.49,16.12
"2025-05-19 10:00:00",8.09,85.37,27.99,19.44
"2025-05-19 11:00:00",6.45,90.08,25.95,19.23
"2025-05-19 12:00:00",5.77,92.31,25.72,18.71
"2025-05-19 13:00:00",5.07,91.94,25.51,17.77
"2025-05-19 14:00:00",5.14,94.16,24.47,17.15
"2025-05-19 15:00:00",4.6,97.06,24.13,16.42
"2025-05-19 16:00:00",3.85,98.23,23.02,15.78
"2025-05-19 17:00:00",3.77,99.94,22.71,15.48
"2025-05-19 18:00:00",4.9,98.03,23.94,15.74
"2025-05-19 19:00:00",4.89,96.73,24.45,16.34
"2025-05-19 20:00:00",4.87,92,24.44,16.83
"2025-05-19 21:00:00",6.88,84.15,24,16.41
"2025-05-19 22:00:00",7.52,76.57,23.94,14.69
"2025-05-19 23:00:00",7.29,74.47,20.87,13.11
"2025-05-20 00:00:00",6.51,81.11,16.07,10.13
"2025-05-20 01:00:00",7.22,80.34,14.39,9.38
"2025-05-20 02:00:00",6.62,81.79,16.93,9.21
"2025-05-20 03:00:00",5.92,80.59,14.91,8.85
"2025-05-20 04:00:00",6.25,62.33,11.7,8.01
"2025-05-20 05:00:00",14.71,48.34,12.74,8.38
"2025-05-20 06:00:00",18.7,35.54,13.42,8.88
"2025-05-20 07:00:00",17.39,55.7,21.51,11.31
"2025-05-20 08:00:00",12.72,66.4,20.68,11.06
"2025-05-20 09:00:00",6.97,79.85,20.17,11.96
"2025-05-20 10:00:00",4.18,89.05,19.13,11.8
"2025-05-20 11:00:00",3.2,97.77,17.39,11.29
"2025-05-20 12:00:00",3.34,98.64,19.6,12.43
"2025-05-20 13:00:00",3.35,95.34,17.87,11.99
"2025-05-20 14:00:00",3.01,94.65,17.21,11.46
"2025-05-20 15:00:00",3.81,93.19,17.52,11.31
"2025-05-20 16:00:00",6.86,89.52,18.24,12.04
"2025-05-20 17:00:00",7.35,86.85,13.55,7.83
"2025-05-20 18:00:00",10.06,80.91,8.05,4.58
"2025-05-20 19:00:00",9.96,80.58,7.72,5.27
"2025-05-20 20:00:00",11.96,67.05,8.31,5.64
"2025-05-20 21:00:00",9.68,61.73,7.55,5.65
"2025-05-20 22:00:00",10.11,60.27,8.06,6.15
"2025-05-20 23:00:00",6.98,64.44,8.28,6.16
"2025-05-21 00:00:00",5.77,68.01,7.67,5.83
"2025-05-21 01:00:00",6.47,68.42,7.09,5.74
"2025-05-21 02:00:00",6.64,60.65,8.48,6.8
"2025-05-21 03:00:00",6.23,60.73,8.72,7.01
"2025-05-21 04:00:00",4.79,60.47,7.96,6.9
"2025-05-21 05:00:00",5.06,62.03,7.79,5.72
"2025-05-21 06:00:00",7.81,50.65,7.82,5.61
"2025-05-21 07:00:00",9.27,50.38,9.53,6.87
"2025-05-21 08:00:00",10.57,54.89,12.87,8.15
"2025-05-21 09:00:00",8.15,68.02,13.74,8.15
"2025-05-21 10:00:00",5.57,70.48,12.25,8.53
"2025-05-21 11:00:00",5.25,74.91,12.98,9.26
"2025-05-21 12:00:00",5.43,82.75,14.62,10.18
"2025-05-21 13:00:00",6.04,83.01,13.53,9.59
"2025-05-21 14:00:00",6.73,87.08,13.66,9.11
"2025-05-21 15:00:00",6.08,93.16,13.5,8.86
"2025-05-21 16:00:00",6.63,93.7,14.11,8.37
"2025-05-21 17:00:00",5.57,95.51,11.14,6.66
"2025-05-21 18:00:00",5.31,92,9.97,6.6
"2025-05-21 19:00:00",4.33,92.72,9.83,5.65
"2025-05-21 20:00:00",7.83,84.12,9.07,5.46
"2025-05-21 21:00:00",11.76,70.8,11.74,7.09
"2025-05-21 22:00:00",13.67,62.59,11.72,6.94
"2025-05-21 23:00:00",6.72,63.6,10.96,6.38
"2025-05-22 00:00:00",5.82,60.96,10.95,6.57
"2025-05-22 01:00:00",6.17,56.86,9.61,6.48
"2025-05-22 02:00:00",4.36,57.32,9.77,6.49
"2025-05-22 03:00:00",6.97,53.82,11.03,6.98
"2025-05-22 04:00:00",6.09,58.31,9.4,6.64
"2025-05-22 05:00:00",6.5,54.07,9.81,6.97
"2025-05-22 06:00:00",4.93,60.7,9.73,6.61
"2025-05-22 07:00:00",6.48,64.02,12.95,7.64
"2025-05-22 08:00:00",8.17,61.09,14.47,8.45
"2025-05-22 09:00:00",6,66.58,13.74,8.21
"2025-05-22 10:00:00",4.41,67.91,12.83,7.66
"2025-05-22 11:00:00",3.59,72.47,10.94,6.05
"2025-05-22 12:00:00",3.85,73.71,10.05,5.48
"2025-05-22 13:00:00",4.63,75.21,9.29,4.72
"2025-05-22 14:00:00",6.24,76.89,7.37,3.98
"2025-05-22 15:00:00",5.58,77.61,7.78,3.82
"2025-05-22 16:00:00",4.55,84.56,12.62,6.08
"2025-05-22 17:00:00",4.49,84.27,13.59,8.57
"2025-05-22 18:00:00",4.35,85.01,14.54,9.53
"2025-05-22 19:00:00",4.5,83.45,15.13,9.17
"2025-05-22 20:00:00",7.57,81.13,14.44,9.7
"2025-05-22 21:00:00",12.92,74.23,18.22,11.4
"2025-05-22 22:00:00",9.18,69.26,18.6,11.11
"2025-05-22 23:00:00",10.99,60.84,18.77,12.34
"2025-05-23 00:00:00",12.52,48.14,16.11,10.76
"2025-05-23 01:00:00",10.7,43.95,15.98,10.82
"2025-05-23 02:00:00",12.41,32.18,15.39,11.07
"2025-05-23 03:00:00",11.69,29.16,14.17,10.68
"2025-05-23 04:00:00",12.57,25.88,13.4,10.13
"2025-05-23 05:00:00",12.14,28.75,12.86,9.76
"2025-05-23 06:00:00",18.91,15.43,13.94,9.69
"2025-05-23 07:00:00",13.7,45.35,13.37,9.02
"2025-05-23 08:00:00",12.6,51.78,16.1,9.66
"2025-05-23 09:00:00",8.38,61.99,14.68,9.11
"2025-05-23 10:00:00",6.58,63.2,13.9,8.02
"2025-05-23 11:00:00",7.9,63.94,13.44,7.8
"2025-05-23 12:00:00",7.3,67.72,12.8,7.58
"2025-05-23 13:00:00",3.45,74.49,12.41,7.88
"2025-05-23 14:00:00",6,77.25,14.71,8.56
"2025-05-23 15:00:00",8.28,70.99,13.38,7.23
"2025-05-23 16:00:00",6.23,63.42,11.21,6.08
"2025-05-23 17:00:00",5.68,59.83,10.43,5.37
"2025-05-23 18:00:00",5.4,55.68,8.53,4.45
"2025-05-23 19:00:00",4.64,53.2,7.57,4.25
"2025-05-23 20:00:00",3.65,51.97,7.24,4.34
"2025-05-23 21:00:00",4.67,47.05,8.45,5.26
"2025-05-23 22:00:00",6.55,42.63,9.67,5.12
"2025-05-23 23:00:00",3.46,45.29,7.06,3.89
"2025-05-24 00:00:00",2.78,43.26,5.32,3.43
"2025-05-24 01:00:00",3.03,38.66,4.14,2.72
"2025-05-24 02:00:00",3.17,38.56,4.8,3.17
"2025-05-24 03:00:00",3.97,34.3,4.38,3
"2025-05-24 04:00:00",2.45,42.58,8.24,5.62
"2025-05-24 05:00:00",2.48,40.55,8.91,5.84
"2025-05-24 06:00:00",2.03,41.7,9.82,6.48
"2025-05-24 07:00:00",3.14,37.7,10.85,6.79
"2025-05-24 08:00:00",2.62,38.38,11.72,7.17
"2025-05-24 09:00:00",2.4,42.3,12.01,7.16
"2025-05-24 10:00:00",2.94,42.31,15.43,8.7
"2025-05-24 11:00:00",2.43,42.82,16.41,9.88
"2025-05-24 12:00:00",2.77,44.02,20.19,10.73
"2025-05-24 13:00:00",1.97,45.44,20.89,11.68
"2025-05-24 14:00:00",2.11,45.05,17.85,11.02
"2025-05-24 15:00:00",1.77,43.87,14.19,9.69
"2025-05-24 16:00:00",1.74,44.57,18.63,11.68
"2025-05-24 17:00:00",2.08,46.02,18.92,12.47
"2025-05-24 18:00:00",1.82,49.63,16.1,10.73
"2025-05-24 19:00:00",2.18,48.38,10.65,7.19
"2025-05-24 20:00:00",1.63,47.13,14.26,8.45
"2025-05-24 21:00:00",2.33,52.99,15.21,8.51
"2025-05-24 22:00:00",3.01,60.46,17.22,9.23
"2025-05-24 23:00:00",3.28,56.84,14.84,8.47
"2025-05-25 00:00:00",1.84,61.62,12.03,6.74
"2025-05-25 01:00:00",2.37,63.28,7.55,3.61
"2025-05-25 02:00:00",1.69,66.71,7.56,3.01
"2025-05-25 03:00:00",3.63,67.23,10.5,4.12
"2025-05-25 04:00:00",8.47,67.56,11.54,4.51
"2025-05-25 05:00:00",7.24,69.8,11.02,5.06
"2025-05-25 06:00:00",3.92,74.43,14.4,5.88
"2025-05-25 07:00:00",2.41,73.32,10.89,4.67
"2025-05-25 08:00:00",1.56,74.55,7.68,3.67
"2025-05-25 09:00:00",2.52,73.48,9.49,4.32
"2025-05-25 10:00:00",1.86,71.35,7.95,3.73
"2025-05-25 11:00:00",1.95,72.31,7.48,3.6
"2025-05-25 12:00:00",4.09,70.59,6.5,3.17
"2025-05-25 13:00:00",3.36,72.42,8.34,3.98
"2025-05-25 14:00:00",2.57,75.68,7.03,3.31
"2025-05-25 15:00:00",2.6,76.27,9.04,4.12
"2025-05-25 16:00:00",2.65,77.92,7.52,3.05
"2025-05-25 17:00:00",3.64,71.25,5.93,2.6
"2025-05-25 18:00:00",3.11,72.4,7.87,3.7
"2025-05-25 19:00:00",3.66,72.32,7.19,3.49
"2025-05-25 20:00:00",3.55,71.87,8.25,4.11
"2025-05-25 21:00:00",3.46,71.2,8.46,4.1
"2025-05-25 22:00:00",3.98,68.92,9.06,4.43
"2025-05-25 23:00:00",2.45,69.36,10.35,5.14
"2025-05-26 00:00:00",2.71,70.34,7.65,4.26
"2025-05-26 01:00:00",2.15,65.24,9.29,4.95
"2025-05-26 02:00:00",1.83,65.4,11.08,5.76
"2025-05-26 03:00:00",2.35,63.78,11.7,6.11
"2025-05-26 04:00:00",2.22,65.41,11.6,6.18
"2025-05-26 05:00:00",2.79,61.44,12.72,6.73
"2025-05-26 06:00:00",5.97,52.92,12.77,6.58
"2025-05-26 07:00:00",5.82,56.63,12.18,6.49
"2025-05-26 08:00:00",11.05,53.52,14.07,7.04
"2025-05-26 09:00:00",10.24,56.14,13.07,6.71
"2025-05-26 10:00:00",6.34,66.77,15.45,7.67
"2025-05-26 11:00:00",4.53,72.5,13.37,7.23
"2025-05-26 12:00:00",3.53,75.62,8.96,4.76
"2025-05-26 13:00:00",4.15,80.84,15.43,7.02
"2025-05-26 14:00:00",4.15,87.46,17.06,8.39
"2025-05-26 15:00:00",4.74,87.68,20.64,9.8
"2025-05-26 16:00:00",3.73,82.84,16.75,9.27
"2025-05-26 17:00:00",3.72,79.68,10.98,7.17
"2025-05-26 18:00:00",2.71,78.19,9.73,6.03
"2025-05-26 19:00:00",2.37,72.61,10.37,6.54
"2025-05-26 20:00:00",4.37,61.41,7.53,5.11
"2025-05-26 21:00:00",4.1,69.48,4.53,2.34
"2025-05-26 22:00:00",3.79,67.97,10.44,6.91
"2025-05-26 23:00:00",4.01,64.25,12.85,8.12
"2025-05-27 00:00:00",2.89,64.51,8.47,4.32
"2025-05-27 01:00:00",5.37,68.08,4.76,2.41
"2025-05-27 02:00:00",5.44,65.82,4.26,2.07
"2025-05-27 03:00:00",3.84,68.58,3.59,1.64
"2025-05-27 04:00:00",2.7,59.4,3.81,2.21
"2025-05-27 05:00:00",4.13,50.9,6.51,3.6
"2025-05-27 06:00:00",4.18,52.88,7.82,4.61
"2025-05-27 07:00:00",4.23,70.27,5.92,3.52
"2025-05-27 08:00:00",7.08,76.39,6.69,3.08
"2025-05-27 09:00:00",7.74,78.86,4.91,2.8
"2025-05-27 10:00:00",6.61,73.84,2.87,1.49
"2025-05-27 11:00:00",7.14,61.76,2.99,1.47
"2025-05-27 12:00:00",4.26,50.66,6.92,3.5
"2025-05-27 13:00:00",2.92,49.66,13.36,7.82
"2025-05-27 14:00:00",3.25,46.42,11.3,6.92
"2025-05-27 15:00:00",3.27,50.02,6.91,3.05
"2025-05-27 16:00:00",5.09,63.67,6.42,2.07
"2025-05-27 17:00:00",4.37,64.3,5.45,1.88
"2025-05-27 18:00:00",4.49,67.54,4.49,1.84
"2025-05-27 19:00:00",5.42,63.43,5.8,2.69
"2025-05-27 20:00:00",3.29,56.79,15.07,7.8
"2025-05-27 21:00:00",4.48,61.59,7.22,3.69
"2025-05-27 22:00:00",4.39,59.51,11.57,6.18
"2025-05-27 23:00:00",3.56,57.02,15.83,8.65
"2025-05-28 00:00:00",2.07,57.65,13.51,7.46
"2025-05-28 01:00:00",1.99,60.9,13.79,7.26
"2025-05-28 02:00:00",2.02,65.54,13.11,7.15
"2025-05-28 03:00:00",1.89,71.22,9.07,4.78
"2025-05-28 04:00:00",2.68,72.89,4.54,2.32
"2025-05-28 05:00:00",5.98,67.62,1.94,0.91
"2025-05-28 06:00:00",5.05,61.97,1.89,1.07
"2025-05-28 07:00:00",7.52,66.47,2.77,1.21
"2025-05-28 08:00:00",9.18,71.72,3.27,1.4
"2025-05-28 09:00:00",9.11,68.04,3.92,1.32
"2025-05-28 10:00:00",6.68,69.9,3.1,1.2
"2025-05-28 11:00:00",5.21,69.44,5.71,2.2
"2025-05-28 12:00:00",4.73,67.61,12.77,6.26
"2025-05-28 13:00:00",4.41,69.28,15.56,8.43
"2025-05-28 14:00:00",2.81,71.32,17.17,8.74
"2025-05-28 15:00:00",2.54,72.59,14.7,7.18
"2025-05-28 16:00:00",3.03,73.2,13.43,6.35
"2025-05-28 17:00:00",3.18,71.67,13.42,6.61
"2025-05-28 18:00:00",3.62,70.92,13.49,7.13
"2025-05-28 19:00:00",4.54,69.72,10.87,6.07
"2025-05-28 20:00:00",3.47,66.07,15.32,9.79
"2025-05-28 21:00:00",2.88,65.05,14.52,9.61
"2025-05-28 22:00:00",2.39,70.47,8.88,6.1
"2025-05-28 23:00:00",2.2,66.37,4.85,3.58
"2025-05-29 00:00:00",1.51,44.51,4.06,2.87
"2025-05-29 01:00:00",1.19,35.54,15.99,11.34
"2025-05-29 02:00:00",1.37,35.05,17.23,11.92
"2025-05-29 03:00:00",1.01,34.52,15.09,10.81
"2025-05-29 04:00:00",1.38,33.74,17.3,11.8
"2025-05-29 05:00:00",1.24,33.61,20.51,13.02
"2025-05-29 06:00:00",1.75,32.89,15.28,10.27
"2025-05-29 07:00:00",2.92,31.98,12.99,8.98
"2025-05-29 08:00:00",3.36,34.14,14.97,9.31
"2025-05-29 09:00:00",2.53,35.94,16.38,10.03
"2025-05-29 10:00:00",1.77,36.89,19.52,11.2
"2025-05-29 11:00:00",1.82,37.27,21.36,11.6
"2025-05-29 12:00:00",1.17,37.44,17.23,10.23
"2025-05-29 13:00:00",1.53,37.26,19.16,11.89
"2025-05-29 14:00:00",1.86,37.31,20.1,12.47
"2025-05-29 15:00:00",1.85,37,19.72,12.19
"2025-05-29 16:00:00",1.81,36.61,25.29,15.07
"2025-05-29 17:00:00",2.16,36.66,25.74,15.64
"2025-05-29 18:00:00",2.17,36.71,26.85,16.68
"2025-05-29 19:00:00",2.09,37.69,26.14,16.44
"2025-05-29 20:00:00",2.17,37.17,22,14.94
"2025-05-29 21:00:00",2.17,37.44,27.82,16.95
"2025-05-29 22:00:00",2.48,37.98,26.11,16.85
"2025-05-29 23:00:00",1.14,38.29,20.63,13.27
"2025-05-30 00:00:00",1.34,37.98,13.24,9.5
"2025-05-30 01:00:00",1.62,36.53,9.78,6.83
"2025-05-30 02:00:00",1.63,36.13,7.8,5.27
"2025-05-30 03:00:00",2.27,38.42,7.11,4.91
"2025-05-30 04:00:00",2.2,43.04,6.74,4.5
"2025-05-30 05:00:00",2.7,50.13,5.31,3.73
"2025-05-30 06:00:00",4.72,49.31,4.41,2.77
"2025-05-30 07:00:00",6.12,46.44,4.44,2.68
"2025-05-30 08:00:00",5.15,52.2,4.85,2.4
"2025-05-30 09:00:00",3.77,63.62,5.24,2.39
"2025-05-30 10:00:00",4.4,65.81,5.55,2.58
"2025-05-30 11:00:00",2.71,72.78,9.38,4.43
"2025-05-30 12:00:00",3.65,76.93,9.65,5.3
"2025-05-30 13:00:00",2.68,84.23,7.37,3.67
"2025-05-30 14:00:00",2.48,89.98,7.79,2.8
"2025-05-30 15:00:00",2.79,88.91,6.82,2.83
"2025-05-30 16:00:00",2.38,89.88,6.61,2.86
"2025-05-30 17:00:00",2.33,91.33,6.28,2.8
"2025-05-30 18:00:00",3.12,92.04,4.94,2.51
"2025-05-30 19:00:00",3.22,90.15,4.72,2.3
"2025-05-30 20:00:00",3.71,87.84,5.42,2.52
"2025-05-30 21:00:00",2.57,87.23,4.34,2.48
"2025-05-30 22:00:00",2.44,85.54,5.4,3.85
"2025-05-30 23:00:00",2.38,82.44,5.72,4.18
"2025-05-31 00:00:00",2.34,75.86,4.98,3.79
"2025-05-31 01:00:00",3.41,64.16,2.77,1.63
"2025-05-31 02:00:00",1.12,58.86,3.48,1.63
"2025-05-31 03:00:00",0.64,63.92,4.55,2.61
"2025-05-31 04:00:00",0.41,63.53,12,7.73
"2025-05-31 05:00:00",0.23,62,12.25,7.68
"2025-05-31 06:00:00",0.99,67.52,8.41,4.86
"2025-05-31 07:00:00",1.53,70.2,7.82,4.64
"2025-05-31 08:00:00",1.48,72.67,8.79,4.69
"2025-05-31 09:00:00",2.14,74.45,9.59,5.18
"2025-05-31 10:00:00",3.57,75.52,10.67,5.75
"2025-05-31 11:00:00",2.73,76.14,12.92,7.23
"2025-05-31 12:00:00",2.46,74.47,13.96,8.62
"2025-05-31 13:00:00",2.78,74.27,16.32,9.98
"2025-05-31 14:00:00",1.9,76,22.18,12.96
"2025-05-31 15:00:00",1.91,77.78,24.94,14.89
"2025-05-31 16:00:00",2.22,77.65,27.91,17.08
"2025-05-31 17:00:00",2.44,75.52,25.4,15.95
"2025-05-31 18:00:00",2.53,75.67,23.67,14.25
"2025-05-31 19:00:00",2.66,75.62,18.1,9.77
"2025-05-31 20:00:00",2.92,74.29,16.7,8.03
"2025-05-31 21:00:00",3.01,69.01,17.92,8.21
"2025-05-31 22:00:00",3.58,64.44,14.11,6.4
"2025-05-31 23:00:00",3.22,62.99,14.45,6.14
"2025-06-01 00:00:00",2.18,64.93,16.71,7.25
"2025-06-01 01:00:00",2.18,65.58,17.41,7.72
"2025-06-01 02:00:00",1.36,67.74,17.12,7.92
"2025-06-01 03:00:00",1.53,67.89,16.22,7.91
"2025-06-01 04:00:00",1.17,68.59,14.23,6.95
"2025-06-01 05:00:00",1.97,72.65,18.5,8.58
"2025-06-01 06:00:00",1.73,74.1,19.88,10.08
"2025-06-01 07:00:00",2.31,71.78,20.31,9.97
"2025-06-01 08:00:00",1.85,67.39,16.64,8.16
"2025-06-01 09:00:00",2.35,65.56,15.52,8.41
"2025-06-01 10:00:00",2.11,65.29,10.71,5.68
"2025-06-01 11:00:00",2,68.83,5.28,1.95
"2025-06-01 12:00:00",1.85,74.39,8.74,3.47
"2025-06-01 13:00:00",1.94,77.13,9.1,3.16
"2025-06-01 14:00:00",1.59,74.23,7.29,2.93
"2025-06-01 15:00:00",2.19,73.21,4.99,2.44
"2025-06-01 16:00:00",1.36,73.72,5.56,2.18
"2025-06-01 17:00:00",1.55,75.76,9.79,4.55
"2025-06-01 18:00:00",2.02,74.83,13.79,6.64
"2025-06-01 19:00:00",2.35,73.24,13.5,6.15
"2025-06-01 20:00:00",4.08,67.35,13.68,6.38
"2025-06-01 21:00:00",4.3,64.81,12.81,6.17
"2025-06-01 22:00:00",5.86,60.4,10.85,5.25
"2025-06-01 23:00:00",6.65,56.54,9.99,4.74
"2025-06-02 00:00:00",9.15,50.9,11.42,5.68
"2025-06-02 01:00:00",7.08,48.52,14.52,7.52
"2025-06-02 02:00:00",5.05,48.18,13.68,7.52
"2025-06-02 03:00:00",5.17,44.82,13.3,6.86
"2025-06-02 04:00:00",6.31,41.8,13.64,7.04
"2025-06-02 05:00:00",7.42,40.4,14.71,7.88
"2025-06-02 06:00:00",6.01,40.68,14.46,7.8
"2025-06-02 07:00:00",4.58,42.9,13.02,7.06
"2025-06-02 08:00:00",3.32,51.93,13.11,6.58
"2025-06-02 09:00:00",1.46,63.97,11.73,5.77
"2025-06-02 10:00:00",1.24,68.43,11.91,5.6
"2025-06-02 11:00:00",1.43,69.19,11.39,5.44
"2025-06-02 12:00:00",1.5,72.57,11.43,5.57
"2025-06-02 13:00:00",1.33,71.51,12.25,5.81
"2025-06-02 14:00:00",1.54,71.27,13.15,6.27
"2025-06-02 15:00:00",1.66,76.22,15.15,7.35
"2025-06-02 16:00:00",1.81,80.93,17.62,9.45
"2025-06-02 17:00:00",2.44,80.06,18.64,9.63
"2025-06-02 18:00:00",2.64,81.52,19.33,10.38
"2025-06-02 19:00:00",2.27,80.5,20.89,10.88
"2025-06-02 20:00:00",1.97,77.82,16.75,10.16
"2025-06-02 21:00:00",1.64,77.09,12.94,8.55
"2025-06-02 22:00:00",1.53,77.86,7.74,5.17
"2025-06-02 23:00:00",0.99,80.52,8.97,5.53
"2025-06-03 00:00:00",0.86,85.54,11.13,6.83
"2025-06-03 01:00:00",0.82,86.04,14.07,7.22
"2025-06-03 02:00:00",0.95,78.73,14.14,6.76
"2025-06-03 03:00:00",4.45,64.92,6.03,2.72
"2025-06-03 04:00:00",4.67,64.89,10.88,4.6
"2025-06-03 05:00:00",7.2,64.49,13.41,6.11
"2025-06-03 06:00:00",6.29,62.28,11.35,5.34
"2025-06-03 07:00:00",4.08,63,10.55,4.79
"2025-06-03 08:00:00",8.55,58.06,10.4,4.01
"2025-06-03 09:00:00",5.72,60.52,9.53,4.08
"2025-06-03 10:00:00",5.49,62.52,7.35,3.39
"2025-06-03 11:00:00",6.63,67.15,8.22,3.59
"2025-06-03 12:00:00",8.28,74.58,9.18,4.24
"2025-06-03 13:00:00",7.23,77.55,12.15,5.81
"2025-06-03 14:00:00",5.41,76.57,16.36,7.11
"2025-06-03 15:00:00",5.87,73.69,10.53,5.29
"2025-06-03 16:00:00",7.03,72.96,11.95,5.56
"2025-06-03 17:00:00",6.85,72.4,14.34,7.09
"2025-06-03 18:00:00",5.63,75.1,14.62,6.84
"2025-06-03 19:00:00",6.31,74.51,16.33,7.82
"2025-06-03 20:00:00",8.33,69.67,19.47,9.1
"2025-06-03 21:00:00",9.95,65.01,21.75,9.66
"2025-06-03 22:00:00",9.93,59.62,21.27,9.75
"2025-06-03 23:00:00",9.29,50.97,23.25,12.35
"2025-06-04 00:00:00",2.99,71.44,22.6,9.77
"2025-06-04 01:00:00",2.73,73.44,21.83,9.54
"2025-06-04 02:00:00",4.37,63.04,20.2,8.99
"2025-06-04 03:00:00",3.53,61.59,21.62,9.29
"2025-06-04 04:00:00",3.86,63.51,21.49,9.44
"2025-06-04 05:00:00",5.63,54.76,19.03,8.79
"2025-06-04 06:00:00",8.75,49.98,17.96,8.47
"2025-06-04 07:00:00",6.68,60.62,17.97,8.72
"2025-06-04 08:00:00",5.56,66.43,17.04,8.43
"2025-06-04 09:00:00",3.46,71.06,17.8,8.48
"2025-06-04 10:00:00",4.46,71.82,16.91,7.75
"2025-06-04 11:00:00",4.03,73.12,16.89,8
"2025-06-04 12:00:00",3.96,76.17,17.59,8.31
"2025-06-04 13:00:00",3.78,78.11,18.33,8.75
"2025-06-04 14:00:00",3.53,78.24,15.93,7.31
"2025-06-04 15:00:00",3.08,77.06,10.59,4.9
"2025-06-04 16:00:00",3.95,73.46,11.41,5.4
"2025-06-04 17:00:00",3.81,72.89,11.88,6.15
"2025-06-04 18:00:00",3.71,69.6,7.94,5
"2025-06-04 19:00:00",5.46,59.22,3.71,2.23
"2025-06-04 20:00:00",5.78,53.53,2.43,1.24
"2025-06-04 21:00:00",5.84,51.94,2.96,1.74
"2025-06-04 22:00:00",4.4,51.97,5.67,3.45
"2025-06-04 23:00:00",4.59,54.92,7.96,4.72
"2025-06-05 00:00:00",4.29,52.61,9.02,5.11
"2025-06-05 01:00:00",2.79,55.33,10.3,5.88
"2025-06-05 02:00:00",2.61,50.43,8.83,5.52
"2025-06-05 03:00:00",3.63,45.12,8.87,5.42
"2025-06-05 04:00:00",3.38,44.25,9.94,6.02
"2025-06-05 05:00:00",3.85,45.73,9.93,5.69
"2025-06-05 06:00:00",4.75,46.24,7.5,4.5
"2025-06-05 07:00:00",7.17,49.66,7.2,4.58
"2025-06-05 08:00:00",6.15,51.64,3.83,2.08
"2025-06-05 09:00:00",5.57,48.54,4.46,1.42
"2025-06-05 10:00:00",4.43,49.87,4.09,1.25
"2025-06-05 11:00:00",4.34,50.23,4.8,1.25
"2025-06-05 12:00:00",3.75,55.49,5.34,1.15
"2025-06-05 13:00:00",4.64,61.56,4.37,1.26
"2025-06-05 14:00:00",3.92,62.98,4.33,1.44
"2025-06-05 15:00:00",4.72,62.07,4.74,1.62
"2025-06-05 16:00:00",9.5,57.09,5.91,1.85
"2025-06-05 17:00:00",6.96,61.58,5.38,1.9
"2025-06-05 18:00:00",6.69,56.03,7.37,2.76
"2025-06-05 19:00:00",8.94,52.01,4.35,1.55
"2025-06-05 20:00:00",6.48,51.52,4.48,1.68
"2025-06-05 21:00:00",9.22,47.06,5.82,2.37
"2025-06-05 22:00:00",7.67,44.3,3.5,1.39
"2025-06-05 23:00:00",6.96,43.54,4.63,1.34
"2025-06-06 00:00:00",5.53,40.74,5.26,1.36
"2025-06-06 01:00:00",4.16,41.44,4.28,1.22
"2025-06-06 02:00:00",3.48,48.58,5.87,1.95
"2025-06-06 03:00:00",2.91,56.6,6.33,2.56
"2025-06-06 04:00:00",4.08,49.84,8.87,2.91
"2025-06-06 05:00:00",4.05,52.1,7.7,2.79
"2025-06-06 06:00:00",5.67,51.54,8.52,3.31
"2025-06-06 07:00:00",8.15,49.23,8.62,3.39
"2025-06-06 08:00:00",7.36,46.98,10.23,3.69
"2025-06-06 09:00:00",5.73,48.92,11.13,4.29
"2025-06-06 10:00:00",5.61,52.1,12.33,4.71
"2025-06-06 11:00:00",4.91,56.25,11.26,4.55
"2025-06-06 12:00:00",3.57,60.38,8.9,4.1
"2025-06-06 13:00:00",9.75,55.48,7.29,3.65
"2025-06-06 14:00:00",9.46,55.3,7.56,3.59
"2025-06-06 15:00:00",10.08,53.42,4.74,2.3
"2025-06-06 16:00:00",8.77,51.98,3.34,1.44
"2025-06-06 17:00:00",7.12,56.03,2.88,1.5
"2025-06-06 18:00:00",10.37,52.01,7.76,3.41
"2025-06-06 19:00:00",10.63,49.65,8.02,4.25
"2025-06-06 20:00:00",9.57,55,7.89,2.44
"2025-06-06 21:00:00",8.43,51.9,7.58,3.9
"2025-06-06 22:00:00",9.96,42.84,7.96,4.35
"2025-06-06 23:00:00",8.24,41.1,6.19,2.73
"2025-06-07 00:00:00",5.62,43.96,5.13,2.6
"2025-06-07 01:00:00",5.5,45.51,5.22,2.24
"2025-06-07 02:00:00",3.56,51.03,5.32,2.17
"2025-06-07 03:00:00",4.21,50.24,5.4,2.28
"2025-06-07 04:00:00",3.6,46.93,6.08,2.84
"2025-06-07 05:00:00",4.28,45.99,4.87,2.11
"2025-06-07 06:00:00",6.96,41.77,5.37,2.55
"2025-06-07 07:00:00",8.92,42.2,4.57,2.23
"2025-06-07 08:00:00",7.35,42.69,4.18,1.96
"2025-06-07 09:00:00",9.19,41.57,4.95,1.82
"2025-06-07 10:00:00",5.24,50.97,5.49,1.88
"2025-06-07 11:00:00",3.44,55.9,4.25,1.4
"2025-06-07 12:00:00",3.67,56.96,4.23,1.23
"2025-06-07 13:00:00",2.97,59.69,8.59,1.75
"2025-06-07 14:00:00",3.13,56.72,2.3,0.91
"2025-06-07 15:00:00",5.12,57.62,4.75,1.43
"2025-06-07 16:00:00",3.22,60.59,2.73,1.04
"2025-06-07 17:00:00",3.97,59.85,4.24,1.47
"2025-06-07 18:00:00",3.73,60.12,3.49,1.25
"2025-06-07 19:00:00",4.61,57.06,4.35,1.63
"2025-06-07 20:00:00",5.56,52.28,4.79,2.04
"2025-06-07 21:00:00",6.03,55.1,5.04,2.1
"2025-06-07 22:00:00",8.23,53.78,5.11,2.11
"2025-06-07 23:00:00",7.72,51.02,7.56,3.23
"2025-06-08 00:00:00",3.76,55.88,8.71,3.38
"2025-06-08 01:00:00",4.45,54.94,8.17,3.37