"Date and Time","NO<sub>2</sub>","O<sub>3</sub>","PM<sub>10</sub>","PM<sub>2.5</sub>"
"2023-07-04 01:00:00",1.4,59.97,9.5,4.67
"2023-07-04 02:00:00",1.38,55.4,6.99,3.76
"2023-07-04 03:00:00",0.93,55.3,7.01,3.68
"2023-07-04 04:00:00",1.76,52.88,7.18,3.78
"2023-07-04 05:00:00",4.62,44.16,6.72,3.64
"2023-07-04 06:00:00",7.87,42.58,8.67,4.08
"2023-07-04 07:00:00",5.72,48.66,10.35,4.58
"2023-07-04 08:00:00",6.15,50.67,9.4,4.42
"2023-07-04 09:00:00",4.29,59.27,8.94,3.66
"2023-07-04 10:00:00",3.88,61.71,6.53,2.87
"2023-07-04 11:00:00",3.53,57.92,8.1,3.81
"2023-07-04 12:00:00",3.48,63.1,9.62,4.29
"2023-07-04 13:00:00",5.18,58.17,10.4,3.98
"2023-07-04 14:00:00",4.09,56.45,5.41,2.54
"2023-07-04 15:00:00",4.71,57.64,7.63,3.33
"2023-07-04 16:00:00",6.92,55.2,4.43,2.3
"2023-07-04 17:00:00",5.87,50.42,4.46,2.36
"2023-07-04 18:00:00",4.15,54.4,3.73,1.72
"2023-07-04 19:00:00",3.29,52,3.49,1.57
"2023-07-04 20:00:00",2.14,49.51,3.52,1.47
"2023-07-04 21:00:00",2.23,48.87,4.11,1.59
"2023-07-04 22:00:00",4.76,50.35,5.53,2.23
"2023-07-04 23:00:00",9.84,51.7,5.25,2.25
"2023-07-05 00:00:00",2.89,49.41,6.31,2.48
"2023-07-05 01:00:00",5.7,51.4,7.51,2.86
"2023-07-05 02:00:00",8.67,48.03,6.72,2.84
"2023-07-05 03:00:00",2.46,42.95,7.45,2.75
"2023-07-05 04:00:00",4.49,37.94,7.03,2.87
"2023-07-05 05:00:00",6.15,36.21,7.39,3.11
"2023-07-05 06:00:00",7.63,40.67,6.67,2.99
"2023-07-05 07:00:00",4.62,42.47,5.55,2.77
"2023-07-05 08:00:00",7.24,49.58,5.37,2.12
"2023-07-05 09:00:00",5.24,57,3.73,1.57
"2023-07-05 10:00:00",5.54,61.26,4.27,1.73
"2023-07-05 11:00:00",5.06,61.72,4.06,1.65
"2023-07-05 12:00:00",3.91,63.15,3.11,1.4
"2023-07-05 13:00:00",4.95,63.93,4.61,2.19
"2023-07-05 14:00:00",5.31,64.73,5.25,2.02
"2023-07-05 15:00:00",3.37,68.2,5.65,2.37
"2023-07-05 16:00:00",4.93,64.17,6.06,2.46
"2023-07-05 17:00:00",6.37,62.17,6.53,2.92
"2023-07-05 18:00:00",5.58,66.44,3.8,1.83
"2023-07-05 19:00:00",4.36,65.9,3.94,1.94
"2023-07-05 20:00:00",6.53,62.67,3.66,1.84
"2023-07-05 21:00:00",5.13,63.4,4.91,2.07
"2023-07-05 22:00:00",7.07,56.04,4.82,2.41
"2023-07-05 23:00:00",3.49,60.59,4.63,2.28
"2023-07-06 00:00:00",1.4,65.58,2.82,1.58
"2023-07-06 01:00:00",1.24,60.18,4.11,2.18
"2023-07-06 02:00:00",1.2,58.17,7.61,3.73
"2023-07-06 03:00:00",0.6,59.34,9.01,4.15
"2023-07-06 04:00:00",0.71,60.1,8.6,4.09
"2023-07-06 05:00:00",1.87,51.86,10.45,5.34
"2023-07-06 06:00:00",5.95,46.1,10.91,5.82
"2023-07-06 07:00:00",1.97,66.94,10,4.99
"2023-07-06 08:00:00",1.89,67.57,11,5.41
"2023-07-06 09:00:00",1.63,71.15,12.25,5.73
"2023-07-06 10:00:00",1.05,77.84,9.88,5.25
"2023-07-06 11:00:00",1.61,71.04,12.55,5.63
"2023-07-06 12:00:00",1.6,71.5,15.76,6.84
"2023-07-06 13:00:00",1.1,73.35,12.37,6.9
"2023-07-06 14:00:00",1.17,71,10.1,6.95
"2023-07-06 15:00:00",1.13,69.69,13.88,8.75
"2023-07-06 16:00:00",1.29,67.89,19.99,11.18
"2023-07-06 17:00:00",1.13,65.08,19.92,11.68
"2023-07-06 18:00:00",0.5,59.46,19.92,11.62
"2023-07-06 19:00:00",0.28,57.16,17.45,11.01
"2023-07-06 20:00:00",0.23,53.3,15.57,10.3
"2023-07-06 21:00:00",0.24,53.78,16.52,10.2
"2023-07-06 22:00:00",-0.11,52.39,17.63,10.63
"2023-07-06 23:00:00",-0.22,50.9,20,11.91
"2023-07-07 00:00:00",-0.13,50.42,18.73,11.42
"2023-07-07 01:00:00",-0.02,51.02,17.88,11.32
"2023-07-07 02:00:00",-0.35,51.13,15.07,9.87
"2023-07-07 03:00:00",-0.32,51.07,16.15,10.34
"2023-07-07 04:00:00",-0.15,51.24,9.35,6.37
"2023-07-07 05:00:00",-0.22,50.75,14.6,9.4
"2023-07-07 06:00:00",0.08,49.42,19.72,11.86
"2023-07-07 07:00:00",0.39,47.5,18.23,10.87
"2023-07-07 08:00:00",1.02,45.77,20.15,11.43
"2023-07-07 09:00:00",0.82,46.99,17.52,10.32
"2023-07-07 10:00:00",0.75,49.77,18.54,10.56
"2023-07-07 11:00:00",0.57,50.3,18.22,9.81
"2023-07-07 12:00:00",0.75,59.32,15.51,8.64
"2023-07-07 13:00:00",1.04,70.31,13.35,8.27
"2023-07-07 14:00:00",0.94,68.67,12.19,7.59
"2023-07-07 15:00:00",0.97,69.97,10.78,6.33
"2023-07-07 16:00:00",0.89,71.68,10.42,6.23
"2023-07-07 17:00:00",1.17,69.69,10.74,6.7
"2023-07-07 18:00:00",1.08,69.46,10.53,6.97
"2023-07-07 19:00:00",1.24,63.46,9.51,6.5
"2023-07-07 20:00:00",1.87,66.79,9.73,6.38
"2023-07-07 21:00:00",3.89,67.71,10.53,6.3
"2023-07-07 22:00:00",4.09,77.67,9.82,5.55
"2023-07-07 23:00:00",1.73,85.17,12.31,6.79
"2023-07-08 00:00:00",2.25,91.91,15.07,8.86
"2023-07-08 01:00:00",2.62,96.89,17.24,10.22
"2023-07-08 02:00:00",3.23,90.95,17.27,10.7
"2023-07-08 03:00:00",2.64,81.87,15.83,10.51
"2023-07-08 04:00:00",2.18,68.34,15.5,10.13
"2023-07-08 05:00:00",0.42,76.7,21.43,11.88
"2023-07-08 06:00:00",0.1,86.56,22.4,11.13
"2023-07-08 07:00:00",-0.07,85.81,17.16,9.43
"2023-07-08 08:00:00",0.55,74.1,17.92,8.22
"2023-07-08 09:00:00",0.45,78.61,22.03,9.61
"2023-07-08 10:00:00",0.74,80.79,19.69,8.37
"2023-07-08 11:00:00",0.91,74,19.14,7.75
"2023-07-08 12:00:00",0.73,76.96,18.69,7.96
"2023-07-08 13:00:00",1.07,72.24,18.95,7.54
"2023-07-08 14:00:00",1.18,70.47,14.16,6.45
"2023-07-08 15:00:00",1.24,70.31,13.47,6.1
"2023-07-08 16:00:00",0.69,70.46,14.72,6.47
"2023-07-08 17:00:00",0.9,67.37,14.5,6.56
"2023-07-08 18:00:00",0.8,68.2,16.57,7.37
"2023-07-08 19:00:00",0.86,70.38,18.7,8.1
"2023-07-08 20:00:00",3.65,64.65,32.29,16.63
"2023-07-08 21:00:00",2.74,59.49,20.21,8.22
"2023-07-08 22:00:00",3.22,54.28,20.02,8.49
"2023-07-08 23:00:00",3.88,51.28,17.62,7.71
"2023-07-09 00:00:00",2.71,52.99,15.13,6.98
"2023-07-09 01:00:00",0.93,57.45,14.17,6.83
"2023-07-09 02:00:00",1.57,58.74,12.66,6.15
"2023-07-09 03:00:00",1.11,55.44,13.98,6.89
"2023-07-09 04:00:00",0.97,55.38,16.47,7.77
"2023-07-09 05:00:00",0.81,56.89,16.45,8.26
"2023-07-09 06:00:00",1.9,62.05,14.05,8.3
"2023-07-09 07:00:00",1.67,68.94,12.84,8.18
"2023-07-09 08:00:00",0.84,65.9,15.9,7.44
"2023-07-09 09:00:00",0.44,68.41,11.86,5.64
"2023-07-09 10:00:00",0.33,69.82,8.57,4
"2023-07-09 11:00:00",0.46,70.6,7.55,3.49
"2023-07-09 12:00:00",0.54,73.4,6.67,3.27
"2023-07-09 13:00:00",0.66,74.4,5.45,2.79
"2023-07-09 14:00:00",0.79,72.88,5.37,2.59
"2023-07-09 15:00:00",0.71,71.69,6.22,2.98
"2023-07-09 16:00:00",0.28,74.78,6.32,3.35
"2023-07-09 17:00:00",0.64,71.47,7.63,3.83
"2023-07-09 18:00:00",0.75,74.35,8.44,4.39
"2023-07-09 19:00:00",1.1,75.51,9.96,4.83
"2023-07-09 20:00:00",1.13,72.96,9.74,4.97
"2023-07-09 21:00:00",0.86,68.78,11.08,5
"2023-07-09 22:00:00",1.5,66.55,13.18,6.37
"2023-07-09 23:00:00",1.99,64.43,14.46,6.34
"2023-07-10 00:00:00",1.28,63.13,13.89,6
"2023-07-10 01:00:00",0.46,63.89,14.53,6.18
"2023-07-10 02:00:00",0.05,69.63,14.37,6.82
"2023-07-10 03:00:00",0.09,69.12,16.15,7.48
"2023-07-10 04:00:00",-0.15,71.61,18.02,8.61
"2023-07-10 05:00:00",0.25,70.29,17.28,8.94
"2023-07-10 06:00:00",0.81,68.3,17.27,9.12
"2023-07-10 07:00:00",0.78,68.26,17.45,9.43
"2023-07-10 08:00:00",2.15,64.86,17.56,9.54
"2023-07-10 09:00:00",1.93,67.7,13.86,7.42
"2023-07-10 10:00:00",1.66,71.42,5.83,3.89
"2023-07-10 11:00:00",2.66,67.04,1.21,0.74
"2023-07-10 12:00:00",2.74,70.03,1.6,0.79
"2023-07-10 13:00:00",5.36,60.08,2.96,1.23
"2023-07-10 14:00:00",2.31,63.08,6.55,3.19
"2023-07-10 15:00:00",1.48,64.57,13.16,6.62
"2023-07-10 16:00:00",1.51,66.06,15.01,7.68
"2023-07-10 17:00:00",1.54,67.43,18.55,8.99
"2023-07-10 18:00:00",0.93,67.87,18.62,9.42
"2023-07-10 19:00:00",0.59,70.78,18.23,9.52
"2023-07-10 20:00:00",0.58,68.45,18.08,9.49
"2023-07-10 21:00:00",2.92,66.42,12.23,6.83
"2023-07-10 22:00:00",6.39,60.84,11.5,6.06
"2023-07-10 23:00:00",3.01,62.43,10.06,5.02
"2023-07-11 00:00:00",0.95,63.84,8.36,4.36
"2023-07-11 01:00:00",0.39,61.06,9.34,4.14
"2023-07-11 02:00:00",1.22,60.11,9.42,5.24
"2023-07-11 03:00:00",0.94,55.97,12.43,6.05
"2023-07-11 04:00:00",0.62,48.53,11.17,5.31
"2023-07-11 05:00:00",5.47,34.92,11.19,5.08
"2023-07-11 06:00:00",12.83,21.79,10.26,5.3
"2023-07-11 07:00:00",10.22,33.93,10.44,5.35
"2023-07-11 08:00:00",8.96,39.53,8.72,4.81
"2023-07-11 09:00:00",3.95,46.76,8.4,4.47
"2023-07-11 10:00:00",3.85,49.39,5.99,3.23
"2023-07-11 11:00:00",4.09,53.07,5.97,2.95
"2023-07-11 12:00:00",3.94,56.86,3.55,1.72
"2023-07-11 13:00:00",3.84,59.26,4.22,1.45
"2023-07-11 14:00:00",3.58,60,4.72,2.03
"2023-07-11 15:00:00",3.61,59.13,4.27,2.01
"2023-07-11 16:00:00",5.67,60.19,4.96,2.42
"2023-07-11 17:00:00",3.78,61.15,7.16,2.99
"2023-07-11 18:00:00",2.83,60.43,6.28,3
"2023-07-11 19:00:00",2.2,60.29,6.04,3.14
"2023-07-11 20:00:00",3.28,61.91,6,2.94
"2023-07-11 21:00:00",10.66,54.46,5.37,2.89
"2023-07-11 22:00:00",13.21,50.6,5.47,2.68
"2023-07-11 23:00:00",2.54,53.66,5.06,2.46
"2023-07-12 00:00:00",1.49,52.59,4.88,2.44
"2023-07-12 01:00:00",0.39,52.83,5.4,2.8
"2023-07-12 02:00:00",0.4,50.34,5.81,2.9
"2023-07-12 03:00:00",0.4,49.12,4.65,2.56
"2023-07-12 04:00:00",1.09,47.81,3.93,2.29
"2023-07-12 05:00:00",3.28,50.35,3.97,1.77
"2023-07-12 06:00:00",3.97,52.9,5.53,2.83
"2023-07-12 07:00:00",6.56,52.4,6.29,2.79
"2023-07-12 08:00:00",7.7,57,6.13,3.08
"2023-07-12 09:00:00",6.23,62.17,6.19,3.4
"2023-07-12 10:00:00",6.95,63.89,7.03,3.77
"2023-07-12 11:00:00",4.54,64.19,6.25,3.62
"2023-07-12 12:00:00",5.39,64.39,7.5,4.11
"2023-07-12 13:00:00",7.2,62.97,8.23,4.26
"2023-07-12 14:00:00",5.41,61.4,7.43,4.1
"2023-07-12 15:00:00",5.45,67.98,8.56,4.64
"2023-07-12 16:00:00",7.86,61.79,8.14,4.53
"2023-07-12 17:00:00",9.19,60.38,5.27,3.35
"2023-07-12 18:00:00",7.34,60.23,7.28,3.86
"2023-07-12 19:00:00",5.99,58.65,8.05,3.82
"2023-07-12 20:00:00",4.53,53.15,6.46,3.63
"2023-07-12 21:00:00",4.73,51.33,7.01,3.56
"2023-07-12 22:00:00",5.82,49.46,7.4,3.75
"2023-07-12 23:00:00",10.33,55.82,6.31,3.36
"2023-07-13 00:00:00",3.07,68.81,3.99,2.44
"2023-07-13 01:00:00",3.83,55.52,5.19,2.68
"2023-07-13 02:00:00",4.94,42.58,5.89,3.07
"2023-07-13 03:00:00",3.57,34.62,7.95,3.75
"2023-07-13 04:00:00",3.15,35.32,6.94,3.99
"2023-07-13 05:00:00",5.13,46.94,4.45,2.76
"2023-07-13 06:00:00",7.22,45.54,4.65,2.65
"2023-07-13 07:00:00",4.37,49.26,5.33,2.63
"2023-07-13 08:00:00",6.47,49.44,7.17,3.28
"2023-07-13 09:00:00",5.53,54.55,7.1,3.46
"2023-07-13 10:00:00",3.62,55.95,5.13,2.92
"2023-07-13 11:00:00",2.18,56.56,6.88,3.57
"2023-07-13 12:00:00",3.08,57.85,7.35,4.05
"2023-07-13 13:00:00",2.17,58.2,6.41,3.82
"2023-07-13 14:00:00",1.67,61.92,5.99,3.09
"2023-07-13 15:00:00",1.57,64.94,6.5,3.44
"2023-07-13 16:00:00",1.85,65.73,7.81,3.47
"2023-07-13 17:00:00",1.65,65.86,6.17,2.9
"2023-07-13 18:00:00",1.46,67.88,7.07,3.28
"2023-07-13 19:00:00",0.89,69.01,6.07,3.17
"2023-07-13 20:00:00",0.71,66.12,6.06,3.03
"2023-07-13 21:00:00",1.07,63.32,7.02,3.36
"2023-07-13 22:00:00",0.9,64.15,8.24,3.88
"2023-07-13 23:00:00",0.73,61.56,11.03,4.91
"2023-07-14 00:00:00",0.76,59.43,9.06,4.41
"2023-07-14 01:00:00",0.83,50,9.72,4.61
"2023-07-14 02:00:00",0.61,55.32,7.16,3.58
"2023-07-14 03:00:00",-0.14,59.7,3.55,2.16
"2023-07-14 04:00:00",-0.2,71.21,5.95,3.13
"2023-07-14 05:00:00",0.32,73.95,4.95,2.81
"2023-07-14 06:00:00",0.93,70.18,4.33,2.52
"2023-07-14 07:00:00",1.36,70.41,3.88,2.58
"2023-07-14 08:00:00",1.57,75.18,5.16,3.34
"2023-07-14 09:00:00",1.19,73.01,7.71,4.95
"2023-07-14 10:00:00",1.36,74.25,7.17,5
"2023-07-14 11:00:00",1.98,74,3.01,1.69
"2023-07-14 12:00:00",1.95,70.76,3.8,2.5
"2023-07-14 13:00:00",2.7,63.01,2.35,1.53
"2023-07-14 14:00:00",1.81,48.94,3.2,2.52
"2023-07-14 15:00:00",1.07,53.94,6.06,3.88
"2023-07-14 16:00:00",2.34,48.58,9.48,4.96
"2023-07-14 17:00:00",3.48,49.46,4.65,1.5
"2023-07-14 18:00:00",2.13,64.03,3.72,1.16
"2023-07-14 19:00:00",2.22,65.02,7.7,3.14
"2023-07-14 20:00:00",1.57,54.68,15.14,7.12
"2023-07-14 21:00:00",1.33,50.92,17.3,8.06
"2023-07-14 22:00:00",1.04,50.31,15.14,7.43
"2023-07-14 23:00:00",0.94,50.71,13.14,5.96
"2023-07-15 00:00:00",0.32,45.46,11.49,5.18
"2023-07-15 01:00:00",0.91,33.88,11.05,4.72
"2023-07-15 02:00:00",1.41,31.5,10.82,4.46
"2023-07-15 03:00:00",1.09,33.06,10.22,4.22
"2023-07-15 04:00:00",0.42,36.89,10.56,4.58
"2023-07-15 05:00:00",0.3,35.83,10.92,4.82
"2023-07-15 06:00:00",1.14,33.83,9.41,4.33
"2023-07-15 07:00:00",1.8,34.97,8.74,3.82
"2023-07-15 08:00:00",2.9,37.33,5.89,2.85
"2023-07-15 09:00:00",4.02,34.88,4.41,2.53
"2023-07-15 10:00:00",4.07,37.97,4.23,2.25
"2023-07-15 11:00:00",2.54,46.56,3.6,1.63
"2023-07-15 12:00:00",3.16,53.79,2.82,1.2
"2023-07-15 13:00:00",2.3,62.39,2.68,1.28
"2023-07-15 14:00:00",2.6,62.89,3.35,1.73
"2023-07-15 15:00:00",3.11,57.43,5.02,2.43
"2023-07-15 16:00:00",4.65,54.77,5.29,3.02
"2023-07-15 17:00:00",5.36,49.69,6.01,3.03
"2023-07-15 18:00:00",2.65,47.76,4.11,2.19
"2023-07-15 19:00:00",6.06,50.28,2.94,1.41
"2023-07-15 20:00:00",0.95,54.86,3.37,1.74
"2023-07-15 21:00:00",0.96,56.72,3.61,2.08
"2023-07-15 22:00:00",1.95,60.38,4.62,2.52
"2023-07-15 23:00:00",1.8,57.48,5.31,2.63
"2023-07-16 00:00:00",8.93,55.76,5.09,2.78
"2023-07-16 01:00:00",0.85,57.01,4.62,2.51
"2023-07-16 02:00:00",0.74,47.74,3.69,1.68
"2023-07-16 03:00:00",1.09,46.06,3.11,1.54
"2023-07-16 04:00:00",6.78,51.1,3.83,1.95
"2023-07-16 05:00:00",6.72,48.99,6.15,2.74
"2023-07-16 06:00:00",7.85,49.92,5.56,2.78
"2023-07-16 07:00:00",9.4,49.34,6.03,3.09
"2023-07-16 08:00:00",4.24,52.07,6.96,3.33
"2023-07-16 09:00:00",2.93,49.72,7.55,3.49
"2023-07-16 10:00:00",1.55,58.58,4.81,2.57
"2023-07-16 11:00:00",1.92,56.38,6.38,3.11
"2023-07-16 12:00:00",1.48,55.88,5.96,2.99
"2023-07-16 13:00:00",1.75,54.84,5.09,2.84
"2023-07-16 14:00:00",3.39,52.15,5.38,3.2
"2023-07-16 15:00:00",1.62,56.16,7.99,3.67
"2023-07-16 16:00:00",4.1,49.94,3.84,2.1
"2023-07-16 17:00:00",1.73,49.17,3.54,2.04
"2023-07-16 18:00:00",3.56,46.52,4.86,2.53
"2023-07-16 19:00:00",2.9,47.87,4.83,2.84
"2023-07-16 20:00:00",4.67,40.77,7.34,3.65
"2023-07-16 21:00:00",4.6,46.37,5.81,2.81
"2023-07-16 22:00:00",3.05,42.86,6.21,2.75
"2023-07-16 23:00:00",2.35,35.6,7.71,3.35
"2023-07-17 00:00:00",2.05,32.66,7.35,3.28
"2023-07-17 01:00:00",2.82,30.71,7.74,2.84
"2023-07-17 02:00:00",0.78,33.6,7.12,2.5
"2023-07-17 03:00:00",0.57,34.77,7.69,2.52
"2023-07-17 04:00:00",1.76,35.49,7.08,2.43
"2023-07-17 05:00:00",3.03,37.96,7,2.44
"2023-07-17 06:00:00",6.36,33.81,6.82,2.35
"2023-07-17 07:00:00",8.67,32.53,6.41,2.42
"2023-07-17 08:00:00",7.03,36.36,5.6,2.16
"2023-07-17 09:00:00",7.07,40.76,6.26,2.59
"2023-07-17 10:00:00",4.05,47.38,6.72,3.58
"2023-07-17 11:00:00",4.1,48.04,6.51,4.14
"2023-07-17 12:00:00",4.56,43.95,8.7,5.14
"2023-07-17 13:00:00",3.83,49.63,6.83,3.35
"2023-07-17 14:00:00",3.49,54.2,5.62,2.55
"2023-07-17 15:00:00",5.72,50.62,10.03,4.28
"2023-07-17 16:00:00",4.2,51.52,8.29,3.72
"2023-07-17 17:00:00",3.6,52.21,10.19,4.46
"2023-07-17 18:00:00",2.18,56.57,10.16,4.39
"2023-07-17 19:00:00",2,57.17,9.5,4.33
"2023-07-17 20:00:00",2.69,56.26,8.61,4.16
"2023-07-17 21:00:00",2.13,56.34,8.32,3.87
"2023-07-17 22:00:00",3.56,54.2,9.22,4.97
"2023-07-17 23:00:00",3.36,55.57,4.53,2.62
"2023-07-18 00:00:00",1.09,52.94,4.73,2.63
"2023-07-18 01:00:00",-0.04,61.04,3.57,2.07
"2023-07-18 02:00:00",0.15,62.27,4.5,2.51
"2023-07-18 03:00:00",-0.07,65.03,4.37,2.65
"2023-07-18 04:00:00",-0.15,66.62,5.41,3.01
"2023-07-18 05:00:00",-0.08,70.18,5.16,2.97
"2023-07-18 06:00:00",0.39,67.68,6.33,3.53
"2023-07-18 07:00:00",1.35,67.95,7.94,4.86
"2023-07-18 08:00:00",2.24,67.08,12.58,6.71
"2023-07-18 09:00:00",1.74,65.83,5.85,3.64
"2023-07-18 10:00:00",1.13,66.42,5.98,3.58
"2023-07-18 11:00:00",0.8,59.37,6.95,3.81
"2023-07-18 12:00:00",0.78,55.6,7.09,4.25
"2023-07-18 13:00:00",2.88,54.05,8.01,4.57
"2023-07-18 14:00:00",1.39,52.77,6.68,4.02
"2023-07-18 15:00:00",2.01,52.39,6.79,4.19
"2023-07-18 16:00:00",2.97,47.27,7.04,4.6
"2023-07-18 17:00:00",5.32,44.94,8.2,4.92
"2023-07-18 18:00:00",4.07,47.29,5.66,3.54
"2023-07-18 19:00:00",3.13,50.55,4.37,2.33
"2023-07-18 20:00:00",3.24,53.15,3.52,1.82
"2023-07-18 21:00:00",2.95,48.86,4.29,1.67
"2023-07-18 22:00:00",7.99,38.1,5.74,1.85
"2023-07-18 23:00:00",6.8,34.08,5.44,2.09
"2023-07-19 00:00:00",2.93,36.84,5.9,2.25
"2023-07-19 01:00:00",2.82,33.63,6.12,2.39
"2023-07-19 02:00:00",2.37,30.92,5.85,2.44
"2023-07-19 03:00:00",1.34,31.65,6.82,2.76
"2023-07-19 04:00:00",0.61,34.7,6.53,2.89
"2023-07-19 05:00:00",1.05,35.33,6.03,2.99
"2023-07-19 06:00:00",3.43,34.33,6,3.25
"2023-07-19 07:00:00",4.74,32.27,6.96,3.49
"2023-07-19 08:00:00",3.94,35.7,6.3,3.44
"2023-07-19 09:00:00",1.72,40.45,5.32,3.15
"2023-07-19 10:00:00",2.58,42.42,5.74,2.9
"2023-07-19 11:00:00",3.45,46.18,5.46,2.66
"2023-07-19 12:00:00",3.63,48.52,4.67,2.5
"2023-07-19 13:00:00",3.47,48.93,5.86,2.63
"2023-07-19 14:00:00",5.03,49.53,4.95,2.62
"2023-07-19 15:00:00",3.55,54.01,4.71,2.46
"2023-07-19 16:00:00",3.89,54.94,5.21,2.62
"2023-07-19 17:00:00",3.54,57.32,4.96,2.73
"2023-07-19 18:00:00",3.39,57.95,5.73,3.76
"2023-07-19 19:00:00",4.07,56.23,8.32,5.41
"2023-07-19 20:00:00",3.74,54.42,8.49,5.77
"2023-07-19 21:00:00",6.03,49.43,10.43,6.56
"2023-07-19 22:00:00",6.17,45.87,12.54,7.49
"2023-07-19 23:00:00",4.79,43.55,12.36,7.64
"2023-07-20 00:00:00",4.58,41.17,12.17,7.66
"2023-07-20 01:00:00",2.73,44.86,11.2,6.38
"2023-07-20 02:00:00",3.05,41.65,12.25,6.58
"2023-07-20 03:00:00",2.73,39.84,10.65,6.27
"2023-07-20 04:00:00",1.72,39.75,10.78,6.37
"2023-07-20 05:00:00",2.61,37.85,11.51,7.11
"2023-07-20 06:00:00",3.77,34.15,11.79,7.61
"2023-07-20 07:00:00",5.11,31.07,11.95,7.61
"2023-07-20 08:00:00",5.05,28.67,11.87,7.6
"2023-07-20 09:00:00",5,32.16,12.29,7.24
"2023-07-20 10:00:00",3.2,51.25,6.77,4.29
"2023-07-20 11:00:00",3.29,51.78,7.34,5.23
"2023-07-20 12:00:00",3.82,55.05,9.23,6.78
"2023-07-20 13:00:00",4.13,55.73,10.7,7.7
"2023-07-20 14:00:00",5.19,54.45,14.18,8.07
"2023-07-20 15:00:00",4.43,56.24,13.17,7.69
"2023-07-20 16:00:00",5.07,54.28,12.82,8.27
"2023-07-20 17:00:00",6.11,52.19,12.97,8.74
"2023-07-20 18:00:00",3.96,53.17,12.8,8.36
"2023-07-20 19:00:00",3.59,53.56,8.27,5.4
"2023-07-20 20:00:00",4.06,51.07,5.2,2.37
"2023-07-20 21:00:00",5.03,45.2,4.7,1.97
"2023-07-20 22:00:00",4.02,43.64,4.35,1.96
"2023-07-20 23:00:00",2.65,43.28,3.61,1.66
"2023-07-21 00:00:00",2.47,48.19,3.27,1.83
"2023-07-21 01:00:00",1.81,49.36,3.09,1.97
"2023-07-21 02:00:00",1.67,48.68,3.28,1.66
"2023-07-21 03:00:00",1.81,44.59,4.12,2.18
"2023-07-21 04:00:00",1.59,41.64,4.48,2.43
"2023-07-21 05:00:00",6.92,32.89,5.3,2.86
"2023-07-21 06:00:00",11.91,31.32,6.51,3.51
"2023-07-21 07:00:00",5.29,37.97,5.48,2.84
"2023-07-21 08:00:00",6.57,39.8,4.54,2.19
"2023-07-21 09:00:00",7.13,45.43,3.99,1.91
"2023-07-21 10:00:00",5.03,50.99,5.7,2.89
"2023-07-21 11:00:00",4.35,52.97,5.49,2.89
"2023-07-21 12:00:00",4.93,52.42,4.44,2.03
"2023-07-21 13:00:00",4.46,50.21,3.44,1.63
"2023-07-21 14:00:00",4.7,46.93,2.18,1.11
"2023-07-21 15:00:00",7.25,47.33,2.65,1.18
"2023-07-21 16:00:00",4.33,48.25,2.93,1.68
"2023-07-21 17:00:00",3.83,47.53,4.57,2.39
"2023-07-21 18:00:00",2.07,51.36,6.25,3.77
"2023-07-21 19:00:00",4.95,48.04,7.47,3.99
"2023-07-21 20:00:00",3.55,48.62,8.08,4.88
"2023-07-21 21:00:00",2.65,56.02,8.35,5.96
"2023-07-21 22:00:00",2.42,53.3,14.27,10.38
"2023-07-21 23:00:00",1.8,47.73,16.37,13.15
"2023-07-22 00:00:00",0.62,50.67,15.56,12.99
"2023-07-22 01:00:00",0.57,51.66,13.58,11.22
"2023-07-22 02:00:00",0.32,54.32,17.18,12.33
"2023-07-22 03:00:00",0.08,55.71,14.87,10.92
"2023-07-22 04:00:00",-0.33,57.25,10.84,7.58
"2023-07-22 05:00:00",-0.34,57.79,4.78,2.85
"2023-07-22 06:00:00",0.54,54.24,5.14,2.27
"2023-07-22 07:00:00",1.69,44.36,4.39,1.49
"2023-07-22 08:00:00",2.19,37.47,3.33,1.52
"2023-07-22 09:00:00",1.93,32.17,3.9,1.88
"2023-07-22 10:00:00",1.98,30.25,4.9,2.59
"2023-07-22 11:00:00",1.71,32.98,6.07,3.2
"2023-07-22 12:00:00",1.33,40.09,4.08,2.01
"2023-07-22 13:00:00",1.32,44.07,3.15,1.97
"2023-07-22 14:00:00",0.78,47.14,2.19,1.38
"2023-07-22 15:00:00",0.72,48.64,3.08,2.22
"2023-07-22 16:00:00",1.81,44.93,3.92,2.8
"2023-07-22 17:00:00",2.48,38.88,4.29,2.76
"2023-07-22 18:00:00",2.29,31.81,4.45,2.81
"2023-07-22 19:00:00",2.66,34.65,4.33,1.64
"2023-07-22 20:00:00",1.76,31.19,4.03,1.42
"2023-07-22 21:00:00",1.35,26.24,4.95,1.42
"2023-07-22 22:00:00",4.79,22.55,3.4,1.2
"2023-07-22 23:00:00",6.29,21.92,3.79,1.2
"2023-07-23 00:00:00",1.59,19.8,5.07,1.34
"2023-07-23 01:00:00",4.49,22.66,3.27,0.83
"2023-07-23 02:00:00",0.89,22.64,4.02,1
"2023-07-23 03:00:00",0.63,21.65,4.5,1.35
"2023-07-23 04:00:00",1.42,22.58,3.69,1.08
"2023-07-23 05:00:00",0.61,24.68,4.85,1.15
"2023-07-23 06:00:00",1.22,27.42,3.66,1.1
"2023-07-23 07:00:00",0.76,25.59,3.91,1.12
"2023-07-23 08:00:00",0.64,25.18,2.82,1.06
"2023-07-23 09:00:00",0.53,27.6,4.45,1.75
"2023-07-23 10:00:00",0.9,29.31,4.63,1.92
"2023-07-23 11:00:00",1.14,38.02,2.21,0.99
"2023-07-23 12:00:00",1.66,39.32,1.8,1.08
"2023-07-23 13:00:00",2.55,39.67,2.21,1.1
"2023-07-23 14:00:00",1.14,40.24,3.14,1.8
"2023-07-23 15:00:00",1.3,41.46,5.37,3.02
"2023-07-23 16:00:00",1.92,45.86,3.19,1.76
"2023-07-23 17:00:00",3.85,48.06,2.41,1.09
"2023-07-23 18:00:00",3.21,50.23,2.83,1.97
"2023-07-23 19:00:00",4.25,47.99,3.29,2.18
"2023-07-23 20:00:00",3.82,46.03,4.18,1.46
"2023-07-23 21:00:00",3.17,48.89,4.97,2.02
"2023-07-23 22:00:00",2.83,46.61,4.99,2.1
"2023-07-23 23:00:00",2.14,47.46,5.5,2.45
"2023-07-24 00:00:00",1.7,45.99,6.48,2.77
"2023-07-24 01:00:00",1.62,42,7.53,3.09
"2023-07-24 02:00:00",0.88,48.27,8.44,3.95
"2023-07-24 03:00:00",0.86,42.73,8.96,4.14
"2023-07-24 04:00:00",1.25,38.9,8.3,4.38
"2023-07-24 05:00:00",1.6,36.44,9.29,4.65
"2023-07-24 06:00:00",3.16,31.82,9.96,4.54
"2023-07-24 07:00:00",3.77,31.61,9.3,4.39
"2023-07-24 08:00:00",3.5,33.56,9.09,4.41
"2023-07-24 09:00:00",3.03,40.9,7.96,4.37
"2023-07-24 10:00:00",2.61,44.27,8,4.35
"2023-07-24 11:00:00",3.48,47.61,6.82,4.01
"2023-07-24 12:00:00",4.96,50.72,8.31,4.06
"2023-07-24 13:00:00",3.74,51.04,6.9,4.01
"2023-07-24 14:00:00",4.16,52.32,6.87,3.84
"2023-07-24 15:00:00",3.17,51.31,7.33,4.15
"2023-07-24 16:00:00",4.68,51.38,7.08,4
"2023-07-24 17:00:00",4.47,53.97,5.59,3.43
"2023-07-24 18:00:00",4.75,53.2,6.19,3.49
"2023-07-24 19:00:00",4.04,57.44,8.03,4.4
"2023-07-24 20:00:00",3.98,53.37,6.25,3.16
"2023-07-24 21:00:00",4.87,47.66,5.15,2.52
"2023-07-24 22:00:00",3.25,48.32,6.06,3.13
"2023-07-24 23:00:00",3.12,42.79,6.36,3.6
"2023-07-25 00:00:00",2.61,42.26,7.32,4.19
"2023-07-25 01:00:00",1.66,43.83,8.33,4.95
"2023-07-25 02:00:00",1.46,38.94,8.58,5.18
"2023-07-25 03:00:00",1.46,39.52,8.45,5.09
"2023-07-25 04:00:00",1.51,37.42,7.24,4.82
"2023-07-25 05:00:00",3.23,28.93,9.13,5.8
"2023-07-25 06:00:00",6.05,27.58,12.8,7.25
"2023-07-25 07:00:00",5.72,28.19,11.15,7.09
"2023-07-25 08:00:00",4.82,30.6,10.09,6.56
"2023-07-25 09:00:00",4.22,35.21,10.68,6.2
"2023-07-25 10:00:00",3.73,42.67,10.62,5.51
"2023-07-25 11:00:00",3.24,48.8,8.77,5.28
"2023-07-25 12:00:00",3.38,55.52,7.86,5.87
"2023-07-25 13:00:00",3.03,53.33,7.86,6.32
"2023-07-25 14:00:00",2.4,55.92,8.62,6.58
"2023-07-25 15:00:00",2.49,56.97,8.56,6.22
"2023-07-25 16:00:00",2.75,57.5,8.86,6.59
"2023-07-25 17:00:00",3.46,57.99,8.38,6.34
"2023-07-25 18:00:00",2.63,59.66,8.93,6.76
"2023-07-25 19:00:00",2.47,54.06,8.25,5.88
"2023-07-25 20:00:00",2.45,51.91,8.48,5.54
"2023-07-25 21:00:00",3.39,47.97,7.36,4.96
"2023-07-25 22:00:00",2.12,48.62,7.02,4.44
"2023-07-25 23:00:00",1.19,51.36,6.12,3.94
"2023-07-26 00:00:00",0.82,51,6.91,4.03
"2023-07-26 01:00:00",0.54,48.26,6.29,3.96
"2023-07-26 02:00:00",0.86,46.13,6.56,4.2
"2023-07-26 03:00:00",1.83,39.17,7.21,4.53
"2023-07-26 04:00:00",2.35,34.81,6.89,4.32
"2023-07-26 05:00:00",2.81,38.54,7.18,4.44
"2023-07-26 06:00:00",0.91,52.3,6.14,3.87
"2023-07-26 07:00:00",1.32,53.3,2.96,1.97
"2023-07-26 08:00:00",1.97,51.52,1.75,1.09
"2023-07-26 09:00:00",2.44,51.15,1.64,1.06
"2023-07-26 10:00:00",1.84,47.09,1.41,0.73
"2023-07-26 11:00:00",1.32,38.78,2.51,1.72
"2023-07-26 12:00:00",1.66,46.36,5.1,3.4
"2023-07-26 13:00:00",2.04,51.65,9.65,6.95
"2023-07-26 14:00:00",1.42,58.77,9.98,7.04
"2023-07-26 15:00:00",1.34,61.02,3.05,1.93
"2023-07-26 16:00:00",1.11,59.55,2.57,1.41
"2023-07-26 17:00:00",1.56,53.6,4,2.45
"2023-07-26 18:00:00",1.43,52.73,4.43,2.69
"2023-07-26 19:00:00",1.36,48.84,6.39,3.56
"2023-07-26 20:00:00",1.85,45.57,6,2.97
"2023-07-26 21:00:00",1.16,43.77,5.45,3.11
"2023-07-26 22:00:00",1.16,37.2,7.74,3.8
"2023-07-26 23:00:00",1.53,32.73,8.2,3.51
"2023-07-27 00:00:00",6.45,24.35,7.48,2.74
"2023-07-27 01:00:00",0.78,28.32,6.46,2.19
"2023-07-27 02:00:00",1.23,24.03,7.71,2.62
"2023-07-27 03:00:00",0.61,24.93,7.48,2.5
"2023-07-27 04:00:00",1.6,22.71,6.26,1.9
"2023-07-27 05:00:00",2.86,23.47,5.56,1.52
"2023-07-27 06:00:00",6.56,19.06,6.73,1.68
"2023-07-27 07:00:00",6.52,17.52,5.9,1.57
"2023-07-27 08:00:00",5.23,19.85,6.06,1.6
"2023-07-27 09:00:00",2.63,25.89,4.24,0.97
"2023-07-27 10:00:00",2.43,31.85,3.78,1.04
"2023-07-27 11:00:00",2.14,34.75,3.78,1.31
"2023-07-27 12:00:00",3.82,32.76,4.23,1.43
"2023-07-27 13:00:00",4.36,32.71,5.86,1.93
"2023-07-27 14:00:00",2.73,35.04,5.23,2.31
"2023-07-27 15:00:00",2.36,38.55,6.01,2.38
"2023-07-27 16:00:00",1.74,37.1,4.79,2.35
"2023-07-27 17:00:00",2.57,34.06,5.18,2.19
"2023-07-27 18:00:00",2.13,35.07,6.11,2.7
"2023-07-27 19:00:00",3.43,33.27,6.72,3.58
"2023-07-27 20:00:00",2.04,32.87,8.4,4.05
"2023-07-27 21:00:00",2.39,29.8,9.44,4.79
"2023-07-27 22:00:00",4.92,29.31,7.03,3.33
"2023-07-27 23:00:00",1.98,34.71,4.1,2.08
"2023-07-28 00:00:00",1.76,32.2,4.73,2.11
"2023-07-28 01:00:00",1.72,33.36,4.12,2
"2023-07-28 02:00:00",1.47,32.58,4.62,2.23
"2023-07-28 03:00:00",1.81,30.55,4.84,2.46
"2023-07-28 04:00:00",0.7,30.64,4.1,1.93
"2023-07-28 05:00:00",1.14,31.25,4.7,2.01
"2023-07-28 06:00:00",2.34,36.08,5.09,1.87
"2023-07-28 07:00:00",2.36,44.16,4.82,2.42
"2023-07-28 08:00:00",2.56,47.37,2.18,1.51
"2023-07-28 09:00:00",2.46,48.15,3.91,2.04
"2023-07-28 10:00:00",1.33,57.63,5.38,2.81
"2023-07-28 11:00:00",0.94,61.82,6.41,3.18
"2023-07-28 12:00:00",0.86,60.55,4.92,2.26
"2023-07-28 13:00:00",1.53,61.04,6.19,2.81
"2023-07-28 14:00:00",1.28,64.58,7.04,3.32
"2023-07-28 15:00:00",1.04,67.43,7.9,3.53
"2023-07-28 16:00:00",1.53,68.39,10.63,4.75
"2023-07-28 17:00:00",1.43,68.96,11.1,5.47
"2023-07-28 18:00:00",1.6,66.51,13.09,6.26
"2023-07-28 19:00:00",1.03,66.05,14.29,7.16
"2023-07-28 20:00:00",1.02,63.75,13.54,6.74
"2023-07-28 21:00:00",0.79,63.66,12.55,6.45
"2023-07-28 22:00:00",0.89,54.9,10.27,5.21
"2023-07-28 23:00:00",1.26,50.62,10.7,5.2
"2023-07-29 00:00:00",0.65,53.75,13.41,7.04
"2023-07-29 01:00:00",0.62,49.3,11.17,5.71
"2023-07-29 02:00:00",0.71,46.96,6.94,3.94
"2023-07-29 03:00:00",0.59,47.13,8.06,4.22
"2023-07-29 04:00:00",0.59,44.14,9.39,4.62
"2023-07-29 05:00:00",0.4,47.76,9.59,4.74
"2023-07-29 06:00:00",0.81,49.57,10.43,5.05
"2023-07-29 07:00:00",1.02,48.24,9.65,4.84
"2023-07-29 08:00:00",1.03,45.91,9.18,4.63
"2023-07-29 09:00:00",0.93,47.73,9.23,4.66
"2023-07-29 10:00:00",1.98,50.2,9.28,4.51
"2023-07-29 11:00:00",1.8,52.1,9.98,5.35
"2023-07-29 12:00:00",2.04,53.81,13.88,7.12
"2023-07-29 13:00:00",1.7,55.24,7.88,3.58
"2023-07-29 14:00:00",1.81,58.47,12.15,6.21
"2023-07-29 15:00:00",1.8,58.96,13.09,6.3
"2023-07-29 16:00:00",1.61,61.75,7.92,3.82
"2023-07-29 17:00:00",2.06,59.9,10.15,4.99
"2023-07-29 18:00:00",3.42,58.09,7.63,3.66
"2023-07-29 19:00:00",3.59,61.36,8.3,3.9
"2023-07-29 20:00:00",1.85,58.47,6.24,2.85
"2023-07-29 21:00:00",2.09,57.35,6.42,3.37
"2023-07-29 22:00:00",1.68,52.31,6.34,3.57
"2023-07-29 23:00:00",1.07,50.98,5.91,3.21
"2023-07-30 00:00:00",0.37,55.15,2.94,1.72
"2023-07-30 01:00:00",0.57,54.08,3.51,1.9
"2023-07-30 02:00:00",0.46,50.81,3.12,1.72
"2023-07-30 03:00:00",0.39,48.78,4.97,2.12
"2023-07-30 04:00:00",0.35,48.38,5.18,2.68
"2023-07-30 05:00:00",0.56,52.28,7.74,3.59
"2023-07-30 06:00:00",0.41,51.53,8.01,4
"2023-07-30 07:00:00",1,49.42,9.3,4.51
"2023-07-30 08:00:00",0.88,47.82,9.97,5.36
"2023-07-30 09:00:00",1.54,46.2,8.21,5.41
"2023-07-30 10:00:00",1.79,45.59,6.31,4.47
"2023-07-30 11:00:00",1.99,49.5,2.8,2.07
"2023-07-30 12:00:00",2.46,46.19,3.35,2.23
"2023-07-30 13:00:00",1.75,47.35,11.81,8.07
"2023-07-30 14:00:00",1.36,52.92,15.17,9.97
"2023-07-30 15:00:00",1.22,57.65,12.15,8.62
"2023-07-30 16:00:00",0.54,57.16,12.29,8.66
"2023-07-30 17:00:00",0.36,56.38,9.66,7.08
"2023-07-30 18:00:00",0.12,57.13,5.98,4.32
"2023-07-30 19:00:00",0.26,55.32,5.95,3.99
"2023-07-30 20:00:00",0.87,53.39,5.25,3.5
"2023-07-30 21:00:00",0.9,51.98,7.1,4.83
"2023-07-30 22:00:00",0.91,48.27,7.71,4.71
"2023-07-30 23:00:00",1.2,44.3,9.16,4.93
"2023-07-31 00:00:00",0.88,50.42,9.64,5.71
"2023-07-31 01:00:00",0.53,56.57,12.73,7.74
"2023-07-31 02:00:00",0.37,56.62,13.32,7.57
"2023-07-31 03:00:00",0.42,57.19,9.98,5.63
"2023-07-31 04:00:00",0.28,54.4,9.25,4.88
"2023-07-31 05:00:00",0.43,50.04,11.48,6.16
"2023-07-31 06:00:00",1.93,47.06,11.88,6.55
"2023-07-31 07:00:00",3.17,44.43,11.34,6.76
"2023-07-31 08:00:00",5.47,39.01,10.87,6.27
"2023-07-31 09:00:00",4.49,39.53,11.56,6.46
"2023-07-31 10:00:00",4.2,38.57,15.46,9.15
"2023-07-31 11:00:00",4.99,37.62,15.38,8.86
"2023-07-31 12:00:00",3.02,42.14,15.53,8.48
"2023-07-31 13:00:00",2.01,45.25,15.77,9.67
"2023-07-31 14:00:00",3.95,48,16.84,9.97
"2023-07-31 15:00:00",5.45,44.41,13.28,8.38
"2023-07-31 16:00:00",7.88,43.01,9.65,5.66
"2023-07-31 17:00:00",7.58,47.93,5.2,3.4
"2023-07-31 18:00:00",4.46,45.09,5.06,3.1
"2023-07-31 19:00:00",7.89,48.14,3.79,2.26
"2023-07-31 20:00:00",6.7,49.98,4.83,2.67
"2023-07-31 21:00:00",10.27,45.44,5.77,3.03
"2023-07-31 22:00:00",5.91,48.78,6.26,3.35
"2023-07-31 23:00:00",9.09,44.83,7.46,3.8
"2023-08-01 00:00:00",8,45.68,8.2,4.15
"2023-08-01 01:00:00",0.98,47.47,7.14,3.58
"2023-08-01 02:00:00",1.22,41.69,8.31,4.12
"2023-08-01 03:00:00",2.18,48.58,7.76,3.99
"2023-08-01 04:00:00",3.02,49.72,7.79,3.99
"2023-08-01 05:00:00",5.57,42.18,6.18,3.28
"2023-08-01 06:00:00",3.75,29.85,7.86,3.83
"2023-08-01 07:00:00",5.33,38.35,5.83,2.71
"2023-08-01 08:00:00",7.18,43.96,5,2.34
"2023-08-01 09:00:00",4.54,48.48,3.96,1.86
"2023-08-01 10:00:00",3.44,48.22,4.93,2.21
"2023-08-01 11:00:00",2.89,49.86,4.77,2.12
"2023-08-01 12:00:00",3.78,51.31,5.12,2.34
"2023-08-01 13:00:00",2.06,56.47,7.35,3.75
"2023-08-01 14:00:00",2.06,59.77,6.99,3.59
"2023-08-01 15:00:00",2.47,60.78,7.8,4.11
"2023-08-01 16:00:00",2.34,62.22,8.86,4.8
"2023-08-01 17:00:00",1.33,61.77,7.15,4.41
"2023-08-01 18:00:00",0.98,56,8.59,4.99
"2023-08-01 19:00:00",0.84,61.28,8.48,5.28
"2023-08-01 20:00:00",0.92,64.58,6.01,4.21
"2023-08-01 21:00:00",1,65.23,2.13,1.58
"2023-08-01 22:00:00",1.02,65.75,1.76,0.79
"2023-08-01 23:00:00",0.5,48.2,2.36,0.79
"2023-08-02 00:00:00",0.27,34.3,4.5,2.5
"2023-08-02 01:00:00",-0.14,40.31,5.77,3.27
"2023-08-02 02:00:00",0.92,45.74,8.9,4.11
"2023-08-02 03:00:00",0.13,56.04,9.8,3.9
"2023-08-02 04:00:00",0.31,55.94,11.54,5.93
"2023-08-02 05:00:00",0.43,60.37,10.51,5.57
"2023-08-02 06:00:00",1.97,57.72,14.67,7.81
"2023-08-02 07:00:00",6.88,50.28,10.95,6.26
"2023-08-02 08:00:00",6.34,43.7,9.41,4.48
"2023-08-02 09:00:00",3.62,48.21,4.25,1.73
"2023-08-02 10:00:00",2.52,48.02,4.45,1.5
"2023-08-02 11:00:00",2.87,49.5,4.13,0.94
"2023-08-02 12:00:00",4.92,57.11,3.91,1.01
"2023-08-02 13:00:00",4.81,54.43,3.53,1.2
"2023-08-02 14:00:00",4.51,54.93,4.67,1.48
"2023-08-02 15:00:00",5.03,48.78,5.66,2.48
"2023-08-02 16:00:00",3.86,49.91,7.07,3.26
"2023-08-02 17:00:00",4.08,61.2,4.57,2.25
"2023-08-02 18:00:00",3.76,65.05,3.11,1.71
"2023-08-02 19:00:00",3.9,61.36,4.43,2.31
"2023-08-02 20:00:00",2.63,48.72,3.65,2.26
"2023-08-02 21:00:00",2.73,40.33,5.16,2.44
"2023-08-02 22:00:00",1.03,44.43,5.65,2.83
"2023-08-02 23:00:00",0.83,46.38,5.52,2.8
"2023-08-03 00:00:00",0.47,49.59,7.35,4.03
"2023-08-03 01:00:00",0.65,50.35,9.2,5.17
"2023-08-03 02:00:00",0.51,51.52,8.99,5.24
"2023-08-03 03:00:00",0.3,52.3,9.69,5.31
"2023-08-03 04:00:00",0.23,51.68,9.8,5.27
"2023-08-03 05:00:00",1.37,49.27,8.97,4.94
"2023-08-03 06:00:00",1.33,48.18,8.13,4.39
"2023-08-03 07:00:00",2.72,46.07,6.45,3.66
"2023-08-03 08:00:00",3.35,46.44,3.73,2.08
"2023-08-03 09:00:00",5.19,44.18,6.79,2.12
"2023-08-03 10:00:00",3.74,47.81,5.62,1.55
"2023-08-03 11:00:00",2.07,52.22,5.19,1.6
"2023-08-03 12:00:00",2.75,51.82,7.55,1.79
"2023-08-03 13:00:00",2.79,51.91,4.95,1.65
"2023-08-03 14:00:00",2.82,52.96,6.57,1.82
"2023-08-03 15:00:00",2.34,52.24,6.04,1.59
"2023-08-03 16:00:00",3.15,52.11,5.43,1.56
"2023-08-03 17:00:00",3.45,53.08,4.66,1.9
"2023-08-03 18:00:00",2.15,56.04,4.58,1.72
"2023-08-03 19:00:00",1.95,54.62,4.5,2.31
"2023-08-03 20:00:00",1.86,58.86,5.78,2.72
"2023-08-03 21:00:00",1.57,63.62,4.66,2.42
"2023-08-03 22:00:00",0.98,62.34,7.6,4.35
"2023-08-03 23:00:00",1.33,56.9,10.54,5.95
"2023-08-04 00:00:00",1.42,51.77,11.1,6.73
"2023-08-04 01:00:00",0.56,51.19,12.88,7.39
"2023-08-04 02:00:00",0.31,50.75,11.96,7.24
"2023-08-04 03:00:00",0.32,47.16,10.83,6.79
"2023-08-04 04:00:00",0.54,49.42,10.85,6.85
"2023-08-04 05:00:00",0.59,48.32,12.52,8.19
"2023-08-04 06:00:00",1.33,47.66,17.62,12.03
"2023-08-04 07:00:00",3.61,43.45,21.34,14.99
"2023-08-04 08:00:00",3.95,42.05,21.94,16.59
"2023-08-04 09:00:00",2.65,44.84,23.73,17.4
"2023-08-04 10:00:00",3.62,49.48,22.16,15.36
"2023-08-04 11:00:00",2.87,52.23,18.17,13.45
"2023-08-04 12:00:00",3.1,54.31,15.56,11.57
"2023-08-04 13:00:00",5.13,54.85,14.35,10.46
"2023-08-04 14:00:00",4.38,55.34,13.8,10.09
"2023-08-04 15:00:00",5.87,55.54,10.68,7.71
"2023-08-04 16:00:00",6.72,57.52,7.42,5.01
"2023-08-04 17:00:00",4.26,52.35,10.85,6.38
"2023-08-04 18:00:00",3.09,55.63,10.69,6.08
"2023-08-04 19:00:00",2.36,58.27,9.68,6.12
"2023-08-04 20:00:00",1.5,57.71,10.51,6.23
"2023-08-04 21:00:00",2.24,58.72,9.14,6.36
"2023-08-04 22:00:00",1.26,64.08,7.21,4.78
"2023-08-04 23:00:00",0.1,72.64,5,3.2
"2023-08-05 00:00:00",-0.16,73.81,2.8,2.13
"2023-08-05 01:00:00",-0.38,82.17,2.26,1.62
"2023-08-05 02:00:00",-0.46,75.68,2.08,1.36
"2023-08-05 03:00:00",-0.44,56.88,5.59,3.03
"2023-08-05 04:00:00",-0.39,51.19,5.46,2.98
"2023-08-05 05:00:00",0.05,45.2,5.23,2.76
"2023-08-05 06:00:00",0.81,38.89,4.36,1.32
"2023-08-05 07:00:00",0.92,45.9,2.88,0.56
"2023-08-05 08:00:00",0.51,58.03,1.92,0.42
"2023-08-05 09:00:00",0.78,64.75,2.93,0.77
"2023-08-05 10:00:00",0.99,67.09,4.06,1.68
"2023-08-05 11:00:00",1.34,61.11,3.14,1.27
"2023-08-05 12:00:00",1.87,62.03,5.37,1.94
"2023-08-05 13:00:00",2.04,64.97,4.69,1.87
"2023-08-05 14:00:00",1.89,67.17,3.26,1.26
"2023-08-05 15:00:00",1.74,68.82,3.18,1.07
"2023-08-05 16:00:00",1.76,66.64,2.41,0.95
"2023-08-05 17:00:00",1.82,69.66,2.46,0.91
"2023-08-05 18:00:00",1.63,68.51,2.25,1.05
"2023-08-05 19:00:00",1.41,68.76,2.4,0.84
"2023-08-05 20:00:00",3.06,63.42,1.98,0.79
"2023-08-05 21:00:00",1.48,61.56,2.38,1.02
"2023-08-05 22:00:00",1.82,57.92,2.36,1.19
"2023-08-05 23:00:00",3.23,48.96,3.62,1.93
"2023-08-06 00:00:00",2.14,49.08,6.01,3.18
"2023-08-06 01:00:00",2.58,51.38,5.48,2.98
"2023-08-06 02:00:00",3.1,51.2,5.95,3.25
"2023-08-06 03:00:00",3.12,51.76,6.39,3.65
"2023-08-06 04:00:00",2.28,48.39,6.17,3.65
"2023-08-06 05:00:00",2.9,47.42,7.04,3.87
"2023-08-06 06:00:00",1.69,46.06,6.86,4.05
"2023-08-06 07:00:00",3.31,39.93,6.61,4.12
"2023-08-06 08:00:00",1.55,45.54,5.58,3.66
"2023-08-06 09:00:00",1.4,44.5,6.15,3.67
"2023-08-06 10:00:00",0.94,48.54,6.5,3.77
"2023-08-06 11:00:00",0.85,49.55,5.47,3.32
"2023-08-06 12:00:00",1.07,48.77,5.32,2.76
"2023-08-06 13:00:00",1.18,49.18,4.77,2.71
"2023-08-06 14:00:00",1.15,50.98,3.57,1.92
"2023-08-06 15:00:00",1.14,51.49,3.34,1.67
"2023-08-06 16:00:00",1.22,52.1,3.7,2.17
"2023-08-06 17:00:00",1.19,53.49,5.54,2.73
"2023-08-06 18:00:00",0.72,62.86,6.31,3.02
"2023-08-06 19:00:00",1.04,66.01,6.3,3.07
"2023-08-06 20:00:00",2.7,62.13,5.42,2.83
"2023-08-06 21:00:00",5.34,56.09,5.41,2.88
"2023-08-06 22:00:00",4.96,53.05,5.72,2.75
"2023-08-06 23:00:00",4.14,48.36,4.62,2.45
"2023-08-07 00:00:00",5.87,41.63,5.53,2.92
"2023-08-07 01:00:00",3.49,42.34,5.52,2.94
"2023-08-07 02:00:00",2.9,44.65,5.92,2.98
"2023-08-07 03:00:00",2.69,42.8,5.17,2.82
"2023-08-07 04:00:00",2.38,44.63,5.72,2.87
"2023-08-07 05:00:00",3.88,34.3,5.61,2.89
"2023-08-07 06:00:00",6.15,29.75,6.85,3.7
"2023-08-07 07:00:00",6.74,28.53,7.52,4.19
"2023-08-07 08:00:00",3.81,40.3,5.73,2.99
"2023-08-07 09:00:00",4.38,39.47,5.5,3.14
"2023-08-07 10:00:00",2.63,47.44,4.85,2.6
"2023-08-07 11:00:00",0.9,53.69,3.67,2
"2023-08-07 12:00:00",0.66,58.62,3.7,1.87
"2023-08-07 13:00:00",1.27,60.35,3.4,1.89
"2023-08-07 14:00:00",1.29,62.41,3.4,2.16
"2023-08-07 15:00:00",1.58,60.49,5.29,2.59
"2023-08-07 16:00:00",1.25,60.07,6.1,3.27
"2023-08-07 17:00:00",1.06,61.01,4.9,3.22
"2023-08-07 18:00:00",0.7,62.64,3.97,2.51
"2023-08-07 19:00:00",0.95,64.75,4.54,3.06
"2023-08-07 20:00:00",0.86,64.78,5.14,3.06
"2023-08-07 21:00:00",1.17,63.71,5.11,3.24
"2023-08-07 22:00:00",1.07,60.49,4.32,2.99
"2023-08-07 23:00:00",1.19,59.15,1.65,1.23
"2023-08-08 00:00:00",1.87,54.68,1.36,0.87
"2023-08-08 01:00:00",0.6,59.03,0.93,0.43
"2023-08-08 02:00:00",1.13,56.85,1.24,0.34
"2023-08-08 03:00:00",1.36,54.04,1.32,0.52
"2023-08-08 04:00:00",2.91,46.24,2.28,0.96
"2023-08-08 05:00:00",1.51,44.45,0.66,0.26
"2023-08-08 06:00:00",2.25,43.22,1.4,0.37
"2023-08-08 07:00:00",3.24,42.6,1.49,0.46
"2023-08-08 08:00:00",7.1,39.91,1.75,0.53
"2023-08-08 09:00:00",6.88,46.1,2.71,0.69
"2023-08-08 10:00:00",5,46.9,1.83,0.88
"2023-08-08 11:00:00",5.26,44.17,2.57,1.21
"2023-08-08 12:00:00",5.57,47.27,3.17,1.97
"2023-08-08 13:00:00",4.62,48.11,3.71,2.22
"2023-08-08 14:00:00",8.65,40.85,4.39,2.81
"2023-08-08 15:00:00",3.76,44.54,5.34,2.66
"2023-08-08 16:00:00",1.64,52.65,6.93,3.31
"2023-08-08 17:00:00",1.92,56.54,4.81,2.34
"2023-08-08 18:00:00",1.39,57.29,2.82,1.47
"2023-08-08 19:00:00",1.45,58.96,2.46,1.22
"2023-08-08 20:00:00",1.44,56.79,3.75,2.18
"2023-08-08 21:00:00",1.91,56.4,6.07,4.04
"2023-08-08 22:00:00",2.11,54.51,6.46,4.56
"2023-08-08 23:00:00",1.16,52.48,5.39,3.59
"2023-08-09 00:00:00",0.99,52.61,4.57,2.53
"2023-08-09 01:00:00",0.04,56.14,2.85,1.84
"2023-08-09 02:00:00",-0.05,52.45,2.54,1.29
"2023-08-09 03:00:00",0.07,49.97,2.35,1.42
"2023-08-09 04:00:00",0.29,48.6,2.68,1.8
"2023-08-09 05:00:00",0.65,45.84,4.28,3.04
"2023-08-09 06:00:00",1.72,42.47,4.86,3.22
"2023-08-09 07:00:00",2.79,36.81,5.73,3.74
"2023-08-09 08:00:00",3.57,34.61,7.36,4.8
"2023-08-09 09:00:00",3.28,27.98,7.02,4.53
"2023-08-09 10:00:00",1.24,26.95,4.7,3.21
"2023-08-09 11:00:00",1.73,27.95,6.26,3.35
"2023-08-09 12:00:00",1.11,30.77,5.14,2.61
"2023-08-09 13:00:00",1.26,30.34,4.66,2.16
"2023-08-09 14:00:00",1.58,34.5,4.32,2.66
"2023-08-09 15:00:00",1.29,29.19,2.59,1.28
"2023-08-09 16:00:00",1.85,28.41,2.24,1.11
"2023-08-09 17:00:00",0.98,30.04,2.67,1.3
"2023-08-09 18:00:00",0.89,27.01,2.36,1.13
"2023-08-09 19:00:00",3.7,27.26,3.34,1.79
"2023-08-09 20:00:00",1.97,29.49,3.19,2.06
"2023-08-09 21:00:00",1.82,30.73,3.67,2.45
"2023-08-09 22:00:00",0.73,31.65,2.59,1.72
"2023-08-09 23:00:00",-0.01,30.61,1.92,0.97
"2023-08-10 00:00:00",-0.03,30.76,2.02,0.72
"2023-08-10 01:00:00",0.28,29.15,1.47,0.85
"2023-08-10 02:00:00",2.01,28.37,2.29,1.31
"2023-08-10 03:00:00",1.34,28.65,3.27,2.07
"2023-08-10 04:00:00",1.32,30.35,2.67,1.59
"2023-08-10 05:00:00",1.15,34.6,2.75,1.44
"2023-08-10 06:00:00",0.77,36.91,4.11,2.35
"2023-08-10 07:00:00",1.9,35.95,4.11,2.62
"2023-08-10 08:00:00",2.72,35.96,6.99,3.65
"2023-08-10 09:00:00",3.27,34.81,4.82,2.87
"2023-08-10 10:00:00",2.5,48.35,6.07,3.4
"2023-08-10 11:00:00",2.31,60.42,12.33,6.74
"2023-08-10 12:00:00",1.5,68.82,13.22,8.2
"2023-08-10 13:00:00",1.75,67.28,10.71,7.96
"2023-08-10 14:00:00",1.67,67.93,8.76,7.34
"2023-08-10 15:00:00",1.51,69.6,8.35,7.13
"2023-08-10 16:00:00",1.29,66.91,9.9,8.06
"2023-08-10 17:00:00",1.69,58.82,9.45,8.08
"2023-08-10 18:00:00",0.8,52.56,15.33,12.5
"2023-08-10 19:00:00",0.5,51.55,12.51,9.54
"2023-08-10 20:00:00",0.72,50.89,4.61,3.37
"2023-08-10 21:00:00",0.46,50.63,6.04,3.64
"2023-08-10 22:00:00",0.73,47.52,13.39,7.86
"2023-08-10 23:00:00",0.49,49.73,13.63,8.33
"2023-08-11 00:00:00",0.18,46.02,12.81,7.35
"2023-08-11 01:00:00",0,47.21,17.52,9.61
"2023-08-11 02:00:00",-0.32,54.3,15.1,8.34
"2023-08-11 03:00:00",-0.31,58.16,10.67,5.97
"2023-08-11 04:00:00",-0.36,60.05,7.4,4.22
"2023-08-11 05:00:00",-0.14,60.71,9.35,5.85
"2023-08-11 06:00:00",0.74,61.7,11.85,7.11
"2023-08-11 07:00:00",1.28,64.9,15.84,8.89
"2023-08-11 08:00:00",3.11,60.29,20.35,11.32
"2023-08-11 09:00:00",1.38,61.95,22.82,12.98
"2023-08-11 10:00:00",0.76,62.57,24.66,13.92
"2023-08-11 11:00:00",0.52,64.3,24.61,14.04
"2023-08-11 12:00:00",0.8,66.82,24.28,13.77
"2023-08-11 13:00:00",0.82,67.09,25.18,13.53
"2023-08-11 14:00:00",0.84,67.66,25.08,14.14
"2023-08-11 15:00:00",1,68.94,26.18,14.29
"2023-08-11 16:00:00",0.86,70.62,26,14.34
"2023-08-11 17:00:00",0.74,70.83,25.47,14.52
"2023-08-11 18:00:00",0.55,69.9,23.8,13.86
"2023-08-11 19:00:00",0.28,69.44,25.78,14.71
"2023-08-11 20:00:00",0.22,69.56,24.29,14.24
"2023-08-11 21:00:00",0.59,68.9,23.16,13.91
"2023-08-11 22:00:00",0.2,69.96,23.34,13.87
"2023-08-11 23:00:00",0.03,69.63,24.85,13.77
"2023-08-12 00:00:00",-0.26,70.21,22.26,12.31
"2023-08-12 01:00:00",-0.41,68.5,16.45,9.32
"2023-08-12 02:00:00",-0.42,65.65,13.56,8.39
"2023-08-12 03:00:00",-0.53,63.44,17.29,10.04
"2023-08-12 04:00:00",-0.37,61.45,16.66,10.07
"2023-08-12 05:00:00",-0.39,59.59,16.64,9.56
"2023-08-12 06:00:00",-0.27,58.43,15.63,8.55
"2023-08-12 07:00:00",0.25,58.33,10.1,6.27
"2023-08-12 08:00:00",0.69,53.76,10.69,6.44
"2023-08-12 09:00:00",0.6,49.3,10.18,5.31
"2023-08-12 10:00:00",1.04,48.78,9.19,4.64
"2023-08-12 11:00:00",1.66,51.8,11.81,6.16
"2023-08-12 12:00:00",2.23,51.25,14.87,7.72
"2023-08-12 13:00:00",1.35,50.62,16.58,8.82
"2023-08-12 14:00:00",1.43,51.41,13.57,7
"2023-08-12 15:00:00",1.07,50.58,13.95,7.03
"2023-08-12 16:00:00",1.1,52.44,14.21,7.06
"2023-08-12 17:00:00",1.3,52.46,14.28,7.31
"2023-08-12 18:00:00",1.56,50.88,15.87,7.82
"2023-08-12 19:00:00",2.22,49.57,14.62,7.79
"2023-08-12 20:00:00",2.58,45.07,16.82,8.27
"2023-08-12 21:00:00",1.51,48.07,13.03,7.59
"2023-08-12 22:00:00",1.62,44.36,9.65,5.28
"2023-08-12 23:00:00",1.68,38.72,8.99,5.02
"2023-08-13 00:00:00",1.58,40.76,7.99,4.43
"2023-08-13 01:00:00",1.15,40.06,7.71,4.09
"2023-08-13 02:00:00",1.48,36.87,8.88,4.74
"2023-08-13 03:00:00",1.07,40.91,8.98,4.75
"2023-08-13 04:00:00",0.46,40.38,8.22,4.16
"2023-08-13 05:00:00",1.33,41.07,7.12,3.74
"2023-08-13 06:00:00",1.43,40.98,6.77,3.11
"2023-08-13 07:00:00",0.87,44.31,6.27,3.06
"2023-08-13 08:00:00",0.97,44.46,5.85,2.85
"2023-08-13 09:00:00",0.85,46.12,6.05,2.83
"2023-08-13 10:00:00",0.79,55.85,6.45,2.81
"2023-08-13 11:00:00",0.76,61.68,6.85,3.05
"2023-08-13 12:00:00",0.73,67.29,8.43,4.3
"2023-08-13 13:00:00",0.8,66.35,8.83,4.15
"2023-08-13 14:00:00",1.02,68.07,11.24,5.13
"2023-08-13 15:00:00",0.91,70.56,10.82,5.28
"2023-08-13 16:00:00",1.3,72.51,14.92,7.4
"2023-08-13 17:00:00",1.08,72.5,14.47,7.69
"2023-08-13 18:00:00",0.46,73.41,10.9,6.16
"2023-08-13 19:00:00",0.84,70.33,8.2,5.35
"2023-08-13 20:00:00",2.46,65.37,7.39,4.64
"2023-08-13 21:00:00",4.4,55.9,6.19,4.29
"2023-08-13 22:00:00",3.67,60.15,4.93,3.76
"2023-08-13 23:00:00",2.8,59.6,4.51,3.22
"2023-08-14 00:00:00",1.99,50.6,6.15,3.6
"2023-08-14 01:00:00",1.33,49.76,5.47,3.86
"2023-08-14 02:00:00",1.84,47.02,4.32,2.85
"2023-08-14 03:00:00",0.9,49.56,4.32,2.56
"2023-08-14 04:00:00",0.68,50.36,5.4,2.68
"2023-08-14 05:00:00",1.58,40.33,6.49,3.34
"2023-08-14 06:00:00",1.93,33.32,6.33,2.91
"2023-08-14 07:00:00",4.71,30.76,5.89,2.59
"2023-08-14 08:00:00",6.19,29.45,7.64,2.8
"2023-08-14 09:00:00",3.67,32.27,6.58,2.86
"2023-08-14 10:00:00",2.95,34.96,6.17,3.07
"2023-08-14 11:00:00",3.01,42.54,5.61,2.66
"2023-08-14 12:00:00",3.56,45,5.75,2.52
"2023-08-14 13:00:00",3.76,48.13,5.64,2.16
"2023-08-14 14:00:00",4.96,47.14,4.95,2.14
"2023-08-14 15:00:00",6.96,47.76,5.32,2.13
"2023-08-14 16:00:00",5.49,50.99,3.54,1.78
"2023-08-14 17:00:00",8.25,49.52,4.06,1.79
"2023-08-14 18:00:00",5.76,52.58,3.1,1.46
"2023-08-14 19:00:00",5.5,48.26,4.05,1.89
"2023-08-14 20:00:00",3.51,48.75,3.81,1.97
"2023-08-14 21:00:00",2.76,48.21,3.92,2.23
"2023-08-14 22:00:00",2.54,48.15,4.49,2.31
"2023-08-14 23:00:00",4,45.58,4.94,2.68
"2023-08-15 00:00:00",3.29,42.38,4.97,2.72
"2023-08-15 01:00:00",1.38,42.37,4.58,2.36
"2023-08-15 02:00:00",1.4,41.43,4.98,2.57
"2023-08-15 03:00:00",1.77,41,5.29,2.94
"2023-08-15 04:00:00",1.46,43.58,5.27,3
"2023-08-15 05:00:00",2.36,38.07,5.63,3.43
"2023-08-15 06:00:00",3.13,35.3,6.85,3.48
"2023-08-15 07:00:00",4.09,36.27,5.25,3
"2023-08-15 08:00:00",4.28,33.51,5.54,3.06
"2023-08-15 09:00:00",2.98,42.82,4.37,2.54
"2023-08-15 10:00:00",2.4,51.66,3.39,1.63
"2023-08-15 11:00:00",4.11,54.04,3.31,1.23
"2023-08-15 12:00:00",4.07,55.44,4.03,1.26
"2023-08-15 13:00:00",2.78,54.64,3.05,1.28
"2023-08-15 14:00:00",3.28,55.45,2.46,0.93
"2023-08-15 15:00:00",3.03,56.68,2.53,1.22
"2023-08-15 16:00:00",3.63,57.99,2.37,1.29
"2023-08-15 17:00:00",3.88,58.22,4.67,2.11
"2023-08-15 18:00:00",4.1,55.83,4.77,2.21
"2023-08-15 19:00:00",4.99,50.95,5.66,2.76
"2023-08-15 20:00:00",4.86,45.87,6.82,3.17
"2023-08-15 21:00:00",16.94,25.62,5.45,2.34
"2023-08-15 22:00:00",21.03,20.46,6.8,2.94
"2023-08-15 23:00:00",6.82,38.51,4.89,2.52
"2023-08-16 00:00:00",4.52,35.9,4.73,2.41
"2023-08-16 01:00:00",3.13,36.61,4.32,2.08
"2023-08-16 02:00:00",3.5,34.83,4.6,2.29
"2023-08-16 03:00:00",3,33.88,3.65,2.14
"2023-08-16 04:00:00",2.55,31.69,4.54,2.17
"2023-08-16 05:00:00",3.35,31.08,4.42,2.29
"2023-08-16 06:00:00",4.63,30.18,5.35,2.49
"2023-08-16 07:00:00",9.59,25.03,9.75,3.27
"2023-08-16 08:00:00",9.71,21.8,8.33,2.95
"2023-08-16 09:00:00",6.57,40.42,6.02,2.97
"2023-08-16 10:00:00",5.59,49.26,6.95,3.1
"2023-08-16 11:00:00",3.09,56.27,4.75,2.49
"2023-08-16 12:00:00",2.04,66.58,4.93,2.64
"2023-08-16 13:00:00",1.78,67.79,5.58,2.65
"2023-08-16 14:00:00",2.56,67.71,5.49,2.4
"2023-08-16 15:00:00",1.73,68.64,4.36,1.9
"2023-08-16 16:00:00",1.48,68.15,4.4,1.81
"2023-08-16 17:00:00",1.26,66.59,4.21,1.85
"2023-08-16 18:00:00",0.92,66.17,3.1,1.77
"2023-08-16 19:00:00",2.52,65.06,3.53,1.78
"2023-08-16 20:00:00",3.76,54.44,3.16,1.85
"2023-08-16 21:00:00",4.64,51.29,4.1,2.13
"2023-08-16 22:00:00",4.9,51.22,4.39,2.71
"2023-08-16 23:00:00",4.74,49.62,4.69,3.15
"2023-08-17 00:00:00",5.52,32.89,5.82,3.67
"2023-08-17 01:00:00",9.23,23.47,6.47,4.05
"2023-08-17 02:00:00",5.57,23.21,6.51,3.97
"2023-08-17 03:00:00",9.79,16.83,4.39,3.12
"2023-08-17 04:00:00",3.82,21.23,5.52,3.71
"2023-08-17 05:00:00",4.7,20.18,5.59,3.75
"2023-08-17 06:00:00",14.18,30.76,8.66,5.6
"2023-08-17 07:00:00",13.13,35.19,9.57,5.96
"2023-08-17 08:00:00",10.58,39.79,9.4,4.76
"2023-08-17 09:00:00",5.87,48.06,10.22,4.69
"2023-08-17 10:00:00",4.95,64.66,13.05,6.19
"2023-08-17 11:00:00",4.31,74.12,15.23,8.18
"2023-08-17 12:00:00",3.51,79.48,13.43,7.79
"2023-08-17 13:00:00",2.65,78.98,11.38,6.04
"2023-08-17 14:00:00",2.78,89.56,12.04,7.43
"2023-08-17 15:00:00",4.01,98.53,16.23,11.55
"2023-08-17 16:00:00",4,98.5,20.53,13.85
"2023-08-17 17:00:00",3.94,95.96,20.1,14.01
"2023-08-17 18:00:00",4.07,92.32,22.58,16.32
"2023-08-17 19:00:00",4.01,87.25,20.79,15.66
"2023-08-17 20:00:00",4.26,84.04,19.42,14.11
"2023-08-17 21:00:00",4.32,86.84,16.93,12.23
"2023-08-17 22:00:00",3.67,88.37,16.55,11.78
"2023-08-17 23:00:00",3.53,87.36,15.93,11.73
"2023-08-18 00:00:00",3.84,83.73,19.13,13.94
"2023-08-18 01:00:00",3.19,83.16,19.28,13.53
"2023-08-18 02:00:00",3.2,79.38,18.73,13.76
"2023-08-18 03:00:00",3.92,73.62,18.05,12.92
"2023-08-18 04:00:00",4.7,71.39,15.93,11.32
"2023-08-18 05:00:00",3.14,72.63,22.24,13.87
"2023-08-18 06:00:00",2.77,71.74,18.48,12.94
"2023-08-18 07:00:00",3.35,71.2,19.85,15.35
"2023-08-18 08:00:00",3.89,71.22,21.92,16.66
"2023-08-18 09:00:00",3.75,73.49,22.1,16.49
"2023-08-18 10:00:00",3.12,77.96,20.72,15.43
"2023-08-18 11:00:00",3.48,74.47,25.41,17.25
"2023-08-18 12:00:00",4.14,71.37,22.62,16.71
"2023-08-18 13:00:00",3.83,73.07,25.79,18.35
"2023-08-18 14:00:00",4.14,73.16,26.05,20.33
"2023-08-18 15:00:00",4.52,68.39,19.95,17.06
"2023-08-18 16:00:00",3.2,68.36,11.24,9.61
"2023-08-18 17:00:00",2.15,70.8,9.5,7.07
"2023-08-18 18:00:00",1.48,74.39,7.91,6.08
"2023-08-18 19:00:00",1.58,74.68,7.36,5.43
"2023-08-18 20:00:00",1.5,74.62,7,4.87
"2023-08-18 21:00:00",0.98,71.15,8.21,5.79
"2023-08-18 22:00:00",0.74,69.19,16.72,10.46
"2023-08-18 23:00:00",-0.03,85.27,21.87,12.15
"2023-08-19 00:00:00",-0.25,77.77,12.89,9.77
"2023-08-19 01:00:00",-0.1,66.46,14.17,8.53
"2023-08-19 02:00:00",-0.14,67.31,14.71,7.92
"2023-08-19 03:00:00",0.31,63.7,15.1,9.06
"2023-08-19 04:00:00",-0.29,69.33,17.05,8.92
"2023-08-19 05:00:00",-0.37,57.1,21.07,11.1
"2023-08-19 06:00:00",-0.1,52.85,14.54,6.84
"2023-08-19 07:00:00",0.01,53.5,14.53,7.43
"2023-08-19 08:00:00",2.23,52.61,14.63,7.64
"2023-08-19 09:00:00",0.66,53.7,15.19,7.68
"2023-08-19 10:00:00",0.62,53.29,15.06,6.88
"2023-08-19 11:00:00",0.79,54.29,16.66,7.89
"2023-08-19 12:00:00",1.03,55.27,16.98,8.6
"2023-08-19 13:00:00",0.75,55.05,18.88,10.1
"2023-08-19 14:00:00",0.82,56.64,16.83,9.22
"2023-08-19 15:00:00",0.83,56.44,18.35,9.66
"2023-08-19 16:00:00",0.86,56.82,18.34,9.74
"2023-08-19 17:00:00",0.66,56.66,17.93,9.63
"2023-08-19 18:00:00",0.36,57.15,17.6,9.62
"2023-08-19 19:00:00",0.56,55.83,17.66,9.62
"2023-08-19 20:00:00",1.11,54.29,17.96,9.73
"2023-08-19 21:00:00",0.54,54.67,16.96,9.29
"2023-08-19 22:00:00",0.25,52.88,15.82,8.77
"2023-08-19 23:00:00",0.11,52.31,15.91,8.65
"2023-08-20 00:00:00",0.04,52.87,15.93,8.44
"2023-08-20 01:00:00",-0.1,52.96,13.98,7.96
"2023-08-20 02:00:00",0.76,52.66,13.3,7.06
"2023-08-20 03:00:00",0.1,51.06,12.97,7.17
"2023-08-20 04:00:00",0.14,51.88,15.08,7.75
"2023-08-20 05:00:00",-0.23,53.46,13.91,7.74
"2023-08-20 06:00:00",-0.09,54.73,15.61,8.08
"2023-08-20 07:00:00",0.15,54.95,15.52,8.55
"2023-08-20 08:00:00",0.31,54.82,13.41,7.78
"2023-08-20 09:00:00",-0.04,57.8,13.37,7.19
"2023-08-20 10:00:00",0.07,59.5,13.02,7.13
"2023-08-20 11:00:00",0.21,61.1,13.18,7.06
"2023-08-20 12:00:00",0.41,62.91,12.83,7.13
"2023-08-20 13:00:00",0.56,61.74,12.51,6.93
"2023-08-20 14:00:00",0.69,60.41,13.29,7.09
"2023-08-20 15:00:00",0.68,60.58,13.24,7.24
"2023-08-20 16:00:00",0.73,60.02,13.25,7.28
"2023-08-20 17:00:00",1.18,59.29,13.97,7.8
"2023-08-20 18:00:00",0.37,57.58,12.36,7.23
"2023-08-20 19:00:00",0.28,54.08,13.01,7.32
"2023-08-20 20:00:00",0.49,50.6,13.14,7.29
"2023-08-20 21:00:00",0.59,49.75,12.03,6.99
"2023-08-20 22:00:00",0.19,51.94,11.94,6.89
"2023-08-20 23:00:00",-0.18,53.16,11.36,6.47
"2023-08-21 00:00:00",-0.4,51.91,8.65,5.1
"2023-08-21 01:00:00",-0.44,52.55,8.37,5.02
"2023-08-21 02:00:00",-0.31,53.79,6.01,3.73
"2023-08-21 03:00:00",-0.21,53.1,8.84,5.21
"2023-08-21 04:00:00",-0.12,53.65,7.89,4.93
"2023-08-21 05:00:00",0.08,54.4,7.89,4.96
"2023-08-21 06:00:00",0.58,52.28,9.88,5.88
"2023-08-21 07:00:00",0.57,51.64,10.24,6.19
"2023-08-21 08:00:00",1.72,50.53,9.45,5.8
"2023-08-21 09:00:00",1.26,50.81,9.6,5.94
"2023-08-21 10:00:00",0.82,51.13,10.49,6.08
"2023-08-21 11:00:00",0.68,51.76,9.71,5.94
"2023-08-21 12:00:00",1.54,51.5,9.32,5.44
"2023-08-21 13:00:00",1.41,51.85,9.53,5.65
"2023-08-21 14:00:00",1.04,53,10.05,5.85
"2023-08-21 15:00:00",0.59,53.54,9.31,5.32
"2023-08-21 16:00:00",1.6,52.61,8.14,4.7
"2023-08-21 17:00:00",1.56,54.42,7.68,4.64
"2023-08-21 18:00:00",1.8,53.53,7.71,4.41
"2023-08-21 19:00:00",0.55,55.91,7.2,4.51
"2023-08-21 20:00:00",1.01,55.27,7.48,4.63
"2023-08-21 21:00:00",0.54,54.43,8.08,5.14
"2023-08-21 22:00:00",0.29,52.79,8.32,5.2
"2023-08-21 23:00:00",0.11,54.44,10.38,6.08
"2023-08-22 00:00:00",0.83,53.38,12.04,6.6
"2023-08-22 01:00:00",0.12,53.39,11.44,6.38
"2023-08-22 02:00:00",-0.26,61.41,13.23,7.17
"2023-08-22 03:00:00",-0.01,61.99,10.98,6.36
"2023-08-22 04:00:00",0.43,57.44,7.14,4.37
"2023-08-22 05:00:00",0.59,56.14,5.64,3.08
"2023-08-22 06:00:00",2.4,50.17,6.01,2.85
"2023-08-22 07:00:00",4.08,43.94,5.92,2.95
"2023-08-22 08:00:00",5.3,39.4,5.21,2.39
"2023-08-22 09:00:00",3,42.43,5.97,2.55
"2023-08-22 10:00:00",3.69,46.78,5.17,2.5
"2023-08-22 11:00:00",3.95,51.94,4.37,2.07
"2023-08-22 12:00:00",3.18,55.72,6.26,3.16
"2023-08-22 13:00:00",2.95,54.78,7.84,3.87
"2023-08-22 14:00:00",2.59,58.19,9.5,4.83
"2023-08-22 15:00:00",2.83,57.2,10.18,4.9
"2023-08-22 16:00:00",2.12,59.25,9.03,4.54
"2023-08-22 17:00:00",2.93,59.73,9.71,4.95
"2023-08-22 18:00:00",3.86,58.52,10.82,5.41
"2023-08-22 19:00:00",3.91,58.46,10.09,5.1
"2023-08-22 20:00:00",3.08,54.82,8.38,4.45
"2023-08-22 21:00:00",2.91,54.34,7.43,3.78
"2023-08-22 22:00:00",7.96,45.99,6.67,3.46
"2023-08-22 23:00:00",6.51,41.05,7.98,4.43
"2023-08-23 00:00:00",4.19,37.06,7.53,4.43
"2023-08-23 01:00:00",3.25,34.41,6.6,3.71
"2023-08-23 02:00:00",1.81,29.41,6.98,3.77
"2023-08-23 03:00:00",1.69,25.99,6.31,3.68
"2023-08-23 04:00:00",2.55,31.85,6.71,4.06
"2023-08-23 05:00:00",2.02,30.82,7.94,4.14
"2023-08-23 06:00:00",2.58,34.56,8.35,4.52
"2023-08-23 07:00:00",4.17,36.64,8.29,4.48
"2023-08-23 08:00:00",5.07,52.36,4.81,2.87
"2023-08-23 09:00:00",3.24,61.19,2.71,1.64
"2023-08-23 10:00:00",2.19,63.57,2.12,0.92
"2023-08-23 11:00:00",1.87,67.87,1.77,0.99
"2023-08-23 12:00:00",1.91,67.78,3.56,2.32
"2023-08-23 13:00:00",1.27,57.55,5.38,3.66
"2023-08-23 14:00:00",1.17,49.57,4.4,3.15
"2023-08-23 15:00:00",1.13,46.07,2.56,1.18
"2023-08-23 16:00:00",1.9,47.53,3.8,2.38
"2023-08-23 17:00:00",2.2,48.78,5.47,2.95
"2023-08-23 18:00:00",2.35,48.76,5.83,2.85
"2023-08-23 19:00:00",3.9,46.88,6,2.25
"2023-08-23 20:00:00",12.03,34.09,7.28,2.46
"2023-08-23 21:00:00",5.25,46.28,7.39,3.22
"2023-08-23 22:00:00",4.01,46.63,8.57,3.32
"2023-08-23 23:00:00",2.06,50.01,7.5,3.2
"2023-08-24 00:00:00",2.21,49.39,8.19,3.88
"2023-08-24 01:00:00",1.98,49.28,8.22,4.52
"2023-08-24 02:00:00",1.58,48.82,8.8,4.7
"2023-08-24 03:00:00",1.33,47.5,6.95,4.03
"2023-08-24 04:00:00",1.54,44.37,8.33,4.3
"2023-08-24 05:00:00",2.38,41.75,8.11,4.35
"2023-08-24 06:00:00",2.45,39.37,8.12,4.5
"2023-08-24 07:00:00",5.51,33.64,8.91,4.57
"2023-08-24 08:00:00",6.15,33.68,14.49,5.38
"2023-08-24 09:00:00",4.4,41.59,8.81,3.98
"2023-08-24 10:00:00",3.06,51.29,6.67,3.28
"2023-08-24 11:00:00",3.47,55.8,7.63,3.19
"2023-08-24 12:00:00",3.36,62.69,6.52,2.75
"2023-08-24 13:00:00",4.67,62.76,6.59,2.51
"2023-08-24 14:00:00",4.64,64.54,6.01,2.64
"2023-08-24 15:00:00",3.58,64.29,5.42,2.14
"2023-08-24 16:00:00",5.37,65.11,4.84,1.88
"2023-08-24 17:00:00",4.94,65.93,5.17,1.98
"2023-08-24 18:00:00",3.1,68.06,4.8,1.74
"2023-08-24 19:00:00",6.41,65.11,4.49,1.89
"2023-08-24 20:00:00",7.33,57.36,5.16,2.06
"2023-08-24 21:00:00",8.27,52.54,7.11,3.74
"2023-08-24 22:00:00",16.88,41.23,6.1,2.63
"2023-08-24 23:00:00",5.65,47.65,5.16,2.29
"2023-08-25 00:00:00",3.44,52.05,4.87,2.26
"2023-08-25 01:00:00",3.2,56.43,5.93,2.63
"2023-08-25 02:00:00",3.37,46.29,6.6,2.96
"2023-08-25 03:00:00",1.38,42.58,6.05,3.06
"2023-08-25 04:00:00",3.09,42.89,5.23,2.65
"2023-08-25 05:00:00",2.42,38.34,5.39,2.57
"2023-08-25 06:00:00",4.14,33.2,5.19,2.41
"2023-08-25 07:00:00",5.05,29.03,4.98,2.6
"2023-08-25 08:00:00",9.24,28.72,5.07,2.06
"2023-08-25 09:00:00",3.89,41.47,3.28,1.77
"2023-08-25 10:00:00",4.77,44.41,2.76,1.35
"2023-08-25 11:00:00",4.77,50.53,4.21,1.27
"2023-08-25 12:00:00",4.29,56.13,3.98,1.71
"2023-08-25 13:00:00",3.86,58.76,3.85,1.52
"2023-08-25 14:00:00",4.75,60.26,4.16,1.64
"2023-08-25 15:00:00",4.72,60.72,3.8,1.47
"2023-08-25 16:00:00",5.73,55.78,4.03,1.74
"2023-08-25 17:00:00",7.9,54.94,3.37,1.21
"2023-08-25 18:00:00",8.54,54.17,3.56,1.39
"2023-08-25 19:00:00",5.11,58.02,3.25,1.53
"2023-08-25 20:00:00",11.72,48.02,4.52,1.86
"2023-08-25 21:00:00",4.4,50.16,4.03,2.04
"2023-08-25 22:00:00",3.59,48.05,4.29,2.31
"2023-08-25 23:00:00",2.59,47.45,4.71,2.29
"2023-08-26 00:00:00",1.17,49.85,3.88,1.99
"2023-08-26 01:00:00",1.22,47.68,4.31,2.15
"2023-08-26 02:00:00",1.38,53.9,4.88,2.45
"2023-08-26 03:00:00",1.14,55.7,6.22,3.03
"2023-08-26 04:00:00",1.15,55.81,7.64,3.82
"2023-08-26 05:00:00",1.01,55.91,7.29,4.05
"2023-08-26 06:00:00",1.35,53.9,7.65,4.11
"2023-08-26 07:00:00",2.57,50.16,6.38,3.61
"2023-08-26 08:00:00",1.64,50.67,5.84,3.05
"2023-08-26 09:00:00",1.65,51.78,6.2,2.7
"2023-08-26 10:00:00",1.86,54.63,5.69,2.51
"2023-08-26 11:00:00",2.16,57.83,6.44,2.7
"2023-08-26 12:00:00",2.29,58.49,5.61,2.42
"2023-08-26 13:00:00",2.38,59.94,4.96,2.04
"2023-08-26 14:00:00",1.99,59.16,3.39,1.51
"2023-08-26 15:00:00",1.9,59.95,2.95,1.39
"2023-08-26 16:00:00",1.8,63.35,2.96,1.71
"2023-08-26 17:00:00",1.7,60.52,3.48,1.71
"2023-08-26 18:00:00",1.83,57.67,3.26,1.46
"2023-08-26 19:00:00",1.93,52.97,3.23,1.47
"2023-08-26 20:00:00",1.63,48.74,3.45,1.43
"2023-08-26 21:00:00",1.13,48.85,2.69,1.29
"2023-08-26 22:00:00",0.82,48.54,2.47,1.34
"2023-08-26 23:00:00",0.87,54.2,2.12,1.09
"2023-08-27 00:00:00",0.34,52.59,2.83,1.18
"2023-08-27 01:00:00",0.44,52.39,2.06,0.97
"2023-08-27 02:00:00",0.26,52.89,2.57,1.04
"2023-08-27 03:00:00",0.23,52.03,1.78,0.78
"2023-08-27 04:00:00",0.15,52.92,1.47,0.65
"2023-08-27 05:00:00",0.75,52.08,2.01,0.84
"2023-08-27 06:00:00",3.39,47.63,3.92,1.6
"2023-08-27 07:00:00",7.43,51.08,4.88,2.36
"2023-08-27 08:00:00",14.89,48.41,4.1,2.04
"2023-08-27 09:00:00",3.77,53.45,2.82,1.62
"2023-08-27 10:00:00",2.3,54.76,2.44,1.41
"2023-08-27 11:00:00",1.99,53.54,1.6,0.89
"2023-08-27 12:00:00",2.17,47.95,1.44,0.73
"2023-08-27 13:00:00",2.63,47.87,1.68,0.89
"2023-08-27 14:00:00",2.95,44.57,2.38,0.82
"2023-08-27 15:00:00",1.78,44.86,2.54,1.05
"2023-08-27 16:00:00",1.23,56.39,2.12,1.06
"2023-08-27 17:00:00",1.33,58.53,2.26,1.31
"2023-08-27 18:00:00",1.57,61.69,3.65,1.78
"2023-08-27 19:00:00",2.22,66.9,6.01,3.42
"2023-08-27 20:00:00",2.88,64.54,9.16,5.44
"2023-08-27 21:00:00",1.73,62.98,12.91,6.96
"2023-08-27 22:00:00",0.87,63.66,12.05,6.52
"2023-08-27 23:00:00",0.42,63.28,10.73,5.65
"2023-08-28 00:00:00",0.14,66.18,8.36,4.64
"2023-08-28 01:00:00",0.74,62.93,7.12,4.09
"2023-08-28 02:00:00",0.49,59.04,7.26,3.72
"2023-08-28 03:00:00",0.47,57.42,7.23,3.83
"2023-08-28 04:00:00",1.19,55.6,5.86,3.26
"2023-08-28 05:00:00",1.55,54.84,3.97,2.02
"2023-08-28 06:00:00",2.98,52.62,3.58,1.69
"2023-08-28 07:00:00",6.35,47.67,4.02,1.88
"2023-08-28 08:00:00",14.56,39.78,5.56,2.57
"2023-08-28 09:00:00",5.74,50.34,5.78,2.79
"2023-08-28 10:00:00",4.63,51.86,6.2,3.51
"2023-08-28 11:00:00",4.53,53.33,6.43,3.56
"2023-08-28 12:00:00",5.13,52.53,5.57,2.92
"2023-08-28 13:00:00",4.92,54.44,3.96,2.39
"2023-08-28 14:00:00",9.2,55.81,4.09,1.98
"2023-08-28 15:00:00",8.66,57.3,3.35,1.41
"2023-08-28 16:00:00",6.3,54.88,3.28,1.65
"2023-08-28 17:00:00",5.82,54.99,5.06,2.97
"2023-08-28 18:00:00",5.67,54.2,5.45,3.98
"2023-08-28 19:00:00",6.66,52.25,7.19,5.14
"2023-08-28 20:00:00",7.72,46.57,8.4,5.65
"2023-08-28 21:00:00",6.86,40.39,12.28,8.74
"2023-08-28 22:00:00",8.98,34.68,13.92,10.05
"2023-08-28 23:00:00",6.31,33.91,11.3,8.07
"2023-08-29 00:00:00",2.82,38.82,11.43,8.14
"2023-08-29 01:00:00",2.54,45.64,8.8,6.39
"2023-08-29 02:00:00",0.66,52.18,6.26,5.04
"2023-08-29 03:00:00",0.71,57.78,4.07,3.18
"2023-08-29 04:00:00",0.15,58.38,2.5,1.63
"2023-08-29 05:00:00",2.45,52.93,3.4,2.13
"2023-08-29 06:00:00",2.32,48.24,2.79,1.53
"2023-08-29 07:00:00",4.22,41.14,3.16,1.62
"2023-08-29 08:00:00",6.07,36.45,1.99,0.81
"2023-08-29 09:00:00",4.87,40.32,2.58,1.26
"2023-08-29 10:00:00",3.35,47.19,3.26,1.68
"2023-08-29 11:00:00",3.45,54.28,6.58,2.87
"2023-08-29 12:00:00",3.75,56.7,7.26,3.24
"2023-08-29 13:00:00",3.45,61.48,8.55,3.94
"2023-08-29 14:00:00",3.23,60.98,7.89,4.16
"2023-08-29 15:00:00",3.37,62.08,9.42,5.16
"2023-08-29 16:00:00",3.68,64.93,13.11,6.49
"2023-08-29 17:00:00",4.19,63.1,13.39,6.72
"2023-08-29 18:00:00",4.26,60.98,12.96,6.64
"2023-08-29 19:00:00",3.24,59.04,12.64,6.58
"2023-08-29 20:00:00",5.64,58.03,12.92,6.26
"2023-08-29 21:00:00",4.45,59.86,11.71,5.87
"2023-08-29 22:00:00",8.28,53.68,11.65,6.1
"2023-08-29 23:00:00",5.59,54.86,12.88,6.72
"2023-08-30 00:00:00",17.5,48.34,13.22,6.88
"2023-08-30 01:00:00",12.03,47.12,10.93,5.94
"2023-08-30 02:00:00",7.5,44,10.2,5.66
"2023-08-30 03:00:00",3.6,42.47,9,4.86
"2023-08-30 04:00:00",4.3,37.3,7.67,4.19
"2023-08-30 05:00:00",5.79,29.33,7.49,3.99
"2023-08-30 06:00:00",8.63,30.54,8.97,4.01
"2023-08-30 07:00:00",11.93,31.44,7.01,3.59
"2023-08-30 08:00:00",10.76,36.34,7.38,3.39
"2023-08-30 09:00:00",7.37,41.97,7.05,2.92
"2023-08-30 10:00:00",3.95,49.2,8.05,2.9
"2023-08-30 11:00:00",3.8,54.35,4.92,1.93
"2023-08-30 12:00:00",3.87,56.06,4.33,1.85
"2023-08-30 13:00:00",5.31,55.81,4.26,1.79
"2023-08-30 14:00:00",5.74,58.22,3.52,1.67
"2023-08-30 15:00:00",7.49,52.74,4.89,1.99
"2023-08-30 16:00:00",4.87,58.57,5.79,2.13
"2023-08-30 17:00:00",6.2,60.15,5.31,2.66
"2023-08-30 18:00:00",5.18,59.7,5.96,2.85
"2023-08-30 19:00:00",6.42,55.05,5.32,2.5
"2023-08-30 20:00:00",6.29,53.35,9.83,6.19
"2023-08-30 21:00:00",9.01,48.22,7.66,4.45
"2023-08-30 22:00:00",4.99,53.79,11.44,7.48
"2023-08-30 23:00:00",4.93,52.8,8.72,5.46
"2023-08-31 00:00:00",1.66,64.6,6.49,4.07
"2023-08-31 01:00:00",0.58,70.75,5.76,3.28
"2023-08-31 02:00:00",0.63,70.51,4.99,3.11
"2023-08-31 03:00:00",0.39,66.59,5.46,3.35
"2023-08-31 04:00:00",0.29,71.22,5.37,3.28
"2023-08-31 05:00:00",0.97,70.99,4.67,3.06
"2023-08-31 06:00:00",1.48,70.35,4.3,2.79
"2023-08-31 07:00:00",2.23,70.23,4.99,3.17
"2023-08-31 08:00:00",6.28,64.16,3.44,2.16
"2023-08-31 09:00:00",10.88,53.14,2.63,1.39
"2023-08-31 10:00:00",10.84,47.7,2.86,1.49
"2023-08-31 11:00:00",9.64,45.82,1.93,1.17
"2023-08-31 12:00:00",7.38,40.85,3.13,1.39
"2023-08-31 13:00:00",4.15,45.13,4.47,1.1
"2023-08-31 14:00:00",4.36,48.33,4.12,1.43
"2023-08-31 15:00:00",4.97,49.78,4.48,1.78
"2023-08-31 16:00:00",3.34,53.15,4.99,2.42
"2023-08-31 17:00:00",2.85,53.75,7.01,2.95
"2023-08-31 18:00:00",2.46,54.81,9.15,4.28
"2023-08-31 19:00:00",2.06,56.89,9.96,4.1
"2023-08-31 20:00:00",4.7,51.51,9.34,4.43
"2023-08-31 21:00:00",9.49,33.95,7.51,3.71
"2023-08-31 22:00:00",21.19,15.78,7.93,3.72
"2023-08-31 23:00:00",14.68,20.93,7.01,3.47
"2023-09-01 00:00:00",4.46,38.08,4.18,2.16
"2023-09-01 01:00:00",1.43,44.39,3.02,1.19
"2023-09-01 02:00:00",1.16,46.24,2.91,1.2
"2023-09-01 03:00:00",1.72,41.62,3.58,1.39
"2023-09-01 04:00:00",2.63,33.25,3.34,1.47
"2023-09-01 05:00:00",4.77,23.51,4.52,1.76
"2023-09-01 06:00:00",10.61,12.6,6.12,2.34
"2023-09-01 07:00:00",12.16,8.25,7.95,3.13
"2023-09-01 08:00:00",12.01,19.92,6.22,2.64
"2023-09-01 09:00:00",7.35,41.59,5.36,2.74
"2023-09-01 10:00:00",5.98,43.97,5.62,2.73
"2023-09-01 11:00:00",3.79,53.69,4.29,2.19
"2023-09-01 12:00:00",2.29,56.23,5.14,2.29
"2023-09-01 13:00:00",1.4,61.52,3.83,2.09
"2023-09-01 14:00:00",1.72,63.11,3.46,1.94
"2023-09-01 15:00:00",1.58,62.64,3.37,1.96
"2023-09-01 16:00:00",1.5,64.31,3.34,1.77
"2023-09-01 17:00:00",0.93,66.19,3.32,1.93
"2023-09-01 18:00:00",1.58,65.49,6.55,3.53
"2023-09-01 19:00:00",1.42,66.99,8.15,4.28
"2023-09-01 20:00:00",2.59,59.84,10.84,6.15
"2023-09-01 21:00:00",4.03,57.19,9.61,5.66
"2023-09-01 22:00:00",6.09,50.33,10.41,5.67
"2023-09-01 23:00:00",10.68,37.28,9.73,4.96
"2023-09-02 00:00:00",8.53,30.29,12.23,5.4
"2023-09-02 01:00:00",6.65,28.07,11.27,5.25
"2023-09-02 02:00:00",7.61,38.22,9.17,6.87
"2023-09-02 03:00:00",2.57,36.14,6.43,4.52
"2023-09-02 04:00:00",3.39,38.25,5.55,4.14
"2023-09-02 05:00:00",4.2,32.58,6.46,4.22
"2023-09-02 06:00:00",4.53,19.92,5.03,3.39
"2023-09-02 07:00:00",6.74,15.4,4.96,3.09
"2023-09-02 08:00:00",8.28,31.95,6.26,4.11
"2023-09-02 09:00:00",2.65,53.09,4.48,2.9
"2023-09-02 10:00:00",2.55,49.37,5.05,2.85
"2023-09-02 11:00:00",3.65,51.53,3.8,2.45
"2023-09-02 12:00:00",3.52,51.87,4.18,2.37
"2023-09-02 13:00:00",3.82,57.58,4.15,2.45
"2023-09-02 14:00:00",3.85,60.68,4.09,2.53
"2023-09-02 15:00:00",1.86,66.01,5.13,2.76
"2023-09-02 16:00:00",1.4,65.21,3.71,2.22
"2023-09-02 17:00:00",1.16,65.26,3.29,2.11
"2023-09-02 18:00:00",0.9,64.41,2.9,1.82
"2023-09-02 19:00:00",3.47,59.31,4.21,2.38
"2023-09-02 20:00:00",6.21,50.06,7.59,5.42
"2023-09-02 21:00:00",8.73,39.22,4.75,2.89
"2023-09-02 22:00:00",11.98,27.74,5.58,3.71
"2023-09-02 23:00:00",12.4,18.63,11.93,9.45
"2023-09-03 00:00:00",14.56,12.32,9.23,6.6
"2023-09-03 01:00:00",9.55,12.39,8.04,5.39
"2023-09-03 02:00:00",8.16,11.65,6.98,4.7
"2023-09-03 03:00:00",8.6,10.25,4.37,2.59
"2023-09-03 04:00:00",6.28,10.41,5.17,2.62
"2023-09-03 05:00:00",6.62,7.92,4.87,2.64
"2023-09-03 06:00:00",5.39,9.69,4.15,2.08
"2023-09-03 07:00:00",6.53,12.81,3.92,2.33
"2023-09-03 08:00:00",6.67,15.93,3.62,2.55
"2023-09-03 09:00:00",4.57,24.44,3.55,2.34
"2023-09-03 10:00:00",6.72,33.58,4.09,2.93
"2023-09-03 11:00:00",1.87,48.67,4.84,3.1
"2023-09-03 12:00:00",1.37,58.11,3.54,2.01
"2023-09-03 13:00:00",1.54,63.48,3.03,1.68
"2023-09-03 14:00:00",1.67,67.67,2.86,1.97
"2023-09-03 15:00:00",1.43,66.17,3.39,2.3
"2023-09-03 16:00:00",1.62,65.08,3.61,2.59
"2023-09-03 17:00:00",1.6,66.42,2.57,1.82
"2023-09-03 18:00:00",1.64,65.4,2.89,1.61
"2023-09-03 19:00:00",3.42,61.18,3.27,1.72
"2023-09-03 20:00:00",10.82,43.86,4.42,2.37
"2023-09-03 21:00:00",17.14,28.26,5.66,3.53
"2023-09-03 22:00:00",16.78,20.19,5.26,3.12
"2023-09-03 23:00:00",18.04,12.66,7.85,5.02
"2023-09-04 00:00:00",9.73,16.84,8.28,5.99
"2023-09-04 01:00:00",10.19,11.98,8.12,4.96
"2023-09-04 02:00:00",8.26,15.05,6.18,3.77
"2023-09-04 03:00:00",6.75,16.91,5.68,3.31
"2023-09-04 04:00:00",4.07,23.59,4.98,2.86
"2023-09-04 05:00:00",5.94,21.83,5.19,3.04
"2023-09-04 06:00:00",9.34,23.39,5.88,3.09
"2023-09-04 07:00:00",16.17,17.85,9.49,4.36
"2023-09-04 08:00:00",21.31,32.38,13.72,6.93
"2023-09-04 09:00:00",14.87,60.68,12.88,7.58
"2023-09-04 10:00:00",9.6,70.2,11.32,7.38
"2023-09-04 11:00:00",6.9,74.28,13.03,7.91
"2023-09-04 12:00:00",4.63,86.21,11.96,8.02
"2023-09-04 13:00:00",4.41,91.59,10.69,7.53
"2023-09-04 14:00:00",3.72,91.87,10.9,6.54
"2023-09-04 15:00:00",3.75,92.55,10.68,6.18
"2023-09-04 16:00:00",4.35,96.54,9.63,5.84
"2023-09-04 17:00:00",4.85,93.16,11.99,6
"2023-09-04 18:00:00",5.68,86.85,13.38,6.45
"2023-09-04 19:00:00",13.38,77.84,11.26,6.53
"2023-09-04 20:00:00",8.31,79.87,10.89,6.98
"2023-09-04 21:00:00",5.76,83.71,11.65,7.67
"2023-09-04 22:00:00",4.72,84.56,11.41,7.27
"2023-09-04 23:00:00",3.96,85.12,10.31,7.2
"2023-09-05 00:00:00",3.25,84.79,11.27,8.07
"2023-09-05 01:00:00",3.36,85.54,13.12,9.72
"2023-09-05 02:00:00",3.63,88.41,14.11,10.25
"2023-09-05 03:00:00",2.6,89.09,14.23,10.43
"2023-09-05 04:00:00",4.61,84.99,15.57,11.42
"2023-09-05 05:00:00",4.01,83.02,16.91,12.47
"2023-09-05 06:00:00",12.99,70.49,16.78,13.06
"2023-09-05 07:00:00",15.65,69.13,17.35,12.43
"2023-09-05 08:00:00",12.25,77.39,15.1,10.42
"2023-09-05 09:00:00",12.38,75.09,15.43,8.89
"2023-09-05 10:00:00",7.41,77.49,13.19,7.16
"2023-09-05 11:00:00",6.1,86.64,13.55,5.87
"2023-09-05 12:00:00",5.23,91.85,10.56,4.69
"2023-09-05 13:00:00",4.42,103.94,10.73,5.4
"2023-09-05 14:00:00",6.04,113.44,12.16,6.6
"2023-09-05 15:00:00",5.12,119.72,12.66,7.07
"2023-09-05 16:00:00",5.62,122.22,13.55,7.36
"2023-09-05 17:00:00",4.87,119.55,12.97,7.16
"2023-09-05 18:00:00",4.89,120.96,14.5,8.59
"2023-09-05 19:00:00",6.44,112,15.56,9.47
"2023-09-05 20:00:00",8.53,98.27,17.05,10.33
"2023-09-05 21:00:00",7.44,92.61,17.48,10.87
"2023-09-05 22:00:00",9.1,88.28,19.35,12.56
"2023-09-05 23:00:00",7.81,72.56,17.59,12.67
"2023-09-06 00:00:00",6,70.16,18.56,13.14
"2023-09-06 01:00:00",4.92,73.29,19.87,13.91
"2023-09-06 02:00:00",4.53,73.39,20.11,15.3
"2023-09-06 03:00:00",3.98,65.68,20.59,15.33
"2023-09-06 04:00:00",2.51,75.41,33.96,21.52
"2023-09-06 05:00:00",2.32,79.09,20.64,15.74
"2023-09-06 06:00:00",3.99,78.57,8.82,7.75
"2023-09-06 07:00:00",8.63,59.31,9.06,7.79
"2023-09-06 08:00:00",14.89,49.28,10.8,7.31
"2023-09-06 09:00:00",17.58,40.92,14.36,8.59
"2023-09-06 10:00:00",8.68,56.2,14.34,7.95
"2023-09-06 11:00:00",3.78,71.79,15.06,7.81
"2023-09-06 12:00:00",2.04,79.45,13.1,6.89
"2023-09-06 13:00:00",1.59,80.43,12.83,6.66
"2023-09-06 14:00:00",1.26,81.17,10.95,5.63
"2023-09-06 15:00:00",1.45,82.65,11.46,5.33
"2023-09-06 16:00:00",1.98,82.51,10.06,4.77
"2023-09-06 17:00:00",2.42,82.53,8.53,4.04
"2023-09-06 18:00:00",4.37,83.06,12.76,4.66
"2023-09-06 19:00:00",7.86,77.04,8.42,4.67
"2023-09-06 20:00:00",8.08,75.61,16.17,8.11
"2023-09-06 21:00:00",11.29,64.9,17.84,8.45
"2023-09-06 22:00:00",14.76,53.13,18.94,9.6
"2023-09-06 23:00:00",12.19,50.26,18.01,8.92
"2023-09-07 00:00:00",6.41,61.59,16.54,8.31
"2023-09-07 01:00:00",4.5,63.25,15.19,7.68
"2023-09-07 02:00:00",3.83,64,12.71,6.82
"2023-09-07 03:00:00",2.87,64.74,12.05,6.6
"2023-09-07 04:00:00",4.64,59.85,11.68,6.2
"2023-09-07 05:00:00",11.61,51.05,15.26,7.47
"2023-09-07 06:00:00",17.06,33.65,17.71,8.28
"2023-09-07 07:00:00",24.45,22.32,20.42,9.15
"2023-09-07 08:00:00",29.8,26.35,28.65,11.38
"2023-09-07 09:00:00",13.17,55.14,34.26,12.82
"2023-09-07 10:00:00",9.26,61.41,38.27,15.36
"2023-09-07 11:00:00",6.8,69.94,36.77,15.59
"2023-09-07 12:00:00",5.66,90.89,43.65,17.08
"2023-09-07 13:00:00",6.17,97.11,48.44,17.72
"2023-09-07 14:00:00",6.08,100.03,54.68,19.06
"2023-09-07 15:00:00",5,105.78,54.95,19.23
"2023-09-07 16:00:00",5.39,106.94,54.63,18.49
"2023-09-07 17:00:00",5.01,108.79,54.07,18.79
"2023-09-07 18:00:00",8.09,118.18,49.25,21.12
"2023-09-07 19:00:00",7.65,124,45.11,22.52
"2023-09-07 20:00:00",12.84,108.91,41.7,20.97
"2023-09-07 21:00:00",24.91,68.73,36.09,20.34
"2023-09-07 22:00:00",21.49,63.55,37.05,21.95
"2023-09-07 23:00:00",13.03,62.98,39.96,25.44
"2023-09-08 00:00:00",11.1,54.31,37.76,24.32
"2023-09-08 01:00:00",12.77,33.76,37.48,25.37
"2023-09-08 02:00:00",8.25,32.23,34.67,24.79
"2023-09-08 03:00:00",8.53,27.76,32.53,23.34
"2023-09-08 04:00:00",6.57,26.01,31.38,22.16
"2023-09-08 05:00:00",8.38,14.74,29.09,20.5
"2023-09-08 06:00:00",11.7,8.82,27.86,20.44
"2023-09-08 07:00:00",13.31,6.79,27.87,18.95
"2023-09-08 08:00:00",18.19,9.12,42.61,22.29
"2023-09-08 09:00:00",15.2,44.91,46.54,24.81
"2023-09-08 10:00:00",8.02,71.51,40.32,23.3
"2023-09-08 11:00:00",5.27,86.55,46.06,23.66
"2023-09-08 12:00:00",4.5,93.01,45.91,19.95
"2023-09-08 13:00:00",3.92,95.65,35.15,14.89
"2023-09-08 14:00:00",4.3,93.25,28.33,12.4
"2023-09-08 15:00:00",3.98,90.28,25.51,11.64
"2023-09-08 16:00:00",3.25,84.9,25.5,10.19
"2023-09-08 17:00:00",2.51,85.06,25.17,10.34
"2023-09-08 18:00:00",4.43,84.01,22.95,9.09
"2023-09-08 19:00:00",5.93,68.56,13.55,6.29
"2023-09-08 20:00:00",5.54,55.71,10.55,6.27
"2023-09-08 21:00:00",4.14,53.7,6.78,4.65
"2023-09-08 22:00:00",3.36,50.21,6.67,4.59
"2023-09-08 23:00:00",6.2,41.14,5.88,4.63
"2023-09-09 00:00:00",2.29,44.32,3.38,2.54
"2023-09-09 01:00:00",1.82,39.59,3.71,2.39
"2023-09-09 02:00:00",2.27,33.28,3.26,2.21
"2023-09-09 03:00:00",3.39,26.08,4.72,2.73
"2023-09-09 04:00:00",3.26,20.67,5.33,3.19
"2023-09-09 05:00:00",3.51,17.8,5.93,4.24
"2023-09-09 06:00:00",5.35,16.03,7.58,5.57
"2023-09-09 07:00:00",8.4,9.63,7.99,5.35
"2023-09-09 08:00:00",9.32,9.65,11.2,5.86
"2023-09-09 09:00:00",9.99,12.81,13.98,6.74
"2023-09-09 10:00:00",7.54,39.38,10.48,6.54
"2023-09-09 11:00:00",3.77,59.19,10.13,5.84
"2023-09-09 12:00:00",3.87,59.25,8.58,5.01
"2023-09-09 13:00:00",4.14,63.02,8.76,5.43
"2023-09-09 14:00:00",2.43,68.88,11.22,7.26
"2023-09-09 15:00:00",2.28,73.76,10.37,6.42
"2023-09-09 16:00:00",1.67,70.4,10.04,5.99
"2023-09-09 17:00:00",1.7,61.57,8.56,5.41
"2023-09-09 18:00:00",2.24,60.83,8.86,5.51
"2023-09-09 19:00:00",3.44,57.95,7.88,4.94
"2023-09-09 20:00:00",7.72,45.42,11.12,6.73
"2023-09-09 21:00:00",13.03,35.45,8.81,5.55
"2023-09-09 22:00:00",19.43,24.79,8.37,5.68
"2023-09-09 23:00:00",21.52,11.1,10.7,6.86
"2023-09-10 00:00:00",15.25,11.33,10.18,6.83
"2023-09-10 01:00:00",15.36,9.4,13.14,9.22
"2023-09-10 02:00:00",6.78,17.51,12.77,9.41
"2023-09-10 03:00:00",4.1,19.45,9.41,6.24
"2023-09-10 04:00:00",4.41,17.48,11.14,7.51
"2023-09-10 05:00:00",3.15,19.77,8.32,5.64
"2023-09-10 06:00:00",4.21,19.84,7.99,6.02
"2023-09-10 07:00:00",7.57,16.3,8.26,6.57
"2023-09-10 08:00:00",5.48,21.4,8.65,6.69
"2023-09-10 09:00:00",3.78,25.81,9.44,6.34
"2023-09-10 10:00:00",5.92,41.75,10.87,7.39
"2023-09-10 11:00:00",3.74,52.03,13.15,8.63
"2023-09-10 12:00:00",4.98,55.44,22.42,13.63
"2023-09-10 13:00:00",5.54,68.45,17.58,11.05
"2023-09-10 14:00:00",4.41,81.91,20.12,11.42
"2023-09-10 15:00:00",2.59,94.51,13.61,8.64
"2023-09-10 16:00:00",2.37,99.44,9.8,6.74
"2023-09-10 17:00:00",3.51,96.32,12.92,8.28
"2023-09-10 18:00:00",3.25,96.85,13.89,9.19
"2023-09-10 19:00:00",2.74,91.27,14,9.41
"2023-09-10 20:00:00",3.07,82.46,19.22,13.72
"2023-09-10 21:00:00",2.47,84.58,30.81,18.43
"2023-09-10 22:00:00",1.9,78.66,29.17,17.24
"2023-09-10 23:00:00",1.74,82.87,27.84,16.49
"2023-09-11 00:00:00",1.07,77.23,25,16.47
"2023-09-11 01:00:00",1.68,66.08,18.36,13.75
"2023-09-11 02:00:00",1.78,45,12.18,8.25
"2023-09-11 03:00:00",1.44,45.35,6.57,3.83
"2023-09-11 04:00:00",1.54,43.8,6.43,3.85
"2023-09-11 05:00:00",2.11,43.35,5.78,3.12
"2023-09-11 06:00:00",3.03,42.98,4.43,2.42
"2023-09-11 07:00:00",6.58,38.49,4.24,2.43
"2023-09-11 08:00:00",9.81,34.5,5.44,2.59
"2023-09-11 09:00:00",11.32,32.9,5.56,2.66
"2023-09-11 10:00:00",4.53,44.68,4.13,2.37
"2023-09-11 11:00:00",3.81,43.66,4.53,2.38
"2023-09-11 12:00:00",4.35,42.01,4.92,2.27
"2023-09-11 13:00:00",3.83,47.33,4.67,1.85
"2023-09-11 14:00:00",3,54.19,4.13,1.83
"2023-09-11 15:00:00",2.4,54.13,4.19,2.67
"2023-09-11 16:00:00",4.57,52.29,7.06,4.37
"2023-09-11 17:00:00",4.17,52.25,9.77,6.81
"2023-09-11 18:00:00",3.47,48.28,9.74,6.23
"2023-09-11 19:00:00",2.56,49.53,8.31,3.75
"2023-09-11 20:00:00",5.12,43.2,4.94,1.63
"2023-09-11 21:00:00",8.55,38.6,5.3,1.68
"2023-09-11 22:00:00",5.5,33.29,7.34,2.41
"2023-09-11 23:00:00",1.44,36.19,3.91,1.56
"2023-09-12 00:00:00",1.08,35.7,4.1,1.1
"2023-09-12 01:00:00",1.07,41.7,3.8,1.29
"2023-09-12 02:00:00",1.02,44.36,3.41,1.3
"2023-09-12 03:00:00",0.73,42.91,2.52,1.16
"2023-09-12 04:00:00",0.42,47.88,2.48,0.94
"2023-09-12 05:00:00",0.71,49.86,2.16,0.93
"2023-09-12 06:00:00",1.49,47.91,2.8,1.37
"2023-09-12 07:00:00",5.82,42.12,7.71,2.69
"2023-09-12 08:00:00",8.86,36.26,9.18,3.14
"2023-09-12 09:00:00",7.69,43.68,9.64,3.16
"2023-09-12 10:00:00",4.49,48.1,7.89,2.91
"2023-09-12 11:00:00",3.41,52.68,7.64,3.04
"2023-09-12 12:00:00",3.6,55.73,7.94,3.19
"2023-09-12 13:00:00",3.94,55,6.23,2.99
"2023-09-12 14:00:00",4.35,53.91,6.43,3.13
"2023-09-12 15:00:00",4.26,54.19,6.31,3.09
"2023-09-12 16:00:00",5.89,54.19,6.79,3.07
"2023-09-12 17:00:00",6.11,53.28,5.36,2.79
"2023-09-12 18:00:00",5.45,53.64,5.02,2.7
"2023-09-12 19:00:00",6.99,51.45,3.86,2.43
"2023-09-12 20:00:00",11.86,38.96,5.72,2.83
"2023-09-12 21:00:00",10.96,32.1,6.08,2.87
"2023-09-12 22:00:00",7.69,30.97,6.14,2.99
"2023-09-12 23:00:00",6.5,31.34,5.18,3.14
"2023-09-13 00:00:00",4.95,28.83,5.65,3.28
"2023-09-13 01:00:00",4.42,28.3,6.06,3.35
"2023-09-13 02:00:00",4.07,34.2,6.42,3.84
"2023-09-13 03:00:00",2.77,35.51,5.62,3.66
"2023-09-13 04:00:00",2.95,31.54,5.53,3.6
"2023-09-13 05:00:00",4.83,26.13,5.69,3.74
"2023-09-13 06:00:00",10.13,17.07,6.87,4
"2023-09-13 07:00:00",15.18,13.92,7.45,4.7
"2023-09-13 08:00:00",16.25,16.44,13.53,6.79
"2023-09-13 09:00:00",17.82,20.08,16.71,6.72
"2023-09-13 10:00:00",17.96,26.8,13.27,6.31
"2023-09-13 11:00:00",3.17,58.73,7.77,4.15
"2023-09-13 12:00:00",2.13,64.89,7.34,4.2
"2023-09-13 13:00:00",2.22,72.53,8.27,4.42
"2023-09-13 14:00:00",2.73,76.27,9.49,4.46
"2023-09-13 15:00:00",2.24,73.09,8.71,4.19
"2023-09-13 16:00:00",2.61,67.04,9.13,3.98
"2023-09-13 17:00:00",3.34,63.62,7.47,3.98
"2023-09-13 18:00:00",2.4,63.05,9.4,4.77
"2023-09-13 19:00:00",1.69,67.65,10.05,5.33
"2023-09-13 20:00:00",0.89,69.51,12.06,6.03
"2023-09-13 21:00:00",0.78,70.66,12.26,6.93
"2023-09-13 22:00:00",0.63,66.73,12.76,7.14
"2023-09-13 23:00:00",0.62,65.67,10.99,6.06
"2023-09-14 00:00:00",1.24,61.37,1.7,0.85
"2023-09-14 01:00:00",1.31,55.71,1.75,0.88
"2023-09-14 02:00:00",1.99,43.95,3.01,1.03
"2023-09-14 03:00:00",3.06,37.97,3.07,1.17
"2023-09-14 04:00:00",2.79,31.01,4.65,1.86
"2023-09-14 05:00:00",6.35,18.56,3.83,1.76
"2023-09-14 06:00:00",13.53,11.99,3.23,1.63
"2023-09-14 07:00:00",15.71,8.47,5,2.6
"2023-09-14 08:00:00",24.62,11.51,10.11,5.54
"2023-09-14 09:00:00",17.67,30.05,10.82,4.71
"2023-09-14 10:00:00",7.82,41.41,9.48,3.98
"2023-09-14 11:00:00",6.51,46.82,10.08,4.12
"2023-09-14 12:00:00",5.75,53.34,7.6,3.52
"2023-09-14 13:00:00",4.1,57.7,6.89,3.31
"2023-09-14 14:00:00",3.05,61.3,10.16,4.14
"2023-09-14 15:00:00",3.44,62.3,9.29,4.15
"2023-09-14 16:00:00",3.34,65.14,5.96,3.39
"2023-09-14 17:00:00",3.8,63.46,4.18,2.88
"2023-09-14 18:00:00",8.11,55.48,5.28,3.63
"2023-09-14 19:00:00",10.95,54.28,6.46,4.8
"2023-09-14 20:00:00",13.63,47.09,6.34,4.54
"2023-09-14 21:00:00",5.57,47.86,5.92,3.81
"2023-09-14 22:00:00",4.1,46.35,6.12,3.44
"2023-09-14 23:00:00",2.45,49.86,4.44,2.52
"2023-09-15 00:00:00",1.74,52.08,2.35,1.49
"2023-09-15 01:00:00",0.72,62.27,2.6,1.66
"2023-09-15 02:00:00",0.45,56.97,3.44,1.65
"2023-09-15 03:00:00",0.71,54.39,3.11,1.21
"2023-09-15 04:00:00",0.66,52.21,3.21,1.08
"2023-09-15 05:00:00",1.55,47.71,2.7,1.01
"2023-09-15 06:00:00",4.93,44.88,2.49,1.03
"2023-09-15 07:00:00",8.28,47.81,2.79,1.33
"2023-09-15 08:00:00",13.05,43.97,2.33,1.09
"2023-09-15 09:00:00",12.98,40.06,2.45,1.13
"2023-09-15 10:00:00",9.34,41.93,1.92,0.88
"2023-09-15 11:00:00",8.16,56.21,1.41,0.72
"2023-09-15 12:00:00",9.24,50.75,1.89,1.23
"2023-09-15 13:00:00",11.86,43.49,2.18,1.34
"2023-09-15 14:00:00",10.9,50.69,1.72,0.93
"2023-09-15 15:00:00",12.89,50.54,3.18,1.82
"2023-09-15 16:00:00",13.41,50.06,2.55,1.65
"2023-09-15 17:00:00",8.15,58.25,2.73,2.1
"2023-09-15 18:00:00",5.04,69.69,3.53,3.05
"2023-09-15 19:00:00",5.26,66.31,4.79,3.67
"2023-09-15 20:00:00",5.25,63.14,4.11,2.73
"2023-09-15 21:00:00",3.83,66.29,4.85,3.58
"2023-09-15 22:00:00",3.08,58.9,3.63,2.59
"2023-09-15 23:00:00",2.39,59.22,3.6,2.7
"2023-09-16 00:00:00",1.91,57.39,3.4,2.36
"2023-09-16 01:00:00",1.83,58.44,2.74,2.01
"2023-09-16 02:00:00",0.86,63.2,3.07,2.14
"2023-09-16 03:00:00",0.89,59.9,3.39,2.29
"2023-09-16 04:00:00",0.75,60.94,3.29,2.34
"2023-09-16 05:00:00",0.59,62.91,3.39,2.04
"2023-09-16 06:00:00",0.97,62.58,3.49,2.27
"2023-09-16 07:00:00",1.33,60.5,4.07,2.27
"2023-09-16 08:00:00",1.99,56.41,3.92,2.38
"2023-09-16 09:00:00",3.03,53.6,4.91,2.37
"2023-09-16 10:00:00",3.41,52.37,5.26,2.14
"2023-09-16 11:00:00",3.61,51.67,4.28,1.89
"2023-09-16 12:00:00",4.35,49.41,5.92,2.25
"2023-09-16 13:00:00",4.04,49.2,3.7,1.92
"2023-09-16 14:00:00",4.13,50.26,5.11,2.73
"2023-09-16 15:00:00",4.24,48.69,7.9,2.97
"2023-09-16 16:00:00",4.22,48.07,7.49,3.39
"2023-09-16 17:00:00",4.98,45.5,7.3,4.6
"2023-09-16 18:00:00",6.44,41.22,5.82,3.98
"2023-09-16 19:00:00",8.36,36.05,10.46,4.08
"2023-09-16 20:00:00",7.39,39.05,12.01,9
"2023-09-16 21:00:00",7.01,38.14,9.42,5.69
"2023-09-16 22:00:00",4.89,40.48,12.76,8.96
"2023-09-16 23:00:00",4.8,39.27,11.71,7.96
"2023-09-17 00:00:00",3.49,45.16,8.65,6
"2023-09-17 01:00:00",2.76,66.21,5.57,4.34
"2023-09-17 02:00:00",3.59,67.61,7.14,5.67
"2023-09-17 03:00:00",3.39,62.88,7.07,5.71
"2023-09-17 04:00:00",2.77,63.47,5.04,4.05
"2023-09-17 05:00:00",1.49,62.5,6.37,4.62
"2023-09-17 06:00:00",2.32,56.59,8,6.13
"2023-09-17 07:00:00",3.29,59.08,11.06,8.06
"2023-09-17 08:00:00",3.08,66.12,13.75,10.42
"2023-09-17 09:00:00",4.16,66.56,12.84,8.47
"2023-09-17 10:00:00",5.78,65.11,12.99,8.8
"2023-09-17 11:00:00",5.95,73.12,12.34,9.22
"2023-09-17 12:00:00",5.49,73.79,10.78,9.23
"2023-09-17 13:00:00",5.97,69.51,11.23,10.1
"2023-09-17 14:00:00",7.91,68.04,11.8,10.7
"2023-09-17 15:00:00",5.62,68.66,9.64,8.55
"2023-09-17 16:00:00",7.18,68.82,9.37,8.59
"2023-09-17 17:00:00",9.93,62.09,10.25,8.9
"2023-09-17 18:00:00",10.03,53.99,12.23,9.8
"2023-09-17 19:00:00",12.64,43.47,11.26,8.72
"2023-09-17 20:00:00",8.25,42.4,4.8,3.14
"2023-09-17 21:00:00",4.91,43.12,6.05,3.85
"2023-09-17 22:00:00",2.79,48.65,6.61,4.18
"2023-09-17 23:00:00",3,50.72,5.71,3.16
"2023-09-18 00:00:00",1.45,44.92,6.13,3.43
"2023-09-18 01:00:00",1.23,45.3,9.54,6.26
"2023-09-18 02:00:00",1.53,47.88,10.87,8.15
"2023-09-18 03:00:00",0.95,49.53,6.22,3.68
"2023-09-18 04:00:00",0.73,57.77,6.17,2.8
"2023-09-18 05:00:00",1.36,58.33,5.96,2.86
"2023-09-18 06:00:00",2.82,54.51,6.56,3
"2023-09-18 07:00:00",6.03,48.26,4.23,1.77
"2023-09-18 08:00:00",5.61,44.51,7.14,3.1
"2023-09-18 09:00:00",7.35,37.08,11.08,4.62
"2023-09-18 10:00:00",7,45.05,12.55,5.3
"2023-09-18 11:00:00",6.07,46.31,9.84,4.47
"2023-09-18 12:00:00",5.97,47.27,10.46,4.71
"2023-09-18 13:00:00",4.93,51.11,8.58,3.79
"2023-09-18 14:00:00",9.05,47.15,5.06,2.22
"2023-09-18 15:00:00",6.2,51.52,7.16,3.04
"2023-09-18 16:00:00",4.76,50.47,6.65,3.21
"2023-09-18 17:00:00",7.53,52.22,8.45,4.01
"2023-09-18 18:00:00",6.37,56.35,11,5.51
"2023-09-18 19:00:00",4.64,50.38,9.66,5.57
"2023-09-18 20:00:00",5.7,49.3,11.45,6.44
"2023-09-18 21:00:00",2.52,53.09,10.25,5.52
"2023-09-18 22:00:00",2.52,51.18,10.32,5.22
"2023-09-18 23:00:00",1.96,50.63,10.85,5.44
"2023-09-19 00:00:00",1.65,50.86,14.44,6.45
"2023-09-19 01:00:00",0.58,55.55,13.6,6.41
"2023-09-19 02:00:00",1.15,63.62,9.47,5.35
"2023-09-19 03:00:00",0.17,70.48,13.43,7.93
"2023-09-19 04:00:00",-0.07,73.99,17.84,10.81
"2023-09-19 05:00:00",-0.03,68.44,12.53,8.42
"2023-09-19 06:00:00",0.36,60.6,8.34,5.17
"2023-09-19 07:00:00",2.38,48.22,5.21,2.99
"2023-09-19 08:00:00",5.64,39.82,4.97,2.51
"2023-09-19 09:00:00",5.12,36.58,5.3,2.38
"2023-09-19 10:00:00",4.71,36.43,5.1,2.34
"2023-09-19 11:00:00",3.17,39.34,8.67,4.89
"2023-09-19 12:00:00",3.58,43.8,8.32,4.62
"2023-09-19 13:00:00",3.64,46.04,12.05,6.54
"2023-09-19 14:00:00",2.01,51.75,19.87,11.45
"2023-09-19 15:00:00",2.1,53.37,20.69,12.3
"2023-09-19 16:00:00",2.74,53.32,18.77,12.13
"2023-09-19 17:00:00",3,55.48,23.21,13.79
"2023-09-19 18:00:00",1.27,57.21,24.5,14.22
"2023-09-19 19:00:00",0.77,57.52,16.86,10.1
"2023-09-19 20:00:00",0.55,57.75,17.56,10.41
"2023-09-19 21:00:00",0.16,61.75,18.04,10.4
"2023-09-19 22:00:00",-0.05,49.61,22.32,13.17
"2023-09-19 23:00:00",-0.23,55.97,13.91,9.03
"2023-09-20 00:00:00",-0.23,53.33,11.37,8.15
"2023-09-20 01:00:00",-0.4,54.1,10.49,7.21
"2023-09-20 02:00:00",-0.47,60.17,8.98,5.82
"2023-09-20 03:00:00",-0.41,54.58,6.23,3.97
"2023-09-20 04:00:00",-0.4,50.75,15.02,8.71
"2023-09-20 05:00:00",0.11,46.64,15.86,9.28
"2023-09-20 06:00:00",1.46,38.95,13.81,6.77
"2023-09-20 07:00:00",6.11,38.96,14.08,6.1
"2023-09-20 08:00:00",11.09,34.61,10.75,4.96
"2023-09-20 09:00:00",8.21,34.97,9.9,4.54
"2023-09-20 10:00:00",7.15,41.23,9.11,4.01
"2023-09-20 11:00:00",6.39,47.67,7.03,2.95
"2023-09-20 12:00:00",5.17,52.98,5.88,2.43
"2023-09-20 13:00:00",5.81,54.19,7.6,2.67
"2023-09-20 14:00:00",8.43,55.41,6.43,2.62
"2023-09-20 15:00:00",4.69,56.88,8.07,3.72
"2023-09-20 16:00:00",6.74,52.84,9.98,3.83
"2023-09-20 17:00:00",8.42,52.02,4.7,1.96
"2023-09-20 18:00:00",8.31,50.21,7.14,2.65
"2023-09-20 19:00:00",10.85,44.83,5.07,2.15
"2023-09-20 20:00:00",11.85,41.25,5.9,2.41
"2023-09-20 21:00:00",14.95,36.53,5.96,2.31
"2023-09-20 22:00:00",23.49,26.11,5.36,2.19
"2023-09-20 23:00:00",8.82,38.7,5.49,2.37
"2023-09-21 00:00:00",16.12,14.77,9.38,5.09
"2023-09-21 01:00:00",10.51,20.64,8.33,4.65
"2023-09-21 02:00:00",3.83,43.2,6.62,3.23
"2023-09-21 03:00:00",5.05,28.6,5.24,2.58
"2023-09-21 04:00:00",4.81,23.25,4.93,2.63
"2023-09-21 05:00:00",8.21,16.27,4.4,2.24
"2023-09-21 06:00:00",14.63,11.09,3.95,2.1
"2023-09-21 07:00:00",18.61,10.04,3.88,2.16
"2023-09-21 08:00:00",21.16,14.17,8.32,3.26
"2023-09-21 09:00:00",11.87,33.31,10.08,3.67
"2023-09-21 10:00:00",4.56,44.75,6,2.15
"2023-09-21 11:00:00",9.19,45.19,5.54,2.38
"2023-09-21 12:00:00",5.46,50.3,4.69,1.88
"2023-09-21 13:00:00",4.96,52.51,4.26,1.68
"2023-09-21 14:00:00",5.3,54.33,3.48,1.63
"2023-09-21 15:00:00",6.43,55.73,4.56,1.71
"2023-09-21 16:00:00",5.68,55.75,4.14,1.77
"2023-09-21 17:00:00",8.81,51.37,4.35,1.87
"2023-09-21 18:00:00",6.16,53.73,4.17,1.73
"2023-09-21 19:00:00",7,51.74,7.57,5.47
"2023-09-21 20:00:00",10.46,43.03,21.3,17.97
"2023-09-21 21:00:00",11.27,38.3,5.61,3.19
"2023-09-21 22:00:00",11.85,38.17,6.67,3.01
"2023-09-21 23:00:00",9.29,36.8,5.64,2.83
"2023-09-22 00:00:00",11.07,27.39,6.73,3.17
"2023-09-22 01:00:00",6.7,31.97,6.6,3.66
"2023-09-22 02:00:00",1.97,47.24,6.57,3.77
"2023-09-22 03:00:00",1.86,47.64,7.73,3.96
"2023-09-22 04:00:00",1.6,49.91,7.19,3.78
"2023-09-22 05:00:00",1.01,54.4,7.25,3.63
"2023-09-22 06:00:00",2.61,51.12,7.8,3.85
"2023-09-22 07:00:00",6.25,47.64,10.19,4.42
"2023-09-22 08:00:00",7.53,42.12,8.94,4.13
"2023-09-22 09:00:00",5.21,47.27,8.98,4.27
"2023-09-22 10:00:00",3.5,51.06,9.88,4.48
"2023-09-22 11:00:00",3.41,57.36,23.21,6.54
"2023-09-22 12:00:00",2.84,60.62,9.93,4.24
"2023-09-22 13:00:00",5.29,60.33,24.67,6.48
"2023-09-22 14:00:00",4.21,62.36,10,5.05
"2023-09-22 15:00:00",5.48,62.64,12.87,5.26
"2023-09-22 16:00:00",3.76,65.89,6.91,3.36
"2023-09-22 17:00:00",4.47,63.43,10.29,4.49
"2023-09-22 18:00:00",3.81,63.11,6.97,3.28
"2023-09-22 19:00:00",8.34,53.91,7.25,3.46
"2023-09-22 20:00:00",24.82,29.38,7.32,3.77
"2023-09-22 21:00:00",19.33,32.13,8.5,4.66
"2023-09-22 22:00:00",19.21,28.66,8.96,5.2
"2023-09-22 23:00:00",13.16,33.28,8.49,5.32
"2023-09-23 00:00:00",7.56,37.79,9.16,5.17
"2023-09-23 01:00:00",7.44,33.61,9.25,5.66
"2023-09-23 02:00:00",5.18,41.3,9.95,6.23
"2023-09-23 03:00:00",9.06,35.01,8.92,5.71
"2023-09-23 04:00:00",8.89,31.07,7.37,4.71
"2023-09-23 05:00:00",3.57,27.5,7.5,4.7
"2023-09-23 06:00:00",9.31,14.49,7.68,4.69
"2023-09-23 07:00:00",11.49,10.99,8.44,4.85
"2023-09-23 08:00:00",13.39,11.91,11.85,6.36
"2023-09-23 09:00:00",16.6,16,14.45,6.58
"2023-09-23 10:00:00",11.03,35.17,11.73,5.53
"2023-09-23 11:00:00",2.98,67,8.35,4.43
"2023-09-23 12:00:00",2.14,73.11,9.02,4.8
"2023-09-23 13:00:00",1.81,76.95,10.97,5.76
"2023-09-23 14:00:00",1.88,78.01,12.76,6.94
"2023-09-23 15:00:00",1.87,79.53,13.39,7.61
"2023-09-23 16:00:00",1.55,79.23,12.77,7.85
"2023-09-23 17:00:00",1.44,78.73,14.16,9.66
"2023-09-23 18:00:00",1.27,81.82,9.55,7.43
"2023-09-23 19:00:00",1.06,78.65,5.92,4.63
"2023-09-23 20:00:00",0.62,72.77,6.04,4.25
"2023-09-23 21:00:00",0.28,70.88,4.43,3.21
"2023-09-23 22:00:00",0.26,68.4,14.84,8.82
"2023-09-23 23:00:00",0.14,68.53,21.61,12.43
"2023-09-24 00:00:00",0.16,65.88,27.32,14.48
"2023-09-24 01:00:00",0.2,65.73,29.05,15.49
"2023-09-24 02:00:00",-0.07,66.48,26.46,14.53
"2023-09-24 03:00:00",0.04,69.08,22.2,12.67
"2023-09-24 04:00:00",-0.17,68.3,23.68,12.78
"2023-09-24 05:00:00",-0.27,69.48,18.44,10.86
"2023-09-24 06:00:00",-0.16,70.47,11.52,7.25
"2023-09-24 07:00:00",0.21,66.75,6.16,4.23
"2023-09-24 08:00:00",0.33,66.91,2.25,1.5
"2023-09-24 09:00:00",0.3,66.1,2.74,1.52
"2023-09-24 10:00:00",0.75,68.7,6.95,4.17
"2023-09-24 11:00:00",0.19,69.6,5.99,3.88
"2023-09-24 12:00:00",0.09,72.24,9.95,6.64
"2023-09-24 13:00:00",0.7,70.9,25.12,14.01
"2023-09-24 14:00:00",0.85,71.17,19.66,11.44
"2023-09-24 15:00:00",0.42,73.3,14.8,10.58
"2023-09-24 16:00:00",0.47,75.32,8.55,6.32
"2023-09-24 17:00:00",0.47,71.29,9.76,6.92
"2023-09-24 18:00:00",0.56,71.28,13.3,7.47
"2023-09-24 19:00:00",0.8,75.59,15.6,8.73
"2023-09-24 20:00:00",1.14,76.65,18.57,10.43
"2023-09-24 21:00:00",0.86,84.15,21.6,11.79
"2023-09-24 22:00:00",0.3,85.99,21.6,11.75
"2023-09-24 23:00:00",0.02,82.09,25.55,13.71
"2023-09-25 00:00:00",-0.19,77.56,27.03,14.11
"2023-09-25 01:00:00",-0.19,75,28.94,14.69
"2023-09-25 02:00:00",0.89,71.11,32.6,15.61
"2023-09-25 03:00:00",-0.1,73.99,31.43,15.45
"2023-09-25 04:00:00",-0.14,75.39,30.46,14.7
"2023-09-25 05:00:00",0.01,74.78,29.88,14.82
"2023-09-25 06:00:00",1.32,72.47,29.96,15.12
"2023-09-25 07:00:00",3.03,70.4,32.71,16.26
"2023-09-25 08:00:00",6.49,65.57,29.12,14.77
"2023-09-25 09:00:00",7.98,62.41,29.7,14.72
"2023-09-25 10:00:00",2.07,70.06,26.43,12.72
"2023-09-25 11:00:00",3.43,69.6,24.11,11.13
"2023-09-25 12:00:00",1.72,72.2,27.21,13.29
"2023-09-25 13:00:00",2.1,72.23,26.41,13.6
"2023-09-25 14:00:00",2.21,72.54,28.45,14.64
"2023-09-25 15:00:00",1.79,71.97,30.37,16.17
"2023-09-25 16:00:00",1.88,74.63,32.84,17.43
"2023-09-25 17:00:00",2.73,77.26,31.61,17.1
"2023-09-25 18:00:00",1.1,77.11,29.31,16.02
"2023-09-25 19:00:00",2.04,74.87,29.32,16.08
"2023-09-25 20:00:00",1.53,77.68,27.45,15.76
"2023-09-25 21:00:00",1,77,26.13,14.83
"2023-09-25 22:00:00",0.61,77.57,24.81,14.18
"2023-09-25 23:00:00",-0.05,79.67,24.74,13.63
"2023-09-26 00:00:00",-0.05,79.21,23.07,12.7
"2023-09-26 01:00:00",-0.01,80.13,22,12.26
"2023-09-26 02:00:00",0.02,80.46,20.09,11.71
"2023-09-26 03:00:00",0.04,78.86,21.33,11.79
"2023-09-26 04:00:00",-0.01,79.1,21.64,11.89
"2023-09-26 05:00:00",0.02,79.53,17.85,10.99
"2023-09-26 06:00:00",0.12,84.51,16.43,9.73
"2023-09-26 07:00:00",0.9,95.2,11.77,6.35
"2023-09-26 08:00:00",5.66,78.22,11.2,5.66
"2023-09-26 09:00:00",9.99,58.96,7.77,3.89
"2023-09-26 10:00:00",4.69,57.57,12,5.47
"2023-09-26 11:00:00",3.21,63.87,20.6,9.03
"2023-09-26 12:00:00",1.6,65.94,16.52,7.71
"2023-09-26 13:00:00",2.16,66.09,13.63,6.73
"2023-09-26 14:00:00",1.98,66.81,16.92,8.07
"2023-09-26 15:00:00",3.24,66.14,12.05,5.87
"2023-09-26 16:00:00",7.1,58.04,11.42,5.16
"2023-09-26 17:00:00",5.56,57.84,12.59,5.56
"2023-09-26 18:00:00",5.58,56.08,13.49,5.58
"2023-09-26 19:00:00",5.22,54.81,15.01,6.17
"2023-09-26 20:00:00",10.92,47.8,15.99,7.19
"2023-09-26 21:00:00",28.73,19.41,17.2,9.73
"2023-09-26 22:00:00",15.37,32.48,18.19,10.08
"2023-09-26 23:00:00",13.56,23.82,16.55,9
"2023-09-27 00:00:00",8.56,33.35,16.95,8.26
"2023-09-27 01:00:00",1.68,55.95,20.36,8.72
"2023-09-27 02:00:00",0.05,63.38,16.83,7.64
"2023-09-27 03:00:00",-0.11,72.32,17.2,8.67
"2023-09-27 04:00:00",0.17,75.5,15.89,8.87
"2023-09-27 05:00:00",0.39,73.6,13.94,7.9
"2023-09-27 06:00:00",2.17,72.43,13.82,8.42
"2023-09-27 07:00:00",1.78,77.29,12.26,8.51
"2023-09-27 08:00:00",3.33,77.58,10.69,7.62
"2023-09-27 09:00:00",2.78,79.74,8.07,5.79
"2023-09-27 10:00:00",1.93,79.2,10.34,7.31
"2023-09-27 11:00:00",1.53,79.9,15.09,10.44
"2023-09-27 12:00:00",1.24,81.68,17.98,12.08
"2023-09-27 13:00:00",0.93,82.3,25.61,15.09
"2023-09-27 14:00:00",0.75,82.67,28.19,16.35
"2023-09-27 15:00:00",0.61,78.19,27.84,16.5
"2023-09-27 16:00:00",0.5,80.75,24.4,15.66
"2023-09-27 17:00:00",0.93,78.13,31.25,19.27
"2023-09-27 18:00:00",1.01,74.54,31.72,19.06
"2023-09-27 19:00:00",3.04,64.82,14.53,8.69
"2023-09-27 19:01:00",,,,
"2023-09-27 20:01:00",,,,
"2023-09-27 21:00:00",1.79,65.65,6.44,3.29
"2023-09-27 22:00:00",2.79,61.56,7.45,3.2
"2023-09-27 23:00:00",2.54,63.23,9.79,4.82
"2023-09-28 00:00:00",1.24,64.88,10.26,4.93
"2023-09-28 01:00:00",0.32,60.27,14.79,6.2
"2023-09-28 02:00:00",0.31,59.64,11.2,4.81
"2023-09-28 03:00:00",0.61,60.71,18.91,8.46
"2023-09-28 04:00:00",0.71,64.88,21.33,9.07
"2023-09-28 05:00:00",1.52,62.62,24.83,10.27
"2023-09-28 06:00:00",1.19,70.57,26.03,10.91
"2023-09-28 07:00:00",1.31,75.12,24.57,11.06
"2023-09-28 08:00:00",2.51,74.08,25.08,11.41
"2023-09-28 09:00:00",2.33,76.41,23.97,11.77
"2023-09-28 10:00:00",1.47,78.89,23.99,12.48
"2023-09-28 11:00:00",1.27,80.08,24.29,12.61
"2023-09-28 12:00:00",1.86,79.52,23.14,12.8
"2023-09-28 13:00:00",1.47,78.96,20.27,11.37
"2023-09-28 14:00:00",2.16,77.8,18.38,11.3
"2023-09-28 15:00:00",2.25,74.68,24.57,13.57
"2023-09-28 16:00:00",2.54,74.38,16.25,9.25
"2023-09-28 17:00:00",2.38,73.98,21.21,12.49
"2023-09-28 18:00:00",2.1,72.83,25.26,13.82
"2023-09-28 19:00:00",3.85,68.68,13.45,8.65
"2023-09-28 20:00:00",7.17,71.22,10.14,8.18
"2023-09-28 21:00:00",10.93,61.36,16.07,13.82
"2023-09-28 22:00:00",12.13,55.23,19.96,16.9
"2023-09-28 23:00:00",12.05,36.81,21.4,17.88
"2023-09-29 00:00:00",7.84,44.42,16.95,13.58
"2023-09-29 01:00:00",3.99,57.39,11.5,6.53
"2023-09-29 02:00:00",0.48,56.04,12.28,7.04
"2023-09-29 03:00:00",0.45,55.16,13.06,8.08
"2023-09-29 04:00:00",2.78,46.89,13.71,8.37
"2023-09-29 05:00:00",1.73,47.33,14.1,8.56
"2023-09-29 06:00:00",3.21,46.32,12.71,7.17
"2023-09-29 07:00:00",13.73,36.32,11.86,6.12
"2023-09-29 08:00:00",19.55,30.64,11.47,5.83
"2023-09-29 09:00:00",16,34.01,11.65,5.42
"2023-09-29 10:00:00",5.71,43.95,11.19,4.99
"2023-09-29 11:00:00",5.57,46.22,11.4,4.93
"2023-09-29 12:00:00",4.61,49.09,11.42,4.78
"2023-09-29 13:00:00",5.02,52.25,10.32,4.81
"2023-09-29 14:00:00",3.49,54.27,10.73,5.11
"2023-09-29 15:00:00",3.59,59.73,13.75,6.49
"2023-09-29 16:00:00",4.66,59.3,11.85,5.11
"2023-09-29 17:00:00",5.56,59.53,10.91,4.99
"2023-09-29 18:00:00",7.36,55.03,13.33,6.06
"2023-09-29 19:00:00",8.25,49.45,13.41,6.5
"2023-09-29 20:00:00",10.5,41.28,14.3,6.08
"2023-09-29 21:00:00",7.88,37.78,12.74,5.58
"2023-09-29 22:00:00",7.41,36.91,9.31,4.74
"2023-09-29 23:00:00",10.06,30.26,12.34,7.66
"2023-09-30 00:00:00",11.41,19.48,12.19,7.96
"2023-09-30 01:00:00",10.31,16.72,11.16,6.86
"2023-09-30 02:00:00",7.84,16.35,10.97,6.46
"2023-09-30 03:00:00",11.13,12.58,10.7,5.8
"2023-09-30 04:00:00",8.33,11.93,10.05,5.65
"2023-09-30 05:00:00",9.98,10.96,11.74,5.88
"2023-09-30 06:00:00",8.97,14.39,10.9,4.73
"2023-09-30 07:00:00",4.26,50.29,11.01,4.99
"2023-09-30 08:00:00",2.97,60.38,9.34,4.88
"2023-09-30 09:00:00",1.55,69.93,10.21,6.22
"2023-09-30 10:00:00",1.45,72.09,9.41,5.84
"2023-09-30 11:00:00",2.56,70.15,5.69,4.15
"2023-09-30 12:00:00",2.58,73.5,3.82,2.97
"2023-09-30 13:00:00",2.93,72.83,2.81,2.26
"2023-09-30 14:00:00",1.81,76.37,7.46,5.78
"2023-09-30 15:00:00",1.07,65.33,7.51,5.88
"2023-09-30 16:00:00",0.49,59.53,5.52,4.31
"2023-09-30 17:00:00",0.38,53.89,7.93,6.05
"2023-09-30 18:00:00",0.68,48.54,7.56,5.83
"2023-09-30 19:00:00",0.94,46.11,6.44,4.91
"2023-09-30 20:00:00",0.45,48.1,7.34,4.6
"2023-09-30 21:00:00",0.42,47.71,6.36,4.26
"2023-09-30 22:00:00",0.14,47.2,4.57,2.72
"2023-09-30 23:00:00",0.04,44.96,2.77,1.87
"2023-10-01 00:00:00",0.19,43.19,2.33,1.01
"2023-10-01 01:00:00",0.2,43.22,2.64,1.3
"2023-10-01 02:00:00",1.09,46.6,4.98,2.34
"2023-10-01 03:00:00",0.32,47.27,5.26,2.8
"2023-10-01 04:00:00",0.04,46.09,5.52,2.93
"2023-10-01 05:00:00",0.05,49.28,6.78,4.02
"2023-10-01 06:00:00",0.19,45.62,3.65,2.2
"2023-10-01 07:00:00",0.58,50.87,6.83,4.53
"2023-10-01 08:00:00",0.52,51.83,9.97,6.78
"2023-10-01 09:00:00",1.21,43.52,10.45,7.76
"2023-10-01 10:00:00",1.35,34.09,12.88,8.77
"2023-10-01 11:00:00",1.35,35.75,12.58,8.68
"2023-10-01 12:00:00",2,41.04,13.12,8.73
"2023-10-01 13:00:00",1.72,47.76,14.87,10.14
"2023-10-01 14:00:00",1.16,52.04,16.55,10.94
"2023-10-01 15:00:00",1.14,56.99,18.14,11.45
"2023-10-01 16:00:00",1.74,57.2,18.42,11.45
"2023-10-01 17:00:00",4.03,58.96,17.42,10.15
"2023-10-01 18:00:00",5.8,58.52,17.8,9.74
"2023-10-01 19:00:00",5.03,53.36,18.26,8.92
"2023-10-01 20:00:00",4.76,48.72,18.57,9.15
"2023-10-01 21:00:00",6.04,40.3,13.92,7.02
"2023-10-01 22:00:00",7.8,32.78,11.19,6.01
"2023-10-01 23:00:00",4.91,40.65,10.12,5.11
"2023-10-02 00:00:00",2.93,42.43,11,4.87
"2023-10-02 01:00:00",2.77,35.2,11.02,5.04
"2023-10-02 02:00:00",1.71,38.68,10.46,5.21
"2023-10-02 03:00:00",3.49,30.94,10.76,5.24
"2023-10-02 04:00:00",5.42,20.92,10.34,5.09
"2023-10-02 05:00:00",6.96,20.21,9.95,5.18
"2023-10-02 06:00:00",12.18,12.57,9.52,4.85
"2023-10-02 07:00:00",17.81,8.51,11.42,5.68
"2023-10-02 08:00:00",25.53,11.65,12.26,6.39
"2023-10-02 09:00:00",28.67,18.06,12.4,5.92
"2023-10-02 10:00:00",16.41,31.07,13.99,6.88
"2023-10-02 11:00:00",7.31,40.6,14.63,7.18
"2023-10-02 12:00:00",7.54,54.43,9.48,4.99
"2023-10-02 13:00:00",7.96,53.46,7.63,4.18
"2023-10-02 14:00:00",4.65,58.45,6.88,3.96
"2023-10-02 15:00:00",9.08,48.05,6.82,3.77
"2023-10-02 16:00:00",16.34,43.38,8.9,5.94
"2023-10-02 17:00:00",26.97,30.54,9.6,5.07
"2023-10-02 18:00:00",17.93,37.62,11.39,7.54
"2023-10-02 19:00:00",17.64,23.36,17.63,11.99
"2023-10-02 20:00:00",26.17,10.87,15.77,7.12
"2023-10-02 21:00:00",20.12,12.51,15.98,10.35
"2023-10-02 22:00:00",20.75,8.91,13.54,8.9
"2023-10-02 23:00:00",16.47,8.05,19.78,14.68
"2023-10-03 00:00:00",14.55,8.16,21.79,17.59
"2023-10-03 01:00:00",13.16,9.42,17.07,13.4
"2023-10-03 02:00:00",5.52,29.3,9.69,6.68
"2023-10-03 03:00:00",3.57,33.34,7.9,4.8
"2023-10-03 04:00:00",6.54,34.28,8.29,4.27
"2023-10-03 05:00:00",12.6,49.3,5.97,2.92
"2023-10-03 06:00:00",13.96,44.49,5.01,2.35
"2023-10-03 07:00:00",18.93,28.95,5.71,2.86
"2023-10-03 08:00:00",23.79,31.47,9.54,4.17
"2023-10-03 09:00:00",15.19,39.42,10.25,4.19
"2023-10-03 10:00:00",5.71,48.51,7.97,3.81
"2023-10-03 11:00:00",4.64,54.22,7.82,3.86
"2023-10-03 12:00:00",5.76,56.03,7.95,4.08
"2023-10-03 13:00:00",8.34,53.22,8.34,4.51
"2023-10-03 14:00:00",7.59,60.81,8.59,4.77
"2023-10-03 15:00:00",6.93,62.53,9.1,5.38
"2023-10-03 16:00:00",10.76,56.09,9.35,5.11
"2023-10-03 17:00:00",11.29,54.41,8.6,4.51
"2023-10-03 18:00:00",9.36,54.27,6.43,3.2
"2023-10-03 19:00:00",9.31,51.01,4.45,2.32
"2023-10-03 20:00:00",9.45,45.85,6.71,4.49
"2023-10-03 21:00:00",11.12,42.99,5.54,3
"2023-10-03 22:00:00",4.23,49.23,5.97,2.88
"2023-10-03 23:00:00",2.73,51.97,5.6,2.87
"2023-10-04 00:00:00",2.5,49.88,6.87,3.49
"2023-10-04 01:00:00",1.4,53.41,9.49,4.51
"2023-10-04 02:00:00",1.12,52.62,11.06,5.3
"2023-10-04 03:00:00",0.83,53.73,11.08,5.34
"2023-10-04 04:00:00",1.16,56.87,12.58,6.16
"2023-10-04 05:00:00",2.41,56.49,12.56,6.32
"2023-10-04 06:00:00",2.58,55,13.19,6.33
"2023-10-04 07:00:00",7.55,53.81,11.41,5.62
"2023-10-04 08:00:00",11.07,48.93,13.21,6.09
"2023-10-04 09:00:00",10.15,53.25,13.66,5.93
"2023-10-04 10:00:00",5.76,61.95,10.05,4.81
"2023-10-04 11:00:00",6.25,62.39,10.89,4.89
"2023-10-04 12:00:00",5.06,66.91,8.58,3.79
"2023-10-04 13:00:00",4.95,66.96,9.75,4.56
"2023-10-04 14:00:00",2.52,69.25,13.86,6.86
"2023-10-04 15:00:00",3.04,69.35,13.62,6.19
"2023-10-04 16:00:00",5.64,69.41,15.09,7.57
"2023-10-04 17:00:00",7.55,66.81,16.5,8.06
"2023-10-04 18:00:00",5.56,66.33,15.86,7.75
"2023-10-04 19:00:00",5.2,64.9,15.6,7.91
"2023-10-04 20:00:00",4.45,65.96,17.44,8.36
"2023-10-04 21:00:00",3.84,65.81,18.6,8.65
"2023-10-04 22:00:00",1.59,69.53,16.27,8.61
"2023-10-04 23:00:00",1.09,70.97,18.78,8.9
"2023-10-05 00:00:00",0.45,72.26,17.03,8.83
"2023-10-05 01:00:00",0.21,69.08,15.54,8.4
"2023-10-05 02:00:00",0.07,65.89,11.95,6.83
"2023-10-05 03:00:00",0.13,64.99,12.6,6.61
"2023-10-05 04:00:00",-0.02,70.93,13.97,7.53
"2023-10-05 05:00:00",0.29,73.82,12.62,7.18
"2023-10-05 06:00:00",0.89,74.31,12.85,7.04
"2023-10-05 07:00:00",1.42,75.89,12.99,6.9
"2023-10-05 08:00:00",2.03,75.22,11.91,6.76
"2023-10-05 09:00:00",2.23,76.81,11.19,7.26
"2023-10-05 10:00:00",1.69,78.6,11.44,7.4
"2023-10-05 11:00:00",1.3,79.3,10.16,6.75
"2023-10-05 12:00:00",1.56,78.72,9.44,6.29
"2023-10-05 13:00:00",1.48,77.61,12.12,8.13
"2023-10-05 14:00:00",1.54,76.13,18.1,10.6
"2023-10-05 15:00:00",2.97,73.72,19.48,11.39
"2023-10-05 16:00:00",3.93,71.65,20.5,11.81
"2023-10-05 17:00:00",3.93,70.91,18.5,11.44
"2023-10-05 18:00:00",2.49,71.2,13.96,9.08
"2023-10-05 19:00:00",2.09,72.14,11.37,7.7
"2023-10-05 20:00:00",1.95,72.03,13,8.3
"2023-10-05 21:00:00",1.6,70.43,12.76,8.1
"2023-10-05 22:00:00",1.9,68.62,9.46,6.23
"2023-10-05 23:00:00",0.25,70.47,8.3,5.38
"2023-10-06 00:00:00",-0.03,70.54,8,5.48
"2023-10-06 01:00:00",-0.24,69.43,10.85,6.45
"2023-10-06 02:00:00",-0.05,69.04,11.02,6.86
"2023-10-06 03:00:00",0.04,68.26,11.68,7.32
"2023-10-06 04:00:00",0.17,66.48,9.2,6.03
"2023-10-06 05:00:00",-0.01,65.26,4.75,3.03
"2023-10-06 06:00:00",0.46,64.48,3.41,2.38
"2023-10-06 07:00:00",2.44,59.92,3.29,1.97
"2023-10-06 08:00:00",5.96,55.9,3.01,1.68
"2023-10-06 09:00:00",5.42,61.22,5.66,4.38
"2023-10-06 10:00:00",4.84,59.38,9.23,6.71
"2023-10-06 11:00:00",2.78,58.17,6.35,4.53
"2023-10-06 12:00:00",3.15,56.09,6.34,4.97
"2023-10-06 13:00:00",4.02,53.53,8.88,6.22
"2023-10-06 14:00:00",2.69,56.84,14.58,10.37
"2023-10-06 15:00:00",4.94,54.44,17.33,11.32
"2023-10-06 16:00:00",6.41,51.06,12.45,7.6
"2023-10-06 17:00:00",3.63,54.51,11.93,7.15
"2023-10-06 18:00:00",1.52,61.18,12.38,8.58
"2023-10-06 19:00:00",1.51,63.79,12.19,7.8
"2023-10-06 20:00:00",1.57,71.25,11.51,7.73
"2023-10-06 21:00:00",2.23,71.3,13.68,8.35
"2023-10-06 22:00:00",1.19,73.08,13.85,8.6
"2023-10-06 23:00:00",0.56,75.92,12.9,7.91
"2023-10-07 00:00:00",0.05,76.24,14.32,7.91
"2023-10-07 01:00:00",0.07,75.21,13.55,7.24
"2023-10-07 02:00:00",1.01,72.8,15.05,7.79
"2023-10-07 03:00:00",0.2,73.82,15.84,8.87
"2023-10-07 04:00:00",0.21,73.55,18.25,9.82
"2023-10-07 05:00:00",0.12,71.49,18.53,9.85
"2023-10-07 06:00:00",0.39,68.06,17.04,8.82
"2023-10-07 07:00:00",0.27,71.57,19.66,10.67
"2023-10-07 08:00:00",0.69,69.82,19.79,10.12
"2023-10-07 09:00:00",1.41,66.62,17.14,9.2
"2023-10-07 10:00:00",1.01,70.9,16.85,9.14
"2023-10-07 11:00:00",1.38,73.81,16.25,9.32
"2023-10-07 12:00:00",1.88,78.44,14.82,9.78
"2023-10-07 13:00:00",1.41,84.42,15.78,10.62
"2023-10-07 14:00:00",1.38,85.29,15.58,10.77
"2023-10-07 15:00:00",1.04,85.74,19.02,12.72
"2023-10-07 16:00:00",0.64,85.6,18.89,12.93
"2023-10-07 17:00:00",0.97,86.84,18.89,13.55
"2023-10-07 18:00:00",0.87,84.62,19.63,13.53
"2023-10-07 19:00:00",1.38,80.74,19.19,13.91
"2023-10-07 20:00:00",1.83,77.67,18.61,13.73
"2023-10-07 21:00:00",1.81,81.35,16.93,12.74
"2023-10-07 22:00:00",0.97,80.3,9.23,7.55
"2023-10-07 23:00:00",0.87,77.47,8.62,6.72
"2023-10-08 00:00:00",0.69,74.76,7.91,6.38
"2023-10-08 01:00:00",0.78,71.82,6.85,5.67
"2023-10-08 02:00:00",1.18,79.38,7.85,6.11
"2023-10-08 03:00:00",0.9,80.62,5.73,4.49
"2023-10-08 04:00:00",0.38,83.16,4.59,3.23
"2023-10-08 05:00:00",0.19,80.55,3.86,2.77
"2023-10-08 06:00:00",1.14,75.61,3.73,2.87
"2023-10-08 07:00:00",2.03,66.48,5.52,3.83
"2023-10-08 08:00:00",1.21,80.64,5.09,3.64
"2023-10-08 09:00:00",1.44,82.28,3.95,2.86
"2023-10-08 10:00:00",1.46,80.41,3.42,2.42
"2023-10-08 11:00:00",1.55,84.87,3.65,2.71
"2023-10-08 12:00:00",2.42,79.81,6.07,4.2
"2023-10-08 13:00:00",2.97,82.84,7.63,6.07
"2023-10-08 14:00:00",2.03,85.95,4.64,3.73
"2023-10-08 15:00:00",1.84,86.53,4.33,3.16
"2023-10-08 16:00:00",2.9,82.38,5.3,3.99
"2023-10-08 17:00:00",3.36,81.18,4.59,3.27
"2023-10-08 18:00:00",3.72,74.03,6.54,4.92
"2023-10-08 19:00:00",3.36,70.85,8.12,6.81
"2023-10-08 20:00:00",3.32,66.11,8.69,5.84
"2023-10-08 21:00:00",1.77,68.53,9.87,7.61
"2023-10-08 22:00:00",1.88,63.42,10.52,8.08
"2023-10-08 23:00:00",2.21,55.82,9.96,8.27
"2023-10-09 00:00:00",1.39,47.15,9.28,7.81
"2023-10-09 01:00:00",1.22,49.57,8.26,7.08
"2023-10-09 02:00:00",1.3,45.66,7.02,5.65
"2023-10-09 03:00:00",1.17,40.77,6.32,5.53
"2023-10-09 04:00:00",1.02,42.51,5.44,4.66
"2023-10-09 05:00:00",1.67,38.69,5.26,3.92
"2023-10-09 06:00:00",2.47,39.96,4.65,3.6
"2023-10-09 07:00:00",6.7,25.06,6.2,4.49
"2023-10-09 08:00:00",7.89,33.52,4.82,3.3
"2023-10-09 09:00:00",5.64,38.31,3.04,1.63
"2023-10-09 10:00:00",5.33,32.91,3.04,1.87
"2023-10-09 11:00:00",2.61,28.62,4.25,2.6
"2023-10-09 12:00:00",2.35,56.11,3.8,1.87
"2023-10-09 13:00:00",4.08,64.29,6.46,3.1
"2023-10-09 14:00:00",4.39,62.63,12.01,5.43
"2023-10-09 15:00:00",4.81,64.09,10.32,5.84
"2023-10-09 16:00:00",3.99,65.65,8.58,5.39
"2023-10-09 17:00:00",4.88,63.76,7.66,5.39
"2023-10-09 18:00:00",4.1,65.68,6.93,4.74
"2023-10-09 19:00:00",4.09,68.85,7.55,6.03
"2023-10-09 20:00:00",3.51,72.2,11.29,8.66
"2023-10-09 21:00:00",2.5,71.43,13.16,9.9
"2023-10-09 22:00:00",2.42,68.35,13.31,10.88
"2023-10-09 23:00:00",2.55,64.18,14.85,11.85
"2023-10-10 00:00:00",1.68,66,12.93,10.75
"2023-10-10 01:00:00",1.13,61.25,11.42,9.39
"2023-10-10 02:00:00",1.18,61.68,7.56,6.01
"2023-10-10 03:00:00",1.16,59.56,6.82,4.9
"2023-10-10 04:00:00",1.33,47.85,9.31,5.03
"2023-10-10 05:00:00",1.63,47.38,11.43,5.52
"2023-10-10 06:00:00",3.32,51.08,10.79,5.66
"2023-10-10 07:00:00",6.1,58.72,9.83,4.85
"2023-10-10 08:00:00",22.24,35.48,12.81,5.64
"2023-10-10 09:00:00",13.37,53.07,11.95,5.23
"2023-10-10 10:00:00",6.71,64.37,9.69,4.47
"2023-10-10 11:00:00",2.3,70.9,9.63,5.63
"2023-10-10 12:00:00",2.87,72.97,13.55,7.81
"2023-10-10 13:00:00",3.87,64.78,14.16,8.77
"2023-10-10 14:00:00",4.01,63.51,14.54,9.48
"2023-10-10 15:00:00",4.17,64.05,13.02,9.38
"2023-10-10 16:00:00",7.82,64,10.93,8.31
"2023-10-10 17:00:00",10.32,58.04,9.46,7.48
"2023-10-10 18:00:00",5.77,59.47,8.6,6.97
"2023-10-10 19:00:00",3.34,59.04,10.71,9.15
"2023-10-10 20:00:00",3.94,48.94,8.19,6.39
"2023-10-10 21:00:00",4.44,49.99,7.06,4.81
"2023-10-10 22:00:00",2.66,55.11,5.69,3.54
"2023-10-10 23:00:00",2.32,54.64,6.19,3.61
"2023-10-11 00:00:00",1,55.1,6.6,3.96
"2023-10-11 01:00:00",0.79,56.21,7.01,3.94
"2023-10-11 02:00:00",0.53,53.61,8.73,4.95
"2023-10-11 03:00:00",0.18,53.91,10.26,4.74
"2023-10-11 04:00:00",0.88,55.04,10.04,2.48
"2023-10-11 05:00:00",0.61,60.42,8.03,2.93
"2023-10-11 06:00:00",2.33,58.26,6.69,1.92
"2023-10-11 07:00:00",6.19,52.28,5.31,1.36
"2023-10-11 08:00:00",9.65,50.61,6.74,1.98
"2023-10-11 09:00:00",13.65,48.78,4.4,1.37
"2023-10-11 10:00:00",18.16,42.39,5.33,2
"2023-10-11 11:00:00",9.9,48.28,4.13,1.76
"2023-10-11 12:00:00",8.19,55.48,3.79,1.68
"2023-10-11 13:00:00",11.74,44.06,4.89,1.64
"2023-10-11 14:00:00",11.88,45.32,5,3.06
"2023-10-11 15:00:00",9.67,52.06,5.7,4.18
"2023-10-11 16:00:00",11.01,51.31,6.15,4.58
"2023-10-11 17:00:00",13.11,46.15,6.75,5.3
"2023-10-11 18:00:00",13.22,44.01,11.9,10.37
"2023-10-11 19:00:00",13.42,38.42,14.51,12.34
"2023-10-11 20:00:00",10.11,46.87,12.55,8.14
"2023-10-11 21:00:00",8.64,49.06,12.71,7.93
"2023-10-11 22:00:00",6.43,44.49,11.95,7.55
"2023-10-11 23:00:00",6.35,38.75,10.69,6.06
"2023-10-12 00:00:00",5.97,35.36,10.75,5.87
"2023-10-12 01:00:00",4.98,30.85,11.34,6.25
"2023-10-12 02:00:00",3.65,32.33,11.23,5.97
"2023-10-12 03:00:00",3.14,35.26,9.3,4.84
"2023-10-12 04:00:00",2.93,36.62,9.46,4.19
"2023-10-12 05:00:00",3.73,33.59,8.68,4.07
"2023-10-12 06:00:00",6.9,30.77,8.33,4.18
"2023-10-12 07:00:00",9.17,27.59,9,4.17
"2023-10-12 08:00:00",19.82,18.05,9.71,4.3
"2023-10-12 09:00:00",13.4,23.75,9.95,4.61
"2023-10-12 10:00:00",11.71,26.31,12.93,4.93
"2023-10-12 11:00:00",11.01,27.77,12.84,4.91
"2023-10-12 12:00:00",11.87,33.37,11.17,4.95
"2023-10-12 13:00:00",10.03,37.31,11.09,5.33
"2023-10-12 14:00:00",4.65,52.26,10.84,4.91
"2023-10-12 15:00:00",3.3,60.77,9.95,4.46
"2023-10-12 16:00:00",4.59,63.46,10.08,5.53
"2023-10-12 17:00:00",6.63,60.83,12.06,6.59
"2023-10-12 18:00:00",9.16,54.73,12.74,7.52
"2023-10-12 19:00:00",14.41,44.81,9.9,6.51
"2023-10-12 20:00:00",20.49,36.76,12.6,9.84
"2023-10-12 21:00:00",21.44,33.51,14.89,12.55
"2023-10-12 22:00:00",11.12,39.38,14.7,12.45
"2023-10-12 23:00:00",5.82,45.22,9.13,7.45
"2023-10-13 00:00:00",5.32,45.85,7.13,5.74
"2023-10-13 01:00:00",5.68,45.39,7.08,5.93
"2023-10-13 02:00:00",4.35,47.54,5.04,3.96
"2023-10-13 03:00:00",2.52,47.73,4.2,2.8
"2023-10-13 04:00:00",1.73,52.52,3.65,1.87
"2023-10-13 05:00:00",2.06,41.36,3.02,1.08
"2023-10-13 06:00:00",3.04,40.3,1.9,0.89
"2023-10-13 07:00:00",5.96,38.81,3.15,1.22
"2023-10-13 08:00:00",8.18,32.64,2.49,1.07
"2023-10-13 09:00:00",8.12,46.66,2.1,0.82
"2023-10-13 10:00:00",5.68,52.45,4.65,1.36
"2023-10-13 11:00:00",6.31,57.79,6.46,2.66
"2023-10-13 12:00:00",4.94,68.09,14.76,6.75
"2023-10-13 13:00:00",4.37,69.93,14.72,6.38
"2023-10-13 14:00:00",4.58,63.52,11.47,4.51
"2023-10-13 15:00:00",4.68,62.63,11.07,5.03
"2023-10-13 16:00:00",3.73,61.6,9.57,4.7
"2023-10-13 17:00:00",3.69,61.53,10.55,5.05
"2023-10-13 18:00:00",4.56,57.51,10.29,4.87
"2023-10-13 19:00:00",10.76,47.57,12.43,5.68
"2023-10-13 20:00:00",11.34,50.04,12.51,5.54
"2023-10-13 21:00:00",3.86,52.48,10.7,5.01
"2023-10-13 22:00:00",3.47,53.5,9.99,4.76
"2023-10-13 23:00:00",2.21,54.58,9.36,4.25
"2023-10-14 00:00:00",2.57,54.49,8.27,3.68
"2023-10-14 01:00:00",1.9,52.17,6.47,3.04
"2023-10-14 02:00:00",1.41,50.33,5.72,2.91
"2023-10-14 03:00:00",4.99,55.88,5.87,2.56
"2023-10-14 04:00:00",4.34,56.04,5.8,2.52
"2023-10-14 05:00:00",4.65,51.95,4.82,2.21
"2023-10-14 06:00:00",7.58,42.11,4.87,2.14
"2023-10-14 07:00:00",6.13,46.18,4.84,2.16
"2023-10-14 08:00:00",5.25,48.5,5.6,2.35
"2023-10-14 09:00:00",4.87,47.84,5.37,2.44
"2023-10-14 10:00:00",3.15,53.91,6.33,2.52
"2023-10-14 11:00:00",2.75,57.01,5.64,2.35
"2023-10-14 12:00:00",2.47,58.67,6.37,2.6
"2023-10-14 13:00:00",2.39,59.96,6.5,2.71
"2023-10-14 14:00:00",3.72,60.3,7.06,3.09
"2023-10-14 15:00:00",4.36,61.67,5.52,2.66
"2023-10-14 16:00:00",3.48,62.82,6.06,2.71
"2023-10-14 17:00:00",4.74,58.01,7.11,3.22
"2023-10-14 18:00:00",7.71,54.45,8.5,4.31
"2023-10-14 19:00:00",10.64,51.56,8.27,5.79
"2023-10-14 20:00:00",7.22,49.1,10.22,7.05
"2023-10-14 21:00:00",10.35,46.4,9.46,6.49
"2023-10-14 22:00:00",12.53,37.13,8.66,5.94
"2023-10-14 23:00:00",10.32,37.07,11.7,7.86
"2023-10-15 00:00:00",4.14,44.86,8.36,5.3
"2023-10-15 01:00:00",3.04,47.22,8.77,5.72
"2023-10-15 02:00:00",3.36,45.43,8.75,5.85
"2023-10-15 03:00:00",5.17,38.57,6.92,4.39
"2023-10-15 04:00:00",2.85,45.66,7.5,4.13
"2023-10-15 05:00:00",0.97,43.72,6.47,3.62
"2023-10-15 06:00:00",2.97,42.85,5.85,3.5
"2023-10-15 07:00:00",2.67,41.18,5.72,3.55
"2023-10-15 08:00:00",4.15,39,8.16,5.44
"2023-10-15 09:00:00",4.13,42.69,7.07,3.83
"2023-10-15 10:00:00",3.03,45.03,7.12,3.67
"2023-10-15 11:00:00",2.59,48.2,6.37,3.51
"2023-10-15 12:00:00",4.18,48.61,6.41,3.61
"2023-10-15 13:00:00",3.63,59.9,6.09,3.43
"2023-10-15 14:00:00",1.86,64.43,4.86,2.71
"2023-10-15 15:00:00",0.92,69.46,3.58,1.94
"2023-10-15 16:00:00",1.23,70.51,4.15,2.33
"2023-10-15 17:00:00",3.64,68.25,6.43,4.04
"2023-10-15 18:00:00",19.95,40.2,15.51,12.24
"2023-10-15 19:00:00",39.63,18.8,57.73,53.21
"2023-10-15 20:00:00",20.77,39.65,33.91,30.7
"2023-10-15 21:00:00",17.35,41.89,22.55,19.38
"2023-10-15 22:00:00",15.71,41.93,25.6,22.9
"2023-10-15 23:00:00",10.13,44.44,14.24,10.08
"2023-10-16 00:00:00",8.92,45.3,12.49,8.63
"2023-10-16 01:00:00",8.35,45.55,9.2,6.5
"2023-10-16 02:00:00",4.8,51.02,7.83,4.8
"2023-10-16 03:00:00",2.39,55.26,8.76,3.1
"2023-10-16 04:00:00",1.82,59.9,5.61,2.35
"2023-10-16 05:00:00",2.61,63.62,4.7,2.16
"2023-10-16 06:00:00",5.39,58.94,5.22,2.19
"2023-10-16 07:00:00",6.33,56.69,6.62,2.82
"2023-10-16 08:00:00",14.14,48.11,9.27,3.21
"2023-10-16 09:00:00",13.54,50.25,8.51,3.44
"2023-10-16 10:00:00",8.01,55.39,9.4,4.48
"2023-10-16 11:00:00",7.26,61.53,9.4,4.65
"2023-10-16 12:00:00",9.61,62.54,11.42,5.2
"2023-10-16 13:00:00",7.41,62.65,11.91,5.08
"2023-10-16 14:00:00",8.8,61.91,9.5,4.81
"2023-10-16 15:00:00",8.83,59.84,10.2,5.71
"2023-10-16 16:00:00",11.69,55.41,14.23,8.58
"2023-10-16 17:00:00",13.58,53.39,21.28,15.11
"2023-10-16 18:00:00",12.06,54.69,19.16,13.56
"2023-10-16 19:00:00",16.28,50.19,25.59,20.3
"2023-10-16 20:00:00",19.2,45.07,22.22,17.24
"2023-10-16 21:00:00",9.72,55.39,15.94,10.69
"2023-10-16 22:00:00",10.21,52.34,14.56,9.44
"2023-10-16 23:00:00",7.71,52.51,12.89,6.67
"2023-10-17 00:00:00",7.27,51.93,11.29,6.14
"2023-10-17 01:00:00",6.36,52.36,12.22,6.25
"2023-10-17 02:00:00",5.19,54.49,11.62,6.11
"2023-10-17 03:00:00",6.34,53.78,11.05,6.04
"2023-10-17 04:00:00",5.45,54.72,10.16,5.67
"2023-10-17 05:00:00",3.72,57.1,11.16,6.59
"2023-10-17 06:00:00",5.2,55.15,12.91,7.26
"2023-10-17 07:00:00",6.34,53.91,12.05,6.75
"2023-10-17 08:00:00",9,51.06,12.17,6.61
"2023-10-17 09:00:00",9.56,50.13,12.49,6.69
"2023-10-17 10:00:00",8.4,51.66,11.74,6.53
"2023-10-17 11:00:00",9.35,53.23,9.83,5.55
"2023-10-17 12:00:00",9.52,54.76,10.7,5.59
"2023-10-17 13:00:00",11.48,52.96,10.05,5.57
"2023-10-17 14:00:00",13.62,51.18,10.37,5.67
"2023-10-17 15:00:00",14.92,49.62,11.73,7.92
"2023-10-17 16:00:00",13.05,52.27,12.68,8.61
"2023-10-17 17:00:00",13.7,53.17,10.27,6.74
"2023-10-17 18:00:00",13.57,55.06,11.06,7.56
"2023-10-17 19:00:00",12.22,56.22,12.11,8.91
"2023-10-17 20:00:00",9.51,62.31,11.4,7.95
"2023-10-17 21:00:00",8.24,62.42,9.95,6.03
"2023-10-17 22:00:00",7.18,63.79,11.41,6.18
"2023-10-17 23:00:00",6.28,64.92,14.08,6.94
"2023-10-18 00:00:00",6.5,62.97,16.7,8.22
"2023-10-18 01:00:00",8.26,58.83,17.16,9.36
"2023-10-18 02:00:00",8.51,55.28,16.62,9.67
"2023-10-18 03:00:00",6.61,54.09,12.95,8.21
"2023-10-18 04:00:00",5.56,54.77,15.39,9.02
"2023-10-18 05:00:00",5.31,54.12,13.27,8.06
"2023-10-18 06:00:00",5.96,52.43,12.35,8.14
"2023-10-18 07:00:00",7.34,48.77,12.18,8.28
"2023-10-18 08:00:00",9.84,43.9,11.57,8.19
"2023-10-18 09:00:00",13.86,40.38,12.56,8.28
"2023-10-18 10:00:00",10.18,45.47,14.86,9.4
"2023-10-18 11:00:00",13.03,43.82,17.58,9.94
"2023-10-18 12:00:00",11.78,43.78,16.1,9.59
"2023-10-18 13:00:00",10.44,46.43,11.63,8.11
"2023-10-18 14:00:00",10.97,46.29,7.72,6.01
"2023-10-18 15:00:00",12.4,43.92,7,5.81
"2023-10-18 16:00:00",13.29,41.48,6.81,5.6
"2023-10-18 17:00:00",17.56,37.02,6.89,5.6
"2023-10-18 18:00:00",13,41.05,7.94,7.03
"2023-10-18 19:00:00",11.77,41.14,6.75,5.85
"2023-10-18 20:00:00",11.41,37.9,7.47,6.26
"2023-10-18 21:00:00",10.53,36.31,5.83,4.74
"2023-10-18 22:00:00",3.18,55.78,6.15,3.55
"2023-10-18 23:00:00",2.05,60.6,7.2,3.99
"2023-10-19 00:00:00",1.67,60.96,6.25,3.26
"2023-10-19 01:00:00",2.04,46.43,4.86,1.63
"2023-10-19 02:00:00",7.47,41.65,5.92,2.22
"2023-10-19 03:00:00",4.43,51.84,7.96,3.25
"2023-10-19 04:00:00",3.24,53.54,6.02,2.44
"2023-10-19 05:00:00",1.75,61.63,3.89,1.75
"2023-10-19 06:00:00",4.67,57.66,2.32,1.06
"2023-10-19 07:00:00",4.52,74.82,9.66,5.57
"2023-10-19 08:00:00",8.74,80.29,13.46,7.18
"2023-10-19 09:00:00",8.85,80.47,10.18,4.85
"2023-10-19 10:00:00",3.97,83.71,11.35,5.77
"2023-10-19 11:00:00",2.94,85.49,11.92,6.27
"2023-10-19 12:00:00",2.03,85.17,12.82,6.76
"2023-10-19 13:00:00",3.29,83.59,14.1,7.86
"2023-10-19 14:00:00",5.21,80.8,11.08,6.97
"2023-10-19 15:00:00",5.42,78.45,11.05,7.39
"2023-10-19 16:00:00",3.65,72.75,8.07,5.66
"2023-10-19 17:00:00",4.86,65.94,11.84,7.46
"2023-10-19 18:00:00",5.59,60.6,15.39,9.15
"2023-10-19 19:00:00",5.01,58.74,19.28,11.11
"2023-10-19 20:00:00",3.51,59.5,18.93,10.7
"2023-10-19 21:00:00",2.45,61.24,19.66,10.95
"2023-10-19 22:00:00",1.74,61.81,17.93,9.88
"2023-10-19 23:00:00",1.52,61.96,20.6,11.53
"2023-10-20 00:00:00",2.44,55.94,24.22,13.16
"2023-10-20 01:00:00",2.89,53.76,17.55,9.93
"2023-10-20 02:00:00",2.04,59.02,16.98,10.62
"2023-10-20 03:00:00",2.06,58.5,5.54,4.16
"2023-10-20 04:00:00",1.94,51.97,4.03,2.12
"2023-10-20 05:00:00",3.8,46.17,4.98,3.36
"2023-10-20 06:00:00",7.38,49.71,9.84,6.75
"2023-10-20 07:00:00",19.22,40.81,8.37,6.64
"2023-10-20 08:00:00",21.18,30.94,5.44,3.1
"2023-10-20 09:00:00",18.73,35.48,5.08,2.98
"2023-10-20 10:00:00",14.27,30.85,5.3,2.92
"2023-10-20 11:00:00",10.92,30.27,6.03,2.96
"2023-10-20 12:00:00",8.55,40,8.61,4.52
"2023-10-20 13:00:00",8.63,37.02,8.32,4.28
"2023-10-20 14:00:00",13.7,38.52,8.43,4.65
"2023-10-20 15:00:00",17.16,40.44,5.91,4.39
"2023-10-20 16:00:00",10.42,39.28,6.77,5.83
"2023-10-20 17:00:00",9.53,41.84,4.94,3.86
"2023-10-20 18:00:00",8.63,44.68,7.88,6.63
"2023-10-20 19:00:00",7.68,46.55,6.96,5.6
"2023-10-20 20:00:00",6.24,49.7,5.57,4.12
"2023-10-20 21:00:00",4.7,53.26,5.21,3.26
"2023-10-20 22:00:00",3.65,54.68,4.15,2.51
"2023-10-20 23:00:00",2.35,55.52,5.43,3.03
"2023-10-21 00:00:00",2.07,53.55,5.75,3
"2023-10-21 01:00:00",1.57,54.28,6.97,3.41
"2023-10-21 02:00:00",1.31,53.69,6.08,3.27
"2023-10-21 03:00:00",0.93,56.63,6.96,3.45
"2023-10-21 04:00:00",0.65,55.49,7.36,3.53
"2023-10-21 05:00:00",0.57,52.9,8.9,3.71
"2023-10-21 06:00:00",1.16,50.42,8.35,3.19
"2023-10-21 07:00:00",1.63,49.5,5.27,2.33
"2023-10-21 08:00:00",2.58,46.37,4.58,2.03
"2023-10-21 09:00:00",3.04,43.02,5,2.29
"2023-10-21 10:00:00",2.58,43.66,4.5,2.16
"2023-10-21 11:00:00",2.33,40.25,4.63,2.5
"2023-10-21 12:00:00",3.04,48.33,3.47,1.63
"2023-10-21 13:00:00",2.74,48.49,4.09,2.51
"2023-10-21 14:00:00",2.72,48.16,3.24,1.98
"2023-10-21 15:00:00",2.57,50.4,3.21,1.8
"2023-10-21 16:00:00",3.73,51.43,2.94,1.7
"2023-10-21 17:00:00",5.87,48.94,3.26,2
"2023-10-21 18:00:00",17.13,35.67,4.7,2.99
"2023-10-21 19:00:00",23.65,31.65,4.81,3.07
"2023-10-21 20:00:00",18.27,24.75,6.39,3.96
"2023-10-21 21:00:00",20.52,17.19,12.37,10.16
"2023-10-21 22:00:00",10.5,24.31,7.24,5.22
"2023-10-21 23:00:00",19.57,13.27,29.85,26.68
"2023-10-22 00:00:00",19.71,10.9,28.34,25.6
"2023-10-22 01:00:00",14.98,12.44,18.84,16.33
"2023-10-22 02:00:00",10.64,16.69,12.61,10.16
"2023-10-22 03:00:00",9.08,18.06,13.03,10.17
"2023-10-22 04:00:00",11.15,11.6,15.06,12.35
"2023-10-22 05:00:00",7.86,11.25,12.87,10.58
"2023-10-22 06:00:00",6.74,12.63,12.19,9.46
"2023-10-22 07:00:00",7.04,13.47,10.21,8.18
"2023-10-22 08:00:00",6.1,13.2,9.43,7.3
"2023-10-22 09:00:00",6.62,15.12,11.22,9.03
"2023-10-22 10:00:00",9.97,17.99,16.2,12.83
"2023-10-22 11:00:00",11.53,30.33,12.88,9.38
"2023-10-22 12:00:00",2.07,57.86,7.3,3.97
"2023-10-22 13:00:00",1.48,63.73,6.08,3.34
"2023-10-22 14:00:00",1.5,66.6,5.83,3.51
"2023-10-22 15:00:00",1.74,68.05,5.73,3.63
"2023-10-22 16:00:00",1.6,69.07,4.76,3.26
"2023-10-22 17:00:00",6.05,62.76,6.59,4.8
"2023-10-22 18:00:00",8.22,57.1,11.06,9.37
"2023-10-22 19:00:00",12.12,52.85,14.06,11.1
"2023-10-22 20:00:00",9.12,58.29,11.74,8.21
"2023-10-22 21:00:00",2.72,70.94,7.27,4.59
"2023-10-22 22:00:00",4.48,70.75,8.15,4.79
"2023-10-22 23:00:00",1.24,75.99,11.42,5.54
"2023-10-23 00:00:00",1.46,81.18,11.79,6.16
"2023-10-23 01:00:00",0.93,82.7,12.52,6.35
"2023-10-23 02:00:00",1.2,80.18,12.18,6.24
"2023-10-23 03:00:00",0.95,81.02,11.21,5.14
"2023-10-23 04:00:00",0.8,79.08,12.84,6.43
"2023-10-23 05:00:00",0.82,82.7,8.35,4.37
"2023-10-23 06:00:00",1.14,81.63,9.36,4.75
"2023-10-23 07:00:00",3.95,78.45,5.13,2.81
"2023-10-23 08:00:00",8.09,74,6.94,3.84
"2023-10-23 09:00:00",13.99,68.42,9.52,4.51
"2023-10-23 10:00:00",13.63,68.25,5.24,3.43
"2023-10-23 11:00:00",13.7,71.63,3.53,2.16
"2023-10-23 12:00:00",17.17,67.25,7.42,5.92
"2023-10-23 13:00:00",9.13,71.57,5.4,3.12
"2023-10-23 14:00:00",6.1,76.69,4.22,2.44
"2023-10-23 15:00:00",7.28,76.53,5.68,3.07
"2023-10-23 16:00:00",6.9,75.24,9.78,6.49
"2023-10-23 17:00:00",12.9,66.04,8.36,6.31
"2023-10-23 18:00:00",9.4,71.2,7.93,5.37
"2023-10-23 19:00:00",7.19,76.67,8.27,5.83
"2023-10-23 20:00:00",4.78,80.14,8.14,4.75
"2023-10-23 21:00:00",3.1,80.78,8.11,5.13
"2023-10-23 22:00:00",3.72,75.63,10.73,7.05
"2023-10-23 23:00:00",5.42,70.42,8.24,5.02
"2023-10-24 00:00:00",4.91,65.29,8.12,3.74
"2023-10-24 01:00:00",4.03,58.77,6.2,3.06
"2023-10-24 02:00:00",5.15,48.83,6.37,2.93
"2023-10-24 03:00:00",1.82,63.82,5.52,2.14
"2023-10-24 04:00:00",1.56,60.86,3.52,1.39
"2023-10-24 05:00:00",5.42,53.41,3.49,1.6
"2023-10-24 06:00:00",11.01,46.1,3.77,1.86
"2023-10-24 07:00:00",23.6,30.91,4.47,2.27
"2023-10-24 08:00:00",47.45,11.15,5.96,3.26
"2023-10-24 09:00:00",47.3,17.67,7.81,4.24
"2023-10-24 10:00:00",31.54,34.16,10.33,5.19
"2023-10-24 11:00:00",15.76,50.78,5.84,2.44
"2023-10-24 12:00:00",2.57,67.2,3.94,1.44
"2023-10-24 12:01:00",
"2023-10-24 13:00:00",,71.87,2.12,1.06
"2023-10-24 13:01:00",,
"2023-10-24 14:00:00",,,2.62,1.31
"2023-10-24 14:01:00",,
"2023-10-24 15:00:00",,,2.4,1.12
"2023-10-24 16:00:00",8.51,40.74,6.05,4.29
"2023-10-24 17:00:00",10.36,44.62,6.61,4.43
"2023-10-24 18:00:00",32.49,15.45,15.6,11.73
"2023-10-24 19:00:00",42.03,1.16,34.68,28.86
"2023-10-24 20:00:00",38.17,1.6,63.43,58.17
"2023-10-24 21:00:00",33.11,5.73,36.72,32.22
"2023-10-24 22:00:00",22.55,3.87,21.08,16.91
"2023-10-24 23:00:00",17.42,5.78,16.35,13.44
"2023-10-25 00:00:00",9.55,11.76,10.6,8.44
"2023-10-25 01:00:00",7.73,12.65,10.96,8.33
"2023-10-25 02:00:00",5.26,19.9,8.37,6.33
"2023-10-25 03:00:00",3.29,25.46,5.64,4.71
"2023-10-25 04:00:00",5.29,18.5,5.95,4.11
"2023-10-25 05:00:00",5.24,16.54,4.56,3.43
"2023-10-25 06:00:00",9.37,13.29,4.52,2.89
"2023-10-25 07:00:00",15.35,9.9,8.29,4.23
"2023-10-25 08:00:00",22.73,7.96,14.54,7.24
"2023-10-25 09:00:00",14.83,11.28,5.59,3.26
"2023-10-25 10:00:00",18.04,14.87,14.79,7.25
"2023-10-25 11:00:00",23.49,13.21,13,7.05
"2023-10-25 12:00:00",33.19,21.69,13.16,5.76
"2023-10-25 13:00:00",18.04,40.27,7.28,3.79
"2023-10-25 14:00:00",10.67,61.26,3.81,2.43
"2023-10-25 15:00:00",11.51,64.34,7.31,4.1
"2023-10-25 16:00:00",18.01,57.92,5.77,4.37
"2023-10-25 17:00:00",19.34,57.03,9.47,7.53
"2023-10-25 18:00:00",14.48,62.88,7.68,5.6
"2023-10-25 19:00:00",11.84,65.4,8.22,6.53
"2023-10-25 20:00:00",9.68,68.69,5.65,3.72
"2023-10-25 21:00:00",7.73,72.59,5.62,3.43
"2023-10-25 22:00:00",7.22,74.46,4.1,2.62
"2023-10-25 23:00:00",6.14,75.54,3.22,2.14
"2023-10-26 00:00:00",5.66,73.16,3.93,2
"2023-10-26 01:00:00",6.43,55.61,4.78,2.15
"2023-10-26 02:00:00",6.78,41.56,6.75,3.4
"2023-10-26 03:00:00",5.41,51.47,12.84,7.06
"2023-10-26 04:00:00",5.6,46.66,9.78,5.36
"2023-10-26 05:00:00",7.64,46.25,8.93,5.16
"2023-10-26 06:00:00",7.91,44.19,7.34,4.31
"2023-10-26 07:00:00",20.36,32.57,6.86,3.78
"2023-10-26 08:00:00",33.5,31.52,6.44,4.14
"2023-10-26 09:00:00",24.32,51.37,7.54,4.41
"2023-10-26 10:00:00",12.22,64.48,11.66,4.48
"2023-10-26 11:00:00",10.04,69.46,13,5.78
"2023-10-26 12:00:00",8.02,72.05,11.42,6.13
"2023-10-26 13:00:00",7.54,70.53,12.88,6.95
"2023-10-26 14:00:00",8.57,68.08,13.68,7.36
"2023-10-26 15:00:00",7.72,72.35,13.31,7.31
"2023-10-26 16:00:00",7.34,68.91,13.3,6.36
"2023-10-26 17:00:00",10.38,61.31,16.62,8.61
"2023-10-26 18:00:00",11.08,56.15,18.92,10.72
"2023-10-26 19:00:00",14.39,46.93,21.15,12.65
"2023-10-26 20:00:00",11.85,46.7,18.49,9.7
"2023-10-26 21:00:00",21.63,22.8,10.59,6.05
"2023-10-26 22:00:00",26.83,8.61,24.22,19.4
"2023-10-26 23:00:00",25.03,7.16,19.77,16.46
"2023-10-27 00:00:00",19.16,7.62,18.47,15.54
"2023-10-27 01:00:00",19.84,8.13,20.5,16.64
"2023-10-27 02:00:00",17.53,6.85,18.06,14.4
"2023-10-27 03:00:00",9.89,8.96,11.47,8.34
"2023-10-27 04:00:00",7.57,18.09,9.85,5.73
"2023-10-27 05:00:00",8.65,20.83,7.42,4.03
"2023-10-27 06:00:00",18.94,10.91,5.3,3.18
"2023-10-27 07:00:00",29.96,6.93,5.64,3.48
"2023-10-27 08:00:00",37.7,6.2,7.41,4.31
"2023-10-27 09:00:00",39.98,10.97,10.21,5.76
"2023-10-27 10:00:00",37.34,17.99,11.23,5.15
"2023-10-27 11:00:00",22.82,59.78,6.2,3.17
"2023-10-27 12:00:00",13.78,68.65,16.74,7.05
"2023-10-27 13:00:00",9.28,74.1,17.57,8.22
"2023-10-27 14:00:00",8.35,73.88,20.87,10.19
"2023-10-27 15:00:00",8.94,72.24,14.79,8.05
"2023-10-27 16:00:00",9.8,70.36,12.87,7.47
"2023-10-27 17:00:00",9.24,66.7,13.03,7.73
"2023-10-27 18:00:00",9.71,66.73,13.12,8.2
"2023-10-27 19:00:00",11.49,61.67,14.94,9.37
"2023-10-27 20:00:00",17.82,44.32,17.9,12.22
"2023-10-27 21:00:00",19.74,38.71,17.08,14.45
"2023-10-27 22:00:00",37.59,12.09,31.54,27.38
"2023-10-27 23:00:00",29.88,12.63,27.32,24.18
"2023-10-28 00:00:00",22.33,25.73,18.94,15.85
"2023-10-28 01:00:00",4.65,60.03,6.41,3.83
"2023-10-28 02:00:00",5.32,56.94,4.22,2.24
"2023-10-28 03:00:00",5.17,52.66,7.11,2.82
"2023-10-28 04:00:00",6.45,45.64,7.91,3.44
"2023-10-28 05:00:00",7.02,44.12,8.61,3.84
"2023-10-28 06:00:00",4.29,67.95,10.57,5.57
"2023-10-28 07:00:00",6.95,61.64,12.11,5.67
"2023-10-28 08:00:00",8.28,61.86,14.36,6.66
"2023-10-28 09:00:00",10.33,59.55,15.05,6.84
"2023-10-28 10:00:00",8.4,68.83,13.94,6.59
"2023-10-28 11:00:00",7.26,71,10.92,5.11
"2023-10-28 12:00:00",8.92,71.79,10.58,6.53
"2023-10-28 13:00:00",9.29,75.54,22.29,9.7
"2023-10-28 14:00:00",8.37,79.96,21.59,9.87
"2023-10-28 15:00:00",9.79,75.27,22.18,10.25
"2023-10-28 16:00:00",13.03,67.26,16.82,12.74
"2023-10-28 17:00:00",15.62,59.53,12.92,10.04
"2023-10-28 18:00:00",21.47,53.47,17.99,15.65
"2023-10-28 19:00:00",14.5,49.62,10.37,8.3
"2023-10-28 20:00:00",11.7,48.43,5.56,3.94
"2023-10-28 21:00:00",5.79,67.27,4.38,2.06
"2023-10-28 22:00:00",5.32,62.28,4.48,1.67
"2023-10-28 23:00:00",11.79,40.39,4.31,1.94
"2023-10-29 00:00:00",8.68,35.45,7.58,5.46
"2023-10-29 00:01:00",,,,
"2023-10-29 01:01:00",,,,
"2023-10-29 02:00:00",11.78,17.42,6.04,3.55
"2023-10-29 03:00:00",10.98,14.93,8.47,5.7
"2023-10-29 04:00:00",12.15,15.34,8.67,5.35
"2023-10-29 05:00:00",7.89,34.89,11.11,4.5
"2023-10-29 06:00:00",3.51,43.47,8.05,3.47
"2023-10-29 07:00:00",3.91,47,9.01,4.43
"2023-10-29 08:00:00",3.67,57.41,7.26,3.57
"2023-10-29 08:01:00",,,,
"2023-10-29 09:01:00",,,,
"2023-10-29 17:00:00",22.9,38.46,20.25,13.91
"2023-10-29 18:00:00",27.82,12.7,39.03,34.29
"2023-10-29 19:00:00",30.79,5.11,57.03,53.42
"2023-10-29 20:00:00",30.02,5.7,104.03,99.98
"2023-10-29 21:00:00",31.01,5.56,108.22,103.25
"2023-10-29 22:00:00",21.18,5.02,51.67,47.94
"2023-10-29 23:00:00",20.2,5.37,43.18,39.54
"2023-10-30 00:00:00",14.8,5.03,32.56,29.41
"2023-10-30 01:00:00",12.68,5.38,36.54,33.38
"2023-10-30 02:00:00",14.49,5.79,36.84,33.22
"2023-10-30 03:00:00",15.29,5.86,25.8,22.78
"2023-10-30 04:00:00",13.93,6.49,16.98,14.09
"2023-10-30 05:00:00",13.26,6.12,12.15,11.04
"2023-10-30 06:00:00",12.89,9.56,11.43,9.16
"2023-10-30 07:00:00",10.02,19.79,9.45,7.21
"2023-10-30 08:00:00",6.65,33.76,8.48,5.89
"2023-10-30 09:00:00",16.27,25.69,7.95,6.3
"2023-10-30 10:00:00",16.32,22.98,9,6.68
"2023-10-30 11:00:00",12.34,32.73,7.76,6.08
"2023-10-30 12:00:00",14.4,33.79,5.56,4.08
"2023-10-30 13:00:00",12.37,38.16,10.64,9.1
"2023-10-30 14:00:00",25.91,55.45,6.58,3.61
"2023-10-30 15:00:00",20.53,69.61,5.6,2.81
"2023-10-30 16:00:00",11.06,71.57,5.91,3.34
"2023-10-30 17:00:00",11.62,67.83,8.27,4.31
"2023-10-30 18:00:00",21.69,33.75,8.36,5.94
"2023-10-30 19:00:00",30.66,6.51,17.38,14.31
"2023-10-30 20:00:00",32.16,5.13,56.52,53.95
"2023-10-30 21:00:00",28.2,5.14,80.18,76.71
"2023-10-30 22:00:00",29.92,6.34,111.01,108.42
"2023-10-30 23:00:00",34.22,6.47,75.19,73.48
"2023-10-31 00:00:00",25.05,5.02,22.94,21.84
"2023-10-31 01:00:00",19.89,8.79,13.91,12.81
"2023-10-31 02:00:00",8.39,17.04,10,9.41
"2023-10-31 03:00:00",5.18,22.82,8.36,7.39
"2023-10-31 04:00:00",7.93,23.12,5.98,5.44
"2023-10-31 05:00:00",9.59,17.48,6.44,5.59
"2023-10-31 06:00:00",8.49,14.13,8.73,7.91
"2023-10-31 07:00:00",11.89,7.87,9.33,8.06
"2023-10-31 08:00:00",13.08,6.16,10.44,8.31
"2023-10-31 09:00:00",17.82,6.64,13.68,10.43
"2023-10-31 10:00:00",23.68,11.85,18.42,13.73
"2023-10-31 11:00:00",21.96,25.72,9.61,5.6
"2023-10-31 12:00:00",16.95,54.13,6.95,2.93
"2023-10-31 13:00:00",21,62.11,8.28,2.91
"2023-10-31 14:00:00",15.05,63.48,9.27,5.25
"2023-10-31 15:00:00",19.79,54.81,6.94,4.03
"2023-10-31 16:00:00",15.97,58.32,8.03,5.31
"2023-10-31 17:00:00",12.95,65.41,12.61,8.29
"2023-10-31 18:00:00",12.34,67.74,7.57,5.25
"2023-10-31 19:00:00",11.56,74.86,5.92,4.22
"2023-10-31 20:00:00",10.5,73.21,8.36,6.41
"2023-10-31 21:00:00",7.69,76.56,14.99,10.63
"2023-10-31 22:00:00",6.53,78.81,15.72,10.62
"2023-10-31 23:00:00",6.04,80.98,17.54,10.95
"2023-11-01 00:00:00",6.1,81.76,22.48,12.97
"2023-11-01 01:00:00",5.88,85.51,15.59,8.66
"2023-11-01 02:00:00",4.37,88.75,10.62,5.52
"2023-11-01 03:00:00",4.15,83.78,8.12,4.4
"2023-11-01 04:00:00",3.53,83.35,15.96,7.55
"2023-11-01 05:00:00",5.78,90.67,16.31,8.09
"2023-11-01 06:00:00",4.81,91.82,12.47,6.51
"2023-11-01 07:00:00",4.36,86.11,13.04,6.47
"2023-11-01 08:00:00",8.47,77.47,12.57,6.18
"2023-11-01 09:00:00",14.6,71.64,3.21,1.48
"2023-11-01 10:00:00",9.5,68.33,4.26,2.49
"2023-11-01 11:00:00",7.53,62.04,8.3,4.07
"2023-11-01 12:00:00",8.09,60.16,12.68,6.27
"2023-11-01 13:00:00",7.21,58.65,8.63,4.37
"2023-11-01 14:00:00",7.58,58.78,7.63,3.38
"2023-11-01 15:00:00",6.86,65.44,9.27,4.39
"2023-11-01 16:00:00",7.84,67.78,12.1,5.13
"2023-11-01 17:00:00",14.81,60.18,15.91,8.61
"2023-11-01 18:00:00",38.23,22.99,33.21,21.58
"2023-11-01 19:00:00",34.97,31.94,41.83,35.64
"2023-11-01 20:00:00",36.59,30.36,59.49,51.74
"2023-11-01 21:00:00",25.02,37.47,25.77,19.45
"2023-11-01 22:00:00",14.46,48.43,18.84,14.6
"2023-11-01 23:00:00",10.22,53.55,12.74,9.31
"2023-11-02 00:00:00",5.6,56.76,8.02,5.59
"2023-11-02 01:00:00",5.28,55.03,7.94,5.51
"2023-11-02 02:00:00",4.45,54.8,8.73,5.28
"2023-11-02 03:00:00",3.63,60.38,8.77,4.84
"2023-11-02 04:00:00",4.26,61.71,9.19,4.08
"2023-11-02 05:00:00",4.17,60.37,8.16,3.62
"2023-11-02 06:00:00",3.73,57.96,7.44,3.79
"2023-11-02 07:00:00",5.09,50.8,7.09,3.49
"2023-11-02 08:00:00",8.19,47.13,7.19,3.51
"2023-11-02 09:00:00",11.92,45.39,6.53,3.36
"2023-11-02 10:00:00",11.76,48.08,6.14,2.96
"2023-11-02 11:00:00",9.47,54.24,6.54,3.08
"2023-11-02 12:00:00",8.78,58.04,12.88,5.9
"2023-11-02 13:00:00",10.62,65.88,15.48,6.91
"2023-11-02 14:00:00",17.46,64.33,13.69,6.6
"2023-11-02 15:00:00",13.7,67.86,13.24,6.38
"2023-11-02 16:00:00",8.23,71.73,11.36,5.41
"2023-11-02 17:00:00",12.14,64.04,13.19,5.65
"2023-11-02 18:00:00",11.44,66.66,6.6,3.47
"2023-11-02 19:00:00",8.55,69.47,6.24,3.06
"2023-11-02 20:00:00",9.97,60.44,8.4,4.91
"2023-11-02 21:00:00",7.32,58.65,7.23,4.17
"2023-11-02 22:00:00",7.05,52.07,6.71,3.85
"2023-11-02 23:00:00",7.53,49.26,6.26,3.3
"2023-11-03 00:00:00",5.56,46.18,7.53,3.83
"2023-11-03 01:00:00",5.8,46,7.39,3.88
"2023-11-03 02:00:00",3.55,48.93,6.92,3.88
"2023-11-03 03:00:00",3.12,49.26,6.82,3.74
"2023-11-03 04:00:00",4.24,47.29,5.61,3.33
"2023-11-03 05:00:00",6.8,38.16,4.19,2.62
"2023-11-03 06:00:00",4.97,44.89,2.98,2.03
"2023-11-03 07:00:00",5.96,47.21,4.36,2.64
"2023-11-03 08:00:00",8.17,45.93,5.46,3.51
"2023-11-03 09:00:00",13.89,39.23,6.48,3.62
"2023-11-03 10:00:00",11.28,44.67,6.04,3.12
"2023-11-03 11:00:00",8.19,49.41,6.12,3.01
"2023-11-03 12:00:00",10.32,48.36,6.83,3.13
"2023-11-03 13:00:00",11.07,52.07,7.29,3.42
"2023-11-03 14:00:00",10.34,52.59,6.86,3.32
"2023-11-03 15:00:00",12.71,54.21,7.65,3.66
"2023-11-03 16:00:00",19.18,50.78,10.44,4.37
"2023-11-03 17:00:00",25.95,35.14,10.83,5.14
"2023-11-03 18:00:00",24.83,30.03,10.66,5.17
"2023-11-03 19:00:00",19.66,29.52,7.09,4.25
"2023-11-03 20:00:00",25.78,14.21,10.85,7.22
"2023-11-03 21:00:00",21.37,23.47,14.69,12.13
"2023-11-03 22:00:00",26.39,16.09,21.35,18.87
"2023-11-03 23:00:00",30.47,7.76,30.63,28.22
"2023-11-04 00:00:00",26.57,10.38,34.65,29.31
"2023-11-04 01:00:00",17.31,21.63,19.44,14.6
"2023-11-04 02:00:00",11.15,32.13,12.68,9.02
"2023-11-04 03:00:00",11.36,35.25,13.38,7.87
"2023-11-04 04:00:00",6.4,73.9,7.61,4.37
"2023-11-04 05:00:00",6.62,77.66,6.17,3.85
"2023-11-04 06:00:00",8.61,78.41,5.91,3.62
"2023-11-04 07:00:00",8.8,75.56,4.87,3.07
"2023-11-04 08:00:00",13.04,69.57,4.5,2.72
"2023-11-04 09:00:00",10.42,73.28,5.78,2.81
"2023-11-04 10:00:00",11.22,73.88,3.98,2.12
"2023-11-04 11:00:00",11.9,71.01,6.89,3.2
"2023-11-04 12:00:00",10.67,68.93,7.6,5.29
"2023-11-04 13:00:00",10.65,65.84,6.41,3.77
"2023-11-04 14:00:00",10.46,68.19,4.29,2.79
"2023-11-04 15:00:00",10.96,64.78,5.43,3.34
"2023-11-04 16:00:00",10.12,62.59,8.79,7.86
"2023-11-04 17:00:00",14.47,45.73,8.5,7.13
"2023-11-04 18:00:00",11.75,43.91,11.23,10.03
"2023-11-04 19:00:00",12.74,43.46,12.04,10.03
"2023-11-04 20:00:00",9.81,44.29,13.04,9.69
"2023-11-04 21:00:00",8.32,45.94,10.69,8.28
"2023-11-04 22:00:00",8.13,43,10.66,8.55
"2023-11-04 23:00:00",6.1,40.07,9.07,7.21
"2023-11-05 00:00:00",4.3,40,7.47,5.82
"2023-11-05 01:00:00",5.17,38.31,6.45,4.48
"2023-11-05 02:00:00",16.85,42.71,4.84,3.2
"2023-11-05 03:00:00",7.14,44.03,4.74,3.21
"2023-11-05 04:00:00",4.04,47.73,5.6,2.48
"2023-11-05 05:00:00",7.29,44.24,5.5,2.56
"2023-11-05 06:00:00",5.18,53.71,6.56,2.56
"2023-11-05 07:00:00",9.63,52.05,6.81,2.6
"2023-11-05 08:00:00",6.85,48.89,5.84,2.43
"2023-11-05 09:00:00",8.92,55.88,5.18,2.21
"2023-11-05 10:00:00",13.34,60.57,4.6,2.08
"2023-11-05 11:00:00",6.14,60.2,6.35,2.46
"2023-11-05 12:00:00",7.31,56.71,6.29,2.59
"2023-11-05 13:00:00",5.48,53.5,5.19,2.36
"2023-11-05 14:00:00",7.24,55.74,3.94,1.86
"2023-11-05 15:00:00",7.99,60.4,3.27,1.53
"2023-11-05 16:00:00",10.33,66.11,2.51,1.21
"2023-11-05 17:00:00",12.6,55.06,6.39,5.47
"2023-11-05 18:00:00",21.73,31.44,14.13,12.46
"2023-11-05 19:00:00",10.86,49.28,4.09,2.73
"2023-11-05 20:00:00",15.31,43.02,4.48,2.47
"2023-11-05 21:00:00",18.79,46.17,5.13,2.7
"2023-11-05 21:01:00",,,,
"2023-11-05 22:01:00",,,,
"2023-11-06 23:00:00",7.46,60.72,7.58,3.83
"2023-11-07 00:00:00",8.77,47.15,7.84,5.09
"2023-11-07 01:00:00",12.83,31.82,9.05,6.13
"2023-11-07 02:00:00",5.44,49.62,6.42,3.56
"2023-11-07 03:00:00",4.44,60.19,6.09,3.17
"2023-11-07 04:00:00",3.88,63.32,7.34,3.57
"2023-11-07 05:00:00",4.8,59.45,7.6,3.84
"2023-11-07 06:00:00",17.14,46.24,8.36,3.94
"2023-11-07 07:00:00",11.1,55.15,10.59,4.71
"2023-11-07 08:00:00",22.39,43.3,10.62,4.97
"2023-11-07 09:00:00",35.37,30.72,13.12,5.54
"2023-11-07 10:00:00",25.83,42.68,12.98,5.1
"2023-11-07 11:00:00",13.85,56.18,10.42,4.16
"2023-11-07 12:00:00",12.4,62.29,7.56,3.41
"2023-11-07 13:00:00",13.35,61.89,6.53,2.63
"2023-11-07 14:00:00",15.84,57.5,5.72,2.31
"2023-11-07 15:00:00",19.05,55.06,6.13,2.45
"2023-11-07 16:00:00",21.89,51.8,7.94,3
"2023-11-07 17:00:00",34.86,33.31,10.57,4.57
"2023-11-07 18:00:00",42.74,24.35,15.04,6.56
"2023-11-07 19:00:00",44.02,15.67,41.87,32.98
"2023-11-07 20:00:00",21.12,60.04,23.86,18.16
"2023-11-07 21:00:00",6.95,81.54,11.25,6.56
"2023-11-07 22:00:00",5.74,81.26,10.2,5.82
"2023-11-07 23:00:00",4.81,82.21,9.96,5.58
"2023-11-08 00:00:00",4.35,85.72,8.93,4.92
"2023-11-08 01:00:00",3.77,87.85,9.75,5.58
"2023-11-08 02:00:00",3.5,88.37,7.09,4.8
"2023-11-08 03:00:00",3.36,89.07,5.06,3.47
"2023-11-08 04:00:00",3.19,88.19,4.57,2.92
"2023-11-08 05:00:00",2.64,80.57,3.05,1.41
"2023-11-08 06:00:00",3.92,77.91,9.11,4.08
"2023-11-08 07:00:00",4.72,77.2,14.47,7.12
"2023-11-08 08:00:00",9.12,73.14,20.15,9.5
"2023-11-08 09:00:00",17.68,56.08,21.69,9.77
"2023-11-08 10:00:00",13.51,49.79,19.73,9.32
"2023-11-08 11:00:00",10.78,48.94,17.91,8.47
"2023-11-08 12:00:00",8.61,52.83,17.55,8.04
"2023-11-08 13:00:00",9.93,51.61,17.68,7.73
"2023-11-08 14:00:00",12.1,49.93,17.94,8.02
"2023-11-08 15:00:00",14.18,50.27,18.54,8.35
"2023-11-08 16:00:00",11.26,58.85,18.04,8.58
"2023-11-08 17:00:00",11.65,59.25,9.82,5.08
"2023-11-08 18:00:00",13.11,60.56,8.05,4.13
"2023-11-08 19:00:00",9.9,60.41,6.41,3.43
"2023-11-08 20:00:00",13.17,52.3,6.05,3.4
"2023-11-08 21:00:00",14.78,46.12,8.93,5.81
"2023-11-08 22:00:00",12.38,47.15,8.89,4.89
"2023-11-08 23:00:00",12.32,47.64,7.71,4.51
"2023-11-09 00:00:00",7.67,56.43,7.68,4.45
"2023-11-09 01:00:00",6.58,57.03,8.85,4.81
"2023-11-09 02:00:00",4.06,68.58,7.25,3.72
"2023-11-09 03:00:00",3.22,69.42,3.41,2
"2023-11-09 04:00:00",2.71,66.75,3.27,1.8
"2023-11-09 05:00:00",3.01,66.03,4.05,1.94
"2023-11-09 06:00:00",3.41,67.78,4.2,2.29
"2023-11-09 07:00:00",4.25,67.29,5.09,2.6
"2023-11-09 08:00:00",6.85,70.5,6.8,3.07
"2023-11-09 09:00:00",9.2,67.95,6.89,3.15
"2023-11-09 10:00:00",10.11,67.18,7.26,3.5
"2023-11-09 11:00:00",7.47,67.66,7.34,3.87
"2023-11-09 12:00:00",9.97,73,5.19,2.71
"2023-11-09 13:00:00",8.57,75.03,4.98,2.55
"2023-11-09 14:00:00",7.87,78.81,3.81,1.56
"2023-11-09 15:00:00",9.49,72.9,5.72,2.79
"2023-11-09 16:00:00",10.47,71.2,3.31,1.96
"2023-11-09 17:00:00",16.45,56.87,4.43,3.08
"2023-11-09 18:00:00",15.62,56.71,8.17,4.61
"2023-11-09 19:00:00",9.18,64.32,7.83,3.88
"2023-11-09 20:00:00",11.69,59.91,5.93,3.58
"2023-11-09 21:00:00",18.69,47.39,7.52,4.54
"2023-11-09 22:00:00",8.81,61.39,7.45,4.07
"2023-11-09 23:00:00",5.94,56.9,10.72,7
"2023-11-10 00:00:00",5.32,57.85,10.33,6.54
"2023-11-10 01:00:00",4.22,61.81,8.2,4.95
"2023-11-10 02:00:00",3,65.14,9.38,5.64
"2023-11-10 03:00:00",1.62,69.62,6.74,4.72
"2023-11-10 04:00:00",3.66,85.03,3.61,2.3
"2023-11-10 05:00:00",3.63,80,4.56,2.78
"2023-11-10 06:00:00",3.97,75.24,3.87,2.2
"2023-11-10 07:00:00",4.24,66.44,3.61,2.42
"2023-11-10 08:00:00",5.61,64.07,4.04,2.4
"2023-11-10 09:00:00",10.62,59.45,4.54,2.34
"2023-11-10 10:00:00",12.58,60.34,5.41,2.17
"2023-11-10 11:00:00",10.14,63.15,4.42,1.93
"2023-11-10 12:00:00",8.86,65.49,4.87,2
"2023-11-10 13:00:00",10.13,63,6.51,2.58
"2023-11-10 14:00:00",12.36,60.54,7.98,3.53
"2023-11-10 15:00:00",10.57,59.66,8.01,3.86
"2023-11-10 16:00:00",13.55,56.96,10.78,4.96
"2023-11-10 17:00:00",19.79,47.95,14.08,6.91
"2023-11-10 18:00:00",32.75,33.38,17.81,10.38
"2023-11-10 19:00:00",26.34,37.9,20.66,11.94
"2023-11-10 20:00:00",8.14,56.22,15.73,8.09
"2023-11-10 21:00:00",7.31,57.72,13.38,7.46
"2023-11-10 22:00:00",7.91,59.56,9.69,5.18
"2023-11-10 23:00:00",8.21,53.14,11.83,6.67
"2023-11-11 00:00:00",11.87,50.48,12.81,7.73
"2023-11-11 01:00:00",6.69,51.19,9.99,6.21
"2023-11-11 02:00:00",8.57,48.49,9.75,5.47
"2023-11-11 03:00:00",5.14,47.14,7.95,5.11
"2023-11-11 04:00:00",13.67,36.14,7.06,4.23
"2023-11-11 05:00:00",6.7,48.06,6.71,3.79
"2023-11-11 06:00:00",4.92,47.11,6.75,3.64
"2023-11-11 07:00:00",9.3,31.08,6.53,3.97
"2023-11-11 08:00:00",16.92,14.92,6.4,4.14
"2023-11-11 09:00:00",21.04,10.48,9.76,6.7
"2023-11-11 10:00:00",24,16.01,10.71,5.78
"2023-11-11 11:00:00",22.75,16.59,13.14,9.27
"2023-11-11 12:00:00",21.14,24.86,14.93,9.97
"2023-11-11 13:00:00",25.62,23.14,20.08,14.21
"2023-11-11 14:00:00",16.86,34.1,17.37,11.41
"2023-11-11 15:00:00",14.39,40.32,12.74,7.37
"2023-11-11 16:00:00",18.41,37.18,13.95,9.74
"2023-11-11 17:00:00",15.67,54.95,11.21,9.19
"2023-11-11 18:00:00",11.73,63.81,9.15,7.39
"2023-11-11 19:00:00",9.66,69.15,9.4,6.85
"2023-11-11 20:00:00",8.63,69.4,9.88,6.48
"2023-11-11 21:00:00",8.02,71.54,8.31,4.93
"2023-11-11 22:00:00",7.72,70.32,8.51,5.28
"2023-11-11 23:00:00",8.09,68.42,8.57,4.82
"2023-11-12 00:00:00",8.81,67.49,9.61,5.27
"2023-11-12 01:00:00",6.01,74.56,7.15,4.39
"2023-11-12 02:00:00",6.48,76,6.59,3.77
"2023-11-12 03:00:00",6.55,79.47,5.43,2.99
"2023-11-12 04:00:00",5.99,81.18,4.79,2.75
"2023-11-12 05:00:00",6.15,79.58,2.92,1.97
"2023-11-12 06:00:00",5.79,78.97,1.92,1.35
"2023-11-12 07:00:00",4.95,77,5.65,2.8
"2023-11-12 08:00:00",4.16,68.84,7.71,3.76
"2023-11-12 09:00:00",3.88,66,10.16,5.23
"2023-11-12 10:00:00",5.93,62.32,16.17,8.53
"2023-11-12 11:00:00",5.91,69.46,25.77,13.64
"2023-11-12 12:00:00",5.38,78.26,16.82,8.99
"2023-11-12 13:00:00",5.45,74.96,13.22,7.49
"2023-11-12 14:00:00",6.62,72.24,7.48,4.95
"2023-11-12 15:00:00",7.39,70.83,12.61,7.05
"2023-11-12 16:00:00",8.09,70.17,23.85,12.27
"2023-11-12 17:00:00",7.91,68.39,32.06,17.16
"2023-11-12 18:00:00",7.31,71.27,33.57,18.09
"2023-11-12 19:00:00",6.39,75.56,34.44,18.53
"2023-11-12 20:00:00",6.49,79.04,34.03,20.68
"2023-11-12 21:00:00",6.03,80.03,37.12,22.62
"2023-11-12 22:00:00",5.75,79.98,34.62,21.37
"2023-11-12 23:00:00",5.37,81.47,20.64,13.46
"2023-11-13 00:00:00",5.45,80.79,11.68,7.9
"2023-11-13 01:00:00",6.22,81.3,3.3,2.29
"2023-11-13 02:00:00",4.93,83.35,3.67,2.46
"2023-11-13 03:00:00",4.72,85.36,3.47,2.2
"2023-11-13 04:00:00",3.84,83.51,9.69,6.81
"2023-11-13 05:00:00",2.44,89.34,17.28,11.02
"2023-11-13 06:00:00",2.03,89.49,5.84,3.38
"2023-11-13 07:00:00",3.41,86.79,6.91,3.52
"2023-11-13 08:00:00",5.66,82.93,5.25,2.53
"2023-11-13 09:00:00",10.7,75.01,5.79,3.19
"2023-11-13 10:00:00",8.06,75.99,8.41,4.1
"2023-11-13 11:00:00",8.71,73.03,9.03,4.68
"2023-11-13 12:00:00",8.32,71.28,10.36,5.09
"2023-11-13 13:00:00",8.28,68.95,16.63,6.53
"2023-11-13 14:00:00",8.65,67.77,12.45,6.82
"2023-11-13 15:00:00",10.41,63.65,14.11,6.73
"2023-11-13 16:00:00",11.33,61.02,10.82,6.53
"2023-11-13 17:00:00",15.09,52.94,17.01,9.71
"2023-11-13 18:00:00",12.32,58.03,20.64,12.54
"2023-11-13 19:00:00",9.44,61.04,24.39,14.71
"2023-11-13 20:00:00",9.2,62.13,27.97,16.12
"2023-11-13 21:00:00",6.05,68.06,31.17,17.75
"2023-11-13 22:00:00",5.39,69.57,35.14,19.16
"2023-11-13 23:00:00",5.39,71.41,36.2,18.98
"2023-11-14 00:00:00",2.82,77.42,33,17.95
"2023-11-14 01:00:00",2.61,78.5,32.08,16.76
"2023-11-14 02:00:00",2.65,78.27,24.75,13.76
"2023-11-14 03:00:00",2.61,78.59,24.94,14
"2023-11-14 04:00:00",2.61,76.95,22.52,12.55
"2023-11-14 05:00:00",2.99,77.96,19.31,10.72
"2023-11-14 06:00:00",3.88,72.5,19.62,10.5
"2023-11-14 07:00:00",6.23,66.69,15.13,8.71
"2023-11-14 08:00:00",9.24,60.69,15.9,8.62
"2023-11-14 09:00:00",15.42,53.11,12.99,7.17
"2023-11-14 10:00:00",14.71,55.33,8.85,5.01
"2023-11-14 11:00:00",16.59,63.72,7.28,4.1
"2023-11-14 12:00:00",12.01,64.69,8.53,4.44
"2023-11-14 13:00:00",8.9,65.15,10.16,4.61
"2023-11-14 14:00:00",16,56.99,8.98,3.97
"2023-11-14 15:00:00",16.71,59.71,5.67,2.94
"2023-11-14 16:00:00",16.36,60.53,6.1,2.82
"2023-11-14 17:00:00",17.84,56.01,9.58,3.96
"2023-11-14 18:00:00",30.98,41.52,14.2,5.5
"2023-11-14 19:00:00",10.89,64,8.2,4.06
"2023-11-14 20:00:00",13.47,67.15,7.3,3.69
"2023-11-14 21:00:00",7.63,67.24,7.95,3.83
"2023-11-14 22:00:00",8.03,56.63,9.36,5.66
"2023-11-14 23:00:00",7.43,53.49,9.71,5.63
"2023-11-14 23:01:00",,,,
"2023-11-15 00:01:00",,,,
"2023-11-15 08:00:00",20.07,50.53,15.11,6.69
"2023-11-15 09:00:00",35.17,29.93,17.11,7.18
"2023-11-15 10:00:00",31.58,26,17.45,7.23
"2023-11-15 11:00:00",14.16,50.84,13.52,6.26
"2023-11-15 12:00:00",11.91,56.7,12.28,5.26
"2023-11-15 13:00:00",11.51,56.98,11.29,4.87
"2023-11-15 14:00:00",14.43,55.21,11.2,5.04
"2023-11-15 15:00:00",20.32,44.64,14.72,6.87
"2023-11-15 16:00:00",27.12,33.07,16.82,8.65
"2023-11-15 17:00:00",42.8,12.79,29.42,17.1
"2023-11-15 18:00:00",48.52,4.95,31.88,19.94
"2023-11-15 19:00:00",47.24,4.79,49.79,37.88
"2023-11-15 20:00:00",46.31,5.96,94.45,83.57
"2023-11-15 21:00:00",42.2,5.38,104.59,92.42
"2023-11-15 22:00:00",39.67,4.64,62.53,51.98
"2023-11-15 23:00:00",32.36,15.59,50.03,40.52
"2023-11-16 00:00:00",24.6,26.01,37.13,28.26
"2023-11-16 01:00:00",23.56,33.39,24.64,16.36
"2023-11-16 02:00:00",15.02,43.96,16.52,10.65
"2023-11-16 03:00:00",16.9,36.74,14.03,9.4
"2023-11-16 04:00:00",13.17,39.82,14.89,9.32
"2023-11-16 05:00:00",9.64,42.85,12.49,7.48
"2023-11-16 06:00:00",9.75,41.75,11.11,6.35
"2023-11-16 07:00:00",16.46,28.22,11.26,5.92
"2023-11-16 08:00:00",23.36,22.32,13.73,6.7
"2023-11-16 09:00:00",33.06,14.34,14.26,7.1
"2023-11-16 10:00:00",46.84,8.75,19.45,10.26
"2023-11-16 11:00:00",38.97,11.06,24.18,10.68
"2023-11-16 12:00:00",19.23,50.51,10.2,4.02
"2023-11-16 13:00:00",10.56,72.66,5.67,2
"2023-11-16 14:00:00",9.45,74.38,5.75,2.41
"2023-11-16 15:00:00",7.78,75.75,4.3,2.36
"2023-11-16 16:00:00",7.9,71.26,5.23,2.67
"2023-11-16 17:00:00",17.84,53.71,3.46,1.6
"2023-11-16 18:00:00",29.84,43.4,5.83,2.79
"2023-11-16 19:00:00",15.34,65.63,8.79,4.51
"2023-11-16 20:00:00",11.22,62.05,13.46,9.48
"2023-11-16 21:00:00",12.12,62.78,10.58,6.45
"2023-11-16 22:00:00",6.87,76.14,11.02,4.65
"2023-11-16 23:00:00",13.98,69,13.46,6.01
"2023-11-17 00:00:00",8.76,63.98,14.3,7.19
"2023-11-17 01:00:00",4.06,62.4,13.95,6.66
"2023-11-17 02:00:00",3.31,62.31,13.55,6.56
"2023-11-17 03:00:00",2.48,67.68,14.46,6.83
"2023-11-17 04:00:00",2.37,64.61,12.78,6.36
"2023-11-17 05:00:00",2.3,70.34,10.52,5.44
"2023-11-17 06:00:00",6.1,62.76,8.69,4.65
"2023-11-17 07:00:00",14.6,47.88,9.58,5.35
"2023-11-17 08:00:00",29.08,20.55,9.09,5.21
"2023-11-17 09:00:00",42.24,8.32,12.75,8.08
"2023-11-17 10:00:00",49.96,7.29,19.16,13.46
"2023-11-17 11:00:00",45.38,9.4,20.73,14.25
"2023-11-17 12:00:00",38.35,21.33,20.85,13.7
"2023-11-17 13:00:00",11.1,51.64,20.07,11.05
"2023-11-17 14:00:00",15.94,48.51,24.92,12.57
"2023-11-17 15:00:00",22.72,43.45,25.73,14.54
"2023-11-17 16:00:00",11.22,68.13,18.3,13.1
"2023-11-17 17:00:00",7.98,78.91,9.34,6.44
"2023-11-17 18:00:00",6.9,82.52,8.09,5.87
"2023-11-17 19:00:00",5.21,85.07,6.23,4.69
"2023-11-17 20:00:00",4.64,84.48,3.97,3.24
"2023-11-17 21:00:00",5.21,86.16,4.78,3.68
"2023-11-17 22:00:00",7.8,84.95,5.97,4.37
"2023-11-17 23:00:00",7.81,78.42,6.54,4.39
"2023-11-18 00:00:00",5.57,68.57,3.05,2.14
"2023-11-18 01:00:00",4.35,60.27,2.28,1.42
"2023-11-18 02:00:00",3.18,55.58,3.76,2.59
"2023-11-18 03:00:00",2.37,58.01,5.06,3.53
"2023-11-18 04:00:00",2.29,59.98,7.89,4.81
"2023-11-18 05:00:00",2.94,62.1,16.9,10.77
"2023-11-18 06:00:00",2.86,63.34,14.06,8.86
"2023-11-18 07:00:00",2.21,65.24,21.17,12.31
"2023-11-18 08:00:00",2.93,68.42,20.7,12.45
"2023-11-18 09:00:00",3.66,70.58,23.79,14.16
"2023-11-18 10:00:00",5.08,72.22,28.19,17.08
"2023-11-18 11:00:00",5.97,73.51,34.78,21.01
"2023-11-18 12:00:00",7,72.85,38.02,22.13
"2023-11-18 13:00:00",7.72,70.93,36.65,21.66
"2023-11-18 14:00:00",6.12,74.63,35.38,20.75
"2023-11-18 15:00:00",5.65,75.89,38.11,22.97
"2023-11-18 16:00:00",5.35,75.42,37.51,22.32
"2023-11-18 17:00:00",4.9,76.2,35.77,21.2
"2023-11-18 18:00:00",5.04,76.19,26.17,15.97
"2023-11-18 19:00:00",5.29,76.63,27.63,16.32
"2023-11-18 20:00:00",4.75,80.35,33.23,19.13
"2023-11-18 21:00:00",3.51,82.25,33.64,20.06
"2023-11-18 22:00:00",2.76,83.82,30.66,18.42
"2023-11-18 23:00:00",3.52,77.35,16.15,9.86
"2023-11-19 00:00:00",2.95,79.24,22.75,13.03
"2023-11-19 01:00:00",2.92,79.32,25.18,13.44
"2023-11-19 02:00:00",2.95,82.33,25.59,14.09
"2023-11-19 03:00:00",2.16,82.97,23.89,13.85
"2023-11-19 04:00:00",1.92,83.67,23.5,13.5
"2023-11-19 05:00:00",2.36,81.71,19.54,10.82
"2023-11-19 06:00:00",2.35,83.26,19.63,11.31
"2023-11-19 07:00:00",2.41,84.31,15.55,9.53
"2023-11-19 08:00:00",2.3,79.62,9.61,6.15
"2023-11-19 09:00:00",2.27,75.94,4,2.6
"2023-11-19 10:00:00",2.91,70.98,1.57,0.87
"2023-11-19 11:00:00",4.6,68.63,1.6,0.9
"2023-11-19 12:00:00",3.67,70.1,3.35,1.9
"2023-11-19 13:00:00",3.87,69.76,3.07,1.89
"2023-11-19 14:00:00",5.73,67.62,2.45,1.36
"2023-11-19 15:00:00",10.6,68.14,5.42,3.06
"2023-11-19 16:00:00",9.93,71.53,9.83,5.18
"2023-11-19 17:00:00",8.25,72.11,11.27,6.3
"2023-11-19 18:00:00",9.43,60.3,21.56,14.52
"2023-11-19 19:00:00",8.74,58.33,19.31,12.67
"2023-11-19 20:00:00",7.05,62.28,16.33,9.83
"2023-11-19 21:00:00",5.71,66.68,21.23,11.74
"2023-11-19 22:00:00",4.05,73.47,19.36,10.27
"2023-11-19 23:00:00",2.84,75.41,16.25,8.72
"2023-11-20 00:00:00",3.24,75.36,15.87,9.36
"2023-11-20 01:00:00",2.45,73.62,11.24,7.5
"2023-11-20 02:00:00",4.61,57.87,6.68,4.73
"2023-11-20 03:00:00",3.6,57.87,3.22,2.29
"2023-11-20 04:00:00",3.54,61.64,2.67,1.71
"2023-11-20 05:00:00",7.12,59.85,6.02,3.7
"2023-11-20 06:00:00",5.57,61.18,2.85,1.9
"2023-11-20 07:00:00",4.82,63.33,1.39,0.85
"2023-11-20 08:00:00",6.41,63.41,1.91,1.13
"2023-11-20 09:00:00",9.51,55.47,1.24,0.71
"2023-11-20 10:00:00",10.22,49.51,2.94,1.51
"2023-11-20 11:00:00",8.69,47.9,4.47,1.98
"2023-11-20 12:00:00",8.92,48.97,10.24,2.66
"2023-11-20 13:00:00",8.92,49.2,12.64,4.67
"2023-11-20 14:00:00",8.1,50.35,17.3,5.17
"2023-11-20 15:00:00",9.07,51.88,13.84,4.11
"2023-11-20 16:00:00",9.18,50.85,15.73,4.72
"2023-11-20 17:00:00",10.47,50.51,14.34,5.22
"2023-11-20 18:00:00",7.3,52.82,8.05,4.22
"2023-11-20 19:00:00",5.64,54.87,7.06,4.22
"2023-11-20 20:00:00",5,56.03,9.11,5.93
"2023-11-20 21:00:00",6.55,55.01,11.24,7.97
"2023-11-20 22:00:00",6.44,56.24,9.06,5.83
"2023-11-20 23:00:00",5.35,57.55,9.45,5.34
"2023-11-21 00:00:00",4.36,61.38,11.2,6.11
"2023-11-21 01:00:00",4.21,61.49,12.23,6.28
"2023-11-21 02:00:00",3.62,59.38,11.89,6.56
"2023-11-21 03:00:00",4.26,59.73,13.39,6.55
"2023-11-21 04:00:00",4.23,52.99,11.87,6.07
"2023-11-21 05:00:00",3.66,53.86,10.49,5.56
"2023-11-21 06:00:00",4.1,54.47,10.57,5.54
"2023-11-21 07:00:00",6.46,52.97,12.96,5.67
"2023-11-21 08:00:00",8.67,52.81,14.46,5.8
"2023-11-21 09:00:00",12.74,48.14,12.01,5.35
"2023-11-21 10:00:00",15.02,43.61,14.81,5.63
"2023-11-21 11:00:00",11.32,48.56,15.53,5.77
"2023-11-21 12:00:00",11.31,48.7,20.35,6.06
"2023-11-21 13:00:00",12.62,55.48,12.24,5.03
"2023-11-21 14:00:00",13.33,53.6,10.94,4.66
"2023-11-21 15:00:00",14.66,44.04,9.99,4.78
"2023-11-21 16:00:00",22.73,34.42,16.74,8.79
"2023-11-21 17:00:00",34.44,14.49,17.71,6.61
"2023-11-21 18:00:00",40.25,8.1,21.01,10.24
"2023-11-21 19:00:00",33.01,14.4,27.18,20.33
"2023-11-21 20:00:00",36.09,5.64,52.43,45.59
"2023-11-21 21:00:00",27.18,13.65,27.52,21.04
"2023-11-21 22:00:00",31.84,6.06,40.91,35.01
"2023-11-21 23:00:00",32.25,6.55,41.08,34.56
"2023-11-22 00:00:00",20.98,17.03,18.63,15.13
"2023-11-22 01:00:00",15.46,19.76,17.38,13.22
"2023-11-22 02:00:00",13.96,16.04,15.27,12.27
"2023-11-22 03:00:00",14.42,12.7,15.37,12.46
"2023-11-22 04:00:00",10.68,14.07,10.77,8.17
"2023-11-22 05:00:00",7.16,14.77,7,4.98
"2023-11-22 06:00:00",11.67,10.39,7.15,5.07
"2023-11-22 07:00:00",18.93,8.78,7.74,5.74
"2023-11-22 08:00:00",25.4,6.22,7.77,5.22
"2023-11-22 09:00:00",32.87,5.63,10.72,5.54
"2023-11-22 10:00:00",45.47,10.56,11.29,5.48
"2023-11-22 11:00:00",35.07,23.69,9.44,5.29
"2023-11-22 12:00:00",20.49,54.93,6.05,2.38
"2023-11-22 13:00:00",14.77,61.17,6.22,2.09
"2023-11-22 14:00:00",19.23,57.12,5.41,1.92
"2023-11-22 15:00:00",20.88,55.59,5.7,2
"2023-11-22 16:00:00",19.82,58.6,4.57,1.73
"2023-11-22 17:00:00",33.77,51.73,4.59,1.71
"2023-11-22 18:00:00",21.09,58.17,4.81,1.53
"2023-11-22 19:00:00",16.51,60.77,4.78,1.99
"2023-11-22 20:00:00",14.62,64.08,4.14,1.98
"2023-11-22 21:00:00",12.14,63.09,3.82,2.41
"2023-11-22 22:00:00",8.86,70.07,2.49,1.62
"2023-11-22 23:00:00",6.22,73.66,1.82,1.17
"2023-11-23 00:00:00",6.48,70.65,2.14,1.27
"2023-11-23 01:00:00",6.56,70.97,2.05,1.28
"2023-11-23 02:00:00",7.32,73.82,2.55,1.55
"2023-11-23 03:00:00",9.12,75.83,2.84,1.74
"2023-11-23 04:00:00",7.62,76.56,4.36,2.35
"2023-11-23 05:00:00",7.29,71.66,5.71,3.17
"2023-11-23 06:00:00",7.35,71.33,6.7,3.58
"2023-11-23 07:00:00",19.82,40.36,6.35,3.59
"2023-11-23 08:00:00",28.23,34.29,6.12,3.19
"2023-11-23 09:00:00",10.16,71.9,2.01,0.73
"2023-11-23 10:00:00",10.55,71.3,2.63,1.07
"2023-11-23 11:00:00",15.24,70.04,3.23,1.21
"2023-11-23 12:00:00",15.49,68.94,4.48,1.44
"2023-11-23 13:00:00",15.41,64.45,5.84,1.93
"2023-11-23 14:00:00",12.36,64.48,4.99,1.78
"2023-11-23 15:00:00",18.83,54.78,5.86,2.25
"2023-11-23 16:00:00",12.34,61.61,7,3.2
"2023-11-23 17:00:00",10.83,64.9,8.13,3.88
"2023-11-23 18:00:00",11.38,64.16,8.98,5.26
"2023-11-23 19:00:00",9.17,65.12,9.91,6.17
"2023-11-23 20:00:00",8.23,62.9,9.69,6.44
"2023-11-23 21:00:00",8.56,62.26,10.45,6.56
"2023-11-23 22:00:00",8.73,59.15,7.71,5.46
"2023-11-23 23:00:00",7.97,58.52,7.97,5.21
"2023-11-24 00:00:00",6.2,61.08,5.35,3.53
"2023-11-24 01:00:00",7.59,58.62,3.96,2.68
"2023-11-24 02:00:00",6.78,64.12,1.57,0.89
"2023-11-24 03:00:00",5.81,62.03,1.72,1.2
"2023-11-24 04:00:00",5.78,64.24,5.32,3.04
"2023-11-24 05:00:00",6.44,71.45,9.81,5.1
"2023-11-24 06:00:00",7.49,67.41,12.12,5.77
"2023-11-24 07:00:00",9.18,64.07,15.7,7.38
"2023-11-24 08:00:00",14.53,54,21.96,9.25
"2023-11-24 09:00:00",34.59,28.49,23.47,9.97
"2023-11-24 10:00:00",25.45,37.83,25.52,10.29
"2023-11-24 11:00:00",17.12,46.01,27.7,10.8
"2023-11-24 12:00:00",13.66,59.58,22.98,10.44
"2023-11-24 13:00:00",14.86,63.9,20.86,9.98
"2023-11-24 14:00:00",13.63,71.43,17.85,8.58
"2023-11-24 15:00:00",13.97,76.91,18.66,9.4
"2023-11-24 16:00:00",20.82,69.87,20.53,12.4
"2023-11-24 17:00:00",20.98,67.66,26.65,19.29
"2023-11-24 18:00:00",22.15,65.38,25.59,19.12
"2023-11-24 19:00:00",29.17,52.58,32.11,23.84
"2023-11-24 20:00:00",36.12,36.62,43.56,36.66
"2023-11-24 21:00:00",35.97,26.12,23.61,17.01
"2023-11-24 22:00:00",32.58,35.04,42.86,38.15
"2023-11-24 23:00:00",31.87,30.02,33.38,27.23
"2023-11-25 00:00:00",18.45,37.34,16.98,12.91
"2023-11-25 01:00:00",16.23,39.89,25.84,21.75
"2023-11-25 02:00:00",13.77,29.87,15.97,13.38
"2023-11-25 03:00:00",8.82,28.2,8.74,6.4
"2023-11-25 04:00:00",9.02,22.89,9.67,7.66
"2023-11-25 05:00:00",10.96,29.38,10.64,7.45
"2023-11-25 06:00:00",10.26,34.71,10.32,7.13
"2023-11-25 07:00:00",12.44,38.26,9.92,6.7
"2023-11-25 08:00:00",15.61,39.09,10.25,6.77
"2023-11-25 09:00:00",29.33,16.48,12.43,7.73
"2023-11-25 10:00:00",28.23,18.1,16.05,10.87
"2023-11-25 11:00:00",26.7,32.9,19.81,14.79
"2023-11-25 12:00:00",24.56,34.74,17.58,11.66
"2023-11-25 13:00:00",19.22,41.45,14.94,8.53
"2023-11-25 14:00:00",23.29,33.97,16.32,10.37
"2023-11-25 15:00:00",26.45,27.78,23.76,16.92
"2023-11-25 16:00:00",30.5,20.81,39.79,33.53
"2023-11-25 17:00:00",40.01,13.83,35.78,31.26
"2023-11-25 18:00:00",33.03,32.58,30.6,26.04
"2023-11-25 19:00:00",15.33,63.38,25.16,18
"2023-11-25 20:00:00",13.07,62.94,19.65,14.61
"2023-11-25 21:00:00",9,70.26,12.54,9.59
"2023-11-25 22:00:00",8.41,71.92,10.93,7.76
"2023-11-25 23:00:00",8.5,68.38,10.77,7.05
"2023-11-26 00:00:00",7.11,73.08,8.87,5.34
"2023-11-26 01:00:00",6.17,77.91,6.74,3.26
"2023-11-26 02:00:00",5.87,76.8,5.48,2.98
"2023-11-26 03:00:00",5.85,74.33,7.07,3.52
"2023-11-26 04:00:00",5.78,79.18,6.71,3.27
"2023-11-26 05:00:00",5.22,79.39,7.6,3.54
"2023-11-26 06:00:00",5.08,78.58,8.11,3.82
"2023-11-26 07:00:00",5.52,77.46,7.85,3.91
"2023-11-26 08:00:00",5.69,76.77,8.44,4.49
"2023-11-26 09:00:00",6.04,73.71,8.23,3.83
"2023-11-26 10:00:00",6.18,70.56,3.9,2.27
"2023-11-26 11:00:00",5.84,73.85,4.08,2.46
"2023-11-26 12:00:00",6.37,73.16,4.35,3.16
"2023-11-26 13:00:00",7.92,73.59,4.65,3.68
"2023-11-26 14:00:00",8.36,73.04,4.7,4.01
"2023-11-26 15:00:00",10.04,67.63,6.59,5.64
"2023-11-26 16:00:00",11.92,60.24,2.9,2.23
"2023-11-26 17:00:00",10.12,51.09,4.83,3.14
"2023-11-26 18:00:00",11.35,48.83,5.07,3.41
"2023-11-26 19:00:00",19.91,36.82,4.63,2.75
"2023-11-26 20:00:00",18.59,42.75,5.23,2.81
"2023-11-26 21:00:00",13.93,47.6,5.32,4.04
"2023-11-26 22:00:00",23.34,33.62,6.04,4.81
"2023-11-26 23:00:00",10.03,42.55,4.73,2.94
"2023-11-27 00:00:00",7.55,43.91,4.9,3.53
"2023-11-27 01:00:00",7.12,42.77,6.11,4.31
"2023-11-27 02:00:00",6.47,39.81,5.5,3.66
"2023-11-27 03:00:00",11.23,39.11,4.1,2.34
"2023-11-27 04:00:00",6.43,44.03,4.99,2.36
"2023-11-27 05:00:00",4.14,62.58,3.29,1.7
"2023-11-27 06:00:00",4.66,61.46,3.54,2.08
"2023-11-27 07:00:00",7,59.55,2.52,1.52
"2023-11-27 08:00:00",10.41,53.46,1.72,1.04
"2023-11-27 09:00:00",12.32,52.95,1.62,0.91
"2023-11-27 10:00:00",12.68,55.42,1.67,0.7
"2023-11-27 11:00:00",11.66,57.36,2.88,0.79
"2023-11-27 12:00:00",10.88,52.92,2.34,0.77
"2023-11-27 13:00:00",11.3,50.98,3.17,1.27
"2023-11-27 14:00:00",11.55,56.67,5.59,3.35
"2023-11-27 15:00:00",12.5,56.2,7.77,4.64
"2023-11-27 16:00:00",12.77,55.53,6.73,3.19
"2023-11-27 17:00:00",20.31,43.76,9.17,5.55
"2023-11-27 18:00:00",18.6,43.3,17.22,13.27
"2023-11-27 19:00:00",14.48,44.97,12.99,9.92
"2023-11-27 20:00:00",13.97,36.91,9.89,6.66
"2023-11-27 21:00:00",21.31,29.51,14.74,12.35
"2023-11-27 22:00:00",10.37,50.24,8.8,5.22
"2023-11-27 23:00:00",9.03,52.64,11.6,6.9
"2023-11-28 00:00:00",9.48,50.78,13.13,8.92
"2023-11-28 01:00:00",7.06,51.98,9.68,6.52
"2023-11-28 02:00:00",5.71,50.75,9.86,5.98
"2023-11-28 03:00:00",4.99,49.59,8.93,6.06
"2023-11-28 04:00:00",4.87,46.64,9.08,5.78
"2023-11-28 05:00:00",5.48,46.12,9.65,6.12
"2023-11-28 06:00:00",7.53,43.01,9.55,6.2
"2023-11-28 07:00:00",8.77,40.47,9.21,6.11
"2023-11-28 08:00:00",13.83,32.95,10.43,6.53
"2023-11-28 09:00:00",19.36,31.46,10.39,6.54
"2023-11-28 10:00:00",22.54,31.92,13.52,7.85
"2023-11-28 11:00:00",15.99,35.32,13.67,7.21
"2023-11-28 12:00:00",15.34,35.49,10.25,6.41
"2023-11-28 13:00:00",16.9,35.54,15.23,8.51
"2023-11-28 14:00:00",16.61,35.54,15.89,7.29
"2023-11-28 15:00:00",20.46,40.11,14.18,6.94
"2023-11-28 16:00:00",26.77,31.28,12.8,6
"2023-11-28 17:00:00",35.55,19.64,11.07,7.21
"2023-11-28 18:00:00",41.43,17.27,27.49,18.35
"2023-11-28 19:00:00",34.17,18.84,18.99,13.72
"2023-11-28 20:00:00",36,11.07,21.77,16.95
"2023-11-28 21:00:00",38.03,8.71,52.99,48.12
"2023-11-28 22:00:00",26.74,17.43,26.24,23.58
"2023-11-28 23:00:00",23.73,19.49,12.78,10.27
"2023-11-29 00:00:00",15.85,31.14,15.52,12.83
"2023-11-29 01:00:00",12.17,34.79,13.87,11.58
"2023-11-29 02:00:00",13.38,27.9,15.89,13.23
"2023-11-29 03:00:00",11.03,23.03,15.18,13.21
"2023-11-29 04:00:00",11.55,22.3,13.47,11.6
"2023-11-29 05:00:00",8.98,20.33,10.84,8.94
"2023-11-29 06:00:00",9.69,19.43,11.63,9.83
"2023-11-29 07:00:00",13.64,14.66,11.96,10.39
"2023-11-29 08:00:00",16.41,17.34,13.01,11.47
"2023-11-29 09:00:00",25.56,9.86,14.34,12.05
"2023-11-29 10:00:00",28.55,9.37,19.9,15.01
"2023-11-29 11:00:00",20.5,20.97,14.09,11.6
"2023-11-29 12:00:00",17.97,26.06,13.09,11.29
"2023-11-29 13:00:00",18.72,27.85,15.55,12.4
"2023-11-29 14:00:00",16.04,44.82,15.82,11.62
"2023-11-29 15:00:00",16.16,46.84,16.87,13.38
"2023-11-29 16:00:00",26.72,33.92,26.81,21.93
"2023-11-29 17:00:00",26.53,29.26,22.19,18.68
"2023-11-29 18:00:00",23.62,34.84,23.09,20.32
"2023-11-29 19:00:00",25.23,31.36,30.36,26.97
"2023-11-29 20:00:00",22.55,24.36,23.11,21.32
"2023-11-29 21:00:00",17.25,45.38,17.48,15.29
"2023-11-29 22:00:00",14.51,48.87,16.81,13.74
"2023-11-29 23:00:00",14.17,45.73,12.61,10.29
"2023-11-30 00:00:00",12.57,46.63,11.09,9.03
"2023-11-30 01:00:00",10.32,49.23,8.31,6.81
"2023-11-30 02:00:00",10.33,67.35,9.27,7.58
"2023-11-30 03:00:00",9.39,65.15,10.11,8.69
"2023-11-30 04:00:00",7.61,65.18,8.58,7.49
"2023-11-30 05:00:00",6.39,64.47,8.46,7.52
"2023-11-30 06:00:00",5.37,64.18,5.89,5.37
"2023-11-30 07:00:00",6,65.37,3.35,2.88
"2023-11-30 08:00:00",8.21,61.03,3.66,2.95
"2023-11-30 09:00:00",13.62,55.98,4.49,3.23
"2023-11-30 10:00:00",17.18,55.01,6.29,3.47
"2023-11-30 11:00:00",7.79,67.56,4.07,2.87
"2023-11-30 12:00:00",8.67,64.61,5.15,3.38
"2023-11-30 13:00:00",14.02,59.47,8.05,5.01
"2023-11-30 14:00:00",10.96,66.27,10.67,7.27
"2023-11-30 15:00:00",13.61,55.03,10.31,7.06
"2023-11-30 16:00:00",18.06,48.51,17.15,13.42
"2023-11-30 17:00:00",17.62,47.9,16.26,14.3
"2023-11-30 18:00:00",21.05,41.26,19.46,17.65
"2023-11-30 19:00:00",21.63,39.48,22.7,20.59
"2023-11-30 20:00:00",18.13,43.63,17.42,16.1
"2023-11-30 21:00:00",15.98,46.64,18.83,17.26
"2023-11-30 22:00:00",16.58,41.33,15.62,13.9
"2023-11-30 23:00:00",14.58,40.41,11.25,9.65
"2023-12-01 00:00:00",12.39,40.62,12.49,11.04
"2023-12-01 01:00:00",10.54,42.33,13.84,11.97
"2023-12-01 02:00:00",9.32,42.6,12.69,11.22
"2023-12-01 03:00:00",8.27,44.57,13.38,11.55
"2023-12-01 04:00:00",7.42,47.52,10.1,8.58
"2023-12-01 05:00:00",7.52,44.63,10.61,9.6
"2023-12-01 06:00:00",9.6,43.27,11.98,10.41
"2023-12-01 07:00:00",11.46,43.32,10.96,9.65
"2023-12-01 08:00:00",14.76,39.83,11.67,9.76
"2023-12-01 09:00:00",22.03,31.25,12.14,10.19
"2023-12-01 10:00:00",20.05,34.76,14.54,11.03
"2023-12-01 11:00:00",18.44,36.09,20.05,11.29
"2023-12-01 12:00:00",13.81,44.82,12.25,9.97
"2023-12-01 13:00:00",13.58,46.8,14.23,9.28
"2023-12-01 14:00:00",14.26,48.04,11.64,7.83
"2023-12-01 15:00:00",17.98,44.52,18.05,11.48
"2023-12-01 16:00:00",22.32,44,20.99,15.22
"2023-12-01 17:00:00",34.36,24.22,32.88,26.26
"2023-12-01 18:00:00",34.02,19.54,47.37,39.88
"2023-12-01 19:00:00",29.87,19.91,35.92,30.71
"2023-12-01 20:00:00",27.27,19.91,28.16,23.34
"2023-12-01 21:00:00",27.04,20.16,56.47,52.56
"2023-12-01 22:00:00",26.77,19.8,75.81,72.18
"2023-12-01 23:00:00",20.01,19.46,37.49,34.12
"2023-12-02 00:00:00",21.32,20.38,52.16,49.34
"2023-12-02 01:00:00",22.16,21.38,83.69,81.13
"2023-12-02 02:00:00",18.12,21.04,96.87,93.5
"2023-12-02 03:00:00",16.48,21.18,56.98,54.67
"2023-12-02 04:00:00",15.44,21.87,69.98,67.34
"2023-12-02 05:00:00",12.38,21.7,53.33,51.14
"2023-12-02 06:00:00",11.67,21.58,51.91,49.68
"2023-12-02 07:00:00",14.97,21.98,29.33,27.72
"2023-12-02 08:00:00",19.65,22.13,17.79,16.37
"2023-12-02 09:00:00",21.28,21.94,19.92,17.08
"2023-12-02 10:00:00",23.16,22.87,24.06,21.05
"2023-12-02 11:00:00",31.51,24.03,75.25,70.26
"2023-12-02 12:00:00",38.76,25.43,59.66,54.46
"2023-12-02 13:00:00",34.78,36.45,29.96,27.83
"2023-12-02 14:00:00",13.61,63.59,5.52,4.08
"2023-12-02 15:00:00",17.98,55.29,8.75,7.55
"2023-12-02 16:00:00",33.28,34.74,8.68,7.46
"2023-12-02 17:00:00",49.1,20.23,56.67,54.32
"2023-12-02 18:00:00",50.83,18.81,81.29,77.73
"2023-12-02 19:00:00",49.78,17.94,83.76,80.92
"2023-12-02 20:00:00",36.5,18.46,31.62,29.63
"2023-12-02 21:00:00",31.23,17.88,52.82,50.76
"2023-12-02 22:00:00",26.79,18.56,56.55,54.91
"2023-12-02 23:00:00",31.28,19.67,153.71,150.84
"2023-12-03 00:00:00",19.82,18.25,65.02,63.45
"2023-12-03 01:00:00",17.54,18.88,56.62,55.39
"2023-12-03 02:00:00",17.37,19.47,63.01,61.51
"2023-12-03 03:00:00",15.02,19.31,34.98,34.29
"2023-12-03 04:00:00",15.21,19.39,31.09,30.49
"2023-12-03 05:00:00",15.94,20.28,28.01,27.35
"2023-12-03 06:00:00",12.88,34.92,11.52,10.99
"2023-12-03 07:00:00",12.85,41.55,9.15,8.34
"2023-12-03 08:00:00",10.52,46.43,11.42,10.85
"2023-12-03 09:00:00",9.26,52.53,6.44,5.73
"2023-12-03 10:00:00",13.11,45.36,8.5,7.91
"2023-12-03 11:00:00",15.19,38.92,11.6,11.07
"2023-12-03 12:00:00",15.5,35.68,17.68,17.11
"2023-12-03 13:00:00",14.64,38.11,15.23,14.33
"2023-12-03 14:00:00",15.41,38.29,20.37,19.78
"2023-12-03 15:00:00",13.63,35.06,20.71,19.98
"2023-12-03 16:00:00",14.04,35.11,20.96,20.53
"2023-12-03 17:00:00",17.09,33.3,26.67,26.34
"2023-12-03 18:00:00",21.82,31.62,35.82,35.17
"2023-12-03 19:00:00",23.61,31.89,32.53,31.77
"2023-12-03 20:00:00",22.62,41.22,34.09,32.82
"2023-12-03 21:00:00",18.18,46.2,26.35,25.43
"2023-12-03 22:00:00",9.45,71.6,10.84,9.55
"2023-12-03 23:00:00",8.4,68.28,12.24,10.3
"2023-12-04 00:00:00",7.19,67.89,9.33,8.04
"2023-12-04 01:00:00",5.77,69.49,6.87,5.92
"2023-12-04 02:00:00",5.59,70.5,5.76,4.58
"2023-12-04 03:00:00",5.12,71.02,4.92,3.79
"2023-12-04 04:00:00",4.69,66.54,6.34,4.81
"2023-12-04 05:00:00",4.54,65.92,5.78,4.53
"2023-12-04 06:00:00",4.79,63.98,4.68,4.06
"2023-12-04 07:00:00",4.94,62.66,4.87,4.35
"2023-12-04 08:00:00",6.47,61.2,7.03,6.4
"2023-12-04 09:00:00",9.8,60.52,6.68,5.71
"2023-12-04 10:00:00",12.98,57.94,9.76,6.35
"2023-12-04 11:00:00",8,56.63,7.69,6.19
"2023-12-04 12:00:00",8.81,56.54,7.36,5.2
"2023-12-04 13:00:00",10.19,59.84,8.41,5.52
"2023-12-04 14:00:00",10.32,61.13,9.26,5.52
"2023-12-04 15:00:00",10.86,61.36,13.4,5.79
"2023-12-04 16:00:00",8.92,62.28,9.56,7.22
"2023-12-04 17:00:00",9.17,60.34,6.07,4.99
"2023-12-04 18:00:00",9.01,58.89,5.7,4.96
"2023-12-04 19:00:00",7.72,59.1,5.39,4.55
"2023-12-04 20:00:00",7.06,60.76,6.4,5.56
"2023-12-04 21:00:00",7.14,60,5.56,4.4
"2023-12-04 22:00:00",5.92,62.14,4.9,3.65
"2023-12-04 23:00:00",4.8,62.44,4.23,3.39
"2023-12-05 00:00:00",4.38,61.3,4.74,3.92
"2023-12-05 01:00:00",4.18,60.57,5.27,3.98
"2023-12-05 02:00:00",3.95,60.4,5.29,4.1
"2023-12-05 03:00:00",3.94,58.8,5.35,4.29
"2023-12-05 04:00:00",4.59,58.72,5.55,4.49
"2023-12-05 05:00:00",4.94,58.14,6.44,4.73
"2023-12-05 06:00:00",4.91,58.57,6.16,4.64
"2023-12-05 07:00:00",6.72,55.25,6.61,4.91
"2023-12-05 08:00:00",7.48,56.19,5.56,4.36
"2023-12-05 09:00:00",22.33,44.06,7.47,4.73
"2023-12-05 10:00:00",15.78,49.43,6.19,4.17
"2023-12-05 11:00:00",13.88,52.62,7.65,4.17
"2023-12-05 12:00:00",11.28,51.78,7.19,4.67
"2023-12-05 13:00:00",12.35,53.26,10.3,6.56
"2023-12-05 14:00:00",13.63,49.89,10.89,6.74
"2023-12-05 15:00:00",16.98,48.55,10.62,8.48
"2023-12-05 16:00:00",27.18,33.35,12.89,9.83
"2023-12-05 17:00:00",34.9,19.82,20.71,14.49
"2023-12-05 18:00:00",32.11,20.29,18.93,13.45
"2023-12-05 19:00:00",33.67,16.28,20.69,17.01
"2023-12-05 20:00:00",35.86,17.52,57.74,49.51
"2023-12-05 21:00:00",36.54,18.48,128.18,123.49
"2023-12-05 22:00:00",34.63,17.83,152.2,146.82
"2023-12-05 23:00:00",36.46,19.29,160.4,155.86
"2023-12-06 00:00:00",24.44,17.58,47.83,45.01
"2023-12-06 01:00:00",21.29,18.23,51.27,48.52
"2023-12-06 02:00:00",24.99,19.3,38.63,35.25
"2023-12-06 03:00:00",25.45,19.83,34.7,30.55
"2023-12-06 04:00:00",25.01,22.71,19.99,17.84
"2023-12-06 05:00:00",12.02,59.99,6.99,4.3
"2023-12-06 06:00:00",4.82,75.79,6.62,3.09
"2023-12-06 07:00:00",5.28,77.91,7.13,3.38
"2023-12-06 08:00:00",6.26,77.9,8.6,3.93
"2023-12-06 09:00:00",8.23,77.02,9.1,4.26
"2023-12-06 10:00:00",7.97,79.27,8.66,4.45
"2023-12-06 11:00:00",6.85,81.37,9.77,4.77
"2023-12-06 12:00:00",6.65,83.29,9.24,4.97
"2023-12-06 13:00:00",7.6,83.38,13.39,7.25
"2023-12-06 14:00:00",7.08,85.73,13.03,6.86
"2023-12-06 15:00:00",7.35,84.74,13.9,8.02
"2023-12-06 16:00:00",7.14,87.88,14.54,9.03
"2023-12-06 17:00:00",7.31,89.66,12.98,8.08
"2023-12-06 18:00:00",6.7,94.06,14.93,9.68
"2023-12-06 19:00:00",6.13,95.91,14.07,8.31
"2023-12-06 20:00:00",5.19,96.1,11.54,7.82
"2023-12-06 21:00:00",4.66,97.4,9.04,6.2
"2023-12-06 22:00:00",4.29,97.23,8.87,6.17
"2023-12-06 23:00:00",4.4,91.99,7.6,4.91
"2023-12-07 00:00:00",4.35,87.66,5.99,4.04
"2023-12-07 01:00:00",4.93,81.7,11.23,6.86
"2023-12-07 02:00:00",5.22,81.85,15.58,9.21
"2023-12-07 03:00:00",4.99,86.81,15.57,10.62
"2023-12-07 04:00:00",4.69,88.69,27.23,15.32
"2023-12-07 05:00:00",4.77,89.09,22.58,14.59
"2023-12-07 06:00:00",4.93,89.56,13.68,8.81
"2023-12-07 07:00:00",5.72,90.65,16.35,9.63
"2023-12-07 08:00:00",6.71,88.4,13.75,8.81
"2023-12-07 09:00:00",8.47,87.06,4.46,3.17
"2023-12-07 10:00:00",7.92,87.42,3.16,2.08
"2023-12-07 11:00:00",8.3,86.17,6.51,4.03
"2023-12-07 12:00:00",7.48,89.54,6.96,3.65
"2023-12-07 13:00:00",9.8,81.13,20.2,9.99
"2023-12-07 14:00:00",10.6,78.71,31.74,16.2
"2023-12-07 15:00:00",8.22,81.95,37.93,20.9
"2023-12-07 16:00:00",7,85,29.07,16.53
"2023-12-07 17:00:00",11.44,79.44,32.81,15.69
"2023-12-07 18:00:00",12.09,82.2,32.4,17.3
"2023-12-07 19:00:00",7.46,83.21,25.11,13.64
"2023-12-07 20:00:00",8.06,81.59,30.19,15.94
"2023-12-07 21:00:00",7.33,77.89,13.98,7.76
"2023-12-07 22:00:00",5.26,83.24,25.28,13.55
"2023-12-07 23:00:00",4.64,84.21,21.95,10.83
"2023-12-08 00:00:00",4.22,86.12,24.63,11.8
"2023-12-08 01:00:00",3.26,86.5,21.88,11.5
"2023-12-08 02:00:00",2.92,86.14,25.99,12.41
"2023-12-08 03:00:00",3.03,86.57,25.55,11.71
"2023-12-08 04:00:00",2.41,88.01,24.23,12.3
"2023-12-08 05:00:00",2.23,86.81,26.35,13.31
"2023-12-08 06:00:00",2.83,83.95,25.23,13.35
"2023-12-08 07:00:00",3.78,81.26,21.34,11.23
"2023-12-08 08:00:00",5.39,81.32,19.63,10.33
"2023-12-08 09:00:00",7.74,79.2,20.74,11.47
"2023-12-08 10:00:00",9.49,76.59,15.56,8.69
"2023-12-08 11:00:00",9.57,77.61,14.91,8.18
"2023-12-08 12:00:00",8.42,77.89,15.18,8.72
"2023-12-08 13:00:00",8.75,78.26,13.93,7.49
"2023-12-08 14:00:00",8.33,79.28,18.63,10.19
"2023-12-08 15:00:00",9.29,78.08,22.01,11.53
"2023-12-08 16:00:00",10.51,79.03,17.38,9.31
"2023-12-08 17:00:00",9.9,80.84,18.51,10.05
"2023-12-08 18:00:00",9.56,78,22.12,11.86
"2023-12-08 19:00:00",7.17,81.84,19.63,10.42
"2023-12-08 20:00:00",10.05,72.49,23.34,12.62
"2023-12-08 21:00:00",23.01,57.27,44.08,32.07
"2023-12-08 22:00:00",7.03,82.21,34.73,17.85
"2023-12-08 23:00:00",3.9,92.52,18.78,10.34
"2023-12-09 00:00:00",4.9,90.36,2.73,2.12
"2023-12-09 01:00:00",5.28,93.79,3.63,2.47
"2023-12-09 02:00:00",4.8,95.42,5.13,3.06
"2023-12-09 03:00:00",4.38,96.86,4.48,2.68
"2023-12-09 04:00:00",3.93,95.84,2.32,1.47
"2023-12-09 05:00:00",3.09,93.23,4.61,2.85
"2023-12-09 06:00:00",2.51,86.83,5.25,3.34
"2023-12-09 07:00:00",4.19,76.39,5.01,2.95
"2023-12-09 08:00:00",5.94,81.57,3.31,1.42
"2023-12-09 09:00:00",12,84.63,18.21,9.69
"2023-12-09 10:00:00",7.96,85.97,18.23,10.4
"2023-12-09 11:00:00",3.91,89.48,18.28,10.64
"2023-12-09 12:00:00",5.62,91.53,18.84,10.41
"2023-12-09 13:00:00",9.68,91.92,19.2,10.88
"2023-12-09 14:00:00",8.07,92.38,18.41,10.22
"2023-12-09 15:00:00",8.74,92.16,12.47,7.66
"2023-12-09 16:00:00",10.71,91.86,11.68,7.17
"2023-12-09 17:00:00",10.17,93.41,16.22,8.67
"2023-12-09 18:00:00",9.4,90.14,18.14,9.86
"2023-12-09 19:00:00",10.93,89,17.66,9.49
"2023-12-09 20:00:00",7.69,91.3,11.59,6.53
"2023-12-09 21:00:00",10.25,89.36,7.21,4.16
"2023-12-09 22:00:00",4.93,85.5,6.77,4.14
"2023-12-09 23:00:00",4.21,87.72,8.18,4.44
"2023-12-10 00:00:00",5.63,77.67,11.82,6.63
"2023-12-10 01:00:00",3.87,80.32,11.43,5.66
"2023-12-10 02:00:00",4.5,76.75,10.34,5.64
"2023-12-10 03:00:00",8.56,65.76,14.36,7.86
"2023-12-10 04:00:00",8.03,72.04,25.39,12.57
"2023-12-10 05:00:00",4,89.29,37.81,19.74
"2023-12-10 06:00:00",3.79,92.08,32.53,18.44
"2023-12-10 07:00:00",3.8,94.12,22.64,14.87
"2023-12-10 08:00:00",3.56,96.07,12.55,9.02
"2023-12-10 09:00:00",2.67,91.75,25.16,14.83
"2023-12-10 10:00:00",3.75,81.81,24.5,14.22
"2023-12-10 11:00:00",5.24,76.03,23.19,12.81
"2023-12-10 12:00:00",4.13,81.2,25.08,14.09
"2023-12-10 13:00:00",4.77,84.32,27.72,15.65
"2023-12-10 14:00:00",5.23,86.77,21.63,11.88
"2023-12-10 15:00:00",3.98,88.37,25.9,14.45
"2023-12-10 16:00:00",3.57,86.81,24.51,15.16
"2023-12-10 17:00:00",3.58,88.32,17.03,10.66
"2023-12-10 18:00:00",3.3,90.53,14.06,8.97
"2023-12-10 19:00:00",2.9,91.43,10.72,6.32
"2023-12-10 20:00:00",3.45,95.72,6.67,4.03
"2023-12-10 21:00:00",8.51,90.98,5.29,3.32
"2023-12-10 22:00:00",3.14,93.43,7.37,4.45
"2023-12-10 23:00:00",3.06,93.38,8.46,4.76
"2023-12-11 00:00:00",11.44,89.68,5,2.97
"2023-12-11 01:00:00",5.17,91.29,4.67,2.5
"2023-12-11 02:00:00",6.17,88.34,4.74,2.3
"2023-12-11 03:00:00",9.83,86.92,4.63,2.34
"2023-12-11 04:00:00",9.98,89.85,5.71,2.9
"2023-12-11 05:00:00",9,86.77,8.17,3.8
"2023-12-11 06:00:00",8.01,81.36,8.58,3.93
"2023-12-11 07:00:00",11.6,70.93,10.17,4.24
"2023-12-11 08:00:00",25.31,41.4,11.11,4.97
"2023-12-11 09:00:00",44.02,17.35,9.03,4.73
"2023-12-11 10:00:00",49.95,19.03,15.92,10.17
"2023-12-11 11:00:00",27.7,43.99,16.63,9.11
"2023-12-11 12:00:00",20.07,53.52,19.06,8.38
"2023-12-11 13:00:00",11.72,75.18,21.14,9.76
"2023-12-11 14:00:00",11.91,74.17,22.32,11.96
"2023-12-11 15:00:00",9.79,79.46,17.16,11.35
"2023-12-11 16:00:00",9.21,80.32,21.37,13.97
"2023-12-11 17:00:00",9.07,81.18,22.91,15.85
"2023-12-11 18:00:00",8.52,83.84,23.02,16.58
"2023-12-11 19:00:00",7.59,84.64,23.14,17.37
"2023-12-11 20:00:00",5.93,86.54,12.03,9.57
"2023-12-11 21:00:00",5.47,85.16,14.18,9.48
"2023-12-11 22:00:00",4.8,85.2,26.83,16.17
"2023-12-11 23:00:00",4.75,84.35,22.59,13.11
"2023-12-12 00:00:00",4.84,84.51,21.69,12.46
"2023-12-12 01:00:00",3.95,82.59,21.26,12.1
"2023-12-12 02:00:00",6.57,75.16,21.27,12.58
"2023-12-12 03:00:00",5.81,74.76,12.52,6.5
"2023-12-12 04:00:00",5.6,72,15.62,8.47
"2023-12-12 05:00:00",4.86,76.41,16.99,10.27
"2023-12-12 06:00:00",8.43,61.86,10.49,6.08
"2023-12-12 07:00:00",19.22,38.95,5.62,3.71
"2023-12-12 08:00:00",40.27,13.37,5.93,4.39
"2023-12-12 09:00:00",49.08,7.24,7.04,4.44
"2023-12-12 10:00:00",38.01,18.79,6.63,4.4
"2023-12-12 11:00:00",17.47,40.71,6.96,4.98
"2023-12-12 12:00:00",16.77,40.79,8.59,6.16
"2023-12-12 13:00:00",20.9,41.22,7.29,5.28
"2023-12-12 14:00:00",16,58.56,6.44,4.41
"2023-12-12 15:00:00",15.96,53.45,3.19,2.28
"2023-12-12 16:00:00",19.33,42.75,3.4,2.37
"2023-12-12 17:00:00",37.79,19.07,8.82,7.25
"2023-12-12 18:00:00",30.4,27.43,11.19,8.54
"2023-12-12 19:00:00",18.48,36.83,15.2,10.9
"2023-12-12 20:00:00",11.45,45.77,8.91,7.4
"2023-12-12 21:00:00",6.6,54.84,6.97,5.65
"2023-12-12 22:00:00",4.67,54.48,5.91,5.13
"2023-12-12 23:00:00",6.32,50.98,6.44,6.03
"2023-12-13 00:00:00",8.93,49.63,6.9,6.11
"2023-12-13 01:00:00",6.62,48.05,5.28,4.57
"2023-12-13 02:00:00",4.91,52.09,4.37,3.66
"2023-12-13 03:00:00",4.82,51.43,3.22,2.38
"2023-12-13 04:00:00",4.07,53.13,2.54,1.59
"2023-12-13 05:00:00",4.03,54.3,2.19,1.51
"2023-12-13 06:00:00",4.2,54.11,1.64,1.15
"2023-12-13 07:00:00",5.03,50.22,2.76,1.47
"2023-12-13 08:00:00",7.1,43.61,2.77,1.55
"2023-12-13 09:00:00",13.88,35.86,6.29,2.24
"2023-12-13 10:00:00",11.21,34.77,6.31,2.42
"2023-12-13 11:00:00",9.05,35.38,6.45,2.61
"2023-12-13 12:00:00",9.8,36.22,7.02,3.26
"2023-12-13 13:00:00",8.19,37.12,7.24,3.06
"2023-12-13 14:00:00",8.33,38.26,7.22,3.39
"2023-12-13 15:00:00",10.69,38.04,9.02,4.01
"2023-12-13 16:00:00",13.91,35.7,10.56,5.25
"2023-12-13 17:00:00",29.85,12.9,16.92,6.7
"2023-12-13 18:00:00",30.72,12.87,13.8,6.54
"2023-12-13 19:00:00",27.4,16.68,12.04,6.36
"2023-12-13 20:00:00",31.39,12.96,13.21,7.53
"2023-12-13 21:00:00",26.13,21.51,13.15,9.07
"2023-12-13 22:00:00",16.89,34.54,10.07,5.51
"2023-12-13 23:00:00",9.31,54.47,8.39,4.8
"2023-12-14 00:00:00",7.28,60.5,9.3,5.5
"2023-12-14 01:00:00",5.89,64.67,6.44,4.01
"2023-12-14 02:00:00",4.3,72.71,6.78,3.71
"2023-12-14 03:00:00",3.8,69.25,5.14,3.47
"2023-12-14 04:00:00",4.85,58.99,2.42,1.79
"2023-12-14 05:00:00",7.84,52.82,4.15,2.51
"2023-12-14 06:00:00",9.51,58.42,4.28,2.65
"2023-12-14 07:00:00",16.94,47.08,5.78,3.3
"2023-12-14 08:00:00",20.71,43.87,4.52,2.89
"2023-12-14 09:00:00",26.96,39.18,8.13,4.61
"2023-12-14 10:00:00",30.5,36.7,23.26,11.87
"2023-12-14 11:00:00",24.95,40.96,25.08,13.56
"2023-12-14 12:00:00",21.35,43.43,26.52,14.11
"2023-12-14 13:00:00",18.41,42.59,22.56,12.75
"2023-12-14 14:00:00",21.94,37.03,23.22,12.33
"2023-12-14 15:00:00",24.27,37.57,23.58,12.44
"2023-12-14 16:00:00",26.94,35.34,22.81,10.75
"2023-12-14 17:00:00",33.1,23.56,23.91,12.02
"2023-12-14 18:00:00",38.5,18.26,23.07,13.02
"2023-12-14 19:00:00",29.07,27.68,22.41,11.91
"2023-12-14 20:00:00",28.97,24.55,24.75,15.61
"2023-12-14 21:00:00",22.3,35.07,20.01,11.41
"2023-12-14 22:00:00",17.18,44.43,18.85,11.27
"2023-12-14 23:00:00",11.79,55.22,18.28,10.34
"2023-12-15 00:00:00",8.98,53.17,15.8,8.69
"2023-12-15 01:00:00",7.09,57.61,14.56,8.19
"2023-12-15 02:00:00",6.07,60.91,13.5,7.58
"2023-12-15 03:00:00",5,63.52,13.84,7.6
"2023-12-15 04:00:00",5.55,63.63,13.52,7.48
"2023-12-15 05:00:00",8.15,62.82,14.73,7.4
"2023-12-15 06:00:00",8.71,59.92,14.1,7.19
"2023-12-15 07:00:00",31.4,26.97,14.93,8.02
"2023-12-15 08:00:00",23.4,41.44,16.99,8.63
"2023-12-15 09:00:00",36.24,25.87,19.46,9.7
"2023-12-15 10:00:00",49.92,13.05,24.95,11.74
"2023-12-15 11:00:00",12.93,56.52,13.76,7.37
"2023-12-15 12:00:00",8.4,60.15,9.53,6.21
"2023-12-15 13:00:00",9.29,65.26,3.75,2.81
"2023-12-15 14:00:00",7.94,70.74,3.06,2.29
"2023-12-15 15:00:00",8.88,69.08,2.32,1.99
"2023-12-15 16:00:00",11.02,66.93,4.36,3.95
"2023-12-15 17:00:00",10.12,68.01,8.91,8.38
"2023-12-15 18:00:00",11.43,64.09,9.42,8.48
"2023-12-15 19:00:00",13.24,63.36,7.49,6.91
"2023-12-15 20:00:00",9,69.34,6.28,5.31
"2023-12-15 21:00:00",7.56,66.59,7.43,6.63
"2023-12-15 22:00:00",6.37,67.7,3.54,3.1
"2023-12-15 23:00:00",6.25,70.61,4.98,4.6
"2023-12-16 00:00:00",4.19,70.59,4.72,4.19
"2023-12-16 01:00:00",4.99,72.19,3.21,2.59
"2023-12-16 02:00:00",4.33,74.39,1.68,1.15
"2023-12-16 03:00:00",3.9,77.13,1.22,0.73
"2023-12-16 04:00:00",4.49,76.87,0.95,0.57
"2023-12-16 05:00:00",3.64,77.47,0.79,0.33
"2023-12-16 06:00:00",3.21,79.29,0.82,0.48
"2023-12-16 07:00:00",3.66,78,1.45,0.8
"2023-12-16 08:00:00",5,76.26,2.29,1.11
"2023-12-16 09:00:00",5.21,77.81,2.85,1.62
"2023-12-16 10:00:00",5.13,81.25,3.48,2.03
"2023-12-16 11:00:00",5.36,80.35,3.54,2.05
"2023-12-16 12:00:00",7.28,76.42,3.65,2.08
"2023-12-16 13:00:00",5.88,78.28,3.18,1.91
"2023-12-16 14:00:00",5.42,80.05,3.98,2.37
"2023-12-16 15:00:00",5.63,80.58,5.02,3.66
"2023-12-16 16:00:00",5.63,79.43,4.57,3.42
"2023-12-16 17:00:00",7.89,73.59,4.84,3.09
"2023-12-16 18:00:00",5.6,75.79,3.97,3.15
"2023-12-16 19:00:00",5.32,79.25,4.52,3.11
"2023-12-16 20:00:00",5.65,80.1,5.81,4.12
"2023-12-16 21:00:00",4.8,81.66,6.58,4.12
"2023-12-16 22:00:00",4.9,83.04,7.53,4.78
"2023-12-16 23:00:00",4.77,84.51,9.85,6.13
"2023-12-17 00:00:00",4.75,84.45,6.46,3.69
"2023-12-17 01:00:00",4.1,86.35,7.77,4.5
"2023-12-17 02:00:00",3.91,86.87,6.5,3.74
"2023-12-17 03:00:00",4.07,88.38,10.4,5.51
"2023-12-17 04:00:00",3.64,89.08,15.39,7.47
"2023-12-17 05:00:00",3.03,90.79,16.94,8.59
"2023-12-17 06:00:00",2.48,91.05,15.03,7.84
"2023-12-17 07:00:00",2.84,91.36,14.73,7.74
"2023-12-17 08:00:00",3.34,90.57,15.63,8.15
"2023-12-17 09:00:00",3.49,87.52,14.77,8.78
"2023-12-17 10:00:00",3.32,82.78,15.39,9.33
"2023-12-17 11:00:00",4.25,81.62,17.61,9.57
"2023-12-17 12:00:00",3.42,83.45,15.74,9.7
"2023-12-17 13:00:00",4.39,81.19,17.73,10.28
"2023-12-17 14:00:00",5.21,80.13,18.34,10.56
"2023-12-17 15:00:00",5.03,81.56,17.63,10.79
"2023-12-17 16:00:00",5.09,81.18,21.09,12.4
"2023-12-17 17:00:00",4.43,83.74,20.91,13.46
"2023-12-17 18:00:00",5.07,82.69,21.21,13.84
"2023-12-17 19:00:00",5.27,82.86,23.05,13.78
"2023-12-17 20:00:00",4.5,83.09,24.47,14.71
"2023-12-17 21:00:00",4,82.76,18.65,12.38
"2023-12-17 22:00:00",3.49,83.98,12.2,8.52
"2023-12-17 23:00:00",3.58,84.07,12.2,9.2
"2023-12-18 00:00:00",3.35,83.28,7.77,6.06
"2023-12-18 01:00:00",3.06,82.37,5.86,4.64
"2023-12-18 02:00:00",3.21,80.11,4.24,3.19
"2023-12-18 03:00:00",2.7,81.25,3.06,2.27
"2023-12-18 04:00:00",3.03,80.53,2.52,1.74
"2023-12-18 05:00:00",2.83,79.65,2.6,1.67
"2023-12-18 06:00:00",3.04,78.09,2.41,1.75
"2023-12-18 07:00:00",3.88,77.78,2.36,1.65
"2023-12-18 08:00:00",5.02,77.6,2.84,2.04
"2023-12-18 09:00:00",9,70.52,3.02,2.13
"2023-12-18 10:00:00",9.73,70.32,4.08,2.33
"2023-12-18 11:00:00",6,73.96,4.73,3.68
"2023-12-18 12:00:00",7.66,71.35,5.29,3.82
"2023-12-18 13:00:00",8.6,69.08,5.37,4.1
"2023-12-18 14:00:00",8.51,67.6,8.13,5.85
"2023-12-18 15:00:00",9.17,61.29,7.54,5.08
"2023-12-18 16:00:00",11.1,56.96,9.7,6.62
"2023-12-18 17:00:00",10.61,61.09,8.79,7.46
"2023-12-18 18:00:00",10.17,58.84,7.62,6.8
"2023-12-18 19:00:00",15.46,49.45,7.26,6.21
"2023-12-18 20:00:00",14.66,44.29,8.93,7.1
"2023-12-18 21:00:00",11.99,48.55,5.27,3.18
"2023-12-18 22:00:00",9.91,52.34,7.75,3.9
"2023-12-18 23:00:00",9.29,50.33,7.68,4.22
"2023-12-19 00:00:00",8.22,51.59,6.3,4.22
"2023-12-19 01:00:00",6.12,53.74,7.52,5.03
"2023-12-19 02:00:00",4.15,62.08,4.59,3.01
"2023-12-19 03:00:00",4.03,63.07,3.35,2.06
"2023-12-19 04:00:00",3.41,61.64,3.43,1.89
"2023-12-19 05:00:00",4.34,58.24,3.74,2.33
"2023-12-19 06:00:00",4.36,61.19,4.01,2.47
"2023-12-19 07:00:00",4.66,66.57,2.43,1.37
"2023-12-19 08:00:00",8.87,65.63,4.88,1.71
"2023-12-19 09:00:00",14.79,54.47,6.61,2.88
"2023-12-19 10:00:00",15.03,49.72,6.41,2.83
"2023-12-19 11:00:00",16,50.22,9.2,3.8
"2023-12-19 12:00:00",18.28,50.08,9.48,4.33
"2023-12-19 13:00:00",8.51,66.2,8.9,3.91
"2023-12-19 14:00:00",10.37,67.43,10.11,4.36
"2023-12-19 15:00:00",16.82,66.42,11.71,4.47
"2023-12-19 16:00:00",11.23,71.35,7.49,3.45
"2023-12-19 17:00:00",14.59,63.95,10.72,4.65
"2023-12-19 18:00:00",19.46,56.35,13.73,6.28
"2023-12-19 19:00:00",24.8,60.69,16.55,8.07
"2023-12-19 20:00:00",15.05,64.45,13.35,6.77
"2023-12-19 21:00:00",12.94,67.26,13.48,6.6
"2023-12-19 22:00:00",9.79,68.27,12.68,6.27
"2023-12-19 23:00:00",11.14,70.72,12.96,6.56
"2023-12-20 00:00:00",6.56,73.95,13.46,6.99
"2023-12-20 01:00:00",11.03,74.27,7.94,4.61
"2023-12-20 02:00:00",5.95,77.54,9.55,5.06
"2023-12-20 03:00:00",9.77,77.07,6.24,3.76
"2023-12-20 04:00:00",13.43,76.06,7.62,3.89
"2023-12-20 05:00:00",8.55,75.93,6.23,3.59
"2023-12-20 06:00:00",13.25,73.04,6.1,3.46
"2023-12-20 07:00:00",7.64,75.77,6.21,3.33
"2023-12-20 08:00:00",10.99,78.34,5.58,3.11
"2023-12-20 09:00:00",12.94,76.14,6.13,3.62
"2023-12-20 10:00:00",13.39,76.74,7.89,4.78
"2023-12-20 11:00:00",9.68,80.74,8.87,5.55
"2023-12-20 12:00:00",14.16,78.27,14.16,8.45
"2023-12-20 13:00:00",10.38,80.93,21.8,13.1
"2023-12-20 14:00:00",11.24,80.01,14.1,8.45
"2023-12-20 15:00:00",15.06,77.18,9.49,6.15
"2023-12-20 16:00:00",14.14,77.16,4.19,2.88
"2023-12-20 17:00:00",10.36,77.72,3.42,2.39
"2023-12-20 18:00:00",5.97,81.77,2.89,1.98
"2023-12-20 19:00:00",5.37,81.48,2.77,1.97
"2023-12-20 20:00:00",5.49,80.59,1.72,1.29
"2023-12-20 21:00:00",4.5,80.88,2.3,1.66
"2023-12-20 22:00:00",3.47,82.57,2.66,2
"2023-12-20 23:00:00",3.6,82.99,2.23,1.33
"2023-12-21 00:00:00",11.58,80.8,1.34,0.93
"2023-12-21 01:00:00",7.64,83.74,1.73,1.17
"2023-12-21 02:00:00",7.79,85.11,2.36,1.56
"2023-12-21 03:00:00",9.44,83.53,2.57,1.81
"2023-12-21 04:00:00",7.86,85.15,5.29,3.53
"2023-12-21 05:00:00",7.68,85.62,10.87,7.05
"2023-12-21 06:00:00",6.73,87.13,8.51,5.69
"2023-12-21 07:00:00",4,88.27,9.98,6.11
"2023-12-21 08:00:00",3.65,87.53,7.93,5.15
"2023-12-21 09:00:00",4.04,85.97,7.22,4.51
"2023-12-21 10:00:00",3.94,85.26,5.97,3.84
"2023-12-21 11:00:00",4.54,82.49,5.57,3.09
"2023-12-21 12:00:00",4.06,82.09,5.1,2.89
"2023-12-21 13:00:00",4.42,82.03,7.01,3.92
"2023-12-21 14:00:00",5.01,82.12,8.94,5.02
"2023-12-21 15:00:00",5.79,81.8,9.37,5.12
"2023-12-21 16:00:00",8.4,79.84,7.72,4.57
"2023-12-21 17:00:00",7.82,79.44,9.92,5.33
"2023-12-21 18:00:00",11.58,75.25,4.09,2.57
"2023-12-21 19:00:00",13.14,77.44,4.43,2.88
"2023-12-21 20:00:00",13.46,77.5,5.48,3.53
"2023-12-21 21:00:00",11.48,80.24,6.6,3.87
"2023-12-21 22:00:00",11.73,81.54,6.5,3.85
"2023-12-21 23:00:00",8.34,82.81,3.38,2.18
"2023-12-22 00:00:00",13.09,79.45,0.83,0.59
"2023-12-22 01:00:00",6.32,83.18,2.28,1.47
"2023-12-22 02:00:00",4.16,86.86,4.43,3.14
"2023-12-22 03:00:00",2.21,88.83,12.19,7.87
"2023-12-22 04:00:00",2.2,90.61,14.97,9.09
"2023-12-22 05:00:00",2.62,90.15,14.41,8.92
"2023-12-22 06:00:00",3.12,89.4,16.59,10.42
"2023-12-22 07:00:00",3.4,88.75,15.37,9.08
"2023-12-22 08:00:00",5.33,89.24,13.73,7.75
"2023-12-22 09:00:00",13.69,83.13,12.48,6.61
"2023-12-22 10:00:00",13.52,81.43,9.08,4.54
"2023-12-22 11:00:00",8.81,80.9,8.12,4.4
"2023-12-22 12:00:00",7.47,81.17,10.03,5.08
"2023-12-22 13:00:00",9.22,81.44,6.87,3.68
"2023-12-22 14:00:00",8.07,80.33,8.88,4.11
"2023-12-22 15:00:00",7.88,81.34,7.99,4.02
"2023-12-22 16:00:00",9.1,80.13,9.61,4.94
"2023-12-22 17:00:00",11,81.41,7.67,4.09
"2023-12-22 18:00:00",9.75,79.49,5.17,3.11
"2023-12-22 19:00:00",10.51,83.02,4.37,2.65
"2023-12-22 20:00:00",8.95,84.03,9.15,5.01
"2023-12-22 21:00:00",11.41,81.63,9.05,4.95
"2023-12-22 22:00:00",10.69,80.46,3.04,1.82
"2023-12-22 23:00:00",10.54,77.74,2.36,1.5
"2023-12-23 00:00:00",3.6,79.71,1.88,1.08
"2023-12-23 01:00:00",4.12,79.68,1.88,0.93
"2023-12-23 02:00:00",2.58,84.78,2.45,1.24
"2023-12-23 03:00:00",3.47,84.93,1.79,0.88
"2023-12-23 04:00:00",6.15,84.2,0.93,0.6
"2023-12-23 05:00:00",5.33,88.39,1.45,0.67
"2023-12-23 06:00:00",8.01,86.79,1.08,0.5
"2023-12-23 07:00:00",4.37,86.33,1.49,0.64
"2023-12-23 08:00:00",8.46,82,1.03,0.48
"2023-12-23 09:00:00",10.22,78.02,1.13,0.64
"2023-12-23 10:00:00",13.22,76.53,1.24,0.61
"2023-12-23 11:00:00",5.95,76.42,2.18,1.26
"2023-12-23 12:00:00",5.53,79.49,2.37,1.07
"2023-12-23 13:00:00",8.53,73.2,3.41,1.41
"2023-12-23 14:00:00",8.97,71.57,2.35,1.16
"2023-12-23 15:00:00",6.46,75.66,2.71,1.38
"2023-12-23 16:00:00",5.8,76.24,6.31,3.66
"2023-12-23 17:00:00",5.73,77.38,6.55,3.94
"2023-12-23 18:00:00",4.92,79.54,11.45,7.8
"2023-12-23 19:00:00",4.24,81.92,11.95,7.86
"2023-12-23 20:00:00",6.41,78.36,12.75,8.99
"2023-12-23 21:00:00",5.83,72.55,5.51,4.76
"2023-12-23 22:00:00",7.05,67.64,10.99,8.83
"2023-12-23 23:00:00",6.85,68.1,7.91,6.39
"2023-12-24 00:00:00",6.32,72.17,11.43,8.33
"2023-12-24 01:00:00",5.73,71.48,6.99,4.75
"2023-12-24 02:00:00",6.53,68.09,5.79,3.6
"2023-12-24 03:00:00",5.39,68.06,2.7,1.48
"2023-12-24 04:00:00",2.81,74.31,1.8,1.02
"2023-12-24 05:00:00",1.61,75.54,1.57,0.89
"2023-12-24 06:00:00",2.4,74.73,1.78,0.85
"2023-12-24 07:00:00",2.78,74.71,1.23,0.69
"2023-12-24 08:00:00",2.15,77.53,0.67,0.34
"2023-12-24 09:00:00",2.1,74.84,0.64,0.28
"2023-12-24 10:00:00",2.39,73.82,0.76,0.35
"2023-12-24 11:00:00",3.61,71.05,1.82,0.92
"2023-12-24 12:00:00",3.84,68.69,1.23,0.7
"2023-12-24 13:00:00",4.05,71.18,0.72,0.4
"2023-12-24 14:00:00",5.46,68.81,0.73,0.37
"2023-12-24 15:00:00",10.68,65.57,1.24,0.48
"2023-12-24 16:00:00",9.27,62.25,1.25,0.77
"2023-12-24 17:00:00",12.24,66.89,1.5,0.88
"2023-12-24 18:00:00",16.52,61.73,7.81,6.45
"2023-12-24 19:00:00",16.59,51.07,16.19,14.41
"2023-12-24 20:00:00",11.61,61.05,9.44,6.65
"2023-12-24 21:00:00",9.58,62.76,15.39,12.88
"2023-12-24 22:00:00",11.22,54.55,10.48,8.12
"2023-12-24 23:00:00",10.84,52.1,10.67,7.53
"2023-12-25 00:00:00",7.94,58.82,11.5,7.4
"2023-12-25 01:00:00",6.18,60,8.24,5.38
"2023-12-25 02:00:00",7.11,55.86,7.88,5.14
"2023-12-25 03:00:00",5.7,58.25,8.01,4.28
"2023-12-25 04:00:00",6.2,61.7,6.37,3.61
"2023-12-25 05:00:00",5.6,66.04,5.79,3.21
"2023-12-25 06:00:00",2.47,69.89,5.14,2.91
"2023-12-25 07:00:00",2.45,66.38,7.07,3.72
"2023-12-25 08:00:00",3.85,65.37,7.19,3.51
"2023-12-25 09:00:00",7.29,63.24,9.52,4.93
"2023-12-25 10:00:00",6.23,66.61,14.79,8.07
"2023-12-25 11:00:00",3.84,74.97,15.63,9.97
"2023-12-25 12:00:00",3.76,75.34,14.67,9.09
"2023-12-25 13:00:00",3.74,73.32,8.89,5.96
"2023-12-25 14:00:00",4.36,72.39,7.18,4.79
"2023-12-25 15:00:00",6.01,68.25,8,5.27
"2023-12-25 16:00:00",7.4,69.32,5.75,3.53
"2023-12-25 17:00:00",7.25,75.49,4.51,2.52
"2023-12-25 18:00:00",4.63,71.59,7.33,4.6
"2023-12-25 19:00:00",7.69,77.11,8.17,4.4
"2023-12-25 20:00:00",7.52,82.79,8.61,4.56
"2023-12-25 21:00:00",12.26,84.77,11.15,5.4
"2023-12-25 22:00:00",5.14,88.34,12.24,6.41
"2023-12-25 23:00:00",5.42,85.86,12.44,6.22
"2023-12-26 00:00:00",3.04,85.13,11.34,5.66
"2023-12-26 01:00:00",4.32,76.71,11.88,6.38
"2023-12-26 02:00:00",3.51,77.67,11.8,5.8
"2023-12-26 03:00:00",3.83,79.14,13.72,5.99
"2023-12-26 04:00:00",3.81,81.79,14.18,5.99
"2023-12-26 05:00:00",7.54,80.08,12.05,5.69
"2023-12-26 06:00:00",7.03,74.83,9.77,4.38
"2023-12-26 07:00:00",6.86,70.63,8.92,4.02
"2023-12-26 08:00:00",7.54,58.45,6.89,3.45
"2023-12-26 09:00:00",9.19,51.69,6.2,3.13
"2023-12-26 10:00:00",15.21,30.83,9.45,6.01
"2023-12-26 11:00:00",24.13,20.62,19.19,15.19
"2023-12-26 12:00:00",28.52,16.38,27.61,23.1
"2023-12-26 13:00:00",28.82,18.23,24.92,20.48
"2023-12-26 14:00:00",30.73,21.39,43.29,37.35
"2023-12-26 15:00:00",21.2,38.41,20.17,16.31
"2023-12-26 16:00:00",18.66,42.22,20.75,15.96
"2023-12-26 17:00:00",16.72,46.45,18.58,13.83
"2023-12-26 18:00:00",18.15,50.12,20.28,15.53
"2023-12-26 19:00:00",8.09,76.8,12.29,8.04
"2023-12-26 20:00:00",6.92,84.37,10.42,7.53
"2023-12-26 21:00:00",5.83,89.64,8.25,5.85
"2023-12-26 22:00:00",5.32,89.53,6.23,4.4
"2023-12-26 23:00:00",5.12,85.66,4.97,3.68
"2023-12-27 00:00:00",4.18,89.19,5.13,3.5
"2023-12-27 01:00:00",3.83,91.52,10.44,7.44
"2023-12-27 02:00:00",3.64,91.5,15.43,10.34
"2023-12-27 03:00:00",3.16,91.51,13.63,9.54
"2023-12-27 04:00:00",3.18,91.49,11.34,7.46
"2023-12-27 05:00:00",3.1,90.51,10.05,6.62
"2023-12-27 06:00:00",3.1,90.21,12.43,7.85
"2023-12-27 07:00:00",3.3,90.41,19.2,12.43
"2023-12-27 08:00:00",3.47,89.75,16.49,11.83
"2023-12-27 09:00:00",2.96,90.45,10.43,6.8
"2023-12-27 10:00:00",2.51,91.32,10.4,5.63
"2023-12-27 11:00:00",3.15,92.64,8.98,5.13
"2023-12-27 12:00:00",3.49,95.93,8.82,4.89
"2023-12-27 13:00:00",3.72,88.22,2.19,1.33
"2023-12-27 14:00:00",3.4,85.52,6.03,2.84
"2023-12-27 15:00:00",4.74,78.91,11.75,5.29
"2023-12-27 16:00:00",4.85,81.9,20.83,10.85
"2023-12-27 17:00:00",4.27,88.24,15.67,8.13
"2023-12-27 18:00:00",3.21,86.26,11.87,6.58
"2023-12-27 19:00:00",4.09,82.69,30.06,15.77
"2023-12-27 20:00:00",3.17,84.19,18.94,11.31
"2023-12-27 21:00:00",2.68,86.83,10.73,6.27
"2023-12-27 22:00:00",2.42,87.6,16.92,8.24
"2023-12-27 23:00:00",1.81,86.62,29.67,15.6
"2023-12-28 00:00:00",1,85.43,22.81,12.79
"2023-12-28 01:00:00",1.41,84.33,12.08,7.94
"2023-12-28 02:00:00",2.17,83.36,9.15,5.61
"2023-12-28 03:00:00",2.64,78.47,18.75,9.49
"2023-12-28 04:00:00",2.34,78.13,22.29,11.59
"2023-12-28 05:00:00",1.37,82.26,18.58,9.39
"2023-12-28 06:00:00",1.6,84.72,9.07,4.48
"2023-12-28 07:00:00",1.93,85.78,10.93,5.94
"2023-12-28 08:00:00",2.59,87.59,13.62,8.38
"2023-12-28 09:00:00",2.64,93.56,18.9,10.74
"2023-12-28 10:00:00",2.67,90.41,18.58,10.11
"2023-12-28 11:00:00",3.5,84.62,13.77,8.14
"2023-12-28 12:00:00",4.19,76.8,7.33,4.29
"2023-12-28 13:00:00",3.66,75.53,8.34,4.95
"2023-12-28 14:00:00",4.62,75.1,11.18,6.55
"2023-12-28 15:00:00",6.11,71.34,13.42,7.6
"2023-12-28 16:00:00",4.55,74.43,12.44,6.84
"2023-12-28 17:00:00",5.5,70.41,12.13,6.82
"2023-12-28 18:00:00",4.54,72.18,12.36,7.31
"2023-12-28 19:00:00",4.45,77.75,19.28,10.41
"2023-12-28 20:00:00",4.34,78.11,18.32,10.27
"2023-12-28 21:00:00",3.72,76.52,16.86,9.09
"2023-12-28 22:00:00",3.62,74.32,17.11,9.6
"2023-12-28 23:00:00",2.39,78.49,14.85,8.39
"2023-12-29 00:00:00",2.03,79.08,12.77,6.93
"2023-12-29 01:00:00",2.01,75.89,14.78,7.48
"2023-12-29 02:00:00",2.45,68.23,15.47,7.57
"2023-12-29 03:00:00",1.77,69.55,14.7,7.59
"2023-12-29 04:00:00",1.76,70.07,14.77,7.34
"2023-12-29 05:00:00",1.93,67.86,13.87,7.07
"2023-12-29 06:00:00",2.97,65.64,14.31,6.83
"2023-12-29 07:00:00",3.53,67.19,14.21,6.6
"2023-12-29 08:00:00",10.19,53.53,13.74,6.26
"2023-12-29 09:00:00",13.01,48.55,14.42,6.45
"2023-12-29 10:00:00",5.08,64.98,10.38,5.24
"2023-12-29 11:00:00",5.85,63.27,5.82,3.26
"2023-12-29 12:00:00",7.23,60.12,3.65,2.22
"2023-12-29 13:00:00",11.98,54.16,3.83,2.04
"2023-12-29 14:00:00",8.62,64.28,4.01,1.58
"2023-12-29 15:00:00",10.44,63.9,7.22,2.5
"2023-12-29 16:00:00",9.37,64.11,5.84,2.53
"2023-12-29 17:00:00",7.82,69.09,5.02,2.06
"2023-12-29 18:00:00",9.36,69.53,3.99,2.01
"2023-12-29 19:00:00",22.59,43.69,30.76,27.98
"2023-12-29 20:00:00",20.87,41.1,13.93,11.63
"2023-12-29 21:00:00",14.97,48.74,19.46,15.96
"2023-12-29 22:00:00",9.11,56.6,8.22,4.13
"2023-12-29 23:00:00",10.89,49.63,9.35,5.67
"2023-12-30 00:00:00",13.07,43.16,15.71,11.72
"2023-12-30 01:00:00",16.71,32.45,22.8,16.63
"2023-12-30 02:00:00",17.3,44.88,18.9,13.59
"2023-12-30 03:00:00",6.91,72.04,5.77,3.72
"2023-12-30 04:00:00",4.27,87.18,5.7,3.5
"2023-12-30 05:00:00",3.74,93.08,13.45,7.15
"2023-12-30 06:00:00",3.27,96.84,17.73,9.67
"2023-12-30 07:00:00",3.09,99.28,19.54,11.88
"2023-12-30 08:00:00",2.79,100.07,20.38,12.99
"2023-12-30 09:00:00",2.92,99.44,19.11,12.57
"2023-12-30 10:00:00",2.41,100.87,14.12,8.75
"2023-12-30 11:00:00",3.5,96.67,15.9,8.66
"2023-12-30 12:00:00",4.24,93.14,21.76,12.44
"2023-12-30 13:00:00",4.91,92.71,25.75,14.76
"2023-12-30 14:00:00",4.9,90.26,30.86,17.44
"2023-12-30 15:00:00",4.83,89.38,35.55,20.06
"2023-12-30 16:00:00",4.77,88.82,28.89,16.36
"2023-12-30 17:00:00",4.78,90.06,29.66,17.41
"2023-12-30 18:00:00",4.7,88.15,25.31,15.29
"2023-12-30 19:00:00",4.77,87.43,24,14.85
"2023-12-30 20:00:00",4.49,87.29,25.34,14.4
"2023-12-30 21:00:00",4.11,87.67,21.7,12.75
"2023-12-30 22:00:00",3.35,87.85,21.73,11.65
"2023-12-30 23:00:00",2.79,86.5,14.89,7.91
"2023-12-31 00:00:00",3.6,84.31,16.45,8.78
"2023-12-31 01:00:00",2.59,84.87,17.1,9.16
"2023-12-31 02:00:00",2.38,88.89,11.89,5.97
"2023-12-31 03:00:00",1.8,89.61,12.79,6.3
"2023-12-31 04:00:00",2.24,89.11,15.26,7.11
"2023-12-31 05:00:00",2.12,82.58,18.43,8.91
"2023-12-31 06:00:00",2.05,79.61,13.69,7.05
"2023-12-31 07:00:00",1.94,81.63,3.89,2.53
"2023-12-31 08:00:00",1.98,81.68,1.63,1
"2023-12-31 09:00:00",1.97,84.38,2.83,1.73
"2023-12-31 10:00:00",2.33,83.3,5.18,2.92
"2023-12-31 11:00:00",2.66,82.15,6.88,3.88
"2023-12-31 12:00:00",4.28,80.26,5.26,2.73
"2023-12-31 13:00:00",3.59,79.1,3.13,1.63
"2023-12-31 14:00:00",3.73,79.36,3.07,1.95
"2023-12-31 15:00:00",7.77,82.82,4.92,2.81
"2023-12-31 16:00:00",7.37,82.17,5.25,3.06
"2023-12-31 17:00:00",9.71,81.92,6.02,3.31
"2023-12-31 18:00:00",10.71,83.76,4.62,2.77
"2023-12-31 19:00:00",9.75,84.33,2.93,1.91
"2023-12-31 20:00:00",8.46,82.53,3.84,2.42
"2023-12-31 21:00:00",8.78,83.43,2.68,1.79
"2023-12-31 22:00:00",7.97,80.81,4.34,2.76
"2023-12-31 23:00:00",12.64,79.33,10.39,5.53
"2024-01-01 00:00:00",4.92,81,11.11,5.97
"2024-01-01 01:00:00",2.32,86.25,13.99,7.23
"2024-01-01 02:00:00",2.2,88.02,14.48,7.56
"2024-01-01 03:00:00",2.38,86.75,11.02,5.54
"2024-01-01 04:00:00",3.43,77.06,8.39,4.58
"2024-01-01 05:00:00",3.7,74.63,11.66,5.67
"2024-01-01 06:00:00",2.46,80.63,10.84,5.17
"2024-01-01 07:00:00",2.25,82.93,11.48,5.13
"2024-01-01 08:00:00",3.92,77.07,11.07,5.07
"2024-01-01 09:00:00",10.94,58.35,12.58,5.16
"2024-01-01 10:00:00",14.69,44.11,14.3,7.03
"2024-01-01 11:00:00",12.97,59.11,16.74,10.41
"2024-01-01 12:00:00",5.02,83.03,11.76,6.24
"2024-01-01 13:00:00",4.59,89.12,6.51,4.67
"2024-01-01 14:00:00",4.41,89.67,6.94,5.58
"2024-01-01 15:00:00",4.85,89.61,9.05,6.69
"2024-01-01 16:00:00",5.4,90.57,14.17,11.37
"2024-01-01 17:00:00",5.61,93.2,10.23,8.01
"2024-01-01 18:00:00",4.48,97.13,7.05,5.17
"2024-01-01 19:00:00",3.46,98.28,7.22,4.97
"2024-01-01 20:00:00",4.26,90.35,5.79,3.4
"2024-01-01 21:00:00",3.22,90.61,2.78,1.74
"2024-01-01 22:00:00",3.73,83.58,4.55,3.06
"2024-01-01 23:00:00",4.23,81.82,10.33,6.14
"2024-01-02 00:00:00",4.12,80.3,13.57,8.6
"2024-01-02 01:00:00",3.09,81.39,17.85,10.97
"2024-01-02 02:00:00",3.13,84.72,18.86,11.38
"2024-01-02 03:00:00",2.45,86.49,19.87,11.55
"2024-01-02 04:00:00",3.27,85.93,25.94,14.68
"2024-01-02 05:00:00",3.42,90.59,29.83,16.33
"2024-01-02 06:00:00",3.71,92.59,29.21,16.56
"2024-01-02 07:00:00",5.33,88.88,19.45,12.17
"2024-01-02 08:00:00",6.8,89.25,5.94,4.42
"2024-01-02 09:00:00",7.17,88.68,6.69,4.89
"2024-01-02 10:00:00",10.89,81.2,6.32,3.91
"2024-01-02 11:00:00",14,73.46,5.64,3.72
"2024-01-02 12:00:00",17.97,65.39,4.37,2.88
"2024-01-02 13:00:00",14.8,67.16,3.6,2.38
"2024-01-02 14:00:00",14.61,69.13,3.3,2.25
"2024-01-02 15:00:00",12.5,70.9,2.62,1.59
"2024-01-02 16:00:00",10.03,79.01,3.31,1.91
"2024-01-02 17:00:00",9,77.21,4.48,2.49
"2024-01-02 18:00:00",15.61,62.39,13.2,10.6
"2024-01-02 19:00:00",14.68,57.8,13.76,10.04
"2024-01-02 20:00:00",16.53,52.01,17.93,12.93
"2024-01-02 21:00:00",19.12,47.35,30.57,21.76
"2024-01-02 22:00:00",13.31,51.01,16.57,9.04
"2024-01-02 23:00:00",19.03,38.94,22.93,14.87